time_s,s1_flow_ml_min,s1_temp_c,s2_flow_ml_min,s2_temp_c,s3_flow_ml_min,s3_temp_c,s4_flow_ml_min,s4_temp_c
0.0,0.029,31.7,0.029,31.7,0.032,31.7,0.027,31.7
0.5,0.026,31.7,0.026,31.7,0.024,31.7,0.026,31.6
1.0,0.028,31.7,0.025,31.7,0.032,31.7,0.026,31.7
1.5,0.025,31.7,0.025,31.7,0.032,31.7,0.028,31.7
2.0,0.025,31.7,0.025,31.7,0.029,31.7,0.028,31.7
2.5,0.023,31.7,0.024,31.7,0.027,31.8,0.024,31.8
3.0,0.020,31.8,0.019,31.8,0.019,31.8,0.020,31.8
3.5,0.020,31.8,0.019,31.8,0.025,31.8,0.019,31.8
4.0,0.022,31.8,0.022,31.8,0.021,31.8,0.025,31.8
4.5,0.031,31.8,0.031,31.8,0.027,31.8,0.036,31.8
5.0,0.030,31.8,0.030,31.8,0.025,31.8,0.030,31.9
5.5,0.031,31.8,0.032,31.8,0.031,31.8,0.028,31.8
6.0,0.032,31.8,0.036,31.8,0.030,31.8,0.031,31.9
6.5,0.032,31.8,0.031,31.8,0.030,31.8,0.032,31.8
7.0,0.034,31.8,0.034,31.8,0.030,31.8,0.038,31.8
7.5,0.032,31.8,0.032,31.9,0.030,31.8,0.034,31.8
8.0,0.034,31.8,0.035,31.8,0.032,31.8,0.033,31.8
8.5,0.031,31.8,0.032,31.8,0.032,31.8,0.033,31.8
9.0,0.030,31.8,0.031,31.8,0.031,31.8,0.028,31.8
9.5,0.030,31.8,0.030,31.8,0.029,31.8,0.030,31.9
10.0,0.026,31.8,0.028,31.8,0.026,31.9,0.025,31.9
10.5,0.029,31.9,0.029,31.9,0.024,31.8,0.033,31.9
11.0,0.027,31.9,0.028,31.8,0.026,31.8,0.033,31.9
11.5,0.026,31.9,0.028,31.9,0.029,31.9,0.024,31.9
12.0,0.025,31.9,0.029,31.9,0.026,31.9,0.025,31.9
12.5,0.021,31.9,0.021,31.9,0.023,31.9,0.024,31.9
13.0,0.024,31.9,0.022,31.9,0.026,31.9,0.028,31.9
13.5,0.027,31.9,0.026,31.9,0.035,31.9,0.027,31.9
14.0,0.034,31.9,0.035,31.9,0.032,31.9,0.032,32.0
14.5,0.034,31.9,0.035,31.9,0.052,31.9,0.034,31.9
15.0,0.032,31.9,0.032,31.9,0.039,31.9,0.031,31.9
15.5,0.036,31.9,0.036,31.9,0.036,31.9,0.040,31.9
16.0,0.034,31.9,0.031,31.9,0.044,31.9,0.035,31.9
16.5,0.038,31.9,0.035,31.9,0.038,31.9,0.030,31.9
17.0,0.036,31.9,0.031,31.9,0.035,31.9,0.034,31.9
17.5,0.034,31.9,0.030,31.9,0.032,31.9,0.037,31.9
18.0,0.030,31.9,0.029,31.9,0.034,31.9,0.034,31.9
18.5,0.026,31.9,0.025,31.9,0.031,31.9,0.028,31.9
19.0,0.025,31.9,0.023,31.9,0.022,31.9,0.024,31.9
19.5,0.024,31.9,0.023,31.9,0.024,31.9,0.026,31.9
20.0,0.026,32.0,0.025,32.0,0.023,31.9,0.025,32.0
20.5,0.024,32.0,0.023,31.9,0.023,31.9,0.023,31.9
21.0,0.023,32.0,0.023,32.0,0.023,32.0,0.022,32.0
21.5,0.026,32.0,0.024,32.0,0.027,32.0,0.022,32.0
22.0,0.021,32.0,0.018,32.0,0.023,32.0,0.020,32.0
22.5,0.023,32.0,0.022,32.0,0.027,32.0,0.018,32.0
23.0,0.020,32.0,0.021,32.0,0.022,32.0,0.017,32.1
23.5,0.024,32.1,0.023,32.1,0.025,32.1,0.023,32.0
24.0,0.026,32.0,0.026,32.0,0.027,32.1,0.031,32.0
24.5,0.027,32.1,0.023,32.1,0.025,32.0,0.026,32.1
25.0,0.030,32.0,0.031,32.1,0.027,32.0,0.030,32.1
25.5,0.029,32.0,0.027,32.0,0.027,32.0,0.028,32.0
26.0,0.029,32.0,0.028,32.0,0.028,32.0,0.031,32.0
26.5,0.030,32.0,0.029,32.0,0.028,32.1,0.029,32.1
27.0,0.029,32.0,0.027,32.0,0.027,32.0,0.027,32.0
27.5,0.030,32.1,0.028,32.1,0.023,32.0,0.035,32.0
28.0,0.022,32.0,0.022,32.0,0.023,32.0,0.022,32.1
28.5,0.022,32.1,0.018,32.0,0.019,32.0,0.025,32.1
29.0,0.021,32.1,0.018,32.1,0.021,32.0,0.022,32.1
29.5,0.019,32.1,0.019,32.1,0.024,32.1,0.019,32.1
30.0,0.019,32.1,0.018,32.1,0.018,32.1,0.021,32.1
30.5,0.019,32.1,0.018,32.1,0.028,32.1,0.019,32.1
31.0,0.021,32.1,0.024,32.2,0.023,32.1,0.018,32.1
31.5,0.018,32.1,0.022,32.1,0.020,32.1,0.018,32.1
32.0,0.016,32.2,0.018,32.2,0.020,32.1,0.012,32.2
32.5,0.013,32.2,0.013,32.2,0.011,32.2,0.011,32.2
33.0,0.015,32.2,0.014,32.2,0.011,32.2,0.015,32.2
33.5,0.019,32.2,0.022,32.2,0.010,32.2,0.016,32.2
34.0,0.016,32.2,0.019,32.2,0.016,32.2,0.015,32.2
34.5,0.018,32.2,0.018,32.2,0.017,32.3,0.017,32.2
35.0,0.015,32.3,0.019,32.2,0.014,32.3,0.016,32.2
35.5,0.014,32.3,0.014,32.3,0.014,32.3,0.014,32.2
36.0,0.019,32.3,0.017,32.3,0.021,32.3,0.019,32.2
36.5,0.018,32.3,0.017,32.3,0.017,32.3,0.024,32.2
37.0,0.018,32.3,0.018,32.2,0.017,32.3,0.023,32.2
37.5,0.015,32.3,0.016,32.3,0.016,32.3,0.018,32.3
38.0,0.011,32.3,0.012,32.3,0.013,32.3,0.018,32.3
38.5,0.009,32.3,0.008,32.3,0.010,32.3,0.009,32.3
39.0,0.008,32.3,0.008,32.3,0.012,32.3,0.007,32.3
39.5,0.012,32.3,0.011,32.3,0.009,32.3,0.012,32.3
40.0,0.011,32.3,0.010,32.3,0.014,32.4,0.012,32.3
40.5,0.013,32.4,0.011,32.4,0.014,32.4,0.016,32.3
41.0,0.013,32.4,0.010,32.4,0.011,32.4,0.014,32.4
41.5,0.007,32.4,0.007,32.4,0.008,32.4,0.013,32.4
42.0,0.006,32.4,0.006,32.4,0.007,32.4,0.006,32.4
42.5,0.008,32.4,0.005,32.4,0.014,32.4,0.002,32.4
43.0,0.013,32.4,0.011,32.4,0.021,32.4,0.006,32.4
43.5,0.015,32.4,0.017,32.4,0.019,32.5,0.012,32.4
44.0,0.014,32.4,0.014,32.4,0.011,32.5,0.013,32.4
44.5,0.013,32.4,0.014,32.4,0.011,32.5,0.014,32.4
45.0,0.012,32.5,0.014,32.4,0.012,32.4,0.019,32.5
45.5,0.014,32.4,0.014,32.4,0.010,32.4,0.012,32.5
46.0,0.012,32.4,0.012,32.4,0.010,32.4,0.015,32.4
46.5,0.011,32.4,0.011,32.4,0.010,32.4,0.021,32.4
47.0,0.012,32.5,0.011,32.5,0.011,32.5,0.014,32.4
47.5,0.003,32.5,0.003,32.5,0.003,32.4,0.005,32.4
48.0,-0.001,32.5,-0.001,32.5,-0.001,32.5,0.000,32.5
48.5,0.001,32.5,0.002,32.5,0.003,32.5,0.002,32.5
49.0,0.005,32.5,0.004,32.5,0.003,32.5,0.007,32.5
49.5,0.005,32.5,0.004,32.5,0.004,32.5,0.007,32.5
50.0,0.004,32.5,0.005,32.6,0.003,32.5,0.005,32.5
50.5,0.002,32.6,0.003,32.6,-0.000,32.6,0.002,32.6
51.0,0.000,32.6,0.002,32.6,0.003,32.6,0.000,32.6
51.5,-0.000,32.6,0.001,32.6,0.000,32.6,0.001,32.6
52.0,0.002,32.6,0.003,32.6,0.002,32.6,0.002,32.6
52.5,0.005,32.6,0.007,32.6,0.005,32.6,0.005,32.6
53.0,0.003,32.6,0.003,32.6,0.002,32.6,0.004,32.6
53.5,-0.001,32.7,0.000,32.6,0.004,32.6,0.000,32.6
54.0,-0.004,32.7,-0.003,32.7,-0.000,32.6,-0.003,32.6
54.5,-0.015,32.7,-0.016,32.7,-0.009,32.7,-0.014,32.7
55.0,-0.033,32.7,-0.033,32.7,-0.026,32.7,-0.026,32.7
55.5,-0.052,32.7,-0.050,32.7,-0.050,32.7,-0.032,32.7
56.0,-0.053,32.8,-0.052,32.7,-0.056,32.7,-0.050,32.7
56.5,-0.041,32.8,-0.041,32.8,-0.046,32.7,-0.043,32.7
57.0,-0.021,32.8,-0.024,32.8,-0.026,32.8,-0.021,32.8
57.5,-0.013,32.8,-0.012,32.8,-0.016,32.8,-0.015,32.8
58.0,-0.014,32.8,-0.013,32.9,-0.014,32.8,-0.012,32.8
58.5,-0.012,32.9,-0.013,32.9,-0.013,32.8,-0.014,32.9
59.0,-0.010,32.9,-0.009,32.9,-0.009,32.9,-0.014,32.9
59.5,-0.012,32.9,-0.011,32.9,-0.010,32.9,-0.011,32.8
60.0,-0.012,32.9,-0.010,32.9,-0.012,32.9,-0.011,32.9
60.5,-0.017,32.9,-0.015,32.9,-0.014,32.9,-0.016,32.9
61.0,-0.027,32.9,-0.026,32.9,-0.023,32.9,-0.026,33.0
61.5,-0.021,32.9,-0.021,32.9,-0.022,32.9,-0.023,32.9
62.0,-0.016,33.0,-0.016,33.0,-0.016,32.9,-0.019,32.9
62.5,-0.021,33.0,-0.019,33.0,-0.019,33.0,-0.019,33.0
63.0,-0.027,33.0,-0.024,33.0,-0.027,33.0,-0.028,33.0
63.5,-0.027,33.0,-0.026,33.0,-0.026,33.0,-0.028,33.0
64.0,-0.033,33.0,-0.034,33.0,-0.032,33.0,-0.026,33.0
64.5,-0.041,33.0,-0.040,33.0,-0.039,33.0,-0.032,33.0
65.0,-0.042,33.0,-0.045,33.0,-0.042,33.0,-0.040,33.0
65.5,-0.042,33.0,-0.042,33.0,-0.041,33.0,-0.041,33.0
66.0,-0.036,33.0,-0.035,33.0,-0.039,33.0,-0.036,33.0
66.5,-0.024,33.0,-0.025,33.0,-0.024,33.0,-0.028,33.0
67.0,-0.017,33.0,-0.017,33.0,-0.016,33.0,-0.017,33.0
67.5,-0.017,33.0,-0.017,33.0,-0.018,33.0,-0.018,33.0
68.0,-0.021,33.1,-0.020,33.1,-0.022,33.1,-0.020,33.0
68.5,-0.025,33.1,-0.025,33.1,-0.025,33.1,-0.024,33.1
69.0,-0.028,33.1,-0.027,33.1,-0.028,33.1,-0.024,33.1
69.5,-0.020,33.1,-0.020,33.1,-0.030,33.1,-0.020,33.1
70.0,-0.022,33.1,-0.022,33.1,-0.030,33.1,-0.023,33.1
70.5,-0.022,33.1,-0.021,33.1,-0.030,33.1,-0.021,33.1
71.0,-0.020,33.1,-0.019,33.1,-0.027,33.1,-0.020,33.1
71.5,-0.015,33.1,-0.016,33.1,-0.015,33.1,-0.018,33.1
72.0,-0.007,33.1,-0.009,33.1,-0.008,33.1,-0.007,33.2
72.5,0.000,33.1,-0.001,33.1,0.001,33.1,0.000,33.1
73.0,0.008,33.1,0.006,33.1,0.009,33.1,0.005,33.1
73.5,0.008,33.1,0.007,33.1,0.008,33.1,0.011,33.1
74.0,0.003,33.1,0.001,33.1,0.003,33.1,0.008,33.1
74.5,0.002,33.1,0.002,33.1,0.001,33.1,0.004,33.1
75.0,0.006,33.1,0.005,33.1,0.007,33.1,0.006,33.1
75.5,0.009,33.1,0.008,33.1,0.011,33.1,0.011,33.1
76.0,0.009,33.1,0.009,33.1,0.008,33.2,0.011,33.1
76.5,0.008,33.1,0.008,33.1,0.014,33.1,0.008,33.0
77.0,0.006,33.0,0.006,33.0,0.005,33.0,0.007,33.0
77.5,0.000,33.0,0.002,33.0,0.001,33.0,0.002,33.0
78.0,-0.000,33.0,0.003,33.0,-0.001,33.1,-0.002,33.0
78.5,0.001,33.0,0.002,33.0,0.001,33.1,-0.002,33.0
79.0,0.005,33.0,0.006,33.1,0.000,33.1,0.003,33.0
79.5,0.011,33.0,0.012,33.0,0.007,33.0,0.013,33.0
80.0,0.010,33.0,0.010,33.0,0.014,33.0,0.010,33.0
80.5,0.016,33.0,0.016,33.0,0.018,33.0,0.018,33.0
81.0,0.022,33.0,0.021,33.0,0.022,33.0,0.021,33.0
81.5,0.027,33.0,0.024,33.0,0.022,33.0,0.029,33.0
82.0,0.026,32.9,0.027,32.9,0.027,32.9,0.032,33.0
82.5,0.025,32.9,0.024,32.9,0.025,32.9,0.027,32.9
83.0,0.024,32.8,0.024,32.8,0.029,32.9,0.023,32.9
83.5,0.016,32.8,0.017,32.8,0.022,32.8,0.018,32.8
84.0,0.017,32.8,0.017,32.8,0.021,32.8,0.019,32.8
84.5,0.023,32.8,0.023,32.8,0.022,32.8,0.024,32.8
85.0,0.021,32.8,0.021,32.8,0.022,32.8,0.020,32.8
85.5,0.022,32.8,0.020,32.8,0.019,32.8,0.029,32.8
86.0,0.021,32.8,0.021,32.8,0.024,32.8,0.022,32.8
86.5,0.022,32.7,0.022,32.7,0.020,32.8,0.021,32.8
87.0,0.020,32.7,0.022,32.7,0.020,32.7,0.018,32.7
87.5,0.019,32.8,0.020,32.8,0.016,32.8,0.018,32.7
88.0,0.014,32.7,0.015,32.7,0.014,32.7,0.016,32.7
88.5,0.011,32.7,0.012,32.7,0.012,32.8,0.012,32.7
89.0,0.018,32.7,0.017,32.7,0.020,32.7,0.020,32.8
89.5,0.024,32.7,0.022,32.7,0.021,32.7,0.022,32.7
90.0,0.028,32.7,0.026,32.7,0.026,32.7,0.029,32.7
90.5,0.030,32.7,0.029,32.7,0.033,32.7,0.028,32.7
91.0,0.029,32.7,0.028,32.7,0.030,32.7,0.027,32.7
91.5,0.029,32.6,0.031,32.7,0.031,32.6,0.028,32.7
92.0,0.027,32.6,0.027,32.6,0.026,32.6,0.025,32.6
92.5,0.028,32.6,0.029,32.6,0.027,32.6,0.025,32.6
93.0,0.021,32.6,0.020,32.6,0.021,32.6,0.024,32.6
93.5,0.016,32.6,0.016,32.6,0.017,32.6,0.014,32.6
94.0,0.018,32.6,0.019,32.6,0.019,32.6,0.018,32.6
94.5,0.020,32.6,0.019,32.6,0.023,32.6,0.019,32.6
95.0,0.022,32.6,0.021,32.6,0.020,32.6,0.023,32.6
95.5,0.020,32.6,0.019,32.6,0.018,32.6,0.021,32.6
96.0,0.020,32.6,0.018,32.6,0.024,32.6,0.020,32.6
96.5,0.019,32.6,0.020,32.6,0.024,32.6,0.019,32.6
97.0,0.017,32.6,0.019,32.6,0.017,32.6,0.018,32.6
97.5,0.016,32.6,0.017,32.6,0.016,32.6,0.016,32.6
98.0,0.012,32.6,0.012,32.6,0.009,32.6,0.011,32.5
98.5,0.022,32.6,0.022,32.7,0.011,32.6,0.026,32.6
99.0,0.024,32.6,0.024,32.6,0.027,32.6,0.022,32.6
99.5,0.027,32.6,0.026,32.6,0.032,32.6,0.027,32.6
100.0,0.032,32.6,0.032,32.6,0.026,32.6,0.038,32.6
100.5,0.029,32.6,0.028,32.6,0.035,32.6,0.028,32.6
101.0,0.031,32.5,0.030,32.5,0.033,32.5,0.033,32.5
101.5,0.026,32.5,0.026,32.5,0.027,32.5,0.026,32.5
102.0,0.028,32.5,0.032,32.5,0.024,32.5,0.026,32.5
102.5,0.023,32.5,0.027,32.5,0.027,32.5,0.022,32.5
103.0,0.014,32.5,0.014,32.5,0.016,32.5,0.015,32.5
103.5,0.017,32.5,0.017,32.5,0.016,32.5,0.017,32.5
104.0,0.019,32.5,0.019,32.5,0.017,32.5,0.022,32.5
104.5,0.022,32.5,0.021,32.5,0.021,32.5,0.025,32.5
105.0,0.022,32.5,0.021,32.5,0.023,32.5,0.025,32.5
105.5,0.021,32.5,0.021,32.5,0.022,32.5,0.019,32.5
106.0,0.020,32.5,0.021,32.5,0.020,32.5,0.018,32.5
106.5,0.017,32.5,0.016,32.5,0.020,32.5,0.017,32.5
107.0,0.017,32.5,0.016,32.5,0.018,32.5,0.017,32.5
107.5,0.013,32.5,0.013,32.5,0.017,32.5,0.014,32.4
108.0,0.019,32.5,0.017,32.5,0.022,32.5,0.018,32.5
108.5,0.023,32.6,0.023,32.5,0.028,32.5,0.022,32.6
109.0,0.022,32.5,0.024,32.5,0.022,32.6,0.021,32.5
109.5,0.026,32.5,0.032,32.5,0.025,32.5,0.025,32.5
110.0,0.026,32.5,0.028,32.5,0.027,32.5,0.024,32.5
110.5,0.028,32.5,0.028,32.5,0.026,32.5,0.029,32.5
111.0,0.026,32.5,0.026,32.4,0.026,32.5,0.026,32.5
111.5,0.024,32.5,0.025,32.4,0.027,32.5,0.027,32.4
112.0,0.024,32.5,0.025,32.4,0.025,32.4,0.024,32.4
112.5,0.019,32.5,0.017,32.5,0.020,32.4,0.024,32.4
113.0,0.017,32.5,0.015,32.5,0.022,32.5,0.016,32.5
113.5,0.019,32.5,0.017,32.5,0.019,32.5,0.015,32.5
114.0,0.023,32.5,0.019,32.5,0.025,32.5,0.020,32.5
114.5,0.021,32.5,0.023,32.5,0.027,32.5,0.024,32.5
115.0,0.020,32.5,0.023,32.5,0.019,32.5,0.021,32.5
115.5,0.020,32.5,0.022,32.5,0.022,32.5,0.020,32.5
116.0,0.017,32.4,0.018,32.5,0.016,32.5,0.018,32.4
116.5,0.017,32.5,0.017,32.4,0.017,32.5,0.014,32.4
117.0,0.014,32.5,0.015,32.5,0.016,32.5,0.016,32.5
117.5,0.011,32.5,0.012,32.5,0.014,32.5,0.016,32.5
118.0,0.015,32.5,0.015,32.5,0.015,32.5,0.014,32.5
118.5,0.021,32.5,0.021,32.5,0.022,32.5,0.022,32.5
119.0,0.025,32.5,0.023,32.4,0.022,32.5,0.034,32.5
119.5,0.026,32.5,0.024,32.5,0.026,32.5,0.040,32.5
120.0,0.027,32.5,0.024,32.5,0.027,32.5,0.030,32.5
120.5,0.028,32.5,0.027,32.4,0.027,32.4,0.034,32.5
121.0,0.025,32.5,0.025,32.5,0.024,32.5,0.028,32.4
121.5,0.028,32.4,0.032,32.4,0.034,32.4,0.025,32.4
122.0,0.024,32.4,0.025,32.4,0.028,32.4,0.024,32.4
122.5,0.025,32.4,0.029,32.4,0.026,32.4,0.026,32.4
123.0,0.021,32.4,0.024,32.4,0.022,32.4,0.024,32.4
123.5,0.022,32.4,0.024,32.4,0.023,32.4,0.022,32.4
124.0,0.024,32.4,0.024,32.4,0.026,32.4,0.024,32.4
124.5,0.022,32.4,0.024,32.4,0.018,32.4,0.020,32.4
125.0,0.022,32.4,0.023,32.4,0.020,32.4,0.022,32.4
125.5,0.021,32.4,0.021,32.4,0.020,32.4,0.023,32.4
126.0,0.019,32.4,0.018,32.4,0.018,32.4,0.028,32.4
126.5,0.018,32.4,0.017,32.4,0.017,32.4,0.020,32.4
127.0,0.014,32.4,0.013,32.4,0.015,32.4,0.016,32.4
127.5,0.015,32.4,0.015,32.4,0.019,32.4,0.015,32.4
128.0,0.020,32.4,0.019,32.4,0.021,32.4,0.019,32.4
128.5,0.024,32.4,0.025,32.5,0.027,32.5,0.023,32.4
129.0,0.027,32.4,0.025,32.4,0.029,32.4,0.028,32.4
129.5,0.025,32.4,0.025,32.4,0.022,32.4,0.024,32.4
130.0,0.028,32.4,0.028,32.4,0.022,32.4,0.027,32.4
130.5,0.027,32.3,0.026,32.3,0.026,32.3,0.028,32.3
131.0,0.027,32.3,0.024,32.3,0.027,32.4,0.027,32.4
131.5,0.024,32.3,0.024,32.3,0.026,32.3,0.025,32.3
132.0,0.024,32.3,0.023,32.3,0.024,32.4,0.023,32.3
132.5,0.024,32.3,0.023,32.3,0.031,32.3,0.022,32.3
133.0,0.018,32.3,0.017,32.3,0.019,32.3,0.020,32.3
133.5,0.022,32.3,0.019,32.3,0.023,32.3,0.018,32.3
134.0,0.023,32.3,0.025,32.3,0.024,32.3,0.018,32.3
134.5,0.023,32.3,0.026,32.3,0.023,32.3,0.023,32.3
135.0,0.024,32.3,0.027,32.3,0.024,32.3,0.021,32.4
135.5,0.019,32.3,0.018,32.3,0.017,32.3,0.021,32.3
136.0,0.020,32.3,0.020,32.3,0.020,32.3,0.024,32.3
136.5,0.016,32.3,0.019,32.3,0.016,32.3,0.022,32.3
137.0,0.017,32.3,0.019,32.3,0.014,32.3,0.017,32.3
137.5,0.015,32.3,0.017,32.3,0.014,32.3,0.014,32.3
138.0,0.019,32.3,0.020,32.3,0.018,32.3,0.014,32.3
138.5,0.023,32.3,0.022,32.3,0.022,32.3,0.025,32.4
139.0,0.023,32.3,0.022,32.3,0.023,32.3,0.024,32.3
139.5,0.030,32.3,0.028,32.3,0.026,32.3,0.022,32.2
140.0,0.029,32.3,0.030,32.3,0.031,32.2,0.022,32.3
140.5,0.031,32.3,0.029,32.3,0.031,32.3,0.032,32.3
141.0,0.031,32.3,0.030,32.3,0.031,32.3,0.032,32.3
141.5,0.028,32.2,0.027,32.2,0.029,32.2,0.024,32.2
142.0,0.030,32.2,0.027,32.2,0.030,32.2,0.028,32.2
142.5,0.020,32.2,0.020,32.2,0.024,32.2,0.022,32.2
143.0,0.020,32.2,0.019,32.2,0.024,32.2,0.018,32.2
143.5,0.026,32.2,0.026,32.2,0.031,32.2,0.026,32.2
144.0,0.027,32.2,0.026,32.2,0.025,32.1,0.028,32.2
144.5,0.025,32.2,0.024,32.2,0.026,32.2,0.024,32.2
145.0,0.023,32.2,0.024,32.2,0.024,32.2,0.022,32.2
145.5,0.023,32.2,0.021,32.2,0.023,32.2,0.025,32.2
146.0,0.019,32.2,0.019,32.2,0.021,32.2,0.018,32.2
146.5,0.017,32.2,0.016,32.2,0.020,32.2,0.019,32.2
147.0,0.016,32.2,0.016,32.2,0.017,32.2,0.019,32.2
147.5,0.012,32.2,0.011,32.3,0.014,32.2,0.014,32.2
148.0,0.022,32.3,0.022,32.2,0.027,32.3,0.018,32.3
148.5,0.023,32.2,0.021,32.2,0.023,32.3,0.022,32.3
149.0,0.026,32.2,0.024,32.2,0.030,32.2,0.019,32.2
149.5,0.028,32.2,0.026,32.2,0.034,32.2,0.025,32.2
150.0,0.028,32.2,0.027,32.2,0.032,32.2,0.027,32.2
150.5,0.026,32.2,0.027,32.2,0.028,32.2,0.025,32.2
151.0,0.023,32.2,0.025,32.2,0.025,32.2,0.021,32.2
151.5,0.026,32.2,0.027,32.2,0.022,32.1,0.024,32.2
152.0,0.024,32.2,0.021,32.2,0.026,32.2,0.023,32.2
152.5,0.018,32.2,0.018,32.2,0.024,32.2,0.019,32.2
153.0,0.017,32.2,0.017,32.2,0.022,32.2,0.019,32.2
153.5,0.021,32.2,0.021,32.2,0.022,32.2,0.020,32.2
154.0,0.025,32.2,0.027,32.2,0.022,32.2,0.024,32.2
154.5,0.023,32.2,0.028,32.2,0.021,32.2,0.022,32.2
155.0,0.022,32.2,0.026,32.2,0.018,32.2,0.027,32.2
155.5,0.021,32.2,0.024,32.2,0.021,32.2,0.029,32.2
156.0,0.017,32.2,0.018,32.2,0.020,32.2,0.018,32.2
156.5,0.015,32.2,0.014,32.2,0.017,32.2,0.017,32.1
157.0,0.012,32.2,0.012,32.2,0.015,32.2,0.016,32.1
157.5,0.013,32.2,0.014,32.2,0.010,32.2,0.019,32.2
158.0,0.019,32.2,0.021,32.2,0.017,32.2,0.027,32.2
158.5,0.028,32.2,0.029,32.2,0.024,32.2,0.037,32.3
159.0,0.032,32.2,0.036,32.2,0.027,32.3,0.033,32.2
159.5,0.031,32.2,0.030,32.2,0.031,32.2,0.030,32.2
160.0,0.033,32.2,0.030,32.2,0.033,32.2,0.036,32.1
160.5,0.029,32.1,0.028,32.2,0.026,32.1,0.035,32.1
161.0,0.030,32.1,0.031,32.1,0.028,32.2,0.033,32.1
161.5,0.028,32.1,0.027,32.1,0.030,32.1,0.030,32.1
162.0,0.022,32.1,0.022,32.1,0.025,32.1,0.021,32.1
162.5,0.019,32.1,0.018,32.1,0.021,32.1,0.020,32.1
163.0,0.022,32.1,0.020,32.1,0.017,32.1,0.020,32.1
163.5,0.029,32.1,0.029,32.1,0.030,32.2,0.027,32.1
164.0,0.028,32.1,0.028,32.1,0.028,32.1,0.029,32.1
164.5,0.025,32.1,0.024,32.1,0.023,32.1,0.025,32.1
165.0,0.024,32.1,0.023,32.1,0.025,32.1,0.025,32.1
165.5,0.019,32.1,0.020,32.1,0.021,32.1,0.021,32.1
166.0,0.019,32.1,0.019,32.1,0.021,32.1,0.017,32.1
166.5,0.015,32.1,0.015,32.1,0.017,32.2,0.014,32.1
167.0,0.016,32.1,0.016,32.1,0.014,32.1,0.017,32.1
167.5,0.021,32.2,0.021,32.2,0.021,32.1,0.015,32.1
168.0,0.026,32.1,0.027,32.1,0.027,32.1,0.028,32.1
168.5,0.031,32.1,0.030,32.2,0.027,32.1,0.036,32.1
169.0,0.032,32.1,0.030,32.1,0.037,32.1,0.033,32.1
169.5,0.036,32.1,0.035,32.1,0.035,32.1,0.042,32.1
170.0,0.038,32.1,0.036,32.1,0.035,32.1,0.052,32.1
170.5,0.031,32.0,0.028,32.0,0.034,32.1,0.032,32.0
171.0,0.031,32.0,0.029,32.0,0.034,32.0,0.032,32.0
171.5,0.025,32.0,0.024,32.0,0.023,32.0,0.033,32.0
172.0,0.027,32.0,0.029,32.0,0.028,32.0,0.029,32.0
172.5,0.025,32.0,0.026,32.0,0.028,32.0,0.024,32.0
173.0,0.024,32.0,0.025,32.0,0.027,32.0,0.027,32.0
173.5,0.027,32.0,0.028,32.0,0.034,32.0,0.028,32.0
174.0,0.024,32.0,0.022,32.0,0.021,32.0,0.027,32.0
174.5,0.027,32.0,0.027,32.0,0.025,32.0,0.036,32.0
175.0,0.024,32.0,0.023,32.0,0.023,32.0,0.029,32.0
175.5,0.024,32.0,0.024,32.0,0.023,32.0,0.027,32.0
176.0,0.022,32.0,0.021,32.0,0.021,32.0,0.025,32.0
176.5,0.019,32.0,0.023,32.0,0.016,32.0,0.020,32.0
177.0,0.026,32.0,0.025,32.0,0.023,32.0,0.024,32.0
177.5,0.028,32.0,0.026,32.0,0.027,32.0,0.030,32.0
178.0,0.030,32.0,0.030,32.0,0.028,32.0,0.027,32.0
178.5,0.032,32.0,0.030,32.0,0.034,32.0,0.026,32.0
179.0,0.033,32.0,0.031,32.0,0.042,32.0,0.031,32.0
179.5,0.034,32.0,0.034,32.0,0.034,32.0,0.031,32.0
180.0,0.030,31.9,0.028,32.0,0.044,32.0,0.031,31.9
180.5,0.033,31.9,0.033,31.9,0.052,32.0,0.032,31.9
181.0,0.030,31.9,0.030,31.9,0.035,31.9,0.031,32.0
181.5,0.032,31.9,0.032,31.9,0.035,31.9,0.035,31.9
182.0,0.022,31.9,0.022,31.9,0.037,31.9,0.023,31.9
182.5,0.020,31.9,0.018,31.9,0.017,31.9,0.022,31.9
183.0,0.024,31.9,0.022,31.9,0.026,31.9,0.022,31.9
183.5,0.022,31.9,0.021,31.9,0.032,32.0,0.022,31.9
184.0,0.023,31.9,0.025,32.0,0.022,32.0,0.024,31.9
184.5,0.023,31.9,0.024,32.0,0.025,32.0,0.023,32.0
185.0,0.022,31.9,0.023,31.9,0.029,31.9,0.025,32.0
185.5,0.021,32.0,0.021,32.0,0.019,31.9,0.024,32.0
186.0,0.017,32.0,0.017,31.9,0.018,31.9,0.017,32.0
186.5,0.017,32.0,0.017,32.0,0.020,31.9,0.015,32.0
187.0,0.022,32.0,0.019,32.0,0.015,31.9,0.022,32.0
187.5,0.027,32.0,0.027,32.0,0.020,32.0,0.029,32.0
188.0,0.029,32.0,0.028,32.0,0.025,32.0,0.029,32.0
188.5,0.027,32.0,0.023,32.0,0.025,32.0,0.025,32.0
189.0,0.029,32.0,0.029,32.0,0.028,32.0,0.032,32.0
189.5,0.026,31.9,0.025,31.9,0.025,32.0,0.029,31.9
190.0,0.027,31.9,0.028,31.9,0.031,32.0,0.028,31.9
190.5,0.026,31.9,0.026,31.9,0.036,31.9,0.029,32.0
191.0,0.023,31.9,0.022,31.9,0.023,31.9,0.023,31.9
191.5,0.018,31.9,0.017,31.9,0.021,31.9,0.018,31.9
192.0,0.011,31.9,0.009,31.9,0.012,31.9,0.014,31.9
192.5,0.014,31.9,0.012,31.9,0.006,32.0,0.013,31.9
193.0,0.013,32.0,0.013,32.0,0.006,32.0,0.014,31.9
193.5,0.016,32.0,0.016,32.0,0.015,32.0,0.018,32.0
194.0,0.016,32.0,0.015,32.0,0.014,32.0,0.014,32.0
194.5,0.015,32.0,0.014,32.0,0.017,32.0,0.015,32.0
195.0,0.016,32.0,0.015,32.0,0.016,32.0,0.015,32.0
195.5,0.013,32.0,0.012,32.0,0.012,32.0,0.014,32.0
196.0,0.008,32.0,0.008,32.0,0.006,32.0,0.010,32.0
196.5,0.014,32.0,0.014,32.0,0.006,32.0,0.018,32.0
197.0,0.015,32.0,0.015,32.0,0.011,32.1,0.017,32.0
197.5,0.018,32.0,0.017,32.0,0.017,32.1,0.019,32.0
198.0,0.017,32.1,0.017,32.1,0.017,32.0,0.020,32.1
198.5,0.019,32.0,0.017,32.0,0.021,32.0,0.017,32.0
199.0,0.015,32.0,0.015,32.1,0.017,32.1,0.016,32.1
199.5,0.016,32.0,0.016,32.0,0.022,32.1,0.015,32.1
200.0,0.016,32.1,0.017,32.0,0.018,32.1,0.013,32.1
200.5,0.013,32.1,0.012,32.1,0.015,32.1,0.012,32.1
201.0,0.006,32.0,0.006,32.1,0.011,32.1,0.012,32.0
201.5,-0.000,32.1,-0.001,32.1,0.007,32.1,0.006,32.1
202.0,0.004,32.1,0.002,32.1,0.001,32.1,0.004,32.1
202.5,0.007,32.1,0.006,32.1,0.004,32.1,0.008,32.1
203.0,0.007,32.1,0.007,32.1,0.012,32.1,0.008,32.1
203.5,0.008,32.1,0.008,32.1,0.014,32.1,0.008,32.1
204.0,0.007,32.2,0.006,32.2,0.010,32.1,0.009,32.2
204.5,0.008,32.2,0.008,32.2,0.008,32.1,0.007,32.2
205.0,0.005,32.1,0.005,32.1,0.006,32.1,0.005,32.2
205.5,0.002,32.2,0.002,32.1,-0.000,32.2,-0.001,32.1
206.0,0.007,32.2,0.007,32.2,0.005,32.2,0.003,32.2
206.5,0.007,32.2,0.007,32.2,0.010,32.2,0.006,32.2
207.0,0.009,32.2,0.011,32.2,0.006,32.2,0.009,32.2
207.5,0.007,32.2,0.006,32.2,0.006,32.2,0.007,32.2
208.0,0.009,32.2,0.008,32.2,0.006,32.2,0.007,32.2
208.5,0.008,32.2,0.006,32.2,0.007,32.2,0.009,32.2
209.0,0.007,32.2,0.006,32.1,0.005,32.2,0.012,32.2
209.5,0.010,32.2,0.010,32.2,0.008,32.2,0.008,32.2
210.0,0.007,32.2,0.008,32.2,0.005,32.2,0.006,32.2
210.5,0.003,32.2,0.004,32.2,0.006,32.2,0.001,32.2
211.0,0.001,32.2,0.000,32.2,0.001,32.2,-0.002,32.2
211.5,0.003,32.2,0.002,32.3,-0.002,32.2,0.002,32.2
212.0,0.004,32.2,0.004,32.2,0.003,32.1,0.003,32.2
212.5,0.001,32.3,0.000,32.3,0.002,32.2,0.001,32.2
213.0,0.000,32.2,-0.001,32.2,0.000,32.3,0.001,32.2
213.5,-0.002,32.3,-0.002,32.3,0.002,32.3,-0.003,32.3
214.0,-0.002,32.3,-0.003,32.3,-0.001,32.3,-0.001,32.3
214.5,-0.005,32.3,-0.005,32.3,-0.005,32.2,-0.005,32.2
215.0,-0.004,32.3,-0.005,32.3,-0.008,32.3,-0.006,32.3
215.5,-0.007,32.3,-0.008,32.3,-0.009,32.3,-0.007,32.3
216.0,-0.023,32.3,-0.021,32.3,-0.010,32.3,-0.023,32.3
216.5,-0.044,32.4,-0.042,32.4,-0.033,32.3,-0.039,32.4
217.0,-0.057,32.4,-0.057,32.4,-0.056,32.4,-0.048,32.4
217.5,-0.051,32.4,-0.051,32.4,-0.054,32.4,-0.050,32.4
218.0,-0.037,32.4,-0.038,32.4,-0.041,32.4,-0.040,32.4
218.5,-0.028,32.4,-0.027,32.4,-0.031,32.4,-0.031,32.4
219.0,-0.027,32.5,-0.027,32.5,-0.026,32.5,-0.028,32.5
219.5,-0.032,32.5,-0.031,32.5,-0.030,32.4,-0.029,32.5
220.0,-0.035,32.5,-0.036,32.5,-0.033,32.5,-0.034,32.5
220.5,-0.033,32.5,-0.034,32.5,-0.032,32.5,-0.033,32.5
221.0,-0.024,32.5,-0.024,32.5,-0.025,32.5,-0.028,32.6
221.5,-0.020,32.6,-0.020,32.6,-0.020,32.6,-0.021,32.5
222.0,-0.020,32.6,-0.019,32.6,-0.019,32.6,-0.019,32.6
222.5,-0.008,32.6,-0.010,32.6,-0.009,32.5,-0.009,32.6
223.0,-0.001,32.6,-0.001,32.6,0.001,32.5,-0.002,32.6
223.5,-0.012,32.6,-0.012,32.6,-0.011,32.6,-0.004,32.5
224.0,-0.025,32.6,-0.022,32.6,-0.025,32.6,-0.015,32.5
224.5,-0.040,32.6,-0.037,32.6,-0.039,32.6,-0.032,32.5
225.0,-0.033,32.6,-0.032,32.6,-0.035,32.6,-0.042,32.6
225.5,-0.025,32.6,-0.025,32.6,-0.026,32.6,-0.026,32.6
226.0,-0.023,32.6,-0.023,32.6,-0.025,32.6,-0.023,32.6
226.5,-0.017,32.6,-0.019,32.6,-0.021,32.6,-0.018,32.7
227.0,-0.013,32.6,-0.014,32.7,-0.015,32.6,-0.012,32.6
227.5,-0.013,32.7,-0.013,32.7,-0.011,32.7,-0.012,32.7
228.0,-0.021,32.7,-0.018,32.7,-0.019,32.7,-0.020,32.7
228.5,-0.032,32.7,-0.031,32.7,-0.030,32.7,-0.029,32.7
229.0,-0.035,32.7,-0.034,32.7,-0.034,32.7,-0.034,32.7
229.5,-0.034,32.7,-0.034,32.7,-0.034,32.7,-0.033,32.6
230.0,-0.035,32.7,-0.035,32.7,-0.036,32.7,-0.034,32.7
230.5,-0.032,32.7,-0.031,32.7,-0.033,32.7,-0.033,32.7
231.0,-0.025,32.7,-0.025,32.6,-0.026,32.7,-0.026,32.7
231.5,-0.015,32.7,-0.017,32.7,-0.017,32.7,-0.016,32.7
232.0,-0.015,32.7,-0.014,32.7,-0.015,32.7,-0.014,32.7
232.5,-0.015,32.7,-0.015,32.7,-0.014,32.7,-0.016,32.7
233.0,-0.022,32.7,-0.023,32.7,-0.022,32.7,-0.022,32.7
233.5,-0.021,32.7,-0.023,32.7,-0.023,32.7,-0.020,32.8
234.0,-0.020,32.7,-0.020,32.7,-0.018,32.7,-0.019,32.7
234.5,-0.017,32.8,-0.016,32.8,-0.018,32.7,-0.017,32.7
235.0,-0.011,32.7,-0.010,32.7,-0.013,32.7,-0.013,32.8
235.5,-0.003,32.7,-0.003,32.8,-0.005,32.7,-0.005,32.7
236.0,0.002,32.7,0.003,32.7,0.002,32.7,0.002,32.7
236.5,0.005,32.7,0.007,32.7,0.004,32.8,0.004,32.7
237.0,0.010,32.7,0.012,32.7,0.009,32.7,0.008,32.7
237.5,0.001,32.7,0.002,32.7,0.011,32.7,0.002,32.7
238.0,-0.004,32.7,-0.004,32.7,0.001,32.7,-0.002,32.7
238.5,-0.003,32.7,-0.003,32.7,-0.004,32.8,-0.003,32.7
239.0,-0.002,32.7,-0.002,32.7,-0.003,32.7,-0.002,32.7
239.5,0.002,32.7,0.003,32.7,0.002,32.7,0.000,32.7
240.0,0.010,32.7,0.010,32.7,0.009,32.7,0.006,32.7
240.5,0.015,32.7,0.014,32.7,0.015,32.7,0.013,32.7
241.0,0.015,32.6,0.015,32.6,0.016,32.7,0.015,32.7
241.5,0.013,32.6,0.013,32.6,0.011,32.6,0.012,32.7
242.0,0.012,32.6,0.011,32.6,0.011,32.6,0.013,32.6
242.5,0.007,32.6,0.008,32.6,0.008,32.6,0.010,32.6
243.0,0.019,32.6,0.019,32.6,0.004,32.6,0.019,32.6
243.5,0.022,32.6,0.024,32.6,0.008,32.6,0.023,32.6
244.0,0.023,32.5,0.022,32.5,0.019,32.6,0.022,32.5
244.5,0.030,32.5,0.029,32.5,0.022,32.5,0.032,32.5
245.0,0.029,32.4,0.030,32.5,0.028,32.5,0.029,32.5
245.5,0.032,32.4,0.031,32.4,0.030,32.4,0.030,32.4
246.0,0.031,32.4,0.030,32.4,0.032,32.3,0.029,32.4
246.5,0.029,32.3,0.029,32.3,0.032,32.3,0.029,32.3
247.0,0.020,32.3,0.019,32.3,0.019,32.3,0.021,32.3
247.5,0.018,32.3,0.017,32.3,0.019,32.3,0.025,32.3
248.0,0.025,32.3,0.023,32.3,0.028,32.3,0.021,32.3
248.5,0.025,32.2,0.025,32.3,0.026,32.2,0.024,32.2
249.0,0.026,32.2,0.025,32.2,0.026,32.2,0.020,32.2
249.5,0.022,32.2,0.022,32.2,0.024,32.3,0.021,32.2
250.0,0.018,32.2,0.017,32.2,0.021,32.3,0.015,32.2
250.5,0.018,32.2,0.018,32.2,0.027,32.2,0.020,32.2
251.0,0.014,32.2,0.012,32.2,0.019,32.2,0.017,32.2
251.5,0.012,32.2,0.011,32.2,0.010,32.2,0.011,32.2
252.0,0.010,32.2,0.010,32.2,0.009,32.2,0.009,32.2
252.5,0.019,32.2,0.019,32.2,0.014,32.2,0.019,32.2
253.0,0.023,32.2,0.022,32.2,0.022,32.2,0.022,32.2
253.5,0.023,32.2,0.022,32.2,0.026,32.2,0.025,32.2
254.0,0.027,32.2,0.026,32.2,0.025,32.2,0.036,32.2
254.5,0.025,32.2,0.024,32.1,0.025,32.2,0.032,32.2
255.0,0.026,32.1,0.026,32.1,0.029,32.2,0.028,32.2
255.5,0.024,32.1,0.024,32.2,0.035,32.1,0.025,32.2
256.0,0.024,32.1,0.023,32.1,0.022,32.1,0.023,32.1
256.5,0.023,32.1,0.022,32.1,0.023,32.1,0.026,32.1
257.0,0.012,32.1,0.011,32.1,0.016,32.1,0.013,32.1
257.5,0.016,32.1,0.015,32.1,0.018,32.1,0.014,32.1
258.0,0.020,32.1,0.021,32.1,0.023,32.1,0.021,32.1
258.5,0.021,32.1,0.021,32.1,0.022,32.1,0.022,32.1
259.0,0.021,32.1,0.021,32.1,0.024,32.1,0.020,32.1
259.5,0.019,32.1,0.019,32.1,0.018,32.1,0.021,32.1
260.0,0.021,32.1,0.021,32.1,0.019,32.1,0.026,32.1
260.5,0.017,32.1,0.017,32.1,0.020,32.1,0.019,32.1
261.0,0.014,32.1,0.015,32.1,0.014,32.1,0.015,32.1
261.5,0.009,32.1,0.008,32.1,0.012,32.1,0.009,32.1
262.0,0.008,32.1,0.008,32.1,0.006,32.1,0.008,32.1
262.5,0.023,32.1,0.023,32.1,0.020,32.1,0.024,32.1
263.0,0.027,32.1,0.027,32.1,0.027,32.1,0.031,32.1
263.5,0.033,32.1,0.032,32.1,0.026,32.1,0.033,32.1
264.0,0.030,32.0,0.030,32.0,0.030,32.1,0.030,32.1
264.5,0.028,32.0,0.032,32.0,0.030,32.0,0.028,32.0
265.0,0.028,32.0,0.029,32.0,0.029,32.0,0.030,32.0
265.5,0.021,32.0,0.021,32.0,0.024,32.0,0.022,32.0
266.0,0.023,32.0,0.021,32.0,0.018,32.0,0.024,32.0
266.5,0.017,32.0,0.016,32.0,0.019,31.9,0.018,32.0
267.0,0.018,32.0,0.019,32.0,0.020,32.0,0.018,32.0
267.5,0.022,32.0,0.023,32.0,0.022,32.0,0.023,32.0
268.0,0.025,32.0,0.024,32.0,0.023,32.0,0.026,32.0
268.5,0.027,32.0,0.026,32.0,0.031,32.0,0.028,32.0
269.0,0.022,31.9,0.020,31.9,0.023,32.0,0.025,31.9
269.5,0.023,31.9,0.022,31.9,0.020,32.0,0.024,32.0
270.0,0.019,31.9,0.019,31.9,0.020,31.9,0.023,31.9
270.5,0.017,31.9,0.017,31.9,0.022,32.0,0.016,31.9
271.0,0.013,31.9,0.012,31.9,0.020,31.9,0.014,32.0
271.5,0.007,32.0,0.009,32.0,0.012,31.9,0.011,32.0
272.0,0.019,32.0,0.019,32.0,0.017,32.0,0.025,32.0
272.5,0.022,32.0,0.023,32.0,0.022,31.9,0.021,32.0
273.0,0.025,32.0,0.024,32.0,0.027,31.9,0.024,32.0
273.5,0.027,32.0,0.027,32.0,0.024,31.9,0.027,32.0
274.0,0.025,31.9,0.025,32.0,0.023,31.9,0.024,31.9
274.5,0.027,31.9,0.025,31.9,0.022,31.9,0.025,31.9
275.0,0.025,31.9,0.023,31.9,0.022,31.9,0.028,31.9
275.5,0.022,31.9,0.022,31.8,0.020,31.9,0.027,31.8
276.0,0.020,31.9,0.021,31.9,0.021,31.9,0.029,31.9
276.5,0.019,31.9,0.018,31.9,0.020,31.9,0.020,31.9
277.0,0.017,31.9,0.016,31.8,0.018,31.9,0.019,31.9
277.5,0.015,31.9,0.014,31.9,0.014,31.9,0.017,31.9
278.0,0.021,31.9,0.019,31.9,0.020,31.9,0.024,31.9
278.5,0.023,31.9,0.024,31.9,0.022,31.9,0.031,31.9
279.0,0.021,31.9,0.021,31.9,0.022,31.9,0.022,31.8
279.5,0.020,31.9,0.021,31.9,0.021,31.9,0.021,31.8
280.0,0.017,31.9,0.015,31.9,0.023,31.9,0.020,31.9
280.5,0.016,31.9,0.016,31.9,0.021,31.9,0.018,31.9
281.0,0.011,31.9,0.013,31.9,0.015,31.9,0.009,31.9
281.5,0.014,31.9,0.015,31.9,0.018,31.9,0.016,31.9
282.0,0.025,31.9,0.026,31.9,0.024,31.9,0.025,31.9
282.5,0.024,31.9,0.021,31.9,0.026,31.9,0.022,31.9
283.0,0.028,31.9,0.026,31.9,0.027,31.9,0.024,31.9
283.5,0.027,31.9,0.031,31.9,0.025,31.9,0.024,31.9
284.0,0.030,31.9,0.032,31.9,0.025,31.9,0.028,31.9
284.5,0.030,31.8,0.034,31.8,0.030,31.8,0.026,31.8
285.0,0.030,31.8,0.032,31.8,0.030,31.8,0.031,31.8
285.5,0.028,31.8,0.028,31.8,0.027,31.8,0.030,31.8
286.0,0.021,31.8,0.023,31.8,0.020,31.8,0.025,31.8
286.5,0.017,31.8,0.019,31.8,0.015,31.8,0.017,31.7
287.0,0.012,31.8,0.014,31.7,0.010,31.8,0.012,31.7
287.5,0.023,31.8,0.023,31.8,0.023,31.8,0.021,31.8
288.0,0.027,31.8,0.026,31.8,0.028,31.8,0.031,31.8
288.5,0.024,31.8,0.024,31.8,0.028,31.8,0.025,31.8
289.0,0.024,31.8,0.025,31.7,0.028,31.8,0.025,31.8
289.5,0.020,31.8,0.020,31.7,0.023,31.8,0.026,31.8
290.0,0.019,31.7,0.017,31.7,0.022,31.7,0.023,31.8
290.5,0.015,31.8,0.014,31.8,0.018,31.8,0.014,31.8
291.0,0.011,31.8,0.011,31.8,0.015,31.8,0.011,31.8
291.5,0.010,31.8,0.011,31.8,0.010,31.8,0.009,31.9
292.0,0.017,31.8,0.017,31.8,0.021,31.8,0.015,31.8
292.5,0.025,31.8,0.024,31.8,0.027,31.8,0.025,31.8
293.0,0.028,31.8,0.028,31.8,0.029,31.8,0.032,31.8
293.5,0.031,31.8,0.030,31.8,0.029,31.8,0.036,31.8
294.0,0.031,31.7,0.031,31.8,0.030,31.8,0.032,31.7
294.5,0.026,31.7,0.026,31.7,0.024,31.7,0.027,31.7
295.0,0.028,31.7,0.028,31.7,0.030,31.7,0.026,31.7
295.5,0.024,31.7,0.026,31.7,0.025,31.7,0.027,31.7
296.0,0.023,31.7,0.025,31.7,0.023,31.7,0.026,31.7
296.5,0.016,31.7,0.017,31.7,0.017,31.7,0.022,31.7
297.0,0.017,31.7,0.019,31.7,0.016,31.7,0.017,31.7
297.5,0.024,31.7,0.025,31.7,0.020,31.7,0.023,31.7
298.0,0.024,31.7,0.024,31.7,0.027,31.7,0.022,31.7
298.5,0.026,31.7,0.023,31.7,0.026,31.7,0.029,31.7
299.0,0.022,31.7,0.021,31.7,0.021,31.7,0.028,31.7
299.5,0.019,31.7,0.019,31.7,0.018,31.7,0.022,31.7
300.0,0.017,31.7,0.017,31.7,0.019,31.7,0.017,31.7
300.5,0.013,31.7,0.012,31.7,0.015,31.7,0.013,31.7
301.0,0.011,31.7,0.010,31.7,0.013,31.7,0.013,31.7
301.5,0.014,31.7,0.012,31.7,0.016,31.7,0.013,31.7
302.0,0.024,31.8,0.023,31.8,0.025,31.7,0.018,31.8
302.5,0.028,31.8,0.028,31.7,0.027,31.8,0.032,31.8
303.0,0.028,31.7,0.029,31.7,0.028,31.8,0.027,31.7
303.5,0.031,31.7,0.030,31.7,0.029,31.7,0.033,31.7
304.0,0.028,31.7,0.029,31.7,0.027,31.7,0.034,31.6
304.5,0.029,31.7,0.029,31.7,0.028,31.7,0.034,31.6
305.0,0.026,31.7,0.028,31.7,0.026,31.6,0.030,31.7
305.5,0.025,31.7,0.027,31.7,0.026,31.6,0.029,31.7
306.0,0.019,31.6,0.022,31.6,0.026,31.6,0.021,31.6
306.5,0.015,31.6,0.016,31.6,0.025,31.6,0.014,31.6
307.0,0.021,31.7,0.021,31.6,0.024,31.7,0.014,31.6
307.5,0.024,31.7,0.027,31.7,0.025,31.7,0.022,31.6
308.0,0.026,31.7,0.028,31.6,0.028,31.7,0.026,31.7
308.5,0.025,31.7,0.026,31.7,0.029,31.7,0.027,31.6
309.0,0.019,31.6,0.020,31.6,0.023,31.7,0.022,31.6
309.5,0.020,31.7,0.019,31.7,0.019,31.6,0.019,31.7
310.0,0.014,31.7,0.014,31.7,0.017,31.7,0.016,31.7
310.5,0.015,31.7,0.014,31.7,0.016,31.7,0.013,31.7
311.0,0.011,31.7,0.011,31.7,0.012,31.7,0.013,31.6
311.5,0.013,31.7,0.013,31.7,0.010,31.7,0.014,31.7
312.0,0.021,31.7,0.020,31.7,0.018,31.7,0.018,31.7
312.5,0.024,31.7,0.027,31.7,0.023,31.7,0.019,31.7
313.0,0.031,31.7,0.032,31.7,0.026,31.7,0.041,31.7
313.5,0.029,31.6,0.030,31.6,0.028,31.6,0.046,31.7
314.0,0.027,31.6,0.028,31.6,0.029,31.6,0.026,31.6
314.5,0.027,31.6,0.027,31.6,0.031,31.7,0.030,31.6
315.0,0.024,31.6,0.024,31.6,0.026,31.6,0.027,31.6
315.5,0.025,31.6,0.028,31.6,0.025,31.6,0.024,31.6
316.0,0.020,31.6,0.021,31.6,0.019,31.6,0.021,31.6
316.5,0.021,31.6,0.019,31.6,0.016,31.6,0.023,31.6
317.0,0.026,31.6,0.024,31.6,0.026,31.6,0.022,31.6
317.5,0.026,31.6,0.027,31.6,0.025,31.6,0.024,31.6
318.0,0.026,31.6,0.026,31.6,0.024,31.6,0.028,31.6
318.5,0.023,31.6,0.022,31.6,0.022,31.6,0.025,31.6
319.0,0.023,31.6,0.020,31.6,0.025,31.6,0.022,31.6
319.5,0.019,31.6,0.019,31.6,0.022,31.6,0.021,31.6
320.0,0.016,31.6,0.016,31.6,0.013,31.6,0.018,31.6
320.5,0.016,31.6,0.021,31.6,0.016,31.6,0.016,31.6
321.0,0.014,31.6,0.015,31.6,0.014,31.6,0.018,31.5
321.5,0.024,31.6,0.025,31.6,0.018,31.6,0.022,31.6
322.0,0.026,31.6,0.031,31.6,0.027,31.6,0.022,31.6
322.5,0.030,31.6,0.032,31.6,0.031,31.6,0.026,31.6
323.0,0.030,31.6,0.033,31.6,0.029,31.6,0.029,31.6
323.5,0.028,31.6,0.028,31.6,0.025,31.6,0.027,31.6
324.0,0.030,31.6,0.036,31.5,0.035,31.6,0.028,31.5
324.5,0.026,31.5,0.023,31.5,0.027,31.5,0.032,31.6
325.0,0.029,31.5,0.030,31.5,0.025,31.5,0.030,31.5
325.5,0.028,31.5,0.025,31.5,0.024,31.5,0.033,31.5
326.0,0.026,31.5,0.023,31.5,0.022,31.5,0.036,31.5
326.5,0.025,31.5,0.024,31.5,0.022,31.5,0.025,31.5
327.0,0.023,31.5,0.023,31.5,0.018,31.5,0.025,31.5
327.5,0.026,31.5,0.025,31.5,0.024,31.5,0.033,31.5
328.0,0.024,31.5,0.024,31.5,0.027,31.5,0.028,31.5
328.5,0.024,31.5,0.026,31.5,0.025,31.5,0.027,31.5
329.0,0.023,31.5,0.023,31.5,0.024,31.5,0.022,31.5
329.5,0.021,31.5,0.021,31.5,0.022,31.5,0.020,31.5
330.0,0.022,31.5,0.022,31.5,0.023,31.5,0.019,31.5
330.5,0.017,31.5,0.019,31.5,0.020,31.5,0.016,31.5
331.0,0.026,31.5,0.023,31.5,0.028,31.5,0.023,31.5
331.5,0.030,31.5,0.027,31.5,0.026,31.5,0.032,31.5
332.0,0.029,31.5,0.028,31.5,0.028,31.5,0.030,31.5
332.5,0.029,31.5,0.029,31.5,0.024,31.5,0.030,31.5
333.0,0.027,31.5,0.027,31.5,0.032,31.4,0.025,31.5
333.5,0.030,31.5,0.030,31.5,0.029,31.5,0.032,31.5
334.0,0.029,31.4,0.028,31.4,0.035,31.4,0.029,31.5
334.5,0.031,31.4,0.032,31.4,0.036,31.4,0.020,31.4
335.0,0.029,31.4,0.028,31.4,0.031,31.5,0.028,31.4
335.5,0.019,31.4,0.021,31.4,0.022,31.4,0.016,31.4
336.0,0.027,31.4,0.027,31.4,0.028,31.4,0.024,31.4
336.5,0.024,31.4,0.024,31.4,0.032,31.4,0.022,31.4
337.0,0.027,31.4,0.026,31.4,0.026,31.4,0.024,31.4
337.5,0.026,31.4,0.027,31.4,0.025,31.4,0.028,31.4
338.0,0.023,31.4,0.023,31.4,0.022,31.4,0.025,31.4
338.5,0.023,31.4,0.021,31.4,0.023,31.4,0.022,31.4
339.0,0.020,31.4,0.020,31.4,0.019,31.4,0.023,31.4
339.5,0.024,31.4,0.025,31.4,0.016,31.4,0.030,31.4
340.0,0.022,31.4,0.024,31.4,0.020,31.4,0.032,31.4
340.5,0.027,31.4,0.029,31.4,0.021,31.4,0.023,31.4
341.0,0.030,31.4,0.029,31.4,0.038,31.4,0.027,31.4
341.5,0.029,31.4,0.029,31.4,0.028,31.4,0.026,31.4
342.0,0.035,31.4,0.033,31.4,0.038,31.4,0.049,31.4
342.5,0.033,31.3,0.032,31.4,0.030,31.4,0.035,31.3
343.0,0.037,31.3,0.037,31.4,0.041,31.3,0.028,31.4
343.5,0.034,31.3,0.035,31.3,0.028,31.3,0.031,31.3
344.0,0.032,31.3,0.038,31.3,0.030,31.3,0.026,31.3
344.5,0.036,31.3,0.039,31.3,0.034,31.3,0.029,31.3
345.0,0.032,31.3,0.036,31.3,0.033,31.3,0.030,31.3
345.5,0.027,31.3,0.030,31.3,0.026,31.2,0.025,31.3
346.0,0.021,31.3,0.017,31.3,0.027,31.2,0.021,31.3
346.5,0.022,31.3,0.021,31.3,0.022,31.3,0.019,31.3
347.0,0.023,31.3,0.021,31.3,0.022,31.3,0.022,31.3
347.5,0.020,31.3,0.020,31.3,0.021,31.4,0.021,31.3
348.0,0.022,31.3,0.021,31.3,0.020,31.3,0.022,31.3
348.5,0.019,31.3,0.018,31.3,0.022,31.3,0.020,31.3
349.0,0.021,31.3,0.023,31.3,0.025,31.3,0.017,31.4
349.5,0.020,31.4,0.020,31.4,0.020,31.4,0.018,31.3
350.0,0.013,31.4,0.014,31.4,0.013,31.4,0.018,31.3
350.5,0.017,31.4,0.018,31.4,0.015,31.4,0.017,31.4
351.0,0.017,31.4,0.018,31.4,0.016,31.4,0.017,31.4
351.5,0.018,31.4,0.018,31.4,0.015,31.3,0.018,31.4
352.0,0.018,31.4,0.018,31.4,0.018,31.4,0.017,31.4
352.5,0.021,31.4,0.021,31.4,0.021,31.4,0.018,31.4
353.0,0.021,31.4,0.020,31.4,0.019,31.4,0.020,31.4
353.5,0.018,31.4,0.017,31.4,0.024,31.4,0.016,31.4
354.0,0.022,31.4,0.022,31.4,0.022,31.4,0.028,31.4
354.5,0.020,31.4,0.025,31.4,0.022,31.4,0.032,31.4
355.0,0.015,31.4,0.020,31.4,0.020,31.5,0.015,31.4
355.5,0.006,31.4,0.006,31.4,0.006,31.4,0.009,31.4
356.0,0.004,31.4,0.004,31.4,-0.001,31.4,0.005,31.4
356.5,0.010,31.5,0.012,31.4,0.001,31.4,0.008,31.5
357.0,0.010,31.5,0.009,31.5,0.013,31.4,0.006,31.5
357.5,0.011,31.5,0.012,31.5,0.013,31.4,0.012,31.5
358.0,0.012,31.5,0.012,31.5,0.012,31.5,0.012,31.5
358.5,0.013,31.5,0.013,31.5,0.009,31.5,0.009,31.6
359.0,0.011,31.5,0.010,31.5,0.010,31.5,0.010,31.5
359.5,0.006,31.5,0.006,31.5,0.013,31.5,0.006,31.5
360.0,0.004,31.5,0.004,31.5,0.005,31.5,0.005,31.5
360.5,0.008,31.5,0.007,31.5,0.006,31.5,0.010,31.5
361.0,0.014,31.6,0.013,31.5,0.011,31.6,0.014,31.5
361.5,0.015,31.6,0.015,31.6,0.011,31.6,0.016,31.6
362.0,0.013,31.5,0.013,31.6,0.011,31.5,0.014,31.5
362.5,0.016,31.5,0.016,31.5,0.012,31.6,0.015,31.5
363.0,0.012,31.5,0.013,31.5,0.015,31.6,0.011,31.5
363.5,0.013,31.5,0.011,31.5,0.012,31.5,0.014,31.5
364.0,0.010,31.5,0.010,31.5,0.008,31.5,0.010,31.5
364.5,0.001,31.5,0.001,31.5,0.003,31.5,0.002,31.5
365.0,-0.001,31.6,-0.002,31.6,-0.002,31.5,-0.003,31.6
365.5,-0.001,31.6,-0.001,31.6,-0.003,31.6,-0.003,31.6
366.0,0.006,31.6,0.009,31.6,0.004,31.6,0.006,31.6
366.5,0.007,31.6,0.005,31.6,0.008,31.6,0.007,31.6
367.0,0.007,31.6,0.006,31.6,0.008,31.6,0.005,31.6
367.5,0.008,31.6,0.008,31.6,0.008,31.6,0.008,31.6
368.0,0.007,31.6,0.006,31.6,0.005,31.6,0.009,31.6
368.5,0.007,31.6,0.007,31.6,0.004,31.6,0.008,31.6
369.0,0.003,31.6,0.003,31.6,0.007,31.6,0.003,31.6
369.5,0.002,31.6,0.001,31.6,0.007,31.7,-0.002,31.6
370.0,0.007,31.6,0.008,31.6,0.005,31.6,0.002,31.7
370.5,0.008,31.7,0.009,31.7,0.009,31.7,-0.000,31.7
371.0,0.012,31.7,0.013,31.7,0.015,31.7,0.007,31.6
371.5,0.010,31.6,0.009,31.7,0.014,31.6,0.010,31.6
372.0,0.011,31.6,0.008,31.7,0.010,31.6,0.008,31.7
372.5,0.007,31.6,0.007,31.6,0.010,31.7,0.009,31.6
373.0,0.006,31.6,0.007,31.6,0.004,31.6,0.008,31.7
373.5,0.005,31.6,0.007,31.6,0.002,31.6,0.005,31.7
374.0,-0.001,31.6,0.001,31.6,-0.001,31.6,0.000,31.6
374.5,-0.006,31.6,-0.006,31.6,-0.003,31.7,0.002,31.6
375.0,-0.020,31.7,-0.020,31.7,-0.017,31.6,-0.016,31.7
375.5,-0.032,31.7,-0.030,31.7,-0.029,31.7,-0.024,31.7
376.0,-0.047,31.7,-0.046,31.7,-0.044,31.7,-0.044,31.7
376.5,-0.056,31.7,-0.055,31.7,-0.052,31.7,-0.055,31.7
377.0,-0.054,31.8,-0.055,31.8,-0.056,31.8,-0.055,31.8
377.5,-0.048,31.8,-0.048,31.8,-0.048,31.8,-0.049,31.8
378.0,-0.037,31.8,-0.037,31.8,-0.039,31.8,-0.038,31.8
378.5,-0.023,31.8,-0.023,31.8,-0.024,31.8,-0.023,31.8
379.0,-0.020,31.8,-0.022,31.8,-0.020,31.8,-0.020,31.8
379.5,-0.017,31.9,-0.017,31.9,-0.015,31.8,-0.017,31.9
380.0,-0.019,31.9,-0.018,31.9,-0.016,31.9,-0.018,31.8
380.5,-0.022,31.9,-0.023,31.9,-0.023,31.9,-0.019,31.9
381.0,-0.023,31.9,-0.022,31.9,-0.023,31.9,-0.020,31.9
381.5,-0.018,32.0,-0.018,32.0,-0.019,31.9,-0.018,31.9
382.0,-0.028,31.9,-0.027,32.0,-0.026,32.0,-0.027,31.9
382.5,-0.035,32.0,-0.035,32.0,-0.034,32.0,-0.035,31.9
383.0,-0.042,32.0,-0.043,32.0,-0.042,31.9,-0.038,32.0
383.5,-0.044,32.0,-0.045,32.0,-0.042,32.0,-0.044,32.0
384.0,-0.040,32.0,-0.041,32.0,-0.042,31.9,-0.039,32.0
384.5,-0.027,32.0,-0.027,32.0,-0.028,31.9,-0.029,32.0
385.0,-0.024,32.0,-0.024,32.0,-0.021,32.0,-0.021,32.0
385.5,-0.030,32.0,-0.031,32.0,-0.025,32.0,-0.020,32.0
386.0,-0.024,32.0,-0.024,32.0,-0.024,32.0,-0.024,32.0
386.5,-0.026,32.0,-0.026,32.0,-0.023,32.0,-0.026,32.0
387.0,-0.020,32.0,-0.020,32.0,-0.020,32.0,-0.020,32.0
387.5,-0.024,32.0,-0.024,32.0,-0.021,32.0,-0.021,32.0
388.0,-0.037,32.1,-0.036,32.1,-0.032,32.1,-0.036,32.0
388.5,-0.039,32.1,-0.038,32.1,-0.038,32.1,-0.039,32.1
389.0,-0.029,32.0,-0.029,32.0,-0.028,32.0,-0.036,32.1
389.5,-0.025,32.0,-0.025,32.0,-0.026,32.0,-0.030,32.1
390.0,-0.023,32.1,-0.024,32.1,-0.026,32.0,-0.021,32.1
390.5,-0.017,32.1,-0.020,32.0,-0.023,32.0,-0.016,32.1
391.0,-0.018,32.1,-0.018,32.0,-0.018,32.1,-0.017,32.0
391.5,-0.022,32.1,-0.022,32.1,-0.018,32.1,-0.022,32.0
392.0,-0.025,32.1,-0.025,32.1,-0.018,32.1,-0.025,32.1
392.5,-0.027,32.1,-0.026,32.1,-0.024,32.1,-0.028,32.1
393.0,-0.029,32.1,-0.028,32.1,-0.029,32.1,-0.030,32.1
393.5,-0.025,32.1,-0.023,32.1,-0.025,32.1,-0.027,32.1
394.0,-0.016,32.1,-0.016,32.1,-0.018,32.1,-0.022,32.1
394.5,-0.007,32.1,-0.008,32.1,-0.010,32.1,-0.009,32.1
395.0,-0.001,32.1,-0.003,32.1,-0.001,32.1,-0.003,32.1
395.5,0.006,32.1,0.003,32.2,0.005,32.1,0.004,32.2
396.0,0.010,32.1,0.008,32.1,0.007,32.1,0.007,32.1
396.5,0.000,32.1,0.001,32.1,0.003,32.1,0.004,32.1
397.0,0.000,32.1,0.002,32.1,-0.001,32.1,0.000,32.1
397.5,0.005,32.1,0.003,32.1,0.004,32.1,0.004,32.1
398.0,0.008,32.1,0.009,32.1,0.007,32.1,0.010,32.0
398.5,0.011,32.1,0.009,32.1,0.011,32.1,0.010,32.1
399.0,0.014,32.0,0.014,32.0,0.011,32.0,0.014,32.1
399.5,0.017,32.0,0.017,32.0,0.013,32.0,0.014,32.0
400.0,0.019,32.0,0.018,32.0,0.022,32.0,0.019,32.0
400.5,0.014,31.9,0.014,32.0,0.016,31.9,0.015,31.9
401.0,0.011,32.0,0.013,32.0,0.011,32.0,0.010,32.0
401.5,0.010,31.9,0.011,32.0,0.009,31.9,0.008,32.0
402.0,0.015,31.9,0.017,31.9,0.014,31.9,0.012,32.0
402.5,0.018,31.9,0.019,31.9,0.024,31.9,0.016,31.9
403.0,0.015,31.9,0.015,31.9,0.017,31.9,0.016,31.9
403.5,0.020,31.9,0.019,31.9,0.019,31.9,0.021,31.9
404.0,0.016,31.8,0.016,31.8,0.018,31.8,0.016,31.8
404.5,0.015,31.8,0.016,31.8,0.014,31.8,0.016,31.8
405.0,0.013,31.8,0.015,31.8,0.015,31.8,0.015,31.8
405.5,0.012,31.8,0.014,31.8,0.012,31.8,0.012,31.8
406.0,0.010,31.8,0.009,31.8,0.008,31.8,0.009,31.8
406.5,0.019,31.8,0.018,31.8,0.016,31.8,0.013,31.8
407.0,0.022,31.8,0.024,31.8,0.021,31.8,0.024,31.8
407.5,0.025,31.7,0.023,31.7,0.026,31.7,0.028,31.8
408.0,0.026,31.7,0.025,31.7,0.025,31.7,0.024,31.7
408.5,0.028,31.7,0.030,31.7,0.028,31.7,0.024,31.7
409.0,0.026,31.7,0.025,31.7,0.027,31.7,0.028,31.7
409.5,0.029,31.6,0.030,31.6,0.027,31.6,0.028,31.7
410.0,0.025,31.6,0.025,31.6,0.033,31.6,0.026,31.6
410.5,0.020,31.6,0.021,31.6,0.027,31.6,0.020,31.6
411.0,0.015,31.6,0.017,31.6,0.016,31.6,0.015,31.6
411.5,0.018,31.6,0.017,31.6,0.018,31.6,0.015,31.6
412.0,0.022,31.6,0.024,31.6,0.023,31.6,0.018,31.6
412.5,0.020,31.6,0.018,31.6,0.021,31.6,0.021,31.6
413.0,0.021,31.6,0.020,31.6,0.024,31.6,0.019,31.5
413.5,0.020,31.6,0.020,31.6,0.018,31.6,0.020,31.6
414.0,0.019,31.6,0.018,31.6,0.020,31.6,0.019,31.5
414.5,0.018,31.6,0.018,31.6,0.018,31.6,0.020,31.6
415.0,0.012,31.6,0.013,31.6,0.015,31.6,0.013,31.6
415.5,0.014,31.6,0.018,31.6,0.012,31.5,0.016,31.6
416.0,0.022,31.6,0.026,31.6,0.012,31.5,0.020,31.6
416.5,0.025,31.6,0.022,31.6,0.019,31.5,0.024,31.6
417.0,0.024,31.6,0.024,31.6,0.031,31.5,0.025,31.6
417.5,0.025,31.5,0.022,31.5,0.023,31.5,0.029,31.5
418.0,0.027,31.5,0.025,31.5,0.024,31.5,0.026,31.5
418.5,0.026,31.5,0.024,31.5,0.023,31.5,0.033,31.5
419.0,0.028,31.5,0.027,31.5,0.023,31.4,0.031,31.5
419.5,0.025,31.5,0.025,31.4,0.023,31.4,0.022,31.5
420.0,0.024,31.5,0.024,31.5,0.023,31.5,0.022,31.4
420.5,0.015,31.4,0.015,31.4,0.016,31.4,0.014,31.5
421.0,0.017,31.5,0.016,31.5,0.017,31.5,0.018,31.5
421.5,0.023,31.4,0.021,31.4,0.029,31.5,0.021,31.4
422.0,0.022,31.4,0.021,31.4,0.032,31.4,0.021,31.4
422.5,0.022,31.4,0.022,31.4,0.023,31.4,0.021,31.4
423.0,0.021,31.4,0.021,31.4,0.022,31.4,0.022,31.4
423.5,0.018,31.4,0.017,31.4,0.019,31.4,0.017,31.5
424.0,0.018,31.4,0.018,31.4,0.019,31.4,0.016,31.5
424.5,0.016,31.4,0.018,31.4,0.018,31.4,0.016,31.4
425.0,0.015,31.4,0.017,31.4,0.017,31.4,0.015,31.4
425.5,0.021,31.4,0.019,31.4,0.019,31.4,0.022,31.4
426.0,0.025,31.4,0.025,31.4,0.025,31.4,0.030,31.4
426.5,0.026,31.4,0.026,31.4,0.027,31.4,0.028,31.4
427.0,0.024,31.4,0.024,31.4,0.026,31.4,0.031,31.4
427.5,0.031,31.4,0.031,31.4,0.039,31.4,0.035,31.4
428.0,0.032,31.3,0.038,31.4,0.035,31.3,0.034,31.4
428.5,0.034,31.3,0.038,31.3,0.030,31.3,0.030,31.3
429.0,0.032,31.3,0.034,31.3,0.032,31.3,0.031,31.3
429.5,0.028,31.3,0.027,31.3,0.025,31.3,0.027,31.3
430.0,0.021,31.3,0.021,31.3,0.022,31.2,0.026,31.3
430.5,0.016,31.2,0.013,31.2,0.015,31.3,0.019,31.2
431.0,0.023,31.3,0.023,31.3,0.015,31.3,0.025,31.3
431.5,0.024,31.3,0.025,31.3,0.024,31.3,0.027,31.3
432.0,0.022,31.3,0.023,31.3,0.020,31.3,0.026,31.3
432.5,0.022,31.3,0.021,31.3,0.022,31.3,0.024,31.3
433.0,0.019,31.3,0.019,31.3,0.022,31.3,0.018,31.3
433.5,0.019,31.3,0.018,31.3,0.019,31.3,0.016,31.2
434.0,0.015,31.3,0.015,31.3,0.016,31.3,0.015,31.3
434.5,0.012,31.3,0.012,31.3,0.013,31.3,0.009,31.3
435.0,0.009,31.3,0.008,31.3,0.009,31.3,0.009,31.3
435.5,0.013,31.3,0.014,31.3,0.008,31.3,0.012,31.4
436.0,0.018,31.4,0.018,31.3,0.013,31.3,0.020,31.4
436.5,0.018,31.4,0.021,31.4,0.017,31.4,0.020,31.4
437.0,0.020,31.3,0.023,31.4,0.020,31.4,0.020,31.3
437.5,0.023,31.3,0.025,31.3,0.024,31.4,0.024,31.4
438.0,0.023,31.3,0.024,31.3,0.021,31.4,0.026,31.4
438.5,0.024,31.3,0.023,31.3,0.021,31.4,0.024,31.3
439.0,0.022,31.3,0.023,31.3,0.020,31.3,0.024,31.3
439.5,0.024,31.3,0.022,31.3,0.024,31.3,0.024,31.3
440.0,0.013,31.3,0.013,31.3,0.017,31.3,0.016,31.3
440.5,0.012,31.3,0.012,31.3,0.017,31.3,0.012,31.3
441.0,0.018,31.3,0.019,31.3,0.018,31.3,0.016,31.3
441.5,0.020,31.3,0.020,31.3,0.020,31.3,0.020,31.3
442.0,0.022,31.3,0.025,31.3,0.021,31.3,0.026,31.3
442.5,0.019,31.3,0.023,31.3,0.023,31.3,0.021,31.3
443.0,0.019,31.3,0.018,31.3,0.026,31.3,0.018,31.3
443.5,0.018,31.3,0.017,31.3,0.017,31.3,0.019,31.3
444.0,0.014,31.3,0.014,31.3,0.014,31.3,0.018,31.3
444.5,0.014,31.3,0.015,31.3,0.015,31.3,0.014,31.3
445.0,0.010,31.3,0.009,31.3,0.013,31.3,0.014,31.3
445.5,0.017,31.3,0.017,31.3,0.016,31.3,0.021,31.3
446.0,0.023,31.3,0.025,31.3,0.020,31.3,0.020,31.3
446.5,0.027,31.3,0.027,31.4,0.025,31.3,0.022,31.3
447.0,0.028,31.3,0.028,31.3,0.029,31.3,0.026,31.3
447.5,0.026,31.3,0.026,31.3,0.030,31.3,0.028,31.3
448.0,0.028,31.3,0.025,31.3,0.030,31.3,0.039,31.3
448.5,0.025,31.2,0.024,31.2,0.024,31.2,0.033,31.2
449.0,0.025,31.2,0.025,31.2,0.026,31.2,0.027,31.2
449.5,0.021,31.2,0.023,31.2,0.019,31.2,0.024,31.2
450.0,0.012,31.2,0.013,31.3,0.012,31.2,0.016,31.2
450.5,0.019,31.2,0.021,31.2,0.017,31.2,0.019,31.2
451.0,0.023,31.2,0.022,31.3,0.024,31.3,0.024,31.2
451.5,0.026,31.2,0.025,31.2,0.030,31.2,0.026,31.3
452.0,0.024,31.2,0.023,31.2,0.036,31.2,0.022,31.2
452.5,0.022,31.2,0.022,31.2,0.023,31.2,0.021,31.2
453.0,0.020,31.2,0.020,31.2,0.020,31.2,0.021,31.2
453.5,0.016,31.2,0.021,31.2,0.017,31.2,0.020,31.2
454.0,0.015,31.2,0.016,31.2,0.014,31.2,0.017,31.2
454.5,0.011,31.3,0.009,31.3,0.012,31.2,0.010,31.3
455.0,0.013,31.3,0.011,31.3,0.011,31.2,0.014,31.2
455.5,0.022,31.3,0.020,31.3,0.018,31.3,0.023,31.2
456.0,0.022,31.2,0.022,31.2,0.021,31.3,0.022,31.2
456.5,0.028,31.3,0.029,31.2,0.025,31.3,0.024,31.2
457.0,0.029,31.2,0.031,31.2,0.024,31.3,0.029,31.3
457.5,0.029,31.2,0.028,31.2,0.028,31.2,0.030,31.2
458.0,0.030,31.2,0.029,31.2,0.030,31.2,0.030,31.2
458.5,0.026,31.2,0.030,31.2,0.028,31.2,0.030,31.2
459.0,0.026,31.2,0.024,31.2,0.024,31.2,0.027,31.2
459.5,0.023,31.1,0.023,31.1,0.035,31.1,0.021,31.1
460.0,0.020,31.2,0.023,31.2,0.028,31.1,0.019,31.2
460.5,0.017,31.2,0.016,31.2,0.021,31.2,0.017,31.2
461.0,0.019,31.2,0.017,31.2,0.018,31.2,0.020,31.2
461.5,0.023,31.2,0.022,31.2,0.021,31.2,0.024,31.2
462.0,0.021,31.2,0.020,31.2,0.020,31.2,0.020,31.2
462.5,0.023,31.2,0.022,31.2,0.022,31.2,0.020,31.2
463.0,0.019,31.2,0.021,31.2,0.019,31.2,0.018,31.2
463.5,0.019,31.2,0.016,31.2,0.022,31.2,0.018,31.2
464.0,0.018,31.2,0.014,31.2,0.022,31.2,0.017,31.2
464.5,0.014,31.2,0.013,31.2,0.016,31.2,0.013,31.2
465.0,0.014,31.2,0.013,31.2,0.013,31.2,0.011,31.2
465.5,0.021,31.2,0.020,31.2,0.028,31.3,0.020,31.2
466.0,0.025,31.2,0.025,31.2,0.025,31.2,0.026,31.2
466.5,0.026,31.2,0.028,31.2,0.024,31.2,0.023,31.2
467.0,0.029,31.2,0.028,31.2,0.029,31.2,0.025,31.2
467.5,0.029,31.2,0.027,31.2,0.028,31.2,0.030,31.2
468.0,0.026,31.2,0.026,31.2,0.024,31.2,0.028,31.2
468.5,0.026,31.1,0.024,31.1,0.029,31.1,0.026,31.2
469.0,0.025,31.2,0.023,31.2,0.029,31.1,0.024,31.2
469.5,0.028,31.2,0.025,31.1,0.026,31.1,0.030,31.2
470.0,0.025,31.1,0.025,31.1,0.025,31.1,0.027,31.1
470.5,0.024,31.1,0.026,31.1,0.022,31.1,0.022,31.1
471.0,0.026,31.1,0.027,31.1,0.025,31.1,0.025,31.1
471.5,0.024,31.1,0.024,31.1,0.032,31.1,0.025,31.1
472.0,0.024,31.1,0.023,31.1,0.036,31.1,0.025,31.1
472.5,0.022,31.1,0.023,31.1,0.025,31.1,0.023,31.1
473.0,0.020,31.1,0.021,31.1,0.020,31.1,0.024,31.1
473.5,0.017,31.1,0.018,31.1,0.018,31.1,0.019,31.1
474.0,0.014,31.1,0.017,31.1,0.016,31.2,0.013,31.1
474.5,0.013,31.2,0.016,31.1,0.014,31.2,0.012,31.1
475.0,0.010,31.2,0.010,31.2,0.012,31.1,0.011,31.1
475.5,0.021,31.2,0.019,31.2,0.017,31.2,0.019,31.2
476.0,0.027,31.2,0.025,31.2,0.023,31.2,0.023,31.2
476.5,0.024,31.2,0.024,31.2,0.025,31.2,0.026,31.2
477.0,0.028,31.2,0.031,31.1,0.027,31.2,0.027,31.2
477.5,0.027,31.2,0.030,31.1,0.027,31.2,0.024,31.1
478.0,0.030,31.1,0.030,31.1,0.031,31.2,0.027,31.1
478.5,0.028,31.1,0.026,31.1,0.027,31.1,0.029,31.1
479.0,0.024,31.1,0.025,31.1,0.023,31.1,0.032,31.1
479.5,0.028,31.1,0.028,31.1,0.027,31.1,0.023,31.1
480.0,0.024,31.1,0.024,31.1,0.030,31.1,0.027,31.1
480.5,0.028,31.1,0.032,31.1,0.027,31.1,0.026,31.1
481.0,0.024,31.1,0.025,31.1,0.026,31.1,0.024,31.1
481.5,0.024,31.1,0.024,31.1,0.025,31.1,0.026,31.1
482.0,0.025,31.1,0.023,31.1,0.023,31.1,0.025,31.1
482.5,0.020,31.1,0.020,31.1,0.020,31.1,0.022,31.1
483.0,0.021,31.1,0.019,31.1,0.020,31.1,0.020,31.1
483.5,0.019,31.1,0.021,31.1,0.021,31.1,0.020,31.1
484.0,0.019,31.1,0.021,31.1,0.019,31.1,0.017,31.1
484.5,0.015,31.2,0.018,31.1,0.020,31.1,0.015,31.1
485.0,0.022,31.2,0.021,31.1,0.025,31.2,0.018,31.2
485.5,0.026,31.2,0.023,31.1,0.032,31.2,0.023,31.2
486.0,0.026,31.1,0.025,31.2,0.026,31.2,0.027,31.1
486.5,0.030,31.1,0.029,31.2,0.028,31.2,0.035,31.1
487.0,0.029,31.1,0.029,31.1,0.026,31.1,0.031,31.1
487.5,0.033,31.1,0.033,31.1,0.027,31.1,0.029,31.1
488.0,0.031,31.1,0.029,31.1,0.026,31.1,0.028,31.1
488.5,0.027,31.1,0.025,31.1,0.037,31.0,0.023,31.1
489.0,0.028,31.1,0.029,31.1,0.030,31.0,0.026,31.1
489.5,0.026,31.0,0.025,31.1,0.027,31.0,0.028,31.1
490.0,0.027,31.1,0.028,31.1,0.027,31.1,0.025,31.0
490.5,0.025,31.1,0.027,31.1,0.025,31.1,0.028,31.1
491.0,0.022,31.1,0.024,31.1,0.024,31.1,0.022,31.0
491.5,0.024,31.0,0.023,31.1,0.025,31.0,0.024,31.1
492.0,0.021,31.1,0.022,31.1,0.023,31.0,0.023,31.1
492.5,0.023,31.1,0.022,31.1,0.021,31.1,0.028,31.1
493.0,0.021,31.1,0.022,31.1,0.021,31.1,0.029,31.1
493.5,0.018,31.1,0.020,31.1,0.017,31.1,0.024,31.1
494.0,0.017,31.1,0.024,31.1,0.017,31.1,0.017,31.1
494.5,0.018,31.1,0.018,31.1,0.022,31.1,0.017,31.1
495.0,0.027,31.1,0.028,31.1,0.026,31.1,0.024,31.1
495.5,0.027,31.1,0.026,31.2,0.028,31.1,0.026,31.1
496.0,0.030,31.1,0.030,31.1,0.020,31.1,0.034,31.1
496.5,0.028,31.1,0.029,31.1,0.026,31.1,0.041,31.1
497.0,0.026,31.1,0.027,31.1,0.029,31.1,0.025,31.1
497.5,0.030,31.1,0.029,31.1,0.029,31.1,0.026,31.1
498.0,0.029,31.1,0.029,31.1,0.027,31.1,0.035,31.1
498.5,0.033,31.1,0.032,31.1,0.033,31.1,0.030,31.0
499.0,0.029,31.1,0.030,31.1,0.027,31.1,0.031,31.1
499.5,0.027,31.0,0.028,31.0,0.028,31.0,0.024,31.0
500.0,0.026,31.1,0.028,31.1,0.025,31.0,0.023,31.1
500.5,0.022,31.1,0.020,31.0,0.031,31.1,0.020,31.1
501.0,0.025,31.0,0.023,31.0,0.025,31.1,0.025,31.0
501.5,0.024,31.1,0.023,31.1,0.024,31.1,0.024,31.1
502.0,0.024,31.0,0.023,31.0,0.023,31.1,0.022,31.0
502.5,0.022,31.1,0.021,31.1,0.023,31.1,0.021,31.0
503.0,0.019,31.1,0.020,31.1,0.020,31.1,0.019,31.1
503.5,0.021,31.1,0.019,31.1,0.029,31.1,0.017,31.1
504.0,0.016,31.1,0.013,31.1,0.018,31.1,0.016,31.1
504.5,0.024,31.1,0.022,31.1,0.020,31.1,0.025,31.1
505.0,0.026,31.1,0.025,31.1,0.024,31.1,0.028,31.1
505.5,0.025,31.1,0.024,31.1,0.023,31.1,0.029,31.1
506.0,0.029,31.1,0.029,31.1,0.027,31.1,0.025,31.1
506.5,0.027,31.1,0.030,31.1,0.028,31.1,0.025,31.1
507.0,0.029,31.1,0.029,31.1,0.036,31.1,0.025,31.1
507.5,0.027,31.1,0.027,31.1,0.031,31.1,0.026,31.1
508.0,0.028,31.1,0.029,31.1,0.026,31.1,0.031,31.1
508.5,0.029,31.0,0.030,31.1,0.026,31.1,0.030,31.1
509.0,0.024,31.0,0.022,31.0,0.023,31.0,0.024,31.0
509.5,0.026,31.1,0.031,31.1,0.023,31.1,0.023,31.1
510.0,0.021,31.1,0.023,31.1,0.022,31.1,0.018,31.1
510.5,0.023,31.1,0.021,31.1,0.022,31.1,0.023,31.1
511.0,0.022,31.1,0.022,31.1,0.021,31.1,0.019,31.2
511.5,0.017,31.1,0.017,31.1,0.014,31.1,0.016,31.1
512.0,0.019,31.1,0.017,31.1,0.013,31.2,0.022,31.1
512.5,0.016,31.1,0.018,31.1,0.014,31.1,0.017,31.1
513.0,0.017,31.1,0.021,31.2,0.016,31.1,0.014,31.1
513.5,0.016,31.2,0.018,31.2,0.016,31.1,0.018,31.2
514.0,0.023,31.2,0.022,31.2,0.018,31.2,0.025,31.2
514.5,0.022,31.2,0.022,31.2,0.021,31.2,0.022,31.2
515.0,0.019,31.2,0.019,31.2,0.027,31.2,0.020,31.2
515.5,0.020,31.2,0.023,31.2,0.020,31.2,0.020,31.2
516.0,0.018,31.2,0.021,31.2,0.016,31.2,0.025,31.2
516.5,0.017,31.2,0.021,31.2,0.015,31.2,0.020,31.2
517.0,0.019,31.2,0.022,31.2,0.020,31.2,0.016,31.2
517.5,0.016,31.2,0.015,31.2,0.022,31.2,0.015,31.2
518.0,0.018,31.2,0.018,31.2,0.020,31.2,0.021,31.3
518.5,0.013,31.2,0.012,31.2,0.018,31.2,0.013,31.3
519.0,0.012,31.3,0.010,31.3,0.014,31.2,0.015,31.3
519.5,0.014,31.3,0.014,31.3,0.010,31.3,0.016,31.3
520.0,0.010,31.3,0.010,31.3,0.012,31.3,0.010,31.3
520.5,0.009,31.3,0.012,31.3,0.009,31.3,0.007,31.3
521.0,0.006,31.3,0.006,31.3,0.007,31.3,0.005,31.3
521.5,0.010,31.3,0.007,31.3,0.010,31.3,0.009,31.4
522.0,0.010,31.4,0.009,31.4,0.011,31.3,0.008,31.4
522.5,0.010,31.4,0.011,31.4,0.017,31.4,0.011,31.4
523.0,0.010,31.4,0.011,31.4,0.009,31.4,0.016,31.4
523.5,0.013,31.4,0.012,31.4,0.008,31.4,0.012,31.4
524.0,0.013,31.4,0.010,31.4,0.018,31.4,0.013,31.3
524.5,0.009,31.4,0.011,31.4,0.010,31.4,0.010,31.3
525.0,0.012,31.4,0.008,31.4,0.015,31.4,0.011,31.4
525.5,0.012,31.4,0.012,31.4,0.018,31.4,0.010,31.4
526.0,0.011,31.4,0.011,31.4,0.008,31.4,0.011,31.4
526.5,0.011,31.4,0.011,31.4,0.009,31.4,0.009,31.5
527.0,0.010,31.4,0.009,31.4,0.013,31.4,0.010,31.5
527.5,0.011,31.4,0.014,31.4,0.006,31.4,0.011,31.4
528.0,0.009,31.4,0.011,31.4,0.008,31.4,0.006,31.4
528.5,0.002,31.5,0.006,31.4,0.007,31.4,0.004,31.5
529.0,0.003,31.5,0.002,31.5,0.001,31.5,0.002,31.5
529.5,0.003,31.5,0.002,31.5,0.000,31.5,0.004,31.5
530.0,0.008,31.5,0.008,31.5,0.010,31.5,0.008,31.5
530.5,0.007,31.5,0.008,31.5,0.005,31.5,0.004,31.5
531.0,0.009,31.5,0.011,31.6,0.006,31.5,0.006,31.5
531.5,0.007,31.6,0.010,31.6,0.007,31.5,0.005,31.6
532.0,0.005,31.6,0.007,31.5,0.007,31.6,0.006,31.5
532.5,0.005,31.5,0.003,31.6,0.004,31.6,0.006,31.5
533.0,0.003,31.6,0.002,31.5,0.006,31.6,0.004,31.5
533.5,0.005,31.6,0.006,31.6,0.006,31.6,0.008,31.6
534.0,0.006,31.6,0.006,31.6,0.007,31.6,0.007,31.6
534.5,0.008,31.6,0.008,31.6,0.007,31.6,0.010,31.6
535.0,0.008,31.6,0.008,31.6,0.008,31.6,0.008,31.6
535.5,0.005,31.6,0.005,31.6,0.008,31.6,0.004,31.6
536.0,0.006,31.6,0.005,31.6,0.006,31.6,0.007,31.6
536.5,-0.001,31.6,-0.002,31.6,0.001,31.6,-0.000,31.7
537.0,-0.018,31.7,-0.020,31.7,0.000,31.6,-0.018,31.7
537.5,-0.051,31.7,-0.050,31.7,-0.044,31.7,-0.037,31.7
538.0,-0.066,31.7,-0.064,31.7,-0.065,31.7,-0.069,31.7
538.5,-0.059,31.8,-0.060,31.7,-0.058,31.7,-0.064,31.7
539.0,-0.044,31.8,-0.044,31.8,-0.044,31.8,-0.049,31.8
539.5,-0.030,31.8,-0.027,31.8,-0.035,31.8,-0.032,31.8
540.0,-0.023,31.8,-0.022,31.8,-0.023,31.8,-0.027,31.8
540.5,-0.023,31.9,-0.021,31.8,-0.021,31.8,-0.021,31.8
541.0,-0.021,31.9,-0.020,31.9,-0.021,31.9,-0.018,31.9
541.5,-0.022,31.9,-0.022,31.9,-0.022,31.9,-0.019,31.9
542.0,-0.024,31.9,-0.024,31.9,-0.024,31.9,-0.023,31.9
542.5,-0.022,32.0,-0.022,31.9,-0.023,31.9,-0.023,32.0
543.0,-0.016,32.0,-0.016,32.0,-0.019,32.0,-0.019,32.0
543.5,-0.015,32.0,-0.016,32.0,-0.013,32.0,-0.014,32.0
544.0,-0.023,32.0,-0.022,32.0,-0.019,32.0,-0.023,32.0
544.5,-0.027,32.0,-0.027,32.0,-0.027,32.1,-0.027,32.0
545.0,-0.031,32.0,-0.032,32.0,-0.028,32.0,-0.029,32.0
545.5,-0.042,32.0,-0.045,32.0,-0.036,32.0,-0.040,32.0
546.0,-0.043,32.1,-0.045,32.0,-0.046,32.0,-0.042,32.0
546.5,-0.036,32.1,-0.037,32.1,-0.037,32.0,-0.036,32.1
547.0,-0.035,32.1,-0.035,32.1,-0.036,32.1,-0.035,32.1
547.5,-0.015,32.1,-0.015,32.1,-0.014,32.1,-0.016,32.1
548.0,-0.016,32.1,-0.015,32.1,-0.014,32.1,-0.016,32.1
548.5,-0.024,32.1,-0.023,32.1,-0.023,32.1,-0.023,32.1
549.0,-0.026,32.1,-0.026,32.2,-0.025,32.1,-0.025,32.1
549.5,-0.023,32.1,-0.024,32.1,-0.023,32.2,-0.022,32.1
550.0,-0.022,32.2,-0.022,32.2,-0.024,32.2,-0.021,32.1
550.5,-0.030,32.2,-0.031,32.2,-0.024,32.2,-0.028,32.2
551.0,-0.032,32.2,-0.033,32.2,-0.028,32.2,-0.032,32.2
551.5,-0.037,32.2,-0.038,32.2,-0.036,32.2,-0.032,32.2
552.0,-0.034,32.2,-0.038,32.2,-0.035,32.2,-0.036,32.2
552.5,-0.028,32.2,-0.028,32.2,-0.027,32.2,-0.028,32.2
553.0,-0.025,32.2,-0.025,32.2,-0.024,32.2,-0.025,32.2
553.5,-0.021,32.2,-0.021,32.2,-0.023,32.2,-0.021,32.2
554.0,-0.014,32.2,-0.014,32.2,-0.015,32.2,-0.013,32.2
554.5,-0.017,32.2,-0.018,32.2,-0.015,32.2,-0.016,32.2
555.0,-0.020,32.2,-0.019,32.2,-0.019,32.3,-0.018,32.2
555.5,-0.023,32.3,-0.021,32.3,-0.022,32.2,-0.022,32.3
556.0,-0.023,32.3,-0.023,32.3,-0.023,32.3,-0.022,32.3
556.5,-0.022,32.3,-0.023,32.3,-0.023,32.3,-0.021,32.3
557.0,-0.010,32.3,-0.009,32.3,-0.013,32.3,-0.011,32.3
557.5,0.003,32.3,0.003,32.3,0.000,32.3,-0.008,32.3
558.0,0.005,32.3,0.006,32.3,0.005,32.3,-0.000,32.3
558.5,0.005,32.3,0.007,32.3,0.004,32.3,0.004,32.3
559.0,0.004,32.3,0.003,32.3,0.003,32.3,0.005,32.3
559.5,-0.000,32.3,0.002,32.3,-0.001,32.3,-0.004,32.3
560.0,0.001,32.3,0.005,32.3,0.000,32.3,-0.006,32.3
560.5,0.006,32.3,0.006,32.3,0.006,32.3,0.004,32.3
561.0,0.007,32.3,0.005,32.3,0.007,32.3,0.006,32.3
561.5,0.010,32.3,0.010,32.3,0.008,32.3,0.010,32.3
562.0,0.014,32.2,0.014,32.2,0.014,32.2,0.010,32.2
562.5,0.021,32.2,0.021,32.2,0.024,32.2,0.018,32.2
563.0,0.021,32.2,0.021,32.2,0.024,32.2,0.022,32.2
563.5,0.024,32.2,0.023,32.2,0.022,32.2,0.024,32.2
564.0,0.021,32.1,0.022,32.1,0.020,32.1,0.023,32.2
564.5,0.019,32.1,0.025,32.1,0.017,32.1,0.019,32.1
565.0,0.018,32.1,0.020,32.1,0.017,32.1,0.018,32.1
565.5,0.015,32.0,0.018,32.0,0.016,32.1,0.017,32.0
566.0,0.020,32.0,0.024,32.0,0.020,32.0,0.020,32.0
566.5,0.021,32.0,0.023,32.0,0.020,32.0,0.019,32.0
567.0,0.020,32.0,0.022,32.0,0.019,32.0,0.021,32.0
567.5,0.020,32.0,0.020,32.0,0.019,32.0,0.020,32.0
568.0,0.017,32.0,0.018,32.0,0.017,32.0,0.019,32.0
568.5,0.016,32.0,0.014,32.0,0.023,32.0,0.016,31.9
569.0,0.012,32.0,0.011,32.0,0.015,32.0,0.014,32.0
569.5,0.013,32.0,0.009,32.0,0.006,32.0,0.014,32.0
570.0,0.023,32.0,0.022,32.0,0.018,32.0,0.028,32.0
570.5,0.024,32.0,0.024,32.0,0.021,32.0,0.023,32.0
571.0,0.028,31.9,0.026,32.0,0.025,32.0,0.025,31.9
571.5,0.027,31.9,0.026,31.9,0.028,31.9,0.026,31.9
572.0,0.030,31.9,0.029,31.9,0.033,31.9,0.024,32.0
572.5,0.028,31.9,0.029,31.9,0.029,31.9,0.025,31.9
573.0,0.026,31.9,0.028,31.9,0.032,31.9,0.025,31.9
573.5,0.026,31.8,0.024,31.8,0.024,31.8,0.028,31.8
574.0,0.021,31.8,0.020,31.8,0.021,31.8,0.021,31.8
574.5,0.017,31.8,0.018,31.9,0.014,31.8,0.019,31.8
575.0,0.018,31.8,0.020,31.8,0.018,31.9,0.014,31.9
575.5,0.023,31.8,0.025,31.8,0.016,31.9,0.021,31.8
576.0,0.024,31.8,0.023,31.8,0.022,31.9,0.023,31.8
576.5,0.021,31.8,0.022,31.8,0.020,31.8,0.023,31.8
577.0,0.022,31.8,0.023,31.8,0.019,31.8,0.021,31.8
577.5,0.018,31.8,0.017,31.8,0.024,31.8,0.020,31.8
578.0,0.017,31.8,0.015,31.8,0.019,31.8,0.017,31.8
578.5,0.014,31.8,0.013,31.8,0.015,31.8,0.016,31.8
579.0,0.011,31.9,0.011,31.9,0.013,31.8,0.016,31.8
579.5,0.014,31.9,0.013,31.9,0.011,31.9,0.014,31.9
580.0,0.022,31.9,0.022,31.9,0.025,31.9,0.018,31.9
580.5,0.026,31.9,0.026,31.9,0.028,31.9,0.018,31.9
581.0,0.030,31.8,0.028,31.9,0.034,31.9,0.030,31.9
581.5,0.029,31.8,0.028,31.8,0.027,31.9,0.030,31.8
582.0,0.029,31.8,0.028,31.8,0.028,31.8,0.034,31.8
582.5,0.025,31.8,0.025,31.8,0.029,31.8,0.025,31.8
583.0,0.029,31.7,0.030,31.8,0.030,31.8,0.033,31.8
583.5,0.026,31.8,0.028,31.8,0.028,31.8,0.028,31.8
584.0,0.021,31.8,0.021,31.7,0.023,31.8,0.019,31.8
584.5,0.015,31.8,0.016,31.8,0.013,31.8,0.016,31.8
585.0,0.018,31.8,0.021,31.8,0.016,31.8,0.017,31.8
585.5,0.025,31.8,0.026,31.8,0.018,31.8,0.022,31.7
586.0,0.022,31.8,0.023,31.8,0.023,31.7,0.021,31.8
586.5,0.024,31.8,0.026,31.8,0.022,31.8,0.023,31.8
587.0,0.021,31.8,0.025,31.7,0.023,31.8,0.020,31.8
587.5,0.019,31.8,0.019,31.8,0.017,31.8,0.020,31.8
588.0,0.017,31.8,0.016,31.8,0.020,31.8,0.017,31.8
588.5,0.013,31.8,0.013,31.8,0.017,31.8,0.012,31.8
589.0,0.016,31.8,0.017,31.8,0.013,31.8,0.017,31.8
589.5,0.022,31.8,0.022,31.8,0.019,31.8,0.022,31.8
590.0,0.025,31.8,0.024,31.8,0.024,31.8,0.022,31.8
590.5,0.026,31.8,0.026,31.8,0.027,31.8,0.027,31.9
591.0,0.028,31.8,0.028,31.8,0.028,31.8,0.028,31.8
591.5,0.031,31.8,0.032,31.8,0.034,31.8,0.032,31.8
592.0,0.028,31.8,0.025,31.8,0.026,31.7,0.029,31.8
592.5,0.030,31.7,0.030,31.8,0.029,31.7,0.034,31.7
593.0,0.028,31.7,0.029,31.7,0.030,31.7,0.028,31.7
593.5,0.021,31.7,0.021,31.7,0.020,31.7,0.026,31.8
594.0,0.014,31.7,0.014,31.7,0.012,31.7,0.016,31.7
594.5,0.013,31.7,0.016,31.7,0.014,31.8,0.013,31.7
595.0,0.021,31.7,0.024,31.7,0.019,31.7,0.014,31.7
595.5,0.021,31.8,0.025,31.8,0.020,31.7,0.018,31.8
596.0,0.020,31.8,0.023,31.8,0.018,31.8,0.016,31.8
596.5,0.019,31.8,0.020,31.8,0.022,31.9,0.018,31.8
597.0,0.016,31.8,0.015,31.8,0.019,31.8,0.016,31.8
597.5,0.016,31.8,0.017,31.8,0.016,31.8,0.015,31.8
598.0,0.012,31.8,0.014,31.8,0.012,31.8,0.014,31.8
598.5,0.010,31.8,0.008,31.8,0.014,31.8,0.012,31.8
599.0,0.007,31.9,0.009,31.9,0.008,31.9,0.006,31.9
599.5,0.014,31.9,0.015,31.9,0.013,31.9,0.011,31.9
600.0,0.021,31.9,0.021,31.9,0.019,31.9,0.020,31.8
600.5,0.026,31.9,0.023,31.9,0.026,31.9,0.023,31.8
601.0,0.028,31.9,0.030,31.9,0.025,31.9,0.030,31.9
601.5,0.026,31.8,0.027,31.8,0.025,31.8,0.025,31.9
602.0,0.025,31.8,0.023,31.8,0.023,31.8,0.026,31.8
602.5,0.025,31.8,0.023,31.8,0.025,31.8,0.026,31.8
603.0,0.018,31.8,0.017,31.8,0.019,31.8,0.018,31.8
603.5,0.018,31.8,0.017,31.8,0.018,31.8,0.025,31.8
604.0,0.014,31.8,0.014,31.8,0.015,31.9,0.014,31.8
604.5,0.017,31.8,0.016,31.8,0.016,31.8,0.015,31.8
605.0,0.024,31.8,0.023,31.8,0.022,31.8,0.024,31.8
605.5,0.024,31.8,0.021,31.8,0.022,31.9,0.026,31.8
606.0,0.023,31.8,0.023,31.8,0.024,31.8,0.021,31.8
606.5,0.020,31.8,0.017,31.8,0.021,31.8,0.021,31.9
607.0,0.021,31.8,0.019,31.8,0.016,31.8,0.022,31.8
607.5,0.018,31.8,0.017,31.8,0.018,31.8,0.020,31.8
608.0,0.017,31.8,0.017,31.8,0.015,31.8,0.020,31.8
608.5,0.013,31.9,0.012,31.8,0.013,31.9,0.022,31.8
609.0,0.006,31.9,0.005,31.9,0.008,31.8,0.008,31.9
609.5,0.018,31.9,0.018,31.9,0.015,31.8,0.022,31.9
610.0,0.024,31.9,0.026,31.9,0.021,31.9,0.023,31.9
610.5,0.030,31.9,0.032,31.9,0.025,31.9,0.028,31.9
611.0,0.031,31.9,0.032,31.9,0.027,31.8,0.029,31.9
611.5,0.027,31.9,0.026,31.8,0.026,31.9,0.029,31.8
612.0,0.026,31.8,0.028,31.8,0.027,31.8,0.025,31.8
612.5,0.025,31.8,0.028,31.8,0.023,31.8,0.024,31.8
613.0,0.024,31.8,0.026,31.8,0.021,31.8,0.030,31.8
613.5,0.020,31.8,0.023,31.8,0.019,31.8,0.029,31.8
614.0,0.015,31.8,0.014,31.8,0.015,31.8,0.013,31.8
614.5,0.018,31.8,0.018,31.8,0.014,31.8,0.017,31.8
615.0,0.022,31.9,0.022,31.9,0.024,31.9,0.022,31.9
615.5,0.025,31.8,0.029,31.8,0.025,31.8,0.021,31.9
616.0,0.023,31.8,0.026,31.8,0.024,31.8,0.021,31.8
616.5,0.022,31.8,0.024,31.8,0.025,31.8,0.021,31.8
617.0,0.021,31.8,0.020,31.8,0.022,31.8,0.024,31.8
617.5,0.016,31.8,0.017,31.8,0.016,31.8,0.016,31.8
618.0,0.016,31.8,0.018,31.9,0.018,31.9,0.016,31.8
618.5,0.010,31.9,0.010,31.9,0.016,31.8,0.009,31.8
619.0,0.012,31.9,0.009,31.9,0.010,31.8,0.010,31.8
619.5,0.020,31.9,0.020,31.9,0.015,31.9,0.020,31.9
620.0,0.024,31.9,0.023,31.9,0.022,31.9,0.027,31.9
620.5,0.025,31.9,0.026,31.9,0.028,31.9,0.021,31.9
621.0,0.027,31.9,0.028,31.9,0.023,31.8,0.031,31.9
621.5,0.030,31.9,0.029,31.9,0.029,31.8,0.028,31.9
622.0,0.027,31.8,0.025,31.8,0.032,31.9,0.026,31.9
622.5,0.026,31.9,0.025,31.8,0.036,31.9,0.026,31.8
623.0,0.027,31.8,0.030,31.9,0.028,31.8,0.026,31.8
623.5,0.023,31.8,0.022,31.8,0.021,31.8,0.024,31.8
624.0,0.021,31.8,0.021,31.8,0.019,31.8,0.018,31.8
624.5,0.020,31.8,0.019,31.8,0.024,31.8,0.020,31.8
625.0,0.024,31.8,0.021,31.9,0.026,31.8,0.025,31.9
625.5,0.024,31.8,0.024,31.8,0.024,31.8,0.026,31.8
626.0,0.024,31.8,0.024,31.8,0.024,31.8,0.023,31.8
626.5,0.022,31.8,0.021,31.8,0.023,31.8,0.021,31.8
627.0,0.018,31.8,0.018,31.8,0.022,31.8,0.020,31.8
627.5,0.018,31.8,0.018,31.8,0.023,31.8,0.019,31.8
628.0,0.012,31.9,0.013,31.9,0.015,31.8,0.013,31.8
628.5,0.011,31.9,0.012,31.9,0.014,31.8,0.010,31.9
629.0,0.014,31.9,0.015,31.9,0.013,31.9,0.017,31.9
629.5,0.020,31.9,0.020,31.9,0.017,31.9,0.018,31.9
630.0,0.025,31.9,0.024,31.9,0.023,31.9,0.029,31.9
630.5,0.025,31.9,0.026,31.9,0.023,31.9,0.028,31.9
631.0,0.031,31.9,0.031,31.9,0.034,31.9,0.029,31.9
631.5,0.032,31.9,0.032,31.9,0.039,31.9,0.029,31.9
632.0,0.030,31.8,0.031,31.8,0.032,31.8,0.029,31.9
632.5,0.030,31.8,0.031,31.8,0.030,31.8,0.029,31.8
633.0,0.026,31.8,0.025,31.9,0.026,31.8,0.030,31.8
633.5,0.028,31.8,0.027,31.9,0.022,31.8,0.030,31.8
634.0,0.021,31.8,0.022,31.8,0.022,31.8,0.026,31.8
634.5,0.025,31.8,0.024,31.8,0.020,31.8,0.027,31.8
635.0,0.028,31.8,0.027,31.8,0.024,31.8,0.032,31.8
635.5,0.025,31.8,0.024,31.8,0.030,31.8,0.025,31.8
636.0,0.028,31.8,0.029,31.8,0.028,31.8,0.025,31.9
636.5,0.024,31.8,0.027,31.8,0.025,31.8,0.023,31.8
637.0,0.023,31.8,0.023,31.8,0.025,31.8,0.018,31.8
637.5,0.019,31.8,0.018,31.8,0.019,31.8,0.017,31.8
638.0,0.014,31.8,0.014,31.8,0.013,31.9,0.013,31.8
638.5,0.016,31.9,0.016,31.9,0.012,31.9,0.016,31.8
639.0,0.021,31.9,0.025,31.9,0.020,31.9,0.018,31.9
639.5,0.029,31.9,0.033,31.9,0.030,31.9,0.029,31.9
640.0,0.026,31.9,0.029,31.9,0.027,31.9,0.024,31.9
640.5,0.026,31.9,0.027,31.9,0.024,31.9,0.024,31.8
641.0,0.030,31.9,0.029,31.9,0.031,31.9,0.032,31.9
641.5,0.026,31.9,0.027,31.9,0.025,31.9,0.027,31.9
642.0,0.028,31.8,0.029,31.8,0.026,31.9,0.027,31.8
642.5,0.025,31.8,0.023,31.8,0.028,31.9,0.026,31.8
643.0,0.026,31.8,0.028,31.8,0.024,31.8,0.026,31.8
643.5,0.022,31.9,0.023,31.9,0.022,31.9,0.022,31.9
644.0,0.014,31.8,0.014,31.9,0.012,31.8,0.016,31.9
644.5,0.022,31.9,0.025,31.8,0.019,31.8,0.020,31.9
645.0,0.023,31.9,0.025,31.9,0.020,31.8,0.022,31.9
645.5,0.026,31.9,0.031,31.9,0.020,31.8,0.024,31.9
646.0,0.025,31.9,0.027,31.9,0.020,31.8,0.023,31.9
646.5,0.020,31.9,0.020,31.9,0.016,31.8,0.019,31.9
647.0,0.020,31.9,0.020,31.9,0.017,31.9,0.019,31.9
647.5,0.015,31.9,0.012,31.9,0.016,31.9,0.017,31.9
648.0,0.015,31.9,0.018,31.9,0.018,31.9,0.016,31.9
648.5,0.013,31.9,0.013,32.0,0.013,31.9,0.014,31.9
649.0,0.020,31.9,0.020,31.9,0.018,31.9,0.014,31.9
649.5,0.027,31.9,0.027,32.0,0.032,31.9,0.022,31.9
650.0,0.031,31.9,0.031,32.0,0.028,31.9,0.028,32.0
650.5,0.035,31.9,0.041,31.9,0.031,31.9,0.029,31.9
651.0,0.031,31.9,0.034,31.9,0.027,31.9,0.034,31.9
651.5,0.033,31.9,0.034,31.9,0.033,31.9,0.033,31.8
652.0,0.031,31.9,0.032,31.9,0.029,31.9,0.030,31.8
652.5,0.024,31.9,0.023,31.9,0.022,31.8,0.027,31.9
653.0,0.024,31.8,0.024,31.8,0.025,31.8,0.031,31.8
653.5,0.017,31.8,0.019,31.9,0.019,31.9,0.016,31.8
654.0,0.023,31.9,0.024,31.9,0.020,31.9,0.018,31.9
654.5,0.028,31.9,0.028,31.9,0.026,31.9,0.025,31.9
655.0,0.027,31.9,0.029,31.9,0.026,31.9,0.027,31.8
655.5,0.026,31.9,0.026,31.9,0.023,31.9,0.028,31.9
656.0,0.022,31.9,0.021,31.9,0.022,31.9,0.022,31.8
656.5,0.022,31.9,0.025,31.9,0.020,31.9,0.019,31.9
657.0,0.019,31.9,0.021,31.9,0.015,31.9,0.014,31.9
657.5,0.020,31.9,0.020,31.9,0.018,31.9,0.017,31.9
658.0,0.020,31.9,0.019,31.9,0.018,31.9,0.018,31.9
658.5,0.023,31.9,0.028,31.9,0.017,31.9,0.022,32.0
659.0,0.029,31.9,0.029,31.9,0.031,31.9,0.029,31.9
659.5,0.029,31.9,0.030,31.9,0.028,32.0,0.033,31.9
660.0,0.036,31.9,0.035,31.9,0.035,31.9,0.039,31.9
660.5,0.036,31.9,0.034,31.9,0.036,32.0,0.035,31.9
661.0,0.034,31.9,0.035,31.9,0.034,31.9,0.034,31.9
661.5,0.034,31.9,0.033,31.8,0.033,31.8,0.032,31.9
662.0,0.029,31.8,0.029,31.8,0.031,31.8,0.028,31.8
662.5,0.027,31.8,0.027,31.8,0.026,31.8,0.027,31.8
663.0,0.025,31.8,0.026,31.8,0.028,31.8,0.025,31.8
663.5,0.023,31.9,0.024,31.9,0.033,31.8,0.024,31.9
664.0,0.022,31.9,0.023,31.9,0.025,31.9,0.019,31.9
664.5,0.023,31.9,0.023,31.9,0.026,31.9,0.020,31.9
665.0,0.025,31.9,0.027,31.9,0.028,31.9,0.024,31.9
665.5,0.020,31.9,0.019,31.9,0.018,31.9,0.026,31.9
666.0,0.023,31.9,0.021,31.9,0.014,31.9,0.025,31.9
666.5,0.022,31.9,0.022,31.9,0.020,31.9,0.022,31.9
667.0,0.020,31.9,0.019,31.9,0.019,31.9,0.019,31.9
667.5,0.018,31.9,0.017,31.9,0.018,31.9,0.017,31.9
668.0,0.019,32.0,0.018,31.9,0.019,32.0,0.018,31.9
668.5,0.028,32.0,0.027,32.0,0.036,32.0,0.022,31.9
669.0,0.027,32.0,0.029,32.0,0.032,32.0,0.029,32.0
669.5,0.030,31.9,0.025,31.9,0.031,31.9,0.031,31.9
670.0,0.030,31.9,0.027,31.9,0.037,31.9,0.030,31.9
670.5,0.024,31.9,0.024,31.9,0.026,31.9,0.027,31.9
671.0,0.026,31.9,0.033,31.9,0.024,31.9,0.023,31.9
671.5,0.026,31.9,0.029,31.9,0.025,31.9,0.024,32.0
672.0,0.027,31.9,0.028,31.9,0.030,31.9,0.026,32.0
672.5,0.024,31.9,0.028,31.9,0.027,31.9,0.023,31.9
673.0,0.016,31.9,0.017,31.9,0.023,31.9,0.014,31.9
673.5,0.016,32.0,0.016,31.9,0.016,31.9,0.016,31.9
674.0,0.016,32.0,0.016,31.9,0.017,32.0,0.015,31.9
674.5,0.018,32.0,0.022,32.0,0.018,32.0,0.015,31.9
675.0,0.018,32.0,0.020,32.0,0.019,32.0,0.018,32.0
675.5,0.018,32.0,0.018,32.0,0.019,32.0,0.019,32.0
676.0,0.017,32.0,0.018,32.0,0.017,32.0,0.016,32.0
676.5,0.013,32.0,0.012,32.0,0.014,32.0,0.011,32.0
677.0,0.014,32.1,0.015,32.0,0.015,32.0,0.011,32.1
677.5,0.009,32.1,0.010,32.1,0.011,32.0,0.006,32.1
678.0,0.015,32.1,0.015,32.1,0.014,32.1,0.016,32.1
678.5,0.017,32.1,0.017,32.1,0.016,32.1,0.022,32.1
679.0,0.016,32.1,0.020,32.1,0.013,32.1,0.014,32.1
679.5,0.018,32.1,0.019,32.1,0.020,32.1,0.017,32.1
680.0,0.015,32.1,0.016,32.1,0.020,32.1,0.016,32.1
680.5,0.018,32.1,0.021,32.1,0.019,32.1,0.020,32.1
681.0,0.017,32.1,0.019,32.1,0.018,32.1,0.019,32.1
681.5,0.017,32.1,0.018,32.1,0.016,32.1,0.018,32.1
682.0,0.016,32.1,0.016,32.1,0.014,32.1,0.015,32.1
682.5,0.009,32.1,0.009,32.1,0.008,32.1,0.010,32.2
683.0,0.007,32.2,0.008,32.2,0.009,32.1,0.004,32.1
683.5,0.007,32.2,0.007,32.2,0.004,32.2,0.010,32.1
684.0,0.009,32.2,0.007,32.2,0.007,32.2,0.009,32.2
684.5,0.008,32.2,0.008,32.2,0.008,32.2,0.011,32.2
685.0,0.007,32.2,0.007,32.2,0.008,32.2,0.011,32.2
685.5,0.008,32.2,0.007,32.2,0.014,32.2,0.008,32.2
686.0,0.003,32.2,0.002,32.2,0.008,32.2,0.010,32.3
686.5,0.001,32.3,0.001,32.3,-0.000,32.3,0.004,32.3
687.0,0.008,32.3,0.005,32.3,0.004,32.3,0.008,32.3
687.5,0.010,32.3,0.009,32.3,0.009,32.3,0.012,32.3
688.0,0.010,32.3,0.012,32.3,0.010,32.3,0.011,32.3
688.5,0.010,32.3,0.009,32.3,0.009,32.3,0.009,32.3
689.0,0.012,32.3,0.013,32.3,0.013,32.3,0.010,32.3
689.5,0.010,32.3,0.013,32.3,0.012,32.3,0.008,32.3
690.0,0.011,32.3,0.012,32.3,0.009,32.3,0.009,32.3
690.5,0.012,32.3,0.014,32.3,0.010,32.3,0.011,32.3
691.0,0.010,32.3,0.009,32.4,0.008,32.3,0.010,32.3
691.5,0.010,32.3,0.013,32.3,0.011,32.3,0.008,32.3
692.0,0.001,32.3,-0.000,32.3,0.007,32.3,-0.000,32.3
692.5,0.002,32.3,0.003,32.3,0.002,32.4,0.003,32.4
693.0,0.004,32.4,0.004,32.4,0.003,32.4,0.012,32.4
693.5,0.005,32.4,0.006,32.4,0.004,32.4,0.005,32.4
694.0,0.004,32.4,0.004,32.4,0.004,32.4,0.002,32.4
694.5,0.002,32.4,0.002,32.5,0.002,32.4,0.002,32.3
695.0,0.003,32.4,-0.001,32.4,0.006,32.5,0.002,32.3
695.5,-0.002,32.5,-0.003,32.4,-0.002,32.5,0.003,32.4
696.0,0.003,32.5,0.000,32.4,-0.001,32.5,0.006,32.5
696.5,0.003,32.5,0.002,32.5,0.002,32.5,0.009,32.5
697.0,0.002,32.5,0.002,32.5,0.002,32.5,0.002,32.5
697.5,0.003,32.5,0.005,32.5,0.002,32.5,0.008,32.5
698.0,0.000,32.5,0.003,32.5,0.002,32.5,0.003,32.6
698.5,-0.004,32.5,-0.003,32.5,-0.000,32.5,-0.002,32.5
699.0,-0.015,32.5,-0.014,32.5,-0.012,32.5,-0.014,32.6
699.5,-0.029,32.6,-0.029,32.6,-0.024,32.6,-0.028,32.6
700.0,-0.060,32.6,-0.061,32.6,-0.049,32.6,-0.053,32.6
700.5,-0.086,32.6,-0.086,32.6,-0.085,32.6,-0.083,32.6
701.0,-0.073,32.6,-0.073,32.6,-0.088,32.6,-0.075,32.6
701.5,-0.041,32.6,-0.043,32.6,-0.054,32.7,-0.052,32.6
702.0,-0.021,32.7,-0.020,32.7,-0.026,32.7,-0.023,32.7
702.5,-0.014,32.7,-0.013,32.7,-0.012,32.7,-0.014,32.7
703.0,-0.012,32.7,-0.012,32.7,-0.012,32.7,-0.014,32.7
703.5,-0.015,32.8,-0.015,32.8,-0.015,32.8,-0.013,32.7
704.0,-0.018,32.8,-0.017,32.8,-0.017,32.8,-0.016,32.8
704.5,-0.013,32.8,-0.014,32.8,-0.013,32.8,-0.013,32.8
705.0,-0.013,32.8,-0.014,32.8,-0.013,32.8,-0.012,32.9
705.5,-0.023,32.9,-0.022,32.9,-0.020,32.8,-0.022,32.9
706.0,-0.027,32.9,-0.027,32.8,-0.026,32.8,-0.027,32.9
706.5,-0.030,32.9,-0.032,32.9,-0.028,32.9,-0.030,32.9
707.0,-0.031,32.9,-0.032,32.9,-0.030,32.9,-0.032,32.9
707.5,-0.028,32.9,-0.029,32.9,-0.028,32.9,-0.027,32.9
708.0,-0.028,33.0,-0.028,33.0,-0.028,32.9,-0.027,32.9
708.5,-0.027,33.0,-0.028,33.0,-0.026,32.9,-0.034,32.9
709.0,-0.029,33.0,-0.029,33.0,-0.026,32.9,-0.032,33.0
709.5,-0.034,33.0,-0.032,33.0,-0.030,33.0,-0.030,33.0
710.0,-0.042,33.0,-0.044,33.0,-0.039,33.0,-0.039,33.0
710.5,-0.045,33.0,-0.046,33.0,-0.043,33.0,-0.045,33.0
711.0,-0.045,33.0,-0.045,33.0,-0.046,33.0,-0.045,33.0
711.5,-0.038,33.0,-0.038,33.0,-0.046,33.0,-0.039,33.0
712.0,-0.032,33.0,-0.032,33.0,-0.036,33.0,-0.031,33.0
712.5,-0.024,33.0,-0.025,33.0,-0.028,33.0,-0.025,33.0
713.0,-0.015,33.0,-0.014,33.0,-0.018,33.1,-0.016,33.0
713.5,-0.009,33.1,-0.009,33.1,-0.010,33.0,-0.009,33.1
714.0,-0.016,33.1,-0.016,33.1,-0.008,33.0,-0.013,33.1
714.5,-0.022,33.1,-0.022,33.1,-0.011,33.0,-0.022,33.1
715.0,-0.024,33.1,-0.024,33.1,-0.023,33.1,-0.023,33.1
715.5,-0.024,33.1,-0.023,33.1,-0.023,33.1,-0.024,33.1
716.0,-0.013,33.1,-0.014,33.1,-0.013,33.1,-0.017,33.1
716.5,-0.006,33.1,-0.007,33.2,-0.005,33.2,-0.007,33.1
717.0,-0.001,33.1,-0.002,33.1,-0.001,33.2,-0.001,33.1
717.5,0.008,33.2,0.010,33.2,0.005,33.2,0.006,33.2
718.0,0.013,33.1,0.011,33.1,0.015,33.2,0.012,33.2
718.5,0.000,33.2,-0.000,33.1,-0.000,33.1,0.003,33.1
719.0,-0.005,33.1,-0.006,33.1,-0.005,33.1,-0.006,33.1
719.5,-0.007,33.1,-0.005,33.1,-0.006,33.1,-0.007,33.1
720.0,-0.004,33.1,-0.005,33.1,-0.006,33.1,-0.004,33.1
720.5,-0.001,33.1,0.001,33.2,-0.001,33.1,-0.003,33.2
721.0,0.000,33.1,0.001,33.2,0.000,33.1,0.002,33.2
721.5,0.004,33.2,0.004,33.2,0.003,33.2,-0.002,33.2
722.0,0.006,33.1,0.008,33.1,0.005,33.1,0.004,33.1
722.5,0.007,33.1,0.008,33.1,0.007,33.1,0.007,33.1
723.0,0.008,33.1,0.007,33.1,0.007,33.1,0.009,33.1
723.5,0.001,33.1,0.001,33.1,0.003,33.1,0.002,33.1
724.0,0.007,33.1,0.008,33.1,0.007,33.1,0.008,33.1
724.5,0.014,33.1,0.013,33.1,0.010,33.1,0.017,33.1
725.0,0.020,33.1,0.020,33.1,0.021,33.1,0.019,33.1
725.5,0.020,33.1,0.020,33.1,0.019,33.1,0.021,33.1
726.0,0.020,33.0,0.018,33.0,0.017,33.0,0.026,33.0
726.5,0.023,33.0,0.023,33.0,0.023,33.0,0.026,33.0
727.0,0.022,33.0,0.023,33.0,0.020,33.0,0.024,33.0
727.5,0.026,33.0,0.026,33.0,0.024,33.0,0.028,33.0
728.0,0.014,32.9,0.014,32.9,0.017,32.9,0.015,32.9
728.5,0.010,32.9,0.009,32.9,0.009,32.9,0.011,32.9
729.0,0.015,32.9,0.014,32.9,0.013,32.9,0.021,32.9
729.5,0.019,32.9,0.021,32.9,0.017,32.9,0.021,32.9
730.0,0.022,32.9,0.023,32.9,0.021,32.9,0.023,32.9
730.5,0.021,32.9,0.020,32.9,0.020,32.9,0.021,32.9
731.0,0.021,32.9,0.021,32.9,0.014,32.8,0.021,32.9
731.5,0.020,32.9,0.019,32.9,0.014,32.8,0.020,32.9
732.0,0.015,32.9,0.015,32.8,0.012,32.9,0.016,32.9
732.5,0.013,32.8,0.012,32.9,0.014,32.8,0.014,32.9
733.0,0.008,32.8,0.009,32.9,0.008,32.9,0.008,32.8
733.5,0.009,32.9,0.012,32.9,0.005,32.9,0.006,32.8
734.0,0.022,32.8,0.022,32.8,0.016,32.8,0.023,32.9
734.5,0.026,32.8,0.027,32.8,0.025,32.8,0.031,32.8
735.0,0.030,32.8,0.030,32.8,0.033,32.8,0.030,32.8
735.5,0.027,32.8,0.027,32.8,0.025,32.8,0.038,32.8
736.0,0.029,32.8,0.032,32.8,0.028,32.8,0.034,32.8
736.5,0.028,32.8,0.033,32.8,0.027,32.7,0.029,32.7
737.0,0.025,32.7,0.026,32.7,0.020,32.8,0.024,32.7
737.5,0.021,32.7,0.023,32.7,0.020,32.7,0.023,32.7
738.0,0.015,32.7,0.015,32.7,0.013,32.7,0.017,32.7
738.5,0.016,32.7,0.017,32.7,0.019,32.7,0.016,32.7
739.0,0.019,32.7,0.018,32.7,0.014,32.7,0.019,32.8
739.5,0.025,32.7,0.022,32.7,0.025,32.7,0.021,32.7
740.0,0.024,32.7,0.024,32.7,0.024,32.8,0.022,32.7
740.5,0.020,32.7,0.020,32.7,0.021,32.7,0.018,32.7
741.0,0.019,32.7,0.018,32.8,0.019,32.7,0.019,32.7
741.5,0.015,32.7,0.015,32.7,0.016,32.8,0.015,32.7
742.0,0.015,32.7,0.016,32.7,0.016,32.7,0.010,32.7
742.5,0.011,32.7,0.010,32.8,0.012,32.7,0.012,32.7
743.0,0.010,32.8,0.011,32.8,0.010,32.7,0.009,32.8
743.5,0.021,32.8,0.020,32.8,0.017,32.8,0.020,32.7
744.0,0.022,32.8,0.022,32.8,0.018,32.8,0.023,32.8
744.5,0.030,32.8,0.030,32.8,0.026,32.7,0.034,32.8
745.0,0.029,32.7,0.029,32.7,0.029,32.7,0.029,32.8
745.5,0.031,32.7,0.028,32.7,0.027,32.7,0.033,32.7
746.0,0.029,32.7,0.030,32.7,0.027,32.7,0.029,32.7
746.5,0.026,32.7,0.027,32.7,0.028,32.7,0.025,32.6
747.0,0.022,32.7,0.022,32.7,0.022,32.7,0.027,32.6
747.5,0.021,32.7,0.021,32.7,0.018,32.7,0.026,32.7
748.0,0.022,32.7,0.021,32.7,0.023,32.7,0.028,32.7
748.5,0.018,32.7,0.018,32.7,0.020,32.7,0.020,32.7
749.0,0.020,32.7,0.020,32.7,0.016,32.7,0.019,32.7
749.5,0.024,32.7,0.027,32.7,0.017,32.7,0.022,32.7
750.0,0.022,32.7,0.023,32.7,0.022,32.7,0.022,32.7
750.5,0.023,32.7,0.025,32.7,0.020,32.7,0.029,32.7
751.0,0.020,32.7,0.020,32.7,0.021,32.7,0.022,32.7
751.5,0.019,32.7,0.019,32.7,0.019,32.7,0.021,32.7
752.0,0.016,32.7,0.015,32.7,0.019,32.7,0.016,32.7
752.5,0.011,32.7,0.010,32.7,0.012,32.7,0.013,32.7
753.0,0.020,32.7,0.018,32.7,0.016,32.7,0.023,32.7
753.5,0.021,32.7,0.022,32.7,0.019,32.7,0.019,32.7
754.0,0.022,32.7,0.021,32.7,0.018,32.8,0.025,32.7
754.5,0.028,32.7,0.025,32.7,0.025,32.7,0.031,32.7
755.0,0.027,32.7,0.024,32.7,0.027,32.7,0.028,32.7
755.5,0.027,32.7,0.028,32.7,0.026,32.7,0.027,32.7
756.0,0.025,32.7,0.028,32.7,0.025,32.7,0.026,32.7
756.5,0.026,32.7,0.024,32.7,0.028,32.7,0.023,32.6
757.0,0.021,32.7,0.022,32.7,0.022,32.6,0.024,32.7
757.5,0.015,32.7,0.015,32.7,0.016,32.6,0.017,32.7
758.0,0.008,32.7,0.008,32.7,0.012,32.6,0.010,32.7
758.5,0.015,32.7,0.015,32.7,0.016,32.7,0.010,32.7
759.0,0.023,32.7,0.027,32.8,0.020,32.7,0.024,32.8
759.5,0.022,32.7,0.027,32.7,0.019,32.8,0.022,32.8
760.0,0.022,32.7,0.023,32.7,0.021,32.8,0.024,32.7
760.5,0.020,32.7,0.020,32.7,0.021,32.7,0.018,32.7
761.0,0.019,32.7,0.019,32.7,0.018,32.7,0.017,32.7
761.5,0.015,32.8,0.016,32.7,0.014,32.8,0.014,32.7
762.0,0.011,32.8,0.013,32.8,0.011,32.8,0.010,32.7
762.5,0.010,32.8,0.012,32.8,0.011,32.7,0.007,32.7
763.0,0.012,32.8,0.013,32.8,0.010,32.8,0.015,32.8
763.5,0.022,32.8,0.023,32.8,0.014,32.8,0.024,32.8
764.0,0.026,32.8,0.025,32.8,0.022,32.8,0.028,32.8
764.5,0.026,32.8,0.025,32.8,0.024,32.8,0.026,32.7
765.0,0.032,32.8,0.036,32.8,0.031,32.8,0.028,32.8
765.5,0.028,32.7,0.029,32.8,0.028,32.8,0.029,32.7
766.0,0.031,32.7,0.029,32.7,0.027,32.7,0.032,32.7
766.5,0.029,32.7,0.028,32.7,0.028,32.7,0.035,32.7
767.0,0.025,32.7,0.023,32.7,0.024,32.7,0.042,32.7
767.5,0.015,32.7,0.014,32.7,0.013,32.6,0.025,32.7
768.0,0.012,32.7,0.012,32.7,0.012,32.7,0.013,32.7
768.5,0.017,32.7,0.017,32.8,0.010,32.7,0.011,32.7
769.0,0.023,32.7,0.022,32.8,0.020,32.7,0.022,32.7
769.5,0.025,32.7,0.027,32.7,0.024,32.7,0.024,32.8
770.0,0.024,32.7,0.025,32.7,0.035,32.7,0.031,32.8
770.5,0.018,32.7,0.020,32.7,0.019,32.8,0.016,32.7
771.0,0.019,32.7,0.019,32.7,0.018,32.8,0.022,32.8
771.5,0.014,32.8,0.015,32.8,0.013,32.8,0.015,32.7
772.0,0.011,32.8,0.010,32.8,0.011,32.7,0.013,32.8
772.5,0.009,32.8,0.012,32.7,0.007,32.8,0.011,32.8
773.0,0.016,32.8,0.018,32.8,0.013,32.8,0.008,32.8
773.5,0.024,32.8,0.022,32.8,0.021,32.8,0.023,32.8
774.0,0.026,32.8,0.022,32.8,0.025,32.8,0.022,32.8
774.5,0.032,32.8,0.028,32.8,0.033,32.8,0.027,32.8
775.0,0.029,32.8,0.029,32.8,0.026,32.8,0.030,32.7
775.5,0.029,32.8,0.030,32.8,0.028,32.8,0.030,32.7
776.0,0.027,32.7,0.034,32.8,0.028,32.7,0.033,32.7
776.5,0.024,32.7,0.024,32.7,0.028,32.8,0.022,32.7
777.0,0.021,32.7,0.021,32.7,0.029,32.7,0.021,32.7
777.5,0.014,32.7,0.017,32.7,0.024,32.7,0.013,32.7
778.0,0.016,32.7,0.019,32.7,0.016,32.7,0.008,32.7
778.5,0.020,32.8,0.022,32.7,0.023,32.8,0.017,32.8
779.0,0.021,32.8,0.020,32.8,0.021,32.8,0.026,32.7
779.5,0.022,32.8,0.021,32.8,0.022,32.8,0.026,32.8
780.0,0.019,32.7,0.020,32.7,0.016,32.8,0.018,32.8
780.5,0.019,32.8,0.019,32.8,0.018,32.8,0.022,32.8
781.0,0.016,32.7,0.017,32.8,0.016,32.7,0.020,32.8
781.5,0.013,32.8,0.013,32.8,0.012,32.8,0.014,32.8
782.0,0.011,32.8,0.010,32.8,0.011,32.8,0.015,32.8
782.5,0.007,32.8,0.009,32.8,0.010,32.8,0.006,32.8
783.0,0.016,32.8,0.016,32.8,0.014,32.8,0.017,32.8
783.5,0.023,32.9,0.023,32.9,0.026,32.9,0.026,32.9
784.0,0.027,32.8,0.025,32.8,0.033,32.9,0.029,32.8
784.5,0.030,32.8,0.027,32.8,0.044,32.8,0.032,32.8
785.0,0.027,32.8,0.026,32.8,0.040,32.8,0.024,32.8
785.5,0.028,32.8,0.029,32.8,0.027,32.8,0.029,32.8
786.0,0.024,32.7,0.026,32.7,0.023,32.8,0.027,32.8
786.5,0.025,32.8,0.025,32.8,0.028,32.8,0.022,32.8
787.0,0.021,32.8,0.019,32.8,0.026,32.8,0.023,32.8
787.5,0.015,32.8,0.014,32.7,0.015,32.8,0.022,32.8
788.0,0.020,32.8,0.020,32.8,0.018,32.7,0.018,32.8
788.5,0.024,32.8,0.024,32.8,0.032,32.7,0.023,32.8
789.0,0.026,32.8,0.026,32.8,0.030,32.7,0.030,32.8
789.5,0.024,32.8,0.023,32.8,0.023,32.8,0.024,32.8
790.0,0.023,32.8,0.023,32.8,0.022,32.8,0.021,32.8
790.5,0.020,32.8,0.022,32.8,0.020,32.8,0.024,32.7
791.0,0.015,32.8,0.014,32.8,0.013,32.8,0.015,32.7
791.5,0.014,32.8,0.013,32.8,0.014,32.7,0.012,32.8
792.0,0.011,32.8,0.011,32.8,0.015,32.8,0.012,32.8
792.5,0.013,32.8,0.012,32.8,0.013,32.8,0.008,32.8
793.0,0.022,32.8,0.019,32.8,0.021,32.8,0.014,32.8
793.5,0.025,32.8,0.022,32.8,0.022,32.8,0.031,32.9
794.0,0.027,32.8,0.026,32.8,0.027,32.8,0.028,32.9
794.5,0.026,32.8,0.026,32.8,0.029,32.8,0.025,32.8
795.0,0.027,32.8,0.025,32.8,0.024,32.8,0.026,32.8
795.5,0.028,32.8,0.026,32.8,0.025,32.8,0.031,32.8
796.0,0.027,32.8,0.028,32.8,0.025,32.8,0.037,32.8
796.5,0.027,32.8,0.027,32.8,0.026,32.8,0.029,32.7
797.0,0.024,32.8,0.023,32.8,0.022,32.7,0.027,32.8
797.5,0.026,32.8,0.025,32.8,0.022,32.7,0.028,32.8
798.0,0.023,32.7,0.023,32.8,0.024,32.7,0.022,32.8
798.5,0.026,32.8,0.025,32.8,0.030,32.8,0.026,32.8
799.0,0.024,32.8,0.024,32.8,0.025,32.8,0.029,32.7
799.5,0.022,32.7,0.023,32.8,0.026,32.8,0.021,32.8
800.0,0.022,32.8,0.021,32.8,0.025,32.8,0.020,32.7
800.5,0.018,32.8,0.018,32.8,0.017,32.8,0.025,32.8
801.0,0.019,32.8,0.017,32.8,0.019,32.8,0.021,32.7
801.5,0.017,32.8,0.018,32.8,0.016,32.8,0.018,32.8
802.0,0.015,32.8,0.018,32.8,0.014,32.8,0.013,32.8
802.5,0.024,32.8,0.024,32.8,0.020,32.8,0.020,32.8
803.0,0.023,32.8,0.020,32.8,0.024,32.8,0.023,32.8
803.5,0.028,32.8,0.026,32.8,0.027,32.8,0.024,32.8
804.0,0.029,32.8,0.031,32.8,0.027,32.8,0.031,32.8
804.5,0.031,32.8,0.031,32.8,0.029,32.8,0.028,32.8
805.0,0.030,32.8,0.032,32.7,0.028,32.8,0.031,32.7
805.5,0.027,32.7,0.028,32.7,0.024,32.8,0.035,32.8
806.0,0.026,32.8,0.024,32.7,0.023,32.8,0.026,32.8
806.5,0.024,32.8,0.022,32.8,0.032,32.7,0.024,32.8
807.0,0.024,32.8,0.028,32.8,0.024,32.7,0.023,32.8
807.5,0.026,32.8,0.027,32.8,0.020,32.7,0.028,32.8
808.0,0.023,32.8,0.025,32.7,0.021,32.7,0.021,32.8
808.5,0.025,32.8,0.024,32.8,0.030,32.8,0.023,32.7
809.0,0.024,32.7,0.026,32.7,0.023,32.8,0.020,32.7
809.5,0.024,32.8,0.026,32.8,0.022,32.8,0.020,32.8
810.0,0.021,32.7,0.021,32.7,0.021,32.7,0.024,32.8
810.5,0.021,32.8,0.021,32.8,0.018,32.7,0.025,32.7
811.0,0.019,32.8,0.020,32.8,0.019,32.8,0.033,32.7
811.5,0.016,32.8,0.016,32.8,0.016,32.8,0.021,32.8
812.0,0.024,32.8,0.026,32.8,0.018,32.8,0.020,32.8
812.5,0.026,32.8,0.026,32.8,0.025,32.8,0.029,32.8
813.0,0.031,32.8,0.028,32.8,0.027,32.8,0.028,32.9
813.5,0.031,32.8,0.031,32.8,0.033,32.8,0.029,32.8
814.0,0.030,32.8,0.031,32.8,0.028,32.8,0.028,32.8
814.5,0.031,32.8,0.035,32.8,0.029,32.8,0.030,32.8
815.0,0.030,32.7,0.025,32.7,0.029,32.8,0.026,32.8
815.5,0.035,32.7,0.034,32.7,0.032,32.7,0.035,32.7
816.0,0.030,32.7,0.027,32.7,0.035,32.7,0.032,32.7
816.5,0.031,32.7,0.030,32.7,0.028,32.7,0.027,32.7
817.0,0.031,32.7,0.030,32.7,0.027,32.7,0.031,32.7
817.5,0.025,32.7,0.026,32.7,0.025,32.7,0.026,32.7
818.0,0.027,32.7,0.025,32.7,0.024,32.7,0.028,32.7
818.5,0.025,32.7,0.023,32.7,0.024,32.7,0.022,32.7
819.0,0.026,32.7,0.031,32.7,0.027,32.7,0.022,32.7
819.5,0.023,32.7,0.027,32.7,0.026,32.7,0.021,32.7
820.0,0.020,32.7,0.019,32.7,0.023,32.7,0.018,32.7
820.5,0.020,32.7,0.020,32.7,0.017,32.7,0.022,32.7
821.0,0.019,32.7,0.017,32.7,0.016,32.8,0.022,32.7
821.5,0.024,32.8,0.021,32.8,0.019,32.8,0.029,32.8
822.0,0.027,32.8,0.029,32.8,0.026,32.7,0.028,32.8
822.5,0.025,32.8,0.027,32.8,0.027,32.8,0.024,32.7
823.0,0.026,32.8,0.026,32.8,0.023,32.8,0.024,32.7
823.5,0.024,32.8,0.024,32.8,0.022,32.8,0.026,32.8
824.0,0.027,32.8,0.025,32.7,0.029,32.7,0.030,32.8
824.5,0.026,32.8,0.023,32.8,0.029,32.8,0.025,32.7
825.0,0.029,32.8,0.028,32.7,0.027,32.8,0.028,32.8
825.5,0.028,32.8,0.032,32.8,0.029,32.7,0.029,32.8
826.0,0.025,32.7,0.026,32.7,0.026,32.7,0.032,32.7
826.5,0.027,32.7,0.027,32.8,0.026,32.7,0.023,32.7
827.0,0.015,32.8,0.017,32.8,0.024,32.8,0.020,32.8
827.5,0.019,32.8,0.024,32.8,0.020,32.8,0.018,32.8
828.0,0.020,32.8,0.023,32.8,0.020,32.8,0.019,32.8
828.5,0.021,32.8,0.023,32.8,0.024,32.8,0.022,32.8
829.0,0.023,32.8,0.026,32.8,0.023,32.8,0.019,32.8
829.5,0.019,32.8,0.019,32.8,0.022,32.8,0.020,32.8
830.0,0.022,32.8,0.028,32.8,0.023,32.8,0.020,32.8
830.5,0.020,32.8,0.025,32.8,0.020,32.8,0.020,32.8
831.0,0.020,32.8,0.025,32.8,0.021,32.8,0.017,32.9
831.5,0.018,32.8,0.019,32.8,0.030,32.8,0.018,32.8
832.0,0.019,32.9,0.018,32.9,0.020,32.8,0.016,32.8
832.5,0.026,32.8,0.030,32.9,0.024,32.8,0.026,32.9
833.0,0.026,32.8,0.027,32.8,0.022,32.8,0.026,32.8
833.5,0.028,32.8,0.028,32.8,0.026,32.9,0.027,32.8
834.0,0.028,32.8,0.025,32.8,0.026,32.8,0.030,32.8
834.5,0.026,32.8,0.024,32.8,0.025,32.8,0.034,32.8
835.0,0.025,32.8,0.024,32.8,0.028,32.8,0.025,32.8
835.5,0.023,32.8,0.022,32.8,0.028,32.8,0.022,32.8
836.0,0.015,32.8,0.015,32.8,0.024,32.8,0.020,32.8
836.5,0.008,32.8,0.004,32.8,0.012,32.8,0.014,32.8
837.0,0.012,32.8,0.007,32.8,0.014,32.9,0.010,32.8
837.5,0.015,32.9,0.014,32.8,0.025,32.9,0.015,32.9
838.0,0.008,32.9,0.009,32.9,0.009,32.9,0.016,32.9
838.5,0.014,32.9,0.012,32.9,0.011,32.9,0.016,32.9
839.0,0.012,32.9,0.009,32.9,0.013,32.9,0.015,33.0
839.5,0.015,32.9,0.012,33.0,0.008,33.0,0.018,32.9
840.0,0.013,33.0,0.013,33.0,0.014,33.0,0.012,32.9
840.5,0.010,33.0,0.010,33.0,0.011,33.0,0.009,33.0
841.0,0.007,33.0,0.008,33.0,0.005,33.0,0.009,33.0
841.5,0.010,33.0,0.011,33.0,0.017,33.0,0.012,33.0
842.0,0.013,33.0,0.009,33.0,0.013,33.0,0.010,33.0
842.5,0.015,33.0,0.016,33.0,0.011,33.0,0.016,33.1
843.0,0.014,33.0,0.017,33.0,0.011,33.0,0.020,33.1
843.5,0.016,33.0,0.021,33.0,0.014,33.0,0.018,33.0
844.0,0.012,33.0,0.011,33.0,0.009,33.0,0.011,33.0
844.5,0.014,33.0,0.011,33.0,0.013,33.0,0.014,33.0
845.0,0.011,33.0,0.015,33.1,0.009,33.0,0.014,33.0
845.5,0.009,33.0,0.012,33.1,0.004,33.1,0.010,33.0
846.0,0.009,33.1,0.008,33.1,0.006,33.0,0.012,33.1
846.5,0.001,33.1,0.000,33.1,0.000,33.1,0.000,33.1
847.0,0.001,33.1,0.003,33.1,-0.001,33.1,-0.002,33.1
847.5,0.004,33.1,0.005,33.1,0.002,33.1,0.006,33.1
848.0,0.008,33.1,0.005,33.1,0.007,33.1,0.008,33.1
848.5,0.009,33.1,0.007,33.1,0.012,33.1,0.008,33.2
849.0,0.009,33.1,0.008,33.1,0.011,33.1,0.011,33.2
849.5,0.006,33.2,0.006,33.2,0.006,33.1,0.008,33.2
850.0,0.003,33.2,0.003,33.2,0.007,33.2,0.004,33.2
850.5,0.001,33.2,0.002,33.2,0.002,33.2,0.007,33.2
851.0,0.005,33.2,0.005,33.2,0.003,33.2,0.006,33.2
851.5,0.008,33.2,0.009,33.2,0.005,33.2,0.001,33.2
852.0,0.012,33.2,0.013,33.2,0.010,33.2,0.010,33.2
852.5,0.010,33.2,0.011,33.2,0.008,33.3,0.014,33.2
853.0,0.011,33.2,0.011,33.2,0.010,33.2,0.012,33.2
853.5,0.009,33.2,0.008,33.2,0.011,33.2,0.010,33.2
854.0,0.008,33.2,0.010,33.3,0.006,33.2,0.007,33.2
854.5,0.006,33.2,0.007,33.2,0.006,33.2,0.004,33.2
855.0,0.007,33.2,0.007,33.2,0.011,33.2,0.004,33.2
855.5,0.004,33.2,0.005,33.2,0.007,33.2,0.003,33.2
856.0,-0.003,33.2,0.000,33.2,-0.003,33.2,-0.002,33.3
856.5,-0.001,33.3,-0.003,33.3,0.001,33.3,-0.002,33.3
857.0,-0.002,33.3,-0.004,33.3,-0.001,33.3,-0.002,33.3
857.5,-0.002,33.3,-0.003,33.3,0.000,33.3,-0.000,33.3
858.0,-0.004,33.3,-0.005,33.3,-0.003,33.3,-0.005,33.3
858.5,-0.016,33.3,-0.014,33.3,-0.014,33.4,-0.016,33.3
859.0,-0.035,33.4,-0.034,33.4,-0.031,33.4,-0.031,33.3
859.5,-0.056,33.4,-0.056,33.4,-0.055,33.4,-0.055,33.4
860.0,-0.070,33.4,-0.070,33.4,-0.068,33.4,-0.071,33.4
860.5,-0.068,33.4,-0.069,33.4,-0.067,33.4,-0.069,33.4
861.0,-0.051,33.4,-0.051,33.4,-0.051,33.4,-0.055,33.5
861.5,-0.030,33.4,-0.031,33.4,-0.036,33.4,-0.032,33.5
862.0,-0.021,33.5,-0.021,33.5,-0.023,33.4,-0.020,33.5
862.5,-0.017,33.5,-0.017,33.5,-0.019,33.5,-0.017,33.5
863.0,-0.017,33.5,-0.017,33.5,-0.018,33.5,-0.017,33.6
863.5,-0.028,33.6,-0.027,33.6,-0.022,33.5,-0.024,33.6
864.0,-0.038,33.6,-0.036,33.6,-0.038,33.6,-0.038,33.6
864.5,-0.043,33.6,-0.044,33.6,-0.040,33.6,-0.042,33.6
865.0,-0.046,33.6,-0.046,33.6,-0.049,33.6,-0.041,33.6
865.5,-0.035,33.6,-0.038,33.6,-0.037,33.6,-0.036,33.6
866.0,-0.023,33.6,-0.024,33.6,-0.029,33.6,-0.023,33.6
866.5,-0.021,33.7,-0.021,33.6,-0.021,33.6,-0.020,33.7
867.0,-0.023,33.7,-0.024,33.7,-0.022,33.7,-0.022,33.7
867.5,-0.023,33.7,-0.023,33.7,-0.023,33.7,-0.024,33.7
868.0,-0.021,33.7,-0.020,33.7,-0.020,33.7,-0.020,33.7
868.5,-0.023,33.7,-0.022,33.7,-0.019,33.7,-0.024,33.7
869.0,-0.032,33.7,-0.030,33.8,-0.024,33.8,-0.031,33.7
869.5,-0.039,33.8,-0.039,33.8,-0.033,33.8,-0.037,33.8
870.0,-0.035,33.7,-0.035,33.7,-0.035,33.7,-0.036,33.7
870.5,-0.034,33.8,-0.035,33.8,-0.036,33.8,-0.035,33.8
871.0,-0.032,33.8,-0.033,33.8,-0.034,33.8,-0.032,33.8
871.5,-0.026,33.8,-0.028,33.8,-0.025,33.8,-0.026,33.7
872.0,-0.022,33.8,-0.024,33.8,-0.020,33.8,-0.021,33.8
872.5,-0.027,33.8,-0.026,33.8,-0.025,33.8,-0.023,33.8
873.0,-0.035,33.8,-0.033,33.8,-0.034,33.8,-0.033,33.8
873.5,-0.038,33.8,-0.037,33.8,-0.036,33.9,-0.036,33.9
874.0,-0.036,33.8,-0.035,33.8,-0.036,33.8,-0.037,33.8
874.5,-0.031,33.8,-0.031,33.8,-0.032,33.8,-0.034,33.8
875.0,-0.025,33.9,-0.025,33.8,-0.027,33.8,-0.028,33.8
875.5,-0.014,33.9,-0.013,33.8,-0.017,33.8,-0.016,33.9
876.0,-0.001,33.9,0.000,33.9,-0.002,33.8,-0.001,33.9
876.5,0.005,33.9,0.004,33.9,0.004,33.8,0.002,33.9
877.0,0.005,33.9,0.007,33.9,0.005,33.9,0.006,33.9
877.5,0.001,33.9,0.000,33.9,0.002,33.9,0.001,33.9
878.0,-0.004,33.9,-0.004,33.9,-0.002,33.9,-0.004,33.9
878.5,-0.010,33.9,-0.009,33.9,-0.009,33.9,-0.008,33.9
879.0,-0.006,33.9,-0.006,33.9,-0.007,33.9,-0.007,33.9
879.5,0.004,33.9,0.003,33.9,-0.001,33.9,0.004,33.9
880.0,0.008,33.9,0.007,33.9,0.006,33.8,0.010,33.9
880.5,0.013,33.9,0.012,33.9,0.017,33.9,0.012,33.9
881.0,0.014,33.8,0.016,33.9,0.016,33.9,0.017,33.9
881.5,0.016,33.8,0.016,33.8,0.014,33.8,0.017,33.8
882.0,0.005,33.8,0.004,33.8,0.014,33.8,0.004,33.8
882.5,-0.001,33.8,-0.003,33.8,0.004,33.8,-0.003,33.8
883.0,0.003,33.8,0.002,33.8,-0.002,33.8,0.003,33.8
883.5,0.009,33.8,0.008,33.8,0.011,33.8,0.010,33.8
884.0,0.011,33.8,0.010,33.8,0.011,33.8,0.014,33.8
884.5,0.014,33.8,0.013,33.8,0.013,33.8,0.021,33.8
885.0,0.013,33.8,0.016,33.8,0.009,33.8,0.011,33.8
885.5,0.018,33.7,0.019,33.7,0.016,33.8,0.018,33.8
886.0,0.014,33.7,0.013,33.7,0.016,33.7,0.014,33.7
886.5,0.013,33.7,0.016,33.8,0.014,33.7,0.011,33.7
887.0,0.006,33.7,0.011,33.7,0.008,33.7,0.006,33.7
887.5,0.010,33.7,0.010,33.7,0.008,33.7,0.009,33.6
888.0,0.019,33.7,0.020,33.7,0.017,33.7,0.022,33.7
888.5,0.023,33.7,0.027,33.7,0.026,33.7,0.022,33.7
889.0,0.026,33.6,0.024,33.6,0.025,33.7,0.023,33.7
889.5,0.025,33.6,0.023,33.6,0.024,33.7,0.025,33.6
890.0,0.027,33.6,0.026,33.6,0.025,33.6,0.026,33.6
890.5,0.025,33.6,0.027,33.6,0.026,33.6,0.023,33.6
891.0,0.020,33.5,0.020,33.5,0.021,33.6,0.028,33.5
891.5,0.020,33.5,0.018,33.5,0.018,33.5,0.023,33.5
892.0,0.016,33.5,0.021,33.5,0.016,33.5,0.015,33.5
892.5,0.020,33.5,0.020,33.5,0.018,33.5,0.017,33.6
893.0,0.023,33.5,0.023,33.5,0.023,33.5,0.020,33.5
893.5,0.021,33.5,0.021,33.5,0.024,33.5,0.021,33.5
894.0,0.021,33.5,0.022,33.5,0.020,33.5,0.021,33.5
894.5,0.017,33.5,0.019,33.5,0.015,33.5,0.017,33.5
895.0,0.018,33.5,0.018,33.5,0.019,33.5,0.015,33.5
895.5,0.015,33.5,0.016,33.5,0.012,33.5,0.017,33.5
896.0,0.013,33.5,0.011,33.5,0.012,33.5,0.018,33.5
896.5,0.009,33.5,0.009,33.5,0.010,33.5,0.010,33.5
897.0,0.015,33.5,0.014,33.5,0.020,33.4,0.013,33.5
897.5,0.023,33.5,0.020,33.5,0.022,33.5,0.021,33.5
898.0,0.023,33.5,0.027,33.5,0.023,33.5,0.021,33.5
898.5,0.028,33.5,0.029,33.5,0.025,33.5,0.028,33.4
899.0,0.026,33.4,0.025,33.5,0.025,33.5,0.028,33.4
899.5,0.025,33.4,0.025,33.4,0.026,33.4,0.024,33.4
900.0,0.026,33.4,0.026,33.4,0.027,33.4,0.026,33.4
900.5,0.022,33.4,0.021,33.3,0.025,33.4,0.024,33.4
901.0,0.022,33.4,0.019,33.4,0.027,33.4,0.022,33.4
901.5,0.014,33.4,0.014,33.4,0.017,33.4,0.013,33.4
902.0,0.015,33.4,0.016,33.4,0.013,33.4,0.015,33.4
902.5,0.020,33.4,0.019,33.4,0.018,33.4,0.019,33.4
903.0,0.020,33.4,0.023,33.4,0.019,33.4,0.023,33.4
903.5,0.023,33.4,0.026,33.4,0.022,33.4,0.022,33.4
904.0,0.019,33.4,0.019,33.4,0.019,33.4,0.021,33.4
904.5,0.020,33.4,0.020,33.4,0.014,33.4,0.024,33.3
905.0,0.018,33.4,0.017,33.4,0.019,33.4,0.019,33.4
905.5,0.014,33.4,0.015,33.4,0.017,33.4,0.013,33.4
906.0,0.014,33.4,0.012,33.4,0.013,33.4,0.015,33.4
906.5,0.013,33.4,0.013,33.4,0.008,33.4,0.012,33.4
907.0,0.025,33.4,0.023,33.4,0.018,33.4,0.025,33.4
907.5,0.025,33.4,0.026,33.4,0.026,33.4,0.027,33.4
908.0,0.025,33.4,0.028,33.4,0.024,33.4,0.026,33.4
908.5,0.026,33.4,0.025,33.3,0.026,33.4,0.025,33.4
909.0,0.028,33.4,0.028,33.4,0.028,33.3,0.023,33.4
909.5,0.030,33.3,0.029,33.4,0.028,33.3,0.035,33.3
910.0,0.027,33.3,0.026,33.3,0.022,33.3,0.024,33.3
910.5,0.028,33.3,0.029,33.3,0.025,33.3,0.026,33.3
911.0,0.022,33.3,0.027,33.3,0.023,33.3,0.021,33.3
911.5,0.013,33.3,0.015,33.3,0.018,33.3,0.015,33.3
912.0,0.022,33.3,0.023,33.3,0.022,33.3,0.016,33.3
912.5,0.022,33.3,0.025,33.3,0.021,33.3,0.021,33.3
913.0,0.025,33.3,0.027,33.3,0.026,33.3,0.025,33.3
913.5,0.023,33.3,0.020,33.3,0.035,33.3,0.024,33.3
914.0,0.020,33.3,0.019,33.3,0.028,33.3,0.020,33.3
914.5,0.020,33.3,0.022,33.3,0.019,33.3,0.018,33.3
915.0,0.016,33.3,0.013,33.3,0.016,33.3,0.014,33.3
915.5,0.015,33.3,0.014,33.3,0.014,33.3,0.018,33.3
916.0,0.010,33.3,0.013,33.3,0.010,33.3,0.020,33.3
916.5,0.019,33.3,0.019,33.3,0.011,33.3,0.020,33.3
917.0,0.021,33.3,0.020,33.4,0.018,33.4,0.023,33.3
917.5,0.019,33.3,0.021,33.4,0.017,33.4,0.019,33.3
918.0,0.023,33.3,0.023,33.4,0.018,33.3,0.022,33.3
918.5,0.024,33.3,0.023,33.3,0.023,33.3,0.023,33.3
919.0,0.027,33.3,0.025,33.3,0.033,33.3,0.029,33.3
919.5,0.028,33.3,0.025,33.3,0.032,33.3,0.028,33.3
920.0,0.025,33.3,0.026,33.3,0.023,33.3,0.025,33.3
920.5,0.027,33.3,0.025,33.3,0.029,33.3,0.028,33.3
921.0,0.017,33.3,0.017,33.3,0.019,33.3,0.017,33.3
921.5,0.017,33.3,0.014,33.3,0.021,33.3,0.016,33.3
922.0,0.023,33.3,0.024,33.3,0.025,33.2,0.022,33.3
922.5,0.025,33.3,0.027,33.3,0.023,33.2,0.024,33.3
923.0,0.023,33.3,0.023,33.2,0.024,33.3,0.024,33.3
923.5,0.020,33.2,0.019,33.2,0.023,33.3,0.020,33.2
924.0,0.020,33.3,0.020,33.2,0.019,33.3,0.019,33.3
924.5,0.017,33.3,0.017,33.3,0.018,33.3,0.020,33.3
925.0,0.016,33.3,0.015,33.3,0.017,33.3,0.019,33.2
925.5,0.013,33.3,0.012,33.3,0.014,33.3,0.014,33.3
926.0,0.010,33.3,0.008,33.3,0.012,33.3,0.008,33.3
926.5,0.020,33.3,0.018,33.3,0.017,33.3,0.014,33.3
927.0,0.021,33.3,0.019,33.3,0.023,33.3,0.021,33.3
927.5,0.025,33.3,0.021,33.3,0.026,33.3,0.023,33.3
928.0,0.027,33.3,0.028,33.3,0.029,33.3,0.030,33.3
928.5,0.025,33.3,0.024,33.3,0.023,33.3,0.033,33.3
929.0,0.024,33.3,0.022,33.3,0.024,33.3,0.022,33.3
929.5,0.023,33.2,0.025,33.2,0.021,33.2,0.023,33.2
930.0,0.024,33.2,0.024,33.2,0.027,33.2,0.020,33.2
930.5,0.020,33.2,0.020,33.2,0.023,33.2,0.022,33.2
931.0,0.011,33.2,0.010,33.3,0.012,33.2,0.013,33.2
931.5,0.016,33.3,0.014,33.3,0.014,33.3,0.018,33.3
932.0,0.018,33.3,0.018,33.3,0.020,33.3,0.019,33.3
932.5,0.022,33.3,0.020,33.3,0.022,33.3,0.021,33.3
933.0,0.020,33.3,0.018,33.3,0.019,33.3,0.024,33.3
933.5,0.020,33.3,0.025,33.3,0.020,33.3,0.023,33.3
934.0,0.018,33.3,0.021,33.3,0.021,33.3,0.017,33.3
934.5,0.015,33.3,0.017,33.2,0.014,33.3,0.015,33.3
935.0,0.013,33.3,0.014,33.2,0.013,33.3,0.014,33.3
935.5,0.009,33.3,0.008,33.3,0.008,33.3,0.010,33.3
936.0,0.010,33.3,0.012,33.3,0.008,33.3,0.010,33.3
936.5,0.018,33.3,0.017,33.3,0.016,33.3,0.017,33.3
937.0,0.026,33.3,0.025,33.3,0.023,33.3,0.024,33.3
937.5,0.030,33.3,0.029,33.3,0.026,33.4,0.029,33.3
938.0,0.025,33.3,0.023,33.3,0.023,33.3,0.028,33.3
938.5,0.028,33.3,0.033,33.3,0.026,33.3,0.026,33.3
939.0,0.025,33.2,0.025,33.2,0.024,33.2,0.030,33.2
939.5,0.027,33.2,0.026,33.2,0.025,33.2,0.035,33.2
940.0,0.026,33.2,0.026,33.2,0.024,33.2,0.025,33.2
940.5,0.020,33.2,0.020,33.2,0.022,33.2,0.018,33.2
941.0,0.014,33.2,0.013,33.2,0.015,33.2,0.020,33.2
941.5,0.015,33.2,0.014,33.2,0.015,33.2,0.014,33.2
942.0,0.025,33.2,0.024,33.2,0.024,33.2,0.023,33.2
942.5,0.025,33.2,0.027,33.2,0.026,33.3,0.023,33.2
943.0,0.025,33.2,0.027,33.2,0.024,33.2,0.023,33.2
943.5,0.021,33.2,0.023,33.2,0.029,33.2,0.023,33.2
944.0,0.017,33.2,0.017,33.2,0.017,33.2,0.015,33.2
944.5,0.016,33.2,0.013,33.2,0.018,33.2,0.017,33.2
945.0,0.011,33.2,0.012,33.2,0.011,33.2,0.014,33.3
945.5,0.011,33.2,0.012,33.2,0.008,33.2,0.012,33.2
946.0,0.010,33.3,0.009,33.3,0.012,33.3,0.008,33.3
946.5,0.019,33.3,0.018,33.3,0.018,33.3,0.015,33.3
947.0,0.025,33.3,0.025,33.3,0.021,33.3,0.026,33.3
947.5,0.027,33.3,0.026,33.3,0.029,33.3,0.025,33.4
948.0,0.031,33.3,0.032,33.3,0.033,33.2,0.029,33.3
948.5,0.028,33.2,0.031,33.2,0.030,33.2,0.025,33.3
949.0,0.029,33.2,0.032,33.2,0.028,33.2,0.026,33.2
949.5,0.027,33.2,0.027,33.2,0.029,33.2,0.028,33.2
950.0,0.023,33.2,0.023,33.2,0.027,33.2,0.022,33.2
950.5,0.022,33.2,0.027,33.1,0.027,33.2,0.019,33.2
951.0,0.020,33.2,0.022,33.2,0.024,33.2,0.020,33.2
951.5,0.021,33.2,0.022,33.2,0.017,33.2,0.019,33.2
952.0,0.022,33.2,0.022,33.2,0.025,33.2,0.022,33.2
952.5,0.023,33.2,0.023,33.2,0.028,33.2,0.024,33.2
953.0,0.025,33.2,0.025,33.1,0.024,33.2,0.026,33.2
953.5,0.021,33.2,0.021,33.2,0.023,33.2,0.021,33.2
954.0,0.019,33.2,0.019,33.2,0.020,33.2,0.021,33.2
954.5,0.017,33.2,0.019,33.2,0.015,33.2,0.016,33.1
955.0,0.013,33.2,0.014,33.2,0.014,33.2,0.014,33.2
955.5,0.012,33.2,0.012,33.2,0.008,33.2,0.015,33.2
956.0,0.008,33.2,0.005,33.2,0.004,33.2,0.009,33.2
956.5,0.024,33.2,0.021,33.2,0.008,33.2,0.023,33.2
957.0,0.025,33.2,0.025,33.2,0.022,33.2,0.022,33.2
957.5,0.026,33.2,0.027,33.2,0.025,33.2,0.026,33.2
958.0,0.030,33.2,0.029,33.2,0.025,33.2,0.036,33.2
958.5,0.027,33.2,0.026,33.2,0.027,33.2,0.022,33.2
959.0,0.030,33.2,0.032,33.1,0.029,33.2,0.021,33.1
959.5,0.025,33.1,0.026,33.1,0.025,33.1,0.023,33.1
960.0,0.029,33.1,0.030,33.1,0.026,33.1,0.029,33.1
960.5,0.026,33.1,0.026,33.1,0.040,33.1,0.026,33.1
961.0,0.025,33.1,0.024,33.1,0.033,33.1,0.026,33.1
961.5,0.026,33.1,0.032,33.1,0.025,33.1,0.026,33.1
962.0,0.024,33.1,0.023,33.1,0.023,33.1,0.024,33.1
962.5,0.026,33.1,0.024,33.1,0.024,33.1,0.019,33.1
963.0,0.024,33.1,0.024,33.1,0.028,33.1,0.023,33.1
963.5,0.025,33.1,0.026,33.1,0.027,33.1,0.024,33.1
964.0,0.021,33.1,0.020,33.1,0.025,33.0,0.019,33.1
964.5,0.016,33.1,0.014,33.1,0.016,33.1,0.019,33.1
965.0,0.016,33.1,0.017,33.1,0.012,33.1,0.017,33.1
965.5,0.012,33.1,0.016,33.1,0.016,33.1,0.012,33.1
966.0,0.017,33.1,0.019,33.1,0.016,33.1,0.017,33.1
966.5,0.022,33.1,0.022,33.1,0.021,33.2,0.027,33.1
967.0,0.023,33.1,0.023,33.2,0.025,33.2,0.021,33.2
967.5,0.027,33.1,0.027,33.1,0.025,33.1,0.024,33.1
968.0,0.025,33.1,0.026,33.1,0.025,33.1,0.023,33.2
968.5,0.030,33.1,0.030,33.1,0.031,33.1,0.036,33.1
969.0,0.028,33.1,0.027,33.1,0.032,33.1,0.028,33.1
969.5,0.027,33.1,0.027,33.1,0.024,33.1,0.028,33.1
970.0,0.028,33.1,0.028,33.1,0.029,33.1,0.027,33.1
970.5,0.026,33.0,0.032,33.1,0.027,33.1,0.022,33.1
971.0,0.029,33.1,0.028,33.1,0.031,33.0,0.034,33.1
971.5,0.026,33.1,0.023,33.1,0.028,33.0,0.022,33.0
972.0,0.025,33.0,0.027,33.0,0.025,33.0,0.025,33.0
972.5,0.024,33.0,0.025,33.0,0.024,33.0,0.023,33.0
973.0,0.020,33.0,0.022,33.0,0.016,33.1,0.022,33.0
973.5,0.024,33.0,0.022,33.1,0.024,33.0,0.024,33.0
974.0,0.022,33.0,0.022,33.0,0.022,33.0,0.021,33.1
974.5,0.021,33.1,0.023,33.0,0.021,33.1,0.014,33.1
975.0,0.018,33.1,0.019,33.1,0.018,33.0,0.015,33.1
975.5,0.017,33.1,0.017,33.1,0.016,33.1,0.016,33.0
976.0,0.025,33.1,0.023,33.1,0.027,33.1,0.014,33.0
976.5,0.027,33.1,0.023,33.1,0.026,33.1,0.025,33.0
977.0,0.032,33.0,0.031,33.0,0.028,33.1,0.046,33.1
977.5,0.029,33.0,0.028,33.0,0.029,33.0,0.041,33.0
978.0,0.031,33.0,0.030,33.0,0.029,33.0,0.030,33.0
978.5,0.031,33.0,0.031,33.0,0.030,33.0,0.029,33.0
979.0,0.028,33.0,0.027,33.0,0.028,33.0,0.028,33.0
979.5,0.032,33.0,0.036,33.0,0.029,33.0,0.030,33.0
980.0,0.028,32.9,0.033,33.0,0.023,32.9,0.038,33.0
980.5,0.030,32.9,0.031,32.9,0.033,32.9,0.033,32.9
981.0,0.026,33.0,0.026,33.0,0.033,33.0,0.034,32.9
981.5,0.023,32.9,0.023,32.9,0.022,32.9,0.026,33.0
982.0,0.024,32.9,0.025,32.9,0.023,32.9,0.022,32.9
982.5,0.022,33.0,0.021,33.0,0.023,32.9,0.021,32.9
983.0,0.024,33.0,0.023,33.0,0.021,32.9,0.026,32.9
983.5,0.023,33.0,0.023,33.0,0.023,33.0,0.024,33.0
984.0,0.021,33.0,0.018,32.9,0.023,33.0,0.020,33.0
984.5,0.020,33.0,0.020,32.9,0.029,33.0,0.020,33.0
985.0,0.017,33.0,0.018,33.0,0.018,33.0,0.016,33.0
985.5,0.023,33.0,0.023,33.0,0.021,33.0,0.028,33.0
986.0,0.026,33.0,0.023,33.0,0.026,33.0,0.035,33.0
986.5,0.029,33.0,0.028,33.0,0.036,33.0,0.029,33.0
987.0,0.029,33.0,0.030,33.0,0.042,33.0,0.028,33.0
987.5,0.028,33.0,0.034,33.0,0.026,33.0,0.029,33.0
988.0,0.029,32.9,0.028,32.9,0.029,33.0,0.032,33.0
988.5,0.027,32.9,0.027,32.9,0.031,32.9,0.028,32.9
989.0,0.032,32.9,0.027,33.0,0.033,32.9,0.030,32.9
989.5,0.031,32.9,0.031,32.9,0.026,32.9,0.028,32.9
990.0,0.028,32.9,0.031,32.9,0.027,32.9,0.023,32.9
990.5,0.023,32.9,0.024,32.9,0.020,32.9,0.027,32.9
991.0,0.020,32.9,0.019,32.9,0.022,32.9,0.025,32.9
991.5,0.022,32.9,0.021,32.9,0.033,32.9,0.019,32.9
992.0,0.020,32.9,0.022,32.9,0.025,32.9,0.021,32.9
992.5,0.022,32.9,0.022,32.9,0.019,32.9,0.019,32.9
993.0,0.022,32.9,0.023,32.9,0.023,32.9,0.023,32.9
993.5,0.018,32.9,0.016,32.9,0.017,32.9,0.024,32.9
994.0,0.018,32.9,0.018,32.9,0.018,33.0,0.019,32.9
994.5,0.015,32.9,0.012,32.9,0.025,33.0,0.015,33.0
995.0,0.019,33.0,0.024,33.0,0.026,33.0,0.014,33.0
995.5,0.024,33.0,0.035,33.0,0.022,33.0,0.016,33.0
996.0,0.023,33.0,0.022,33.0,0.021,33.0,0.019,33.0
996.5,0.021,33.0,0.019,33.0,0.018,33.0,0.021,33.0
997.0,0.018,33.0,0.019,33.0,0.018,33.0,0.018,33.0
997.5,0.019,32.9,0.022,32.9,0.012,33.0,0.022,33.0
998.0,0.020,32.9,0.019,32.9,0.015,32.9,0.019,32.9
998.5,0.024,33.0,0.024,33.0,0.019,33.0,0.024,32.9
999.0,0.023,33.0,0.022,33.0,0.023,33.0,0.024,32.9
999.5,0.017,33.0,0.017,33.0,0.018,33.0,0.016,32.9
1000.0,0.019,33.0,0.021,33.0,0.028,32.9,0.018,33.0
1000.5,0.012,33.0,0.016,33.0,0.011,33.0,0.019,33.0
1001.0,0.013,33.0,0.013,33.0,0.012,33.0,0.015,33.0
1001.5,0.013,33.0,0.013,33.0,0.016,33.0,0.014,33.0
1002.0,0.014,33.0,0.014,33.0,0.014,33.0,0.012,33.0
1002.5,0.014,33.0,0.012,33.0,0.014,33.0,0.011,33.0
1003.0,0.011,33.0,0.013,33.0,0.014,33.0,0.012,33.0
1003.5,0.013,33.0,0.013,33.0,0.012,33.1,0.011,33.0
1004.0,0.008,33.1,0.009,33.1,0.012,33.0,0.011,33.0
1004.5,0.007,33.1,0.005,33.1,0.012,33.0,0.011,33.1
1005.0,0.013,33.1,0.012,33.0,0.010,33.1,0.018,33.1
1005.5,0.013,33.1,0.013,33.1,0.012,33.1,0.012,33.1
1006.0,0.016,33.1,0.017,33.1,0.014,33.0,0.010,33.1
1006.5,0.013,33.1,0.016,33.1,0.011,33.1,0.016,33.1
1007.0,0.012,33.1,0.014,33.1,0.010,33.1,0.014,33.1
1007.5,0.012,33.1,0.011,33.1,0.012,33.1,0.019,33.1
1008.0,0.011,33.1,0.011,33.1,0.007,33.1,0.010,33.0
1008.5,0.013,33.1,0.012,33.1,0.008,33.1,0.013,33.1
1009.0,0.010,33.1,0.012,33.1,0.011,33.1,0.016,33.1
1009.5,0.009,33.1,0.009,33.1,0.011,33.1,0.013,33.1
1010.0,0.001,33.1,-0.002,33.1,0.004,33.1,0.009,33.0
1010.5,0.002,33.1,0.002,33.1,0.000,33.1,0.009,33.1
1011.0,0.005,33.1,0.007,33.1,0.005,33.1,0.011,33.1
1011.5,0.003,33.1,0.005,33.1,0.005,33.1,0.003,33.1
1012.0,0.006,33.2,0.009,33.1,0.004,33.2,0.005,33.2
1012.5,0.004,33.2,0.005,33.2,0.006,33.2,0.010,33.2
1013.0,0.005,33.2,0.004,33.2,0.006,33.2,0.009,33.2
1013.5,0.003,33.2,0.001,33.2,0.004,33.2,0.003,33.2
1014.0,-0.002,33.2,-0.003,33.2,0.003,33.2,-0.001,33.2
1014.5,0.004,33.2,0.006,33.2,-0.001,33.2,0.002,33.2
1015.0,0.005,33.2,0.007,33.2,0.004,33.2,0.004,33.2
1015.5,0.008,33.2,0.009,33.2,0.010,33.2,0.012,33.2
1016.0,0.009,33.2,0.008,33.2,0.009,33.2,0.015,33.3
1016.5,0.009,33.2,0.009,33.2,0.008,33.2,0.014,33.2
1017.0,0.007,33.2,0.008,33.2,0.005,33.2,0.007,33.2
1017.5,0.005,33.2,0.006,33.2,0.004,33.2,0.001,33.2
1018.0,0.007,33.3,0.006,33.2,0.004,33.2,0.002,33.2
1018.5,0.002,33.2,0.002,33.2,0.002,33.2,0.005,33.2
1019.0,-0.003,33.2,-0.002,33.2,-0.004,33.2,-0.000,33.2
1019.5,-0.003,33.3,-0.000,33.3,-0.003,33.2,-0.003,33.2
1020.0,-0.005,33.3,-0.005,33.3,-0.004,33.3,-0.005,33.3
1020.5,-0.008,33.3,-0.009,33.3,-0.006,33.3,-0.002,33.3
1021.0,-0.016,33.3,-0.016,33.3,-0.013,33.3,-0.012,33.3
1021.5,-0.031,33.3,-0.031,33.3,-0.029,33.3,-0.019,33.3
1022.0,-0.051,33.4,-0.051,33.4,-0.046,33.4,-0.046,33.3
1022.5,-0.066,33.4,-0.064,33.3,-0.059,33.3,-0.064,33.4
1023.0,-0.065,33.4,-0.065,33.3,-0.065,33.4,-0.064,33.4
1023.5,-0.041,33.4,-0.042,33.4,-0.046,33.4,-0.043,33.3
1024.0,-0.018,33.4,-0.022,33.4,-0.021,33.4,-0.019,33.4
1024.5,-0.011,33.4,-0.010,33.4,-0.011,33.4,-0.010,33.4
1025.0,-0.009,33.4,-0.009,33.5,-0.009,33.4,-0.008,33.4
1025.5,-0.012,33.5,-0.011,33.5,-0.012,33.4,-0.011,33.5
1026.0,-0.017,33.5,-0.016,33.5,-0.017,33.4,-0.017,33.5
1026.5,-0.026,33.5,-0.026,33.5,-0.017,33.4,-0.024,33.5
1027.0,-0.031,33.5,-0.032,33.5,-0.026,33.5,-0.028,33.5
1027.5,-0.037,33.5,-0.037,33.5,-0.037,33.5,-0.032,33.5
1028.0,-0.041,33.5,-0.041,33.5,-0.042,33.6,-0.035,33.5
1028.5,-0.027,33.5,-0.027,33.6,-0.040,33.6,-0.025,33.5
1029.0,-0.022,33.6,-0.022,33.5,-0.024,33.6,-0.021,33.5
1029.5,-0.021,33.6,-0.021,33.5,-0.021,33.6,-0.022,33.6
1030.0,-0.020,33.6,-0.021,33.6,-0.020,33.6,-0.020,33.6
1030.5,-0.023,33.6,-0.024,33.6,-0.019,33.6,-0.023,33.6
1031.0,-0.029,33.6,-0.029,33.6,-0.020,33.6,-0.029,33.6
1031.5,-0.032,33.6,-0.031,33.6,-0.032,33.6,-0.029,33.6
1032.0,-0.032,33.6,-0.031,33.6,-0.032,33.6,-0.032,33.6
1032.5,-0.035,33.6,-0.035,33.6,-0.035,33.6,-0.031,33.6
1033.0,-0.037,33.6,-0.036,33.6,-0.037,33.6,-0.037,33.6
1033.5,-0.030,33.6,-0.031,33.6,-0.031,33.6,-0.036,33.6
1034.0,-0.028,33.6,-0.028,33.6,-0.030,33.6,-0.033,33.6
1034.5,-0.027,33.6,-0.026,33.6,-0.028,33.6,-0.029,33.6
1035.0,-0.022,33.6,-0.021,33.6,-0.021,33.6,-0.022,33.6
1035.5,-0.021,33.6,-0.022,33.7,-0.021,33.7,-0.020,33.6
1036.0,-0.018,33.7,-0.018,33.6,-0.018,33.6,-0.018,33.7
1036.5,-0.017,33.7,-0.017,33.7,-0.016,33.6,-0.016,33.7
1037.0,-0.020,33.7,-0.018,33.7,-0.019,33.7,-0.020,33.7
1037.5,-0.007,33.7,-0.009,33.7,-0.010,33.7,-0.013,33.7
1038.0,0.007,33.7,0.004,33.7,0.005,33.7,0.005,33.7
1038.5,0.007,33.7,0.005,33.7,0.009,33.7,0.014,33.7
1039.0,-0.003,33.7,-0.000,33.7,-0.002,33.6,-0.001,33.7
1039.5,-0.010,33.7,-0.011,33.6,-0.008,33.7,-0.009,33.7
1040.0,-0.015,33.7,-0.014,33.7,-0.014,33.7,-0.013,33.7
1040.5,-0.011,33.7,-0.010,33.7,-0.014,33.7,-0.011,33.7
1041.0,-0.014,33.7,-0.013,33.6,-0.017,33.7,-0.008,33.7
1041.5,-0.022,33.7,-0.020,33.7,-0.027,33.7,-0.011,33.7
1042.0,-0.002,33.7,-0.002,33.7,-0.012,33.7,-0.002,33.6
1042.5,-0.001,33.7,-0.001,33.7,0.000,33.7,-0.001,33.7
1043.0,0.005,33.7,0.005,33.7,0.003,33.7,0.005,33.7
1043.5,0.007,33.7,0.006,33.7,0.006,33.7,0.008,33.7
1044.0,0.007,33.7,0.009,33.7,0.007,33.7,0.008,33.6
1044.5,0.010,33.6,0.011,33.6,0.011,33.6,0.014,33.6
1045.0,0.010,33.6,0.009,33.6,0.012,33.6,0.014,33.6
1045.5,0.011,33.6,0.011,33.6,0.013,33.6,0.012,33.6
1046.0,0.005,33.6,0.007,33.6,0.005,33.6,0.005,33.6
1046.5,0.011,33.6,0.013,33.5,0.008,33.6,0.007,33.5
1047.0,0.018,33.5,0.017,33.5,0.018,33.5,0.014,33.5
1047.5,0.018,33.5,0.017,33.5,0.014,33.5,0.018,33.5
1048.0,0.021,33.5,0.025,33.5,0.014,33.5,0.026,33.5
1048.5,0.018,33.5,0.021,33.4,0.017,33.5,0.026,33.5
1049.0,0.017,33.4,0.016,33.4,0.017,33.4,0.017,33.5
1049.5,0.016,33.4,0.016,33.4,0.018,33.4,0.017,33.4
1050.0,0.011,33.4,0.010,33.4,0.013,33.4,0.013,33.4
1050.5,0.011,33.4,0.014,33.4,0.010,33.4,0.012,33.4
1051.0,0.009,33.4,0.008,33.4,0.009,33.4,0.006,33.4
1051.5,0.021,33.4,0.019,33.4,0.019,33.4,0.010,33.4
1052.0,0.024,33.4,0.026,33.4,0.022,33.4,0.027,33.3
1052.5,0.026,33.3,0.025,33.3,0.029,33.3,0.023,33.4
1053.0,0.030,33.3,0.032,33.3,0.028,33.3,0.027,33.3
1053.5,0.026,33.2,0.027,33.2,0.024,33.3,0.027,33.3
1054.0,0.027,33.2,0.028,33.2,0.033,33.2,0.026,33.2
1054.5,0.026,33.2,0.027,33.2,0.031,33.2,0.028,33.2
1055.0,0.022,33.1,0.020,33.1,0.024,33.1,0.027,33.1
1055.5,0.015,33.1,0.016,33.2,0.016,33.1,0.022,33.1
1056.0,0.013,33.1,0.012,33.1,0.014,33.1,0.016,33.1
1056.5,0.020,33.2,0.019,33.2,0.021,33.1,0.019,33.2
1057.0,0.020,33.1,0.017,33.1,0.018,33.1,0.023,33.1
1057.5,0.019,33.1,0.018,33.1,0.018,33.1,0.027,33.2
1058.0,0.019,33.1,0.021,33.1,0.018,33.1,0.020,33.1
1058.5,0.017,33.1,0.015,33.1,0.018,33.1,0.017,33.1
1059.0,0.017,33.1,0.014,33.1,0.019,33.1,0.016,33.2
1059.5,0.015,33.1,0.016,33.1,0.016,33.2,0.016,33.2
1060.0,0.013,33.1,0.012,33.1,0.013,33.1,0.013,33.1
1060.5,0.017,33.1,0.018,33.1,0.009,33.2,0.016,33.1
1061.0,0.021,33.1,0.021,33.1,0.015,33.1,0.025,33.1
1061.5,0.025,33.1,0.025,33.1,0.029,33.1,0.022,33.1
1062.0,0.026,33.1,0.030,33.1,0.024,33.1,0.023,33.1
1062.5,0.029,33.1,0.032,33.1,0.024,33.1,0.026,33.1
1063.0,0.027,33.0,0.028,33.1,0.026,33.0,0.026,33.0
1063.5,0.025,33.0,0.028,33.0,0.025,33.0,0.025,33.0
1064.0,0.026,33.0,0.026,33.0,0.027,33.0,0.025,32.9
1064.5,0.021,33.0,0.024,32.9,0.022,33.0,0.022,32.9
1065.0,0.014,32.9,0.015,33.0,0.020,33.0,0.014,32.9
1065.5,0.012,33.0,0.011,33.0,0.016,33.0,0.013,33.0
1066.0,0.018,33.0,0.019,33.0,0.016,33.0,0.019,33.0
1066.5,0.020,33.0,0.019,33.0,0.018,33.0,0.022,32.9
1067.0,0.018,33.0,0.018,33.0,0.018,33.0,0.016,33.0
1067.5,0.020,33.0,0.023,33.0,0.020,33.0,0.020,33.0
1068.0,0.017,33.0,0.019,33.0,0.018,33.0,0.018,33.0
1068.5,0.017,33.0,0.018,32.9,0.016,33.0,0.018,33.0
1069.0,0.015,33.0,0.014,33.0,0.016,33.0,0.014,33.0
1069.5,0.012,33.0,0.012,33.0,0.017,33.0,0.012,33.0
1070.0,0.015,33.0,0.015,33.0,0.010,33.0,0.016,33.0
1070.5,0.022,33.0,0.027,33.0,0.020,33.0,0.022,33.0
1071.0,0.025,33.0,0.024,32.9,0.032,33.0,0.022,33.0
1071.5,0.025,32.9,0.025,32.9,0.032,32.9,0.023,33.0
1072.0,0.029,32.9,0.026,33.0,0.029,32.9,0.027,32.9
1072.5,0.028,32.9,0.032,32.9,0.030,32.9,0.029,32.9
1073.0,0.025,32.9,0.022,32.9,0.023,32.9,0.034,32.8
1073.5,0.029,32.8,0.027,32.8,0.036,32.9,0.028,32.8
1074.0,0.026,32.9,0.030,32.9,0.028,32.9,0.025,32.8
1074.5,0.022,32.8,0.022,32.8,0.020,32.8,0.024,32.8
1075.0,0.016,32.8,0.016,32.8,0.016,32.8,0.018,32.8
1075.5,0.018,32.8,0.015,32.8,0.017,32.8,0.014,32.9
1076.0,0.023,32.8,0.023,32.8,0.022,32.8,0.020,32.8
1076.5,0.022,32.8,0.020,32.8,0.028,32.8,0.022,32.8
1077.0,0.023,32.8,0.026,32.8,0.024,32.8,0.025,32.8
1077.5,0.020,32.8,0.019,32.8,0.019,32.8,0.025,32.8
1078.0,0.019,32.8,0.018,32.8,0.019,32.8,0.020,32.8
1078.5,0.017,32.8,0.021,32.8,0.017,32.8,0.016,32.8
1079.0,0.012,32.8,0.011,32.8,0.012,32.8,0.012,32.8
1079.5,0.011,32.8,0.008,32.8,0.012,32.8,0.013,32.8
1080.0,0.010,32.8,0.012,32.9,0.010,32.8,0.009,32.8
1080.5,0.020,32.8,0.021,32.8,0.014,32.9,0.018,32.8
1081.0,0.024,32.9,0.024,32.8,0.018,32.9,0.022,32.9
1081.5,0.022,32.9,0.023,32.9,0.035,32.9,0.023,32.9
1082.0,0.024,32.8,0.023,32.8,0.025,32.8,0.024,32.8
1082.5,0.023,32.8,0.022,32.8,0.024,32.8,0.023,32.8
1083.0,0.025,32.8,0.025,32.8,0.026,32.8,0.023,32.8
1083.5,0.024,32.8,0.023,32.8,0.029,32.8,0.024,32.8
1084.0,0.023,32.8,0.023,32.8,0.030,32.8,0.024,32.8
1084.5,0.021,32.8,0.021,32.8,0.022,32.8,0.024,32.8
1085.0,0.016,32.8,0.018,32.7,0.017,32.8,0.016,32.8
1085.5,0.020,32.8,0.021,32.8,0.018,32.8,0.024,32.8
1086.0,0.021,32.8,0.019,32.8,0.021,32.8,0.021,32.8
1086.5,0.021,32.7,0.020,32.7,0.017,32.7,0.023,32.7
1087.0,0.022,32.7,0.021,32.7,0.021,32.7,0.024,32.7
1087.5,0.018,32.8,0.017,32.8,0.018,32.7,0.026,32.8
1088.0,0.018,32.7,0.020,32.7,0.020,32.7,0.020,32.7
1088.5,0.015,32.7,0.019,32.8,0.018,32.7,0.016,32.7
1089.0,0.014,32.7,0.016,32.8,0.013,32.8,0.013,32.7
1089.5,0.013,32.7,0.014,32.8,0.010,32.7,0.012,32.7
1090.0,0.019,32.8,0.020,32.7,0.014,32.8,0.012,32.7
1090.5,0.023,32.7,0.023,32.7,0.020,32.8,0.017,32.7
1091.0,0.022,32.7,0.021,32.8,0.022,32.7,0.027,32.8
1091.5,0.026,32.7,0.024,32.7,0.022,32.8,0.023,32.7
1092.0,0.025,32.7,0.022,32.7,0.023,32.8,0.022,32.7
1092.5,0.027,32.7,0.025,32.7,0.025,32.7,0.025,32.7
1093.0,0.026,32.7,0.024,32.7,0.024,32.7,0.031,32.7
1093.5,0.021,32.7,0.020,32.6,0.021,32.7,0.022,32.7
1094.0,0.023,32.7,0.025,32.7,0.022,32.6,0.020,32.7
1094.5,0.021,32.7,0.023,32.7,0.019,32.7,0.018,32.7
1095.0,0.017,32.6,0.018,32.6,0.019,32.7,0.014,32.7
1095.5,0.020,32.7,0.020,32.7,0.019,32.7,0.018,32.7
1096.0,0.024,32.7,0.023,32.7,0.023,32.7,0.021,32.6
1096.5,0.023,32.7,0.024,32.7,0.023,32.7,0.018,32.6
1097.0,0.021,32.7,0.023,32.7,0.022,32.6,0.016,32.6
1097.5,0.021,32.6,0.023,32.6,0.021,32.6,0.020,32.6
1098.0,0.018,32.6,0.019,32.6,0.018,32.6,0.016,32.6
1098.5,0.016,32.7,0.019,32.6,0.013,32.6,0.014,32.7
1099.0,0.015,32.6,0.016,32.6,0.016,32.6,0.013,32.7
1099.5,0.010,32.7,0.009,32.6,0.008,32.7,0.008,32.6
1100.0,0.020,32.7,0.020,32.7,0.024,32.7,0.020,32.7
1100.5,0.022,32.7,0.021,32.7,0.023,32.7,0.021,32.7
1101.0,0.026,32.7,0.024,32.7,0.023,32.6,0.022,32.7
1101.5,0.030,32.6,0.029,32.6,0.034,32.6,0.027,32.6
1102.0,0.030,32.6,0.027,32.6,0.034,32.7,0.030,32.6
1102.5,0.029,32.6,0.029,32.6,0.026,32.6,0.029,32.6
1103.0,0.027,32.6,0.029,32.6,0.023,32.6,0.024,32.6
1103.5,0.028,32.6,0.031,32.6,0.022,32.6,0.025,32.5
1104.0,0.025,32.6,0.028,32.5,0.022,32.6,0.028,32.5
1104.5,0.024,32.5,0.023,32.6,0.022,32.5,0.028,32.5
1105.0,0.020,32.6,0.021,32.5,0.022,32.5,0.018,32.6
1105.5,0.021,32.6,0.020,32.5,0.020,32.6,0.020,32.6
1106.0,0.025,32.5,0.026,32.5,0.024,32.6,0.033,32.5
1106.5,0.023,32.5,0.021,32.5,0.027,32.5,0.026,32.6
1107.0,0.023,32.5,0.027,32.5,0.027,32.5,0.019,32.6
1107.5,0.020,32.5,0.025,32.5,0.023,32.5,0.021,32.5
1108.0,0.018,32.5,0.019,32.5,0.018,32.5,0.020,32.5
1108.5,0.016,32.5,0.017,32.5,0.018,32.5,0.016,32.5
1109.0,0.012,32.5,0.013,32.5,0.013,32.6,0.012,32.5
1109.5,0.012,32.6,0.011,32.6,0.013,32.6,0.012,32.6
1110.0,0.020,32.6,0.019,32.5,0.016,32.6,0.019,32.6
1110.5,0.025,32.6,0.025,32.6,0.025,32.6,0.023,32.6
1111.0,0.025,32.6,0.025,32.6,0.027,32.6,0.025,32.6
1111.5,0.025,32.6,0.024,32.6,0.025,32.6,0.026,32.6
1112.0,0.027,32.5,0.024,32.5,0.035,32.5,0.028,32.6
1112.5,0.025,32.5,0.027,32.5,0.038,32.6,0.026,32.5
1113.0,0.025,32.5,0.025,32.5,0.024,32.5,0.025,32.5
1113.5,0.024,32.5,0.023,32.5,0.025,32.5,0.025,32.5
1114.0,0.021,32.5,0.022,32.5,0.020,32.5,0.020,32.5
1114.5,0.017,32.5,0.019,32.5,0.017,32.5,0.017,32.5
1115.0,0.014,32.5,0.014,32.5,0.014,32.5,0.013,32.4
1115.5,0.023,32.5,0.022,32.5,0.022,32.5,0.026,32.5
1116.0,0.023,32.5,0.024,32.5,0.025,32.5,0.026,32.5
1116.5,0.022,32.5,0.025,32.5,0.023,32.5,0.021,32.5
1117.0,0.022,32.5,0.021,32.5,0.024,32.4,0.019,32.5
1117.5,0.019,32.5,0.017,32.5,0.017,32.5,0.024,32.5
1118.0,0.017,32.5,0.017,32.5,0.024,32.5,0.015,32.5
1118.5,0.013,32.5,0.014,32.5,0.017,32.4,0.014,32.5
1119.0,0.011,32.5,0.011,32.5,0.013,32.5,0.010,32.5
1119.5,0.010,32.5,0.012,32.5,0.011,32.5,0.009,32.5
1120.0,0.017,32.5,0.018,32.5,0.016,32.5,0.016,32.6
1120.5,0.025,32.5,0.028,32.5,0.023,32.6,0.023,32.5
1121.0,0.029,32.5,0.030,32.5,0.024,32.6,0.032,32.5
1121.5,0.032,32.5,0.030,32.5,0.029,32.5,0.028,32.5
1122.0,0.030,32.4,0.030,32.5,0.030,32.5,0.030,32.5
1122.5,0.029,32.4,0.031,32.4,0.028,32.4,0.029,32.4
1123.0,0.030,32.4,0.030,32.4,0.029,32.4,0.029,32.4
1123.5,0.024,32.4,0.024,32.4,0.033,32.4,0.025,32.4
1124.0,0.023,32.4,0.022,32.4,0.019,32.4,0.024,32.4
1124.5,0.018,32.4,0.018,32.4,0.016,32.3,0.017,32.4
1125.0,0.021,32.4,0.023,32.4,0.019,32.4,0.018,32.4
1125.5,0.028,32.4,0.027,32.4,0.026,32.4,0.025,32.4
1126.0,0.024,32.4,0.026,32.4,0.025,32.4,0.025,32.4
1126.5,0.025,32.4,0.026,32.4,0.024,32.4,0.022,32.4
1127.0,0.020,32.4,0.021,32.4,0.017,32.3,0.022,32.3
1127.5,0.020,32.4,0.021,32.3,0.019,32.4,0.024,32.3
1128.0,0.016,32.4,0.016,32.4,0.016,32.4,0.020,32.4
1128.5,0.013,32.4,0.012,32.4,0.009,32.3,0.015,32.4
1129.0,0.011,32.4,0.011,32.4,0.012,32.4,0.010,32.4
1129.5,0.015,32.4,0.012,32.4,0.014,32.4,0.019,32.4
1130.0,0.028,32.4,0.025,32.4,0.027,32.5,0.037,32.4
1130.5,0.029,32.4,0.025,32.4,0.030,32.4,0.028,32.4
1131.0,0.032,32.4,0.032,32.4,0.036,32.4,0.030,32.4
1131.5,0.032,32.4,0.032,32.4,0.036,32.4,0.031,32.4
1132.0,0.029,32.3,0.032,32.3,0.032,32.4,0.026,32.4
1132.5,0.033,32.3,0.037,32.3,0.030,32.3,0.028,32.4
1133.0,0.027,32.3,0.028,32.3,0.026,32.3,0.030,32.3
1133.5,0.026,32.3,0.025,32.3,0.029,32.3,0.020,32.2
1134.0,0.023,32.3,0.023,32.3,0.034,32.2,0.024,32.2
1134.5,0.022,32.3,0.022,32.3,0.022,32.3,0.022,32.3
1135.0,0.024,32.3,0.025,32.3,0.033,32.3,0.022,32.3
1135.5,0.024,32.3,0.024,32.3,0.024,32.4,0.025,32.3
1136.0,0.027,32.3,0.023,32.3,0.022,32.3,0.027,32.3
1136.5,0.025,32.3,0.023,32.3,0.027,32.2,0.026,32.3
1137.0,0.023,32.3,0.024,32.3,0.025,32.3,0.026,32.3
1137.5,0.020,32.3,0.022,32.3,0.020,32.3,0.023,32.3
1138.0,0.017,32.3,0.020,32.2,0.018,32.3,0.017,32.3
1138.5,0.020,32.3,0.024,32.2,0.019,32.2,0.016,32.3
1139.0,0.023,32.3,0.026,32.3,0.021,32.3,0.019,32.3
1139.5,0.029,32.3,0.032,32.3,0.028,32.3,0.026,32.3
1140.0,0.029,32.3,0.033,32.3,0.027,32.3,0.028,32.3
1140.5,0.028,32.3,0.027,32.3,0.026,32.3,0.025,32.3
1141.0,0.033,32.2,0.038,32.2,0.029,32.3,0.026,32.2
1141.5,0.031,32.2,0.031,32.2,0.033,32.2,0.024,32.2
1142.0,0.034,32.2,0.033,32.2,0.031,32.2,0.033,32.2
1142.5,0.030,32.2,0.031,32.2,0.031,32.2,0.031,32.2
1143.0,0.029,32.2,0.027,32.1,0.036,32.1,0.030,32.2
1143.5,0.028,32.2,0.028,32.1,0.029,32.2,0.029,32.2
1144.0,0.023,32.2,0.022,32.2,0.032,32.2,0.023,32.1
1144.5,0.024,32.2,0.023,32.1,0.022,32.2,0.024,32.1
1145.0,0.023,32.2,0.023,32.1,0.023,32.1,0.025,32.2
1145.5,0.023,32.2,0.022,32.2,0.021,32.2,0.028,32.2
1146.0,0.024,32.2,0.023,32.2,0.023,32.2,0.025,32.2
1146.5,0.020,32.2,0.020,32.2,0.022,32.2,0.021,32.1
1147.0,0.024,32.2,0.022,32.2,0.021,32.1,0.023,32.2
1147.5,0.020,32.2,0.019,32.2,0.019,32.0,0.021,32.2
1148.0,0.020,32.2,0.019,32.2,0.014,32.2,0.021,32.2
1148.5,0.020,32.2,0.019,32.2,0.016,32.2,0.021,32.2
1149.0,0.021,32.2,0.024,32.2,0.023,32.2,0.014,32.2
1149.5,0.025,32.2,0.025,32.2,0.026,32.2,0.026,32.2
1150.0,0.026,32.2,0.026,32.2,0.032,32.2,0.029,32.2
1150.5,0.031,32.2,0.030,32.2,0.038,32.2,0.034,32.2
1151.0,0.030,32.2,0.028,32.2,0.033,32.2,0.033,32.2
1151.5,0.030,32.1,0.029,32.2,0.031,32.1,0.032,32.2
1152.0,0.028,32.1,0.026,32.1,0.026,32.1,0.026,32.1
1152.5,0.025,32.1,0.024,32.1,0.026,32.1,0.028,32.1
1153.0,0.028,32.1,0.024,32.1,0.028,32.1,0.024,32.1
1153.5,0.023,32.1,0.020,32.1,0.022,32.1,0.021,32.0
1154.0,0.020,32.1,0.018,32.1,0.016,32.1,0.021,32.1
1154.5,0.020,32.1,0.019,32.1,0.020,32.1,0.023,32.1
1155.0,0.017,32.1,0.017,32.1,0.019,32.1,0.017,32.2
1155.5,0.018,32.1,0.017,32.1,0.018,32.1,0.018,32.2
1156.0,0.018,32.2,0.016,32.2,0.016,32.2,0.017,32.1
1156.5,0.021,32.1,0.020,32.1,0.016,32.1,0.021,32.2
1157.0,0.019,32.1,0.016,32.1,0.016,32.1,0.018,32.1
1157.5,0.017,32.2,0.016,32.1,0.018,32.1,0.016,32.2
1158.0,0.011,32.2,0.011,32.2,0.012,32.2,0.017,32.2
1158.5,0.017,32.2,0.017,32.2,0.010,32.2,0.013,32.2
1159.0,0.022,32.2,0.021,32.2,0.028,32.2,0.022,32.2
1159.5,0.022,32.2,0.018,32.2,0.021,32.2,0.016,32.2
1160.0,0.024,32.2,0.024,32.2,0.023,32.1,0.020,32.2
1160.5,0.023,32.2,0.026,32.2,0.021,32.2,0.022,32.2
1161.0,0.018,32.1,0.017,32.2,0.022,32.2,0.017,32.2
1161.5,0.021,32.1,0.024,32.2,0.021,32.2,0.019,32.2
1162.0,0.019,32.1,0.016,32.2,0.020,32.1,0.016,32.2
1162.5,0.019,32.1,0.023,32.1,0.022,32.1,0.018,32.2
1163.0,0.011,32.1,0.014,32.1,0.014,32.1,0.012,32.2
1163.5,0.005,32.2,0.003,32.2,0.004,32.2,0.008,32.2
1164.0,0.007,32.2,0.006,32.2,0.008,32.2,0.010,32.1
1164.5,0.007,32.2,0.011,32.2,0.008,32.2,0.006,32.2
1165.0,0.009,32.2,0.009,32.2,0.010,32.2,0.012,32.2
1165.5,0.009,32.2,0.012,32.2,0.008,32.2,0.014,32.2
1166.0,0.010,32.3,0.013,32.2,0.010,32.2,0.008,32.2
1166.5,0.009,32.3,0.009,32.2,0.008,32.2,0.002,32.3
1167.0,0.005,32.3,0.006,32.3,0.004,32.3,0.004,32.3
1167.5,0.004,32.3,0.003,32.3,0.004,32.3,0.005,32.3
1168.0,0.008,32.3,0.007,32.3,0.007,32.3,0.010,32.3
1168.5,0.011,32.3,0.010,32.3,0.011,32.3,0.010,32.3
1169.0,0.011,32.3,0.010,32.3,0.010,32.3,0.013,32.3
1169.5,0.011,32.3,0.014,32.3,0.006,32.3,0.012,32.3
1170.0,0.010,32.3,0.010,32.3,0.009,32.3,0.011,32.3
1170.5,0.009,32.3,0.010,32.3,0.009,32.3,0.010,32.3
1171.0,0.012,32.3,0.011,32.3,0.008,32.3,0.010,32.3
1171.5,0.012,32.3,0.010,32.3,0.013,32.3,0.012,32.3
1172.0,0.013,32.3,0.010,32.3,0.013,32.3,0.013,32.3
1172.5,0.006,32.3,0.005,32.3,0.013,32.2,0.007,32.3
1173.0,0.001,32.3,0.002,32.3,0.001,32.3,0.004,32.3
1173.5,0.005,32.3,0.008,32.3,0.006,32.3,0.002,32.3
1174.0,0.005,32.3,0.009,32.3,0.006,32.3,0.001,32.3
1174.5,0.006,32.3,0.007,32.3,0.004,32.3,0.007,32.3
1175.0,0.005,32.3,0.006,32.3,0.005,32.4,0.003,32.3
1175.5,0.004,32.4,0.005,32.4,0.002,32.4,0.003,32.4
1176.0,0.004,32.4,0.003,32.4,0.002,32.4,0.006,32.4
1176.5,-0.000,32.3,-0.001,32.3,0.005,32.3,0.001,32.3
1177.0,0.004,32.4,0.001,32.4,0.008,32.4,0.002,32.4
1177.5,0.006,32.4,0.005,32.4,0.007,32.4,0.005,32.4
1178.0,0.008,32.4,0.008,32.4,0.006,32.4,0.008,32.4
1178.5,0.008,32.4,0.006,32.4,0.006,32.4,0.015,32.3
1179.0,0.005,32.4,0.003,32.3,0.005,32.4,0.003,32.4
1179.5,0.007,32.4,0.005,32.4,0.006,32.4,0.010,32.4
1180.0,0.005,32.4,0.006,32.4,0.004,32.4,0.004,32.4
1180.5,0.004,32.4,0.004,32.4,0.004,32.4,0.003,32.4
1181.0,0.003,32.4,0.005,32.4,0.007,32.4,0.004,32.4
1181.5,-0.005,32.4,-0.005,32.4,0.000,32.4,-0.004,32.4
1182.0,-0.020,32.4,-0.019,32.4,-0.016,32.4,-0.019,32.4
1182.5,-0.044,32.5,-0.043,32.5,-0.036,32.5,-0.038,32.5
1183.0,-0.053,32.5,-0.052,32.5,-0.045,32.5,-0.055,32.5
1183.5,-0.057,32.5,-0.057,32.5,-0.056,32.5,-0.059,32.5
1184.0,-0.053,32.5,-0.053,32.5,-0.054,32.5,-0.056,32.6
1184.5,-0.039,32.6,-0.039,32.5,-0.050,32.5,-0.040,32.5
1185.0,-0.018,32.6,-0.017,32.6,-0.034,32.6,-0.019,32.6
1185.5,-0.008,32.6,-0.008,32.6,-0.007,32.6,-0.010,32.6
1186.0,-0.009,32.6,-0.008,32.6,-0.006,32.6,-0.010,32.6
1186.5,-0.014,32.6,-0.013,32.6,-0.012,32.6,-0.012,32.6
1187.0,-0.015,32.6,-0.015,32.6,-0.016,32.6,-0.014,32.6
1187.5,-0.017,32.7,-0.017,32.7,-0.017,32.6,-0.014,32.7
1188.0,-0.017,32.7,-0.016,32.7,-0.016,32.7,-0.016,32.7
1188.5,-0.015,32.7,-0.013,32.7,-0.013,32.7,-0.016,32.7
1189.0,-0.008,32.7,-0.008,32.7,-0.010,32.7,-0.008,32.7
1189.5,-0.008,32.7,-0.008,32.7,-0.006,32.7,-0.007,32.7
1190.0,-0.018,32.7,-0.018,32.7,-0.014,32.7,-0.015,32.7
1190.5,-0.033,32.7,-0.034,32.7,-0.030,32.7,-0.031,32.7
1191.0,-0.034,32.7,-0.035,32.7,-0.031,32.7,-0.034,32.8
1191.5,-0.035,32.7,-0.037,32.7,-0.036,32.8,-0.034,32.7
1192.0,-0.035,32.7,-0.036,32.7,-0.035,32.7,-0.035,32.7
1192.5,-0.030,32.8,-0.030,32.8,-0.031,32.8,-0.032,32.7
1193.0,-0.025,32.8,-0.026,32.8,-0.026,32.8,-0.026,32.8
1193.5,-0.021,32.8,-0.021,32.8,-0.023,32.8,-0.021,32.7
1194.0,-0.015,32.8,-0.015,32.8,-0.014,32.8,-0.015,32.7
1194.5,-0.023,32.8,-0.023,32.8,-0.022,32.8,-0.022,32.8
1195.0,-0.027,32.8,-0.026,32.8,-0.026,32.8,-0.025,32.8
1195.5,-0.029,32.8,-0.028,32.8,-0.032,32.8,-0.027,32.8
1196.0,-0.058,32.8,-0.066,32.8,-0.032,32.8,-0.052,32.8
1196.5,-0.045,32.8,-0.043,32.8,-0.036,32.8,-0.050,32.8
1197.0,-0.036,32.8,-0.035,32.8,-0.039,32.8,-0.039,32.8
1197.5,-0.033,32.8,-0.031,32.8,-0.033,32.8,-0.035,32.7
1198.0,-0.028,32.8,-0.028,32.8,-0.028,32.8,-0.029,32.8
1198.5,-0.022,32.8,-0.021,32.8,-0.023,32.8,-0.023,32.8
1199.0,-0.020,32.8,-0.020,32.8,-0.018,32.8,-0.020,32.8
1199.5,-0.025,32.8,-0.026,32.8,-0.024,32.8,-0.025,32.8
1200.0,-0.023,32.8,-0.022,32.8,-0.024,32.8,-0.023,32.8
1200.5,-0.024,32.8,-0.024,32.8,-0.025,32.8,-0.026,32.8
1201.0,-0.028,32.8,-0.029,32.8,-0.029,32.8,-0.028,32.8
1201.5,-0.025,32.8,-0.025,32.8,-0.026,32.8,-0.024,32.8
1202.0,-0.016,32.9,-0.016,32.9,-0.019,32.8,-0.018,32.8
1202.5,-0.007,32.9,-0.005,32.9,-0.007,32.9,-0.006,32.9
1203.0,-0.001,32.9,-0.001,32.9,-0.002,32.8,-0.002,32.8
1203.5,0.002,32.9,0.003,32.8,0.001,32.9,0.002,32.9
1204.0,-0.003,32.9,-0.004,32.8,0.001,32.9,-0.001,32.9
1204.5,0.002,32.8,0.003,32.9,-0.000,32.9,0.002,32.9
1205.0,0.007,32.8,0.007,32.8,0.007,32.8,0.007,32.8
1205.5,0.007,32.8,0.007,32.8,0.004,32.8,0.008,32.8
1206.0,0.010,32.8,0.008,32.8,0.006,32.8,0.009,32.8
1206.5,0.014,32.8,0.011,32.8,0.011,32.8,0.016,32.8
1207.0,0.023,32.8,0.020,32.7,0.020,32.8,0.026,32.8
1207.5,0.026,32.7,0.027,32.7,0.027,32.7,0.029,32.7
1208.0,0.027,32.7,0.026,32.7,0.028,32.7,0.028,32.6
1208.5,0.024,32.6,0.026,32.6,0.027,32.6,0.028,32.6
1209.0,0.013,32.6,0.015,32.6,0.016,32.7,0.013,32.6
1209.5,0.017,32.6,0.019,32.6,0.016,32.6,0.015,32.5
1210.0,0.019,32.6,0.019,32.6,0.018,32.5,0.019,32.6
1210.5,0.020,32.5,0.023,32.5,0.018,32.5,0.019,32.5
1211.0,0.023,32.5,0.029,32.5,0.021,32.5,0.020,32.5
1211.5,0.018,32.5,0.019,32.5,0.020,32.5,0.020,32.5
1212.0,0.018,32.5,0.017,32.5,0.015,32.5,0.022,32.5
1212.5,0.015,32.5,0.014,32.5,0.016,32.5,0.017,32.5
1213.0,0.012,32.5,0.013,32.5,0.016,32.5,0.014,32.5
1213.5,0.008,32.4,0.009,32.5,0.010,32.4,0.009,32.4
1214.0,0.009,32.4,0.011,32.5,0.011,32.4,0.004,32.4
1214.5,0.023,32.5,0.024,32.5,0.019,32.4,0.022,32.4
1215.0,0.022,32.4,0.023,32.4,0.028,32.4,0.020,32.4
1215.5,0.025,32.4,0.024,32.4,0.026,32.4,0.022,32.4
1216.0,0.023,32.4,0.024,32.4,0.028,32.4,0.023,32.4
1216.5,0.023,32.4,0.023,32.3,0.027,32.4,0.022,32.4
1217.0,0.024,32.3,0.025,32.3,0.022,32.3,0.023,32.3
1217.5,0.022,32.3,0.021,32.4,0.022,32.3,0.022,32.3
1218.0,0.026,32.3,0.026,32.3,0.022,32.3,0.025,32.3
1218.5,0.014,32.3,0.012,32.3,0.018,32.2,0.017,32.3
1219.0,0.013,32.3,0.013,32.3,0.013,32.3,0.011,32.3
1219.5,0.018,32.3,0.016,32.3,0.021,32.3,0.018,32.3
1220.0,0.019,32.3,0.020,32.3,0.019,32.3,0.020,32.3
1220.5,0.022,32.3,0.024,32.3,0.023,32.3,0.022,32.3
1221.0,0.019,32.3,0.024,32.3,0.018,32.3,0.020,32.3
1221.5,0.021,32.3,0.023,32.2,0.019,32.2,0.020,32.3
1222.0,0.018,32.2,0.019,32.3,0.016,32.3,0.019,32.2
1222.5,0.014,32.3,0.014,32.3,0.013,32.2,0.017,32.2
1223.0,0.011,32.3,0.009,32.3,0.013,32.2,0.010,32.2
1223.5,0.004,32.2,0.005,32.3,0.002,32.3,0.008,32.3
1224.0,0.015,32.3,0.016,32.3,0.011,32.2,0.016,32.3
1224.5,0.023,32.3,0.024,32.3,0.016,32.3,0.031,32.3
1225.0,0.026,32.3,0.028,32.2,0.025,32.2,0.032,32.3
1225.5,0.028,32.2,0.029,32.2,0.028,32.2,0.029,32.3
1226.0,0.025,32.2,0.025,32.2,0.029,32.2,0.026,32.2
1226.5,0.028,32.1,0.027,32.2,0.030,32.2,0.028,32.1
1227.0,0.023,32.2,0.022,32.2,0.026,32.2,0.024,32.1
1227.5,0.022,32.1,0.021,32.1,0.020,32.1,0.022,32.1
1228.0,0.018,32.1,0.017,32.1,0.019,32.1,0.019,32.1
1228.5,0.013,32.1,0.013,32.2,0.007,32.1,0.017,32.1
1229.0,0.019,32.2,0.017,32.2,0.020,32.2,0.017,32.2
1229.5,0.023,32.1,0.019,32.1,0.022,32.1,0.025,32.1
1230.0,0.026,32.2,0.025,32.2,0.024,32.1,0.027,32.2
1230.5,0.023,32.1,0.019,32.1,0.022,32.1,0.024,32.1
1231.0,0.021,32.1,0.018,32.1,0.019,32.1,0.027,32.1
1231.5,0.019,32.1,0.019,32.1,0.018,32.1,0.019,32.1
1232.0,0.015,32.1,0.019,32.1,0.016,32.1,0.017,32.1
1232.5,0.013,32.1,0.016,32.1,0.016,32.1,0.013,32.1
1233.0,0.009,32.1,0.010,32.1,0.008,32.1,0.012,32.1
1233.5,0.017,32.1,0.012,32.1,0.016,32.1,0.016,32.1
1234.0,0.024,32.1,0.025,32.1,0.022,32.1,0.022,32.1
1234.5,0.022,32.1,0.022,32.1,0.022,32.1,0.022,32.1
1235.0,0.029,32.1,0.029,32.1,0.029,32.1,0.029,32.1
1235.5,0.027,32.0,0.030,32.0,0.027,32.0,0.026,32.1
1236.0,0.029,32.0,0.029,32.1,0.026,32.1,0.031,32.1
1236.5,0.029,32.0,0.030,32.0,0.025,32.0,0.031,32.0
1237.0,0.025,32.0,0.025,32.0,0.023,32.0,0.026,32.0
1237.5,0.022,32.0,0.022,32.0,0.021,32.0,0.022,32.0
1238.0,0.021,32.0,0.021,32.0,0.020,31.9,0.019,32.0
1238.5,0.017,32.0,0.018,32.0,0.019,31.9,0.021,32.0
1239.0,0.013,32.0,0.014,32.0,0.014,32.0,0.019,32.0
1239.5,0.019,32.0,0.019,32.0,0.019,32.0,0.019,32.0
1240.0,0.022,32.0,0.024,32.0,0.024,32.0,0.023,32.0
1240.5,0.018,32.0,0.019,32.0,0.015,32.0,0.023,32.0
1241.0,0.019,32.0,0.019,32.0,0.020,32.0,0.019,32.0
1241.5,0.015,32.0,0.018,31.9,0.015,32.0,0.022,32.0
1242.0,0.014,32.0,0.014,32.0,0.016,32.0,0.017,32.0
1242.5,0.011,32.0,0.010,32.0,0.021,32.1,0.012,32.0
1243.0,0.009,32.0,0.007,32.0,0.016,32.1,0.008,32.1
1243.5,0.019,32.0,0.020,32.0,0.018,32.1,0.014,32.1
1244.0,0.022,32.0,0.026,32.0,0.025,32.0,0.021,32.0
1244.5,0.026,32.0,0.029,32.0,0.026,32.0,0.023,32.0
1245.0,0.026,32.0,0.028,32.0,0.025,32.0,0.023,32.0
1245.5,0.026,32.0,0.028,32.0,0.026,32.0,0.025,32.0
1246.0,0.027,32.0,0.028,31.9,0.025,31.9,0.028,32.0
1246.5,0.025,31.9,0.025,31.9,0.022,32.0,0.024,31.9
1247.0,0.027,31.9,0.027,31.9,0.022,32.0,0.025,31.9
1247.5,0.019,31.9,0.023,31.9,0.019,31.9,0.020,31.9
1248.0,0.014,31.9,0.018,31.9,0.016,31.9,0.016,31.9
1248.5,0.011,31.9,0.011,31.9,0.011,31.9,0.017,31.9
1249.0,0.021,31.9,0.025,31.9,0.018,31.9,0.025,31.9
1249.5,0.025,31.9,0.026,31.9,0.024,31.9,0.026,31.9
1250.0,0.023,31.9,0.022,31.9,0.026,31.9,0.024,31.9
1250.5,0.023,31.9,0.022,31.9,0.024,31.9,0.030,31.9
1251.0,0.019,31.9,0.019,31.9,0.021,31.9,0.030,31.9
1251.5,0.018,31.9,0.018,31.9,0.020,31.9,0.020,31.9
1252.0,0.014,31.9,0.015,31.9,0.014,31.9,0.023,31.9
1252.5,0.010,31.9,0.009,31.9,0.010,31.9,0.011,32.0
1253.0,0.008,31.9,0.007,31.9,0.009,31.9,0.008,31.9
1253.5,0.014,31.9,0.015,32.0,0.012,31.9,0.011,31.9
1254.0,0.023,31.9,0.023,32.0,0.019,31.9,0.025,31.9
1254.5,0.029,31.9,0.030,31.9,0.028,31.9,0.034,31.9
1255.0,0.029,31.9,0.030,31.9,0.029,31.9,0.030,32.0
1255.5,0.029,31.9,0.027,31.9,0.029,31.9,0.029,31.9
1256.0,0.026,31.9,0.026,31.9,0.029,31.9,0.028,31.9
1256.5,0.027,31.8,0.028,31.8,0.032,31.9,0.029,31.9
1257.0,0.025,31.8,0.027,31.8,0.032,31.8,0.027,31.9
1257.5,0.022,31.8,0.023,31.8,0.025,31.8,0.028,31.8
1258.0,0.015,31.8,0.015,31.8,0.015,31.8,0.015,31.8
1258.5,0.015,31.8,0.013,31.8,0.011,31.8,0.019,31.8
1259.0,0.023,31.8,0.022,31.9,0.028,31.8,0.024,31.9
1259.5,0.024,31.8,0.025,31.8,0.028,31.8,0.026,31.9
1260.0,0.025,31.8,0.026,31.9,0.026,31.8,0.030,31.9
1260.5,0.021,31.8,0.021,31.8,0.026,31.8,0.027,31.8
1261.0,0.017,31.8,0.018,31.8,0.020,31.8,0.016,31.8
1261.5,0.016,31.8,0.014,31.8,0.018,31.8,0.017,31.8
1262.0,0.011,31.8,0.010,31.8,0.014,31.8,0.014,31.8
1262.5,0.011,31.8,0.010,31.9,0.008,31.9,0.014,31.8
1263.0,0.014,31.8,0.013,31.8,0.010,31.8,0.017,31.8
1263.5,0.024,31.9,0.023,31.9,0.015,31.8,0.023,31.9
1264.0,0.026,31.8,0.026,31.9,0.024,31.9,0.027,31.9
1264.5,0.028,31.8,0.027,31.8,0.029,31.8,0.028,31.8
1265.0,0.031,31.8,0.030,31.8,0.036,31.8,0.033,31.8
1265.5,0.027,31.8,0.026,31.8,0.026,31.8,0.035,31.8
1266.0,0.028,31.8,0.025,31.8,0.029,31.8,0.028,31.7
1266.5,0.024,31.7,0.024,31.7,0.027,31.7,0.024,31.8
1267.0,0.023,31.7,0.021,31.7,0.027,31.7,0.023,31.7
1267.5,0.018,31.7,0.018,31.7,0.023,31.8,0.020,31.7
1268.0,0.014,31.7,0.012,31.7,0.016,31.7,0.014,31.7
1268.5,0.019,31.8,0.018,31.8,0.017,31.7,0.019,31.8
1269.0,0.024,31.7,0.022,31.7,0.023,31.7,0.025,31.7
1269.5,0.025,31.7,0.024,31.7,0.024,31.7,0.022,31.7
1270.0,0.022,31.7,0.020,31.7,0.020,31.7,0.022,31.8
1270.5,0.018,31.7,0.016,31.7,0.017,31.7,0.019,31.7
1271.0,0.018,31.7,0.017,31.7,0.017,31.7,0.021,31.7
1271.5,0.014,31.8,0.013,31.8,0.014,31.7,0.022,31.7
1272.0,0.012,31.8,0.011,31.8,0.012,31.8,0.011,31.8
1272.5,0.011,31.8,0.011,31.8,0.012,31.8,0.010,31.8
1273.0,0.009,31.8,0.008,31.8,0.010,31.8,0.008,31.8
1273.5,0.020,31.8,0.023,31.8,0.013,31.8,0.022,31.8
1274.0,0.022,31.8,0.022,31.8,0.021,31.8,0.020,31.8
1274.5,0.031,31.8,0.029,31.8,0.026,31.8,0.032,31.8
1275.0,0.030,31.7,0.027,31.8,0.031,31.7,0.035,31.8
1275.5,0.025,31.7,0.024,31.7,0.024,31.7,0.031,31.7
1276.0,0.025,31.7,0.027,31.7,0.027,31.7,0.026,31.6
1276.5,0.022,31.7,0.021,31.7,0.028,31.7,0.024,31.7
1277.0,0.022,31.7,0.021,31.7,0.025,31.7,0.022,31.7
1277.5,0.020,31.7,0.020,31.7,0.026,31.7,0.017,31.7
1278.0,0.019,31.7,0.016,31.7,0.018,31.7,0.015,31.6
1278.5,0.026,31.7,0.024,31.7,0.021,31.7,0.024,31.7
1279.0,0.025,31.7,0.023,31.7,0.025,31.7,0.022,31.7
1279.5,0.026,31.7,0.025,31.7,0.028,31.7,0.023,31.7
1280.0,0.023,31.7,0.022,31.7,0.028,31.6,0.021,31.7
1280.5,0.022,31.7,0.021,31.7,0.024,31.7,0.022,31.7
1281.0,0.018,31.7,0.018,31.7,0.021,31.7,0.016,31.7
1281.5,0.013,31.7,0.013,31.7,0.014,31.7,0.008,31.7
1282.0,0.013,31.7,0.012,31.7,0.011,31.7,0.016,31.7
1282.5,0.010,31.7,0.009,31.7,0.010,31.7,0.013,31.7
1283.0,0.020,31.7,0.019,31.7,0.017,31.7,0.020,31.7
1283.5,0.026,31.7,0.025,31.7,0.022,31.7,0.030,31.7
1284.0,0.027,31.7,0.028,31.7,0.031,31.7,0.027,31.7
1284.5,0.032,31.7,0.033,31.7,0.042,31.7,0.030,31.7
1285.0,0.028,31.6,0.026,31.6,0.032,31.7,0.031,31.6
1285.5,0.029,31.6,0.029,31.6,0.032,31.7,0.032,31.6
1286.0,0.024,31.6,0.026,31.6,0.024,31.6,0.028,31.6
1286.5,0.024,31.6,0.024,31.6,0.023,31.6,0.028,31.6
1287.0,0.023,31.6,0.021,31.6,0.022,31.6,0.022,31.6
1287.5,0.021,31.6,0.021,31.6,0.021,31.6,0.018,31.6
1288.0,0.023,31.6,0.027,31.6,0.022,31.6,0.020,31.6
1288.5,0.023,31.6,0.025,31.6,0.023,31.6,0.022,31.6
1289.0,0.027,31.6,0.023,31.6,0.031,31.6,0.026,31.6
1289.5,0.025,31.6,0.023,31.6,0.028,31.6,0.024,31.6
1290.0,0.022,31.6,0.022,31.6,0.025,31.6,0.025,31.6
1290.5,0.021,31.6,0.020,31.6,0.021,31.6,0.022,31.6
1291.0,0.017,31.6,0.017,31.6,0.019,31.6,0.014,31.6
1291.5,0.017,31.6,0.016,31.6,0.015,31.6,0.010,31.6
1292.0,0.015,31.6,0.014,31.6,0.016,31.6,0.013,31.6
1292.5,0.018,31.6,0.018,31.6,0.018,31.6,0.018,31.6
1293.0,0.026,31.6,0.026,31.6,0.026,31.6,0.025,31.6
1293.5,0.025,31.6,0.024,31.6,0.025,31.6,0.027,31.6
1294.0,0.030,31.6,0.028,31.6,0.023,31.6,0.030,31.6
1294.5,0.027,31.6,0.027,31.6,0.025,31.6,0.032,31.6
1295.0,0.030,31.5,0.033,31.5,0.030,31.6,0.027,31.5
1295.5,0.029,31.5,0.031,31.5,0.026,31.6,0.024,31.5
1296.0,0.028,31.5,0.027,31.5,0.025,31.5,0.026,31.5
1296.5,0.028,31.5,0.027,31.5,0.028,31.5,0.028,31.5
1297.0,0.022,31.5,0.024,31.5,0.023,31.5,0.023,31.5
1297.5,0.024,31.5,0.027,31.5,0.026,31.5,0.026,31.6
1298.0,0.025,31.5,0.023,31.5,0.027,31.5,0.025,31.5
1298.5,0.025,31.5,0.021,31.5,0.027,31.5,0.024,31.5
1299.0,0.025,31.5,0.023,31.5,0.029,31.5,0.024,31.5
1299.5,0.020,31.5,0.019,31.5,0.022,31.5,0.019,31.5
1300.0,0.023,31.5,0.020,31.5,0.022,31.5,0.023,31.5
1300.5,0.018,31.5,0.019,31.5,0.020,31.5,0.018,31.6
1301.0,0.021,31.5,0.020,31.5,0.019,31.5,0.021,31.6
1301.5,0.018,31.5,0.020,31.5,0.016,31.5,0.022,31.5
1302.0,0.020,31.5,0.023,31.5,0.016,31.5,0.021,31.5
1302.5,0.028,31.5,0.031,31.5,0.025,31.5,0.023,31.5
1303.0,0.028,31.5,0.034,31.5,0.029,31.6,0.022,31.5
1303.5,0.032,31.5,0.037,31.5,0.030,31.5,0.023,31.5
1304.0,0.032,31.5,0.035,31.5,0.032,31.5,0.029,31.5
1304.5,0.033,31.5,0.032,31.5,0.036,31.4,0.030,31.5
1305.0,0.035,31.4,0.032,31.4,0.041,31.4,0.030,31.4
1305.5,0.030,31.4,0.032,31.4,0.031,31.5,0.040,31.4
1306.0,0.035,31.4,0.028,31.4,0.035,31.4,0.037,31.4
1306.5,0.033,31.4,0.031,31.4,0.034,31.4,0.033,31.4
1307.0,0.034,31.3,0.031,31.4,0.032,31.4,0.033,31.3
1307.5,0.030,31.4,0.028,31.4,0.030,31.4,0.030,31.3
1308.0,0.023,31.3,0.022,31.4,0.026,31.4,0.024,31.3
1308.5,0.026,31.3,0.026,31.4,0.028,31.3,0.024,31.4
1309.0,0.024,31.4,0.024,31.4,0.021,31.4,0.022,31.4
1309.5,0.025,31.4,0.027,31.4,0.022,31.4,0.024,31.4
1310.0,0.022,31.4,0.024,31.4,0.022,31.4,0.024,31.4
1310.5,0.022,31.4,0.023,31.4,0.022,31.4,0.018,31.4
1311.0,0.020,31.4,0.018,31.4,0.018,31.4,0.019,31.4
1311.5,0.015,31.4,0.017,31.4,0.016,31.4,0.015,31.4
1312.0,0.022,31.4,0.020,31.4,0.017,31.4,0.024,31.4
1312.5,0.025,31.4,0.025,31.4,0.018,31.4,0.026,31.4
1313.0,0.028,31.4,0.026,31.4,0.023,31.4,0.019,31.4
1313.5,0.026,31.4,0.027,31.4,0.026,31.4,0.024,31.4
1314.0,0.025,31.4,0.022,31.4,0.021,31.4,0.026,31.4
1314.5,0.027,31.4,0.026,31.4,0.026,31.4,0.024,31.4
1315.0,0.024,31.4,0.024,31.4,0.018,31.4,0.028,31.4
1315.5,0.027,31.4,0.033,31.4,0.025,31.4,0.030,31.4
1316.0,0.026,31.4,0.032,31.4,0.025,31.4,0.026,31.4
1316.5,0.022,31.4,0.024,31.4,0.021,31.4,0.022,31.4
1317.0,0.012,31.4,0.011,31.4,0.016,31.4,0.011,31.4
1317.5,0.012,31.4,0.011,31.4,0.013,31.4,0.009,31.4
1318.0,0.016,31.4,0.014,31.4,0.017,31.4,0.010,31.5
1318.5,0.015,31.5,0.016,31.5,0.017,31.5,0.015,31.5
1319.0,0.017,31.5,0.017,31.5,0.015,31.5,0.015,31.5
1319.5,0.017,31.5,0.018,31.5,0.021,31.5,0.016,31.5
1320.0,0.015,31.5,0.014,31.5,0.016,31.4,0.017,31.5
1320.5,0.017,31.5,0.017,31.5,0.012,31.5,0.013,31.5
1321.0,0.013,31.5,0.013,31.5,0.010,31.5,0.010,31.5
1321.5,0.010,31.5,0.014,31.5,0.008,31.5,0.008,31.5
1322.0,0.015,31.5,0.016,31.5,0.013,31.5,0.014,31.5
1322.5,0.017,31.5,0.015,31.5,0.021,31.5,0.018,31.5
1323.0,0.020,31.5,0.018,31.5,0.018,31.5,0.020,31.5
1323.5,0.018,31.5,0.015,31.5,0.018,31.4,0.018,31.5
1324.0,0.020,31.5,0.017,31.5,0.021,31.5,0.016,31.5
1324.5,0.019,31.5,0.019,31.5,0.021,31.5,0.017,31.5
1325.0,0.020,31.5,0.019,31.5,0.020,31.5,0.020,31.5
1325.5,0.019,31.5,0.024,31.5,0.022,31.5,0.018,31.5
1326.0,0.010,31.5,0.011,31.5,0.012,31.5,0.013,31.5
1326.5,0.005,31.5,0.006,31.5,0.004,31.5,0.001,31.5
1327.0,0.003,31.5,0.007,31.5,0.004,31.5,0.001,31.5
1327.5,0.009,31.5,0.013,31.5,0.007,31.5,0.005,31.5
1328.0,0.012,31.6,0.014,31.6,0.012,31.5,0.010,31.6
1328.5,0.009,31.6,0.009,31.6,0.008,31.5,0.007,31.6
1329.0,0.010,31.6,0.012,31.6,0.012,31.6,0.011,31.6
1329.5,0.010,31.6,0.009,31.6,0.016,31.6,0.009,31.6
1330.0,0.009,31.6,0.009,31.6,0.011,31.6,0.010,31.6
1330.5,0.007,31.6,0.006,31.6,0.005,31.6,0.013,31.6
1331.0,0.004,31.6,0.001,31.6,0.004,31.6,0.003,31.6
1331.5,0.008,31.6,0.007,31.6,0.004,31.6,0.006,31.6
1332.0,0.009,31.6,0.009,31.6,0.010,31.6,0.008,31.6
1332.5,0.014,31.6,0.014,31.6,0.012,31.6,0.018,31.6
1333.0,0.013,31.6,0.015,31.6,0.009,31.6,0.015,31.6
1333.5,0.014,31.6,0.016,31.6,0.011,31.6,0.014,31.7
1334.0,0.011,31.6,0.012,31.6,0.010,31.6,0.010,31.6
1334.5,0.008,31.6,0.009,31.6,0.008,31.7,0.009,31.6
1335.0,0.010,31.6,0.010,31.6,0.010,31.6,0.012,31.6
1335.5,0.006,31.7,0.009,31.7,0.007,31.6,0.007,31.6
1336.0,0.005,31.7,0.004,31.6,0.005,31.6,0.002,31.7
1336.5,-0.001,31.7,-0.002,31.7,-0.002,31.6,0.001,31.6
1337.0,-0.001,31.7,-0.000,31.7,-0.003,31.7,0.002,31.7
1337.5,0.002,31.7,0.004,31.7,0.002,31.7,0.004,31.7
1338.0,0.002,31.7,0.003,31.7,0.003,31.7,0.004,31.7
1338.5,0.004,31.7,0.006,31.7,0.006,31.8,0.006,31.7
1339.0,0.003,31.7,0.004,31.7,0.004,31.7,0.006,31.7
1339.5,0.003,31.7,0.003,31.7,0.002,31.7,0.006,31.7
1340.0,-0.000,31.7,0.001,31.8,-0.001,31.7,0.002,31.8
1340.5,-0.003,31.7,0.001,31.7,-0.002,31.7,-0.006,31.8
1341.0,0.003,31.7,0.002,31.7,-0.001,31.7,-0.001,31.7
1341.5,0.003,31.8,0.002,31.8,0.002,31.7,0.005,31.8
1342.0,0.004,31.8,0.003,31.8,0.001,31.8,0.007,31.8
1342.5,0.003,31.8,0.003,31.8,0.004,31.8,0.006,31.8
1343.0,-0.002,31.8,-0.002,31.8,0.000,31.8,0.000,31.8
1343.5,-0.013,31.8,-0.013,31.8,-0.011,31.8,-0.004,31.8
1344.0,-0.034,31.8,-0.035,31.9,-0.032,31.8,-0.008,31.8
1344.5,-0.053,31.9,-0.044,31.8,-0.050,31.8,-0.025,31.8
1345.0,-0.073,31.9,-0.074,31.9,-0.073,31.9,-0.062,31.8
1345.5,-0.057,31.9,-0.056,31.9,-0.058,31.9,-0.064,31.9
1346.0,-0.034,31.9,-0.035,31.9,-0.039,31.9,-0.035,31.9
1346.5,-0.016,31.9,-0.016,31.9,-0.021,31.9,-0.019,31.9
1347.0,-0.010,32.0,-0.009,32.0,-0.013,32.0,-0.010,31.9
1347.5,-0.011,32.0,-0.012,32.0,-0.010,32.0,-0.012,32.0
1348.0,-0.014,32.0,-0.014,32.0,-0.011,32.0,-0.014,32.0
1348.5,-0.018,32.0,-0.016,32.0,-0.014,32.0,-0.016,32.0
1349.0,-0.017,32.1,-0.017,32.0,-0.015,32.1,-0.018,32.0
1349.5,-0.023,32.1,-0.022,32.0,-0.022,32.0,-0.019,32.0
1350.0,-0.024,32.1,-0.024,32.1,-0.023,32.1,-0.022,32.1
1350.5,-0.021,32.1,-0.020,32.1,-0.022,32.1,-0.020,32.1
1351.0,-0.020,32.1,-0.019,32.1,-0.018,32.1,-0.020,32.1
1351.5,-0.026,32.1,-0.026,32.1,-0.024,32.1,-0.027,32.1
1352.0,-0.026,32.1,-0.025,32.1,-0.027,32.2,-0.028,32.1
1352.5,-0.024,32.2,-0.023,32.2,-0.023,32.1,-0.023,32.1
1353.0,-0.028,32.1,-0.029,32.1,-0.026,32.1,-0.030,32.2
1353.5,-0.041,32.2,-0.041,32.2,-0.034,32.2,-0.042,32.2
1354.0,-0.045,32.2,-0.046,32.2,-0.044,32.2,-0.042,32.2
1354.5,-0.047,32.2,-0.049,32.2,-0.048,32.2,-0.046,32.2
1355.0,-0.045,32.2,-0.045,32.1,-0.045,32.2,-0.044,32.2
1355.5,-0.039,32.2,-0.040,32.2,-0.041,32.1,-0.040,32.2
1356.0,-0.028,32.2,-0.026,32.2,-0.028,32.2,-0.030,32.2
1356.5,-0.017,32.2,-0.017,32.2,-0.016,32.2,-0.021,32.2
1357.0,-0.008,32.2,-0.008,32.2,-0.009,32.2,-0.009,32.2
1357.5,-0.005,32.2,-0.003,32.2,-0.005,32.2,-0.006,32.2
1358.0,-0.043,32.2,-0.037,32.2,-0.038,32.2,-0.006,32.2
1358.5,-0.030,32.2,-0.029,32.2,-0.030,32.2,-0.024,32.2
1359.0,-0.029,32.2,-0.029,32.2,-0.029,32.2,-0.027,32.2
1359.5,-0.025,32.2,-0.026,32.2,-0.024,32.3,-0.028,32.2
1360.0,-0.016,32.2,-0.016,32.2,-0.020,32.3,-0.015,32.3
1360.5,-0.008,32.2,-0.006,32.3,-0.008,32.2,-0.006,32.3
1361.0,-0.005,32.3,-0.005,32.3,-0.004,32.3,-0.007,32.2
1361.5,-0.000,32.3,0.001,32.3,0.001,32.3,-0.003,32.3
1362.0,-0.004,32.3,-0.003,32.3,-0.001,32.3,-0.002,32.3
1362.5,-0.008,32.3,-0.007,32.3,-0.007,32.3,-0.007,32.2
1363.0,-0.011,32.3,-0.010,32.3,-0.013,32.3,-0.009,32.3
1363.5,-0.011,32.3,-0.009,32.3,-0.011,32.3,-0.009,32.3
1364.0,-0.019,32.3,-0.019,32.3,-0.019,32.3,-0.016,32.3
1364.5,-0.017,32.3,-0.015,32.3,-0.020,32.3,-0.019,32.3
1365.0,-0.002,32.3,-0.000,32.3,-0.005,32.3,-0.010,32.3
1365.5,0.002,32.3,0.002,32.3,0.000,32.4,-0.000,32.3
1366.0,0.006,32.3,0.007,32.3,0.001,32.4,0.006,32.3
1366.5,0.010,32.3,0.012,32.3,0.011,32.3,0.010,32.3
1367.0,0.011,32.3,0.012,32.3,0.010,32.3,0.011,32.3
1367.5,0.002,32.3,0.005,32.3,0.006,32.3,0.002,32.3
1368.0,0.005,32.2,0.008,32.2,0.005,32.3,0.005,32.2
1368.5,0.010,32.2,0.009,32.2,0.011,32.2,0.010,32.2
1369.0,0.012,32.2,0.009,32.2,0.012,32.2,0.013,32.2
1369.5,0.016,32.2,0.015,32.2,0.019,32.2,0.017,32.2
1370.0,0.021,32.2,0.021,32.2,0.021,32.2,0.020,32.2
1370.5,0.022,32.1,0.019,32.1,0.021,32.2,0.023,32.1
1371.0,0.024,32.1,0.023,32.1,0.025,32.1,0.025,32.1
1371.5,0.022,32.0,0.022,32.1,0.027,32.1,0.021,32.0
1372.0,0.014,32.0,0.015,32.0,0.015,32.0,0.016,32.0
1372.5,0.014,32.0,0.015,32.0,0.012,32.0,0.013,32.0
1373.0,0.018,32.0,0.019,32.0,0.017,32.0,0.019,32.0
1373.5,0.022,32.0,0.024,32.0,0.018,32.0,0.025,32.0
1374.0,0.019,32.0,0.021,32.0,0.017,32.0,0.022,32.0
1374.5,0.020,32.0,0.021,32.0,0.018,32.0,0.020,31.9
1375.0,0.019,31.9,0.020,31.9,0.019,32.0,0.020,32.0
1375.5,0.017,31.9,0.021,31.9,0.016,31.9,0.019,31.9
1376.0,0.016,31.9,0.016,31.9,0.016,31.9,0.016,31.9
1376.5,0.012,31.9,0.013,31.9,0.013,31.9,0.012,31.9
1377.0,0.016,31.9,0.020,31.9,0.015,31.9,0.012,31.9
1377.5,0.022,31.9,0.025,31.9,0.022,31.9,0.021,31.9
1378.0,0.021,31.9,0.025,31.9,0.022,31.9,0.023,31.9
1378.5,0.024,31.9,0.024,31.9,0.022,31.8,0.025,31.9
1379.0,0.024,31.8,0.022,31.8,0.026,31.9,0.027,31.8
1379.5,0.027,31.8,0.025,31.8,0.029,31.8,0.029,31.8
1380.0,0.026,31.8,0.023,31.8,0.026,31.8,0.026,31.8
1380.5,0.026,31.8,0.023,31.8,0.024,31.8,0.028,31.8
1381.0,0.023,31.8,0.023,31.8,0.024,31.8,0.026,31.8
1381.5,0.017,31.8,0.017,31.8,0.021,31.8,0.021,31.8
1382.0,0.015,31.7,0.015,31.7,0.020,31.8,0.013,31.7
1382.5,0.017,31.7,0.016,31.7,0.021,31.8,0.019,31.7
1383.0,0.023,31.8,0.021,31.8,0.027,31.8,0.022,31.8
1383.5,0.021,31.7,0.022,31.7,0.022,31.7,0.023,31.8
1384.0,0.020,31.8,0.021,31.8,0.021,31.7,0.020,31.8
1384.5,0.019,31.7,0.019,31.7,0.036,31.7,0.020,31.8
1385.0,0.016,31.7,0.017,31.8,0.036,31.7,0.016,31.7
1385.5,0.017,31.8,0.017,31.8,0.018,31.7,0.020,31.7
1386.0,0.014,31.7,0.017,31.7,0.012,31.8,0.013,31.7
1386.5,0.015,31.8,0.016,31.7,0.014,31.8,0.012,31.7
1387.0,0.023,31.7,0.025,31.7,0.023,31.7,0.019,31.8
1387.5,0.022,31.8,0.023,31.8,0.024,31.8,0.025,31.8
1388.0,0.026,31.7,0.023,31.7,0.029,31.7,0.023,31.7
1388.5,0.025,31.7,0.030,31.7,0.030,31.7,0.022,31.8
1389.0,0.031,31.7,0.030,31.7,0.029,31.7,0.033,31.7
1389.5,0.031,31.7,0.030,31.7,0.027,31.6,0.034,31.7
1390.0,0.029,31.6,0.028,31.7,0.028,31.7,0.034,31.6
1390.5,0.029,31.7,0.030,31.7,0.031,31.6,0.031,31.7
1391.0,0.023,31.6,0.023,31.6,0.031,31.7,0.024,31.6
1391.5,0.016,31.6,0.016,31.6,0.019,31.6,0.020,31.6
1392.0,0.021,31.6,0.020,31.6,0.020,31.6,0.024,31.6
1392.5,0.024,31.6,0.022,31.6,0.024,31.6,0.028,31.6
1393.0,0.024,31.6,0.029,31.6,0.025,31.6,0.024,31.6
1393.5,0.021,31.6,0.024,31.6,0.019,31.6,0.023,31.6
1394.0,0.022,31.6,0.025,31.7,0.021,31.6,0.021,31.6
1394.5,0.018,31.6,0.020,31.6,0.017,31.7,0.018,31.6
1395.0,0.017,31.6,0.014,31.6,0.014,31.6,0.018,31.6
1395.5,0.015,31.6,0.013,31.6,0.017,31.7,0.018,31.6
1396.0,0.011,31.6,0.010,31.6,0.014,31.6,0.011,31.6
1396.5,0.018,31.7,0.018,31.7,0.014,31.6,0.017,31.7
1397.0,0.020,31.7,0.018,31.7,0.018,31.7,0.022,31.7
1397.5,0.023,31.7,0.021,31.7,0.021,31.7,0.024,31.7
1398.0,0.023,31.6,0.022,31.6,0.022,31.7,0.023,31.6
1398.5,0.026,31.7,0.026,31.7,0.025,31.6,0.027,31.6
1399.0,0.026,31.6,0.025,31.6,0.033,31.6,0.025,31.6
1399.5,0.023,31.6,0.020,31.6,0.022,31.6,0.026,31.6
1400.0,0.025,31.6,0.028,31.6,0.022,31.6,0.028,31.6
1400.5,0.023,31.6,0.024,31.6,0.023,31.6,0.026,31.6
1401.0,0.013,31.6,0.015,31.6,0.017,31.6,0.012,31.6
1401.5,0.012,31.6,0.013,31.6,0.009,31.6,0.009,31.6
1402.0,0.014,31.6,0.013,31.6,0.012,31.6,0.014,31.6
1402.5,0.020,31.6,0.020,31.6,0.017,31.7,0.019,31.6
1403.0,0.018,31.6,0.017,31.6,0.018,31.6,0.016,31.6
1403.5,0.020,31.6,0.017,31.6,0.019,31.6,0.019,31.7
1404.0,0.016,31.7,0.016,31.7,0.019,31.6,0.018,31.7
1404.5,0.016,31.7,0.017,31.7,0.018,31.6,0.013,31.7
1405.0,0.013,31.7,0.014,31.7,0.014,31.7,0.012,31.7
1405.5,0.010,31.7,0.010,31.7,0.014,31.7,0.011,31.7
1406.0,0.009,31.7,0.009,31.7,0.007,31.7,0.015,31.7
1406.5,0.013,31.7,0.014,31.7,0.008,31.7,0.017,31.7
1407.0,0.020,31.7,0.021,31.7,0.018,31.7,0.017,31.7
1407.5,0.027,31.7,0.028,31.7,0.026,31.7,0.025,31.7
1408.0,0.026,31.7,0.027,31.7,0.029,31.7,0.024,31.7
1408.5,0.028,31.6,0.025,31.6,0.028,31.7,0.031,31.6
1409.0,0.025,31.6,0.028,31.6,0.024,31.7,0.024,31.6
1409.5,0.027,31.6,0.029,31.6,0.024,31.7,0.025,31.6
1410.0,0.024,31.6,0.025,31.6,0.025,31.7,0.024,31.6
1410.5,0.020,31.6,0.018,31.6,0.022,31.6,0.021,31.6
1411.0,0.012,31.6,0.012,31.6,0.016,31.6,0.012,31.6
1411.5,0.014,31.6,0.013,31.7,0.017,31.6,0.013,31.6
1412.0,0.023,31.6,0.021,31.6,0.017,31.6,0.023,31.6
1412.5,0.024,31.6,0.022,31.6,0.021,31.6,0.020,31.6
1413.0,0.023,31.6,0.023,31.6,0.021,31.6,0.022,31.6
1413.5,0.023,31.6,0.022,31.6,0.021,31.6,0.025,31.6
1414.0,0.017,31.6,0.016,31.6,0.016,31.6,0.019,31.6
1414.5,0.020,31.6,0.018,31.6,0.015,31.6,0.017,31.6
1415.0,0.015,31.6,0.014,31.6,0.017,31.6,0.015,31.6
1415.5,0.011,31.6,0.012,31.6,0.012,31.7,0.014,31.6
1416.0,0.009,31.7,0.010,31.7,0.010,31.7,0.016,31.6
1416.5,0.021,31.7,0.023,31.7,0.019,31.7,0.018,31.6
1417.0,0.024,31.7,0.024,31.6,0.024,31.6,0.024,31.7
1417.5,0.025,31.7,0.026,31.7,0.022,31.7,0.035,31.7
1418.0,0.030,31.6,0.035,31.6,0.032,31.6,0.033,31.6
1418.5,0.027,31.6,0.029,31.6,0.034,31.6,0.026,31.6
1419.0,0.028,31.6,0.031,31.6,0.028,31.6,0.024,31.6
1419.5,0.028,31.6,0.030,31.6,0.030,31.6,0.027,31.6
1420.0,0.024,31.6,0.023,31.6,0.024,31.6,0.026,31.6
1420.5,0.024,31.6,0.025,31.5,0.023,31.5,0.025,31.6
1421.0,0.019,31.6,0.016,31.6,0.020,31.6,0.019,31.6
1421.5,0.017,31.6,0.016,31.5,0.020,31.6,0.015,31.5
1422.0,0.017,31.6,0.017,31.5,0.016,31.6,0.016,31.6
1422.5,0.020,31.6,0.019,31.6,0.018,31.6,0.022,31.6
1423.0,0.023,31.6,0.023,31.6,0.019,31.6,0.027,31.6
1423.5,0.020,31.6,0.019,31.6,0.019,31.6,0.026,31.5
1424.0,0.021,31.6,0.021,31.6,0.024,31.6,0.027,31.5
1424.5,0.018,31.6,0.018,31.6,0.014,31.6,0.021,31.6
1425.0,0.015,31.6,0.015,31.6,0.014,31.6,0.019,31.6
1425.5,0.013,31.6,0.013,31.6,0.011,31.6,0.016,31.6
1426.0,0.010,31.6,0.010,31.6,0.008,31.6,0.014,31.6
1426.5,0.023,31.6,0.025,31.6,0.023,31.7,0.017,31.6
1427.0,0.023,31.6,0.022,31.6,0.025,31.7,0.024,31.6
1427.5,0.025,31.6,0.026,31.6,0.025,31.6,0.024,31.6
1428.0,0.026,31.6,0.028,31.6,0.029,31.6,0.025,31.6
1428.5,0.027,31.6,0.025,31.6,0.029,31.6,0.026,31.6
1429.0,0.029,31.6,0.032,31.6,0.032,31.6,0.028,31.6
1429.5,0.023,31.6,0.023,31.5,0.020,31.5,0.030,31.6
1430.0,0.022,31.5,0.021,31.5,0.023,31.5,0.028,31.5
1430.5,0.024,31.6,0.022,31.6,0.023,31.5,0.022,31.6
1431.0,0.022,31.6,0.022,31.6,0.020,31.6,0.025,31.5
1431.5,0.024,31.6,0.022,31.5,0.022,31.6,0.029,31.6
1432.0,0.022,31.6,0.020,31.6,0.022,31.6,0.022,31.5
1432.5,0.024,31.6,0.024,31.6,0.023,31.6,0.027,31.6
1433.0,0.022,31.5,0.022,31.6,0.026,31.5,0.021,31.6
1433.5,0.022,31.6,0.021,31.6,0.025,31.6,0.018,31.6
1434.0,0.019,31.5,0.018,31.6,0.022,31.6,0.021,31.6
1434.5,0.015,31.6,0.015,31.6,0.016,31.5,0.013,31.5
1435.0,0.015,31.6,0.017,31.6,0.015,31.5,0.013,31.5
1435.5,0.011,31.6,0.012,31.6,0.012,31.5,0.011,31.6
1436.0,0.010,31.6,0.008,31.6,0.010,31.6,0.007,31.6
1436.5,0.017,31.6,0.013,31.6,0.012,31.6,0.012,31.6
1437.0,0.023,31.7,0.023,31.7,0.022,31.7,0.015,31.6
1437.5,0.026,31.6,0.026,31.6,0.027,31.6,0.025,31.7
1438.0,0.027,31.6,0.027,31.6,0.022,31.7,0.032,31.6
1438.5,0.030,31.6,0.029,31.6,0.026,31.6,0.038,31.6
1439.0,0.026,31.6,0.029,31.6,0.027,31.6,0.025,31.6
1439.5,0.027,31.6,0.028,31.6,0.028,31.6,0.022,31.6
1440.0,0.026,31.5,0.027,31.5,0.028,31.6,0.023,31.6
1440.5,0.022,31.6,0.024,31.5,0.026,31.5,0.020,31.6
1441.0,0.024,31.6,0.025,31.6,0.021,31.6,0.023,31.6
1441.5,0.022,31.6,0.021,31.6,0.022,31.6,0.024,31.6
1442.0,0.025,31.6,0.023,31.5,0.023,31.6,0.024,31.6
1442.5,0.024,31.5,0.024,31.5,0.025,31.6,0.024,31.6
1443.0,0.022,31.6,0.022,31.6,0.032,31.5,0.023,31.5
1443.5,0.022,31.5,0.021,31.5,0.026,31.6,0.021,31.6
1444.0,0.018,31.6,0.017,31.6,0.020,31.6,0.022,31.6
1444.5,0.018,31.6,0.018,31.6,0.018,31.6,0.017,31.6
1445.0,0.015,31.6,0.014,31.6,0.012,31.6,0.012,31.6
1445.5,0.014,31.6,0.014,31.6,0.013,31.6,0.015,31.6
1446.0,0.020,31.6,0.020,31.6,0.020,31.6,0.020,31.6
1446.5,0.022,31.6,0.026,31.7,0.022,31.6,0.020,31.6
1447.0,0.026,31.6,0.031,31.6,0.026,31.6,0.023,31.6
1447.5,0.025,31.6,0.027,31.6,0.026,31.6,0.024,31.6
1448.0,0.029,31.6,0.026,31.6,0.032,31.7,0.024,31.7
1448.5,0.030,31.6,0.030,31.6,0.033,31.6,0.030,31.6
1449.0,0.027,31.6,0.028,31.5,0.020,31.6,0.030,31.6
1449.5,0.028,31.5,0.027,31.6,0.022,31.6,0.030,31.5
1450.0,0.024,31.6,0.022,31.6,0.026,31.6,0.025,31.6
1450.5,0.026,31.6,0.026,31.6,0.027,31.5,0.026,31.6
1451.0,0.024,31.6,0.025,31.6,0.027,31.5,0.024,31.6
1451.5,0.023,31.5,0.024,31.5,0.030,31.5,0.024,31.6
1452.0,0.023,31.6,0.023,31.6,0.022,31.6,0.030,31.6
1452.5,0.004,31.6,0.006,31.6,0.003,31.6,0.014,31.6
1453.0,-0.019,31.6,-0.019,31.6,-0.019,31.6,-0.020,31.6
