time_s,s1_flow_ml_min,s1_temp_c,s2_flow_ml_min,s2_temp_c,s3_flow_ml_min,s3_temp_c,s4_flow_ml_min,s4_temp_c
0.0,0.073,31.4,0.073,31.3,0.073,31.4,0.074,31.3
0.5,0.067,31.3,0.066,31.4,0.069,31.3,0.070,31.3
1.0,0.056,31.3,0.055,31.4,0.062,31.3,0.067,31.3
1.5,0.055,31.4,0.055,31.4,0.055,31.4,0.060,31.4
2.0,0.054,31.4,0.056,31.4,0.055,31.4,0.057,31.4
2.5,0.054,31.4,0.054,31.4,0.055,31.4,0.052,31.4
3.0,0.050,31.4,0.048,31.4,0.050,31.4,0.050,31.4
3.5,0.057,31.5,0.057,31.4,0.054,31.4,0.055,31.4
4.0,0.063,31.5,0.063,31.4,0.063,31.5,0.060,31.5
4.5,0.063,31.5,0.063,31.5,0.062,31.5,0.066,31.5
5.0,0.061,31.5,0.062,31.5,0.059,31.5,0.061,31.5
5.5,0.053,31.5,0.055,31.5,0.053,31.5,0.056,31.5
6.0,0.042,31.5,0.044,31.5,0.044,31.5,0.046,31.5
6.5,0.043,31.5,0.045,31.5,0.042,31.5,0.042,31.5
7.0,0.044,31.5,0.045,31.5,0.045,31.5,0.042,31.5
7.5,0.042,31.6,0.042,31.6,0.044,31.6,0.041,31.6
8.0,0.037,31.6,0.037,31.6,0.037,31.6,0.037,31.6
8.5,0.042,31.6,0.044,31.6,0.040,31.7,0.044,31.6
9.0,0.044,31.7,0.048,31.7,0.044,31.7,0.045,31.6
9.5,0.043,31.7,0.044,31.7,0.044,31.7,0.042,31.7
10.0,0.039,31.7,0.039,31.7,0.040,31.7,0.038,31.7
10.5,0.036,31.7,0.037,31.7,0.036,31.7,0.037,31.7
11.0,0.028,31.7,0.028,31.7,0.030,31.7,0.030,31.7
11.5,0.028,31.7,0.029,31.7,0.028,31.8,0.024,31.7
12.0,0.029,31.8,0.029,31.8,0.028,31.8,0.024,31.7
12.5,0.025,31.8,0.025,31.8,0.024,31.8,0.024,31.7
13.0,0.023,31.9,0.023,31.9,0.026,31.8,0.025,31.8
13.5,0.031,31.9,0.030,31.9,0.030,31.8,0.029,31.9
14.0,0.034,31.9,0.033,31.9,0.030,31.9,0.034,31.9
14.5,0.031,31.9,0.031,31.9,0.030,31.9,0.033,31.9
15.0,0.028,31.9,0.028,31.9,0.028,31.9,0.029,31.9
15.5,0.020,31.9,0.019,31.9,0.021,31.9,0.020,31.9
16.0,0.018,31.9,0.020,31.9,0.020,31.9,0.019,32.0
16.5,0.017,32.0,0.017,32.0,0.017,32.0,0.017,32.0
17.0,0.007,32.0,0.008,32.0,0.014,32.0,0.009,32.0
17.5,-0.021,32.0,-0.020,32.0,-0.014,32.0,-0.012,32.1
18.0,-0.050,32.1,-0.051,32.1,-0.035,32.1,-0.047,32.1
18.5,-0.057,32.1,-0.057,32.1,-0.058,32.1,-0.057,32.1
19.0,-0.044,32.2,-0.043,32.2,-0.046,32.2,-0.045,32.2
19.5,-0.049,32.3,-0.050,32.3,-0.047,32.2,-0.048,32.3
20.0,-0.049,32.3,-0.048,32.3,-0.052,32.3,-0.051,32.3
20.5,-0.026,32.3,-0.026,32.3,-0.039,32.3,-0.026,32.3
21.0,-0.019,32.4,-0.019,32.4,-0.017,32.4,-0.016,32.3
21.5,-0.026,32.4,-0.025,32.4,-0.019,32.4,-0.027,32.4
22.0,-0.034,32.5,-0.032,32.4,-0.033,32.5,-0.030,32.4
22.5,-0.037,32.5,-0.037,32.5,-0.037,32.4,-0.037,32.5
23.0,-0.029,32.5,-0.028,32.5,-0.029,32.5,-0.029,32.5
23.5,-0.020,32.5,-0.020,32.5,-0.020,32.5,-0.021,32.5
24.0,-0.032,32.6,-0.030,32.6,-0.026,32.5,-0.032,32.6
24.5,-0.042,32.6,-0.041,32.6,-0.038,32.5,-0.042,32.6
25.0,-0.033,32.6,-0.033,32.6,-0.034,32.6,-0.036,32.6
25.5,-0.014,32.7,-0.014,32.7,-0.015,32.6,-0.018,32.6
26.0,0.010,32.7,0.011,32.7,0.009,32.7,0.008,32.7
26.5,0.005,32.7,0.006,32.7,0.012,32.7,0.006,32.7
27.0,0.003,32.7,0.004,32.7,0.004,32.7,0.003,32.7
27.5,0.019,32.7,0.019,32.7,0.015,32.7,0.018,32.7
28.0,0.030,32.7,0.031,32.7,0.032,32.7,0.027,32.7
28.5,0.030,32.7,0.031,32.7,0.029,32.7,0.032,32.7
29.0,0.026,32.6,0.026,32.6,0.025,32.6,0.026,32.6
29.5,0.026,32.7,0.027,32.6,0.026,32.6,0.027,32.6
30.0,0.030,32.6,0.030,32.6,0.026,32.7,0.032,32.6
30.5,0.036,32.6,0.036,32.6,0.035,32.6,0.036,32.6
31.0,0.035,32.5,0.034,32.6,0.036,32.6,0.037,32.5
31.5,0.043,32.5,0.043,32.5,0.044,32.5,0.042,32.5
32.0,0.051,32.5,0.050,32.5,0.051,32.5,0.050,32.5
32.5,0.057,32.4,0.056,32.5,0.056,32.4,0.057,32.5
33.0,0.057,32.4,0.057,32.4,0.058,32.4,0.056,32.4
33.5,0.048,32.3,0.049,32.3,0.054,32.4,0.048,32.3
34.0,0.051,32.3,0.050,32.3,0.049,32.3,0.049,32.3
34.5,0.052,32.3,0.051,32.2,0.051,32.3,0.054,32.3
35.0,0.049,32.2,0.048,32.2,0.052,32.3,0.050,32.3
35.5,0.043,32.2,0.042,32.2,0.047,32.2,0.044,32.2
36.0,0.044,32.2,0.044,32.2,0.041,32.3,0.044,32.2
36.5,0.052,32.2,0.053,32.2,0.050,32.2,0.053,32.2
37.0,0.056,32.2,0.056,32.2,0.056,32.2,0.057,32.2
37.5,0.061,32.2,0.063,32.2,0.065,32.2,0.060,32.2
38.0,0.057,32.2,0.058,32.2,0.058,32.1,0.058,32.2
38.5,0.049,32.2,0.050,32.1,0.050,32.2,0.056,32.2
39.0,0.051,32.1,0.052,32.1,0.050,32.1,0.051,32.1
39.5,0.051,32.1,0.050,32.1,0.049,32.2,0.049,32.1
40.0,0.046,32.1,0.046,32.2,0.047,32.2,0.047,32.1
40.5,0.041,32.1,0.041,32.2,0.041,32.1,0.043,32.1
41.0,0.051,32.2,0.050,32.2,0.047,32.1,0.046,32.2
41.5,0.056,32.1,0.056,32.1,0.056,32.2,0.053,32.2
42.0,0.062,32.1,0.063,32.1,0.061,32.1,0.059,32.1
42.5,0.068,32.1,0.069,32.1,0.066,32.1,0.064,32.1
43.0,0.061,32.1,0.061,32.1,0.062,32.1,0.062,32.1
43.5,0.058,32.1,0.057,32.0,0.059,32.1,0.058,32.1
44.0,0.058,32.0,0.059,32.0,0.059,32.0,0.059,32.1
44.5,0.053,32.1,0.054,32.1,0.054,32.0,0.055,32.1
45.0,0.048,32.1,0.047,32.1,0.052,32.1,0.049,32.1
45.5,0.042,32.1,0.042,32.1,0.042,32.1,0.041,32.0
46.0,0.046,32.1,0.047,32.1,0.046,32.1,0.047,32.1
46.5,0.052,32.1,0.052,32.1,0.052,32.1,0.051,32.1
47.0,0.056,32.1,0.055,32.1,0.054,32.1,0.055,32.1
47.5,0.055,32.1,0.055,32.1,0.056,32.1,0.056,32.0
48.0,0.046,32.1,0.047,32.0,0.047,32.1,0.049,32.1
48.5,0.045,32.1,0.047,32.1,0.044,32.1,0.045,32.1
49.0,0.047,32.1,0.048,32.1,0.047,32.1,0.048,32.1
49.5,0.046,32.1,0.047,32.1,0.046,32.1,0.046,32.1
50.0,0.041,32.1,0.041,32.1,0.041,32.1,0.043,32.1
50.5,0.037,32.1,0.037,32.1,0.036,32.1,0.041,32.1
51.0,0.048,32.1,0.047,32.1,0.041,32.1,0.048,32.1
51.5,0.059,32.1,0.059,32.1,0.056,32.2,0.062,32.2
52.0,0.061,32.1,0.060,32.1,0.062,32.1,0.064,32.1
52.5,0.058,32.1,0.059,32.1,0.062,32.1,0.060,32.1
53.0,0.048,32.1,0.049,32.1,0.048,32.0,0.050,32.1
53.5,0.050,32.1,0.051,32.1,0.047,32.1,0.051,32.1
54.0,0.055,32.1,0.056,32.1,0.055,32.1,0.058,32.1
54.5,0.052,32.1,0.052,32.1,0.056,32.1,0.054,32.1
55.0,0.043,32.1,0.043,32.1,0.046,32.1,0.045,32.1
55.5,0.039,32.1,0.039,32.1,0.041,32.1,0.035,32.1
56.0,0.050,32.1,0.052,32.1,0.050,32.1,0.040,32.1
56.5,0.060,32.1,0.062,32.1,0.055,32.1,0.060,32.1
57.0,0.062,32.1,0.064,32.1,0.061,32.1,0.062,32.1
57.5,0.060,32.1,0.060,32.1,0.059,32.1,0.062,32.1
58.0,0.054,32.1,0.054,32.1,0.054,32.0,0.054,32.1
58.5,0.051,32.0,0.052,32.0,0.053,32.1,0.054,32.0
59.0,0.054,32.1,0.054,32.1,0.054,32.1,0.054,32.0
59.5,0.050,32.1,0.050,32.0,0.050,32.1,0.054,32.0
60.0,0.043,32.1,0.044,32.1,0.046,32.1,0.046,32.0
60.5,0.040,32.1,0.041,32.1,0.041,32.1,0.041,32.1
61.0,0.050,32.1,0.050,32.1,0.050,32.1,0.049,32.1
61.5,0.060,32.1,0.058,32.1,0.061,32.1,0.059,32.1
62.0,0.061,32.1,0.062,32.1,0.059,32.1,0.061,32.1
62.5,0.062,32.0,0.063,32.0,0.059,32.0,0.060,32.0
63.0,0.057,32.0,0.058,32.0,0.058,32.0,0.058,32.0
63.5,0.057,32.0,0.058,32.0,0.057,32.1,0.056,32.0
64.0,0.059,32.0,0.059,32.0,0.059,32.0,0.060,32.0
64.5,0.055,32.0,0.056,32.1,0.056,32.0,0.057,32.0
65.0,0.045,32.0,0.049,32.1,0.048,32.0,0.046,32.0
65.5,0.039,32.1,0.038,32.1,0.039,32.1,0.041,32.1
66.0,0.048,32.1,0.048,32.1,0.046,32.1,0.050,32.1
66.5,0.058,32.1,0.057,32.1,0.057,32.1,0.057,32.1
67.0,0.063,32.1,0.064,32.1,0.060,32.1,0.062,32.1
67.5,0.062,32.0,0.062,32.0,0.063,32.1,0.064,32.1
68.0,0.058,32.0,0.058,32.0,0.061,32.1,0.060,32.0
68.5,0.056,32.0,0.058,32.0,0.059,32.0,0.055,32.0
69.0,0.060,32.0,0.060,32.0,0.061,32.1,0.057,32.0
69.5,0.055,32.0,0.054,32.0,0.057,32.1,0.057,32.0
70.0,0.048,32.0,0.048,32.0,0.049,32.0,0.052,32.0
70.5,0.047,32.1,0.048,32.0,0.048,32.0,0.045,32.0
71.0,0.055,32.1,0.054,32.1,0.052,32.0,0.053,32.1
71.5,0.062,32.0,0.061,32.0,0.062,32.0,0.063,32.1
72.0,0.066,32.0,0.066,32.1,0.067,32.0,0.065,32.0
72.5,0.063,32.0,0.063,32.0,0.065,32.0,0.062,32.0
73.0,0.061,32.0,0.061,32.0,0.064,32.0,0.060,32.0
73.5,0.058,32.0,0.057,32.0,0.062,32.0,0.060,32.0
74.0,0.057,32.0,0.056,32.0,0.058,32.0,0.059,32.0
74.5,0.053,32.0,0.054,32.0,0.055,32.0,0.054,32.0
75.0,0.046,32.0,0.047,32.0,0.046,32.0,0.052,32.0
75.5,0.048,32.0,0.048,32.0,0.048,32.1,0.052,32.0
76.0,0.058,32.0,0.059,32.0,0.058,32.0,0.059,32.0
76.5,0.066,32.1,0.069,32.1,0.065,32.0,0.065,32.0
77.0,0.067,32.0,0.069,32.0,0.067,32.0,0.070,32.0
77.5,0.065,32.0,0.068,32.0,0.066,32.0,0.066,32.0
78.0,0.060,32.0,0.062,32.0,0.063,32.0,0.062,32.0
78.5,0.058,32.0,0.058,32.0,0.060,32.0,0.057,32.0
79.0,0.058,32.0,0.058,32.0,0.060,31.9,0.058,32.0
79.5,0.056,32.0,0.055,32.0,0.058,32.0,0.055,32.0
80.0,0.052,32.0,0.053,32.0,0.056,32.0,0.050,32.0
80.5,0.058,32.0,0.059,32.0,0.064,32.0,0.057,32.0
81.0,0.062,32.0,0.062,32.0,0.064,32.0,0.060,32.0
81.5,0.064,32.0,0.062,32.0,0.063,32.0,0.060,32.0
82.0,0.065,32.0,0.065,32.0,0.068,32.0,0.062,32.0
82.5,0.064,32.0,0.062,32.0,0.062,31.9,0.066,32.0
83.0,0.059,32.0,0.061,32.0,0.058,32.0,0.059,32.0
83.5,0.055,32.0,0.058,32.0,0.056,32.0,0.056,32.0
84.0,0.053,32.0,0.053,32.0,0.056,32.0,0.055,31.9
84.5,0.049,32.0,0.050,32.0,0.052,32.0,0.048,31.9
85.0,0.047,32.0,0.047,32.0,0.051,32.0,0.047,32.0
85.5,0.053,32.0,0.054,32.0,0.051,32.0,0.053,32.0
86.0,0.055,32.0,0.054,32.0,0.055,32.0,0.053,32.0
86.5,0.054,32.0,0.053,32.0,0.054,32.0,0.054,32.0
87.0,0.055,32.0,0.054,32.0,0.055,32.0,0.054,32.0
87.5,0.048,32.0,0.049,32.0,0.050,32.0,0.047,32.0
88.0,0.036,32.0,0.037,32.0,0.041,32.0,0.036,32.0
88.5,0.036,32.1,0.036,32.0,0.035,32.0,0.035,32.1
89.0,0.035,32.1,0.034,32.1,0.034,32.1,0.035,32.1
89.5,0.032,32.1,0.032,32.1,0.034,32.1,0.031,32.1
90.0,0.031,32.2,0.030,32.2,0.030,32.1,0.030,32.1
90.5,0.035,32.2,0.034,32.2,0.032,32.2,0.033,32.2
91.0,0.039,32.2,0.038,32.2,0.039,32.2,0.038,32.2
91.5,0.040,32.2,0.040,32.2,0.041,32.2,0.040,32.2
92.0,0.039,32.2,0.041,32.2,0.041,32.2,0.040,32.2
92.5,0.027,32.2,0.028,32.2,0.026,32.2,0.032,32.2
93.0,0.028,32.2,0.027,32.2,0.026,32.2,0.030,32.2
93.5,0.029,32.3,0.030,32.3,0.028,32.3,0.029,32.2
94.0,0.029,32.3,0.029,32.3,0.029,32.3,0.029,32.3
94.5,0.024,32.3,0.028,32.3,0.025,32.3,0.026,32.3
95.0,0.025,32.3,0.027,32.3,0.026,32.3,0.026,32.3
95.5,0.030,32.3,0.029,32.3,0.030,32.3,0.030,32.3
96.0,0.030,32.3,0.030,32.3,0.030,32.3,0.031,32.4
96.5,0.028,32.4,0.028,32.4,0.030,32.4,0.030,32.4
97.0,0.015,32.4,0.015,32.4,0.022,32.4,0.022,32.3
97.5,0.006,32.4,0.006,32.4,0.007,32.4,0.012,32.4
98.0,-0.004,32.4,-0.004,32.4,-0.004,32.4,0.004,32.4
98.5,-0.026,32.5,-0.024,32.5,-0.019,32.5,-0.025,32.5
99.0,-0.055,32.6,-0.054,32.5,-0.049,32.5,-0.053,32.5
99.5,-0.064,32.6,-0.063,32.6,-0.065,32.6,-0.064,32.6
100.0,-0.053,32.6,-0.052,32.6,-0.053,32.6,-0.057,32.6
100.5,-0.040,32.7,-0.041,32.7,-0.041,32.7,-0.043,32.7
101.0,-0.030,32.7,-0.030,32.7,-0.029,32.7,-0.032,32.7
101.5,-0.034,32.8,-0.033,32.7,-0.031,32.8,-0.032,32.7
102.0,-0.028,32.8,-0.029,32.8,-0.030,32.8,-0.029,32.8
102.5,-0.022,32.8,-0.021,32.9,-0.022,32.8,-0.022,32.9
103.0,-0.033,32.9,-0.031,32.8,-0.030,32.9,-0.031,32.9
103.5,-0.042,32.9,-0.041,32.9,-0.036,32.9,-0.041,32.9
104.0,-0.040,32.9,-0.041,32.9,-0.037,32.9,-0.040,32.9
104.5,-0.037,33.0,-0.036,33.0,-0.038,33.0,-0.035,33.0
105.0,-0.030,33.0,-0.030,32.9,-0.031,33.0,-0.030,32.9
105.5,-0.022,33.0,-0.022,33.0,-0.024,33.0,-0.022,33.0
106.0,-0.021,33.0,-0.022,33.0,-0.021,33.0,-0.021,33.0
106.5,-0.013,33.1,-0.013,33.1,-0.013,33.1,-0.020,33.0
107.0,0.002,33.1,0.001,33.0,0.003,33.1,-0.004,33.1
107.5,-0.004,33.1,-0.003,33.1,-0.001,33.1,-0.002,33.2
108.0,-0.010,33.1,-0.010,33.1,-0.004,33.1,-0.010,33.1
108.5,0.001,33.1,-0.001,33.1,-0.004,33.1,-0.003,33.1
109.0,0.020,33.1,0.020,33.1,0.014,33.1,0.017,33.1
109.5,0.032,33.1,0.031,33.1,0.031,33.1,0.030,33.1
110.0,0.039,33.1,0.039,33.1,0.034,33.1,0.039,33.1
110.5,0.037,33.0,0.038,33.0,0.036,33.1,0.039,33.0
111.0,0.040,32.9,0.040,33.0,0.039,32.9,0.039,32.9
111.5,0.044,32.9,0.044,32.9,0.043,32.9,0.044,32.9
112.0,0.044,32.8,0.043,32.9,0.046,32.8,0.046,32.9
112.5,0.041,32.8,0.041,32.8,0.043,32.8,0.041,32.8
113.0,0.039,32.8,0.041,32.8,0.037,32.8,0.039,32.8
113.5,0.049,32.7,0.048,32.7,0.048,32.7,0.044,32.7
114.0,0.059,32.7,0.059,32.7,0.058,32.7,0.058,32.7
114.5,0.060,32.6,0.060,32.6,0.060,32.6,0.060,32.6
115.0,0.055,32.6,0.055,32.5,0.056,32.6,0.056,32.6
115.5,0.044,32.5,0.046,32.5,0.045,32.5,0.044,32.5
116.0,0.046,32.5,0.047,32.5,0.044,32.5,0.046,32.5
116.5,0.045,32.5,0.045,32.4,0.046,32.5,0.045,32.5
117.0,0.043,32.5,0.043,32.5,0.044,32.5,0.044,32.4
117.5,0.040,32.5,0.040,32.5,0.040,32.5,0.040,32.5
118.0,0.047,32.5,0.046,32.5,0.045,32.5,0.046,32.5
118.5,0.054,32.5,0.056,32.5,0.051,32.5,0.053,32.5
119.0,0.059,32.4,0.060,32.4,0.052,32.4,0.059,32.4
119.5,0.059,32.4,0.058,32.4,0.053,32.4,0.060,32.4
120.0,0.053,32.4,0.054,32.4,0.052,32.3,0.056,32.4
120.5,0.049,32.3,0.050,32.3,0.048,32.3,0.050,32.3
121.0,0.052,32.3,0.052,32.3,0.053,32.3,0.051,32.3
121.5,0.050,32.3,0.050,32.3,0.052,32.3,0.050,32.3
122.0,0.046,32.3,0.047,32.3,0.049,32.4,0.048,32.3
122.5,0.042,32.3,0.042,32.3,0.046,32.4,0.042,32.3
123.0,0.048,32.3,0.048,32.3,0.049,32.4,0.047,32.4
123.5,0.056,32.3,0.056,32.3,0.054,32.4,0.054,32.3
124.0,0.061,32.3,0.060,32.3,0.054,32.4,0.061,32.3
124.5,0.062,32.3,0.061,32.3,0.060,32.3,0.061,32.3
125.0,0.055,32.3,0.055,32.3,0.055,32.3,0.057,32.3
125.5,0.052,32.2,0.054,32.2,0.056,32.3,0.052,32.3
126.0,0.052,32.2,0.052,32.2,0.052,32.2,0.052,32.2
126.5,0.049,32.2,0.050,32.2,0.050,32.2,0.051,32.2
127.0,0.043,32.2,0.043,32.2,0.044,32.3,0.047,32.2
127.5,0.039,32.3,0.039,32.3,0.040,32.3,0.040,32.2
128.0,0.044,32.3,0.044,32.3,0.045,32.3,0.043,32.2
128.5,0.053,32.3,0.053,32.3,0.053,32.3,0.053,32.3
129.0,0.057,32.2,0.058,32.3,0.056,32.2,0.057,32.2
129.5,0.055,32.2,0.057,32.2,0.058,32.2,0.057,32.2
130.0,0.048,32.2,0.049,32.2,0.052,32.2,0.050,32.2
130.5,0.048,32.2,0.048,32.2,0.050,32.2,0.048,32.2
131.0,0.051,32.2,0.050,32.2,0.050,32.2,0.053,32.2
131.5,0.050,32.2,0.048,32.2,0.050,32.2,0.051,32.2
132.0,0.045,32.2,0.044,32.2,0.048,32.2,0.045,32.2
132.5,0.042,32.2,0.041,32.2,0.046,32.2,0.043,32.3
133.0,0.052,32.3,0.050,32.3,0.054,32.3,0.051,32.2
133.5,0.060,32.2,0.059,32.2,0.063,32.2,0.058,32.2
134.0,0.063,32.2,0.064,32.2,0.063,32.2,0.064,32.2
134.5,0.062,32.2,0.064,32.2,0.061,32.2,0.061,32.2
135.0,0.053,32.1,0.051,32.1,0.055,32.2,0.052,32.1
135.5,0.055,32.1,0.053,32.1,0.052,32.1,0.054,32.1
136.0,0.055,32.1,0.055,32.1,0.054,32.1,0.057,32.1
136.5,0.051,32.1,0.051,32.1,0.051,32.1,0.054,32.1
137.0,0.044,32.1,0.046,32.1,0.044,32.1,0.047,32.1
137.5,0.040,32.2,0.040,32.2,0.038,32.1,0.041,32.1
138.0,0.050,32.2,0.051,32.2,0.042,32.2,0.048,32.1
138.5,0.057,32.2,0.057,32.2,0.045,32.1,0.056,32.2
139.0,0.057,32.1,0.059,32.2,0.056,32.1,0.057,32.2
139.5,0.055,32.1,0.054,32.1,0.053,32.1,0.055,32.2
140.0,0.046,32.1,0.047,32.1,0.047,32.1,0.046,32.1
140.5,0.048,32.1,0.049,32.1,0.047,32.1,0.050,32.2
141.0,0.052,32.2,0.052,32.1,0.053,32.1,0.053,32.2
141.5,0.049,32.2,0.049,32.2,0.050,32.1,0.051,32.2
142.0,0.041,32.1,0.041,32.2,0.041,32.1,0.045,32.1
142.5,0.037,32.2,0.037,32.1,0.036,32.2,0.042,32.1
143.0,0.050,32.2,0.051,32.2,0.049,32.2,0.047,32.2
143.5,0.062,32.2,0.062,32.2,0.060,32.1,0.058,32.2
144.0,0.062,32.1,0.062,32.1,0.064,32.1,0.064,32.2
144.5,0.059,32.1,0.058,32.1,0.060,32.2,0.062,32.1
145.0,0.050,32.1,0.051,32.1,0.053,32.1,0.052,32.1
145.5,0.056,32.1,0.056,32.1,0.055,32.1,0.054,32.1
146.0,0.057,32.1,0.056,32.1,0.057,32.1,0.056,32.1
146.5,0.051,32.1,0.051,32.1,0.053,32.1,0.051,32.1
147.0,0.041,32.1,0.042,32.1,0.047,32.1,0.042,32.1
147.5,0.041,32.1,0.042,32.1,0.047,32.1,0.040,32.1
148.0,0.057,32.1,0.056,32.1,0.053,32.1,0.047,32.1
148.5,0.065,32.1,0.067,32.1,0.056,32.1,0.058,32.1
149.0,0.064,32.1,0.064,32.1,0.063,32.0,0.064,32.0
149.5,0.059,32.1,0.059,32.1,0.061,32.0,0.061,32.0
150.0,0.055,32.0,0.054,32.0,0.056,32.0,0.056,32.0
150.5,0.056,32.0,0.055,32.0,0.056,32.0,0.054,32.0
151.0,0.057,32.0,0.055,32.0,0.056,32.0,0.053,32.1
151.5,0.049,32.1,0.049,32.0,0.049,32.1,0.050,32.1
152.0,0.044,32.1,0.044,32.1,0.046,32.1,0.045,32.0
152.5,0.051,32.1,0.050,32.1,0.048,32.1,0.049,32.1
153.0,0.059,32.1,0.060,32.0,0.057,32.1,0.056,32.1
153.5,0.067,32.0,0.067,32.0,0.065,32.0,0.063,32.1
154.0,0.068,32.0,0.069,32.0,0.067,32.0,0.067,32.0
154.5,0.063,32.0,0.062,32.0,0.065,31.9,0.063,32.0
155.0,0.060,32.0,0.060,32.0,0.060,31.9,0.058,32.0
155.5,0.060,32.0,0.061,32.0,0.058,31.9,0.061,32.0
156.0,0.057,32.0,0.058,31.9,0.058,32.0,0.060,32.0
156.5,0.052,32.0,0.051,32.0,0.052,32.0,0.053,31.9
157.0,0.048,32.0,0.049,31.9,0.048,32.0,0.048,31.9
157.5,0.052,32.0,0.052,32.0,0.051,32.0,0.049,32.0
158.0,0.063,32.0,0.063,32.0,0.055,32.0,0.065,32.0
158.5,0.070,32.0,0.069,32.0,0.066,32.0,0.068,32.0
159.0,0.070,32.0,0.071,31.9,0.075,32.0,0.068,32.0
159.5,0.066,31.9,0.068,31.9,0.076,32.0,0.064,31.9
160.0,0.059,31.9,0.061,31.9,0.070,31.9,0.060,31.9
160.5,0.057,31.9,0.057,31.9,0.057,31.9,0.057,31.9
161.0,0.055,31.9,0.055,31.9,0.055,31.9,0.055,31.9
161.5,0.051,31.9,0.053,31.9,0.052,31.9,0.053,31.9
162.0,0.049,31.9,0.048,32.0,0.047,31.9,0.049,32.0
162.5,0.058,32.0,0.056,32.0,0.057,31.9,0.055,32.0
163.0,0.065,31.9,0.064,31.9,0.063,31.9,0.068,32.0
163.5,0.067,31.9,0.065,31.9,0.065,31.9,0.069,31.9
164.0,0.066,31.9,0.066,31.9,0.063,31.9,0.068,31.9
164.5,0.051,31.9,0.051,31.9,0.056,31.9,0.054,31.9
165.0,0.045,31.9,0.045,31.9,0.048,31.9,0.047,31.9
165.5,0.045,31.9,0.045,31.9,0.043,31.9,0.045,31.9
166.0,0.043,31.9,0.043,31.9,0.044,32.0,0.045,31.9
166.5,0.039,32.0,0.040,31.9,0.041,32.0,0.041,32.0
167.0,0.043,32.0,0.042,32.0,0.042,32.0,0.041,32.0
167.5,0.046,32.0,0.047,32.0,0.049,32.0,0.043,32.0
168.0,0.048,32.0,0.049,32.0,0.048,32.0,0.046,32.1
168.5,0.047,32.0,0.049,32.0,0.045,32.0,0.048,32.0
169.0,0.047,32.0,0.047,32.0,0.048,32.0,0.048,32.0
169.5,0.036,32.0,0.036,32.0,0.038,32.0,0.041,32.0
170.0,0.034,32.0,0.036,32.0,0.036,32.0,0.032,32.0
170.5,0.033,32.1,0.032,32.0,0.033,32.0,0.034,32.0
171.0,0.032,32.1,0.031,32.1,0.034,32.1,0.031,32.1
171.5,0.027,32.1,0.027,32.1,0.028,32.1,0.025,32.1
172.0,0.032,32.1,0.032,32.1,0.031,32.1,0.032,32.1
172.5,0.034,32.1,0.035,32.2,0.034,32.1,0.036,32.1
173.0,0.033,32.1,0.033,32.2,0.033,32.1,0.035,32.1
173.5,0.031,32.2,0.032,32.1,0.034,32.1,0.030,32.2
174.0,0.029,32.2,0.030,32.2,0.029,32.2,0.029,32.2
174.5,0.024,32.2,0.026,32.2,0.024,32.2,0.026,32.2
175.0,0.024,32.2,0.025,32.2,0.024,32.2,0.026,32.2
175.5,0.022,32.2,0.023,32.2,0.022,32.2,0.021,32.2
176.0,0.023,32.3,0.020,32.3,0.023,32.2,0.024,32.2
176.5,0.027,32.3,0.026,32.3,0.026,32.2,0.028,32.2
177.0,0.028,32.3,0.029,32.3,0.027,32.2,0.028,32.3
177.5,0.027,32.3,0.028,32.3,0.027,32.3,0.027,32.3
178.0,0.023,32.3,0.023,32.3,0.025,32.3,0.025,32.3
178.5,0.018,32.3,0.017,32.3,0.017,32.3,0.018,32.3
179.0,0.000,32.3,0.000,32.3,0.003,32.3,0.010,32.3
179.5,-0.035,32.4,-0.034,32.3,-0.019,32.4,-0.031,32.4
180.0,-0.058,32.4,-0.058,32.5,-0.057,32.4,-0.055,32.4
180.5,-0.055,32.5,-0.055,32.5,-0.055,32.5,-0.054,32.5
181.0,-0.054,32.5,-0.054,32.5,-0.054,32.6,-0.053,32.5
181.5,-0.055,32.6,-0.055,32.6,-0.055,32.6,-0.054,32.6
182.0,-0.046,32.6,-0.046,32.6,-0.050,32.7,-0.047,32.6
182.5,-0.047,32.7,-0.049,32.7,-0.044,32.7,-0.045,32.6
183.0,-0.050,32.7,-0.049,32.7,-0.045,32.7,-0.049,32.7
183.5,-0.070,32.7,-0.069,32.7,-0.070,32.7,-0.063,32.7
184.0,-0.065,32.7,-0.064,32.7,-0.070,32.7,-0.065,32.7
184.5,-0.049,32.7,-0.049,32.7,-0.049,32.7,-0.053,32.7
185.0,-0.033,32.8,-0.033,32.7,-0.037,32.7,-0.045,32.7
185.5,-0.031,32.8,-0.031,32.8,-0.031,32.8,-0.029,32.8
186.0,-0.029,32.8,-0.028,32.8,-0.031,32.8,-0.028,32.8
186.5,-0.014,32.8,-0.013,32.8,-0.026,32.8,-0.016,32.8
187.0,0.001,32.9,0.001,32.9,-0.001,32.9,-0.000,32.9
187.5,0.014,32.9,0.014,32.9,0.013,32.9,0.015,32.9
188.0,0.010,32.9,0.009,32.9,0.009,32.9,0.011,32.9
188.5,0.017,32.9,0.017,32.9,0.016,33.0,0.015,33.0
189.0,0.023,32.9,0.023,32.9,0.022,32.9,0.023,32.9
189.5,0.028,32.9,0.028,32.9,0.029,32.9,0.024,32.9
190.0,0.027,32.9,0.027,32.9,0.028,33.0,0.025,32.9
190.5,0.032,32.9,0.032,32.8,0.032,32.9,0.034,32.9
191.0,0.040,32.8,0.041,32.8,0.039,32.9,0.039,32.8
191.5,0.047,32.8,0.046,32.8,0.046,32.8,0.042,32.8
192.0,0.053,32.7,0.052,32.7,0.056,32.7,0.052,32.7
192.5,0.045,32.6,0.045,32.6,0.046,32.6,0.046,32.6
193.0,0.046,32.6,0.047,32.6,0.045,32.6,0.048,32.6
193.5,0.047,32.5,0.048,32.6,0.048,32.5,0.047,32.6
194.0,0.046,32.5,0.046,32.5,0.047,32.5,0.048,32.5
194.5,0.041,32.5,0.040,32.5,0.041,32.5,0.041,32.5
195.0,0.036,32.5,0.037,32.5,0.038,32.5,0.035,32.5
195.5,0.052,32.4,0.052,32.4,0.048,32.5,0.047,32.5
196.0,0.060,32.4,0.061,32.4,0.060,32.4,0.058,32.4
196.5,0.059,32.3,0.058,32.4,0.061,32.3,0.060,32.4
197.0,0.051,32.3,0.052,32.3,0.053,32.3,0.054,32.3
197.5,0.047,32.3,0.046,32.3,0.048,32.3,0.050,32.3
198.0,0.051,32.3,0.052,32.3,0.052,32.3,0.052,32.3
198.5,0.051,32.2,0.051,32.2,0.052,32.3,0.050,32.3
199.0,0.047,32.2,0.048,32.3,0.048,32.2,0.047,32.2
199.5,0.039,32.2,0.040,32.2,0.040,32.2,0.041,32.2
200.0,0.045,32.2,0.045,32.2,0.042,32.3,0.043,32.3
200.5,0.055,32.2,0.056,32.2,0.054,32.2,0.052,32.2
201.0,0.060,32.2,0.060,32.2,0.057,32.2,0.060,32.2
201.5,0.059,32.2,0.057,32.2,0.059,32.2,0.060,32.2
202.0,0.054,32.1,0.054,32.2,0.058,32.2,0.054,32.1
202.5,0.050,32.1,0.050,32.1,0.050,32.1,0.051,32.1
203.0,0.053,32.1,0.053,32.1,0.048,32.1,0.054,32.1
203.5,0.052,32.1,0.052,32.1,0.051,32.1,0.053,32.1
204.0,0.048,32.1,0.047,32.1,0.049,32.1,0.049,32.1
204.5,0.042,32.1,0.043,32.1,0.045,32.1,0.044,32.1
205.0,0.052,32.1,0.054,32.1,0.045,32.1,0.053,32.1
205.5,0.059,32.1,0.059,32.1,0.060,32.1,0.059,32.1
206.0,0.061,32.1,0.062,32.1,0.060,32.1,0.061,32.1
206.5,0.062,32.1,0.063,32.0,0.061,32.1,0.061,32.0
207.0,0.050,32.1,0.052,32.0,0.052,32.0,0.053,32.0
207.5,0.044,32.1,0.046,32.0,0.043,32.1,0.046,32.1
208.0,0.049,32.0,0.051,32.0,0.050,32.1,0.050,32.1
208.5,0.048,32.1,0.048,32.0,0.050,32.1,0.049,32.0
209.0,0.043,32.0,0.042,32.0,0.047,32.1,0.045,32.1
209.5,0.036,32.1,0.035,32.1,0.040,32.0,0.036,32.1
210.0,0.043,32.1,0.043,32.1,0.043,32.1,0.042,32.0
210.5,0.056,32.1,0.056,32.1,0.054,32.1,0.053,32.1
211.0,0.061,32.1,0.060,32.0,0.060,32.1,0.058,32.1
211.5,0.060,32.0,0.060,32.0,0.060,32.0,0.059,32.0
212.0,0.049,32.0,0.049,32.0,0.049,32.0,0.053,32.0
212.5,0.048,32.0,0.049,32.0,0.049,32.0,0.049,32.0
213.0,0.053,32.0,0.053,32.0,0.053,32.0,0.054,32.0
213.5,0.051,32.0,0.054,32.0,0.052,32.0,0.052,32.0
214.0,0.043,32.0,0.044,32.0,0.044,32.0,0.046,32.0
214.5,0.038,32.0,0.039,32.0,0.036,32.0,0.040,32.0
215.0,0.051,32.0,0.052,32.0,0.043,32.0,0.050,32.0
215.5,0.061,32.0,0.062,32.0,0.044,32.0,0.060,32.0
216.0,0.063,32.0,0.063,32.0,0.054,32.0,0.062,32.0
216.5,0.059,32.0,0.059,32.0,0.064,32.0,0.059,32.0
217.0,0.047,31.9,0.046,32.0,0.050,32.0,0.047,31.9
217.5,0.049,31.9,0.049,32.0,0.051,31.9,0.046,32.0
218.0,0.052,32.0,0.053,31.9,0.057,31.9,0.051,32.0
218.5,0.049,31.9,0.049,31.9,0.052,32.0,0.049,31.9
219.0,0.041,31.9,0.041,31.9,0.044,31.9,0.041,31.9
219.5,0.036,32.0,0.037,32.0,0.039,32.0,0.034,32.0
220.0,0.048,32.0,0.049,32.0,0.044,32.0,0.043,32.0
220.5,0.058,32.0,0.059,32.0,0.050,32.0,0.056,32.0
221.0,0.058,32.0,0.058,32.0,0.054,32.0,0.058,32.0
221.5,0.055,31.9,0.055,32.0,0.054,32.0,0.057,31.9
222.0,0.050,31.9,0.048,31.9,0.049,31.9,0.049,31.9
222.5,0.055,31.9,0.054,31.9,0.054,31.9,0.054,31.9
223.0,0.055,31.9,0.055,31.9,0.055,31.9,0.058,32.0
223.5,0.051,31.9,0.051,31.9,0.052,31.9,0.055,31.9
224.0,0.042,31.9,0.042,31.9,0.044,31.9,0.045,31.9
224.5,0.038,31.9,0.038,31.9,0.040,31.9,0.041,31.9
225.0,0.053,31.9,0.053,31.9,0.048,31.9,0.052,31.9
225.5,0.063,31.9,0.064,31.9,0.063,31.9,0.061,31.9
226.0,0.062,31.9,0.062,31.9,0.064,31.9,0.062,31.9
226.5,0.057,31.9,0.057,31.8,0.060,31.9,0.058,31.9
227.0,0.054,31.8,0.054,31.9,0.055,31.9,0.053,31.8
227.5,0.056,31.9,0.055,31.8,0.052,31.9,0.057,31.8
228.0,0.055,31.8,0.056,31.8,0.052,31.9,0.056,31.8
228.5,0.051,31.8,0.050,31.8,0.051,31.8,0.054,31.9
229.0,0.042,31.8,0.042,31.8,0.043,31.8,0.054,31.9
229.5,0.042,31.9,0.042,31.8,0.037,31.9,0.046,31.9
230.0,0.056,31.9,0.055,31.8,0.048,31.9,0.054,31.9
230.5,0.060,31.8,0.060,31.8,0.060,31.9,0.060,31.8
231.0,0.062,31.8,0.064,31.9,0.063,31.9,0.063,31.8
231.5,0.062,31.8,0.062,31.8,0.065,31.8,0.061,31.8
232.0,0.059,31.8,0.058,31.8,0.059,31.8,0.058,31.8
232.5,0.056,31.8,0.056,31.8,0.056,31.8,0.056,31.8
233.0,0.055,31.8,0.058,31.8,0.054,31.8,0.054,31.8
233.5,0.050,31.8,0.051,31.7,0.052,31.8,0.050,31.8
234.0,0.047,31.8,0.048,31.8,0.047,31.8,0.047,31.8
234.5,0.053,31.8,0.054,31.8,0.052,31.8,0.051,31.8
235.0,0.060,31.8,0.062,31.8,0.061,31.8,0.058,31.8
235.5,0.066,31.8,0.067,31.8,0.066,31.8,0.065,31.8
236.0,0.069,31.7,0.070,31.7,0.067,31.8,0.069,31.8
236.5,0.068,31.7,0.069,31.7,0.067,31.7,0.070,31.7
237.0,0.064,31.7,0.066,31.7,0.064,31.7,0.066,31.8
237.5,0.061,31.7,0.063,31.7,0.060,31.7,0.064,31.8
238.0,0.057,31.7,0.060,31.7,0.056,31.7,0.064,31.8
238.5,0.052,31.7,0.058,31.7,0.052,31.7,0.060,31.7
239.0,0.052,31.7,0.053,31.7,0.050,31.7,0.054,31.7
239.5,0.061,31.7,0.062,31.7,0.059,31.7,0.061,31.7
240.0,0.065,31.7,0.065,31.7,0.062,31.7,0.066,31.7
240.5,0.065,31.7,0.067,31.7,0.063,31.7,0.065,31.7
241.0,0.062,31.7,0.063,31.7,0.061,31.7,0.061,31.6
241.5,0.055,31.7,0.057,31.7,0.057,31.7,0.057,31.7
242.0,0.047,31.7,0.049,31.7,0.047,31.7,0.048,31.7
242.5,0.050,31.7,0.051,31.7,0.048,31.7,0.051,31.7
243.0,0.051,31.7,0.051,31.7,0.052,31.7,0.051,31.7
243.5,0.050,31.7,0.050,31.7,0.052,31.7,0.051,31.7
244.0,0.048,31.7,0.047,31.7,0.048,31.7,0.048,31.8
244.5,0.056,31.7,0.056,31.7,0.052,31.7,0.055,31.8
245.0,0.062,31.7,0.064,31.7,0.061,31.7,0.061,31.7
245.5,0.062,31.7,0.065,31.7,0.061,31.7,0.064,31.7
246.0,0.060,31.7,0.061,31.7,0.059,31.7,0.060,31.7
246.5,0.045,31.7,0.047,31.7,0.044,31.7,0.050,31.7
247.0,0.042,31.7,0.043,31.7,0.042,31.7,0.042,31.7
247.5,0.043,31.7,0.045,31.7,0.040,31.7,0.044,31.7
248.0,0.043,31.7,0.044,31.7,0.039,31.7,0.044,31.7
248.5,0.040,31.7,0.042,31.7,0.042,31.7,0.041,31.7
249.0,0.039,31.8,0.041,31.7,0.037,31.8,0.038,31.7
249.5,0.045,31.8,0.045,31.8,0.044,31.8,0.042,31.8
250.0,0.045,31.8,0.046,31.8,0.046,31.8,0.044,31.8
250.5,0.042,31.8,0.042,31.8,0.046,31.8,0.042,31.8
251.0,0.039,31.8,0.040,31.8,0.043,31.8,0.039,31.8
251.5,0.029,31.8,0.030,31.8,0.034,31.8,0.030,31.8
252.0,0.026,31.8,0.027,31.8,0.028,31.8,0.025,31.8
252.5,0.027,31.9,0.029,31.9,0.027,31.9,0.026,31.8
253.0,0.027,31.9,0.029,31.9,0.028,31.9,0.026,31.9
253.5,0.023,31.9,0.025,31.9,0.028,31.9,0.022,31.9
254.0,0.028,31.9,0.029,31.9,0.027,31.9,0.028,31.9
254.5,0.033,31.9,0.033,31.9,0.031,31.9,0.034,31.9
255.0,0.032,31.9,0.033,31.9,0.032,31.9,0.034,31.9
255.5,0.030,32.0,0.029,32.0,0.032,31.9,0.031,31.9
256.0,0.027,32.0,0.028,32.0,0.025,32.0,0.028,32.0
256.5,0.022,31.9,0.023,32.0,0.023,32.0,0.021,31.9
257.0,0.023,32.0,0.023,32.0,0.022,32.0,0.022,32.0
257.5,0.021,32.0,0.020,32.0,0.023,32.0,0.021,32.1
258.0,0.014,32.0,0.014,32.0,0.020,32.0,0.016,32.0
258.5,0.004,32.1,0.004,32.1,0.005,32.1,0.009,32.0
259.0,-0.009,32.1,-0.007,32.1,-0.006,32.1,-0.007,32.1
259.5,-0.030,32.1,-0.030,32.1,-0.023,32.2,-0.030,32.1
260.0,-0.053,32.2,-0.051,32.2,-0.041,32.2,-0.052,32.2
260.5,-0.067,32.3,-0.068,32.2,-0.064,32.3,-0.066,32.2
261.0,-0.063,32.3,-0.063,32.3,-0.062,32.3,-0.063,32.3
261.5,-0.040,32.3,-0.041,32.3,-0.049,32.3,-0.042,32.3
262.0,-0.022,32.4,-0.023,32.4,-0.032,32.4,-0.023,32.4
262.5,-0.019,32.4,-0.018,32.4,-0.018,32.4,-0.018,32.4
263.0,-0.032,32.5,-0.033,32.5,-0.031,32.5,-0.028,32.4
263.5,-0.038,32.5,-0.038,32.5,-0.039,32.5,-0.036,32.5
264.0,-0.032,32.5,-0.032,32.5,-0.032,32.5,-0.033,32.5
264.5,-0.038,32.6,-0.039,32.6,-0.040,32.6,-0.032,32.6
265.0,-0.050,32.6,-0.050,32.6,-0.046,32.6,-0.050,32.6
265.5,-0.061,32.6,-0.062,32.6,-0.059,32.6,-0.061,32.6
266.0,-0.047,32.6,-0.047,32.6,-0.052,32.6,-0.048,32.6
266.5,-0.018,32.6,-0.019,32.6,-0.019,32.6,-0.020,32.6
267.0,0.001,32.6,0.001,32.6,0.003,32.6,-0.004,32.6
267.5,-0.002,32.6,-0.002,32.6,-0.002,32.6,-0.003,32.6
268.0,0.002,32.7,0.001,32.7,-0.000,32.7,0.001,32.6
268.5,0.015,32.7,0.016,32.7,0.010,32.7,0.014,32.7
269.0,0.027,32.7,0.027,32.7,0.025,32.7,0.026,32.7
269.5,0.022,32.7,0.021,32.7,0.022,32.7,0.025,32.7
270.0,0.023,32.7,0.024,32.7,0.020,32.6,0.024,32.7
270.5,0.030,32.6,0.030,32.6,0.028,32.6,0.030,32.6
271.0,0.033,32.6,0.031,32.6,0.034,32.6,0.033,32.6
271.5,0.030,32.5,0.031,32.5,0.029,32.6,0.031,32.6
272.0,0.037,32.5,0.036,32.5,0.034,32.5,0.035,32.5
272.5,0.046,32.5,0.046,32.5,0.038,32.5,0.045,32.5
273.0,0.051,32.4,0.052,32.4,0.047,32.5,0.051,32.4
273.5,0.056,32.3,0.055,32.4,0.055,32.3,0.055,32.4
274.0,0.053,32.3,0.052,32.3,0.054,32.3,0.055,32.3
274.5,0.047,32.2,0.048,32.2,0.047,32.2,0.048,32.2
275.0,0.050,32.2,0.052,32.2,0.046,32.1,0.051,32.2
275.5,0.049,32.1,0.048,32.2,0.049,32.1,0.051,32.2
276.0,0.045,32.1,0.046,32.1,0.050,32.1,0.047,32.1
276.5,0.041,32.1,0.042,32.1,0.042,32.1,0.041,32.1
277.0,0.049,32.1,0.049,32.1,0.040,32.1,0.048,32.1
277.5,0.055,32.1,0.057,32.1,0.050,32.1,0.054,32.0
278.0,0.062,32.0,0.060,32.1,0.061,32.0,0.058,32.0
278.5,0.065,32.0,0.065,32.0,0.065,32.0,0.065,32.0
279.0,0.055,31.9,0.056,31.9,0.060,32.0,0.056,31.9
279.5,0.052,31.9,0.054,31.9,0.051,32.0,0.052,31.9
280.0,0.052,31.9,0.054,31.9,0.052,31.9,0.052,31.9
280.5,0.049,31.9,0.049,31.9,0.050,31.9,0.050,31.9
281.0,0.042,31.9,0.042,31.9,0.044,31.9,0.042,31.9
281.5,0.040,31.9,0.041,31.9,0.043,31.9,0.041,31.9
282.0,0.048,31.9,0.048,31.9,0.048,31.9,0.047,31.9
282.5,0.054,31.9,0.053,31.9,0.054,31.9,0.050,31.9
283.0,0.056,31.9,0.055,31.9,0.055,31.9,0.058,31.9
283.5,0.055,31.8,0.056,31.9,0.054,31.8,0.057,31.9
284.0,0.047,31.9,0.049,31.9,0.048,31.8,0.051,31.8
284.5,0.049,31.8,0.049,31.8,0.049,31.8,0.050,31.8
285.0,0.051,31.8,0.050,31.9,0.050,31.8,0.050,31.8
285.5,0.049,31.8,0.048,31.8,0.049,31.8,0.050,31.8
286.0,0.044,31.8,0.045,31.8,0.045,31.8,0.045,31.8
286.5,0.041,31.8,0.041,31.8,0.041,31.8,0.045,31.8
287.0,0.051,31.8,0.050,31.8,0.047,31.8,0.052,31.8
287.5,0.059,31.8,0.059,31.8,0.059,31.8,0.061,31.8
288.0,0.059,31.8,0.058,31.8,0.059,31.8,0.059,31.8
288.5,0.052,31.8,0.052,31.8,0.056,31.8,0.053,31.8
289.0,0.042,31.7,0.042,31.7,0.042,31.7,0.041,31.8
289.5,0.049,31.7,0.049,31.7,0.050,31.7,0.047,31.8
290.0,0.050,31.7,0.050,31.7,0.050,31.8,0.049,31.7
290.5,0.046,31.8,0.048,31.8,0.048,31.8,0.048,31.7
291.0,0.040,31.7,0.040,31.8,0.041,31.8,0.044,31.7
291.5,0.042,31.7,0.041,31.7,0.040,31.8,0.043,31.7
292.0,0.052,31.8,0.052,31.8,0.049,31.8,0.052,31.8
292.5,0.059,31.8,0.059,31.8,0.060,31.8,0.057,31.8
293.0,0.061,31.7,0.061,31.7,0.064,31.8,0.060,31.7
293.5,0.058,31.7,0.060,31.7,0.062,31.7,0.058,31.7
294.0,0.050,31.7,0.051,31.7,0.058,31.7,0.049,31.7
294.5,0.048,31.7,0.048,31.7,0.048,31.7,0.047,31.7
295.0,0.050,31.7,0.050,31.7,0.050,31.7,0.048,31.7
295.5,0.047,31.7,0.048,31.7,0.048,31.7,0.048,31.7
296.0,0.042,31.7,0.041,31.7,0.046,31.7,0.043,31.7
296.5,0.044,31.7,0.043,31.7,0.042,31.7,0.043,31.7
297.0,0.053,31.7,0.053,31.7,0.051,31.7,0.051,31.7
297.5,0.059,31.7,0.059,31.7,0.058,31.7,0.061,31.7
298.0,0.060,31.7,0.058,31.7,0.060,31.6,0.060,31.6
298.5,0.055,31.6,0.055,31.7,0.057,31.7,0.057,31.7
299.0,0.052,31.6,0.053,31.6,0.053,31.6,0.054,31.6
299.5,0.053,31.6,0.054,31.6,0.055,31.6,0.054,31.6
300.0,0.052,31.6,0.052,31.6,0.054,31.6,0.052,31.6
300.5,0.047,31.6,0.047,31.6,0.049,31.6,0.051,31.7
301.0,0.040,31.6,0.039,31.6,0.042,31.6,0.041,31.6
301.5,0.036,31.7,0.035,31.7,0.035,31.7,0.037,31.7
302.0,0.051,31.7,0.050,31.7,0.044,31.7,0.048,31.7
302.5,0.060,31.6,0.059,31.6,0.059,31.6,0.060,31.6
303.0,0.061,31.6,0.060,31.6,0.061,31.6,0.061,31.7
303.5,0.057,31.6,0.057,31.6,0.057,31.6,0.059,31.6
304.0,0.053,31.6,0.053,31.6,0.054,31.5,0.054,31.6
304.5,0.055,31.6,0.055,31.6,0.055,31.6,0.055,31.6
305.0,0.053,31.6,0.053,31.6,0.054,31.6,0.052,31.6
305.5,0.048,31.6,0.049,31.6,0.049,31.6,0.052,31.5
306.0,0.041,31.6,0.041,31.6,0.045,31.6,0.043,31.6
306.5,0.046,31.6,0.046,31.6,0.044,31.6,0.047,31.6
307.0,0.054,31.6,0.054,31.6,0.052,31.6,0.053,31.6
307.5,0.060,31.6,0.060,31.6,0.056,31.6,0.060,31.6
308.0,0.063,31.5,0.062,31.6,0.062,31.5,0.066,31.6
308.5,0.058,31.5,0.058,31.5,0.057,31.5,0.062,31.5
309.0,0.055,31.5,0.055,31.5,0.054,31.5,0.055,31.5
309.5,0.054,31.5,0.055,31.5,0.053,31.5,0.053,31.5
310.0,0.052,31.5,0.052,31.5,0.053,31.5,0.053,31.5
310.5,0.046,31.5,0.047,31.5,0.046,31.5,0.052,31.5
311.0,0.042,31.5,0.041,31.5,0.042,31.5,0.047,31.5
311.5,0.048,31.5,0.048,31.5,0.048,31.5,0.048,31.5
312.0,0.055,31.5,0.055,31.6,0.055,31.5,0.053,31.5
312.5,0.060,31.5,0.059,31.6,0.057,31.6,0.060,31.5
313.0,0.062,31.5,0.060,31.5,0.063,31.5,0.060,31.5
313.5,0.062,31.5,0.062,31.5,0.063,31.5,0.063,31.5
314.0,0.059,31.4,0.058,31.5,0.060,31.4,0.060,31.4
314.5,0.055,31.5,0.055,31.5,0.060,31.4,0.058,31.5
315.0,0.054,31.5,0.055,31.5,0.057,31.4,0.053,31.5
315.5,0.050,31.4,0.052,31.4,0.054,31.5,0.050,31.5
316.0,0.046,31.4,0.046,31.5,0.050,31.5,0.047,31.4
316.5,0.053,31.5,0.054,31.5,0.051,31.5,0.052,31.4
317.0,0.062,31.4,0.059,31.4,0.063,31.4,0.061,31.4
317.5,0.064,31.4,0.063,31.5,0.068,31.4,0.062,31.5
318.0,0.065,31.4,0.063,31.4,0.065,31.4,0.065,31.5
318.5,0.063,31.4,0.063,31.4,0.064,31.4,0.065,31.5
319.0,0.062,31.4,0.063,31.4,0.062,31.4,0.065,31.4
319.5,0.059,31.3,0.060,31.4,0.061,31.4,0.059,31.3
320.0,0.055,31.4,0.054,31.4,0.057,31.4,0.053,31.3
320.5,0.049,31.4,0.048,31.4,0.054,31.4,0.050,31.4
321.0,0.054,31.4,0.055,31.4,0.055,31.4,0.052,31.4
321.5,0.062,31.4,0.062,31.4,0.061,31.4,0.062,31.4
322.0,0.064,31.4,0.063,31.4,0.065,31.4,0.065,31.4
322.5,0.063,31.4,0.063,31.4,0.062,31.4,0.065,31.4
323.0,0.063,31.3,0.062,31.3,0.062,31.3,0.064,31.4
323.5,0.058,31.3,0.059,31.3,0.056,31.3,0.062,31.4
324.0,0.055,31.3,0.059,31.3,0.055,31.3,0.055,31.4
324.5,0.051,31.3,0.055,31.3,0.052,31.4,0.051,31.3
325.0,0.051,31.3,0.050,31.4,0.051,31.3,0.052,31.3
325.5,0.050,31.3,0.049,31.3,0.054,31.3,0.052,31.3
326.0,0.054,31.4,0.053,31.4,0.057,31.4,0.053,31.4
326.5,0.055,31.4,0.054,31.4,0.055,31.4,0.056,31.3
327.0,0.058,31.3,0.057,31.3,0.060,31.3,0.054,31.3
327.5,0.060,31.3,0.060,31.3,0.061,31.3,0.059,31.3
328.0,0.058,31.3,0.059,31.3,0.059,31.3,0.058,31.3
328.5,0.048,31.3,0.050,31.3,0.050,31.3,0.049,31.3
329.0,0.042,31.3,0.042,31.3,0.048,31.3,0.043,31.3
329.5,0.041,31.4,0.042,31.4,0.044,31.3,0.044,31.4
330.0,0.037,31.4,0.037,31.4,0.037,31.4,0.037,31.4
330.5,0.031,31.4,0.032,31.4,0.032,31.4,0.032,31.4
331.0,0.030,31.4,0.031,31.4,0.032,31.5,0.033,31.4
331.5,0.033,31.5,0.033,31.5,0.031,31.5,0.035,31.5
332.0,0.034,31.5,0.035,31.5,0.032,31.5,0.037,31.5
332.5,0.035,31.5,0.036,31.5,0.034,31.5,0.034,31.5
333.0,0.028,31.5,0.029,31.5,0.029,31.5,0.030,31.5
333.5,0.022,31.6,0.022,31.5,0.020,31.5,0.023,31.6
334.0,0.025,31.6,0.026,31.6,0.023,31.5,0.024,31.6
334.5,0.026,31.6,0.027,31.6,0.027,31.6,0.028,31.6
335.0,0.025,31.6,0.024,31.6,0.027,31.6,0.025,31.6
335.5,0.021,31.6,0.021,31.6,0.022,31.6,0.021,31.6
336.0,0.027,31.6,0.027,31.6,0.026,31.6,0.024,31.7
336.5,0.032,31.7,0.032,31.7,0.032,31.7,0.028,31.7
337.0,0.030,31.7,0.031,31.6,0.030,31.7,0.030,31.7
337.5,0.024,31.7,0.025,31.7,0.026,31.7,0.026,31.7
338.0,0.013,31.7,0.013,31.7,0.016,31.7,0.022,31.7
338.5,0.017,31.7,0.016,31.7,0.016,31.7,0.017,31.7
339.0,0.016,31.7,0.017,31.7,0.016,31.7,0.016,31.7
339.5,0.011,31.8,0.010,31.8,0.014,31.7,0.013,31.7
340.0,-0.007,31.8,-0.007,31.8,-0.002,31.8,-0.001,31.8
340.5,-0.031,31.8,-0.030,31.8,-0.028,31.8,-0.026,31.8
341.0,-0.057,31.9,-0.055,31.9,-0.056,31.9,-0.052,31.9
341.5,-0.065,31.9,-0.065,31.9,-0.067,31.9,-0.065,32.0
342.0,-0.062,32.0,-0.062,32.0,-0.064,32.0,-0.062,32.0
342.5,-0.056,32.0,-0.057,32.0,-0.057,31.9,-0.057,32.0
343.0,-0.042,32.0,-0.041,32.1,-0.044,32.0,-0.046,32.0
343.5,-0.035,32.1,-0.034,32.1,-0.035,32.1,-0.034,32.1
344.0,-0.039,32.1,-0.040,32.1,-0.039,32.1,-0.040,32.1
344.5,-0.044,32.1,-0.042,32.2,-0.043,32.1,-0.041,32.2
345.0,-0.052,32.2,-0.050,32.2,-0.052,32.1,-0.049,32.2
345.5,-0.044,32.2,-0.044,32.2,-0.045,32.2,-0.047,32.2
346.0,-0.039,32.2,-0.038,32.2,-0.039,32.2,-0.039,32.3
346.5,-0.030,32.2,-0.030,32.2,-0.030,32.2,-0.029,32.3
347.0,-0.032,32.2,-0.033,32.2,-0.032,32.2,-0.031,32.3
347.5,-0.031,32.3,-0.032,32.3,-0.031,32.3,-0.032,32.3
348.0,-0.016,32.3,-0.016,32.3,-0.017,32.3,-0.032,32.3
348.5,0.004,32.4,0.003,32.3,0.004,32.3,-0.012,32.4
349.0,0.018,32.4,0.018,32.4,0.016,32.4,0.015,32.4
349.5,0.023,32.4,0.023,32.4,0.021,32.4,0.024,32.4
350.0,0.027,32.4,0.026,32.4,0.028,32.4,0.026,32.4
350.5,0.032,32.3,0.031,32.3,0.029,32.3,0.033,32.3
351.0,0.035,32.3,0.035,32.3,0.035,32.3,0.036,32.3
351.5,0.029,32.2,0.030,32.3,0.028,32.2,0.029,32.2
352.0,0.034,32.2,0.033,32.2,0.033,32.2,0.033,32.2
352.5,0.040,32.2,0.039,32.2,0.040,32.2,0.039,32.2
353.0,0.041,32.1,0.041,32.1,0.042,32.1,0.041,32.1
353.5,0.038,32.1,0.040,32.1,0.039,32.1,0.039,32.0
354.0,0.039,32.0,0.040,32.0,0.041,32.0,0.038,32.0
354.5,0.051,32.0,0.051,32.0,0.053,32.0,0.045,32.0
355.0,0.057,32.0,0.057,32.0,0.059,31.9,0.053,32.0
355.5,0.058,31.9,0.058,31.9,0.061,31.9,0.059,31.9
356.0,0.053,31.8,0.053,31.8,0.057,31.9,0.055,31.8
356.5,0.048,31.8,0.048,31.8,0.049,31.8,0.048,31.8
357.0,0.049,31.8,0.049,31.8,0.048,31.8,0.049,31.8
357.5,0.048,31.7,0.048,31.7,0.050,31.7,0.049,31.7
358.0,0.045,31.7,0.045,31.7,0.046,31.7,0.048,31.8
358.5,0.040,31.7,0.040,31.7,0.038,31.7,0.046,31.8
359.0,0.048,31.7,0.047,31.7,0.040,31.7,0.046,31.7
359.5,0.058,31.7,0.053,31.7,0.058,31.7,0.057,31.7
360.0,0.060,31.7,0.059,31.7,0.058,31.7,0.058,31.7
360.5,0.058,31.6,0.058,31.6,0.058,31.6,0.058,31.6
361.0,0.048,31.6,0.047,31.6,0.049,31.6,0.050,31.6
361.5,0.047,31.6,0.046,31.6,0.045,31.6,0.046,31.5
362.0,0.049,31.6,0.048,31.6,0.048,31.6,0.050,31.6
362.5,0.047,31.6,0.047,31.6,0.046,31.6,0.048,31.6
363.0,0.043,31.6,0.044,31.6,0.044,31.6,0.043,31.6
363.5,0.041,31.6,0.042,31.6,0.044,31.6,0.042,31.6
364.0,0.052,31.6,0.053,31.6,0.045,31.6,0.054,31.6
364.5,0.060,31.6,0.060,31.6,0.060,31.6,0.060,31.6
365.0,0.060,31.5,0.060,31.5,0.061,31.6,0.060,31.5
365.5,0.054,31.5,0.055,31.5,0.053,31.5,0.056,31.5
366.0,0.049,31.5,0.049,31.5,0.049,31.5,0.051,31.5
366.5,0.053,31.5,0.053,31.5,0.051,31.5,0.054,31.5
367.0,0.053,31.5,0.053,31.5,0.051,31.5,0.053,31.5
367.5,0.050,31.5,0.049,31.5,0.051,31.5,0.051,31.5
368.0,0.044,31.4,0.043,31.4,0.048,31.5,0.044,31.5
368.5,0.040,31.5,0.039,31.4,0.040,31.5,0.040,31.5
369.0,0.050,31.5,0.051,31.5,0.045,31.5,0.047,31.6
369.5,0.056,31.5,0.057,31.5,0.053,31.5,0.052,31.5
370.0,0.055,31.5,0.056,31.4,0.054,31.5,0.055,31.5
370.5,0.051,31.4,0.053,31.4,0.051,31.5,0.053,31.4
371.0,0.044,31.4,0.045,31.5,0.045,31.5,0.044,31.4
371.5,0.048,31.4,0.050,31.4,0.046,31.4,0.047,31.4
372.0,0.051,31.4,0.051,31.4,0.051,31.5,0.054,31.5
372.5,0.048,31.4,0.048,31.4,0.048,31.4,0.050,31.4
373.0,0.041,31.4,0.042,31.4,0.042,31.4,0.040,31.4
373.5,0.040,31.4,0.040,31.4,0.042,31.4,0.039,31.4
374.0,0.051,31.4,0.050,31.4,0.052,31.4,0.050,31.4
374.5,0.059,31.4,0.055,31.4,0.059,31.4,0.058,31.4
375.0,0.062,31.4,0.061,31.4,0.060,31.4,0.060,31.4
375.5,0.058,31.4,0.060,31.4,0.059,31.4,0.058,31.3
376.0,0.048,31.3,0.051,31.3,0.052,31.3,0.049,31.3
376.5,0.052,31.4,0.052,31.3,0.054,31.3,0.051,31.4
377.0,0.054,31.3,0.054,31.3,0.056,31.3,0.052,31.4
377.5,0.049,31.3,0.049,31.3,0.049,31.3,0.049,31.3
378.0,0.040,31.3,0.040,31.3,0.040,31.3,0.045,31.3
378.5,0.039,31.4,0.038,31.4,0.039,31.4,0.040,31.4
379.0,0.049,31.4,0.050,31.4,0.049,31.4,0.046,31.4
379.5,0.060,31.4,0.059,31.4,0.059,31.4,0.052,31.4
380.0,0.062,31.3,0.062,31.3,0.062,31.4,0.063,31.3
380.5,0.061,31.3,0.061,31.3,0.058,31.3,0.062,31.3
381.0,0.053,31.3,0.054,31.3,0.054,31.3,0.060,31.3
381.5,0.057,31.3,0.056,31.3,0.055,31.3,0.055,31.3
382.0,0.057,31.3,0.057,31.3,0.056,31.3,0.058,31.3
382.5,0.052,31.2,0.053,31.2,0.053,31.3,0.052,31.3
383.0,0.043,31.3,0.043,31.3,0.048,31.3,0.042,31.3
383.5,0.047,31.3,0.047,31.3,0.048,31.3,0.043,31.3
384.0,0.055,31.3,0.054,31.3,0.055,31.3,0.056,31.3
384.5,0.059,31.3,0.058,31.2,0.061,31.3,0.059,31.3
385.0,0.058,31.2,0.058,31.2,0.062,31.2,0.057,31.2
385.5,0.056,31.2,0.056,31.2,0.058,31.2,0.056,31.2
386.0,0.047,31.2,0.047,31.3,0.048,31.2,0.048,31.2
386.5,0.052,31.2,0.051,31.2,0.053,31.2,0.047,31.3
387.0,0.053,31.2,0.052,31.2,0.054,31.2,0.050,31.2
387.5,0.047,31.2,0.047,31.2,0.052,31.2,0.048,31.2
388.0,0.037,31.3,0.037,31.3,0.040,31.2,0.040,31.3
388.5,0.039,31.3,0.039,31.3,0.039,31.3,0.034,31.3
389.0,0.059,31.3,0.060,31.3,0.058,31.2,0.052,31.3
389.5,0.065,31.2,0.066,31.3,0.063,31.2,0.067,31.2
390.0,0.061,31.2,0.062,31.2,0.061,31.2,0.063,31.2
390.5,0.052,31.2,0.053,31.2,0.053,31.2,0.052,31.2
391.0,0.051,31.2,0.051,31.2,0.054,31.2,0.050,31.2
391.5,0.059,31.2,0.058,31.2,0.059,31.2,0.056,31.2
392.0,0.055,31.2,0.055,31.2,0.057,31.2,0.058,31.2
392.5,0.047,31.2,0.047,31.2,0.049,31.2,0.049,31.2
393.0,0.039,31.2,0.038,31.2,0.042,31.1,0.039,31.2
393.5,0.050,31.2,0.046,31.2,0.048,31.2,0.049,31.2
394.0,0.061,31.2,0.060,31.2,0.055,31.2,0.061,31.3
394.5,0.069,31.2,0.068,31.2,0.063,31.2,0.070,31.2
395.0,0.065,31.2,0.064,31.1,0.066,31.1,0.069,31.2
395.5,0.058,31.1,0.058,31.1,0.060,31.1,0.059,31.1
396.0,0.056,31.1,0.056,31.1,0.057,31.1,0.056,31.1
396.5,0.058,31.1,0.059,31.1,0.058,31.1,0.057,31.1
397.0,0.056,31.1,0.055,31.1,0.056,31.1,0.055,31.1
397.5,0.048,31.1,0.047,31.1,0.052,31.1,0.053,31.1
398.0,0.046,31.1,0.046,31.1,0.047,31.1,0.048,31.1
398.5,0.058,31.1,0.057,31.1,0.059,31.1,0.055,31.1
399.0,0.067,31.1,0.064,31.1,0.069,31.1,0.065,31.1
399.5,0.068,31.1,0.068,31.1,0.068,31.1,0.068,31.1
400.0,0.065,31.1,0.063,31.1,0.064,31.1,0.067,31.0
400.5,0.060,31.0,0.060,31.0,0.062,31.0,0.060,31.1
401.0,0.062,31.0,0.060,31.0,0.062,31.0,0.063,31.0
401.5,0.060,31.0,0.059,31.0,0.061,31.1,0.062,31.0
402.0,0.054,31.0,0.053,31.0,0.055,31.0,0.057,31.0
402.5,0.049,31.0,0.050,31.0,0.048,31.0,0.052,31.0
403.0,0.048,31.0,0.049,31.0,0.046,31.1,0.049,31.0
403.5,0.059,31.1,0.060,31.1,0.057,31.0,0.058,31.1
404.0,0.065,31.1,0.066,31.1,0.066,31.0,0.064,31.1
404.5,0.065,31.0,0.066,31.0,0.072,31.1,0.064,31.1
405.0,0.062,31.0,0.062,31.0,0.065,31.0,0.061,31.0
405.5,0.057,31.0,0.057,31.0,0.057,31.0,0.060,31.0
406.0,0.051,31.0,0.050,31.0,0.054,31.0,0.050,31.0
406.5,0.047,31.0,0.046,31.0,0.051,31.0,0.047,31.0
407.0,0.046,31.0,0.045,31.0,0.045,31.0,0.045,31.0
407.5,0.043,31.1,0.043,31.1,0.044,31.1,0.044,31.1
408.0,0.049,31.1,0.049,31.1,0.049,31.1,0.052,31.1
408.5,0.053,31.1,0.054,31.1,0.052,31.1,0.052,31.1
409.0,0.051,31.1,0.053,31.1,0.052,31.1,0.053,31.1
409.5,0.050,31.1,0.049,31.1,0.050,31.1,0.051,31.0
410.0,0.045,31.1,0.046,31.1,0.047,31.1,0.046,31.0
410.5,0.033,31.1,0.036,31.1,0.034,31.1,0.037,31.1
411.0,0.033,31.1,0.031,31.1,0.032,31.0,0.034,31.1
411.5,0.033,31.1,0.032,31.1,0.035,31.1,0.033,31.1
412.0,0.028,31.2,0.028,31.2,0.029,31.2,0.030,31.2
412.5,0.029,31.2,0.029,31.2,0.028,31.2,0.030,31.2
413.0,0.033,31.2,0.033,31.2,0.034,31.3,0.033,31.2
413.5,0.033,31.2,0.034,31.2,0.033,31.2,0.034,31.2
414.0,0.032,31.3,0.033,31.3,0.032,31.2,0.033,31.2
414.5,0.033,31.3,0.035,31.2,0.034,31.3,0.032,31.2
415.0,0.029,31.3,0.031,31.3,0.030,31.3,0.030,31.3
415.5,0.026,31.3,0.026,31.3,0.027,31.3,0.026,31.3
416.0,0.025,31.3,0.025,31.3,0.025,31.3,0.026,31.3
416.5,0.025,31.3,0.025,31.3,0.024,31.3,0.026,31.4
417.0,0.024,31.3,0.023,31.3,0.024,31.4,0.025,31.4
417.5,0.028,31.3,0.027,31.4,0.029,31.3,0.027,31.4
418.0,0.026,31.4,0.027,31.4,0.025,31.4,0.026,31.4
418.5,0.024,31.4,0.024,31.4,0.025,31.4,0.024,31.4
419.0,0.022,31.4,0.021,31.4,0.022,31.4,0.022,31.4
419.5,0.017,31.4,0.017,31.4,0.017,31.4,0.016,31.4
420.0,0.005,31.4,0.006,31.4,0.007,31.4,0.012,31.4
420.5,-0.010,31.4,-0.010,31.4,-0.008,31.4,-0.006,31.4
421.0,-0.027,31.5,-0.026,31.5,-0.026,31.5,-0.022,31.5
421.5,-0.037,31.6,-0.037,31.6,-0.037,31.6,-0.035,31.6
422.0,-0.044,31.6,-0.044,31.6,-0.042,31.6,-0.043,31.7
422.5,-0.034,31.7,-0.036,31.7,-0.037,31.7,-0.035,31.6
423.0,-0.017,31.8,-0.016,31.8,-0.018,31.7,-0.021,31.7
423.5,-0.018,31.8,-0.018,31.8,-0.018,31.7,-0.018,31.7
424.0,-0.042,31.8,-0.041,31.8,-0.034,31.8,-0.038,31.8
424.5,-0.058,31.8,-0.058,31.8,-0.056,31.9,-0.058,31.8
425.0,-0.055,31.9,-0.056,31.8,-0.055,31.9,-0.060,31.8
425.5,-0.048,31.9,-0.049,31.9,-0.049,31.9,-0.053,31.8
426.0,-0.035,31.9,-0.036,31.9,-0.036,31.9,-0.037,31.9
426.5,-0.048,31.9,-0.049,31.9,-0.039,31.9,-0.047,31.9
427.0,-0.049,32.0,-0.050,32.0,-0.049,31.9,-0.052,31.9
427.5,-0.035,32.0,-0.035,32.0,-0.035,32.0,-0.043,31.9
428.0,-0.018,32.0,-0.016,32.0,-0.022,32.0,-0.021,32.0
428.5,-0.024,32.0,-0.023,32.0,-0.022,32.0,-0.021,32.0
429.0,-0.028,32.0,-0.027,32.0,-0.028,32.1,-0.027,32.0
429.5,-0.014,32.1,-0.013,32.1,-0.028,32.1,-0.013,32.1
430.0,0.006,32.1,0.006,32.1,0.001,32.1,0.005,32.0
430.5,0.022,32.1,0.021,32.1,0.021,32.1,0.020,32.1
431.0,0.019,32.1,0.019,32.1,0.020,32.1,0.019,32.1
431.5,0.027,32.1,0.027,32.1,0.025,32.1,0.022,32.1
432.0,0.040,32.0,0.041,32.0,0.032,32.1,0.038,32.0
432.5,0.050,32.0,0.052,32.0,0.050,32.0,0.047,32.0
433.0,0.048,31.9,0.048,31.9,0.050,31.9,0.049,31.9
433.5,0.043,31.8,0.043,31.8,0.049,31.8,0.041,31.9
434.0,0.048,31.8,0.048,31.8,0.048,31.8,0.046,31.8
434.5,0.049,31.7,0.048,31.7,0.050,31.7,0.048,31.7
435.0,0.045,31.7,0.045,31.7,0.045,31.7,0.046,31.7
435.5,0.037,31.6,0.037,31.6,0.040,31.7,0.038,31.6
436.0,0.042,31.6,0.042,31.6,0.041,31.6,0.039,31.6
436.5,0.054,31.6,0.055,31.6,0.052,31.6,0.053,31.6
437.0,0.060,31.5,0.060,31.5,0.060,31.5,0.060,31.6
437.5,0.057,31.5,0.059,31.5,0.059,31.5,0.058,31.5
438.0,0.052,31.4,0.053,31.4,0.052,31.4,0.054,31.5
438.5,0.047,31.4,0.049,31.4,0.046,31.4,0.046,31.4
439.0,0.050,31.4,0.051,31.4,0.052,31.4,0.049,31.4
439.5,0.051,31.4,0.051,31.4,0.055,31.4,0.050,31.4
440.0,0.046,31.4,0.047,31.4,0.047,31.4,0.046,31.3
440.5,0.041,31.3,0.040,31.3,0.042,31.4,0.044,31.3
441.0,0.049,31.3,0.049,31.4,0.048,31.3,0.046,31.3
441.5,0.057,31.3,0.055,31.4,0.058,31.3,0.055,31.3
442.0,0.060,31.3,0.061,31.3,0.062,31.3,0.061,31.3
442.5,0.059,31.3,0.059,31.2,0.062,31.3,0.063,31.3
443.0,0.049,31.2,0.052,31.3,0.050,31.3,0.061,31.3
443.5,0.051,31.3,0.051,31.2,0.051,31.2,0.049,31.3
444.0,0.054,31.2,0.054,31.2,0.053,31.2,0.051,31.2
444.5,0.051,31.2,0.050,31.2,0.051,31.2,0.051,31.2
445.0,0.043,31.2,0.045,31.2,0.046,31.2,0.048,31.3
445.5,0.041,31.2,0.042,31.2,0.043,31.2,0.042,31.2
446.0,0.051,31.2,0.052,31.2,0.050,31.2,0.051,31.2
446.5,0.062,31.2,0.062,31.2,0.062,31.2,0.061,31.2
447.0,0.064,31.2,0.065,31.2,0.064,31.2,0.064,31.2
447.5,0.057,31.2,0.058,31.1,0.059,31.2,0.060,31.1
448.0,0.044,31.1,0.043,31.1,0.047,31.1,0.045,31.1
448.5,0.046,31.1,0.046,31.1,0.046,31.1,0.047,31.1
449.0,0.048,31.1,0.046,31.1,0.047,31.1,0.048,31.2
449.5,0.043,31.2,0.043,31.1,0.044,31.2,0.043,31.2
450.0,0.038,31.2,0.038,31.2,0.039,31.1,0.039,31.1
450.5,0.039,31.2,0.039,31.2,0.039,31.1,0.038,31.2
451.0,0.051,31.2,0.050,31.2,0.049,31.1,0.047,31.2
451.5,0.059,31.2,0.058,31.1,0.060,31.1,0.056,31.2
452.0,0.060,31.1,0.060,31.1,0.062,31.1,0.060,31.1
452.5,0.052,31.1,0.054,31.1,0.055,31.1,0.060,31.1
453.0,0.043,31.1,0.044,31.1,0.043,31.1,0.049,31.1
453.5,0.047,31.1,0.046,31.1,0.047,31.1,0.048,31.1
454.0,0.049,31.1,0.049,31.1,0.051,31.1,0.048,31.1
454.5,0.046,31.1,0.047,31.1,0.048,31.1,0.047,31.1
455.0,0.038,31.1,0.040,31.1,0.039,31.1,0.039,31.2
455.5,0.039,31.1,0.039,31.1,0.036,31.0,0.038,31.1
456.0,0.051,31.1,0.051,31.1,0.047,31.1,0.049,31.1
456.5,0.058,31.1,0.059,31.1,0.058,31.1,0.057,31.1
457.0,0.060,31.1,0.062,31.1,0.060,31.1,0.059,31.1
457.5,0.053,31.1,0.053,31.0,0.054,31.1,0.056,31.1
458.0,0.047,31.0,0.046,31.0,0.048,31.0,0.052,31.0
458.5,0.053,31.0,0.053,31.0,0.052,31.1,0.053,31.0
459.0,0.052,31.1,0.052,31.0,0.054,31.1,0.057,31.1
459.5,0.045,31.0,0.045,31.0,0.046,31.1,0.046,31.1
460.0,0.038,31.1,0.037,31.1,0.040,31.1,0.041,31.1
460.5,0.043,31.1,0.044,31.1,0.042,31.1,0.045,31.1
461.0,0.054,31.1,0.054,31.1,0.052,31.1,0.052,31.1
461.5,0.059,31.1,0.059,31.1,0.059,31.1,0.056,31.1
462.0,0.059,31.0,0.060,31.0,0.059,31.0,0.057,31.0
462.5,0.055,31.0,0.056,31.0,0.056,31.0,0.056,31.0
463.0,0.053,31.0,0.053,31.0,0.055,31.0,0.053,31.0
463.5,0.055,31.0,0.054,31.0,0.054,31.0,0.054,31.0
464.0,0.050,31.0,0.050,31.0,0.050,31.0,0.053,31.0
464.5,0.046,31.0,0.046,31.0,0.046,31.0,0.049,31.0
465.0,0.041,31.0,0.042,31.0,0.040,31.0,0.041,31.0
465.5,0.048,31.0,0.049,31.0,0.046,31.0,0.048,31.0
466.0,0.057,31.0,0.059,31.0,0.057,31.0,0.056,31.0
466.5,0.059,31.0,0.060,31.0,0.062,31.0,0.060,31.0
467.0,0.057,31.0,0.057,31.0,0.060,31.0,0.060,30.9
467.5,0.057,31.0,0.056,30.9,0.059,31.0,0.056,30.9
468.0,0.054,30.9,0.054,30.9,0.060,30.9,0.054,30.9
468.5,0.055,30.9,0.053,30.9,0.057,30.9,0.054,30.9
469.0,0.053,30.9,0.052,30.9,0.053,30.9,0.054,31.0
469.5,0.046,30.9,0.047,31.0,0.047,30.9,0.048,30.9
470.0,0.042,31.0,0.041,31.0,0.045,30.9,0.042,31.0
470.5,0.049,31.0,0.048,31.0,0.046,31.0,0.049,31.0
471.0,0.057,31.0,0.056,31.0,0.055,31.0,0.057,31.0
471.5,0.063,31.0,0.062,31.0,0.060,30.9,0.063,31.0
472.0,0.066,30.9,0.066,30.9,0.067,30.9,0.066,31.0
472.5,0.063,30.9,0.062,30.9,0.062,30.9,0.066,30.9
473.0,0.059,30.9,0.058,30.9,0.059,30.9,0.062,30.9
473.5,0.059,30.9,0.060,30.9,0.058,30.9,0.060,30.8
474.0,0.054,30.9,0.055,30.9,0.055,30.9,0.057,30.9
474.5,0.048,30.8,0.049,30.8,0.053,30.9,0.049,30.9
475.0,0.048,30.9,0.049,30.9,0.052,30.9,0.048,30.9
475.5,0.055,30.9,0.053,30.9,0.055,30.9,0.053,30.9
476.0,0.058,30.9,0.059,30.9,0.061,30.9,0.058,30.9
476.5,0.059,30.9,0.059,30.9,0.064,30.9,0.059,30.9
477.0,0.059,30.9,0.059,30.9,0.061,30.9,0.057,30.9
477.5,0.057,30.9,0.057,30.9,0.059,30.9,0.057,30.9
478.0,0.053,30.9,0.055,30.9,0.056,30.9,0.052,30.9
478.5,0.052,30.9,0.053,30.9,0.054,30.8,0.052,30.9
479.0,0.051,30.9,0.050,30.9,0.053,30.8,0.052,30.9
479.5,0.049,30.9,0.049,30.9,0.050,30.8,0.050,30.8
480.0,0.049,30.9,0.048,30.9,0.049,30.9,0.048,30.9
480.5,0.059,30.9,0.061,30.9,0.056,30.9,0.056,30.9
481.0,0.068,30.9,0.067,30.9,0.070,30.9,0.068,30.9
481.5,0.068,30.9,0.067,30.9,0.067,30.9,0.069,30.9
482.0,0.066,30.8,0.067,30.8,0.068,30.8,0.068,30.8
482.5,0.054,30.8,0.056,30.8,0.056,30.8,0.059,30.8
483.0,0.055,30.8,0.055,30.8,0.057,30.8,0.056,30.8
483.5,0.053,30.8,0.053,30.8,0.052,30.8,0.055,30.8
484.0,0.049,30.8,0.053,30.8,0.051,30.8,0.049,30.8
484.5,0.047,30.8,0.048,30.8,0.050,30.8,0.048,30.8
485.0,0.052,30.8,0.052,30.8,0.053,30.8,0.050,30.8
485.5,0.059,30.8,0.059,30.9,0.058,30.8,0.057,30.8
486.0,0.065,30.8,0.064,30.8,0.066,30.8,0.065,30.8
486.5,0.064,30.8,0.064,30.8,0.064,30.8,0.067,30.8
487.0,0.058,30.8,0.058,30.8,0.059,30.8,0.058,30.8
487.5,0.047,30.8,0.050,30.8,0.047,30.8,0.047,30.8
488.0,0.045,30.8,0.046,30.8,0.044,30.8,0.043,30.8
488.5,0.046,30.8,0.047,30.8,0.044,30.9,0.048,30.8
489.0,0.045,30.8,0.046,30.8,0.045,30.8,0.045,30.8
489.5,0.040,30.9,0.039,30.9,0.045,30.8,0.041,30.9
490.0,0.045,30.9,0.045,30.8,0.046,30.9,0.045,30.9
490.5,0.047,30.9,0.047,30.9,0.047,30.9,0.047,30.9
491.0,0.045,30.9,0.047,30.9,0.044,30.9,0.045,30.9
491.5,0.042,30.9,0.043,30.9,0.041,30.9,0.042,30.9
492.0,0.040,30.9,0.040,30.9,0.038,30.9,0.040,30.9
492.5,0.031,31.0,0.031,30.9,0.032,30.9,0.030,31.0
493.0,0.028,31.0,0.028,30.9,0.030,31.0,0.028,31.0
493.5,0.029,31.0,0.028,31.0,0.028,30.9,0.029,31.0
494.0,0.026,31.0,0.026,31.0,0.026,31.0,0.029,31.0
494.5,0.023,31.0,0.024,31.0,0.024,31.1,0.023,31.0
495.0,0.031,31.1,0.032,31.1,0.027,31.1,0.031,31.1
495.5,0.034,31.1,0.033,31.1,0.030,31.1,0.036,31.1
496.0,0.032,31.1,0.033,31.1,0.032,31.1,0.035,31.1
496.5,0.032,31.1,0.032,31.1,0.032,31.1,0.034,31.1
497.0,0.023,31.1,0.024,31.1,0.026,31.1,0.024,31.1
497.5,0.021,31.1,0.021,31.1,0.020,31.1,0.021,31.1
498.0,0.023,31.1,0.023,31.1,0.024,31.1,0.022,31.2
498.5,0.022,31.2,0.023,31.2,0.024,31.2,0.022,31.2
499.0,0.017,31.2,0.016,31.2,0.020,31.2,0.018,31.2
499.5,0.014,31.2,0.013,31.2,0.014,31.2,0.015,31.2
500.0,0.004,31.3,0.005,31.3,0.005,31.2,0.011,31.2
500.5,-0.019,31.3,-0.019,31.3,-0.015,31.3,-0.002,31.3
501.0,-0.054,31.3,-0.054,31.3,-0.042,31.3,-0.048,31.3
501.5,-0.076,31.4,-0.076,31.4,-0.076,31.4,-0.073,31.4
502.0,-0.052,31.4,-0.052,31.4,-0.058,31.4,-0.056,31.4
502.5,-0.028,31.5,-0.028,31.5,-0.034,31.4,-0.028,31.5
503.0,-0.023,31.5,-0.022,31.6,-0.028,31.4,-0.022,31.5
503.5,-0.024,31.6,-0.025,31.6,-0.024,31.6,-0.024,31.6
504.0,-0.032,31.7,-0.031,31.7,-0.029,31.6,-0.031,31.6
504.5,-0.031,31.7,-0.031,31.7,-0.031,31.7,-0.032,31.7
505.0,-0.028,31.7,-0.028,31.7,-0.028,31.7,-0.028,31.7
505.5,-0.038,31.8,-0.036,31.7,-0.033,31.8,-0.033,31.7
506.0,-0.057,31.8,-0.057,31.8,-0.053,31.8,-0.052,31.7
506.5,-0.058,31.8,-0.059,31.8,-0.059,31.8,-0.057,31.8
507.0,-0.030,31.8,-0.030,31.8,-0.031,31.8,-0.047,31.7
507.5,-0.010,31.8,-0.011,31.8,-0.011,31.8,-0.012,31.8
508.0,-0.007,31.8,-0.005,31.8,-0.007,31.8,-0.008,31.8
508.5,-0.023,31.9,-0.022,31.9,-0.013,31.9,-0.024,31.9
509.0,-0.017,31.9,-0.017,31.9,-0.022,31.9,-0.019,31.9
509.5,0.007,31.9,0.007,31.9,-0.006,31.8,0.006,31.9
510.0,0.019,31.9,0.019,31.9,0.017,31.9,0.019,31.9
510.5,0.011,32.0,0.012,31.9,0.010,32.0,0.011,32.0
511.0,0.009,31.9,0.011,31.9,0.008,31.9,0.011,32.0
511.5,0.013,31.9,0.012,31.9,0.013,31.9,0.011,32.0
512.0,0.025,31.9,0.024,31.9,0.019,31.9,0.025,32.0
512.5,0.029,31.9,0.029,31.9,0.028,31.9,0.031,31.9
513.0,0.030,31.8,0.030,31.9,0.029,31.8,0.030,31.9
513.5,0.042,31.8,0.041,31.8,0.037,31.8,0.040,31.8
514.0,0.050,31.7,0.051,31.7,0.049,31.8,0.049,31.8
514.5,0.052,31.7,0.052,31.7,0.051,31.7,0.050,31.7
515.0,0.045,31.6,0.045,31.6,0.046,31.6,0.045,31.6
515.5,0.045,31.6,0.045,31.6,0.047,31.6,0.046,31.6
516.0,0.049,31.5,0.049,31.5,0.050,31.5,0.047,31.5
516.5,0.048,31.5,0.048,31.5,0.052,31.4,0.049,31.4
517.0,0.043,31.5,0.044,31.5,0.048,31.5,0.044,31.4
517.5,0.041,31.4,0.041,31.4,0.043,31.4,0.041,31.4
518.0,0.050,31.4,0.049,31.4,0.047,31.4,0.050,31.4
518.5,0.053,31.3,0.054,31.4,0.054,31.4,0.052,31.4
519.0,0.058,31.3,0.058,31.3,0.058,31.3,0.057,31.3
519.5,0.056,31.3,0.057,31.3,0.058,31.3,0.059,31.3
520.0,0.048,31.3,0.048,31.3,0.050,31.3,0.050,31.2
520.5,0.050,31.2,0.049,31.2,0.049,31.3,0.051,31.2
521.0,0.050,31.2,0.051,31.2,0.050,31.2,0.051,31.3
521.5,0.046,31.2,0.045,31.2,0.045,31.2,0.047,31.2
522.0,0.039,31.2,0.040,31.2,0.041,31.2,0.040,31.2
522.5,0.044,31.2,0.045,31.2,0.045,31.3,0.043,31.2
523.0,0.051,31.2,0.052,31.2,0.048,31.2,0.051,31.2
523.5,0.059,31.2,0.060,31.2,0.050,31.2,0.057,31.2
524.0,0.064,31.2,0.065,31.2,0.066,31.2,0.063,31.2
524.5,0.060,31.1,0.059,31.1,0.065,31.2,0.062,31.2
525.0,0.055,31.1,0.054,31.1,0.056,31.1,0.057,31.1
525.5,0.056,31.1,0.055,31.1,0.056,31.1,0.057,31.1
526.0,0.053,31.1,0.054,31.1,0.056,31.1,0.056,31.1
526.5,0.049,31.1,0.049,31.1,0.053,31.1,0.053,31.1
527.0,0.043,31.1,0.044,31.1,0.042,31.1,0.050,31.1
527.5,0.049,31.1,0.051,31.1,0.047,31.1,0.051,31.1
528.0,0.056,31.1,0.057,31.1,0.054,31.1,0.056,31.1
528.5,0.057,31.1,0.057,31.1,0.056,31.1,0.058,31.1
529.0,0.055,31.1,0.055,31.1,0.054,31.1,0.056,31.1
529.5,0.046,31.1,0.046,31.1,0.049,31.0,0.047,31.1
530.0,0.041,31.1,0.042,31.1,0.043,31.1,0.040,31.0
530.5,0.045,31.1,0.046,31.1,0.047,31.1,0.042,31.1
531.0,0.045,31.1,0.046,31.1,0.047,31.1,0.045,31.1
531.5,0.041,31.1,0.042,31.1,0.041,31.1,0.041,31.1
532.0,0.034,31.1,0.035,31.1,0.035,31.1,0.036,31.1
532.5,0.042,31.1,0.043,31.1,0.041,31.1,0.040,31.1
533.0,0.054,31.1,0.052,31.1,0.052,31.1,0.054,31.1
533.5,0.058,31.1,0.057,31.1,0.061,31.1,0.059,31.1
534.0,0.058,31.1,0.060,31.1,0.060,31.1,0.062,31.1
534.5,0.049,31.0,0.049,31.0,0.049,31.1,0.051,31.1
535.0,0.047,31.0,0.045,31.1,0.046,31.1,0.044,31.0
535.5,0.053,31.0,0.052,31.1,0.054,31.0,0.047,31.1
536.0,0.050,31.1,0.051,31.1,0.054,31.1,0.051,31.0
536.5,0.044,31.0,0.045,31.0,0.047,31.1,0.051,31.0
537.0,0.036,31.0,0.036,31.0,0.035,31.1,0.040,31.1
537.5,0.045,31.1,0.047,31.1,0.039,31.1,0.046,31.1
538.0,0.058,31.1,0.059,31.1,0.059,31.1,0.055,31.1
538.5,0.061,31.0,0.060,31.0,0.065,31.0,0.060,31.1
539.0,0.059,31.0,0.058,31.0,0.059,31.0,0.059,31.0
539.5,0.053,31.0,0.054,31.0,0.052,31.0,0.058,31.0
540.0,0.048,31.0,0.053,31.0,0.050,31.0,0.056,31.0
540.5,0.052,31.0,0.052,31.0,0.054,31.0,0.055,31.0
541.0,0.051,31.0,0.052,31.0,0.057,31.0,0.051,31.0
541.5,0.044,31.0,0.046,31.0,0.045,31.0,0.045,31.0
542.0,0.037,31.0,0.037,31.0,0.034,31.0,0.039,31.0
542.5,0.047,31.0,0.048,31.0,0.041,31.1,0.040,31.0
543.0,0.055,31.0,0.057,31.0,0.055,31.0,0.054,31.0
543.5,0.059,31.0,0.060,31.0,0.060,31.0,0.058,31.0
544.0,0.060,31.0,0.061,31.0,0.060,31.0,0.060,31.0
544.5,0.055,31.0,0.056,30.9,0.058,31.0,0.056,31.0
545.0,0.055,31.0,0.054,31.0,0.057,31.0,0.055,31.0
545.5,0.058,31.0,0.058,31.0,0.059,31.0,0.058,31.0
546.0,0.053,31.0,0.053,30.9,0.053,31.0,0.055,31.0
546.5,0.045,30.9,0.045,30.9,0.046,30.9,0.050,30.9
547.0,0.036,31.0,0.036,31.0,0.036,31.0,0.038,31.0
547.5,0.041,31.0,0.041,31.0,0.042,31.0,0.039,31.0
548.0,0.053,31.0,0.050,31.0,0.054,31.0,0.048,31.0
548.5,0.061,31.0,0.063,31.0,0.061,31.0,0.057,31.0
549.0,0.062,31.0,0.061,30.9,0.061,30.9,0.060,30.9
549.5,0.058,30.9,0.060,30.9,0.061,30.9,0.058,30.9
550.0,0.055,30.9,0.057,30.9,0.055,30.9,0.053,31.0
550.5,0.058,30.9,0.058,30.9,0.058,30.9,0.052,31.0
551.0,0.055,30.9,0.055,30.9,0.054,30.9,0.054,30.9
551.5,0.048,30.9,0.048,30.9,0.051,30.9,0.049,30.9
552.0,0.043,30.9,0.043,30.9,0.044,30.9,0.042,30.9
552.5,0.052,30.9,0.052,30.9,0.042,31.0,0.052,30.9
553.0,0.059,30.9,0.059,31.0,0.047,30.9,0.061,31.0
553.5,0.064,30.9,0.063,30.9,0.064,30.9,0.062,31.0
554.0,0.063,30.9,0.063,30.9,0.061,30.9,0.065,30.9
554.5,0.058,30.9,0.058,30.9,0.058,30.9,0.064,30.9
555.0,0.054,30.9,0.056,30.9,0.057,30.9,0.056,30.9
555.5,0.058,30.9,0.057,30.9,0.061,30.9,0.056,30.9
556.0,0.054,30.9,0.055,30.9,0.057,30.9,0.055,30.9
556.5,0.046,30.9,0.046,30.9,0.048,30.9,0.048,30.9
557.0,0.044,30.9,0.043,30.9,0.046,30.9,0.042,30.9
557.5,0.052,30.9,0.052,30.9,0.051,30.9,0.051,30.9
558.0,0.061,30.9,0.061,30.9,0.061,30.9,0.061,30.9
558.5,0.065,30.9,0.065,30.9,0.065,30.9,0.070,30.9
559.0,0.064,30.9,0.063,30.9,0.065,30.9,0.065,30.9
559.5,0.060,30.9,0.061,30.8,0.061,30.9,0.059,30.9
560.0,0.058,30.8,0.058,30.8,0.056,30.8,0.061,30.9
560.5,0.057,30.8,0.057,30.8,0.056,30.9,0.057,30.8
561.0,0.055,30.8,0.055,30.9,0.056,30.9,0.058,30.8
561.5,0.051,30.8,0.050,30.9,0.050,30.8,0.054,30.8
562.0,0.054,30.9,0.054,30.9,0.046,30.9,0.055,30.9
562.5,0.064,30.9,0.061,30.9,0.060,30.8,0.060,30.9
563.0,0.063,30.9,0.063,30.9,0.064,30.9,0.062,30.9
563.5,0.063,30.8,0.063,30.9,0.063,30.9,0.064,30.9
564.0,0.063,30.8,0.062,30.8,0.064,30.8,0.064,30.8
564.5,0.060,30.8,0.061,30.8,0.060,30.8,0.060,30.8
565.0,0.057,30.8,0.059,30.8,0.057,30.8,0.058,30.8
565.5,0.056,30.8,0.058,30.8,0.057,30.7,0.055,30.8
566.0,0.052,30.8,0.054,30.8,0.055,30.8,0.053,30.8
566.5,0.046,30.8,0.047,30.9,0.051,30.8,0.046,30.8
567.0,0.054,30.8,0.052,30.9,0.053,30.8,0.050,30.8
567.5,0.061,30.9,0.060,30.9,0.057,30.8,0.062,30.8
568.0,0.059,30.8,0.057,30.8,0.058,30.8,0.060,30.9
568.5,0.060,30.8,0.060,30.8,0.059,30.8,0.061,30.8
569.0,0.055,30.8,0.055,30.8,0.057,30.8,0.055,30.8
569.5,0.042,30.8,0.042,30.8,0.044,30.8,0.045,30.8
570.0,0.039,30.9,0.039,30.9,0.039,30.9,0.039,30.9
570.5,0.039,30.9,0.041,30.9,0.039,30.9,0.038,30.9
571.0,0.036,30.9,0.035,30.9,0.038,30.9,0.036,30.9
571.5,0.034,30.9,0.033,31.0,0.034,30.9,0.033,31.0
572.0,0.037,31.0,0.036,31.0,0.040,31.0,0.037,30.9
572.5,0.040,31.0,0.040,31.0,0.042,31.0,0.038,31.0
573.0,0.043,31.0,0.042,31.0,0.043,31.0,0.043,31.0
573.5,0.045,31.0,0.045,31.0,0.044,31.0,0.044,31.0
574.0,0.034,31.0,0.036,31.0,0.038,31.0,0.037,31.0
574.5,0.028,31.0,0.030,31.0,0.028,31.0,0.030,31.0
575.0,0.029,31.0,0.028,31.0,0.029,31.0,0.030,31.0
575.5,0.032,31.1,0.032,31.1,0.031,31.1,0.032,31.1
576.0,0.028,31.1,0.029,31.1,0.028,31.1,0.032,31.1
576.5,0.024,31.1,0.023,31.1,0.024,31.1,0.024,31.2
577.0,0.028,31.1,0.027,31.1,0.028,31.1,0.025,31.2
577.5,0.030,31.2,0.031,31.2,0.030,31.2,0.031,31.1
578.0,0.030,31.2,0.030,31.2,0.030,31.2,0.030,31.2
578.5,0.026,31.2,0.027,31.2,0.029,31.2,0.026,31.2
579.0,0.015,31.2,0.015,31.2,0.016,31.2,0.016,31.2
579.5,0.017,31.2,0.019,31.2,0.017,31.3,0.019,31.3
580.0,0.017,31.3,0.018,31.3,0.016,31.3,0.018,31.3
580.5,0.012,31.3,0.012,31.3,0.016,31.3,0.013,31.3
581.0,-0.004,31.3,-0.004,31.3,-0.000,31.3,-0.001,31.4
581.5,-0.021,31.4,-0.020,31.4,-0.017,31.4,-0.018,31.3
582.0,-0.056,31.4,-0.054,31.4,-0.051,31.4,-0.051,31.4
582.5,-0.075,31.5,-0.074,31.5,-0.075,31.5,-0.074,31.5
583.0,-0.068,31.5,-0.069,31.6,-0.068,31.5,-0.070,31.5
583.5,-0.041,31.6,-0.043,31.6,-0.043,31.6,-0.050,31.6
584.0,-0.020,31.6,-0.020,31.6,-0.022,31.7,-0.036,31.6
584.5,-0.024,31.7,-0.024,31.7,-0.016,31.7,-0.023,31.7
585.0,-0.033,31.7,-0.034,31.7,-0.021,31.7,-0.032,31.7
585.5,-0.035,31.8,-0.036,31.8,-0.034,31.8,-0.035,31.7
586.0,-0.038,31.8,-0.039,31.8,-0.034,31.8,-0.039,31.8
586.5,-0.038,31.8,-0.038,31.8,-0.037,31.8,-0.039,31.8
587.0,-0.035,31.9,-0.033,31.9,-0.035,31.8,-0.036,31.8
587.5,-0.038,31.9,-0.037,31.9,-0.035,31.8,-0.038,31.9
588.0,-0.045,31.9,-0.044,31.9,-0.044,31.9,-0.047,31.9
588.5,-0.026,31.9,-0.027,31.9,-0.042,31.9,-0.026,31.9
589.0,-0.010,32.0,-0.011,32.0,-0.028,31.9,-0.011,32.0
589.5,-0.020,32.0,-0.019,32.0,-0.016,32.0,-0.021,32.0
590.0,-0.017,32.0,-0.017,32.0,-0.018,32.0,-0.022,32.1
590.5,-0.005,32.1,-0.006,32.0,-0.009,32.0,-0.006,32.1
591.0,0.011,32.0,0.009,32.1,-0.001,32.0,0.010,32.1
591.5,0.023,32.0,0.023,32.0,0.022,32.0,0.019,32.0
592.0,0.027,32.0,0.027,32.0,0.027,32.0,0.028,32.0
592.5,0.023,32.0,0.023,32.0,0.021,32.0,0.027,32.0
593.0,0.030,32.0,0.030,32.0,0.029,32.0,0.030,32.0
593.5,0.038,31.9,0.039,32.0,0.036,31.9,0.039,31.9
594.0,0.039,31.9,0.039,31.9,0.037,31.9,0.041,31.9
594.5,0.035,31.9,0.036,31.9,0.035,31.8,0.036,31.8
595.0,0.041,31.8,0.042,31.8,0.037,31.8,0.042,31.8
595.5,0.050,31.7,0.051,31.7,0.046,31.7,0.051,31.8
596.0,0.056,31.7,0.056,31.7,0.056,31.7,0.056,31.7
596.5,0.057,31.6,0.056,31.6,0.057,31.6,0.059,31.6
597.0,0.048,31.6,0.048,31.6,0.056,31.6,0.051,31.6
597.5,0.044,31.6,0.044,31.6,0.046,31.6,0.044,31.5
598.0,0.046,31.5,0.047,31.5,0.048,31.5,0.046,31.5
598.5,0.045,31.5,0.045,31.5,0.044,31.5,0.045,31.5
599.0,0.041,31.5,0.041,31.5,0.040,31.4,0.042,31.5
599.5,0.040,31.5,0.039,31.5,0.038,31.5,0.042,31.5
600.0,0.048,31.5,0.048,31.5,0.046,31.5,0.048,31.5
600.5,0.056,31.4,0.055,31.4,0.056,31.4,0.053,31.4
601.0,0.059,31.4,0.060,31.4,0.059,31.4,0.056,31.4
601.5,0.057,31.4,0.057,31.4,0.058,31.4,0.058,31.5
602.0,0.048,31.4,0.049,31.4,0.051,31.4,0.050,31.4
602.5,0.049,31.3,0.050,31.4,0.046,31.3,0.050,31.3
603.0,0.049,31.3,0.050,31.3,0.048,31.3,0.048,31.3
603.5,0.046,31.3,0.046,31.3,0.045,31.3,0.046,31.3
604.0,0.041,31.3,0.041,31.3,0.042,31.3,0.045,31.3
604.5,0.043,31.3,0.043,31.4,0.040,31.4,0.044,31.3
605.0,0.053,31.3,0.053,31.3,0.053,31.4,0.052,31.3
605.5,0.060,31.3,0.060,31.3,0.057,31.4,0.058,31.3
606.0,0.061,31.3,0.062,31.3,0.059,31.3,0.057,31.3
606.5,0.056,31.3,0.058,31.3,0.056,31.3,0.059,31.3
607.0,0.052,31.2,0.054,31.3,0.051,31.3,0.054,31.3
607.5,0.053,31.2,0.054,31.2,0.052,31.3,0.053,31.2
608.0,0.053,31.2,0.053,31.2,0.052,31.2,0.052,31.2
608.5,0.049,31.2,0.049,31.2,0.050,31.2,0.049,31.3
609.0,0.042,31.2,0.042,31.2,0.044,31.2,0.042,31.2
609.5,0.044,31.2,0.045,31.3,0.041,31.2,0.042,31.2
610.0,0.051,31.2,0.050,31.3,0.049,31.3,0.052,31.2
610.5,0.055,31.2,0.055,31.2,0.054,31.2,0.054,31.2
611.0,0.054,31.2,0.054,31.2,0.055,31.2,0.054,31.2
611.5,0.051,31.2,0.052,31.2,0.056,31.2,0.051,31.2
612.0,0.044,31.2,0.045,31.2,0.043,31.3,0.045,31.2
612.5,0.049,31.2,0.049,31.2,0.048,31.2,0.049,31.2
613.0,0.049,31.2,0.050,31.2,0.052,31.2,0.050,31.2
613.5,0.045,31.2,0.045,31.2,0.050,31.2,0.045,31.2
614.0,0.040,31.3,0.039,31.3,0.040,31.2,0.039,31.3
614.5,0.045,31.2,0.046,31.2,0.044,31.3,0.042,31.2
615.0,0.057,31.2,0.057,31.2,0.050,31.3,0.054,31.2
615.5,0.063,31.2,0.062,31.3,0.063,31.2,0.062,31.2
616.0,0.062,31.2,0.063,31.2,0.063,31.2,0.063,31.2
616.5,0.055,31.2,0.055,31.2,0.059,31.2,0.054,31.2
617.0,0.050,31.2,0.051,31.2,0.049,31.2,0.051,31.2
617.5,0.054,31.2,0.055,31.2,0.052,31.2,0.056,31.2
618.0,0.052,31.2,0.053,31.2,0.052,31.2,0.054,31.2
618.5,0.047,31.2,0.047,31.1,0.049,31.2,0.050,31.2
619.0,0.039,31.2,0.039,31.2,0.043,31.2,0.040,31.2
619.5,0.045,31.2,0.044,31.2,0.043,31.2,0.044,31.2
620.0,0.054,31.2,0.055,31.2,0.048,31.2,0.054,31.2
620.5,0.055,31.2,0.055,31.2,0.053,31.2,0.057,31.2
621.0,0.054,31.2,0.054,31.2,0.055,31.2,0.054,31.2
621.5,0.049,31.2,0.049,31.2,0.050,31.2,0.050,31.1
622.0,0.046,31.2,0.046,31.2,0.047,31.2,0.042,31.1
622.5,0.050,31.2,0.049,31.2,0.048,31.2,0.050,31.1
623.0,0.049,31.2,0.050,31.2,0.049,31.2,0.049,31.2
623.5,0.043,31.2,0.045,31.2,0.043,31.2,0.046,31.2
624.0,0.034,31.2,0.034,31.2,0.036,31.2,0.035,31.2
624.5,0.041,31.2,0.039,31.2,0.042,31.2,0.038,31.3
625.0,0.058,31.2,0.057,31.2,0.059,31.2,0.058,31.2
625.5,0.061,31.2,0.060,31.2,0.060,31.2,0.062,31.2
626.0,0.058,31.2,0.058,31.2,0.061,31.2,0.060,31.2
626.5,0.051,31.2,0.051,31.2,0.054,31.2,0.052,31.2
627.0,0.051,31.2,0.050,31.2,0.048,31.2,0.050,31.2
627.5,0.057,31.1,0.056,31.2,0.057,31.1,0.057,31.2
628.0,0.053,31.2,0.054,31.2,0.055,31.1,0.054,31.2
628.5,0.045,31.2,0.045,31.2,0.046,31.2,0.050,31.2
629.0,0.038,31.2,0.037,31.2,0.042,31.2,0.038,31.2
629.5,0.048,31.2,0.048,31.2,0.045,31.2,0.045,31.2
630.0,0.059,31.2,0.060,31.2,0.055,31.2,0.050,31.2
630.5,0.066,31.2,0.065,31.2,0.062,31.2,0.058,31.2
631.0,0.061,31.1,0.061,31.1,0.061,31.1,0.064,31.1
631.5,0.056,31.1,0.057,31.1,0.056,31.1,0.056,31.1
632.0,0.053,31.1,0.054,31.1,0.052,31.1,0.053,31.1
632.5,0.055,31.1,0.056,31.1,0.050,31.1,0.056,31.1
633.0,0.052,31.1,0.053,31.1,0.049,31.1,0.052,31.2
633.5,0.045,31.1,0.045,31.1,0.045,31.2,0.045,31.2
634.0,0.045,31.1,0.044,31.2,0.045,31.1,0.045,31.1
634.5,0.053,31.2,0.053,31.2,0.051,31.2,0.052,31.1
635.0,0.061,31.1,0.062,31.1,0.060,31.2,0.062,31.1
635.5,0.066,31.1,0.067,31.1,0.065,31.2,0.067,31.1
636.0,0.064,31.1,0.064,31.1,0.066,31.1,0.065,31.1
636.5,0.058,31.1,0.058,31.1,0.061,31.0,0.059,31.1
637.0,0.057,31.1,0.058,31.1,0.057,31.1,0.058,31.1
637.5,0.057,31.1,0.057,31.1,0.058,31.1,0.056,31.1
638.0,0.051,31.1,0.051,31.1,0.057,31.1,0.051,31.1
638.5,0.047,31.1,0.047,31.1,0.046,31.1,0.048,31.1
639.0,0.048,31.1,0.048,31.1,0.046,31.1,0.049,31.1
639.5,0.059,31.1,0.058,31.2,0.056,31.1,0.057,31.1
640.0,0.067,31.1,0.067,31.1,0.071,31.1,0.067,31.1
640.5,0.069,31.1,0.070,31.1,0.069,31.1,0.070,31.1
641.0,0.067,31.1,0.068,31.1,0.070,31.1,0.073,31.1
641.5,0.057,31.0,0.058,31.1,0.060,31.1,0.059,31.0
642.0,0.056,31.0,0.057,31.0,0.054,31.1,0.056,31.0
642.5,0.055,31.1,0.058,31.1,0.054,31.0,0.056,31.1
643.0,0.052,31.1,0.055,31.1,0.053,31.1,0.053,31.1
643.5,0.048,31.1,0.049,31.1,0.048,31.1,0.053,31.1
644.0,0.053,31.1,0.054,31.1,0.054,31.1,0.051,31.1
644.5,0.061,31.1,0.060,31.1,0.064,31.1,0.059,31.1
645.0,0.066,31.1,0.066,31.1,0.067,31.1,0.066,31.1
645.5,0.065,31.1,0.063,31.1,0.066,31.1,0.066,31.1
646.0,0.063,31.0,0.063,31.0,0.064,31.1,0.062,31.0
646.5,0.048,31.0,0.048,31.0,0.053,31.0,0.047,31.0
647.0,0.048,31.1,0.048,31.1,0.047,31.1,0.044,31.1
647.5,0.047,31.1,0.048,31.1,0.050,31.1,0.046,31.1
648.0,0.045,31.1,0.045,31.1,0.046,31.1,0.045,31.1
648.5,0.042,31.1,0.041,31.1,0.041,31.1,0.042,31.1
649.0,0.049,31.2,0.049,31.2,0.049,31.1,0.047,31.2
649.5,0.050,31.1,0.051,31.1,0.048,31.2,0.053,31.1
650.0,0.052,31.1,0.053,31.1,0.049,31.1,0.055,31.2
650.5,0.052,31.2,0.052,31.1,0.050,31.1,0.054,31.2
651.0,0.044,31.2,0.047,31.1,0.050,31.1,0.046,31.2
651.5,0.036,31.2,0.036,31.2,0.040,31.2,0.039,31.2
652.0,0.036,31.2,0.039,31.2,0.036,31.2,0.038,31.2
652.5,0.035,31.2,0.035,31.2,0.036,31.2,0.037,31.2
653.0,0.031,31.2,0.031,31.2,0.032,31.2,0.032,31.2
653.5,0.032,31.3,0.031,31.3,0.028,31.2,0.032,31.3
654.0,0.036,31.3,0.036,31.3,0.036,31.3,0.035,31.3
654.5,0.034,31.3,0.034,31.3,0.033,31.3,0.032,31.3
655.0,0.031,31.3,0.030,31.3,0.031,31.3,0.031,31.3
655.5,0.032,31.3,0.031,31.4,0.030,31.3,0.032,31.3
656.0,0.028,31.3,0.028,31.3,0.029,31.4,0.032,31.4
656.5,0.026,31.4,0.025,31.4,0.026,31.4,0.032,31.4
657.0,0.025,31.4,0.025,31.4,0.026,31.4,0.027,31.4
657.5,0.022,31.4,0.021,31.4,0.022,31.4,0.023,31.4
658.0,0.026,31.5,0.025,31.5,0.024,31.4,0.026,31.5
658.5,0.029,31.5,0.031,31.5,0.028,31.5,0.032,31.5
659.0,0.030,31.5,0.029,31.5,0.030,31.5,0.031,31.5
659.5,0.028,31.5,0.030,31.5,0.028,31.5,0.029,31.5
660.0,0.024,31.5,0.023,31.5,0.025,31.5,0.026,31.5
660.5,0.021,31.5,0.021,31.5,0.021,31.5,0.024,31.6
661.0,0.014,31.5,0.014,31.5,0.013,31.5,0.015,31.5
661.5,0.007,31.6,0.008,31.6,0.008,31.5,0.009,31.6
662.0,-0.006,31.6,-0.005,31.6,-0.003,31.6,-0.003,31.6
662.5,-0.029,31.7,-0.026,31.7,-0.013,31.6,-0.025,31.7
663.0,-0.063,31.7,-0.060,31.7,-0.048,31.7,-0.061,31.7
663.5,-0.073,31.8,-0.073,31.8,-0.072,31.8,-0.072,31.8
664.0,-0.055,31.8,-0.054,31.8,-0.057,31.8,-0.068,31.8
664.5,-0.045,31.9,-0.043,31.9,-0.048,31.9,-0.049,31.9
665.0,-0.059,31.9,-0.059,31.9,-0.057,31.9,-0.054,31.9
665.5,-0.071,31.9,-0.070,31.9,-0.075,31.9,-0.071,32.0
666.0,-0.054,31.9,-0.054,31.9,-0.064,31.9,-0.057,32.0
666.5,-0.047,32.0,-0.048,32.0,-0.050,32.0,-0.047,32.0
667.0,-0.036,32.0,-0.039,32.0,-0.037,32.0,-0.038,32.0
667.5,-0.042,32.0,-0.041,32.1,-0.043,32.1,-0.039,32.0
668.0,-0.041,32.1,-0.041,32.1,-0.041,32.1,-0.042,32.0
668.5,-0.025,32.1,-0.027,32.1,-0.026,32.1,-0.028,32.1
669.0,-0.003,32.2,-0.005,32.2,-0.011,32.1,-0.002,32.1
669.5,-0.003,32.2,-0.004,32.2,-0.006,32.2,-0.002,32.2
670.0,-0.006,32.2,-0.005,32.2,-0.004,32.2,-0.006,32.2
670.5,-0.002,32.3,-0.003,32.3,-0.002,32.3,-0.004,32.3
671.0,0.012,32.3,0.012,32.3,0.009,32.3,0.009,32.3
671.5,0.021,32.3,0.019,32.3,0.021,32.3,0.020,32.2
672.0,0.023,32.3,0.024,32.3,0.024,32.2,0.022,32.3
672.5,0.025,32.2,0.026,32.2,0.025,32.2,0.023,32.2
673.0,0.032,32.2,0.033,32.2,0.032,32.2,0.031,32.2
673.5,0.043,32.2,0.045,32.2,0.037,32.2,0.043,32.2
674.0,0.046,32.1,0.047,32.1,0.046,32.1,0.046,32.1
674.5,0.040,32.1,0.041,32.1,0.043,32.1,0.038,32.1
675.0,0.044,32.0,0.043,32.0,0.043,32.1,0.043,32.0
675.5,0.046,32.0,0.046,32.0,0.047,32.0,0.046,32.0
676.0,0.043,31.9,0.044,31.9,0.044,32.0,0.043,31.9
676.5,0.033,31.9,0.033,31.9,0.042,31.9,0.034,31.9
677.0,0.040,31.9,0.041,31.9,0.042,31.9,0.042,31.9
677.5,0.057,31.9,0.057,31.8,0.057,31.9,0.056,31.9
678.0,0.060,31.8,0.061,31.9,0.061,31.9,0.059,31.8
678.5,0.055,31.8,0.055,31.8,0.060,31.8,0.055,31.8
679.0,0.047,31.7,0.049,31.8,0.048,31.7,0.049,31.7
679.5,0.047,31.7,0.047,31.7,0.045,31.7,0.046,31.7
680.0,0.051,31.7,0.050,31.7,0.048,31.7,0.049,31.7
680.5,0.048,31.7,0.048,31.7,0.048,31.7,0.047,31.7
681.0,0.042,31.7,0.042,31.7,0.042,31.7,0.044,31.7
681.5,0.040,31.7,0.039,31.7,0.038,31.7,0.043,31.7
682.0,0.051,31.7,0.050,31.7,0.048,31.7,0.051,31.7
682.5,0.057,31.7,0.056,31.7,0.057,31.7,0.058,31.7
683.0,0.058,31.7,0.059,31.7,0.058,31.7,0.060,31.6
683.5,0.054,31.6,0.054,31.6,0.056,31.6,0.054,31.6
684.0,0.050,31.6,0.050,31.6,0.051,31.6,0.052,31.5
684.5,0.050,31.6,0.050,31.6,0.051,31.6,0.051,31.6
685.0,0.053,31.6,0.053,31.6,0.055,31.6,0.052,31.6
685.5,0.049,31.6,0.050,31.6,0.050,31.6,0.049,31.6
686.0,0.041,31.6,0.042,31.6,0.041,31.6,0.044,31.6
686.5,0.044,31.6,0.044,31.6,0.045,31.6,0.042,31.6
687.0,0.055,31.6,0.055,31.6,0.050,31.6,0.052,31.6
687.5,0.060,31.6,0.059,31.6,0.055,31.6,0.059,31.6
688.0,0.064,31.5,0.064,31.5,0.062,31.5,0.064,31.6
688.5,0.058,31.5,0.058,31.5,0.060,31.5,0.059,31.5
689.0,0.046,31.5,0.046,31.5,0.050,31.5,0.048,31.5
689.5,0.049,31.5,0.050,31.5,0.049,31.5,0.048,31.5
690.0,0.049,31.5,0.049,31.5,0.049,31.5,0.050,31.5
690.5,0.044,31.5,0.043,31.5,0.045,31.5,0.047,31.5
691.0,0.036,31.5,0.036,31.5,0.040,31.5,0.041,31.6
691.5,0.037,31.6,0.037,31.6,0.039,31.5,0.038,31.6
692.0,0.052,31.6,0.051,31.6,0.047,31.6,0.050,31.6
692.5,0.058,31.6,0.058,31.6,0.055,31.6,0.060,31.6
693.0,0.057,31.6,0.057,31.6,0.058,31.6,0.058,31.6
693.5,0.050,31.5,0.051,31.5,0.056,31.5,0.051,31.5
694.0,0.044,31.5,0.045,31.5,0.045,31.5,0.043,31.5
694.5,0.051,31.5,0.051,31.6,0.046,31.5,0.050,31.5
695.0,0.051,31.5,0.051,31.5,0.051,31.5,0.050,31.5
695.5,0.046,31.5,0.047,31.6,0.047,31.5,0.048,31.5
696.0,0.037,31.5,0.037,31.6,0.038,31.5,0.044,31.5
696.5,0.043,31.6,0.043,31.6,0.042,31.5,0.045,31.5
697.0,0.056,31.6,0.057,31.6,0.055,31.6,0.054,31.5
697.5,0.061,31.6,0.063,31.6,0.059,31.6,0.057,31.6
698.0,0.060,31.5,0.060,31.5,0.060,31.6,0.059,31.5
698.5,0.050,31.5,0.052,31.5,0.050,31.5,0.053,31.5
699.0,0.047,31.5,0.047,31.5,0.047,31.5,0.046,31.6
699.5,0.051,31.5,0.050,31.5,0.046,31.5,0.051,31.5
700.0,0.049,31.5,0.049,31.5,0.046,31.5,0.051,31.5
700.5,0.044,31.5,0.046,31.5,0.044,31.5,0.045,31.5
701.0,0.035,31.5,0.036,31.5,0.039,31.5,0.036,31.5
701.5,0.041,31.5,0.041,31.5,0.033,31.5,0.041,31.6
702.0,0.055,31.6,0.056,31.6,0.044,31.5,0.053,31.5
702.5,0.058,31.6,0.058,31.6,0.059,31.6,0.059,31.6
703.0,0.055,31.5,0.056,31.5,0.057,31.5,0.057,31.6
703.5,0.049,31.5,0.050,31.5,0.052,31.5,0.050,31.5
704.0,0.051,31.5,0.052,31.5,0.050,31.5,0.050,31.5
704.5,0.055,31.5,0.054,31.5,0.057,31.5,0.054,31.5
705.0,0.052,31.5,0.053,31.5,0.053,31.5,0.052,31.5
705.5,0.043,31.5,0.044,31.5,0.046,31.5,0.047,31.5
706.0,0.036,31.5,0.036,31.5,0.037,31.5,0.037,31.5
706.5,0.046,31.6,0.045,31.6,0.045,31.5,0.047,31.6
707.0,0.060,31.5,0.062,31.5,0.052,31.6,0.059,31.6
707.5,0.062,31.5,0.064,31.5,0.055,31.5,0.060,31.5
708.0,0.057,31.5,0.059,31.5,0.058,31.5,0.057,31.5
708.5,0.052,31.5,0.052,31.5,0.054,31.5,0.052,31.5
709.0,0.053,31.5,0.054,31.5,0.052,31.5,0.053,31.5
709.5,0.056,31.5,0.055,31.5,0.055,31.5,0.055,31.5
710.0,0.052,31.5,0.051,31.5,0.054,31.5,0.053,31.5
710.5,0.044,31.5,0.043,31.5,0.047,31.5,0.046,31.5
711.0,0.037,31.5,0.036,31.5,0.041,31.5,0.042,31.5
711.5,0.049,31.5,0.049,31.5,0.048,31.5,0.050,31.5
712.0,0.056,31.5,0.056,31.5,0.052,31.5,0.057,31.5
712.5,0.061,31.5,0.060,31.5,0.062,31.5,0.062,31.5
713.0,0.060,31.5,0.060,31.5,0.061,31.5,0.064,31.5
713.5,0.057,31.5,0.058,31.5,0.057,31.5,0.059,31.5
714.0,0.055,31.5,0.055,31.5,0.056,31.5,0.056,31.4
714.5,0.055,31.5,0.054,31.5,0.052,31.5,0.055,31.4
715.0,0.051,31.5,0.051,31.5,0.051,31.5,0.052,31.5
715.5,0.045,31.5,0.045,31.4,0.046,31.5,0.045,31.5
716.0,0.047,31.5,0.047,31.5,0.048,31.5,0.043,31.4
716.5,0.056,31.5,0.056,31.5,0.057,31.5,0.047,31.5
717.0,0.063,31.5,0.063,31.5,0.064,31.5,0.060,31.5
717.5,0.067,31.5,0.066,31.5,0.068,31.4,0.063,31.5
718.0,0.068,31.4,0.068,31.4,0.066,31.4,0.066,31.4
718.5,0.064,31.4,0.062,31.4,0.064,31.4,0.064,31.4
719.0,0.059,31.4,0.057,31.4,0.061,31.4,0.059,31.4
719.5,0.057,31.4,0.056,31.4,0.058,31.4,0.058,31.4
720.0,0.052,31.4,0.052,31.4,0.052,31.4,0.053,31.4
720.5,0.049,31.5,0.049,31.5,0.048,31.4,0.050,31.4
721.0,0.056,31.5,0.056,31.5,0.054,31.5,0.056,31.5
721.5,0.063,31.4,0.063,31.5,0.060,31.4,0.066,31.4
722.0,0.065,31.4,0.064,31.5,0.065,31.5,0.068,31.4
722.5,0.064,31.4,0.064,31.4,0.063,31.4,0.069,31.4
723.0,0.061,31.4,0.062,31.4,0.061,31.4,0.061,31.4
723.5,0.054,31.4,0.055,31.4,0.055,31.4,0.054,31.4
724.0,0.049,31.4,0.049,31.4,0.053,31.4,0.051,31.4
724.5,0.049,31.4,0.050,31.4,0.049,31.4,0.049,31.4
725.0,0.048,31.4,0.049,31.5,0.052,31.5,0.049,31.4
725.5,0.045,31.5,0.046,31.5,0.045,31.5,0.045,31.5
726.0,0.051,31.5,0.053,31.5,0.049,31.4,0.050,31.5
726.5,0.063,31.5,0.063,31.5,0.060,31.4,0.061,31.5
727.0,0.065,31.5,0.066,31.5,0.065,31.5,0.064,31.5
727.5,0.063,31.5,0.061,31.5,0.065,31.5,0.064,31.4
728.0,0.054,31.4,0.055,31.4,0.056,31.4,0.058,31.4
728.5,0.046,31.5,0.046,31.4,0.045,31.4,0.046,31.4
729.0,0.047,31.4,0.048,31.4,0.044,31.4,0.048,31.5
729.5,0.046,31.5,0.046,31.5,0.046,31.5,0.047,31.5
730.0,0.045,31.5,0.046,31.5,0.045,31.5,0.046,31.5
730.5,0.042,31.5,0.040,31.5,0.043,31.5,0.043,31.5
731.0,0.046,31.5,0.045,31.5,0.045,31.5,0.046,31.5
731.5,0.049,31.5,0.049,31.5,0.049,31.6,0.050,31.5
732.0,0.046,31.5,0.046,31.5,0.045,31.6,0.050,31.6
732.5,0.045,31.6,0.044,31.6,0.047,31.6,0.047,31.6
733.0,0.038,31.6,0.038,31.6,0.042,31.5,0.040,31.6
733.5,0.029,31.6,0.031,31.6,0.029,31.5,0.030,31.6
734.0,0.029,31.6,0.029,31.6,0.031,31.6,0.028,31.6
734.5,0.029,31.7,0.030,31.7,0.032,31.7,0.029,31.6
735.0,0.027,31.7,0.027,31.7,0.029,31.7,0.027,31.7
735.5,0.027,31.7,0.026,31.7,0.026,31.7,0.027,31.7
736.0,0.034,31.7,0.033,31.7,0.034,31.7,0.034,31.7
736.5,0.034,31.8,0.033,31.7,0.034,31.7,0.032,31.7
737.0,0.032,31.8,0.032,31.8,0.032,31.7,0.032,31.8
737.5,0.030,31.8,0.030,31.8,0.032,31.8,0.031,31.7
738.0,0.026,31.8,0.026,31.8,0.028,31.8,0.031,31.8
738.5,0.024,31.8,0.024,31.8,0.024,31.8,0.024,31.8
739.0,0.024,31.8,0.025,31.8,0.024,31.8,0.024,31.8
739.5,0.022,31.8,0.022,31.8,0.022,31.8,0.023,31.8
740.0,0.016,31.9,0.018,31.9,0.020,31.8,0.016,31.9
740.5,0.017,31.9,0.019,31.9,0.016,31.9,0.017,31.9
741.0,0.018,31.9,0.019,31.9,0.019,31.9,0.018,32.0
741.5,0.013,31.9,0.013,31.9,0.018,32.0,0.013,31.9
742.0,-0.013,32.0,-0.013,32.0,-0.002,32.0,-0.012,32.0
742.5,-0.055,32.0,-0.054,32.0,-0.023,32.0,-0.055,32.0
743.0,-0.069,32.1,-0.069,32.1,-0.069,32.1,-0.068,32.1
743.5,-0.047,32.2,-0.047,32.2,-0.049,32.2,-0.048,32.1
744.0,-0.027,32.2,-0.026,32.2,-0.031,32.2,-0.030,32.2
744.5,-0.024,32.3,-0.024,32.3,-0.027,32.2,-0.023,32.3
745.0,-0.027,32.3,-0.028,32.3,-0.028,32.3,-0.027,32.3
745.5,-0.031,32.4,-0.030,32.4,-0.030,32.4,-0.031,32.4
746.0,-0.032,32.4,-0.032,32.4,-0.031,32.4,-0.033,32.4
746.5,-0.049,32.5,-0.048,32.5,-0.049,32.5,-0.041,32.4
747.0,-0.071,32.5,-0.070,32.5,-0.073,32.5,-0.042,32.4
747.5,-0.055,32.5,-0.056,32.4,-0.056,32.4,-0.050,32.5
748.0,-0.036,32.5,-0.036,32.5,-0.040,32.5,-0.039,32.5
748.5,-0.018,32.5,-0.017,32.5,-0.027,32.5,-0.019,32.5
749.0,-0.010,32.5,-0.009,32.5,-0.010,32.6,-0.009,32.5
749.5,-0.014,32.6,-0.013,32.5,-0.013,32.5,-0.014,32.6
750.0,-0.012,32.6,-0.013,32.6,-0.012,32.6,-0.013,32.6
750.5,0.004,32.7,0.005,32.6,0.002,32.6,0.002,32.6
751.0,0.012,32.7,0.013,32.7,0.011,32.6,0.012,32.7
751.5,0.007,32.7,0.008,32.7,0.008,32.6,0.006,32.6
752.0,0.011,32.7,0.011,32.7,0.011,32.7,0.010,32.6
752.5,0.023,32.7,0.021,32.7,0.022,32.7,0.022,32.7
753.0,0.026,32.6,0.026,32.6,0.026,32.7,0.026,32.6
753.5,0.025,32.6,0.025,32.7,0.025,32.6,0.025,32.6
754.0,0.030,32.6,0.031,32.6,0.030,32.6,0.029,32.6
754.5,0.039,32.6,0.040,32.6,0.036,32.6,0.037,32.6
755.0,0.049,32.5,0.050,32.5,0.049,32.5,0.041,32.5
755.5,0.050,32.4,0.052,32.4,0.051,32.4,0.048,32.4
756.0,0.045,32.4,0.044,32.4,0.046,32.4,0.046,32.4
756.5,0.047,32.3,0.047,32.3,0.045,32.3,0.047,32.3
757.0,0.048,32.3,0.047,32.3,0.049,32.3,0.046,32.3
757.5,0.045,32.2,0.045,32.2,0.046,32.3,0.046,32.3
758.0,0.040,32.2,0.040,32.2,0.041,32.2,0.042,32.2
758.5,0.044,32.2,0.044,32.2,0.044,32.2,0.042,32.2
759.0,0.053,32.2,0.054,32.2,0.052,32.2,0.049,32.2
759.5,0.059,32.1,0.059,32.1,0.058,32.1,0.059,32.2
760.0,0.062,32.1,0.064,32.1,0.061,32.1,0.061,32.1
760.5,0.058,32.0,0.058,32.0,0.058,32.0,0.057,32.0
761.0,0.050,32.0,0.050,32.0,0.050,32.0,0.051,32.0
761.5,0.052,32.0,0.052,32.0,0.051,32.0,0.051,32.0
762.0,0.050,32.0,0.051,32.0,0.051,32.0,0.051,32.0
762.5,0.044,32.0,0.045,32.0,0.045,32.0,0.046,32.0
763.0,0.039,32.0,0.042,32.0,0.039,32.0,0.042,32.0
763.5,0.043,32.0,0.043,32.0,0.043,32.0,0.044,32.0
764.0,0.048,32.0,0.047,32.0,0.050,32.0,0.045,32.0
764.5,0.054,32.0,0.053,32.0,0.054,32.0,0.050,32.0
765.0,0.055,32.0,0.055,32.0,0.058,32.0,0.054,32.0
765.5,0.048,32.0,0.047,32.0,0.052,32.0,0.049,32.0
766.0,0.046,32.0,0.046,31.9,0.048,32.0,0.044,32.0
766.5,0.049,32.0,0.051,32.0,0.049,32.0,0.050,32.0
767.0,0.048,31.9,0.048,32.0,0.050,31.9,0.049,31.9
767.5,0.043,31.9,0.043,31.9,0.046,31.9,0.044,31.9
768.0,0.039,32.0,0.038,32.0,0.038,32.0,0.040,31.9
768.5,0.047,32.0,0.048,32.0,0.040,32.0,0.045,32.0
769.0,0.059,32.0,0.059,32.0,0.057,32.0,0.056,32.0
769.5,0.062,31.9,0.062,31.9,0.062,32.0,0.062,31.9
770.0,0.059,31.9,0.060,31.9,0.061,31.9,0.059,31.9
770.5,0.046,31.9,0.046,31.9,0.047,31.9,0.051,31.9
771.0,0.046,31.9,0.047,31.9,0.047,31.9,0.044,31.9
771.5,0.048,31.9,0.050,31.9,0.048,31.9,0.048,31.9
772.0,0.046,31.9,0.048,31.9,0.046,31.9,0.047,31.9
772.5,0.041,31.9,0.042,31.9,0.046,31.9,0.041,31.9
773.0,0.039,31.9,0.038,31.9,0.044,31.9,0.039,31.9
773.5,0.048,31.9,0.048,31.9,0.046,31.9,0.047,31.9
774.0,0.056,31.9,0.055,31.9,0.053,31.9,0.055,31.9
774.5,0.059,31.9,0.059,31.9,0.057,31.9,0.058,31.9
775.0,0.056,31.9,0.056,31.9,0.056,31.9,0.058,31.9
775.5,0.051,31.9,0.051,31.9,0.053,31.9,0.052,31.9
776.0,0.047,31.9,0.046,31.9,0.047,31.9,0.046,31.9
776.5,0.049,31.9,0.050,31.9,0.049,31.9,0.050,31.9
777.0,0.048,31.9,0.048,31.9,0.046,31.9,0.049,31.9
777.5,0.043,31.9,0.043,31.9,0.045,31.9,0.045,31.9
778.0,0.040,31.9,0.040,31.9,0.040,31.9,0.039,31.9
778.5,0.048,31.9,0.050,31.9,0.046,31.9,0.044,31.9
779.0,0.057,31.9,0.057,31.9,0.053,31.9,0.056,31.9
779.5,0.061,31.9,0.059,31.9,0.061,31.9,0.060,31.9
780.0,0.058,31.9,0.059,31.9,0.059,31.8,0.060,31.9
780.5,0.051,31.9,0.051,31.9,0.055,31.9,0.053,31.9
781.0,0.050,31.8,0.050,31.8,0.053,31.9,0.050,31.9
781.5,0.051,31.8,0.051,31.8,0.050,31.8,0.050,31.8
782.0,0.048,31.8,0.049,31.8,0.050,31.9,0.051,31.8
782.5,0.042,31.9,0.042,31.9,0.042,31.9,0.043,31.9
783.0,0.035,31.9,0.037,31.9,0.038,31.9,0.036,31.8
783.5,0.045,31.9,0.044,31.9,0.043,31.9,0.045,31.9
784.0,0.056,31.9,0.057,31.9,0.056,31.9,0.054,31.9
784.5,0.058,31.9,0.059,31.9,0.059,31.9,0.056,31.8
785.0,0.057,31.8,0.057,31.8,0.058,31.8,0.058,31.8
785.5,0.053,31.8,0.052,31.9,0.054,31.9,0.056,31.8
786.0,0.053,31.8,0.053,31.8,0.053,31.8,0.054,31.8
786.5,0.052,31.9,0.053,31.8,0.053,31.8,0.052,31.9
787.0,0.049,31.8,0.049,31.9,0.049,31.8,0.049,31.8
787.5,0.042,31.9,0.041,31.9,0.043,31.9,0.041,31.8
788.0,0.042,31.9,0.041,31.9,0.043,31.9,0.041,31.9
788.5,0.051,31.9,0.049,31.9,0.051,31.9,0.052,31.9
789.0,0.056,31.9,0.059,31.9,0.054,31.9,0.056,31.8
789.5,0.060,31.8,0.061,31.8,0.056,31.8,0.059,31.8
790.0,0.058,31.8,0.060,31.8,0.058,31.8,0.057,31.8
790.5,0.054,31.8,0.055,31.8,0.056,31.8,0.056,31.9
791.0,0.053,31.8,0.053,31.8,0.054,31.8,0.055,31.8
791.5,0.052,31.8,0.051,31.8,0.051,31.8,0.052,31.8
792.0,0.048,31.8,0.048,31.8,0.049,31.8,0.050,31.8
792.5,0.041,31.8,0.041,31.9,0.041,31.9,0.045,31.8
793.0,0.043,31.8,0.044,31.8,0.042,31.8,0.043,31.8
793.5,0.052,31.9,0.052,31.8,0.048,31.8,0.052,31.8
794.0,0.056,31.8,0.056,31.8,0.054,31.8,0.054,31.8
794.5,0.061,31.8,0.061,31.9,0.059,31.8,0.060,31.8
795.0,0.061,31.8,0.062,31.9,0.060,31.8,0.063,31.8
795.5,0.058,31.8,0.059,31.8,0.057,31.8,0.057,31.8
796.0,0.055,31.8,0.057,31.8,0.054,31.8,0.058,31.8
796.5,0.052,31.8,0.054,31.8,0.052,31.8,0.054,31.8
797.0,0.050,31.8,0.050,31.8,0.051,31.8,0.052,31.9
797.5,0.046,31.8,0.046,31.8,0.047,31.8,0.048,31.8
798.0,0.049,31.8,0.049,31.8,0.052,31.8,0.046,31.9
798.5,0.058,31.8,0.057,31.8,0.057,31.9,0.057,31.8
799.0,0.062,31.8,0.062,31.8,0.062,31.9,0.062,31.8
799.5,0.062,31.8,0.062,31.8,0.062,31.8,0.064,31.8
800.0,0.063,31.8,0.062,31.8,0.064,31.8,0.064,31.8
800.5,0.063,31.8,0.063,31.8,0.062,31.8,0.063,31.8
801.0,0.058,31.8,0.057,31.7,0.058,31.7,0.059,31.8
801.5,0.054,31.8,0.053,31.7,0.053,31.8,0.054,31.8
802.0,0.050,31.8,0.050,31.8,0.052,31.8,0.051,31.8
802.5,0.047,31.8,0.046,31.8,0.048,31.8,0.047,31.8
803.0,0.060,31.8,0.060,31.8,0.056,31.8,0.058,31.8
803.5,0.062,31.8,0.062,31.8,0.061,31.8,0.061,31.8
804.0,0.062,31.7,0.062,31.7,0.061,31.8,0.061,31.8
804.5,0.064,31.8,0.065,31.8,0.061,31.8,0.064,31.8
805.0,0.059,31.7,0.058,31.7,0.059,31.7,0.060,31.8
805.5,0.055,31.7,0.056,31.8,0.054,31.7,0.056,31.8
806.0,0.055,31.7,0.054,31.8,0.056,31.8,0.053,31.7
806.5,0.051,31.8,0.050,31.8,0.050,31.8,0.054,31.8
807.0,0.050,31.8,0.050,31.8,0.049,31.8,0.054,31.8
807.5,0.052,31.8,0.051,31.7,0.049,31.8,0.056,31.8
808.0,0.055,31.8,0.054,31.8,0.057,31.8,0.056,31.8
808.5,0.059,31.8,0.059,31.8,0.061,31.8,0.056,31.8
809.0,0.064,31.7,0.065,31.7,0.066,31.8,0.061,31.7
809.5,0.063,31.7,0.061,31.7,0.067,31.7,0.060,31.7
810.0,0.056,31.7,0.056,31.8,0.055,31.8,0.058,31.7
810.5,0.048,31.8,0.048,31.8,0.049,31.8,0.050,31.8
811.0,0.045,31.8,0.045,31.8,0.045,31.8,0.046,31.8
811.5,0.042,31.8,0.041,31.8,0.043,31.8,0.042,31.8
812.0,0.036,31.8,0.037,31.8,0.038,31.8,0.036,31.8
812.5,0.033,31.8,0.036,31.9,0.031,31.8,0.034,31.8
813.0,0.034,31.9,0.034,31.9,0.033,31.9,0.035,31.9
813.5,0.037,31.9,0.039,31.9,0.035,31.9,0.038,31.9
814.0,0.038,31.9,0.039,31.9,0.039,31.9,0.041,32.0
814.5,0.037,31.9,0.037,31.9,0.036,31.9,0.039,31.9
815.0,0.024,32.0,0.024,32.0,0.028,32.0,0.026,31.9
815.5,0.024,32.0,0.024,32.0,0.024,32.0,0.026,32.0
816.0,0.027,32.0,0.026,32.0,0.025,32.0,0.029,32.0
816.5,0.027,32.1,0.027,32.1,0.027,32.1,0.028,32.0
817.0,0.024,32.1,0.024,32.1,0.023,32.1,0.026,32.0
817.5,0.024,32.1,0.024,32.1,0.025,32.0,0.023,32.1
818.0,0.032,32.1,0.032,32.1,0.034,32.1,0.032,32.1
818.5,0.032,32.1,0.032,32.1,0.033,32.1,0.032,32.1
819.0,0.029,32.1,0.030,32.1,0.031,32.1,0.031,32.1
819.5,0.019,32.1,0.020,32.1,0.020,32.1,0.019,32.1
820.0,0.017,32.2,0.018,32.2,0.017,32.2,0.017,32.1
820.5,0.020,32.2,0.020,32.2,0.021,32.2,0.019,32.2
821.0,0.019,32.2,0.019,32.2,0.020,32.2,0.019,32.2
821.5,0.015,32.2,0.016,32.2,0.016,32.2,0.018,32.2
822.0,0.010,32.3,0.010,32.3,0.010,32.3,0.012,32.3
822.5,0.010,32.3,0.010,32.3,0.010,32.3,0.010,32.3
823.0,-0.005,32.3,-0.006,32.3,-0.005,32.3,-0.002,32.3
823.5,-0.050,32.4,-0.048,32.4,-0.043,32.4,-0.036,32.4
824.0,-0.076,32.4,-0.075,32.4,-0.050,32.4,-0.074,32.4
824.5,-0.066,32.5,-0.067,32.4,-0.068,32.5,-0.071,32.5
825.0,-0.037,32.5,-0.037,32.5,-0.041,32.5,-0.041,32.5
825.5,-0.030,32.6,-0.029,32.5,-0.030,32.6,-0.029,32.6
826.0,-0.034,32.6,-0.032,32.6,-0.035,32.6,-0.033,32.6
826.5,-0.042,32.7,-0.042,32.7,-0.036,32.7,-0.042,32.7
827.0,-0.046,32.7,-0.047,32.7,-0.040,32.7,-0.046,32.7
827.5,-0.049,32.7,-0.049,32.7,-0.048,32.7,-0.046,32.7
828.0,-0.045,32.7,-0.045,32.7,-0.048,32.8,-0.044,32.7
828.5,-0.044,32.8,-0.044,32.8,-0.048,32.8,-0.044,32.8
829.0,-0.049,32.8,-0.049,32.8,-0.050,32.8,-0.050,32.8
829.5,-0.030,32.8,-0.030,32.8,-0.033,32.8,-0.034,32.9
830.0,-0.015,32.9,-0.014,32.8,-0.015,32.8,-0.016,32.9
830.5,-0.006,32.9,-0.004,32.9,-0.005,32.9,-0.007,32.9
831.0,-0.001,32.9,0.002,32.9,0.002,32.9,-0.001,32.9
831.5,0.003,32.9,0.005,32.9,0.003,32.9,0.003,33.0
832.0,0.017,33.0,0.015,32.9,0.007,33.0,0.019,32.9
832.5,0.028,33.0,0.028,33.0,0.026,33.0,0.024,33.0
833.0,0.028,32.9,0.028,32.9,0.029,32.9,0.028,32.9
833.5,0.021,32.9,0.023,32.9,0.024,32.9,0.023,32.9
834.0,0.023,32.9,0.024,32.9,0.022,32.9,0.023,32.9
834.5,0.027,32.9,0.028,32.9,0.024,32.8,0.027,32.8
835.0,0.029,32.8,0.030,32.8,0.032,32.9,0.029,32.9
835.5,0.032,32.8,0.032,32.8,0.032,32.8,0.030,32.8
836.0,0.043,32.8,0.044,32.8,0.041,32.8,0.042,32.8
836.5,0.051,32.7,0.053,32.7,0.050,32.7,0.051,32.7
837.0,0.053,32.6,0.054,32.7,0.054,32.7,0.053,32.6
837.5,0.051,32.6,0.053,32.6,0.051,32.6,0.053,32.6
838.0,0.043,32.5,0.045,32.5,0.045,32.5,0.050,32.6
838.5,0.047,32.5,0.047,32.5,0.047,32.5,0.046,32.5
839.0,0.048,32.5,0.047,32.5,0.047,32.5,0.049,32.5
839.5,0.046,32.4,0.045,32.4,0.045,32.4,0.046,32.4
840.0,0.040,32.4,0.040,32.5,0.039,32.4,0.040,32.4
840.5,0.045,32.4,0.046,32.4,0.046,32.4,0.044,32.4
841.0,0.053,32.4,0.052,32.4,0.052,32.4,0.051,32.4
841.5,0.057,32.4,0.057,32.4,0.058,32.3,0.057,32.4
842.0,0.058,32.3,0.059,32.3,0.059,32.3,0.059,32.3
842.5,0.051,32.3,0.051,32.3,0.053,32.3,0.052,32.3
843.0,0.046,32.3,0.046,32.3,0.049,32.3,0.047,32.3
843.5,0.047,32.3,0.048,32.3,0.047,32.3,0.048,32.3
844.0,0.046,32.3,0.047,32.3,0.048,32.3,0.047,32.3
844.5,0.043,32.3,0.043,32.3,0.047,32.3,0.045,32.3
845.0,0.037,32.3,0.038,32.3,0.038,32.3,0.042,32.3
845.5,0.044,32.3,0.046,32.3,0.043,32.3,0.043,32.3
846.0,0.056,32.3,0.058,32.3,0.054,32.3,0.054,32.3
846.5,0.059,32.3,0.061,32.3,0.058,32.3,0.058,32.3
847.0,0.055,32.2,0.056,32.2,0.056,32.3,0.056,32.2
847.5,0.048,32.2,0.048,32.2,0.054,32.3,0.049,32.2
848.0,0.049,32.2,0.048,32.2,0.049,32.2,0.049,32.2
848.5,0.051,32.2,0.052,32.2,0.051,32.2,0.053,32.2
849.0,0.050,32.2,0.049,32.2,0.050,32.2,0.051,32.2
849.5,0.045,32.2,0.046,32.2,0.047,32.2,0.049,32.2
850.0,0.040,32.2,0.040,32.2,0.040,32.2,0.039,32.2
850.5,0.050,32.2,0.048,32.2,0.049,32.2,0.042,32.2
851.0,0.058,32.2,0.057,32.2,0.057,32.2,0.050,32.2
851.5,0.057,32.2,0.059,32.2,0.056,32.2,0.058,32.2
852.0,0.053,32.2,0.053,32.2,0.054,32.1,0.054,32.2
852.5,0.043,32.1,0.044,32.2,0.044,32.2,0.044,32.1
853.0,0.044,32.2,0.044,32.1,0.044,32.1,0.043,32.1
853.5,0.049,32.2,0.048,32.2,0.046,32.1,0.048,32.2
854.0,0.048,32.2,0.048,32.2,0.047,32.1,0.048,32.2
854.5,0.041,32.2,0.043,32.2,0.045,32.1,0.042,32.2
855.0,0.037,32.2,0.039,32.2,0.039,32.2,0.038,32.2
855.5,0.046,32.2,0.046,32.2,0.045,32.2,0.043,32.2
856.0,0.056,32.2,0.055,32.2,0.055,32.2,0.050,32.2
856.5,0.060,32.2,0.061,32.2,0.058,32.2,0.058,32.2
857.0,0.058,32.2,0.058,32.2,0.061,32.1,0.062,32.1
857.5,0.048,32.1,0.048,32.1,0.047,32.1,0.050,32.1
858.0,0.049,32.1,0.048,32.1,0.046,32.2,0.051,32.1
858.5,0.051,32.1,0.052,32.1,0.050,32.2,0.052,32.1
859.0,0.048,32.1,0.050,32.1,0.053,32.1,0.050,32.1
859.5,0.041,32.1,0.041,32.1,0.045,32.1,0.041,32.1
860.0,0.036,32.2,0.035,32.2,0.044,32.2,0.037,32.2
860.5,0.047,32.2,0.046,32.2,0.047,32.2,0.044,32.2
861.0,0.059,32.2,0.057,32.2,0.059,32.1,0.057,32.2
861.5,0.061,32.1,0.061,32.1,0.060,32.1,0.060,32.1
862.0,0.059,32.1,0.061,32.1,0.060,32.1,0.059,32.1
862.5,0.052,32.1,0.052,32.1,0.053,32.1,0.055,32.1
863.0,0.055,32.1,0.055,32.1,0.053,32.1,0.054,32.1
863.5,0.056,32.1,0.055,32.0,0.058,32.1,0.056,32.1
864.0,0.051,32.1,0.051,32.1,0.054,32.1,0.052,32.1
864.5,0.044,32.1,0.044,32.1,0.046,32.1,0.044,32.1
865.0,0.041,32.1,0.042,32.1,0.040,32.1,0.040,32.1
865.5,0.053,32.1,0.053,32.1,0.048,32.1,0.053,32.1
866.0,0.057,32.1,0.058,32.1,0.056,32.1,0.058,32.1
866.5,0.057,32.1,0.057,32.1,0.055,32.1,0.058,32.1
867.0,0.054,32.1,0.054,32.1,0.053,32.1,0.054,32.1
867.5,0.046,32.1,0.047,32.1,0.048,32.1,0.046,32.1
868.0,0.050,32.1,0.048,32.1,0.050,32.1,0.050,32.1
868.5,0.052,32.1,0.053,32.1,0.055,32.1,0.052,32.1
869.0,0.046,32.1,0.048,32.1,0.048,32.1,0.047,32.1
869.5,0.038,32.1,0.038,32.1,0.044,32.1,0.039,32.1
870.0,0.033,32.1,0.034,32.2,0.043,32.1,0.036,32.2
870.5,0.051,32.1,0.050,32.2,0.050,32.1,0.053,32.1
871.0,0.062,32.1,0.063,32.1,0.061,32.1,0.065,32.1
871.5,0.061,32.1,0.061,32.1,0.065,32.1,0.063,32.1
872.0,0.054,32.1,0.053,32.1,0.060,32.1,0.056,32.1
872.5,0.049,32.1,0.049,32.1,0.050,32.1,0.049,32.1
873.0,0.055,32.1,0.057,32.1,0.058,32.1,0.056,32.1
873.5,0.056,32.1,0.057,32.1,0.058,32.1,0.056,32.1
874.0,0.049,32.1,0.052,32.1,0.051,32.1,0.051,32.0
874.5,0.038,32.1,0.038,32.1,0.039,32.1,0.040,32.0
875.0,0.044,32.1,0.043,32.1,0.034,32.1,0.042,32.1
875.5,0.058,32.1,0.056,32.1,0.052,32.1,0.058,32.1
876.0,0.064,32.0,0.059,32.1,0.063,32.1,0.064,32.0
876.5,0.062,32.1,0.062,32.1,0.063,32.1,0.061,32.0
877.0,0.056,32.0,0.055,32.0,0.057,32.0,0.058,32.0
877.5,0.053,32.0,0.053,32.0,0.052,32.0,0.054,32.0
878.0,0.057,32.0,0.058,32.0,0.054,32.0,0.056,32.0
878.5,0.056,32.0,0.055,32.0,0.055,32.0,0.057,32.0
879.0,0.049,32.0,0.049,32.0,0.049,32.0,0.052,32.0
879.5,0.043,32.0,0.044,32.0,0.043,32.0,0.044,32.0
880.0,0.053,32.1,0.052,32.1,0.047,32.1,0.051,32.0
880.5,0.062,32.1,0.062,32.1,0.058,32.1,0.064,32.1
881.0,0.067,32.0,0.066,32.0,0.066,32.0,0.068,32.0
881.5,0.065,32.0,0.065,32.0,0.065,32.0,0.068,32.0
882.0,0.059,32.0,0.060,32.0,0.061,32.0,0.068,32.0
882.5,0.058,32.0,0.058,32.0,0.055,32.0,0.059,32.0
883.0,0.060,32.0,0.060,32.0,0.059,32.0,0.060,32.0
883.5,0.054,32.0,0.055,32.0,0.059,32.0,0.053,32.0
884.0,0.049,32.0,0.050,32.0,0.049,32.0,0.049,32.0
884.5,0.045,32.0,0.043,32.0,0.046,32.0,0.044,32.0
885.0,0.056,32.0,0.055,32.0,0.054,32.0,0.053,32.0
885.5,0.064,32.0,0.063,32.0,0.062,32.0,0.066,32.0
886.0,0.066,32.0,0.066,32.0,0.068,32.0,0.065,32.0
886.5,0.064,32.0,0.063,32.0,0.064,32.0,0.063,32.0
887.0,0.060,32.0,0.059,31.9,0.062,31.9,0.061,32.0
887.5,0.054,32.0,0.054,32.0,0.055,31.9,0.057,32.0
888.0,0.049,32.0,0.049,32.0,0.050,32.0,0.051,32.0
888.5,0.047,32.0,0.049,32.0,0.048,32.0,0.044,32.0
889.0,0.045,32.0,0.047,32.0,0.044,32.0,0.046,32.0
889.5,0.050,32.0,0.049,32.0,0.047,32.0,0.051,32.0
890.0,0.056,32.0,0.055,32.0,0.054,32.0,0.055,32.0
890.5,0.057,32.0,0.057,32.0,0.056,32.0,0.058,32.0
891.0,0.055,32.0,0.055,32.0,0.055,32.0,0.056,32.0
891.5,0.053,32.0,0.054,32.0,0.054,32.0,0.054,32.0
892.0,0.040,32.0,0.040,32.0,0.040,32.0,0.039,32.0
892.5,0.036,32.1,0.037,32.1,0.036,32.1,0.036,32.1
893.0,0.035,32.1,0.035,32.1,0.035,32.1,0.034,32.1
893.5,0.033,32.1,0.034,32.1,0.033,32.1,0.033,32.1
894.0,0.030,32.1,0.031,32.1,0.031,32.1,0.030,32.1
894.5,0.034,32.2,0.036,32.2,0.033,32.1,0.034,32.1
895.0,0.036,32.2,0.036,32.2,0.036,32.2,0.037,32.2
895.5,0.035,32.2,0.035,32.2,0.035,32.2,0.037,32.2
896.0,0.035,32.2,0.035,32.2,0.035,32.2,0.035,32.2
896.5,0.033,32.2,0.033,32.2,0.035,32.2,0.034,32.2
897.0,0.027,32.3,0.027,32.2,0.031,32.3,0.027,32.3
897.5,0.026,32.2,0.026,32.2,0.028,32.2,0.027,32.3
898.0,0.026,32.3,0.025,32.3,0.027,32.3,0.027,32.2
898.5,0.024,32.3,0.026,32.3,0.030,32.3,0.023,32.3
899.0,0.028,32.3,0.028,32.3,0.028,32.3,0.025,32.4
899.5,0.028,32.3,0.027,32.3,0.030,32.4,0.026,32.4
900.0,0.028,32.3,0.028,32.4,0.028,32.3,0.027,32.4
900.5,0.025,32.4,0.024,32.4,0.026,32.3,0.028,32.4
901.0,0.023,32.4,0.022,32.4,0.023,32.4,0.022,32.4
901.5,0.021,32.4,0.020,32.4,0.022,32.4,0.022,32.4
902.0,0.018,32.4,0.017,32.5,0.022,32.4,0.018,32.4
902.5,0.014,32.5,0.013,32.5,0.018,32.5,0.016,32.5
903.0,0.008,32.5,0.011,32.5,0.016,32.5,0.010,32.5
903.5,-0.000,32.5,0.001,32.5,0.001,32.5,0.003,32.5
904.0,-0.023,32.6,-0.019,32.6,-0.016,32.5,-0.018,32.6
904.5,-0.041,32.6,-0.042,32.6,-0.037,32.6,-0.037,32.7
905.0,-0.034,32.7,-0.034,32.6,-0.036,32.6,-0.032,32.7
905.5,-0.037,32.7,-0.036,32.7,-0.037,32.8,-0.035,32.7
906.0,-0.051,32.8,-0.051,32.8,-0.051,32.8,-0.050,32.8
906.5,-0.056,32.8,-0.055,32.8,-0.056,32.8,-0.056,32.9
907.0,-0.041,32.9,-0.040,32.8,-0.043,32.8,-0.046,32.9
907.5,-0.025,32.9,-0.023,32.9,-0.032,32.9,-0.028,32.9
908.0,-0.040,32.9,-0.042,32.9,-0.034,32.9,-0.035,32.9
908.5,-0.064,33.0,-0.064,32.9,-0.049,32.9,-0.059,33.0
909.0,-0.055,33.0,-0.055,33.0,-0.058,32.9,-0.057,33.0
909.5,-0.039,33.0,-0.039,33.0,-0.042,33.0,-0.048,32.9
910.0,-0.035,33.0,-0.036,33.0,-0.034,33.0,-0.034,33.0
910.5,-0.048,33.0,-0.048,33.0,-0.040,33.0,-0.048,33.1
911.0,-0.049,33.1,-0.048,33.1,-0.049,33.1,-0.049,33.1
911.5,-0.030,33.1,-0.030,33.1,-0.034,33.1,-0.032,33.0
912.0,-0.005,33.1,-0.004,33.1,-0.008,33.1,-0.007,33.1
912.5,0.004,33.1,0.005,33.2,0.004,33.1,0.004,33.1
913.0,0.008,33.2,0.008,33.2,0.005,33.2,0.004,33.1
913.5,0.021,33.2,0.021,33.2,0.019,33.2,0.020,33.1
914.0,0.033,33.2,0.034,33.2,0.031,33.1,0.032,33.1
914.5,0.037,33.1,0.038,33.2,0.036,33.1,0.038,33.1
915.0,0.031,33.1,0.031,33.1,0.032,33.1,0.036,33.1
915.5,0.037,33.0,0.038,33.0,0.037,33.0,0.035,33.1
916.0,0.043,33.0,0.043,33.0,0.042,33.0,0.042,33.0
916.5,0.044,33.0,0.043,33.0,0.045,33.0,0.046,33.0
917.0,0.037,32.9,0.037,32.9,0.039,32.9,0.040,32.9
917.5,0.037,32.9,0.038,32.9,0.038,32.9,0.038,32.8
918.0,0.048,32.8,0.049,32.8,0.048,32.8,0.045,32.8
918.5,0.056,32.8,0.057,32.8,0.056,32.8,0.055,32.7
919.0,0.057,32.7,0.058,32.7,0.057,32.7,0.060,32.7
919.5,0.052,32.7,0.052,32.7,0.053,32.7,0.060,32.7
920.0,0.047,32.6,0.047,32.7,0.048,32.6,0.055,32.7
920.5,0.050,32.6,0.050,32.6,0.052,32.6,0.047,32.6
921.0,0.050,32.6,0.050,32.6,0.051,32.6,0.050,32.6
921.5,0.046,32.6,0.046,32.6,0.047,32.5,0.046,32.6
922.0,0.040,32.6,0.041,32.6,0.043,32.5,0.039,32.6
922.5,0.046,32.6,0.044,32.6,0.045,32.6,0.043,32.6
923.0,0.054,32.5,0.051,32.6,0.053,32.5,0.053,32.6
923.5,0.059,32.5,0.058,32.5,0.058,32.5,0.059,32.5
924.0,0.058,32.5,0.060,32.4,0.057,32.5,0.058,32.5
924.5,0.047,32.5,0.046,32.5,0.052,32.5,0.047,32.5
925.0,0.047,32.5,0.046,32.5,0.046,32.5,0.046,32.5
925.5,0.052,32.4,0.052,32.4,0.052,32.4,0.051,32.5
926.0,0.051,32.5,0.051,32.5,0.052,32.4,0.050,32.5
926.5,0.046,32.4,0.045,32.4,0.047,32.4,0.049,32.4
927.0,0.038,32.4,0.039,32.4,0.037,32.4,0.042,32.4
927.5,0.047,32.5,0.048,32.4,0.042,32.5,0.043,32.5
928.0,0.059,32.4,0.059,32.4,0.058,32.5,0.057,32.4
928.5,0.062,32.4,0.064,32.4,0.060,32.4,0.063,32.4
929.0,0.061,32.4,0.063,32.4,0.060,32.4,0.062,32.4
929.5,0.049,32.3,0.051,32.3,0.049,32.4,0.050,32.4
930.0,0.048,32.4,0.049,32.3,0.048,32.4,0.047,32.4
930.5,0.050,32.4,0.052,32.4,0.049,32.4,0.049,32.4
931.0,0.047,32.4,0.049,32.4,0.048,32.4,0.047,32.3
931.5,0.040,32.4,0.042,32.4,0.042,32.4,0.043,32.4
932.0,0.036,32.4,0.036,32.4,0.035,32.4,0.038,32.4
932.5,0.045,32.4,0.043,32.4,0.042,32.4,0.047,32.4
933.0,0.056,32.4,0.056,32.4,0.054,32.4,0.053,32.4
933.5,0.058,32.4,0.058,32.4,0.057,32.3,0.058,32.4
934.0,0.053,32.3,0.054,32.4,0.055,32.3,0.055,32.3
934.5,0.041,32.4,0.040,32.4,0.042,32.4,0.046,32.4
935.0,0.043,32.4,0.044,32.4,0.043,32.4,0.044,32.4
935.5,0.046,32.4,0.047,32.4,0.050,32.4,0.044,32.4
936.0,0.045,32.3,0.044,32.3,0.044,32.3,0.043,32.4
936.5,0.038,32.4,0.041,32.4,0.040,32.3,0.038,32.4
937.0,0.037,32.4,0.039,32.4,0.034,32.4,0.036,32.4
937.5,0.049,32.4,0.048,32.4,0.047,32.4,0.048,32.5
938.0,0.058,32.4,0.056,32.4,0.056,32.4,0.057,32.4
938.5,0.060,32.4,0.061,32.3,0.062,32.4,0.060,32.4
939.0,0.052,32.3,0.055,32.3,0.057,32.3,0.053,32.4
939.5,0.044,32.3,0.045,32.3,0.054,32.3,0.044,32.4
940.0,0.051,32.3,0.051,32.3,0.054,32.3,0.052,32.3
940.5,0.052,32.4,0.053,32.4,0.053,32.3,0.053,32.3
941.0,0.047,32.3,0.047,32.4,0.048,32.3,0.047,32.3
941.5,0.039,32.3,0.038,32.3,0.040,32.3,0.042,32.3
942.0,0.040,32.4,0.039,32.3,0.038,32.4,0.039,32.3
942.5,0.050,32.3,0.050,32.4,0.052,32.3,0.045,32.4
943.0,0.057,32.3,0.057,32.3,0.057,32.4,0.051,32.4
943.5,0.057,32.3,0.058,32.3,0.060,32.3,0.057,32.3
944.0,0.056,32.3,0.056,32.3,0.057,32.3,0.056,32.3
944.5,0.051,32.3,0.051,32.3,0.055,32.3,0.051,32.3
945.0,0.052,32.3,0.050,32.3,0.052,32.3,0.050,32.3
945.5,0.050,32.3,0.049,32.3,0.050,32.2,0.048,32.3
946.0,0.046,32.3,0.045,32.3,0.045,32.3,0.045,32.3
946.5,0.040,32.3,0.041,32.3,0.044,32.3,0.042,32.3
947.0,0.045,32.3,0.045,32.3,0.047,32.3,0.043,32.4
947.5,0.054,32.3,0.054,32.3,0.054,32.4,0.052,32.4
948.0,0.058,32.3,0.056,32.3,0.057,32.3,0.056,32.4
948.5,0.056,32.3,0.056,32.3,0.055,32.3,0.057,32.3
949.0,0.055,32.3,0.055,32.3,0.053,32.3,0.057,32.3
949.5,0.052,32.3,0.053,32.3,0.052,32.3,0.055,32.3
950.0,0.053,32.3,0.052,32.3,0.053,32.3,0.052,32.3
950.5,0.052,32.3,0.052,32.2,0.055,32.3,0.052,32.3
951.0,0.047,32.3,0.048,32.3,0.048,32.3,0.049,32.3
951.5,0.041,32.3,0.042,32.3,0.042,32.3,0.041,32.3
952.0,0.044,32.3,0.045,32.3,0.046,32.3,0.043,32.3
952.5,0.054,32.3,0.053,32.3,0.055,32.3,0.053,32.3
953.0,0.061,32.3,0.060,32.3,0.061,32.3,0.060,32.3
953.5,0.064,32.3,0.064,32.3,0.067,32.3,0.064,32.3
954.0,0.062,32.2,0.064,32.2,0.063,32.2,0.064,32.2
954.5,0.056,32.2,0.058,32.2,0.060,32.2,0.059,32.2
955.0,0.058,32.2,0.058,32.2,0.058,32.2,0.058,32.2
955.5,0.053,32.2,0.054,32.2,0.054,32.2,0.055,32.2
956.0,0.048,32.2,0.047,32.2,0.051,32.2,0.052,32.2
956.5,0.044,32.2,0.045,32.2,0.043,32.2,0.047,32.2
957.0,0.052,32.3,0.053,32.3,0.052,32.3,0.052,32.3
957.5,0.057,32.3,0.056,32.2,0.056,32.3,0.056,32.2
958.0,0.058,32.2,0.058,32.2,0.061,32.3,0.057,32.2
958.5,0.057,32.2,0.059,32.2,0.056,32.2,0.057,32.2
959.0,0.054,32.2,0.057,32.2,0.054,32.2,0.057,32.2
959.5,0.050,32.2,0.050,32.2,0.048,32.2,0.053,32.2
960.0,0.052,32.2,0.051,32.2,0.050,32.3,0.051,32.2
960.5,0.050,32.3,0.050,32.2,0.050,32.3,0.050,32.2
961.0,0.046,32.3,0.046,32.3,0.048,32.3,0.046,32.3
961.5,0.046,32.3,0.048,32.3,0.044,32.3,0.044,32.3
962.0,0.054,32.3,0.055,32.3,0.054,32.3,0.054,32.2
962.5,0.064,32.3,0.063,32.3,0.064,32.2,0.061,32.2
963.0,0.066,32.3,0.066,32.3,0.066,32.2,0.070,32.2
963.5,0.065,32.2,0.066,32.3,0.067,32.2,0.067,32.2
964.0,0.056,32.2,0.055,32.2,0.056,32.2,0.057,32.2
964.5,0.055,32.2,0.055,32.2,0.056,32.2,0.053,32.2
965.0,0.056,32.2,0.059,32.2,0.057,32.2,0.055,32.2
965.5,0.052,32.2,0.053,32.2,0.057,32.2,0.051,32.2
966.0,0.049,32.2,0.050,32.2,0.050,32.2,0.048,32.2
966.5,0.049,32.2,0.049,32.2,0.049,32.2,0.046,32.2
967.0,0.056,32.2,0.056,32.2,0.050,32.2,0.052,32.2
967.5,0.064,32.2,0.064,32.2,0.058,32.2,0.064,32.2
968.0,0.066,32.2,0.068,32.2,0.064,32.3,0.066,32.2
968.5,0.062,32.2,0.063,32.2,0.062,32.2,0.060,32.2
969.0,0.052,32.2,0.052,32.2,0.056,32.2,0.056,32.1
969.5,0.048,32.2,0.046,32.2,0.049,32.2,0.049,32.2
970.0,0.050,32.2,0.049,32.2,0.051,32.2,0.049,32.2
970.5,0.051,32.2,0.052,32.2,0.053,32.2,0.048,32.2
971.0,0.046,32.2,0.046,32.2,0.052,32.2,0.043,32.2
971.5,0.048,32.2,0.047,32.2,0.052,32.2,0.047,32.2
972.0,0.052,32.3,0.053,32.3,0.052,32.3,0.052,32.2
972.5,0.052,32.2,0.052,32.3,0.051,32.3,0.051,32.2
973.0,0.047,32.2,0.047,32.2,0.046,32.2,0.049,32.2
973.5,0.045,32.2,0.044,32.2,0.044,32.3,0.049,32.2
974.0,0.036,32.3,0.037,32.2,0.037,32.3,0.040,32.2
974.5,0.032,32.3,0.032,32.3,0.031,32.3,0.034,32.3
975.0,0.031,32.3,0.032,32.3,0.032,32.3,0.031,32.3
975.5,0.031,32.4,0.030,32.3,0.032,32.4,0.030,32.4
976.0,0.027,32.4,0.027,32.4,0.028,32.4,0.028,32.4
976.5,0.032,32.4,0.032,32.4,0.029,32.4,0.030,32.4
977.0,0.036,32.4,0.036,32.4,0.035,32.4,0.036,32.4
977.5,0.035,32.5,0.035,32.4,0.038,32.4,0.035,32.5
978.0,0.034,32.5,0.034,32.5,0.034,32.4,0.035,32.5
978.5,0.027,32.5,0.027,32.5,0.027,32.4,0.027,32.5
979.0,0.021,32.5,0.020,32.5,0.021,32.5,0.021,32.5
979.5,0.023,32.5,0.023,32.5,0.022,32.5,0.022,32.5
980.0,0.024,32.5,0.023,32.6,0.023,32.6,0.022,32.5
980.5,0.021,32.6,0.020,32.6,0.022,32.6,0.021,32.6
981.0,0.020,32.6,0.020,32.6,0.021,32.5,0.021,32.6
981.5,0.024,32.6,0.024,32.6,0.023,32.5,0.024,32.6
982.0,0.025,32.6,0.026,32.6,0.023,32.6,0.024,32.6
982.5,0.021,32.6,0.022,32.7,0.022,32.6,0.022,32.7
983.0,0.008,32.7,0.009,32.6,0.010,32.7,0.013,32.7
983.5,-0.025,32.7,-0.020,32.7,-0.024,32.7,-0.019,32.7
984.0,-0.043,32.8,-0.043,32.7,-0.039,32.8,-0.038,32.7
984.5,-0.052,32.8,-0.051,32.8,-0.050,32.8,-0.051,32.8
985.0,-0.057,32.9,-0.057,32.9,-0.057,32.9,-0.057,32.9
985.5,-0.053,32.9,-0.052,32.9,-0.055,32.9,-0.054,32.9
986.0,-0.037,33.0,-0.037,33.0,-0.040,32.9,-0.037,33.0
986.5,-0.028,33.0,-0.027,33.0,-0.028,33.0,-0.029,32.9
987.0,-0.030,33.1,-0.031,33.0,-0.030,33.0,-0.032,33.0
987.5,-0.052,33.1,-0.050,33.1,-0.049,33.1,-0.052,33.1
988.0,-0.063,33.1,-0.062,33.1,-0.064,33.1,-0.062,33.1
988.5,-0.039,33.2,-0.039,33.2,-0.050,33.2,-0.038,33.2
989.0,-0.023,33.2,-0.021,33.2,-0.023,33.2,-0.025,33.2
989.5,-0.014,33.2,-0.013,33.2,-0.014,33.2,-0.015,33.2
990.0,-0.035,33.2,-0.034,33.2,-0.031,33.2,-0.033,33.2
990.5,-0.037,33.3,-0.035,33.3,-0.036,33.3,-0.040,33.2
991.0,-0.021,33.3,-0.021,33.3,-0.021,33.3,-0.025,33.3
991.5,-0.007,33.3,-0.008,33.3,-0.007,33.3,-0.008,33.3
992.0,-0.015,33.4,-0.014,33.4,-0.011,33.4,-0.014,33.4
992.5,-0.021,33.4,-0.020,33.4,-0.021,33.3,-0.021,33.4
993.0,-0.016,33.4,-0.016,33.4,-0.016,33.4,-0.017,33.4
993.5,0.005,33.4,0.006,33.4,-0.004,33.4,0.004,33.4
994.0,0.022,33.4,0.022,33.4,0.002,33.4,0.019,33.4
994.5,0.024,33.4,0.025,33.4,0.023,33.5,0.025,33.4
995.0,0.027,33.4,0.028,33.4,0.025,33.4,0.025,33.4
995.5,0.034,33.4,0.035,33.4,0.034,33.4,0.032,33.4
996.0,0.042,33.3,0.042,33.3,0.042,33.3,0.041,33.3
996.5,0.041,33.2,0.040,33.2,0.041,33.3,0.042,33.2
997.0,0.040,33.2,0.039,33.2,0.040,33.2,0.039,33.2
997.5,0.044,33.1,0.044,33.2,0.045,33.2,0.042,33.2
998.0,0.044,33.1,0.045,33.1,0.045,33.1,0.044,33.1
998.5,0.041,33.0,0.042,33.0,0.041,33.0,0.044,33.1
999.0,0.037,33.0,0.038,33.0,0.037,33.0,0.036,33.0
999.5,0.047,33.0,0.047,33.0,0.048,33.0,0.042,33.0
1000.0,0.051,32.9,0.050,32.9,0.051,32.9,0.049,33.0
1000.5,0.056,32.9,0.056,32.9,0.052,32.9,0.056,32.9
1001.0,0.057,32.9,0.057,32.9,0.055,32.9,0.056,32.9
1001.5,0.048,32.8,0.051,32.8,0.049,32.8,0.049,32.8
1002.0,0.046,32.8,0.047,32.8,0.046,32.8,0.047,32.8
1002.5,0.047,32.8,0.048,32.8,0.046,32.8,0.050,32.8
1003.0,0.045,32.8,0.047,32.8,0.045,32.8,0.049,32.8
1003.5,0.040,32.8,0.039,32.8,0.043,32.8,0.041,32.7
1004.0,0.042,32.8,0.043,32.8,0.042,32.8,0.039,32.8
1004.5,0.050,32.8,0.050,32.7,0.050,32.8,0.049,32.8
1005.0,0.055,32.7,0.055,32.7,0.054,32.8,0.056,32.7
1005.5,0.061,32.7,0.059,32.7,0.064,32.7,0.059,32.7
1006.0,0.059,32.7,0.059,32.7,0.064,32.6,0.061,32.7
1006.5,0.053,32.6,0.053,32.6,0.053,32.6,0.055,32.7
1007.0,0.055,32.6,0.057,32.6,0.056,32.7,0.054,32.7
1007.5,0.052,32.6,0.053,32.6,0.054,32.6,0.052,32.6
1008.0,0.046,32.6,0.046,32.6,0.046,32.6,0.048,32.6
1008.5,0.040,32.6,0.041,32.6,0.040,32.6,0.042,32.6
1009.0,0.047,32.6,0.045,32.6,0.045,32.6,0.047,32.7
1009.5,0.053,32.6,0.053,32.6,0.052,32.6,0.053,32.6
1010.0,0.057,32.6,0.057,32.6,0.058,32.6,0.056,32.6
1010.5,0.057,32.6,0.057,32.6,0.058,32.6,0.058,32.6
1011.0,0.050,32.6,0.050,32.5,0.054,32.5,0.054,32.6
1011.5,0.045,32.6,0.045,32.6,0.049,32.5,0.048,32.6
1012.0,0.047,32.6,0.047,32.6,0.049,32.6,0.044,32.6
1012.5,0.045,32.6,0.046,32.6,0.044,32.6,0.044,32.6
1013.0,0.041,32.6,0.041,32.6,0.043,32.6,0.041,32.5
1013.5,0.033,32.6,0.032,32.6,0.039,32.6,0.033,32.6
1014.0,0.038,32.6,0.037,32.7,0.040,32.6,0.037,32.6
1014.5,0.052,32.7,0.052,32.6,0.049,32.6,0.050,32.7
1015.0,0.056,32.6,0.056,32.6,0.055,32.6,0.055,32.6
1015.5,0.055,32.6,0.053,32.6,0.054,32.6,0.055,32.6
1016.0,0.047,32.6,0.048,32.6,0.047,32.6,0.048,32.6
1016.5,0.044,32.6,0.045,32.6,0.043,32.5,0.044,32.6
1017.0,0.049,32.6,0.050,32.6,0.046,32.6,0.046,32.6
1017.5,0.050,32.6,0.053,32.6,0.051,32.6,0.046,32.6
1018.0,0.045,32.6,0.044,32.6,0.048,32.6,0.045,32.6
1018.5,0.037,32.6,0.036,32.6,0.039,32.5,0.039,32.6
1019.0,0.044,32.6,0.044,32.6,0.041,32.5,0.040,32.5
1019.5,0.055,32.6,0.054,32.6,0.054,32.6,0.048,32.6
1020.0,0.059,32.6,0.058,32.6,0.059,32.6,0.057,32.6
1020.5,0.059,32.6,0.059,32.5,0.058,32.6,0.063,32.6
1021.0,0.054,32.6,0.054,32.5,0.054,32.5,0.058,32.5
1021.5,0.048,32.5,0.047,32.5,0.048,32.5,0.052,32.5
1022.0,0.049,32.5,0.049,32.5,0.050,32.6,0.051,32.5
1022.5,0.049,32.5,0.051,32.5,0.051,32.5,0.049,32.5
1023.0,0.043,32.5,0.043,32.5,0.044,32.6,0.044,32.5
1023.5,0.035,32.5,0.034,32.6,0.038,32.6,0.037,32.5
1024.0,0.045,32.6,0.045,32.6,0.042,32.6,0.043,32.6
1024.5,0.055,32.6,0.054,32.6,0.054,32.5,0.054,32.6
1025.0,0.059,32.6,0.058,32.6,0.059,32.5,0.060,32.6
1025.5,0.058,32.5,0.059,32.5,0.057,32.5,0.057,32.5
1026.0,0.052,32.5,0.053,32.5,0.053,32.5,0.054,32.5
1026.5,0.051,32.5,0.053,32.5,0.050,32.5,0.050,32.5
1027.0,0.057,32.5,0.059,32.5,0.056,32.5,0.054,32.5
1027.5,0.052,32.5,0.053,32.5,0.052,32.5,0.053,32.5
1028.0,0.045,32.5,0.047,32.5,0.047,32.5,0.048,32.5
1028.5,0.040,32.5,0.040,32.5,0.044,32.5,0.039,32.5
1029.0,0.037,32.5,0.037,32.5,0.043,32.5,0.038,32.5
1029.5,0.050,32.6,0.051,32.6,0.051,32.6,0.049,32.6
1030.0,0.058,32.5,0.058,32.5,0.057,32.6,0.058,32.6
1030.5,0.059,32.5,0.058,32.5,0.059,32.5,0.059,32.5
1031.0,0.057,32.5,0.058,32.5,0.058,32.5,0.058,32.4
1031.5,0.052,32.5,0.053,32.5,0.053,32.5,0.055,32.4
1032.0,0.057,32.5,0.055,32.5,0.056,32.5,0.055,32.5
1032.5,0.054,32.5,0.053,32.5,0.055,32.5,0.054,32.4
1033.0,0.048,32.5,0.049,32.4,0.048,32.5,0.048,32.5
1033.5,0.041,32.5,0.041,32.5,0.040,32.5,0.043,32.5
1034.0,0.046,32.5,0.047,32.5,0.047,32.5,0.045,32.5
1034.5,0.055,32.5,0.055,32.5,0.054,32.5,0.054,32.5
1035.0,0.062,32.5,0.062,32.4,0.062,32.5,0.061,32.5
1035.5,0.061,32.5,0.062,32.4,0.062,32.5,0.062,32.4
1036.0,0.057,32.4,0.058,32.4,0.059,32.4,0.057,32.4
1036.5,0.053,32.4,0.053,32.4,0.052,32.4,0.055,32.5
1037.0,0.056,32.4,0.056,32.4,0.056,32.4,0.057,32.5
1037.5,0.053,32.4,0.052,32.4,0.056,32.4,0.053,32.5
1038.0,0.045,32.4,0.045,32.4,0.046,32.4,0.046,32.5
1038.5,0.040,32.4,0.040,32.5,0.039,32.4,0.039,32.4
1039.0,0.050,32.5,0.051,32.5,0.046,32.5,0.046,32.4
1039.5,0.058,32.5,0.058,32.5,0.057,32.5,0.058,32.5
1040.0,0.062,32.4,0.063,32.4,0.064,32.5,0.065,32.5
1040.5,0.061,32.4,0.061,32.4,0.063,32.4,0.062,32.4
1041.0,0.057,32.4,0.057,32.4,0.059,32.4,0.059,32.4
1041.5,0.055,32.4,0.056,32.4,0.057,32.4,0.057,32.4
1042.0,0.055,32.4,0.057,32.4,0.055,32.4,0.055,32.4
1042.5,0.053,32.4,0.055,32.4,0.053,32.4,0.052,32.4
1043.0,0.049,32.4,0.048,32.4,0.048,32.4,0.050,32.4
1043.5,0.047,32.4,0.047,32.4,0.045,32.4,0.048,32.4
1044.0,0.058,32.4,0.055,32.4,0.054,32.4,0.060,32.4
1044.5,0.066,32.4,0.064,32.4,0.064,32.4,0.063,32.4
1045.0,0.066,32.4,0.069,32.4,0.072,32.4,0.066,32.4
1045.5,0.063,32.3,0.064,32.3,0.062,32.4,0.065,32.3
1046.0,0.061,32.3,0.061,32.3,0.060,32.3,0.061,32.3
1046.5,0.056,32.3,0.057,32.3,0.058,32.3,0.059,32.3
1047.0,0.054,32.3,0.053,32.3,0.054,32.3,0.059,32.3
1047.5,0.053,32.3,0.053,32.3,0.053,32.3,0.055,32.3
1048.0,0.049,32.4,0.050,32.4,0.051,32.4,0.050,32.4
1048.5,0.056,32.3,0.055,32.3,0.054,32.4,0.054,32.3
1049.0,0.062,32.3,0.064,32.3,0.057,32.3,0.061,32.4
1049.5,0.062,32.3,0.060,32.3,0.059,32.3,0.060,32.3
1050.0,0.063,32.3,0.062,32.3,0.062,32.3,0.062,32.3
1050.5,0.059,32.3,0.059,32.3,0.057,32.3,0.060,32.3
1051.0,0.048,32.3,0.050,32.3,0.047,32.3,0.050,32.3
1051.5,0.044,32.3,0.045,32.3,0.047,32.4,0.045,32.3
1052.0,0.042,32.4,0.045,32.3,0.043,32.4,0.043,32.3
1052.5,0.042,32.4,0.045,32.4,0.040,32.3,0.042,32.4
1053.0,0.038,32.4,0.039,32.4,0.039,32.3,0.041,32.4
1053.5,0.040,32.4,0.041,32.4,0.041,32.3,0.040,32.4
1054.0,0.045,32.4,0.043,32.4,0.046,32.4,0.044,32.4
1054.5,0.048,32.4,0.046,32.4,0.049,32.4,0.048,32.5
1055.0,0.050,32.4,0.051,32.4,0.051,32.5,0.051,32.4
1055.5,0.042,32.4,0.045,32.4,0.046,32.4,0.044,32.4
1056.0,0.030,32.4,0.030,32.4,0.029,32.4,0.031,32.4
1056.5,0.031,32.5,0.031,32.4,0.032,32.5,0.032,32.5
1057.0,0.033,32.5,0.033,32.5,0.033,32.5,0.033,32.5
1057.5,0.030,32.5,0.030,32.5,0.032,32.6,0.030,32.5
1058.0,0.024,32.5,0.023,32.5,0.025,32.5,0.023,32.5
1058.5,0.027,32.6,0.026,32.6,0.028,32.5,0.026,32.6
1059.0,0.028,32.6,0.030,32.6,0.027,32.6,0.028,32.6
1059.5,0.030,32.6,0.029,32.6,0.027,32.6,0.028,32.6
1060.0,0.029,32.6,0.028,32.6,0.032,32.6,0.029,32.6
1060.5,0.016,32.6,0.017,32.6,0.018,32.6,0.016,32.6
1061.0,0.017,32.7,0.017,32.7,0.018,32.7,0.015,32.6
1061.5,0.020,32.7,0.021,32.7,0.020,32.7,0.021,32.6
1062.0,0.020,32.7,0.022,32.7,0.020,32.7,0.022,32.7
1062.5,0.016,32.7,0.016,32.7,0.017,32.7,0.017,32.8
1063.0,0.018,32.8,0.018,32.8,0.017,32.8,0.018,32.7
1063.5,0.023,32.8,0.023,32.8,0.023,32.8,0.024,32.8
1064.0,0.015,32.8,0.016,32.8,0.016,32.8,0.017,32.8
1064.5,-0.005,32.8,-0.005,32.8,0.000,32.8,-0.000,32.8
1065.0,-0.045,32.9,-0.045,32.9,-0.043,32.9,-0.034,32.9
1065.5,-0.056,32.9,-0.056,32.9,-0.056,32.9,-0.051,32.9
1066.0,-0.057,33.0,-0.057,33.0,-0.057,32.9,-0.055,33.0
1066.5,-0.049,33.0,-0.048,33.0,-0.050,33.0,-0.049,33.0
1067.0,-0.040,33.1,-0.040,33.1,-0.041,33.0,-0.041,33.1
1067.5,-0.032,33.1,-0.032,33.1,-0.034,33.1,-0.032,33.1
1068.0,-0.032,33.2,-0.030,33.2,-0.031,33.2,-0.032,33.2
1068.5,-0.035,33.2,-0.034,33.2,-0.033,33.2,-0.036,33.2
1069.0,-0.039,33.2,-0.038,33.2,-0.038,33.2,-0.038,33.2
1069.5,-0.052,33.3,-0.051,33.3,-0.051,33.2,-0.051,33.3
1070.0,-0.048,33.2,-0.047,33.2,-0.048,33.2,-0.051,33.2
1070.5,-0.027,33.3,-0.028,33.3,-0.029,33.3,-0.027,33.3
1071.0,-0.034,33.3,-0.035,33.3,-0.032,33.3,-0.030,33.3
1071.5,-0.039,33.3,-0.040,33.3,-0.040,33.3,-0.039,33.3
1072.0,-0.029,33.4,-0.029,33.4,-0.035,33.4,-0.031,33.4
1072.5,-0.018,33.4,-0.017,33.4,-0.019,33.4,-0.021,33.4
1073.0,-0.007,33.4,-0.008,33.4,-0.009,33.4,-0.009,33.4
1073.5,0.004,33.4,0.003,33.4,-0.006,33.4,0.005,33.4
1074.0,0.005,33.4,0.005,33.4,0.002,33.4,0.005,33.4
1074.5,0.010,33.4,0.011,33.4,0.008,33.4,0.009,33.5
1075.0,0.022,33.5,0.022,33.5,0.021,33.4,0.012,33.5
1075.5,0.024,33.4,0.025,33.4,0.027,33.4,0.023,33.4
1076.0,0.024,33.4,0.024,33.4,0.025,33.4,0.023,33.4
1076.5,0.027,33.4,0.027,33.4,0.025,33.4,0.026,33.4
1077.0,0.041,33.4,0.043,33.4,0.038,33.4,0.036,33.3
1077.5,0.051,33.3,0.053,33.3,0.050,33.3,0.043,33.3
1078.0,0.055,33.2,0.057,33.2,0.053,33.2,0.055,33.2
1078.5,0.046,33.1,0.049,33.1,0.048,33.1,0.048,33.1
1079.0,0.041,33.1,0.040,33.1,0.043,33.1,0.042,33.1
1079.5,0.044,33.1,0.043,33.0,0.044,33.1,0.045,33.0
1080.0,0.043,33.0,0.044,33.0,0.044,33.0,0.047,33.0
1080.5,0.041,33.0,0.041,33.0,0.044,33.0,0.043,33.0
1081.0,0.038,33.0,0.038,32.9,0.042,33.0,0.039,33.0
1081.5,0.047,32.9,0.046,32.9,0.046,32.9,0.045,33.0
1082.0,0.054,32.9,0.053,32.9,0.050,32.9,0.054,32.9
1082.5,0.056,32.8,0.057,32.9,0.054,32.9,0.058,32.8
1083.0,0.055,32.8,0.055,32.8,0.056,32.8,0.054,32.8
1083.5,0.047,32.8,0.046,32.8,0.055,32.8,0.050,32.8
1084.0,0.048,32.8,0.049,32.8,0.050,32.8,0.048,32.8
1084.5,0.049,32.7,0.049,32.8,0.050,32.7,0.050,32.8
1085.0,0.046,32.7,0.046,32.8,0.048,32.7,0.049,32.7
1085.5,0.041,32.7,0.042,32.7,0.047,32.7,0.043,32.7
1086.0,0.038,32.7,0.040,32.7,0.038,32.7,0.040,32.7
1086.5,0.047,32.7,0.047,32.7,0.046,32.7,0.046,32.7
1087.0,0.055,32.7,0.054,32.7,0.056,32.7,0.055,32.7
1087.5,0.058,32.7,0.059,32.7,0.059,32.7,0.058,32.7
1088.0,0.056,32.7,0.056,32.7,0.058,32.7,0.056,32.7
1088.5,0.050,32.6,0.050,32.6,0.051,32.6,0.053,32.6
1089.0,0.050,32.6,0.051,32.6,0.051,32.6,0.051,32.6
1089.5,0.049,32.6,0.049,32.6,0.050,32.6,0.052,32.6
1090.0,0.047,32.6,0.047,32.6,0.048,32.7,0.049,32.6
1090.5,0.042,32.6,0.042,32.6,0.041,32.6,0.042,32.6
1091.0,0.045,32.6,0.044,32.6,0.044,32.6,0.043,32.6
1091.5,0.052,32.6,0.053,32.6,0.050,32.6,0.051,32.6
1092.0,0.059,32.6,0.059,32.6,0.057,32.6,0.058,32.6
1092.5,0.059,32.6,0.059,32.6,0.058,32.6,0.060,32.6
1093.0,0.052,32.6,0.053,32.5,0.056,32.6,0.053,32.6
1093.5,0.043,32.6,0.043,32.6,0.046,32.6,0.046,32.5
1094.0,0.046,32.6,0.047,32.6,0.046,32.6,0.047,32.5
1094.5,0.047,32.6,0.048,32.5,0.047,32.6,0.049,32.5
1095.0,0.044,32.6,0.045,32.5,0.043,32.6,0.045,32.6
1095.5,0.039,32.5,0.037,32.5,0.040,32.6,0.039,32.5
1096.0,0.042,32.6,0.039,32.6,0.042,32.6,0.041,32.6
1096.5,0.052,32.6,0.052,32.6,0.052,32.6,0.051,32.6
1097.0,0.059,32.6,0.059,32.6,0.058,32.6,0.060,32.6
1097.5,0.061,32.5,0.060,32.5,0.057,32.6,0.063,32.5
1098.0,0.054,32.5,0.055,32.5,0.055,32.5,0.055,32.5
1098.5,0.049,32.5,0.050,32.5,0.048,32.5,0.049,32.5
1099.0,0.053,32.5,0.053,32.5,0.051,32.5,0.054,32.5
1099.5,0.052,32.5,0.052,32.5,0.050,32.5,0.053,32.5
1100.0,0.047,32.5,0.047,32.5,0.048,32.5,0.047,32.5
1100.5,0.037,32.5,0.037,32.5,0.039,32.5,0.038,32.5
1101.0,0.041,32.5,0.041,32.5,0.041,32.5,0.041,32.5
1101.5,0.053,32.5,0.053,32.5,0.054,32.5,0.052,32.5
1102.0,0.055,32.5,0.056,32.5,0.056,32.5,0.055,32.5
1102.5,0.054,32.5,0.056,32.5,0.056,32.5,0.052,32.5
1103.0,0.048,32.5,0.049,32.5,0.050,32.5,0.050,32.5
1103.5,0.042,32.5,0.042,32.5,0.042,32.5,0.044,32.5
1104.0,0.047,32.5,0.046,32.5,0.046,32.4,0.044,32.5
1104.5,0.047,32.5,0.047,32.5,0.047,32.5,0.047,32.5
1105.0,0.043,32.5,0.042,32.4,0.046,32.5,0.044,32.5
1105.5,0.035,32.5,0.036,32.5,0.038,32.5,0.036,32.5
1106.0,0.039,32.5,0.041,32.5,0.041,32.5,0.036,32.5
1106.5,0.053,32.5,0.051,32.5,0.051,32.5,0.051,32.5
1107.0,0.059,32.5,0.060,32.5,0.054,32.5,0.062,32.5
1107.5,0.058,32.5,0.058,32.5,0.057,32.5,0.058,32.5
1108.0,0.050,32.4,0.052,32.4,0.053,32.5,0.053,32.5
1108.5,0.048,32.4,0.051,32.4,0.047,32.5,0.051,32.4
1109.0,0.054,32.4,0.054,32.4,0.048,32.5,0.055,32.4
1109.5,0.051,32.4,0.052,32.4,0.052,32.4,0.055,32.4
1110.0,0.044,32.4,0.044,32.4,0.052,32.4,0.046,32.4
1110.5,0.034,32.4,0.035,32.4,0.052,32.4,0.034,32.4
1111.0,0.043,32.4,0.042,32.4,0.049,32.5,0.035,32.4
1111.5,0.057,32.4,0.055,32.5,0.056,32.5,0.057,32.4
1112.0,0.064,32.4,0.066,32.4,0.063,32.4,0.061,32.5
1112.5,0.062,32.4,0.065,32.4,0.062,32.4,0.063,32.4
1113.0,0.053,32.4,0.053,32.4,0.053,32.4,0.053,32.4
1113.5,0.050,32.4,0.050,32.4,0.052,32.4,0.051,32.4
1114.0,0.054,32.4,0.053,32.4,0.055,32.3,0.053,32.4
1114.5,0.051,32.3,0.050,32.4,0.049,32.3,0.051,32.3
1115.0,0.043,32.4,0.044,32.4,0.043,32.4,0.045,32.4
1115.5,0.041,32.4,0.041,32.4,0.042,32.4,0.045,32.4
1116.0,0.050,32.4,0.051,32.4,0.050,32.4,0.050,32.4
1116.5,0.060,32.4,0.059,32.4,0.059,32.4,0.056,32.4
1117.0,0.065,32.3,0.065,32.3,0.065,32.4,0.067,32.3
1117.5,0.062,32.3,0.062,32.3,0.064,32.3,0.062,32.3
1118.0,0.054,32.3,0.054,32.3,0.058,32.3,0.057,32.3
1118.5,0.055,32.3,0.055,32.3,0.058,32.3,0.051,32.3
1119.0,0.057,32.3,0.057,32.3,0.059,32.3,0.056,32.3
1119.5,0.051,32.3,0.052,32.3,0.056,32.3,0.051,32.3
1120.0,0.044,32.3,0.045,32.3,0.047,32.4,0.043,32.3
1120.5,0.042,32.3,0.042,32.3,0.041,32.3,0.040,32.4
1121.0,0.053,32.3,0.055,32.3,0.053,32.3,0.049,32.4
1121.5,0.063,32.3,0.062,32.3,0.058,32.3,0.063,32.3
1122.0,0.067,32.3,0.066,32.3,0.060,32.3,0.069,32.3
1122.5,0.066,32.3,0.065,32.3,0.066,32.3,0.067,32.2
1123.0,0.057,32.2,0.058,32.2,0.059,32.2,0.059,32.2
1123.5,0.055,32.2,0.055,32.2,0.054,32.2,0.054,32.2
1124.0,0.055,32.3,0.054,32.3,0.053,32.3,0.055,32.3
1124.5,0.052,32.2,0.052,32.3,0.050,32.2,0.052,32.3
1125.0,0.048,32.2,0.047,32.2,0.049,32.2,0.051,32.2
1125.5,0.049,32.2,0.050,32.2,0.050,32.3,0.046,32.2
1126.0,0.060,32.3,0.060,32.3,0.056,32.3,0.054,32.2
1126.5,0.066,32.2,0.066,32.2,0.066,32.2,0.061,32.3
1127.0,0.065,32.2,0.065,32.2,0.066,32.2,0.062,32.3
1127.5,0.061,32.2,0.060,32.2,0.060,32.2,0.062,32.2
1128.0,0.051,32.2,0.051,32.2,0.052,32.2,0.052,32.2
1128.5,0.050,32.2,0.048,32.2,0.050,32.3,0.048,32.2
1129.0,0.049,32.2,0.050,32.2,0.050,32.2,0.049,32.2
1129.5,0.046,32.2,0.044,32.2,0.047,32.2,0.047,32.2
1130.0,0.042,32.2,0.042,32.3,0.044,32.3,0.042,32.2
1130.5,0.050,32.3,0.051,32.3,0.051,32.3,0.046,32.3
1131.0,0.056,32.3,0.057,32.3,0.059,32.3,0.051,32.3
1131.5,0.057,32.3,0.058,32.3,0.055,32.2,0.061,32.3
1132.0,0.056,32.2,0.059,32.2,0.053,32.3,0.055,32.3
1132.5,0.051,32.2,0.051,32.2,0.052,32.2,0.052,32.2
1133.0,0.042,32.2,0.042,32.2,0.044,32.3,0.045,32.2
1133.5,0.041,32.3,0.041,32.2,0.040,32.3,0.043,32.3
1134.0,0.038,32.3,0.039,32.3,0.037,32.3,0.041,32.3
1134.5,0.036,32.3,0.036,32.3,0.035,32.3,0.037,32.3
1135.0,0.034,32.3,0.033,32.3,0.034,32.3,0.031,32.3
1135.5,0.039,32.3,0.037,32.3,0.037,32.4,0.038,32.3
1136.0,0.038,32.3,0.039,32.3,0.038,32.3,0.040,32.3
1136.5,0.035,32.4,0.035,32.4,0.036,32.4,0.036,32.4
1137.0,0.035,32.4,0.034,32.4,0.037,32.4,0.033,32.4
1137.5,0.033,32.4,0.032,32.4,0.035,32.4,0.034,32.4
1138.0,0.028,32.4,0.028,32.4,0.029,32.4,0.028,32.4
1138.5,0.027,32.4,0.027,32.4,0.027,32.4,0.028,32.4
1139.0,0.024,32.4,0.024,32.4,0.024,32.4,0.024,32.4
1139.5,0.027,32.5,0.026,32.4,0.026,32.5,0.023,32.4
1140.0,0.030,32.5,0.031,32.4,0.028,32.6,0.034,32.5
1140.5,0.032,32.5,0.032,32.5,0.031,32.5,0.032,32.5
1141.0,0.031,32.5,0.030,32.5,0.030,32.5,0.031,32.5
1141.5,0.026,32.5,0.028,32.5,0.027,32.5,0.028,32.5
1142.0,0.022,32.5,0.023,32.5,0.023,32.5,0.023,32.5
1142.5,0.019,32.5,0.018,32.5,0.020,32.6,0.018,32.5
1143.0,0.019,32.5,0.018,32.5,0.021,32.5,0.019,32.6
1143.5,0.022,32.6,0.022,32.6,0.022,32.6,0.023,32.6
1144.0,0.018,32.6,0.020,32.6,0.019,32.6,0.020,32.6
1144.5,0.009,32.6,0.010,32.6,0.012,32.6,0.010,32.6
1145.0,-0.015,32.6,-0.016,32.6,-0.003,32.6,-0.013,32.7
1145.5,-0.050,32.7,-0.050,32.7,-0.037,32.7,-0.048,32.7
1146.0,-0.067,32.8,-0.066,32.8,-0.064,32.8,-0.066,32.8
1146.5,-0.071,32.8,-0.072,32.8,-0.070,32.8,-0.071,32.8
1147.0,-0.073,32.8,-0.073,32.8,-0.071,32.8,-0.074,32.9
1147.5,-0.049,32.8,-0.049,32.8,-0.052,32.8,-0.052,32.9
1148.0,-0.044,32.9,-0.043,32.9,-0.045,32.9,-0.045,32.9
1148.5,-0.049,32.9,-0.049,33.0,-0.052,32.9,-0.049,32.9
1149.0,-0.048,33.0,-0.048,33.0,-0.050,33.0,-0.047,32.9
1149.5,-0.051,33.0,-0.051,33.0,-0.051,33.0,-0.047,33.0
1150.0,-0.040,33.0,-0.039,33.0,-0.040,33.0,-0.045,33.0
1150.5,-0.024,33.1,-0.025,33.1,-0.025,33.1,-0.028,33.0
1151.0,-0.020,33.1,-0.018,33.1,-0.020,33.1,-0.019,33.1
1151.5,-0.032,33.1,-0.030,33.1,-0.031,33.2,-0.030,33.1
1152.0,-0.023,33.2,-0.024,33.1,-0.025,33.2,-0.025,33.1
1152.5,-0.010,33.2,-0.011,33.2,-0.014,33.2,-0.011,33.2
1153.0,-0.007,33.2,-0.005,33.2,-0.010,33.2,-0.006,33.2
1153.5,0.001,33.2,0.000,33.2,-0.000,33.2,-0.002,33.2
1154.0,0.004,33.3,0.003,33.3,0.003,33.3,0.001,33.3
1154.5,0.012,33.3,0.011,33.2,0.011,33.3,0.011,33.3
1155.0,0.024,33.3,0.024,33.2,0.021,33.3,0.023,33.3
1155.5,0.036,33.2,0.036,33.2,0.033,33.2,0.032,33.3
1156.0,0.029,33.2,0.030,33.2,0.033,33.2,0.028,33.2
1156.5,0.032,33.1,0.032,33.2,0.032,33.1,0.034,33.1
1157.0,0.038,33.1,0.037,33.1,0.038,33.1,0.040,33.1
1157.5,0.040,33.0,0.038,33.0,0.040,33.0,0.040,33.1
1158.0,0.034,33.0,0.035,33.0,0.038,33.0,0.034,33.0
1158.5,0.035,33.0,0.036,33.0,0.034,33.0,0.033,33.0
1159.0,0.050,32.9,0.050,32.9,0.045,33.0,0.049,33.0
1159.5,0.057,32.9,0.057,32.9,0.056,32.9,0.058,32.9
1160.0,0.055,32.8,0.056,32.8,0.055,32.9,0.060,32.8
1160.5,0.047,32.7,0.047,32.7,0.048,32.8,0.049,32.8
1161.0,0.046,32.7,0.045,32.7,0.047,32.8,0.048,32.8
1161.5,0.050,32.7,0.050,32.7,0.051,32.7,0.054,32.7
1162.0,0.048,32.7,0.050,32.7,0.048,32.7,0.049,32.6
1162.5,0.042,32.6,0.045,32.6,0.041,32.6,0.044,32.6
1163.0,0.036,32.6,0.036,32.6,0.036,32.6,0.037,32.7
1163.5,0.046,32.6,0.045,32.6,0.041,32.6,0.046,32.6
1164.0,0.056,32.6,0.055,32.6,0.056,32.6,0.054,32.6
1164.5,0.058,32.6,0.058,32.6,0.056,32.6,0.057,32.5
1165.0,0.054,32.5,0.053,32.5,0.051,32.6,0.057,32.5
1165.5,0.048,32.5,0.049,32.5,0.050,32.5,0.050,32.5
1166.0,0.046,32.5,0.047,32.5,0.047,32.5,0.044,32.5
1166.5,0.049,32.5,0.048,32.5,0.047,32.5,0.047,32.5
1167.0,0.048,32.5,0.048,32.5,0.048,32.5,0.049,32.5
1167.5,0.041,32.5,0.043,32.5,0.044,32.4,0.044,32.5
1168.0,0.043,32.5,0.043,32.5,0.047,32.4,0.044,32.5
1168.5,0.054,32.5,0.052,32.5,0.055,32.5,0.054,32.5
1169.0,0.060,32.5,0.060,32.5,0.061,32.5,0.060,32.5
1169.5,0.060,32.4,0.061,32.4,0.060,32.4,0.060,32.4
1170.0,0.056,32.4,0.058,32.4,0.057,32.4,0.059,32.4
1170.5,0.047,32.4,0.048,32.4,0.049,32.4,0.048,32.4
1171.0,0.052,32.4,0.052,32.4,0.051,32.4,0.051,32.3
1171.5,0.052,32.3,0.054,32.3,0.050,32.4,0.052,32.4
1172.0,0.047,32.3,0.046,32.4,0.048,32.4,0.047,32.4
1172.5,0.038,32.3,0.040,32.4,0.040,32.3,0.038,32.4
1173.0,0.036,32.4,0.036,32.3,0.039,32.4,0.035,32.4
1173.5,0.047,32.4,0.046,32.4,0.046,32.4,0.045,32.4
1174.0,0.055,32.4,0.055,32.4,0.054,32.4,0.054,32.4
1174.5,0.055,32.4,0.055,32.4,0.058,32.4,0.054,32.4
1175.0,0.050,32.3,0.050,32.3,0.056,32.4,0.052,32.3
1175.5,0.041,32.3,0.042,32.3,0.047,32.4,0.041,32.3
1176.0,0.045,32.3,0.046,32.3,0.046,32.4,0.045,32.3
1176.5,0.048,32.3,0.048,32.3,0.050,32.4,0.049,32.3
1177.0,0.043,32.3,0.043,32.3,0.046,32.3,0.044,32.3
1177.5,0.035,32.3,0.036,32.4,0.038,32.3,0.037,32.4
1178.0,0.042,32.4,0.042,32.3,0.043,32.4,0.038,32.3
1178.5,0.054,32.3,0.055,32.4,0.055,32.4,0.051,32.3
1179.0,0.061,32.3,0.061,32.3,0.061,32.4,0.061,32.3
1179.5,0.059,32.3,0.059,32.3,0.060,32.3,0.064,32.4
1180.0,0.049,32.3,0.049,32.3,0.051,32.3,0.054,32.2
1180.5,0.043,32.3,0.043,32.3,0.043,32.2,0.046,32.2
1181.0,0.050,32.3,0.050,32.3,0.043,32.2,0.051,32.3
1181.5,0.050,32.3,0.050,32.2,0.049,32.3,0.052,32.3
1182.0,0.045,32.2,0.046,32.2,0.045,32.3,0.046,32.2
1182.5,0.034,32.3,0.037,32.3,0.036,32.3,0.036,32.3
1183.0,0.039,32.3,0.040,32.3,0.037,32.2,0.036,32.3
1183.5,0.051,32.3,0.049,32.3,0.047,32.3,0.046,32.3
1184.0,0.056,32.3,0.057,32.3,0.053,32.2,0.052,32.3
1184.5,0.054,32.3,0.054,32.3,0.053,32.3,0.054,32.3
1185.0,0.049,32.2,0.049,32.2,0.050,32.3,0.050,32.2
1185.5,0.049,32.2,0.048,32.2,0.047,32.2,0.049,32.2
1186.0,0.053,32.2,0.052,32.3,0.050,32.2,0.054,32.2
1186.5,0.050,32.2,0.049,32.2,0.050,32.2,0.050,32.2
1187.0,0.043,32.2,0.042,32.2,0.045,32.3,0.045,32.2
1187.5,0.035,32.2,0.036,32.2,0.040,32.3,0.038,32.2
1188.0,0.042,32.3,0.041,32.2,0.040,32.3,0.041,32.3
1188.5,0.057,32.2,0.057,32.2,0.053,32.3,0.050,32.3
1189.0,0.059,32.2,0.059,32.2,0.059,32.3,0.050,32.3
1189.5,0.056,32.2,0.056,32.2,0.056,32.2,0.053,32.2
1190.0,0.051,32.2,0.052,32.2,0.051,32.2,0.053,32.2
1190.5,0.051,32.2,0.050,32.2,0.051,32.2,0.053,32.2
1191.0,0.053,32.2,0.053,32.2,0.053,32.1,0.052,32.2
1191.5,0.050,32.2,0.049,32.2,0.051,32.2,0.054,32.2
1192.0,0.043,32.2,0.044,32.1,0.042,32.2,0.048,32.2
1192.5,0.035,32.2,0.036,32.2,0.035,32.2,0.035,32.2
1193.0,0.046,32.2,0.046,32.2,0.045,32.2,0.045,32.2
1193.5,0.055,32.2,0.055,32.2,0.056,32.2,0.052,32.2
1194.0,0.059,32.2,0.060,32.2,0.059,32.2,0.058,32.1
1194.5,0.060,32.1,0.062,32.1,0.059,32.2,0.058,32.1
1195.0,0.056,32.1,0.058,32.2,0.055,32.2,0.056,32.1
1195.5,0.052,32.1,0.053,32.1,0.052,32.1,0.051,32.1
1196.0,0.055,32.1,0.054,32.1,0.055,32.1,0.051,32.1
1196.5,0.050,32.1,0.051,32.1,0.049,32.1,0.053,32.1
1197.0,0.042,32.1,0.042,32.1,0.044,32.1,0.045,32.1
1197.5,0.041,32.1,0.041,32.1,0.043,32.1,0.041,32.1
1198.0,0.051,32.1,0.051,32.1,0.052,32.2,0.050,32.1
1198.5,0.059,32.2,0.058,32.1,0.059,32.1,0.058,32.1
1199.0,0.064,32.1,0.062,32.1,0.065,32.1,0.060,32.1
1199.5,0.064,32.1,0.063,32.1,0.064,32.1,0.067,32.1
1200.0,0.062,32.0,0.063,32.1,0.064,32.0,0.061,32.0
1200.5,0.058,32.0,0.060,32.0,0.059,32.1,0.058,32.1
1201.0,0.056,32.0,0.057,32.0,0.055,32.0,0.057,32.1
1201.5,0.052,32.0,0.054,32.0,0.053,32.0,0.053,32.0
1202.0,0.049,32.0,0.049,32.0,0.049,32.0,0.048,32.0
1202.5,0.051,32.0,0.052,32.0,0.050,32.0,0.050,32.0
1203.0,0.059,32.0,0.058,32.0,0.054,32.0,0.059,32.0
1203.5,0.061,32.0,0.060,32.0,0.057,32.0,0.062,32.0
1204.0,0.061,32.0,0.060,32.0,0.061,32.0,0.062,32.0
1204.5,0.060,32.0,0.061,32.0,0.061,32.0,0.059,32.0
1205.0,0.054,32.0,0.054,32.0,0.057,32.0,0.058,31.9
1205.5,0.051,32.0,0.051,31.9,0.052,32.0,0.053,31.9
1206.0,0.051,32.0,0.050,32.0,0.051,32.0,0.051,31.9
1206.5,0.049,32.0,0.049,32.0,0.050,32.0,0.049,32.0
1207.0,0.047,32.0,0.048,32.0,0.049,32.0,0.046,32.0
1207.5,0.048,32.0,0.048,32.0,0.049,32.0,0.046,32.0
1208.0,0.059,32.0,0.058,32.0,0.058,32.0,0.058,32.0
1208.5,0.064,32.0,0.064,32.0,0.065,32.0,0.067,32.0
1209.0,0.064,31.9,0.063,31.9,0.064,31.9,0.063,32.0
1209.5,0.058,31.9,0.058,31.9,0.059,31.9,0.057,31.9
1210.0,0.047,31.9,0.049,32.0,0.056,31.9,0.045,31.9
1210.5,0.050,31.9,0.052,32.0,0.053,32.0,0.047,32.0
1211.0,0.050,32.0,0.052,32.0,0.048,32.0,0.048,32.0
1211.5,0.049,32.0,0.050,32.0,0.049,31.9,0.049,32.0
1212.0,0.045,32.0,0.044,32.0,0.046,32.0,0.045,32.0
1212.5,0.049,32.0,0.049,32.0,0.048,32.0,0.048,32.0
1213.0,0.055,32.0,0.055,32.0,0.056,31.9,0.050,32.0
1213.5,0.052,32.0,0.052,32.0,0.053,32.0,0.056,32.0
1214.0,0.050,32.0,0.049,32.0,0.048,32.0,0.052,32.0
1214.5,0.044,32.0,0.043,31.9,0.047,32.0,0.045,31.9
1215.0,0.034,32.0,0.035,32.0,0.035,32.0,0.038,32.0
1215.5,0.032,32.0,0.031,32.0,0.031,32.0,0.032,32.0
1216.0,0.032,32.0,0.031,32.0,0.033,32.0,0.032,32.0
1216.5,0.031,32.1,0.030,32.1,0.032,32.1,0.032,32.1
1217.0,0.028,32.1,0.027,32.1,0.030,32.1,0.030,32.1
1217.5,0.036,32.1,0.035,32.0,0.035,32.1,0.035,32.1
1218.0,0.037,32.1,0.037,32.1,0.038,32.1,0.038,32.1
1218.5,0.034,32.1,0.034,32.1,0.040,32.1,0.035,32.1
1219.0,0.034,32.1,0.035,32.1,0.036,32.1,0.034,32.1
1219.5,0.029,32.1,0.028,32.1,0.032,32.1,0.030,32.1
1220.0,0.024,32.2,0.024,32.1,0.024,32.2,0.025,32.2
1220.5,0.024,32.2,0.023,32.2,0.022,32.2,0.023,32.2
1221.0,0.024,32.2,0.025,32.2,0.024,32.2,0.022,32.2
1221.5,0.020,32.2,0.019,32.2,0.020,32.2,0.021,32.2
1222.0,0.019,32.3,0.019,32.3,0.021,32.3,0.020,32.3
1222.5,0.024,32.3,0.024,32.2,0.024,32.3,0.023,32.2
1223.0,0.025,32.3,0.026,32.3,0.027,32.3,0.025,32.3
1223.5,0.022,32.3,0.022,32.3,0.023,32.3,0.023,32.3
1224.0,0.016,32.3,0.016,32.3,0.016,32.3,0.016,32.3
1224.5,0.001,32.3,0.003,32.3,0.004,32.4,0.005,32.3
1225.0,-0.016,32.4,-0.016,32.3,-0.012,32.4,-0.012,32.4
1225.5,-0.034,32.4,-0.034,32.4,-0.032,32.4,-0.031,32.4
1226.0,-0.045,32.5,-0.045,32.5,-0.043,32.5,-0.042,32.5
1226.5,-0.045,32.6,-0.046,32.5,-0.046,32.6,-0.046,32.6
1227.0,-0.035,32.6,-0.036,32.6,-0.036,32.6,-0.035,32.6
1227.5,-0.026,32.6,-0.025,32.6,-0.030,32.6,-0.028,32.6
1228.0,-0.031,32.7,-0.030,32.7,-0.032,32.6,-0.030,32.7
1228.5,-0.052,32.7,-0.052,32.7,-0.048,32.7,-0.049,32.7
1229.0,-0.060,32.7,-0.059,32.7,-0.055,32.7,-0.059,32.7
1229.5,-0.045,32.7,-0.045,32.7,-0.047,32.7,-0.046,32.7
1230.0,-0.032,32.8,-0.032,32.8,-0.040,32.7,-0.033,32.8
1230.5,-0.019,32.8,-0.019,32.8,-0.018,32.8,-0.020,32.8
1231.0,-0.025,32.8,-0.024,32.8,-0.024,32.8,-0.025,32.8
1231.5,-0.029,32.9,-0.029,32.9,-0.028,32.9,-0.030,32.8
1232.0,-0.023,32.9,-0.023,32.9,-0.022,32.9,-0.023,32.9
1232.5,-0.016,32.9,-0.017,32.9,-0.017,33.0,-0.017,32.9
1233.0,-0.020,33.0,-0.019,33.0,-0.020,33.0,-0.019,32.9
1233.5,-0.022,33.0,-0.022,33.0,-0.022,32.9,-0.022,33.0
1234.0,-0.009,33.0,-0.010,33.0,-0.011,33.0,-0.011,33.0
1234.5,0.013,33.0,0.012,33.0,0.007,33.0,0.012,33.0
1235.0,0.020,33.0,0.021,33.0,0.020,33.0,0.021,33.0
1235.5,0.022,33.0,0.023,33.0,0.021,33.0,0.022,33.0
1236.0,0.025,33.0,0.025,33.0,0.023,32.9,0.024,33.0
1236.5,0.030,32.9,0.030,32.9,0.028,33.0,0.031,32.9
1237.0,0.035,32.9,0.036,32.9,0.034,32.9,0.032,32.9
1237.5,0.040,32.8,0.040,32.8,0.038,32.8,0.040,32.9
1238.0,0.040,32.8,0.041,32.8,0.041,32.8,0.044,32.8
1238.5,0.042,32.7,0.043,32.7,0.042,32.7,0.041,32.7
1239.0,0.042,32.7,0.043,32.7,0.041,32.7,0.041,32.6
1239.5,0.040,32.6,0.040,32.6,0.041,32.7,0.040,32.6
1240.0,0.037,32.6,0.036,32.6,0.038,32.6,0.039,32.6
1240.5,0.048,32.6,0.048,32.5,0.047,32.6,0.046,32.6
1241.0,0.055,32.5,0.054,32.5,0.056,32.5,0.054,32.5
1241.5,0.061,32.4,0.061,32.5,0.059,32.5,0.060,32.4
1242.0,0.061,32.4,0.060,32.4,0.060,32.4,0.064,32.4
1242.5,0.049,32.3,0.048,32.3,0.060,32.4,0.050,32.4
1243.0,0.049,32.3,0.049,32.3,0.056,32.4,0.048,32.3
1243.5,0.049,32.3,0.048,32.3,0.049,32.3,0.050,32.2
1244.0,0.045,32.3,0.045,32.3,0.045,32.3,0.046,32.3
1244.5,0.039,32.3,0.039,32.3,0.044,32.3,0.039,32.2
1245.0,0.040,32.3,0.040,32.3,0.041,32.3,0.041,32.3
1245.5,0.046,32.3,0.047,32.3,0.043,32.3,0.046,32.3
1246.0,0.050,32.3,0.050,32.3,0.049,32.3,0.048,32.3
1246.5,0.052,32.2,0.053,32.2,0.051,32.3,0.051,32.3
1247.0,0.048,32.2,0.047,32.2,0.050,32.2,0.051,32.2
1247.5,0.042,32.2,0.042,32.2,0.042,32.2,0.043,32.2
1248.0,0.047,32.2,0.046,32.2,0.044,32.2,0.047,32.2
1248.5,0.048,32.2,0.047,32.2,0.048,32.2,0.048,32.2
1249.0,0.044,32.2,0.044,32.2,0.045,32.2,0.043,32.2
1249.5,0.038,32.2,0.038,32.2,0.038,32.2,0.040,32.2
1250.0,0.042,32.2,0.043,32.2,0.034,32.2,0.042,32.2
1250.5,0.055,32.2,0.053,32.2,0.050,32.2,0.054,32.2
1251.0,0.060,32.1,0.060,32.2,0.054,32.2,0.059,32.2
1251.5,0.060,32.1,0.062,32.1,0.054,32.2,0.062,32.1
1252.0,0.049,32.1,0.052,32.1,0.050,32.1,0.059,32.1
1252.5,0.046,32.1,0.045,32.1,0.046,32.1,0.053,32.1
1253.0,0.051,32.0,0.050,32.1,0.054,32.1,0.051,32.0
1253.5,0.048,32.1,0.048,32.1,0.051,32.1,0.051,32.0
1254.0,0.042,32.1,0.042,32.0,0.045,32.1,0.043,32.0
1254.5,0.035,32.1,0.036,32.1,0.035,32.1,0.036,32.1
1255.0,0.043,32.1,0.043,32.1,0.041,32.1,0.040,32.0
1255.5,0.052,32.1,0.052,32.1,0.050,32.1,0.052,32.1
1256.0,0.056,32.1,0.057,32.1,0.052,32.1,0.056,32.1
1256.5,0.055,32.0,0.056,32.0,0.054,32.1,0.056,32.0
1257.0,0.051,32.0,0.051,32.0,0.054,32.0,0.051,32.0
1257.5,0.043,32.0,0.043,32.0,0.051,32.0,0.043,32.0
1258.0,0.046,32.0,0.048,32.0,0.045,32.0,0.046,32.0
1258.5,0.048,32.0,0.049,32.0,0.046,32.0,0.048,32.0
1259.0,0.044,32.0,0.046,32.0,0.045,32.0,0.045,31.9
1259.5,0.039,32.0,0.040,32.0,0.039,32.0,0.040,32.0
1260.0,0.047,32.0,0.047,32.0,0.045,32.0,0.044,32.0
1260.5,0.053,32.0,0.053,32.0,0.051,32.0,0.049,32.0
1261.0,0.058,32.0,0.056,32.0,0.058,31.9,0.054,32.0
1261.5,0.058,32.0,0.059,32.0,0.058,31.9,0.057,32.0
1262.0,0.052,31.9,0.051,31.9,0.052,31.9,0.054,32.0
1262.5,0.048,31.9,0.049,31.9,0.049,31.9,0.052,32.0
1263.0,0.050,31.9,0.051,31.9,0.053,32.0,0.051,31.9
1263.5,0.048,31.9,0.048,31.9,0.051,32.0,0.049,32.0
1264.0,0.043,31.9,0.044,31.9,0.046,31.9,0.043,31.9
1264.5,0.036,31.9,0.035,31.9,0.038,31.9,0.037,31.9
1265.0,0.040,31.9,0.041,31.9,0.040,31.9,0.040,31.9
1265.5,0.052,32.0,0.055,31.9,0.052,32.0,0.050,32.0
1266.0,0.057,32.0,0.057,32.0,0.056,32.0,0.057,32.0
1266.5,0.056,31.9,0.056,31.9,0.058,31.9,0.057,32.0
1267.0,0.052,31.9,0.052,31.9,0.056,31.9,0.054,31.9
1267.5,0.049,31.9,0.049,31.9,0.050,31.9,0.049,31.9
1268.0,0.050,31.9,0.049,31.8,0.049,31.8,0.050,31.9
1268.5,0.048,31.9,0.049,31.9,0.048,31.8,0.049,31.9
1269.0,0.042,31.9,0.042,31.9,0.046,31.8,0.043,31.9
1269.5,0.038,31.9,0.037,31.9,0.042,31.9,0.039,31.9
1270.0,0.048,31.9,0.046,31.9,0.046,31.9,0.046,31.9
1270.5,0.054,31.9,0.052,31.9,0.054,31.9,0.052,31.8
1271.0,0.058,31.9,0.059,31.9,0.058,31.9,0.056,31.9
1271.5,0.057,31.8,0.057,31.8,0.057,31.9,0.059,31.9
1272.0,0.052,31.8,0.052,31.8,0.051,31.8,0.055,31.8
1272.5,0.051,31.8,0.051,31.8,0.051,31.8,0.052,31.8
1273.0,0.051,31.8,0.051,31.8,0.051,31.8,0.052,31.8
1273.5,0.047,31.8,0.047,31.8,0.047,31.8,0.048,31.8
1274.0,0.040,31.8,0.041,31.8,0.042,31.8,0.040,31.8
1274.5,0.038,31.8,0.039,31.8,0.038,31.8,0.037,31.8
1275.0,0.049,31.8,0.049,31.8,0.050,31.8,0.046,31.8
1275.5,0.053,31.9,0.053,31.9,0.053,31.9,0.053,31.9
1276.0,0.059,31.8,0.060,31.8,0.059,31.8,0.061,31.9
1276.5,0.059,31.8,0.059,31.8,0.061,31.8,0.059,31.8
1277.0,0.056,31.8,0.055,31.8,0.058,31.8,0.058,31.8
1277.5,0.054,31.8,0.054,31.8,0.054,31.7,0.052,31.7
1278.0,0.053,31.8,0.054,31.7,0.053,31.7,0.054,31.7
1278.5,0.049,31.8,0.047,31.7,0.050,31.8,0.051,31.7
1279.0,0.045,31.8,0.044,31.8,0.050,31.8,0.045,31.8
1279.5,0.043,31.8,0.043,31.8,0.047,31.7,0.045,31.8
1280.0,0.053,31.8,0.054,31.8,0.050,31.7,0.054,31.8
1280.5,0.059,31.8,0.059,31.8,0.058,31.7,0.062,31.8
1281.0,0.060,31.7,0.059,31.7,0.062,31.7,0.059,31.8
1281.5,0.061,31.7,0.061,31.8,0.062,31.7,0.059,31.8
1282.0,0.059,31.7,0.060,31.7,0.061,31.7,0.059,31.7
1282.5,0.058,31.7,0.057,31.7,0.061,31.7,0.059,31.7
1283.0,0.054,31.7,0.055,31.7,0.052,31.7,0.058,31.7
1283.5,0.051,31.7,0.053,31.7,0.051,31.7,0.052,31.7
1284.0,0.047,31.7,0.047,31.7,0.048,31.7,0.048,31.7
1284.5,0.054,31.7,0.052,31.7,0.057,31.7,0.052,31.7
1285.0,0.058,31.7,0.060,31.7,0.059,31.7,0.057,31.7
1285.5,0.061,31.7,0.063,31.7,0.060,31.7,0.061,31.7
1286.0,0.063,31.6,0.065,31.7,0.059,31.7,0.063,31.6
1286.5,0.060,31.6,0.061,31.6,0.061,31.6,0.062,31.6
1287.0,0.054,31.6,0.058,31.6,0.056,31.6,0.052,31.6
1287.5,0.054,31.6,0.055,31.6,0.055,31.6,0.051,31.6
1288.0,0.051,31.6,0.053,31.6,0.056,31.6,0.052,31.6
1288.5,0.051,31.6,0.053,31.6,0.055,31.6,0.051,31.6
1289.0,0.052,31.6,0.051,31.6,0.050,31.6,0.051,31.6
1289.5,0.055,31.6,0.057,31.6,0.054,31.6,0.055,31.6
1290.0,0.058,31.6,0.060,31.6,0.059,31.6,0.058,31.6
1290.5,0.064,31.6,0.066,31.6,0.066,31.7,0.065,31.6
1291.0,0.064,31.6,0.066,31.6,0.065,31.6,0.066,31.6
1291.5,0.062,31.6,0.063,31.6,0.062,31.6,0.061,31.6
1292.0,0.053,31.6,0.053,31.6,0.057,31.6,0.053,31.6
1292.5,0.048,31.6,0.047,31.6,0.049,31.6,0.046,31.6
1293.0,0.045,31.6,0.047,31.6,0.044,31.6,0.047,31.6
1293.5,0.041,31.6,0.043,31.6,0.043,31.6,0.043,31.6
1294.0,0.036,31.6,0.036,31.6,0.035,31.7,0.037,31.6
1294.5,0.039,31.7,0.039,31.7,0.034,31.6,0.038,31.7
1295.0,0.041,31.7,0.041,31.7,0.037,31.7,0.041,31.7
1295.5,0.042,31.7,0.041,31.7,0.041,31.7,0.041,31.7
1296.0,0.043,31.7,0.044,31.7,0.044,31.7,0.040,31.7
1296.5,0.032,31.7,0.032,31.7,0.032,31.7,0.032,31.7
1297.0,0.026,31.7,0.027,31.7,0.026,31.7,0.028,31.8
1297.5,0.028,31.7,0.027,31.7,0.027,31.8,0.030,31.7
1298.0,0.029,31.8,0.028,31.8,0.030,31.8,0.030,31.8
1298.5,0.026,31.8,0.026,31.8,0.028,31.8,0.026,31.9
1299.0,0.024,31.8,0.024,31.8,0.023,31.8,0.027,31.9
1299.5,0.030,31.9,0.029,31.8,0.028,31.9,0.029,31.9
1300.0,0.034,31.9,0.033,31.9,0.034,31.9,0.033,31.9
1300.5,0.033,31.9,0.031,31.9,0.032,31.8,0.032,31.9
1301.0,0.026,31.9,0.026,31.9,0.028,31.9,0.027,31.9
1301.5,0.017,31.9,0.015,31.9,0.017,31.9,0.020,31.9
1302.0,0.021,31.9,0.021,31.9,0.021,31.9,0.017,31.9
1302.5,0.022,31.9,0.022,31.9,0.022,32.0,0.023,31.9
1303.0,0.022,32.0,0.022,31.9,0.023,31.9,0.022,31.9
1303.5,0.017,31.9,0.016,32.0,0.020,31.9,0.017,31.9
1304.0,0.019,32.0,0.018,32.0,0.017,31.9,0.020,32.0
1304.5,0.024,32.0,0.024,32.0,0.021,32.0,0.024,32.0
1305.0,0.020,32.0,0.021,32.0,0.022,32.0,0.022,32.0
1305.5,0.002,32.0,0.002,32.0,0.005,32.0,0.005,32.0
1306.0,-0.036,32.1,-0.035,32.1,-0.028,32.1,-0.021,32.1
1306.5,-0.064,32.1,-0.062,32.1,-0.063,32.1,-0.064,32.1
1307.0,-0.054,32.2,-0.053,32.2,-0.057,32.2,-0.055,32.2
1307.5,-0.048,32.2,-0.048,32.3,-0.050,32.2,-0.049,32.2
1308.0,-0.047,32.3,-0.047,32.3,-0.046,32.3,-0.044,32.3
1308.5,-0.037,32.3,-0.037,32.3,-0.038,32.3,-0.042,32.3
1309.0,-0.035,32.4,-0.034,32.4,-0.034,32.3,-0.034,32.3
1309.5,-0.046,32.4,-0.045,32.4,-0.046,32.4,-0.045,32.4
1310.0,-0.045,32.4,-0.045,32.4,-0.045,32.4,-0.045,32.4
1310.5,-0.050,32.4,-0.050,32.4,-0.047,32.4,-0.046,32.4
1311.0,-0.042,32.5,-0.042,32.5,-0.046,32.5,-0.042,32.5
1311.5,-0.027,32.5,-0.026,32.5,-0.038,32.5,-0.027,32.5
1312.0,-0.023,32.5,-0.024,32.5,-0.022,32.5,-0.023,32.5
1312.5,-0.016,32.6,-0.017,32.6,-0.016,32.5,-0.018,32.5
1313.0,-0.018,32.6,-0.017,32.6,-0.014,32.5,-0.017,32.6
1313.5,-0.014,32.6,-0.013,32.6,-0.017,32.6,-0.014,32.6
1314.0,-0.003,32.6,-0.002,32.6,-0.004,32.7,-0.003,32.6
1314.5,0.014,32.6,0.012,32.6,0.007,32.6,0.012,32.6
1315.0,0.019,32.6,0.018,32.7,0.020,32.6,0.020,32.6
1315.5,0.010,32.6,0.009,32.6,0.011,32.6,0.011,32.6
1316.0,0.010,32.6,0.011,32.6,0.010,32.6,0.011,32.6
1316.5,0.021,32.6,0.021,32.6,0.017,32.6,0.018,32.6
1317.0,0.024,32.6,0.024,32.6,0.023,32.6,0.020,32.6
1317.5,0.026,32.6,0.026,32.6,0.025,32.5,0.025,32.5
1318.0,0.035,32.5,0.036,32.5,0.032,32.6,0.032,32.5
1318.5,0.045,32.5,0.045,32.5,0.045,32.5,0.042,32.5
1319.0,0.050,32.4,0.051,32.4,0.050,32.5,0.048,32.4
1319.5,0.044,32.3,0.044,32.4,0.045,32.4,0.045,32.4
1320.0,0.039,32.3,0.040,32.3,0.037,32.3,0.040,32.3
1320.5,0.042,32.2,0.042,32.3,0.036,32.3,0.042,32.2
