ISO-10303-21;
HEADER;
FILE_DESCRIPTION(('Open CASCADE Model'),'2;1');
FILE_NAME('Open CASCADE Shape Model','2025-12-04T09:38:43',('Author'),(
    'Open CASCADE'),'Open CASCADE STEP processor 7.8','Open CASCADE 7.8'
  ,'Unknown');
FILE_SCHEMA(('AUTOMOTIVE_DESIGN { 1 0 10303 214 1 1 1 1 }'));
ENDSEC;
DATA;
#1 = APPLICATION_PROTOCOL_DEFINITION('international standard',
  'automotive_design',2000,#2);
#2 = APPLICATION_CONTEXT(
  'core data for automotive mechanical design processes');
#3 = SHAPE_DEFINITION_REPRESENTATION(#4,#10);
#4 = PRODUCT_DEFINITION_SHAPE('','',#5);
#5 = PRODUCT_DEFINITION('design','',#6,#9);
#6 = PRODUCT_DEFINITION_FORMATION('','',#7);
#7 = PRODUCT('Open CASCADE STEP translator 7.8 2',
  'Open CASCADE STEP translator 7.8 2','',(#8));
#8 = PRODUCT_CONTEXT('',#2,'mechanical');
#9 = PRODUCT_DEFINITION_CONTEXT('part definition',#2,'design');
#10 = ADVANCED_BREP_SHAPE_REPRESENTATION('',(#11,#15),#13633);
#11 = AXIS2_PLACEMENT_3D('',#12,#13,#14);
#12 = CARTESIAN_POINT('',(0.,0.,0.));
#13 = DIRECTION('',(0.,0.,1.));
#14 = DIRECTION('',(1.,0.,-0.));
#15 = MANIFOLD_SOLID_BREP('',#16);
#16 = CLOSED_SHELL('',(#17,#151,#234,#317,#400,#483,#566,#649,#732,#815,
    #898,#981,#1064,#1147,#1230,#1313,#1396,#1479,#1562,#1645,#1728,
    #1811,#1894,#1977,#2060,#2143,#2226,#2309,#2392,#2475,#2558,#2641,
    #2724,#2807,#2890,#2973,#3056,#3139,#3222,#3305,#3388,#3471,#3554,
    #3637,#3720,#3803,#3886,#3969,#4052,#4135,#4218,#4301,#4384,#4467,
    #4550,#4633,#4716,#4799,#4882,#4965,#5048,#5131,#5214,#5297,#5380,
    #5463,#5546,#5629,#5712,#5795,#5878,#5961,#6044,#6127,#6210,#6293,
    #6376,#6459,#6542,#6625,#6708,#6791,#6874,#6957,#7040,#7123,#7206,
    #7289,#7372,#7455,#7538,#7621,#7704,#7787,#7870,#7953,#8036,#8119,
    #8202,#8285,#8368,#8451,#8534,#8617,#8700,#8783,#8866,#8949,#9032,
    #9115,#9198,#9281,#9364,#9447,#9530,#9613,#9696,#9779,#9862,#9945,
    #10028,#10111,#10194,#10277,#10360,#10443,#10526,#10609,#10692,
    #10775,#10858,#10941,#11024,#11107,#11190,#11273,#11356,#11439,
    #11522,#11605,#11688,#11771,#11854,#11937,#12020,#12103,#12186,
    #12269,#12352,#12435,#12518,#12601,#12684,#12767,#12850,#12933,
    #13016,#13099,#13182,#13256,#13307,#13470));
#17 = ADVANCED_FACE('',(#18),#33,.T.);
#18 = FACE_BOUND('',#19,.T.);
#19 = EDGE_LOOP('',(#20,#61,#92,#122));
#20 = ORIENTED_EDGE('',*,*,#21,.F.);
#21 = EDGE_CURVE('',#22,#24,#26,.T.);
#22 = VERTEX_POINT('',#23);
#23 = CARTESIAN_POINT('',(8.0822071351,-2.149911159806,0.));
#24 = VERTEX_POINT('',#25);
#25 = CARTESIAN_POINT('',(8.938463169828,-2.726334748637,0.));
#26 = SURFACE_CURVE('',#27,(#32,#48),.PCURVE_S1.);
#27 = B_SPLINE_CURVE_WITH_KNOTS('',3,(#28,#29,#30,#31),.UNSPECIFIED.,.F.
  ,.F.,(4,4),(0.,1.),.PIECEWISE_BEZIER_KNOTS.);
#28 = CARTESIAN_POINT('',(8.0822071351,-2.149911159806,0.));
#29 = CARTESIAN_POINT('',(8.408854986179,-2.26865411085,0.));
#30 = CARTESIAN_POINT('',(8.685939259244,-2.493015700965,0.));
#31 = CARTESIAN_POINT('',(8.938463169828,-2.726334748637,0.));
#32 = PCURVE('',#33,#42);
#33 = B_SPLINE_SURFACE_WITH_KNOTS('',1,3,(
    (#34,#35,#36,#37)
    ,(#38,#39,#40,#41
    )),.UNSPECIFIED.,.F.,.F.,.F.,(2,2),(4,4),(0.,1.),(0.,1.),
  .PIECEWISE_BEZIER_KNOTS.);
#34 = CARTESIAN_POINT('',(8.0822071351,-2.149911159806,0.));
#35 = CARTESIAN_POINT('',(8.408854986179,-2.26865411085,0.));
#36 = CARTESIAN_POINT('',(8.685939259244,-2.493015700965,0.));
#37 = CARTESIAN_POINT('',(8.938463169828,-2.726334748637,0.));
#38 = CARTESIAN_POINT('',(8.0822071351,-2.149911159806,5.));
#39 = CARTESIAN_POINT('',(8.408854986179,-2.26865411085,5.));
#40 = CARTESIAN_POINT('',(8.685939259244,-2.493015700965,5.));
#41 = CARTESIAN_POINT('',(8.938463169828,-2.726334748637,5.));
#42 = DEFINITIONAL_REPRESENTATION('',(#43),#47);
#43 = LINE('',#44,#45);
#44 = CARTESIAN_POINT('',(0.,0.));
#45 = VECTOR('',#46,1.);
#46 = DIRECTION('',(0.,1.));
#47 = ( GEOMETRIC_REPRESENTATION_CONTEXT(2) 
PARAMETRIC_REPRESENTATION_CONTEXT() REPRESENTATION_CONTEXT('2D SPACE',''
  ) );
#48 = PCURVE('',#49,#54);
#49 = PLANE('',#50);
#50 = AXIS2_PLACEMENT_3D('',#51,#52,#53);
#51 = CARTESIAN_POINT('',(1.134076806773E-15,8.245151134163E-16,0.));
#52 = DIRECTION('',(0.,0.,1.));
#53 = DIRECTION('',(1.,0.,-0.));
#54 = DEFINITIONAL_REPRESENTATION('',(#55),#60);
#55 = B_SPLINE_CURVE_WITH_KNOTS('',3,(#56,#57,#58,#59),.UNSPECIFIED.,.F.
  ,.F.,(4,4),(0.,1.),.PIECEWISE_BEZIER_KNOTS.);
#56 = CARTESIAN_POINT('',(8.0822071351,-2.149911159806));
#57 = CARTESIAN_POINT('',(8.408854986179,-2.26865411085));
#58 = CARTESIAN_POINT('',(8.685939259244,-2.493015700965));
#59 = CARTESIAN_POINT('',(8.938463169828,-2.726334748637));
#60 = ( GEOMETRIC_REPRESENTATION_CONTEXT(2) 
PARAMETRIC_REPRESENTATION_CONTEXT() REPRESENTATION_CONTEXT('2D SPACE',''
  ) );
#61 = ORIENTED_EDGE('',*,*,#62,.T.);
#62 = EDGE_CURVE('',#22,#63,#65,.T.);
#63 = VERTEX_POINT('',#64);
#64 = CARTESIAN_POINT('',(8.0822071351,-2.149911159806,5.));
#65 = SURFACE_CURVE('',#66,(#69,#76),.PCURVE_S1.);
#66 = B_SPLINE_CURVE_WITH_KNOTS('',1,(#67,#68),.UNSPECIFIED.,.F.,.F.,(2,
    2),(0.,1.),.PIECEWISE_BEZIER_KNOTS.);
#67 = CARTESIAN_POINT('',(8.0822071351,-2.149911159806,0.));
#68 = CARTESIAN_POINT('',(8.0822071351,-2.149911159806,5.));
#69 = PCURVE('',#33,#70);
#70 = DEFINITIONAL_REPRESENTATION('',(#71),#75);
#71 = LINE('',#72,#73);
#72 = CARTESIAN_POINT('',(0.,0.));
#73 = VECTOR('',#74,1.);
#74 = DIRECTION('',(1.,0.));
#75 = ( GEOMETRIC_REPRESENTATION_CONTEXT(2) 
PARAMETRIC_REPRESENTATION_CONTEXT() REPRESENTATION_CONTEXT('2D SPACE',''
  ) );
#76 = PCURVE('',#77,#86);
#77 = B_SPLINE_SURFACE_WITH_KNOTS('',1,3,(
    (#78,#79,#80,#81)
    ,(#82,#83,#84,#85
    )),.UNSPECIFIED.,.F.,.F.,.F.,(2,2),(4,4),(0.,1.),(0.,1.),
  .PIECEWISE_BEZIER_KNOTS.);
#78 = CARTESIAN_POINT('',(8.177338529052,-1.75366038645,0.));
#79 = CARTESIAN_POINT('',(8.123848092656,-1.879217720785,0.));
#80 = CARTESIAN_POINT('',(8.09154864425,-2.013754605803,0.));
#81 = CARTESIAN_POINT('',(8.0822071351,-2.149911159806,0.));
#82 = CARTESIAN_POINT('',(8.177338529052,-1.75366038645,5.));
#83 = CARTESIAN_POINT('',(8.123848092656,-1.879217720785,5.));
#84 = CARTESIAN_POINT('',(8.09154864425,-2.013754605803,5.));
#85 = CARTESIAN_POINT('',(8.0822071351,-2.149911159806,5.));
#86 = DEFINITIONAL_REPRESENTATION('',(#87),#91);
#87 = LINE('',#88,#89);
#88 = CARTESIAN_POINT('',(0.,1.));
#89 = VECTOR('',#90,1.);
#90 = DIRECTION('',(1.,0.));
#91 = ( GEOMETRIC_REPRESENTATION_CONTEXT(2) 
PARAMETRIC_REPRESENTATION_CONTEXT() REPRESENTATION_CONTEXT('2D SPACE',''
  ) );
#92 = ORIENTED_EDGE('',*,*,#93,.T.);
#93 = EDGE_CURVE('',#63,#94,#96,.T.);
#94 = VERTEX_POINT('',#95);
#95 = CARTESIAN_POINT('',(8.938463169828,-2.726334748637,5.));
#96 = SURFACE_CURVE('',#97,(#102,#109),.PCURVE_S1.);
#97 = B_SPLINE_CURVE_WITH_KNOTS('',3,(#98,#99,#100,#101),.UNSPECIFIED.,
  .F.,.F.,(4,4),(0.,1.),.PIECEWISE_BEZIER_KNOTS.);
#98 = CARTESIAN_POINT('',(8.0822071351,-2.149911159806,5.));
#99 = CARTESIAN_POINT('',(8.408854986179,-2.26865411085,5.));
#100 = CARTESIAN_POINT('',(8.685939259244,-2.493015700965,5.));
#101 = CARTESIAN_POINT('',(8.938463169828,-2.726334748637,5.));
#102 = PCURVE('',#33,#103);
#103 = DEFINITIONAL_REPRESENTATION('',(#104),#108);
#104 = LINE('',#105,#106);
#105 = CARTESIAN_POINT('',(1.,0.));
#106 = VECTOR('',#107,1.);
#107 = DIRECTION('',(0.,1.));
#108 = ( GEOMETRIC_REPRESENTATION_CONTEXT(2) 
PARAMETRIC_REPRESENTATION_CONTEXT() REPRESENTATION_CONTEXT('2D SPACE',''
  ) );
#109 = PCURVE('',#110,#115);
#110 = PLANE('',#111);
#111 = AXIS2_PLACEMENT_3D('',#112,#113,#114);
#112 = CARTESIAN_POINT('',(1.361088715234E-15,1.375399801455E-15,5.));
#113 = DIRECTION('',(-0.,-0.,-1.));
#114 = DIRECTION('',(-1.,0.,0.));
#115 = DEFINITIONAL_REPRESENTATION('',(#116),#121);
#116 = B_SPLINE_CURVE_WITH_KNOTS('',3,(#117,#118,#119,#120),
  .UNSPECIFIED.,.F.,.F.,(4,4),(0.,1.),.PIECEWISE_BEZIER_KNOTS.);
#117 = CARTESIAN_POINT('',(-8.0822071351,-2.149911159806));
#118 = CARTESIAN_POINT('',(-8.408854986179,-2.26865411085));
#119 = CARTESIAN_POINT('',(-8.685939259244,-2.493015700965));
#120 = CARTESIAN_POINT('',(-8.938463169828,-2.726334748637));
#121 = ( GEOMETRIC_REPRESENTATION_CONTEXT(2) 
PARAMETRIC_REPRESENTATION_CONTEXT() REPRESENTATION_CONTEXT('2D SPACE',''
  ) );
#122 = ORIENTED_EDGE('',*,*,#123,.F.);
#123 = EDGE_CURVE('',#24,#94,#124,.T.);
#124 = SURFACE_CURVE('',#125,(#128,#135),.PCURVE_S1.);
#125 = B_SPLINE_CURVE_WITH_KNOTS('',1,(#126,#127),.UNSPECIFIED.,.F.,.F.,
  (2,2),(0.,1.),.PIECEWISE_BEZIER_KNOTS.);
#126 = CARTESIAN_POINT('',(8.938463169828,-2.726334748637,0.));
#127 = CARTESIAN_POINT('',(8.938463169828,-2.726334748637,5.));
#128 = PCURVE('',#33,#129);
#129 = DEFINITIONAL_REPRESENTATION('',(#130),#134);
#130 = LINE('',#131,#132);
#131 = CARTESIAN_POINT('',(0.,1.));
#132 = VECTOR('',#133,1.);
#133 = DIRECTION('',(1.,0.));
#134 = ( GEOMETRIC_REPRESENTATION_CONTEXT(2) 
PARAMETRIC_REPRESENTATION_CONTEXT() REPRESENTATION_CONTEXT('2D SPACE',''
  ) );
#135 = PCURVE('',#136,#145);
#136 = B_SPLINE_SURFACE_WITH_KNOTS('',1,3,(
    (#137,#138,#139,#140)
    ,(#141,#142,#143,#144
    )),.UNSPECIFIED.,.F.,.F.,.F.,(2,2),(4,4),(0.,1.),(0.,1.),
  .PIECEWISE_BEZIER_KNOTS.);
#137 = CARTESIAN_POINT('',(8.938463169828,-2.726334748637,0.));
#138 = CARTESIAN_POINT('',(8.905545342203,-2.834258119878,0.));
#139 = CARTESIAN_POINT('',(8.870672650073,-2.941585230342,0.));
#140 = CARTESIAN_POINT('',(8.833867966047,-3.048245685382,0.));
#141 = CARTESIAN_POINT('',(8.938463169828,-2.726334748637,5.));
#142 = CARTESIAN_POINT('',(8.905545342203,-2.834258119878,5.));
#143 = CARTESIAN_POINT('',(8.870672650073,-2.941585230342,5.));
#144 = CARTESIAN_POINT('',(8.833867966047,-3.048245685382,5.));
#145 = DEFINITIONAL_REPRESENTATION('',(#146),#150);
#146 = LINE('',#147,#148);
#147 = CARTESIAN_POINT('',(0.,0.));
#148 = VECTOR('',#149,1.);
#149 = DIRECTION('',(1.,0.));
#150 = ( GEOMETRIC_REPRESENTATION_CONTEXT(2) 
PARAMETRIC_REPRESENTATION_CONTEXT() REPRESENTATION_CONTEXT('2D SPACE',''
  ) );
#151 = ADVANCED_FACE('',(#152),#136,.T.);
#152 = FACE_BOUND('',#153,.T.);
#153 = EDGE_LOOP('',(#154,#179,#180,#205));
#154 = ORIENTED_EDGE('',*,*,#155,.F.);
#155 = EDGE_CURVE('',#24,#156,#158,.T.);
#156 = VERTEX_POINT('',#157);
#157 = CARTESIAN_POINT('',(8.833867966047,-3.048245685382,0.));
#158 = SURFACE_CURVE('',#159,(#164,#171),.PCURVE_S1.);
#159 = B_SPLINE_CURVE_WITH_KNOTS('',3,(#160,#161,#162,#163),
  .UNSPECIFIED.,.F.,.F.,(4,4),(0.,1.),.PIECEWISE_BEZIER_KNOTS.);
#160 = CARTESIAN_POINT('',(8.938463169828,-2.726334748637,0.));
#161 = CARTESIAN_POINT('',(8.905545342203,-2.834258119878,0.));
#162 = CARTESIAN_POINT('',(8.870672650073,-2.941585230342,0.));
#163 = CARTESIAN_POINT('',(8.833867966047,-3.048245685382,0.));
#164 = PCURVE('',#136,#165);
#165 = DEFINITIONAL_REPRESENTATION('',(#166),#170);
#166 = LINE('',#167,#168);
#167 = CARTESIAN_POINT('',(0.,0.));
#168 = VECTOR('',#169,1.);
#169 = DIRECTION('',(0.,1.));
#170 = ( GEOMETRIC_REPRESENTATION_CONTEXT(2) 
PARAMETRIC_REPRESENTATION_CONTEXT() REPRESENTATION_CONTEXT('2D SPACE',''
  ) );
#171 = PCURVE('',#49,#172);
#172 = DEFINITIONAL_REPRESENTATION('',(#173),#178);
#173 = B_SPLINE_CURVE_WITH_KNOTS('',3,(#174,#175,#176,#177),
  .UNSPECIFIED.,.F.,.F.,(4,4),(0.,1.),.PIECEWISE_BEZIER_KNOTS.);
#174 = CARTESIAN_POINT('',(8.938463169828,-2.726334748637));
#175 = CARTESIAN_POINT('',(8.905545342202,-2.834258119878));
#176 = CARTESIAN_POINT('',(8.870672650073,-2.941585230342));
#177 = CARTESIAN_POINT('',(8.833867966047,-3.048245685382));
#178 = ( GEOMETRIC_REPRESENTATION_CONTEXT(2) 
PARAMETRIC_REPRESENTATION_CONTEXT() REPRESENTATION_CONTEXT('2D SPACE',''
  ) );
#179 = ORIENTED_EDGE('',*,*,#123,.T.);
#180 = ORIENTED_EDGE('',*,*,#181,.T.);
#181 = EDGE_CURVE('',#94,#182,#184,.T.);
#182 = VERTEX_POINT('',#183);
#183 = CARTESIAN_POINT('',(8.833867966047,-3.048245685382,5.));
#184 = SURFACE_CURVE('',#185,(#190,#197),.PCURVE_S1.);
#185 = B_SPLINE_CURVE_WITH_KNOTS('',3,(#186,#187,#188,#189),
  .UNSPECIFIED.,.F.,.F.,(4,4),(0.,1.),.PIECEWISE_BEZIER_KNOTS.);
#186 = CARTESIAN_POINT('',(8.938463169828,-2.726334748637,5.));
#187 = CARTESIAN_POINT('',(8.905545342203,-2.834258119878,5.));
#188 = CARTESIAN_POINT('',(8.870672650073,-2.941585230342,5.));
#189 = CARTESIAN_POINT('',(8.833867966047,-3.048245685382,5.));
#190 = PCURVE('',#136,#191);
#191 = DEFINITIONAL_REPRESENTATION('',(#192),#196);
#192 = LINE('',#193,#194);
#193 = CARTESIAN_POINT('',(1.,0.));
#194 = VECTOR('',#195,1.);
#195 = DIRECTION('',(0.,1.));
#196 = ( GEOMETRIC_REPRESENTATION_CONTEXT(2) 
PARAMETRIC_REPRESENTATION_CONTEXT() REPRESENTATION_CONTEXT('2D SPACE',''
  ) );
#197 = PCURVE('',#110,#198);
#198 = DEFINITIONAL_REPRESENTATION('',(#199),#204);
#199 = B_SPLINE_CURVE_WITH_KNOTS('',3,(#200,#201,#202,#203),
  .UNSPECIFIED.,.F.,.F.,(4,4),(0.,1.),.PIECEWISE_BEZIER_KNOTS.);
#200 = CARTESIAN_POINT('',(-8.938463169828,-2.726334748637));
#201 = CARTESIAN_POINT('',(-8.905545342202,-2.834258119878));
#202 = CARTESIAN_POINT('',(-8.870672650073,-2.941585230342));
#203 = CARTESIAN_POINT('',(-8.833867966047,-3.048245685382));
#204 = ( GEOMETRIC_REPRESENTATION_CONTEXT(2) 
PARAMETRIC_REPRESENTATION_CONTEXT() REPRESENTATION_CONTEXT('2D SPACE',''
  ) );
#205 = ORIENTED_EDGE('',*,*,#206,.F.);
#206 = EDGE_CURVE('',#156,#182,#207,.T.);
#207 = SURFACE_CURVE('',#208,(#211,#218),.PCURVE_S1.);
#208 = B_SPLINE_CURVE_WITH_KNOTS('',1,(#209,#210),.UNSPECIFIED.,.F.,.F.,
  (2,2),(0.,1.),.PIECEWISE_BEZIER_KNOTS.);
#209 = CARTESIAN_POINT('',(8.833867966047,-3.048245685382,0.));
#210 = CARTESIAN_POINT('',(8.833867966047,-3.048245685382,5.));
#211 = PCURVE('',#136,#212);
#212 = DEFINITIONAL_REPRESENTATION('',(#213),#217);
#213 = LINE('',#214,#215);
#214 = CARTESIAN_POINT('',(0.,1.));
#215 = VECTOR('',#216,1.);
#216 = DIRECTION('',(1.,0.));
#217 = ( GEOMETRIC_REPRESENTATION_CONTEXT(2) 
PARAMETRIC_REPRESENTATION_CONTEXT() REPRESENTATION_CONTEXT('2D SPACE',''
  ) );
#218 = PCURVE('',#219,#228);
#219 = B_SPLINE_SURFACE_WITH_KNOTS('',1,3,(
    (#220,#221,#222,#223)
    ,(#224,#225,#226,#227
    )),.UNSPECIFIED.,.F.,.F.,.F.,(2,2),(4,4),(0.,1.),(0.,1.),
  .PIECEWISE_BEZIER_KNOTS.);
#220 = CARTESIAN_POINT('',(8.833867966047,-3.048245685382,0.));
#221 = CARTESIAN_POINT('',(8.492430335598,-3.088574929568,0.));
#222 = CARTESIAN_POINT('',(8.136388015964,-3.107221219506,0.));
#223 = CARTESIAN_POINT('',(7.802328997828,-3.011287495305,0.));
#224 = CARTESIAN_POINT('',(8.833867966047,-3.048245685382,5.));
#225 = CARTESIAN_POINT('',(8.492430335598,-3.088574929568,5.));
#226 = CARTESIAN_POINT('',(8.136388015964,-3.107221219506,5.));
#227 = CARTESIAN_POINT('',(7.802328997828,-3.011287495305,5.));
#228 = DEFINITIONAL_REPRESENTATION('',(#229),#233);
#229 = LINE('',#230,#231);
#230 = CARTESIAN_POINT('',(0.,0.));
#231 = VECTOR('',#232,1.);
#232 = DIRECTION('',(1.,0.));
#233 = ( GEOMETRIC_REPRESENTATION_CONTEXT(2) 
PARAMETRIC_REPRESENTATION_CONTEXT() REPRESENTATION_CONTEXT('2D SPACE',''
  ) );
#234 = ADVANCED_FACE('',(#235),#219,.T.);
#235 = FACE_BOUND('',#236,.T.);
#236 = EDGE_LOOP('',(#237,#262,#263,#288));
#237 = ORIENTED_EDGE('',*,*,#238,.F.);
#238 = EDGE_CURVE('',#156,#239,#241,.T.);
#239 = VERTEX_POINT('',#240);
#240 = CARTESIAN_POINT('',(7.802328997828,-3.011287495305,0.));
#241 = SURFACE_CURVE('',#242,(#247,#254),.PCURVE_S1.);
#242 = B_SPLINE_CURVE_WITH_KNOTS('',3,(#243,#244,#245,#246),
  .UNSPECIFIED.,.F.,.F.,(4,4),(0.,1.),.PIECEWISE_BEZIER_KNOTS.);
#243 = CARTESIAN_POINT('',(8.833867966047,-3.048245685382,0.));
#244 = CARTESIAN_POINT('',(8.492430335598,-3.088574929568,0.));
#245 = CARTESIAN_POINT('',(8.136388015964,-3.107221219506,0.));
#246 = CARTESIAN_POINT('',(7.802328997828,-3.011287495305,0.));
#247 = PCURVE('',#219,#248);
#248 = DEFINITIONAL_REPRESENTATION('',(#249),#253);
#249 = LINE('',#250,#251);
#250 = CARTESIAN_POINT('',(0.,0.));
#251 = VECTOR('',#252,1.);
#252 = DIRECTION('',(0.,1.));
#253 = ( GEOMETRIC_REPRESENTATION_CONTEXT(2) 
PARAMETRIC_REPRESENTATION_CONTEXT() REPRESENTATION_CONTEXT('2D SPACE',''
  ) );
#254 = PCURVE('',#49,#255);
#255 = DEFINITIONAL_REPRESENTATION('',(#256),#261);
#256 = B_SPLINE_CURVE_WITH_KNOTS('',3,(#257,#258,#259,#260),
  .UNSPECIFIED.,.F.,.F.,(4,4),(0.,1.),.PIECEWISE_BEZIER_KNOTS.);
#257 = CARTESIAN_POINT('',(8.833867966047,-3.048245685382));
#258 = CARTESIAN_POINT('',(8.492430335598,-3.088574929568));
#259 = CARTESIAN_POINT('',(8.136388015964,-3.107221219506));
#260 = CARTESIAN_POINT('',(7.802328997828,-3.011287495305));
#261 = ( GEOMETRIC_REPRESENTATION_CONTEXT(2) 
PARAMETRIC_REPRESENTATION_CONTEXT() REPRESENTATION_CONTEXT('2D SPACE',''
  ) );
#262 = ORIENTED_EDGE('',*,*,#206,.T.);
#263 = ORIENTED_EDGE('',*,*,#264,.T.);
#264 = EDGE_CURVE('',#182,#265,#267,.T.);
#265 = VERTEX_POINT('',#266);
#266 = CARTESIAN_POINT('',(7.802328997828,-3.011287495305,5.));
#267 = SURFACE_CURVE('',#268,(#273,#280),.PCURVE_S1.);
#268 = B_SPLINE_CURVE_WITH_KNOTS('',3,(#269,#270,#271,#272),
  .UNSPECIFIED.,.F.,.F.,(4,4),(0.,1.),.PIECEWISE_BEZIER_KNOTS.);
#269 = CARTESIAN_POINT('',(8.833867966047,-3.048245685382,5.));
#270 = CARTESIAN_POINT('',(8.492430335598,-3.088574929568,5.));
#271 = CARTESIAN_POINT('',(8.136388015964,-3.107221219506,5.));
#272 = CARTESIAN_POINT('',(7.802328997828,-3.011287495305,5.));
#273 = PCURVE('',#219,#274);
#274 = DEFINITIONAL_REPRESENTATION('',(#275),#279);
#275 = LINE('',#276,#277);
#276 = CARTESIAN_POINT('',(1.,0.));
#277 = VECTOR('',#278,1.);
#278 = DIRECTION('',(0.,1.));
#279 = ( GEOMETRIC_REPRESENTATION_CONTEXT(2) 
PARAMETRIC_REPRESENTATION_CONTEXT() REPRESENTATION_CONTEXT('2D SPACE',''
  ) );
#280 = PCURVE('',#110,#281);
#281 = DEFINITIONAL_REPRESENTATION('',(#282),#287);
#282 = B_SPLINE_CURVE_WITH_KNOTS('',3,(#283,#284,#285,#286),
  .UNSPECIFIED.,.F.,.F.,(4,4),(0.,1.),.PIECEWISE_BEZIER_KNOTS.);
#283 = CARTESIAN_POINT('',(-8.833867966047,-3.048245685382));
#284 = CARTESIAN_POINT('',(-8.492430335598,-3.088574929568));
#285 = CARTESIAN_POINT('',(-8.136388015964,-3.107221219506));
#286 = CARTESIAN_POINT('',(-7.802328997828,-3.011287495305));
#287 = ( GEOMETRIC_REPRESENTATION_CONTEXT(2) 
PARAMETRIC_REPRESENTATION_CONTEXT() REPRESENTATION_CONTEXT('2D SPACE',''
  ) );
#288 = ORIENTED_EDGE('',*,*,#289,.F.);
#289 = EDGE_CURVE('',#239,#265,#290,.T.);
#290 = SURFACE_CURVE('',#291,(#294,#301),.PCURVE_S1.);
#291 = B_SPLINE_CURVE_WITH_KNOTS('',1,(#292,#293),.UNSPECIFIED.,.F.,.F.,
  (2,2),(0.,1.),.PIECEWISE_BEZIER_KNOTS.);
#292 = CARTESIAN_POINT('',(7.802328997828,-3.011287495305,0.));
#293 = CARTESIAN_POINT('',(7.802328997828,-3.011287495305,5.));
#294 = PCURVE('',#219,#295);
#295 = DEFINITIONAL_REPRESENTATION('',(#296),#300);
#296 = LINE('',#297,#298);
#297 = CARTESIAN_POINT('',(0.,1.));
#298 = VECTOR('',#299,1.);
#299 = DIRECTION('',(1.,0.));
#300 = ( GEOMETRIC_REPRESENTATION_CONTEXT(2) 
PARAMETRIC_REPRESENTATION_CONTEXT() REPRESENTATION_CONTEXT('2D SPACE',''
  ) );
#301 = PCURVE('',#302,#311);
#302 = B_SPLINE_SURFACE_WITH_KNOTS('',1,3,(
    (#303,#304,#305,#306)
    ,(#307,#308,#309,#310
    )),.UNSPECIFIED.,.F.,.F.,.F.,(2,2),(4,4),(0.,1.),(0.,1.),
  .PIECEWISE_BEZIER_KNOTS.);
#303 = CARTESIAN_POINT('',(7.802328997828,-3.011287495305,0.));
#304 = CARTESIAN_POINT('',(7.729855623037,-3.126931262702,0.));
#305 = CARTESIAN_POINT('',(7.676907628803,-3.254759028482,0.));
#306 = CARTESIAN_POINT('',(7.646381551445,-3.38777793538,0.));
#307 = CARTESIAN_POINT('',(7.802328997828,-3.011287495305,5.));
#308 = CARTESIAN_POINT('',(7.729855623037,-3.126931262702,5.));
#309 = CARTESIAN_POINT('',(7.676907628803,-3.254759028482,5.));
#310 = CARTESIAN_POINT('',(7.646381551445,-3.38777793538,5.));
#311 = DEFINITIONAL_REPRESENTATION('',(#312),#316);
#312 = LINE('',#313,#314);
#313 = CARTESIAN_POINT('',(0.,0.));
#314 = VECTOR('',#315,1.);
#315 = DIRECTION('',(1.,0.));
#316 = ( GEOMETRIC_REPRESENTATION_CONTEXT(2) 
PARAMETRIC_REPRESENTATION_CONTEXT() REPRESENTATION_CONTEXT('2D SPACE',''
  ) );
#317 = ADVANCED_FACE('',(#318),#302,.T.);
#318 = FACE_BOUND('',#319,.T.);
#319 = EDGE_LOOP('',(#320,#345,#346,#371));
#320 = ORIENTED_EDGE('',*,*,#321,.F.);
#321 = EDGE_CURVE('',#239,#322,#324,.T.);
#322 = VERTEX_POINT('',#323);
#323 = CARTESIAN_POINT('',(7.646381551445,-3.38777793538,0.));
#324 = SURFACE_CURVE('',#325,(#330,#337),.PCURVE_S1.);
#325 = B_SPLINE_CURVE_WITH_KNOTS('',3,(#326,#327,#328,#329),
  .UNSPECIFIED.,.F.,.F.,(4,4),(0.,1.),.PIECEWISE_BEZIER_KNOTS.);
#326 = CARTESIAN_POINT('',(7.802328997828,-3.011287495305,0.));
#327 = CARTESIAN_POINT('',(7.729855623037,-3.126931262702,0.));
#328 = CARTESIAN_POINT('',(7.676907628803,-3.254759028482,0.));
#329 = CARTESIAN_POINT('',(7.646381551445,-3.38777793538,0.));
#330 = PCURVE('',#302,#331);
#331 = DEFINITIONAL_REPRESENTATION('',(#332),#336);
#332 = LINE('',#333,#334);
#333 = CARTESIAN_POINT('',(0.,0.));
#334 = VECTOR('',#335,1.);
#335 = DIRECTION('',(0.,1.));
#336 = ( GEOMETRIC_REPRESENTATION_CONTEXT(2) 
PARAMETRIC_REPRESENTATION_CONTEXT() REPRESENTATION_CONTEXT('2D SPACE',''
  ) );
#337 = PCURVE('',#49,#338);
#338 = DEFINITIONAL_REPRESENTATION('',(#339),#344);
#339 = B_SPLINE_CURVE_WITH_KNOTS('',3,(#340,#341,#342,#343),
  .UNSPECIFIED.,.F.,.F.,(4,4),(0.,1.),.PIECEWISE_BEZIER_KNOTS.);
#340 = CARTESIAN_POINT('',(7.802328997828,-3.011287495305));
#341 = CARTESIAN_POINT('',(7.729855623037,-3.126931262702));
#342 = CARTESIAN_POINT('',(7.676907628803,-3.254759028482));
#343 = CARTESIAN_POINT('',(7.646381551445,-3.38777793538));
#344 = ( GEOMETRIC_REPRESENTATION_CONTEXT(2) 
PARAMETRIC_REPRESENTATION_CONTEXT() REPRESENTATION_CONTEXT('2D SPACE',''
  ) );
#345 = ORIENTED_EDGE('',*,*,#289,.T.);
#346 = ORIENTED_EDGE('',*,*,#347,.T.);
#347 = EDGE_CURVE('',#265,#348,#350,.T.);
#348 = VERTEX_POINT('',#349);
#349 = CARTESIAN_POINT('',(7.646381551445,-3.38777793538,5.));
#350 = SURFACE_CURVE('',#351,(#356,#363),.PCURVE_S1.);
#351 = B_SPLINE_CURVE_WITH_KNOTS('',3,(#352,#353,#354,#355),
  .UNSPECIFIED.,.F.,.F.,(4,4),(0.,1.),.PIECEWISE_BEZIER_KNOTS.);
#352 = CARTESIAN_POINT('',(7.802328997828,-3.011287495305,5.));
#353 = CARTESIAN_POINT('',(7.729855623037,-3.126931262702,5.));
#354 = CARTESIAN_POINT('',(7.676907628803,-3.254759028482,5.));
#355 = CARTESIAN_POINT('',(7.646381551445,-3.38777793538,5.));
#356 = PCURVE('',#302,#357);
#357 = DEFINITIONAL_REPRESENTATION('',(#358),#362);
#358 = LINE('',#359,#360);
#359 = CARTESIAN_POINT('',(1.,0.));
#360 = VECTOR('',#361,1.);
#361 = DIRECTION('',(0.,1.));
#362 = ( GEOMETRIC_REPRESENTATION_CONTEXT(2) 
PARAMETRIC_REPRESENTATION_CONTEXT() REPRESENTATION_CONTEXT('2D SPACE',''
  ) );
#363 = PCURVE('',#110,#364);
#364 = DEFINITIONAL_REPRESENTATION('',(#365),#370);
#365 = B_SPLINE_CURVE_WITH_KNOTS('',3,(#366,#367,#368,#369),
  .UNSPECIFIED.,.F.,.F.,(4,4),(0.,1.),.PIECEWISE_BEZIER_KNOTS.);
#366 = CARTESIAN_POINT('',(-7.802328997828,-3.011287495305));
#367 = CARTESIAN_POINT('',(-7.729855623037,-3.126931262702));
#368 = CARTESIAN_POINT('',(-7.676907628803,-3.254759028482));
#369 = CARTESIAN_POINT('',(-7.646381551445,-3.38777793538));
#370 = ( GEOMETRIC_REPRESENTATION_CONTEXT(2) 
PARAMETRIC_REPRESENTATION_CONTEXT() REPRESENTATION_CONTEXT('2D SPACE',''
  ) );
#371 = ORIENTED_EDGE('',*,*,#372,.F.);
#372 = EDGE_CURVE('',#322,#348,#373,.T.);
#373 = SURFACE_CURVE('',#374,(#377,#384),.PCURVE_S1.);
#374 = B_SPLINE_CURVE_WITH_KNOTS('',1,(#375,#376),.UNSPECIFIED.,.F.,.F.,
  (2,2),(0.,1.),.PIECEWISE_BEZIER_KNOTS.);
#375 = CARTESIAN_POINT('',(7.646381551445,-3.38777793538,0.));
#376 = CARTESIAN_POINT('',(7.646381551445,-3.38777793538,5.));
#377 = PCURVE('',#302,#378);
#378 = DEFINITIONAL_REPRESENTATION('',(#379),#383);
#379 = LINE('',#380,#381);
#380 = CARTESIAN_POINT('',(0.,1.));
#381 = VECTOR('',#382,1.);
#382 = DIRECTION('',(1.,0.));
#383 = ( GEOMETRIC_REPRESENTATION_CONTEXT(2) 
PARAMETRIC_REPRESENTATION_CONTEXT() REPRESENTATION_CONTEXT('2D SPACE',''
  ) );
#384 = PCURVE('',#385,#394);
#385 = B_SPLINE_SURFACE_WITH_KNOTS('',1,3,(
    (#386,#387,#388,#389)
    ,(#390,#391,#392,#393
    )),.UNSPECIFIED.,.F.,.F.,.F.,(2,2),(4,4),(0.,1.),(0.,1.),
  .PIECEWISE_BEZIER_KNOTS.);
#386 = CARTESIAN_POINT('',(7.646381551445,-3.38777793538,0.));
#387 = CARTESIAN_POINT('',(7.950432335412,-3.556157945494,0.));
#388 = CARTESIAN_POINT('',(8.189007355955,-3.821102802155,0.));
#389 = CARTESIAN_POINT('',(8.401923137755,-4.091052748042,0.));
#390 = CARTESIAN_POINT('',(7.646381551445,-3.38777793538,5.));
#391 = CARTESIAN_POINT('',(7.950432335412,-3.556157945494,5.));
#392 = CARTESIAN_POINT('',(8.189007355955,-3.821102802155,5.));
#393 = CARTESIAN_POINT('',(8.401923137755,-4.091052748042,5.));
#394 = DEFINITIONAL_REPRESENTATION('',(#395),#399);
#395 = LINE('',#396,#397);
#396 = CARTESIAN_POINT('',(0.,0.));
#397 = VECTOR('',#398,1.);
#398 = DIRECTION('',(1.,0.));
#399 = ( GEOMETRIC_REPRESENTATION_CONTEXT(2) 
PARAMETRIC_REPRESENTATION_CONTEXT() REPRESENTATION_CONTEXT('2D SPACE',''
  ) );
#400 = ADVANCED_FACE('',(#401),#385,.T.);
#401 = FACE_BOUND('',#402,.T.);
#402 = EDGE_LOOP('',(#403,#428,#429,#454));
#403 = ORIENTED_EDGE('',*,*,#404,.F.);
#404 = EDGE_CURVE('',#322,#405,#407,.T.);
#405 = VERTEX_POINT('',#406);
#406 = CARTESIAN_POINT('',(8.401923137755,-4.091052748042,0.));
#407 = SURFACE_CURVE('',#408,(#413,#420),.PCURVE_S1.);
#408 = B_SPLINE_CURVE_WITH_KNOTS('',3,(#409,#410,#411,#412),
  .UNSPECIFIED.,.F.,.F.,(4,4),(0.,1.),.PIECEWISE_BEZIER_KNOTS.);
#409 = CARTESIAN_POINT('',(7.646381551445,-3.38777793538,0.));
#410 = CARTESIAN_POINT('',(7.950432335412,-3.556157945494,0.));
#411 = CARTESIAN_POINT('',(8.189007355955,-3.821102802155,0.));
#412 = CARTESIAN_POINT('',(8.401923137755,-4.091052748042,0.));
#413 = PCURVE('',#385,#414);
#414 = DEFINITIONAL_REPRESENTATION('',(#415),#419);
#415 = LINE('',#416,#417);
#416 = CARTESIAN_POINT('',(0.,0.));
#417 = VECTOR('',#418,1.);
#418 = DIRECTION('',(0.,1.));
#419 = ( GEOMETRIC_REPRESENTATION_CONTEXT(2) 
PARAMETRIC_REPRESENTATION_CONTEXT() REPRESENTATION_CONTEXT('2D SPACE',''
  ) );
#420 = PCURVE('',#49,#421);
#421 = DEFINITIONAL_REPRESENTATION('',(#422),#427);
#422 = B_SPLINE_CURVE_WITH_KNOTS('',3,(#423,#424,#425,#426),
  .UNSPECIFIED.,.F.,.F.,(4,4),(0.,1.),.PIECEWISE_BEZIER_KNOTS.);
#423 = CARTESIAN_POINT('',(7.646381551445,-3.38777793538));
#424 = CARTESIAN_POINT('',(7.950432335412,-3.556157945494));
#425 = CARTESIAN_POINT('',(8.189007355955,-3.821102802155));
#426 = CARTESIAN_POINT('',(8.401923137755,-4.091052748042));
#427 = ( GEOMETRIC_REPRESENTATION_CONTEXT(2) 
PARAMETRIC_REPRESENTATION_CONTEXT() REPRESENTATION_CONTEXT('2D SPACE',''
  ) );
#428 = ORIENTED_EDGE('',*,*,#372,.T.);
#429 = ORIENTED_EDGE('',*,*,#430,.T.);
#430 = EDGE_CURVE('',#348,#431,#433,.T.);
#431 = VERTEX_POINT('',#432);
#432 = CARTESIAN_POINT('',(8.401923137755,-4.091052748042,5.));
#433 = SURFACE_CURVE('',#434,(#439,#446),.PCURVE_S1.);
#434 = B_SPLINE_CURVE_WITH_KNOTS('',3,(#435,#436,#437,#438),
  .UNSPECIFIED.,.F.,.F.,(4,4),(0.,1.),.PIECEWISE_BEZIER_KNOTS.);
#435 = CARTESIAN_POINT('',(7.646381551445,-3.38777793538,5.));
#436 = CARTESIAN_POINT('',(7.950432335412,-3.556157945494,5.));
#437 = CARTESIAN_POINT('',(8.189007355955,-3.821102802155,5.));
#438 = CARTESIAN_POINT('',(8.401923137755,-4.091052748042,5.));
#439 = PCURVE('',#385,#440);
#440 = DEFINITIONAL_REPRESENTATION('',(#441),#445);
#441 = LINE('',#442,#443);
#442 = CARTESIAN_POINT('',(1.,0.));
#443 = VECTOR('',#444,1.);
#444 = DIRECTION('',(0.,1.));
#445 = ( GEOMETRIC_REPRESENTATION_CONTEXT(2) 
PARAMETRIC_REPRESENTATION_CONTEXT() REPRESENTATION_CONTEXT('2D SPACE',''
  ) );
#446 = PCURVE('',#110,#447);
#447 = DEFINITIONAL_REPRESENTATION('',(#448),#453);
#448 = B_SPLINE_CURVE_WITH_KNOTS('',3,(#449,#450,#451,#452),
  .UNSPECIFIED.,.F.,.F.,(4,4),(0.,1.),.PIECEWISE_BEZIER_KNOTS.);
#449 = CARTESIAN_POINT('',(-7.646381551445,-3.38777793538));
#450 = CARTESIAN_POINT('',(-7.950432335412,-3.556157945494));
#451 = CARTESIAN_POINT('',(-8.189007355955,-3.821102802155));
#452 = CARTESIAN_POINT('',(-8.401923137755,-4.091052748042));
#453 = ( GEOMETRIC_REPRESENTATION_CONTEXT(2) 
PARAMETRIC_REPRESENTATION_CONTEXT() REPRESENTATION_CONTEXT('2D SPACE',''
  ) );
#454 = ORIENTED_EDGE('',*,*,#455,.F.);
#455 = EDGE_CURVE('',#405,#431,#456,.T.);
#456 = SURFACE_CURVE('',#457,(#460,#467),.PCURVE_S1.);
#457 = B_SPLINE_CURVE_WITH_KNOTS('',1,(#458,#459),.UNSPECIFIED.,.F.,.F.,
  (2,2),(0.,1.),.PIECEWISE_BEZIER_KNOTS.);
#458 = CARTESIAN_POINT('',(8.401923137755,-4.091052748042,0.));
#459 = CARTESIAN_POINT('',(8.401923137755,-4.091052748042,5.));
#460 = PCURVE('',#385,#461);
#461 = DEFINITIONAL_REPRESENTATION('',(#462),#466);
#462 = LINE('',#463,#464);
#463 = CARTESIAN_POINT('',(0.,1.));
#464 = VECTOR('',#465,1.);
#465 = DIRECTION('',(1.,0.));
#466 = ( GEOMETRIC_REPRESENTATION_CONTEXT(2) 
PARAMETRIC_REPRESENTATION_CONTEXT() REPRESENTATION_CONTEXT('2D SPACE',''
  ) );
#467 = PCURVE('',#468,#477);
#468 = B_SPLINE_SURFACE_WITH_KNOTS('',1,3,(
    (#469,#470,#471,#472)
    ,(#473,#474,#475,#476
    )),.UNSPECIFIED.,.F.,.F.,.F.,(2,2),(4,4),(0.,1.),(0.,1.),
  .PIECEWISE_BEZIER_KNOTS.);
#469 = CARTESIAN_POINT('',(8.401923137755,-4.091052748042,0.));
#470 = CARTESIAN_POINT('',(8.352527648366,-4.19249792074,0.));
#471 = CARTESIAN_POINT('',(8.301294637834,-4.293048365437,0.));
#472 = CARTESIAN_POINT('',(8.248257709318,-4.392638132226,0.));
#473 = CARTESIAN_POINT('',(8.401923137755,-4.091052748042,5.));
#474 = CARTESIAN_POINT('',(8.352527648366,-4.19249792074,5.));
#475 = CARTESIAN_POINT('',(8.301294637834,-4.293048365437,5.));
#476 = CARTESIAN_POINT('',(8.248257709318,-4.392638132226,5.));
#477 = DEFINITIONAL_REPRESENTATION('',(#478),#482);
#478 = LINE('',#479,#480);
#479 = CARTESIAN_POINT('',(0.,0.));
#480 = VECTOR('',#481,1.);
#481 = DIRECTION('',(1.,0.));
#482 = ( GEOMETRIC_REPRESENTATION_CONTEXT(2) 
PARAMETRIC_REPRESENTATION_CONTEXT() REPRESENTATION_CONTEXT('2D SPACE',''
  ) );
#483 = ADVANCED_FACE('',(#484),#468,.T.);
#484 = FACE_BOUND('',#485,.T.);
#485 = EDGE_LOOP('',(#486,#511,#512,#537));
#486 = ORIENTED_EDGE('',*,*,#487,.F.);
#487 = EDGE_CURVE('',#405,#488,#490,.T.);
#488 = VERTEX_POINT('',#489);
#489 = CARTESIAN_POINT('',(8.248257709318,-4.392638132226,0.));
#490 = SURFACE_CURVE('',#491,(#496,#503),.PCURVE_S1.);
#491 = B_SPLINE_CURVE_WITH_KNOTS('',3,(#492,#493,#494,#495),
  .UNSPECIFIED.,.F.,.F.,(4,4),(0.,1.),.PIECEWISE_BEZIER_KNOTS.);
#492 = CARTESIAN_POINT('',(8.401923137755,-4.091052748042,0.));
#493 = CARTESIAN_POINT('',(8.352527648366,-4.19249792074,0.));
#494 = CARTESIAN_POINT('',(8.301294637834,-4.293048365437,0.));
#495 = CARTESIAN_POINT('',(8.248257709318,-4.392638132226,0.));
#496 = PCURVE('',#468,#497);
#497 = DEFINITIONAL_REPRESENTATION('',(#498),#502);
#498 = LINE('',#499,#500);
#499 = CARTESIAN_POINT('',(0.,0.));
#500 = VECTOR('',#501,1.);
#501 = DIRECTION('',(0.,1.));
#502 = ( GEOMETRIC_REPRESENTATION_CONTEXT(2) 
PARAMETRIC_REPRESENTATION_CONTEXT() REPRESENTATION_CONTEXT('2D SPACE',''
  ) );
#503 = PCURVE('',#49,#504);
#504 = DEFINITIONAL_REPRESENTATION('',(#505),#510);
#505 = B_SPLINE_CURVE_WITH_KNOTS('',3,(#506,#507,#508,#509),
  .UNSPECIFIED.,.F.,.F.,(4,4),(0.,1.),.PIECEWISE_BEZIER_KNOTS.);
#506 = CARTESIAN_POINT('',(8.401923137755,-4.091052748042));
#507 = CARTESIAN_POINT('',(8.352527648366,-4.19249792074));
#508 = CARTESIAN_POINT('',(8.301294637834,-4.293048365437));
#509 = CARTESIAN_POINT('',(8.248257709318,-4.392638132226));
#510 = ( GEOMETRIC_REPRESENTATION_CONTEXT(2) 
PARAMETRIC_REPRESENTATION_CONTEXT() REPRESENTATION_CONTEXT('2D SPACE',''
  ) );
#511 = ORIENTED_EDGE('',*,*,#455,.T.);
#512 = ORIENTED_EDGE('',*,*,#513,.T.);
#513 = EDGE_CURVE('',#431,#514,#516,.T.);
#514 = VERTEX_POINT('',#515);
#515 = CARTESIAN_POINT('',(8.248257709318,-4.392638132226,5.));
#516 = SURFACE_CURVE('',#517,(#522,#529),.PCURVE_S1.);
#517 = B_SPLINE_CURVE_WITH_KNOTS('',3,(#518,#519,#520,#521),
  .UNSPECIFIED.,.F.,.F.,(4,4),(0.,1.),.PIECEWISE_BEZIER_KNOTS.);
#518 = CARTESIAN_POINT('',(8.401923137755,-4.091052748042,5.));
#519 = CARTESIAN_POINT('',(8.352527648366,-4.19249792074,5.));
#520 = CARTESIAN_POINT('',(8.301294637834,-4.293048365437,5.));
#521 = CARTESIAN_POINT('',(8.248257709318,-4.392638132226,5.));
#522 = PCURVE('',#468,#523);
#523 = DEFINITIONAL_REPRESENTATION('',(#524),#528);
#524 = LINE('',#525,#526);
#525 = CARTESIAN_POINT('',(1.,0.));
#526 = VECTOR('',#527,1.);
#527 = DIRECTION('',(0.,1.));
#528 = ( GEOMETRIC_REPRESENTATION_CONTEXT(2) 
PARAMETRIC_REPRESENTATION_CONTEXT() REPRESENTATION_CONTEXT('2D SPACE',''
  ) );
#529 = PCURVE('',#110,#530);
#530 = DEFINITIONAL_REPRESENTATION('',(#531),#536);
#531 = B_SPLINE_CURVE_WITH_KNOTS('',3,(#532,#533,#534,#535),
  .UNSPECIFIED.,.F.,.F.,(4,4),(0.,1.),.PIECEWISE_BEZIER_KNOTS.);
#532 = CARTESIAN_POINT('',(-8.401923137755,-4.091052748042));
#533 = CARTESIAN_POINT('',(-8.352527648366,-4.19249792074));
#534 = CARTESIAN_POINT('',(-8.301294637834,-4.293048365437));
#535 = CARTESIAN_POINT('',(-8.248257709318,-4.392638132226));
#536 = ( GEOMETRIC_REPRESENTATION_CONTEXT(2) 
PARAMETRIC_REPRESENTATION_CONTEXT() REPRESENTATION_CONTEXT('2D SPACE',''
  ) );
#537 = ORIENTED_EDGE('',*,*,#538,.F.);
#538 = EDGE_CURVE('',#488,#514,#539,.T.);
#539 = SURFACE_CURVE('',#540,(#543,#550),.PCURVE_S1.);
#540 = B_SPLINE_CURVE_WITH_KNOTS('',1,(#541,#542),.UNSPECIFIED.,.F.,.F.,
  (2,2),(0.,1.),.PIECEWISE_BEZIER_KNOTS.);
#541 = CARTESIAN_POINT('',(8.248257709318,-4.392638132226,0.));
#542 = CARTESIAN_POINT('',(8.248257709318,-4.392638132226,5.));
#543 = PCURVE('',#468,#544);
#544 = DEFINITIONAL_REPRESENTATION('',(#545),#549);
#545 = LINE('',#546,#547);
#546 = CARTESIAN_POINT('',(0.,1.));
#547 = VECTOR('',#548,1.);
#548 = DIRECTION('',(1.,0.));
#549 = ( GEOMETRIC_REPRESENTATION_CONTEXT(2) 
PARAMETRIC_REPRESENTATION_CONTEXT() REPRESENTATION_CONTEXT('2D SPACE',''
  ) );
#550 = PCURVE('',#551,#560);
#551 = B_SPLINE_SURFACE_WITH_KNOTS('',1,3,(
    (#552,#553,#554,#555)
    ,(#556,#557,#558,#559
    )),.UNSPECIFIED.,.F.,.F.,.F.,(2,2),(4,4),(0.,1.),(0.,1.),
  .PIECEWISE_BEZIER_KNOTS.);
#552 = CARTESIAN_POINT('',(8.248257709318,-4.392638132226,0.));
#553 = CARTESIAN_POINT('',(7.904714858943,-4.379058243429,0.));
#554 = CARTESIAN_POINT('',(7.550139088691,-4.341777676793,0.));
#555 = CARTESIAN_POINT('',(7.235200232231,-4.194766712136,0.));
#556 = CARTESIAN_POINT('',(8.248257709318,-4.392638132226,5.));
#557 = CARTESIAN_POINT('',(7.904714858943,-4.379058243429,5.));
#558 = CARTESIAN_POINT('',(7.550139088691,-4.341777676793,5.));
#559 = CARTESIAN_POINT('',(7.235200232231,-4.194766712136,5.));
#560 = DEFINITIONAL_REPRESENTATION('',(#561),#565);
#561 = LINE('',#562,#563);
#562 = CARTESIAN_POINT('',(0.,0.));
#563 = VECTOR('',#564,1.);
#564 = DIRECTION('',(1.,0.));
#565 = ( GEOMETRIC_REPRESENTATION_CONTEXT(2) 
PARAMETRIC_REPRESENTATION_CONTEXT() REPRESENTATION_CONTEXT('2D SPACE',''
  ) );
#566 = ADVANCED_FACE('',(#567),#551,.T.);
#567 = FACE_BOUND('',#568,.T.);
#568 = EDGE_LOOP('',(#569,#594,#595,#620));
#569 = ORIENTED_EDGE('',*,*,#570,.F.);
#570 = EDGE_CURVE('',#488,#571,#573,.T.);
#571 = VERTEX_POINT('',#572);
#572 = CARTESIAN_POINT('',(7.235200232231,-4.194766712136,0.));
#573 = SURFACE_CURVE('',#574,(#579,#586),.PCURVE_S1.);
#574 = B_SPLINE_CURVE_WITH_KNOTS('',3,(#575,#576,#577,#578),
  .UNSPECIFIED.,.F.,.F.,(4,4),(0.,1.),.PIECEWISE_BEZIER_KNOTS.);
#575 = CARTESIAN_POINT('',(8.248257709318,-4.392638132226,0.));
#576 = CARTESIAN_POINT('',(7.904714858943,-4.379058243429,0.));
#577 = CARTESIAN_POINT('',(7.550139088691,-4.341777676793,0.));
#578 = CARTESIAN_POINT('',(7.235200232231,-4.194766712136,0.));
#579 = PCURVE('',#551,#580);
#580 = DEFINITIONAL_REPRESENTATION('',(#581),#585);
#581 = LINE('',#582,#583);
#582 = CARTESIAN_POINT('',(0.,0.));
#583 = VECTOR('',#584,1.);
#584 = DIRECTION('',(0.,1.));
#585 = ( GEOMETRIC_REPRESENTATION_CONTEXT(2) 
PARAMETRIC_REPRESENTATION_CONTEXT() REPRESENTATION_CONTEXT('2D SPACE',''
  ) );
#586 = PCURVE('',#49,#587);
#587 = DEFINITIONAL_REPRESENTATION('',(#588),#593);
#588 = B_SPLINE_CURVE_WITH_KNOTS('',3,(#589,#590,#591,#592),
  .UNSPECIFIED.,.F.,.F.,(4,4),(0.,1.),.PIECEWISE_BEZIER_KNOTS.);
#589 = CARTESIAN_POINT('',(8.248257709318,-4.392638132226));
#590 = CARTESIAN_POINT('',(7.904714858943,-4.379058243429));
#591 = CARTESIAN_POINT('',(7.550139088691,-4.341777676793));
#592 = CARTESIAN_POINT('',(7.235200232231,-4.194766712136));
#593 = ( GEOMETRIC_REPRESENTATION_CONTEXT(2) 
PARAMETRIC_REPRESENTATION_CONTEXT() REPRESENTATION_CONTEXT('2D SPACE',''
  ) );
#594 = ORIENTED_EDGE('',*,*,#538,.T.);
#595 = ORIENTED_EDGE('',*,*,#596,.T.);
#596 = EDGE_CURVE('',#514,#597,#599,.T.);
#597 = VERTEX_POINT('',#598);
#598 = CARTESIAN_POINT('',(7.235200232231,-4.194766712136,5.));
#599 = SURFACE_CURVE('',#600,(#605,#612),.PCURVE_S1.);
#600 = B_SPLINE_CURVE_WITH_KNOTS('',3,(#601,#602,#603,#604),
  .UNSPECIFIED.,.F.,.F.,(4,4),(0.,1.),.PIECEWISE_BEZIER_KNOTS.);
#601 = CARTESIAN_POINT('',(8.248257709318,-4.392638132226,5.));
#602 = CARTESIAN_POINT('',(7.904714858943,-4.379058243429,5.));
#603 = CARTESIAN_POINT('',(7.550139088691,-4.341777676793,5.));
#604 = CARTESIAN_POINT('',(7.235200232231,-4.194766712136,5.));
#605 = PCURVE('',#551,#606);
#606 = DEFINITIONAL_REPRESENTATION('',(#607),#611);
#607 = LINE('',#608,#609);
#608 = CARTESIAN_POINT('',(1.,0.));
#609 = VECTOR('',#610,1.);
#610 = DIRECTION('',(0.,1.));
#611 = ( GEOMETRIC_REPRESENTATION_CONTEXT(2) 
PARAMETRIC_REPRESENTATION_CONTEXT() REPRESENTATION_CONTEXT('2D SPACE',''
  ) );
#612 = PCURVE('',#110,#613);
#613 = DEFINITIONAL_REPRESENTATION('',(#614),#619);
#614 = B_SPLINE_CURVE_WITH_KNOTS('',3,(#615,#616,#617,#618),
  .UNSPECIFIED.,.F.,.F.,(4,4),(0.,1.),.PIECEWISE_BEZIER_KNOTS.);
#615 = CARTESIAN_POINT('',(-8.248257709318,-4.392638132226));
#616 = CARTESIAN_POINT('',(-7.904714858943,-4.379058243429));
#617 = CARTESIAN_POINT('',(-7.550139088691,-4.341777676793));
#618 = CARTESIAN_POINT('',(-7.235200232231,-4.194766712136));
#619 = ( GEOMETRIC_REPRESENTATION_CONTEXT(2) 
PARAMETRIC_REPRESENTATION_CONTEXT() REPRESENTATION_CONTEXT('2D SPACE',''
  ) );
#620 = ORIENTED_EDGE('',*,*,#621,.F.);
#621 = EDGE_CURVE('',#571,#597,#622,.T.);
#622 = SURFACE_CURVE('',#623,(#626,#633),.PCURVE_S1.);
#623 = B_SPLINE_CURVE_WITH_KNOTS('',1,(#624,#625),.UNSPECIFIED.,.F.,.F.,
  (2,2),(0.,1.),.PIECEWISE_BEZIER_KNOTS.);
#624 = CARTESIAN_POINT('',(7.235200232231,-4.194766712136,0.));
#625 = CARTESIAN_POINT('',(7.235200232231,-4.194766712136,5.));
#626 = PCURVE('',#551,#627);
#627 = DEFINITIONAL_REPRESENTATION('',(#628),#632);
#628 = LINE('',#629,#630);
#629 = CARTESIAN_POINT('',(0.,1.));
#630 = VECTOR('',#631,1.);
#631 = DIRECTION('',(1.,0.));
#632 = ( GEOMETRIC_REPRESENTATION_CONTEXT(2) 
PARAMETRIC_REPRESENTATION_CONTEXT() REPRESENTATION_CONTEXT('2D SPACE',''
  ) );
#633 = PCURVE('',#634,#643);
#634 = B_SPLINE_SURFACE_WITH_KNOTS('',1,3,(
    (#635,#636,#637,#638)
    ,(#639,#640,#641,#642
    )),.UNSPECIFIED.,.F.,.F.,.F.,(2,2),(4,4),(0.,1.),(0.,1.),
  .PIECEWISE_BEZIER_KNOTS.);
#635 = CARTESIAN_POINT('',(7.235200232231,-4.194766712136,0.));
#636 = CARTESIAN_POINT('',(7.14552845406,-4.297649379241,0.));
#637 = CARTESIAN_POINT('',(7.07323566934,-4.415620481954,0.));
#638 = CARTESIAN_POINT('',(7.022276677108,-4.542226374794,0.));
#639 = CARTESIAN_POINT('',(7.235200232231,-4.194766712136,5.));
#640 = CARTESIAN_POINT('',(7.14552845406,-4.297649379241,5.));
#641 = CARTESIAN_POINT('',(7.07323566934,-4.415620481954,5.));
#642 = CARTESIAN_POINT('',(7.022276677108,-4.542226374794,5.));
#643 = DEFINITIONAL_REPRESENTATION('',(#644),#648);
#644 = LINE('',#645,#646);
#645 = CARTESIAN_POINT('',(0.,0.));
#646 = VECTOR('',#647,1.);
#647 = DIRECTION('',(1.,0.));
#648 = ( GEOMETRIC_REPRESENTATION_CONTEXT(2) 
PARAMETRIC_REPRESENTATION_CONTEXT() REPRESENTATION_CONTEXT('2D SPACE',''
  ) );
#649 = ADVANCED_FACE('',(#650),#634,.T.);
#650 = FACE_BOUND('',#651,.T.);
#651 = EDGE_LOOP('',(#652,#677,#678,#703));
#652 = ORIENTED_EDGE('',*,*,#653,.F.);
#653 = EDGE_CURVE('',#571,#654,#656,.T.);
#654 = VERTEX_POINT('',#655);
#655 = CARTESIAN_POINT('',(7.022276677108,-4.542226374794,0.));
#656 = SURFACE_CURVE('',#657,(#662,#669),.PCURVE_S1.);
#657 = B_SPLINE_CURVE_WITH_KNOTS('',3,(#658,#659,#660,#661),
  .UNSPECIFIED.,.F.,.F.,(4,4),(0.,1.),.PIECEWISE_BEZIER_KNOTS.);
#658 = CARTESIAN_POINT('',(7.235200232231,-4.194766712136,0.));
#659 = CARTESIAN_POINT('',(7.14552845406,-4.297649379241,0.));
#660 = CARTESIAN_POINT('',(7.07323566934,-4.415620481954,0.));
#661 = CARTESIAN_POINT('',(7.022276677108,-4.542226374794,0.));
#662 = PCURVE('',#634,#663);
#663 = DEFINITIONAL_REPRESENTATION('',(#664),#668);
#664 = LINE('',#665,#666);
#665 = CARTESIAN_POINT('',(0.,0.));
#666 = VECTOR('',#667,1.);
#667 = DIRECTION('',(0.,1.));
#668 = ( GEOMETRIC_REPRESENTATION_CONTEXT(2) 
PARAMETRIC_REPRESENTATION_CONTEXT() REPRESENTATION_CONTEXT('2D SPACE',''
  ) );
#669 = PCURVE('',#49,#670);
#670 = DEFINITIONAL_REPRESENTATION('',(#671),#676);
#671 = B_SPLINE_CURVE_WITH_KNOTS('',3,(#672,#673,#674,#675),
  .UNSPECIFIED.,.F.,.F.,(4,4),(0.,1.),.PIECEWISE_BEZIER_KNOTS.);
#672 = CARTESIAN_POINT('',(7.235200232231,-4.194766712136));
#673 = CARTESIAN_POINT('',(7.14552845406,-4.297649379241));
#674 = CARTESIAN_POINT('',(7.07323566934,-4.415620481954));
#675 = CARTESIAN_POINT('',(7.022276677108,-4.542226374794));
#676 = ( GEOMETRIC_REPRESENTATION_CONTEXT(2) 
PARAMETRIC_REPRESENTATION_CONTEXT() REPRESENTATION_CONTEXT('2D SPACE',''
  ) );
#677 = ORIENTED_EDGE('',*,*,#621,.T.);
#678 = ORIENTED_EDGE('',*,*,#679,.T.);
#679 = EDGE_CURVE('',#597,#680,#682,.T.);
#680 = VERTEX_POINT('',#681);
#681 = CARTESIAN_POINT('',(7.022276677108,-4.542226374794,5.));
#682 = SURFACE_CURVE('',#683,(#688,#695),.PCURVE_S1.);
#683 = B_SPLINE_CURVE_WITH_KNOTS('',3,(#684,#685,#686,#687),
  .UNSPECIFIED.,.F.,.F.,(4,4),(0.,1.),.PIECEWISE_BEZIER_KNOTS.);
#684 = CARTESIAN_POINT('',(7.235200232231,-4.194766712136,5.));
#685 = CARTESIAN_POINT('',(7.14552845406,-4.297649379241,5.));
#686 = CARTESIAN_POINT('',(7.07323566934,-4.415620481954,5.));
#687 = CARTESIAN_POINT('',(7.022276677108,-4.542226374794,5.));
#688 = PCURVE('',#634,#689);
#689 = DEFINITIONAL_REPRESENTATION('',(#690),#694);
#690 = LINE('',#691,#692);
#691 = CARTESIAN_POINT('',(1.,0.));
#692 = VECTOR('',#693,1.);
#693 = DIRECTION('',(0.,1.));
#694 = ( GEOMETRIC_REPRESENTATION_CONTEXT(2) 
PARAMETRIC_REPRESENTATION_CONTEXT() REPRESENTATION_CONTEXT('2D SPACE',''
  ) );
#695 = PCURVE('',#110,#696);
#696 = DEFINITIONAL_REPRESENTATION('',(#697),#702);
#697 = B_SPLINE_CURVE_WITH_KNOTS('',3,(#698,#699,#700,#701),
  .UNSPECIFIED.,.F.,.F.,(4,4),(0.,1.),.PIECEWISE_BEZIER_KNOTS.);
#698 = CARTESIAN_POINT('',(-7.235200232231,-4.194766712136));
#699 = CARTESIAN_POINT('',(-7.14552845406,-4.297649379241));
#700 = CARTESIAN_POINT('',(-7.07323566934,-4.415620481954));
#701 = CARTESIAN_POINT('',(-7.022276677108,-4.542226374794));
#702 = ( GEOMETRIC_REPRESENTATION_CONTEXT(2) 
PARAMETRIC_REPRESENTATION_CONTEXT() REPRESENTATION_CONTEXT('2D SPACE',''
  ) );
#703 = ORIENTED_EDGE('',*,*,#704,.F.);
#704 = EDGE_CURVE('',#654,#680,#705,.T.);
#705 = SURFACE_CURVE('',#706,(#709,#716),.PCURVE_S1.);
#706 = B_SPLINE_CURVE_WITH_KNOTS('',1,(#707,#708),.UNSPECIFIED.,.F.,.F.,
  (2,2),(0.,1.),.PIECEWISE_BEZIER_KNOTS.);
#707 = CARTESIAN_POINT('',(7.022276677108,-4.542226374794,0.));
#708 = CARTESIAN_POINT('',(7.022276677108,-4.542226374794,5.));
#709 = PCURVE('',#634,#710);
#710 = DEFINITIONAL_REPRESENTATION('',(#711),#715);
#711 = LINE('',#712,#713);
#712 = CARTESIAN_POINT('',(0.,1.));
#713 = VECTOR('',#714,1.);
#714 = DIRECTION('',(1.,0.));
#715 = ( GEOMETRIC_REPRESENTATION_CONTEXT(2) 
PARAMETRIC_REPRESENTATION_CONTEXT() REPRESENTATION_CONTEXT('2D SPACE',''
  ) );
#716 = PCURVE('',#717,#726);
#717 = B_SPLINE_SURFACE_WITH_KNOTS('',1,3,(
    (#718,#719,#720,#721)
    ,(#722,#723,#724,#725
    )),.UNSPECIFIED.,.F.,.F.,.F.,(2,2),(4,4),(0.,1.),(0.,1.),
  .PIECEWISE_BEZIER_KNOTS.);
#718 = CARTESIAN_POINT('',(7.022276677108,-4.542226374794,0.));
#719 = CARTESIAN_POINT('',(7.296243654575,-4.756097369308,0.));
#720 = CARTESIAN_POINT('',(7.490434913806,-5.055101670844,0.));
#721 = CARTESIAN_POINT('',(7.658499873645,-5.355035451365,0.));
#722 = CARTESIAN_POINT('',(7.022276677108,-4.542226374794,5.));
#723 = CARTESIAN_POINT('',(7.296243654575,-4.756097369308,5.));
#724 = CARTESIAN_POINT('',(7.490434913806,-5.055101670844,5.));
#725 = CARTESIAN_POINT('',(7.658499873645,-5.355035451365,5.));
#726 = DEFINITIONAL_REPRESENTATION('',(#727),#731);
#727 = LINE('',#728,#729);
#728 = CARTESIAN_POINT('',(0.,0.));
#729 = VECTOR('',#730,1.);
#730 = DIRECTION('',(1.,0.));
#731 = ( GEOMETRIC_REPRESENTATION_CONTEXT(2) 
PARAMETRIC_REPRESENTATION_CONTEXT() REPRESENTATION_CONTEXT('2D SPACE',''
  ) );
#732 = ADVANCED_FACE('',(#733),#717,.T.);
#733 = FACE_BOUND('',#734,.T.);
#734 = EDGE_LOOP('',(#735,#760,#761,#786));
#735 = ORIENTED_EDGE('',*,*,#736,.F.);
#736 = EDGE_CURVE('',#654,#737,#739,.T.);
#737 = VERTEX_POINT('',#738);
#738 = CARTESIAN_POINT('',(7.658499873645,-5.355035451365,0.));
#739 = SURFACE_CURVE('',#740,(#745,#752),.PCURVE_S1.);
#740 = B_SPLINE_CURVE_WITH_KNOTS('',3,(#741,#742,#743,#744),
  .UNSPECIFIED.,.F.,.F.,(4,4),(0.,1.),.PIECEWISE_BEZIER_KNOTS.);
#741 = CARTESIAN_POINT('',(7.022276677108,-4.542226374794,0.));
#742 = CARTESIAN_POINT('',(7.296243654575,-4.756097369308,0.));
#743 = CARTESIAN_POINT('',(7.490434913806,-5.055101670844,0.));
#744 = CARTESIAN_POINT('',(7.658499873645,-5.355035451365,0.));
#745 = PCURVE('',#717,#746);
#746 = DEFINITIONAL_REPRESENTATION('',(#747),#751);
#747 = LINE('',#748,#749);
#748 = CARTESIAN_POINT('',(0.,0.));
#749 = VECTOR('',#750,1.);
#750 = DIRECTION('',(0.,1.));
#751 = ( GEOMETRIC_REPRESENTATION_CONTEXT(2) 
PARAMETRIC_REPRESENTATION_CONTEXT() REPRESENTATION_CONTEXT('2D SPACE',''
  ) );
#752 = PCURVE('',#49,#753);
#753 = DEFINITIONAL_REPRESENTATION('',(#754),#759);
#754 = B_SPLINE_CURVE_WITH_KNOTS('',3,(#755,#756,#757,#758),
  .UNSPECIFIED.,.F.,.F.,(4,4),(0.,1.),.PIECEWISE_BEZIER_KNOTS.);
#755 = CARTESIAN_POINT('',(7.022276677108,-4.542226374794));
#756 = CARTESIAN_POINT('',(7.296243654575,-4.756097369308));
#757 = CARTESIAN_POINT('',(7.490434913806,-5.055101670844));
#758 = CARTESIAN_POINT('',(7.658499873645,-5.355035451365));
#759 = ( GEOMETRIC_REPRESENTATION_CONTEXT(2) 
PARAMETRIC_REPRESENTATION_CONTEXT() REPRESENTATION_CONTEXT('2D SPACE',''
  ) );
#760 = ORIENTED_EDGE('',*,*,#704,.T.);
#761 = ORIENTED_EDGE('',*,*,#762,.T.);
#762 = EDGE_CURVE('',#680,#763,#765,.T.);
#763 = VERTEX_POINT('',#764);
#764 = CARTESIAN_POINT('',(7.658499873645,-5.355035451365,5.));
#765 = SURFACE_CURVE('',#766,(#771,#778),.PCURVE_S1.);
#766 = B_SPLINE_CURVE_WITH_KNOTS('',3,(#767,#768,#769,#770),
  .UNSPECIFIED.,.F.,.F.,(4,4),(0.,1.),.PIECEWISE_BEZIER_KNOTS.);
#767 = CARTESIAN_POINT('',(7.022276677108,-4.542226374794,5.));
#768 = CARTESIAN_POINT('',(7.296243654575,-4.756097369308,5.));
#769 = CARTESIAN_POINT('',(7.490434913806,-5.055101670844,5.));
#770 = CARTESIAN_POINT('',(7.658499873645,-5.355035451365,5.));
#771 = PCURVE('',#717,#772);
#772 = DEFINITIONAL_REPRESENTATION('',(#773),#777);
#773 = LINE('',#774,#775);
#774 = CARTESIAN_POINT('',(1.,0.));
#775 = VECTOR('',#776,1.);
#776 = DIRECTION('',(0.,1.));
#777 = ( GEOMETRIC_REPRESENTATION_CONTEXT(2) 
PARAMETRIC_REPRESENTATION_CONTEXT() REPRESENTATION_CONTEXT('2D SPACE',''
  ) );
#778 = PCURVE('',#110,#779);
#779 = DEFINITIONAL_REPRESENTATION('',(#780),#785);
#780 = B_SPLINE_CURVE_WITH_KNOTS('',3,(#781,#782,#783,#784),
  .UNSPECIFIED.,.F.,.F.,(4,4),(0.,1.),.PIECEWISE_BEZIER_KNOTS.);
#781 = CARTESIAN_POINT('',(-7.022276677108,-4.542226374794));
#782 = CARTESIAN_POINT('',(-7.296243654575,-4.756097369308));
#783 = CARTESIAN_POINT('',(-7.490434913806,-5.055101670844));
#784 = CARTESIAN_POINT('',(-7.658499873645,-5.355035451365));
#785 = ( GEOMETRIC_REPRESENTATION_CONTEXT(2) 
PARAMETRIC_REPRESENTATION_CONTEXT() REPRESENTATION_CONTEXT('2D SPACE',''
  ) );
#786 = ORIENTED_EDGE('',*,*,#787,.F.);
#787 = EDGE_CURVE('',#737,#763,#788,.T.);
#788 = SURFACE_CURVE('',#789,(#792,#799),.PCURVE_S1.);
#789 = B_SPLINE_CURVE_WITH_KNOTS('',1,(#790,#791),.UNSPECIFIED.,.F.,.F.,
  (2,2),(0.,1.),.PIECEWISE_BEZIER_KNOTS.);
#790 = CARTESIAN_POINT('',(7.658499873645,-5.355035451365,0.));
#791 = CARTESIAN_POINT('',(7.658499873645,-5.355035451365,5.));
#792 = PCURVE('',#717,#793);
#793 = DEFINITIONAL_REPRESENTATION('',(#794),#798);
#794 = LINE('',#795,#796);
#795 = CARTESIAN_POINT('',(0.,1.));
#796 = VECTOR('',#797,1.);
#797 = DIRECTION('',(1.,0.));
#798 = ( GEOMETRIC_REPRESENTATION_CONTEXT(2) 
PARAMETRIC_REPRESENTATION_CONTEXT() REPRESENTATION_CONTEXT('2D SPACE',''
  ) );
#799 = PCURVE('',#800,#809);
#800 = B_SPLINE_SURFACE_WITH_KNOTS('',1,3,(
    (#801,#802,#803,#804)
    ,(#805,#806,#807,#808
    )),.UNSPECIFIED.,.F.,.F.,.F.,(2,2),(4,4),(0.,1.),(0.,1.),
  .PIECEWISE_BEZIER_KNOTS.);
#801 = CARTESIAN_POINT('',(7.658499873645,-5.355035451365,0.));
#802 = CARTESIAN_POINT('',(7.593843003376,-5.44750450869,0.));
#803 = CARTESIAN_POINT('',(7.527511201195,-5.538802401964,0.));
#804 = CARTESIAN_POINT('',(7.459547973387,-5.628869249924,0.));
#805 = CARTESIAN_POINT('',(7.658499873645,-5.355035451365,5.));
#806 = CARTESIAN_POINT('',(7.593843003376,-5.44750450869,5.));
#807 = CARTESIAN_POINT('',(7.527511201195,-5.538802401964,5.));
#808 = CARTESIAN_POINT('',(7.459547973387,-5.628869249924,5.));
#809 = DEFINITIONAL_REPRESENTATION('',(#810),#814);
#810 = LINE('',#811,#812);
#811 = CARTESIAN_POINT('',(0.,0.));
#812 = VECTOR('',#813,1.);
#813 = DIRECTION('',(1.,0.));
#814 = ( GEOMETRIC_REPRESENTATION_CONTEXT(2) 
PARAMETRIC_REPRESENTATION_CONTEXT() REPRESENTATION_CONTEXT('2D SPACE',''
  ) );
#815 = ADVANCED_FACE('',(#816),#800,.T.);
#816 = FACE_BOUND('',#817,.T.);
#817 = EDGE_LOOP('',(#818,#843,#844,#869));
#818 = ORIENTED_EDGE('',*,*,#819,.F.);
#819 = EDGE_CURVE('',#737,#820,#822,.T.);
#820 = VERTEX_POINT('',#821);
#821 = CARTESIAN_POINT('',(7.459547973387,-5.628869249924,0.));
#822 = SURFACE_CURVE('',#823,(#828,#835),.PCURVE_S1.);
#823 = B_SPLINE_CURVE_WITH_KNOTS('',3,(#824,#825,#826,#827),
  .UNSPECIFIED.,.F.,.F.,(4,4),(0.,1.),.PIECEWISE_BEZIER_KNOTS.);
#824 = CARTESIAN_POINT('',(7.658499873645,-5.355035451365,0.));
#825 = CARTESIAN_POINT('',(7.593843003376,-5.44750450869,0.));
#826 = CARTESIAN_POINT('',(7.527511201195,-5.538802401964,0.));
#827 = CARTESIAN_POINT('',(7.459547973387,-5.628869249924,0.));
#828 = PCURVE('',#800,#829);
#829 = DEFINITIONAL_REPRESENTATION('',(#830),#834);
#830 = LINE('',#831,#832);
#831 = CARTESIAN_POINT('',(0.,0.));
#832 = VECTOR('',#833,1.);
#833 = DIRECTION('',(0.,1.));
#834 = ( GEOMETRIC_REPRESENTATION_CONTEXT(2) 
PARAMETRIC_REPRESENTATION_CONTEXT() REPRESENTATION_CONTEXT('2D SPACE',''
  ) );
#835 = PCURVE('',#49,#836);
#836 = DEFINITIONAL_REPRESENTATION('',(#837),#842);
#837 = B_SPLINE_CURVE_WITH_KNOTS('',3,(#838,#839,#840,#841),
  .UNSPECIFIED.,.F.,.F.,(4,4),(0.,1.),.PIECEWISE_BEZIER_KNOTS.);
#838 = CARTESIAN_POINT('',(7.658499873645,-5.355035451365));
#839 = CARTESIAN_POINT('',(7.593843003376,-5.44750450869));
#840 = CARTESIAN_POINT('',(7.527511201195,-5.538802401964));
#841 = CARTESIAN_POINT('',(7.459547973387,-5.628869249924));
#842 = ( GEOMETRIC_REPRESENTATION_CONTEXT(2) 
PARAMETRIC_REPRESENTATION_CONTEXT() REPRESENTATION_CONTEXT('2D SPACE',''
  ) );
#843 = ORIENTED_EDGE('',*,*,#787,.T.);
#844 = ORIENTED_EDGE('',*,*,#845,.T.);
#845 = EDGE_CURVE('',#763,#846,#848,.T.);
#846 = VERTEX_POINT('',#847);
#847 = CARTESIAN_POINT('',(7.459547973387,-5.628869249924,5.));
#848 = SURFACE_CURVE('',#849,(#854,#861),.PCURVE_S1.);
#849 = B_SPLINE_CURVE_WITH_KNOTS('',3,(#850,#851,#852,#853),
  .UNSPECIFIED.,.F.,.F.,(4,4),(0.,1.),.PIECEWISE_BEZIER_KNOTS.);
#850 = CARTESIAN_POINT('',(7.658499873645,-5.355035451365,5.));
#851 = CARTESIAN_POINT('',(7.593843003376,-5.44750450869,5.));
#852 = CARTESIAN_POINT('',(7.527511201195,-5.538802401964,5.));
#853 = CARTESIAN_POINT('',(7.459547973387,-5.628869249924,5.));
#854 = PCURVE('',#800,#855);
#855 = DEFINITIONAL_REPRESENTATION('',(#856),#860);
#856 = LINE('',#857,#858);
#857 = CARTESIAN_POINT('',(1.,0.));
#858 = VECTOR('',#859,1.);
#859 = DIRECTION('',(0.,1.));
#860 = ( GEOMETRIC_REPRESENTATION_CONTEXT(2) 
PARAMETRIC_REPRESENTATION_CONTEXT() REPRESENTATION_CONTEXT('2D SPACE',''
  ) );
#861 = PCURVE('',#110,#862);
#862 = DEFINITIONAL_REPRESENTATION('',(#863),#868);
#863 = B_SPLINE_CURVE_WITH_KNOTS('',3,(#864,#865,#866,#867),
  .UNSPECIFIED.,.F.,.F.,(4,4),(0.,1.),.PIECEWISE_BEZIER_KNOTS.);
#864 = CARTESIAN_POINT('',(-7.658499873645,-5.355035451365));
#865 = CARTESIAN_POINT('',(-7.593843003376,-5.44750450869));
#866 = CARTESIAN_POINT('',(-7.527511201195,-5.538802401964));
#867 = CARTESIAN_POINT('',(-7.459547973387,-5.628869249924));
#868 = ( GEOMETRIC_REPRESENTATION_CONTEXT(2) 
PARAMETRIC_REPRESENTATION_CONTEXT() REPRESENTATION_CONTEXT('2D SPACE',''
  ) );
#869 = ORIENTED_EDGE('',*,*,#870,.F.);
#870 = EDGE_CURVE('',#820,#846,#871,.T.);
#871 = SURFACE_CURVE('',#872,(#875,#882),.PCURVE_S1.);
#872 = B_SPLINE_CURVE_WITH_KNOTS('',1,(#873,#874),.UNSPECIFIED.,.F.,.F.,
  (2,2),(0.,1.),.PIECEWISE_BEZIER_KNOTS.);
#873 = CARTESIAN_POINT('',(7.459547973387,-5.628869249924,0.));
#874 = CARTESIAN_POINT('',(7.459547973387,-5.628869249924,5.));
#875 = PCURVE('',#800,#876);
#876 = DEFINITIONAL_REPRESENTATION('',(#877),#881);
#877 = LINE('',#878,#879);
#878 = CARTESIAN_POINT('',(0.,1.));
#879 = VECTOR('',#880,1.);
#880 = DIRECTION('',(1.,0.));
#881 = ( GEOMETRIC_REPRESENTATION_CONTEXT(2) 
PARAMETRIC_REPRESENTATION_CONTEXT() REPRESENTATION_CONTEXT('2D SPACE',''
  ) );
#882 = PCURVE('',#883,#892);
#883 = B_SPLINE_SURFACE_WITH_KNOTS('',1,3,(
    (#884,#885,#886,#887)
    ,(#888,#889,#890,#891
    )),.UNSPECIFIED.,.F.,.F.,.F.,(2,2),(4,4),(0.,1.),(0.,1.),
  .PIECEWISE_BEZIER_KNOTS.);
#884 = CARTESIAN_POINT('',(7.459547973387,-5.628869249924,0.));
#885 = CARTESIAN_POINT('',(7.122359068216,-5.561714610076,0.));
#886 = CARTESIAN_POINT('',(6.777980679579,-5.469425158143,0.));
#887 = CARTESIAN_POINT('',(6.489916824665,-5.274956850882,0.));
#888 = CARTESIAN_POINT('',(7.459547973387,-5.628869249924,5.));
#889 = CARTESIAN_POINT('',(7.122359068216,-5.561714610076,5.));
#890 = CARTESIAN_POINT('',(6.777980679579,-5.469425158143,5.));
#891 = CARTESIAN_POINT('',(6.489916824665,-5.274956850882,5.));
#892 = DEFINITIONAL_REPRESENTATION('',(#893),#897);
#893 = LINE('',#894,#895);
#894 = CARTESIAN_POINT('',(0.,0.));
#895 = VECTOR('',#896,1.);
#896 = DIRECTION('',(1.,0.));
#897 = ( GEOMETRIC_REPRESENTATION_CONTEXT(2) 
PARAMETRIC_REPRESENTATION_CONTEXT() REPRESENTATION_CONTEXT('2D SPACE',''
  ) );
#898 = ADVANCED_FACE('',(#899),#883,.T.);
#899 = FACE_BOUND('',#900,.T.);
#900 = EDGE_LOOP('',(#901,#926,#927,#952));
#901 = ORIENTED_EDGE('',*,*,#902,.F.);
#902 = EDGE_CURVE('',#820,#903,#905,.T.);
#903 = VERTEX_POINT('',#904);
#904 = CARTESIAN_POINT('',(6.489916824665,-5.274956850882,0.));
#905 = SURFACE_CURVE('',#906,(#911,#918),.PCURVE_S1.);
#906 = B_SPLINE_CURVE_WITH_KNOTS('',3,(#907,#908,#909,#910),
  .UNSPECIFIED.,.F.,.F.,(4,4),(0.,1.),.PIECEWISE_BEZIER_KNOTS.);
#907 = CARTESIAN_POINT('',(7.459547973387,-5.628869249924,0.));
#908 = CARTESIAN_POINT('',(7.122359068216,-5.561714610076,0.));
#909 = CARTESIAN_POINT('',(6.777980679579,-5.469425158143,0.));
#910 = CARTESIAN_POINT('',(6.489916824665,-5.274956850882,0.));
#911 = PCURVE('',#883,#912);
#912 = DEFINITIONAL_REPRESENTATION('',(#913),#917);
#913 = LINE('',#914,#915);
#914 = CARTESIAN_POINT('',(0.,0.));
#915 = VECTOR('',#916,1.);
#916 = DIRECTION('',(0.,1.));
#917 = ( GEOMETRIC_REPRESENTATION_CONTEXT(2) 
PARAMETRIC_REPRESENTATION_CONTEXT() REPRESENTATION_CONTEXT('2D SPACE',''
  ) );
#918 = PCURVE('',#49,#919);
#919 = DEFINITIONAL_REPRESENTATION('',(#920),#925);
#920 = B_SPLINE_CURVE_WITH_KNOTS('',3,(#921,#922,#923,#924),
  .UNSPECIFIED.,.F.,.F.,(4,4),(0.,1.),.PIECEWISE_BEZIER_KNOTS.);
#921 = CARTESIAN_POINT('',(7.459547973387,-5.628869249924));
#922 = CARTESIAN_POINT('',(7.122359068216,-5.561714610076));
#923 = CARTESIAN_POINT('',(6.777980679579,-5.469425158143));
#924 = CARTESIAN_POINT('',(6.489916824665,-5.274956850882));
#925 = ( GEOMETRIC_REPRESENTATION_CONTEXT(2) 
PARAMETRIC_REPRESENTATION_CONTEXT() REPRESENTATION_CONTEXT('2D SPACE',''
  ) );
#926 = ORIENTED_EDGE('',*,*,#870,.T.);
#927 = ORIENTED_EDGE('',*,*,#928,.T.);
#928 = EDGE_CURVE('',#846,#929,#931,.T.);
#929 = VERTEX_POINT('',#930);
#930 = CARTESIAN_POINT('',(6.489916824665,-5.274956850882,5.));
#931 = SURFACE_CURVE('',#932,(#937,#944),.PCURVE_S1.);
#932 = B_SPLINE_CURVE_WITH_KNOTS('',3,(#933,#934,#935,#936),
  .UNSPECIFIED.,.F.,.F.,(4,4),(0.,1.),.PIECEWISE_BEZIER_KNOTS.);
#933 = CARTESIAN_POINT('',(7.459547973387,-5.628869249924,5.));
#934 = CARTESIAN_POINT('',(7.122359068216,-5.561714610076,5.));
#935 = CARTESIAN_POINT('',(6.777980679579,-5.469425158143,5.));
#936 = CARTESIAN_POINT('',(6.489916824665,-5.274956850882,5.));
#937 = PCURVE('',#883,#938);
#938 = DEFINITIONAL_REPRESENTATION('',(#939),#943);
#939 = LINE('',#940,#941);
#940 = CARTESIAN_POINT('',(1.,0.));
#941 = VECTOR('',#942,1.);
#942 = DIRECTION('',(0.,1.));
#943 = ( GEOMETRIC_REPRESENTATION_CONTEXT(2) 
PARAMETRIC_REPRESENTATION_CONTEXT() REPRESENTATION_CONTEXT('2D SPACE',''
  ) );
#944 = PCURVE('',#110,#945);
#945 = DEFINITIONAL_REPRESENTATION('',(#946),#951);
#946 = B_SPLINE_CURVE_WITH_KNOTS('',3,(#947,#948,#949,#950),
  .UNSPECIFIED.,.F.,.F.,(4,4),(0.,1.),.PIECEWISE_BEZIER_KNOTS.);
#947 = CARTESIAN_POINT('',(-7.459547973387,-5.628869249924));
#948 = CARTESIAN_POINT('',(-7.122359068216,-5.561714610076));
#949 = CARTESIAN_POINT('',(-6.777980679579,-5.469425158143));
#950 = CARTESIAN_POINT('',(-6.489916824665,-5.274956850882));
#951 = ( GEOMETRIC_REPRESENTATION_CONTEXT(2) 
PARAMETRIC_REPRESENTATION_CONTEXT() REPRESENTATION_CONTEXT('2D SPACE',''
  ) );
#952 = ORIENTED_EDGE('',*,*,#953,.F.);
#953 = EDGE_CURVE('',#903,#929,#954,.T.);
#954 = SURFACE_CURVE('',#955,(#958,#965),.PCURVE_S1.);
#955 = B_SPLINE_CURVE_WITH_KNOTS('',1,(#956,#957),.UNSPECIFIED.,.F.,.F.,
  (2,2),(0.,1.),.PIECEWISE_BEZIER_KNOTS.);
#956 = CARTESIAN_POINT('',(6.489916824665,-5.274956850882,0.));
#957 = CARTESIAN_POINT('',(6.489916824665,-5.274956850882,5.));
#958 = PCURVE('',#883,#959);
#959 = DEFINITIONAL_REPRESENTATION('',(#960),#964);
#960 = LINE('',#961,#962);
#961 = CARTESIAN_POINT('',(0.,1.));
#962 = VECTOR('',#963,1.);
#963 = DIRECTION('',(1.,0.));
#964 = ( GEOMETRIC_REPRESENTATION_CONTEXT(2) 
PARAMETRIC_REPRESENTATION_CONTEXT() REPRESENTATION_CONTEXT('2D SPACE',''
  ) );
#965 = PCURVE('',#966,#975);
#966 = B_SPLINE_SURFACE_WITH_KNOTS('',1,3,(
    (#967,#968,#969,#970)
    ,(#971,#972,#973,#974
    )),.UNSPECIFIED.,.F.,.F.,.F.,(2,2),(4,4),(0.,1.),(0.,1.),
  .PIECEWISE_BEZIER_KNOTS.);
#967 = CARTESIAN_POINT('',(6.489916824665,-5.274956850882,0.));
#968 = CARTESIAN_POINT('',(6.385254659893,-5.362545104983,0.));
#969 = CARTESIAN_POINT('',(6.295397172973,-5.467754704555,0.));
#970 = CARTESIAN_POINT('',(6.22526004538,-5.584830126076,0.));
#971 = CARTESIAN_POINT('',(6.489916824665,-5.274956850882,5.));
#972 = CARTESIAN_POINT('',(6.385254659893,-5.362545104983,5.));
#973 = CARTESIAN_POINT('',(6.295397172973,-5.467754704555,5.));
#974 = CARTESIAN_POINT('',(6.22526004538,-5.584830126076,5.));
#975 = DEFINITIONAL_REPRESENTATION('',(#976),#980);
#976 = LINE('',#977,#978);
#977 = CARTESIAN_POINT('',(0.,0.));
#978 = VECTOR('',#979,1.);
#979 = DIRECTION('',(1.,0.));
#980 = ( GEOMETRIC_REPRESENTATION_CONTEXT(2) 
PARAMETRIC_REPRESENTATION_CONTEXT() REPRESENTATION_CONTEXT('2D SPACE',''
  ) );
#981 = ADVANCED_FACE('',(#982),#966,.T.);
#982 = FACE_BOUND('',#983,.T.);
#983 = EDGE_LOOP('',(#984,#1009,#1010,#1035));
#984 = ORIENTED_EDGE('',*,*,#985,.F.);
#985 = EDGE_CURVE('',#903,#986,#988,.T.);
#986 = VERTEX_POINT('',#987);
#987 = CARTESIAN_POINT('',(6.22526004538,-5.584830126076,0.));
#988 = SURFACE_CURVE('',#989,(#994,#1001),.PCURVE_S1.);
#989 = B_SPLINE_CURVE_WITH_KNOTS('',3,(#990,#991,#992,#993),
  .UNSPECIFIED.,.F.,.F.,(4,4),(0.,1.),.PIECEWISE_BEZIER_KNOTS.);
#990 = CARTESIAN_POINT('',(6.489916824665,-5.274956850882,0.));
#991 = CARTESIAN_POINT('',(6.385254659893,-5.362545104983,0.));
#992 = CARTESIAN_POINT('',(6.295397172973,-5.467754704555,0.));
#993 = CARTESIAN_POINT('',(6.22526004538,-5.584830126076,0.));
#994 = PCURVE('',#966,#995);
#995 = DEFINITIONAL_REPRESENTATION('',(#996),#1000);
#996 = LINE('',#997,#998);
#997 = CARTESIAN_POINT('',(0.,0.));
#998 = VECTOR('',#999,1.);
#999 = DIRECTION('',(0.,1.));
#1000 = ( GEOMETRIC_REPRESENTATION_CONTEXT(2) 
PARAMETRIC_REPRESENTATION_CONTEXT() REPRESENTATION_CONTEXT('2D SPACE',''
  ) );
#1001 = PCURVE('',#49,#1002);
#1002 = DEFINITIONAL_REPRESENTATION('',(#1003),#1008);
#1003 = B_SPLINE_CURVE_WITH_KNOTS('',3,(#1004,#1005,#1006,#1007),
  .UNSPECIFIED.,.F.,.F.,(4,4),(0.,1.),.PIECEWISE_BEZIER_KNOTS.);
#1004 = CARTESIAN_POINT('',(6.489916824665,-5.274956850882));
#1005 = CARTESIAN_POINT('',(6.385254659893,-5.362545104983));
#1006 = CARTESIAN_POINT('',(6.295397172973,-5.467754704555));
#1007 = CARTESIAN_POINT('',(6.22526004538,-5.584830126076));
#1008 = ( GEOMETRIC_REPRESENTATION_CONTEXT(2) 
PARAMETRIC_REPRESENTATION_CONTEXT() REPRESENTATION_CONTEXT('2D SPACE',''
  ) );
#1009 = ORIENTED_EDGE('',*,*,#953,.T.);
#1010 = ORIENTED_EDGE('',*,*,#1011,.T.);
#1011 = EDGE_CURVE('',#929,#1012,#1014,.T.);
#1012 = VERTEX_POINT('',#1013);
#1013 = CARTESIAN_POINT('',(6.22526004538,-5.584830126076,5.));
#1014 = SURFACE_CURVE('',#1015,(#1020,#1027),.PCURVE_S1.);
#1015 = B_SPLINE_CURVE_WITH_KNOTS('',3,(#1016,#1017,#1018,#1019),
  .UNSPECIFIED.,.F.,.F.,(4,4),(0.,1.),.PIECEWISE_BEZIER_KNOTS.);
#1016 = CARTESIAN_POINT('',(6.489916824665,-5.274956850882,5.));
#1017 = CARTESIAN_POINT('',(6.385254659893,-5.362545104983,5.));
#1018 = CARTESIAN_POINT('',(6.295397172973,-5.467754704555,5.));
#1019 = CARTESIAN_POINT('',(6.22526004538,-5.584830126076,5.));
#1020 = PCURVE('',#966,#1021);
#1021 = DEFINITIONAL_REPRESENTATION('',(#1022),#1026);
#1022 = LINE('',#1023,#1024);
#1023 = CARTESIAN_POINT('',(1.,0.));
#1024 = VECTOR('',#1025,1.);
#1025 = DIRECTION('',(0.,1.));
#1026 = ( GEOMETRIC_REPRESENTATION_CONTEXT(2) 
PARAMETRIC_REPRESENTATION_CONTEXT() REPRESENTATION_CONTEXT('2D SPACE',''
  ) );
#1027 = PCURVE('',#110,#1028);
#1028 = DEFINITIONAL_REPRESENTATION('',(#1029),#1034);
#1029 = B_SPLINE_CURVE_WITH_KNOTS('',3,(#1030,#1031,#1032,#1033),
  .UNSPECIFIED.,.F.,.F.,(4,4),(0.,1.),.PIECEWISE_BEZIER_KNOTS.);
#1030 = CARTESIAN_POINT('',(-6.489916824665,-5.274956850882));
#1031 = CARTESIAN_POINT('',(-6.385254659893,-5.362545104983));
#1032 = CARTESIAN_POINT('',(-6.295397172973,-5.467754704555));
#1033 = CARTESIAN_POINT('',(-6.22526004538,-5.584830126076));
#1034 = ( GEOMETRIC_REPRESENTATION_CONTEXT(2) 
PARAMETRIC_REPRESENTATION_CONTEXT() REPRESENTATION_CONTEXT('2D SPACE',''
  ) );
#1035 = ORIENTED_EDGE('',*,*,#1036,.F.);
#1036 = EDGE_CURVE('',#986,#1012,#1037,.T.);
#1037 = SURFACE_CURVE('',#1038,(#1041,#1048),.PCURVE_S1.);
#1038 = B_SPLINE_CURVE_WITH_KNOTS('',1,(#1039,#1040),.UNSPECIFIED.,.F.,
  .F.,(2,2),(0.,1.),.PIECEWISE_BEZIER_KNOTS.);
#1039 = CARTESIAN_POINT('',(6.22526004538,-5.584830126076,0.));
#1040 = CARTESIAN_POINT('',(6.22526004538,-5.584830126076,5.));
#1041 = PCURVE('',#966,#1042);
#1042 = DEFINITIONAL_REPRESENTATION('',(#1043),#1047);
#1043 = LINE('',#1044,#1045);
#1044 = CARTESIAN_POINT('',(0.,1.));
#1045 = VECTOR('',#1046,1.);
#1046 = DIRECTION('',(1.,0.));
#1047 = ( GEOMETRIC_REPRESENTATION_CONTEXT(2) 
PARAMETRIC_REPRESENTATION_CONTEXT() REPRESENTATION_CONTEXT('2D SPACE',''
  ) );
#1048 = PCURVE('',#1049,#1058);
#1049 = B_SPLINE_SURFACE_WITH_KNOTS('',1,3,(
    (#1050,#1051,#1052,#1053)
    ,(#1054,#1055,#1056,#1057
    )),.UNSPECIFIED.,.F.,.F.,.F.,(2,2),(4,4),(0.,1.),(0.,1.),
  .PIECEWISE_BEZIER_KNOTS.);
#1050 = CARTESIAN_POINT('',(6.22526004538,-5.584830126076,0.));
#1051 = CARTESIAN_POINT('',(6.462397240118,-5.838925891307,0.));
#1052 = CARTESIAN_POINT('',(6.60742310475,-6.164627159475,0.));
#1053 = CARTESIAN_POINT('',(6.726498925543,-6.487159409531,0.));
#1054 = CARTESIAN_POINT('',(6.22526004538,-5.584830126076,5.));
#1055 = CARTESIAN_POINT('',(6.462397240118,-5.838925891307,5.));
#1056 = CARTESIAN_POINT('',(6.60742310475,-6.164627159475,5.));
#1057 = CARTESIAN_POINT('',(6.726498925543,-6.487159409531,5.));
#1058 = DEFINITIONAL_REPRESENTATION('',(#1059),#1063);
#1059 = LINE('',#1060,#1061);
#1060 = CARTESIAN_POINT('',(0.,0.));
#1061 = VECTOR('',#1062,1.);
#1062 = DIRECTION('',(1.,0.));
#1063 = ( GEOMETRIC_REPRESENTATION_CONTEXT(2) 
PARAMETRIC_REPRESENTATION_CONTEXT() REPRESENTATION_CONTEXT('2D SPACE',''
  ) );
#1064 = ADVANCED_FACE('',(#1065),#1049,.T.);
#1065 = FACE_BOUND('',#1066,.T.);
#1066 = EDGE_LOOP('',(#1067,#1092,#1093,#1118));
#1067 = ORIENTED_EDGE('',*,*,#1068,.F.);
#1068 = EDGE_CURVE('',#986,#1069,#1071,.T.);
#1069 = VERTEX_POINT('',#1070);
#1070 = CARTESIAN_POINT('',(6.726498925543,-6.487159409531,0.));
#1071 = SURFACE_CURVE('',#1072,(#1077,#1084),.PCURVE_S1.);
#1072 = B_SPLINE_CURVE_WITH_KNOTS('',3,(#1073,#1074,#1075,#1076),
  .UNSPECIFIED.,.F.,.F.,(4,4),(0.,1.),.PIECEWISE_BEZIER_KNOTS.);
#1073 = CARTESIAN_POINT('',(6.22526004538,-5.584830126076,0.));
#1074 = CARTESIAN_POINT('',(6.462397240118,-5.838925891307,0.));
#1075 = CARTESIAN_POINT('',(6.60742310475,-6.164627159475,0.));
#1076 = CARTESIAN_POINT('',(6.726498925543,-6.487159409531,0.));
#1077 = PCURVE('',#1049,#1078);
#1078 = DEFINITIONAL_REPRESENTATION('',(#1079),#1083);
#1079 = LINE('',#1080,#1081);
#1080 = CARTESIAN_POINT('',(0.,0.));
#1081 = VECTOR('',#1082,1.);
#1082 = DIRECTION('',(0.,1.));
#1083 = ( GEOMETRIC_REPRESENTATION_CONTEXT(2) 
PARAMETRIC_REPRESENTATION_CONTEXT() REPRESENTATION_CONTEXT('2D SPACE',''
  ) );
#1084 = PCURVE('',#49,#1085);
#1085 = DEFINITIONAL_REPRESENTATION('',(#1086),#1091);
#1086 = B_SPLINE_CURVE_WITH_KNOTS('',3,(#1087,#1088,#1089,#1090),
  .UNSPECIFIED.,.F.,.F.,(4,4),(0.,1.),.PIECEWISE_BEZIER_KNOTS.);
#1087 = CARTESIAN_POINT('',(6.22526004538,-5.584830126076));
#1088 = CARTESIAN_POINT('',(6.462397240118,-5.838925891307));
#1089 = CARTESIAN_POINT('',(6.60742310475,-6.164627159475));
#1090 = CARTESIAN_POINT('',(6.726498925543,-6.487159409531));
#1091 = ( GEOMETRIC_REPRESENTATION_CONTEXT(2) 
PARAMETRIC_REPRESENTATION_CONTEXT() REPRESENTATION_CONTEXT('2D SPACE',''
  ) );
#1092 = ORIENTED_EDGE('',*,*,#1036,.T.);
#1093 = ORIENTED_EDGE('',*,*,#1094,.T.);
#1094 = EDGE_CURVE('',#1012,#1095,#1097,.T.);
#1095 = VERTEX_POINT('',#1096);
#1096 = CARTESIAN_POINT('',(6.726498925543,-6.487159409531,5.));
#1097 = SURFACE_CURVE('',#1098,(#1103,#1110),.PCURVE_S1.);
#1098 = B_SPLINE_CURVE_WITH_KNOTS('',3,(#1099,#1100,#1101,#1102),
  .UNSPECIFIED.,.F.,.F.,(4,4),(0.,1.),.PIECEWISE_BEZIER_KNOTS.);
#1099 = CARTESIAN_POINT('',(6.22526004538,-5.584830126076,5.));
#1100 = CARTESIAN_POINT('',(6.462397240118,-5.838925891307,5.));
#1101 = CARTESIAN_POINT('',(6.60742310475,-6.164627159475,5.));
#1102 = CARTESIAN_POINT('',(6.726498925543,-6.487159409531,5.));
#1103 = PCURVE('',#1049,#1104);
#1104 = DEFINITIONAL_REPRESENTATION('',(#1105),#1109);
#1105 = LINE('',#1106,#1107);
#1106 = CARTESIAN_POINT('',(1.,0.));
#1107 = VECTOR('',#1108,1.);
#1108 = DIRECTION('',(0.,1.));
#1109 = ( GEOMETRIC_REPRESENTATION_CONTEXT(2) 
PARAMETRIC_REPRESENTATION_CONTEXT() REPRESENTATION_CONTEXT('2D SPACE',''
  ) );
#1110 = PCURVE('',#110,#1111);
#1111 = DEFINITIONAL_REPRESENTATION('',(#1112),#1117);
#1112 = B_SPLINE_CURVE_WITH_KNOTS('',3,(#1113,#1114,#1115,#1116),
  .UNSPECIFIED.,.F.,.F.,(4,4),(0.,1.),.PIECEWISE_BEZIER_KNOTS.);
#1113 = CARTESIAN_POINT('',(-6.22526004538,-5.584830126076));
#1114 = CARTESIAN_POINT('',(-6.462397240118,-5.838925891307));
#1115 = CARTESIAN_POINT('',(-6.60742310475,-6.164627159475));
#1116 = CARTESIAN_POINT('',(-6.726498925543,-6.487159409531));
#1117 = ( GEOMETRIC_REPRESENTATION_CONTEXT(2) 
PARAMETRIC_REPRESENTATION_CONTEXT() REPRESENTATION_CONTEXT('2D SPACE',''
  ) );
#1118 = ORIENTED_EDGE('',*,*,#1119,.F.);
#1119 = EDGE_CURVE('',#1069,#1095,#1120,.T.);
#1120 = SURFACE_CURVE('',#1121,(#1124,#1131),.PCURVE_S1.);
#1121 = B_SPLINE_CURVE_WITH_KNOTS('',1,(#1122,#1123),.UNSPECIFIED.,.F.,
  .F.,(2,2),(0.,1.),.PIECEWISE_BEZIER_KNOTS.);
#1122 = CARTESIAN_POINT('',(6.726498925543,-6.487159409531,0.));
#1123 = CARTESIAN_POINT('',(6.726498925543,-6.487159409531,5.));
#1124 = PCURVE('',#1049,#1125);
#1125 = DEFINITIONAL_REPRESENTATION('',(#1126),#1130);
#1126 = LINE('',#1127,#1128);
#1127 = CARTESIAN_POINT('',(0.,1.));
#1128 = VECTOR('',#1129,1.);
#1129 = DIRECTION('',(1.,0.));
#1130 = ( GEOMETRIC_REPRESENTATION_CONTEXT(2) 
PARAMETRIC_REPRESENTATION_CONTEXT() REPRESENTATION_CONTEXT('2D SPACE',''
  ) );
#1131 = PCURVE('',#1132,#1141);
#1132 = B_SPLINE_SURFACE_WITH_KNOTS('',1,3,(
    (#1133,#1134,#1135,#1136)
    ,(#1137,#1138,#1139,#1140
    )),.UNSPECIFIED.,.F.,.F.,.F.,(2,2),(4,4),(0.,1.),(0.,1.),
  .PIECEWISE_BEZIER_KNOTS.);
#1133 = CARTESIAN_POINT('',(6.726498925543,-6.487159409531,0.));
#1134 = CARTESIAN_POINT('',(6.648172741123,-6.568375456405,0.));
#1135 = CARTESIAN_POINT('',(6.568375456405,-6.648172741123,0.));
#1136 = CARTESIAN_POINT('',(6.487159409531,-6.726498925543,0.));
#1137 = CARTESIAN_POINT('',(6.726498925543,-6.487159409531,5.));
#1138 = CARTESIAN_POINT('',(6.648172741123,-6.568375456405,5.));
#1139 = CARTESIAN_POINT('',(6.568375456405,-6.648172741123,5.));
#1140 = CARTESIAN_POINT('',(6.487159409531,-6.726498925543,5.));
#1141 = DEFINITIONAL_REPRESENTATION('',(#1142),#1146);
#1142 = LINE('',#1143,#1144);
#1143 = CARTESIAN_POINT('',(0.,0.));
#1144 = VECTOR('',#1145,1.);
#1145 = DIRECTION('',(1.,0.));
#1146 = ( GEOMETRIC_REPRESENTATION_CONTEXT(2) 
PARAMETRIC_REPRESENTATION_CONTEXT() REPRESENTATION_CONTEXT('2D SPACE',''
  ) );
#1147 = ADVANCED_FACE('',(#1148),#1132,.T.);
#1148 = FACE_BOUND('',#1149,.T.);
#1149 = EDGE_LOOP('',(#1150,#1175,#1176,#1201));
#1150 = ORIENTED_EDGE('',*,*,#1151,.F.);
#1151 = EDGE_CURVE('',#1069,#1152,#1154,.T.);
#1152 = VERTEX_POINT('',#1153);
#1153 = CARTESIAN_POINT('',(6.487159409531,-6.726498925543,0.));
#1154 = SURFACE_CURVE('',#1155,(#1160,#1167),.PCURVE_S1.);
#1155 = B_SPLINE_CURVE_WITH_KNOTS('',3,(#1156,#1157,#1158,#1159),
  .UNSPECIFIED.,.F.,.F.,(4,4),(0.,1.),.PIECEWISE_BEZIER_KNOTS.);
#1156 = CARTESIAN_POINT('',(6.726498925543,-6.487159409531,0.));
#1157 = CARTESIAN_POINT('',(6.648172741123,-6.568375456405,0.));
#1158 = CARTESIAN_POINT('',(6.568375456405,-6.648172741123,0.));
#1159 = CARTESIAN_POINT('',(6.487159409531,-6.726498925543,0.));
#1160 = PCURVE('',#1132,#1161);
#1161 = DEFINITIONAL_REPRESENTATION('',(#1162),#1166);
#1162 = LINE('',#1163,#1164);
#1163 = CARTESIAN_POINT('',(0.,0.));
#1164 = VECTOR('',#1165,1.);
#1165 = DIRECTION('',(0.,1.));
#1166 = ( GEOMETRIC_REPRESENTATION_CONTEXT(2) 
PARAMETRIC_REPRESENTATION_CONTEXT() REPRESENTATION_CONTEXT('2D SPACE',''
  ) );
#1167 = PCURVE('',#49,#1168);
#1168 = DEFINITIONAL_REPRESENTATION('',(#1169),#1174);
#1169 = B_SPLINE_CURVE_WITH_KNOTS('',3,(#1170,#1171,#1172,#1173),
  .UNSPECIFIED.,.F.,.F.,(4,4),(0.,1.),.PIECEWISE_BEZIER_KNOTS.);
#1170 = CARTESIAN_POINT('',(6.726498925543,-6.487159409531));
#1171 = CARTESIAN_POINT('',(6.648172741123,-6.568375456405));
#1172 = CARTESIAN_POINT('',(6.568375456405,-6.648172741123));
#1173 = CARTESIAN_POINT('',(6.487159409531,-6.726498925543));
#1174 = ( GEOMETRIC_REPRESENTATION_CONTEXT(2) 
PARAMETRIC_REPRESENTATION_CONTEXT() REPRESENTATION_CONTEXT('2D SPACE',''
  ) );
#1175 = ORIENTED_EDGE('',*,*,#1119,.T.);
#1176 = ORIENTED_EDGE('',*,*,#1177,.T.);
#1177 = EDGE_CURVE('',#1095,#1178,#1180,.T.);
#1178 = VERTEX_POINT('',#1179);
#1179 = CARTESIAN_POINT('',(6.487159409531,-6.726498925543,5.));
#1180 = SURFACE_CURVE('',#1181,(#1186,#1193),.PCURVE_S1.);
#1181 = B_SPLINE_CURVE_WITH_KNOTS('',3,(#1182,#1183,#1184,#1185),
  .UNSPECIFIED.,.F.,.F.,(4,4),(0.,1.),.PIECEWISE_BEZIER_KNOTS.);
#1182 = CARTESIAN_POINT('',(6.726498925543,-6.487159409531,5.));
#1183 = CARTESIAN_POINT('',(6.648172741123,-6.568375456405,5.));
#1184 = CARTESIAN_POINT('',(6.568375456405,-6.648172741123,5.));
#1185 = CARTESIAN_POINT('',(6.487159409531,-6.726498925543,5.));
#1186 = PCURVE('',#1132,#1187);
#1187 = DEFINITIONAL_REPRESENTATION('',(#1188),#1192);
#1188 = LINE('',#1189,#1190);
#1189 = CARTESIAN_POINT('',(1.,0.));
#1190 = VECTOR('',#1191,1.);
#1191 = DIRECTION('',(0.,1.));
#1192 = ( GEOMETRIC_REPRESENTATION_CONTEXT(2) 
PARAMETRIC_REPRESENTATION_CONTEXT() REPRESENTATION_CONTEXT('2D SPACE',''
  ) );
#1193 = PCURVE('',#110,#1194);
#1194 = DEFINITIONAL_REPRESENTATION('',(#1195),#1200);
#1195 = B_SPLINE_CURVE_WITH_KNOTS('',3,(#1196,#1197,#1198,#1199),
  .UNSPECIFIED.,.F.,.F.,(4,4),(0.,1.),.PIECEWISE_BEZIER_KNOTS.);
#1196 = CARTESIAN_POINT('',(-6.726498925543,-6.487159409531));
#1197 = CARTESIAN_POINT('',(-6.648172741123,-6.568375456405));
#1198 = CARTESIAN_POINT('',(-6.568375456405,-6.648172741123));
#1199 = CARTESIAN_POINT('',(-6.487159409531,-6.726498925543));
#1200 = ( GEOMETRIC_REPRESENTATION_CONTEXT(2) 
PARAMETRIC_REPRESENTATION_CONTEXT() REPRESENTATION_CONTEXT('2D SPACE',''
  ) );
#1201 = ORIENTED_EDGE('',*,*,#1202,.F.);
#1202 = EDGE_CURVE('',#1152,#1178,#1203,.T.);
#1203 = SURFACE_CURVE('',#1204,(#1207,#1214),.PCURVE_S1.);
#1204 = B_SPLINE_CURVE_WITH_KNOTS('',1,(#1205,#1206),.UNSPECIFIED.,.F.,
  .F.,(2,2),(0.,1.),.PIECEWISE_BEZIER_KNOTS.);
#1205 = CARTESIAN_POINT('',(6.487159409531,-6.726498925543,0.));
#1206 = CARTESIAN_POINT('',(6.487159409531,-6.726498925543,5.));
#1207 = PCURVE('',#1132,#1208);
#1208 = DEFINITIONAL_REPRESENTATION('',(#1209),#1213);
#1209 = LINE('',#1210,#1211);
#1210 = CARTESIAN_POINT('',(0.,1.));
#1211 = VECTOR('',#1212,1.);
#1212 = DIRECTION('',(1.,0.));
#1213 = ( GEOMETRIC_REPRESENTATION_CONTEXT(2) 
PARAMETRIC_REPRESENTATION_CONTEXT() REPRESENTATION_CONTEXT('2D SPACE',''
  ) );
#1214 = PCURVE('',#1215,#1224);
#1215 = B_SPLINE_SURFACE_WITH_KNOTS('',1,3,(
    (#1216,#1217,#1218,#1219)
    ,(#1220,#1221,#1222,#1223
    )),.UNSPECIFIED.,.F.,.F.,.F.,(2,2),(4,4),(0.,1.),(0.,1.),
  .PIECEWISE_BEZIER_KNOTS.);
#1216 = CARTESIAN_POINT('',(6.487159409531,-6.726498925543,0.));
#1217 = CARTESIAN_POINT('',(6.164627159475,-6.607423104751,0.));
#1218 = CARTESIAN_POINT('',(5.838925891307,-6.462397240118,0.));
#1219 = CARTESIAN_POINT('',(5.584830126076,-6.22526004538,0.));
#1220 = CARTESIAN_POINT('',(6.487159409531,-6.726498925543,5.));
#1221 = CARTESIAN_POINT('',(6.164627159475,-6.607423104751,5.));
#1222 = CARTESIAN_POINT('',(5.838925891307,-6.462397240118,5.));
#1223 = CARTESIAN_POINT('',(5.584830126076,-6.22526004538,5.));
#1224 = DEFINITIONAL_REPRESENTATION('',(#1225),#1229);
#1225 = LINE('',#1226,#1227);
#1226 = CARTESIAN_POINT('',(0.,0.));
#1227 = VECTOR('',#1228,1.);
#1228 = DIRECTION('',(1.,0.));
#1229 = ( GEOMETRIC_REPRESENTATION_CONTEXT(2) 
PARAMETRIC_REPRESENTATION_CONTEXT() REPRESENTATION_CONTEXT('2D SPACE',''
  ) );
#1230 = ADVANCED_FACE('',(#1231),#1215,.T.);
#1231 = FACE_BOUND('',#1232,.T.);
#1232 = EDGE_LOOP('',(#1233,#1258,#1259,#1284));
#1233 = ORIENTED_EDGE('',*,*,#1234,.F.);
#1234 = EDGE_CURVE('',#1152,#1235,#1237,.T.);
#1235 = VERTEX_POINT('',#1236);
#1236 = CARTESIAN_POINT('',(5.584830126076,-6.22526004538,0.));
#1237 = SURFACE_CURVE('',#1238,(#1243,#1250),.PCURVE_S1.);
#1238 = B_SPLINE_CURVE_WITH_KNOTS('',3,(#1239,#1240,#1241,#1242),
  .UNSPECIFIED.,.F.,.F.,(4,4),(0.,1.),.PIECEWISE_BEZIER_KNOTS.);
#1239 = CARTESIAN_POINT('',(6.487159409531,-6.726498925543,0.));
#1240 = CARTESIAN_POINT('',(6.164627159475,-6.607423104751,0.));
#1241 = CARTESIAN_POINT('',(5.838925891307,-6.462397240118,0.));
#1242 = CARTESIAN_POINT('',(5.584830126076,-6.22526004538,0.));
#1243 = PCURVE('',#1215,#1244);
#1244 = DEFINITIONAL_REPRESENTATION('',(#1245),#1249);
#1245 = LINE('',#1246,#1247);
#1246 = CARTESIAN_POINT('',(0.,0.));
#1247 = VECTOR('',#1248,1.);
#1248 = DIRECTION('',(0.,1.));
#1249 = ( GEOMETRIC_REPRESENTATION_CONTEXT(2) 
PARAMETRIC_REPRESENTATION_CONTEXT() REPRESENTATION_CONTEXT('2D SPACE',''
  ) );
#1250 = PCURVE('',#49,#1251);
#1251 = DEFINITIONAL_REPRESENTATION('',(#1252),#1257);
#1252 = B_SPLINE_CURVE_WITH_KNOTS('',3,(#1253,#1254,#1255,#1256),
  .UNSPECIFIED.,.F.,.F.,(4,4),(0.,1.),.PIECEWISE_BEZIER_KNOTS.);
#1253 = CARTESIAN_POINT('',(6.487159409531,-6.726498925543));
#1254 = CARTESIAN_POINT('',(6.164627159475,-6.607423104751));
#1255 = CARTESIAN_POINT('',(5.838925891307,-6.462397240118));
#1256 = CARTESIAN_POINT('',(5.584830126076,-6.22526004538));
#1257 = ( GEOMETRIC_REPRESENTATION_CONTEXT(2) 
PARAMETRIC_REPRESENTATION_CONTEXT() REPRESENTATION_CONTEXT('2D SPACE',''
  ) );
#1258 = ORIENTED_EDGE('',*,*,#1202,.T.);
#1259 = ORIENTED_EDGE('',*,*,#1260,.T.);
#1260 = EDGE_CURVE('',#1178,#1261,#1263,.T.);
#1261 = VERTEX_POINT('',#1262);
#1262 = CARTESIAN_POINT('',(5.584830126076,-6.22526004538,5.));
#1263 = SURFACE_CURVE('',#1264,(#1269,#1276),.PCURVE_S1.);
#1264 = B_SPLINE_CURVE_WITH_KNOTS('',3,(#1265,#1266,#1267,#1268),
  .UNSPECIFIED.,.F.,.F.,(4,4),(0.,1.),.PIECEWISE_BEZIER_KNOTS.);
#1265 = CARTESIAN_POINT('',(6.487159409531,-6.726498925543,5.));
#1266 = CARTESIAN_POINT('',(6.164627159475,-6.607423104751,5.));
#1267 = CARTESIAN_POINT('',(5.838925891307,-6.462397240118,5.));
#1268 = CARTESIAN_POINT('',(5.584830126076,-6.22526004538,5.));
#1269 = PCURVE('',#1215,#1270);
#1270 = DEFINITIONAL_REPRESENTATION('',(#1271),#1275);
#1271 = LINE('',#1272,#1273);
#1272 = CARTESIAN_POINT('',(1.,0.));
#1273 = VECTOR('',#1274,1.);
#1274 = DIRECTION('',(0.,1.));
#1275 = ( GEOMETRIC_REPRESENTATION_CONTEXT(2) 
PARAMETRIC_REPRESENTATION_CONTEXT() REPRESENTATION_CONTEXT('2D SPACE',''
  ) );
#1276 = PCURVE('',#110,#1277);
#1277 = DEFINITIONAL_REPRESENTATION('',(#1278),#1283);
#1278 = B_SPLINE_CURVE_WITH_KNOTS('',3,(#1279,#1280,#1281,#1282),
  .UNSPECIFIED.,.F.,.F.,(4,4),(0.,1.),.PIECEWISE_BEZIER_KNOTS.);
#1279 = CARTESIAN_POINT('',(-6.487159409531,-6.726498925543));
#1280 = CARTESIAN_POINT('',(-6.164627159475,-6.607423104751));
#1281 = CARTESIAN_POINT('',(-5.838925891307,-6.462397240118));
#1282 = CARTESIAN_POINT('',(-5.584830126076,-6.22526004538));
#1283 = ( GEOMETRIC_REPRESENTATION_CONTEXT(2) 
PARAMETRIC_REPRESENTATION_CONTEXT() REPRESENTATION_CONTEXT('2D SPACE',''
  ) );
#1284 = ORIENTED_EDGE('',*,*,#1285,.F.);
#1285 = EDGE_CURVE('',#1235,#1261,#1286,.T.);
#1286 = SURFACE_CURVE('',#1287,(#1290,#1297),.PCURVE_S1.);
#1287 = B_SPLINE_CURVE_WITH_KNOTS('',1,(#1288,#1289),.UNSPECIFIED.,.F.,
  .F.,(2,2),(0.,1.),.PIECEWISE_BEZIER_KNOTS.);
#1288 = CARTESIAN_POINT('',(5.584830126076,-6.22526004538,0.));
#1289 = CARTESIAN_POINT('',(5.584830126076,-6.22526004538,5.));
#1290 = PCURVE('',#1215,#1291);
#1291 = DEFINITIONAL_REPRESENTATION('',(#1292),#1296);
#1292 = LINE('',#1293,#1294);
#1293 = CARTESIAN_POINT('',(0.,1.));
#1294 = VECTOR('',#1295,1.);
#1295 = DIRECTION('',(1.,0.));
#1296 = ( GEOMETRIC_REPRESENTATION_CONTEXT(2) 
PARAMETRIC_REPRESENTATION_CONTEXT() REPRESENTATION_CONTEXT('2D SPACE',''
  ) );
#1297 = PCURVE('',#1298,#1307);
#1298 = B_SPLINE_SURFACE_WITH_KNOTS('',1,3,(
    (#1299,#1300,#1301,#1302)
    ,(#1303,#1304,#1305,#1306
    )),.UNSPECIFIED.,.F.,.F.,.F.,(2,2),(4,4),(0.,1.),(0.,1.),
  .PIECEWISE_BEZIER_KNOTS.);
#1299 = CARTESIAN_POINT('',(5.584830126076,-6.22526004538,0.));
#1300 = CARTESIAN_POINT('',(5.467754704555,-6.295397172973,0.));
#1301 = CARTESIAN_POINT('',(5.362545104983,-6.385254659893,0.));
#1302 = CARTESIAN_POINT('',(5.274956850882,-6.489916824665,0.));
#1303 = CARTESIAN_POINT('',(5.584830126076,-6.22526004538,5.));
#1304 = CARTESIAN_POINT('',(5.467754704555,-6.295397172973,5.));
#1305 = CARTESIAN_POINT('',(5.362545104983,-6.385254659893,5.));
#1306 = CARTESIAN_POINT('',(5.274956850882,-6.489916824665,5.));
#1307 = DEFINITIONAL_REPRESENTATION('',(#1308),#1312);
#1308 = LINE('',#1309,#1310);
#1309 = CARTESIAN_POINT('',(0.,0.));
#1310 = VECTOR('',#1311,1.);
#1311 = DIRECTION('',(1.,0.));
#1312 = ( GEOMETRIC_REPRESENTATION_CONTEXT(2) 
PARAMETRIC_REPRESENTATION_CONTEXT() REPRESENTATION_CONTEXT('2D SPACE',''
  ) );
#1313 = ADVANCED_FACE('',(#1314),#1298,.T.);
#1314 = FACE_BOUND('',#1315,.T.);
#1315 = EDGE_LOOP('',(#1316,#1341,#1342,#1367));
#1316 = ORIENTED_EDGE('',*,*,#1317,.F.);
#1317 = EDGE_CURVE('',#1235,#1318,#1320,.T.);
#1318 = VERTEX_POINT('',#1319);
#1319 = CARTESIAN_POINT('',(5.274956850882,-6.489916824665,0.));
#1320 = SURFACE_CURVE('',#1321,(#1326,#1333),.PCURVE_S1.);
#1321 = B_SPLINE_CURVE_WITH_KNOTS('',3,(#1322,#1323,#1324,#1325),
  .UNSPECIFIED.,.F.,.F.,(4,4),(0.,1.),.PIECEWISE_BEZIER_KNOTS.);
#1322 = CARTESIAN_POINT('',(5.584830126076,-6.22526004538,0.));
#1323 = CARTESIAN_POINT('',(5.467754704555,-6.295397172973,0.));
#1324 = CARTESIAN_POINT('',(5.362545104983,-6.385254659893,0.));
#1325 = CARTESIAN_POINT('',(5.274956850882,-6.489916824665,0.));
#1326 = PCURVE('',#1298,#1327);
#1327 = DEFINITIONAL_REPRESENTATION('',(#1328),#1332);
#1328 = LINE('',#1329,#1330);
#1329 = CARTESIAN_POINT('',(0.,0.));
#1330 = VECTOR('',#1331,1.);
#1331 = DIRECTION('',(0.,1.));
#1332 = ( GEOMETRIC_REPRESENTATION_CONTEXT(2) 
PARAMETRIC_REPRESENTATION_CONTEXT() REPRESENTATION_CONTEXT('2D SPACE',''
  ) );
#1333 = PCURVE('',#49,#1334);
#1334 = DEFINITIONAL_REPRESENTATION('',(#1335),#1340);
#1335 = B_SPLINE_CURVE_WITH_KNOTS('',3,(#1336,#1337,#1338,#1339),
  .UNSPECIFIED.,.F.,.F.,(4,4),(0.,1.),.PIECEWISE_BEZIER_KNOTS.);
#1336 = CARTESIAN_POINT('',(5.584830126076,-6.22526004538));
#1337 = CARTESIAN_POINT('',(5.467754704555,-6.295397172973));
#1338 = CARTESIAN_POINT('',(5.362545104983,-6.385254659893));
#1339 = CARTESIAN_POINT('',(5.274956850882,-6.489916824665));
#1340 = ( GEOMETRIC_REPRESENTATION_CONTEXT(2) 
PARAMETRIC_REPRESENTATION_CONTEXT() REPRESENTATION_CONTEXT('2D SPACE',''
  ) );
#1341 = ORIENTED_EDGE('',*,*,#1285,.T.);
#1342 = ORIENTED_EDGE('',*,*,#1343,.T.);
#1343 = EDGE_CURVE('',#1261,#1344,#1346,.T.);
#1344 = VERTEX_POINT('',#1345);
#1345 = CARTESIAN_POINT('',(5.274956850882,-6.489916824665,5.));
#1346 = SURFACE_CURVE('',#1347,(#1352,#1359),.PCURVE_S1.);
#1347 = B_SPLINE_CURVE_WITH_KNOTS('',3,(#1348,#1349,#1350,#1351),
  .UNSPECIFIED.,.F.,.F.,(4,4),(0.,1.),.PIECEWISE_BEZIER_KNOTS.);
#1348 = CARTESIAN_POINT('',(5.584830126076,-6.22526004538,5.));
#1349 = CARTESIAN_POINT('',(5.467754704555,-6.295397172973,5.));
#1350 = CARTESIAN_POINT('',(5.362545104983,-6.385254659893,5.));
#1351 = CARTESIAN_POINT('',(5.274956850882,-6.489916824665,5.));
#1352 = PCURVE('',#1298,#1353);
#1353 = DEFINITIONAL_REPRESENTATION('',(#1354),#1358);
#1354 = LINE('',#1355,#1356);
#1355 = CARTESIAN_POINT('',(1.,0.));
#1356 = VECTOR('',#1357,1.);
#1357 = DIRECTION('',(0.,1.));
#1358 = ( GEOMETRIC_REPRESENTATION_CONTEXT(2) 
PARAMETRIC_REPRESENTATION_CONTEXT() REPRESENTATION_CONTEXT('2D SPACE',''
  ) );
#1359 = PCURVE('',#110,#1360);
#1360 = DEFINITIONAL_REPRESENTATION('',(#1361),#1366);
#1361 = B_SPLINE_CURVE_WITH_KNOTS('',3,(#1362,#1363,#1364,#1365),
  .UNSPECIFIED.,.F.,.F.,(4,4),(0.,1.),.PIECEWISE_BEZIER_KNOTS.);
#1362 = CARTESIAN_POINT('',(-5.584830126076,-6.22526004538));
#1363 = CARTESIAN_POINT('',(-5.467754704555,-6.295397172973));
#1364 = CARTESIAN_POINT('',(-5.362545104983,-6.385254659893));
#1365 = CARTESIAN_POINT('',(-5.274956850882,-6.489916824665));
#1366 = ( GEOMETRIC_REPRESENTATION_CONTEXT(2) 
PARAMETRIC_REPRESENTATION_CONTEXT() REPRESENTATION_CONTEXT('2D SPACE',''
  ) );
#1367 = ORIENTED_EDGE('',*,*,#1368,.F.);
#1368 = EDGE_CURVE('',#1318,#1344,#1369,.T.);
#1369 = SURFACE_CURVE('',#1370,(#1373,#1380),.PCURVE_S1.);
#1370 = B_SPLINE_CURVE_WITH_KNOTS('',1,(#1371,#1372),.UNSPECIFIED.,.F.,
  .F.,(2,2),(0.,1.),.PIECEWISE_BEZIER_KNOTS.);
#1371 = CARTESIAN_POINT('',(5.274956850882,-6.489916824665,0.));
#1372 = CARTESIAN_POINT('',(5.274956850882,-6.489916824665,5.));
#1373 = PCURVE('',#1298,#1374);
#1374 = DEFINITIONAL_REPRESENTATION('',(#1375),#1379);
#1375 = LINE('',#1376,#1377);
#1376 = CARTESIAN_POINT('',(0.,1.));
#1377 = VECTOR('',#1378,1.);
#1378 = DIRECTION('',(1.,0.));
#1379 = ( GEOMETRIC_REPRESENTATION_CONTEXT(2) 
PARAMETRIC_REPRESENTATION_CONTEXT() REPRESENTATION_CONTEXT('2D SPACE',''
  ) );
#1380 = PCURVE('',#1381,#1390);
#1381 = B_SPLINE_SURFACE_WITH_KNOTS('',1,3,(
    (#1382,#1383,#1384,#1385)
    ,(#1386,#1387,#1388,#1389
    )),.UNSPECIFIED.,.F.,.F.,.F.,(2,2),(4,4),(0.,1.),(0.,1.),
  .PIECEWISE_BEZIER_KNOTS.);
#1382 = CARTESIAN_POINT('',(5.274956850882,-6.489916824665,0.));
#1383 = CARTESIAN_POINT('',(5.469425158143,-6.777980679579,0.));
#1384 = CARTESIAN_POINT('',(5.561714610076,-7.122359068216,0.));
#1385 = CARTESIAN_POINT('',(5.628869249924,-7.459547973387,0.));
#1386 = CARTESIAN_POINT('',(5.274956850882,-6.489916824665,5.));
#1387 = CARTESIAN_POINT('',(5.469425158143,-6.777980679579,5.));
#1388 = CARTESIAN_POINT('',(5.561714610076,-7.122359068216,5.));
#1389 = CARTESIAN_POINT('',(5.628869249924,-7.459547973387,5.));
#1390 = DEFINITIONAL_REPRESENTATION('',(#1391),#1395);
#1391 = LINE('',#1392,#1393);
#1392 = CARTESIAN_POINT('',(0.,0.));
#1393 = VECTOR('',#1394,1.);
#1394 = DIRECTION('',(1.,0.));
#1395 = ( GEOMETRIC_REPRESENTATION_CONTEXT(2) 
PARAMETRIC_REPRESENTATION_CONTEXT() REPRESENTATION_CONTEXT('2D SPACE',''
  ) );
#1396 = ADVANCED_FACE('',(#1397),#1381,.T.);
#1397 = FACE_BOUND('',#1398,.T.);
#1398 = EDGE_LOOP('',(#1399,#1424,#1425,#1450));
#1399 = ORIENTED_EDGE('',*,*,#1400,.F.);
#1400 = EDGE_CURVE('',#1318,#1401,#1403,.T.);
#1401 = VERTEX_POINT('',#1402);
#1402 = CARTESIAN_POINT('',(5.628869249924,-7.459547973387,0.));
#1403 = SURFACE_CURVE('',#1404,(#1409,#1416),.PCURVE_S1.);
#1404 = B_SPLINE_CURVE_WITH_KNOTS('',3,(#1405,#1406,#1407,#1408),
  .UNSPECIFIED.,.F.,.F.,(4,4),(0.,1.),.PIECEWISE_BEZIER_KNOTS.);
#1405 = CARTESIAN_POINT('',(5.274956850882,-6.489916824665,0.));
#1406 = CARTESIAN_POINT('',(5.469425158143,-6.777980679579,0.));
#1407 = CARTESIAN_POINT('',(5.561714610076,-7.122359068216,0.));
#1408 = CARTESIAN_POINT('',(5.628869249924,-7.459547973387,0.));
#1409 = PCURVE('',#1381,#1410);
#1410 = DEFINITIONAL_REPRESENTATION('',(#1411),#1415);
#1411 = LINE('',#1412,#1413);
#1412 = CARTESIAN_POINT('',(0.,0.));
#1413 = VECTOR('',#1414,1.);
#1414 = DIRECTION('',(0.,1.));
#1415 = ( GEOMETRIC_REPRESENTATION_CONTEXT(2) 
PARAMETRIC_REPRESENTATION_CONTEXT() REPRESENTATION_CONTEXT('2D SPACE',''
  ) );
#1416 = PCURVE('',#49,#1417);
#1417 = DEFINITIONAL_REPRESENTATION('',(#1418),#1423);
#1418 = B_SPLINE_CURVE_WITH_KNOTS('',3,(#1419,#1420,#1421,#1422),
  .UNSPECIFIED.,.F.,.F.,(4,4),(0.,1.),.PIECEWISE_BEZIER_KNOTS.);
#1419 = CARTESIAN_POINT('',(5.274956850882,-6.489916824665));
#1420 = CARTESIAN_POINT('',(5.469425158143,-6.777980679579));
#1421 = CARTESIAN_POINT('',(5.561714610076,-7.122359068216));
#1422 = CARTESIAN_POINT('',(5.628869249924,-7.459547973387));
#1423 = ( GEOMETRIC_REPRESENTATION_CONTEXT(2) 
PARAMETRIC_REPRESENTATION_CONTEXT() REPRESENTATION_CONTEXT('2D SPACE',''
  ) );
#1424 = ORIENTED_EDGE('',*,*,#1368,.T.);
#1425 = ORIENTED_EDGE('',*,*,#1426,.T.);
#1426 = EDGE_CURVE('',#1344,#1427,#1429,.T.);
#1427 = VERTEX_POINT('',#1428);
#1428 = CARTESIAN_POINT('',(5.628869249924,-7.459547973387,5.));
#1429 = SURFACE_CURVE('',#1430,(#1435,#1442),.PCURVE_S1.);
#1430 = B_SPLINE_CURVE_WITH_KNOTS('',3,(#1431,#1432,#1433,#1434),
  .UNSPECIFIED.,.F.,.F.,(4,4),(0.,1.),.PIECEWISE_BEZIER_KNOTS.);
#1431 = CARTESIAN_POINT('',(5.274956850882,-6.489916824665,5.));
#1432 = CARTESIAN_POINT('',(5.469425158143,-6.777980679579,5.));
#1433 = CARTESIAN_POINT('',(5.561714610076,-7.122359068216,5.));
#1434 = CARTESIAN_POINT('',(5.628869249924,-7.459547973387,5.));
#1435 = PCURVE('',#1381,#1436);
#1436 = DEFINITIONAL_REPRESENTATION('',(#1437),#1441);
#1437 = LINE('',#1438,#1439);
#1438 = CARTESIAN_POINT('',(1.,0.));
#1439 = VECTOR('',#1440,1.);
#1440 = DIRECTION('',(0.,1.));
#1441 = ( GEOMETRIC_REPRESENTATION_CONTEXT(2) 
PARAMETRIC_REPRESENTATION_CONTEXT() REPRESENTATION_CONTEXT('2D SPACE',''
  ) );
#1442 = PCURVE('',#110,#1443);
#1443 = DEFINITIONAL_REPRESENTATION('',(#1444),#1449);
#1444 = B_SPLINE_CURVE_WITH_KNOTS('',3,(#1445,#1446,#1447,#1448),
  .UNSPECIFIED.,.F.,.F.,(4,4),(0.,1.),.PIECEWISE_BEZIER_KNOTS.);
#1445 = CARTESIAN_POINT('',(-5.274956850882,-6.489916824665));
#1446 = CARTESIAN_POINT('',(-5.469425158143,-6.777980679579));
#1447 = CARTESIAN_POINT('',(-5.561714610076,-7.122359068216));
#1448 = CARTESIAN_POINT('',(-5.628869249924,-7.459547973387));
#1449 = ( GEOMETRIC_REPRESENTATION_CONTEXT(2) 
PARAMETRIC_REPRESENTATION_CONTEXT() REPRESENTATION_CONTEXT('2D SPACE',''
  ) );
#1450 = ORIENTED_EDGE('',*,*,#1451,.F.);
#1451 = EDGE_CURVE('',#1401,#1427,#1452,.T.);
#1452 = SURFACE_CURVE('',#1453,(#1456,#1463),.PCURVE_S1.);
#1453 = B_SPLINE_CURVE_WITH_KNOTS('',1,(#1454,#1455),.UNSPECIFIED.,.F.,
  .F.,(2,2),(0.,1.),.PIECEWISE_BEZIER_KNOTS.);
#1454 = CARTESIAN_POINT('',(5.628869249924,-7.459547973387,0.));
#1455 = CARTESIAN_POINT('',(5.628869249924,-7.459547973387,5.));
#1456 = PCURVE('',#1381,#1457);
#1457 = DEFINITIONAL_REPRESENTATION('',(#1458),#1462);
#1458 = LINE('',#1459,#1460);
#1459 = CARTESIAN_POINT('',(0.,1.));
#1460 = VECTOR('',#1461,1.);
#1461 = DIRECTION('',(1.,0.));
#1462 = ( GEOMETRIC_REPRESENTATION_CONTEXT(2) 
PARAMETRIC_REPRESENTATION_CONTEXT() REPRESENTATION_CONTEXT('2D SPACE',''
  ) );
#1463 = PCURVE('',#1464,#1473);
#1464 = B_SPLINE_SURFACE_WITH_KNOTS('',1,3,(
    (#1465,#1466,#1467,#1468)
    ,(#1469,#1470,#1471,#1472
    )),.UNSPECIFIED.,.F.,.F.,.F.,(2,2),(4,4),(0.,1.),(0.,1.),
  .PIECEWISE_BEZIER_KNOTS.);
#1465 = CARTESIAN_POINT('',(5.628869249924,-7.459547973387,0.));
#1466 = CARTESIAN_POINT('',(5.538802401964,-7.527511201195,0.));
#1467 = CARTESIAN_POINT('',(5.44750450869,-7.593843003376,0.));
#1468 = CARTESIAN_POINT('',(5.355035451365,-7.658499873645,0.));
#1469 = CARTESIAN_POINT('',(5.628869249924,-7.459547973387,5.));
#1470 = CARTESIAN_POINT('',(5.538802401964,-7.527511201195,5.));
#1471 = CARTESIAN_POINT('',(5.44750450869,-7.593843003376,5.));
#1472 = CARTESIAN_POINT('',(5.355035451365,-7.658499873645,5.));
#1473 = DEFINITIONAL_REPRESENTATION('',(#1474),#1478);
#1474 = LINE('',#1475,#1476);
#1475 = CARTESIAN_POINT('',(0.,0.));
#1476 = VECTOR('',#1477,1.);
#1477 = DIRECTION('',(1.,0.));
#1478 = ( GEOMETRIC_REPRESENTATION_CONTEXT(2) 
PARAMETRIC_REPRESENTATION_CONTEXT() REPRESENTATION_CONTEXT('2D SPACE',''
  ) );
#1479 = ADVANCED_FACE('',(#1480),#1464,.T.);
#1480 = FACE_BOUND('',#1481,.T.);
#1481 = EDGE_LOOP('',(#1482,#1507,#1508,#1533));
#1482 = ORIENTED_EDGE('',*,*,#1483,.F.);
#1483 = EDGE_CURVE('',#1401,#1484,#1486,.T.);
#1484 = VERTEX_POINT('',#1485);
#1485 = CARTESIAN_POINT('',(5.355035451365,-7.658499873645,0.));
#1486 = SURFACE_CURVE('',#1487,(#1492,#1499),.PCURVE_S1.);
#1487 = B_SPLINE_CURVE_WITH_KNOTS('',3,(#1488,#1489,#1490,#1491),
  .UNSPECIFIED.,.F.,.F.,(4,4),(0.,1.),.PIECEWISE_BEZIER_KNOTS.);
#1488 = CARTESIAN_POINT('',(5.628869249924,-7.459547973387,0.));
#1489 = CARTESIAN_POINT('',(5.538802401964,-7.527511201195,0.));
#1490 = CARTESIAN_POINT('',(5.44750450869,-7.593843003376,0.));
#1491 = CARTESIAN_POINT('',(5.355035451365,-7.658499873645,0.));
#1492 = PCURVE('',#1464,#1493);
#1493 = DEFINITIONAL_REPRESENTATION('',(#1494),#1498);
#1494 = LINE('',#1495,#1496);
#1495 = CARTESIAN_POINT('',(0.,0.));
#1496 = VECTOR('',#1497,1.);
#1497 = DIRECTION('',(0.,1.));
#1498 = ( GEOMETRIC_REPRESENTATION_CONTEXT(2) 
PARAMETRIC_REPRESENTATION_CONTEXT() REPRESENTATION_CONTEXT('2D SPACE',''
  ) );
#1499 = PCURVE('',#49,#1500);
#1500 = DEFINITIONAL_REPRESENTATION('',(#1501),#1506);
#1501 = B_SPLINE_CURVE_WITH_KNOTS('',3,(#1502,#1503,#1504,#1505),
  .UNSPECIFIED.,.F.,.F.,(4,4),(0.,1.),.PIECEWISE_BEZIER_KNOTS.);
#1502 = CARTESIAN_POINT('',(5.628869249924,-7.459547973387));
#1503 = CARTESIAN_POINT('',(5.538802401964,-7.527511201195));
#1504 = CARTESIAN_POINT('',(5.44750450869,-7.593843003376));
#1505 = CARTESIAN_POINT('',(5.355035451365,-7.658499873645));
#1506 = ( GEOMETRIC_REPRESENTATION_CONTEXT(2) 
PARAMETRIC_REPRESENTATION_CONTEXT() REPRESENTATION_CONTEXT('2D SPACE',''
  ) );
#1507 = ORIENTED_EDGE('',*,*,#1451,.T.);
#1508 = ORIENTED_EDGE('',*,*,#1509,.T.);
#1509 = EDGE_CURVE('',#1427,#1510,#1512,.T.);
#1510 = VERTEX_POINT('',#1511);
#1511 = CARTESIAN_POINT('',(5.355035451365,-7.658499873645,5.));
#1512 = SURFACE_CURVE('',#1513,(#1518,#1525),.PCURVE_S1.);
#1513 = B_SPLINE_CURVE_WITH_KNOTS('',3,(#1514,#1515,#1516,#1517),
  .UNSPECIFIED.,.F.,.F.,(4,4),(0.,1.),.PIECEWISE_BEZIER_KNOTS.);
#1514 = CARTESIAN_POINT('',(5.628869249924,-7.459547973387,5.));
#1515 = CARTESIAN_POINT('',(5.538802401964,-7.527511201195,5.));
#1516 = CARTESIAN_POINT('',(5.44750450869,-7.593843003376,5.));
#1517 = CARTESIAN_POINT('',(5.355035451365,-7.658499873645,5.));
#1518 = PCURVE('',#1464,#1519);
#1519 = DEFINITIONAL_REPRESENTATION('',(#1520),#1524);
#1520 = LINE('',#1521,#1522);
#1521 = CARTESIAN_POINT('',(1.,0.));
#1522 = VECTOR('',#1523,1.);
#1523 = DIRECTION('',(0.,1.));
#1524 = ( GEOMETRIC_REPRESENTATION_CONTEXT(2) 
PARAMETRIC_REPRESENTATION_CONTEXT() REPRESENTATION_CONTEXT('2D SPACE',''
  ) );
#1525 = PCURVE('',#110,#1526);
#1526 = DEFINITIONAL_REPRESENTATION('',(#1527),#1532);
#1527 = B_SPLINE_CURVE_WITH_KNOTS('',3,(#1528,#1529,#1530,#1531),
  .UNSPECIFIED.,.F.,.F.,(4,4),(0.,1.),.PIECEWISE_BEZIER_KNOTS.);
#1528 = CARTESIAN_POINT('',(-5.628869249924,-7.459547973387));
#1529 = CARTESIAN_POINT('',(-5.538802401964,-7.527511201195));
#1530 = CARTESIAN_POINT('',(-5.44750450869,-7.593843003376));
#1531 = CARTESIAN_POINT('',(-5.355035451365,-7.658499873645));
#1532 = ( GEOMETRIC_REPRESENTATION_CONTEXT(2) 
PARAMETRIC_REPRESENTATION_CONTEXT() REPRESENTATION_CONTEXT('2D SPACE',''
  ) );
#1533 = ORIENTED_EDGE('',*,*,#1534,.F.);
#1534 = EDGE_CURVE('',#1484,#1510,#1535,.T.);
#1535 = SURFACE_CURVE('',#1536,(#1539,#1546),.PCURVE_S1.);
#1536 = B_SPLINE_CURVE_WITH_KNOTS('',1,(#1537,#1538),.UNSPECIFIED.,.F.,
  .F.,(2,2),(0.,1.),.PIECEWISE_BEZIER_KNOTS.);
#1537 = CARTESIAN_POINT('',(5.355035451365,-7.658499873645,0.));
#1538 = CARTESIAN_POINT('',(5.355035451365,-7.658499873645,5.));
#1539 = PCURVE('',#1464,#1540);
#1540 = DEFINITIONAL_REPRESENTATION('',(#1541),#1545);
#1541 = LINE('',#1542,#1543);
#1542 = CARTESIAN_POINT('',(0.,1.));
#1543 = VECTOR('',#1544,1.);
#1544 = DIRECTION('',(1.,0.));
#1545 = ( GEOMETRIC_REPRESENTATION_CONTEXT(2) 
PARAMETRIC_REPRESENTATION_CONTEXT() REPRESENTATION_CONTEXT('2D SPACE',''
  ) );
#1546 = PCURVE('',#1547,#1556);
#1547 = B_SPLINE_SURFACE_WITH_KNOTS('',1,3,(
    (#1548,#1549,#1550,#1551)
    ,(#1552,#1553,#1554,#1555
    )),.UNSPECIFIED.,.F.,.F.,.F.,(2,2),(4,4),(0.,1.),(0.,1.),
  .PIECEWISE_BEZIER_KNOTS.);
#1548 = CARTESIAN_POINT('',(5.355035451365,-7.658499873645,0.));
#1549 = CARTESIAN_POINT('',(5.055101670844,-7.490434913806,0.));
#1550 = CARTESIAN_POINT('',(4.756097369308,-7.296243654575,0.));
#1551 = CARTESIAN_POINT('',(4.542226374794,-7.022276677108,0.));
#1552 = CARTESIAN_POINT('',(5.355035451365,-7.658499873645,5.));
#1553 = CARTESIAN_POINT('',(5.055101670844,-7.490434913806,5.));
#1554 = CARTESIAN_POINT('',(4.756097369308,-7.296243654575,5.));
#1555 = CARTESIAN_POINT('',(4.542226374794,-7.022276677108,5.));
#1556 = DEFINITIONAL_REPRESENTATION('',(#1557),#1561);
#1557 = LINE('',#1558,#1559);
#1558 = CARTESIAN_POINT('',(0.,0.));
#1559 = VECTOR('',#1560,1.);
#1560 = DIRECTION('',(1.,0.));
#1561 = ( GEOMETRIC_REPRESENTATION_CONTEXT(2) 
PARAMETRIC_REPRESENTATION_CONTEXT() REPRESENTATION_CONTEXT('2D SPACE',''
  ) );
#1562 = ADVANCED_FACE('',(#1563),#1547,.T.);
#1563 = FACE_BOUND('',#1564,.T.);
#1564 = EDGE_LOOP('',(#1565,#1590,#1591,#1616));
#1565 = ORIENTED_EDGE('',*,*,#1566,.F.);
#1566 = EDGE_CURVE('',#1484,#1567,#1569,.T.);
#1567 = VERTEX_POINT('',#1568);
#1568 = CARTESIAN_POINT('',(4.542226374794,-7.022276677108,0.));
#1569 = SURFACE_CURVE('',#1570,(#1575,#1582),.PCURVE_S1.);
#1570 = B_SPLINE_CURVE_WITH_KNOTS('',3,(#1571,#1572,#1573,#1574),
  .UNSPECIFIED.,.F.,.F.,(4,4),(0.,1.),.PIECEWISE_BEZIER_KNOTS.);
#1571 = CARTESIAN_POINT('',(5.355035451365,-7.658499873645,0.));
#1572 = CARTESIAN_POINT('',(5.055101670844,-7.490434913806,0.));
#1573 = CARTESIAN_POINT('',(4.756097369308,-7.296243654575,0.));
#1574 = CARTESIAN_POINT('',(4.542226374794,-7.022276677108,0.));
#1575 = PCURVE('',#1547,#1576);
#1576 = DEFINITIONAL_REPRESENTATION('',(#1577),#1581);
#1577 = LINE('',#1578,#1579);
#1578 = CARTESIAN_POINT('',(0.,0.));
#1579 = VECTOR('',#1580,1.);
#1580 = DIRECTION('',(0.,1.));
#1581 = ( GEOMETRIC_REPRESENTATION_CONTEXT(2) 
PARAMETRIC_REPRESENTATION_CONTEXT() REPRESENTATION_CONTEXT('2D SPACE',''
  ) );
#1582 = PCURVE('',#49,#1583);
#1583 = DEFINITIONAL_REPRESENTATION('',(#1584),#1589);
#1584 = B_SPLINE_CURVE_WITH_KNOTS('',3,(#1585,#1586,#1587,#1588),
  .UNSPECIFIED.,.F.,.F.,(4,4),(0.,1.),.PIECEWISE_BEZIER_KNOTS.);
#1585 = CARTESIAN_POINT('',(5.355035451365,-7.658499873645));
#1586 = CARTESIAN_POINT('',(5.055101670844,-7.490434913806));
#1587 = CARTESIAN_POINT('',(4.756097369308,-7.296243654575));
#1588 = CARTESIAN_POINT('',(4.542226374794,-7.022276677108));
#1589 = ( GEOMETRIC_REPRESENTATION_CONTEXT(2) 
PARAMETRIC_REPRESENTATION_CONTEXT() REPRESENTATION_CONTEXT('2D SPACE',''
  ) );
#1590 = ORIENTED_EDGE('',*,*,#1534,.T.);
#1591 = ORIENTED_EDGE('',*,*,#1592,.T.);
#1592 = EDGE_CURVE('',#1510,#1593,#1595,.T.);
#1593 = VERTEX_POINT('',#1594);
#1594 = CARTESIAN_POINT('',(4.542226374794,-7.022276677108,5.));
#1595 = SURFACE_CURVE('',#1596,(#1601,#1608),.PCURVE_S1.);
#1596 = B_SPLINE_CURVE_WITH_KNOTS('',3,(#1597,#1598,#1599,#1600),
  .UNSPECIFIED.,.F.,.F.,(4,4),(0.,1.),.PIECEWISE_BEZIER_KNOTS.);
#1597 = CARTESIAN_POINT('',(5.355035451365,-7.658499873645,5.));
#1598 = CARTESIAN_POINT('',(5.055101670844,-7.490434913806,5.));
#1599 = CARTESIAN_POINT('',(4.756097369308,-7.296243654575,5.));
#1600 = CARTESIAN_POINT('',(4.542226374794,-7.022276677108,5.));
#1601 = PCURVE('',#1547,#1602);
#1602 = DEFINITIONAL_REPRESENTATION('',(#1603),#1607);
#1603 = LINE('',#1604,#1605);
#1604 = CARTESIAN_POINT('',(1.,0.));
#1605 = VECTOR('',#1606,1.);
#1606 = DIRECTION('',(0.,1.));
#1607 = ( GEOMETRIC_REPRESENTATION_CONTEXT(2) 
PARAMETRIC_REPRESENTATION_CONTEXT() REPRESENTATION_CONTEXT('2D SPACE',''
  ) );
#1608 = PCURVE('',#110,#1609);
#1609 = DEFINITIONAL_REPRESENTATION('',(#1610),#1615);
#1610 = B_SPLINE_CURVE_WITH_KNOTS('',3,(#1611,#1612,#1613,#1614),
  .UNSPECIFIED.,.F.,.F.,(4,4),(0.,1.),.PIECEWISE_BEZIER_KNOTS.);
#1611 = CARTESIAN_POINT('',(-5.355035451365,-7.658499873645));
#1612 = CARTESIAN_POINT('',(-5.055101670844,-7.490434913806));
#1613 = CARTESIAN_POINT('',(-4.756097369308,-7.296243654575));
#1614 = CARTESIAN_POINT('',(-4.542226374794,-7.022276677108));
#1615 = ( GEOMETRIC_REPRESENTATION_CONTEXT(2) 
PARAMETRIC_REPRESENTATION_CONTEXT() REPRESENTATION_CONTEXT('2D SPACE',''
  ) );
#1616 = ORIENTED_EDGE('',*,*,#1617,.F.);
#1617 = EDGE_CURVE('',#1567,#1593,#1618,.T.);
#1618 = SURFACE_CURVE('',#1619,(#1622,#1629),.PCURVE_S1.);
#1619 = B_SPLINE_CURVE_WITH_KNOTS('',1,(#1620,#1621),.UNSPECIFIED.,.F.,
  .F.,(2,2),(0.,1.),.PIECEWISE_BEZIER_KNOTS.);
#1620 = CARTESIAN_POINT('',(4.542226374794,-7.022276677108,0.));
#1621 = CARTESIAN_POINT('',(4.542226374794,-7.022276677108,5.));
#1622 = PCURVE('',#1547,#1623);
#1623 = DEFINITIONAL_REPRESENTATION('',(#1624),#1628);
#1624 = LINE('',#1625,#1626);
#1625 = CARTESIAN_POINT('',(0.,1.));
#1626 = VECTOR('',#1627,1.);
#1627 = DIRECTION('',(1.,0.));
#1628 = ( GEOMETRIC_REPRESENTATION_CONTEXT(2) 
PARAMETRIC_REPRESENTATION_CONTEXT() REPRESENTATION_CONTEXT('2D SPACE',''
  ) );
#1629 = PCURVE('',#1630,#1639);
#1630 = B_SPLINE_SURFACE_WITH_KNOTS('',1,3,(
    (#1631,#1632,#1633,#1634)
    ,(#1635,#1636,#1637,#1638
    )),.UNSPECIFIED.,.F.,.F.,.F.,(2,2),(4,4),(0.,1.),(0.,1.),
  .PIECEWISE_BEZIER_KNOTS.);
#1631 = CARTESIAN_POINT('',(4.542226374794,-7.022276677108,0.));
#1632 = CARTESIAN_POINT('',(4.415620481954,-7.07323566934,0.));
#1633 = CARTESIAN_POINT('',(4.297649379241,-7.14552845406,0.));
#1634 = CARTESIAN_POINT('',(4.194766712136,-7.235200232231,0.));
#1635 = CARTESIAN_POINT('',(4.542226374794,-7.022276677108,5.));
#1636 = CARTESIAN_POINT('',(4.415620481954,-7.07323566934,5.));
#1637 = CARTESIAN_POINT('',(4.297649379241,-7.14552845406,5.));
#1638 = CARTESIAN_POINT('',(4.194766712136,-7.235200232231,5.));
#1639 = DEFINITIONAL_REPRESENTATION('',(#1640),#1644);
#1640 = LINE('',#1641,#1642);
#1641 = CARTESIAN_POINT('',(0.,0.));
#1642 = VECTOR('',#1643,1.);
#1643 = DIRECTION('',(1.,0.));
#1644 = ( GEOMETRIC_REPRESENTATION_CONTEXT(2) 
PARAMETRIC_REPRESENTATION_CONTEXT() REPRESENTATION_CONTEXT('2D SPACE',''
  ) );
#1645 = ADVANCED_FACE('',(#1646),#1630,.T.);
#1646 = FACE_BOUND('',#1647,.T.);
#1647 = EDGE_LOOP('',(#1648,#1673,#1674,#1699));
#1648 = ORIENTED_EDGE('',*,*,#1649,.F.);
#1649 = EDGE_CURVE('',#1567,#1650,#1652,.T.);
#1650 = VERTEX_POINT('',#1651);
#1651 = CARTESIAN_POINT('',(4.194766712136,-7.235200232231,0.));
#1652 = SURFACE_CURVE('',#1653,(#1658,#1665),.PCURVE_S1.);
#1653 = B_SPLINE_CURVE_WITH_KNOTS('',3,(#1654,#1655,#1656,#1657),
  .UNSPECIFIED.,.F.,.F.,(4,4),(0.,1.),.PIECEWISE_BEZIER_KNOTS.);
#1654 = CARTESIAN_POINT('',(4.542226374794,-7.022276677108,0.));
#1655 = CARTESIAN_POINT('',(4.415620481954,-7.07323566934,0.));
#1656 = CARTESIAN_POINT('',(4.297649379241,-7.14552845406,0.));
#1657 = CARTESIAN_POINT('',(4.194766712136,-7.235200232231,0.));
#1658 = PCURVE('',#1630,#1659);
#1659 = DEFINITIONAL_REPRESENTATION('',(#1660),#1664);
#1660 = LINE('',#1661,#1662);
#1661 = CARTESIAN_POINT('',(0.,0.));
#1662 = VECTOR('',#1663,1.);
#1663 = DIRECTION('',(0.,1.));
#1664 = ( GEOMETRIC_REPRESENTATION_CONTEXT(2) 
PARAMETRIC_REPRESENTATION_CONTEXT() REPRESENTATION_CONTEXT('2D SPACE',''
  ) );
#1665 = PCURVE('',#49,#1666);
#1666 = DEFINITIONAL_REPRESENTATION('',(#1667),#1672);
#1667 = B_SPLINE_CURVE_WITH_KNOTS('',3,(#1668,#1669,#1670,#1671),
  .UNSPECIFIED.,.F.,.F.,(4,4),(0.,1.),.PIECEWISE_BEZIER_KNOTS.);
#1668 = CARTESIAN_POINT('',(4.542226374794,-7.022276677108));
#1669 = CARTESIAN_POINT('',(4.415620481954,-7.07323566934));
#1670 = CARTESIAN_POINT('',(4.297649379241,-7.14552845406));
#1671 = CARTESIAN_POINT('',(4.194766712136,-7.235200232231));
#1672 = ( GEOMETRIC_REPRESENTATION_CONTEXT(2) 
PARAMETRIC_REPRESENTATION_CONTEXT() REPRESENTATION_CONTEXT('2D SPACE',''
  ) );
#1673 = ORIENTED_EDGE('',*,*,#1617,.T.);
#1674 = ORIENTED_EDGE('',*,*,#1675,.T.);
#1675 = EDGE_CURVE('',#1593,#1676,#1678,.T.);
#1676 = VERTEX_POINT('',#1677);
#1677 = CARTESIAN_POINT('',(4.194766712136,-7.235200232231,5.));
#1678 = SURFACE_CURVE('',#1679,(#1684,#1691),.PCURVE_S1.);
#1679 = B_SPLINE_CURVE_WITH_KNOTS('',3,(#1680,#1681,#1682,#1683),
  .UNSPECIFIED.,.F.,.F.,(4,4),(0.,1.),.PIECEWISE_BEZIER_KNOTS.);
#1680 = CARTESIAN_POINT('',(4.542226374794,-7.022276677108,5.));
#1681 = CARTESIAN_POINT('',(4.415620481954,-7.07323566934,5.));
#1682 = CARTESIAN_POINT('',(4.297649379241,-7.14552845406,5.));
#1683 = CARTESIAN_POINT('',(4.194766712136,-7.235200232231,5.));
#1684 = PCURVE('',#1630,#1685);
#1685 = DEFINITIONAL_REPRESENTATION('',(#1686),#1690);
#1686 = LINE('',#1687,#1688);
#1687 = CARTESIAN_POINT('',(1.,0.));
#1688 = VECTOR('',#1689,1.);
#1689 = DIRECTION('',(0.,1.));
#1690 = ( GEOMETRIC_REPRESENTATION_CONTEXT(2) 
PARAMETRIC_REPRESENTATION_CONTEXT() REPRESENTATION_CONTEXT('2D SPACE',''
  ) );
#1691 = PCURVE('',#110,#1692);
#1692 = DEFINITIONAL_REPRESENTATION('',(#1693),#1698);
#1693 = B_SPLINE_CURVE_WITH_KNOTS('',3,(#1694,#1695,#1696,#1697),
  .UNSPECIFIED.,.F.,.F.,(4,4),(0.,1.),.PIECEWISE_BEZIER_KNOTS.);
#1694 = CARTESIAN_POINT('',(-4.542226374794,-7.022276677108));
#1695 = CARTESIAN_POINT('',(-4.415620481954,-7.07323566934));
#1696 = CARTESIAN_POINT('',(-4.297649379241,-7.14552845406));
#1697 = CARTESIAN_POINT('',(-4.194766712136,-7.235200232231));
#1698 = ( GEOMETRIC_REPRESENTATION_CONTEXT(2) 
PARAMETRIC_REPRESENTATION_CONTEXT() REPRESENTATION_CONTEXT('2D SPACE',''
  ) );
#1699 = ORIENTED_EDGE('',*,*,#1700,.F.);
#1700 = EDGE_CURVE('',#1650,#1676,#1701,.T.);
#1701 = SURFACE_CURVE('',#1702,(#1705,#1712),.PCURVE_S1.);
#1702 = B_SPLINE_CURVE_WITH_KNOTS('',1,(#1703,#1704),.UNSPECIFIED.,.F.,
  .F.,(2,2),(0.,1.),.PIECEWISE_BEZIER_KNOTS.);
#1703 = CARTESIAN_POINT('',(4.194766712136,-7.235200232231,0.));
#1704 = CARTESIAN_POINT('',(4.194766712136,-7.235200232231,5.));
#1705 = PCURVE('',#1630,#1706);
#1706 = DEFINITIONAL_REPRESENTATION('',(#1707),#1711);
#1707 = LINE('',#1708,#1709);
#1708 = CARTESIAN_POINT('',(0.,1.));
#1709 = VECTOR('',#1710,1.);
#1710 = DIRECTION('',(1.,0.));
#1711 = ( GEOMETRIC_REPRESENTATION_CONTEXT(2) 
PARAMETRIC_REPRESENTATION_CONTEXT() REPRESENTATION_CONTEXT('2D SPACE',''
  ) );
#1712 = PCURVE('',#1713,#1722);
#1713 = B_SPLINE_SURFACE_WITH_KNOTS('',1,3,(
    (#1714,#1715,#1716,#1717)
    ,(#1718,#1719,#1720,#1721
    )),.UNSPECIFIED.,.F.,.F.,.F.,(2,2),(4,4),(0.,1.),(0.,1.),
  .PIECEWISE_BEZIER_KNOTS.);
#1714 = CARTESIAN_POINT('',(4.194766712136,-7.235200232231,0.));
#1715 = CARTESIAN_POINT('',(4.341777676793,-7.550139088691,0.));
#1716 = CARTESIAN_POINT('',(4.379058243429,-7.904714858943,0.));
#1717 = CARTESIAN_POINT('',(4.392638132226,-8.248257709318,0.));
#1718 = CARTESIAN_POINT('',(4.194766712136,-7.235200232231,5.));
#1719 = CARTESIAN_POINT('',(4.341777676793,-7.550139088691,5.));
#1720 = CARTESIAN_POINT('',(4.379058243429,-7.904714858943,5.));
#1721 = CARTESIAN_POINT('',(4.392638132226,-8.248257709318,5.));
#1722 = DEFINITIONAL_REPRESENTATION('',(#1723),#1727);
#1723 = LINE('',#1724,#1725);
#1724 = CARTESIAN_POINT('',(0.,0.));
#1725 = VECTOR('',#1726,1.);
#1726 = DIRECTION('',(1.,0.));
#1727 = ( GEOMETRIC_REPRESENTATION_CONTEXT(2) 
PARAMETRIC_REPRESENTATION_CONTEXT() REPRESENTATION_CONTEXT('2D SPACE',''
  ) );
#1728 = ADVANCED_FACE('',(#1729),#1713,.T.);
#1729 = FACE_BOUND('',#1730,.T.);
#1730 = EDGE_LOOP('',(#1731,#1756,#1757,#1782));
#1731 = ORIENTED_EDGE('',*,*,#1732,.F.);
#1732 = EDGE_CURVE('',#1650,#1733,#1735,.T.);
#1733 = VERTEX_POINT('',#1734);
#1734 = CARTESIAN_POINT('',(4.392638132226,-8.248257709318,0.));
#1735 = SURFACE_CURVE('',#1736,(#1741,#1748),.PCURVE_S1.);
#1736 = B_SPLINE_CURVE_WITH_KNOTS('',3,(#1737,#1738,#1739,#1740),
  .UNSPECIFIED.,.F.,.F.,(4,4),(0.,1.),.PIECEWISE_BEZIER_KNOTS.);
#1737 = CARTESIAN_POINT('',(4.194766712136,-7.235200232231,0.));
#1738 = CARTESIAN_POINT('',(4.341777676793,-7.550139088691,0.));
#1739 = CARTESIAN_POINT('',(4.379058243429,-7.904714858943,0.));
#1740 = CARTESIAN_POINT('',(4.392638132226,-8.248257709318,0.));
#1741 = PCURVE('',#1713,#1742);
#1742 = DEFINITIONAL_REPRESENTATION('',(#1743),#1747);
#1743 = LINE('',#1744,#1745);
#1744 = CARTESIAN_POINT('',(0.,0.));
#1745 = VECTOR('',#1746,1.);
#1746 = DIRECTION('',(0.,1.));
#1747 = ( GEOMETRIC_REPRESENTATION_CONTEXT(2) 
PARAMETRIC_REPRESENTATION_CONTEXT() REPRESENTATION_CONTEXT('2D SPACE',''
  ) );
#1748 = PCURVE('',#49,#1749);
#1749 = DEFINITIONAL_REPRESENTATION('',(#1750),#1755);
#1750 = B_SPLINE_CURVE_WITH_KNOTS('',3,(#1751,#1752,#1753,#1754),
  .UNSPECIFIED.,.F.,.F.,(4,4),(0.,1.),.PIECEWISE_BEZIER_KNOTS.);
#1751 = CARTESIAN_POINT('',(4.194766712136,-7.235200232231));
#1752 = CARTESIAN_POINT('',(4.341777676793,-7.550139088691));
#1753 = CARTESIAN_POINT('',(4.379058243429,-7.904714858943));
#1754 = CARTESIAN_POINT('',(4.392638132226,-8.248257709318));
#1755 = ( GEOMETRIC_REPRESENTATION_CONTEXT(2) 
PARAMETRIC_REPRESENTATION_CONTEXT() REPRESENTATION_CONTEXT('2D SPACE',''
  ) );
#1756 = ORIENTED_EDGE('',*,*,#1700,.T.);
#1757 = ORIENTED_EDGE('',*,*,#1758,.T.);
#1758 = EDGE_CURVE('',#1676,#1759,#1761,.T.);
#1759 = VERTEX_POINT('',#1760);
#1760 = CARTESIAN_POINT('',(4.392638132226,-8.248257709318,5.));
#1761 = SURFACE_CURVE('',#1762,(#1767,#1774),.PCURVE_S1.);
#1762 = B_SPLINE_CURVE_WITH_KNOTS('',3,(#1763,#1764,#1765,#1766),
  .UNSPECIFIED.,.F.,.F.,(4,4),(0.,1.),.PIECEWISE_BEZIER_KNOTS.);
#1763 = CARTESIAN_POINT('',(4.194766712136,-7.235200232231,5.));
#1764 = CARTESIAN_POINT('',(4.341777676793,-7.550139088691,5.));
#1765 = CARTESIAN_POINT('',(4.379058243429,-7.904714858943,5.));
#1766 = CARTESIAN_POINT('',(4.392638132226,-8.248257709318,5.));
#1767 = PCURVE('',#1713,#1768);
#1768 = DEFINITIONAL_REPRESENTATION('',(#1769),#1773);
#1769 = LINE('',#1770,#1771);
#1770 = CARTESIAN_POINT('',(1.,0.));
#1771 = VECTOR('',#1772,1.);
#1772 = DIRECTION('',(0.,1.));
#1773 = ( GEOMETRIC_REPRESENTATION_CONTEXT(2) 
PARAMETRIC_REPRESENTATION_CONTEXT() REPRESENTATION_CONTEXT('2D SPACE',''
  ) );
#1774 = PCURVE('',#110,#1775);
#1775 = DEFINITIONAL_REPRESENTATION('',(#1776),#1781);
#1776 = B_SPLINE_CURVE_WITH_KNOTS('',3,(#1777,#1778,#1779,#1780),
  .UNSPECIFIED.,.F.,.F.,(4,4),(0.,1.),.PIECEWISE_BEZIER_KNOTS.);
#1777 = CARTESIAN_POINT('',(-4.194766712136,-7.235200232231));
#1778 = CARTESIAN_POINT('',(-4.341777676793,-7.550139088691));
#1779 = CARTESIAN_POINT('',(-4.379058243429,-7.904714858943));
#1780 = CARTESIAN_POINT('',(-4.392638132226,-8.248257709318));
#1781 = ( GEOMETRIC_REPRESENTATION_CONTEXT(2) 
PARAMETRIC_REPRESENTATION_CONTEXT() REPRESENTATION_CONTEXT('2D SPACE',''
  ) );
#1782 = ORIENTED_EDGE('',*,*,#1783,.F.);
#1783 = EDGE_CURVE('',#1733,#1759,#1784,.T.);
#1784 = SURFACE_CURVE('',#1785,(#1788,#1795),.PCURVE_S1.);
#1785 = B_SPLINE_CURVE_WITH_KNOTS('',1,(#1786,#1787),.UNSPECIFIED.,.F.,
  .F.,(2,2),(0.,1.),.PIECEWISE_BEZIER_KNOTS.);
#1786 = CARTESIAN_POINT('',(4.392638132226,-8.248257709318,0.));
#1787 = CARTESIAN_POINT('',(4.392638132226,-8.248257709318,5.));
#1788 = PCURVE('',#1713,#1789);
#1789 = DEFINITIONAL_REPRESENTATION('',(#1790),#1794);
#1790 = LINE('',#1791,#1792);
#1791 = CARTESIAN_POINT('',(0.,1.));
#1792 = VECTOR('',#1793,1.);
#1793 = DIRECTION('',(1.,0.));
#1794 = ( GEOMETRIC_REPRESENTATION_CONTEXT(2) 
PARAMETRIC_REPRESENTATION_CONTEXT() REPRESENTATION_CONTEXT('2D SPACE',''
  ) );
#1795 = PCURVE('',#1796,#1805);
#1796 = B_SPLINE_SURFACE_WITH_KNOTS('',1,3,(
    (#1797,#1798,#1799,#1800)
    ,(#1801,#1802,#1803,#1804
    )),.UNSPECIFIED.,.F.,.F.,.F.,(2,2),(4,4),(0.,1.),(0.,1.),
  .PIECEWISE_BEZIER_KNOTS.);
#1797 = CARTESIAN_POINT('',(4.392638132226,-8.248257709318,0.));
#1798 = CARTESIAN_POINT('',(4.293048365437,-8.301294637834,0.));
#1799 = CARTESIAN_POINT('',(4.19249792074,-8.352527648366,0.));
#1800 = CARTESIAN_POINT('',(4.091052748042,-8.401923137755,0.));
#1801 = CARTESIAN_POINT('',(4.392638132226,-8.248257709318,5.));
#1802 = CARTESIAN_POINT('',(4.293048365437,-8.301294637834,5.));
#1803 = CARTESIAN_POINT('',(4.19249792074,-8.352527648366,5.));
#1804 = CARTESIAN_POINT('',(4.091052748042,-8.401923137755,5.));
#1805 = DEFINITIONAL_REPRESENTATION('',(#1806),#1810);
#1806 = LINE('',#1807,#1808);
#1807 = CARTESIAN_POINT('',(0.,0.));
#1808 = VECTOR('',#1809,1.);
#1809 = DIRECTION('',(1.,0.));
#1810 = ( GEOMETRIC_REPRESENTATION_CONTEXT(2) 
PARAMETRIC_REPRESENTATION_CONTEXT() REPRESENTATION_CONTEXT('2D SPACE',''
  ) );
#1811 = ADVANCED_FACE('',(#1812),#1796,.T.);
#1812 = FACE_BOUND('',#1813,.T.);
#1813 = EDGE_LOOP('',(#1814,#1839,#1840,#1865));
#1814 = ORIENTED_EDGE('',*,*,#1815,.F.);
#1815 = EDGE_CURVE('',#1733,#1816,#1818,.T.);
#1816 = VERTEX_POINT('',#1817);
#1817 = CARTESIAN_POINT('',(4.091052748042,-8.401923137755,0.));
#1818 = SURFACE_CURVE('',#1819,(#1824,#1831),.PCURVE_S1.);
#1819 = B_SPLINE_CURVE_WITH_KNOTS('',3,(#1820,#1821,#1822,#1823),
  .UNSPECIFIED.,.F.,.F.,(4,4),(0.,1.),.PIECEWISE_BEZIER_KNOTS.);
#1820 = CARTESIAN_POINT('',(4.392638132226,-8.248257709318,0.));
#1821 = CARTESIAN_POINT('',(4.293048365437,-8.301294637834,0.));
#1822 = CARTESIAN_POINT('',(4.19249792074,-8.352527648366,0.));
#1823 = CARTESIAN_POINT('',(4.091052748042,-8.401923137755,0.));
#1824 = PCURVE('',#1796,#1825);
#1825 = DEFINITIONAL_REPRESENTATION('',(#1826),#1830);
#1826 = LINE('',#1827,#1828);
#1827 = CARTESIAN_POINT('',(0.,0.));
#1828 = VECTOR('',#1829,1.);
#1829 = DIRECTION('',(0.,1.));
#1830 = ( GEOMETRIC_REPRESENTATION_CONTEXT(2) 
PARAMETRIC_REPRESENTATION_CONTEXT() REPRESENTATION_CONTEXT('2D SPACE',''
  ) );
#1831 = PCURVE('',#49,#1832);
#1832 = DEFINITIONAL_REPRESENTATION('',(#1833),#1838);
#1833 = B_SPLINE_CURVE_WITH_KNOTS('',3,(#1834,#1835,#1836,#1837),
  .UNSPECIFIED.,.F.,.F.,(4,4),(0.,1.),.PIECEWISE_BEZIER_KNOTS.);
#1834 = CARTESIAN_POINT('',(4.392638132226,-8.248257709318));
#1835 = CARTESIAN_POINT('',(4.293048365437,-8.301294637834));
#1836 = CARTESIAN_POINT('',(4.19249792074,-8.352527648366));
#1837 = CARTESIAN_POINT('',(4.091052748042,-8.401923137755));
#1838 = ( GEOMETRIC_REPRESENTATION_CONTEXT(2) 
PARAMETRIC_REPRESENTATION_CONTEXT() REPRESENTATION_CONTEXT('2D SPACE',''
  ) );
#1839 = ORIENTED_EDGE('',*,*,#1783,.T.);
#1840 = ORIENTED_EDGE('',*,*,#1841,.T.);
#1841 = EDGE_CURVE('',#1759,#1842,#1844,.T.);
#1842 = VERTEX_POINT('',#1843);
#1843 = CARTESIAN_POINT('',(4.091052748042,-8.401923137755,5.));
#1844 = SURFACE_CURVE('',#1845,(#1850,#1857),.PCURVE_S1.);
#1845 = B_SPLINE_CURVE_WITH_KNOTS('',3,(#1846,#1847,#1848,#1849),
  .UNSPECIFIED.,.F.,.F.,(4,4),(0.,1.),.PIECEWISE_BEZIER_KNOTS.);
#1846 = CARTESIAN_POINT('',(4.392638132226,-8.248257709318,5.));
#1847 = CARTESIAN_POINT('',(4.293048365437,-8.301294637834,5.));
#1848 = CARTESIAN_POINT('',(4.19249792074,-8.352527648366,5.));
#1849 = CARTESIAN_POINT('',(4.091052748042,-8.401923137755,5.));
#1850 = PCURVE('',#1796,#1851);
#1851 = DEFINITIONAL_REPRESENTATION('',(#1852),#1856);
#1852 = LINE('',#1853,#1854);
#1853 = CARTESIAN_POINT('',(1.,0.));
#1854 = VECTOR('',#1855,1.);
#1855 = DIRECTION('',(0.,1.));
#1856 = ( GEOMETRIC_REPRESENTATION_CONTEXT(2) 
PARAMETRIC_REPRESENTATION_CONTEXT() REPRESENTATION_CONTEXT('2D SPACE',''
  ) );
#1857 = PCURVE('',#110,#1858);
#1858 = DEFINITIONAL_REPRESENTATION('',(#1859),#1864);
#1859 = B_SPLINE_CURVE_WITH_KNOTS('',3,(#1860,#1861,#1862,#1863),
  .UNSPECIFIED.,.F.,.F.,(4,4),(0.,1.),.PIECEWISE_BEZIER_KNOTS.);
#1860 = CARTESIAN_POINT('',(-4.392638132226,-8.248257709318));
#1861 = CARTESIAN_POINT('',(-4.293048365437,-8.301294637834));
#1862 = CARTESIAN_POINT('',(-4.19249792074,-8.352527648366));
#1863 = CARTESIAN_POINT('',(-4.091052748042,-8.401923137755));
#1864 = ( GEOMETRIC_REPRESENTATION_CONTEXT(2) 
PARAMETRIC_REPRESENTATION_CONTEXT() REPRESENTATION_CONTEXT('2D SPACE',''
  ) );
#1865 = ORIENTED_EDGE('',*,*,#1866,.F.);
#1866 = EDGE_CURVE('',#1816,#1842,#1867,.T.);
#1867 = SURFACE_CURVE('',#1868,(#1871,#1878),.PCURVE_S1.);
#1868 = B_SPLINE_CURVE_WITH_KNOTS('',1,(#1869,#1870),.UNSPECIFIED.,.F.,
  .F.,(2,2),(0.,1.),.PIECEWISE_BEZIER_KNOTS.);
#1869 = CARTESIAN_POINT('',(4.091052748042,-8.401923137755,0.));
#1870 = CARTESIAN_POINT('',(4.091052748042,-8.401923137755,5.));
#1871 = PCURVE('',#1796,#1872);
#1872 = DEFINITIONAL_REPRESENTATION('',(#1873),#1877);
#1873 = LINE('',#1874,#1875);
#1874 = CARTESIAN_POINT('',(0.,1.));
#1875 = VECTOR('',#1876,1.);
#1876 = DIRECTION('',(1.,0.));
#1877 = ( GEOMETRIC_REPRESENTATION_CONTEXT(2) 
PARAMETRIC_REPRESENTATION_CONTEXT() REPRESENTATION_CONTEXT('2D SPACE',''
  ) );
#1878 = PCURVE('',#1879,#1888);
#1879 = B_SPLINE_SURFACE_WITH_KNOTS('',1,3,(
    (#1880,#1881,#1882,#1883)
    ,(#1884,#1885,#1886,#1887
    )),.UNSPECIFIED.,.F.,.F.,.F.,(2,2),(4,4),(0.,1.),(0.,1.),
  .PIECEWISE_BEZIER_KNOTS.);
#1880 = CARTESIAN_POINT('',(4.091052748042,-8.401923137755,0.));
#1881 = CARTESIAN_POINT('',(3.821102802155,-8.189007355955,0.));
#1882 = CARTESIAN_POINT('',(3.556157945494,-7.950432335412,0.));
#1883 = CARTESIAN_POINT('',(3.38777793538,-7.646381551445,0.));
#1884 = CARTESIAN_POINT('',(4.091052748042,-8.401923137755,5.));
#1885 = CARTESIAN_POINT('',(3.821102802155,-8.189007355955,5.));
#1886 = CARTESIAN_POINT('',(3.556157945494,-7.950432335412,5.));
#1887 = CARTESIAN_POINT('',(3.38777793538,-7.646381551445,5.));
#1888 = DEFINITIONAL_REPRESENTATION('',(#1889),#1893);
#1889 = LINE('',#1890,#1891);
#1890 = CARTESIAN_POINT('',(0.,0.));
#1891 = VECTOR('',#1892,1.);
#1892 = DIRECTION('',(1.,0.));
#1893 = ( GEOMETRIC_REPRESENTATION_CONTEXT(2) 
PARAMETRIC_REPRESENTATION_CONTEXT() REPRESENTATION_CONTEXT('2D SPACE',''
  ) );
#1894 = ADVANCED_FACE('',(#1895),#1879,.T.);
#1895 = FACE_BOUND('',#1896,.T.);
#1896 = EDGE_LOOP('',(#1897,#1922,#1923,#1948));
#1897 = ORIENTED_EDGE('',*,*,#1898,.F.);
#1898 = EDGE_CURVE('',#1816,#1899,#1901,.T.);
#1899 = VERTEX_POINT('',#1900);
#1900 = CARTESIAN_POINT('',(3.38777793538,-7.646381551445,0.));
#1901 = SURFACE_CURVE('',#1902,(#1907,#1914),.PCURVE_S1.);
#1902 = B_SPLINE_CURVE_WITH_KNOTS('',3,(#1903,#1904,#1905,#1906),
  .UNSPECIFIED.,.F.,.F.,(4,4),(0.,1.),.PIECEWISE_BEZIER_KNOTS.);
#1903 = CARTESIAN_POINT('',(4.091052748042,-8.401923137755,0.));
#1904 = CARTESIAN_POINT('',(3.821102802155,-8.189007355955,0.));
#1905 = CARTESIAN_POINT('',(3.556157945494,-7.950432335412,0.));
#1906 = CARTESIAN_POINT('',(3.38777793538,-7.646381551445,0.));
#1907 = PCURVE('',#1879,#1908);
#1908 = DEFINITIONAL_REPRESENTATION('',(#1909),#1913);
#1909 = LINE('',#1910,#1911);
#1910 = CARTESIAN_POINT('',(0.,0.));
#1911 = VECTOR('',#1912,1.);
#1912 = DIRECTION('',(0.,1.));
#1913 = ( GEOMETRIC_REPRESENTATION_CONTEXT(2) 
PARAMETRIC_REPRESENTATION_CONTEXT() REPRESENTATION_CONTEXT('2D SPACE',''
  ) );
#1914 = PCURVE('',#49,#1915);
#1915 = DEFINITIONAL_REPRESENTATION('',(#1916),#1921);
#1916 = B_SPLINE_CURVE_WITH_KNOTS('',3,(#1917,#1918,#1919,#1920),
  .UNSPECIFIED.,.F.,.F.,(4,4),(0.,1.),.PIECEWISE_BEZIER_KNOTS.);
#1917 = CARTESIAN_POINT('',(4.091052748042,-8.401923137755));
#1918 = CARTESIAN_POINT('',(3.821102802155,-8.189007355955));
#1919 = CARTESIAN_POINT('',(3.556157945494,-7.950432335412));
#1920 = CARTESIAN_POINT('',(3.38777793538,-7.646381551445));
#1921 = ( GEOMETRIC_REPRESENTATION_CONTEXT(2) 
PARAMETRIC_REPRESENTATION_CONTEXT() REPRESENTATION_CONTEXT('2D SPACE',''
  ) );
#1922 = ORIENTED_EDGE('',*,*,#1866,.T.);
#1923 = ORIENTED_EDGE('',*,*,#1924,.T.);
#1924 = EDGE_CURVE('',#1842,#1925,#1927,.T.);
#1925 = VERTEX_POINT('',#1926);
#1926 = CARTESIAN_POINT('',(3.38777793538,-7.646381551445,5.));
#1927 = SURFACE_CURVE('',#1928,(#1933,#1940),.PCURVE_S1.);
#1928 = B_SPLINE_CURVE_WITH_KNOTS('',3,(#1929,#1930,#1931,#1932),
  .UNSPECIFIED.,.F.,.F.,(4,4),(0.,1.),.PIECEWISE_BEZIER_KNOTS.);
#1929 = CARTESIAN_POINT('',(4.091052748042,-8.401923137755,5.));
#1930 = CARTESIAN_POINT('',(3.821102802155,-8.189007355955,5.));
#1931 = CARTESIAN_POINT('',(3.556157945494,-7.950432335412,5.));
#1932 = CARTESIAN_POINT('',(3.38777793538,-7.646381551445,5.));
#1933 = PCURVE('',#1879,#1934);
#1934 = DEFINITIONAL_REPRESENTATION('',(#1935),#1939);
#1935 = LINE('',#1936,#1937);
#1936 = CARTESIAN_POINT('',(1.,0.));
#1937 = VECTOR('',#1938,1.);
#1938 = DIRECTION('',(0.,1.));
#1939 = ( GEOMETRIC_REPRESENTATION_CONTEXT(2) 
PARAMETRIC_REPRESENTATION_CONTEXT() REPRESENTATION_CONTEXT('2D SPACE',''
  ) );
#1940 = PCURVE('',#110,#1941);
#1941 = DEFINITIONAL_REPRESENTATION('',(#1942),#1947);
#1942 = B_SPLINE_CURVE_WITH_KNOTS('',3,(#1943,#1944,#1945,#1946),
  .UNSPECIFIED.,.F.,.F.,(4,4),(0.,1.),.PIECEWISE_BEZIER_KNOTS.);
#1943 = CARTESIAN_POINT('',(-4.091052748042,-8.401923137755));
#1944 = CARTESIAN_POINT('',(-3.821102802155,-8.189007355955));
#1945 = CARTESIAN_POINT('',(-3.556157945494,-7.950432335412));
#1946 = CARTESIAN_POINT('',(-3.38777793538,-7.646381551445));
#1947 = ( GEOMETRIC_REPRESENTATION_CONTEXT(2) 
PARAMETRIC_REPRESENTATION_CONTEXT() REPRESENTATION_CONTEXT('2D SPACE',''
  ) );
#1948 = ORIENTED_EDGE('',*,*,#1949,.F.);
#1949 = EDGE_CURVE('',#1899,#1925,#1950,.T.);
#1950 = SURFACE_CURVE('',#1951,(#1954,#1961),.PCURVE_S1.);
#1951 = B_SPLINE_CURVE_WITH_KNOTS('',1,(#1952,#1953),.UNSPECIFIED.,.F.,
  .F.,(2,2),(0.,1.),.PIECEWISE_BEZIER_KNOTS.);
#1952 = CARTESIAN_POINT('',(3.38777793538,-7.646381551445,0.));
#1953 = CARTESIAN_POINT('',(3.38777793538,-7.646381551445,5.));
#1954 = PCURVE('',#1879,#1955);
#1955 = DEFINITIONAL_REPRESENTATION('',(#1956),#1960);
#1956 = LINE('',#1957,#1958);
#1957 = CARTESIAN_POINT('',(0.,1.));
#1958 = VECTOR('',#1959,1.);
#1959 = DIRECTION('',(1.,0.));
#1960 = ( GEOMETRIC_REPRESENTATION_CONTEXT(2) 
PARAMETRIC_REPRESENTATION_CONTEXT() REPRESENTATION_CONTEXT('2D SPACE',''
  ) );
#1961 = PCURVE('',#1962,#1971);
#1962 = B_SPLINE_SURFACE_WITH_KNOTS('',1,3,(
    (#1963,#1964,#1965,#1966)
    ,(#1967,#1968,#1969,#1970
    )),.UNSPECIFIED.,.F.,.F.,.F.,(2,2),(4,4),(0.,1.),(0.,1.),
  .PIECEWISE_BEZIER_KNOTS.);
#1963 = CARTESIAN_POINT('',(3.38777793538,-7.646381551445,0.));
#1964 = CARTESIAN_POINT('',(3.254759028482,-7.676907628803,0.));
#1965 = CARTESIAN_POINT('',(3.126931262702,-7.729855623037,0.));
#1966 = CARTESIAN_POINT('',(3.011287495305,-7.802328997828,0.));
#1967 = CARTESIAN_POINT('',(3.38777793538,-7.646381551445,5.));
#1968 = CARTESIAN_POINT('',(3.254759028482,-7.676907628803,5.));
#1969 = CARTESIAN_POINT('',(3.126931262702,-7.729855623037,5.));
#1970 = CARTESIAN_POINT('',(3.011287495305,-7.802328997828,5.));
#1971 = DEFINITIONAL_REPRESENTATION('',(#1972),#1976);
#1972 = LINE('',#1973,#1974);
#1973 = CARTESIAN_POINT('',(0.,0.));
#1974 = VECTOR('',#1975,1.);
#1975 = DIRECTION('',(1.,0.));
#1976 = ( GEOMETRIC_REPRESENTATION_CONTEXT(2) 
PARAMETRIC_REPRESENTATION_CONTEXT() REPRESENTATION_CONTEXT('2D SPACE',''
  ) );
#1977 = ADVANCED_FACE('',(#1978),#1962,.T.);
#1978 = FACE_BOUND('',#1979,.T.);
#1979 = EDGE_LOOP('',(#1980,#2005,#2006,#2031));
#1980 = ORIENTED_EDGE('',*,*,#1981,.F.);
#1981 = EDGE_CURVE('',#1899,#1982,#1984,.T.);
#1982 = VERTEX_POINT('',#1983);
#1983 = CARTESIAN_POINT('',(3.011287495305,-7.802328997828,0.));
#1984 = SURFACE_CURVE('',#1985,(#1990,#1997),.PCURVE_S1.);
#1985 = B_SPLINE_CURVE_WITH_KNOTS('',3,(#1986,#1987,#1988,#1989),
  .UNSPECIFIED.,.F.,.F.,(4,4),(0.,1.),.PIECEWISE_BEZIER_KNOTS.);
#1986 = CARTESIAN_POINT('',(3.38777793538,-7.646381551445,0.));
#1987 = CARTESIAN_POINT('',(3.254759028482,-7.676907628803,0.));
#1988 = CARTESIAN_POINT('',(3.126931262702,-7.729855623037,0.));
#1989 = CARTESIAN_POINT('',(3.011287495305,-7.802328997828,0.));
#1990 = PCURVE('',#1962,#1991);
#1991 = DEFINITIONAL_REPRESENTATION('',(#1992),#1996);
#1992 = LINE('',#1993,#1994);
#1993 = CARTESIAN_POINT('',(0.,0.));
#1994 = VECTOR('',#1995,1.);
#1995 = DIRECTION('',(0.,1.));
#1996 = ( GEOMETRIC_REPRESENTATION_CONTEXT(2) 
PARAMETRIC_REPRESENTATION_CONTEXT() REPRESENTATION_CONTEXT('2D SPACE',''
  ) );
#1997 = PCURVE('',#49,#1998);
#1998 = DEFINITIONAL_REPRESENTATION('',(#1999),#2004);
#1999 = B_SPLINE_CURVE_WITH_KNOTS('',3,(#2000,#2001,#2002,#2003),
  .UNSPECIFIED.,.F.,.F.,(4,4),(0.,1.),.PIECEWISE_BEZIER_KNOTS.);
#2000 = CARTESIAN_POINT('',(3.38777793538,-7.646381551445));
#2001 = CARTESIAN_POINT('',(3.254759028482,-7.676907628803));
#2002 = CARTESIAN_POINT('',(3.126931262702,-7.729855623037));
#2003 = CARTESIAN_POINT('',(3.011287495305,-7.802328997828));
#2004 = ( GEOMETRIC_REPRESENTATION_CONTEXT(2) 
PARAMETRIC_REPRESENTATION_CONTEXT() REPRESENTATION_CONTEXT('2D SPACE',''
  ) );
#2005 = ORIENTED_EDGE('',*,*,#1949,.T.);
#2006 = ORIENTED_EDGE('',*,*,#2007,.T.);
#2007 = EDGE_CURVE('',#1925,#2008,#2010,.T.);
#2008 = VERTEX_POINT('',#2009);
#2009 = CARTESIAN_POINT('',(3.011287495305,-7.802328997828,5.));
#2010 = SURFACE_CURVE('',#2011,(#2016,#2023),.PCURVE_S1.);
#2011 = B_SPLINE_CURVE_WITH_KNOTS('',3,(#2012,#2013,#2014,#2015),
  .UNSPECIFIED.,.F.,.F.,(4,4),(0.,1.),.PIECEWISE_BEZIER_KNOTS.);
#2012 = CARTESIAN_POINT('',(3.38777793538,-7.646381551445,5.));
#2013 = CARTESIAN_POINT('',(3.254759028482,-7.676907628803,5.));
#2014 = CARTESIAN_POINT('',(3.126931262702,-7.729855623037,5.));
#2015 = CARTESIAN_POINT('',(3.011287495305,-7.802328997828,5.));
#2016 = PCURVE('',#1962,#2017);
#2017 = DEFINITIONAL_REPRESENTATION('',(#2018),#2022);
#2018 = LINE('',#2019,#2020);
#2019 = CARTESIAN_POINT('',(1.,0.));
#2020 = VECTOR('',#2021,1.);
#2021 = DIRECTION('',(0.,1.));
#2022 = ( GEOMETRIC_REPRESENTATION_CONTEXT(2) 
PARAMETRIC_REPRESENTATION_CONTEXT() REPRESENTATION_CONTEXT('2D SPACE',''
  ) );
#2023 = PCURVE('',#110,#2024);
#2024 = DEFINITIONAL_REPRESENTATION('',(#2025),#2030);
#2025 = B_SPLINE_CURVE_WITH_KNOTS('',3,(#2026,#2027,#2028,#2029),
  .UNSPECIFIED.,.F.,.F.,(4,4),(0.,1.),.PIECEWISE_BEZIER_KNOTS.);
#2026 = CARTESIAN_POINT('',(-3.38777793538,-7.646381551445));
#2027 = CARTESIAN_POINT('',(-3.254759028482,-7.676907628803));
#2028 = CARTESIAN_POINT('',(-3.126931262702,-7.729855623037));
#2029 = CARTESIAN_POINT('',(-3.011287495305,-7.802328997828));
#2030 = ( GEOMETRIC_REPRESENTATION_CONTEXT(2) 
PARAMETRIC_REPRESENTATION_CONTEXT() REPRESENTATION_CONTEXT('2D SPACE',''
  ) );
#2031 = ORIENTED_EDGE('',*,*,#2032,.F.);
#2032 = EDGE_CURVE('',#1982,#2008,#2033,.T.);
#2033 = SURFACE_CURVE('',#2034,(#2037,#2044),.PCURVE_S1.);
#2034 = B_SPLINE_CURVE_WITH_KNOTS('',1,(#2035,#2036),.UNSPECIFIED.,.F.,
  .F.,(2,2),(0.,1.),.PIECEWISE_BEZIER_KNOTS.);
#2035 = CARTESIAN_POINT('',(3.011287495305,-7.802328997828,0.));
#2036 = CARTESIAN_POINT('',(3.011287495305,-7.802328997828,5.));
#2037 = PCURVE('',#1962,#2038);
#2038 = DEFINITIONAL_REPRESENTATION('',(#2039),#2043);
#2039 = LINE('',#2040,#2041);
#2040 = CARTESIAN_POINT('',(0.,1.));
#2041 = VECTOR('',#2042,1.);
#2042 = DIRECTION('',(1.,0.));
#2043 = ( GEOMETRIC_REPRESENTATION_CONTEXT(2) 
PARAMETRIC_REPRESENTATION_CONTEXT() REPRESENTATION_CONTEXT('2D SPACE',''
  ) );
#2044 = PCURVE('',#2045,#2054);
#2045 = B_SPLINE_SURFACE_WITH_KNOTS('',1,3,(
    (#2046,#2047,#2048,#2049)
    ,(#2050,#2051,#2052,#2053
    )),.UNSPECIFIED.,.F.,.F.,.F.,(2,2),(4,4),(0.,1.),(0.,1.),
  .PIECEWISE_BEZIER_KNOTS.);
#2046 = CARTESIAN_POINT('',(3.011287495305,-7.802328997828,0.));
#2047 = CARTESIAN_POINT('',(3.107221219506,-8.136388015964,0.));
#2048 = CARTESIAN_POINT('',(3.088574929568,-8.492430335598,0.));
#2049 = CARTESIAN_POINT('',(3.048245685382,-8.833867966047,0.));
#2050 = CARTESIAN_POINT('',(3.011287495305,-7.802328997828,5.));
#2051 = CARTESIAN_POINT('',(3.107221219506,-8.136388015964,5.));
#2052 = CARTESIAN_POINT('',(3.088574929568,-8.492430335598,5.));
#2053 = CARTESIAN_POINT('',(3.048245685382,-8.833867966047,5.));
#2054 = DEFINITIONAL_REPRESENTATION('',(#2055),#2059);
#2055 = LINE('',#2056,#2057);
#2056 = CARTESIAN_POINT('',(0.,0.));
#2057 = VECTOR('',#2058,1.);
#2058 = DIRECTION('',(1.,0.));
#2059 = ( GEOMETRIC_REPRESENTATION_CONTEXT(2) 
PARAMETRIC_REPRESENTATION_CONTEXT() REPRESENTATION_CONTEXT('2D SPACE',''
  ) );
#2060 = ADVANCED_FACE('',(#2061),#2045,.T.);
#2061 = FACE_BOUND('',#2062,.T.);
#2062 = EDGE_LOOP('',(#2063,#2088,#2089,#2114));
#2063 = ORIENTED_EDGE('',*,*,#2064,.F.);
#2064 = EDGE_CURVE('',#1982,#2065,#2067,.T.);
#2065 = VERTEX_POINT('',#2066);
#2066 = CARTESIAN_POINT('',(3.048245685382,-8.833867966047,0.));
#2067 = SURFACE_CURVE('',#2068,(#2073,#2080),.PCURVE_S1.);
#2068 = B_SPLINE_CURVE_WITH_KNOTS('',3,(#2069,#2070,#2071,#2072),
  .UNSPECIFIED.,.F.,.F.,(4,4),(0.,1.),.PIECEWISE_BEZIER_KNOTS.);
#2069 = CARTESIAN_POINT('',(3.011287495305,-7.802328997828,0.));
#2070 = CARTESIAN_POINT('',(3.107221219506,-8.136388015964,0.));
#2071 = CARTESIAN_POINT('',(3.088574929568,-8.492430335598,0.));
#2072 = CARTESIAN_POINT('',(3.048245685382,-8.833867966047,0.));
#2073 = PCURVE('',#2045,#2074);
#2074 = DEFINITIONAL_REPRESENTATION('',(#2075),#2079);
#2075 = LINE('',#2076,#2077);
#2076 = CARTESIAN_POINT('',(0.,0.));
#2077 = VECTOR('',#2078,1.);
#2078 = DIRECTION('',(0.,1.));
#2079 = ( GEOMETRIC_REPRESENTATION_CONTEXT(2) 
PARAMETRIC_REPRESENTATION_CONTEXT() REPRESENTATION_CONTEXT('2D SPACE',''
  ) );
#2080 = PCURVE('',#49,#2081);
#2081 = DEFINITIONAL_REPRESENTATION('',(#2082),#2087);
#2082 = B_SPLINE_CURVE_WITH_KNOTS('',3,(#2083,#2084,#2085,#2086),
  .UNSPECIFIED.,.F.,.F.,(4,4),(0.,1.),.PIECEWISE_BEZIER_KNOTS.);
#2083 = CARTESIAN_POINT('',(3.011287495305,-7.802328997828));
#2084 = CARTESIAN_POINT('',(3.107221219506,-8.136388015964));
#2085 = CARTESIAN_POINT('',(3.088574929568,-8.492430335598));
#2086 = CARTESIAN_POINT('',(3.048245685382,-8.833867966047));
#2087 = ( GEOMETRIC_REPRESENTATION_CONTEXT(2) 
PARAMETRIC_REPRESENTATION_CONTEXT() REPRESENTATION_CONTEXT('2D SPACE',''
  ) );
#2088 = ORIENTED_EDGE('',*,*,#2032,.T.);
#2089 = ORIENTED_EDGE('',*,*,#2090,.T.);
#2090 = EDGE_CURVE('',#2008,#2091,#2093,.T.);
#2091 = VERTEX_POINT('',#2092);
#2092 = CARTESIAN_POINT('',(3.048245685382,-8.833867966047,5.));
#2093 = SURFACE_CURVE('',#2094,(#2099,#2106),.PCURVE_S1.);
#2094 = B_SPLINE_CURVE_WITH_KNOTS('',3,(#2095,#2096,#2097,#2098),
  .UNSPECIFIED.,.F.,.F.,(4,4),(0.,1.),.PIECEWISE_BEZIER_KNOTS.);
#2095 = CARTESIAN_POINT('',(3.011287495305,-7.802328997828,5.));
#2096 = CARTESIAN_POINT('',(3.107221219506,-8.136388015964,5.));
#2097 = CARTESIAN_POINT('',(3.088574929568,-8.492430335598,5.));
#2098 = CARTESIAN_POINT('',(3.048245685382,-8.833867966047,5.));
#2099 = PCURVE('',#2045,#2100);
#2100 = DEFINITIONAL_REPRESENTATION('',(#2101),#2105);
#2101 = LINE('',#2102,#2103);
#2102 = CARTESIAN_POINT('',(1.,0.));
#2103 = VECTOR('',#2104,1.);
#2104 = DIRECTION('',(0.,1.));
#2105 = ( GEOMETRIC_REPRESENTATION_CONTEXT(2) 
PARAMETRIC_REPRESENTATION_CONTEXT() REPRESENTATION_CONTEXT('2D SPACE',''
  ) );
#2106 = PCURVE('',#110,#2107);
#2107 = DEFINITIONAL_REPRESENTATION('',(#2108),#2113);
#2108 = B_SPLINE_CURVE_WITH_KNOTS('',3,(#2109,#2110,#2111,#2112),
  .UNSPECIFIED.,.F.,.F.,(4,4),(0.,1.),.PIECEWISE_BEZIER_KNOTS.);
#2109 = CARTESIAN_POINT('',(-3.011287495305,-7.802328997828));
#2110 = CARTESIAN_POINT('',(-3.107221219506,-8.136388015964));
#2111 = CARTESIAN_POINT('',(-3.088574929568,-8.492430335598));
#2112 = CARTESIAN_POINT('',(-3.048245685382,-8.833867966047));
#2113 = ( GEOMETRIC_REPRESENTATION_CONTEXT(2) 
PARAMETRIC_REPRESENTATION_CONTEXT() REPRESENTATION_CONTEXT('2D SPACE',''
  ) );
#2114 = ORIENTED_EDGE('',*,*,#2115,.F.);
#2115 = EDGE_CURVE('',#2065,#2091,#2116,.T.);
#2116 = SURFACE_CURVE('',#2117,(#2120,#2127),.PCURVE_S1.);
#2117 = B_SPLINE_CURVE_WITH_KNOTS('',1,(#2118,#2119),.UNSPECIFIED.,.F.,
  .F.,(2,2),(0.,1.),.PIECEWISE_BEZIER_KNOTS.);
#2118 = CARTESIAN_POINT('',(3.048245685382,-8.833867966047,0.));
#2119 = CARTESIAN_POINT('',(3.048245685382,-8.833867966047,5.));
#2120 = PCURVE('',#2045,#2121);
#2121 = DEFINITIONAL_REPRESENTATION('',(#2122),#2126);
#2122 = LINE('',#2123,#2124);
#2123 = CARTESIAN_POINT('',(0.,1.));
#2124 = VECTOR('',#2125,1.);
#2125 = DIRECTION('',(1.,0.));
#2126 = ( GEOMETRIC_REPRESENTATION_CONTEXT(2) 
PARAMETRIC_REPRESENTATION_CONTEXT() REPRESENTATION_CONTEXT('2D SPACE',''
  ) );
#2127 = PCURVE('',#2128,#2137);
#2128 = B_SPLINE_SURFACE_WITH_KNOTS('',1,3,(
    (#2129,#2130,#2131,#2132)
    ,(#2133,#2134,#2135,#2136
    )),.UNSPECIFIED.,.F.,.F.,.F.,(2,2),(4,4),(0.,1.),(0.,1.),
  .PIECEWISE_BEZIER_KNOTS.);
#2129 = CARTESIAN_POINT('',(3.048245685382,-8.833867966047,0.));
#2130 = CARTESIAN_POINT('',(2.941585230342,-8.870672650073,0.));
#2131 = CARTESIAN_POINT('',(2.834258119878,-8.905545342202,0.));
#2132 = CARTESIAN_POINT('',(2.726334748637,-8.938463169828,0.));
#2133 = CARTESIAN_POINT('',(3.048245685382,-8.833867966047,5.));
#2134 = CARTESIAN_POINT('',(2.941585230342,-8.870672650073,5.));
#2135 = CARTESIAN_POINT('',(2.834258119878,-8.905545342202,5.));
#2136 = CARTESIAN_POINT('',(2.726334748637,-8.938463169828,5.));
#2137 = DEFINITIONAL_REPRESENTATION('',(#2138),#2142);
#2138 = LINE('',#2139,#2140);
#2139 = CARTESIAN_POINT('',(0.,0.));
#2140 = VECTOR('',#2141,1.);
#2141 = DIRECTION('',(1.,0.));
#2142 = ( GEOMETRIC_REPRESENTATION_CONTEXT(2) 
PARAMETRIC_REPRESENTATION_CONTEXT() REPRESENTATION_CONTEXT('2D SPACE',''
  ) );
#2143 = ADVANCED_FACE('',(#2144),#2128,.T.);
#2144 = FACE_BOUND('',#2145,.T.);
#2145 = EDGE_LOOP('',(#2146,#2171,#2172,#2197));
#2146 = ORIENTED_EDGE('',*,*,#2147,.F.);
#2147 = EDGE_CURVE('',#2065,#2148,#2150,.T.);
#2148 = VERTEX_POINT('',#2149);
#2149 = CARTESIAN_POINT('',(2.726334748637,-8.938463169828,0.));
#2150 = SURFACE_CURVE('',#2151,(#2156,#2163),.PCURVE_S1.);
#2151 = B_SPLINE_CURVE_WITH_KNOTS('',3,(#2152,#2153,#2154,#2155),
  .UNSPECIFIED.,.F.,.F.,(4,4),(0.,1.),.PIECEWISE_BEZIER_KNOTS.);
#2152 = CARTESIAN_POINT('',(3.048245685382,-8.833867966047,0.));
#2153 = CARTESIAN_POINT('',(2.941585230342,-8.870672650073,0.));
#2154 = CARTESIAN_POINT('',(2.834258119878,-8.905545342202,0.));
#2155 = CARTESIAN_POINT('',(2.726334748637,-8.938463169828,0.));
#2156 = PCURVE('',#2128,#2157);
#2157 = DEFINITIONAL_REPRESENTATION('',(#2158),#2162);
#2158 = LINE('',#2159,#2160);
#2159 = CARTESIAN_POINT('',(0.,0.));
#2160 = VECTOR('',#2161,1.);
#2161 = DIRECTION('',(0.,1.));
#2162 = ( GEOMETRIC_REPRESENTATION_CONTEXT(2) 
PARAMETRIC_REPRESENTATION_CONTEXT() REPRESENTATION_CONTEXT('2D SPACE',''
  ) );
#2163 = PCURVE('',#49,#2164);
#2164 = DEFINITIONAL_REPRESENTATION('',(#2165),#2170);
#2165 = B_SPLINE_CURVE_WITH_KNOTS('',3,(#2166,#2167,#2168,#2169),
  .UNSPECIFIED.,.F.,.F.,(4,4),(0.,1.),.PIECEWISE_BEZIER_KNOTS.);
#2166 = CARTESIAN_POINT('',(3.048245685382,-8.833867966047));
#2167 = CARTESIAN_POINT('',(2.941585230342,-8.870672650073));
#2168 = CARTESIAN_POINT('',(2.834258119878,-8.905545342202));
#2169 = CARTESIAN_POINT('',(2.726334748637,-8.938463169828));
#2170 = ( GEOMETRIC_REPRESENTATION_CONTEXT(2) 
PARAMETRIC_REPRESENTATION_CONTEXT() REPRESENTATION_CONTEXT('2D SPACE',''
  ) );
#2171 = ORIENTED_EDGE('',*,*,#2115,.T.);
#2172 = ORIENTED_EDGE('',*,*,#2173,.T.);
#2173 = EDGE_CURVE('',#2091,#2174,#2176,.T.);
#2174 = VERTEX_POINT('',#2175);
#2175 = CARTESIAN_POINT('',(2.726334748637,-8.938463169828,5.));
#2176 = SURFACE_CURVE('',#2177,(#2182,#2189),.PCURVE_S1.);
#2177 = B_SPLINE_CURVE_WITH_KNOTS('',3,(#2178,#2179,#2180,#2181),
  .UNSPECIFIED.,.F.,.F.,(4,4),(0.,1.),.PIECEWISE_BEZIER_KNOTS.);
#2178 = CARTESIAN_POINT('',(3.048245685382,-8.833867966047,5.));
#2179 = CARTESIAN_POINT('',(2.941585230342,-8.870672650073,5.));
#2180 = CARTESIAN_POINT('',(2.834258119878,-8.905545342202,5.));
#2181 = CARTESIAN_POINT('',(2.726334748637,-8.938463169828,5.));
#2182 = PCURVE('',#2128,#2183);
#2183 = DEFINITIONAL_REPRESENTATION('',(#2184),#2188);
#2184 = LINE('',#2185,#2186);
#2185 = CARTESIAN_POINT('',(1.,0.));
#2186 = VECTOR('',#2187,1.);
#2187 = DIRECTION('',(0.,1.));
#2188 = ( GEOMETRIC_REPRESENTATION_CONTEXT(2) 
PARAMETRIC_REPRESENTATION_CONTEXT() REPRESENTATION_CONTEXT('2D SPACE',''
  ) );
#2189 = PCURVE('',#110,#2190);
#2190 = DEFINITIONAL_REPRESENTATION('',(#2191),#2196);
#2191 = B_SPLINE_CURVE_WITH_KNOTS('',3,(#2192,#2193,#2194,#2195),
  .UNSPECIFIED.,.F.,.F.,(4,4),(0.,1.),.PIECEWISE_BEZIER_KNOTS.);
#2192 = CARTESIAN_POINT('',(-3.048245685382,-8.833867966047));
#2193 = CARTESIAN_POINT('',(-2.941585230342,-8.870672650073));
#2194 = CARTESIAN_POINT('',(-2.834258119878,-8.905545342203));
#2195 = CARTESIAN_POINT('',(-2.726334748637,-8.938463169828));
#2196 = ( GEOMETRIC_REPRESENTATION_CONTEXT(2) 
PARAMETRIC_REPRESENTATION_CONTEXT() REPRESENTATION_CONTEXT('2D SPACE',''
  ) );
#2197 = ORIENTED_EDGE('',*,*,#2198,.F.);
#2198 = EDGE_CURVE('',#2148,#2174,#2199,.T.);
#2199 = SURFACE_CURVE('',#2200,(#2203,#2210),.PCURVE_S1.);
#2200 = B_SPLINE_CURVE_WITH_KNOTS('',1,(#2201,#2202),.UNSPECIFIED.,.F.,
  .F.,(2,2),(0.,1.),.PIECEWISE_BEZIER_KNOTS.);
#2201 = CARTESIAN_POINT('',(2.726334748637,-8.938463169828,0.));
#2202 = CARTESIAN_POINT('',(2.726334748637,-8.938463169828,5.));
#2203 = PCURVE('',#2128,#2204);
#2204 = DEFINITIONAL_REPRESENTATION('',(#2205),#2209);
#2205 = LINE('',#2206,#2207);
#2206 = CARTESIAN_POINT('',(0.,1.));
#2207 = VECTOR('',#2208,1.);
#2208 = DIRECTION('',(1.,0.));
#2209 = ( GEOMETRIC_REPRESENTATION_CONTEXT(2) 
PARAMETRIC_REPRESENTATION_CONTEXT() REPRESENTATION_CONTEXT('2D SPACE',''
  ) );
#2210 = PCURVE('',#2211,#2220);
#2211 = B_SPLINE_SURFACE_WITH_KNOTS('',1,3,(
    (#2212,#2213,#2214,#2215)
    ,(#2216,#2217,#2218,#2219
    )),.UNSPECIFIED.,.F.,.F.,.F.,(2,2),(4,4),(0.,1.),(0.,1.),
  .PIECEWISE_BEZIER_KNOTS.);
#2212 = CARTESIAN_POINT('',(2.726334748637,-8.938463169828,0.));
#2213 = CARTESIAN_POINT('',(2.493015700965,-8.685939259244,0.));
#2214 = CARTESIAN_POINT('',(2.26865411085,-8.408854986179,0.));
#2215 = CARTESIAN_POINT('',(2.149911159806,-8.0822071351,0.));
#2216 = CARTESIAN_POINT('',(2.726334748637,-8.938463169828,5.));
#2217 = CARTESIAN_POINT('',(2.493015700965,-8.685939259244,5.));
#2218 = CARTESIAN_POINT('',(2.26865411085,-8.408854986179,5.));
#2219 = CARTESIAN_POINT('',(2.149911159806,-8.0822071351,5.));
#2220 = DEFINITIONAL_REPRESENTATION('',(#2221),#2225);
#2221 = LINE('',#2222,#2223);
#2222 = CARTESIAN_POINT('',(0.,0.));
#2223 = VECTOR('',#2224,1.);
#2224 = DIRECTION('',(1.,0.));
#2225 = ( GEOMETRIC_REPRESENTATION_CONTEXT(2) 
PARAMETRIC_REPRESENTATION_CONTEXT() REPRESENTATION_CONTEXT('2D SPACE',''
  ) );
#2226 = ADVANCED_FACE('',(#2227),#2211,.T.);
#2227 = FACE_BOUND('',#2228,.T.);
#2228 = EDGE_LOOP('',(#2229,#2254,#2255,#2280));
#2229 = ORIENTED_EDGE('',*,*,#2230,.F.);
#2230 = EDGE_CURVE('',#2148,#2231,#2233,.T.);
#2231 = VERTEX_POINT('',#2232);
#2232 = CARTESIAN_POINT('',(2.149911159806,-8.0822071351,0.));
#2233 = SURFACE_CURVE('',#2234,(#2239,#2246),.PCURVE_S1.);
#2234 = B_SPLINE_CURVE_WITH_KNOTS('',3,(#2235,#2236,#2237,#2238),
  .UNSPECIFIED.,.F.,.F.,(4,4),(0.,1.),.PIECEWISE_BEZIER_KNOTS.);
#2235 = CARTESIAN_POINT('',(2.726334748637,-8.938463169828,0.));
#2236 = CARTESIAN_POINT('',(2.493015700965,-8.685939259244,0.));
#2237 = CARTESIAN_POINT('',(2.26865411085,-8.408854986179,0.));
#2238 = CARTESIAN_POINT('',(2.149911159806,-8.0822071351,0.));
#2239 = PCURVE('',#2211,#2240);
#2240 = DEFINITIONAL_REPRESENTATION('',(#2241),#2245);
#2241 = LINE('',#2242,#2243);
#2242 = CARTESIAN_POINT('',(0.,0.));
#2243 = VECTOR('',#2244,1.);
#2244 = DIRECTION('',(0.,1.));
#2245 = ( GEOMETRIC_REPRESENTATION_CONTEXT(2) 
PARAMETRIC_REPRESENTATION_CONTEXT() REPRESENTATION_CONTEXT('2D SPACE',''
  ) );
#2246 = PCURVE('',#49,#2247);
#2247 = DEFINITIONAL_REPRESENTATION('',(#2248),#2253);
#2248 = B_SPLINE_CURVE_WITH_KNOTS('',3,(#2249,#2250,#2251,#2252),
  .UNSPECIFIED.,.F.,.F.,(4,4),(0.,1.),.PIECEWISE_BEZIER_KNOTS.);
#2249 = CARTESIAN_POINT('',(2.726334748637,-8.938463169828));
#2250 = CARTESIAN_POINT('',(2.493015700965,-8.685939259244));
#2251 = CARTESIAN_POINT('',(2.26865411085,-8.408854986179));
#2252 = CARTESIAN_POINT('',(2.149911159806,-8.0822071351));
#2253 = ( GEOMETRIC_REPRESENTATION_CONTEXT(2) 
PARAMETRIC_REPRESENTATION_CONTEXT() REPRESENTATION_CONTEXT('2D SPACE',''
  ) );
#2254 = ORIENTED_EDGE('',*,*,#2198,.T.);
#2255 = ORIENTED_EDGE('',*,*,#2256,.T.);
#2256 = EDGE_CURVE('',#2174,#2257,#2259,.T.);
#2257 = VERTEX_POINT('',#2258);
#2258 = CARTESIAN_POINT('',(2.149911159806,-8.0822071351,5.));
#2259 = SURFACE_CURVE('',#2260,(#2265,#2272),.PCURVE_S1.);
#2260 = B_SPLINE_CURVE_WITH_KNOTS('',3,(#2261,#2262,#2263,#2264),
  .UNSPECIFIED.,.F.,.F.,(4,4),(0.,1.),.PIECEWISE_BEZIER_KNOTS.);
#2261 = CARTESIAN_POINT('',(2.726334748637,-8.938463169828,5.));
#2262 = CARTESIAN_POINT('',(2.493015700965,-8.685939259244,5.));
#2263 = CARTESIAN_POINT('',(2.26865411085,-8.408854986179,5.));
#2264 = CARTESIAN_POINT('',(2.149911159806,-8.0822071351,5.));
#2265 = PCURVE('',#2211,#2266);
#2266 = DEFINITIONAL_REPRESENTATION('',(#2267),#2271);
#2267 = LINE('',#2268,#2269);
#2268 = CARTESIAN_POINT('',(1.,0.));
#2269 = VECTOR('',#2270,1.);
#2270 = DIRECTION('',(0.,1.));
#2271 = ( GEOMETRIC_REPRESENTATION_CONTEXT(2) 
PARAMETRIC_REPRESENTATION_CONTEXT() REPRESENTATION_CONTEXT('2D SPACE',''
  ) );
#2272 = PCURVE('',#110,#2273);
#2273 = DEFINITIONAL_REPRESENTATION('',(#2274),#2279);
#2274 = B_SPLINE_CURVE_WITH_KNOTS('',3,(#2275,#2276,#2277,#2278),
  .UNSPECIFIED.,.F.,.F.,(4,4),(0.,1.),.PIECEWISE_BEZIER_KNOTS.);
#2275 = CARTESIAN_POINT('',(-2.726334748637,-8.938463169828));
#2276 = CARTESIAN_POINT('',(-2.493015700965,-8.685939259244));
#2277 = CARTESIAN_POINT('',(-2.26865411085,-8.408854986179));
#2278 = CARTESIAN_POINT('',(-2.149911159806,-8.0822071351));
#2279 = ( GEOMETRIC_REPRESENTATION_CONTEXT(2) 
PARAMETRIC_REPRESENTATION_CONTEXT() REPRESENTATION_CONTEXT('2D SPACE',''
  ) );
#2280 = ORIENTED_EDGE('',*,*,#2281,.F.);
#2281 = EDGE_CURVE('',#2231,#2257,#2282,.T.);
#2282 = SURFACE_CURVE('',#2283,(#2286,#2293),.PCURVE_S1.);
#2283 = B_SPLINE_CURVE_WITH_KNOTS('',1,(#2284,#2285),.UNSPECIFIED.,.F.,
  .F.,(2,2),(0.,1.),.PIECEWISE_BEZIER_KNOTS.);
#2284 = CARTESIAN_POINT('',(2.149911159806,-8.0822071351,0.));
#2285 = CARTESIAN_POINT('',(2.149911159806,-8.0822071351,5.));
#2286 = PCURVE('',#2211,#2287);
#2287 = DEFINITIONAL_REPRESENTATION('',(#2288),#2292);
#2288 = LINE('',#2289,#2290);
#2289 = CARTESIAN_POINT('',(0.,1.));
#2290 = VECTOR('',#2291,1.);
#2291 = DIRECTION('',(1.,0.));
#2292 = ( GEOMETRIC_REPRESENTATION_CONTEXT(2) 
PARAMETRIC_REPRESENTATION_CONTEXT() REPRESENTATION_CONTEXT('2D SPACE',''
  ) );
#2293 = PCURVE('',#2294,#2303);
#2294 = B_SPLINE_SURFACE_WITH_KNOTS('',1,3,(
    (#2295,#2296,#2297,#2298)
    ,(#2299,#2300,#2301,#2302
    )),.UNSPECIFIED.,.F.,.F.,.F.,(2,2),(4,4),(0.,1.),(0.,1.),
  .PIECEWISE_BEZIER_KNOTS.);
#2295 = CARTESIAN_POINT('',(2.149911159806,-8.0822071351,0.));
#2296 = CARTESIAN_POINT('',(2.013754605803,-8.09154864425,0.));
#2297 = CARTESIAN_POINT('',(1.879217720785,-8.123848092656,0.));
#2298 = CARTESIAN_POINT('',(1.75366038645,-8.177338529052,0.));
#2299 = CARTESIAN_POINT('',(2.149911159806,-8.0822071351,5.));
#2300 = CARTESIAN_POINT('',(2.013754605803,-8.09154864425,5.));
#2301 = CARTESIAN_POINT('',(1.879217720785,-8.123848092656,5.));
#2302 = CARTESIAN_POINT('',(1.75366038645,-8.177338529052,5.));
#2303 = DEFINITIONAL_REPRESENTATION('',(#2304),#2308);
#2304 = LINE('',#2305,#2306);
#2305 = CARTESIAN_POINT('',(0.,0.));
#2306 = VECTOR('',#2307,1.);
#2307 = DIRECTION('',(1.,0.));
#2308 = ( GEOMETRIC_REPRESENTATION_CONTEXT(2) 
PARAMETRIC_REPRESENTATION_CONTEXT() REPRESENTATION_CONTEXT('2D SPACE',''
  ) );
#2309 = ADVANCED_FACE('',(#2310),#2294,.T.);
#2310 = FACE_BOUND('',#2311,.T.);
#2311 = EDGE_LOOP('',(#2312,#2337,#2338,#2363));
#2312 = ORIENTED_EDGE('',*,*,#2313,.F.);
#2313 = EDGE_CURVE('',#2231,#2314,#2316,.T.);
#2314 = VERTEX_POINT('',#2315);
#2315 = CARTESIAN_POINT('',(1.75366038645,-8.177338529052,0.));
#2316 = SURFACE_CURVE('',#2317,(#2322,#2329),.PCURVE_S1.);
#2317 = B_SPLINE_CURVE_WITH_KNOTS('',3,(#2318,#2319,#2320,#2321),
  .UNSPECIFIED.,.F.,.F.,(4,4),(0.,1.),.PIECEWISE_BEZIER_KNOTS.);
#2318 = CARTESIAN_POINT('',(2.149911159806,-8.0822071351,0.));
#2319 = CARTESIAN_POINT('',(2.013754605803,-8.09154864425,0.));
#2320 = CARTESIAN_POINT('',(1.879217720785,-8.123848092656,0.));
#2321 = CARTESIAN_POINT('',(1.75366038645,-8.177338529052,0.));
#2322 = PCURVE('',#2294,#2323);
#2323 = DEFINITIONAL_REPRESENTATION('',(#2324),#2328);
#2324 = LINE('',#2325,#2326);
#2325 = CARTESIAN_POINT('',(0.,0.));
#2326 = VECTOR('',#2327,1.);
#2327 = DIRECTION('',(0.,1.));
#2328 = ( GEOMETRIC_REPRESENTATION_CONTEXT(2) 
PARAMETRIC_REPRESENTATION_CONTEXT() REPRESENTATION_CONTEXT('2D SPACE',''
  ) );
#2329 = PCURVE('',#49,#2330);
#2330 = DEFINITIONAL_REPRESENTATION('',(#2331),#2336);
#2331 = B_SPLINE_CURVE_WITH_KNOTS('',3,(#2332,#2333,#2334,#2335),
  .UNSPECIFIED.,.F.,.F.,(4,4),(0.,1.),.PIECEWISE_BEZIER_KNOTS.);
#2332 = CARTESIAN_POINT('',(2.149911159806,-8.0822071351));
#2333 = CARTESIAN_POINT('',(2.013754605803,-8.09154864425));
#2334 = CARTESIAN_POINT('',(1.879217720785,-8.123848092656));
#2335 = CARTESIAN_POINT('',(1.75366038645,-8.177338529052));
#2336 = ( GEOMETRIC_REPRESENTATION_CONTEXT(2) 
PARAMETRIC_REPRESENTATION_CONTEXT() REPRESENTATION_CONTEXT('2D SPACE',''
  ) );
#2337 = ORIENTED_EDGE('',*,*,#2281,.T.);
#2338 = ORIENTED_EDGE('',*,*,#2339,.T.);
#2339 = EDGE_CURVE('',#2257,#2340,#2342,.T.);
#2340 = VERTEX_POINT('',#2341);
#2341 = CARTESIAN_POINT('',(1.75366038645,-8.177338529052,5.));
#2342 = SURFACE_CURVE('',#2343,(#2348,#2355),.PCURVE_S1.);
#2343 = B_SPLINE_CURVE_WITH_KNOTS('',3,(#2344,#2345,#2346,#2347),
  .UNSPECIFIED.,.F.,.F.,(4,4),(0.,1.),.PIECEWISE_BEZIER_KNOTS.);
#2344 = CARTESIAN_POINT('',(2.149911159806,-8.0822071351,5.));
#2345 = CARTESIAN_POINT('',(2.013754605803,-8.09154864425,5.));
#2346 = CARTESIAN_POINT('',(1.879217720785,-8.123848092656,5.));
#2347 = CARTESIAN_POINT('',(1.75366038645,-8.177338529052,5.));
#2348 = PCURVE('',#2294,#2349);
#2349 = DEFINITIONAL_REPRESENTATION('',(#2350),#2354);
#2350 = LINE('',#2351,#2352);
#2351 = CARTESIAN_POINT('',(1.,0.));
#2352 = VECTOR('',#2353,1.);
#2353 = DIRECTION('',(0.,1.));
#2354 = ( GEOMETRIC_REPRESENTATION_CONTEXT(2) 
PARAMETRIC_REPRESENTATION_CONTEXT() REPRESENTATION_CONTEXT('2D SPACE',''
  ) );
#2355 = PCURVE('',#110,#2356);
#2356 = DEFINITIONAL_REPRESENTATION('',(#2357),#2362);
#2357 = B_SPLINE_CURVE_WITH_KNOTS('',3,(#2358,#2359,#2360,#2361),
  .UNSPECIFIED.,.F.,.F.,(4,4),(0.,1.),.PIECEWISE_BEZIER_KNOTS.);
#2358 = CARTESIAN_POINT('',(-2.149911159806,-8.0822071351));
#2359 = CARTESIAN_POINT('',(-2.013754605803,-8.09154864425));
#2360 = CARTESIAN_POINT('',(-1.879217720785,-8.123848092656));
#2361 = CARTESIAN_POINT('',(-1.75366038645,-8.177338529052));
#2362 = ( GEOMETRIC_REPRESENTATION_CONTEXT(2) 
PARAMETRIC_REPRESENTATION_CONTEXT() REPRESENTATION_CONTEXT('2D SPACE',''
  ) );
#2363 = ORIENTED_EDGE('',*,*,#2364,.F.);
#2364 = EDGE_CURVE('',#2314,#2340,#2365,.T.);
#2365 = SURFACE_CURVE('',#2366,(#2369,#2376),.PCURVE_S1.);
#2366 = B_SPLINE_CURVE_WITH_KNOTS('',1,(#2367,#2368),.UNSPECIFIED.,.F.,
  .F.,(2,2),(0.,1.),.PIECEWISE_BEZIER_KNOTS.);
#2367 = CARTESIAN_POINT('',(1.75366038645,-8.177338529052,0.));
#2368 = CARTESIAN_POINT('',(1.75366038645,-8.177338529052,5.));
#2369 = PCURVE('',#2294,#2370);
#2370 = DEFINITIONAL_REPRESENTATION('',(#2371),#2375);
#2371 = LINE('',#2372,#2373);
#2372 = CARTESIAN_POINT('',(0.,1.));
#2373 = VECTOR('',#2374,1.);
#2374 = DIRECTION('',(1.,0.));
#2375 = ( GEOMETRIC_REPRESENTATION_CONTEXT(2) 
PARAMETRIC_REPRESENTATION_CONTEXT() REPRESENTATION_CONTEXT('2D SPACE',''
  ) );
#2376 = PCURVE('',#2377,#2386);
#2377 = B_SPLINE_SURFACE_WITH_KNOTS('',1,3,(
    (#2378,#2379,#2380,#2381)
    ,(#2382,#2383,#2384,#2385
    )),.UNSPECIFIED.,.F.,.F.,.F.,(2,2),(4,4),(0.,1.),(0.,1.),
  .PIECEWISE_BEZIER_KNOTS.);
#2378 = CARTESIAN_POINT('',(1.75366038645,-8.177338529052,0.));
#2379 = CARTESIAN_POINT('',(1.796154663518,-8.522292067161,0.));
#2380 = CARTESIAN_POINT('',(1.722040650548,-8.87103399263,0.));
#2381 = CARTESIAN_POINT('',(1.628795313216,-9.201959075525,0.));
#2382 = CARTESIAN_POINT('',(1.75366038645,-8.177338529052,5.));
#2383 = CARTESIAN_POINT('',(1.796154663518,-8.522292067161,5.));
#2384 = CARTESIAN_POINT('',(1.722040650548,-8.87103399263,5.));
#2385 = CARTESIAN_POINT('',(1.628795313216,-9.201959075525,5.));
#2386 = DEFINITIONAL_REPRESENTATION('',(#2387),#2391);
#2387 = LINE('',#2388,#2389);
#2388 = CARTESIAN_POINT('',(0.,0.));
#2389 = VECTOR('',#2390,1.);
#2390 = DIRECTION('',(1.,0.));
#2391 = ( GEOMETRIC_REPRESENTATION_CONTEXT(2) 
PARAMETRIC_REPRESENTATION_CONTEXT() REPRESENTATION_CONTEXT('2D SPACE',''
  ) );
#2392 = ADVANCED_FACE('',(#2393),#2377,.T.);
#2393 = FACE_BOUND('',#2394,.T.);
#2394 = EDGE_LOOP('',(#2395,#2420,#2421,#2446));
#2395 = ORIENTED_EDGE('',*,*,#2396,.F.);
#2396 = EDGE_CURVE('',#2314,#2397,#2399,.T.);
#2397 = VERTEX_POINT('',#2398);
#2398 = CARTESIAN_POINT('',(1.628795313216,-9.201959075525,0.));
#2399 = SURFACE_CURVE('',#2400,(#2405,#2412),.PCURVE_S1.);
#2400 = B_SPLINE_CURVE_WITH_KNOTS('',3,(#2401,#2402,#2403,#2404),
  .UNSPECIFIED.,.F.,.F.,(4,4),(0.,1.),.PIECEWISE_BEZIER_KNOTS.);
#2401 = CARTESIAN_POINT('',(1.75366038645,-8.177338529052,0.));
#2402 = CARTESIAN_POINT('',(1.796154663518,-8.522292067161,0.));
#2403 = CARTESIAN_POINT('',(1.722040650548,-8.87103399263,0.));
#2404 = CARTESIAN_POINT('',(1.628795313216,-9.201959075525,0.));
#2405 = PCURVE('',#2377,#2406);
#2406 = DEFINITIONAL_REPRESENTATION('',(#2407),#2411);
#2407 = LINE('',#2408,#2409);
#2408 = CARTESIAN_POINT('',(0.,0.));
#2409 = VECTOR('',#2410,1.);
#2410 = DIRECTION('',(0.,1.));
#2411 = ( GEOMETRIC_REPRESENTATION_CONTEXT(2) 
PARAMETRIC_REPRESENTATION_CONTEXT() REPRESENTATION_CONTEXT('2D SPACE',''
  ) );
#2412 = PCURVE('',#49,#2413);
#2413 = DEFINITIONAL_REPRESENTATION('',(#2414),#2419);
#2414 = B_SPLINE_CURVE_WITH_KNOTS('',3,(#2415,#2416,#2417,#2418),
  .UNSPECIFIED.,.F.,.F.,(4,4),(0.,1.),.PIECEWISE_BEZIER_KNOTS.);
#2415 = CARTESIAN_POINT('',(1.75366038645,-8.177338529052));
#2416 = CARTESIAN_POINT('',(1.796154663518,-8.522292067161));
#2417 = CARTESIAN_POINT('',(1.722040650548,-8.87103399263));
#2418 = CARTESIAN_POINT('',(1.628795313216,-9.201959075525));
#2419 = ( GEOMETRIC_REPRESENTATION_CONTEXT(2) 
PARAMETRIC_REPRESENTATION_CONTEXT() REPRESENTATION_CONTEXT('2D SPACE',''
  ) );
#2420 = ORIENTED_EDGE('',*,*,#2364,.T.);
#2421 = ORIENTED_EDGE('',*,*,#2422,.T.);
#2422 = EDGE_CURVE('',#2340,#2423,#2425,.T.);
#2423 = VERTEX_POINT('',#2424);
#2424 = CARTESIAN_POINT('',(1.628795313216,-9.201959075525,5.));
#2425 = SURFACE_CURVE('',#2426,(#2431,#2438),.PCURVE_S1.);
#2426 = B_SPLINE_CURVE_WITH_KNOTS('',3,(#2427,#2428,#2429,#2430),
  .UNSPECIFIED.,.F.,.F.,(4,4),(0.,1.),.PIECEWISE_BEZIER_KNOTS.);
#2427 = CARTESIAN_POINT('',(1.75366038645,-8.177338529052,5.));
#2428 = CARTESIAN_POINT('',(1.796154663518,-8.522292067161,5.));
#2429 = CARTESIAN_POINT('',(1.722040650548,-8.87103399263,5.));
#2430 = CARTESIAN_POINT('',(1.628795313216,-9.201959075525,5.));
#2431 = PCURVE('',#2377,#2432);
#2432 = DEFINITIONAL_REPRESENTATION('',(#2433),#2437);
#2433 = LINE('',#2434,#2435);
#2434 = CARTESIAN_POINT('',(1.,0.));
#2435 = VECTOR('',#2436,1.);
#2436 = DIRECTION('',(0.,1.));
#2437 = ( GEOMETRIC_REPRESENTATION_CONTEXT(2) 
PARAMETRIC_REPRESENTATION_CONTEXT() REPRESENTATION_CONTEXT('2D SPACE',''
  ) );
#2438 = PCURVE('',#110,#2439);
#2439 = DEFINITIONAL_REPRESENTATION('',(#2440),#2445);
#2440 = B_SPLINE_CURVE_WITH_KNOTS('',3,(#2441,#2442,#2443,#2444),
  .UNSPECIFIED.,.F.,.F.,(4,4),(0.,1.),.PIECEWISE_BEZIER_KNOTS.);
#2441 = CARTESIAN_POINT('',(-1.75366038645,-8.177338529052));
#2442 = CARTESIAN_POINT('',(-1.796154663518,-8.522292067161));
#2443 = CARTESIAN_POINT('',(-1.722040650548,-8.87103399263));
#2444 = CARTESIAN_POINT('',(-1.628795313216,-9.201959075525));
#2445 = ( GEOMETRIC_REPRESENTATION_CONTEXT(2) 
PARAMETRIC_REPRESENTATION_CONTEXT() REPRESENTATION_CONTEXT('2D SPACE',''
  ) );
#2446 = ORIENTED_EDGE('',*,*,#2447,.F.);
#2447 = EDGE_CURVE('',#2397,#2423,#2448,.T.);
#2448 = SURFACE_CURVE('',#2449,(#2452,#2459),.PCURVE_S1.);
#2449 = B_SPLINE_CURVE_WITH_KNOTS('',1,(#2450,#2451),.UNSPECIFIED.,.F.,
  .F.,(2,2),(0.,1.),.PIECEWISE_BEZIER_KNOTS.);
#2450 = CARTESIAN_POINT('',(1.628795313216,-9.201959075525,0.));
#2451 = CARTESIAN_POINT('',(1.628795313216,-9.201959075525,5.));
#2452 = PCURVE('',#2377,#2453);
#2453 = DEFINITIONAL_REPRESENTATION('',(#2454),#2458);
#2454 = LINE('',#2455,#2456);
#2455 = CARTESIAN_POINT('',(0.,1.));
#2456 = VECTOR('',#2457,1.);
#2457 = DIRECTION('',(1.,0.));
#2458 = ( GEOMETRIC_REPRESENTATION_CONTEXT(2) 
PARAMETRIC_REPRESENTATION_CONTEXT() REPRESENTATION_CONTEXT('2D SPACE',''
  ) );
#2459 = PCURVE('',#2460,#2469);
#2460 = B_SPLINE_SURFACE_WITH_KNOTS('',1,3,(
    (#2461,#2462,#2463,#2464)
    ,(#2465,#2466,#2467,#2468
    )),.UNSPECIFIED.,.F.,.F.,.F.,(2,2),(4,4),(0.,1.),(0.,1.),
  .PIECEWISE_BEZIER_KNOTS.);
#2461 = CARTESIAN_POINT('',(1.628795313216,-9.201959075525,0.));
#2462 = CARTESIAN_POINT('',(1.517690504314,-9.221625261592,0.));
#2463 = CARTESIAN_POINT('',(1.406229477742,-9.239278953904,0.));
#2464 = CARTESIAN_POINT('',(1.294485339535,-9.254908573602,0.));
#2465 = CARTESIAN_POINT('',(1.628795313216,-9.201959075525,5.));
#2466 = CARTESIAN_POINT('',(1.517690504314,-9.221625261592,5.));
#2467 = CARTESIAN_POINT('',(1.406229477742,-9.239278953904,5.));
#2468 = CARTESIAN_POINT('',(1.294485339535,-9.254908573602,5.));
#2469 = DEFINITIONAL_REPRESENTATION('',(#2470),#2474);
#2470 = LINE('',#2471,#2472);
#2471 = CARTESIAN_POINT('',(0.,0.));
#2472 = VECTOR('',#2473,1.);
#2473 = DIRECTION('',(1.,0.));
#2474 = ( GEOMETRIC_REPRESENTATION_CONTEXT(2) 
PARAMETRIC_REPRESENTATION_CONTEXT() REPRESENTATION_CONTEXT('2D SPACE',''
  ) );
#2475 = ADVANCED_FACE('',(#2476),#2460,.T.);
#2476 = FACE_BOUND('',#2477,.T.);
#2477 = EDGE_LOOP('',(#2478,#2503,#2504,#2529));
#2478 = ORIENTED_EDGE('',*,*,#2479,.F.);
#2479 = EDGE_CURVE('',#2397,#2480,#2482,.T.);
#2480 = VERTEX_POINT('',#2481);
#2481 = CARTESIAN_POINT('',(1.294485339535,-9.254908573602,0.));
#2482 = SURFACE_CURVE('',#2483,(#2488,#2495),.PCURVE_S1.);
#2483 = B_SPLINE_CURVE_WITH_KNOTS('',3,(#2484,#2485,#2486,#2487),
  .UNSPECIFIED.,.F.,.F.,(4,4),(0.,1.),.PIECEWISE_BEZIER_KNOTS.);
#2484 = CARTESIAN_POINT('',(1.628795313216,-9.201959075525,0.));
#2485 = CARTESIAN_POINT('',(1.517690504314,-9.221625261592,0.));
#2486 = CARTESIAN_POINT('',(1.406229477742,-9.239278953904,0.));
#2487 = CARTESIAN_POINT('',(1.294485339535,-9.254908573602,0.));
#2488 = PCURVE('',#2460,#2489);
#2489 = DEFINITIONAL_REPRESENTATION('',(#2490),#2494);
#2490 = LINE('',#2491,#2492);
#2491 = CARTESIAN_POINT('',(0.,0.));
#2492 = VECTOR('',#2493,1.);
#2493 = DIRECTION('',(0.,1.));
#2494 = ( GEOMETRIC_REPRESENTATION_CONTEXT(2) 
PARAMETRIC_REPRESENTATION_CONTEXT() REPRESENTATION_CONTEXT('2D SPACE',''
  ) );
#2495 = PCURVE('',#49,#2496);
#2496 = DEFINITIONAL_REPRESENTATION('',(#2497),#2502);
#2497 = B_SPLINE_CURVE_WITH_KNOTS('',3,(#2498,#2499,#2500,#2501),
  .UNSPECIFIED.,.F.,.F.,(4,4),(0.,1.),.PIECEWISE_BEZIER_KNOTS.);
#2498 = CARTESIAN_POINT('',(1.628795313216,-9.201959075525));
#2499 = CARTESIAN_POINT('',(1.517690504314,-9.221625261592));
#2500 = CARTESIAN_POINT('',(1.406229477742,-9.239278953904));
#2501 = CARTESIAN_POINT('',(1.294485339535,-9.254908573602));
#2502 = ( GEOMETRIC_REPRESENTATION_CONTEXT(2) 
PARAMETRIC_REPRESENTATION_CONTEXT() REPRESENTATION_CONTEXT('2D SPACE',''
  ) );
#2503 = ORIENTED_EDGE('',*,*,#2447,.T.);
#2504 = ORIENTED_EDGE('',*,*,#2505,.T.);
#2505 = EDGE_CURVE('',#2423,#2506,#2508,.T.);
#2506 = VERTEX_POINT('',#2507);
#2507 = CARTESIAN_POINT('',(1.294485339535,-9.254908573602,5.));
#2508 = SURFACE_CURVE('',#2509,(#2514,#2521),.PCURVE_S1.);
#2509 = B_SPLINE_CURVE_WITH_KNOTS('',3,(#2510,#2511,#2512,#2513),
  .UNSPECIFIED.,.F.,.F.,(4,4),(0.,1.),.PIECEWISE_BEZIER_KNOTS.);
#2510 = CARTESIAN_POINT('',(1.628795313216,-9.201959075525,5.));
#2511 = CARTESIAN_POINT('',(1.517690504314,-9.221625261592,5.));
#2512 = CARTESIAN_POINT('',(1.406229477742,-9.239278953904,5.));
#2513 = CARTESIAN_POINT('',(1.294485339535,-9.254908573602,5.));
#2514 = PCURVE('',#2460,#2515);
#2515 = DEFINITIONAL_REPRESENTATION('',(#2516),#2520);
#2516 = LINE('',#2517,#2518);
#2517 = CARTESIAN_POINT('',(1.,0.));
#2518 = VECTOR('',#2519,1.);
#2519 = DIRECTION('',(0.,1.));
#2520 = ( GEOMETRIC_REPRESENTATION_CONTEXT(2) 
PARAMETRIC_REPRESENTATION_CONTEXT() REPRESENTATION_CONTEXT('2D SPACE',''
  ) );
#2521 = PCURVE('',#110,#2522);
#2522 = DEFINITIONAL_REPRESENTATION('',(#2523),#2528);
#2523 = B_SPLINE_CURVE_WITH_KNOTS('',3,(#2524,#2525,#2526,#2527),
  .UNSPECIFIED.,.F.,.F.,(4,4),(0.,1.),.PIECEWISE_BEZIER_KNOTS.);
#2524 = CARTESIAN_POINT('',(-1.628795313216,-9.201959075525));
#2525 = CARTESIAN_POINT('',(-1.517690504314,-9.221625261592));
#2526 = CARTESIAN_POINT('',(-1.406229477742,-9.239278953904));
#2527 = CARTESIAN_POINT('',(-1.294485339535,-9.254908573602));
#2528 = ( GEOMETRIC_REPRESENTATION_CONTEXT(2) 
PARAMETRIC_REPRESENTATION_CONTEXT() REPRESENTATION_CONTEXT('2D SPACE',''
  ) );
#2529 = ORIENTED_EDGE('',*,*,#2530,.F.);
#2530 = EDGE_CURVE('',#2480,#2506,#2531,.T.);
#2531 = SURFACE_CURVE('',#2532,(#2535,#2542),.PCURVE_S1.);
#2532 = B_SPLINE_CURVE_WITH_KNOTS('',1,(#2533,#2534),.UNSPECIFIED.,.F.,
  .F.,(2,2),(0.,1.),.PIECEWISE_BEZIER_KNOTS.);
#2533 = CARTESIAN_POINT('',(1.294485339535,-9.254908573602,0.));
#2534 = CARTESIAN_POINT('',(1.294485339535,-9.254908573602,5.));
#2535 = PCURVE('',#2460,#2536);
#2536 = DEFINITIONAL_REPRESENTATION('',(#2537),#2541);
#2537 = LINE('',#2538,#2539);
#2538 = CARTESIAN_POINT('',(0.,1.));
#2539 = VECTOR('',#2540,1.);
#2540 = DIRECTION('',(1.,0.));
#2541 = ( GEOMETRIC_REPRESENTATION_CONTEXT(2) 
PARAMETRIC_REPRESENTATION_CONTEXT() REPRESENTATION_CONTEXT('2D SPACE',''
  ) );
#2542 = PCURVE('',#2543,#2552);
#2543 = B_SPLINE_SURFACE_WITH_KNOTS('',1,3,(
    (#2544,#2545,#2546,#2547)
    ,(#2548,#2549,#2550,#2551
    )),.UNSPECIFIED.,.F.,.F.,.F.,(2,2),(4,4),(0.,1.),(0.,1.),
  .PIECEWISE_BEZIER_KNOTS.);
#2544 = CARTESIAN_POINT('',(1.294485339535,-9.254908573602,0.));
#2545 = CARTESIAN_POINT('',(1.103542279372,-8.96899451099,0.));
#2546 = CARTESIAN_POINT('',(0.925288482766,-8.660223719797,0.));
#2547 = CARTESIAN_POINT('',(0.859106436332,-8.319021955782,0.));
#2548 = CARTESIAN_POINT('',(1.294485339535,-9.254908573602,5.));
#2549 = CARTESIAN_POINT('',(1.103542279372,-8.96899451099,5.));
#2550 = CARTESIAN_POINT('',(0.925288482766,-8.660223719797,5.));
#2551 = CARTESIAN_POINT('',(0.859106436332,-8.319021955782,5.));
#2552 = DEFINITIONAL_REPRESENTATION('',(#2553),#2557);
#2553 = LINE('',#2554,#2555);
#2554 = CARTESIAN_POINT('',(0.,0.));
#2555 = VECTOR('',#2556,1.);
#2556 = DIRECTION('',(1.,0.));
#2557 = ( GEOMETRIC_REPRESENTATION_CONTEXT(2) 
PARAMETRIC_REPRESENTATION_CONTEXT() REPRESENTATION_CONTEXT('2D SPACE',''
  ) );
#2558 = ADVANCED_FACE('',(#2559),#2543,.T.);
#2559 = FACE_BOUND('',#2560,.T.);
#2560 = EDGE_LOOP('',(#2561,#2586,#2587,#2612));
#2561 = ORIENTED_EDGE('',*,*,#2562,.F.);
#2562 = EDGE_CURVE('',#2480,#2563,#2565,.T.);
#2563 = VERTEX_POINT('',#2564);
#2564 = CARTESIAN_POINT('',(0.859106436332,-8.319021955782,0.));
#2565 = SURFACE_CURVE('',#2566,(#2571,#2578),.PCURVE_S1.);
#2566 = B_SPLINE_CURVE_WITH_KNOTS('',3,(#2567,#2568,#2569,#2570),
  .UNSPECIFIED.,.F.,.F.,(4,4),(0.,1.),.PIECEWISE_BEZIER_KNOTS.);
#2567 = CARTESIAN_POINT('',(1.294485339535,-9.254908573602,0.));
#2568 = CARTESIAN_POINT('',(1.103542279372,-8.96899451099,0.));
#2569 = CARTESIAN_POINT('',(0.925288482766,-8.660223719797,0.));
#2570 = CARTESIAN_POINT('',(0.859106436332,-8.319021955782,0.));
#2571 = PCURVE('',#2543,#2572);
#2572 = DEFINITIONAL_REPRESENTATION('',(#2573),#2577);
#2573 = LINE('',#2574,#2575);
#2574 = CARTESIAN_POINT('',(0.,0.));
#2575 = VECTOR('',#2576,1.);
#2576 = DIRECTION('',(0.,1.));
#2577 = ( GEOMETRIC_REPRESENTATION_CONTEXT(2) 
PARAMETRIC_REPRESENTATION_CONTEXT() REPRESENTATION_CONTEXT('2D SPACE',''
  ) );
#2578 = PCURVE('',#49,#2579);
#2579 = DEFINITIONAL_REPRESENTATION('',(#2580),#2585);
#2580 = B_SPLINE_CURVE_WITH_KNOTS('',3,(#2581,#2582,#2583,#2584),
  .UNSPECIFIED.,.F.,.F.,(4,4),(0.,1.),.PIECEWISE_BEZIER_KNOTS.);
#2581 = CARTESIAN_POINT('',(1.294485339535,-9.254908573602));
#2582 = CARTESIAN_POINT('',(1.103542279372,-8.96899451099));
#2583 = CARTESIAN_POINT('',(0.925288482766,-8.660223719797));
#2584 = CARTESIAN_POINT('',(0.859106436332,-8.319021955782));
#2585 = ( GEOMETRIC_REPRESENTATION_CONTEXT(2) 
PARAMETRIC_REPRESENTATION_CONTEXT() REPRESENTATION_CONTEXT('2D SPACE',''
  ) );
#2586 = ORIENTED_EDGE('',*,*,#2530,.T.);
#2587 = ORIENTED_EDGE('',*,*,#2588,.T.);
#2588 = EDGE_CURVE('',#2506,#2589,#2591,.T.);
#2589 = VERTEX_POINT('',#2590);
#2590 = CARTESIAN_POINT('',(0.859106436332,-8.319021955782,5.));
#2591 = SURFACE_CURVE('',#2592,(#2597,#2604),.PCURVE_S1.);
#2592 = B_SPLINE_CURVE_WITH_KNOTS('',3,(#2593,#2594,#2595,#2596),
  .UNSPECIFIED.,.F.,.F.,(4,4),(0.,1.),.PIECEWISE_BEZIER_KNOTS.);
#2593 = CARTESIAN_POINT('',(1.294485339535,-9.254908573602,5.));
#2594 = CARTESIAN_POINT('',(1.103542279372,-8.96899451099,5.));
#2595 = CARTESIAN_POINT('',(0.925288482766,-8.660223719797,5.));
#2596 = CARTESIAN_POINT('',(0.859106436332,-8.319021955782,5.));
#2597 = PCURVE('',#2543,#2598);
#2598 = DEFINITIONAL_REPRESENTATION('',(#2599),#2603);
#2599 = LINE('',#2600,#2601);
#2600 = CARTESIAN_POINT('',(1.,0.));
#2601 = VECTOR('',#2602,1.);
#2602 = DIRECTION('',(0.,1.));
#2603 = ( GEOMETRIC_REPRESENTATION_CONTEXT(2) 
PARAMETRIC_REPRESENTATION_CONTEXT() REPRESENTATION_CONTEXT('2D SPACE',''
  ) );
#2604 = PCURVE('',#110,#2605);
#2605 = DEFINITIONAL_REPRESENTATION('',(#2606),#2611);
#2606 = B_SPLINE_CURVE_WITH_KNOTS('',3,(#2607,#2608,#2609,#2610),
  .UNSPECIFIED.,.F.,.F.,(4,4),(0.,1.),.PIECEWISE_BEZIER_KNOTS.);
#2607 = CARTESIAN_POINT('',(-1.294485339535,-9.254908573602));
#2608 = CARTESIAN_POINT('',(-1.103542279372,-8.96899451099));
#2609 = CARTESIAN_POINT('',(-0.925288482766,-8.660223719797));
#2610 = CARTESIAN_POINT('',(-0.859106436332,-8.319021955782));
#2611 = ( GEOMETRIC_REPRESENTATION_CONTEXT(2) 
PARAMETRIC_REPRESENTATION_CONTEXT() REPRESENTATION_CONTEXT('2D SPACE',''
  ) );
#2612 = ORIENTED_EDGE('',*,*,#2613,.F.);
#2613 = EDGE_CURVE('',#2563,#2589,#2614,.T.);
#2614 = SURFACE_CURVE('',#2615,(#2618,#2625),.PCURVE_S1.);
#2615 = B_SPLINE_CURVE_WITH_KNOTS('',1,(#2616,#2617),.UNSPECIFIED.,.F.,
  .F.,(2,2),(0.,1.),.PIECEWISE_BEZIER_KNOTS.);
#2616 = CARTESIAN_POINT('',(0.859106436332,-8.319021955782,0.));
#2617 = CARTESIAN_POINT('',(0.859106436332,-8.319021955782,5.));
#2618 = PCURVE('',#2543,#2619);
#2619 = DEFINITIONAL_REPRESENTATION('',(#2620),#2624);
#2620 = LINE('',#2621,#2622);
#2621 = CARTESIAN_POINT('',(0.,1.));
#2622 = VECTOR('',#2623,1.);
#2623 = DIRECTION('',(1.,0.));
#2624 = ( GEOMETRIC_REPRESENTATION_CONTEXT(2) 
PARAMETRIC_REPRESENTATION_CONTEXT() REPRESENTATION_CONTEXT('2D SPACE',''
  ) );
#2625 = PCURVE('',#2626,#2635);
#2626 = B_SPLINE_SURFACE_WITH_KNOTS('',1,3,(
    (#2627,#2628,#2629,#2630)
    ,(#2631,#2632,#2633,#2634
    )),.UNSPECIFIED.,.F.,.F.,.F.,(2,2),(4,4),(0.,1.),(0.,1.),
  .PIECEWISE_BEZIER_KNOTS.);
#2627 = CARTESIAN_POINT('',(0.859106436332,-8.319021955782,0.));
#2628 = CARTESIAN_POINT('',(0.723164861461,-8.306948877766,0.));
#2629 = CARTESIAN_POINT('',(0.585231601816,-8.317804460728,0.));
#2630 = CARTESIAN_POINT('',(0.452852338815,-8.350994846661,0.));
#2631 = CARTESIAN_POINT('',(0.859106436332,-8.319021955782,5.));
#2632 = CARTESIAN_POINT('',(0.723164861461,-8.306948877766,5.));
#2633 = CARTESIAN_POINT('',(0.585231601816,-8.317804460728,5.));
#2634 = CARTESIAN_POINT('',(0.452852338815,-8.350994846661,5.));
#2635 = DEFINITIONAL_REPRESENTATION('',(#2636),#2640);
#2636 = LINE('',#2637,#2638);
#2637 = CARTESIAN_POINT('',(0.,0.));
#2638 = VECTOR('',#2639,1.);
#2639 = DIRECTION('',(1.,0.));
#2640 = ( GEOMETRIC_REPRESENTATION_CONTEXT(2) 
PARAMETRIC_REPRESENTATION_CONTEXT() REPRESENTATION_CONTEXT('2D SPACE',''
  ) );
#2641 = ADVANCED_FACE('',(#2642),#2626,.T.);
#2642 = FACE_BOUND('',#2643,.T.);
#2643 = EDGE_LOOP('',(#2644,#2669,#2670,#2695));
#2644 = ORIENTED_EDGE('',*,*,#2645,.F.);
#2645 = EDGE_CURVE('',#2563,#2646,#2648,.T.);
#2646 = VERTEX_POINT('',#2647);
#2647 = CARTESIAN_POINT('',(0.452852338815,-8.350994846661,0.));
#2648 = SURFACE_CURVE('',#2649,(#2654,#2661),.PCURVE_S1.);
#2649 = B_SPLINE_CURVE_WITH_KNOTS('',3,(#2650,#2651,#2652,#2653),
  .UNSPECIFIED.,.F.,.F.,(4,4),(0.,1.),.PIECEWISE_BEZIER_KNOTS.);
#2650 = CARTESIAN_POINT('',(0.859106436332,-8.319021955782,0.));
#2651 = CARTESIAN_POINT('',(0.723164861461,-8.306948877766,0.));
#2652 = CARTESIAN_POINT('',(0.585231601816,-8.317804460728,0.));
#2653 = CARTESIAN_POINT('',(0.452852338815,-8.350994846661,0.));
#2654 = PCURVE('',#2626,#2655);
#2655 = DEFINITIONAL_REPRESENTATION('',(#2656),#2660);
#2656 = LINE('',#2657,#2658);
#2657 = CARTESIAN_POINT('',(0.,0.));
#2658 = VECTOR('',#2659,1.);
#2659 = DIRECTION('',(0.,1.));
#2660 = ( GEOMETRIC_REPRESENTATION_CONTEXT(2) 
PARAMETRIC_REPRESENTATION_CONTEXT() REPRESENTATION_CONTEXT('2D SPACE',''
  ) );
#2661 = PCURVE('',#49,#2662);
#2662 = DEFINITIONAL_REPRESENTATION('',(#2663),#2668);
#2663 = B_SPLINE_CURVE_WITH_KNOTS('',3,(#2664,#2665,#2666,#2667),
  .UNSPECIFIED.,.F.,.F.,(4,4),(0.,1.),.PIECEWISE_BEZIER_KNOTS.);
#2664 = CARTESIAN_POINT('',(0.859106436332,-8.319021955782));
#2665 = CARTESIAN_POINT('',(0.723164861461,-8.306948877766));
#2666 = CARTESIAN_POINT('',(0.585231601816,-8.317804460728));
#2667 = CARTESIAN_POINT('',(0.452852338815,-8.350994846661));
#2668 = ( GEOMETRIC_REPRESENTATION_CONTEXT(2) 
PARAMETRIC_REPRESENTATION_CONTEXT() REPRESENTATION_CONTEXT('2D SPACE',''
  ) );
#2669 = ORIENTED_EDGE('',*,*,#2613,.T.);
#2670 = ORIENTED_EDGE('',*,*,#2671,.T.);
#2671 = EDGE_CURVE('',#2589,#2672,#2674,.T.);
#2672 = VERTEX_POINT('',#2673);
#2673 = CARTESIAN_POINT('',(0.452852338815,-8.350994846661,5.));
#2674 = SURFACE_CURVE('',#2675,(#2680,#2687),.PCURVE_S1.);
#2675 = B_SPLINE_CURVE_WITH_KNOTS('',3,(#2676,#2677,#2678,#2679),
  .UNSPECIFIED.,.F.,.F.,(4,4),(0.,1.),.PIECEWISE_BEZIER_KNOTS.);
#2676 = CARTESIAN_POINT('',(0.859106436332,-8.319021955782,5.));
#2677 = CARTESIAN_POINT('',(0.723164861461,-8.306948877766,5.));
#2678 = CARTESIAN_POINT('',(0.585231601816,-8.317804460728,5.));
#2679 = CARTESIAN_POINT('',(0.452852338815,-8.350994846661,5.));
#2680 = PCURVE('',#2626,#2681);
#2681 = DEFINITIONAL_REPRESENTATION('',(#2682),#2686);
#2682 = LINE('',#2683,#2684);
#2683 = CARTESIAN_POINT('',(1.,0.));
#2684 = VECTOR('',#2685,1.);
#2685 = DIRECTION('',(0.,1.));
#2686 = ( GEOMETRIC_REPRESENTATION_CONTEXT(2) 
PARAMETRIC_REPRESENTATION_CONTEXT() REPRESENTATION_CONTEXT('2D SPACE',''
  ) );
#2687 = PCURVE('',#110,#2688);
#2688 = DEFINITIONAL_REPRESENTATION('',(#2689),#2694);
#2689 = B_SPLINE_CURVE_WITH_KNOTS('',3,(#2690,#2691,#2692,#2693),
  .UNSPECIFIED.,.F.,.F.,(4,4),(0.,1.),.PIECEWISE_BEZIER_KNOTS.);
#2690 = CARTESIAN_POINT('',(-0.859106436332,-8.319021955782));
#2691 = CARTESIAN_POINT('',(-0.723164861461,-8.306948877766));
#2692 = CARTESIAN_POINT('',(-0.585231601816,-8.317804460728));
#2693 = CARTESIAN_POINT('',(-0.452852338815,-8.350994846661));
#2694 = ( GEOMETRIC_REPRESENTATION_CONTEXT(2) 
PARAMETRIC_REPRESENTATION_CONTEXT() REPRESENTATION_CONTEXT('2D SPACE',''
  ) );
#2695 = ORIENTED_EDGE('',*,*,#2696,.F.);
#2696 = EDGE_CURVE('',#2646,#2672,#2697,.T.);
#2697 = SURFACE_CURVE('',#2698,(#2701,#2708),.PCURVE_S1.);
#2698 = B_SPLINE_CURVE_WITH_KNOTS('',1,(#2699,#2700),.UNSPECIFIED.,.F.,
  .F.,(2,2),(0.,1.),.PIECEWISE_BEZIER_KNOTS.);
#2699 = CARTESIAN_POINT('',(0.452852338815,-8.350994846661,0.));
#2700 = CARTESIAN_POINT('',(0.452852338815,-8.350994846661,5.));
#2701 = PCURVE('',#2626,#2702);
#2702 = DEFINITIONAL_REPRESENTATION('',(#2703),#2707);
#2703 = LINE('',#2704,#2705);
#2704 = CARTESIAN_POINT('',(0.,1.));
#2705 = VECTOR('',#2706,1.);
#2706 = DIRECTION('',(1.,0.));
#2707 = ( GEOMETRIC_REPRESENTATION_CONTEXT(2) 
PARAMETRIC_REPRESENTATION_CONTEXT() REPRESENTATION_CONTEXT('2D SPACE',''
  ) );
#2708 = PCURVE('',#2709,#2718);
#2709 = B_SPLINE_SURFACE_WITH_KNOTS('',1,3,(
    (#2710,#2711,#2712,#2713)
    ,(#2714,#2715,#2716,#2717
    )),.UNSPECIFIED.,.F.,.F.,.F.,(2,2),(4,4),(0.,1.),(0.,1.),
  .PIECEWISE_BEZIER_KNOTS.);
#2710 = CARTESIAN_POINT('',(0.452852338815,-8.350994846661,0.));
#2711 = CARTESIAN_POINT('',(0.44086081862,-8.698349003798,0.));
#2712 = CARTESIAN_POINT('',(0.313104015586,-9.031203351489,0.));
#2713 = CARTESIAN_POINT('',(0.169238594778,-9.343467413013,0.));
#2714 = CARTESIAN_POINT('',(0.452852338815,-8.350994846661,5.));
#2715 = CARTESIAN_POINT('',(0.44086081862,-8.698349003798,5.));
#2716 = CARTESIAN_POINT('',(0.313104015586,-9.031203351489,5.));
#2717 = CARTESIAN_POINT('',(0.169238594778,-9.343467413013,5.));
#2718 = DEFINITIONAL_REPRESENTATION('',(#2719),#2723);
#2719 = LINE('',#2720,#2721);
#2720 = CARTESIAN_POINT('',(0.,0.));
#2721 = VECTOR('',#2722,1.);
#2722 = DIRECTION('',(1.,0.));
#2723 = ( GEOMETRIC_REPRESENTATION_CONTEXT(2) 
PARAMETRIC_REPRESENTATION_CONTEXT() REPRESENTATION_CONTEXT('2D SPACE',''
  ) );
#2724 = ADVANCED_FACE('',(#2725),#2709,.T.);
#2725 = FACE_BOUND('',#2726,.T.);
#2726 = EDGE_LOOP('',(#2727,#2752,#2753,#2778));
#2727 = ORIENTED_EDGE('',*,*,#2728,.F.);
#2728 = EDGE_CURVE('',#2646,#2729,#2731,.T.);
#2729 = VERTEX_POINT('',#2730);
#2730 = CARTESIAN_POINT('',(0.169238594778,-9.343467413013,0.));
#2731 = SURFACE_CURVE('',#2732,(#2737,#2744),.PCURVE_S1.);
#2732 = B_SPLINE_CURVE_WITH_KNOTS('',3,(#2733,#2734,#2735,#2736),
  .UNSPECIFIED.,.F.,.F.,(4,4),(0.,1.),.PIECEWISE_BEZIER_KNOTS.);
#2733 = CARTESIAN_POINT('',(0.452852338815,-8.350994846661,0.));
#2734 = CARTESIAN_POINT('',(0.44086081862,-8.698349003798,0.));
#2735 = CARTESIAN_POINT('',(0.313104015586,-9.031203351489,0.));
#2736 = CARTESIAN_POINT('',(0.169238594778,-9.343467413013,0.));
#2737 = PCURVE('',#2709,#2738);
#2738 = DEFINITIONAL_REPRESENTATION('',(#2739),#2743);
#2739 = LINE('',#2740,#2741);
#2740 = CARTESIAN_POINT('',(0.,0.));
#2741 = VECTOR('',#2742,1.);
#2742 = DIRECTION('',(0.,1.));
#2743 = ( GEOMETRIC_REPRESENTATION_CONTEXT(2) 
PARAMETRIC_REPRESENTATION_CONTEXT() REPRESENTATION_CONTEXT('2D SPACE',''
  ) );
#2744 = PCURVE('',#49,#2745);
#2745 = DEFINITIONAL_REPRESENTATION('',(#2746),#2751);
#2746 = B_SPLINE_CURVE_WITH_KNOTS('',3,(#2747,#2748,#2749,#2750),
  .UNSPECIFIED.,.F.,.F.,(4,4),(0.,1.),.PIECEWISE_BEZIER_KNOTS.);
#2747 = CARTESIAN_POINT('',(0.452852338815,-8.350994846661));
#2748 = CARTESIAN_POINT('',(0.44086081862,-8.698349003798));
#2749 = CARTESIAN_POINT('',(0.313104015586,-9.031203351489));
#2750 = CARTESIAN_POINT('',(0.169238594778,-9.343467413013));
#2751 = ( GEOMETRIC_REPRESENTATION_CONTEXT(2) 
PARAMETRIC_REPRESENTATION_CONTEXT() REPRESENTATION_CONTEXT('2D SPACE',''
  ) );
#2752 = ORIENTED_EDGE('',*,*,#2696,.T.);
#2753 = ORIENTED_EDGE('',*,*,#2754,.T.);
#2754 = EDGE_CURVE('',#2672,#2755,#2757,.T.);
#2755 = VERTEX_POINT('',#2756);
#2756 = CARTESIAN_POINT('',(0.169238594778,-9.343467413013,5.));
#2757 = SURFACE_CURVE('',#2758,(#2763,#2770),.PCURVE_S1.);
#2758 = B_SPLINE_CURVE_WITH_KNOTS('',3,(#2759,#2760,#2761,#2762),
  .UNSPECIFIED.,.F.,.F.,(4,4),(0.,1.),.PIECEWISE_BEZIER_KNOTS.);
#2759 = CARTESIAN_POINT('',(0.452852338815,-8.350994846661,5.));
#2760 = CARTESIAN_POINT('',(0.44086081862,-8.698349003798,5.));
#2761 = CARTESIAN_POINT('',(0.313104015586,-9.031203351489,5.));
#2762 = CARTESIAN_POINT('',(0.169238594778,-9.343467413013,5.));
#2763 = PCURVE('',#2709,#2764);
#2764 = DEFINITIONAL_REPRESENTATION('',(#2765),#2769);
#2765 = LINE('',#2766,#2767);
#2766 = CARTESIAN_POINT('',(1.,0.));
#2767 = VECTOR('',#2768,1.);
#2768 = DIRECTION('',(0.,1.));
#2769 = ( GEOMETRIC_REPRESENTATION_CONTEXT(2) 
PARAMETRIC_REPRESENTATION_CONTEXT() REPRESENTATION_CONTEXT('2D SPACE',''
  ) );
#2770 = PCURVE('',#110,#2771);
#2771 = DEFINITIONAL_REPRESENTATION('',(#2772),#2777);
#2772 = B_SPLINE_CURVE_WITH_KNOTS('',3,(#2773,#2774,#2775,#2776),
  .UNSPECIFIED.,.F.,.F.,(4,4),(0.,1.),.PIECEWISE_BEZIER_KNOTS.);
#2773 = CARTESIAN_POINT('',(-0.452852338815,-8.350994846661));
#2774 = CARTESIAN_POINT('',(-0.44086081862,-8.698349003798));
#2775 = CARTESIAN_POINT('',(-0.313104015586,-9.031203351489));
#2776 = CARTESIAN_POINT('',(-0.169238594778,-9.343467413013));
#2777 = ( GEOMETRIC_REPRESENTATION_CONTEXT(2) 
PARAMETRIC_REPRESENTATION_CONTEXT() REPRESENTATION_CONTEXT('2D SPACE',''
  ) );
#2778 = ORIENTED_EDGE('',*,*,#2779,.F.);
#2779 = EDGE_CURVE('',#2729,#2755,#2780,.T.);
#2780 = SURFACE_CURVE('',#2781,(#2784,#2791),.PCURVE_S1.);
#2781 = B_SPLINE_CURVE_WITH_KNOTS('',1,(#2782,#2783),.UNSPECIFIED.,.F.,
  .F.,(2,2),(0.,1.),.PIECEWISE_BEZIER_KNOTS.);
#2782 = CARTESIAN_POINT('',(0.169238594778,-9.343467413013,0.));
#2783 = CARTESIAN_POINT('',(0.169238594778,-9.343467413013,5.));
#2784 = PCURVE('',#2709,#2785);
#2785 = DEFINITIONAL_REPRESENTATION('',(#2786),#2790);
#2786 = LINE('',#2787,#2788);
#2787 = CARTESIAN_POINT('',(0.,1.));
#2788 = VECTOR('',#2789,1.);
#2789 = DIRECTION('',(1.,0.));
#2790 = ( GEOMETRIC_REPRESENTATION_CONTEXT(2) 
PARAMETRIC_REPRESENTATION_CONTEXT() REPRESENTATION_CONTEXT('2D SPACE',''
  ) );
#2791 = PCURVE('',#2792,#2801);
#2792 = B_SPLINE_SURFACE_WITH_KNOTS('',1,3,(
    (#2793,#2794,#2795,#2796)
    ,(#2797,#2798,#2799,#2800
    )),.UNSPECIFIED.,.F.,.F.,.F.,(2,2),(4,4),(0.,1.),(0.,1.),
  .PIECEWISE_BEZIER_KNOTS.);
#2793 = CARTESIAN_POINT('',(0.169238594778,-9.343467413013,0.));
#2794 = CARTESIAN_POINT('',(5.642520114474E-02,-9.345510854351,0.));
#2795 = CARTESIAN_POINT('',(-5.642520114474E-02,-9.345510854351,0.));
#2796 = CARTESIAN_POINT('',(-0.169238594778,-9.343467413013,0.));
#2797 = CARTESIAN_POINT('',(0.169238594778,-9.343467413013,5.));
#2798 = CARTESIAN_POINT('',(5.642520114474E-02,-9.345510854351,5.));
#2799 = CARTESIAN_POINT('',(-5.642520114474E-02,-9.345510854351,5.));
#2800 = CARTESIAN_POINT('',(-0.169238594778,-9.343467413013,5.));
#2801 = DEFINITIONAL_REPRESENTATION('',(#2802),#2806);
#2802 = LINE('',#2803,#2804);
#2803 = CARTESIAN_POINT('',(0.,0.));
#2804 = VECTOR('',#2805,1.);
#2805 = DIRECTION('',(1.,0.));
#2806 = ( GEOMETRIC_REPRESENTATION_CONTEXT(2) 
PARAMETRIC_REPRESENTATION_CONTEXT() REPRESENTATION_CONTEXT('2D SPACE',''
  ) );
#2807 = ADVANCED_FACE('',(#2808),#2792,.T.);
#2808 = FACE_BOUND('',#2809,.T.);
#2809 = EDGE_LOOP('',(#2810,#2835,#2836,#2861));
#2810 = ORIENTED_EDGE('',*,*,#2811,.F.);
#2811 = EDGE_CURVE('',#2729,#2812,#2814,.T.);
#2812 = VERTEX_POINT('',#2813);
#2813 = CARTESIAN_POINT('',(-0.169238594778,-9.343467413013,0.));
#2814 = SURFACE_CURVE('',#2815,(#2820,#2827),.PCURVE_S1.);
#2815 = B_SPLINE_CURVE_WITH_KNOTS('',3,(#2816,#2817,#2818,#2819),
  .UNSPECIFIED.,.F.,.F.,(4,4),(0.,1.),.PIECEWISE_BEZIER_KNOTS.);
#2816 = CARTESIAN_POINT('',(0.169238594778,-9.343467413013,0.));
#2817 = CARTESIAN_POINT('',(5.642520114474E-02,-9.345510854351,0.));
#2818 = CARTESIAN_POINT('',(-5.642520114474E-02,-9.345510854351,0.));
#2819 = CARTESIAN_POINT('',(-0.169238594778,-9.343467413013,0.));
#2820 = PCURVE('',#2792,#2821);
#2821 = DEFINITIONAL_REPRESENTATION('',(#2822),#2826);
#2822 = LINE('',#2823,#2824);
#2823 = CARTESIAN_POINT('',(0.,0.));
#2824 = VECTOR('',#2825,1.);
#2825 = DIRECTION('',(0.,1.));
#2826 = ( GEOMETRIC_REPRESENTATION_CONTEXT(2) 
PARAMETRIC_REPRESENTATION_CONTEXT() REPRESENTATION_CONTEXT('2D SPACE',''
  ) );
#2827 = PCURVE('',#49,#2828);
#2828 = DEFINITIONAL_REPRESENTATION('',(#2829),#2834);
#2829 = B_SPLINE_CURVE_WITH_KNOTS('',3,(#2830,#2831,#2832,#2833),
  .UNSPECIFIED.,.F.,.F.,(4,4),(0.,1.),.PIECEWISE_BEZIER_KNOTS.);
#2830 = CARTESIAN_POINT('',(0.169238594778,-9.343467413013));
#2831 = CARTESIAN_POINT('',(5.642520114474E-02,-9.345510854351));
#2832 = CARTESIAN_POINT('',(-5.642520114474E-02,-9.345510854351));
#2833 = CARTESIAN_POINT('',(-0.169238594778,-9.343467413013));
#2834 = ( GEOMETRIC_REPRESENTATION_CONTEXT(2) 
PARAMETRIC_REPRESENTATION_CONTEXT() REPRESENTATION_CONTEXT('2D SPACE',''
  ) );
#2835 = ORIENTED_EDGE('',*,*,#2779,.T.);
#2836 = ORIENTED_EDGE('',*,*,#2837,.T.);
#2837 = EDGE_CURVE('',#2755,#2838,#2840,.T.);
#2838 = VERTEX_POINT('',#2839);
#2839 = CARTESIAN_POINT('',(-0.169238594778,-9.343467413013,5.));
#2840 = SURFACE_CURVE('',#2841,(#2846,#2853),.PCURVE_S1.);
#2841 = B_SPLINE_CURVE_WITH_KNOTS('',3,(#2842,#2843,#2844,#2845),
  .UNSPECIFIED.,.F.,.F.,(4,4),(0.,1.),.PIECEWISE_BEZIER_KNOTS.);
#2842 = CARTESIAN_POINT('',(0.169238594778,-9.343467413013,5.));
#2843 = CARTESIAN_POINT('',(5.642520114474E-02,-9.345510854351,5.));
#2844 = CARTESIAN_POINT('',(-5.642520114474E-02,-9.345510854351,5.));
#2845 = CARTESIAN_POINT('',(-0.169238594778,-9.343467413013,5.));
#2846 = PCURVE('',#2792,#2847);
#2847 = DEFINITIONAL_REPRESENTATION('',(#2848),#2852);
#2848 = LINE('',#2849,#2850);
#2849 = CARTESIAN_POINT('',(1.,0.));
#2850 = VECTOR('',#2851,1.);
#2851 = DIRECTION('',(0.,1.));
#2852 = ( GEOMETRIC_REPRESENTATION_CONTEXT(2) 
PARAMETRIC_REPRESENTATION_CONTEXT() REPRESENTATION_CONTEXT('2D SPACE',''
  ) );
#2853 = PCURVE('',#110,#2854);
#2854 = DEFINITIONAL_REPRESENTATION('',(#2855),#2860);
#2855 = B_SPLINE_CURVE_WITH_KNOTS('',3,(#2856,#2857,#2858,#2859),
  .UNSPECIFIED.,.F.,.F.,(4,4),(0.,1.),.PIECEWISE_BEZIER_KNOTS.);
#2856 = CARTESIAN_POINT('',(-0.169238594778,-9.343467413013));
#2857 = CARTESIAN_POINT('',(-5.642520114474E-02,-9.345510854351));
#2858 = CARTESIAN_POINT('',(5.642520114474E-02,-9.345510854351));
#2859 = CARTESIAN_POINT('',(0.169238594778,-9.343467413013));
#2860 = ( GEOMETRIC_REPRESENTATION_CONTEXT(2) 
PARAMETRIC_REPRESENTATION_CONTEXT() REPRESENTATION_CONTEXT('2D SPACE',''
  ) );
#2861 = ORIENTED_EDGE('',*,*,#2862,.F.);
#2862 = EDGE_CURVE('',#2812,#2838,#2863,.T.);
#2863 = SURFACE_CURVE('',#2864,(#2867,#2874),.PCURVE_S1.);
#2864 = B_SPLINE_CURVE_WITH_KNOTS('',1,(#2865,#2866),.UNSPECIFIED.,.F.,
  .F.,(2,2),(0.,1.),.PIECEWISE_BEZIER_KNOTS.);
#2865 = CARTESIAN_POINT('',(-0.169238594778,-9.343467413013,0.));
#2866 = CARTESIAN_POINT('',(-0.169238594778,-9.343467413013,5.));
#2867 = PCURVE('',#2792,#2868);
#2868 = DEFINITIONAL_REPRESENTATION('',(#2869),#2873);
#2869 = LINE('',#2870,#2871);
#2870 = CARTESIAN_POINT('',(0.,1.));
#2871 = VECTOR('',#2872,1.);
#2872 = DIRECTION('',(1.,0.));
#2873 = ( GEOMETRIC_REPRESENTATION_CONTEXT(2) 
PARAMETRIC_REPRESENTATION_CONTEXT() REPRESENTATION_CONTEXT('2D SPACE',''
  ) );
#2874 = PCURVE('',#2875,#2884);
#2875 = B_SPLINE_SURFACE_WITH_KNOTS('',1,3,(
    (#2876,#2877,#2878,#2879)
    ,(#2880,#2881,#2882,#2883
    )),.UNSPECIFIED.,.F.,.F.,.F.,(2,2),(4,4),(0.,1.),(0.,1.),
  .PIECEWISE_BEZIER_KNOTS.);
#2876 = CARTESIAN_POINT('',(-0.169238594778,-9.343467413013,0.));
#2877 = CARTESIAN_POINT('',(-0.313104015586,-9.031203351489,0.));
#2878 = CARTESIAN_POINT('',(-0.44086081862,-8.698349003798,0.));
#2879 = CARTESIAN_POINT('',(-0.452852338815,-8.350994846661,0.));
#2880 = CARTESIAN_POINT('',(-0.169238594778,-9.343467413013,5.));
#2881 = CARTESIAN_POINT('',(-0.313104015586,-9.031203351489,5.));
#2882 = CARTESIAN_POINT('',(-0.44086081862,-8.698349003798,5.));
#2883 = CARTESIAN_POINT('',(-0.452852338815,-8.350994846661,5.));
#2884 = DEFINITIONAL_REPRESENTATION('',(#2885),#2889);
#2885 = LINE('',#2886,#2887);
#2886 = CARTESIAN_POINT('',(0.,0.));
#2887 = VECTOR('',#2888,1.);
#2888 = DIRECTION('',(1.,0.));
#2889 = ( GEOMETRIC_REPRESENTATION_CONTEXT(2) 
PARAMETRIC_REPRESENTATION_CONTEXT() REPRESENTATION_CONTEXT('2D SPACE',''
  ) );
#2890 = ADVANCED_FACE('',(#2891),#2875,.T.);
#2891 = FACE_BOUND('',#2892,.T.);
#2892 = EDGE_LOOP('',(#2893,#2918,#2919,#2944));
#2893 = ORIENTED_EDGE('',*,*,#2894,.F.);
#2894 = EDGE_CURVE('',#2812,#2895,#2897,.T.);
#2895 = VERTEX_POINT('',#2896);
#2896 = CARTESIAN_POINT('',(-0.452852338815,-8.350994846661,0.));
#2897 = SURFACE_CURVE('',#2898,(#2903,#2910),.PCURVE_S1.);
#2898 = B_SPLINE_CURVE_WITH_KNOTS('',3,(#2899,#2900,#2901,#2902),
  .UNSPECIFIED.,.F.,.F.,(4,4),(0.,1.),.PIECEWISE_BEZIER_KNOTS.);
#2899 = CARTESIAN_POINT('',(-0.169238594778,-9.343467413013,0.));
#2900 = CARTESIAN_POINT('',(-0.313104015586,-9.031203351489,0.));
#2901 = CARTESIAN_POINT('',(-0.44086081862,-8.698349003798,0.));
#2902 = CARTESIAN_POINT('',(-0.452852338815,-8.350994846661,0.));
#2903 = PCURVE('',#2875,#2904);
#2904 = DEFINITIONAL_REPRESENTATION('',(#2905),#2909);
#2905 = LINE('',#2906,#2907);
#2906 = CARTESIAN_POINT('',(0.,0.));
#2907 = VECTOR('',#2908,1.);
#2908 = DIRECTION('',(0.,1.));
#2909 = ( GEOMETRIC_REPRESENTATION_CONTEXT(2) 
PARAMETRIC_REPRESENTATION_CONTEXT() REPRESENTATION_CONTEXT('2D SPACE',''
  ) );
#2910 = PCURVE('',#49,#2911);
#2911 = DEFINITIONAL_REPRESENTATION('',(#2912),#2917);
#2912 = B_SPLINE_CURVE_WITH_KNOTS('',3,(#2913,#2914,#2915,#2916),
  .UNSPECIFIED.,.F.,.F.,(4,4),(0.,1.),.PIECEWISE_BEZIER_KNOTS.);
#2913 = CARTESIAN_POINT('',(-0.169238594778,-9.343467413013));
#2914 = CARTESIAN_POINT('',(-0.313104015586,-9.031203351489));
#2915 = CARTESIAN_POINT('',(-0.44086081862,-8.698349003798));
#2916 = CARTESIAN_POINT('',(-0.452852338815,-8.350994846661));
#2917 = ( GEOMETRIC_REPRESENTATION_CONTEXT(2) 
PARAMETRIC_REPRESENTATION_CONTEXT() REPRESENTATION_CONTEXT('2D SPACE',''
  ) );
#2918 = ORIENTED_EDGE('',*,*,#2862,.T.);
#2919 = ORIENTED_EDGE('',*,*,#2920,.T.);
#2920 = EDGE_CURVE('',#2838,#2921,#2923,.T.);
#2921 = VERTEX_POINT('',#2922);
#2922 = CARTESIAN_POINT('',(-0.452852338815,-8.350994846661,5.));
#2923 = SURFACE_CURVE('',#2924,(#2929,#2936),.PCURVE_S1.);
#2924 = B_SPLINE_CURVE_WITH_KNOTS('',3,(#2925,#2926,#2927,#2928),
  .UNSPECIFIED.,.F.,.F.,(4,4),(0.,1.),.PIECEWISE_BEZIER_KNOTS.);
#2925 = CARTESIAN_POINT('',(-0.169238594778,-9.343467413013,5.));
#2926 = CARTESIAN_POINT('',(-0.313104015586,-9.031203351489,5.));
#2927 = CARTESIAN_POINT('',(-0.44086081862,-8.698349003798,5.));
#2928 = CARTESIAN_POINT('',(-0.452852338815,-8.350994846661,5.));
#2929 = PCURVE('',#2875,#2930);
#2930 = DEFINITIONAL_REPRESENTATION('',(#2931),#2935);
#2931 = LINE('',#2932,#2933);
#2932 = CARTESIAN_POINT('',(1.,0.));
#2933 = VECTOR('',#2934,1.);
#2934 = DIRECTION('',(0.,1.));
#2935 = ( GEOMETRIC_REPRESENTATION_CONTEXT(2) 
PARAMETRIC_REPRESENTATION_CONTEXT() REPRESENTATION_CONTEXT('2D SPACE',''
  ) );
#2936 = PCURVE('',#110,#2937);
#2937 = DEFINITIONAL_REPRESENTATION('',(#2938),#2943);
#2938 = B_SPLINE_CURVE_WITH_KNOTS('',3,(#2939,#2940,#2941,#2942),
  .UNSPECIFIED.,.F.,.F.,(4,4),(0.,1.),.PIECEWISE_BEZIER_KNOTS.);
#2939 = CARTESIAN_POINT('',(0.169238594778,-9.343467413013));
#2940 = CARTESIAN_POINT('',(0.313104015586,-9.031203351489));
#2941 = CARTESIAN_POINT('',(0.44086081862,-8.698349003798));
#2942 = CARTESIAN_POINT('',(0.452852338815,-8.350994846661));
#2943 = ( GEOMETRIC_REPRESENTATION_CONTEXT(2) 
PARAMETRIC_REPRESENTATION_CONTEXT() REPRESENTATION_CONTEXT('2D SPACE',''
  ) );
#2944 = ORIENTED_EDGE('',*,*,#2945,.F.);
#2945 = EDGE_CURVE('',#2895,#2921,#2946,.T.);
#2946 = SURFACE_CURVE('',#2947,(#2950,#2957),.PCURVE_S1.);
#2947 = B_SPLINE_CURVE_WITH_KNOTS('',1,(#2948,#2949),.UNSPECIFIED.,.F.,
  .F.,(2,2),(0.,1.),.PIECEWISE_BEZIER_KNOTS.);
#2948 = CARTESIAN_POINT('',(-0.452852338815,-8.350994846661,0.));
#2949 = CARTESIAN_POINT('',(-0.452852338815,-8.350994846661,5.));
#2950 = PCURVE('',#2875,#2951);
#2951 = DEFINITIONAL_REPRESENTATION('',(#2952),#2956);
#2952 = LINE('',#2953,#2954);
#2953 = CARTESIAN_POINT('',(0.,1.));
#2954 = VECTOR('',#2955,1.);
#2955 = DIRECTION('',(1.,0.));
#2956 = ( GEOMETRIC_REPRESENTATION_CONTEXT(2) 
PARAMETRIC_REPRESENTATION_CONTEXT() REPRESENTATION_CONTEXT('2D SPACE',''
  ) );
#2957 = PCURVE('',#2958,#2967);
#2958 = B_SPLINE_SURFACE_WITH_KNOTS('',1,3,(
    (#2959,#2960,#2961,#2962)
    ,(#2963,#2964,#2965,#2966
    )),.UNSPECIFIED.,.F.,.F.,.F.,(2,2),(4,4),(0.,1.),(0.,1.),
  .PIECEWISE_BEZIER_KNOTS.);
#2959 = CARTESIAN_POINT('',(-0.452852338815,-8.350994846661,0.));
#2960 = CARTESIAN_POINT('',(-0.585231601816,-8.317804460728,0.));
#2961 = CARTESIAN_POINT('',(-0.723164861461,-8.306948877766,0.));
#2962 = CARTESIAN_POINT('',(-0.859106436332,-8.319021955782,0.));
#2963 = CARTESIAN_POINT('',(-0.452852338815,-8.350994846661,5.));
#2964 = CARTESIAN_POINT('',(-0.585231601816,-8.317804460728,5.));
#2965 = CARTESIAN_POINT('',(-0.723164861461,-8.306948877766,5.));
#2966 = CARTESIAN_POINT('',(-0.859106436332,-8.319021955782,5.));
#2967 = DEFINITIONAL_REPRESENTATION('',(#2968),#2972);
#2968 = LINE('',#2969,#2970);
#2969 = CARTESIAN_POINT('',(0.,0.));
#2970 = VECTOR('',#2971,1.);
#2971 = DIRECTION('',(1.,0.));
#2972 = ( GEOMETRIC_REPRESENTATION_CONTEXT(2) 
PARAMETRIC_REPRESENTATION_CONTEXT() REPRESENTATION_CONTEXT('2D SPACE',''
  ) );
#2973 = ADVANCED_FACE('',(#2974),#2958,.T.);
#2974 = FACE_BOUND('',#2975,.T.);
#2975 = EDGE_LOOP('',(#2976,#3001,#3002,#3027));
#2976 = ORIENTED_EDGE('',*,*,#2977,.F.);
#2977 = EDGE_CURVE('',#2895,#2978,#2980,.T.);
#2978 = VERTEX_POINT('',#2979);
#2979 = CARTESIAN_POINT('',(-0.859106436332,-8.319021955782,0.));
#2980 = SURFACE_CURVE('',#2981,(#2986,#2993),.PCURVE_S1.);
#2981 = B_SPLINE_CURVE_WITH_KNOTS('',3,(#2982,#2983,#2984,#2985),
  .UNSPECIFIED.,.F.,.F.,(4,4),(0.,1.),.PIECEWISE_BEZIER_KNOTS.);
#2982 = CARTESIAN_POINT('',(-0.452852338815,-8.350994846661,0.));
#2983 = CARTESIAN_POINT('',(-0.585231601816,-8.317804460728,0.));
#2984 = CARTESIAN_POINT('',(-0.723164861461,-8.306948877766,0.));
#2985 = CARTESIAN_POINT('',(-0.859106436332,-8.319021955782,0.));
#2986 = PCURVE('',#2958,#2987);
#2987 = DEFINITIONAL_REPRESENTATION('',(#2988),#2992);
#2988 = LINE('',#2989,#2990);
#2989 = CARTESIAN_POINT('',(0.,0.));
#2990 = VECTOR('',#2991,1.);
#2991 = DIRECTION('',(0.,1.));
#2992 = ( GEOMETRIC_REPRESENTATION_CONTEXT(2) 
PARAMETRIC_REPRESENTATION_CONTEXT() REPRESENTATION_CONTEXT('2D SPACE',''
  ) );
#2993 = PCURVE('',#49,#2994);
#2994 = DEFINITIONAL_REPRESENTATION('',(#2995),#3000);
#2995 = B_SPLINE_CURVE_WITH_KNOTS('',3,(#2996,#2997,#2998,#2999),
  .UNSPECIFIED.,.F.,.F.,(4,4),(0.,1.),.PIECEWISE_BEZIER_KNOTS.);
#2996 = CARTESIAN_POINT('',(-0.452852338815,-8.350994846661));
#2997 = CARTESIAN_POINT('',(-0.585231601816,-8.317804460728));
#2998 = CARTESIAN_POINT('',(-0.723164861461,-8.306948877766));
#2999 = CARTESIAN_POINT('',(-0.859106436332,-8.319021955782));
#3000 = ( GEOMETRIC_REPRESENTATION_CONTEXT(2) 
PARAMETRIC_REPRESENTATION_CONTEXT() REPRESENTATION_CONTEXT('2D SPACE',''
  ) );
#3001 = ORIENTED_EDGE('',*,*,#2945,.T.);
#3002 = ORIENTED_EDGE('',*,*,#3003,.T.);
#3003 = EDGE_CURVE('',#2921,#3004,#3006,.T.);
#3004 = VERTEX_POINT('',#3005);
#3005 = CARTESIAN_POINT('',(-0.859106436332,-8.319021955782,5.));
#3006 = SURFACE_CURVE('',#3007,(#3012,#3019),.PCURVE_S1.);
#3007 = B_SPLINE_CURVE_WITH_KNOTS('',3,(#3008,#3009,#3010,#3011),
  .UNSPECIFIED.,.F.,.F.,(4,4),(0.,1.),.PIECEWISE_BEZIER_KNOTS.);
#3008 = CARTESIAN_POINT('',(-0.452852338815,-8.350994846661,5.));
#3009 = CARTESIAN_POINT('',(-0.585231601816,-8.317804460728,5.));
#3010 = CARTESIAN_POINT('',(-0.723164861461,-8.306948877766,5.));
#3011 = CARTESIAN_POINT('',(-0.859106436332,-8.319021955782,5.));
#3012 = PCURVE('',#2958,#3013);
#3013 = DEFINITIONAL_REPRESENTATION('',(#3014),#3018);
#3014 = LINE('',#3015,#3016);
#3015 = CARTESIAN_POINT('',(1.,0.));
#3016 = VECTOR('',#3017,1.);
#3017 = DIRECTION('',(0.,1.));
#3018 = ( GEOMETRIC_REPRESENTATION_CONTEXT(2) 
PARAMETRIC_REPRESENTATION_CONTEXT() REPRESENTATION_CONTEXT('2D SPACE',''
  ) );
#3019 = PCURVE('',#110,#3020);
#3020 = DEFINITIONAL_REPRESENTATION('',(#3021),#3026);
#3021 = B_SPLINE_CURVE_WITH_KNOTS('',3,(#3022,#3023,#3024,#3025),
  .UNSPECIFIED.,.F.,.F.,(4,4),(0.,1.),.PIECEWISE_BEZIER_KNOTS.);
#3022 = CARTESIAN_POINT('',(0.452852338815,-8.350994846661));
#3023 = CARTESIAN_POINT('',(0.585231601816,-8.317804460728));
#3024 = CARTESIAN_POINT('',(0.723164861461,-8.306948877766));
#3025 = CARTESIAN_POINT('',(0.859106436332,-8.319021955782));
#3026 = ( GEOMETRIC_REPRESENTATION_CONTEXT(2) 
PARAMETRIC_REPRESENTATION_CONTEXT() REPRESENTATION_CONTEXT('2D SPACE',''
  ) );
#3027 = ORIENTED_EDGE('',*,*,#3028,.F.);
#3028 = EDGE_CURVE('',#2978,#3004,#3029,.T.);
#3029 = SURFACE_CURVE('',#3030,(#3033,#3040),.PCURVE_S1.);
#3030 = B_SPLINE_CURVE_WITH_KNOTS('',1,(#3031,#3032),.UNSPECIFIED.,.F.,
  .F.,(2,2),(0.,1.),.PIECEWISE_BEZIER_KNOTS.);
#3031 = CARTESIAN_POINT('',(-0.859106436332,-8.319021955782,0.));
#3032 = CARTESIAN_POINT('',(-0.859106436332,-8.319021955782,5.));
#3033 = PCURVE('',#2958,#3034);
#3034 = DEFINITIONAL_REPRESENTATION('',(#3035),#3039);
#3035 = LINE('',#3036,#3037);
#3036 = CARTESIAN_POINT('',(0.,1.));
#3037 = VECTOR('',#3038,1.);
#3038 = DIRECTION('',(1.,0.));
#3039 = ( GEOMETRIC_REPRESENTATION_CONTEXT(2) 
PARAMETRIC_REPRESENTATION_CONTEXT() REPRESENTATION_CONTEXT('2D SPACE',''
  ) );
#3040 = PCURVE('',#3041,#3050);
#3041 = B_SPLINE_SURFACE_WITH_KNOTS('',1,3,(
    (#3042,#3043,#3044,#3045)
    ,(#3046,#3047,#3048,#3049
    )),.UNSPECIFIED.,.F.,.F.,.F.,(2,2),(4,4),(0.,1.),(0.,1.),
  .PIECEWISE_BEZIER_KNOTS.);
#3042 = CARTESIAN_POINT('',(-0.859106436332,-8.319021955782,0.));
#3043 = CARTESIAN_POINT('',(-0.925288482766,-8.660223719797,0.));
#3044 = CARTESIAN_POINT('',(-1.103542279372,-8.96899451099,0.));
#3045 = CARTESIAN_POINT('',(-1.294485339535,-9.254908573602,0.));
#3046 = CARTESIAN_POINT('',(-0.859106436332,-8.319021955782,5.));
#3047 = CARTESIAN_POINT('',(-0.925288482766,-8.660223719797,5.));
#3048 = CARTESIAN_POINT('',(-1.103542279372,-8.96899451099,5.));
#3049 = CARTESIAN_POINT('',(-1.294485339535,-9.254908573602,5.));
#3050 = DEFINITIONAL_REPRESENTATION('',(#3051),#3055);
#3051 = LINE('',#3052,#3053);
#3052 = CARTESIAN_POINT('',(0.,0.));
#3053 = VECTOR('',#3054,1.);
#3054 = DIRECTION('',(1.,0.));
#3055 = ( GEOMETRIC_REPRESENTATION_CONTEXT(2) 
PARAMETRIC_REPRESENTATION_CONTEXT() REPRESENTATION_CONTEXT('2D SPACE',''
  ) );
#3056 = ADVANCED_FACE('',(#3057),#3041,.T.);
#3057 = FACE_BOUND('',#3058,.T.);
#3058 = EDGE_LOOP('',(#3059,#3084,#3085,#3110));
#3059 = ORIENTED_EDGE('',*,*,#3060,.F.);
#3060 = EDGE_CURVE('',#2978,#3061,#3063,.T.);
#3061 = VERTEX_POINT('',#3062);
#3062 = CARTESIAN_POINT('',(-1.294485339535,-9.254908573602,0.));
#3063 = SURFACE_CURVE('',#3064,(#3069,#3076),.PCURVE_S1.);
#3064 = B_SPLINE_CURVE_WITH_KNOTS('',3,(#3065,#3066,#3067,#3068),
  .UNSPECIFIED.,.F.,.F.,(4,4),(0.,1.),.PIECEWISE_BEZIER_KNOTS.);
#3065 = CARTESIAN_POINT('',(-0.859106436332,-8.319021955782,0.));
#3066 = CARTESIAN_POINT('',(-0.925288482766,-8.660223719797,0.));
#3067 = CARTESIAN_POINT('',(-1.103542279372,-8.96899451099,0.));
#3068 = CARTESIAN_POINT('',(-1.294485339535,-9.254908573602,0.));
#3069 = PCURVE('',#3041,#3070);
#3070 = DEFINITIONAL_REPRESENTATION('',(#3071),#3075);
#3071 = LINE('',#3072,#3073);
#3072 = CARTESIAN_POINT('',(0.,0.));
#3073 = VECTOR('',#3074,1.);
#3074 = DIRECTION('',(0.,1.));
#3075 = ( GEOMETRIC_REPRESENTATION_CONTEXT(2) 
PARAMETRIC_REPRESENTATION_CONTEXT() REPRESENTATION_CONTEXT('2D SPACE',''
  ) );
#3076 = PCURVE('',#49,#3077);
#3077 = DEFINITIONAL_REPRESENTATION('',(#3078),#3083);
#3078 = B_SPLINE_CURVE_WITH_KNOTS('',3,(#3079,#3080,#3081,#3082),
  .UNSPECIFIED.,.F.,.F.,(4,4),(0.,1.),.PIECEWISE_BEZIER_KNOTS.);
#3079 = CARTESIAN_POINT('',(-0.859106436332,-8.319021955782));
#3080 = CARTESIAN_POINT('',(-0.925288482766,-8.660223719797));
#3081 = CARTESIAN_POINT('',(-1.103542279372,-8.96899451099));
#3082 = CARTESIAN_POINT('',(-1.294485339535,-9.254908573602));
#3083 = ( GEOMETRIC_REPRESENTATION_CONTEXT(2) 
PARAMETRIC_REPRESENTATION_CONTEXT() REPRESENTATION_CONTEXT('2D SPACE',''
  ) );
#3084 = ORIENTED_EDGE('',*,*,#3028,.T.);
#3085 = ORIENTED_EDGE('',*,*,#3086,.T.);
#3086 = EDGE_CURVE('',#3004,#3087,#3089,.T.);
#3087 = VERTEX_POINT('',#3088);
#3088 = CARTESIAN_POINT('',(-1.294485339535,-9.254908573602,5.));
#3089 = SURFACE_CURVE('',#3090,(#3095,#3102),.PCURVE_S1.);
#3090 = B_SPLINE_CURVE_WITH_KNOTS('',3,(#3091,#3092,#3093,#3094),
  .UNSPECIFIED.,.F.,.F.,(4,4),(0.,1.),.PIECEWISE_BEZIER_KNOTS.);
#3091 = CARTESIAN_POINT('',(-0.859106436332,-8.319021955782,5.));
#3092 = CARTESIAN_POINT('',(-0.925288482766,-8.660223719797,5.));
#3093 = CARTESIAN_POINT('',(-1.103542279372,-8.96899451099,5.));
#3094 = CARTESIAN_POINT('',(-1.294485339535,-9.254908573602,5.));
#3095 = PCURVE('',#3041,#3096);
#3096 = DEFINITIONAL_REPRESENTATION('',(#3097),#3101);
#3097 = LINE('',#3098,#3099);
#3098 = CARTESIAN_POINT('',(1.,0.));
#3099 = VECTOR('',#3100,1.);
#3100 = DIRECTION('',(0.,1.));
#3101 = ( GEOMETRIC_REPRESENTATION_CONTEXT(2) 
PARAMETRIC_REPRESENTATION_CONTEXT() REPRESENTATION_CONTEXT('2D SPACE',''
  ) );
#3102 = PCURVE('',#110,#3103);
#3103 = DEFINITIONAL_REPRESENTATION('',(#3104),#3109);
#3104 = B_SPLINE_CURVE_WITH_KNOTS('',3,(#3105,#3106,#3107,#3108),
  .UNSPECIFIED.,.F.,.F.,(4,4),(0.,1.),.PIECEWISE_BEZIER_KNOTS.);
#3105 = CARTESIAN_POINT('',(0.859106436332,-8.319021955782));
#3106 = CARTESIAN_POINT('',(0.925288482766,-8.660223719797));
#3107 = CARTESIAN_POINT('',(1.103542279372,-8.96899451099));
#3108 = CARTESIAN_POINT('',(1.294485339535,-9.254908573602));
#3109 = ( GEOMETRIC_REPRESENTATION_CONTEXT(2) 
PARAMETRIC_REPRESENTATION_CONTEXT() REPRESENTATION_CONTEXT('2D SPACE',''
  ) );
#3110 = ORIENTED_EDGE('',*,*,#3111,.F.);
#3111 = EDGE_CURVE('',#3061,#3087,#3112,.T.);
#3112 = SURFACE_CURVE('',#3113,(#3116,#3123),.PCURVE_S1.);
#3113 = B_SPLINE_CURVE_WITH_KNOTS('',1,(#3114,#3115),.UNSPECIFIED.,.F.,
  .F.,(2,2),(0.,1.),.PIECEWISE_BEZIER_KNOTS.);
#3114 = CARTESIAN_POINT('',(-1.294485339535,-9.254908573602,0.));
#3115 = CARTESIAN_POINT('',(-1.294485339535,-9.254908573602,5.));
#3116 = PCURVE('',#3041,#3117);
#3117 = DEFINITIONAL_REPRESENTATION('',(#3118),#3122);
#3118 = LINE('',#3119,#3120);
#3119 = CARTESIAN_POINT('',(0.,1.));
#3120 = VECTOR('',#3121,1.);
#3121 = DIRECTION('',(1.,0.));
#3122 = ( GEOMETRIC_REPRESENTATION_CONTEXT(2) 
PARAMETRIC_REPRESENTATION_CONTEXT() REPRESENTATION_CONTEXT('2D SPACE',''
  ) );
#3123 = PCURVE('',#3124,#3133);
#3124 = B_SPLINE_SURFACE_WITH_KNOTS('',1,3,(
    (#3125,#3126,#3127,#3128)
    ,(#3129,#3130,#3131,#3132
    )),.UNSPECIFIED.,.F.,.F.,.F.,(2,2),(4,4),(0.,1.),(0.,1.),
  .PIECEWISE_BEZIER_KNOTS.);
#3125 = CARTESIAN_POINT('',(-1.294485339535,-9.254908573602,0.));
#3126 = CARTESIAN_POINT('',(-1.406229477742,-9.239278953904,0.));
#3127 = CARTESIAN_POINT('',(-1.517690504314,-9.221625261592,0.));
#3128 = CARTESIAN_POINT('',(-1.628795313216,-9.201959075525,0.));
#3129 = CARTESIAN_POINT('',(-1.294485339535,-9.254908573602,5.));
#3130 = CARTESIAN_POINT('',(-1.406229477742,-9.239278953904,5.));
#3131 = CARTESIAN_POINT('',(-1.517690504314,-9.221625261592,5.));
#3132 = CARTESIAN_POINT('',(-1.628795313216,-9.201959075525,5.));
#3133 = DEFINITIONAL_REPRESENTATION('',(#3134),#3138);
#3134 = LINE('',#3135,#3136);
#3135 = CARTESIAN_POINT('',(0.,0.));
#3136 = VECTOR('',#3137,1.);
#3137 = DIRECTION('',(1.,0.));
#3138 = ( GEOMETRIC_REPRESENTATION_CONTEXT(2) 
PARAMETRIC_REPRESENTATION_CONTEXT() REPRESENTATION_CONTEXT('2D SPACE',''
  ) );
#3139 = ADVANCED_FACE('',(#3140),#3124,.T.);
#3140 = FACE_BOUND('',#3141,.T.);
#3141 = EDGE_LOOP('',(#3142,#3167,#3168,#3193));
#3142 = ORIENTED_EDGE('',*,*,#3143,.F.);
#3143 = EDGE_CURVE('',#3061,#3144,#3146,.T.);
#3144 = VERTEX_POINT('',#3145);
#3145 = CARTESIAN_POINT('',(-1.628795313216,-9.201959075525,0.));
#3146 = SURFACE_CURVE('',#3147,(#3152,#3159),.PCURVE_S1.);
#3147 = B_SPLINE_CURVE_WITH_KNOTS('',3,(#3148,#3149,#3150,#3151),
  .UNSPECIFIED.,.F.,.F.,(4,4),(0.,1.),.PIECEWISE_BEZIER_KNOTS.);
#3148 = CARTESIAN_POINT('',(-1.294485339535,-9.254908573602,0.));
#3149 = CARTESIAN_POINT('',(-1.406229477742,-9.239278953904,0.));
#3150 = CARTESIAN_POINT('',(-1.517690504314,-9.221625261592,0.));
#3151 = CARTESIAN_POINT('',(-1.628795313216,-9.201959075525,0.));
#3152 = PCURVE('',#3124,#3153);
#3153 = DEFINITIONAL_REPRESENTATION('',(#3154),#3158);
#3154 = LINE('',#3155,#3156);
#3155 = CARTESIAN_POINT('',(0.,0.));
#3156 = VECTOR('',#3157,1.);
#3157 = DIRECTION('',(0.,1.));
#3158 = ( GEOMETRIC_REPRESENTATION_CONTEXT(2) 
PARAMETRIC_REPRESENTATION_CONTEXT() REPRESENTATION_CONTEXT('2D SPACE',''
  ) );
#3159 = PCURVE('',#49,#3160);
#3160 = DEFINITIONAL_REPRESENTATION('',(#3161),#3166);
#3161 = B_SPLINE_CURVE_WITH_KNOTS('',3,(#3162,#3163,#3164,#3165),
  .UNSPECIFIED.,.F.,.F.,(4,4),(0.,1.),.PIECEWISE_BEZIER_KNOTS.);
#3162 = CARTESIAN_POINT('',(-1.294485339535,-9.254908573602));
#3163 = CARTESIAN_POINT('',(-1.406229477742,-9.239278953904));
#3164 = CARTESIAN_POINT('',(-1.517690504314,-9.221625261592));
#3165 = CARTESIAN_POINT('',(-1.628795313216,-9.201959075525));
#3166 = ( GEOMETRIC_REPRESENTATION_CONTEXT(2) 
PARAMETRIC_REPRESENTATION_CONTEXT() REPRESENTATION_CONTEXT('2D SPACE',''
  ) );
#3167 = ORIENTED_EDGE('',*,*,#3111,.T.);
#3168 = ORIENTED_EDGE('',*,*,#3169,.T.);
#3169 = EDGE_CURVE('',#3087,#3170,#3172,.T.);
#3170 = VERTEX_POINT('',#3171);
#3171 = CARTESIAN_POINT('',(-1.628795313216,-9.201959075525,5.));
#3172 = SURFACE_CURVE('',#3173,(#3178,#3185),.PCURVE_S1.);
#3173 = B_SPLINE_CURVE_WITH_KNOTS('',3,(#3174,#3175,#3176,#3177),
  .UNSPECIFIED.,.F.,.F.,(4,4),(0.,1.),.PIECEWISE_BEZIER_KNOTS.);
#3174 = CARTESIAN_POINT('',(-1.294485339535,-9.254908573602,5.));
#3175 = CARTESIAN_POINT('',(-1.406229477742,-9.239278953904,5.));
#3176 = CARTESIAN_POINT('',(-1.517690504314,-9.221625261592,5.));
#3177 = CARTESIAN_POINT('',(-1.628795313216,-9.201959075525,5.));
#3178 = PCURVE('',#3124,#3179);
#3179 = DEFINITIONAL_REPRESENTATION('',(#3180),#3184);
#3180 = LINE('',#3181,#3182);
#3181 = CARTESIAN_POINT('',(1.,0.));
#3182 = VECTOR('',#3183,1.);
#3183 = DIRECTION('',(0.,1.));
#3184 = ( GEOMETRIC_REPRESENTATION_CONTEXT(2) 
PARAMETRIC_REPRESENTATION_CONTEXT() REPRESENTATION_CONTEXT('2D SPACE',''
  ) );
#3185 = PCURVE('',#110,#3186);
#3186 = DEFINITIONAL_REPRESENTATION('',(#3187),#3192);
#3187 = B_SPLINE_CURVE_WITH_KNOTS('',3,(#3188,#3189,#3190,#3191),
  .UNSPECIFIED.,.F.,.F.,(4,4),(0.,1.),.PIECEWISE_BEZIER_KNOTS.);
#3188 = CARTESIAN_POINT('',(1.294485339535,-9.254908573602));
#3189 = CARTESIAN_POINT('',(1.406229477742,-9.239278953904));
#3190 = CARTESIAN_POINT('',(1.517690504314,-9.221625261592));
#3191 = CARTESIAN_POINT('',(1.628795313216,-9.201959075525));
#3192 = ( GEOMETRIC_REPRESENTATION_CONTEXT(2) 
PARAMETRIC_REPRESENTATION_CONTEXT() REPRESENTATION_CONTEXT('2D SPACE',''
  ) );
#3193 = ORIENTED_EDGE('',*,*,#3194,.F.);
#3194 = EDGE_CURVE('',#3144,#3170,#3195,.T.);
#3195 = SURFACE_CURVE('',#3196,(#3199,#3206),.PCURVE_S1.);
#3196 = B_SPLINE_CURVE_WITH_KNOTS('',1,(#3197,#3198),.UNSPECIFIED.,.F.,
  .F.,(2,2),(0.,1.),.PIECEWISE_BEZIER_KNOTS.);
#3197 = CARTESIAN_POINT('',(-1.628795313216,-9.201959075525,0.));
#3198 = CARTESIAN_POINT('',(-1.628795313216,-9.201959075525,5.));
#3199 = PCURVE('',#3124,#3200);
#3200 = DEFINITIONAL_REPRESENTATION('',(#3201),#3205);
#3201 = LINE('',#3202,#3203);
#3202 = CARTESIAN_POINT('',(0.,1.));
#3203 = VECTOR('',#3204,1.);
#3204 = DIRECTION('',(1.,0.));
#3205 = ( GEOMETRIC_REPRESENTATION_CONTEXT(2) 
PARAMETRIC_REPRESENTATION_CONTEXT() REPRESENTATION_CONTEXT('2D SPACE',''
  ) );
#3206 = PCURVE('',#3207,#3216);
#3207 = B_SPLINE_SURFACE_WITH_KNOTS('',1,3,(
    (#3208,#3209,#3210,#3211)
    ,(#3212,#3213,#3214,#3215
    )),.UNSPECIFIED.,.F.,.F.,.F.,(2,2),(4,4),(0.,1.),(0.,1.),
  .PIECEWISE_BEZIER_KNOTS.);
#3208 = CARTESIAN_POINT('',(-1.628795313216,-9.201959075525,0.));
#3209 = CARTESIAN_POINT('',(-1.722040650548,-8.87103399263,0.));
#3210 = CARTESIAN_POINT('',(-1.796154663518,-8.522292067161,0.));
#3211 = CARTESIAN_POINT('',(-1.75366038645,-8.177338529052,0.));
#3212 = CARTESIAN_POINT('',(-1.628795313216,-9.201959075525,5.));
#3213 = CARTESIAN_POINT('',(-1.722040650548,-8.87103399263,5.));
#3214 = CARTESIAN_POINT('',(-1.796154663518,-8.522292067161,5.));
#3215 = CARTESIAN_POINT('',(-1.75366038645,-8.177338529052,5.));
#3216 = DEFINITIONAL_REPRESENTATION('',(#3217),#3221);
#3217 = LINE('',#3218,#3219);
#3218 = CARTESIAN_POINT('',(0.,0.));
#3219 = VECTOR('',#3220,1.);
#3220 = DIRECTION('',(1.,0.));
#3221 = ( GEOMETRIC_REPRESENTATION_CONTEXT(2) 
PARAMETRIC_REPRESENTATION_CONTEXT() REPRESENTATION_CONTEXT('2D SPACE',''
  ) );
#3222 = ADVANCED_FACE('',(#3223),#3207,.T.);
#3223 = FACE_BOUND('',#3224,.T.);
#3224 = EDGE_LOOP('',(#3225,#3250,#3251,#3276));
#3225 = ORIENTED_EDGE('',*,*,#3226,.F.);
#3226 = EDGE_CURVE('',#3144,#3227,#3229,.T.);
#3227 = VERTEX_POINT('',#3228);
#3228 = CARTESIAN_POINT('',(-1.75366038645,-8.177338529052,0.));
#3229 = SURFACE_CURVE('',#3230,(#3235,#3242),.PCURVE_S1.);
#3230 = B_SPLINE_CURVE_WITH_KNOTS('',3,(#3231,#3232,#3233,#3234),
  .UNSPECIFIED.,.F.,.F.,(4,4),(0.,1.),.PIECEWISE_BEZIER_KNOTS.);
#3231 = CARTESIAN_POINT('',(-1.628795313216,-9.201959075525,0.));
#3232 = CARTESIAN_POINT('',(-1.722040650548,-8.87103399263,0.));
#3233 = CARTESIAN_POINT('',(-1.796154663518,-8.522292067161,0.));
#3234 = CARTESIAN_POINT('',(-1.75366038645,-8.177338529052,0.));
#3235 = PCURVE('',#3207,#3236);
#3236 = DEFINITIONAL_REPRESENTATION('',(#3237),#3241);
#3237 = LINE('',#3238,#3239);
#3238 = CARTESIAN_POINT('',(0.,0.));
#3239 = VECTOR('',#3240,1.);
#3240 = DIRECTION('',(0.,1.));
#3241 = ( GEOMETRIC_REPRESENTATION_CONTEXT(2) 
PARAMETRIC_REPRESENTATION_CONTEXT() REPRESENTATION_CONTEXT('2D SPACE',''
  ) );
#3242 = PCURVE('',#49,#3243);
#3243 = DEFINITIONAL_REPRESENTATION('',(#3244),#3249);
#3244 = B_SPLINE_CURVE_WITH_KNOTS('',3,(#3245,#3246,#3247,#3248),
  .UNSPECIFIED.,.F.,.F.,(4,4),(0.,1.),.PIECEWISE_BEZIER_KNOTS.);
#3245 = CARTESIAN_POINT('',(-1.628795313216,-9.201959075525));
#3246 = CARTESIAN_POINT('',(-1.722040650548,-8.87103399263));
#3247 = CARTESIAN_POINT('',(-1.796154663518,-8.522292067161));
#3248 = CARTESIAN_POINT('',(-1.75366038645,-8.177338529052));
#3249 = ( GEOMETRIC_REPRESENTATION_CONTEXT(2) 
PARAMETRIC_REPRESENTATION_CONTEXT() REPRESENTATION_CONTEXT('2D SPACE',''
  ) );
#3250 = ORIENTED_EDGE('',*,*,#3194,.T.);
#3251 = ORIENTED_EDGE('',*,*,#3252,.T.);
#3252 = EDGE_CURVE('',#3170,#3253,#3255,.T.);
#3253 = VERTEX_POINT('',#3254);
#3254 = CARTESIAN_POINT('',(-1.75366038645,-8.177338529052,5.));
#3255 = SURFACE_CURVE('',#3256,(#3261,#3268),.PCURVE_S1.);
#3256 = B_SPLINE_CURVE_WITH_KNOTS('',3,(#3257,#3258,#3259,#3260),
  .UNSPECIFIED.,.F.,.F.,(4,4),(0.,1.),.PIECEWISE_BEZIER_KNOTS.);
#3257 = CARTESIAN_POINT('',(-1.628795313216,-9.201959075525,5.));
#3258 = CARTESIAN_POINT('',(-1.722040650548,-8.87103399263,5.));
#3259 = CARTESIAN_POINT('',(-1.796154663518,-8.522292067161,5.));
#3260 = CARTESIAN_POINT('',(-1.75366038645,-8.177338529052,5.));
#3261 = PCURVE('',#3207,#3262);
#3262 = DEFINITIONAL_REPRESENTATION('',(#3263),#3267);
#3263 = LINE('',#3264,#3265);
#3264 = CARTESIAN_POINT('',(1.,0.));
#3265 = VECTOR('',#3266,1.);
#3266 = DIRECTION('',(0.,1.));
#3267 = ( GEOMETRIC_REPRESENTATION_CONTEXT(2) 
PARAMETRIC_REPRESENTATION_CONTEXT() REPRESENTATION_CONTEXT('2D SPACE',''
  ) );
#3268 = PCURVE('',#110,#3269);
#3269 = DEFINITIONAL_REPRESENTATION('',(#3270),#3275);
#3270 = B_SPLINE_CURVE_WITH_KNOTS('',3,(#3271,#3272,#3273,#3274),
  .UNSPECIFIED.,.F.,.F.,(4,4),(0.,1.),.PIECEWISE_BEZIER_KNOTS.);
#3271 = CARTESIAN_POINT('',(1.628795313216,-9.201959075525));
#3272 = CARTESIAN_POINT('',(1.722040650548,-8.87103399263));
#3273 = CARTESIAN_POINT('',(1.796154663518,-8.522292067161));
#3274 = CARTESIAN_POINT('',(1.75366038645,-8.177338529052));
#3275 = ( GEOMETRIC_REPRESENTATION_CONTEXT(2) 
PARAMETRIC_REPRESENTATION_CONTEXT() REPRESENTATION_CONTEXT('2D SPACE',''
  ) );
#3276 = ORIENTED_EDGE('',*,*,#3277,.F.);
#3277 = EDGE_CURVE('',#3227,#3253,#3278,.T.);
#3278 = SURFACE_CURVE('',#3279,(#3282,#3289),.PCURVE_S1.);
#3279 = B_SPLINE_CURVE_WITH_KNOTS('',1,(#3280,#3281),.UNSPECIFIED.,.F.,
  .F.,(2,2),(0.,1.),.PIECEWISE_BEZIER_KNOTS.);
#3280 = CARTESIAN_POINT('',(-1.75366038645,-8.177338529052,0.));
#3281 = CARTESIAN_POINT('',(-1.75366038645,-8.177338529052,5.));
#3282 = PCURVE('',#3207,#3283);
#3283 = DEFINITIONAL_REPRESENTATION('',(#3284),#3288);
#3284 = LINE('',#3285,#3286);
#3285 = CARTESIAN_POINT('',(0.,1.));
#3286 = VECTOR('',#3287,1.);
#3287 = DIRECTION('',(1.,0.));
#3288 = ( GEOMETRIC_REPRESENTATION_CONTEXT(2) 
PARAMETRIC_REPRESENTATION_CONTEXT() REPRESENTATION_CONTEXT('2D SPACE',''
  ) );
#3289 = PCURVE('',#3290,#3299);
#3290 = B_SPLINE_SURFACE_WITH_KNOTS('',1,3,(
    (#3291,#3292,#3293,#3294)
    ,(#3295,#3296,#3297,#3298
    )),.UNSPECIFIED.,.F.,.F.,.F.,(2,2),(4,4),(0.,1.),(0.,1.),
  .PIECEWISE_BEZIER_KNOTS.);
#3291 = CARTESIAN_POINT('',(-1.75366038645,-8.177338529052,0.));
#3292 = CARTESIAN_POINT('',(-1.879217720785,-8.123848092656,0.));
#3293 = CARTESIAN_POINT('',(-2.013754605803,-8.09154864425,0.));
#3294 = CARTESIAN_POINT('',(-2.149911159806,-8.0822071351,0.));
#3295 = CARTESIAN_POINT('',(-1.75366038645,-8.177338529052,5.));
#3296 = CARTESIAN_POINT('',(-1.879217720785,-8.123848092656,5.));
#3297 = CARTESIAN_POINT('',(-2.013754605803,-8.09154864425,5.));
#3298 = CARTESIAN_POINT('',(-2.149911159806,-8.0822071351,5.));
#3299 = DEFINITIONAL_REPRESENTATION('',(#3300),#3304);
#3300 = LINE('',#3301,#3302);
#3301 = CARTESIAN_POINT('',(0.,0.));
#3302 = VECTOR('',#3303,1.);
#3303 = DIRECTION('',(1.,0.));
#3304 = ( GEOMETRIC_REPRESENTATION_CONTEXT(2) 
PARAMETRIC_REPRESENTATION_CONTEXT() REPRESENTATION_CONTEXT('2D SPACE',''
  ) );
#3305 = ADVANCED_FACE('',(#3306),#3290,.T.);
#3306 = FACE_BOUND('',#3307,.T.);
#3307 = EDGE_LOOP('',(#3308,#3333,#3334,#3359));
#3308 = ORIENTED_EDGE('',*,*,#3309,.F.);
#3309 = EDGE_CURVE('',#3227,#3310,#3312,.T.);
#3310 = VERTEX_POINT('',#3311);
#3311 = CARTESIAN_POINT('',(-2.149911159806,-8.0822071351,0.));
#3312 = SURFACE_CURVE('',#3313,(#3318,#3325),.PCURVE_S1.);
#3313 = B_SPLINE_CURVE_WITH_KNOTS('',3,(#3314,#3315,#3316,#3317),
  .UNSPECIFIED.,.F.,.F.,(4,4),(0.,1.),.PIECEWISE_BEZIER_KNOTS.);
#3314 = CARTESIAN_POINT('',(-1.75366038645,-8.177338529052,0.));
#3315 = CARTESIAN_POINT('',(-1.879217720785,-8.123848092656,0.));
#3316 = CARTESIAN_POINT('',(-2.013754605803,-8.09154864425,0.));
#3317 = CARTESIAN_POINT('',(-2.149911159806,-8.0822071351,0.));
#3318 = PCURVE('',#3290,#3319);
#3319 = DEFINITIONAL_REPRESENTATION('',(#3320),#3324);
#3320 = LINE('',#3321,#3322);
#3321 = CARTESIAN_POINT('',(0.,0.));
#3322 = VECTOR('',#3323,1.);
#3323 = DIRECTION('',(0.,1.));
#3324 = ( GEOMETRIC_REPRESENTATION_CONTEXT(2) 
PARAMETRIC_REPRESENTATION_CONTEXT() REPRESENTATION_CONTEXT('2D SPACE',''
  ) );
#3325 = PCURVE('',#49,#3326);
#3326 = DEFINITIONAL_REPRESENTATION('',(#3327),#3332);
#3327 = B_SPLINE_CURVE_WITH_KNOTS('',3,(#3328,#3329,#3330,#3331),
  .UNSPECIFIED.,.F.,.F.,(4,4),(0.,1.),.PIECEWISE_BEZIER_KNOTS.);
#3328 = CARTESIAN_POINT('',(-1.75366038645,-8.177338529052));
#3329 = CARTESIAN_POINT('',(-1.879217720785,-8.123848092656));
#3330 = CARTESIAN_POINT('',(-2.013754605803,-8.09154864425));
#3331 = CARTESIAN_POINT('',(-2.149911159806,-8.0822071351));
#3332 = ( GEOMETRIC_REPRESENTATION_CONTEXT(2) 
PARAMETRIC_REPRESENTATION_CONTEXT() REPRESENTATION_CONTEXT('2D SPACE',''
  ) );
#3333 = ORIENTED_EDGE('',*,*,#3277,.T.);
#3334 = ORIENTED_EDGE('',*,*,#3335,.T.);
#3335 = EDGE_CURVE('',#3253,#3336,#3338,.T.);
#3336 = VERTEX_POINT('',#3337);
#3337 = CARTESIAN_POINT('',(-2.149911159806,-8.0822071351,5.));
#3338 = SURFACE_CURVE('',#3339,(#3344,#3351),.PCURVE_S1.);
#3339 = B_SPLINE_CURVE_WITH_KNOTS('',3,(#3340,#3341,#3342,#3343),
  .UNSPECIFIED.,.F.,.F.,(4,4),(0.,1.),.PIECEWISE_BEZIER_KNOTS.);
#3340 = CARTESIAN_POINT('',(-1.75366038645,-8.177338529052,5.));
#3341 = CARTESIAN_POINT('',(-1.879217720785,-8.123848092656,5.));
#3342 = CARTESIAN_POINT('',(-2.013754605803,-8.09154864425,5.));
#3343 = CARTESIAN_POINT('',(-2.149911159806,-8.0822071351,5.));
#3344 = PCURVE('',#3290,#3345);
#3345 = DEFINITIONAL_REPRESENTATION('',(#3346),#3350);
#3346 = LINE('',#3347,#3348);
#3347 = CARTESIAN_POINT('',(1.,0.));
#3348 = VECTOR('',#3349,1.);
#3349 = DIRECTION('',(0.,1.));
#3350 = ( GEOMETRIC_REPRESENTATION_CONTEXT(2) 
PARAMETRIC_REPRESENTATION_CONTEXT() REPRESENTATION_CONTEXT('2D SPACE',''
  ) );
#3351 = PCURVE('',#110,#3352);
#3352 = DEFINITIONAL_REPRESENTATION('',(#3353),#3358);
#3353 = B_SPLINE_CURVE_WITH_KNOTS('',3,(#3354,#3355,#3356,#3357),
  .UNSPECIFIED.,.F.,.F.,(4,4),(0.,1.),.PIECEWISE_BEZIER_KNOTS.);
#3354 = CARTESIAN_POINT('',(1.75366038645,-8.177338529052));
#3355 = CARTESIAN_POINT('',(1.879217720785,-8.123848092656));
#3356 = CARTESIAN_POINT('',(2.013754605803,-8.09154864425));
#3357 = CARTESIAN_POINT('',(2.149911159806,-8.0822071351));
#3358 = ( GEOMETRIC_REPRESENTATION_CONTEXT(2) 
PARAMETRIC_REPRESENTATION_CONTEXT() REPRESENTATION_CONTEXT('2D SPACE',''
  ) );
#3359 = ORIENTED_EDGE('',*,*,#3360,.F.);
#3360 = EDGE_CURVE('',#3310,#3336,#3361,.T.);
#3361 = SURFACE_CURVE('',#3362,(#3365,#3372),.PCURVE_S1.);
#3362 = B_SPLINE_CURVE_WITH_KNOTS('',1,(#3363,#3364),.UNSPECIFIED.,.F.,
  .F.,(2,2),(0.,1.),.PIECEWISE_BEZIER_KNOTS.);
#3363 = CARTESIAN_POINT('',(-2.149911159806,-8.0822071351,0.));
#3364 = CARTESIAN_POINT('',(-2.149911159806,-8.0822071351,5.));
#3365 = PCURVE('',#3290,#3366);
#3366 = DEFINITIONAL_REPRESENTATION('',(#3367),#3371);
#3367 = LINE('',#3368,#3369);
#3368 = CARTESIAN_POINT('',(0.,1.));
#3369 = VECTOR('',#3370,1.);
#3370 = DIRECTION('',(1.,0.));
#3371 = ( GEOMETRIC_REPRESENTATION_CONTEXT(2) 
PARAMETRIC_REPRESENTATION_CONTEXT() REPRESENTATION_CONTEXT('2D SPACE',''
  ) );
#3372 = PCURVE('',#3373,#3382);
#3373 = B_SPLINE_SURFACE_WITH_KNOTS('',1,3,(
    (#3374,#3375,#3376,#3377)
    ,(#3378,#3379,#3380,#3381
    )),.UNSPECIFIED.,.F.,.F.,.F.,(2,2),(4,4),(0.,1.),(0.,1.),
  .PIECEWISE_BEZIER_KNOTS.);
#3374 = CARTESIAN_POINT('',(-2.149911159806,-8.0822071351,0.));
#3375 = CARTESIAN_POINT('',(-2.26865411085,-8.408854986179,0.));
#3376 = CARTESIAN_POINT('',(-2.493015700965,-8.685939259244,0.));
#3377 = CARTESIAN_POINT('',(-2.726334748637,-8.938463169828,0.));
#3378 = CARTESIAN_POINT('',(-2.149911159806,-8.0822071351,5.));
#3379 = CARTESIAN_POINT('',(-2.26865411085,-8.408854986179,5.));
#3380 = CARTESIAN_POINT('',(-2.493015700965,-8.685939259244,5.));
#3381 = CARTESIAN_POINT('',(-2.726334748637,-8.938463169828,5.));
#3382 = DEFINITIONAL_REPRESENTATION('',(#3383),#3387);
#3383 = LINE('',#3384,#3385);
#3384 = CARTESIAN_POINT('',(0.,0.));
#3385 = VECTOR('',#3386,1.);
#3386 = DIRECTION('',(1.,0.));
#3387 = ( GEOMETRIC_REPRESENTATION_CONTEXT(2) 
PARAMETRIC_REPRESENTATION_CONTEXT() REPRESENTATION_CONTEXT('2D SPACE',''
  ) );
#3388 = ADVANCED_FACE('',(#3389),#3373,.T.);
#3389 = FACE_BOUND('',#3390,.T.);
#3390 = EDGE_LOOP('',(#3391,#3416,#3417,#3442));
#3391 = ORIENTED_EDGE('',*,*,#3392,.F.);
#3392 = EDGE_CURVE('',#3310,#3393,#3395,.T.);
#3393 = VERTEX_POINT('',#3394);
#3394 = CARTESIAN_POINT('',(-2.726334748637,-8.938463169828,0.));
#3395 = SURFACE_CURVE('',#3396,(#3401,#3408),.PCURVE_S1.);
#3396 = B_SPLINE_CURVE_WITH_KNOTS('',3,(#3397,#3398,#3399,#3400),
  .UNSPECIFIED.,.F.,.F.,(4,4),(0.,1.),.PIECEWISE_BEZIER_KNOTS.);
#3397 = CARTESIAN_POINT('',(-2.149911159806,-8.0822071351,0.));
#3398 = CARTESIAN_POINT('',(-2.26865411085,-8.408854986179,0.));
#3399 = CARTESIAN_POINT('',(-2.493015700965,-8.685939259244,0.));
#3400 = CARTESIAN_POINT('',(-2.726334748637,-8.938463169828,0.));
#3401 = PCURVE('',#3373,#3402);
#3402 = DEFINITIONAL_REPRESENTATION('',(#3403),#3407);
#3403 = LINE('',#3404,#3405);
#3404 = CARTESIAN_POINT('',(0.,0.));
#3405 = VECTOR('',#3406,1.);
#3406 = DIRECTION('',(0.,1.));
#3407 = ( GEOMETRIC_REPRESENTATION_CONTEXT(2) 
PARAMETRIC_REPRESENTATION_CONTEXT() REPRESENTATION_CONTEXT('2D SPACE',''
  ) );
#3408 = PCURVE('',#49,#3409);
#3409 = DEFINITIONAL_REPRESENTATION('',(#3410),#3415);
#3410 = B_SPLINE_CURVE_WITH_KNOTS('',3,(#3411,#3412,#3413,#3414),
  .UNSPECIFIED.,.F.,.F.,(4,4),(0.,1.),.PIECEWISE_BEZIER_KNOTS.);
#3411 = CARTESIAN_POINT('',(-2.149911159806,-8.0822071351));
#3412 = CARTESIAN_POINT('',(-2.26865411085,-8.408854986179));
#3413 = CARTESIAN_POINT('',(-2.493015700965,-8.685939259244));
#3414 = CARTESIAN_POINT('',(-2.726334748637,-8.938463169828));
#3415 = ( GEOMETRIC_REPRESENTATION_CONTEXT(2) 
PARAMETRIC_REPRESENTATION_CONTEXT() REPRESENTATION_CONTEXT('2D SPACE',''
  ) );
#3416 = ORIENTED_EDGE('',*,*,#3360,.T.);
#3417 = ORIENTED_EDGE('',*,*,#3418,.T.);
#3418 = EDGE_CURVE('',#3336,#3419,#3421,.T.);
#3419 = VERTEX_POINT('',#3420);
#3420 = CARTESIAN_POINT('',(-2.726334748637,-8.938463169828,5.));
#3421 = SURFACE_CURVE('',#3422,(#3427,#3434),.PCURVE_S1.);
#3422 = B_SPLINE_CURVE_WITH_KNOTS('',3,(#3423,#3424,#3425,#3426),
  .UNSPECIFIED.,.F.,.F.,(4,4),(0.,1.),.PIECEWISE_BEZIER_KNOTS.);
#3423 = CARTESIAN_POINT('',(-2.149911159806,-8.0822071351,5.));
#3424 = CARTESIAN_POINT('',(-2.26865411085,-8.408854986179,5.));
#3425 = CARTESIAN_POINT('',(-2.493015700965,-8.685939259244,5.));
#3426 = CARTESIAN_POINT('',(-2.726334748637,-8.938463169828,5.));
#3427 = PCURVE('',#3373,#3428);
#3428 = DEFINITIONAL_REPRESENTATION('',(#3429),#3433);
#3429 = LINE('',#3430,#3431);
#3430 = CARTESIAN_POINT('',(1.,0.));
#3431 = VECTOR('',#3432,1.);
#3432 = DIRECTION('',(0.,1.));
#3433 = ( GEOMETRIC_REPRESENTATION_CONTEXT(2) 
PARAMETRIC_REPRESENTATION_CONTEXT() REPRESENTATION_CONTEXT('2D SPACE',''
  ) );
#3434 = PCURVE('',#110,#3435);
#3435 = DEFINITIONAL_REPRESENTATION('',(#3436),#3441);
#3436 = B_SPLINE_CURVE_WITH_KNOTS('',3,(#3437,#3438,#3439,#3440),
  .UNSPECIFIED.,.F.,.F.,(4,4),(0.,1.),.PIECEWISE_BEZIER_KNOTS.);
#3437 = CARTESIAN_POINT('',(2.149911159806,-8.0822071351));
#3438 = CARTESIAN_POINT('',(2.26865411085,-8.408854986179));
#3439 = CARTESIAN_POINT('',(2.493015700965,-8.685939259244));
#3440 = CARTESIAN_POINT('',(2.726334748637,-8.938463169828));
#3441 = ( GEOMETRIC_REPRESENTATION_CONTEXT(2) 
PARAMETRIC_REPRESENTATION_CONTEXT() REPRESENTATION_CONTEXT('2D SPACE',''
  ) );
#3442 = ORIENTED_EDGE('',*,*,#3443,.F.);
#3443 = EDGE_CURVE('',#3393,#3419,#3444,.T.);
#3444 = SURFACE_CURVE('',#3445,(#3448,#3455),.PCURVE_S1.);
#3445 = B_SPLINE_CURVE_WITH_KNOTS('',1,(#3446,#3447),.UNSPECIFIED.,.F.,
  .F.,(2,2),(0.,1.),.PIECEWISE_BEZIER_KNOTS.);
#3446 = CARTESIAN_POINT('',(-2.726334748637,-8.938463169828,0.));
#3447 = CARTESIAN_POINT('',(-2.726334748637,-8.938463169828,5.));
#3448 = PCURVE('',#3373,#3449);
#3449 = DEFINITIONAL_REPRESENTATION('',(#3450),#3454);
#3450 = LINE('',#3451,#3452);
#3451 = CARTESIAN_POINT('',(0.,1.));
#3452 = VECTOR('',#3453,1.);
#3453 = DIRECTION('',(1.,0.));
#3454 = ( GEOMETRIC_REPRESENTATION_CONTEXT(2) 
PARAMETRIC_REPRESENTATION_CONTEXT() REPRESENTATION_CONTEXT('2D SPACE',''
  ) );
#3455 = PCURVE('',#3456,#3465);
#3456 = B_SPLINE_SURFACE_WITH_KNOTS('',1,3,(
    (#3457,#3458,#3459,#3460)
    ,(#3461,#3462,#3463,#3464
    )),.UNSPECIFIED.,.F.,.F.,.F.,(2,2),(4,4),(0.,1.),(0.,1.),
  .PIECEWISE_BEZIER_KNOTS.);
#3457 = CARTESIAN_POINT('',(-2.726334748637,-8.938463169828,0.));
#3458 = CARTESIAN_POINT('',(-2.834258119878,-8.905545342203,0.));
#3459 = CARTESIAN_POINT('',(-2.941585230342,-8.870672650073,0.));
#3460 = CARTESIAN_POINT('',(-3.048245685382,-8.833867966047,0.));
#3461 = CARTESIAN_POINT('',(-2.726334748637,-8.938463169828,5.));
#3462 = CARTESIAN_POINT('',(-2.834258119878,-8.905545342203,5.));
#3463 = CARTESIAN_POINT('',(-2.941585230342,-8.870672650073,5.));
#3464 = CARTESIAN_POINT('',(-3.048245685382,-8.833867966047,5.));
#3465 = DEFINITIONAL_REPRESENTATION('',(#3466),#3470);
#3466 = LINE('',#3467,#3468);
#3467 = CARTESIAN_POINT('',(0.,0.));
#3468 = VECTOR('',#3469,1.);
#3469 = DIRECTION('',(1.,0.));
#3470 = ( GEOMETRIC_REPRESENTATION_CONTEXT(2) 
PARAMETRIC_REPRESENTATION_CONTEXT() REPRESENTATION_CONTEXT('2D SPACE',''
  ) );
#3471 = ADVANCED_FACE('',(#3472),#3456,.T.);
#3472 = FACE_BOUND('',#3473,.T.);
#3473 = EDGE_LOOP('',(#3474,#3499,#3500,#3525));
#3474 = ORIENTED_EDGE('',*,*,#3475,.F.);
#3475 = EDGE_CURVE('',#3393,#3476,#3478,.T.);
#3476 = VERTEX_POINT('',#3477);
#3477 = CARTESIAN_POINT('',(-3.048245685382,-8.833867966047,0.));
#3478 = SURFACE_CURVE('',#3479,(#3484,#3491),.PCURVE_S1.);
#3479 = B_SPLINE_CURVE_WITH_KNOTS('',3,(#3480,#3481,#3482,#3483),
  .UNSPECIFIED.,.F.,.F.,(4,4),(0.,1.),.PIECEWISE_BEZIER_KNOTS.);
#3480 = CARTESIAN_POINT('',(-2.726334748637,-8.938463169828,0.));
#3481 = CARTESIAN_POINT('',(-2.834258119878,-8.905545342203,0.));
#3482 = CARTESIAN_POINT('',(-2.941585230342,-8.870672650073,0.));
#3483 = CARTESIAN_POINT('',(-3.048245685382,-8.833867966047,0.));
#3484 = PCURVE('',#3456,#3485);
#3485 = DEFINITIONAL_REPRESENTATION('',(#3486),#3490);
#3486 = LINE('',#3487,#3488);
#3487 = CARTESIAN_POINT('',(0.,0.));
#3488 = VECTOR('',#3489,1.);
#3489 = DIRECTION('',(0.,1.));
#3490 = ( GEOMETRIC_REPRESENTATION_CONTEXT(2) 
PARAMETRIC_REPRESENTATION_CONTEXT() REPRESENTATION_CONTEXT('2D SPACE',''
  ) );
#3491 = PCURVE('',#49,#3492);
#3492 = DEFINITIONAL_REPRESENTATION('',(#3493),#3498);
#3493 = B_SPLINE_CURVE_WITH_KNOTS('',3,(#3494,#3495,#3496,#3497),
  .UNSPECIFIED.,.F.,.F.,(4,4),(0.,1.),.PIECEWISE_BEZIER_KNOTS.);
#3494 = CARTESIAN_POINT('',(-2.726334748637,-8.938463169828));
#3495 = CARTESIAN_POINT('',(-2.834258119878,-8.905545342203));
#3496 = CARTESIAN_POINT('',(-2.941585230342,-8.870672650073));
#3497 = CARTESIAN_POINT('',(-3.048245685382,-8.833867966047));
#3498 = ( GEOMETRIC_REPRESENTATION_CONTEXT(2) 
PARAMETRIC_REPRESENTATION_CONTEXT() REPRESENTATION_CONTEXT('2D SPACE',''
  ) );
#3499 = ORIENTED_EDGE('',*,*,#3443,.T.);
#3500 = ORIENTED_EDGE('',*,*,#3501,.T.);
#3501 = EDGE_CURVE('',#3419,#3502,#3504,.T.);
#3502 = VERTEX_POINT('',#3503);
#3503 = CARTESIAN_POINT('',(-3.048245685382,-8.833867966047,5.));
#3504 = SURFACE_CURVE('',#3505,(#3510,#3517),.PCURVE_S1.);
#3505 = B_SPLINE_CURVE_WITH_KNOTS('',3,(#3506,#3507,#3508,#3509),
  .UNSPECIFIED.,.F.,.F.,(4,4),(0.,1.),.PIECEWISE_BEZIER_KNOTS.);
#3506 = CARTESIAN_POINT('',(-2.726334748637,-8.938463169828,5.));
#3507 = CARTESIAN_POINT('',(-2.834258119878,-8.905545342203,5.));
#3508 = CARTESIAN_POINT('',(-2.941585230342,-8.870672650073,5.));
#3509 = CARTESIAN_POINT('',(-3.048245685382,-8.833867966047,5.));
#3510 = PCURVE('',#3456,#3511);
#3511 = DEFINITIONAL_REPRESENTATION('',(#3512),#3516);
#3512 = LINE('',#3513,#3514);
#3513 = CARTESIAN_POINT('',(1.,0.));
#3514 = VECTOR('',#3515,1.);
#3515 = DIRECTION('',(0.,1.));
#3516 = ( GEOMETRIC_REPRESENTATION_CONTEXT(2) 
PARAMETRIC_REPRESENTATION_CONTEXT() REPRESENTATION_CONTEXT('2D SPACE',''
  ) );
#3517 = PCURVE('',#110,#3518);
#3518 = DEFINITIONAL_REPRESENTATION('',(#3519),#3524);
#3519 = B_SPLINE_CURVE_WITH_KNOTS('',3,(#3520,#3521,#3522,#3523),
  .UNSPECIFIED.,.F.,.F.,(4,4),(0.,1.),.PIECEWISE_BEZIER_KNOTS.);
#3520 = CARTESIAN_POINT('',(2.726334748637,-8.938463169828));
#3521 = CARTESIAN_POINT('',(2.834258119878,-8.905545342203));
#3522 = CARTESIAN_POINT('',(2.941585230342,-8.870672650073));
#3523 = CARTESIAN_POINT('',(3.048245685382,-8.833867966047));
#3524 = ( GEOMETRIC_REPRESENTATION_CONTEXT(2) 
PARAMETRIC_REPRESENTATION_CONTEXT() REPRESENTATION_CONTEXT('2D SPACE',''
  ) );
#3525 = ORIENTED_EDGE('',*,*,#3526,.F.);
#3526 = EDGE_CURVE('',#3476,#3502,#3527,.T.);
#3527 = SURFACE_CURVE('',#3528,(#3531,#3538),.PCURVE_S1.);
#3528 = B_SPLINE_CURVE_WITH_KNOTS('',1,(#3529,#3530),.UNSPECIFIED.,.F.,
  .F.,(2,2),(0.,1.),.PIECEWISE_BEZIER_KNOTS.);
#3529 = CARTESIAN_POINT('',(-3.048245685382,-8.833867966047,0.));
#3530 = CARTESIAN_POINT('',(-3.048245685382,-8.833867966047,5.));
#3531 = PCURVE('',#3456,#3532);
#3532 = DEFINITIONAL_REPRESENTATION('',(#3533),#3537);
#3533 = LINE('',#3534,#3535);
#3534 = CARTESIAN_POINT('',(0.,1.));
#3535 = VECTOR('',#3536,1.);
#3536 = DIRECTION('',(1.,0.));
#3537 = ( GEOMETRIC_REPRESENTATION_CONTEXT(2) 
PARAMETRIC_REPRESENTATION_CONTEXT() REPRESENTATION_CONTEXT('2D SPACE',''
  ) );
#3538 = PCURVE('',#3539,#3548);
#3539 = B_SPLINE_SURFACE_WITH_KNOTS('',1,3,(
    (#3540,#3541,#3542,#3543)
    ,(#3544,#3545,#3546,#3547
    )),.UNSPECIFIED.,.F.,.F.,.F.,(2,2),(4,4),(0.,1.),(0.,1.),
  .PIECEWISE_BEZIER_KNOTS.);
#3540 = CARTESIAN_POINT('',(-3.048245685382,-8.833867966047,0.));
#3541 = CARTESIAN_POINT('',(-3.088574929568,-8.492430335598,0.));
#3542 = CARTESIAN_POINT('',(-3.107221219506,-8.136388015964,0.));
#3543 = CARTESIAN_POINT('',(-3.011287495305,-7.802328997828,0.));
#3544 = CARTESIAN_POINT('',(-3.048245685382,-8.833867966047,5.));
#3545 = CARTESIAN_POINT('',(-3.088574929568,-8.492430335598,5.));
#3546 = CARTESIAN_POINT('',(-3.107221219506,-8.136388015964,5.));
#3547 = CARTESIAN_POINT('',(-3.011287495305,-7.802328997828,5.));
#3548 = DEFINITIONAL_REPRESENTATION('',(#3549),#3553);
#3549 = LINE('',#3550,#3551);
#3550 = CARTESIAN_POINT('',(0.,0.));
#3551 = VECTOR('',#3552,1.);
#3552 = DIRECTION('',(1.,0.));
#3553 = ( GEOMETRIC_REPRESENTATION_CONTEXT(2) 
PARAMETRIC_REPRESENTATION_CONTEXT() REPRESENTATION_CONTEXT('2D SPACE',''
  ) );
#3554 = ADVANCED_FACE('',(#3555),#3539,.T.);
#3555 = FACE_BOUND('',#3556,.T.);
#3556 = EDGE_LOOP('',(#3557,#3582,#3583,#3608));
#3557 = ORIENTED_EDGE('',*,*,#3558,.F.);
#3558 = EDGE_CURVE('',#3476,#3559,#3561,.T.);
#3559 = VERTEX_POINT('',#3560);
#3560 = CARTESIAN_POINT('',(-3.011287495305,-7.802328997828,0.));
#3561 = SURFACE_CURVE('',#3562,(#3567,#3574),.PCURVE_S1.);
#3562 = B_SPLINE_CURVE_WITH_KNOTS('',3,(#3563,#3564,#3565,#3566),
  .UNSPECIFIED.,.F.,.F.,(4,4),(0.,1.),.PIECEWISE_BEZIER_KNOTS.);
#3563 = CARTESIAN_POINT('',(-3.048245685382,-8.833867966047,0.));
#3564 = CARTESIAN_POINT('',(-3.088574929568,-8.492430335598,0.));
#3565 = CARTESIAN_POINT('',(-3.107221219506,-8.136388015964,0.));
#3566 = CARTESIAN_POINT('',(-3.011287495305,-7.802328997828,0.));
#3567 = PCURVE('',#3539,#3568);
#3568 = DEFINITIONAL_REPRESENTATION('',(#3569),#3573);
#3569 = LINE('',#3570,#3571);
#3570 = CARTESIAN_POINT('',(0.,0.));
#3571 = VECTOR('',#3572,1.);
#3572 = DIRECTION('',(0.,1.));
#3573 = ( GEOMETRIC_REPRESENTATION_CONTEXT(2) 
PARAMETRIC_REPRESENTATION_CONTEXT() REPRESENTATION_CONTEXT('2D SPACE',''
  ) );
#3574 = PCURVE('',#49,#3575);
#3575 = DEFINITIONAL_REPRESENTATION('',(#3576),#3581);
#3576 = B_SPLINE_CURVE_WITH_KNOTS('',3,(#3577,#3578,#3579,#3580),
  .UNSPECIFIED.,.F.,.F.,(4,4),(0.,1.),.PIECEWISE_BEZIER_KNOTS.);
#3577 = CARTESIAN_POINT('',(-3.048245685382,-8.833867966047));
#3578 = CARTESIAN_POINT('',(-3.088574929568,-8.492430335598));
#3579 = CARTESIAN_POINT('',(-3.107221219506,-8.136388015964));
#3580 = CARTESIAN_POINT('',(-3.011287495305,-7.802328997828));
#3581 = ( GEOMETRIC_REPRESENTATION_CONTEXT(2) 
PARAMETRIC_REPRESENTATION_CONTEXT() REPRESENTATION_CONTEXT('2D SPACE',''
  ) );
#3582 = ORIENTED_EDGE('',*,*,#3526,.T.);
#3583 = ORIENTED_EDGE('',*,*,#3584,.T.);
#3584 = EDGE_CURVE('',#3502,#3585,#3587,.T.);
#3585 = VERTEX_POINT('',#3586);
#3586 = CARTESIAN_POINT('',(-3.011287495305,-7.802328997828,5.));
#3587 = SURFACE_CURVE('',#3588,(#3593,#3600),.PCURVE_S1.);
#3588 = B_SPLINE_CURVE_WITH_KNOTS('',3,(#3589,#3590,#3591,#3592),
  .UNSPECIFIED.,.F.,.F.,(4,4),(0.,1.),.PIECEWISE_BEZIER_KNOTS.);
#3589 = CARTESIAN_POINT('',(-3.048245685382,-8.833867966047,5.));
#3590 = CARTESIAN_POINT('',(-3.088574929568,-8.492430335598,5.));
#3591 = CARTESIAN_POINT('',(-3.107221219506,-8.136388015964,5.));
#3592 = CARTESIAN_POINT('',(-3.011287495305,-7.802328997828,5.));
#3593 = PCURVE('',#3539,#3594);
#3594 = DEFINITIONAL_REPRESENTATION('',(#3595),#3599);
#3595 = LINE('',#3596,#3597);
#3596 = CARTESIAN_POINT('',(1.,0.));
#3597 = VECTOR('',#3598,1.);
#3598 = DIRECTION('',(0.,1.));
#3599 = ( GEOMETRIC_REPRESENTATION_CONTEXT(2) 
PARAMETRIC_REPRESENTATION_CONTEXT() REPRESENTATION_CONTEXT('2D SPACE',''
  ) );
#3600 = PCURVE('',#110,#3601);
#3601 = DEFINITIONAL_REPRESENTATION('',(#3602),#3607);
#3602 = B_SPLINE_CURVE_WITH_KNOTS('',3,(#3603,#3604,#3605,#3606),
  .UNSPECIFIED.,.F.,.F.,(4,4),(0.,1.),.PIECEWISE_BEZIER_KNOTS.);
#3603 = CARTESIAN_POINT('',(3.048245685382,-8.833867966047));
#3604 = CARTESIAN_POINT('',(3.088574929568,-8.492430335598));
#3605 = CARTESIAN_POINT('',(3.107221219506,-8.136388015964));
#3606 = CARTESIAN_POINT('',(3.011287495305,-7.802328997828));
#3607 = ( GEOMETRIC_REPRESENTATION_CONTEXT(2) 
PARAMETRIC_REPRESENTATION_CONTEXT() REPRESENTATION_CONTEXT('2D SPACE',''
  ) );
#3608 = ORIENTED_EDGE('',*,*,#3609,.F.);
#3609 = EDGE_CURVE('',#3559,#3585,#3610,.T.);
#3610 = SURFACE_CURVE('',#3611,(#3614,#3621),.PCURVE_S1.);
#3611 = B_SPLINE_CURVE_WITH_KNOTS('',1,(#3612,#3613),.UNSPECIFIED.,.F.,
  .F.,(2,2),(0.,1.),.PIECEWISE_BEZIER_KNOTS.);
#3612 = CARTESIAN_POINT('',(-3.011287495305,-7.802328997828,0.));
#3613 = CARTESIAN_POINT('',(-3.011287495305,-7.802328997828,5.));
#3614 = PCURVE('',#3539,#3615);
#3615 = DEFINITIONAL_REPRESENTATION('',(#3616),#3620);
#3616 = LINE('',#3617,#3618);
#3617 = CARTESIAN_POINT('',(0.,1.));
#3618 = VECTOR('',#3619,1.);
#3619 = DIRECTION('',(1.,0.));
#3620 = ( GEOMETRIC_REPRESENTATION_CONTEXT(2) 
PARAMETRIC_REPRESENTATION_CONTEXT() REPRESENTATION_CONTEXT('2D SPACE',''
  ) );
#3621 = PCURVE('',#3622,#3631);
#3622 = B_SPLINE_SURFACE_WITH_KNOTS('',1,3,(
    (#3623,#3624,#3625,#3626)
    ,(#3627,#3628,#3629,#3630
    )),.UNSPECIFIED.,.F.,.F.,.F.,(2,2),(4,4),(0.,1.),(0.,1.),
  .PIECEWISE_BEZIER_KNOTS.);
#3623 = CARTESIAN_POINT('',(-3.011287495305,-7.802328997828,0.));
#3624 = CARTESIAN_POINT('',(-3.126931262702,-7.729855623037,0.));
#3625 = CARTESIAN_POINT('',(-3.254759028482,-7.676907628803,0.));
#3626 = CARTESIAN_POINT('',(-3.38777793538,-7.646381551445,0.));
#3627 = CARTESIAN_POINT('',(-3.011287495305,-7.802328997828,5.));
#3628 = CARTESIAN_POINT('',(-3.126931262702,-7.729855623037,5.));
#3629 = CARTESIAN_POINT('',(-3.254759028482,-7.676907628803,5.));
#3630 = CARTESIAN_POINT('',(-3.38777793538,-7.646381551445,5.));
#3631 = DEFINITIONAL_REPRESENTATION('',(#3632),#3636);
#3632 = LINE('',#3633,#3634);
#3633 = CARTESIAN_POINT('',(0.,0.));
#3634 = VECTOR('',#3635,1.);
#3635 = DIRECTION('',(1.,0.));
#3636 = ( GEOMETRIC_REPRESENTATION_CONTEXT(2) 
PARAMETRIC_REPRESENTATION_CONTEXT() REPRESENTATION_CONTEXT('2D SPACE',''
  ) );
#3637 = ADVANCED_FACE('',(#3638),#3622,.T.);
#3638 = FACE_BOUND('',#3639,.T.);
#3639 = EDGE_LOOP('',(#3640,#3665,#3666,#3691));
#3640 = ORIENTED_EDGE('',*,*,#3641,.F.);
#3641 = EDGE_CURVE('',#3559,#3642,#3644,.T.);
#3642 = VERTEX_POINT('',#3643);
#3643 = CARTESIAN_POINT('',(-3.38777793538,-7.646381551445,0.));
#3644 = SURFACE_CURVE('',#3645,(#3650,#3657),.PCURVE_S1.);
#3645 = B_SPLINE_CURVE_WITH_KNOTS('',3,(#3646,#3647,#3648,#3649),
  .UNSPECIFIED.,.F.,.F.,(4,4),(0.,1.),.PIECEWISE_BEZIER_KNOTS.);
#3646 = CARTESIAN_POINT('',(-3.011287495305,-7.802328997828,0.));
#3647 = CARTESIAN_POINT('',(-3.126931262702,-7.729855623037,0.));
#3648 = CARTESIAN_POINT('',(-3.254759028482,-7.676907628803,0.));
#3649 = CARTESIAN_POINT('',(-3.38777793538,-7.646381551445,0.));
#3650 = PCURVE('',#3622,#3651);
#3651 = DEFINITIONAL_REPRESENTATION('',(#3652),#3656);
#3652 = LINE('',#3653,#3654);
#3653 = CARTESIAN_POINT('',(0.,0.));
#3654 = VECTOR('',#3655,1.);
#3655 = DIRECTION('',(0.,1.));
#3656 = ( GEOMETRIC_REPRESENTATION_CONTEXT(2) 
PARAMETRIC_REPRESENTATION_CONTEXT() REPRESENTATION_CONTEXT('2D SPACE',''
  ) );
#3657 = PCURVE('',#49,#3658);
#3658 = DEFINITIONAL_REPRESENTATION('',(#3659),#3664);
#3659 = B_SPLINE_CURVE_WITH_KNOTS('',3,(#3660,#3661,#3662,#3663),
  .UNSPECIFIED.,.F.,.F.,(4,4),(0.,1.),.PIECEWISE_BEZIER_KNOTS.);
#3660 = CARTESIAN_POINT('',(-3.011287495305,-7.802328997828));
#3661 = CARTESIAN_POINT('',(-3.126931262702,-7.729855623037));
#3662 = CARTESIAN_POINT('',(-3.254759028482,-7.676907628803));
#3663 = CARTESIAN_POINT('',(-3.38777793538,-7.646381551445));
#3664 = ( GEOMETRIC_REPRESENTATION_CONTEXT(2) 
PARAMETRIC_REPRESENTATION_CONTEXT() REPRESENTATION_CONTEXT('2D SPACE',''
  ) );
#3665 = ORIENTED_EDGE('',*,*,#3609,.T.);
#3666 = ORIENTED_EDGE('',*,*,#3667,.T.);
#3667 = EDGE_CURVE('',#3585,#3668,#3670,.T.);
#3668 = VERTEX_POINT('',#3669);
#3669 = CARTESIAN_POINT('',(-3.38777793538,-7.646381551445,5.));
#3670 = SURFACE_CURVE('',#3671,(#3676,#3683),.PCURVE_S1.);
#3671 = B_SPLINE_CURVE_WITH_KNOTS('',3,(#3672,#3673,#3674,#3675),
  .UNSPECIFIED.,.F.,.F.,(4,4),(0.,1.),.PIECEWISE_BEZIER_KNOTS.);
#3672 = CARTESIAN_POINT('',(-3.011287495305,-7.802328997828,5.));
#3673 = CARTESIAN_POINT('',(-3.126931262702,-7.729855623037,5.));
#3674 = CARTESIAN_POINT('',(-3.254759028482,-7.676907628803,5.));
#3675 = CARTESIAN_POINT('',(-3.38777793538,-7.646381551445,5.));
#3676 = PCURVE('',#3622,#3677);
#3677 = DEFINITIONAL_REPRESENTATION('',(#3678),#3682);
#3678 = LINE('',#3679,#3680);
#3679 = CARTESIAN_POINT('',(1.,0.));
#3680 = VECTOR('',#3681,1.);
#3681 = DIRECTION('',(0.,1.));
#3682 = ( GEOMETRIC_REPRESENTATION_CONTEXT(2) 
PARAMETRIC_REPRESENTATION_CONTEXT() REPRESENTATION_CONTEXT('2D SPACE',''
  ) );
#3683 = PCURVE('',#110,#3684);
#3684 = DEFINITIONAL_REPRESENTATION('',(#3685),#3690);
#3685 = B_SPLINE_CURVE_WITH_KNOTS('',3,(#3686,#3687,#3688,#3689),
  .UNSPECIFIED.,.F.,.F.,(4,4),(0.,1.),.PIECEWISE_BEZIER_KNOTS.);
#3686 = CARTESIAN_POINT('',(3.011287495305,-7.802328997828));
#3687 = CARTESIAN_POINT('',(3.126931262702,-7.729855623037));
#3688 = CARTESIAN_POINT('',(3.254759028482,-7.676907628803));
#3689 = CARTESIAN_POINT('',(3.38777793538,-7.646381551445));
#3690 = ( GEOMETRIC_REPRESENTATION_CONTEXT(2) 
PARAMETRIC_REPRESENTATION_CONTEXT() REPRESENTATION_CONTEXT('2D SPACE',''
  ) );
#3691 = ORIENTED_EDGE('',*,*,#3692,.F.);
#3692 = EDGE_CURVE('',#3642,#3668,#3693,.T.);
#3693 = SURFACE_CURVE('',#3694,(#3697,#3704),.PCURVE_S1.);
#3694 = B_SPLINE_CURVE_WITH_KNOTS('',1,(#3695,#3696),.UNSPECIFIED.,.F.,
  .F.,(2,2),(0.,1.),.PIECEWISE_BEZIER_KNOTS.);
#3695 = CARTESIAN_POINT('',(-3.38777793538,-7.646381551445,0.));
#3696 = CARTESIAN_POINT('',(-3.38777793538,-7.646381551445,5.));
#3697 = PCURVE('',#3622,#3698);
#3698 = DEFINITIONAL_REPRESENTATION('',(#3699),#3703);
#3699 = LINE('',#3700,#3701);
#3700 = CARTESIAN_POINT('',(0.,1.));
#3701 = VECTOR('',#3702,1.);
#3702 = DIRECTION('',(1.,0.));
#3703 = ( GEOMETRIC_REPRESENTATION_CONTEXT(2) 
PARAMETRIC_REPRESENTATION_CONTEXT() REPRESENTATION_CONTEXT('2D SPACE',''
  ) );
#3704 = PCURVE('',#3705,#3714);
#3705 = B_SPLINE_SURFACE_WITH_KNOTS('',1,3,(
    (#3706,#3707,#3708,#3709)
    ,(#3710,#3711,#3712,#3713
    )),.UNSPECIFIED.,.F.,.F.,.F.,(2,2),(4,4),(0.,1.),(0.,1.),
  .PIECEWISE_BEZIER_KNOTS.);
#3706 = CARTESIAN_POINT('',(-3.38777793538,-7.646381551445,0.));
#3707 = CARTESIAN_POINT('',(-3.556157945494,-7.950432335412,0.));
#3708 = CARTESIAN_POINT('',(-3.821102802155,-8.189007355955,0.));
#3709 = CARTESIAN_POINT('',(-4.091052748042,-8.401923137755,0.));
#3710 = CARTESIAN_POINT('',(-3.38777793538,-7.646381551445,5.));
#3711 = CARTESIAN_POINT('',(-3.556157945494,-7.950432335412,5.));
#3712 = CARTESIAN_POINT('',(-3.821102802155,-8.189007355955,5.));
#3713 = CARTESIAN_POINT('',(-4.091052748042,-8.401923137755,5.));
#3714 = DEFINITIONAL_REPRESENTATION('',(#3715),#3719);
#3715 = LINE('',#3716,#3717);
#3716 = CARTESIAN_POINT('',(0.,0.));
#3717 = VECTOR('',#3718,1.);
#3718 = DIRECTION('',(1.,0.));
#3719 = ( GEOMETRIC_REPRESENTATION_CONTEXT(2) 
PARAMETRIC_REPRESENTATION_CONTEXT() REPRESENTATION_CONTEXT('2D SPACE',''
  ) );
#3720 = ADVANCED_FACE('',(#3721),#3705,.T.);
#3721 = FACE_BOUND('',#3722,.T.);
#3722 = EDGE_LOOP('',(#3723,#3748,#3749,#3774));
#3723 = ORIENTED_EDGE('',*,*,#3724,.F.);
#3724 = EDGE_CURVE('',#3642,#3725,#3727,.T.);
#3725 = VERTEX_POINT('',#3726);
#3726 = CARTESIAN_POINT('',(-4.091052748042,-8.401923137755,0.));
#3727 = SURFACE_CURVE('',#3728,(#3733,#3740),.PCURVE_S1.);
#3728 = B_SPLINE_CURVE_WITH_KNOTS('',3,(#3729,#3730,#3731,#3732),
  .UNSPECIFIED.,.F.,.F.,(4,4),(0.,1.),.PIECEWISE_BEZIER_KNOTS.);
#3729 = CARTESIAN_POINT('',(-3.38777793538,-7.646381551445,0.));
#3730 = CARTESIAN_POINT('',(-3.556157945494,-7.950432335412,0.));
#3731 = CARTESIAN_POINT('',(-3.821102802155,-8.189007355955,0.));
#3732 = CARTESIAN_POINT('',(-4.091052748042,-8.401923137755,0.));
#3733 = PCURVE('',#3705,#3734);
#3734 = DEFINITIONAL_REPRESENTATION('',(#3735),#3739);
#3735 = LINE('',#3736,#3737);
#3736 = CARTESIAN_POINT('',(0.,0.));
#3737 = VECTOR('',#3738,1.);
#3738 = DIRECTION('',(0.,1.));
#3739 = ( GEOMETRIC_REPRESENTATION_CONTEXT(2) 
PARAMETRIC_REPRESENTATION_CONTEXT() REPRESENTATION_CONTEXT('2D SPACE',''
  ) );
#3740 = PCURVE('',#49,#3741);
#3741 = DEFINITIONAL_REPRESENTATION('',(#3742),#3747);
#3742 = B_SPLINE_CURVE_WITH_KNOTS('',3,(#3743,#3744,#3745,#3746),
  .UNSPECIFIED.,.F.,.F.,(4,4),(0.,1.),.PIECEWISE_BEZIER_KNOTS.);
#3743 = CARTESIAN_POINT('',(-3.38777793538,-7.646381551445));
#3744 = CARTESIAN_POINT('',(-3.556157945494,-7.950432335412));
#3745 = CARTESIAN_POINT('',(-3.821102802155,-8.189007355955));
#3746 = CARTESIAN_POINT('',(-4.091052748042,-8.401923137755));
#3747 = ( GEOMETRIC_REPRESENTATION_CONTEXT(2) 
PARAMETRIC_REPRESENTATION_CONTEXT() REPRESENTATION_CONTEXT('2D SPACE',''
  ) );
#3748 = ORIENTED_EDGE('',*,*,#3692,.T.);
#3749 = ORIENTED_EDGE('',*,*,#3750,.T.);
#3750 = EDGE_CURVE('',#3668,#3751,#3753,.T.);
#3751 = VERTEX_POINT('',#3752);
#3752 = CARTESIAN_POINT('',(-4.091052748042,-8.401923137755,5.));
#3753 = SURFACE_CURVE('',#3754,(#3759,#3766),.PCURVE_S1.);
#3754 = B_SPLINE_CURVE_WITH_KNOTS('',3,(#3755,#3756,#3757,#3758),
  .UNSPECIFIED.,.F.,.F.,(4,4),(0.,1.),.PIECEWISE_BEZIER_KNOTS.);
#3755 = CARTESIAN_POINT('',(-3.38777793538,-7.646381551445,5.));
#3756 = CARTESIAN_POINT('',(-3.556157945494,-7.950432335412,5.));
#3757 = CARTESIAN_POINT('',(-3.821102802155,-8.189007355955,5.));
#3758 = CARTESIAN_POINT('',(-4.091052748042,-8.401923137755,5.));
#3759 = PCURVE('',#3705,#3760);
#3760 = DEFINITIONAL_REPRESENTATION('',(#3761),#3765);
#3761 = LINE('',#3762,#3763);
#3762 = CARTESIAN_POINT('',(1.,0.));
#3763 = VECTOR('',#3764,1.);
#3764 = DIRECTION('',(0.,1.));
#3765 = ( GEOMETRIC_REPRESENTATION_CONTEXT(2) 
PARAMETRIC_REPRESENTATION_CONTEXT() REPRESENTATION_CONTEXT('2D SPACE',''
  ) );
#3766 = PCURVE('',#110,#3767);
#3767 = DEFINITIONAL_REPRESENTATION('',(#3768),#3773);
#3768 = B_SPLINE_CURVE_WITH_KNOTS('',3,(#3769,#3770,#3771,#3772),
  .UNSPECIFIED.,.F.,.F.,(4,4),(0.,1.),.PIECEWISE_BEZIER_KNOTS.);
#3769 = CARTESIAN_POINT('',(3.38777793538,-7.646381551445));
#3770 = CARTESIAN_POINT('',(3.556157945494,-7.950432335412));
#3771 = CARTESIAN_POINT('',(3.821102802155,-8.189007355955));
#3772 = CARTESIAN_POINT('',(4.091052748042,-8.401923137755));
#3773 = ( GEOMETRIC_REPRESENTATION_CONTEXT(2) 
PARAMETRIC_REPRESENTATION_CONTEXT() REPRESENTATION_CONTEXT('2D SPACE',''
  ) );
#3774 = ORIENTED_EDGE('',*,*,#3775,.F.);
#3775 = EDGE_CURVE('',#3725,#3751,#3776,.T.);
#3776 = SURFACE_CURVE('',#3777,(#3780,#3787),.PCURVE_S1.);
#3777 = B_SPLINE_CURVE_WITH_KNOTS('',1,(#3778,#3779),.UNSPECIFIED.,.F.,
  .F.,(2,2),(0.,1.),.PIECEWISE_BEZIER_KNOTS.);
#3778 = CARTESIAN_POINT('',(-4.091052748042,-8.401923137755,0.));
#3779 = CARTESIAN_POINT('',(-4.091052748042,-8.401923137755,5.));
#3780 = PCURVE('',#3705,#3781);
#3781 = DEFINITIONAL_REPRESENTATION('',(#3782),#3786);
#3782 = LINE('',#3783,#3784);
#3783 = CARTESIAN_POINT('',(0.,1.));
#3784 = VECTOR('',#3785,1.);
#3785 = DIRECTION('',(1.,0.));
#3786 = ( GEOMETRIC_REPRESENTATION_CONTEXT(2) 
PARAMETRIC_REPRESENTATION_CONTEXT() REPRESENTATION_CONTEXT('2D SPACE',''
  ) );
#3787 = PCURVE('',#3788,#3797);
#3788 = B_SPLINE_SURFACE_WITH_KNOTS('',1,3,(
    (#3789,#3790,#3791,#3792)
    ,(#3793,#3794,#3795,#3796
    )),.UNSPECIFIED.,.F.,.F.,.F.,(2,2),(4,4),(0.,1.),(0.,1.),
  .PIECEWISE_BEZIER_KNOTS.);
#3789 = CARTESIAN_POINT('',(-4.091052748042,-8.401923137755,0.));
#3790 = CARTESIAN_POINT('',(-4.19249792074,-8.352527648366,0.));
#3791 = CARTESIAN_POINT('',(-4.293048365437,-8.301294637834,0.));
#3792 = CARTESIAN_POINT('',(-4.392638132226,-8.248257709318,0.));
#3793 = CARTESIAN_POINT('',(-4.091052748042,-8.401923137755,5.));
#3794 = CARTESIAN_POINT('',(-4.19249792074,-8.352527648366,5.));
#3795 = CARTESIAN_POINT('',(-4.293048365437,-8.301294637834,5.));
#3796 = CARTESIAN_POINT('',(-4.392638132226,-8.248257709318,5.));
#3797 = DEFINITIONAL_REPRESENTATION('',(#3798),#3802);
#3798 = LINE('',#3799,#3800);
#3799 = CARTESIAN_POINT('',(0.,0.));
#3800 = VECTOR('',#3801,1.);
#3801 = DIRECTION('',(1.,0.));
#3802 = ( GEOMETRIC_REPRESENTATION_CONTEXT(2) 
PARAMETRIC_REPRESENTATION_CONTEXT() REPRESENTATION_CONTEXT('2D SPACE',''
  ) );
#3803 = ADVANCED_FACE('',(#3804),#3788,.T.);
#3804 = FACE_BOUND('',#3805,.T.);
#3805 = EDGE_LOOP('',(#3806,#3831,#3832,#3857));
#3806 = ORIENTED_EDGE('',*,*,#3807,.F.);
#3807 = EDGE_CURVE('',#3725,#3808,#3810,.T.);
#3808 = VERTEX_POINT('',#3809);
#3809 = CARTESIAN_POINT('',(-4.392638132226,-8.248257709318,0.));
#3810 = SURFACE_CURVE('',#3811,(#3816,#3823),.PCURVE_S1.);
#3811 = B_SPLINE_CURVE_WITH_KNOTS('',3,(#3812,#3813,#3814,#3815),
  .UNSPECIFIED.,.F.,.F.,(4,4),(0.,1.),.PIECEWISE_BEZIER_KNOTS.);
#3812 = CARTESIAN_POINT('',(-4.091052748042,-8.401923137755,0.));
#3813 = CARTESIAN_POINT('',(-4.19249792074,-8.352527648366,0.));
#3814 = CARTESIAN_POINT('',(-4.293048365437,-8.301294637834,0.));
#3815 = CARTESIAN_POINT('',(-4.392638132226,-8.248257709318,0.));
#3816 = PCURVE('',#3788,#3817);
#3817 = DEFINITIONAL_REPRESENTATION('',(#3818),#3822);
#3818 = LINE('',#3819,#3820);
#3819 = CARTESIAN_POINT('',(0.,0.));
#3820 = VECTOR('',#3821,1.);
#3821 = DIRECTION('',(0.,1.));
#3822 = ( GEOMETRIC_REPRESENTATION_CONTEXT(2) 
PARAMETRIC_REPRESENTATION_CONTEXT() REPRESENTATION_CONTEXT('2D SPACE',''
  ) );
#3823 = PCURVE('',#49,#3824);
#3824 = DEFINITIONAL_REPRESENTATION('',(#3825),#3830);
#3825 = B_SPLINE_CURVE_WITH_KNOTS('',3,(#3826,#3827,#3828,#3829),
  .UNSPECIFIED.,.F.,.F.,(4,4),(0.,1.),.PIECEWISE_BEZIER_KNOTS.);
#3826 = CARTESIAN_POINT('',(-4.091052748042,-8.401923137755));
#3827 = CARTESIAN_POINT('',(-4.19249792074,-8.352527648366));
#3828 = CARTESIAN_POINT('',(-4.293048365437,-8.301294637834));
#3829 = CARTESIAN_POINT('',(-4.392638132226,-8.248257709318));
#3830 = ( GEOMETRIC_REPRESENTATION_CONTEXT(2) 
PARAMETRIC_REPRESENTATION_CONTEXT() REPRESENTATION_CONTEXT('2D SPACE',''
  ) );
#3831 = ORIENTED_EDGE('',*,*,#3775,.T.);
#3832 = ORIENTED_EDGE('',*,*,#3833,.T.);
#3833 = EDGE_CURVE('',#3751,#3834,#3836,.T.);
#3834 = VERTEX_POINT('',#3835);
#3835 = CARTESIAN_POINT('',(-4.392638132226,-8.248257709318,5.));
#3836 = SURFACE_CURVE('',#3837,(#3842,#3849),.PCURVE_S1.);
#3837 = B_SPLINE_CURVE_WITH_KNOTS('',3,(#3838,#3839,#3840,#3841),
  .UNSPECIFIED.,.F.,.F.,(4,4),(0.,1.),.PIECEWISE_BEZIER_KNOTS.);
#3838 = CARTESIAN_POINT('',(-4.091052748042,-8.401923137755,5.));
#3839 = CARTESIAN_POINT('',(-4.19249792074,-8.352527648366,5.));
#3840 = CARTESIAN_POINT('',(-4.293048365437,-8.301294637834,5.));
#3841 = CARTESIAN_POINT('',(-4.392638132226,-8.248257709318,5.));
#3842 = PCURVE('',#3788,#3843);
#3843 = DEFINITIONAL_REPRESENTATION('',(#3844),#3848);
#3844 = LINE('',#3845,#3846);
#3845 = CARTESIAN_POINT('',(1.,0.));
#3846 = VECTOR('',#3847,1.);
#3847 = DIRECTION('',(0.,1.));
#3848 = ( GEOMETRIC_REPRESENTATION_CONTEXT(2) 
PARAMETRIC_REPRESENTATION_CONTEXT() REPRESENTATION_CONTEXT('2D SPACE',''
  ) );
#3849 = PCURVE('',#110,#3850);
#3850 = DEFINITIONAL_REPRESENTATION('',(#3851),#3856);
#3851 = B_SPLINE_CURVE_WITH_KNOTS('',3,(#3852,#3853,#3854,#3855),
  .UNSPECIFIED.,.F.,.F.,(4,4),(0.,1.),.PIECEWISE_BEZIER_KNOTS.);
#3852 = CARTESIAN_POINT('',(4.091052748042,-8.401923137755));
#3853 = CARTESIAN_POINT('',(4.19249792074,-8.352527648366));
#3854 = CARTESIAN_POINT('',(4.293048365437,-8.301294637834));
#3855 = CARTESIAN_POINT('',(4.392638132226,-8.248257709318));
#3856 = ( GEOMETRIC_REPRESENTATION_CONTEXT(2) 
PARAMETRIC_REPRESENTATION_CONTEXT() REPRESENTATION_CONTEXT('2D SPACE',''
  ) );
#3857 = ORIENTED_EDGE('',*,*,#3858,.F.);
#3858 = EDGE_CURVE('',#3808,#3834,#3859,.T.);
#3859 = SURFACE_CURVE('',#3860,(#3863,#3870),.PCURVE_S1.);
#3860 = B_SPLINE_CURVE_WITH_KNOTS('',1,(#3861,#3862),.UNSPECIFIED.,.F.,
  .F.,(2,2),(0.,1.),.PIECEWISE_BEZIER_KNOTS.);
#3861 = CARTESIAN_POINT('',(-4.392638132226,-8.248257709318,0.));
#3862 = CARTESIAN_POINT('',(-4.392638132226,-8.248257709318,5.));
#3863 = PCURVE('',#3788,#3864);
#3864 = DEFINITIONAL_REPRESENTATION('',(#3865),#3869);
#3865 = LINE('',#3866,#3867);
#3866 = CARTESIAN_POINT('',(0.,1.));
#3867 = VECTOR('',#3868,1.);
#3868 = DIRECTION('',(1.,0.));
#3869 = ( GEOMETRIC_REPRESENTATION_CONTEXT(2) 
PARAMETRIC_REPRESENTATION_CONTEXT() REPRESENTATION_CONTEXT('2D SPACE',''
  ) );
#3870 = PCURVE('',#3871,#3880);
#3871 = B_SPLINE_SURFACE_WITH_KNOTS('',1,3,(
    (#3872,#3873,#3874,#3875)
    ,(#3876,#3877,#3878,#3879
    )),.UNSPECIFIED.,.F.,.F.,.F.,(2,2),(4,4),(0.,1.),(0.,1.),
  .PIECEWISE_BEZIER_KNOTS.);
#3872 = CARTESIAN_POINT('',(-4.392638132226,-8.248257709318,0.));
#3873 = CARTESIAN_POINT('',(-4.379058243429,-7.904714858943,0.));
#3874 = CARTESIAN_POINT('',(-4.341777676793,-7.550139088691,0.));
#3875 = CARTESIAN_POINT('',(-4.194766712136,-7.235200232231,0.));
#3876 = CARTESIAN_POINT('',(-4.392638132226,-8.248257709318,5.));
#3877 = CARTESIAN_POINT('',(-4.379058243429,-7.904714858943,5.));
#3878 = CARTESIAN_POINT('',(-4.341777676793,-7.550139088691,5.));
#3879 = CARTESIAN_POINT('',(-4.194766712136,-7.235200232231,5.));
#3880 = DEFINITIONAL_REPRESENTATION('',(#3881),#3885);
#3881 = LINE('',#3882,#3883);
#3882 = CARTESIAN_POINT('',(0.,0.));
#3883 = VECTOR('',#3884,1.);
#3884 = DIRECTION('',(1.,0.));
#3885 = ( GEOMETRIC_REPRESENTATION_CONTEXT(2) 
PARAMETRIC_REPRESENTATION_CONTEXT() REPRESENTATION_CONTEXT('2D SPACE',''
  ) );
#3886 = ADVANCED_FACE('',(#3887),#3871,.T.);
#3887 = FACE_BOUND('',#3888,.T.);
#3888 = EDGE_LOOP('',(#3889,#3914,#3915,#3940));
#3889 = ORIENTED_EDGE('',*,*,#3890,.F.);
#3890 = EDGE_CURVE('',#3808,#3891,#3893,.T.);
#3891 = VERTEX_POINT('',#3892);
#3892 = CARTESIAN_POINT('',(-4.194766712136,-7.235200232231,0.));
#3893 = SURFACE_CURVE('',#3894,(#3899,#3906),.PCURVE_S1.);
#3894 = B_SPLINE_CURVE_WITH_KNOTS('',3,(#3895,#3896,#3897,#3898),
  .UNSPECIFIED.,.F.,.F.,(4,4),(0.,1.),.PIECEWISE_BEZIER_KNOTS.);
#3895 = CARTESIAN_POINT('',(-4.392638132226,-8.248257709318,0.));
#3896 = CARTESIAN_POINT('',(-4.379058243429,-7.904714858943,0.));
#3897 = CARTESIAN_POINT('',(-4.341777676793,-7.550139088691,0.));
#3898 = CARTESIAN_POINT('',(-4.194766712136,-7.235200232231,0.));
#3899 = PCURVE('',#3871,#3900);
#3900 = DEFINITIONAL_REPRESENTATION('',(#3901),#3905);
#3901 = LINE('',#3902,#3903);
#3902 = CARTESIAN_POINT('',(0.,0.));
#3903 = VECTOR('',#3904,1.);
#3904 = DIRECTION('',(0.,1.));
#3905 = ( GEOMETRIC_REPRESENTATION_CONTEXT(2) 
PARAMETRIC_REPRESENTATION_CONTEXT() REPRESENTATION_CONTEXT('2D SPACE',''
  ) );
#3906 = PCURVE('',#49,#3907);
#3907 = DEFINITIONAL_REPRESENTATION('',(#3908),#3913);
#3908 = B_SPLINE_CURVE_WITH_KNOTS('',3,(#3909,#3910,#3911,#3912),
  .UNSPECIFIED.,.F.,.F.,(4,4),(0.,1.),.PIECEWISE_BEZIER_KNOTS.);
#3909 = CARTESIAN_POINT('',(-4.392638132226,-8.248257709318));
#3910 = CARTESIAN_POINT('',(-4.379058243429,-7.904714858943));
#3911 = CARTESIAN_POINT('',(-4.341777676793,-7.550139088691));
#3912 = CARTESIAN_POINT('',(-4.194766712136,-7.235200232231));
#3913 = ( GEOMETRIC_REPRESENTATION_CONTEXT(2) 
PARAMETRIC_REPRESENTATION_CONTEXT() REPRESENTATION_CONTEXT('2D SPACE',''
  ) );
#3914 = ORIENTED_EDGE('',*,*,#3858,.T.);
#3915 = ORIENTED_EDGE('',*,*,#3916,.T.);
#3916 = EDGE_CURVE('',#3834,#3917,#3919,.T.);
#3917 = VERTEX_POINT('',#3918);
#3918 = CARTESIAN_POINT('',(-4.194766712136,-7.235200232231,5.));
#3919 = SURFACE_CURVE('',#3920,(#3925,#3932),.PCURVE_S1.);
#3920 = B_SPLINE_CURVE_WITH_KNOTS('',3,(#3921,#3922,#3923,#3924),
  .UNSPECIFIED.,.F.,.F.,(4,4),(0.,1.),.PIECEWISE_BEZIER_KNOTS.);
#3921 = CARTESIAN_POINT('',(-4.392638132226,-8.248257709318,5.));
#3922 = CARTESIAN_POINT('',(-4.379058243429,-7.904714858943,5.));
#3923 = CARTESIAN_POINT('',(-4.341777676793,-7.550139088691,5.));
#3924 = CARTESIAN_POINT('',(-4.194766712136,-7.235200232231,5.));
#3925 = PCURVE('',#3871,#3926);
#3926 = DEFINITIONAL_REPRESENTATION('',(#3927),#3931);
#3927 = LINE('',#3928,#3929);
#3928 = CARTESIAN_POINT('',(1.,0.));
#3929 = VECTOR('',#3930,1.);
#3930 = DIRECTION('',(0.,1.));
#3931 = ( GEOMETRIC_REPRESENTATION_CONTEXT(2) 
PARAMETRIC_REPRESENTATION_CONTEXT() REPRESENTATION_CONTEXT('2D SPACE',''
  ) );
#3932 = PCURVE('',#110,#3933);
#3933 = DEFINITIONAL_REPRESENTATION('',(#3934),#3939);
#3934 = B_SPLINE_CURVE_WITH_KNOTS('',3,(#3935,#3936,#3937,#3938),
  .UNSPECIFIED.,.F.,.F.,(4,4),(0.,1.),.PIECEWISE_BEZIER_KNOTS.);
#3935 = CARTESIAN_POINT('',(4.392638132226,-8.248257709318));
#3936 = CARTESIAN_POINT('',(4.379058243429,-7.904714858943));
#3937 = CARTESIAN_POINT('',(4.341777676793,-7.550139088691));
#3938 = CARTESIAN_POINT('',(4.194766712136,-7.235200232231));
#3939 = ( GEOMETRIC_REPRESENTATION_CONTEXT(2) 
PARAMETRIC_REPRESENTATION_CONTEXT() REPRESENTATION_CONTEXT('2D SPACE',''
  ) );
#3940 = ORIENTED_EDGE('',*,*,#3941,.F.);
#3941 = EDGE_CURVE('',#3891,#3917,#3942,.T.);
#3942 = SURFACE_CURVE('',#3943,(#3946,#3953),.PCURVE_S1.);
#3943 = B_SPLINE_CURVE_WITH_KNOTS('',1,(#3944,#3945),.UNSPECIFIED.,.F.,
  .F.,(2,2),(0.,1.),.PIECEWISE_BEZIER_KNOTS.);
#3944 = CARTESIAN_POINT('',(-4.194766712136,-7.235200232231,0.));
#3945 = CARTESIAN_POINT('',(-4.194766712136,-7.235200232231,5.));
#3946 = PCURVE('',#3871,#3947);
#3947 = DEFINITIONAL_REPRESENTATION('',(#3948),#3952);
#3948 = LINE('',#3949,#3950);
#3949 = CARTESIAN_POINT('',(0.,1.));
#3950 = VECTOR('',#3951,1.);
#3951 = DIRECTION('',(1.,0.));
#3952 = ( GEOMETRIC_REPRESENTATION_CONTEXT(2) 
PARAMETRIC_REPRESENTATION_CONTEXT() REPRESENTATION_CONTEXT('2D SPACE',''
  ) );
#3953 = PCURVE('',#3954,#3963);
#3954 = B_SPLINE_SURFACE_WITH_KNOTS('',1,3,(
    (#3955,#3956,#3957,#3958)
    ,(#3959,#3960,#3961,#3962
    )),.UNSPECIFIED.,.F.,.F.,.F.,(2,2),(4,4),(0.,1.),(0.,1.),
  .PIECEWISE_BEZIER_KNOTS.);
#3955 = CARTESIAN_POINT('',(-4.194766712136,-7.235200232231,0.));
#3956 = CARTESIAN_POINT('',(-4.297649379241,-7.14552845406,0.));
#3957 = CARTESIAN_POINT('',(-4.415620481954,-7.07323566934,0.));
#3958 = CARTESIAN_POINT('',(-4.542226374794,-7.022276677108,0.));
#3959 = CARTESIAN_POINT('',(-4.194766712136,-7.235200232231,5.));
#3960 = CARTESIAN_POINT('',(-4.297649379241,-7.14552845406,5.));
#3961 = CARTESIAN_POINT('',(-4.415620481954,-7.07323566934,5.));
#3962 = CARTESIAN_POINT('',(-4.542226374794,-7.022276677108,5.));
#3963 = DEFINITIONAL_REPRESENTATION('',(#3964),#3968);
#3964 = LINE('',#3965,#3966);
#3965 = CARTESIAN_POINT('',(0.,0.));
#3966 = VECTOR('',#3967,1.);
#3967 = DIRECTION('',(1.,0.));
#3968 = ( GEOMETRIC_REPRESENTATION_CONTEXT(2) 
PARAMETRIC_REPRESENTATION_CONTEXT() REPRESENTATION_CONTEXT('2D SPACE',''
  ) );
#3969 = ADVANCED_FACE('',(#3970),#3954,.T.);
#3970 = FACE_BOUND('',#3971,.T.);
#3971 = EDGE_LOOP('',(#3972,#3997,#3998,#4023));
#3972 = ORIENTED_EDGE('',*,*,#3973,.F.);
#3973 = EDGE_CURVE('',#3891,#3974,#3976,.T.);
#3974 = VERTEX_POINT('',#3975);
#3975 = CARTESIAN_POINT('',(-4.542226374794,-7.022276677108,0.));
#3976 = SURFACE_CURVE('',#3977,(#3982,#3989),.PCURVE_S1.);
#3977 = B_SPLINE_CURVE_WITH_KNOTS('',3,(#3978,#3979,#3980,#3981),
  .UNSPECIFIED.,.F.,.F.,(4,4),(0.,1.),.PIECEWISE_BEZIER_KNOTS.);
#3978 = CARTESIAN_POINT('',(-4.194766712136,-7.235200232231,0.));
#3979 = CARTESIAN_POINT('',(-4.297649379241,-7.14552845406,0.));
#3980 = CARTESIAN_POINT('',(-4.415620481954,-7.07323566934,0.));
#3981 = CARTESIAN_POINT('',(-4.542226374794,-7.022276677108,0.));
#3982 = PCURVE('',#3954,#3983);
#3983 = DEFINITIONAL_REPRESENTATION('',(#3984),#3988);
#3984 = LINE('',#3985,#3986);
#3985 = CARTESIAN_POINT('',(0.,0.));
#3986 = VECTOR('',#3987,1.);
#3987 = DIRECTION('',(0.,1.));
#3988 = ( GEOMETRIC_REPRESENTATION_CONTEXT(2) 
PARAMETRIC_REPRESENTATION_CONTEXT() REPRESENTATION_CONTEXT('2D SPACE',''
  ) );
#3989 = PCURVE('',#49,#3990);
#3990 = DEFINITIONAL_REPRESENTATION('',(#3991),#3996);
#3991 = B_SPLINE_CURVE_WITH_KNOTS('',3,(#3992,#3993,#3994,#3995),
  .UNSPECIFIED.,.F.,.F.,(4,4),(0.,1.),.PIECEWISE_BEZIER_KNOTS.);
#3992 = CARTESIAN_POINT('',(-4.194766712136,-7.235200232231));
#3993 = CARTESIAN_POINT('',(-4.297649379241,-7.14552845406));
#3994 = CARTESIAN_POINT('',(-4.415620481954,-7.07323566934));
#3995 = CARTESIAN_POINT('',(-4.542226374794,-7.022276677108));
#3996 = ( GEOMETRIC_REPRESENTATION_CONTEXT(2) 
PARAMETRIC_REPRESENTATION_CONTEXT() REPRESENTATION_CONTEXT('2D SPACE',''
  ) );
#3997 = ORIENTED_EDGE('',*,*,#3941,.T.);
#3998 = ORIENTED_EDGE('',*,*,#3999,.T.);
#3999 = EDGE_CURVE('',#3917,#4000,#4002,.T.);
#4000 = VERTEX_POINT('',#4001);
#4001 = CARTESIAN_POINT('',(-4.542226374794,-7.022276677108,5.));
#4002 = SURFACE_CURVE('',#4003,(#4008,#4015),.PCURVE_S1.);
#4003 = B_SPLINE_CURVE_WITH_KNOTS('',3,(#4004,#4005,#4006,#4007),
  .UNSPECIFIED.,.F.,.F.,(4,4),(0.,1.),.PIECEWISE_BEZIER_KNOTS.);
#4004 = CARTESIAN_POINT('',(-4.194766712136,-7.235200232231,5.));
#4005 = CARTESIAN_POINT('',(-4.297649379241,-7.14552845406,5.));
#4006 = CARTESIAN_POINT('',(-4.415620481954,-7.07323566934,5.));
#4007 = CARTESIAN_POINT('',(-4.542226374794,-7.022276677108,5.));
#4008 = PCURVE('',#3954,#4009);
#4009 = DEFINITIONAL_REPRESENTATION('',(#4010),#4014);
#4010 = LINE('',#4011,#4012);
#4011 = CARTESIAN_POINT('',(1.,0.));
#4012 = VECTOR('',#4013,1.);
#4013 = DIRECTION('',(0.,1.));
#4014 = ( GEOMETRIC_REPRESENTATION_CONTEXT(2) 
PARAMETRIC_REPRESENTATION_CONTEXT() REPRESENTATION_CONTEXT('2D SPACE',''
  ) );
#4015 = PCURVE('',#110,#4016);
#4016 = DEFINITIONAL_REPRESENTATION('',(#4017),#4022);
#4017 = B_SPLINE_CURVE_WITH_KNOTS('',3,(#4018,#4019,#4020,#4021),
  .UNSPECIFIED.,.F.,.F.,(4,4),(0.,1.),.PIECEWISE_BEZIER_KNOTS.);
#4018 = CARTESIAN_POINT('',(4.194766712136,-7.235200232231));
#4019 = CARTESIAN_POINT('',(4.297649379241,-7.14552845406));
#4020 = CARTESIAN_POINT('',(4.415620481954,-7.07323566934));
#4021 = CARTESIAN_POINT('',(4.542226374794,-7.022276677108));
#4022 = ( GEOMETRIC_REPRESENTATION_CONTEXT(2) 
PARAMETRIC_REPRESENTATION_CONTEXT() REPRESENTATION_CONTEXT('2D SPACE',''
  ) );
#4023 = ORIENTED_EDGE('',*,*,#4024,.F.);
#4024 = EDGE_CURVE('',#3974,#4000,#4025,.T.);
#4025 = SURFACE_CURVE('',#4026,(#4029,#4036),.PCURVE_S1.);
#4026 = B_SPLINE_CURVE_WITH_KNOTS('',1,(#4027,#4028),.UNSPECIFIED.,.F.,
  .F.,(2,2),(0.,1.),.PIECEWISE_BEZIER_KNOTS.);
#4027 = CARTESIAN_POINT('',(-4.542226374794,-7.022276677108,0.));
#4028 = CARTESIAN_POINT('',(-4.542226374794,-7.022276677108,5.));
#4029 = PCURVE('',#3954,#4030);
#4030 = DEFINITIONAL_REPRESENTATION('',(#4031),#4035);
#4031 = LINE('',#4032,#4033);
#4032 = CARTESIAN_POINT('',(0.,1.));
#4033 = VECTOR('',#4034,1.);
#4034 = DIRECTION('',(1.,0.));
#4035 = ( GEOMETRIC_REPRESENTATION_CONTEXT(2) 
PARAMETRIC_REPRESENTATION_CONTEXT() REPRESENTATION_CONTEXT('2D SPACE',''
  ) );
#4036 = PCURVE('',#4037,#4046);
#4037 = B_SPLINE_SURFACE_WITH_KNOTS('',1,3,(
    (#4038,#4039,#4040,#4041)
    ,(#4042,#4043,#4044,#4045
    )),.UNSPECIFIED.,.F.,.F.,.F.,(2,2),(4,4),(0.,1.),(0.,1.),
  .PIECEWISE_BEZIER_KNOTS.);
#4038 = CARTESIAN_POINT('',(-4.542226374794,-7.022276677108,0.));
#4039 = CARTESIAN_POINT('',(-4.756097369308,-7.296243654575,0.));
#4040 = CARTESIAN_POINT('',(-5.055101670844,-7.490434913806,0.));
#4041 = CARTESIAN_POINT('',(-5.355035451365,-7.658499873645,0.));
#4042 = CARTESIAN_POINT('',(-4.542226374794,-7.022276677108,5.));
#4043 = CARTESIAN_POINT('',(-4.756097369308,-7.296243654575,5.));
#4044 = CARTESIAN_POINT('',(-5.055101670844,-7.490434913806,5.));
#4045 = CARTESIAN_POINT('',(-5.355035451365,-7.658499873645,5.));
#4046 = DEFINITIONAL_REPRESENTATION('',(#4047),#4051);
#4047 = LINE('',#4048,#4049);
#4048 = CARTESIAN_POINT('',(0.,0.));
#4049 = VECTOR('',#4050,1.);
#4050 = DIRECTION('',(1.,0.));
#4051 = ( GEOMETRIC_REPRESENTATION_CONTEXT(2) 
PARAMETRIC_REPRESENTATION_CONTEXT() REPRESENTATION_CONTEXT('2D SPACE',''
  ) );
#4052 = ADVANCED_FACE('',(#4053),#4037,.T.);
#4053 = FACE_BOUND('',#4054,.T.);
#4054 = EDGE_LOOP('',(#4055,#4080,#4081,#4106));
#4055 = ORIENTED_EDGE('',*,*,#4056,.F.);
#4056 = EDGE_CURVE('',#3974,#4057,#4059,.T.);
#4057 = VERTEX_POINT('',#4058);
#4058 = CARTESIAN_POINT('',(-5.355035451365,-7.658499873645,0.));
#4059 = SURFACE_CURVE('',#4060,(#4065,#4072),.PCURVE_S1.);
#4060 = B_SPLINE_CURVE_WITH_KNOTS('',3,(#4061,#4062,#4063,#4064),
  .UNSPECIFIED.,.F.,.F.,(4,4),(0.,1.),.PIECEWISE_BEZIER_KNOTS.);
#4061 = CARTESIAN_POINT('',(-4.542226374794,-7.022276677108,0.));
#4062 = CARTESIAN_POINT('',(-4.756097369308,-7.296243654575,0.));
#4063 = CARTESIAN_POINT('',(-5.055101670844,-7.490434913806,0.));
#4064 = CARTESIAN_POINT('',(-5.355035451365,-7.658499873645,0.));
#4065 = PCURVE('',#4037,#4066);
#4066 = DEFINITIONAL_REPRESENTATION('',(#4067),#4071);
#4067 = LINE('',#4068,#4069);
#4068 = CARTESIAN_POINT('',(0.,0.));
#4069 = VECTOR('',#4070,1.);
#4070 = DIRECTION('',(0.,1.));
#4071 = ( GEOMETRIC_REPRESENTATION_CONTEXT(2) 
PARAMETRIC_REPRESENTATION_CONTEXT() REPRESENTATION_CONTEXT('2D SPACE',''
  ) );
#4072 = PCURVE('',#49,#4073);
#4073 = DEFINITIONAL_REPRESENTATION('',(#4074),#4079);
#4074 = B_SPLINE_CURVE_WITH_KNOTS('',3,(#4075,#4076,#4077,#4078),
  .UNSPECIFIED.,.F.,.F.,(4,4),(0.,1.),.PIECEWISE_BEZIER_KNOTS.);
#4075 = CARTESIAN_POINT('',(-4.542226374794,-7.022276677108));
#4076 = CARTESIAN_POINT('',(-4.756097369308,-7.296243654575));
#4077 = CARTESIAN_POINT('',(-5.055101670844,-7.490434913806));
#4078 = CARTESIAN_POINT('',(-5.355035451365,-7.658499873645));
#4079 = ( GEOMETRIC_REPRESENTATION_CONTEXT(2) 
PARAMETRIC_REPRESENTATION_CONTEXT() REPRESENTATION_CONTEXT('2D SPACE',''
  ) );
#4080 = ORIENTED_EDGE('',*,*,#4024,.T.);
#4081 = ORIENTED_EDGE('',*,*,#4082,.T.);
#4082 = EDGE_CURVE('',#4000,#4083,#4085,.T.);
#4083 = VERTEX_POINT('',#4084);
#4084 = CARTESIAN_POINT('',(-5.355035451365,-7.658499873645,5.));
#4085 = SURFACE_CURVE('',#4086,(#4091,#4098),.PCURVE_S1.);
#4086 = B_SPLINE_CURVE_WITH_KNOTS('',3,(#4087,#4088,#4089,#4090),
  .UNSPECIFIED.,.F.,.F.,(4,4),(0.,1.),.PIECEWISE_BEZIER_KNOTS.);
#4087 = CARTESIAN_POINT('',(-4.542226374794,-7.022276677108,5.));
#4088 = CARTESIAN_POINT('',(-4.756097369308,-7.296243654575,5.));
#4089 = CARTESIAN_POINT('',(-5.055101670844,-7.490434913806,5.));
#4090 = CARTESIAN_POINT('',(-5.355035451365,-7.658499873645,5.));
#4091 = PCURVE('',#4037,#4092);
#4092 = DEFINITIONAL_REPRESENTATION('',(#4093),#4097);
#4093 = LINE('',#4094,#4095);
#4094 = CARTESIAN_POINT('',(1.,0.));
#4095 = VECTOR('',#4096,1.);
#4096 = DIRECTION('',(0.,1.));
#4097 = ( GEOMETRIC_REPRESENTATION_CONTEXT(2) 
PARAMETRIC_REPRESENTATION_CONTEXT() REPRESENTATION_CONTEXT('2D SPACE',''
  ) );
#4098 = PCURVE('',#110,#4099);
#4099 = DEFINITIONAL_REPRESENTATION('',(#4100),#4105);
#4100 = B_SPLINE_CURVE_WITH_KNOTS('',3,(#4101,#4102,#4103,#4104),
  .UNSPECIFIED.,.F.,.F.,(4,4),(0.,1.),.PIECEWISE_BEZIER_KNOTS.);
#4101 = CARTESIAN_POINT('',(4.542226374794,-7.022276677108));
#4102 = CARTESIAN_POINT('',(4.756097369308,-7.296243654575));
#4103 = CARTESIAN_POINT('',(5.055101670844,-7.490434913806));
#4104 = CARTESIAN_POINT('',(5.355035451365,-7.658499873645));
#4105 = ( GEOMETRIC_REPRESENTATION_CONTEXT(2) 
PARAMETRIC_REPRESENTATION_CONTEXT() REPRESENTATION_CONTEXT('2D SPACE',''
  ) );
#4106 = ORIENTED_EDGE('',*,*,#4107,.F.);
#4107 = EDGE_CURVE('',#4057,#4083,#4108,.T.);
#4108 = SURFACE_CURVE('',#4109,(#4112,#4119),.PCURVE_S1.);
#4109 = B_SPLINE_CURVE_WITH_KNOTS('',1,(#4110,#4111),.UNSPECIFIED.,.F.,
  .F.,(2,2),(0.,1.),.PIECEWISE_BEZIER_KNOTS.);
#4110 = CARTESIAN_POINT('',(-5.355035451365,-7.658499873645,0.));
#4111 = CARTESIAN_POINT('',(-5.355035451365,-7.658499873645,5.));
#4112 = PCURVE('',#4037,#4113);
#4113 = DEFINITIONAL_REPRESENTATION('',(#4114),#4118);
#4114 = LINE('',#4115,#4116);
#4115 = CARTESIAN_POINT('',(0.,1.));
#4116 = VECTOR('',#4117,1.);
#4117 = DIRECTION('',(1.,0.));
#4118 = ( GEOMETRIC_REPRESENTATION_CONTEXT(2) 
PARAMETRIC_REPRESENTATION_CONTEXT() REPRESENTATION_CONTEXT('2D SPACE',''
  ) );
#4119 = PCURVE('',#4120,#4129);
#4120 = B_SPLINE_SURFACE_WITH_KNOTS('',1,3,(
    (#4121,#4122,#4123,#4124)
    ,(#4125,#4126,#4127,#4128
    )),.UNSPECIFIED.,.F.,.F.,.F.,(2,2),(4,4),(0.,1.),(0.,1.),
  .PIECEWISE_BEZIER_KNOTS.);
#4121 = CARTESIAN_POINT('',(-5.355035451365,-7.658499873645,0.));
#4122 = CARTESIAN_POINT('',(-5.44750450869,-7.593843003376,0.));
#4123 = CARTESIAN_POINT('',(-5.538802401964,-7.527511201195,0.));
#4124 = CARTESIAN_POINT('',(-5.628869249924,-7.459547973387,0.));
#4125 = CARTESIAN_POINT('',(-5.355035451365,-7.658499873645,5.));
#4126 = CARTESIAN_POINT('',(-5.44750450869,-7.593843003376,5.));
#4127 = CARTESIAN_POINT('',(-5.538802401964,-7.527511201195,5.));
#4128 = CARTESIAN_POINT('',(-5.628869249924,-7.459547973387,5.));
#4129 = DEFINITIONAL_REPRESENTATION('',(#4130),#4134);
#4130 = LINE('',#4131,#4132);
#4131 = CARTESIAN_POINT('',(0.,0.));
#4132 = VECTOR('',#4133,1.);
#4133 = DIRECTION('',(1.,0.));
#4134 = ( GEOMETRIC_REPRESENTATION_CONTEXT(2) 
PARAMETRIC_REPRESENTATION_CONTEXT() REPRESENTATION_CONTEXT('2D SPACE',''
  ) );
#4135 = ADVANCED_FACE('',(#4136),#4120,.T.);
#4136 = FACE_BOUND('',#4137,.T.);
#4137 = EDGE_LOOP('',(#4138,#4163,#4164,#4189));
#4138 = ORIENTED_EDGE('',*,*,#4139,.F.);
#4139 = EDGE_CURVE('',#4057,#4140,#4142,.T.);
#4140 = VERTEX_POINT('',#4141);
#4141 = CARTESIAN_POINT('',(-5.628869249924,-7.459547973387,0.));
#4142 = SURFACE_CURVE('',#4143,(#4148,#4155),.PCURVE_S1.);
#4143 = B_SPLINE_CURVE_WITH_KNOTS('',3,(#4144,#4145,#4146,#4147),
  .UNSPECIFIED.,.F.,.F.,(4,4),(0.,1.),.PIECEWISE_BEZIER_KNOTS.);
#4144 = CARTESIAN_POINT('',(-5.355035451365,-7.658499873645,0.));
#4145 = CARTESIAN_POINT('',(-5.44750450869,-7.593843003376,0.));
#4146 = CARTESIAN_POINT('',(-5.538802401964,-7.527511201195,0.));
#4147 = CARTESIAN_POINT('',(-5.628869249924,-7.459547973387,0.));
#4148 = PCURVE('',#4120,#4149);
#4149 = DEFINITIONAL_REPRESENTATION('',(#4150),#4154);
#4150 = LINE('',#4151,#4152);
#4151 = CARTESIAN_POINT('',(0.,0.));
#4152 = VECTOR('',#4153,1.);
#4153 = DIRECTION('',(0.,1.));
#4154 = ( GEOMETRIC_REPRESENTATION_CONTEXT(2) 
PARAMETRIC_REPRESENTATION_CONTEXT() REPRESENTATION_CONTEXT('2D SPACE',''
  ) );
#4155 = PCURVE('',#49,#4156);
#4156 = DEFINITIONAL_REPRESENTATION('',(#4157),#4162);
#4157 = B_SPLINE_CURVE_WITH_KNOTS('',3,(#4158,#4159,#4160,#4161),
  .UNSPECIFIED.,.F.,.F.,(4,4),(0.,1.),.PIECEWISE_BEZIER_KNOTS.);
#4158 = CARTESIAN_POINT('',(-5.355035451365,-7.658499873645));
#4159 = CARTESIAN_POINT('',(-5.44750450869,-7.593843003376));
#4160 = CARTESIAN_POINT('',(-5.538802401964,-7.527511201195));
#4161 = CARTESIAN_POINT('',(-5.628869249924,-7.459547973387));
#4162 = ( GEOMETRIC_REPRESENTATION_CONTEXT(2) 
PARAMETRIC_REPRESENTATION_CONTEXT() REPRESENTATION_CONTEXT('2D SPACE',''
  ) );
#4163 = ORIENTED_EDGE('',*,*,#4107,.T.);
#4164 = ORIENTED_EDGE('',*,*,#4165,.T.);
#4165 = EDGE_CURVE('',#4083,#4166,#4168,.T.);
#4166 = VERTEX_POINT('',#4167);
#4167 = CARTESIAN_POINT('',(-5.628869249924,-7.459547973387,5.));
#4168 = SURFACE_CURVE('',#4169,(#4174,#4181),.PCURVE_S1.);
#4169 = B_SPLINE_CURVE_WITH_KNOTS('',3,(#4170,#4171,#4172,#4173),
  .UNSPECIFIED.,.F.,.F.,(4,4),(0.,1.),.PIECEWISE_BEZIER_KNOTS.);
#4170 = CARTESIAN_POINT('',(-5.355035451365,-7.658499873645,5.));
#4171 = CARTESIAN_POINT('',(-5.44750450869,-7.593843003376,5.));
#4172 = CARTESIAN_POINT('',(-5.538802401964,-7.527511201195,5.));
#4173 = CARTESIAN_POINT('',(-5.628869249924,-7.459547973387,5.));
#4174 = PCURVE('',#4120,#4175);
#4175 = DEFINITIONAL_REPRESENTATION('',(#4176),#4180);
#4176 = LINE('',#4177,#4178);
#4177 = CARTESIAN_POINT('',(1.,0.));
#4178 = VECTOR('',#4179,1.);
#4179 = DIRECTION('',(0.,1.));
#4180 = ( GEOMETRIC_REPRESENTATION_CONTEXT(2) 
PARAMETRIC_REPRESENTATION_CONTEXT() REPRESENTATION_CONTEXT('2D SPACE',''
  ) );
#4181 = PCURVE('',#110,#4182);
#4182 = DEFINITIONAL_REPRESENTATION('',(#4183),#4188);
#4183 = B_SPLINE_CURVE_WITH_KNOTS('',3,(#4184,#4185,#4186,#4187),
  .UNSPECIFIED.,.F.,.F.,(4,4),(0.,1.),.PIECEWISE_BEZIER_KNOTS.);
#4184 = CARTESIAN_POINT('',(5.355035451365,-7.658499873645));
#4185 = CARTESIAN_POINT('',(5.44750450869,-7.593843003376));
#4186 = CARTESIAN_POINT('',(5.538802401964,-7.527511201195));
#4187 = CARTESIAN_POINT('',(5.628869249924,-7.459547973387));
#4188 = ( GEOMETRIC_REPRESENTATION_CONTEXT(2) 
PARAMETRIC_REPRESENTATION_CONTEXT() REPRESENTATION_CONTEXT('2D SPACE',''
  ) );
#4189 = ORIENTED_EDGE('',*,*,#4190,.F.);
#4190 = EDGE_CURVE('',#4140,#4166,#4191,.T.);
#4191 = SURFACE_CURVE('',#4192,(#4195,#4202),.PCURVE_S1.);
#4192 = B_SPLINE_CURVE_WITH_KNOTS('',1,(#4193,#4194),.UNSPECIFIED.,.F.,
  .F.,(2,2),(0.,1.),.PIECEWISE_BEZIER_KNOTS.);
#4193 = CARTESIAN_POINT('',(-5.628869249924,-7.459547973387,0.));
#4194 = CARTESIAN_POINT('',(-5.628869249924,-7.459547973387,5.));
#4195 = PCURVE('',#4120,#4196);
#4196 = DEFINITIONAL_REPRESENTATION('',(#4197),#4201);
#4197 = LINE('',#4198,#4199);
#4198 = CARTESIAN_POINT('',(0.,1.));
#4199 = VECTOR('',#4200,1.);
#4200 = DIRECTION('',(1.,0.));
#4201 = ( GEOMETRIC_REPRESENTATION_CONTEXT(2) 
PARAMETRIC_REPRESENTATION_CONTEXT() REPRESENTATION_CONTEXT('2D SPACE',''
  ) );
#4202 = PCURVE('',#4203,#4212);
#4203 = B_SPLINE_SURFACE_WITH_KNOTS('',1,3,(
    (#4204,#4205,#4206,#4207)
    ,(#4208,#4209,#4210,#4211
    )),.UNSPECIFIED.,.F.,.F.,.F.,(2,2),(4,4),(0.,1.),(0.,1.),
  .PIECEWISE_BEZIER_KNOTS.);
#4204 = CARTESIAN_POINT('',(-5.628869249924,-7.459547973387,0.));
#4205 = CARTESIAN_POINT('',(-5.561714610076,-7.122359068216,0.));
#4206 = CARTESIAN_POINT('',(-5.469425158143,-6.777980679579,0.));
#4207 = CARTESIAN_POINT('',(-5.274956850882,-6.489916824665,0.));
#4208 = CARTESIAN_POINT('',(-5.628869249924,-7.459547973387,5.));
#4209 = CARTESIAN_POINT('',(-5.561714610076,-7.122359068216,5.));
#4210 = CARTESIAN_POINT('',(-5.469425158143,-6.777980679579,5.));
#4211 = CARTESIAN_POINT('',(-5.274956850882,-6.489916824665,5.));
#4212 = DEFINITIONAL_REPRESENTATION('',(#4213),#4217);
#4213 = LINE('',#4214,#4215);
#4214 = CARTESIAN_POINT('',(0.,0.));
#4215 = VECTOR('',#4216,1.);
#4216 = DIRECTION('',(1.,0.));
#4217 = ( GEOMETRIC_REPRESENTATION_CONTEXT(2) 
PARAMETRIC_REPRESENTATION_CONTEXT() REPRESENTATION_CONTEXT('2D SPACE',''
  ) );
#4218 = ADVANCED_FACE('',(#4219),#4203,.T.);
#4219 = FACE_BOUND('',#4220,.T.);
#4220 = EDGE_LOOP('',(#4221,#4246,#4247,#4272));
#4221 = ORIENTED_EDGE('',*,*,#4222,.F.);
#4222 = EDGE_CURVE('',#4140,#4223,#4225,.T.);
#4223 = VERTEX_POINT('',#4224);
#4224 = CARTESIAN_POINT('',(-5.274956850882,-6.489916824665,0.));
#4225 = SURFACE_CURVE('',#4226,(#4231,#4238),.PCURVE_S1.);
#4226 = B_SPLINE_CURVE_WITH_KNOTS('',3,(#4227,#4228,#4229,#4230),
  .UNSPECIFIED.,.F.,.F.,(4,4),(0.,1.),.PIECEWISE_BEZIER_KNOTS.);
#4227 = CARTESIAN_POINT('',(-5.628869249924,-7.459547973387,0.));
#4228 = CARTESIAN_POINT('',(-5.561714610076,-7.122359068216,0.));
#4229 = CARTESIAN_POINT('',(-5.469425158143,-6.777980679579,0.));
#4230 = CARTESIAN_POINT('',(-5.274956850882,-6.489916824665,0.));
#4231 = PCURVE('',#4203,#4232);
#4232 = DEFINITIONAL_REPRESENTATION('',(#4233),#4237);
#4233 = LINE('',#4234,#4235);
#4234 = CARTESIAN_POINT('',(0.,0.));
#4235 = VECTOR('',#4236,1.);
#4236 = DIRECTION('',(0.,1.));
#4237 = ( GEOMETRIC_REPRESENTATION_CONTEXT(2) 
PARAMETRIC_REPRESENTATION_CONTEXT() REPRESENTATION_CONTEXT('2D SPACE',''
  ) );
#4238 = PCURVE('',#49,#4239);
#4239 = DEFINITIONAL_REPRESENTATION('',(#4240),#4245);
#4240 = B_SPLINE_CURVE_WITH_KNOTS('',3,(#4241,#4242,#4243,#4244),
  .UNSPECIFIED.,.F.,.F.,(4,4),(0.,1.),.PIECEWISE_BEZIER_KNOTS.);
#4241 = CARTESIAN_POINT('',(-5.628869249924,-7.459547973387));
#4242 = CARTESIAN_POINT('',(-5.561714610076,-7.122359068216));
#4243 = CARTESIAN_POINT('',(-5.469425158143,-6.777980679579));
#4244 = CARTESIAN_POINT('',(-5.274956850882,-6.489916824665));
#4245 = ( GEOMETRIC_REPRESENTATION_CONTEXT(2) 
PARAMETRIC_REPRESENTATION_CONTEXT() REPRESENTATION_CONTEXT('2D SPACE',''
  ) );
#4246 = ORIENTED_EDGE('',*,*,#4190,.T.);
#4247 = ORIENTED_EDGE('',*,*,#4248,.T.);
#4248 = EDGE_CURVE('',#4166,#4249,#4251,.T.);
#4249 = VERTEX_POINT('',#4250);
#4250 = CARTESIAN_POINT('',(-5.274956850882,-6.489916824665,5.));
#4251 = SURFACE_CURVE('',#4252,(#4257,#4264),.PCURVE_S1.);
#4252 = B_SPLINE_CURVE_WITH_KNOTS('',3,(#4253,#4254,#4255,#4256),
  .UNSPECIFIED.,.F.,.F.,(4,4),(0.,1.),.PIECEWISE_BEZIER_KNOTS.);
#4253 = CARTESIAN_POINT('',(-5.628869249924,-7.459547973387,5.));
#4254 = CARTESIAN_POINT('',(-5.561714610076,-7.122359068216,5.));
#4255 = CARTESIAN_POINT('',(-5.469425158143,-6.777980679579,5.));
#4256 = CARTESIAN_POINT('',(-5.274956850882,-6.489916824665,5.));
#4257 = PCURVE('',#4203,#4258);
#4258 = DEFINITIONAL_REPRESENTATION('',(#4259),#4263);
#4259 = LINE('',#4260,#4261);
#4260 = CARTESIAN_POINT('',(1.,0.));
#4261 = VECTOR('',#4262,1.);
#4262 = DIRECTION('',(0.,1.));
#4263 = ( GEOMETRIC_REPRESENTATION_CONTEXT(2) 
PARAMETRIC_REPRESENTATION_CONTEXT() REPRESENTATION_CONTEXT('2D SPACE',''
  ) );
#4264 = PCURVE('',#110,#4265);
#4265 = DEFINITIONAL_REPRESENTATION('',(#4266),#4271);
#4266 = B_SPLINE_CURVE_WITH_KNOTS('',3,(#4267,#4268,#4269,#4270),
  .UNSPECIFIED.,.F.,.F.,(4,4),(0.,1.),.PIECEWISE_BEZIER_KNOTS.);
#4267 = CARTESIAN_POINT('',(5.628869249924,-7.459547973387));
#4268 = CARTESIAN_POINT('',(5.561714610076,-7.122359068216));
#4269 = CARTESIAN_POINT('',(5.469425158143,-6.777980679579));
#4270 = CARTESIAN_POINT('',(5.274956850882,-6.489916824665));
#4271 = ( GEOMETRIC_REPRESENTATION_CONTEXT(2) 
PARAMETRIC_REPRESENTATION_CONTEXT() REPRESENTATION_CONTEXT('2D SPACE',''
  ) );
#4272 = ORIENTED_EDGE('',*,*,#4273,.F.);
#4273 = EDGE_CURVE('',#4223,#4249,#4274,.T.);
#4274 = SURFACE_CURVE('',#4275,(#4278,#4285),.PCURVE_S1.);
#4275 = B_SPLINE_CURVE_WITH_KNOTS('',1,(#4276,#4277),.UNSPECIFIED.,.F.,
  .F.,(2,2),(0.,1.),.PIECEWISE_BEZIER_KNOTS.);
#4276 = CARTESIAN_POINT('',(-5.274956850882,-6.489916824665,0.));
#4277 = CARTESIAN_POINT('',(-5.274956850882,-6.489916824665,5.));
#4278 = PCURVE('',#4203,#4279);
#4279 = DEFINITIONAL_REPRESENTATION('',(#4280),#4284);
#4280 = LINE('',#4281,#4282);
#4281 = CARTESIAN_POINT('',(0.,1.));
#4282 = VECTOR('',#4283,1.);
#4283 = DIRECTION('',(1.,0.));
#4284 = ( GEOMETRIC_REPRESENTATION_CONTEXT(2) 
PARAMETRIC_REPRESENTATION_CONTEXT() REPRESENTATION_CONTEXT('2D SPACE',''
  ) );
#4285 = PCURVE('',#4286,#4295);
#4286 = B_SPLINE_SURFACE_WITH_KNOTS('',1,3,(
    (#4287,#4288,#4289,#4290)
    ,(#4291,#4292,#4293,#4294
    )),.UNSPECIFIED.,.F.,.F.,.F.,(2,2),(4,4),(0.,1.),(0.,1.),
  .PIECEWISE_BEZIER_KNOTS.);
#4287 = CARTESIAN_POINT('',(-5.274956850882,-6.489916824665,0.));
#4288 = CARTESIAN_POINT('',(-5.362545104983,-6.385254659893,0.));
#4289 = CARTESIAN_POINT('',(-5.467754704555,-6.295397172973,0.));
#4290 = CARTESIAN_POINT('',(-5.584830126076,-6.22526004538,0.));
#4291 = CARTESIAN_POINT('',(-5.274956850882,-6.489916824665,5.));
#4292 = CARTESIAN_POINT('',(-5.362545104983,-6.385254659893,5.));
#4293 = CARTESIAN_POINT('',(-5.467754704555,-6.295397172973,5.));
#4294 = CARTESIAN_POINT('',(-5.584830126076,-6.22526004538,5.));
#4295 = DEFINITIONAL_REPRESENTATION('',(#4296),#4300);
#4296 = LINE('',#4297,#4298);
#4297 = CARTESIAN_POINT('',(0.,0.));
#4298 = VECTOR('',#4299,1.);
#4299 = DIRECTION('',(1.,0.));
#4300 = ( GEOMETRIC_REPRESENTATION_CONTEXT(2) 
PARAMETRIC_REPRESENTATION_CONTEXT() REPRESENTATION_CONTEXT('2D SPACE',''
  ) );
#4301 = ADVANCED_FACE('',(#4302),#4286,.T.);
#4302 = FACE_BOUND('',#4303,.T.);
#4303 = EDGE_LOOP('',(#4304,#4329,#4330,#4355));
#4304 = ORIENTED_EDGE('',*,*,#4305,.F.);
#4305 = EDGE_CURVE('',#4223,#4306,#4308,.T.);
#4306 = VERTEX_POINT('',#4307);
#4307 = CARTESIAN_POINT('',(-5.584830126076,-6.22526004538,0.));
#4308 = SURFACE_CURVE('',#4309,(#4314,#4321),.PCURVE_S1.);
#4309 = B_SPLINE_CURVE_WITH_KNOTS('',3,(#4310,#4311,#4312,#4313),
  .UNSPECIFIED.,.F.,.F.,(4,4),(0.,1.),.PIECEWISE_BEZIER_KNOTS.);
#4310 = CARTESIAN_POINT('',(-5.274956850882,-6.489916824665,0.));
#4311 = CARTESIAN_POINT('',(-5.362545104983,-6.385254659893,0.));
#4312 = CARTESIAN_POINT('',(-5.467754704555,-6.295397172973,0.));
#4313 = CARTESIAN_POINT('',(-5.584830126076,-6.22526004538,0.));
#4314 = PCURVE('',#4286,#4315);
#4315 = DEFINITIONAL_REPRESENTATION('',(#4316),#4320);
#4316 = LINE('',#4317,#4318);
#4317 = CARTESIAN_POINT('',(0.,0.));
#4318 = VECTOR('',#4319,1.);
#4319 = DIRECTION('',(0.,1.));
#4320 = ( GEOMETRIC_REPRESENTATION_CONTEXT(2) 
PARAMETRIC_REPRESENTATION_CONTEXT() REPRESENTATION_CONTEXT('2D SPACE',''
  ) );
#4321 = PCURVE('',#49,#4322);
#4322 = DEFINITIONAL_REPRESENTATION('',(#4323),#4328);
#4323 = B_SPLINE_CURVE_WITH_KNOTS('',3,(#4324,#4325,#4326,#4327),
  .UNSPECIFIED.,.F.,.F.,(4,4),(0.,1.),.PIECEWISE_BEZIER_KNOTS.);
#4324 = CARTESIAN_POINT('',(-5.274956850882,-6.489916824665));
#4325 = CARTESIAN_POINT('',(-5.362545104983,-6.385254659893));
#4326 = CARTESIAN_POINT('',(-5.467754704555,-6.295397172973));
#4327 = CARTESIAN_POINT('',(-5.584830126076,-6.22526004538));
#4328 = ( GEOMETRIC_REPRESENTATION_CONTEXT(2) 
PARAMETRIC_REPRESENTATION_CONTEXT() REPRESENTATION_CONTEXT('2D SPACE',''
  ) );
#4329 = ORIENTED_EDGE('',*,*,#4273,.T.);
#4330 = ORIENTED_EDGE('',*,*,#4331,.T.);
#4331 = EDGE_CURVE('',#4249,#4332,#4334,.T.);
#4332 = VERTEX_POINT('',#4333);
#4333 = CARTESIAN_POINT('',(-5.584830126076,-6.22526004538,5.));
#4334 = SURFACE_CURVE('',#4335,(#4340,#4347),.PCURVE_S1.);
#4335 = B_SPLINE_CURVE_WITH_KNOTS('',3,(#4336,#4337,#4338,#4339),
  .UNSPECIFIED.,.F.,.F.,(4,4),(0.,1.),.PIECEWISE_BEZIER_KNOTS.);
#4336 = CARTESIAN_POINT('',(-5.274956850882,-6.489916824665,5.));
#4337 = CARTESIAN_POINT('',(-5.362545104983,-6.385254659893,5.));
#4338 = CARTESIAN_POINT('',(-5.467754704555,-6.295397172973,5.));
#4339 = CARTESIAN_POINT('',(-5.584830126076,-6.22526004538,5.));
#4340 = PCURVE('',#4286,#4341);
#4341 = DEFINITIONAL_REPRESENTATION('',(#4342),#4346);
#4342 = LINE('',#4343,#4344);
#4343 = CARTESIAN_POINT('',(1.,0.));
#4344 = VECTOR('',#4345,1.);
#4345 = DIRECTION('',(0.,1.));
#4346 = ( GEOMETRIC_REPRESENTATION_CONTEXT(2) 
PARAMETRIC_REPRESENTATION_CONTEXT() REPRESENTATION_CONTEXT('2D SPACE',''
  ) );
#4347 = PCURVE('',#110,#4348);
#4348 = DEFINITIONAL_REPRESENTATION('',(#4349),#4354);
#4349 = B_SPLINE_CURVE_WITH_KNOTS('',3,(#4350,#4351,#4352,#4353),
  .UNSPECIFIED.,.F.,.F.,(4,4),(0.,1.),.PIECEWISE_BEZIER_KNOTS.);
#4350 = CARTESIAN_POINT('',(5.274956850882,-6.489916824665));
#4351 = CARTESIAN_POINT('',(5.362545104983,-6.385254659893));
#4352 = CARTESIAN_POINT('',(5.467754704555,-6.295397172973));
#4353 = CARTESIAN_POINT('',(5.584830126076,-6.22526004538));
#4354 = ( GEOMETRIC_REPRESENTATION_CONTEXT(2) 
PARAMETRIC_REPRESENTATION_CONTEXT() REPRESENTATION_CONTEXT('2D SPACE',''
  ) );
#4355 = ORIENTED_EDGE('',*,*,#4356,.F.);
#4356 = EDGE_CURVE('',#4306,#4332,#4357,.T.);
#4357 = SURFACE_CURVE('',#4358,(#4361,#4368),.PCURVE_S1.);
#4358 = B_SPLINE_CURVE_WITH_KNOTS('',1,(#4359,#4360),.UNSPECIFIED.,.F.,
  .F.,(2,2),(0.,1.),.PIECEWISE_BEZIER_KNOTS.);
#4359 = CARTESIAN_POINT('',(-5.584830126076,-6.22526004538,0.));
#4360 = CARTESIAN_POINT('',(-5.584830126076,-6.22526004538,5.));
#4361 = PCURVE('',#4286,#4362);
#4362 = DEFINITIONAL_REPRESENTATION('',(#4363),#4367);
#4363 = LINE('',#4364,#4365);
#4364 = CARTESIAN_POINT('',(0.,1.));
#4365 = VECTOR('',#4366,1.);
#4366 = DIRECTION('',(1.,0.));
#4367 = ( GEOMETRIC_REPRESENTATION_CONTEXT(2) 
PARAMETRIC_REPRESENTATION_CONTEXT() REPRESENTATION_CONTEXT('2D SPACE',''
  ) );
#4368 = PCURVE('',#4369,#4378);
#4369 = B_SPLINE_SURFACE_WITH_KNOTS('',1,3,(
    (#4370,#4371,#4372,#4373)
    ,(#4374,#4375,#4376,#4377
    )),.UNSPECIFIED.,.F.,.F.,.F.,(2,2),(4,4),(0.,1.),(0.,1.),
  .PIECEWISE_BEZIER_KNOTS.);
#4370 = CARTESIAN_POINT('',(-5.584830126076,-6.22526004538,0.));
#4371 = CARTESIAN_POINT('',(-5.838925891307,-6.462397240118,0.));
#4372 = CARTESIAN_POINT('',(-6.164627159475,-6.60742310475,0.));
#4373 = CARTESIAN_POINT('',(-6.487159409531,-6.726498925543,0.));
#4374 = CARTESIAN_POINT('',(-5.584830126076,-6.22526004538,5.));
#4375 = CARTESIAN_POINT('',(-5.838925891307,-6.462397240118,5.));
#4376 = CARTESIAN_POINT('',(-6.164627159475,-6.60742310475,5.));
#4377 = CARTESIAN_POINT('',(-6.487159409531,-6.726498925543,5.));
#4378 = DEFINITIONAL_REPRESENTATION('',(#4379),#4383);
#4379 = LINE('',#4380,#4381);
#4380 = CARTESIAN_POINT('',(0.,0.));
#4381 = VECTOR('',#4382,1.);
#4382 = DIRECTION('',(1.,0.));
#4383 = ( GEOMETRIC_REPRESENTATION_CONTEXT(2) 
PARAMETRIC_REPRESENTATION_CONTEXT() REPRESENTATION_CONTEXT('2D SPACE',''
  ) );
#4384 = ADVANCED_FACE('',(#4385),#4369,.T.);
#4385 = FACE_BOUND('',#4386,.T.);
#4386 = EDGE_LOOP('',(#4387,#4412,#4413,#4438));
#4387 = ORIENTED_EDGE('',*,*,#4388,.F.);
#4388 = EDGE_CURVE('',#4306,#4389,#4391,.T.);
#4389 = VERTEX_POINT('',#4390);
#4390 = CARTESIAN_POINT('',(-6.487159409531,-6.726498925543,0.));
#4391 = SURFACE_CURVE('',#4392,(#4397,#4404),.PCURVE_S1.);
#4392 = B_SPLINE_CURVE_WITH_KNOTS('',3,(#4393,#4394,#4395,#4396),
  .UNSPECIFIED.,.F.,.F.,(4,4),(0.,1.),.PIECEWISE_BEZIER_KNOTS.);
#4393 = CARTESIAN_POINT('',(-5.584830126076,-6.22526004538,0.));
#4394 = CARTESIAN_POINT('',(-5.838925891307,-6.462397240118,0.));
#4395 = CARTESIAN_POINT('',(-6.164627159475,-6.60742310475,0.));
#4396 = CARTESIAN_POINT('',(-6.487159409531,-6.726498925543,0.));
#4397 = PCURVE('',#4369,#4398);
#4398 = DEFINITIONAL_REPRESENTATION('',(#4399),#4403);
#4399 = LINE('',#4400,#4401);
#4400 = CARTESIAN_POINT('',(0.,0.));
#4401 = VECTOR('',#4402,1.);
#4402 = DIRECTION('',(0.,1.));
#4403 = ( GEOMETRIC_REPRESENTATION_CONTEXT(2) 
PARAMETRIC_REPRESENTATION_CONTEXT() REPRESENTATION_CONTEXT('2D SPACE',''
  ) );
#4404 = PCURVE('',#49,#4405);
#4405 = DEFINITIONAL_REPRESENTATION('',(#4406),#4411);
#4406 = B_SPLINE_CURVE_WITH_KNOTS('',3,(#4407,#4408,#4409,#4410),
  .UNSPECIFIED.,.F.,.F.,(4,4),(0.,1.),.PIECEWISE_BEZIER_KNOTS.);
#4407 = CARTESIAN_POINT('',(-5.584830126076,-6.22526004538));
#4408 = CARTESIAN_POINT('',(-5.838925891307,-6.462397240118));
#4409 = CARTESIAN_POINT('',(-6.164627159475,-6.60742310475));
#4410 = CARTESIAN_POINT('',(-6.487159409531,-6.726498925543));
#4411 = ( GEOMETRIC_REPRESENTATION_CONTEXT(2) 
PARAMETRIC_REPRESENTATION_CONTEXT() REPRESENTATION_CONTEXT('2D SPACE',''
  ) );
#4412 = ORIENTED_EDGE('',*,*,#4356,.T.);
#4413 = ORIENTED_EDGE('',*,*,#4414,.T.);
#4414 = EDGE_CURVE('',#4332,#4415,#4417,.T.);
#4415 = VERTEX_POINT('',#4416);
#4416 = CARTESIAN_POINT('',(-6.487159409531,-6.726498925543,5.));
#4417 = SURFACE_CURVE('',#4418,(#4423,#4430),.PCURVE_S1.);
#4418 = B_SPLINE_CURVE_WITH_KNOTS('',3,(#4419,#4420,#4421,#4422),
  .UNSPECIFIED.,.F.,.F.,(4,4),(0.,1.),.PIECEWISE_BEZIER_KNOTS.);
#4419 = CARTESIAN_POINT('',(-5.584830126076,-6.22526004538,5.));
#4420 = CARTESIAN_POINT('',(-5.838925891307,-6.462397240118,5.));
#4421 = CARTESIAN_POINT('',(-6.164627159475,-6.60742310475,5.));
#4422 = CARTESIAN_POINT('',(-6.487159409531,-6.726498925543,5.));
#4423 = PCURVE('',#4369,#4424);
#4424 = DEFINITIONAL_REPRESENTATION('',(#4425),#4429);
#4425 = LINE('',#4426,#4427);
#4426 = CARTESIAN_POINT('',(1.,0.));
#4427 = VECTOR('',#4428,1.);
#4428 = DIRECTION('',(0.,1.));
#4429 = ( GEOMETRIC_REPRESENTATION_CONTEXT(2) 
PARAMETRIC_REPRESENTATION_CONTEXT() REPRESENTATION_CONTEXT('2D SPACE',''
  ) );
#4430 = PCURVE('',#110,#4431);
#4431 = DEFINITIONAL_REPRESENTATION('',(#4432),#4437);
#4432 = B_SPLINE_CURVE_WITH_KNOTS('',3,(#4433,#4434,#4435,#4436),
  .UNSPECIFIED.,.F.,.F.,(4,4),(0.,1.),.PIECEWISE_BEZIER_KNOTS.);
#4433 = CARTESIAN_POINT('',(5.584830126076,-6.22526004538));
#4434 = CARTESIAN_POINT('',(5.838925891307,-6.462397240118));
#4435 = CARTESIAN_POINT('',(6.164627159475,-6.60742310475));
#4436 = CARTESIAN_POINT('',(6.487159409531,-6.726498925543));
#4437 = ( GEOMETRIC_REPRESENTATION_CONTEXT(2) 
PARAMETRIC_REPRESENTATION_CONTEXT() REPRESENTATION_CONTEXT('2D SPACE',''
  ) );
#4438 = ORIENTED_EDGE('',*,*,#4439,.F.);
#4439 = EDGE_CURVE('',#4389,#4415,#4440,.T.);
#4440 = SURFACE_CURVE('',#4441,(#4444,#4451),.PCURVE_S1.);
#4441 = B_SPLINE_CURVE_WITH_KNOTS('',1,(#4442,#4443),.UNSPECIFIED.,.F.,
  .F.,(2,2),(0.,1.),.PIECEWISE_BEZIER_KNOTS.);
#4442 = CARTESIAN_POINT('',(-6.487159409531,-6.726498925543,0.));
#4443 = CARTESIAN_POINT('',(-6.487159409531,-6.726498925543,5.));
#4444 = PCURVE('',#4369,#4445);
#4445 = DEFINITIONAL_REPRESENTATION('',(#4446),#4450);
#4446 = LINE('',#4447,#4448);
#4447 = CARTESIAN_POINT('',(0.,1.));
#4448 = VECTOR('',#4449,1.);
#4449 = DIRECTION('',(1.,0.));
#4450 = ( GEOMETRIC_REPRESENTATION_CONTEXT(2) 
PARAMETRIC_REPRESENTATION_CONTEXT() REPRESENTATION_CONTEXT('2D SPACE',''
  ) );
#4451 = PCURVE('',#4452,#4461);
#4452 = B_SPLINE_SURFACE_WITH_KNOTS('',1,3,(
    (#4453,#4454,#4455,#4456)
    ,(#4457,#4458,#4459,#4460
    )),.UNSPECIFIED.,.F.,.F.,.F.,(2,2),(4,4),(0.,1.),(0.,1.),
  .PIECEWISE_BEZIER_KNOTS.);
#4453 = CARTESIAN_POINT('',(-6.487159409531,-6.726498925543,0.));
#4454 = CARTESIAN_POINT('',(-6.568375456405,-6.648172741123,0.));
#4455 = CARTESIAN_POINT('',(-6.648172741123,-6.568375456405,0.));
#4456 = CARTESIAN_POINT('',(-6.726498925543,-6.487159409531,0.));
#4457 = CARTESIAN_POINT('',(-6.487159409531,-6.726498925543,5.));
#4458 = CARTESIAN_POINT('',(-6.568375456405,-6.648172741123,5.));
#4459 = CARTESIAN_POINT('',(-6.648172741123,-6.568375456405,5.));
#4460 = CARTESIAN_POINT('',(-6.726498925543,-6.487159409531,5.));
#4461 = DEFINITIONAL_REPRESENTATION('',(#4462),#4466);
#4462 = LINE('',#4463,#4464);
#4463 = CARTESIAN_POINT('',(0.,0.));
#4464 = VECTOR('',#4465,1.);
#4465 = DIRECTION('',(1.,0.));
#4466 = ( GEOMETRIC_REPRESENTATION_CONTEXT(2) 
PARAMETRIC_REPRESENTATION_CONTEXT() REPRESENTATION_CONTEXT('2D SPACE',''
  ) );
#4467 = ADVANCED_FACE('',(#4468),#4452,.T.);
#4468 = FACE_BOUND('',#4469,.T.);
#4469 = EDGE_LOOP('',(#4470,#4495,#4496,#4521));
#4470 = ORIENTED_EDGE('',*,*,#4471,.F.);
#4471 = EDGE_CURVE('',#4389,#4472,#4474,.T.);
#4472 = VERTEX_POINT('',#4473);
#4473 = CARTESIAN_POINT('',(-6.726498925543,-6.487159409531,0.));
#4474 = SURFACE_CURVE('',#4475,(#4480,#4487),.PCURVE_S1.);
#4475 = B_SPLINE_CURVE_WITH_KNOTS('',3,(#4476,#4477,#4478,#4479),
  .UNSPECIFIED.,.F.,.F.,(4,4),(0.,1.),.PIECEWISE_BEZIER_KNOTS.);
#4476 = CARTESIAN_POINT('',(-6.487159409531,-6.726498925543,0.));
#4477 = CARTESIAN_POINT('',(-6.568375456405,-6.648172741123,0.));
#4478 = CARTESIAN_POINT('',(-6.648172741123,-6.568375456405,0.));
#4479 = CARTESIAN_POINT('',(-6.726498925543,-6.487159409531,0.));
#4480 = PCURVE('',#4452,#4481);
#4481 = DEFINITIONAL_REPRESENTATION('',(#4482),#4486);
#4482 = LINE('',#4483,#4484);
#4483 = CARTESIAN_POINT('',(0.,0.));
#4484 = VECTOR('',#4485,1.);
#4485 = DIRECTION('',(0.,1.));
#4486 = ( GEOMETRIC_REPRESENTATION_CONTEXT(2) 
PARAMETRIC_REPRESENTATION_CONTEXT() REPRESENTATION_CONTEXT('2D SPACE',''
  ) );
#4487 = PCURVE('',#49,#4488);
#4488 = DEFINITIONAL_REPRESENTATION('',(#4489),#4494);
#4489 = B_SPLINE_CURVE_WITH_KNOTS('',3,(#4490,#4491,#4492,#4493),
  .UNSPECIFIED.,.F.,.F.,(4,4),(0.,1.),.PIECEWISE_BEZIER_KNOTS.);
#4490 = CARTESIAN_POINT('',(-6.487159409531,-6.726498925543));
#4491 = CARTESIAN_POINT('',(-6.568375456405,-6.648172741123));
#4492 = CARTESIAN_POINT('',(-6.648172741123,-6.568375456405));
#4493 = CARTESIAN_POINT('',(-6.726498925543,-6.487159409531));
#4494 = ( GEOMETRIC_REPRESENTATION_CONTEXT(2) 
PARAMETRIC_REPRESENTATION_CONTEXT() REPRESENTATION_CONTEXT('2D SPACE',''
  ) );
#4495 = ORIENTED_EDGE('',*,*,#4439,.T.);
#4496 = ORIENTED_EDGE('',*,*,#4497,.T.);
#4497 = EDGE_CURVE('',#4415,#4498,#4500,.T.);
#4498 = VERTEX_POINT('',#4499);
#4499 = CARTESIAN_POINT('',(-6.726498925543,-6.487159409531,5.));
#4500 = SURFACE_CURVE('',#4501,(#4506,#4513),.PCURVE_S1.);
#4501 = B_SPLINE_CURVE_WITH_KNOTS('',3,(#4502,#4503,#4504,#4505),
  .UNSPECIFIED.,.F.,.F.,(4,4),(0.,1.),.PIECEWISE_BEZIER_KNOTS.);
#4502 = CARTESIAN_POINT('',(-6.487159409531,-6.726498925543,5.));
#4503 = CARTESIAN_POINT('',(-6.568375456405,-6.648172741123,5.));
#4504 = CARTESIAN_POINT('',(-6.648172741123,-6.568375456405,5.));
#4505 = CARTESIAN_POINT('',(-6.726498925543,-6.487159409531,5.));
#4506 = PCURVE('',#4452,#4507);
#4507 = DEFINITIONAL_REPRESENTATION('',(#4508),#4512);
#4508 = LINE('',#4509,#4510);
#4509 = CARTESIAN_POINT('',(1.,0.));
#4510 = VECTOR('',#4511,1.);
#4511 = DIRECTION('',(0.,1.));
#4512 = ( GEOMETRIC_REPRESENTATION_CONTEXT(2) 
PARAMETRIC_REPRESENTATION_CONTEXT() REPRESENTATION_CONTEXT('2D SPACE',''
  ) );
#4513 = PCURVE('',#110,#4514);
#4514 = DEFINITIONAL_REPRESENTATION('',(#4515),#4520);
#4515 = B_SPLINE_CURVE_WITH_KNOTS('',3,(#4516,#4517,#4518,#4519),
  .UNSPECIFIED.,.F.,.F.,(4,4),(0.,1.),.PIECEWISE_BEZIER_KNOTS.);
#4516 = CARTESIAN_POINT('',(6.487159409531,-6.726498925543));
#4517 = CARTESIAN_POINT('',(6.568375456405,-6.648172741123));
#4518 = CARTESIAN_POINT('',(6.648172741123,-6.568375456405));
#4519 = CARTESIAN_POINT('',(6.726498925543,-6.487159409531));
#4520 = ( GEOMETRIC_REPRESENTATION_CONTEXT(2) 
PARAMETRIC_REPRESENTATION_CONTEXT() REPRESENTATION_CONTEXT('2D SPACE',''
  ) );
#4521 = ORIENTED_EDGE('',*,*,#4522,.F.);
#4522 = EDGE_CURVE('',#4472,#4498,#4523,.T.);
#4523 = SURFACE_CURVE('',#4524,(#4527,#4534),.PCURVE_S1.);
#4524 = B_SPLINE_CURVE_WITH_KNOTS('',1,(#4525,#4526),.UNSPECIFIED.,.F.,
  .F.,(2,2),(0.,1.),.PIECEWISE_BEZIER_KNOTS.);
#4525 = CARTESIAN_POINT('',(-6.726498925543,-6.487159409531,0.));
#4526 = CARTESIAN_POINT('',(-6.726498925543,-6.487159409531,5.));
#4527 = PCURVE('',#4452,#4528);
#4528 = DEFINITIONAL_REPRESENTATION('',(#4529),#4533);
#4529 = LINE('',#4530,#4531);
#4530 = CARTESIAN_POINT('',(0.,1.));
#4531 = VECTOR('',#4532,1.);
#4532 = DIRECTION('',(1.,0.));
#4533 = ( GEOMETRIC_REPRESENTATION_CONTEXT(2) 
PARAMETRIC_REPRESENTATION_CONTEXT() REPRESENTATION_CONTEXT('2D SPACE',''
  ) );
#4534 = PCURVE('',#4535,#4544);
#4535 = B_SPLINE_SURFACE_WITH_KNOTS('',1,3,(
    (#4536,#4537,#4538,#4539)
    ,(#4540,#4541,#4542,#4543
    )),.UNSPECIFIED.,.F.,.F.,.F.,(2,2),(4,4),(0.,1.),(0.,1.),
  .PIECEWISE_BEZIER_KNOTS.);
#4536 = CARTESIAN_POINT('',(-6.726498925543,-6.487159409531,0.));
#4537 = CARTESIAN_POINT('',(-6.607423104751,-6.164627159475,0.));
#4538 = CARTESIAN_POINT('',(-6.462397240118,-5.838925891307,0.));
#4539 = CARTESIAN_POINT('',(-6.22526004538,-5.584830126076,0.));
#4540 = CARTESIAN_POINT('',(-6.726498925543,-6.487159409531,5.));
#4541 = CARTESIAN_POINT('',(-6.607423104751,-6.164627159475,5.));
#4542 = CARTESIAN_POINT('',(-6.462397240118,-5.838925891307,5.));
#4543 = CARTESIAN_POINT('',(-6.22526004538,-5.584830126076,5.));
#4544 = DEFINITIONAL_REPRESENTATION('',(#4545),#4549);
#4545 = LINE('',#4546,#4547);
#4546 = CARTESIAN_POINT('',(0.,0.));
#4547 = VECTOR('',#4548,1.);
#4548 = DIRECTION('',(1.,0.));
#4549 = ( GEOMETRIC_REPRESENTATION_CONTEXT(2) 
PARAMETRIC_REPRESENTATION_CONTEXT() REPRESENTATION_CONTEXT('2D SPACE',''
  ) );
#4550 = ADVANCED_FACE('',(#4551),#4535,.T.);
#4551 = FACE_BOUND('',#4552,.T.);
#4552 = EDGE_LOOP('',(#4553,#4578,#4579,#4604));
#4553 = ORIENTED_EDGE('',*,*,#4554,.F.);
#4554 = EDGE_CURVE('',#4472,#4555,#4557,.T.);
#4555 = VERTEX_POINT('',#4556);
#4556 = CARTESIAN_POINT('',(-6.22526004538,-5.584830126076,0.));
#4557 = SURFACE_CURVE('',#4558,(#4563,#4570),.PCURVE_S1.);
#4558 = B_SPLINE_CURVE_WITH_KNOTS('',3,(#4559,#4560,#4561,#4562),
  .UNSPECIFIED.,.F.,.F.,(4,4),(0.,1.),.PIECEWISE_BEZIER_KNOTS.);
#4559 = CARTESIAN_POINT('',(-6.726498925543,-6.487159409531,0.));
#4560 = CARTESIAN_POINT('',(-6.607423104751,-6.164627159475,0.));
#4561 = CARTESIAN_POINT('',(-6.462397240118,-5.838925891307,0.));
#4562 = CARTESIAN_POINT('',(-6.22526004538,-5.584830126076,0.));
#4563 = PCURVE('',#4535,#4564);
#4564 = DEFINITIONAL_REPRESENTATION('',(#4565),#4569);
#4565 = LINE('',#4566,#4567);
#4566 = CARTESIAN_POINT('',(0.,0.));
#4567 = VECTOR('',#4568,1.);
#4568 = DIRECTION('',(0.,1.));
#4569 = ( GEOMETRIC_REPRESENTATION_CONTEXT(2) 
PARAMETRIC_REPRESENTATION_CONTEXT() REPRESENTATION_CONTEXT('2D SPACE',''
  ) );
#4570 = PCURVE('',#49,#4571);
#4571 = DEFINITIONAL_REPRESENTATION('',(#4572),#4577);
#4572 = B_SPLINE_CURVE_WITH_KNOTS('',3,(#4573,#4574,#4575,#4576),
  .UNSPECIFIED.,.F.,.F.,(4,4),(0.,1.),.PIECEWISE_BEZIER_KNOTS.);
#4573 = CARTESIAN_POINT('',(-6.726498925543,-6.487159409531));
#4574 = CARTESIAN_POINT('',(-6.607423104751,-6.164627159475));
#4575 = CARTESIAN_POINT('',(-6.462397240118,-5.838925891307));
#4576 = CARTESIAN_POINT('',(-6.22526004538,-5.584830126076));
#4577 = ( GEOMETRIC_REPRESENTATION_CONTEXT(2) 
PARAMETRIC_REPRESENTATION_CONTEXT() REPRESENTATION_CONTEXT('2D SPACE',''
  ) );
#4578 = ORIENTED_EDGE('',*,*,#4522,.T.);
#4579 = ORIENTED_EDGE('',*,*,#4580,.T.);
#4580 = EDGE_CURVE('',#4498,#4581,#4583,.T.);
#4581 = VERTEX_POINT('',#4582);
#4582 = CARTESIAN_POINT('',(-6.22526004538,-5.584830126076,5.));
#4583 = SURFACE_CURVE('',#4584,(#4589,#4596),.PCURVE_S1.);
#4584 = B_SPLINE_CURVE_WITH_KNOTS('',3,(#4585,#4586,#4587,#4588),
  .UNSPECIFIED.,.F.,.F.,(4,4),(0.,1.),.PIECEWISE_BEZIER_KNOTS.);
#4585 = CARTESIAN_POINT('',(-6.726498925543,-6.487159409531,5.));
#4586 = CARTESIAN_POINT('',(-6.607423104751,-6.164627159475,5.));
#4587 = CARTESIAN_POINT('',(-6.462397240118,-5.838925891307,5.));
#4588 = CARTESIAN_POINT('',(-6.22526004538,-5.584830126076,5.));
#4589 = PCURVE('',#4535,#4590);
#4590 = DEFINITIONAL_REPRESENTATION('',(#4591),#4595);
#4591 = LINE('',#4592,#4593);
#4592 = CARTESIAN_POINT('',(1.,0.));
#4593 = VECTOR('',#4594,1.);
#4594 = DIRECTION('',(0.,1.));
#4595 = ( GEOMETRIC_REPRESENTATION_CONTEXT(2) 
PARAMETRIC_REPRESENTATION_CONTEXT() REPRESENTATION_CONTEXT('2D SPACE',''
  ) );
#4596 = PCURVE('',#110,#4597);
#4597 = DEFINITIONAL_REPRESENTATION('',(#4598),#4603);
#4598 = B_SPLINE_CURVE_WITH_KNOTS('',3,(#4599,#4600,#4601,#4602),
  .UNSPECIFIED.,.F.,.F.,(4,4),(0.,1.),.PIECEWISE_BEZIER_KNOTS.);
#4599 = CARTESIAN_POINT('',(6.726498925543,-6.487159409531));
#4600 = CARTESIAN_POINT('',(6.607423104751,-6.164627159475));
#4601 = CARTESIAN_POINT('',(6.462397240118,-5.838925891307));
#4602 = CARTESIAN_POINT('',(6.22526004538,-5.584830126076));
#4603 = ( GEOMETRIC_REPRESENTATION_CONTEXT(2) 
PARAMETRIC_REPRESENTATION_CONTEXT() REPRESENTATION_CONTEXT('2D SPACE',''
  ) );
#4604 = ORIENTED_EDGE('',*,*,#4605,.F.);
#4605 = EDGE_CURVE('',#4555,#4581,#4606,.T.);
#4606 = SURFACE_CURVE('',#4607,(#4610,#4617),.PCURVE_S1.);
#4607 = B_SPLINE_CURVE_WITH_KNOTS('',1,(#4608,#4609),.UNSPECIFIED.,.F.,
  .F.,(2,2),(0.,1.),.PIECEWISE_BEZIER_KNOTS.);
#4608 = CARTESIAN_POINT('',(-6.22526004538,-5.584830126076,0.));
#4609 = CARTESIAN_POINT('',(-6.22526004538,-5.584830126076,5.));
#4610 = PCURVE('',#4535,#4611);
#4611 = DEFINITIONAL_REPRESENTATION('',(#4612),#4616);
#4612 = LINE('',#4613,#4614);
#4613 = CARTESIAN_POINT('',(0.,1.));
#4614 = VECTOR('',#4615,1.);
#4615 = DIRECTION('',(1.,0.));
#4616 = ( GEOMETRIC_REPRESENTATION_CONTEXT(2) 
PARAMETRIC_REPRESENTATION_CONTEXT() REPRESENTATION_CONTEXT('2D SPACE',''
  ) );
#4617 = PCURVE('',#4618,#4627);
#4618 = B_SPLINE_SURFACE_WITH_KNOTS('',1,3,(
    (#4619,#4620,#4621,#4622)
    ,(#4623,#4624,#4625,#4626
    )),.UNSPECIFIED.,.F.,.F.,.F.,(2,2),(4,4),(0.,1.),(0.,1.),
  .PIECEWISE_BEZIER_KNOTS.);
#4619 = CARTESIAN_POINT('',(-6.22526004538,-5.584830126076,0.));
#4620 = CARTESIAN_POINT('',(-6.295397172973,-5.467754704555,0.));
#4621 = CARTESIAN_POINT('',(-6.385254659893,-5.362545104983,0.));
#4622 = CARTESIAN_POINT('',(-6.489916824665,-5.274956850882,0.));
#4623 = CARTESIAN_POINT('',(-6.22526004538,-5.584830126076,5.));
#4624 = CARTESIAN_POINT('',(-6.295397172973,-5.467754704555,5.));
#4625 = CARTESIAN_POINT('',(-6.385254659893,-5.362545104983,5.));
#4626 = CARTESIAN_POINT('',(-6.489916824665,-5.274956850882,5.));
#4627 = DEFINITIONAL_REPRESENTATION('',(#4628),#4632);
#4628 = LINE('',#4629,#4630);
#4629 = CARTESIAN_POINT('',(0.,0.));
#4630 = VECTOR('',#4631,1.);
#4631 = DIRECTION('',(1.,0.));
#4632 = ( GEOMETRIC_REPRESENTATION_CONTEXT(2) 
PARAMETRIC_REPRESENTATION_CONTEXT() REPRESENTATION_CONTEXT('2D SPACE',''
  ) );
#4633 = ADVANCED_FACE('',(#4634),#4618,.T.);
#4634 = FACE_BOUND('',#4635,.T.);
#4635 = EDGE_LOOP('',(#4636,#4661,#4662,#4687));
#4636 = ORIENTED_EDGE('',*,*,#4637,.F.);
#4637 = EDGE_CURVE('',#4555,#4638,#4640,.T.);
#4638 = VERTEX_POINT('',#4639);
#4639 = CARTESIAN_POINT('',(-6.489916824665,-5.274956850882,0.));
#4640 = SURFACE_CURVE('',#4641,(#4646,#4653),.PCURVE_S1.);
#4641 = B_SPLINE_CURVE_WITH_KNOTS('',3,(#4642,#4643,#4644,#4645),
  .UNSPECIFIED.,.F.,.F.,(4,4),(0.,1.),.PIECEWISE_BEZIER_KNOTS.);
#4642 = CARTESIAN_POINT('',(-6.22526004538,-5.584830126076,0.));
#4643 = CARTESIAN_POINT('',(-6.295397172973,-5.467754704555,0.));
#4644 = CARTESIAN_POINT('',(-6.385254659893,-5.362545104983,0.));
#4645 = CARTESIAN_POINT('',(-6.489916824665,-5.274956850882,0.));
#4646 = PCURVE('',#4618,#4647);
#4647 = DEFINITIONAL_REPRESENTATION('',(#4648),#4652);
#4648 = LINE('',#4649,#4650);
#4649 = CARTESIAN_POINT('',(0.,0.));
#4650 = VECTOR('',#4651,1.);
#4651 = DIRECTION('',(0.,1.));
#4652 = ( GEOMETRIC_REPRESENTATION_CONTEXT(2) 
PARAMETRIC_REPRESENTATION_CONTEXT() REPRESENTATION_CONTEXT('2D SPACE',''
  ) );
#4653 = PCURVE('',#49,#4654);
#4654 = DEFINITIONAL_REPRESENTATION('',(#4655),#4660);
#4655 = B_SPLINE_CURVE_WITH_KNOTS('',3,(#4656,#4657,#4658,#4659),
  .UNSPECIFIED.,.F.,.F.,(4,4),(0.,1.),.PIECEWISE_BEZIER_KNOTS.);
#4656 = CARTESIAN_POINT('',(-6.22526004538,-5.584830126076));
#4657 = CARTESIAN_POINT('',(-6.295397172973,-5.467754704555));
#4658 = CARTESIAN_POINT('',(-6.385254659893,-5.362545104983));
#4659 = CARTESIAN_POINT('',(-6.489916824665,-5.274956850882));
#4660 = ( GEOMETRIC_REPRESENTATION_CONTEXT(2) 
PARAMETRIC_REPRESENTATION_CONTEXT() REPRESENTATION_CONTEXT('2D SPACE',''
  ) );
#4661 = ORIENTED_EDGE('',*,*,#4605,.T.);
#4662 = ORIENTED_EDGE('',*,*,#4663,.T.);
#4663 = EDGE_CURVE('',#4581,#4664,#4666,.T.);
#4664 = VERTEX_POINT('',#4665);
#4665 = CARTESIAN_POINT('',(-6.489916824665,-5.274956850882,5.));
#4666 = SURFACE_CURVE('',#4667,(#4672,#4679),.PCURVE_S1.);
#4667 = B_SPLINE_CURVE_WITH_KNOTS('',3,(#4668,#4669,#4670,#4671),
  .UNSPECIFIED.,.F.,.F.,(4,4),(0.,1.),.PIECEWISE_BEZIER_KNOTS.);
#4668 = CARTESIAN_POINT('',(-6.22526004538,-5.584830126076,5.));
#4669 = CARTESIAN_POINT('',(-6.295397172973,-5.467754704555,5.));
#4670 = CARTESIAN_POINT('',(-6.385254659893,-5.362545104983,5.));
#4671 = CARTESIAN_POINT('',(-6.489916824665,-5.274956850882,5.));
#4672 = PCURVE('',#4618,#4673);
#4673 = DEFINITIONAL_REPRESENTATION('',(#4674),#4678);
#4674 = LINE('',#4675,#4676);
#4675 = CARTESIAN_POINT('',(1.,0.));
#4676 = VECTOR('',#4677,1.);
#4677 = DIRECTION('',(0.,1.));
#4678 = ( GEOMETRIC_REPRESENTATION_CONTEXT(2) 
PARAMETRIC_REPRESENTATION_CONTEXT() REPRESENTATION_CONTEXT('2D SPACE',''
  ) );
#4679 = PCURVE('',#110,#4680);
#4680 = DEFINITIONAL_REPRESENTATION('',(#4681),#4686);
#4681 = B_SPLINE_CURVE_WITH_KNOTS('',3,(#4682,#4683,#4684,#4685),
  .UNSPECIFIED.,.F.,.F.,(4,4),(0.,1.),.PIECEWISE_BEZIER_KNOTS.);
#4682 = CARTESIAN_POINT('',(6.22526004538,-5.584830126076));
#4683 = CARTESIAN_POINT('',(6.295397172973,-5.467754704555));
#4684 = CARTESIAN_POINT('',(6.385254659893,-5.362545104983));
#4685 = CARTESIAN_POINT('',(6.489916824665,-5.274956850882));
#4686 = ( GEOMETRIC_REPRESENTATION_CONTEXT(2) 
PARAMETRIC_REPRESENTATION_CONTEXT() REPRESENTATION_CONTEXT('2D SPACE',''
  ) );
#4687 = ORIENTED_EDGE('',*,*,#4688,.F.);
#4688 = EDGE_CURVE('',#4638,#4664,#4689,.T.);
#4689 = SURFACE_CURVE('',#4690,(#4693,#4700),.PCURVE_S1.);
#4690 = B_SPLINE_CURVE_WITH_KNOTS('',1,(#4691,#4692),.UNSPECIFIED.,.F.,
  .F.,(2,2),(0.,1.),.PIECEWISE_BEZIER_KNOTS.);
#4691 = CARTESIAN_POINT('',(-6.489916824665,-5.274956850882,0.));
#4692 = CARTESIAN_POINT('',(-6.489916824665,-5.274956850882,5.));
#4693 = PCURVE('',#4618,#4694);
#4694 = DEFINITIONAL_REPRESENTATION('',(#4695),#4699);
#4695 = LINE('',#4696,#4697);
#4696 = CARTESIAN_POINT('',(0.,1.));
#4697 = VECTOR('',#4698,1.);
#4698 = DIRECTION('',(1.,0.));
#4699 = ( GEOMETRIC_REPRESENTATION_CONTEXT(2) 
PARAMETRIC_REPRESENTATION_CONTEXT() REPRESENTATION_CONTEXT('2D SPACE',''
  ) );
#4700 = PCURVE('',#4701,#4710);
#4701 = B_SPLINE_SURFACE_WITH_KNOTS('',1,3,(
    (#4702,#4703,#4704,#4705)
    ,(#4706,#4707,#4708,#4709
    )),.UNSPECIFIED.,.F.,.F.,.F.,(2,2),(4,4),(0.,1.),(0.,1.),
  .PIECEWISE_BEZIER_KNOTS.);
#4702 = CARTESIAN_POINT('',(-6.489916824665,-5.274956850882,0.));
#4703 = CARTESIAN_POINT('',(-6.777980679579,-5.469425158143,0.));
#4704 = CARTESIAN_POINT('',(-7.122359068216,-5.561714610076,0.));
#4705 = CARTESIAN_POINT('',(-7.459547973387,-5.628869249924,0.));
#4706 = CARTESIAN_POINT('',(-6.489916824665,-5.274956850882,5.));
#4707 = CARTESIAN_POINT('',(-6.777980679579,-5.469425158143,5.));
#4708 = CARTESIAN_POINT('',(-7.122359068216,-5.561714610076,5.));
#4709 = CARTESIAN_POINT('',(-7.459547973387,-5.628869249924,5.));
#4710 = DEFINITIONAL_REPRESENTATION('',(#4711),#4715);
#4711 = LINE('',#4712,#4713);
#4712 = CARTESIAN_POINT('',(0.,0.));
#4713 = VECTOR('',#4714,1.);
#4714 = DIRECTION('',(1.,0.));
#4715 = ( GEOMETRIC_REPRESENTATION_CONTEXT(2) 
PARAMETRIC_REPRESENTATION_CONTEXT() REPRESENTATION_CONTEXT('2D SPACE',''
  ) );
#4716 = ADVANCED_FACE('',(#4717),#4701,.T.);
#4717 = FACE_BOUND('',#4718,.T.);
#4718 = EDGE_LOOP('',(#4719,#4744,#4745,#4770));
#4719 = ORIENTED_EDGE('',*,*,#4720,.F.);
#4720 = EDGE_CURVE('',#4638,#4721,#4723,.T.);
#4721 = VERTEX_POINT('',#4722);
#4722 = CARTESIAN_POINT('',(-7.459547973387,-5.628869249924,0.));
#4723 = SURFACE_CURVE('',#4724,(#4729,#4736),.PCURVE_S1.);
#4724 = B_SPLINE_CURVE_WITH_KNOTS('',3,(#4725,#4726,#4727,#4728),
  .UNSPECIFIED.,.F.,.F.,(4,4),(0.,1.),.PIECEWISE_BEZIER_KNOTS.);
#4725 = CARTESIAN_POINT('',(-6.489916824665,-5.274956850882,0.));
#4726 = CARTESIAN_POINT('',(-6.777980679579,-5.469425158143,0.));
#4727 = CARTESIAN_POINT('',(-7.122359068216,-5.561714610076,0.));
#4728 = CARTESIAN_POINT('',(-7.459547973387,-5.628869249924,0.));
#4729 = PCURVE('',#4701,#4730);
#4730 = DEFINITIONAL_REPRESENTATION('',(#4731),#4735);
#4731 = LINE('',#4732,#4733);
#4732 = CARTESIAN_POINT('',(0.,0.));
#4733 = VECTOR('',#4734,1.);
#4734 = DIRECTION('',(0.,1.));
#4735 = ( GEOMETRIC_REPRESENTATION_CONTEXT(2) 
PARAMETRIC_REPRESENTATION_CONTEXT() REPRESENTATION_CONTEXT('2D SPACE',''
  ) );
#4736 = PCURVE('',#49,#4737);
#4737 = DEFINITIONAL_REPRESENTATION('',(#4738),#4743);
#4738 = B_SPLINE_CURVE_WITH_KNOTS('',3,(#4739,#4740,#4741,#4742),
  .UNSPECIFIED.,.F.,.F.,(4,4),(0.,1.),.PIECEWISE_BEZIER_KNOTS.);
#4739 = CARTESIAN_POINT('',(-6.489916824665,-5.274956850882));
#4740 = CARTESIAN_POINT('',(-6.777980679579,-5.469425158143));
#4741 = CARTESIAN_POINT('',(-7.122359068216,-5.561714610076));
#4742 = CARTESIAN_POINT('',(-7.459547973387,-5.628869249924));
#4743 = ( GEOMETRIC_REPRESENTATION_CONTEXT(2) 
PARAMETRIC_REPRESENTATION_CONTEXT() REPRESENTATION_CONTEXT('2D SPACE',''
  ) );
#4744 = ORIENTED_EDGE('',*,*,#4688,.T.);
#4745 = ORIENTED_EDGE('',*,*,#4746,.T.);
#4746 = EDGE_CURVE('',#4664,#4747,#4749,.T.);
#4747 = VERTEX_POINT('',#4748);
#4748 = CARTESIAN_POINT('',(-7.459547973387,-5.628869249924,5.));
#4749 = SURFACE_CURVE('',#4750,(#4755,#4762),.PCURVE_S1.);
#4750 = B_SPLINE_CURVE_WITH_KNOTS('',3,(#4751,#4752,#4753,#4754),
  .UNSPECIFIED.,.F.,.F.,(4,4),(0.,1.),.PIECEWISE_BEZIER_KNOTS.);
#4751 = CARTESIAN_POINT('',(-6.489916824665,-5.274956850882,5.));
#4752 = CARTESIAN_POINT('',(-6.777980679579,-5.469425158143,5.));
#4753 = CARTESIAN_POINT('',(-7.122359068216,-5.561714610076,5.));
#4754 = CARTESIAN_POINT('',(-7.459547973387,-5.628869249924,5.));
#4755 = PCURVE('',#4701,#4756);
#4756 = DEFINITIONAL_REPRESENTATION('',(#4757),#4761);
#4757 = LINE('',#4758,#4759);
#4758 = CARTESIAN_POINT('',(1.,0.));
#4759 = VECTOR('',#4760,1.);
#4760 = DIRECTION('',(0.,1.));
#4761 = ( GEOMETRIC_REPRESENTATION_CONTEXT(2) 
PARAMETRIC_REPRESENTATION_CONTEXT() REPRESENTATION_CONTEXT('2D SPACE',''
  ) );
#4762 = PCURVE('',#110,#4763);
#4763 = DEFINITIONAL_REPRESENTATION('',(#4764),#4769);
#4764 = B_SPLINE_CURVE_WITH_KNOTS('',3,(#4765,#4766,#4767,#4768),
  .UNSPECIFIED.,.F.,.F.,(4,4),(0.,1.),.PIECEWISE_BEZIER_KNOTS.);
#4765 = CARTESIAN_POINT('',(6.489916824665,-5.274956850882));
#4766 = CARTESIAN_POINT('',(6.777980679579,-5.469425158143));
#4767 = CARTESIAN_POINT('',(7.122359068216,-5.561714610076));
#4768 = CARTESIAN_POINT('',(7.459547973387,-5.628869249924));
#4769 = ( GEOMETRIC_REPRESENTATION_CONTEXT(2) 
PARAMETRIC_REPRESENTATION_CONTEXT() REPRESENTATION_CONTEXT('2D SPACE',''
  ) );
#4770 = ORIENTED_EDGE('',*,*,#4771,.F.);
#4771 = EDGE_CURVE('',#4721,#4747,#4772,.T.);
#4772 = SURFACE_CURVE('',#4773,(#4776,#4783),.PCURVE_S1.);
#4773 = B_SPLINE_CURVE_WITH_KNOTS('',1,(#4774,#4775),.UNSPECIFIED.,.F.,
  .F.,(2,2),(0.,1.),.PIECEWISE_BEZIER_KNOTS.);
#4774 = CARTESIAN_POINT('',(-7.459547973387,-5.628869249924,0.));
#4775 = CARTESIAN_POINT('',(-7.459547973387,-5.628869249924,5.));
#4776 = PCURVE('',#4701,#4777);
#4777 = DEFINITIONAL_REPRESENTATION('',(#4778),#4782);
#4778 = LINE('',#4779,#4780);
#4779 = CARTESIAN_POINT('',(0.,1.));
#4780 = VECTOR('',#4781,1.);
#4781 = DIRECTION('',(1.,0.));
#4782 = ( GEOMETRIC_REPRESENTATION_CONTEXT(2) 
PARAMETRIC_REPRESENTATION_CONTEXT() REPRESENTATION_CONTEXT('2D SPACE',''
  ) );
#4783 = PCURVE('',#4784,#4793);
#4784 = B_SPLINE_SURFACE_WITH_KNOTS('',1,3,(
    (#4785,#4786,#4787,#4788)
    ,(#4789,#4790,#4791,#4792
    )),.UNSPECIFIED.,.F.,.F.,.F.,(2,2),(4,4),(0.,1.),(0.,1.),
  .PIECEWISE_BEZIER_KNOTS.);
#4785 = CARTESIAN_POINT('',(-7.459547973387,-5.628869249924,0.));
#4786 = CARTESIAN_POINT('',(-7.527511201195,-5.538802401964,0.));
#4787 = CARTESIAN_POINT('',(-7.593843003376,-5.44750450869,0.));
#4788 = CARTESIAN_POINT('',(-7.658499873645,-5.355035451365,0.));
#4789 = CARTESIAN_POINT('',(-7.459547973387,-5.628869249924,5.));
#4790 = CARTESIAN_POINT('',(-7.527511201195,-5.538802401964,5.));
#4791 = CARTESIAN_POINT('',(-7.593843003376,-5.44750450869,5.));
#4792 = CARTESIAN_POINT('',(-7.658499873645,-5.355035451365,5.));
#4793 = DEFINITIONAL_REPRESENTATION('',(#4794),#4798);
#4794 = LINE('',#4795,#4796);
#4795 = CARTESIAN_POINT('',(0.,0.));
#4796 = VECTOR('',#4797,1.);
#4797 = DIRECTION('',(1.,0.));
#4798 = ( GEOMETRIC_REPRESENTATION_CONTEXT(2) 
PARAMETRIC_REPRESENTATION_CONTEXT() REPRESENTATION_CONTEXT('2D SPACE',''
  ) );
#4799 = ADVANCED_FACE('',(#4800),#4784,.T.);
#4800 = FACE_BOUND('',#4801,.T.);
#4801 = EDGE_LOOP('',(#4802,#4827,#4828,#4853));
#4802 = ORIENTED_EDGE('',*,*,#4803,.F.);
#4803 = EDGE_CURVE('',#4721,#4804,#4806,.T.);
#4804 = VERTEX_POINT('',#4805);
#4805 = CARTESIAN_POINT('',(-7.658499873645,-5.355035451365,0.));
#4806 = SURFACE_CURVE('',#4807,(#4812,#4819),.PCURVE_S1.);
#4807 = B_SPLINE_CURVE_WITH_KNOTS('',3,(#4808,#4809,#4810,#4811),
  .UNSPECIFIED.,.F.,.F.,(4,4),(0.,1.),.PIECEWISE_BEZIER_KNOTS.);
#4808 = CARTESIAN_POINT('',(-7.459547973387,-5.628869249924,0.));
#4809 = CARTESIAN_POINT('',(-7.527511201195,-5.538802401964,0.));
#4810 = CARTESIAN_POINT('',(-7.593843003376,-5.44750450869,0.));
#4811 = CARTESIAN_POINT('',(-7.658499873645,-5.355035451365,0.));
#4812 = PCURVE('',#4784,#4813);
#4813 = DEFINITIONAL_REPRESENTATION('',(#4814),#4818);
#4814 = LINE('',#4815,#4816);
#4815 = CARTESIAN_POINT('',(0.,0.));
#4816 = VECTOR('',#4817,1.);
#4817 = DIRECTION('',(0.,1.));
#4818 = ( GEOMETRIC_REPRESENTATION_CONTEXT(2) 
PARAMETRIC_REPRESENTATION_CONTEXT() REPRESENTATION_CONTEXT('2D SPACE',''
  ) );
#4819 = PCURVE('',#49,#4820);
#4820 = DEFINITIONAL_REPRESENTATION('',(#4821),#4826);
#4821 = B_SPLINE_CURVE_WITH_KNOTS('',3,(#4822,#4823,#4824,#4825),
  .UNSPECIFIED.,.F.,.F.,(4,4),(0.,1.),.PIECEWISE_BEZIER_KNOTS.);
#4822 = CARTESIAN_POINT('',(-7.459547973387,-5.628869249924));
#4823 = CARTESIAN_POINT('',(-7.527511201195,-5.538802401964));
#4824 = CARTESIAN_POINT('',(-7.593843003376,-5.44750450869));
#4825 = CARTESIAN_POINT('',(-7.658499873645,-5.355035451365));
#4826 = ( GEOMETRIC_REPRESENTATION_CONTEXT(2) 
PARAMETRIC_REPRESENTATION_CONTEXT() REPRESENTATION_CONTEXT('2D SPACE',''
  ) );
#4827 = ORIENTED_EDGE('',*,*,#4771,.T.);
#4828 = ORIENTED_EDGE('',*,*,#4829,.T.);
#4829 = EDGE_CURVE('',#4747,#4830,#4832,.T.);
#4830 = VERTEX_POINT('',#4831);
#4831 = CARTESIAN_POINT('',(-7.658499873645,-5.355035451365,5.));
#4832 = SURFACE_CURVE('',#4833,(#4838,#4845),.PCURVE_S1.);
#4833 = B_SPLINE_CURVE_WITH_KNOTS('',3,(#4834,#4835,#4836,#4837),
  .UNSPECIFIED.,.F.,.F.,(4,4),(0.,1.),.PIECEWISE_BEZIER_KNOTS.);
#4834 = CARTESIAN_POINT('',(-7.459547973387,-5.628869249924,5.));
#4835 = CARTESIAN_POINT('',(-7.527511201195,-5.538802401964,5.));
#4836 = CARTESIAN_POINT('',(-7.593843003376,-5.44750450869,5.));
#4837 = CARTESIAN_POINT('',(-7.658499873645,-5.355035451365,5.));
#4838 = PCURVE('',#4784,#4839);
#4839 = DEFINITIONAL_REPRESENTATION('',(#4840),#4844);
#4840 = LINE('',#4841,#4842);
#4841 = CARTESIAN_POINT('',(1.,0.));
#4842 = VECTOR('',#4843,1.);
#4843 = DIRECTION('',(0.,1.));
#4844 = ( GEOMETRIC_REPRESENTATION_CONTEXT(2) 
PARAMETRIC_REPRESENTATION_CONTEXT() REPRESENTATION_CONTEXT('2D SPACE',''
  ) );
#4845 = PCURVE('',#110,#4846);
#4846 = DEFINITIONAL_REPRESENTATION('',(#4847),#4852);
#4847 = B_SPLINE_CURVE_WITH_KNOTS('',3,(#4848,#4849,#4850,#4851),
  .UNSPECIFIED.,.F.,.F.,(4,4),(0.,1.),.PIECEWISE_BEZIER_KNOTS.);
#4848 = CARTESIAN_POINT('',(7.459547973387,-5.628869249924));
#4849 = CARTESIAN_POINT('',(7.527511201195,-5.538802401964));
#4850 = CARTESIAN_POINT('',(7.593843003376,-5.44750450869));
#4851 = CARTESIAN_POINT('',(7.658499873645,-5.355035451365));
#4852 = ( GEOMETRIC_REPRESENTATION_CONTEXT(2) 
PARAMETRIC_REPRESENTATION_CONTEXT() REPRESENTATION_CONTEXT('2D SPACE',''
  ) );
#4853 = ORIENTED_EDGE('',*,*,#4854,.F.);
#4854 = EDGE_CURVE('',#4804,#4830,#4855,.T.);
#4855 = SURFACE_CURVE('',#4856,(#4859,#4866),.PCURVE_S1.);
#4856 = B_SPLINE_CURVE_WITH_KNOTS('',1,(#4857,#4858),.UNSPECIFIED.,.F.,
  .F.,(2,2),(0.,1.),.PIECEWISE_BEZIER_KNOTS.);
#4857 = CARTESIAN_POINT('',(-7.658499873645,-5.355035451365,0.));
#4858 = CARTESIAN_POINT('',(-7.658499873645,-5.355035451365,5.));
#4859 = PCURVE('',#4784,#4860);
#4860 = DEFINITIONAL_REPRESENTATION('',(#4861),#4865);
#4861 = LINE('',#4862,#4863);
#4862 = CARTESIAN_POINT('',(0.,1.));
#4863 = VECTOR('',#4864,1.);
#4864 = DIRECTION('',(1.,0.));
#4865 = ( GEOMETRIC_REPRESENTATION_CONTEXT(2) 
PARAMETRIC_REPRESENTATION_CONTEXT() REPRESENTATION_CONTEXT('2D SPACE',''
  ) );
#4866 = PCURVE('',#4867,#4876);
#4867 = B_SPLINE_SURFACE_WITH_KNOTS('',1,3,(
    (#4868,#4869,#4870,#4871)
    ,(#4872,#4873,#4874,#4875
    )),.UNSPECIFIED.,.F.,.F.,.F.,(2,2),(4,4),(0.,1.),(0.,1.),
  .PIECEWISE_BEZIER_KNOTS.);
#4868 = CARTESIAN_POINT('',(-7.658499873645,-5.355035451365,0.));
#4869 = CARTESIAN_POINT('',(-7.490434913806,-5.055101670844,0.));
#4870 = CARTESIAN_POINT('',(-7.296243654575,-4.756097369308,0.));
#4871 = CARTESIAN_POINT('',(-7.022276677108,-4.542226374794,0.));
#4872 = CARTESIAN_POINT('',(-7.658499873645,-5.355035451365,5.));
#4873 = CARTESIAN_POINT('',(-7.490434913806,-5.055101670844,5.));
#4874 = CARTESIAN_POINT('',(-7.296243654575,-4.756097369308,5.));
#4875 = CARTESIAN_POINT('',(-7.022276677108,-4.542226374794,5.));
#4876 = DEFINITIONAL_REPRESENTATION('',(#4877),#4881);
#4877 = LINE('',#4878,#4879);
#4878 = CARTESIAN_POINT('',(0.,0.));
#4879 = VECTOR('',#4880,1.);
#4880 = DIRECTION('',(1.,0.));
#4881 = ( GEOMETRIC_REPRESENTATION_CONTEXT(2) 
PARAMETRIC_REPRESENTATION_CONTEXT() REPRESENTATION_CONTEXT('2D SPACE',''
  ) );
#4882 = ADVANCED_FACE('',(#4883),#4867,.T.);
#4883 = FACE_BOUND('',#4884,.T.);
#4884 = EDGE_LOOP('',(#4885,#4910,#4911,#4936));
#4885 = ORIENTED_EDGE('',*,*,#4886,.F.);
#4886 = EDGE_CURVE('',#4804,#4887,#4889,.T.);
#4887 = VERTEX_POINT('',#4888);
#4888 = CARTESIAN_POINT('',(-7.022276677108,-4.542226374794,0.));
#4889 = SURFACE_CURVE('',#4890,(#4895,#4902),.PCURVE_S1.);
#4890 = B_SPLINE_CURVE_WITH_KNOTS('',3,(#4891,#4892,#4893,#4894),
  .UNSPECIFIED.,.F.,.F.,(4,4),(0.,1.),.PIECEWISE_BEZIER_KNOTS.);
#4891 = CARTESIAN_POINT('',(-7.658499873645,-5.355035451365,0.));
#4892 = CARTESIAN_POINT('',(-7.490434913806,-5.055101670844,0.));
#4893 = CARTESIAN_POINT('',(-7.296243654575,-4.756097369308,0.));
#4894 = CARTESIAN_POINT('',(-7.022276677108,-4.542226374794,0.));
#4895 = PCURVE('',#4867,#4896);
#4896 = DEFINITIONAL_REPRESENTATION('',(#4897),#4901);
#4897 = LINE('',#4898,#4899);
#4898 = CARTESIAN_POINT('',(0.,0.));
#4899 = VECTOR('',#4900,1.);
#4900 = DIRECTION('',(0.,1.));
#4901 = ( GEOMETRIC_REPRESENTATION_CONTEXT(2) 
PARAMETRIC_REPRESENTATION_CONTEXT() REPRESENTATION_CONTEXT('2D SPACE',''
  ) );
#4902 = PCURVE('',#49,#4903);
#4903 = DEFINITIONAL_REPRESENTATION('',(#4904),#4909);
#4904 = B_SPLINE_CURVE_WITH_KNOTS('',3,(#4905,#4906,#4907,#4908),
  .UNSPECIFIED.,.F.,.F.,(4,4),(0.,1.),.PIECEWISE_BEZIER_KNOTS.);
#4905 = CARTESIAN_POINT('',(-7.658499873645,-5.355035451365));
#4906 = CARTESIAN_POINT('',(-7.490434913806,-5.055101670844));
#4907 = CARTESIAN_POINT('',(-7.296243654575,-4.756097369308));
#4908 = CARTESIAN_POINT('',(-7.022276677108,-4.542226374794));
#4909 = ( GEOMETRIC_REPRESENTATION_CONTEXT(2) 
PARAMETRIC_REPRESENTATION_CONTEXT() REPRESENTATION_CONTEXT('2D SPACE',''
  ) );
#4910 = ORIENTED_EDGE('',*,*,#4854,.T.);
#4911 = ORIENTED_EDGE('',*,*,#4912,.T.);
#4912 = EDGE_CURVE('',#4830,#4913,#4915,.T.);
#4913 = VERTEX_POINT('',#4914);
#4914 = CARTESIAN_POINT('',(-7.022276677108,-4.542226374794,5.));
#4915 = SURFACE_CURVE('',#4916,(#4921,#4928),.PCURVE_S1.);
#4916 = B_SPLINE_CURVE_WITH_KNOTS('',3,(#4917,#4918,#4919,#4920),
  .UNSPECIFIED.,.F.,.F.,(4,4),(0.,1.),.PIECEWISE_BEZIER_KNOTS.);
#4917 = CARTESIAN_POINT('',(-7.658499873645,-5.355035451365,5.));
#4918 = CARTESIAN_POINT('',(-7.490434913806,-5.055101670844,5.));
#4919 = CARTESIAN_POINT('',(-7.296243654575,-4.756097369308,5.));
#4920 = CARTESIAN_POINT('',(-7.022276677108,-4.542226374794,5.));
#4921 = PCURVE('',#4867,#4922);
#4922 = DEFINITIONAL_REPRESENTATION('',(#4923),#4927);
#4923 = LINE('',#4924,#4925);
#4924 = CARTESIAN_POINT('',(1.,0.));
#4925 = VECTOR('',#4926,1.);
#4926 = DIRECTION('',(0.,1.));
#4927 = ( GEOMETRIC_REPRESENTATION_CONTEXT(2) 
PARAMETRIC_REPRESENTATION_CONTEXT() REPRESENTATION_CONTEXT('2D SPACE',''
  ) );
#4928 = PCURVE('',#110,#4929);
#4929 = DEFINITIONAL_REPRESENTATION('',(#4930),#4935);
#4930 = B_SPLINE_CURVE_WITH_KNOTS('',3,(#4931,#4932,#4933,#4934),
  .UNSPECIFIED.,.F.,.F.,(4,4),(0.,1.),.PIECEWISE_BEZIER_KNOTS.);
#4931 = CARTESIAN_POINT('',(7.658499873645,-5.355035451365));
#4932 = CARTESIAN_POINT('',(7.490434913806,-5.055101670844));
#4933 = CARTESIAN_POINT('',(7.296243654575,-4.756097369308));
#4934 = CARTESIAN_POINT('',(7.022276677108,-4.542226374794));
#4935 = ( GEOMETRIC_REPRESENTATION_CONTEXT(2) 
PARAMETRIC_REPRESENTATION_CONTEXT() REPRESENTATION_CONTEXT('2D SPACE',''
  ) );
#4936 = ORIENTED_EDGE('',*,*,#4937,.F.);
#4937 = EDGE_CURVE('',#4887,#4913,#4938,.T.);
#4938 = SURFACE_CURVE('',#4939,(#4942,#4949),.PCURVE_S1.);
#4939 = B_SPLINE_CURVE_WITH_KNOTS('',1,(#4940,#4941),.UNSPECIFIED.,.F.,
  .F.,(2,2),(0.,1.),.PIECEWISE_BEZIER_KNOTS.);
#4940 = CARTESIAN_POINT('',(-7.022276677108,-4.542226374794,0.));
#4941 = CARTESIAN_POINT('',(-7.022276677108,-4.542226374794,5.));
#4942 = PCURVE('',#4867,#4943);
#4943 = DEFINITIONAL_REPRESENTATION('',(#4944),#4948);
#4944 = LINE('',#4945,#4946);
#4945 = CARTESIAN_POINT('',(0.,1.));
#4946 = VECTOR('',#4947,1.);
#4947 = DIRECTION('',(1.,0.));
#4948 = ( GEOMETRIC_REPRESENTATION_CONTEXT(2) 
PARAMETRIC_REPRESENTATION_CONTEXT() REPRESENTATION_CONTEXT('2D SPACE',''
  ) );
#4949 = PCURVE('',#4950,#4959);
#4950 = B_SPLINE_SURFACE_WITH_KNOTS('',1,3,(
    (#4951,#4952,#4953,#4954)
    ,(#4955,#4956,#4957,#4958
    )),.UNSPECIFIED.,.F.,.F.,.F.,(2,2),(4,4),(0.,1.),(0.,1.),
  .PIECEWISE_BEZIER_KNOTS.);
#4951 = CARTESIAN_POINT('',(-7.022276677108,-4.542226374794,0.));
#4952 = CARTESIAN_POINT('',(-7.07323566934,-4.415620481954,0.));
#4953 = CARTESIAN_POINT('',(-7.14552845406,-4.297649379241,0.));
#4954 = CARTESIAN_POINT('',(-7.235200232231,-4.194766712136,0.));
#4955 = CARTESIAN_POINT('',(-7.022276677108,-4.542226374794,5.));
#4956 = CARTESIAN_POINT('',(-7.07323566934,-4.415620481954,5.));
#4957 = CARTESIAN_POINT('',(-7.14552845406,-4.297649379241,5.));
#4958 = CARTESIAN_POINT('',(-7.235200232231,-4.194766712136,5.));
#4959 = DEFINITIONAL_REPRESENTATION('',(#4960),#4964);
#4960 = LINE('',#4961,#4962);
#4961 = CARTESIAN_POINT('',(0.,0.));
#4962 = VECTOR('',#4963,1.);
#4963 = DIRECTION('',(1.,0.));
#4964 = ( GEOMETRIC_REPRESENTATION_CONTEXT(2) 
PARAMETRIC_REPRESENTATION_CONTEXT() REPRESENTATION_CONTEXT('2D SPACE',''
  ) );
#4965 = ADVANCED_FACE('',(#4966),#4950,.T.);
#4966 = FACE_BOUND('',#4967,.T.);
#4967 = EDGE_LOOP('',(#4968,#4993,#4994,#5019));
#4968 = ORIENTED_EDGE('',*,*,#4969,.F.);
#4969 = EDGE_CURVE('',#4887,#4970,#4972,.T.);
#4970 = VERTEX_POINT('',#4971);
#4971 = CARTESIAN_POINT('',(-7.235200232231,-4.194766712136,0.));
#4972 = SURFACE_CURVE('',#4973,(#4978,#4985),.PCURVE_S1.);
#4973 = B_SPLINE_CURVE_WITH_KNOTS('',3,(#4974,#4975,#4976,#4977),
  .UNSPECIFIED.,.F.,.F.,(4,4),(0.,1.),.PIECEWISE_BEZIER_KNOTS.);
#4974 = CARTESIAN_POINT('',(-7.022276677108,-4.542226374794,0.));
#4975 = CARTESIAN_POINT('',(-7.07323566934,-4.415620481954,0.));
#4976 = CARTESIAN_POINT('',(-7.14552845406,-4.297649379241,0.));
#4977 = CARTESIAN_POINT('',(-7.235200232231,-4.194766712136,0.));
#4978 = PCURVE('',#4950,#4979);
#4979 = DEFINITIONAL_REPRESENTATION('',(#4980),#4984);
#4980 = LINE('',#4981,#4982);
#4981 = CARTESIAN_POINT('',(0.,0.));
#4982 = VECTOR('',#4983,1.);
#4983 = DIRECTION('',(0.,1.));
#4984 = ( GEOMETRIC_REPRESENTATION_CONTEXT(2) 
PARAMETRIC_REPRESENTATION_CONTEXT() REPRESENTATION_CONTEXT('2D SPACE',''
  ) );
#4985 = PCURVE('',#49,#4986);
#4986 = DEFINITIONAL_REPRESENTATION('',(#4987),#4992);
#4987 = B_SPLINE_CURVE_WITH_KNOTS('',3,(#4988,#4989,#4990,#4991),
  .UNSPECIFIED.,.F.,.F.,(4,4),(0.,1.),.PIECEWISE_BEZIER_KNOTS.);
#4988 = CARTESIAN_POINT('',(-7.022276677108,-4.542226374794));
#4989 = CARTESIAN_POINT('',(-7.07323566934,-4.415620481954));
#4990 = CARTESIAN_POINT('',(-7.14552845406,-4.297649379241));
#4991 = CARTESIAN_POINT('',(-7.235200232231,-4.194766712136));
#4992 = ( GEOMETRIC_REPRESENTATION_CONTEXT(2) 
PARAMETRIC_REPRESENTATION_CONTEXT() REPRESENTATION_CONTEXT('2D SPACE',''
  ) );
#4993 = ORIENTED_EDGE('',*,*,#4937,.T.);
#4994 = ORIENTED_EDGE('',*,*,#4995,.T.);
#4995 = EDGE_CURVE('',#4913,#4996,#4998,.T.);
#4996 = VERTEX_POINT('',#4997);
#4997 = CARTESIAN_POINT('',(-7.235200232231,-4.194766712136,5.));
#4998 = SURFACE_CURVE('',#4999,(#5004,#5011),.PCURVE_S1.);
#4999 = B_SPLINE_CURVE_WITH_KNOTS('',3,(#5000,#5001,#5002,#5003),
  .UNSPECIFIED.,.F.,.F.,(4,4),(0.,1.),.PIECEWISE_BEZIER_KNOTS.);
#5000 = CARTESIAN_POINT('',(-7.022276677108,-4.542226374794,5.));
#5001 = CARTESIAN_POINT('',(-7.07323566934,-4.415620481954,5.));
#5002 = CARTESIAN_POINT('',(-7.14552845406,-4.297649379241,5.));
#5003 = CARTESIAN_POINT('',(-7.235200232231,-4.194766712136,5.));
#5004 = PCURVE('',#4950,#5005);
#5005 = DEFINITIONAL_REPRESENTATION('',(#5006),#5010);
#5006 = LINE('',#5007,#5008);
#5007 = CARTESIAN_POINT('',(1.,0.));
#5008 = VECTOR('',#5009,1.);
#5009 = DIRECTION('',(0.,1.));
#5010 = ( GEOMETRIC_REPRESENTATION_CONTEXT(2) 
PARAMETRIC_REPRESENTATION_CONTEXT() REPRESENTATION_CONTEXT('2D SPACE',''
  ) );
#5011 = PCURVE('',#110,#5012);
#5012 = DEFINITIONAL_REPRESENTATION('',(#5013),#5018);
#5013 = B_SPLINE_CURVE_WITH_KNOTS('',3,(#5014,#5015,#5016,#5017),
  .UNSPECIFIED.,.F.,.F.,(4,4),(0.,1.),.PIECEWISE_BEZIER_KNOTS.);
#5014 = CARTESIAN_POINT('',(7.022276677108,-4.542226374794));
#5015 = CARTESIAN_POINT('',(7.07323566934,-4.415620481954));
#5016 = CARTESIAN_POINT('',(7.14552845406,-4.297649379241));
#5017 = CARTESIAN_POINT('',(7.235200232231,-4.194766712136));
#5018 = ( GEOMETRIC_REPRESENTATION_CONTEXT(2) 
PARAMETRIC_REPRESENTATION_CONTEXT() REPRESENTATION_CONTEXT('2D SPACE',''
  ) );
#5019 = ORIENTED_EDGE('',*,*,#5020,.F.);
#5020 = EDGE_CURVE('',#4970,#4996,#5021,.T.);
#5021 = SURFACE_CURVE('',#5022,(#5025,#5032),.PCURVE_S1.);
#5022 = B_SPLINE_CURVE_WITH_KNOTS('',1,(#5023,#5024),.UNSPECIFIED.,.F.,
  .F.,(2,2),(0.,1.),.PIECEWISE_BEZIER_KNOTS.);
#5023 = CARTESIAN_POINT('',(-7.235200232231,-4.194766712136,0.));
#5024 = CARTESIAN_POINT('',(-7.235200232231,-4.194766712136,5.));
#5025 = PCURVE('',#4950,#5026);
#5026 = DEFINITIONAL_REPRESENTATION('',(#5027),#5031);
#5027 = LINE('',#5028,#5029);
#5028 = CARTESIAN_POINT('',(0.,1.));
#5029 = VECTOR('',#5030,1.);
#5030 = DIRECTION('',(1.,0.));
#5031 = ( GEOMETRIC_REPRESENTATION_CONTEXT(2) 
PARAMETRIC_REPRESENTATION_CONTEXT() REPRESENTATION_CONTEXT('2D SPACE',''
  ) );
#5032 = PCURVE('',#5033,#5042);
#5033 = B_SPLINE_SURFACE_WITH_KNOTS('',1,3,(
    (#5034,#5035,#5036,#5037)
    ,(#5038,#5039,#5040,#5041
    )),.UNSPECIFIED.,.F.,.F.,.F.,(2,2),(4,4),(0.,1.),(0.,1.),
  .PIECEWISE_BEZIER_KNOTS.);
#5034 = CARTESIAN_POINT('',(-7.235200232231,-4.194766712136,0.));
#5035 = CARTESIAN_POINT('',(-7.550139088691,-4.341777676793,0.));
#5036 = CARTESIAN_POINT('',(-7.904714858943,-4.379058243429,0.));
#5037 = CARTESIAN_POINT('',(-8.248257709318,-4.392638132226,0.));
#5038 = CARTESIAN_POINT('',(-7.235200232231,-4.194766712136,5.));
#5039 = CARTESIAN_POINT('',(-7.550139088691,-4.341777676793,5.));
#5040 = CARTESIAN_POINT('',(-7.904714858943,-4.379058243429,5.));
#5041 = CARTESIAN_POINT('',(-8.248257709318,-4.392638132226,5.));
#5042 = DEFINITIONAL_REPRESENTATION('',(#5043),#5047);
#5043 = LINE('',#5044,#5045);
#5044 = CARTESIAN_POINT('',(0.,0.));
#5045 = VECTOR('',#5046,1.);
#5046 = DIRECTION('',(1.,0.));
#5047 = ( GEOMETRIC_REPRESENTATION_CONTEXT(2) 
PARAMETRIC_REPRESENTATION_CONTEXT() REPRESENTATION_CONTEXT('2D SPACE',''
  ) );
#5048 = ADVANCED_FACE('',(#5049),#5033,.T.);
#5049 = FACE_BOUND('',#5050,.T.);
#5050 = EDGE_LOOP('',(#5051,#5076,#5077,#5102));
#5051 = ORIENTED_EDGE('',*,*,#5052,.F.);
#5052 = EDGE_CURVE('',#4970,#5053,#5055,.T.);
#5053 = VERTEX_POINT('',#5054);
#5054 = CARTESIAN_POINT('',(-8.248257709318,-4.392638132226,0.));
#5055 = SURFACE_CURVE('',#5056,(#5061,#5068),.PCURVE_S1.);
#5056 = B_SPLINE_CURVE_WITH_KNOTS('',3,(#5057,#5058,#5059,#5060),
  .UNSPECIFIED.,.F.,.F.,(4,4),(0.,1.),.PIECEWISE_BEZIER_KNOTS.);
#5057 = CARTESIAN_POINT('',(-7.235200232231,-4.194766712136,0.));
#5058 = CARTESIAN_POINT('',(-7.550139088691,-4.341777676793,0.));
#5059 = CARTESIAN_POINT('',(-7.904714858943,-4.379058243429,0.));
#5060 = CARTESIAN_POINT('',(-8.248257709318,-4.392638132226,0.));
#5061 = PCURVE('',#5033,#5062);
#5062 = DEFINITIONAL_REPRESENTATION('',(#5063),#5067);
#5063 = LINE('',#5064,#5065);
#5064 = CARTESIAN_POINT('',(0.,0.));
#5065 = VECTOR('',#5066,1.);
#5066 = DIRECTION('',(0.,1.));
#5067 = ( GEOMETRIC_REPRESENTATION_CONTEXT(2) 
PARAMETRIC_REPRESENTATION_CONTEXT() REPRESENTATION_CONTEXT('2D SPACE',''
  ) );
#5068 = PCURVE('',#49,#5069);
#5069 = DEFINITIONAL_REPRESENTATION('',(#5070),#5075);
#5070 = B_SPLINE_CURVE_WITH_KNOTS('',3,(#5071,#5072,#5073,#5074),
  .UNSPECIFIED.,.F.,.F.,(4,4),(0.,1.),.PIECEWISE_BEZIER_KNOTS.);
#5071 = CARTESIAN_POINT('',(-7.235200232231,-4.194766712136));
#5072 = CARTESIAN_POINT('',(-7.550139088691,-4.341777676793));
#5073 = CARTESIAN_POINT('',(-7.904714858943,-4.379058243429));
#5074 = CARTESIAN_POINT('',(-8.248257709318,-4.392638132226));
#5075 = ( GEOMETRIC_REPRESENTATION_CONTEXT(2) 
PARAMETRIC_REPRESENTATION_CONTEXT() REPRESENTATION_CONTEXT('2D SPACE',''
  ) );
#5076 = ORIENTED_EDGE('',*,*,#5020,.T.);
#5077 = ORIENTED_EDGE('',*,*,#5078,.T.);
#5078 = EDGE_CURVE('',#4996,#5079,#5081,.T.);
#5079 = VERTEX_POINT('',#5080);
#5080 = CARTESIAN_POINT('',(-8.248257709318,-4.392638132226,5.));
#5081 = SURFACE_CURVE('',#5082,(#5087,#5094),.PCURVE_S1.);
#5082 = B_SPLINE_CURVE_WITH_KNOTS('',3,(#5083,#5084,#5085,#5086),
  .UNSPECIFIED.,.F.,.F.,(4,4),(0.,1.),.PIECEWISE_BEZIER_KNOTS.);
#5083 = CARTESIAN_POINT('',(-7.235200232231,-4.194766712136,5.));
#5084 = CARTESIAN_POINT('',(-7.550139088691,-4.341777676793,5.));
#5085 = CARTESIAN_POINT('',(-7.904714858943,-4.379058243429,5.));
#5086 = CARTESIAN_POINT('',(-8.248257709318,-4.392638132226,5.));
#5087 = PCURVE('',#5033,#5088);
#5088 = DEFINITIONAL_REPRESENTATION('',(#5089),#5093);
#5089 = LINE('',#5090,#5091);
#5090 = CARTESIAN_POINT('',(1.,0.));
#5091 = VECTOR('',#5092,1.);
#5092 = DIRECTION('',(0.,1.));
#5093 = ( GEOMETRIC_REPRESENTATION_CONTEXT(2) 
PARAMETRIC_REPRESENTATION_CONTEXT() REPRESENTATION_CONTEXT('2D SPACE',''
  ) );
#5094 = PCURVE('',#110,#5095);
#5095 = DEFINITIONAL_REPRESENTATION('',(#5096),#5101);
#5096 = B_SPLINE_CURVE_WITH_KNOTS('',3,(#5097,#5098,#5099,#5100),
  .UNSPECIFIED.,.F.,.F.,(4,4),(0.,1.),.PIECEWISE_BEZIER_KNOTS.);
#5097 = CARTESIAN_POINT('',(7.235200232231,-4.194766712136));
#5098 = CARTESIAN_POINT('',(7.550139088691,-4.341777676793));
#5099 = CARTESIAN_POINT('',(7.904714858943,-4.379058243429));
#5100 = CARTESIAN_POINT('',(8.248257709318,-4.392638132226));
#5101 = ( GEOMETRIC_REPRESENTATION_CONTEXT(2) 
PARAMETRIC_REPRESENTATION_CONTEXT() REPRESENTATION_CONTEXT('2D SPACE',''
  ) );
#5102 = ORIENTED_EDGE('',*,*,#5103,.F.);
#5103 = EDGE_CURVE('',#5053,#5079,#5104,.T.);
#5104 = SURFACE_CURVE('',#5105,(#5108,#5115),.PCURVE_S1.);
#5105 = B_SPLINE_CURVE_WITH_KNOTS('',1,(#5106,#5107),.UNSPECIFIED.,.F.,
  .F.,(2,2),(0.,1.),.PIECEWISE_BEZIER_KNOTS.);
#5106 = CARTESIAN_POINT('',(-8.248257709318,-4.392638132226,0.));
#5107 = CARTESIAN_POINT('',(-8.248257709318,-4.392638132226,5.));
#5108 = PCURVE('',#5033,#5109);
#5109 = DEFINITIONAL_REPRESENTATION('',(#5110),#5114);
#5110 = LINE('',#5111,#5112);
#5111 = CARTESIAN_POINT('',(0.,1.));
#5112 = VECTOR('',#5113,1.);
#5113 = DIRECTION('',(1.,0.));
#5114 = ( GEOMETRIC_REPRESENTATION_CONTEXT(2) 
PARAMETRIC_REPRESENTATION_CONTEXT() REPRESENTATION_CONTEXT('2D SPACE',''
  ) );
#5115 = PCURVE('',#5116,#5125);
#5116 = B_SPLINE_SURFACE_WITH_KNOTS('',1,3,(
    (#5117,#5118,#5119,#5120)
    ,(#5121,#5122,#5123,#5124
    )),.UNSPECIFIED.,.F.,.F.,.F.,(2,2),(4,4),(0.,1.),(0.,1.),
  .PIECEWISE_BEZIER_KNOTS.);
#5117 = CARTESIAN_POINT('',(-8.248257709318,-4.392638132226,0.));
#5118 = CARTESIAN_POINT('',(-8.301294637834,-4.293048365437,0.));
#5119 = CARTESIAN_POINT('',(-8.352527648366,-4.19249792074,0.));
#5120 = CARTESIAN_POINT('',(-8.401923137755,-4.091052748042,0.));
#5121 = CARTESIAN_POINT('',(-8.248257709318,-4.392638132226,5.));
#5122 = CARTESIAN_POINT('',(-8.301294637834,-4.293048365437,5.));
#5123 = CARTESIAN_POINT('',(-8.352527648366,-4.19249792074,5.));
#5124 = CARTESIAN_POINT('',(-8.401923137755,-4.091052748042,5.));
#5125 = DEFINITIONAL_REPRESENTATION('',(#5126),#5130);
#5126 = LINE('',#5127,#5128);
#5127 = CARTESIAN_POINT('',(0.,0.));
#5128 = VECTOR('',#5129,1.);
#5129 = DIRECTION('',(1.,0.));
#5130 = ( GEOMETRIC_REPRESENTATION_CONTEXT(2) 
PARAMETRIC_REPRESENTATION_CONTEXT() REPRESENTATION_CONTEXT('2D SPACE',''
  ) );
#5131 = ADVANCED_FACE('',(#5132),#5116,.T.);
#5132 = FACE_BOUND('',#5133,.T.);
#5133 = EDGE_LOOP('',(#5134,#5159,#5160,#5185));
#5134 = ORIENTED_EDGE('',*,*,#5135,.F.);
#5135 = EDGE_CURVE('',#5053,#5136,#5138,.T.);
#5136 = VERTEX_POINT('',#5137);
#5137 = CARTESIAN_POINT('',(-8.401923137755,-4.091052748042,0.));
#5138 = SURFACE_CURVE('',#5139,(#5144,#5151),.PCURVE_S1.);
#5139 = B_SPLINE_CURVE_WITH_KNOTS('',3,(#5140,#5141,#5142,#5143),
  .UNSPECIFIED.,.F.,.F.,(4,4),(0.,1.),.PIECEWISE_BEZIER_KNOTS.);
#5140 = CARTESIAN_POINT('',(-8.248257709318,-4.392638132226,0.));
#5141 = CARTESIAN_POINT('',(-8.301294637834,-4.293048365437,0.));
#5142 = CARTESIAN_POINT('',(-8.352527648366,-4.19249792074,0.));
#5143 = CARTESIAN_POINT('',(-8.401923137755,-4.091052748042,0.));
#5144 = PCURVE('',#5116,#5145);
#5145 = DEFINITIONAL_REPRESENTATION('',(#5146),#5150);
#5146 = LINE('',#5147,#5148);
#5147 = CARTESIAN_POINT('',(0.,0.));
#5148 = VECTOR('',#5149,1.);
#5149 = DIRECTION('',(0.,1.));
#5150 = ( GEOMETRIC_REPRESENTATION_CONTEXT(2) 
PARAMETRIC_REPRESENTATION_CONTEXT() REPRESENTATION_CONTEXT('2D SPACE',''
  ) );
#5151 = PCURVE('',#49,#5152);
#5152 = DEFINITIONAL_REPRESENTATION('',(#5153),#5158);
#5153 = B_SPLINE_CURVE_WITH_KNOTS('',3,(#5154,#5155,#5156,#5157),
  .UNSPECIFIED.,.F.,.F.,(4,4),(0.,1.),.PIECEWISE_BEZIER_KNOTS.);
#5154 = CARTESIAN_POINT('',(-8.248257709318,-4.392638132226));
#5155 = CARTESIAN_POINT('',(-8.301294637834,-4.293048365437));
#5156 = CARTESIAN_POINT('',(-8.352527648366,-4.19249792074));
#5157 = CARTESIAN_POINT('',(-8.401923137755,-4.091052748042));
#5158 = ( GEOMETRIC_REPRESENTATION_CONTEXT(2) 
PARAMETRIC_REPRESENTATION_CONTEXT() REPRESENTATION_CONTEXT('2D SPACE',''
  ) );
#5159 = ORIENTED_EDGE('',*,*,#5103,.T.);
#5160 = ORIENTED_EDGE('',*,*,#5161,.T.);
#5161 = EDGE_CURVE('',#5079,#5162,#5164,.T.);
#5162 = VERTEX_POINT('',#5163);
#5163 = CARTESIAN_POINT('',(-8.401923137755,-4.091052748042,5.));
#5164 = SURFACE_CURVE('',#5165,(#5170,#5177),.PCURVE_S1.);
#5165 = B_SPLINE_CURVE_WITH_KNOTS('',3,(#5166,#5167,#5168,#5169),
  .UNSPECIFIED.,.F.,.F.,(4,4),(0.,1.),.PIECEWISE_BEZIER_KNOTS.);
#5166 = CARTESIAN_POINT('',(-8.248257709318,-4.392638132226,5.));
#5167 = CARTESIAN_POINT('',(-8.301294637834,-4.293048365437,5.));
#5168 = CARTESIAN_POINT('',(-8.352527648366,-4.19249792074,5.));
#5169 = CARTESIAN_POINT('',(-8.401923137755,-4.091052748042,5.));
#5170 = PCURVE('',#5116,#5171);
#5171 = DEFINITIONAL_REPRESENTATION('',(#5172),#5176);
#5172 = LINE('',#5173,#5174);
#5173 = CARTESIAN_POINT('',(1.,0.));
#5174 = VECTOR('',#5175,1.);
#5175 = DIRECTION('',(0.,1.));
#5176 = ( GEOMETRIC_REPRESENTATION_CONTEXT(2) 
PARAMETRIC_REPRESENTATION_CONTEXT() REPRESENTATION_CONTEXT('2D SPACE',''
  ) );
#5177 = PCURVE('',#110,#5178);
#5178 = DEFINITIONAL_REPRESENTATION('',(#5179),#5184);
#5179 = B_SPLINE_CURVE_WITH_KNOTS('',3,(#5180,#5181,#5182,#5183),
  .UNSPECIFIED.,.F.,.F.,(4,4),(0.,1.),.PIECEWISE_BEZIER_KNOTS.);
#5180 = CARTESIAN_POINT('',(8.248257709318,-4.392638132226));
#5181 = CARTESIAN_POINT('',(8.301294637834,-4.293048365437));
#5182 = CARTESIAN_POINT('',(8.352527648366,-4.19249792074));
#5183 = CARTESIAN_POINT('',(8.401923137755,-4.091052748042));
#5184 = ( GEOMETRIC_REPRESENTATION_CONTEXT(2) 
PARAMETRIC_REPRESENTATION_CONTEXT() REPRESENTATION_CONTEXT('2D SPACE',''
  ) );
#5185 = ORIENTED_EDGE('',*,*,#5186,.F.);
#5186 = EDGE_CURVE('',#5136,#5162,#5187,.T.);
#5187 = SURFACE_CURVE('',#5188,(#5191,#5198),.PCURVE_S1.);
#5188 = B_SPLINE_CURVE_WITH_KNOTS('',1,(#5189,#5190),.UNSPECIFIED.,.F.,
  .F.,(2,2),(0.,1.),.PIECEWISE_BEZIER_KNOTS.);
#5189 = CARTESIAN_POINT('',(-8.401923137755,-4.091052748042,0.));
#5190 = CARTESIAN_POINT('',(-8.401923137755,-4.091052748042,5.));
#5191 = PCURVE('',#5116,#5192);
#5192 = DEFINITIONAL_REPRESENTATION('',(#5193),#5197);
#5193 = LINE('',#5194,#5195);
#5194 = CARTESIAN_POINT('',(0.,1.));
#5195 = VECTOR('',#5196,1.);
#5196 = DIRECTION('',(1.,0.));
#5197 = ( GEOMETRIC_REPRESENTATION_CONTEXT(2) 
PARAMETRIC_REPRESENTATION_CONTEXT() REPRESENTATION_CONTEXT('2D SPACE',''
  ) );
#5198 = PCURVE('',#5199,#5208);
#5199 = B_SPLINE_SURFACE_WITH_KNOTS('',1,3,(
    (#5200,#5201,#5202,#5203)
    ,(#5204,#5205,#5206,#5207
    )),.UNSPECIFIED.,.F.,.F.,.F.,(2,2),(4,4),(0.,1.),(0.,1.),
  .PIECEWISE_BEZIER_KNOTS.);
#5200 = CARTESIAN_POINT('',(-8.401923137755,-4.091052748042,0.));
#5201 = CARTESIAN_POINT('',(-8.189007355955,-3.821102802155,0.));
#5202 = CARTESIAN_POINT('',(-7.950432335412,-3.556157945494,0.));
#5203 = CARTESIAN_POINT('',(-7.646381551445,-3.38777793538,0.));
#5204 = CARTESIAN_POINT('',(-8.401923137755,-4.091052748042,5.));
#5205 = CARTESIAN_POINT('',(-8.189007355955,-3.821102802155,5.));
#5206 = CARTESIAN_POINT('',(-7.950432335412,-3.556157945494,5.));
#5207 = CARTESIAN_POINT('',(-7.646381551445,-3.38777793538,5.));
#5208 = DEFINITIONAL_REPRESENTATION('',(#5209),#5213);
#5209 = LINE('',#5210,#5211);
#5210 = CARTESIAN_POINT('',(0.,0.));
#5211 = VECTOR('',#5212,1.);
#5212 = DIRECTION('',(1.,0.));
#5213 = ( GEOMETRIC_REPRESENTATION_CONTEXT(2) 
PARAMETRIC_REPRESENTATION_CONTEXT() REPRESENTATION_CONTEXT('2D SPACE',''
  ) );
#5214 = ADVANCED_FACE('',(#5215),#5199,.T.);
#5215 = FACE_BOUND('',#5216,.T.);
#5216 = EDGE_LOOP('',(#5217,#5242,#5243,#5268));
#5217 = ORIENTED_EDGE('',*,*,#5218,.F.);
#5218 = EDGE_CURVE('',#5136,#5219,#5221,.T.);
#5219 = VERTEX_POINT('',#5220);
#5220 = CARTESIAN_POINT('',(-7.646381551445,-3.38777793538,0.));
#5221 = SURFACE_CURVE('',#5222,(#5227,#5234),.PCURVE_S1.);
#5222 = B_SPLINE_CURVE_WITH_KNOTS('',3,(#5223,#5224,#5225,#5226),
  .UNSPECIFIED.,.F.,.F.,(4,4),(0.,1.),.PIECEWISE_BEZIER_KNOTS.);
#5223 = CARTESIAN_POINT('',(-8.401923137755,-4.091052748042,0.));
#5224 = CARTESIAN_POINT('',(-8.189007355955,-3.821102802155,0.));
#5225 = CARTESIAN_POINT('',(-7.950432335412,-3.556157945494,0.));
#5226 = CARTESIAN_POINT('',(-7.646381551445,-3.38777793538,0.));
#5227 = PCURVE('',#5199,#5228);
#5228 = DEFINITIONAL_REPRESENTATION('',(#5229),#5233);
#5229 = LINE('',#5230,#5231);
#5230 = CARTESIAN_POINT('',(0.,0.));
#5231 = VECTOR('',#5232,1.);
#5232 = DIRECTION('',(0.,1.));
#5233 = ( GEOMETRIC_REPRESENTATION_CONTEXT(2) 
PARAMETRIC_REPRESENTATION_CONTEXT() REPRESENTATION_CONTEXT('2D SPACE',''
  ) );
#5234 = PCURVE('',#49,#5235);
#5235 = DEFINITIONAL_REPRESENTATION('',(#5236),#5241);
#5236 = B_SPLINE_CURVE_WITH_KNOTS('',3,(#5237,#5238,#5239,#5240),
  .UNSPECIFIED.,.F.,.F.,(4,4),(0.,1.),.PIECEWISE_BEZIER_KNOTS.);
#5237 = CARTESIAN_POINT('',(-8.401923137755,-4.091052748042));
#5238 = CARTESIAN_POINT('',(-8.189007355955,-3.821102802155));
#5239 = CARTESIAN_POINT('',(-7.950432335412,-3.556157945494));
#5240 = CARTESIAN_POINT('',(-7.646381551445,-3.38777793538));
#5241 = ( GEOMETRIC_REPRESENTATION_CONTEXT(2) 
PARAMETRIC_REPRESENTATION_CONTEXT() REPRESENTATION_CONTEXT('2D SPACE',''
  ) );
#5242 = ORIENTED_EDGE('',*,*,#5186,.T.);
#5243 = ORIENTED_EDGE('',*,*,#5244,.T.);
#5244 = EDGE_CURVE('',#5162,#5245,#5247,.T.);
#5245 = VERTEX_POINT('',#5246);
#5246 = CARTESIAN_POINT('',(-7.646381551445,-3.38777793538,5.));
#5247 = SURFACE_CURVE('',#5248,(#5253,#5260),.PCURVE_S1.);
#5248 = B_SPLINE_CURVE_WITH_KNOTS('',3,(#5249,#5250,#5251,#5252),
  .UNSPECIFIED.,.F.,.F.,(4,4),(0.,1.),.PIECEWISE_BEZIER_KNOTS.);
#5249 = CARTESIAN_POINT('',(-8.401923137755,-4.091052748042,5.));
#5250 = CARTESIAN_POINT('',(-8.189007355955,-3.821102802155,5.));
#5251 = CARTESIAN_POINT('',(-7.950432335412,-3.556157945494,5.));
#5252 = CARTESIAN_POINT('',(-7.646381551445,-3.38777793538,5.));
#5253 = PCURVE('',#5199,#5254);
#5254 = DEFINITIONAL_REPRESENTATION('',(#5255),#5259);
#5255 = LINE('',#5256,#5257);
#5256 = CARTESIAN_POINT('',(1.,0.));
#5257 = VECTOR('',#5258,1.);
#5258 = DIRECTION('',(0.,1.));
#5259 = ( GEOMETRIC_REPRESENTATION_CONTEXT(2) 
PARAMETRIC_REPRESENTATION_CONTEXT() REPRESENTATION_CONTEXT('2D SPACE',''
  ) );
#5260 = PCURVE('',#110,#5261);
#5261 = DEFINITIONAL_REPRESENTATION('',(#5262),#5267);
#5262 = B_SPLINE_CURVE_WITH_KNOTS('',3,(#5263,#5264,#5265,#5266),
  .UNSPECIFIED.,.F.,.F.,(4,4),(0.,1.),.PIECEWISE_BEZIER_KNOTS.);
#5263 = CARTESIAN_POINT('',(8.401923137755,-4.091052748042));
#5264 = CARTESIAN_POINT('',(8.189007355955,-3.821102802155));
#5265 = CARTESIAN_POINT('',(7.950432335412,-3.556157945494));
#5266 = CARTESIAN_POINT('',(7.646381551445,-3.38777793538));
#5267 = ( GEOMETRIC_REPRESENTATION_CONTEXT(2) 
PARAMETRIC_REPRESENTATION_CONTEXT() REPRESENTATION_CONTEXT('2D SPACE',''
  ) );
#5268 = ORIENTED_EDGE('',*,*,#5269,.F.);
#5269 = EDGE_CURVE('',#5219,#5245,#5270,.T.);
#5270 = SURFACE_CURVE('',#5271,(#5274,#5281),.PCURVE_S1.);
#5271 = B_SPLINE_CURVE_WITH_KNOTS('',1,(#5272,#5273),.UNSPECIFIED.,.F.,
  .F.,(2,2),(0.,1.),.PIECEWISE_BEZIER_KNOTS.);
#5272 = CARTESIAN_POINT('',(-7.646381551445,-3.38777793538,0.));
#5273 = CARTESIAN_POINT('',(-7.646381551445,-3.38777793538,5.));
#5274 = PCURVE('',#5199,#5275);
#5275 = DEFINITIONAL_REPRESENTATION('',(#5276),#5280);
#5276 = LINE('',#5277,#5278);
#5277 = CARTESIAN_POINT('',(0.,1.));
#5278 = VECTOR('',#5279,1.);
#5279 = DIRECTION('',(1.,0.));
#5280 = ( GEOMETRIC_REPRESENTATION_CONTEXT(2) 
PARAMETRIC_REPRESENTATION_CONTEXT() REPRESENTATION_CONTEXT('2D SPACE',''
  ) );
#5281 = PCURVE('',#5282,#5291);
#5282 = B_SPLINE_SURFACE_WITH_KNOTS('',1,3,(
    (#5283,#5284,#5285,#5286)
    ,(#5287,#5288,#5289,#5290
    )),.UNSPECIFIED.,.F.,.F.,.F.,(2,2),(4,4),(0.,1.),(0.,1.),
  .PIECEWISE_BEZIER_KNOTS.);
#5283 = CARTESIAN_POINT('',(-7.646381551445,-3.38777793538,0.));
#5284 = CARTESIAN_POINT('',(-7.676907628803,-3.254759028482,0.));
#5285 = CARTESIAN_POINT('',(-7.729855623037,-3.126931262702,0.));
#5286 = CARTESIAN_POINT('',(-7.802328997828,-3.011287495305,0.));
#5287 = CARTESIAN_POINT('',(-7.646381551445,-3.38777793538,5.));
#5288 = CARTESIAN_POINT('',(-7.676907628803,-3.254759028482,5.));
#5289 = CARTESIAN_POINT('',(-7.729855623037,-3.126931262702,5.));
#5290 = CARTESIAN_POINT('',(-7.802328997828,-3.011287495305,5.));
#5291 = DEFINITIONAL_REPRESENTATION('',(#5292),#5296);
#5292 = LINE('',#5293,#5294);
#5293 = CARTESIAN_POINT('',(0.,0.));
#5294 = VECTOR('',#5295,1.);
#5295 = DIRECTION('',(1.,0.));
#5296 = ( GEOMETRIC_REPRESENTATION_CONTEXT(2) 
PARAMETRIC_REPRESENTATION_CONTEXT() REPRESENTATION_CONTEXT('2D SPACE',''
  ) );
#5297 = ADVANCED_FACE('',(#5298),#5282,.T.);
#5298 = FACE_BOUND('',#5299,.T.);
#5299 = EDGE_LOOP('',(#5300,#5325,#5326,#5351));
#5300 = ORIENTED_EDGE('',*,*,#5301,.F.);
#5301 = EDGE_CURVE('',#5219,#5302,#5304,.T.);
#5302 = VERTEX_POINT('',#5303);
#5303 = CARTESIAN_POINT('',(-7.802328997828,-3.011287495305,0.));
#5304 = SURFACE_CURVE('',#5305,(#5310,#5317),.PCURVE_S1.);
#5305 = B_SPLINE_CURVE_WITH_KNOTS('',3,(#5306,#5307,#5308,#5309),
  .UNSPECIFIED.,.F.,.F.,(4,4),(0.,1.),.PIECEWISE_BEZIER_KNOTS.);
#5306 = CARTESIAN_POINT('',(-7.646381551445,-3.38777793538,0.));
#5307 = CARTESIAN_POINT('',(-7.676907628803,-3.254759028482,0.));
#5308 = CARTESIAN_POINT('',(-7.729855623037,-3.126931262702,0.));
#5309 = CARTESIAN_POINT('',(-7.802328997828,-3.011287495305,0.));
#5310 = PCURVE('',#5282,#5311);
#5311 = DEFINITIONAL_REPRESENTATION('',(#5312),#5316);
#5312 = LINE('',#5313,#5314);
#5313 = CARTESIAN_POINT('',(0.,0.));
#5314 = VECTOR('',#5315,1.);
#5315 = DIRECTION('',(0.,1.));
#5316 = ( GEOMETRIC_REPRESENTATION_CONTEXT(2) 
PARAMETRIC_REPRESENTATION_CONTEXT() REPRESENTATION_CONTEXT('2D SPACE',''
  ) );
#5317 = PCURVE('',#49,#5318);
#5318 = DEFINITIONAL_REPRESENTATION('',(#5319),#5324);
#5319 = B_SPLINE_CURVE_WITH_KNOTS('',3,(#5320,#5321,#5322,#5323),
  .UNSPECIFIED.,.F.,.F.,(4,4),(0.,1.),.PIECEWISE_BEZIER_KNOTS.);
#5320 = CARTESIAN_POINT('',(-7.646381551445,-3.38777793538));
#5321 = CARTESIAN_POINT('',(-7.676907628803,-3.254759028482));
#5322 = CARTESIAN_POINT('',(-7.729855623037,-3.126931262702));
#5323 = CARTESIAN_POINT('',(-7.802328997828,-3.011287495305));
#5324 = ( GEOMETRIC_REPRESENTATION_CONTEXT(2) 
PARAMETRIC_REPRESENTATION_CONTEXT() REPRESENTATION_CONTEXT('2D SPACE',''
  ) );
#5325 = ORIENTED_EDGE('',*,*,#5269,.T.);
#5326 = ORIENTED_EDGE('',*,*,#5327,.T.);
#5327 = EDGE_CURVE('',#5245,#5328,#5330,.T.);
#5328 = VERTEX_POINT('',#5329);
#5329 = CARTESIAN_POINT('',(-7.802328997828,-3.011287495305,5.));
#5330 = SURFACE_CURVE('',#5331,(#5336,#5343),.PCURVE_S1.);
#5331 = B_SPLINE_CURVE_WITH_KNOTS('',3,(#5332,#5333,#5334,#5335),
  .UNSPECIFIED.,.F.,.F.,(4,4),(0.,1.),.PIECEWISE_BEZIER_KNOTS.);
#5332 = CARTESIAN_POINT('',(-7.646381551445,-3.38777793538,5.));
#5333 = CARTESIAN_POINT('',(-7.676907628803,-3.254759028482,5.));
#5334 = CARTESIAN_POINT('',(-7.729855623037,-3.126931262702,5.));
#5335 = CARTESIAN_POINT('',(-7.802328997828,-3.011287495305,5.));
#5336 = PCURVE('',#5282,#5337);
#5337 = DEFINITIONAL_REPRESENTATION('',(#5338),#5342);
#5338 = LINE('',#5339,#5340);
#5339 = CARTESIAN_POINT('',(1.,0.));
#5340 = VECTOR('',#5341,1.);
#5341 = DIRECTION('',(0.,1.));
#5342 = ( GEOMETRIC_REPRESENTATION_CONTEXT(2) 
PARAMETRIC_REPRESENTATION_CONTEXT() REPRESENTATION_CONTEXT('2D SPACE',''
  ) );
#5343 = PCURVE('',#110,#5344);
#5344 = DEFINITIONAL_REPRESENTATION('',(#5345),#5350);
#5345 = B_SPLINE_CURVE_WITH_KNOTS('',3,(#5346,#5347,#5348,#5349),
  .UNSPECIFIED.,.F.,.F.,(4,4),(0.,1.),.PIECEWISE_BEZIER_KNOTS.);
#5346 = CARTESIAN_POINT('',(7.646381551445,-3.38777793538));
#5347 = CARTESIAN_POINT('',(7.676907628803,-3.254759028482));
#5348 = CARTESIAN_POINT('',(7.729855623037,-3.126931262702));
#5349 = CARTESIAN_POINT('',(7.802328997828,-3.011287495305));
#5350 = ( GEOMETRIC_REPRESENTATION_CONTEXT(2) 
PARAMETRIC_REPRESENTATION_CONTEXT() REPRESENTATION_CONTEXT('2D SPACE',''
  ) );
#5351 = ORIENTED_EDGE('',*,*,#5352,.F.);
#5352 = EDGE_CURVE('',#5302,#5328,#5353,.T.);
#5353 = SURFACE_CURVE('',#5354,(#5357,#5364),.PCURVE_S1.);
#5354 = B_SPLINE_CURVE_WITH_KNOTS('',1,(#5355,#5356),.UNSPECIFIED.,.F.,
  .F.,(2,2),(0.,1.),.PIECEWISE_BEZIER_KNOTS.);
#5355 = CARTESIAN_POINT('',(-7.802328997828,-3.011287495305,0.));
#5356 = CARTESIAN_POINT('',(-7.802328997828,-3.011287495305,5.));
#5357 = PCURVE('',#5282,#5358);
#5358 = DEFINITIONAL_REPRESENTATION('',(#5359),#5363);
#5359 = LINE('',#5360,#5361);
#5360 = CARTESIAN_POINT('',(0.,1.));
#5361 = VECTOR('',#5362,1.);
#5362 = DIRECTION('',(1.,0.));
#5363 = ( GEOMETRIC_REPRESENTATION_CONTEXT(2) 
PARAMETRIC_REPRESENTATION_CONTEXT() REPRESENTATION_CONTEXT('2D SPACE',''
  ) );
#5364 = PCURVE('',#5365,#5374);
#5365 = B_SPLINE_SURFACE_WITH_KNOTS('',1,3,(
    (#5366,#5367,#5368,#5369)
    ,(#5370,#5371,#5372,#5373
    )),.UNSPECIFIED.,.F.,.F.,.F.,(2,2),(4,4),(0.,1.),(0.,1.),
  .PIECEWISE_BEZIER_KNOTS.);
#5366 = CARTESIAN_POINT('',(-7.802328997828,-3.011287495305,0.));
#5367 = CARTESIAN_POINT('',(-8.136388015964,-3.107221219506,0.));
#5368 = CARTESIAN_POINT('',(-8.492430335598,-3.088574929568,0.));
#5369 = CARTESIAN_POINT('',(-8.833867966047,-3.048245685382,0.));
#5370 = CARTESIAN_POINT('',(-7.802328997828,-3.011287495305,5.));
#5371 = CARTESIAN_POINT('',(-8.136388015964,-3.107221219506,5.));
#5372 = CARTESIAN_POINT('',(-8.492430335598,-3.088574929568,5.));
#5373 = CARTESIAN_POINT('',(-8.833867966047,-3.048245685382,5.));
#5374 = DEFINITIONAL_REPRESENTATION('',(#5375),#5379);
#5375 = LINE('',#5376,#5377);
#5376 = CARTESIAN_POINT('',(0.,0.));
#5377 = VECTOR('',#5378,1.);
#5378 = DIRECTION('',(1.,0.));
#5379 = ( GEOMETRIC_REPRESENTATION_CONTEXT(2) 
PARAMETRIC_REPRESENTATION_CONTEXT() REPRESENTATION_CONTEXT('2D SPACE',''
  ) );
#5380 = ADVANCED_FACE('',(#5381),#5365,.T.);
#5381 = FACE_BOUND('',#5382,.T.);
#5382 = EDGE_LOOP('',(#5383,#5408,#5409,#5434));
#5383 = ORIENTED_EDGE('',*,*,#5384,.F.);
#5384 = EDGE_CURVE('',#5302,#5385,#5387,.T.);
#5385 = VERTEX_POINT('',#5386);
#5386 = CARTESIAN_POINT('',(-8.833867966047,-3.048245685382,0.));
#5387 = SURFACE_CURVE('',#5388,(#5393,#5400),.PCURVE_S1.);
#5388 = B_SPLINE_CURVE_WITH_KNOTS('',3,(#5389,#5390,#5391,#5392),
  .UNSPECIFIED.,.F.,.F.,(4,4),(0.,1.),.PIECEWISE_BEZIER_KNOTS.);
#5389 = CARTESIAN_POINT('',(-7.802328997828,-3.011287495305,0.));
#5390 = CARTESIAN_POINT('',(-8.136388015964,-3.107221219506,0.));
#5391 = CARTESIAN_POINT('',(-8.492430335598,-3.088574929568,0.));
#5392 = CARTESIAN_POINT('',(-8.833867966047,-3.048245685382,0.));
#5393 = PCURVE('',#5365,#5394);
#5394 = DEFINITIONAL_REPRESENTATION('',(#5395),#5399);
#5395 = LINE('',#5396,#5397);
#5396 = CARTESIAN_POINT('',(0.,0.));
#5397 = VECTOR('',#5398,1.);
#5398 = DIRECTION('',(0.,1.));
#5399 = ( GEOMETRIC_REPRESENTATION_CONTEXT(2) 
PARAMETRIC_REPRESENTATION_CONTEXT() REPRESENTATION_CONTEXT('2D SPACE',''
  ) );
#5400 = PCURVE('',#49,#5401);
#5401 = DEFINITIONAL_REPRESENTATION('',(#5402),#5407);
#5402 = B_SPLINE_CURVE_WITH_KNOTS('',3,(#5403,#5404,#5405,#5406),
  .UNSPECIFIED.,.F.,.F.,(4,4),(0.,1.),.PIECEWISE_BEZIER_KNOTS.);
#5403 = CARTESIAN_POINT('',(-7.802328997828,-3.011287495305));
#5404 = CARTESIAN_POINT('',(-8.136388015964,-3.107221219506));
#5405 = CARTESIAN_POINT('',(-8.492430335598,-3.088574929568));
#5406 = CARTESIAN_POINT('',(-8.833867966047,-3.048245685382));
#5407 = ( GEOMETRIC_REPRESENTATION_CONTEXT(2) 
PARAMETRIC_REPRESENTATION_CONTEXT() REPRESENTATION_CONTEXT('2D SPACE',''
  ) );
#5408 = ORIENTED_EDGE('',*,*,#5352,.T.);
#5409 = ORIENTED_EDGE('',*,*,#5410,.T.);
#5410 = EDGE_CURVE('',#5328,#5411,#5413,.T.);
#5411 = VERTEX_POINT('',#5412);
#5412 = CARTESIAN_POINT('',(-8.833867966047,-3.048245685382,5.));
#5413 = SURFACE_CURVE('',#5414,(#5419,#5426),.PCURVE_S1.);
#5414 = B_SPLINE_CURVE_WITH_KNOTS('',3,(#5415,#5416,#5417,#5418),
  .UNSPECIFIED.,.F.,.F.,(4,4),(0.,1.),.PIECEWISE_BEZIER_KNOTS.);
#5415 = CARTESIAN_POINT('',(-7.802328997828,-3.011287495305,5.));
#5416 = CARTESIAN_POINT('',(-8.136388015964,-3.107221219506,5.));
#5417 = CARTESIAN_POINT('',(-8.492430335598,-3.088574929568,5.));
#5418 = CARTESIAN_POINT('',(-8.833867966047,-3.048245685382,5.));
#5419 = PCURVE('',#5365,#5420);
#5420 = DEFINITIONAL_REPRESENTATION('',(#5421),#5425);
#5421 = LINE('',#5422,#5423);
#5422 = CARTESIAN_POINT('',(1.,0.));
#5423 = VECTOR('',#5424,1.);
#5424 = DIRECTION('',(0.,1.));
#5425 = ( GEOMETRIC_REPRESENTATION_CONTEXT(2) 
PARAMETRIC_REPRESENTATION_CONTEXT() REPRESENTATION_CONTEXT('2D SPACE',''
  ) );
#5426 = PCURVE('',#110,#5427);
#5427 = DEFINITIONAL_REPRESENTATION('',(#5428),#5433);
#5428 = B_SPLINE_CURVE_WITH_KNOTS('',3,(#5429,#5430,#5431,#5432),
  .UNSPECIFIED.,.F.,.F.,(4,4),(0.,1.),.PIECEWISE_BEZIER_KNOTS.);
#5429 = CARTESIAN_POINT('',(7.802328997828,-3.011287495305));
#5430 = CARTESIAN_POINT('',(8.136388015964,-3.107221219506));
#5431 = CARTESIAN_POINT('',(8.492430335598,-3.088574929568));
#5432 = CARTESIAN_POINT('',(8.833867966047,-3.048245685382));
#5433 = ( GEOMETRIC_REPRESENTATION_CONTEXT(2) 
PARAMETRIC_REPRESENTATION_CONTEXT() REPRESENTATION_CONTEXT('2D SPACE',''
  ) );
#5434 = ORIENTED_EDGE('',*,*,#5435,.F.);
#5435 = EDGE_CURVE('',#5385,#5411,#5436,.T.);
#5436 = SURFACE_CURVE('',#5437,(#5440,#5447),.PCURVE_S1.);
#5437 = B_SPLINE_CURVE_WITH_KNOTS('',1,(#5438,#5439),.UNSPECIFIED.,.F.,
  .F.,(2,2),(0.,1.),.PIECEWISE_BEZIER_KNOTS.);
#5438 = CARTESIAN_POINT('',(-8.833867966047,-3.048245685382,0.));
#5439 = CARTESIAN_POINT('',(-8.833867966047,-3.048245685382,5.));
#5440 = PCURVE('',#5365,#5441);
#5441 = DEFINITIONAL_REPRESENTATION('',(#5442),#5446);
#5442 = LINE('',#5443,#5444);
#5443 = CARTESIAN_POINT('',(0.,1.));
#5444 = VECTOR('',#5445,1.);
#5445 = DIRECTION('',(1.,0.));
#5446 = ( GEOMETRIC_REPRESENTATION_CONTEXT(2) 
PARAMETRIC_REPRESENTATION_CONTEXT() REPRESENTATION_CONTEXT('2D SPACE',''
  ) );
#5447 = PCURVE('',#5448,#5457);
#5448 = B_SPLINE_SURFACE_WITH_KNOTS('',1,3,(
    (#5449,#5450,#5451,#5452)
    ,(#5453,#5454,#5455,#5456
    )),.UNSPECIFIED.,.F.,.F.,.F.,(2,2),(4,4),(0.,1.),(0.,1.),
  .PIECEWISE_BEZIER_KNOTS.);
#5449 = CARTESIAN_POINT('',(-8.833867966047,-3.048245685382,0.));
#5450 = CARTESIAN_POINT('',(-8.870672650073,-2.941585230342,0.));
#5451 = CARTESIAN_POINT('',(-8.905545342202,-2.834258119878,0.));
#5452 = CARTESIAN_POINT('',(-8.938463169828,-2.726334748637,0.));
#5453 = CARTESIAN_POINT('',(-8.833867966047,-3.048245685382,5.));
#5454 = CARTESIAN_POINT('',(-8.870672650073,-2.941585230342,5.));
#5455 = CARTESIAN_POINT('',(-8.905545342202,-2.834258119878,5.));
#5456 = CARTESIAN_POINT('',(-8.938463169828,-2.726334748637,5.));
#5457 = DEFINITIONAL_REPRESENTATION('',(#5458),#5462);
#5458 = LINE('',#5459,#5460);
#5459 = CARTESIAN_POINT('',(0.,0.));
#5460 = VECTOR('',#5461,1.);
#5461 = DIRECTION('',(1.,0.));
#5462 = ( GEOMETRIC_REPRESENTATION_CONTEXT(2) 
PARAMETRIC_REPRESENTATION_CONTEXT() REPRESENTATION_CONTEXT('2D SPACE',''
  ) );
#5463 = ADVANCED_FACE('',(#5464),#5448,.T.);
#5464 = FACE_BOUND('',#5465,.T.);
#5465 = EDGE_LOOP('',(#5466,#5491,#5492,#5517));
#5466 = ORIENTED_EDGE('',*,*,#5467,.F.);
#5467 = EDGE_CURVE('',#5385,#5468,#5470,.T.);
#5468 = VERTEX_POINT('',#5469);
#5469 = CARTESIAN_POINT('',(-8.938463169828,-2.726334748637,0.));
#5470 = SURFACE_CURVE('',#5471,(#5476,#5483),.PCURVE_S1.);
#5471 = B_SPLINE_CURVE_WITH_KNOTS('',3,(#5472,#5473,#5474,#5475),
  .UNSPECIFIED.,.F.,.F.,(4,4),(0.,1.),.PIECEWISE_BEZIER_KNOTS.);
#5472 = CARTESIAN_POINT('',(-8.833867966047,-3.048245685382,0.));
#5473 = CARTESIAN_POINT('',(-8.870672650073,-2.941585230342,0.));
#5474 = CARTESIAN_POINT('',(-8.905545342202,-2.834258119878,0.));
#5475 = CARTESIAN_POINT('',(-8.938463169828,-2.726334748637,0.));
#5476 = PCURVE('',#5448,#5477);
#5477 = DEFINITIONAL_REPRESENTATION('',(#5478),#5482);
#5478 = LINE('',#5479,#5480);
#5479 = CARTESIAN_POINT('',(0.,0.));
#5480 = VECTOR('',#5481,1.);
#5481 = DIRECTION('',(0.,1.));
#5482 = ( GEOMETRIC_REPRESENTATION_CONTEXT(2) 
PARAMETRIC_REPRESENTATION_CONTEXT() REPRESENTATION_CONTEXT('2D SPACE',''
  ) );
#5483 = PCURVE('',#49,#5484);
#5484 = DEFINITIONAL_REPRESENTATION('',(#5485),#5490);
#5485 = B_SPLINE_CURVE_WITH_KNOTS('',3,(#5486,#5487,#5488,#5489),
  .UNSPECIFIED.,.F.,.F.,(4,4),(0.,1.),.PIECEWISE_BEZIER_KNOTS.);
#5486 = CARTESIAN_POINT('',(-8.833867966047,-3.048245685382));
#5487 = CARTESIAN_POINT('',(-8.870672650073,-2.941585230342));
#5488 = CARTESIAN_POINT('',(-8.905545342203,-2.834258119878));
#5489 = CARTESIAN_POINT('',(-8.938463169828,-2.726334748637));
#5490 = ( GEOMETRIC_REPRESENTATION_CONTEXT(2) 
PARAMETRIC_REPRESENTATION_CONTEXT() REPRESENTATION_CONTEXT('2D SPACE',''
  ) );
#5491 = ORIENTED_EDGE('',*,*,#5435,.T.);
#5492 = ORIENTED_EDGE('',*,*,#5493,.T.);
#5493 = EDGE_CURVE('',#5411,#5494,#5496,.T.);
#5494 = VERTEX_POINT('',#5495);
#5495 = CARTESIAN_POINT('',(-8.938463169828,-2.726334748637,5.));
#5496 = SURFACE_CURVE('',#5497,(#5502,#5509),.PCURVE_S1.);
#5497 = B_SPLINE_CURVE_WITH_KNOTS('',3,(#5498,#5499,#5500,#5501),
  .UNSPECIFIED.,.F.,.F.,(4,4),(0.,1.),.PIECEWISE_BEZIER_KNOTS.);
#5498 = CARTESIAN_POINT('',(-8.833867966047,-3.048245685382,5.));
#5499 = CARTESIAN_POINT('',(-8.870672650073,-2.941585230342,5.));
#5500 = CARTESIAN_POINT('',(-8.905545342202,-2.834258119878,5.));
#5501 = CARTESIAN_POINT('',(-8.938463169828,-2.726334748637,5.));
#5502 = PCURVE('',#5448,#5503);
#5503 = DEFINITIONAL_REPRESENTATION('',(#5504),#5508);
#5504 = LINE('',#5505,#5506);
#5505 = CARTESIAN_POINT('',(1.,0.));
#5506 = VECTOR('',#5507,1.);
#5507 = DIRECTION('',(0.,1.));
#5508 = ( GEOMETRIC_REPRESENTATION_CONTEXT(2) 
PARAMETRIC_REPRESENTATION_CONTEXT() REPRESENTATION_CONTEXT('2D SPACE',''
  ) );
#5509 = PCURVE('',#110,#5510);
#5510 = DEFINITIONAL_REPRESENTATION('',(#5511),#5516);
#5511 = B_SPLINE_CURVE_WITH_KNOTS('',3,(#5512,#5513,#5514,#5515),
  .UNSPECIFIED.,.F.,.F.,(4,4),(0.,1.),.PIECEWISE_BEZIER_KNOTS.);
#5512 = CARTESIAN_POINT('',(8.833867966047,-3.048245685382));
#5513 = CARTESIAN_POINT('',(8.870672650073,-2.941585230342));
#5514 = CARTESIAN_POINT('',(8.905545342203,-2.834258119878));
#5515 = CARTESIAN_POINT('',(8.938463169828,-2.726334748637));
#5516 = ( GEOMETRIC_REPRESENTATION_CONTEXT(2) 
PARAMETRIC_REPRESENTATION_CONTEXT() REPRESENTATION_CONTEXT('2D SPACE',''
  ) );
#5517 = ORIENTED_EDGE('',*,*,#5518,.F.);
#5518 = EDGE_CURVE('',#5468,#5494,#5519,.T.);
#5519 = SURFACE_CURVE('',#5520,(#5523,#5530),.PCURVE_S1.);
#5520 = B_SPLINE_CURVE_WITH_KNOTS('',1,(#5521,#5522),.UNSPECIFIED.,.F.,
  .F.,(2,2),(0.,1.),.PIECEWISE_BEZIER_KNOTS.);
#5521 = CARTESIAN_POINT('',(-8.938463169828,-2.726334748637,0.));
#5522 = CARTESIAN_POINT('',(-8.938463169828,-2.726334748637,5.));
#5523 = PCURVE('',#5448,#5524);
#5524 = DEFINITIONAL_REPRESENTATION('',(#5525),#5529);
#5525 = LINE('',#5526,#5527);
#5526 = CARTESIAN_POINT('',(0.,1.));
#5527 = VECTOR('',#5528,1.);
#5528 = DIRECTION('',(1.,0.));
#5529 = ( GEOMETRIC_REPRESENTATION_CONTEXT(2) 
PARAMETRIC_REPRESENTATION_CONTEXT() REPRESENTATION_CONTEXT('2D SPACE',''
  ) );
#5530 = PCURVE('',#5531,#5540);
#5531 = B_SPLINE_SURFACE_WITH_KNOTS('',1,3,(
    (#5532,#5533,#5534,#5535)
    ,(#5536,#5537,#5538,#5539
    )),.UNSPECIFIED.,.F.,.F.,.F.,(2,2),(4,4),(0.,1.),(0.,1.),
  .PIECEWISE_BEZIER_KNOTS.);
#5532 = CARTESIAN_POINT('',(-8.938463169828,-2.726334748637,0.));
#5533 = CARTESIAN_POINT('',(-8.685939259244,-2.493015700965,0.));
#5534 = CARTESIAN_POINT('',(-8.408854986179,-2.26865411085,0.));
#5535 = CARTESIAN_POINT('',(-8.0822071351,-2.149911159806,0.));
#5536 = CARTESIAN_POINT('',(-8.938463169828,-2.726334748637,5.));
#5537 = CARTESIAN_POINT('',(-8.685939259244,-2.493015700965,5.));
#5538 = CARTESIAN_POINT('',(-8.408854986179,-2.26865411085,5.));
#5539 = CARTESIAN_POINT('',(-8.0822071351,-2.149911159806,5.));
#5540 = DEFINITIONAL_REPRESENTATION('',(#5541),#5545);
#5541 = LINE('',#5542,#5543);
#5542 = CARTESIAN_POINT('',(0.,0.));
#5543 = VECTOR('',#5544,1.);
#5544 = DIRECTION('',(1.,0.));
#5545 = ( GEOMETRIC_REPRESENTATION_CONTEXT(2) 
PARAMETRIC_REPRESENTATION_CONTEXT() REPRESENTATION_CONTEXT('2D SPACE',''
  ) );
#5546 = ADVANCED_FACE('',(#5547),#5531,.T.);
#5547 = FACE_BOUND('',#5548,.T.);
#5548 = EDGE_LOOP('',(#5549,#5574,#5575,#5600));
#5549 = ORIENTED_EDGE('',*,*,#5550,.F.);
#5550 = EDGE_CURVE('',#5468,#5551,#5553,.T.);
#5551 = VERTEX_POINT('',#5552);
#5552 = CARTESIAN_POINT('',(-8.0822071351,-2.149911159806,0.));
#5553 = SURFACE_CURVE('',#5554,(#5559,#5566),.PCURVE_S1.);
#5554 = B_SPLINE_CURVE_WITH_KNOTS('',3,(#5555,#5556,#5557,#5558),
  .UNSPECIFIED.,.F.,.F.,(4,4),(0.,1.),.PIECEWISE_BEZIER_KNOTS.);
#5555 = CARTESIAN_POINT('',(-8.938463169828,-2.726334748637,0.));
#5556 = CARTESIAN_POINT('',(-8.685939259244,-2.493015700965,0.));
#5557 = CARTESIAN_POINT('',(-8.408854986179,-2.26865411085,0.));
#5558 = CARTESIAN_POINT('',(-8.0822071351,-2.149911159806,0.));
#5559 = PCURVE('',#5531,#5560);
#5560 = DEFINITIONAL_REPRESENTATION('',(#5561),#5565);
#5561 = LINE('',#5562,#5563);
#5562 = CARTESIAN_POINT('',(0.,0.));
#5563 = VECTOR('',#5564,1.);
#5564 = DIRECTION('',(0.,1.));
#5565 = ( GEOMETRIC_REPRESENTATION_CONTEXT(2) 
PARAMETRIC_REPRESENTATION_CONTEXT() REPRESENTATION_CONTEXT('2D SPACE',''
  ) );
#5566 = PCURVE('',#49,#5567);
#5567 = DEFINITIONAL_REPRESENTATION('',(#5568),#5573);
#5568 = B_SPLINE_CURVE_WITH_KNOTS('',3,(#5569,#5570,#5571,#5572),
  .UNSPECIFIED.,.F.,.F.,(4,4),(0.,1.),.PIECEWISE_BEZIER_KNOTS.);
#5569 = CARTESIAN_POINT('',(-8.938463169828,-2.726334748637));
#5570 = CARTESIAN_POINT('',(-8.685939259244,-2.493015700965));
#5571 = CARTESIAN_POINT('',(-8.408854986179,-2.26865411085));
#5572 = CARTESIAN_POINT('',(-8.0822071351,-2.149911159806));
#5573 = ( GEOMETRIC_REPRESENTATION_CONTEXT(2) 
PARAMETRIC_REPRESENTATION_CONTEXT() REPRESENTATION_CONTEXT('2D SPACE',''
  ) );
#5574 = ORIENTED_EDGE('',*,*,#5518,.T.);
#5575 = ORIENTED_EDGE('',*,*,#5576,.T.);
#5576 = EDGE_CURVE('',#5494,#5577,#5579,.T.);
#5577 = VERTEX_POINT('',#5578);
#5578 = CARTESIAN_POINT('',(-8.0822071351,-2.149911159806,5.));
#5579 = SURFACE_CURVE('',#5580,(#5585,#5592),.PCURVE_S1.);
#5580 = B_SPLINE_CURVE_WITH_KNOTS('',3,(#5581,#5582,#5583,#5584),
  .UNSPECIFIED.,.F.,.F.,(4,4),(0.,1.),.PIECEWISE_BEZIER_KNOTS.);
#5581 = CARTESIAN_POINT('',(-8.938463169828,-2.726334748637,5.));
#5582 = CARTESIAN_POINT('',(-8.685939259244,-2.493015700965,5.));
#5583 = CARTESIAN_POINT('',(-8.408854986179,-2.26865411085,5.));
#5584 = CARTESIAN_POINT('',(-8.0822071351,-2.149911159806,5.));
#5585 = PCURVE('',#5531,#5586);
#5586 = DEFINITIONAL_REPRESENTATION('',(#5587),#5591);
#5587 = LINE('',#5588,#5589);
#5588 = CARTESIAN_POINT('',(1.,0.));
#5589 = VECTOR('',#5590,1.);
#5590 = DIRECTION('',(0.,1.));
#5591 = ( GEOMETRIC_REPRESENTATION_CONTEXT(2) 
PARAMETRIC_REPRESENTATION_CONTEXT() REPRESENTATION_CONTEXT('2D SPACE',''
  ) );
#5592 = PCURVE('',#110,#5593);
#5593 = DEFINITIONAL_REPRESENTATION('',(#5594),#5599);
#5594 = B_SPLINE_CURVE_WITH_KNOTS('',3,(#5595,#5596,#5597,#5598),
  .UNSPECIFIED.,.F.,.F.,(4,4),(0.,1.),.PIECEWISE_BEZIER_KNOTS.);
#5595 = CARTESIAN_POINT('',(8.938463169828,-2.726334748637));
#5596 = CARTESIAN_POINT('',(8.685939259244,-2.493015700965));
#5597 = CARTESIAN_POINT('',(8.408854986179,-2.26865411085));
#5598 = CARTESIAN_POINT('',(8.0822071351,-2.149911159806));
#5599 = ( GEOMETRIC_REPRESENTATION_CONTEXT(2) 
PARAMETRIC_REPRESENTATION_CONTEXT() REPRESENTATION_CONTEXT('2D SPACE',''
  ) );
#5600 = ORIENTED_EDGE('',*,*,#5601,.F.);
#5601 = EDGE_CURVE('',#5551,#5577,#5602,.T.);
#5602 = SURFACE_CURVE('',#5603,(#5606,#5613),.PCURVE_S1.);
#5603 = B_SPLINE_CURVE_WITH_KNOTS('',1,(#5604,#5605),.UNSPECIFIED.,.F.,
  .F.,(2,2),(0.,1.),.PIECEWISE_BEZIER_KNOTS.);
#5604 = CARTESIAN_POINT('',(-8.0822071351,-2.149911159806,0.));
#5605 = CARTESIAN_POINT('',(-8.0822071351,-2.149911159806,5.));
#5606 = PCURVE('',#5531,#5607);
#5607 = DEFINITIONAL_REPRESENTATION('',(#5608),#5612);
#5608 = LINE('',#5609,#5610);
#5609 = CARTESIAN_POINT('',(0.,1.));
#5610 = VECTOR('',#5611,1.);
#5611 = DIRECTION('',(1.,0.));
#5612 = ( GEOMETRIC_REPRESENTATION_CONTEXT(2) 
PARAMETRIC_REPRESENTATION_CONTEXT() REPRESENTATION_CONTEXT('2D SPACE',''
  ) );
#5613 = PCURVE('',#5614,#5623);
#5614 = B_SPLINE_SURFACE_WITH_KNOTS('',1,3,(
    (#5615,#5616,#5617,#5618)
    ,(#5619,#5620,#5621,#5622
    )),.UNSPECIFIED.,.F.,.F.,.F.,(2,2),(4,4),(0.,1.),(0.,1.),
  .PIECEWISE_BEZIER_KNOTS.);
#5615 = CARTESIAN_POINT('',(-8.0822071351,-2.149911159806,0.));
#5616 = CARTESIAN_POINT('',(-8.09154864425,-2.013754605803,0.));
#5617 = CARTESIAN_POINT('',(-8.123848092656,-1.879217720785,0.));
#5618 = CARTESIAN_POINT('',(-8.177338529052,-1.75366038645,0.));
#5619 = CARTESIAN_POINT('',(-8.0822071351,-2.149911159806,5.));
#5620 = CARTESIAN_POINT('',(-8.09154864425,-2.013754605803,5.));
#5621 = CARTESIAN_POINT('',(-8.123848092656,-1.879217720785,5.));
#5622 = CARTESIAN_POINT('',(-8.177338529052,-1.75366038645,5.));
#5623 = DEFINITIONAL_REPRESENTATION('',(#5624),#5628);
#5624 = LINE('',#5625,#5626);
#5625 = CARTESIAN_POINT('',(0.,0.));
#5626 = VECTOR('',#5627,1.);
#5627 = DIRECTION('',(1.,0.));
#5628 = ( GEOMETRIC_REPRESENTATION_CONTEXT(2) 
PARAMETRIC_REPRESENTATION_CONTEXT() REPRESENTATION_CONTEXT('2D SPACE',''
  ) );
#5629 = ADVANCED_FACE('',(#5630),#5614,.T.);
#5630 = FACE_BOUND('',#5631,.T.);
#5631 = EDGE_LOOP('',(#5632,#5657,#5658,#5683));
#5632 = ORIENTED_EDGE('',*,*,#5633,.F.);
#5633 = EDGE_CURVE('',#5551,#5634,#5636,.T.);
#5634 = VERTEX_POINT('',#5635);
#5635 = CARTESIAN_POINT('',(-8.177338529052,-1.75366038645,0.));
#5636 = SURFACE_CURVE('',#5637,(#5642,#5649),.PCURVE_S1.);
#5637 = B_SPLINE_CURVE_WITH_KNOTS('',3,(#5638,#5639,#5640,#5641),
  .UNSPECIFIED.,.F.,.F.,(4,4),(0.,1.),.PIECEWISE_BEZIER_KNOTS.);
#5638 = CARTESIAN_POINT('',(-8.0822071351,-2.149911159806,0.));
#5639 = CARTESIAN_POINT('',(-8.09154864425,-2.013754605803,0.));
#5640 = CARTESIAN_POINT('',(-8.123848092656,-1.879217720785,0.));
#5641 = CARTESIAN_POINT('',(-8.177338529052,-1.75366038645,0.));
#5642 = PCURVE('',#5614,#5643);
#5643 = DEFINITIONAL_REPRESENTATION('',(#5644),#5648);
#5644 = LINE('',#5645,#5646);
#5645 = CARTESIAN_POINT('',(0.,0.));
#5646 = VECTOR('',#5647,1.);
#5647 = DIRECTION('',(0.,1.));
#5648 = ( GEOMETRIC_REPRESENTATION_CONTEXT(2) 
PARAMETRIC_REPRESENTATION_CONTEXT() REPRESENTATION_CONTEXT('2D SPACE',''
  ) );
#5649 = PCURVE('',#49,#5650);
#5650 = DEFINITIONAL_REPRESENTATION('',(#5651),#5656);
#5651 = B_SPLINE_CURVE_WITH_KNOTS('',3,(#5652,#5653,#5654,#5655),
  .UNSPECIFIED.,.F.,.F.,(4,4),(0.,1.),.PIECEWISE_BEZIER_KNOTS.);
#5652 = CARTESIAN_POINT('',(-8.0822071351,-2.149911159806));
#5653 = CARTESIAN_POINT('',(-8.09154864425,-2.013754605803));
#5654 = CARTESIAN_POINT('',(-8.123848092656,-1.879217720785));
#5655 = CARTESIAN_POINT('',(-8.177338529052,-1.75366038645));
#5656 = ( GEOMETRIC_REPRESENTATION_CONTEXT(2) 
PARAMETRIC_REPRESENTATION_CONTEXT() REPRESENTATION_CONTEXT('2D SPACE',''
  ) );
#5657 = ORIENTED_EDGE('',*,*,#5601,.T.);
#5658 = ORIENTED_EDGE('',*,*,#5659,.T.);
#5659 = EDGE_CURVE('',#5577,#5660,#5662,.T.);
#5660 = VERTEX_POINT('',#5661);
#5661 = CARTESIAN_POINT('',(-8.177338529052,-1.75366038645,5.));
#5662 = SURFACE_CURVE('',#5663,(#5668,#5675),.PCURVE_S1.);
#5663 = B_SPLINE_CURVE_WITH_KNOTS('',3,(#5664,#5665,#5666,#5667),
  .UNSPECIFIED.,.F.,.F.,(4,4),(0.,1.),.PIECEWISE_BEZIER_KNOTS.);
#5664 = CARTESIAN_POINT('',(-8.0822071351,-2.149911159806,5.));
#5665 = CARTESIAN_POINT('',(-8.09154864425,-2.013754605803,5.));
#5666 = CARTESIAN_POINT('',(-8.123848092656,-1.879217720785,5.));
#5667 = CARTESIAN_POINT('',(-8.177338529052,-1.75366038645,5.));
#5668 = PCURVE('',#5614,#5669);
#5669 = DEFINITIONAL_REPRESENTATION('',(#5670),#5674);
#5670 = LINE('',#5671,#5672);
#5671 = CARTESIAN_POINT('',(1.,0.));
#5672 = VECTOR('',#5673,1.);
#5673 = DIRECTION('',(0.,1.));
#5674 = ( GEOMETRIC_REPRESENTATION_CONTEXT(2) 
PARAMETRIC_REPRESENTATION_CONTEXT() REPRESENTATION_CONTEXT('2D SPACE',''
  ) );
#5675 = PCURVE('',#110,#5676);
#5676 = DEFINITIONAL_REPRESENTATION('',(#5677),#5682);
#5677 = B_SPLINE_CURVE_WITH_KNOTS('',3,(#5678,#5679,#5680,#5681),
  .UNSPECIFIED.,.F.,.F.,(4,4),(0.,1.),.PIECEWISE_BEZIER_KNOTS.);
#5678 = CARTESIAN_POINT('',(8.0822071351,-2.149911159806));
#5679 = CARTESIAN_POINT('',(8.09154864425,-2.013754605803));
#5680 = CARTESIAN_POINT('',(8.123848092656,-1.879217720785));
#5681 = CARTESIAN_POINT('',(8.177338529052,-1.75366038645));
#5682 = ( GEOMETRIC_REPRESENTATION_CONTEXT(2) 
PARAMETRIC_REPRESENTATION_CONTEXT() REPRESENTATION_CONTEXT('2D SPACE',''
  ) );
#5683 = ORIENTED_EDGE('',*,*,#5684,.F.);
#5684 = EDGE_CURVE('',#5634,#5660,#5685,.T.);
#5685 = SURFACE_CURVE('',#5686,(#5689,#5696),.PCURVE_S1.);
#5686 = B_SPLINE_CURVE_WITH_KNOTS('',1,(#5687,#5688),.UNSPECIFIED.,.F.,
  .F.,(2,2),(0.,1.),.PIECEWISE_BEZIER_KNOTS.);
#5687 = CARTESIAN_POINT('',(-8.177338529052,-1.75366038645,0.));
#5688 = CARTESIAN_POINT('',(-8.177338529052,-1.75366038645,5.));
#5689 = PCURVE('',#5614,#5690);
#5690 = DEFINITIONAL_REPRESENTATION('',(#5691),#5695);
#5691 = LINE('',#5692,#5693);
#5692 = CARTESIAN_POINT('',(0.,1.));
#5693 = VECTOR('',#5694,1.);
#5694 = DIRECTION('',(1.,0.));
#5695 = ( GEOMETRIC_REPRESENTATION_CONTEXT(2) 
PARAMETRIC_REPRESENTATION_CONTEXT() REPRESENTATION_CONTEXT('2D SPACE',''
  ) );
#5696 = PCURVE('',#5697,#5706);
#5697 = B_SPLINE_SURFACE_WITH_KNOTS('',1,3,(
    (#5698,#5699,#5700,#5701)
    ,(#5702,#5703,#5704,#5705
    )),.UNSPECIFIED.,.F.,.F.,.F.,(2,2),(4,4),(0.,1.),(0.,1.),
  .PIECEWISE_BEZIER_KNOTS.);
#5698 = CARTESIAN_POINT('',(-8.177338529052,-1.75366038645,0.));
#5699 = CARTESIAN_POINT('',(-8.522292067161,-1.796154663518,0.));
#5700 = CARTESIAN_POINT('',(-8.87103399263,-1.722040650548,0.));
#5701 = CARTESIAN_POINT('',(-9.201959075525,-1.628795313216,0.));
#5702 = CARTESIAN_POINT('',(-8.177338529052,-1.75366038645,5.));
#5703 = CARTESIAN_POINT('',(-8.522292067161,-1.796154663518,5.));
#5704 = CARTESIAN_POINT('',(-8.87103399263,-1.722040650548,5.));
#5705 = CARTESIAN_POINT('',(-9.201959075525,-1.628795313216,5.));
#5706 = DEFINITIONAL_REPRESENTATION('',(#5707),#5711);
#5707 = LINE('',#5708,#5709);
#5708 = CARTESIAN_POINT('',(0.,0.));
#5709 = VECTOR('',#5710,1.);
#5710 = DIRECTION('',(1.,0.));
#5711 = ( GEOMETRIC_REPRESENTATION_CONTEXT(2) 
PARAMETRIC_REPRESENTATION_CONTEXT() REPRESENTATION_CONTEXT('2D SPACE',''
  ) );
#5712 = ADVANCED_FACE('',(#5713),#5697,.T.);
#5713 = FACE_BOUND('',#5714,.T.);
#5714 = EDGE_LOOP('',(#5715,#5740,#5741,#5766));
#5715 = ORIENTED_EDGE('',*,*,#5716,.F.);
#5716 = EDGE_CURVE('',#5634,#5717,#5719,.T.);
#5717 = VERTEX_POINT('',#5718);
#5718 = CARTESIAN_POINT('',(-9.201959075525,-1.628795313216,0.));
#5719 = SURFACE_CURVE('',#5720,(#5725,#5732),.PCURVE_S1.);
#5720 = B_SPLINE_CURVE_WITH_KNOTS('',3,(#5721,#5722,#5723,#5724),
  .UNSPECIFIED.,.F.,.F.,(4,4),(0.,1.),.PIECEWISE_BEZIER_KNOTS.);
#5721 = CARTESIAN_POINT('',(-8.177338529052,-1.75366038645,0.));
#5722 = CARTESIAN_POINT('',(-8.522292067161,-1.796154663518,0.));
#5723 = CARTESIAN_POINT('',(-8.87103399263,-1.722040650548,0.));
#5724 = CARTESIAN_POINT('',(-9.201959075525,-1.628795313216,0.));
#5725 = PCURVE('',#5697,#5726);
#5726 = DEFINITIONAL_REPRESENTATION('',(#5727),#5731);
#5727 = LINE('',#5728,#5729);
#5728 = CARTESIAN_POINT('',(0.,0.));
#5729 = VECTOR('',#5730,1.);
#5730 = DIRECTION('',(0.,1.));
#5731 = ( GEOMETRIC_REPRESENTATION_CONTEXT(2) 
PARAMETRIC_REPRESENTATION_CONTEXT() REPRESENTATION_CONTEXT('2D SPACE',''
  ) );
#5732 = PCURVE('',#49,#5733);
#5733 = DEFINITIONAL_REPRESENTATION('',(#5734),#5739);
#5734 = B_SPLINE_CURVE_WITH_KNOTS('',3,(#5735,#5736,#5737,#5738),
  .UNSPECIFIED.,.F.,.F.,(4,4),(0.,1.),.PIECEWISE_BEZIER_KNOTS.);
#5735 = CARTESIAN_POINT('',(-8.177338529052,-1.75366038645));
#5736 = CARTESIAN_POINT('',(-8.522292067161,-1.796154663518));
#5737 = CARTESIAN_POINT('',(-8.87103399263,-1.722040650548));
#5738 = CARTESIAN_POINT('',(-9.201959075525,-1.628795313216));
#5739 = ( GEOMETRIC_REPRESENTATION_CONTEXT(2) 
PARAMETRIC_REPRESENTATION_CONTEXT() REPRESENTATION_CONTEXT('2D SPACE',''
  ) );
#5740 = ORIENTED_EDGE('',*,*,#5684,.T.);
#5741 = ORIENTED_EDGE('',*,*,#5742,.T.);
#5742 = EDGE_CURVE('',#5660,#5743,#5745,.T.);
#5743 = VERTEX_POINT('',#5744);
#5744 = CARTESIAN_POINT('',(-9.201959075525,-1.628795313216,5.));
#5745 = SURFACE_CURVE('',#5746,(#5751,#5758),.PCURVE_S1.);
#5746 = B_SPLINE_CURVE_WITH_KNOTS('',3,(#5747,#5748,#5749,#5750),
  .UNSPECIFIED.,.F.,.F.,(4,4),(0.,1.),.PIECEWISE_BEZIER_KNOTS.);
#5747 = CARTESIAN_POINT('',(-8.177338529052,-1.75366038645,5.));
#5748 = CARTESIAN_POINT('',(-8.522292067161,-1.796154663518,5.));
#5749 = CARTESIAN_POINT('',(-8.87103399263,-1.722040650548,5.));
#5750 = CARTESIAN_POINT('',(-9.201959075525,-1.628795313216,5.));
#5751 = PCURVE('',#5697,#5752);
#5752 = DEFINITIONAL_REPRESENTATION('',(#5753),#5757);
#5753 = LINE('',#5754,#5755);
#5754 = CARTESIAN_POINT('',(1.,0.));
#5755 = VECTOR('',#5756,1.);
#5756 = DIRECTION('',(0.,1.));
#5757 = ( GEOMETRIC_REPRESENTATION_CONTEXT(2) 
PARAMETRIC_REPRESENTATION_CONTEXT() REPRESENTATION_CONTEXT('2D SPACE',''
  ) );
#5758 = PCURVE('',#110,#5759);
#5759 = DEFINITIONAL_REPRESENTATION('',(#5760),#5765);
#5760 = B_SPLINE_CURVE_WITH_KNOTS('',3,(#5761,#5762,#5763,#5764),
  .UNSPECIFIED.,.F.,.F.,(4,4),(0.,1.),.PIECEWISE_BEZIER_KNOTS.);
#5761 = CARTESIAN_POINT('',(8.177338529052,-1.75366038645));
#5762 = CARTESIAN_POINT('',(8.522292067161,-1.796154663518));
#5763 = CARTESIAN_POINT('',(8.87103399263,-1.722040650548));
#5764 = CARTESIAN_POINT('',(9.201959075525,-1.628795313216));
#5765 = ( GEOMETRIC_REPRESENTATION_CONTEXT(2) 
PARAMETRIC_REPRESENTATION_CONTEXT() REPRESENTATION_CONTEXT('2D SPACE',''
  ) );
#5766 = ORIENTED_EDGE('',*,*,#5767,.F.);
#5767 = EDGE_CURVE('',#5717,#5743,#5768,.T.);
#5768 = SURFACE_CURVE('',#5769,(#5772,#5779),.PCURVE_S1.);
#5769 = B_SPLINE_CURVE_WITH_KNOTS('',1,(#5770,#5771),.UNSPECIFIED.,.F.,
  .F.,(2,2),(0.,1.),.PIECEWISE_BEZIER_KNOTS.);
#5770 = CARTESIAN_POINT('',(-9.201959075525,-1.628795313216,0.));
#5771 = CARTESIAN_POINT('',(-9.201959075525,-1.628795313216,5.));
#5772 = PCURVE('',#5697,#5773);
#5773 = DEFINITIONAL_REPRESENTATION('',(#5774),#5778);
#5774 = LINE('',#5775,#5776);
#5775 = CARTESIAN_POINT('',(0.,1.));
#5776 = VECTOR('',#5777,1.);
#5777 = DIRECTION('',(1.,0.));
#5778 = ( GEOMETRIC_REPRESENTATION_CONTEXT(2) 
PARAMETRIC_REPRESENTATION_CONTEXT() REPRESENTATION_CONTEXT('2D SPACE',''
  ) );
#5779 = PCURVE('',#5780,#5789);
#5780 = B_SPLINE_SURFACE_WITH_KNOTS('',1,3,(
    (#5781,#5782,#5783,#5784)
    ,(#5785,#5786,#5787,#5788
    )),.UNSPECIFIED.,.F.,.F.,.F.,(2,2),(4,4),(0.,1.),(0.,1.),
  .PIECEWISE_BEZIER_KNOTS.);
#5781 = CARTESIAN_POINT('',(-9.201959075525,-1.628795313216,0.));
#5782 = CARTESIAN_POINT('',(-9.221625261592,-1.517690504314,0.));
#5783 = CARTESIAN_POINT('',(-9.239278953904,-1.406229477742,0.));
#5784 = CARTESIAN_POINT('',(-9.254908573602,-1.294485339535,0.));
#5785 = CARTESIAN_POINT('',(-9.201959075525,-1.628795313216,5.));
#5786 = CARTESIAN_POINT('',(-9.221625261592,-1.517690504314,5.));
#5787 = CARTESIAN_POINT('',(-9.239278953904,-1.406229477742,5.));
#5788 = CARTESIAN_POINT('',(-9.254908573602,-1.294485339535,5.));
#5789 = DEFINITIONAL_REPRESENTATION('',(#5790),#5794);
#5790 = LINE('',#5791,#5792);
#5791 = CARTESIAN_POINT('',(0.,0.));
#5792 = VECTOR('',#5793,1.);
#5793 = DIRECTION('',(1.,0.));
#5794 = ( GEOMETRIC_REPRESENTATION_CONTEXT(2) 
PARAMETRIC_REPRESENTATION_CONTEXT() REPRESENTATION_CONTEXT('2D SPACE',''
  ) );
#5795 = ADVANCED_FACE('',(#5796),#5780,.T.);
#5796 = FACE_BOUND('',#5797,.T.);
#5797 = EDGE_LOOP('',(#5798,#5823,#5824,#5849));
#5798 = ORIENTED_EDGE('',*,*,#5799,.F.);
#5799 = EDGE_CURVE('',#5717,#5800,#5802,.T.);
#5800 = VERTEX_POINT('',#5801);
#5801 = CARTESIAN_POINT('',(-9.254908573602,-1.294485339535,0.));
#5802 = SURFACE_CURVE('',#5803,(#5808,#5815),.PCURVE_S1.);
#5803 = B_SPLINE_CURVE_WITH_KNOTS('',3,(#5804,#5805,#5806,#5807),
  .UNSPECIFIED.,.F.,.F.,(4,4),(0.,1.),.PIECEWISE_BEZIER_KNOTS.);
#5804 = CARTESIAN_POINT('',(-9.201959075525,-1.628795313216,0.));
#5805 = CARTESIAN_POINT('',(-9.221625261592,-1.517690504314,0.));
#5806 = CARTESIAN_POINT('',(-9.239278953904,-1.406229477742,0.));
#5807 = CARTESIAN_POINT('',(-9.254908573602,-1.294485339535,0.));
#5808 = PCURVE('',#5780,#5809);
#5809 = DEFINITIONAL_REPRESENTATION('',(#5810),#5814);
#5810 = LINE('',#5811,#5812);
#5811 = CARTESIAN_POINT('',(0.,0.));
#5812 = VECTOR('',#5813,1.);
#5813 = DIRECTION('',(0.,1.));
#5814 = ( GEOMETRIC_REPRESENTATION_CONTEXT(2) 
PARAMETRIC_REPRESENTATION_CONTEXT() REPRESENTATION_CONTEXT('2D SPACE',''
  ) );
#5815 = PCURVE('',#49,#5816);
#5816 = DEFINITIONAL_REPRESENTATION('',(#5817),#5822);
#5817 = B_SPLINE_CURVE_WITH_KNOTS('',3,(#5818,#5819,#5820,#5821),
  .UNSPECIFIED.,.F.,.F.,(4,4),(0.,1.),.PIECEWISE_BEZIER_KNOTS.);
#5818 = CARTESIAN_POINT('',(-9.201959075525,-1.628795313216));
#5819 = CARTESIAN_POINT('',(-9.221625261592,-1.517690504314));
#5820 = CARTESIAN_POINT('',(-9.239278953904,-1.406229477742));
#5821 = CARTESIAN_POINT('',(-9.254908573602,-1.294485339535));
#5822 = ( GEOMETRIC_REPRESENTATION_CONTEXT(2) 
PARAMETRIC_REPRESENTATION_CONTEXT() REPRESENTATION_CONTEXT('2D SPACE',''
  ) );
#5823 = ORIENTED_EDGE('',*,*,#5767,.T.);
#5824 = ORIENTED_EDGE('',*,*,#5825,.T.);
#5825 = EDGE_CURVE('',#5743,#5826,#5828,.T.);
#5826 = VERTEX_POINT('',#5827);
#5827 = CARTESIAN_POINT('',(-9.254908573602,-1.294485339535,5.));
#5828 = SURFACE_CURVE('',#5829,(#5834,#5841),.PCURVE_S1.);
#5829 = B_SPLINE_CURVE_WITH_KNOTS('',3,(#5830,#5831,#5832,#5833),
  .UNSPECIFIED.,.F.,.F.,(4,4),(0.,1.),.PIECEWISE_BEZIER_KNOTS.);
#5830 = CARTESIAN_POINT('',(-9.201959075525,-1.628795313216,5.));
#5831 = CARTESIAN_POINT('',(-9.221625261592,-1.517690504314,5.));
#5832 = CARTESIAN_POINT('',(-9.239278953904,-1.406229477742,5.));
#5833 = CARTESIAN_POINT('',(-9.254908573602,-1.294485339535,5.));
#5834 = PCURVE('',#5780,#5835);
#5835 = DEFINITIONAL_REPRESENTATION('',(#5836),#5840);
#5836 = LINE('',#5837,#5838);
#5837 = CARTESIAN_POINT('',(1.,0.));
#5838 = VECTOR('',#5839,1.);
#5839 = DIRECTION('',(0.,1.));
#5840 = ( GEOMETRIC_REPRESENTATION_CONTEXT(2) 
PARAMETRIC_REPRESENTATION_CONTEXT() REPRESENTATION_CONTEXT('2D SPACE',''
  ) );
#5841 = PCURVE('',#110,#5842);
#5842 = DEFINITIONAL_REPRESENTATION('',(#5843),#5848);
#5843 = B_SPLINE_CURVE_WITH_KNOTS('',3,(#5844,#5845,#5846,#5847),
  .UNSPECIFIED.,.F.,.F.,(4,4),(0.,1.),.PIECEWISE_BEZIER_KNOTS.);
#5844 = CARTESIAN_POINT('',(9.201959075525,-1.628795313216));
#5845 = CARTESIAN_POINT('',(9.221625261592,-1.517690504314));
#5846 = CARTESIAN_POINT('',(9.239278953904,-1.406229477742));
#5847 = CARTESIAN_POINT('',(9.254908573602,-1.294485339535));
#5848 = ( GEOMETRIC_REPRESENTATION_CONTEXT(2) 
PARAMETRIC_REPRESENTATION_CONTEXT() REPRESENTATION_CONTEXT('2D SPACE',''
  ) );
#5849 = ORIENTED_EDGE('',*,*,#5850,.F.);
#5850 = EDGE_CURVE('',#5800,#5826,#5851,.T.);
#5851 = SURFACE_CURVE('',#5852,(#5855,#5862),.PCURVE_S1.);
#5852 = B_SPLINE_CURVE_WITH_KNOTS('',1,(#5853,#5854),.UNSPECIFIED.,.F.,
  .F.,(2,2),(0.,1.),.PIECEWISE_BEZIER_KNOTS.);
#5853 = CARTESIAN_POINT('',(-9.254908573602,-1.294485339535,0.));
#5854 = CARTESIAN_POINT('',(-9.254908573602,-1.294485339535,5.));
#5855 = PCURVE('',#5780,#5856);
#5856 = DEFINITIONAL_REPRESENTATION('',(#5857),#5861);
#5857 = LINE('',#5858,#5859);
#5858 = CARTESIAN_POINT('',(0.,1.));
#5859 = VECTOR('',#5860,1.);
#5860 = DIRECTION('',(1.,0.));
#5861 = ( GEOMETRIC_REPRESENTATION_CONTEXT(2) 
PARAMETRIC_REPRESENTATION_CONTEXT() REPRESENTATION_CONTEXT('2D SPACE',''
  ) );
#5862 = PCURVE('',#5863,#5872);
#5863 = B_SPLINE_SURFACE_WITH_KNOTS('',1,3,(
    (#5864,#5865,#5866,#5867)
    ,(#5868,#5869,#5870,#5871
    )),.UNSPECIFIED.,.F.,.F.,.F.,(2,2),(4,4),(0.,1.),(0.,1.),
  .PIECEWISE_BEZIER_KNOTS.);
#5864 = CARTESIAN_POINT('',(-9.254908573602,-1.294485339535,0.));
#5865 = CARTESIAN_POINT('',(-8.96899451099,-1.103542279372,0.));
#5866 = CARTESIAN_POINT('',(-8.660223719797,-0.925288482766,0.));
#5867 = CARTESIAN_POINT('',(-8.319021955782,-0.859106436332,0.));
#5868 = CARTESIAN_POINT('',(-9.254908573602,-1.294485339535,5.));
#5869 = CARTESIAN_POINT('',(-8.96899451099,-1.103542279372,5.));
#5870 = CARTESIAN_POINT('',(-8.660223719797,-0.925288482766,5.));
#5871 = CARTESIAN_POINT('',(-8.319021955782,-0.859106436332,5.));
#5872 = DEFINITIONAL_REPRESENTATION('',(#5873),#5877);
#5873 = LINE('',#5874,#5875);
#5874 = CARTESIAN_POINT('',(0.,0.));
#5875 = VECTOR('',#5876,1.);
#5876 = DIRECTION('',(1.,0.));
#5877 = ( GEOMETRIC_REPRESENTATION_CONTEXT(2) 
PARAMETRIC_REPRESENTATION_CONTEXT() REPRESENTATION_CONTEXT('2D SPACE',''
  ) );
#5878 = ADVANCED_FACE('',(#5879),#5863,.T.);
#5879 = FACE_BOUND('',#5880,.T.);
#5880 = EDGE_LOOP('',(#5881,#5906,#5907,#5932));
#5881 = ORIENTED_EDGE('',*,*,#5882,.F.);
#5882 = EDGE_CURVE('',#5800,#5883,#5885,.T.);
#5883 = VERTEX_POINT('',#5884);
#5884 = CARTESIAN_POINT('',(-8.319021955782,-0.859106436332,0.));
#5885 = SURFACE_CURVE('',#5886,(#5891,#5898),.PCURVE_S1.);
#5886 = B_SPLINE_CURVE_WITH_KNOTS('',3,(#5887,#5888,#5889,#5890),
  .UNSPECIFIED.,.F.,.F.,(4,4),(0.,1.),.PIECEWISE_BEZIER_KNOTS.);
#5887 = CARTESIAN_POINT('',(-9.254908573602,-1.294485339535,0.));
#5888 = CARTESIAN_POINT('',(-8.96899451099,-1.103542279372,0.));
#5889 = CARTESIAN_POINT('',(-8.660223719797,-0.925288482766,0.));
#5890 = CARTESIAN_POINT('',(-8.319021955782,-0.859106436332,0.));
#5891 = PCURVE('',#5863,#5892);
#5892 = DEFINITIONAL_REPRESENTATION('',(#5893),#5897);
#5893 = LINE('',#5894,#5895);
#5894 = CARTESIAN_POINT('',(0.,0.));
#5895 = VECTOR('',#5896,1.);
#5896 = DIRECTION('',(0.,1.));
#5897 = ( GEOMETRIC_REPRESENTATION_CONTEXT(2) 
PARAMETRIC_REPRESENTATION_CONTEXT() REPRESENTATION_CONTEXT('2D SPACE',''
  ) );
#5898 = PCURVE('',#49,#5899);
#5899 = DEFINITIONAL_REPRESENTATION('',(#5900),#5905);
#5900 = B_SPLINE_CURVE_WITH_KNOTS('',3,(#5901,#5902,#5903,#5904),
  .UNSPECIFIED.,.F.,.F.,(4,4),(0.,1.),.PIECEWISE_BEZIER_KNOTS.);
#5901 = CARTESIAN_POINT('',(-9.254908573602,-1.294485339535));
#5902 = CARTESIAN_POINT('',(-8.96899451099,-1.103542279372));
#5903 = CARTESIAN_POINT('',(-8.660223719797,-0.925288482766));
#5904 = CARTESIAN_POINT('',(-8.319021955782,-0.859106436332));
#5905 = ( GEOMETRIC_REPRESENTATION_CONTEXT(2) 
PARAMETRIC_REPRESENTATION_CONTEXT() REPRESENTATION_CONTEXT('2D SPACE',''
  ) );
#5906 = ORIENTED_EDGE('',*,*,#5850,.T.);
#5907 = ORIENTED_EDGE('',*,*,#5908,.T.);
#5908 = EDGE_CURVE('',#5826,#5909,#5911,.T.);
#5909 = VERTEX_POINT('',#5910);
#5910 = CARTESIAN_POINT('',(-8.319021955782,-0.859106436332,5.));
#5911 = SURFACE_CURVE('',#5912,(#5917,#5924),.PCURVE_S1.);
#5912 = B_SPLINE_CURVE_WITH_KNOTS('',3,(#5913,#5914,#5915,#5916),
  .UNSPECIFIED.,.F.,.F.,(4,4),(0.,1.),.PIECEWISE_BEZIER_KNOTS.);
#5913 = CARTESIAN_POINT('',(-9.254908573602,-1.294485339535,5.));
#5914 = CARTESIAN_POINT('',(-8.96899451099,-1.103542279372,5.));
#5915 = CARTESIAN_POINT('',(-8.660223719797,-0.925288482766,5.));
#5916 = CARTESIAN_POINT('',(-8.319021955782,-0.859106436332,5.));
#5917 = PCURVE('',#5863,#5918);
#5918 = DEFINITIONAL_REPRESENTATION('',(#5919),#5923);
#5919 = LINE('',#5920,#5921);
#5920 = CARTESIAN_POINT('',(1.,0.));
#5921 = VECTOR('',#5922,1.);
#5922 = DIRECTION('',(0.,1.));
#5923 = ( GEOMETRIC_REPRESENTATION_CONTEXT(2) 
PARAMETRIC_REPRESENTATION_CONTEXT() REPRESENTATION_CONTEXT('2D SPACE',''
  ) );
#5924 = PCURVE('',#110,#5925);
#5925 = DEFINITIONAL_REPRESENTATION('',(#5926),#5931);
#5926 = B_SPLINE_CURVE_WITH_KNOTS('',3,(#5927,#5928,#5929,#5930),
  .UNSPECIFIED.,.F.,.F.,(4,4),(0.,1.),.PIECEWISE_BEZIER_KNOTS.);
#5927 = CARTESIAN_POINT('',(9.254908573602,-1.294485339535));
#5928 = CARTESIAN_POINT('',(8.96899451099,-1.103542279372));
#5929 = CARTESIAN_POINT('',(8.660223719797,-0.925288482766));
#5930 = CARTESIAN_POINT('',(8.319021955782,-0.859106436332));
#5931 = ( GEOMETRIC_REPRESENTATION_CONTEXT(2) 
PARAMETRIC_REPRESENTATION_CONTEXT() REPRESENTATION_CONTEXT('2D SPACE',''
  ) );
#5932 = ORIENTED_EDGE('',*,*,#5933,.F.);
#5933 = EDGE_CURVE('',#5883,#5909,#5934,.T.);
#5934 = SURFACE_CURVE('',#5935,(#5938,#5945),.PCURVE_S1.);
#5935 = B_SPLINE_CURVE_WITH_KNOTS('',1,(#5936,#5937),.UNSPECIFIED.,.F.,
  .F.,(2,2),(0.,1.),.PIECEWISE_BEZIER_KNOTS.);
#5936 = CARTESIAN_POINT('',(-8.319021955782,-0.859106436332,0.));
#5937 = CARTESIAN_POINT('',(-8.319021955782,-0.859106436332,5.));
#5938 = PCURVE('',#5863,#5939);
#5939 = DEFINITIONAL_REPRESENTATION('',(#5940),#5944);
#5940 = LINE('',#5941,#5942);
#5941 = CARTESIAN_POINT('',(0.,1.));
#5942 = VECTOR('',#5943,1.);
#5943 = DIRECTION('',(1.,0.));
#5944 = ( GEOMETRIC_REPRESENTATION_CONTEXT(2) 
PARAMETRIC_REPRESENTATION_CONTEXT() REPRESENTATION_CONTEXT('2D SPACE',''
  ) );
#5945 = PCURVE('',#5946,#5955);
#5946 = B_SPLINE_SURFACE_WITH_KNOTS('',1,3,(
    (#5947,#5948,#5949,#5950)
    ,(#5951,#5952,#5953,#5954
    )),.UNSPECIFIED.,.F.,.F.,.F.,(2,2),(4,4),(0.,1.),(0.,1.),
  .PIECEWISE_BEZIER_KNOTS.);
#5947 = CARTESIAN_POINT('',(-8.319021955782,-0.859106436332,0.));
#5948 = CARTESIAN_POINT('',(-8.306948877766,-0.723164861461,0.));
#5949 = CARTESIAN_POINT('',(-8.317804460728,-0.585231601816,0.));
#5950 = CARTESIAN_POINT('',(-8.350994846661,-0.452852338815,0.));
#5951 = CARTESIAN_POINT('',(-8.319021955782,-0.859106436332,5.));
#5952 = CARTESIAN_POINT('',(-8.306948877766,-0.723164861461,5.));
#5953 = CARTESIAN_POINT('',(-8.317804460728,-0.585231601816,5.));
#5954 = CARTESIAN_POINT('',(-8.350994846661,-0.452852338815,5.));
#5955 = DEFINITIONAL_REPRESENTATION('',(#5956),#5960);
#5956 = LINE('',#5957,#5958);
#5957 = CARTESIAN_POINT('',(0.,0.));
#5958 = VECTOR('',#5959,1.);
#5959 = DIRECTION('',(1.,0.));
#5960 = ( GEOMETRIC_REPRESENTATION_CONTEXT(2) 
PARAMETRIC_REPRESENTATION_CONTEXT() REPRESENTATION_CONTEXT('2D SPACE',''
  ) );
#5961 = ADVANCED_FACE('',(#5962),#5946,.T.);
#5962 = FACE_BOUND('',#5963,.T.);
#5963 = EDGE_LOOP('',(#5964,#5989,#5990,#6015));
#5964 = ORIENTED_EDGE('',*,*,#5965,.F.);
#5965 = EDGE_CURVE('',#5883,#5966,#5968,.T.);
#5966 = VERTEX_POINT('',#5967);
#5967 = CARTESIAN_POINT('',(-8.350994846661,-0.452852338815,0.));
#5968 = SURFACE_CURVE('',#5969,(#5974,#5981),.PCURVE_S1.);
#5969 = B_SPLINE_CURVE_WITH_KNOTS('',3,(#5970,#5971,#5972,#5973),
  .UNSPECIFIED.,.F.,.F.,(4,4),(0.,1.),.PIECEWISE_BEZIER_KNOTS.);
#5970 = CARTESIAN_POINT('',(-8.319021955782,-0.859106436332,0.));
#5971 = CARTESIAN_POINT('',(-8.306948877766,-0.723164861461,0.));
#5972 = CARTESIAN_POINT('',(-8.317804460728,-0.585231601816,0.));
#5973 = CARTESIAN_POINT('',(-8.350994846661,-0.452852338815,0.));
#5974 = PCURVE('',#5946,#5975);
#5975 = DEFINITIONAL_REPRESENTATION('',(#5976),#5980);
#5976 = LINE('',#5977,#5978);
#5977 = CARTESIAN_POINT('',(0.,0.));
#5978 = VECTOR('',#5979,1.);
#5979 = DIRECTION('',(0.,1.));
#5980 = ( GEOMETRIC_REPRESENTATION_CONTEXT(2) 
PARAMETRIC_REPRESENTATION_CONTEXT() REPRESENTATION_CONTEXT('2D SPACE',''
  ) );
#5981 = PCURVE('',#49,#5982);
#5982 = DEFINITIONAL_REPRESENTATION('',(#5983),#5988);
#5983 = B_SPLINE_CURVE_WITH_KNOTS('',3,(#5984,#5985,#5986,#5987),
  .UNSPECIFIED.,.F.,.F.,(4,4),(0.,1.),.PIECEWISE_BEZIER_KNOTS.);
#5984 = CARTESIAN_POINT('',(-8.319021955782,-0.859106436332));
#5985 = CARTESIAN_POINT('',(-8.306948877766,-0.723164861461));
#5986 = CARTESIAN_POINT('',(-8.317804460728,-0.585231601816));
#5987 = CARTESIAN_POINT('',(-8.350994846661,-0.452852338815));
#5988 = ( GEOMETRIC_REPRESENTATION_CONTEXT(2) 
PARAMETRIC_REPRESENTATION_CONTEXT() REPRESENTATION_CONTEXT('2D SPACE',''
  ) );
#5989 = ORIENTED_EDGE('',*,*,#5933,.T.);
#5990 = ORIENTED_EDGE('',*,*,#5991,.T.);
#5991 = EDGE_CURVE('',#5909,#5992,#5994,.T.);
#5992 = VERTEX_POINT('',#5993);
#5993 = CARTESIAN_POINT('',(-8.350994846661,-0.452852338815,5.));
#5994 = SURFACE_CURVE('',#5995,(#6000,#6007),.PCURVE_S1.);
#5995 = B_SPLINE_CURVE_WITH_KNOTS('',3,(#5996,#5997,#5998,#5999),
  .UNSPECIFIED.,.F.,.F.,(4,4),(0.,1.),.PIECEWISE_BEZIER_KNOTS.);
#5996 = CARTESIAN_POINT('',(-8.319021955782,-0.859106436332,5.));
#5997 = CARTESIAN_POINT('',(-8.306948877766,-0.723164861461,5.));
#5998 = CARTESIAN_POINT('',(-8.317804460728,-0.585231601816,5.));
#5999 = CARTESIAN_POINT('',(-8.350994846661,-0.452852338815,5.));
#6000 = PCURVE('',#5946,#6001);
#6001 = DEFINITIONAL_REPRESENTATION('',(#6002),#6006);
#6002 = LINE('',#6003,#6004);
#6003 = CARTESIAN_POINT('',(1.,0.));
#6004 = VECTOR('',#6005,1.);
#6005 = DIRECTION('',(0.,1.));
#6006 = ( GEOMETRIC_REPRESENTATION_CONTEXT(2) 
PARAMETRIC_REPRESENTATION_CONTEXT() REPRESENTATION_CONTEXT('2D SPACE',''
  ) );
#6007 = PCURVE('',#110,#6008);
#6008 = DEFINITIONAL_REPRESENTATION('',(#6009),#6014);
#6009 = B_SPLINE_CURVE_WITH_KNOTS('',3,(#6010,#6011,#6012,#6013),
  .UNSPECIFIED.,.F.,.F.,(4,4),(0.,1.),.PIECEWISE_BEZIER_KNOTS.);
#6010 = CARTESIAN_POINT('',(8.319021955782,-0.859106436332));
#6011 = CARTESIAN_POINT('',(8.306948877766,-0.723164861461));
#6012 = CARTESIAN_POINT('',(8.317804460728,-0.585231601816));
#6013 = CARTESIAN_POINT('',(8.350994846661,-0.452852338815));
#6014 = ( GEOMETRIC_REPRESENTATION_CONTEXT(2) 
PARAMETRIC_REPRESENTATION_CONTEXT() REPRESENTATION_CONTEXT('2D SPACE',''
  ) );
#6015 = ORIENTED_EDGE('',*,*,#6016,.F.);
#6016 = EDGE_CURVE('',#5966,#5992,#6017,.T.);
#6017 = SURFACE_CURVE('',#6018,(#6021,#6028),.PCURVE_S1.);
#6018 = B_SPLINE_CURVE_WITH_KNOTS('',1,(#6019,#6020),.UNSPECIFIED.,.F.,
  .F.,(2,2),(0.,1.),.PIECEWISE_BEZIER_KNOTS.);
#6019 = CARTESIAN_POINT('',(-8.350994846661,-0.452852338815,0.));
#6020 = CARTESIAN_POINT('',(-8.350994846661,-0.452852338815,5.));
#6021 = PCURVE('',#5946,#6022);
#6022 = DEFINITIONAL_REPRESENTATION('',(#6023),#6027);
#6023 = LINE('',#6024,#6025);
#6024 = CARTESIAN_POINT('',(0.,1.));
#6025 = VECTOR('',#6026,1.);
#6026 = DIRECTION('',(1.,0.));
#6027 = ( GEOMETRIC_REPRESENTATION_CONTEXT(2) 
PARAMETRIC_REPRESENTATION_CONTEXT() REPRESENTATION_CONTEXT('2D SPACE',''
  ) );
#6028 = PCURVE('',#6029,#6038);
#6029 = B_SPLINE_SURFACE_WITH_KNOTS('',1,3,(
    (#6030,#6031,#6032,#6033)
    ,(#6034,#6035,#6036,#6037
    )),.UNSPECIFIED.,.F.,.F.,.F.,(2,2),(4,4),(0.,1.),(0.,1.),
  .PIECEWISE_BEZIER_KNOTS.);
#6030 = CARTESIAN_POINT('',(-8.350994846661,-0.452852338815,0.));
#6031 = CARTESIAN_POINT('',(-8.698349003798,-0.44086081862,0.));
#6032 = CARTESIAN_POINT('',(-9.031203351489,-0.313104015586,0.));
#6033 = CARTESIAN_POINT('',(-9.343467413013,-0.169238594778,0.));
#6034 = CARTESIAN_POINT('',(-8.350994846661,-0.452852338815,5.));
#6035 = CARTESIAN_POINT('',(-8.698349003798,-0.44086081862,5.));
#6036 = CARTESIAN_POINT('',(-9.031203351489,-0.313104015586,5.));
#6037 = CARTESIAN_POINT('',(-9.343467413013,-0.169238594778,5.));
#6038 = DEFINITIONAL_REPRESENTATION('',(#6039),#6043);
#6039 = LINE('',#6040,#6041);
#6040 = CARTESIAN_POINT('',(0.,0.));
#6041 = VECTOR('',#6042,1.);
#6042 = DIRECTION('',(1.,0.));
#6043 = ( GEOMETRIC_REPRESENTATION_CONTEXT(2) 
PARAMETRIC_REPRESENTATION_CONTEXT() REPRESENTATION_CONTEXT('2D SPACE',''
  ) );
#6044 = ADVANCED_FACE('',(#6045),#6029,.T.);
#6045 = FACE_BOUND('',#6046,.T.);
#6046 = EDGE_LOOP('',(#6047,#6072,#6073,#6098));
#6047 = ORIENTED_EDGE('',*,*,#6048,.F.);
#6048 = EDGE_CURVE('',#5966,#6049,#6051,.T.);
#6049 = VERTEX_POINT('',#6050);
#6050 = CARTESIAN_POINT('',(-9.343467413013,-0.169238594778,0.));
#6051 = SURFACE_CURVE('',#6052,(#6057,#6064),.PCURVE_S1.);
#6052 = B_SPLINE_CURVE_WITH_KNOTS('',3,(#6053,#6054,#6055,#6056),
  .UNSPECIFIED.,.F.,.F.,(4,4),(0.,1.),.PIECEWISE_BEZIER_KNOTS.);
#6053 = CARTESIAN_POINT('',(-8.350994846661,-0.452852338815,0.));
#6054 = CARTESIAN_POINT('',(-8.698349003798,-0.44086081862,0.));
#6055 = CARTESIAN_POINT('',(-9.031203351489,-0.313104015586,0.));
#6056 = CARTESIAN_POINT('',(-9.343467413013,-0.169238594778,0.));
#6057 = PCURVE('',#6029,#6058);
#6058 = DEFINITIONAL_REPRESENTATION('',(#6059),#6063);
#6059 = LINE('',#6060,#6061);
#6060 = CARTESIAN_POINT('',(0.,0.));
#6061 = VECTOR('',#6062,1.);
#6062 = DIRECTION('',(0.,1.));
#6063 = ( GEOMETRIC_REPRESENTATION_CONTEXT(2) 
PARAMETRIC_REPRESENTATION_CONTEXT() REPRESENTATION_CONTEXT('2D SPACE',''
  ) );
#6064 = PCURVE('',#49,#6065);
#6065 = DEFINITIONAL_REPRESENTATION('',(#6066),#6071);
#6066 = B_SPLINE_CURVE_WITH_KNOTS('',3,(#6067,#6068,#6069,#6070),
  .UNSPECIFIED.,.F.,.F.,(4,4),(0.,1.),.PIECEWISE_BEZIER_KNOTS.);
#6067 = CARTESIAN_POINT('',(-8.350994846661,-0.452852338815));
#6068 = CARTESIAN_POINT('',(-8.698349003798,-0.44086081862));
#6069 = CARTESIAN_POINT('',(-9.031203351489,-0.313104015586));
#6070 = CARTESIAN_POINT('',(-9.343467413013,-0.169238594778));
#6071 = ( GEOMETRIC_REPRESENTATION_CONTEXT(2) 
PARAMETRIC_REPRESENTATION_CONTEXT() REPRESENTATION_CONTEXT('2D SPACE',''
  ) );
#6072 = ORIENTED_EDGE('',*,*,#6016,.T.);
#6073 = ORIENTED_EDGE('',*,*,#6074,.T.);
#6074 = EDGE_CURVE('',#5992,#6075,#6077,.T.);
#6075 = VERTEX_POINT('',#6076);
#6076 = CARTESIAN_POINT('',(-9.343467413013,-0.169238594778,5.));
#6077 = SURFACE_CURVE('',#6078,(#6083,#6090),.PCURVE_S1.);
#6078 = B_SPLINE_CURVE_WITH_KNOTS('',3,(#6079,#6080,#6081,#6082),
  .UNSPECIFIED.,.F.,.F.,(4,4),(0.,1.),.PIECEWISE_BEZIER_KNOTS.);
#6079 = CARTESIAN_POINT('',(-8.350994846661,-0.452852338815,5.));
#6080 = CARTESIAN_POINT('',(-8.698349003798,-0.44086081862,5.));
#6081 = CARTESIAN_POINT('',(-9.031203351489,-0.313104015586,5.));
#6082 = CARTESIAN_POINT('',(-9.343467413013,-0.169238594778,5.));
#6083 = PCURVE('',#6029,#6084);
#6084 = DEFINITIONAL_REPRESENTATION('',(#6085),#6089);
#6085 = LINE('',#6086,#6087);
#6086 = CARTESIAN_POINT('',(1.,0.));
#6087 = VECTOR('',#6088,1.);
#6088 = DIRECTION('',(0.,1.));
#6089 = ( GEOMETRIC_REPRESENTATION_CONTEXT(2) 
PARAMETRIC_REPRESENTATION_CONTEXT() REPRESENTATION_CONTEXT('2D SPACE',''
  ) );
#6090 = PCURVE('',#110,#6091);
#6091 = DEFINITIONAL_REPRESENTATION('',(#6092),#6097);
#6092 = B_SPLINE_CURVE_WITH_KNOTS('',3,(#6093,#6094,#6095,#6096),
  .UNSPECIFIED.,.F.,.F.,(4,4),(0.,1.),.PIECEWISE_BEZIER_KNOTS.);
#6093 = CARTESIAN_POINT('',(8.350994846661,-0.452852338815));
#6094 = CARTESIAN_POINT('',(8.698349003798,-0.44086081862));
#6095 = CARTESIAN_POINT('',(9.031203351489,-0.313104015586));
#6096 = CARTESIAN_POINT('',(9.343467413013,-0.169238594778));
#6097 = ( GEOMETRIC_REPRESENTATION_CONTEXT(2) 
PARAMETRIC_REPRESENTATION_CONTEXT() REPRESENTATION_CONTEXT('2D SPACE',''
  ) );
#6098 = ORIENTED_EDGE('',*,*,#6099,.F.);
#6099 = EDGE_CURVE('',#6049,#6075,#6100,.T.);
#6100 = SURFACE_CURVE('',#6101,(#6104,#6111),.PCURVE_S1.);
#6101 = B_SPLINE_CURVE_WITH_KNOTS('',1,(#6102,#6103),.UNSPECIFIED.,.F.,
  .F.,(2,2),(0.,1.),.PIECEWISE_BEZIER_KNOTS.);
#6102 = CARTESIAN_POINT('',(-9.343467413013,-0.169238594778,0.));
#6103 = CARTESIAN_POINT('',(-9.343467413013,-0.169238594778,5.));
#6104 = PCURVE('',#6029,#6105);
#6105 = DEFINITIONAL_REPRESENTATION('',(#6106),#6110);
#6106 = LINE('',#6107,#6108);
#6107 = CARTESIAN_POINT('',(0.,1.));
#6108 = VECTOR('',#6109,1.);
#6109 = DIRECTION('',(1.,0.));
#6110 = ( GEOMETRIC_REPRESENTATION_CONTEXT(2) 
PARAMETRIC_REPRESENTATION_CONTEXT() REPRESENTATION_CONTEXT('2D SPACE',''
  ) );
#6111 = PCURVE('',#6112,#6121);
#6112 = B_SPLINE_SURFACE_WITH_KNOTS('',1,3,(
    (#6113,#6114,#6115,#6116)
    ,(#6117,#6118,#6119,#6120
    )),.UNSPECIFIED.,.F.,.F.,.F.,(2,2),(4,4),(0.,1.),(0.,1.),
  .PIECEWISE_BEZIER_KNOTS.);
#6113 = CARTESIAN_POINT('',(-9.343467413013,-0.169238594778,0.));
#6114 = CARTESIAN_POINT('',(-9.345510854351,-5.642520114474E-02,0.));
#6115 = CARTESIAN_POINT('',(-9.345510854351,5.642520114474E-02,0.));
#6116 = CARTESIAN_POINT('',(-9.343467413013,0.169238594778,0.));
#6117 = CARTESIAN_POINT('',(-9.343467413013,-0.169238594778,5.));
#6118 = CARTESIAN_POINT('',(-9.345510854351,-5.642520114474E-02,5.));
#6119 = CARTESIAN_POINT('',(-9.345510854351,5.642520114474E-02,5.));
#6120 = CARTESIAN_POINT('',(-9.343467413013,0.169238594778,5.));
#6121 = DEFINITIONAL_REPRESENTATION('',(#6122),#6126);
#6122 = LINE('',#6123,#6124);
#6123 = CARTESIAN_POINT('',(0.,0.));
#6124 = VECTOR('',#6125,1.);
#6125 = DIRECTION('',(1.,0.));
#6126 = ( GEOMETRIC_REPRESENTATION_CONTEXT(2) 
PARAMETRIC_REPRESENTATION_CONTEXT() REPRESENTATION_CONTEXT('2D SPACE',''
  ) );
#6127 = ADVANCED_FACE('',(#6128),#6112,.T.);
#6128 = FACE_BOUND('',#6129,.T.);
#6129 = EDGE_LOOP('',(#6130,#6155,#6156,#6181));
#6130 = ORIENTED_EDGE('',*,*,#6131,.F.);
#6131 = EDGE_CURVE('',#6049,#6132,#6134,.T.);
#6132 = VERTEX_POINT('',#6133);
#6133 = CARTESIAN_POINT('',(-9.343467413013,0.169238594778,0.));
#6134 = SURFACE_CURVE('',#6135,(#6140,#6147),.PCURVE_S1.);
#6135 = B_SPLINE_CURVE_WITH_KNOTS('',3,(#6136,#6137,#6138,#6139),
  .UNSPECIFIED.,.F.,.F.,(4,4),(0.,1.),.PIECEWISE_BEZIER_KNOTS.);
#6136 = CARTESIAN_POINT('',(-9.343467413013,-0.169238594778,0.));
#6137 = CARTESIAN_POINT('',(-9.345510854351,-5.642520114474E-02,0.));
#6138 = CARTESIAN_POINT('',(-9.345510854351,5.642520114474E-02,0.));
#6139 = CARTESIAN_POINT('',(-9.343467413013,0.169238594778,0.));
#6140 = PCURVE('',#6112,#6141);
#6141 = DEFINITIONAL_REPRESENTATION('',(#6142),#6146);
#6142 = LINE('',#6143,#6144);
#6143 = CARTESIAN_POINT('',(0.,0.));
#6144 = VECTOR('',#6145,1.);
#6145 = DIRECTION('',(0.,1.));
#6146 = ( GEOMETRIC_REPRESENTATION_CONTEXT(2) 
PARAMETRIC_REPRESENTATION_CONTEXT() REPRESENTATION_CONTEXT('2D SPACE',''
  ) );
#6147 = PCURVE('',#49,#6148);
#6148 = DEFINITIONAL_REPRESENTATION('',(#6149),#6154);
#6149 = B_SPLINE_CURVE_WITH_KNOTS('',3,(#6150,#6151,#6152,#6153),
  .UNSPECIFIED.,.F.,.F.,(4,4),(0.,1.),.PIECEWISE_BEZIER_KNOTS.);
#6150 = CARTESIAN_POINT('',(-9.343467413013,-0.169238594778));
#6151 = CARTESIAN_POINT('',(-9.345510854351,-5.642520114474E-02));
#6152 = CARTESIAN_POINT('',(-9.345510854351,5.642520114474E-02));
#6153 = CARTESIAN_POINT('',(-9.343467413013,0.169238594778));
#6154 = ( GEOMETRIC_REPRESENTATION_CONTEXT(2) 
PARAMETRIC_REPRESENTATION_CONTEXT() REPRESENTATION_CONTEXT('2D SPACE',''
  ) );
#6155 = ORIENTED_EDGE('',*,*,#6099,.T.);
#6156 = ORIENTED_EDGE('',*,*,#6157,.T.);
#6157 = EDGE_CURVE('',#6075,#6158,#6160,.T.);
#6158 = VERTEX_POINT('',#6159);
#6159 = CARTESIAN_POINT('',(-9.343467413013,0.169238594778,5.));
#6160 = SURFACE_CURVE('',#6161,(#6166,#6173),.PCURVE_S1.);
#6161 = B_SPLINE_CURVE_WITH_KNOTS('',3,(#6162,#6163,#6164,#6165),
  .UNSPECIFIED.,.F.,.F.,(4,4),(0.,1.),.PIECEWISE_BEZIER_KNOTS.);
#6162 = CARTESIAN_POINT('',(-9.343467413013,-0.169238594778,5.));
#6163 = CARTESIAN_POINT('',(-9.345510854351,-5.642520114474E-02,5.));
#6164 = CARTESIAN_POINT('',(-9.345510854351,5.642520114474E-02,5.));
#6165 = CARTESIAN_POINT('',(-9.343467413013,0.169238594778,5.));
#6166 = PCURVE('',#6112,#6167);
#6167 = DEFINITIONAL_REPRESENTATION('',(#6168),#6172);
#6168 = LINE('',#6169,#6170);
#6169 = CARTESIAN_POINT('',(1.,0.));
#6170 = VECTOR('',#6171,1.);
#6171 = DIRECTION('',(0.,1.));
#6172 = ( GEOMETRIC_REPRESENTATION_CONTEXT(2) 
PARAMETRIC_REPRESENTATION_CONTEXT() REPRESENTATION_CONTEXT('2D SPACE',''
  ) );
#6173 = PCURVE('',#110,#6174);
#6174 = DEFINITIONAL_REPRESENTATION('',(#6175),#6180);
#6175 = B_SPLINE_CURVE_WITH_KNOTS('',3,(#6176,#6177,#6178,#6179),
  .UNSPECIFIED.,.F.,.F.,(4,4),(0.,1.),.PIECEWISE_BEZIER_KNOTS.);
#6176 = CARTESIAN_POINT('',(9.343467413013,-0.169238594778));
#6177 = CARTESIAN_POINT('',(9.345510854351,-5.642520114474E-02));
#6178 = CARTESIAN_POINT('',(9.345510854351,5.642520114474E-02));
#6179 = CARTESIAN_POINT('',(9.343467413013,0.169238594778));
#6180 = ( GEOMETRIC_REPRESENTATION_CONTEXT(2) 
PARAMETRIC_REPRESENTATION_CONTEXT() REPRESENTATION_CONTEXT('2D SPACE',''
  ) );
#6181 = ORIENTED_EDGE('',*,*,#6182,.F.);
#6182 = EDGE_CURVE('',#6132,#6158,#6183,.T.);
#6183 = SURFACE_CURVE('',#6184,(#6187,#6194),.PCURVE_S1.);
#6184 = B_SPLINE_CURVE_WITH_KNOTS('',1,(#6185,#6186),.UNSPECIFIED.,.F.,
  .F.,(2,2),(0.,1.),.PIECEWISE_BEZIER_KNOTS.);
#6185 = CARTESIAN_POINT('',(-9.343467413013,0.169238594778,0.));
#6186 = CARTESIAN_POINT('',(-9.343467413013,0.169238594778,5.));
#6187 = PCURVE('',#6112,#6188);
#6188 = DEFINITIONAL_REPRESENTATION('',(#6189),#6193);
#6189 = LINE('',#6190,#6191);
#6190 = CARTESIAN_POINT('',(0.,1.));
#6191 = VECTOR('',#6192,1.);
#6192 = DIRECTION('',(1.,0.));
#6193 = ( GEOMETRIC_REPRESENTATION_CONTEXT(2) 
PARAMETRIC_REPRESENTATION_CONTEXT() REPRESENTATION_CONTEXT('2D SPACE',''
  ) );
#6194 = PCURVE('',#6195,#6204);
#6195 = B_SPLINE_SURFACE_WITH_KNOTS('',1,3,(
    (#6196,#6197,#6198,#6199)
    ,(#6200,#6201,#6202,#6203
    )),.UNSPECIFIED.,.F.,.F.,.F.,(2,2),(4,4),(0.,1.),(0.,1.),
  .PIECEWISE_BEZIER_KNOTS.);
#6196 = CARTESIAN_POINT('',(-9.343467413013,0.169238594778,0.));
#6197 = CARTESIAN_POINT('',(-9.031203351489,0.313104015586,0.));
#6198 = CARTESIAN_POINT('',(-8.698349003798,0.44086081862,0.));
#6199 = CARTESIAN_POINT('',(-8.350994846661,0.452852338815,0.));
#6200 = CARTESIAN_POINT('',(-9.343467413013,0.169238594778,5.));
#6201 = CARTESIAN_POINT('',(-9.031203351489,0.313104015586,5.));
#6202 = CARTESIAN_POINT('',(-8.698349003798,0.44086081862,5.));
#6203 = CARTESIAN_POINT('',(-8.350994846661,0.452852338815,5.));
#6204 = DEFINITIONAL_REPRESENTATION('',(#6205),#6209);
#6205 = LINE('',#6206,#6207);
#6206 = CARTESIAN_POINT('',(0.,0.));
#6207 = VECTOR('',#6208,1.);
#6208 = DIRECTION('',(1.,0.));
#6209 = ( GEOMETRIC_REPRESENTATION_CONTEXT(2) 
PARAMETRIC_REPRESENTATION_CONTEXT() REPRESENTATION_CONTEXT('2D SPACE',''
  ) );
#6210 = ADVANCED_FACE('',(#6211),#6195,.T.);
#6211 = FACE_BOUND('',#6212,.T.);
#6212 = EDGE_LOOP('',(#6213,#6238,#6239,#6264));
#6213 = ORIENTED_EDGE('',*,*,#6214,.F.);
#6214 = EDGE_CURVE('',#6132,#6215,#6217,.T.);
#6215 = VERTEX_POINT('',#6216);
#6216 = CARTESIAN_POINT('',(-8.350994846661,0.452852338815,0.));
#6217 = SURFACE_CURVE('',#6218,(#6223,#6230),.PCURVE_S1.);
#6218 = B_SPLINE_CURVE_WITH_KNOTS('',3,(#6219,#6220,#6221,#6222),
  .UNSPECIFIED.,.F.,.F.,(4,4),(0.,1.),.PIECEWISE_BEZIER_KNOTS.);
#6219 = CARTESIAN_POINT('',(-9.343467413013,0.169238594778,0.));
#6220 = CARTESIAN_POINT('',(-9.031203351489,0.313104015586,0.));
#6221 = CARTESIAN_POINT('',(-8.698349003798,0.44086081862,0.));
#6222 = CARTESIAN_POINT('',(-8.350994846661,0.452852338815,0.));
#6223 = PCURVE('',#6195,#6224);
#6224 = DEFINITIONAL_REPRESENTATION('',(#6225),#6229);
#6225 = LINE('',#6226,#6227);
#6226 = CARTESIAN_POINT('',(0.,0.));
#6227 = VECTOR('',#6228,1.);
#6228 = DIRECTION('',(0.,1.));
#6229 = ( GEOMETRIC_REPRESENTATION_CONTEXT(2) 
PARAMETRIC_REPRESENTATION_CONTEXT() REPRESENTATION_CONTEXT('2D SPACE',''
  ) );
#6230 = PCURVE('',#49,#6231);
#6231 = DEFINITIONAL_REPRESENTATION('',(#6232),#6237);
#6232 = B_SPLINE_CURVE_WITH_KNOTS('',3,(#6233,#6234,#6235,#6236),
  .UNSPECIFIED.,.F.,.F.,(4,4),(0.,1.),.PIECEWISE_BEZIER_KNOTS.);
#6233 = CARTESIAN_POINT('',(-9.343467413013,0.169238594778));
#6234 = CARTESIAN_POINT('',(-9.031203351489,0.313104015586));
#6235 = CARTESIAN_POINT('',(-8.698349003798,0.44086081862));
#6236 = CARTESIAN_POINT('',(-8.350994846661,0.452852338815));
#6237 = ( GEOMETRIC_REPRESENTATION_CONTEXT(2) 
PARAMETRIC_REPRESENTATION_CONTEXT() REPRESENTATION_CONTEXT('2D SPACE',''
  ) );
#6238 = ORIENTED_EDGE('',*,*,#6182,.T.);
#6239 = ORIENTED_EDGE('',*,*,#6240,.T.);
#6240 = EDGE_CURVE('',#6158,#6241,#6243,.T.);
#6241 = VERTEX_POINT('',#6242);
#6242 = CARTESIAN_POINT('',(-8.350994846661,0.452852338815,5.));
#6243 = SURFACE_CURVE('',#6244,(#6249,#6256),.PCURVE_S1.);
#6244 = B_SPLINE_CURVE_WITH_KNOTS('',3,(#6245,#6246,#6247,#6248),
  .UNSPECIFIED.,.F.,.F.,(4,4),(0.,1.),.PIECEWISE_BEZIER_KNOTS.);
#6245 = CARTESIAN_POINT('',(-9.343467413013,0.169238594778,5.));
#6246 = CARTESIAN_POINT('',(-9.031203351489,0.313104015586,5.));
#6247 = CARTESIAN_POINT('',(-8.698349003798,0.44086081862,5.));
#6248 = CARTESIAN_POINT('',(-8.350994846661,0.452852338815,5.));
#6249 = PCURVE('',#6195,#6250);
#6250 = DEFINITIONAL_REPRESENTATION('',(#6251),#6255);
#6251 = LINE('',#6252,#6253);
#6252 = CARTESIAN_POINT('',(1.,0.));
#6253 = VECTOR('',#6254,1.);
#6254 = DIRECTION('',(0.,1.));
#6255 = ( GEOMETRIC_REPRESENTATION_CONTEXT(2) 
PARAMETRIC_REPRESENTATION_CONTEXT() REPRESENTATION_CONTEXT('2D SPACE',''
  ) );
#6256 = PCURVE('',#110,#6257);
#6257 = DEFINITIONAL_REPRESENTATION('',(#6258),#6263);
#6258 = B_SPLINE_CURVE_WITH_KNOTS('',3,(#6259,#6260,#6261,#6262),
  .UNSPECIFIED.,.F.,.F.,(4,4),(0.,1.),.PIECEWISE_BEZIER_KNOTS.);
#6259 = CARTESIAN_POINT('',(9.343467413013,0.169238594778));
#6260 = CARTESIAN_POINT('',(9.031203351489,0.313104015586));
#6261 = CARTESIAN_POINT('',(8.698349003798,0.44086081862));
#6262 = CARTESIAN_POINT('',(8.350994846661,0.452852338815));
#6263 = ( GEOMETRIC_REPRESENTATION_CONTEXT(2) 
PARAMETRIC_REPRESENTATION_CONTEXT() REPRESENTATION_CONTEXT('2D SPACE',''
  ) );
#6264 = ORIENTED_EDGE('',*,*,#6265,.F.);
#6265 = EDGE_CURVE('',#6215,#6241,#6266,.T.);
#6266 = SURFACE_CURVE('',#6267,(#6270,#6277),.PCURVE_S1.);
#6267 = B_SPLINE_CURVE_WITH_KNOTS('',1,(#6268,#6269),.UNSPECIFIED.,.F.,
  .F.,(2,2),(0.,1.),.PIECEWISE_BEZIER_KNOTS.);
#6268 = CARTESIAN_POINT('',(-8.350994846661,0.452852338815,0.));
#6269 = CARTESIAN_POINT('',(-8.350994846661,0.452852338815,5.));
#6270 = PCURVE('',#6195,#6271);
#6271 = DEFINITIONAL_REPRESENTATION('',(#6272),#6276);
#6272 = LINE('',#6273,#6274);
#6273 = CARTESIAN_POINT('',(0.,1.));
#6274 = VECTOR('',#6275,1.);
#6275 = DIRECTION('',(1.,0.));
#6276 = ( GEOMETRIC_REPRESENTATION_CONTEXT(2) 
PARAMETRIC_REPRESENTATION_CONTEXT() REPRESENTATION_CONTEXT('2D SPACE',''
  ) );
#6277 = PCURVE('',#6278,#6287);
#6278 = B_SPLINE_SURFACE_WITH_KNOTS('',1,3,(
    (#6279,#6280,#6281,#6282)
    ,(#6283,#6284,#6285,#6286
    )),.UNSPECIFIED.,.F.,.F.,.F.,(2,2),(4,4),(0.,1.),(0.,1.),
  .PIECEWISE_BEZIER_KNOTS.);
#6279 = CARTESIAN_POINT('',(-8.350994846661,0.452852338815,0.));
#6280 = CARTESIAN_POINT('',(-8.317804460728,0.585231601816,0.));
#6281 = CARTESIAN_POINT('',(-8.306948877766,0.723164861461,0.));
#6282 = CARTESIAN_POINT('',(-8.319021955782,0.859106436332,0.));
#6283 = CARTESIAN_POINT('',(-8.350994846661,0.452852338815,5.));
#6284 = CARTESIAN_POINT('',(-8.317804460728,0.585231601816,5.));
#6285 = CARTESIAN_POINT('',(-8.306948877766,0.723164861461,5.));
#6286 = CARTESIAN_POINT('',(-8.319021955782,0.859106436332,5.));
#6287 = DEFINITIONAL_REPRESENTATION('',(#6288),#6292);
#6288 = LINE('',#6289,#6290);
#6289 = CARTESIAN_POINT('',(0.,0.));
#6290 = VECTOR('',#6291,1.);
#6291 = DIRECTION('',(1.,0.));
#6292 = ( GEOMETRIC_REPRESENTATION_CONTEXT(2) 
PARAMETRIC_REPRESENTATION_CONTEXT() REPRESENTATION_CONTEXT('2D SPACE',''
  ) );
#6293 = ADVANCED_FACE('',(#6294),#6278,.T.);
#6294 = FACE_BOUND('',#6295,.T.);
#6295 = EDGE_LOOP('',(#6296,#6321,#6322,#6347));
#6296 = ORIENTED_EDGE('',*,*,#6297,.F.);
#6297 = EDGE_CURVE('',#6215,#6298,#6300,.T.);
#6298 = VERTEX_POINT('',#6299);
#6299 = CARTESIAN_POINT('',(-8.319021955782,0.859106436332,0.));
#6300 = SURFACE_CURVE('',#6301,(#6306,#6313),.PCURVE_S1.);
#6301 = B_SPLINE_CURVE_WITH_KNOTS('',3,(#6302,#6303,#6304,#6305),
  .UNSPECIFIED.,.F.,.F.,(4,4),(0.,1.),.PIECEWISE_BEZIER_KNOTS.);
#6302 = CARTESIAN_POINT('',(-8.350994846661,0.452852338815,0.));
#6303 = CARTESIAN_POINT('',(-8.317804460728,0.585231601816,0.));
#6304 = CARTESIAN_POINT('',(-8.306948877766,0.723164861461,0.));
#6305 = CARTESIAN_POINT('',(-8.319021955782,0.859106436332,0.));
#6306 = PCURVE('',#6278,#6307);
#6307 = DEFINITIONAL_REPRESENTATION('',(#6308),#6312);
#6308 = LINE('',#6309,#6310);
#6309 = CARTESIAN_POINT('',(0.,0.));
#6310 = VECTOR('',#6311,1.);
#6311 = DIRECTION('',(0.,1.));
#6312 = ( GEOMETRIC_REPRESENTATION_CONTEXT(2) 
PARAMETRIC_REPRESENTATION_CONTEXT() REPRESENTATION_CONTEXT('2D SPACE',''
  ) );
#6313 = PCURVE('',#49,#6314);
#6314 = DEFINITIONAL_REPRESENTATION('',(#6315),#6320);
#6315 = B_SPLINE_CURVE_WITH_KNOTS('',3,(#6316,#6317,#6318,#6319),
  .UNSPECIFIED.,.F.,.F.,(4,4),(0.,1.),.PIECEWISE_BEZIER_KNOTS.);
#6316 = CARTESIAN_POINT('',(-8.350994846661,0.452852338815));
#6317 = CARTESIAN_POINT('',(-8.317804460728,0.585231601816));
#6318 = CARTESIAN_POINT('',(-8.306948877766,0.723164861461));
#6319 = CARTESIAN_POINT('',(-8.319021955782,0.859106436332));
#6320 = ( GEOMETRIC_REPRESENTATION_CONTEXT(2) 
PARAMETRIC_REPRESENTATION_CONTEXT() REPRESENTATION_CONTEXT('2D SPACE',''
  ) );
#6321 = ORIENTED_EDGE('',*,*,#6265,.T.);
#6322 = ORIENTED_EDGE('',*,*,#6323,.T.);
#6323 = EDGE_CURVE('',#6241,#6324,#6326,.T.);
#6324 = VERTEX_POINT('',#6325);
#6325 = CARTESIAN_POINT('',(-8.319021955782,0.859106436332,5.));
#6326 = SURFACE_CURVE('',#6327,(#6332,#6339),.PCURVE_S1.);
#6327 = B_SPLINE_CURVE_WITH_KNOTS('',3,(#6328,#6329,#6330,#6331),
  .UNSPECIFIED.,.F.,.F.,(4,4),(0.,1.),.PIECEWISE_BEZIER_KNOTS.);
#6328 = CARTESIAN_POINT('',(-8.350994846661,0.452852338815,5.));
#6329 = CARTESIAN_POINT('',(-8.317804460728,0.585231601816,5.));
#6330 = CARTESIAN_POINT('',(-8.306948877766,0.723164861461,5.));
#6331 = CARTESIAN_POINT('',(-8.319021955782,0.859106436332,5.));
#6332 = PCURVE('',#6278,#6333);
#6333 = DEFINITIONAL_REPRESENTATION('',(#6334),#6338);
#6334 = LINE('',#6335,#6336);
#6335 = CARTESIAN_POINT('',(1.,0.));
#6336 = VECTOR('',#6337,1.);
#6337 = DIRECTION('',(0.,1.));
#6338 = ( GEOMETRIC_REPRESENTATION_CONTEXT(2) 
PARAMETRIC_REPRESENTATION_CONTEXT() REPRESENTATION_CONTEXT('2D SPACE',''
  ) );
#6339 = PCURVE('',#110,#6340);
#6340 = DEFINITIONAL_REPRESENTATION('',(#6341),#6346);
#6341 = B_SPLINE_CURVE_WITH_KNOTS('',3,(#6342,#6343,#6344,#6345),
  .UNSPECIFIED.,.F.,.F.,(4,4),(0.,1.),.PIECEWISE_BEZIER_KNOTS.);
#6342 = CARTESIAN_POINT('',(8.350994846661,0.452852338815));
#6343 = CARTESIAN_POINT('',(8.317804460728,0.585231601816));
#6344 = CARTESIAN_POINT('',(8.306948877766,0.723164861461));
#6345 = CARTESIAN_POINT('',(8.319021955782,0.859106436332));
#6346 = ( GEOMETRIC_REPRESENTATION_CONTEXT(2) 
PARAMETRIC_REPRESENTATION_CONTEXT() REPRESENTATION_CONTEXT('2D SPACE',''
  ) );
#6347 = ORIENTED_EDGE('',*,*,#6348,.F.);
#6348 = EDGE_CURVE('',#6298,#6324,#6349,.T.);
#6349 = SURFACE_CURVE('',#6350,(#6353,#6360),.PCURVE_S1.);
#6350 = B_SPLINE_CURVE_WITH_KNOTS('',1,(#6351,#6352),.UNSPECIFIED.,.F.,
  .F.,(2,2),(0.,1.),.PIECEWISE_BEZIER_KNOTS.);
#6351 = CARTESIAN_POINT('',(-8.319021955782,0.859106436332,0.));
#6352 = CARTESIAN_POINT('',(-8.319021955782,0.859106436332,5.));
#6353 = PCURVE('',#6278,#6354);
#6354 = DEFINITIONAL_REPRESENTATION('',(#6355),#6359);
#6355 = LINE('',#6356,#6357);
#6356 = CARTESIAN_POINT('',(0.,1.));
#6357 = VECTOR('',#6358,1.);
#6358 = DIRECTION('',(1.,0.));
#6359 = ( GEOMETRIC_REPRESENTATION_CONTEXT(2) 
PARAMETRIC_REPRESENTATION_CONTEXT() REPRESENTATION_CONTEXT('2D SPACE',''
  ) );
#6360 = PCURVE('',#6361,#6370);
#6361 = B_SPLINE_SURFACE_WITH_KNOTS('',1,3,(
    (#6362,#6363,#6364,#6365)
    ,(#6366,#6367,#6368,#6369
    )),.UNSPECIFIED.,.F.,.F.,.F.,(2,2),(4,4),(0.,1.),(0.,1.),
  .PIECEWISE_BEZIER_KNOTS.);
#6362 = CARTESIAN_POINT('',(-8.319021955782,0.859106436332,0.));
#6363 = CARTESIAN_POINT('',(-8.660223719797,0.925288482766,0.));
#6364 = CARTESIAN_POINT('',(-8.96899451099,1.103542279372,0.));
#6365 = CARTESIAN_POINT('',(-9.254908573602,1.294485339535,0.));
#6366 = CARTESIAN_POINT('',(-8.319021955782,0.859106436332,5.));
#6367 = CARTESIAN_POINT('',(-8.660223719797,0.925288482766,5.));
#6368 = CARTESIAN_POINT('',(-8.96899451099,1.103542279372,5.));
#6369 = CARTESIAN_POINT('',(-9.254908573602,1.294485339535,5.));
#6370 = DEFINITIONAL_REPRESENTATION('',(#6371),#6375);
#6371 = LINE('',#6372,#6373);
#6372 = CARTESIAN_POINT('',(0.,0.));
#6373 = VECTOR('',#6374,1.);
#6374 = DIRECTION('',(1.,0.));
#6375 = ( GEOMETRIC_REPRESENTATION_CONTEXT(2) 
PARAMETRIC_REPRESENTATION_CONTEXT() REPRESENTATION_CONTEXT('2D SPACE',''
  ) );
#6376 = ADVANCED_FACE('',(#6377),#6361,.T.);
#6377 = FACE_BOUND('',#6378,.T.);
#6378 = EDGE_LOOP('',(#6379,#6404,#6405,#6430));
#6379 = ORIENTED_EDGE('',*,*,#6380,.F.);
#6380 = EDGE_CURVE('',#6298,#6381,#6383,.T.);
#6381 = VERTEX_POINT('',#6382);
#6382 = CARTESIAN_POINT('',(-9.254908573602,1.294485339535,0.));
#6383 = SURFACE_CURVE('',#6384,(#6389,#6396),.PCURVE_S1.);
#6384 = B_SPLINE_CURVE_WITH_KNOTS('',3,(#6385,#6386,#6387,#6388),
  .UNSPECIFIED.,.F.,.F.,(4,4),(0.,1.),.PIECEWISE_BEZIER_KNOTS.);
#6385 = CARTESIAN_POINT('',(-8.319021955782,0.859106436332,0.));
#6386 = CARTESIAN_POINT('',(-8.660223719797,0.925288482766,0.));
#6387 = CARTESIAN_POINT('',(-8.96899451099,1.103542279372,0.));
#6388 = CARTESIAN_POINT('',(-9.254908573602,1.294485339535,0.));
#6389 = PCURVE('',#6361,#6390);
#6390 = DEFINITIONAL_REPRESENTATION('',(#6391),#6395);
#6391 = LINE('',#6392,#6393);
#6392 = CARTESIAN_POINT('',(0.,0.));
#6393 = VECTOR('',#6394,1.);
#6394 = DIRECTION('',(0.,1.));
#6395 = ( GEOMETRIC_REPRESENTATION_CONTEXT(2) 
PARAMETRIC_REPRESENTATION_CONTEXT() REPRESENTATION_CONTEXT('2D SPACE',''
  ) );
#6396 = PCURVE('',#49,#6397);
#6397 = DEFINITIONAL_REPRESENTATION('',(#6398),#6403);
#6398 = B_SPLINE_CURVE_WITH_KNOTS('',3,(#6399,#6400,#6401,#6402),
  .UNSPECIFIED.,.F.,.F.,(4,4),(0.,1.),.PIECEWISE_BEZIER_KNOTS.);
#6399 = CARTESIAN_POINT('',(-8.319021955782,0.859106436332));
#6400 = CARTESIAN_POINT('',(-8.660223719797,0.925288482766));
#6401 = CARTESIAN_POINT('',(-8.96899451099,1.103542279372));
#6402 = CARTESIAN_POINT('',(-9.254908573602,1.294485339535));
#6403 = ( GEOMETRIC_REPRESENTATION_CONTEXT(2) 
PARAMETRIC_REPRESENTATION_CONTEXT() REPRESENTATION_CONTEXT('2D SPACE',''
  ) );
#6404 = ORIENTED_EDGE('',*,*,#6348,.T.);
#6405 = ORIENTED_EDGE('',*,*,#6406,.T.);
#6406 = EDGE_CURVE('',#6324,#6407,#6409,.T.);
#6407 = VERTEX_POINT('',#6408);
#6408 = CARTESIAN_POINT('',(-9.254908573602,1.294485339535,5.));
#6409 = SURFACE_CURVE('',#6410,(#6415,#6422),.PCURVE_S1.);
#6410 = B_SPLINE_CURVE_WITH_KNOTS('',3,(#6411,#6412,#6413,#6414),
  .UNSPECIFIED.,.F.,.F.,(4,4),(0.,1.),.PIECEWISE_BEZIER_KNOTS.);
#6411 = CARTESIAN_POINT('',(-8.319021955782,0.859106436332,5.));
#6412 = CARTESIAN_POINT('',(-8.660223719797,0.925288482766,5.));
#6413 = CARTESIAN_POINT('',(-8.96899451099,1.103542279372,5.));
#6414 = CARTESIAN_POINT('',(-9.254908573602,1.294485339535,5.));
#6415 = PCURVE('',#6361,#6416);
#6416 = DEFINITIONAL_REPRESENTATION('',(#6417),#6421);
#6417 = LINE('',#6418,#6419);
#6418 = CARTESIAN_POINT('',(1.,0.));
#6419 = VECTOR('',#6420,1.);
#6420 = DIRECTION('',(0.,1.));
#6421 = ( GEOMETRIC_REPRESENTATION_CONTEXT(2) 
PARAMETRIC_REPRESENTATION_CONTEXT() REPRESENTATION_CONTEXT('2D SPACE',''
  ) );
#6422 = PCURVE('',#110,#6423);
#6423 = DEFINITIONAL_REPRESENTATION('',(#6424),#6429);
#6424 = B_SPLINE_CURVE_WITH_KNOTS('',3,(#6425,#6426,#6427,#6428),
  .UNSPECIFIED.,.F.,.F.,(4,4),(0.,1.),.PIECEWISE_BEZIER_KNOTS.);
#6425 = CARTESIAN_POINT('',(8.319021955782,0.859106436332));
#6426 = CARTESIAN_POINT('',(8.660223719797,0.925288482766));
#6427 = CARTESIAN_POINT('',(8.96899451099,1.103542279372));
#6428 = CARTESIAN_POINT('',(9.254908573602,1.294485339535));
#6429 = ( GEOMETRIC_REPRESENTATION_CONTEXT(2) 
PARAMETRIC_REPRESENTATION_CONTEXT() REPRESENTATION_CONTEXT('2D SPACE',''
  ) );
#6430 = ORIENTED_EDGE('',*,*,#6431,.F.);
#6431 = EDGE_CURVE('',#6381,#6407,#6432,.T.);
#6432 = SURFACE_CURVE('',#6433,(#6436,#6443),.PCURVE_S1.);
#6433 = B_SPLINE_CURVE_WITH_KNOTS('',1,(#6434,#6435),.UNSPECIFIED.,.F.,
  .F.,(2,2),(0.,1.),.PIECEWISE_BEZIER_KNOTS.);
#6434 = CARTESIAN_POINT('',(-9.254908573602,1.294485339535,0.));
#6435 = CARTESIAN_POINT('',(-9.254908573602,1.294485339535,5.));
#6436 = PCURVE('',#6361,#6437);
#6437 = DEFINITIONAL_REPRESENTATION('',(#6438),#6442);
#6438 = LINE('',#6439,#6440);
#6439 = CARTESIAN_POINT('',(0.,1.));
#6440 = VECTOR('',#6441,1.);
#6441 = DIRECTION('',(1.,0.));
#6442 = ( GEOMETRIC_REPRESENTATION_CONTEXT(2) 
PARAMETRIC_REPRESENTATION_CONTEXT() REPRESENTATION_CONTEXT('2D SPACE',''
  ) );
#6443 = PCURVE('',#6444,#6453);
#6444 = B_SPLINE_SURFACE_WITH_KNOTS('',1,3,(
    (#6445,#6446,#6447,#6448)
    ,(#6449,#6450,#6451,#6452
    )),.UNSPECIFIED.,.F.,.F.,.F.,(2,2),(4,4),(0.,1.),(0.,1.),
  .PIECEWISE_BEZIER_KNOTS.);
#6445 = CARTESIAN_POINT('',(-9.254908573602,1.294485339535,0.));
#6446 = CARTESIAN_POINT('',(-9.239278953904,1.406229477742,0.));
#6447 = CARTESIAN_POINT('',(-9.221625261592,1.517690504314,0.));
#6448 = CARTESIAN_POINT('',(-9.201959075525,1.628795313216,0.));
#6449 = CARTESIAN_POINT('',(-9.254908573602,1.294485339535,5.));
#6450 = CARTESIAN_POINT('',(-9.239278953904,1.406229477742,5.));
#6451 = CARTESIAN_POINT('',(-9.221625261592,1.517690504314,5.));
#6452 = CARTESIAN_POINT('',(-9.201959075525,1.628795313216,5.));
#6453 = DEFINITIONAL_REPRESENTATION('',(#6454),#6458);
#6454 = LINE('',#6455,#6456);
#6455 = CARTESIAN_POINT('',(0.,0.));
#6456 = VECTOR('',#6457,1.);
#6457 = DIRECTION('',(1.,0.));
#6458 = ( GEOMETRIC_REPRESENTATION_CONTEXT(2) 
PARAMETRIC_REPRESENTATION_CONTEXT() REPRESENTATION_CONTEXT('2D SPACE',''
  ) );
#6459 = ADVANCED_FACE('',(#6460),#6444,.T.);
#6460 = FACE_BOUND('',#6461,.T.);
#6461 = EDGE_LOOP('',(#6462,#6487,#6488,#6513));
#6462 = ORIENTED_EDGE('',*,*,#6463,.F.);
#6463 = EDGE_CURVE('',#6381,#6464,#6466,.T.);
#6464 = VERTEX_POINT('',#6465);
#6465 = CARTESIAN_POINT('',(-9.201959075525,1.628795313216,0.));
#6466 = SURFACE_CURVE('',#6467,(#6472,#6479),.PCURVE_S1.);
#6467 = B_SPLINE_CURVE_WITH_KNOTS('',3,(#6468,#6469,#6470,#6471),
  .UNSPECIFIED.,.F.,.F.,(4,4),(0.,1.),.PIECEWISE_BEZIER_KNOTS.);
#6468 = CARTESIAN_POINT('',(-9.254908573602,1.294485339535,0.));
#6469 = CARTESIAN_POINT('',(-9.239278953904,1.406229477742,0.));
#6470 = CARTESIAN_POINT('',(-9.221625261592,1.517690504314,0.));
#6471 = CARTESIAN_POINT('',(-9.201959075525,1.628795313216,0.));
#6472 = PCURVE('',#6444,#6473);
#6473 = DEFINITIONAL_REPRESENTATION('',(#6474),#6478);
#6474 = LINE('',#6475,#6476);
#6475 = CARTESIAN_POINT('',(0.,0.));
#6476 = VECTOR('',#6477,1.);
#6477 = DIRECTION('',(0.,1.));
#6478 = ( GEOMETRIC_REPRESENTATION_CONTEXT(2) 
PARAMETRIC_REPRESENTATION_CONTEXT() REPRESENTATION_CONTEXT('2D SPACE',''
  ) );
#6479 = PCURVE('',#49,#6480);
#6480 = DEFINITIONAL_REPRESENTATION('',(#6481),#6486);
#6481 = B_SPLINE_CURVE_WITH_KNOTS('',3,(#6482,#6483,#6484,#6485),
  .UNSPECIFIED.,.F.,.F.,(4,4),(0.,1.),.PIECEWISE_BEZIER_KNOTS.);
#6482 = CARTESIAN_POINT('',(-9.254908573602,1.294485339535));
#6483 = CARTESIAN_POINT('',(-9.239278953904,1.406229477742));
#6484 = CARTESIAN_POINT('',(-9.221625261592,1.517690504314));
#6485 = CARTESIAN_POINT('',(-9.201959075525,1.628795313216));
#6486 = ( GEOMETRIC_REPRESENTATION_CONTEXT(2) 
PARAMETRIC_REPRESENTATION_CONTEXT() REPRESENTATION_CONTEXT('2D SPACE',''
  ) );
#6487 = ORIENTED_EDGE('',*,*,#6431,.T.);
#6488 = ORIENTED_EDGE('',*,*,#6489,.T.);
#6489 = EDGE_CURVE('',#6407,#6490,#6492,.T.);
#6490 = VERTEX_POINT('',#6491);
#6491 = CARTESIAN_POINT('',(-9.201959075525,1.628795313216,5.));
#6492 = SURFACE_CURVE('',#6493,(#6498,#6505),.PCURVE_S1.);
#6493 = B_SPLINE_CURVE_WITH_KNOTS('',3,(#6494,#6495,#6496,#6497),
  .UNSPECIFIED.,.F.,.F.,(4,4),(0.,1.),.PIECEWISE_BEZIER_KNOTS.);
#6494 = CARTESIAN_POINT('',(-9.254908573602,1.294485339535,5.));
#6495 = CARTESIAN_POINT('',(-9.239278953904,1.406229477742,5.));
#6496 = CARTESIAN_POINT('',(-9.221625261592,1.517690504314,5.));
#6497 = CARTESIAN_POINT('',(-9.201959075525,1.628795313216,5.));
#6498 = PCURVE('',#6444,#6499);
#6499 = DEFINITIONAL_REPRESENTATION('',(#6500),#6504);
#6500 = LINE('',#6501,#6502);
#6501 = CARTESIAN_POINT('',(1.,0.));
#6502 = VECTOR('',#6503,1.);
#6503 = DIRECTION('',(0.,1.));
#6504 = ( GEOMETRIC_REPRESENTATION_CONTEXT(2) 
PARAMETRIC_REPRESENTATION_CONTEXT() REPRESENTATION_CONTEXT('2D SPACE',''
  ) );
#6505 = PCURVE('',#110,#6506);
#6506 = DEFINITIONAL_REPRESENTATION('',(#6507),#6512);
#6507 = B_SPLINE_CURVE_WITH_KNOTS('',3,(#6508,#6509,#6510,#6511),
  .UNSPECIFIED.,.F.,.F.,(4,4),(0.,1.),.PIECEWISE_BEZIER_KNOTS.);
#6508 = CARTESIAN_POINT('',(9.254908573602,1.294485339535));
#6509 = CARTESIAN_POINT('',(9.239278953904,1.406229477742));
#6510 = CARTESIAN_POINT('',(9.221625261592,1.517690504314));
#6511 = CARTESIAN_POINT('',(9.201959075525,1.628795313216));
#6512 = ( GEOMETRIC_REPRESENTATION_CONTEXT(2) 
PARAMETRIC_REPRESENTATION_CONTEXT() REPRESENTATION_CONTEXT('2D SPACE',''
  ) );
#6513 = ORIENTED_EDGE('',*,*,#6514,.F.);
#6514 = EDGE_CURVE('',#6464,#6490,#6515,.T.);
#6515 = SURFACE_CURVE('',#6516,(#6519,#6526),.PCURVE_S1.);
#6516 = B_SPLINE_CURVE_WITH_KNOTS('',1,(#6517,#6518),.UNSPECIFIED.,.F.,
  .F.,(2,2),(0.,1.),.PIECEWISE_BEZIER_KNOTS.);
#6517 = CARTESIAN_POINT('',(-9.201959075525,1.628795313216,0.));
#6518 = CARTESIAN_POINT('',(-9.201959075525,1.628795313216,5.));
#6519 = PCURVE('',#6444,#6520);
#6520 = DEFINITIONAL_REPRESENTATION('',(#6521),#6525);
#6521 = LINE('',#6522,#6523);
#6522 = CARTESIAN_POINT('',(0.,1.));
#6523 = VECTOR('',#6524,1.);
#6524 = DIRECTION('',(1.,0.));
#6525 = ( GEOMETRIC_REPRESENTATION_CONTEXT(2) 
PARAMETRIC_REPRESENTATION_CONTEXT() REPRESENTATION_CONTEXT('2D SPACE',''
  ) );
#6526 = PCURVE('',#6527,#6536);
#6527 = B_SPLINE_SURFACE_WITH_KNOTS('',1,3,(
    (#6528,#6529,#6530,#6531)
    ,(#6532,#6533,#6534,#6535
    )),.UNSPECIFIED.,.F.,.F.,.F.,(2,2),(4,4),(0.,1.),(0.,1.),
  .PIECEWISE_BEZIER_KNOTS.);
#6528 = CARTESIAN_POINT('',(-9.201959075525,1.628795313216,0.));
#6529 = CARTESIAN_POINT('',(-8.87103399263,1.722040650548,0.));
#6530 = CARTESIAN_POINT('',(-8.522292067161,1.796154663518,0.));
#6531 = CARTESIAN_POINT('',(-8.177338529052,1.75366038645,0.));
#6532 = CARTESIAN_POINT('',(-9.201959075525,1.628795313216,5.));
#6533 = CARTESIAN_POINT('',(-8.87103399263,1.722040650548,5.));
#6534 = CARTESIAN_POINT('',(-8.522292067161,1.796154663518,5.));
#6535 = CARTESIAN_POINT('',(-8.177338529052,1.75366038645,5.));
#6536 = DEFINITIONAL_REPRESENTATION('',(#6537),#6541);
#6537 = LINE('',#6538,#6539);
#6538 = CARTESIAN_POINT('',(0.,0.));
#6539 = VECTOR('',#6540,1.);
#6540 = DIRECTION('',(1.,0.));
#6541 = ( GEOMETRIC_REPRESENTATION_CONTEXT(2) 
PARAMETRIC_REPRESENTATION_CONTEXT() REPRESENTATION_CONTEXT('2D SPACE',''
  ) );
#6542 = ADVANCED_FACE('',(#6543),#6527,.T.);
#6543 = FACE_BOUND('',#6544,.T.);
#6544 = EDGE_LOOP('',(#6545,#6570,#6571,#6596));
#6545 = ORIENTED_EDGE('',*,*,#6546,.F.);
#6546 = EDGE_CURVE('',#6464,#6547,#6549,.T.);
#6547 = VERTEX_POINT('',#6548);
#6548 = CARTESIAN_POINT('',(-8.177338529052,1.75366038645,0.));
#6549 = SURFACE_CURVE('',#6550,(#6555,#6562),.PCURVE_S1.);
#6550 = B_SPLINE_CURVE_WITH_KNOTS('',3,(#6551,#6552,#6553,#6554),
  .UNSPECIFIED.,.F.,.F.,(4,4),(0.,1.),.PIECEWISE_BEZIER_KNOTS.);
#6551 = CARTESIAN_POINT('',(-9.201959075525,1.628795313216,0.));
#6552 = CARTESIAN_POINT('',(-8.87103399263,1.722040650548,0.));
#6553 = CARTESIAN_POINT('',(-8.522292067161,1.796154663518,0.));
#6554 = CARTESIAN_POINT('',(-8.177338529052,1.75366038645,0.));
#6555 = PCURVE('',#6527,#6556);
#6556 = DEFINITIONAL_REPRESENTATION('',(#6557),#6561);
#6557 = LINE('',#6558,#6559);
#6558 = CARTESIAN_POINT('',(0.,0.));
#6559 = VECTOR('',#6560,1.);
#6560 = DIRECTION('',(0.,1.));
#6561 = ( GEOMETRIC_REPRESENTATION_CONTEXT(2) 
PARAMETRIC_REPRESENTATION_CONTEXT() REPRESENTATION_CONTEXT('2D SPACE',''
  ) );
#6562 = PCURVE('',#49,#6563);
#6563 = DEFINITIONAL_REPRESENTATION('',(#6564),#6569);
#6564 = B_SPLINE_CURVE_WITH_KNOTS('',3,(#6565,#6566,#6567,#6568),
  .UNSPECIFIED.,.F.,.F.,(4,4),(0.,1.),.PIECEWISE_BEZIER_KNOTS.);
#6565 = CARTESIAN_POINT('',(-9.201959075525,1.628795313216));
#6566 = CARTESIAN_POINT('',(-8.87103399263,1.722040650548));
#6567 = CARTESIAN_POINT('',(-8.522292067161,1.796154663518));
#6568 = CARTESIAN_POINT('',(-8.177338529052,1.75366038645));
#6569 = ( GEOMETRIC_REPRESENTATION_CONTEXT(2) 
PARAMETRIC_REPRESENTATION_CONTEXT() REPRESENTATION_CONTEXT('2D SPACE',''
  ) );
#6570 = ORIENTED_EDGE('',*,*,#6514,.T.);
#6571 = ORIENTED_EDGE('',*,*,#6572,.T.);
#6572 = EDGE_CURVE('',#6490,#6573,#6575,.T.);
#6573 = VERTEX_POINT('',#6574);
#6574 = CARTESIAN_POINT('',(-8.177338529052,1.75366038645,5.));
#6575 = SURFACE_CURVE('',#6576,(#6581,#6588),.PCURVE_S1.);
#6576 = B_SPLINE_CURVE_WITH_KNOTS('',3,(#6577,#6578,#6579,#6580),
  .UNSPECIFIED.,.F.,.F.,(4,4),(0.,1.),.PIECEWISE_BEZIER_KNOTS.);
#6577 = CARTESIAN_POINT('',(-9.201959075525,1.628795313216,5.));
#6578 = CARTESIAN_POINT('',(-8.87103399263,1.722040650548,5.));
#6579 = CARTESIAN_POINT('',(-8.522292067161,1.796154663518,5.));
#6580 = CARTESIAN_POINT('',(-8.177338529052,1.75366038645,5.));
#6581 = PCURVE('',#6527,#6582);
#6582 = DEFINITIONAL_REPRESENTATION('',(#6583),#6587);
#6583 = LINE('',#6584,#6585);
#6584 = CARTESIAN_POINT('',(1.,0.));
#6585 = VECTOR('',#6586,1.);
#6586 = DIRECTION('',(0.,1.));
#6587 = ( GEOMETRIC_REPRESENTATION_CONTEXT(2) 
PARAMETRIC_REPRESENTATION_CONTEXT() REPRESENTATION_CONTEXT('2D SPACE',''
  ) );
#6588 = PCURVE('',#110,#6589);
#6589 = DEFINITIONAL_REPRESENTATION('',(#6590),#6595);
#6590 = B_SPLINE_CURVE_WITH_KNOTS('',3,(#6591,#6592,#6593,#6594),
  .UNSPECIFIED.,.F.,.F.,(4,4),(0.,1.),.PIECEWISE_BEZIER_KNOTS.);
#6591 = CARTESIAN_POINT('',(9.201959075525,1.628795313216));
#6592 = CARTESIAN_POINT('',(8.87103399263,1.722040650548));
#6593 = CARTESIAN_POINT('',(8.522292067161,1.796154663518));
#6594 = CARTESIAN_POINT('',(8.177338529052,1.75366038645));
#6595 = ( GEOMETRIC_REPRESENTATION_CONTEXT(2) 
PARAMETRIC_REPRESENTATION_CONTEXT() REPRESENTATION_CONTEXT('2D SPACE',''
  ) );
#6596 = ORIENTED_EDGE('',*,*,#6597,.F.);
#6597 = EDGE_CURVE('',#6547,#6573,#6598,.T.);
#6598 = SURFACE_CURVE('',#6599,(#6602,#6609),.PCURVE_S1.);
#6599 = B_SPLINE_CURVE_WITH_KNOTS('',1,(#6600,#6601),.UNSPECIFIED.,.F.,
  .F.,(2,2),(0.,1.),.PIECEWISE_BEZIER_KNOTS.);
#6600 = CARTESIAN_POINT('',(-8.177338529052,1.75366038645,0.));
#6601 = CARTESIAN_POINT('',(-8.177338529052,1.75366038645,5.));
#6602 = PCURVE('',#6527,#6603);
#6603 = DEFINITIONAL_REPRESENTATION('',(#6604),#6608);
#6604 = LINE('',#6605,#6606);
#6605 = CARTESIAN_POINT('',(0.,1.));
#6606 = VECTOR('',#6607,1.);
#6607 = DIRECTION('',(1.,0.));
#6608 = ( GEOMETRIC_REPRESENTATION_CONTEXT(2) 
PARAMETRIC_REPRESENTATION_CONTEXT() REPRESENTATION_CONTEXT('2D SPACE',''
  ) );
#6609 = PCURVE('',#6610,#6619);
#6610 = B_SPLINE_SURFACE_WITH_KNOTS('',1,3,(
    (#6611,#6612,#6613,#6614)
    ,(#6615,#6616,#6617,#6618
    )),.UNSPECIFIED.,.F.,.F.,.F.,(2,2),(4,4),(0.,1.),(0.,1.),
  .PIECEWISE_BEZIER_KNOTS.);
#6611 = CARTESIAN_POINT('',(-8.177338529052,1.75366038645,0.));
#6612 = CARTESIAN_POINT('',(-8.123848092656,1.879217720785,0.));
#6613 = CARTESIAN_POINT('',(-8.09154864425,2.013754605803,0.));
#6614 = CARTESIAN_POINT('',(-8.0822071351,2.149911159806,0.));
#6615 = CARTESIAN_POINT('',(-8.177338529052,1.75366038645,5.));
#6616 = CARTESIAN_POINT('',(-8.123848092656,1.879217720785,5.));
#6617 = CARTESIAN_POINT('',(-8.09154864425,2.013754605803,5.));
#6618 = CARTESIAN_POINT('',(-8.0822071351,2.149911159806,5.));
#6619 = DEFINITIONAL_REPRESENTATION('',(#6620),#6624);
#6620 = LINE('',#6621,#6622);
#6621 = CARTESIAN_POINT('',(0.,0.));
#6622 = VECTOR('',#6623,1.);
#6623 = DIRECTION('',(1.,0.));
#6624 = ( GEOMETRIC_REPRESENTATION_CONTEXT(2) 
PARAMETRIC_REPRESENTATION_CONTEXT() REPRESENTATION_CONTEXT('2D SPACE',''
  ) );
#6625 = ADVANCED_FACE('',(#6626),#6610,.T.);
#6626 = FACE_BOUND('',#6627,.T.);
#6627 = EDGE_LOOP('',(#6628,#6653,#6654,#6679));
#6628 = ORIENTED_EDGE('',*,*,#6629,.F.);
#6629 = EDGE_CURVE('',#6547,#6630,#6632,.T.);
#6630 = VERTEX_POINT('',#6631);
#6631 = CARTESIAN_POINT('',(-8.0822071351,2.149911159806,0.));
#6632 = SURFACE_CURVE('',#6633,(#6638,#6645),.PCURVE_S1.);
#6633 = B_SPLINE_CURVE_WITH_KNOTS('',3,(#6634,#6635,#6636,#6637),
  .UNSPECIFIED.,.F.,.F.,(4,4),(0.,1.),.PIECEWISE_BEZIER_KNOTS.);
#6634 = CARTESIAN_POINT('',(-8.177338529052,1.75366038645,0.));
#6635 = CARTESIAN_POINT('',(-8.123848092656,1.879217720785,0.));
#6636 = CARTESIAN_POINT('',(-8.09154864425,2.013754605803,0.));
#6637 = CARTESIAN_POINT('',(-8.0822071351,2.149911159806,0.));
#6638 = PCURVE('',#6610,#6639);
#6639 = DEFINITIONAL_REPRESENTATION('',(#6640),#6644);
#6640 = LINE('',#6641,#6642);
#6641 = CARTESIAN_POINT('',(0.,0.));
#6642 = VECTOR('',#6643,1.);
#6643 = DIRECTION('',(0.,1.));
#6644 = ( GEOMETRIC_REPRESENTATION_CONTEXT(2) 
PARAMETRIC_REPRESENTATION_CONTEXT() REPRESENTATION_CONTEXT('2D SPACE',''
  ) );
#6645 = PCURVE('',#49,#6646);
#6646 = DEFINITIONAL_REPRESENTATION('',(#6647),#6652);
#6647 = B_SPLINE_CURVE_WITH_KNOTS('',3,(#6648,#6649,#6650,#6651),
  .UNSPECIFIED.,.F.,.F.,(4,4),(0.,1.),.PIECEWISE_BEZIER_KNOTS.);
#6648 = CARTESIAN_POINT('',(-8.177338529052,1.75366038645));
#6649 = CARTESIAN_POINT('',(-8.123848092656,1.879217720785));
#6650 = CARTESIAN_POINT('',(-8.09154864425,2.013754605803));
#6651 = CARTESIAN_POINT('',(-8.0822071351,2.149911159806));
#6652 = ( GEOMETRIC_REPRESENTATION_CONTEXT(2) 
PARAMETRIC_REPRESENTATION_CONTEXT() REPRESENTATION_CONTEXT('2D SPACE',''
  ) );
#6653 = ORIENTED_EDGE('',*,*,#6597,.T.);
#6654 = ORIENTED_EDGE('',*,*,#6655,.T.);
#6655 = EDGE_CURVE('',#6573,#6656,#6658,.T.);
#6656 = VERTEX_POINT('',#6657);
#6657 = CARTESIAN_POINT('',(-8.0822071351,2.149911159806,5.));
#6658 = SURFACE_CURVE('',#6659,(#6664,#6671),.PCURVE_S1.);
#6659 = B_SPLINE_CURVE_WITH_KNOTS('',3,(#6660,#6661,#6662,#6663),
  .UNSPECIFIED.,.F.,.F.,(4,4),(0.,1.),.PIECEWISE_BEZIER_KNOTS.);
#6660 = CARTESIAN_POINT('',(-8.177338529052,1.75366038645,5.));
#6661 = CARTESIAN_POINT('',(-8.123848092656,1.879217720785,5.));
#6662 = CARTESIAN_POINT('',(-8.09154864425,2.013754605803,5.));
#6663 = CARTESIAN_POINT('',(-8.0822071351,2.149911159806,5.));
#6664 = PCURVE('',#6610,#6665);
#6665 = DEFINITIONAL_REPRESENTATION('',(#6666),#6670);
#6666 = LINE('',#6667,#6668);
#6667 = CARTESIAN_POINT('',(1.,0.));
#6668 = VECTOR('',#6669,1.);
#6669 = DIRECTION('',(0.,1.));
#6670 = ( GEOMETRIC_REPRESENTATION_CONTEXT(2) 
PARAMETRIC_REPRESENTATION_CONTEXT() REPRESENTATION_CONTEXT('2D SPACE',''
  ) );
#6671 = PCURVE('',#110,#6672);
#6672 = DEFINITIONAL_REPRESENTATION('',(#6673),#6678);
#6673 = B_SPLINE_CURVE_WITH_KNOTS('',3,(#6674,#6675,#6676,#6677),
  .UNSPECIFIED.,.F.,.F.,(4,4),(0.,1.),.PIECEWISE_BEZIER_KNOTS.);
#6674 = CARTESIAN_POINT('',(8.177338529052,1.75366038645));
#6675 = CARTESIAN_POINT('',(8.123848092656,1.879217720785));
#6676 = CARTESIAN_POINT('',(8.09154864425,2.013754605803));
#6677 = CARTESIAN_POINT('',(8.0822071351,2.149911159806));
#6678 = ( GEOMETRIC_REPRESENTATION_CONTEXT(2) 
PARAMETRIC_REPRESENTATION_CONTEXT() REPRESENTATION_CONTEXT('2D SPACE',''
  ) );
#6679 = ORIENTED_EDGE('',*,*,#6680,.F.);
#6680 = EDGE_CURVE('',#6630,#6656,#6681,.T.);
#6681 = SURFACE_CURVE('',#6682,(#6685,#6692),.PCURVE_S1.);
#6682 = B_SPLINE_CURVE_WITH_KNOTS('',1,(#6683,#6684),.UNSPECIFIED.,.F.,
  .F.,(2,2),(0.,1.),.PIECEWISE_BEZIER_KNOTS.);
#6683 = CARTESIAN_POINT('',(-8.0822071351,2.149911159806,0.));
#6684 = CARTESIAN_POINT('',(-8.0822071351,2.149911159806,5.));
#6685 = PCURVE('',#6610,#6686);
#6686 = DEFINITIONAL_REPRESENTATION('',(#6687),#6691);
#6687 = LINE('',#6688,#6689);
#6688 = CARTESIAN_POINT('',(0.,1.));
#6689 = VECTOR('',#6690,1.);
#6690 = DIRECTION('',(1.,0.));
#6691 = ( GEOMETRIC_REPRESENTATION_CONTEXT(2) 
PARAMETRIC_REPRESENTATION_CONTEXT() REPRESENTATION_CONTEXT('2D SPACE',''
  ) );
#6692 = PCURVE('',#6693,#6702);
#6693 = B_SPLINE_SURFACE_WITH_KNOTS('',1,3,(
    (#6694,#6695,#6696,#6697)
    ,(#6698,#6699,#6700,#6701
    )),.UNSPECIFIED.,.F.,.F.,.F.,(2,2),(4,4),(0.,1.),(0.,1.),
  .PIECEWISE_BEZIER_KNOTS.);
#6694 = CARTESIAN_POINT('',(-8.0822071351,2.149911159806,0.));
#6695 = CARTESIAN_POINT('',(-8.408854986179,2.26865411085,0.));
#6696 = CARTESIAN_POINT('',(-8.685939259244,2.493015700965,0.));
#6697 = CARTESIAN_POINT('',(-8.938463169828,2.726334748637,0.));
#6698 = CARTESIAN_POINT('',(-8.0822071351,2.149911159806,5.));
#6699 = CARTESIAN_POINT('',(-8.408854986179,2.26865411085,5.));
#6700 = CARTESIAN_POINT('',(-8.685939259244,2.493015700965,5.));
#6701 = CARTESIAN_POINT('',(-8.938463169828,2.726334748637,5.));
#6702 = DEFINITIONAL_REPRESENTATION('',(#6703),#6707);
#6703 = LINE('',#6704,#6705);
#6704 = CARTESIAN_POINT('',(0.,0.));
#6705 = VECTOR('',#6706,1.);
#6706 = DIRECTION('',(1.,0.));
#6707 = ( GEOMETRIC_REPRESENTATION_CONTEXT(2) 
PARAMETRIC_REPRESENTATION_CONTEXT() REPRESENTATION_CONTEXT('2D SPACE',''
  ) );
#6708 = ADVANCED_FACE('',(#6709),#6693,.T.);
#6709 = FACE_BOUND('',#6710,.T.);
#6710 = EDGE_LOOP('',(#6711,#6736,#6737,#6762));
#6711 = ORIENTED_EDGE('',*,*,#6712,.F.);
#6712 = EDGE_CURVE('',#6630,#6713,#6715,.T.);
#6713 = VERTEX_POINT('',#6714);
#6714 = CARTESIAN_POINT('',(-8.938463169828,2.726334748637,0.));
#6715 = SURFACE_CURVE('',#6716,(#6721,#6728),.PCURVE_S1.);
#6716 = B_SPLINE_CURVE_WITH_KNOTS('',3,(#6717,#6718,#6719,#6720),
  .UNSPECIFIED.,.F.,.F.,(4,4),(0.,1.),.PIECEWISE_BEZIER_KNOTS.);
#6717 = CARTESIAN_POINT('',(-8.0822071351,2.149911159806,0.));
#6718 = CARTESIAN_POINT('',(-8.408854986179,2.26865411085,0.));
#6719 = CARTESIAN_POINT('',(-8.685939259244,2.493015700965,0.));
#6720 = CARTESIAN_POINT('',(-8.938463169828,2.726334748637,0.));
#6721 = PCURVE('',#6693,#6722);
#6722 = DEFINITIONAL_REPRESENTATION('',(#6723),#6727);
#6723 = LINE('',#6724,#6725);
#6724 = CARTESIAN_POINT('',(0.,0.));
#6725 = VECTOR('',#6726,1.);
#6726 = DIRECTION('',(0.,1.));
#6727 = ( GEOMETRIC_REPRESENTATION_CONTEXT(2) 
PARAMETRIC_REPRESENTATION_CONTEXT() REPRESENTATION_CONTEXT('2D SPACE',''
  ) );
#6728 = PCURVE('',#49,#6729);
#6729 = DEFINITIONAL_REPRESENTATION('',(#6730),#6735);
#6730 = B_SPLINE_CURVE_WITH_KNOTS('',3,(#6731,#6732,#6733,#6734),
  .UNSPECIFIED.,.F.,.F.,(4,4),(0.,1.),.PIECEWISE_BEZIER_KNOTS.);
#6731 = CARTESIAN_POINT('',(-8.0822071351,2.149911159806));
#6732 = CARTESIAN_POINT('',(-8.408854986179,2.26865411085));
#6733 = CARTESIAN_POINT('',(-8.685939259244,2.493015700965));
#6734 = CARTESIAN_POINT('',(-8.938463169828,2.726334748637));
#6735 = ( GEOMETRIC_REPRESENTATION_CONTEXT(2) 
PARAMETRIC_REPRESENTATION_CONTEXT() REPRESENTATION_CONTEXT('2D SPACE',''
  ) );
#6736 = ORIENTED_EDGE('',*,*,#6680,.T.);
#6737 = ORIENTED_EDGE('',*,*,#6738,.T.);
#6738 = EDGE_CURVE('',#6656,#6739,#6741,.T.);
#6739 = VERTEX_POINT('',#6740);
#6740 = CARTESIAN_POINT('',(-8.938463169828,2.726334748637,5.));
#6741 = SURFACE_CURVE('',#6742,(#6747,#6754),.PCURVE_S1.);
#6742 = B_SPLINE_CURVE_WITH_KNOTS('',3,(#6743,#6744,#6745,#6746),
  .UNSPECIFIED.,.F.,.F.,(4,4),(0.,1.),.PIECEWISE_BEZIER_KNOTS.);
#6743 = CARTESIAN_POINT('',(-8.0822071351,2.149911159806,5.));
#6744 = CARTESIAN_POINT('',(-8.408854986179,2.26865411085,5.));
#6745 = CARTESIAN_POINT('',(-8.685939259244,2.493015700965,5.));
#6746 = CARTESIAN_POINT('',(-8.938463169828,2.726334748637,5.));
#6747 = PCURVE('',#6693,#6748);
#6748 = DEFINITIONAL_REPRESENTATION('',(#6749),#6753);
#6749 = LINE('',#6750,#6751);
#6750 = CARTESIAN_POINT('',(1.,0.));
#6751 = VECTOR('',#6752,1.);
#6752 = DIRECTION('',(0.,1.));
#6753 = ( GEOMETRIC_REPRESENTATION_CONTEXT(2) 
PARAMETRIC_REPRESENTATION_CONTEXT() REPRESENTATION_CONTEXT('2D SPACE',''
  ) );
#6754 = PCURVE('',#110,#6755);
#6755 = DEFINITIONAL_REPRESENTATION('',(#6756),#6761);
#6756 = B_SPLINE_CURVE_WITH_KNOTS('',3,(#6757,#6758,#6759,#6760),
  .UNSPECIFIED.,.F.,.F.,(4,4),(0.,1.),.PIECEWISE_BEZIER_KNOTS.);
#6757 = CARTESIAN_POINT('',(8.0822071351,2.149911159806));
#6758 = CARTESIAN_POINT('',(8.408854986179,2.26865411085));
#6759 = CARTESIAN_POINT('',(8.685939259244,2.493015700965));
#6760 = CARTESIAN_POINT('',(8.938463169828,2.726334748637));
#6761 = ( GEOMETRIC_REPRESENTATION_CONTEXT(2) 
PARAMETRIC_REPRESENTATION_CONTEXT() REPRESENTATION_CONTEXT('2D SPACE',''
  ) );
#6762 = ORIENTED_EDGE('',*,*,#6763,.F.);
#6763 = EDGE_CURVE('',#6713,#6739,#6764,.T.);
#6764 = SURFACE_CURVE('',#6765,(#6768,#6775),.PCURVE_S1.);
#6765 = B_SPLINE_CURVE_WITH_KNOTS('',1,(#6766,#6767),.UNSPECIFIED.,.F.,
  .F.,(2,2),(0.,1.),.PIECEWISE_BEZIER_KNOTS.);
#6766 = CARTESIAN_POINT('',(-8.938463169828,2.726334748637,0.));
#6767 = CARTESIAN_POINT('',(-8.938463169828,2.726334748637,5.));
#6768 = PCURVE('',#6693,#6769);
#6769 = DEFINITIONAL_REPRESENTATION('',(#6770),#6774);
#6770 = LINE('',#6771,#6772);
#6771 = CARTESIAN_POINT('',(0.,1.));
#6772 = VECTOR('',#6773,1.);
#6773 = DIRECTION('',(1.,0.));
#6774 = ( GEOMETRIC_REPRESENTATION_CONTEXT(2) 
PARAMETRIC_REPRESENTATION_CONTEXT() REPRESENTATION_CONTEXT('2D SPACE',''
  ) );
#6775 = PCURVE('',#6776,#6785);
#6776 = B_SPLINE_SURFACE_WITH_KNOTS('',1,3,(
    (#6777,#6778,#6779,#6780)
    ,(#6781,#6782,#6783,#6784
    )),.UNSPECIFIED.,.F.,.F.,.F.,(2,2),(4,4),(0.,1.),(0.,1.),
  .PIECEWISE_BEZIER_KNOTS.);
#6777 = CARTESIAN_POINT('',(-8.938463169828,2.726334748637,0.));
#6778 = CARTESIAN_POINT('',(-8.905545342203,2.834258119878,0.));
#6779 = CARTESIAN_POINT('',(-8.870672650073,2.941585230342,0.));
#6780 = CARTESIAN_POINT('',(-8.833867966047,3.048245685382,0.));
#6781 = CARTESIAN_POINT('',(-8.938463169828,2.726334748637,5.));
#6782 = CARTESIAN_POINT('',(-8.905545342203,2.834258119878,5.));
#6783 = CARTESIAN_POINT('',(-8.870672650073,2.941585230342,5.));
#6784 = CARTESIAN_POINT('',(-8.833867966047,3.048245685382,5.));
#6785 = DEFINITIONAL_REPRESENTATION('',(#6786),#6790);
#6786 = LINE('',#6787,#6788);
#6787 = CARTESIAN_POINT('',(0.,0.));
#6788 = VECTOR('',#6789,1.);
#6789 = DIRECTION('',(1.,0.));
#6790 = ( GEOMETRIC_REPRESENTATION_CONTEXT(2) 
PARAMETRIC_REPRESENTATION_CONTEXT() REPRESENTATION_CONTEXT('2D SPACE',''
  ) );
#6791 = ADVANCED_FACE('',(#6792),#6776,.T.);
#6792 = FACE_BOUND('',#6793,.T.);
#6793 = EDGE_LOOP('',(#6794,#6819,#6820,#6845));
#6794 = ORIENTED_EDGE('',*,*,#6795,.F.);
#6795 = EDGE_CURVE('',#6713,#6796,#6798,.T.);
#6796 = VERTEX_POINT('',#6797);
#6797 = CARTESIAN_POINT('',(-8.833867966047,3.048245685382,0.));
#6798 = SURFACE_CURVE('',#6799,(#6804,#6811),.PCURVE_S1.);
#6799 = B_SPLINE_CURVE_WITH_KNOTS('',3,(#6800,#6801,#6802,#6803),
  .UNSPECIFIED.,.F.,.F.,(4,4),(0.,1.),.PIECEWISE_BEZIER_KNOTS.);
#6800 = CARTESIAN_POINT('',(-8.938463169828,2.726334748637,0.));
#6801 = CARTESIAN_POINT('',(-8.905545342203,2.834258119878,0.));
#6802 = CARTESIAN_POINT('',(-8.870672650073,2.941585230342,0.));
#6803 = CARTESIAN_POINT('',(-8.833867966047,3.048245685382,0.));
#6804 = PCURVE('',#6776,#6805);
#6805 = DEFINITIONAL_REPRESENTATION('',(#6806),#6810);
#6806 = LINE('',#6807,#6808);
#6807 = CARTESIAN_POINT('',(0.,0.));
#6808 = VECTOR('',#6809,1.);
#6809 = DIRECTION('',(0.,1.));
#6810 = ( GEOMETRIC_REPRESENTATION_CONTEXT(2) 
PARAMETRIC_REPRESENTATION_CONTEXT() REPRESENTATION_CONTEXT('2D SPACE',''
  ) );
#6811 = PCURVE('',#49,#6812);
#6812 = DEFINITIONAL_REPRESENTATION('',(#6813),#6818);
#6813 = B_SPLINE_CURVE_WITH_KNOTS('',3,(#6814,#6815,#6816,#6817),
  .UNSPECIFIED.,.F.,.F.,(4,4),(0.,1.),.PIECEWISE_BEZIER_KNOTS.);
#6814 = CARTESIAN_POINT('',(-8.938463169828,2.726334748637));
#6815 = CARTESIAN_POINT('',(-8.905545342203,2.834258119878));
#6816 = CARTESIAN_POINT('',(-8.870672650073,2.941585230342));
#6817 = CARTESIAN_POINT('',(-8.833867966047,3.048245685382));
#6818 = ( GEOMETRIC_REPRESENTATION_CONTEXT(2) 
PARAMETRIC_REPRESENTATION_CONTEXT() REPRESENTATION_CONTEXT('2D SPACE',''
  ) );
#6819 = ORIENTED_EDGE('',*,*,#6763,.T.);
#6820 = ORIENTED_EDGE('',*,*,#6821,.T.);
#6821 = EDGE_CURVE('',#6739,#6822,#6824,.T.);
#6822 = VERTEX_POINT('',#6823);
#6823 = CARTESIAN_POINT('',(-8.833867966047,3.048245685382,5.));
#6824 = SURFACE_CURVE('',#6825,(#6830,#6837),.PCURVE_S1.);
#6825 = B_SPLINE_CURVE_WITH_KNOTS('',3,(#6826,#6827,#6828,#6829),
  .UNSPECIFIED.,.F.,.F.,(4,4),(0.,1.),.PIECEWISE_BEZIER_KNOTS.);
#6826 = CARTESIAN_POINT('',(-8.938463169828,2.726334748637,5.));
#6827 = CARTESIAN_POINT('',(-8.905545342203,2.834258119878,5.));
#6828 = CARTESIAN_POINT('',(-8.870672650073,2.941585230342,5.));
#6829 = CARTESIAN_POINT('',(-8.833867966047,3.048245685382,5.));
#6830 = PCURVE('',#6776,#6831);
#6831 = DEFINITIONAL_REPRESENTATION('',(#6832),#6836);
#6832 = LINE('',#6833,#6834);
#6833 = CARTESIAN_POINT('',(1.,0.));
#6834 = VECTOR('',#6835,1.);
#6835 = DIRECTION('',(0.,1.));
#6836 = ( GEOMETRIC_REPRESENTATION_CONTEXT(2) 
PARAMETRIC_REPRESENTATION_CONTEXT() REPRESENTATION_CONTEXT('2D SPACE',''
  ) );
#6837 = PCURVE('',#110,#6838);
#6838 = DEFINITIONAL_REPRESENTATION('',(#6839),#6844);
#6839 = B_SPLINE_CURVE_WITH_KNOTS('',3,(#6840,#6841,#6842,#6843),
  .UNSPECIFIED.,.F.,.F.,(4,4),(0.,1.),.PIECEWISE_BEZIER_KNOTS.);
#6840 = CARTESIAN_POINT('',(8.938463169828,2.726334748637));
#6841 = CARTESIAN_POINT('',(8.905545342203,2.834258119878));
#6842 = CARTESIAN_POINT('',(8.870672650073,2.941585230342));
#6843 = CARTESIAN_POINT('',(8.833867966047,3.048245685382));
#6844 = ( GEOMETRIC_REPRESENTATION_CONTEXT(2) 
PARAMETRIC_REPRESENTATION_CONTEXT() REPRESENTATION_CONTEXT('2D SPACE',''
  ) );
#6845 = ORIENTED_EDGE('',*,*,#6846,.F.);
#6846 = EDGE_CURVE('',#6796,#6822,#6847,.T.);
#6847 = SURFACE_CURVE('',#6848,(#6851,#6858),.PCURVE_S1.);
#6848 = B_SPLINE_CURVE_WITH_KNOTS('',1,(#6849,#6850),.UNSPECIFIED.,.F.,
  .F.,(2,2),(0.,1.),.PIECEWISE_BEZIER_KNOTS.);
#6849 = CARTESIAN_POINT('',(-8.833867966047,3.048245685382,0.));
#6850 = CARTESIAN_POINT('',(-8.833867966047,3.048245685382,5.));
#6851 = PCURVE('',#6776,#6852);
#6852 = DEFINITIONAL_REPRESENTATION('',(#6853),#6857);
#6853 = LINE('',#6854,#6855);
#6854 = CARTESIAN_POINT('',(0.,1.));
#6855 = VECTOR('',#6856,1.);
#6856 = DIRECTION('',(1.,0.));
#6857 = ( GEOMETRIC_REPRESENTATION_CONTEXT(2) 
PARAMETRIC_REPRESENTATION_CONTEXT() REPRESENTATION_CONTEXT('2D SPACE',''
  ) );
#6858 = PCURVE('',#6859,#6868);
#6859 = B_SPLINE_SURFACE_WITH_KNOTS('',1,3,(
    (#6860,#6861,#6862,#6863)
    ,(#6864,#6865,#6866,#6867
    )),.UNSPECIFIED.,.F.,.F.,.F.,(2,2),(4,4),(0.,1.),(0.,1.),
  .PIECEWISE_BEZIER_KNOTS.);
#6860 = CARTESIAN_POINT('',(-8.833867966047,3.048245685382,0.));
#6861 = CARTESIAN_POINT('',(-8.492430335598,3.088574929568,0.));
#6862 = CARTESIAN_POINT('',(-8.136388015964,3.107221219506,0.));
#6863 = CARTESIAN_POINT('',(-7.802328997828,3.011287495305,0.));
#6864 = CARTESIAN_POINT('',(-8.833867966047,3.048245685382,5.));
#6865 = CARTESIAN_POINT('',(-8.492430335598,3.088574929568,5.));
#6866 = CARTESIAN_POINT('',(-8.136388015964,3.107221219506,5.));
#6867 = CARTESIAN_POINT('',(-7.802328997828,3.011287495305,5.));
#6868 = DEFINITIONAL_REPRESENTATION('',(#6869),#6873);
#6869 = LINE('',#6870,#6871);
#6870 = CARTESIAN_POINT('',(0.,0.));
#6871 = VECTOR('',#6872,1.);
#6872 = DIRECTION('',(1.,0.));
#6873 = ( GEOMETRIC_REPRESENTATION_CONTEXT(2) 
PARAMETRIC_REPRESENTATION_CONTEXT() REPRESENTATION_CONTEXT('2D SPACE',''
  ) );
#6874 = ADVANCED_FACE('',(#6875),#6859,.T.);
#6875 = FACE_BOUND('',#6876,.T.);
#6876 = EDGE_LOOP('',(#6877,#6902,#6903,#6928));
#6877 = ORIENTED_EDGE('',*,*,#6878,.F.);
#6878 = EDGE_CURVE('',#6796,#6879,#6881,.T.);
#6879 = VERTEX_POINT('',#6880);
#6880 = CARTESIAN_POINT('',(-7.802328997828,3.011287495305,0.));
#6881 = SURFACE_CURVE('',#6882,(#6887,#6894),.PCURVE_S1.);
#6882 = B_SPLINE_CURVE_WITH_KNOTS('',3,(#6883,#6884,#6885,#6886),
  .UNSPECIFIED.,.F.,.F.,(4,4),(0.,1.),.PIECEWISE_BEZIER_KNOTS.);
#6883 = CARTESIAN_POINT('',(-8.833867966047,3.048245685382,0.));
#6884 = CARTESIAN_POINT('',(-8.492430335598,3.088574929568,0.));
#6885 = CARTESIAN_POINT('',(-8.136388015964,3.107221219506,0.));
#6886 = CARTESIAN_POINT('',(-7.802328997828,3.011287495305,0.));
#6887 = PCURVE('',#6859,#6888);
#6888 = DEFINITIONAL_REPRESENTATION('',(#6889),#6893);
#6889 = LINE('',#6890,#6891);
#6890 = CARTESIAN_POINT('',(0.,0.));
#6891 = VECTOR('',#6892,1.);
#6892 = DIRECTION('',(0.,1.));
#6893 = ( GEOMETRIC_REPRESENTATION_CONTEXT(2) 
PARAMETRIC_REPRESENTATION_CONTEXT() REPRESENTATION_CONTEXT('2D SPACE',''
  ) );
#6894 = PCURVE('',#49,#6895);
#6895 = DEFINITIONAL_REPRESENTATION('',(#6896),#6901);
#6896 = B_SPLINE_CURVE_WITH_KNOTS('',3,(#6897,#6898,#6899,#6900),
  .UNSPECIFIED.,.F.,.F.,(4,4),(0.,1.),.PIECEWISE_BEZIER_KNOTS.);
#6897 = CARTESIAN_POINT('',(-8.833867966047,3.048245685382));
#6898 = CARTESIAN_POINT('',(-8.492430335598,3.088574929568));
#6899 = CARTESIAN_POINT('',(-8.136388015964,3.107221219506));
#6900 = CARTESIAN_POINT('',(-7.802328997828,3.011287495305));
#6901 = ( GEOMETRIC_REPRESENTATION_CONTEXT(2) 
PARAMETRIC_REPRESENTATION_CONTEXT() REPRESENTATION_CONTEXT('2D SPACE',''
  ) );
#6902 = ORIENTED_EDGE('',*,*,#6846,.T.);
#6903 = ORIENTED_EDGE('',*,*,#6904,.T.);
#6904 = EDGE_CURVE('',#6822,#6905,#6907,.T.);
#6905 = VERTEX_POINT('',#6906);
#6906 = CARTESIAN_POINT('',(-7.802328997828,3.011287495305,5.));
#6907 = SURFACE_CURVE('',#6908,(#6913,#6920),.PCURVE_S1.);
#6908 = B_SPLINE_CURVE_WITH_KNOTS('',3,(#6909,#6910,#6911,#6912),
  .UNSPECIFIED.,.F.,.F.,(4,4),(0.,1.),.PIECEWISE_BEZIER_KNOTS.);
#6909 = CARTESIAN_POINT('',(-8.833867966047,3.048245685382,5.));
#6910 = CARTESIAN_POINT('',(-8.492430335598,3.088574929568,5.));
#6911 = CARTESIAN_POINT('',(-8.136388015964,3.107221219506,5.));
#6912 = CARTESIAN_POINT('',(-7.802328997828,3.011287495305,5.));
#6913 = PCURVE('',#6859,#6914);
#6914 = DEFINITIONAL_REPRESENTATION('',(#6915),#6919);
#6915 = LINE('',#6916,#6917);
#6916 = CARTESIAN_POINT('',(1.,0.));
#6917 = VECTOR('',#6918,1.);
#6918 = DIRECTION('',(0.,1.));
#6919 = ( GEOMETRIC_REPRESENTATION_CONTEXT(2) 
PARAMETRIC_REPRESENTATION_CONTEXT() REPRESENTATION_CONTEXT('2D SPACE',''
  ) );
#6920 = PCURVE('',#110,#6921);
#6921 = DEFINITIONAL_REPRESENTATION('',(#6922),#6927);
#6922 = B_SPLINE_CURVE_WITH_KNOTS('',3,(#6923,#6924,#6925,#6926),
  .UNSPECIFIED.,.F.,.F.,(4,4),(0.,1.),.PIECEWISE_BEZIER_KNOTS.);
#6923 = CARTESIAN_POINT('',(8.833867966047,3.048245685382));
#6924 = CARTESIAN_POINT('',(8.492430335598,3.088574929568));
#6925 = CARTESIAN_POINT('',(8.136388015964,3.107221219506));
#6926 = CARTESIAN_POINT('',(7.802328997828,3.011287495305));
#6927 = ( GEOMETRIC_REPRESENTATION_CONTEXT(2) 
PARAMETRIC_REPRESENTATION_CONTEXT() REPRESENTATION_CONTEXT('2D SPACE',''
  ) );
#6928 = ORIENTED_EDGE('',*,*,#6929,.F.);
#6929 = EDGE_CURVE('',#6879,#6905,#6930,.T.);
#6930 = SURFACE_CURVE('',#6931,(#6934,#6941),.PCURVE_S1.);
#6931 = B_SPLINE_CURVE_WITH_KNOTS('',1,(#6932,#6933),.UNSPECIFIED.,.F.,
  .F.,(2,2),(0.,1.),.PIECEWISE_BEZIER_KNOTS.);
#6932 = CARTESIAN_POINT('',(-7.802328997828,3.011287495305,0.));
#6933 = CARTESIAN_POINT('',(-7.802328997828,3.011287495305,5.));
#6934 = PCURVE('',#6859,#6935);
#6935 = DEFINITIONAL_REPRESENTATION('',(#6936),#6940);
#6936 = LINE('',#6937,#6938);
#6937 = CARTESIAN_POINT('',(0.,1.));
#6938 = VECTOR('',#6939,1.);
#6939 = DIRECTION('',(1.,0.));
#6940 = ( GEOMETRIC_REPRESENTATION_CONTEXT(2) 
PARAMETRIC_REPRESENTATION_CONTEXT() REPRESENTATION_CONTEXT('2D SPACE',''
  ) );
#6941 = PCURVE('',#6942,#6951);
#6942 = B_SPLINE_SURFACE_WITH_KNOTS('',1,3,(
    (#6943,#6944,#6945,#6946)
    ,(#6947,#6948,#6949,#6950
    )),.UNSPECIFIED.,.F.,.F.,.F.,(2,2),(4,4),(0.,1.),(0.,1.),
  .PIECEWISE_BEZIER_KNOTS.);
#6943 = CARTESIAN_POINT('',(-7.802328997828,3.011287495305,0.));
#6944 = CARTESIAN_POINT('',(-7.729855623037,3.126931262702,0.));
#6945 = CARTESIAN_POINT('',(-7.676907628803,3.254759028482,0.));
#6946 = CARTESIAN_POINT('',(-7.646381551445,3.38777793538,0.));
#6947 = CARTESIAN_POINT('',(-7.802328997828,3.011287495305,5.));
#6948 = CARTESIAN_POINT('',(-7.729855623037,3.126931262702,5.));
#6949 = CARTESIAN_POINT('',(-7.676907628803,3.254759028482,5.));
#6950 = CARTESIAN_POINT('',(-7.646381551445,3.38777793538,5.));
#6951 = DEFINITIONAL_REPRESENTATION('',(#6952),#6956);
#6952 = LINE('',#6953,#6954);
#6953 = CARTESIAN_POINT('',(0.,0.));
#6954 = VECTOR('',#6955,1.);
#6955 = DIRECTION('',(1.,0.));
#6956 = ( GEOMETRIC_REPRESENTATION_CONTEXT(2) 
PARAMETRIC_REPRESENTATION_CONTEXT() REPRESENTATION_CONTEXT('2D SPACE',''
  ) );
#6957 = ADVANCED_FACE('',(#6958),#6942,.T.);
#6958 = FACE_BOUND('',#6959,.T.);
#6959 = EDGE_LOOP('',(#6960,#6985,#6986,#7011));
#6960 = ORIENTED_EDGE('',*,*,#6961,.F.);
#6961 = EDGE_CURVE('',#6879,#6962,#6964,.T.);
#6962 = VERTEX_POINT('',#6963);
#6963 = CARTESIAN_POINT('',(-7.646381551445,3.38777793538,0.));
#6964 = SURFACE_CURVE('',#6965,(#6970,#6977),.PCURVE_S1.);
#6965 = B_SPLINE_CURVE_WITH_KNOTS('',3,(#6966,#6967,#6968,#6969),
  .UNSPECIFIED.,.F.,.F.,(4,4),(0.,1.),.PIECEWISE_BEZIER_KNOTS.);
#6966 = CARTESIAN_POINT('',(-7.802328997828,3.011287495305,0.));
#6967 = CARTESIAN_POINT('',(-7.729855623037,3.126931262702,0.));
#6968 = CARTESIAN_POINT('',(-7.676907628803,3.254759028482,0.));
#6969 = CARTESIAN_POINT('',(-7.646381551445,3.38777793538,0.));
#6970 = PCURVE('',#6942,#6971);
#6971 = DEFINITIONAL_REPRESENTATION('',(#6972),#6976);
#6972 = LINE('',#6973,#6974);
#6973 = CARTESIAN_POINT('',(0.,0.));
#6974 = VECTOR('',#6975,1.);
#6975 = DIRECTION('',(0.,1.));
#6976 = ( GEOMETRIC_REPRESENTATION_CONTEXT(2) 
PARAMETRIC_REPRESENTATION_CONTEXT() REPRESENTATION_CONTEXT('2D SPACE',''
  ) );
#6977 = PCURVE('',#49,#6978);
#6978 = DEFINITIONAL_REPRESENTATION('',(#6979),#6984);
#6979 = B_SPLINE_CURVE_WITH_KNOTS('',3,(#6980,#6981,#6982,#6983),
  .UNSPECIFIED.,.F.,.F.,(4,4),(0.,1.),.PIECEWISE_BEZIER_KNOTS.);
#6980 = CARTESIAN_POINT('',(-7.802328997828,3.011287495305));
#6981 = CARTESIAN_POINT('',(-7.729855623037,3.126931262702));
#6982 = CARTESIAN_POINT('',(-7.676907628803,3.254759028482));
#6983 = CARTESIAN_POINT('',(-7.646381551445,3.38777793538));
#6984 = ( GEOMETRIC_REPRESENTATION_CONTEXT(2) 
PARAMETRIC_REPRESENTATION_CONTEXT() REPRESENTATION_CONTEXT('2D SPACE',''
  ) );
#6985 = ORIENTED_EDGE('',*,*,#6929,.T.);
#6986 = ORIENTED_EDGE('',*,*,#6987,.T.);
#6987 = EDGE_CURVE('',#6905,#6988,#6990,.T.);
#6988 = VERTEX_POINT('',#6989);
#6989 = CARTESIAN_POINT('',(-7.646381551445,3.38777793538,5.));
#6990 = SURFACE_CURVE('',#6991,(#6996,#7003),.PCURVE_S1.);
#6991 = B_SPLINE_CURVE_WITH_KNOTS('',3,(#6992,#6993,#6994,#6995),
  .UNSPECIFIED.,.F.,.F.,(4,4),(0.,1.),.PIECEWISE_BEZIER_KNOTS.);
#6992 = CARTESIAN_POINT('',(-7.802328997828,3.011287495305,5.));
#6993 = CARTESIAN_POINT('',(-7.729855623037,3.126931262702,5.));
#6994 = CARTESIAN_POINT('',(-7.676907628803,3.254759028482,5.));
#6995 = CARTESIAN_POINT('',(-7.646381551445,3.38777793538,5.));
#6996 = PCURVE('',#6942,#6997);
#6997 = DEFINITIONAL_REPRESENTATION('',(#6998),#7002);
#6998 = LINE('',#6999,#7000);
#6999 = CARTESIAN_POINT('',(1.,0.));
#7000 = VECTOR('',#7001,1.);
#7001 = DIRECTION('',(0.,1.));
#7002 = ( GEOMETRIC_REPRESENTATION_CONTEXT(2) 
PARAMETRIC_REPRESENTATION_CONTEXT() REPRESENTATION_CONTEXT('2D SPACE',''
  ) );
#7003 = PCURVE('',#110,#7004);
#7004 = DEFINITIONAL_REPRESENTATION('',(#7005),#7010);
#7005 = B_SPLINE_CURVE_WITH_KNOTS('',3,(#7006,#7007,#7008,#7009),
  .UNSPECIFIED.,.F.,.F.,(4,4),(0.,1.),.PIECEWISE_BEZIER_KNOTS.);
#7006 = CARTESIAN_POINT('',(7.802328997828,3.011287495305));
#7007 = CARTESIAN_POINT('',(7.729855623037,3.126931262702));
#7008 = CARTESIAN_POINT('',(7.676907628803,3.254759028482));
#7009 = CARTESIAN_POINT('',(7.646381551445,3.38777793538));
#7010 = ( GEOMETRIC_REPRESENTATION_CONTEXT(2) 
PARAMETRIC_REPRESENTATION_CONTEXT() REPRESENTATION_CONTEXT('2D SPACE',''
  ) );
#7011 = ORIENTED_EDGE('',*,*,#7012,.F.);
#7012 = EDGE_CURVE('',#6962,#6988,#7013,.T.);
#7013 = SURFACE_CURVE('',#7014,(#7017,#7024),.PCURVE_S1.);
#7014 = B_SPLINE_CURVE_WITH_KNOTS('',1,(#7015,#7016),.UNSPECIFIED.,.F.,
  .F.,(2,2),(0.,1.),.PIECEWISE_BEZIER_KNOTS.);
#7015 = CARTESIAN_POINT('',(-7.646381551445,3.38777793538,0.));
#7016 = CARTESIAN_POINT('',(-7.646381551445,3.38777793538,5.));
#7017 = PCURVE('',#6942,#7018);
#7018 = DEFINITIONAL_REPRESENTATION('',(#7019),#7023);
#7019 = LINE('',#7020,#7021);
#7020 = CARTESIAN_POINT('',(0.,1.));
#7021 = VECTOR('',#7022,1.);
#7022 = DIRECTION('',(1.,0.));
#7023 = ( GEOMETRIC_REPRESENTATION_CONTEXT(2) 
PARAMETRIC_REPRESENTATION_CONTEXT() REPRESENTATION_CONTEXT('2D SPACE',''
  ) );
#7024 = PCURVE('',#7025,#7034);
#7025 = B_SPLINE_SURFACE_WITH_KNOTS('',1,3,(
    (#7026,#7027,#7028,#7029)
    ,(#7030,#7031,#7032,#7033
    )),.UNSPECIFIED.,.F.,.F.,.F.,(2,2),(4,4),(0.,1.),(0.,1.),
  .PIECEWISE_BEZIER_KNOTS.);
#7026 = CARTESIAN_POINT('',(-7.646381551445,3.38777793538,0.));
#7027 = CARTESIAN_POINT('',(-7.950432335412,3.556157945494,0.));
#7028 = CARTESIAN_POINT('',(-8.189007355955,3.821102802155,0.));
#7029 = CARTESIAN_POINT('',(-8.401923137755,4.091052748042,0.));
#7030 = CARTESIAN_POINT('',(-7.646381551445,3.38777793538,5.));
#7031 = CARTESIAN_POINT('',(-7.950432335412,3.556157945494,5.));
#7032 = CARTESIAN_POINT('',(-8.189007355955,3.821102802155,5.));
#7033 = CARTESIAN_POINT('',(-8.401923137755,4.091052748042,5.));
#7034 = DEFINITIONAL_REPRESENTATION('',(#7035),#7039);
#7035 = LINE('',#7036,#7037);
#7036 = CARTESIAN_POINT('',(0.,0.));
#7037 = VECTOR('',#7038,1.);
#7038 = DIRECTION('',(1.,0.));
#7039 = ( GEOMETRIC_REPRESENTATION_CONTEXT(2) 
PARAMETRIC_REPRESENTATION_CONTEXT() REPRESENTATION_CONTEXT('2D SPACE',''
  ) );
#7040 = ADVANCED_FACE('',(#7041),#7025,.T.);
#7041 = FACE_BOUND('',#7042,.T.);
#7042 = EDGE_LOOP('',(#7043,#7068,#7069,#7094));
#7043 = ORIENTED_EDGE('',*,*,#7044,.F.);
#7044 = EDGE_CURVE('',#6962,#7045,#7047,.T.);
#7045 = VERTEX_POINT('',#7046);
#7046 = CARTESIAN_POINT('',(-8.401923137755,4.091052748042,0.));
#7047 = SURFACE_CURVE('',#7048,(#7053,#7060),.PCURVE_S1.);
#7048 = B_SPLINE_CURVE_WITH_KNOTS('',3,(#7049,#7050,#7051,#7052),
  .UNSPECIFIED.,.F.,.F.,(4,4),(0.,1.),.PIECEWISE_BEZIER_KNOTS.);
#7049 = CARTESIAN_POINT('',(-7.646381551445,3.38777793538,0.));
#7050 = CARTESIAN_POINT('',(-7.950432335412,3.556157945494,0.));
#7051 = CARTESIAN_POINT('',(-8.189007355955,3.821102802155,0.));
#7052 = CARTESIAN_POINT('',(-8.401923137755,4.091052748042,0.));
#7053 = PCURVE('',#7025,#7054);
#7054 = DEFINITIONAL_REPRESENTATION('',(#7055),#7059);
#7055 = LINE('',#7056,#7057);
#7056 = CARTESIAN_POINT('',(0.,0.));
#7057 = VECTOR('',#7058,1.);
#7058 = DIRECTION('',(0.,1.));
#7059 = ( GEOMETRIC_REPRESENTATION_CONTEXT(2) 
PARAMETRIC_REPRESENTATION_CONTEXT() REPRESENTATION_CONTEXT('2D SPACE',''
  ) );
#7060 = PCURVE('',#49,#7061);
#7061 = DEFINITIONAL_REPRESENTATION('',(#7062),#7067);
#7062 = B_SPLINE_CURVE_WITH_KNOTS('',3,(#7063,#7064,#7065,#7066),
  .UNSPECIFIED.,.F.,.F.,(4,4),(0.,1.),.PIECEWISE_BEZIER_KNOTS.);
#7063 = CARTESIAN_POINT('',(-7.646381551445,3.38777793538));
#7064 = CARTESIAN_POINT('',(-7.950432335412,3.556157945494));
#7065 = CARTESIAN_POINT('',(-8.189007355955,3.821102802155));
#7066 = CARTESIAN_POINT('',(-8.401923137755,4.091052748042));
#7067 = ( GEOMETRIC_REPRESENTATION_CONTEXT(2) 
PARAMETRIC_REPRESENTATION_CONTEXT() REPRESENTATION_CONTEXT('2D SPACE',''
  ) );
#7068 = ORIENTED_EDGE('',*,*,#7012,.T.);
#7069 = ORIENTED_EDGE('',*,*,#7070,.T.);
#7070 = EDGE_CURVE('',#6988,#7071,#7073,.T.);
#7071 = VERTEX_POINT('',#7072);
#7072 = CARTESIAN_POINT('',(-8.401923137755,4.091052748042,5.));
#7073 = SURFACE_CURVE('',#7074,(#7079,#7086),.PCURVE_S1.);
#7074 = B_SPLINE_CURVE_WITH_KNOTS('',3,(#7075,#7076,#7077,#7078),
  .UNSPECIFIED.,.F.,.F.,(4,4),(0.,1.),.PIECEWISE_BEZIER_KNOTS.);
#7075 = CARTESIAN_POINT('',(-7.646381551445,3.38777793538,5.));
#7076 = CARTESIAN_POINT('',(-7.950432335412,3.556157945494,5.));
#7077 = CARTESIAN_POINT('',(-8.189007355955,3.821102802155,5.));
#7078 = CARTESIAN_POINT('',(-8.401923137755,4.091052748042,5.));
#7079 = PCURVE('',#7025,#7080);
#7080 = DEFINITIONAL_REPRESENTATION('',(#7081),#7085);
#7081 = LINE('',#7082,#7083);
#7082 = CARTESIAN_POINT('',(1.,0.));
#7083 = VECTOR('',#7084,1.);
#7084 = DIRECTION('',(0.,1.));
#7085 = ( GEOMETRIC_REPRESENTATION_CONTEXT(2) 
PARAMETRIC_REPRESENTATION_CONTEXT() REPRESENTATION_CONTEXT('2D SPACE',''
  ) );
#7086 = PCURVE('',#110,#7087);
#7087 = DEFINITIONAL_REPRESENTATION('',(#7088),#7093);
#7088 = B_SPLINE_CURVE_WITH_KNOTS('',3,(#7089,#7090,#7091,#7092),
  .UNSPECIFIED.,.F.,.F.,(4,4),(0.,1.),.PIECEWISE_BEZIER_KNOTS.);
#7089 = CARTESIAN_POINT('',(7.646381551445,3.38777793538));
#7090 = CARTESIAN_POINT('',(7.950432335412,3.556157945494));
#7091 = CARTESIAN_POINT('',(8.189007355955,3.821102802155));
#7092 = CARTESIAN_POINT('',(8.401923137755,4.091052748042));
#7093 = ( GEOMETRIC_REPRESENTATION_CONTEXT(2) 
PARAMETRIC_REPRESENTATION_CONTEXT() REPRESENTATION_CONTEXT('2D SPACE',''
  ) );
#7094 = ORIENTED_EDGE('',*,*,#7095,.F.);
#7095 = EDGE_CURVE('',#7045,#7071,#7096,.T.);
#7096 = SURFACE_CURVE('',#7097,(#7100,#7107),.PCURVE_S1.);
#7097 = B_SPLINE_CURVE_WITH_KNOTS('',1,(#7098,#7099),.UNSPECIFIED.,.F.,
  .F.,(2,2),(0.,1.),.PIECEWISE_BEZIER_KNOTS.);
#7098 = CARTESIAN_POINT('',(-8.401923137755,4.091052748042,0.));
#7099 = CARTESIAN_POINT('',(-8.401923137755,4.091052748042,5.));
#7100 = PCURVE('',#7025,#7101);
#7101 = DEFINITIONAL_REPRESENTATION('',(#7102),#7106);
#7102 = LINE('',#7103,#7104);
#7103 = CARTESIAN_POINT('',(0.,1.));
#7104 = VECTOR('',#7105,1.);
#7105 = DIRECTION('',(1.,0.));
#7106 = ( GEOMETRIC_REPRESENTATION_CONTEXT(2) 
PARAMETRIC_REPRESENTATION_CONTEXT() REPRESENTATION_CONTEXT('2D SPACE',''
  ) );
#7107 = PCURVE('',#7108,#7117);
#7108 = B_SPLINE_SURFACE_WITH_KNOTS('',1,3,(
    (#7109,#7110,#7111,#7112)
    ,(#7113,#7114,#7115,#7116
    )),.UNSPECIFIED.,.F.,.F.,.F.,(2,2),(4,4),(0.,1.),(0.,1.),
  .PIECEWISE_BEZIER_KNOTS.);
#7109 = CARTESIAN_POINT('',(-8.401923137755,4.091052748042,0.));
#7110 = CARTESIAN_POINT('',(-8.352527648366,4.19249792074,0.));
#7111 = CARTESIAN_POINT('',(-8.301294637834,4.293048365437,0.));
#7112 = CARTESIAN_POINT('',(-8.248257709318,4.392638132226,0.));
#7113 = CARTESIAN_POINT('',(-8.401923137755,4.091052748042,5.));
#7114 = CARTESIAN_POINT('',(-8.352527648366,4.19249792074,5.));
#7115 = CARTESIAN_POINT('',(-8.301294637834,4.293048365437,5.));
#7116 = CARTESIAN_POINT('',(-8.248257709318,4.392638132226,5.));
#7117 = DEFINITIONAL_REPRESENTATION('',(#7118),#7122);
#7118 = LINE('',#7119,#7120);
#7119 = CARTESIAN_POINT('',(0.,0.));
#7120 = VECTOR('',#7121,1.);
#7121 = DIRECTION('',(1.,0.));
#7122 = ( GEOMETRIC_REPRESENTATION_CONTEXT(2) 
PARAMETRIC_REPRESENTATION_CONTEXT() REPRESENTATION_CONTEXT('2D SPACE',''
  ) );
#7123 = ADVANCED_FACE('',(#7124),#7108,.T.);
#7124 = FACE_BOUND('',#7125,.T.);
#7125 = EDGE_LOOP('',(#7126,#7151,#7152,#7177));
#7126 = ORIENTED_EDGE('',*,*,#7127,.F.);
#7127 = EDGE_CURVE('',#7045,#7128,#7130,.T.);
#7128 = VERTEX_POINT('',#7129);
#7129 = CARTESIAN_POINT('',(-8.248257709318,4.392638132226,0.));
#7130 = SURFACE_CURVE('',#7131,(#7136,#7143),.PCURVE_S1.);
#7131 = B_SPLINE_CURVE_WITH_KNOTS('',3,(#7132,#7133,#7134,#7135),
  .UNSPECIFIED.,.F.,.F.,(4,4),(0.,1.),.PIECEWISE_BEZIER_KNOTS.);
#7132 = CARTESIAN_POINT('',(-8.401923137755,4.091052748042,0.));
#7133 = CARTESIAN_POINT('',(-8.352527648366,4.19249792074,0.));
#7134 = CARTESIAN_POINT('',(-8.301294637834,4.293048365437,0.));
#7135 = CARTESIAN_POINT('',(-8.248257709318,4.392638132226,0.));
#7136 = PCURVE('',#7108,#7137);
#7137 = DEFINITIONAL_REPRESENTATION('',(#7138),#7142);
#7138 = LINE('',#7139,#7140);
#7139 = CARTESIAN_POINT('',(0.,0.));
#7140 = VECTOR('',#7141,1.);
#7141 = DIRECTION('',(0.,1.));
#7142 = ( GEOMETRIC_REPRESENTATION_CONTEXT(2) 
PARAMETRIC_REPRESENTATION_CONTEXT() REPRESENTATION_CONTEXT('2D SPACE',''
  ) );
#7143 = PCURVE('',#49,#7144);
#7144 = DEFINITIONAL_REPRESENTATION('',(#7145),#7150);
#7145 = B_SPLINE_CURVE_WITH_KNOTS('',3,(#7146,#7147,#7148,#7149),
  .UNSPECIFIED.,.F.,.F.,(4,4),(0.,1.),.PIECEWISE_BEZIER_KNOTS.);
#7146 = CARTESIAN_POINT('',(-8.401923137755,4.091052748042));
#7147 = CARTESIAN_POINT('',(-8.352527648366,4.19249792074));
#7148 = CARTESIAN_POINT('',(-8.301294637834,4.293048365437));
#7149 = CARTESIAN_POINT('',(-8.248257709318,4.392638132226));
#7150 = ( GEOMETRIC_REPRESENTATION_CONTEXT(2) 
PARAMETRIC_REPRESENTATION_CONTEXT() REPRESENTATION_CONTEXT('2D SPACE',''
  ) );
#7151 = ORIENTED_EDGE('',*,*,#7095,.T.);
#7152 = ORIENTED_EDGE('',*,*,#7153,.T.);
#7153 = EDGE_CURVE('',#7071,#7154,#7156,.T.);
#7154 = VERTEX_POINT('',#7155);
#7155 = CARTESIAN_POINT('',(-8.248257709318,4.392638132226,5.));
#7156 = SURFACE_CURVE('',#7157,(#7162,#7169),.PCURVE_S1.);
#7157 = B_SPLINE_CURVE_WITH_KNOTS('',3,(#7158,#7159,#7160,#7161),
  .UNSPECIFIED.,.F.,.F.,(4,4),(0.,1.),.PIECEWISE_BEZIER_KNOTS.);
#7158 = CARTESIAN_POINT('',(-8.401923137755,4.091052748042,5.));
#7159 = CARTESIAN_POINT('',(-8.352527648366,4.19249792074,5.));
#7160 = CARTESIAN_POINT('',(-8.301294637834,4.293048365437,5.));
#7161 = CARTESIAN_POINT('',(-8.248257709318,4.392638132226,5.));
#7162 = PCURVE('',#7108,#7163);
#7163 = DEFINITIONAL_REPRESENTATION('',(#7164),#7168);
#7164 = LINE('',#7165,#7166);
#7165 = CARTESIAN_POINT('',(1.,0.));
#7166 = VECTOR('',#7167,1.);
#7167 = DIRECTION('',(0.,1.));
#7168 = ( GEOMETRIC_REPRESENTATION_CONTEXT(2) 
PARAMETRIC_REPRESENTATION_CONTEXT() REPRESENTATION_CONTEXT('2D SPACE',''
  ) );
#7169 = PCURVE('',#110,#7170);
#7170 = DEFINITIONAL_REPRESENTATION('',(#7171),#7176);
#7171 = B_SPLINE_CURVE_WITH_KNOTS('',3,(#7172,#7173,#7174,#7175),
  .UNSPECIFIED.,.F.,.F.,(4,4),(0.,1.),.PIECEWISE_BEZIER_KNOTS.);
#7172 = CARTESIAN_POINT('',(8.401923137755,4.091052748042));
#7173 = CARTESIAN_POINT('',(8.352527648366,4.19249792074));
#7174 = CARTESIAN_POINT('',(8.301294637834,4.293048365437));
#7175 = CARTESIAN_POINT('',(8.248257709318,4.392638132226));
#7176 = ( GEOMETRIC_REPRESENTATION_CONTEXT(2) 
PARAMETRIC_REPRESENTATION_CONTEXT() REPRESENTATION_CONTEXT('2D SPACE',''
  ) );
#7177 = ORIENTED_EDGE('',*,*,#7178,.F.);
#7178 = EDGE_CURVE('',#7128,#7154,#7179,.T.);
#7179 = SURFACE_CURVE('',#7180,(#7183,#7190),.PCURVE_S1.);
#7180 = B_SPLINE_CURVE_WITH_KNOTS('',1,(#7181,#7182),.UNSPECIFIED.,.F.,
  .F.,(2,2),(0.,1.),.PIECEWISE_BEZIER_KNOTS.);
#7181 = CARTESIAN_POINT('',(-8.248257709318,4.392638132226,0.));
#7182 = CARTESIAN_POINT('',(-8.248257709318,4.392638132226,5.));
#7183 = PCURVE('',#7108,#7184);
#7184 = DEFINITIONAL_REPRESENTATION('',(#7185),#7189);
#7185 = LINE('',#7186,#7187);
#7186 = CARTESIAN_POINT('',(0.,1.));
#7187 = VECTOR('',#7188,1.);
#7188 = DIRECTION('',(1.,0.));
#7189 = ( GEOMETRIC_REPRESENTATION_CONTEXT(2) 
PARAMETRIC_REPRESENTATION_CONTEXT() REPRESENTATION_CONTEXT('2D SPACE',''
  ) );
#7190 = PCURVE('',#7191,#7200);
#7191 = B_SPLINE_SURFACE_WITH_KNOTS('',1,3,(
    (#7192,#7193,#7194,#7195)
    ,(#7196,#7197,#7198,#7199
    )),.UNSPECIFIED.,.F.,.F.,.F.,(2,2),(4,4),(0.,1.),(0.,1.),
  .PIECEWISE_BEZIER_KNOTS.);
#7192 = CARTESIAN_POINT('',(-8.248257709318,4.392638132226,0.));
#7193 = CARTESIAN_POINT('',(-7.904714858943,4.379058243429,0.));
#7194 = CARTESIAN_POINT('',(-7.550139088691,4.341777676793,0.));
#7195 = CARTESIAN_POINT('',(-7.235200232231,4.194766712136,0.));
#7196 = CARTESIAN_POINT('',(-8.248257709318,4.392638132226,5.));
#7197 = CARTESIAN_POINT('',(-7.904714858943,4.379058243429,5.));
#7198 = CARTESIAN_POINT('',(-7.550139088691,4.341777676793,5.));
#7199 = CARTESIAN_POINT('',(-7.235200232231,4.194766712136,5.));
#7200 = DEFINITIONAL_REPRESENTATION('',(#7201),#7205);
#7201 = LINE('',#7202,#7203);
#7202 = CARTESIAN_POINT('',(0.,0.));
#7203 = VECTOR('',#7204,1.);
#7204 = DIRECTION('',(1.,0.));
#7205 = ( GEOMETRIC_REPRESENTATION_CONTEXT(2) 
PARAMETRIC_REPRESENTATION_CONTEXT() REPRESENTATION_CONTEXT('2D SPACE',''
  ) );
#7206 = ADVANCED_FACE('',(#7207),#7191,.T.);
#7207 = FACE_BOUND('',#7208,.T.);
#7208 = EDGE_LOOP('',(#7209,#7234,#7235,#7260));
#7209 = ORIENTED_EDGE('',*,*,#7210,.F.);
#7210 = EDGE_CURVE('',#7128,#7211,#7213,.T.);
#7211 = VERTEX_POINT('',#7212);
#7212 = CARTESIAN_POINT('',(-7.235200232231,4.194766712136,0.));
#7213 = SURFACE_CURVE('',#7214,(#7219,#7226),.PCURVE_S1.);
#7214 = B_SPLINE_CURVE_WITH_KNOTS('',3,(#7215,#7216,#7217,#7218),
  .UNSPECIFIED.,.F.,.F.,(4,4),(0.,1.),.PIECEWISE_BEZIER_KNOTS.);
#7215 = CARTESIAN_POINT('',(-8.248257709318,4.392638132226,0.));
#7216 = CARTESIAN_POINT('',(-7.904714858943,4.379058243429,0.));
#7217 = CARTESIAN_POINT('',(-7.550139088691,4.341777676793,0.));
#7218 = CARTESIAN_POINT('',(-7.235200232231,4.194766712136,0.));
#7219 = PCURVE('',#7191,#7220);
#7220 = DEFINITIONAL_REPRESENTATION('',(#7221),#7225);
#7221 = LINE('',#7222,#7223);
#7222 = CARTESIAN_POINT('',(0.,0.));
#7223 = VECTOR('',#7224,1.);
#7224 = DIRECTION('',(0.,1.));
#7225 = ( GEOMETRIC_REPRESENTATION_CONTEXT(2) 
PARAMETRIC_REPRESENTATION_CONTEXT() REPRESENTATION_CONTEXT('2D SPACE',''
  ) );
#7226 = PCURVE('',#49,#7227);
#7227 = DEFINITIONAL_REPRESENTATION('',(#7228),#7233);
#7228 = B_SPLINE_CURVE_WITH_KNOTS('',3,(#7229,#7230,#7231,#7232),
  .UNSPECIFIED.,.F.,.F.,(4,4),(0.,1.),.PIECEWISE_BEZIER_KNOTS.);
#7229 = CARTESIAN_POINT('',(-8.248257709318,4.392638132226));
#7230 = CARTESIAN_POINT('',(-7.904714858943,4.379058243429));
#7231 = CARTESIAN_POINT('',(-7.550139088691,4.341777676793));
#7232 = CARTESIAN_POINT('',(-7.235200232231,4.194766712136));
#7233 = ( GEOMETRIC_REPRESENTATION_CONTEXT(2) 
PARAMETRIC_REPRESENTATION_CONTEXT() REPRESENTATION_CONTEXT('2D SPACE',''
  ) );
#7234 = ORIENTED_EDGE('',*,*,#7178,.T.);
#7235 = ORIENTED_EDGE('',*,*,#7236,.T.);
#7236 = EDGE_CURVE('',#7154,#7237,#7239,.T.);
#7237 = VERTEX_POINT('',#7238);
#7238 = CARTESIAN_POINT('',(-7.235200232231,4.194766712136,5.));
#7239 = SURFACE_CURVE('',#7240,(#7245,#7252),.PCURVE_S1.);
#7240 = B_SPLINE_CURVE_WITH_KNOTS('',3,(#7241,#7242,#7243,#7244),
  .UNSPECIFIED.,.F.,.F.,(4,4),(0.,1.),.PIECEWISE_BEZIER_KNOTS.);
#7241 = CARTESIAN_POINT('',(-8.248257709318,4.392638132226,5.));
#7242 = CARTESIAN_POINT('',(-7.904714858943,4.379058243429,5.));
#7243 = CARTESIAN_POINT('',(-7.550139088691,4.341777676793,5.));
#7244 = CARTESIAN_POINT('',(-7.235200232231,4.194766712136,5.));
#7245 = PCURVE('',#7191,#7246);
#7246 = DEFINITIONAL_REPRESENTATION('',(#7247),#7251);
#7247 = LINE('',#7248,#7249);
#7248 = CARTESIAN_POINT('',(1.,0.));
#7249 = VECTOR('',#7250,1.);
#7250 = DIRECTION('',(0.,1.));
#7251 = ( GEOMETRIC_REPRESENTATION_CONTEXT(2) 
PARAMETRIC_REPRESENTATION_CONTEXT() REPRESENTATION_CONTEXT('2D SPACE',''
  ) );
#7252 = PCURVE('',#110,#7253);
#7253 = DEFINITIONAL_REPRESENTATION('',(#7254),#7259);
#7254 = B_SPLINE_CURVE_WITH_KNOTS('',3,(#7255,#7256,#7257,#7258),
  .UNSPECIFIED.,.F.,.F.,(4,4),(0.,1.),.PIECEWISE_BEZIER_KNOTS.);
#7255 = CARTESIAN_POINT('',(8.248257709318,4.392638132226));
#7256 = CARTESIAN_POINT('',(7.904714858943,4.379058243429));
#7257 = CARTESIAN_POINT('',(7.550139088691,4.341777676793));
#7258 = CARTESIAN_POINT('',(7.235200232231,4.194766712136));
#7259 = ( GEOMETRIC_REPRESENTATION_CONTEXT(2) 
PARAMETRIC_REPRESENTATION_CONTEXT() REPRESENTATION_CONTEXT('2D SPACE',''
  ) );
#7260 = ORIENTED_EDGE('',*,*,#7261,.F.);
#7261 = EDGE_CURVE('',#7211,#7237,#7262,.T.);
#7262 = SURFACE_CURVE('',#7263,(#7266,#7273),.PCURVE_S1.);
#7263 = B_SPLINE_CURVE_WITH_KNOTS('',1,(#7264,#7265),.UNSPECIFIED.,.F.,
  .F.,(2,2),(0.,1.),.PIECEWISE_BEZIER_KNOTS.);
#7264 = CARTESIAN_POINT('',(-7.235200232231,4.194766712136,0.));
#7265 = CARTESIAN_POINT('',(-7.235200232231,4.194766712136,5.));
#7266 = PCURVE('',#7191,#7267);
#7267 = DEFINITIONAL_REPRESENTATION('',(#7268),#7272);
#7268 = LINE('',#7269,#7270);
#7269 = CARTESIAN_POINT('',(0.,1.));
#7270 = VECTOR('',#7271,1.);
#7271 = DIRECTION('',(1.,0.));
#7272 = ( GEOMETRIC_REPRESENTATION_CONTEXT(2) 
PARAMETRIC_REPRESENTATION_CONTEXT() REPRESENTATION_CONTEXT('2D SPACE',''
  ) );
#7273 = PCURVE('',#7274,#7283);
#7274 = B_SPLINE_SURFACE_WITH_KNOTS('',1,3,(
    (#7275,#7276,#7277,#7278)
    ,(#7279,#7280,#7281,#7282
    )),.UNSPECIFIED.,.F.,.F.,.F.,(2,2),(4,4),(0.,1.),(0.,1.),
  .PIECEWISE_BEZIER_KNOTS.);
#7275 = CARTESIAN_POINT('',(-7.235200232231,4.194766712136,0.));
#7276 = CARTESIAN_POINT('',(-7.14552845406,4.297649379241,0.));
#7277 = CARTESIAN_POINT('',(-7.07323566934,4.415620481954,0.));
#7278 = CARTESIAN_POINT('',(-7.022276677108,4.542226374794,0.));
#7279 = CARTESIAN_POINT('',(-7.235200232231,4.194766712136,5.));
#7280 = CARTESIAN_POINT('',(-7.14552845406,4.297649379241,5.));
#7281 = CARTESIAN_POINT('',(-7.07323566934,4.415620481954,5.));
#7282 = CARTESIAN_POINT('',(-7.022276677108,4.542226374794,5.));
#7283 = DEFINITIONAL_REPRESENTATION('',(#7284),#7288);
#7284 = LINE('',#7285,#7286);
#7285 = CARTESIAN_POINT('',(0.,0.));
#7286 = VECTOR('',#7287,1.);
#7287 = DIRECTION('',(1.,0.));
#7288 = ( GEOMETRIC_REPRESENTATION_CONTEXT(2) 
PARAMETRIC_REPRESENTATION_CONTEXT() REPRESENTATION_CONTEXT('2D SPACE',''
  ) );
#7289 = ADVANCED_FACE('',(#7290),#7274,.T.);
#7290 = FACE_BOUND('',#7291,.T.);
#7291 = EDGE_LOOP('',(#7292,#7317,#7318,#7343));
#7292 = ORIENTED_EDGE('',*,*,#7293,.F.);
#7293 = EDGE_CURVE('',#7211,#7294,#7296,.T.);
#7294 = VERTEX_POINT('',#7295);
#7295 = CARTESIAN_POINT('',(-7.022276677108,4.542226374794,0.));
#7296 = SURFACE_CURVE('',#7297,(#7302,#7309),.PCURVE_S1.);
#7297 = B_SPLINE_CURVE_WITH_KNOTS('',3,(#7298,#7299,#7300,#7301),
  .UNSPECIFIED.,.F.,.F.,(4,4),(0.,1.),.PIECEWISE_BEZIER_KNOTS.);
#7298 = CARTESIAN_POINT('',(-7.235200232231,4.194766712136,0.));
#7299 = CARTESIAN_POINT('',(-7.14552845406,4.297649379241,0.));
#7300 = CARTESIAN_POINT('',(-7.07323566934,4.415620481954,0.));
#7301 = CARTESIAN_POINT('',(-7.022276677108,4.542226374794,0.));
#7302 = PCURVE('',#7274,#7303);
#7303 = DEFINITIONAL_REPRESENTATION('',(#7304),#7308);
#7304 = LINE('',#7305,#7306);
#7305 = CARTESIAN_POINT('',(0.,0.));
#7306 = VECTOR('',#7307,1.);
#7307 = DIRECTION('',(0.,1.));
#7308 = ( GEOMETRIC_REPRESENTATION_CONTEXT(2) 
PARAMETRIC_REPRESENTATION_CONTEXT() REPRESENTATION_CONTEXT('2D SPACE',''
  ) );
#7309 = PCURVE('',#49,#7310);
#7310 = DEFINITIONAL_REPRESENTATION('',(#7311),#7316);
#7311 = B_SPLINE_CURVE_WITH_KNOTS('',3,(#7312,#7313,#7314,#7315),
  .UNSPECIFIED.,.F.,.F.,(4,4),(0.,1.),.PIECEWISE_BEZIER_KNOTS.);
#7312 = CARTESIAN_POINT('',(-7.235200232231,4.194766712136));
#7313 = CARTESIAN_POINT('',(-7.14552845406,4.297649379241));
#7314 = CARTESIAN_POINT('',(-7.07323566934,4.415620481954));
#7315 = CARTESIAN_POINT('',(-7.022276677108,4.542226374794));
#7316 = ( GEOMETRIC_REPRESENTATION_CONTEXT(2) 
PARAMETRIC_REPRESENTATION_CONTEXT() REPRESENTATION_CONTEXT('2D SPACE',''
  ) );
#7317 = ORIENTED_EDGE('',*,*,#7261,.T.);
#7318 = ORIENTED_EDGE('',*,*,#7319,.T.);
#7319 = EDGE_CURVE('',#7237,#7320,#7322,.T.);
#7320 = VERTEX_POINT('',#7321);
#7321 = CARTESIAN_POINT('',(-7.022276677108,4.542226374794,5.));
#7322 = SURFACE_CURVE('',#7323,(#7328,#7335),.PCURVE_S1.);
#7323 = B_SPLINE_CURVE_WITH_KNOTS('',3,(#7324,#7325,#7326,#7327),
  .UNSPECIFIED.,.F.,.F.,(4,4),(0.,1.),.PIECEWISE_BEZIER_KNOTS.);
#7324 = CARTESIAN_POINT('',(-7.235200232231,4.194766712136,5.));
#7325 = CARTESIAN_POINT('',(-7.14552845406,4.297649379241,5.));
#7326 = CARTESIAN_POINT('',(-7.07323566934,4.415620481954,5.));
#7327 = CARTESIAN_POINT('',(-7.022276677108,4.542226374794,5.));
#7328 = PCURVE('',#7274,#7329);
#7329 = DEFINITIONAL_REPRESENTATION('',(#7330),#7334);
#7330 = LINE('',#7331,#7332);
#7331 = CARTESIAN_POINT('',(1.,0.));
#7332 = VECTOR('',#7333,1.);
#7333 = DIRECTION('',(0.,1.));
#7334 = ( GEOMETRIC_REPRESENTATION_CONTEXT(2) 
PARAMETRIC_REPRESENTATION_CONTEXT() REPRESENTATION_CONTEXT('2D SPACE',''
  ) );
#7335 = PCURVE('',#110,#7336);
#7336 = DEFINITIONAL_REPRESENTATION('',(#7337),#7342);
#7337 = B_SPLINE_CURVE_WITH_KNOTS('',3,(#7338,#7339,#7340,#7341),
  .UNSPECIFIED.,.F.,.F.,(4,4),(0.,1.),.PIECEWISE_BEZIER_KNOTS.);
#7338 = CARTESIAN_POINT('',(7.235200232231,4.194766712136));
#7339 = CARTESIAN_POINT('',(7.14552845406,4.297649379241));
#7340 = CARTESIAN_POINT('',(7.07323566934,4.415620481954));
#7341 = CARTESIAN_POINT('',(7.022276677108,4.542226374794));
#7342 = ( GEOMETRIC_REPRESENTATION_CONTEXT(2) 
PARAMETRIC_REPRESENTATION_CONTEXT() REPRESENTATION_CONTEXT('2D SPACE',''
  ) );
#7343 = ORIENTED_EDGE('',*,*,#7344,.F.);
#7344 = EDGE_CURVE('',#7294,#7320,#7345,.T.);
#7345 = SURFACE_CURVE('',#7346,(#7349,#7356),.PCURVE_S1.);
#7346 = B_SPLINE_CURVE_WITH_KNOTS('',1,(#7347,#7348),.UNSPECIFIED.,.F.,
  .F.,(2,2),(0.,1.),.PIECEWISE_BEZIER_KNOTS.);
#7347 = CARTESIAN_POINT('',(-7.022276677108,4.542226374794,0.));
#7348 = CARTESIAN_POINT('',(-7.022276677108,4.542226374794,5.));
#7349 = PCURVE('',#7274,#7350);
#7350 = DEFINITIONAL_REPRESENTATION('',(#7351),#7355);
#7351 = LINE('',#7352,#7353);
#7352 = CARTESIAN_POINT('',(0.,1.));
#7353 = VECTOR('',#7354,1.);
#7354 = DIRECTION('',(1.,0.));
#7355 = ( GEOMETRIC_REPRESENTATION_CONTEXT(2) 
PARAMETRIC_REPRESENTATION_CONTEXT() REPRESENTATION_CONTEXT('2D SPACE',''
  ) );
#7356 = PCURVE('',#7357,#7366);
#7357 = B_SPLINE_SURFACE_WITH_KNOTS('',1,3,(
    (#7358,#7359,#7360,#7361)
    ,(#7362,#7363,#7364,#7365
    )),.UNSPECIFIED.,.F.,.F.,.F.,(2,2),(4,4),(0.,1.),(0.,1.),
  .PIECEWISE_BEZIER_KNOTS.);
#7358 = CARTESIAN_POINT('',(-7.022276677108,4.542226374794,0.));
#7359 = CARTESIAN_POINT('',(-7.296243654575,4.756097369308,0.));
#7360 = CARTESIAN_POINT('',(-7.490434913806,5.055101670844,0.));
#7361 = CARTESIAN_POINT('',(-7.658499873645,5.355035451365,0.));
#7362 = CARTESIAN_POINT('',(-7.022276677108,4.542226374794,5.));
#7363 = CARTESIAN_POINT('',(-7.296243654575,4.756097369308,5.));
#7364 = CARTESIAN_POINT('',(-7.490434913806,5.055101670844,5.));
#7365 = CARTESIAN_POINT('',(-7.658499873645,5.355035451365,5.));
#7366 = DEFINITIONAL_REPRESENTATION('',(#7367),#7371);
#7367 = LINE('',#7368,#7369);
#7368 = CARTESIAN_POINT('',(0.,0.));
#7369 = VECTOR('',#7370,1.);
#7370 = DIRECTION('',(1.,0.));
#7371 = ( GEOMETRIC_REPRESENTATION_CONTEXT(2) 
PARAMETRIC_REPRESENTATION_CONTEXT() REPRESENTATION_CONTEXT('2D SPACE',''
  ) );
#7372 = ADVANCED_FACE('',(#7373),#7357,.T.);
#7373 = FACE_BOUND('',#7374,.T.);
#7374 = EDGE_LOOP('',(#7375,#7400,#7401,#7426));
#7375 = ORIENTED_EDGE('',*,*,#7376,.F.);
#7376 = EDGE_CURVE('',#7294,#7377,#7379,.T.);
#7377 = VERTEX_POINT('',#7378);
#7378 = CARTESIAN_POINT('',(-7.658499873645,5.355035451365,0.));
#7379 = SURFACE_CURVE('',#7380,(#7385,#7392),.PCURVE_S1.);
#7380 = B_SPLINE_CURVE_WITH_KNOTS('',3,(#7381,#7382,#7383,#7384),
  .UNSPECIFIED.,.F.,.F.,(4,4),(0.,1.),.PIECEWISE_BEZIER_KNOTS.);
#7381 = CARTESIAN_POINT('',(-7.022276677108,4.542226374794,0.));
#7382 = CARTESIAN_POINT('',(-7.296243654575,4.756097369308,0.));
#7383 = CARTESIAN_POINT('',(-7.490434913806,5.055101670844,0.));
#7384 = CARTESIAN_POINT('',(-7.658499873645,5.355035451365,0.));
#7385 = PCURVE('',#7357,#7386);
#7386 = DEFINITIONAL_REPRESENTATION('',(#7387),#7391);
#7387 = LINE('',#7388,#7389);
#7388 = CARTESIAN_POINT('',(0.,0.));
#7389 = VECTOR('',#7390,1.);
#7390 = DIRECTION('',(0.,1.));
#7391 = ( GEOMETRIC_REPRESENTATION_CONTEXT(2) 
PARAMETRIC_REPRESENTATION_CONTEXT() REPRESENTATION_CONTEXT('2D SPACE',''
  ) );
#7392 = PCURVE('',#49,#7393);
#7393 = DEFINITIONAL_REPRESENTATION('',(#7394),#7399);
#7394 = B_SPLINE_CURVE_WITH_KNOTS('',3,(#7395,#7396,#7397,#7398),
  .UNSPECIFIED.,.F.,.F.,(4,4),(0.,1.),.PIECEWISE_BEZIER_KNOTS.);
#7395 = CARTESIAN_POINT('',(-7.022276677108,4.542226374794));
#7396 = CARTESIAN_POINT('',(-7.296243654575,4.756097369308));
#7397 = CARTESIAN_POINT('',(-7.490434913806,5.055101670844));
#7398 = CARTESIAN_POINT('',(-7.658499873645,5.355035451365));
#7399 = ( GEOMETRIC_REPRESENTATION_CONTEXT(2) 
PARAMETRIC_REPRESENTATION_CONTEXT() REPRESENTATION_CONTEXT('2D SPACE',''
  ) );
#7400 = ORIENTED_EDGE('',*,*,#7344,.T.);
#7401 = ORIENTED_EDGE('',*,*,#7402,.T.);
#7402 = EDGE_CURVE('',#7320,#7403,#7405,.T.);
#7403 = VERTEX_POINT('',#7404);
#7404 = CARTESIAN_POINT('',(-7.658499873645,5.355035451365,5.));
#7405 = SURFACE_CURVE('',#7406,(#7411,#7418),.PCURVE_S1.);
#7406 = B_SPLINE_CURVE_WITH_KNOTS('',3,(#7407,#7408,#7409,#7410),
  .UNSPECIFIED.,.F.,.F.,(4,4),(0.,1.),.PIECEWISE_BEZIER_KNOTS.);
#7407 = CARTESIAN_POINT('',(-7.022276677108,4.542226374794,5.));
#7408 = CARTESIAN_POINT('',(-7.296243654575,4.756097369308,5.));
#7409 = CARTESIAN_POINT('',(-7.490434913806,5.055101670844,5.));
#7410 = CARTESIAN_POINT('',(-7.658499873645,5.355035451365,5.));
#7411 = PCURVE('',#7357,#7412);
#7412 = DEFINITIONAL_REPRESENTATION('',(#7413),#7417);
#7413 = LINE('',#7414,#7415);
#7414 = CARTESIAN_POINT('',(1.,0.));
#7415 = VECTOR('',#7416,1.);
#7416 = DIRECTION('',(0.,1.));
#7417 = ( GEOMETRIC_REPRESENTATION_CONTEXT(2) 
PARAMETRIC_REPRESENTATION_CONTEXT() REPRESENTATION_CONTEXT('2D SPACE',''
  ) );
#7418 = PCURVE('',#110,#7419);
#7419 = DEFINITIONAL_REPRESENTATION('',(#7420),#7425);
#7420 = B_SPLINE_CURVE_WITH_KNOTS('',3,(#7421,#7422,#7423,#7424),
  .UNSPECIFIED.,.F.,.F.,(4,4),(0.,1.),.PIECEWISE_BEZIER_KNOTS.);
#7421 = CARTESIAN_POINT('',(7.022276677108,4.542226374794));
#7422 = CARTESIAN_POINT('',(7.296243654575,4.756097369308));
#7423 = CARTESIAN_POINT('',(7.490434913806,5.055101670844));
#7424 = CARTESIAN_POINT('',(7.658499873645,5.355035451365));
#7425 = ( GEOMETRIC_REPRESENTATION_CONTEXT(2) 
PARAMETRIC_REPRESENTATION_CONTEXT() REPRESENTATION_CONTEXT('2D SPACE',''
  ) );
#7426 = ORIENTED_EDGE('',*,*,#7427,.F.);
#7427 = EDGE_CURVE('',#7377,#7403,#7428,.T.);
#7428 = SURFACE_CURVE('',#7429,(#7432,#7439),.PCURVE_S1.);
#7429 = B_SPLINE_CURVE_WITH_KNOTS('',1,(#7430,#7431),.UNSPECIFIED.,.F.,
  .F.,(2,2),(0.,1.),.PIECEWISE_BEZIER_KNOTS.);
#7430 = CARTESIAN_POINT('',(-7.658499873645,5.355035451365,0.));
#7431 = CARTESIAN_POINT('',(-7.658499873645,5.355035451365,5.));
#7432 = PCURVE('',#7357,#7433);
#7433 = DEFINITIONAL_REPRESENTATION('',(#7434),#7438);
#7434 = LINE('',#7435,#7436);
#7435 = CARTESIAN_POINT('',(0.,1.));
#7436 = VECTOR('',#7437,1.);
#7437 = DIRECTION('',(1.,0.));
#7438 = ( GEOMETRIC_REPRESENTATION_CONTEXT(2) 
PARAMETRIC_REPRESENTATION_CONTEXT() REPRESENTATION_CONTEXT('2D SPACE',''
  ) );
#7439 = PCURVE('',#7440,#7449);
#7440 = B_SPLINE_SURFACE_WITH_KNOTS('',1,3,(
    (#7441,#7442,#7443,#7444)
    ,(#7445,#7446,#7447,#7448
    )),.UNSPECIFIED.,.F.,.F.,.F.,(2,2),(4,4),(0.,1.),(0.,1.),
  .PIECEWISE_BEZIER_KNOTS.);
#7441 = CARTESIAN_POINT('',(-7.658499873645,5.355035451365,0.));
#7442 = CARTESIAN_POINT('',(-7.593843003376,5.44750450869,0.));
#7443 = CARTESIAN_POINT('',(-7.527511201195,5.538802401964,0.));
#7444 = CARTESIAN_POINT('',(-7.459547973387,5.628869249924,0.));
#7445 = CARTESIAN_POINT('',(-7.658499873645,5.355035451365,5.));
#7446 = CARTESIAN_POINT('',(-7.593843003376,5.44750450869,5.));
#7447 = CARTESIAN_POINT('',(-7.527511201195,5.538802401964,5.));
#7448 = CARTESIAN_POINT('',(-7.459547973387,5.628869249924,5.));
#7449 = DEFINITIONAL_REPRESENTATION('',(#7450),#7454);
#7450 = LINE('',#7451,#7452);
#7451 = CARTESIAN_POINT('',(0.,0.));
#7452 = VECTOR('',#7453,1.);
#7453 = DIRECTION('',(1.,0.));
#7454 = ( GEOMETRIC_REPRESENTATION_CONTEXT(2) 
PARAMETRIC_REPRESENTATION_CONTEXT() REPRESENTATION_CONTEXT('2D SPACE',''
  ) );
#7455 = ADVANCED_FACE('',(#7456),#7440,.T.);
#7456 = FACE_BOUND('',#7457,.T.);
#7457 = EDGE_LOOP('',(#7458,#7483,#7484,#7509));
#7458 = ORIENTED_EDGE('',*,*,#7459,.F.);
#7459 = EDGE_CURVE('',#7377,#7460,#7462,.T.);
#7460 = VERTEX_POINT('',#7461);
#7461 = CARTESIAN_POINT('',(-7.459547973387,5.628869249924,0.));
#7462 = SURFACE_CURVE('',#7463,(#7468,#7475),.PCURVE_S1.);
#7463 = B_SPLINE_CURVE_WITH_KNOTS('',3,(#7464,#7465,#7466,#7467),
  .UNSPECIFIED.,.F.,.F.,(4,4),(0.,1.),.PIECEWISE_BEZIER_KNOTS.);
#7464 = CARTESIAN_POINT('',(-7.658499873645,5.355035451365,0.));
#7465 = CARTESIAN_POINT('',(-7.593843003376,5.44750450869,0.));
#7466 = CARTESIAN_POINT('',(-7.527511201195,5.538802401964,0.));
#7467 = CARTESIAN_POINT('',(-7.459547973387,5.628869249924,0.));
#7468 = PCURVE('',#7440,#7469);
#7469 = DEFINITIONAL_REPRESENTATION('',(#7470),#7474);
#7470 = LINE('',#7471,#7472);
#7471 = CARTESIAN_POINT('',(0.,0.));
#7472 = VECTOR('',#7473,1.);
#7473 = DIRECTION('',(0.,1.));
#7474 = ( GEOMETRIC_REPRESENTATION_CONTEXT(2) 
PARAMETRIC_REPRESENTATION_CONTEXT() REPRESENTATION_CONTEXT('2D SPACE',''
  ) );
#7475 = PCURVE('',#49,#7476);
#7476 = DEFINITIONAL_REPRESENTATION('',(#7477),#7482);
#7477 = B_SPLINE_CURVE_WITH_KNOTS('',3,(#7478,#7479,#7480,#7481),
  .UNSPECIFIED.,.F.,.F.,(4,4),(0.,1.),.PIECEWISE_BEZIER_KNOTS.);
#7478 = CARTESIAN_POINT('',(-7.658499873645,5.355035451365));
#7479 = CARTESIAN_POINT('',(-7.593843003376,5.44750450869));
#7480 = CARTESIAN_POINT('',(-7.527511201195,5.538802401964));
#7481 = CARTESIAN_POINT('',(-7.459547973387,5.628869249924));
#7482 = ( GEOMETRIC_REPRESENTATION_CONTEXT(2) 
PARAMETRIC_REPRESENTATION_CONTEXT() REPRESENTATION_CONTEXT('2D SPACE',''
  ) );
#7483 = ORIENTED_EDGE('',*,*,#7427,.T.);
#7484 = ORIENTED_EDGE('',*,*,#7485,.T.);
#7485 = EDGE_CURVE('',#7403,#7486,#7488,.T.);
#7486 = VERTEX_POINT('',#7487);
#7487 = CARTESIAN_POINT('',(-7.459547973387,5.628869249924,5.));
#7488 = SURFACE_CURVE('',#7489,(#7494,#7501),.PCURVE_S1.);
#7489 = B_SPLINE_CURVE_WITH_KNOTS('',3,(#7490,#7491,#7492,#7493),
  .UNSPECIFIED.,.F.,.F.,(4,4),(0.,1.),.PIECEWISE_BEZIER_KNOTS.);
#7490 = CARTESIAN_POINT('',(-7.658499873645,5.355035451365,5.));
#7491 = CARTESIAN_POINT('',(-7.593843003376,5.44750450869,5.));
#7492 = CARTESIAN_POINT('',(-7.527511201195,5.538802401964,5.));
#7493 = CARTESIAN_POINT('',(-7.459547973387,5.628869249924,5.));
#7494 = PCURVE('',#7440,#7495);
#7495 = DEFINITIONAL_REPRESENTATION('',(#7496),#7500);
#7496 = LINE('',#7497,#7498);
#7497 = CARTESIAN_POINT('',(1.,0.));
#7498 = VECTOR('',#7499,1.);
#7499 = DIRECTION('',(0.,1.));
#7500 = ( GEOMETRIC_REPRESENTATION_CONTEXT(2) 
PARAMETRIC_REPRESENTATION_CONTEXT() REPRESENTATION_CONTEXT('2D SPACE',''
  ) );
#7501 = PCURVE('',#110,#7502);
#7502 = DEFINITIONAL_REPRESENTATION('',(#7503),#7508);
#7503 = B_SPLINE_CURVE_WITH_KNOTS('',3,(#7504,#7505,#7506,#7507),
  .UNSPECIFIED.,.F.,.F.,(4,4),(0.,1.),.PIECEWISE_BEZIER_KNOTS.);
#7504 = CARTESIAN_POINT('',(7.658499873645,5.355035451365));
#7505 = CARTESIAN_POINT('',(7.593843003376,5.44750450869));
#7506 = CARTESIAN_POINT('',(7.527511201195,5.538802401964));
#7507 = CARTESIAN_POINT('',(7.459547973387,5.628869249924));
#7508 = ( GEOMETRIC_REPRESENTATION_CONTEXT(2) 
PARAMETRIC_REPRESENTATION_CONTEXT() REPRESENTATION_CONTEXT('2D SPACE',''
  ) );
#7509 = ORIENTED_EDGE('',*,*,#7510,.F.);
#7510 = EDGE_CURVE('',#7460,#7486,#7511,.T.);
#7511 = SURFACE_CURVE('',#7512,(#7515,#7522),.PCURVE_S1.);
#7512 = B_SPLINE_CURVE_WITH_KNOTS('',1,(#7513,#7514),.UNSPECIFIED.,.F.,
  .F.,(2,2),(0.,1.),.PIECEWISE_BEZIER_KNOTS.);
#7513 = CARTESIAN_POINT('',(-7.459547973387,5.628869249924,0.));
#7514 = CARTESIAN_POINT('',(-7.459547973387,5.628869249924,5.));
#7515 = PCURVE('',#7440,#7516);
#7516 = DEFINITIONAL_REPRESENTATION('',(#7517),#7521);
#7517 = LINE('',#7518,#7519);
#7518 = CARTESIAN_POINT('',(0.,1.));
#7519 = VECTOR('',#7520,1.);
#7520 = DIRECTION('',(1.,0.));
#7521 = ( GEOMETRIC_REPRESENTATION_CONTEXT(2) 
PARAMETRIC_REPRESENTATION_CONTEXT() REPRESENTATION_CONTEXT('2D SPACE',''
  ) );
#7522 = PCURVE('',#7523,#7532);
#7523 = B_SPLINE_SURFACE_WITH_KNOTS('',1,3,(
    (#7524,#7525,#7526,#7527)
    ,(#7528,#7529,#7530,#7531
    )),.UNSPECIFIED.,.F.,.F.,.F.,(2,2),(4,4),(0.,1.),(0.,1.),
  .PIECEWISE_BEZIER_KNOTS.);
#7524 = CARTESIAN_POINT('',(-7.459547973387,5.628869249924,0.));
#7525 = CARTESIAN_POINT('',(-7.122359068216,5.561714610076,0.));
#7526 = CARTESIAN_POINT('',(-6.777980679579,5.469425158143,0.));
#7527 = CARTESIAN_POINT('',(-6.489916824665,5.274956850882,0.));
#7528 = CARTESIAN_POINT('',(-7.459547973387,5.628869249924,5.));
#7529 = CARTESIAN_POINT('',(-7.122359068216,5.561714610076,5.));
#7530 = CARTESIAN_POINT('',(-6.777980679579,5.469425158143,5.));
#7531 = CARTESIAN_POINT('',(-6.489916824665,5.274956850882,5.));
#7532 = DEFINITIONAL_REPRESENTATION('',(#7533),#7537);
#7533 = LINE('',#7534,#7535);
#7534 = CARTESIAN_POINT('',(0.,0.));
#7535 = VECTOR('',#7536,1.);
#7536 = DIRECTION('',(1.,0.));
#7537 = ( GEOMETRIC_REPRESENTATION_CONTEXT(2) 
PARAMETRIC_REPRESENTATION_CONTEXT() REPRESENTATION_CONTEXT('2D SPACE',''
  ) );
#7538 = ADVANCED_FACE('',(#7539),#7523,.T.);
#7539 = FACE_BOUND('',#7540,.T.);
#7540 = EDGE_LOOP('',(#7541,#7566,#7567,#7592));
#7541 = ORIENTED_EDGE('',*,*,#7542,.F.);
#7542 = EDGE_CURVE('',#7460,#7543,#7545,.T.);
#7543 = VERTEX_POINT('',#7544);
#7544 = CARTESIAN_POINT('',(-6.489916824665,5.274956850882,0.));
#7545 = SURFACE_CURVE('',#7546,(#7551,#7558),.PCURVE_S1.);
#7546 = B_SPLINE_CURVE_WITH_KNOTS('',3,(#7547,#7548,#7549,#7550),
  .UNSPECIFIED.,.F.,.F.,(4,4),(0.,1.),.PIECEWISE_BEZIER_KNOTS.);
#7547 = CARTESIAN_POINT('',(-7.459547973387,5.628869249924,0.));
#7548 = CARTESIAN_POINT('',(-7.122359068216,5.561714610076,0.));
#7549 = CARTESIAN_POINT('',(-6.777980679579,5.469425158143,0.));
#7550 = CARTESIAN_POINT('',(-6.489916824665,5.274956850882,0.));
#7551 = PCURVE('',#7523,#7552);
#7552 = DEFINITIONAL_REPRESENTATION('',(#7553),#7557);
#7553 = LINE('',#7554,#7555);
#7554 = CARTESIAN_POINT('',(0.,0.));
#7555 = VECTOR('',#7556,1.);
#7556 = DIRECTION('',(0.,1.));
#7557 = ( GEOMETRIC_REPRESENTATION_CONTEXT(2) 
PARAMETRIC_REPRESENTATION_CONTEXT() REPRESENTATION_CONTEXT('2D SPACE',''
  ) );
#7558 = PCURVE('',#49,#7559);
#7559 = DEFINITIONAL_REPRESENTATION('',(#7560),#7565);
#7560 = B_SPLINE_CURVE_WITH_KNOTS('',3,(#7561,#7562,#7563,#7564),
  .UNSPECIFIED.,.F.,.F.,(4,4),(0.,1.),.PIECEWISE_BEZIER_KNOTS.);
#7561 = CARTESIAN_POINT('',(-7.459547973387,5.628869249924));
#7562 = CARTESIAN_POINT('',(-7.122359068216,5.561714610076));
#7563 = CARTESIAN_POINT('',(-6.777980679579,5.469425158143));
#7564 = CARTESIAN_POINT('',(-6.489916824665,5.274956850882));
#7565 = ( GEOMETRIC_REPRESENTATION_CONTEXT(2) 
PARAMETRIC_REPRESENTATION_CONTEXT() REPRESENTATION_CONTEXT('2D SPACE',''
  ) );
#7566 = ORIENTED_EDGE('',*,*,#7510,.T.);
#7567 = ORIENTED_EDGE('',*,*,#7568,.T.);
#7568 = EDGE_CURVE('',#7486,#7569,#7571,.T.);
#7569 = VERTEX_POINT('',#7570);
#7570 = CARTESIAN_POINT('',(-6.489916824665,5.274956850882,5.));
#7571 = SURFACE_CURVE('',#7572,(#7577,#7584),.PCURVE_S1.);
#7572 = B_SPLINE_CURVE_WITH_KNOTS('',3,(#7573,#7574,#7575,#7576),
  .UNSPECIFIED.,.F.,.F.,(4,4),(0.,1.),.PIECEWISE_BEZIER_KNOTS.);
#7573 = CARTESIAN_POINT('',(-7.459547973387,5.628869249924,5.));
#7574 = CARTESIAN_POINT('',(-7.122359068216,5.561714610076,5.));
#7575 = CARTESIAN_POINT('',(-6.777980679579,5.469425158143,5.));
#7576 = CARTESIAN_POINT('',(-6.489916824665,5.274956850882,5.));
#7577 = PCURVE('',#7523,#7578);
#7578 = DEFINITIONAL_REPRESENTATION('',(#7579),#7583);
#7579 = LINE('',#7580,#7581);
#7580 = CARTESIAN_POINT('',(1.,0.));
#7581 = VECTOR('',#7582,1.);
#7582 = DIRECTION('',(0.,1.));
#7583 = ( GEOMETRIC_REPRESENTATION_CONTEXT(2) 
PARAMETRIC_REPRESENTATION_CONTEXT() REPRESENTATION_CONTEXT('2D SPACE',''
  ) );
#7584 = PCURVE('',#110,#7585);
#7585 = DEFINITIONAL_REPRESENTATION('',(#7586),#7591);
#7586 = B_SPLINE_CURVE_WITH_KNOTS('',3,(#7587,#7588,#7589,#7590),
  .UNSPECIFIED.,.F.,.F.,(4,4),(0.,1.),.PIECEWISE_BEZIER_KNOTS.);
#7587 = CARTESIAN_POINT('',(7.459547973387,5.628869249924));
#7588 = CARTESIAN_POINT('',(7.122359068216,5.561714610076));
#7589 = CARTESIAN_POINT('',(6.777980679579,5.469425158143));
#7590 = CARTESIAN_POINT('',(6.489916824665,5.274956850882));
#7591 = ( GEOMETRIC_REPRESENTATION_CONTEXT(2) 
PARAMETRIC_REPRESENTATION_CONTEXT() REPRESENTATION_CONTEXT('2D SPACE',''
  ) );
#7592 = ORIENTED_EDGE('',*,*,#7593,.F.);
#7593 = EDGE_CURVE('',#7543,#7569,#7594,.T.);
#7594 = SURFACE_CURVE('',#7595,(#7598,#7605),.PCURVE_S1.);
#7595 = B_SPLINE_CURVE_WITH_KNOTS('',1,(#7596,#7597),.UNSPECIFIED.,.F.,
  .F.,(2,2),(0.,1.),.PIECEWISE_BEZIER_KNOTS.);
#7596 = CARTESIAN_POINT('',(-6.489916824665,5.274956850882,0.));
#7597 = CARTESIAN_POINT('',(-6.489916824665,5.274956850882,5.));
#7598 = PCURVE('',#7523,#7599);
#7599 = DEFINITIONAL_REPRESENTATION('',(#7600),#7604);
#7600 = LINE('',#7601,#7602);
#7601 = CARTESIAN_POINT('',(0.,1.));
#7602 = VECTOR('',#7603,1.);
#7603 = DIRECTION('',(1.,0.));
#7604 = ( GEOMETRIC_REPRESENTATION_CONTEXT(2) 
PARAMETRIC_REPRESENTATION_CONTEXT() REPRESENTATION_CONTEXT('2D SPACE',''
  ) );
#7605 = PCURVE('',#7606,#7615);
#7606 = B_SPLINE_SURFACE_WITH_KNOTS('',1,3,(
    (#7607,#7608,#7609,#7610)
    ,(#7611,#7612,#7613,#7614
    )),.UNSPECIFIED.,.F.,.F.,.F.,(2,2),(4,4),(0.,1.),(0.,1.),
  .PIECEWISE_BEZIER_KNOTS.);
#7607 = CARTESIAN_POINT('',(-6.489916824665,5.274956850882,0.));
#7608 = CARTESIAN_POINT('',(-6.385254659893,5.362545104983,0.));
#7609 = CARTESIAN_POINT('',(-6.295397172973,5.467754704555,0.));
#7610 = CARTESIAN_POINT('',(-6.22526004538,5.584830126076,0.));
#7611 = CARTESIAN_POINT('',(-6.489916824665,5.274956850882,5.));
#7612 = CARTESIAN_POINT('',(-6.385254659893,5.362545104983,5.));
#7613 = CARTESIAN_POINT('',(-6.295397172973,5.467754704555,5.));
#7614 = CARTESIAN_POINT('',(-6.22526004538,5.584830126076,5.));
#7615 = DEFINITIONAL_REPRESENTATION('',(#7616),#7620);
#7616 = LINE('',#7617,#7618);
#7617 = CARTESIAN_POINT('',(0.,0.));
#7618 = VECTOR('',#7619,1.);
#7619 = DIRECTION('',(1.,0.));
#7620 = ( GEOMETRIC_REPRESENTATION_CONTEXT(2) 
PARAMETRIC_REPRESENTATION_CONTEXT() REPRESENTATION_CONTEXT('2D SPACE',''
  ) );
#7621 = ADVANCED_FACE('',(#7622),#7606,.T.);
#7622 = FACE_BOUND('',#7623,.T.);
#7623 = EDGE_LOOP('',(#7624,#7649,#7650,#7675));
#7624 = ORIENTED_EDGE('',*,*,#7625,.F.);
#7625 = EDGE_CURVE('',#7543,#7626,#7628,.T.);
#7626 = VERTEX_POINT('',#7627);
#7627 = CARTESIAN_POINT('',(-6.22526004538,5.584830126076,0.));
#7628 = SURFACE_CURVE('',#7629,(#7634,#7641),.PCURVE_S1.);
#7629 = B_SPLINE_CURVE_WITH_KNOTS('',3,(#7630,#7631,#7632,#7633),
  .UNSPECIFIED.,.F.,.F.,(4,4),(0.,1.),.PIECEWISE_BEZIER_KNOTS.);
#7630 = CARTESIAN_POINT('',(-6.489916824665,5.274956850882,0.));
#7631 = CARTESIAN_POINT('',(-6.385254659893,5.362545104983,0.));
#7632 = CARTESIAN_POINT('',(-6.295397172973,5.467754704555,0.));
#7633 = CARTESIAN_POINT('',(-6.22526004538,5.584830126076,0.));
#7634 = PCURVE('',#7606,#7635);
#7635 = DEFINITIONAL_REPRESENTATION('',(#7636),#7640);
#7636 = LINE('',#7637,#7638);
#7637 = CARTESIAN_POINT('',(0.,0.));
#7638 = VECTOR('',#7639,1.);
#7639 = DIRECTION('',(0.,1.));
#7640 = ( GEOMETRIC_REPRESENTATION_CONTEXT(2) 
PARAMETRIC_REPRESENTATION_CONTEXT() REPRESENTATION_CONTEXT('2D SPACE',''
  ) );
#7641 = PCURVE('',#49,#7642);
#7642 = DEFINITIONAL_REPRESENTATION('',(#7643),#7648);
#7643 = B_SPLINE_CURVE_WITH_KNOTS('',3,(#7644,#7645,#7646,#7647),
  .UNSPECIFIED.,.F.,.F.,(4,4),(0.,1.),.PIECEWISE_BEZIER_KNOTS.);
#7644 = CARTESIAN_POINT('',(-6.489916824665,5.274956850882));
#7645 = CARTESIAN_POINT('',(-6.385254659893,5.362545104983));
#7646 = CARTESIAN_POINT('',(-6.295397172973,5.467754704555));
#7647 = CARTESIAN_POINT('',(-6.22526004538,5.584830126076));
#7648 = ( GEOMETRIC_REPRESENTATION_CONTEXT(2) 
PARAMETRIC_REPRESENTATION_CONTEXT() REPRESENTATION_CONTEXT('2D SPACE',''
  ) );
#7649 = ORIENTED_EDGE('',*,*,#7593,.T.);
#7650 = ORIENTED_EDGE('',*,*,#7651,.T.);
#7651 = EDGE_CURVE('',#7569,#7652,#7654,.T.);
#7652 = VERTEX_POINT('',#7653);
#7653 = CARTESIAN_POINT('',(-6.22526004538,5.584830126076,5.));
#7654 = SURFACE_CURVE('',#7655,(#7660,#7667),.PCURVE_S1.);
#7655 = B_SPLINE_CURVE_WITH_KNOTS('',3,(#7656,#7657,#7658,#7659),
  .UNSPECIFIED.,.F.,.F.,(4,4),(0.,1.),.PIECEWISE_BEZIER_KNOTS.);
#7656 = CARTESIAN_POINT('',(-6.489916824665,5.274956850882,5.));
#7657 = CARTESIAN_POINT('',(-6.385254659893,5.362545104983,5.));
#7658 = CARTESIAN_POINT('',(-6.295397172973,5.467754704555,5.));
#7659 = CARTESIAN_POINT('',(-6.22526004538,5.584830126076,5.));
#7660 = PCURVE('',#7606,#7661);
#7661 = DEFINITIONAL_REPRESENTATION('',(#7662),#7666);
#7662 = LINE('',#7663,#7664);
#7663 = CARTESIAN_POINT('',(1.,0.));
#7664 = VECTOR('',#7665,1.);
#7665 = DIRECTION('',(0.,1.));
#7666 = ( GEOMETRIC_REPRESENTATION_CONTEXT(2) 
PARAMETRIC_REPRESENTATION_CONTEXT() REPRESENTATION_CONTEXT('2D SPACE',''
  ) );
#7667 = PCURVE('',#110,#7668);
#7668 = DEFINITIONAL_REPRESENTATION('',(#7669),#7674);
#7669 = B_SPLINE_CURVE_WITH_KNOTS('',3,(#7670,#7671,#7672,#7673),
  .UNSPECIFIED.,.F.,.F.,(4,4),(0.,1.),.PIECEWISE_BEZIER_KNOTS.);
#7670 = CARTESIAN_POINT('',(6.489916824665,5.274956850882));
#7671 = CARTESIAN_POINT('',(6.385254659893,5.362545104983));
#7672 = CARTESIAN_POINT('',(6.295397172973,5.467754704555));
#7673 = CARTESIAN_POINT('',(6.22526004538,5.584830126076));
#7674 = ( GEOMETRIC_REPRESENTATION_CONTEXT(2) 
PARAMETRIC_REPRESENTATION_CONTEXT() REPRESENTATION_CONTEXT('2D SPACE',''
  ) );
#7675 = ORIENTED_EDGE('',*,*,#7676,.F.);
#7676 = EDGE_CURVE('',#7626,#7652,#7677,.T.);
#7677 = SURFACE_CURVE('',#7678,(#7681,#7688),.PCURVE_S1.);
#7678 = B_SPLINE_CURVE_WITH_KNOTS('',1,(#7679,#7680),.UNSPECIFIED.,.F.,
  .F.,(2,2),(0.,1.),.PIECEWISE_BEZIER_KNOTS.);
#7679 = CARTESIAN_POINT('',(-6.22526004538,5.584830126076,0.));
#7680 = CARTESIAN_POINT('',(-6.22526004538,5.584830126076,5.));
#7681 = PCURVE('',#7606,#7682);
#7682 = DEFINITIONAL_REPRESENTATION('',(#7683),#7687);
#7683 = LINE('',#7684,#7685);
#7684 = CARTESIAN_POINT('',(0.,1.));
#7685 = VECTOR('',#7686,1.);
#7686 = DIRECTION('',(1.,0.));
#7687 = ( GEOMETRIC_REPRESENTATION_CONTEXT(2) 
PARAMETRIC_REPRESENTATION_CONTEXT() REPRESENTATION_CONTEXT('2D SPACE',''
  ) );
#7688 = PCURVE('',#7689,#7698);
#7689 = B_SPLINE_SURFACE_WITH_KNOTS('',1,3,(
    (#7690,#7691,#7692,#7693)
    ,(#7694,#7695,#7696,#7697
    )),.UNSPECIFIED.,.F.,.F.,.F.,(2,2),(4,4),(0.,1.),(0.,1.),
  .PIECEWISE_BEZIER_KNOTS.);
#7690 = CARTESIAN_POINT('',(-6.22526004538,5.584830126076,0.));
#7691 = CARTESIAN_POINT('',(-6.462397240118,5.838925891307,0.));
#7692 = CARTESIAN_POINT('',(-6.60742310475,6.164627159475,0.));
#7693 = CARTESIAN_POINT('',(-6.726498925543,6.487159409531,0.));
#7694 = CARTESIAN_POINT('',(-6.22526004538,5.584830126076,5.));
#7695 = CARTESIAN_POINT('',(-6.462397240118,5.838925891307,5.));
#7696 = CARTESIAN_POINT('',(-6.60742310475,6.164627159475,5.));
#7697 = CARTESIAN_POINT('',(-6.726498925543,6.487159409531,5.));
#7698 = DEFINITIONAL_REPRESENTATION('',(#7699),#7703);
#7699 = LINE('',#7700,#7701);
#7700 = CARTESIAN_POINT('',(0.,0.));
#7701 = VECTOR('',#7702,1.);
#7702 = DIRECTION('',(1.,0.));
#7703 = ( GEOMETRIC_REPRESENTATION_CONTEXT(2) 
PARAMETRIC_REPRESENTATION_CONTEXT() REPRESENTATION_CONTEXT('2D SPACE',''
  ) );
#7704 = ADVANCED_FACE('',(#7705),#7689,.T.);
#7705 = FACE_BOUND('',#7706,.T.);
#7706 = EDGE_LOOP('',(#7707,#7732,#7733,#7758));
#7707 = ORIENTED_EDGE('',*,*,#7708,.F.);
#7708 = EDGE_CURVE('',#7626,#7709,#7711,.T.);
#7709 = VERTEX_POINT('',#7710);
#7710 = CARTESIAN_POINT('',(-6.726498925543,6.487159409531,0.));
#7711 = SURFACE_CURVE('',#7712,(#7717,#7724),.PCURVE_S1.);
#7712 = B_SPLINE_CURVE_WITH_KNOTS('',3,(#7713,#7714,#7715,#7716),
  .UNSPECIFIED.,.F.,.F.,(4,4),(0.,1.),.PIECEWISE_BEZIER_KNOTS.);
#7713 = CARTESIAN_POINT('',(-6.22526004538,5.584830126076,0.));
#7714 = CARTESIAN_POINT('',(-6.462397240118,5.838925891307,0.));
#7715 = CARTESIAN_POINT('',(-6.60742310475,6.164627159475,0.));
#7716 = CARTESIAN_POINT('',(-6.726498925543,6.487159409531,0.));
#7717 = PCURVE('',#7689,#7718);
#7718 = DEFINITIONAL_REPRESENTATION('',(#7719),#7723);
#7719 = LINE('',#7720,#7721);
#7720 = CARTESIAN_POINT('',(0.,0.));
#7721 = VECTOR('',#7722,1.);
#7722 = DIRECTION('',(0.,1.));
#7723 = ( GEOMETRIC_REPRESENTATION_CONTEXT(2) 
PARAMETRIC_REPRESENTATION_CONTEXT() REPRESENTATION_CONTEXT('2D SPACE',''
  ) );
#7724 = PCURVE('',#49,#7725);
#7725 = DEFINITIONAL_REPRESENTATION('',(#7726),#7731);
#7726 = B_SPLINE_CURVE_WITH_KNOTS('',3,(#7727,#7728,#7729,#7730),
  .UNSPECIFIED.,.F.,.F.,(4,4),(0.,1.),.PIECEWISE_BEZIER_KNOTS.);
#7727 = CARTESIAN_POINT('',(-6.22526004538,5.584830126076));
#7728 = CARTESIAN_POINT('',(-6.462397240118,5.838925891307));
#7729 = CARTESIAN_POINT('',(-6.60742310475,6.164627159475));
#7730 = CARTESIAN_POINT('',(-6.726498925543,6.487159409531));
#7731 = ( GEOMETRIC_REPRESENTATION_CONTEXT(2) 
PARAMETRIC_REPRESENTATION_CONTEXT() REPRESENTATION_CONTEXT('2D SPACE',''
  ) );
#7732 = ORIENTED_EDGE('',*,*,#7676,.T.);
#7733 = ORIENTED_EDGE('',*,*,#7734,.T.);
#7734 = EDGE_CURVE('',#7652,#7735,#7737,.T.);
#7735 = VERTEX_POINT('',#7736);
#7736 = CARTESIAN_POINT('',(-6.726498925543,6.487159409531,5.));
#7737 = SURFACE_CURVE('',#7738,(#7743,#7750),.PCURVE_S1.);
#7738 = B_SPLINE_CURVE_WITH_KNOTS('',3,(#7739,#7740,#7741,#7742),
  .UNSPECIFIED.,.F.,.F.,(4,4),(0.,1.),.PIECEWISE_BEZIER_KNOTS.);
#7739 = CARTESIAN_POINT('',(-6.22526004538,5.584830126076,5.));
#7740 = CARTESIAN_POINT('',(-6.462397240118,5.838925891307,5.));
#7741 = CARTESIAN_POINT('',(-6.60742310475,6.164627159475,5.));
#7742 = CARTESIAN_POINT('',(-6.726498925543,6.487159409531,5.));
#7743 = PCURVE('',#7689,#7744);
#7744 = DEFINITIONAL_REPRESENTATION('',(#7745),#7749);
#7745 = LINE('',#7746,#7747);
#7746 = CARTESIAN_POINT('',(1.,0.));
#7747 = VECTOR('',#7748,1.);
#7748 = DIRECTION('',(0.,1.));
#7749 = ( GEOMETRIC_REPRESENTATION_CONTEXT(2) 
PARAMETRIC_REPRESENTATION_CONTEXT() REPRESENTATION_CONTEXT('2D SPACE',''
  ) );
#7750 = PCURVE('',#110,#7751);
#7751 = DEFINITIONAL_REPRESENTATION('',(#7752),#7757);
#7752 = B_SPLINE_CURVE_WITH_KNOTS('',3,(#7753,#7754,#7755,#7756),
  .UNSPECIFIED.,.F.,.F.,(4,4),(0.,1.),.PIECEWISE_BEZIER_KNOTS.);
#7753 = CARTESIAN_POINT('',(6.22526004538,5.584830126076));
#7754 = CARTESIAN_POINT('',(6.462397240118,5.838925891307));
#7755 = CARTESIAN_POINT('',(6.60742310475,6.164627159475));
#7756 = CARTESIAN_POINT('',(6.726498925543,6.487159409531));
#7757 = ( GEOMETRIC_REPRESENTATION_CONTEXT(2) 
PARAMETRIC_REPRESENTATION_CONTEXT() REPRESENTATION_CONTEXT('2D SPACE',''
  ) );
#7758 = ORIENTED_EDGE('',*,*,#7759,.F.);
#7759 = EDGE_CURVE('',#7709,#7735,#7760,.T.);
#7760 = SURFACE_CURVE('',#7761,(#7764,#7771),.PCURVE_S1.);
#7761 = B_SPLINE_CURVE_WITH_KNOTS('',1,(#7762,#7763),.UNSPECIFIED.,.F.,
  .F.,(2,2),(0.,1.),.PIECEWISE_BEZIER_KNOTS.);
#7762 = CARTESIAN_POINT('',(-6.726498925543,6.487159409531,0.));
#7763 = CARTESIAN_POINT('',(-6.726498925543,6.487159409531,5.));
#7764 = PCURVE('',#7689,#7765);
#7765 = DEFINITIONAL_REPRESENTATION('',(#7766),#7770);
#7766 = LINE('',#7767,#7768);
#7767 = CARTESIAN_POINT('',(0.,1.));
#7768 = VECTOR('',#7769,1.);
#7769 = DIRECTION('',(1.,0.));
#7770 = ( GEOMETRIC_REPRESENTATION_CONTEXT(2) 
PARAMETRIC_REPRESENTATION_CONTEXT() REPRESENTATION_CONTEXT('2D SPACE',''
  ) );
#7771 = PCURVE('',#7772,#7781);
#7772 = B_SPLINE_SURFACE_WITH_KNOTS('',1,3,(
    (#7773,#7774,#7775,#7776)
    ,(#7777,#7778,#7779,#7780
    )),.UNSPECIFIED.,.F.,.F.,.F.,(2,2),(4,4),(0.,1.),(0.,1.),
  .PIECEWISE_BEZIER_KNOTS.);
#7773 = CARTESIAN_POINT('',(-6.726498925543,6.487159409531,0.));
#7774 = CARTESIAN_POINT('',(-6.648172741123,6.568375456405,0.));
#7775 = CARTESIAN_POINT('',(-6.568375456405,6.648172741123,0.));
#7776 = CARTESIAN_POINT('',(-6.487159409531,6.726498925543,0.));
#7777 = CARTESIAN_POINT('',(-6.726498925543,6.487159409531,5.));
#7778 = CARTESIAN_POINT('',(-6.648172741123,6.568375456405,5.));
#7779 = CARTESIAN_POINT('',(-6.568375456405,6.648172741123,5.));
#7780 = CARTESIAN_POINT('',(-6.487159409531,6.726498925543,5.));
#7781 = DEFINITIONAL_REPRESENTATION('',(#7782),#7786);
#7782 = LINE('',#7783,#7784);
#7783 = CARTESIAN_POINT('',(0.,0.));
#7784 = VECTOR('',#7785,1.);
#7785 = DIRECTION('',(1.,0.));
#7786 = ( GEOMETRIC_REPRESENTATION_CONTEXT(2) 
PARAMETRIC_REPRESENTATION_CONTEXT() REPRESENTATION_CONTEXT('2D SPACE',''
  ) );
#7787 = ADVANCED_FACE('',(#7788),#7772,.T.);
#7788 = FACE_BOUND('',#7789,.T.);
#7789 = EDGE_LOOP('',(#7790,#7815,#7816,#7841));
#7790 = ORIENTED_EDGE('',*,*,#7791,.F.);
#7791 = EDGE_CURVE('',#7709,#7792,#7794,.T.);
#7792 = VERTEX_POINT('',#7793);
#7793 = CARTESIAN_POINT('',(-6.487159409531,6.726498925543,0.));
#7794 = SURFACE_CURVE('',#7795,(#7800,#7807),.PCURVE_S1.);
#7795 = B_SPLINE_CURVE_WITH_KNOTS('',3,(#7796,#7797,#7798,#7799),
  .UNSPECIFIED.,.F.,.F.,(4,4),(0.,1.),.PIECEWISE_BEZIER_KNOTS.);
#7796 = CARTESIAN_POINT('',(-6.726498925543,6.487159409531,0.));
#7797 = CARTESIAN_POINT('',(-6.648172741123,6.568375456405,0.));
#7798 = CARTESIAN_POINT('',(-6.568375456405,6.648172741123,0.));
#7799 = CARTESIAN_POINT('',(-6.487159409531,6.726498925543,0.));
#7800 = PCURVE('',#7772,#7801);
#7801 = DEFINITIONAL_REPRESENTATION('',(#7802),#7806);
#7802 = LINE('',#7803,#7804);
#7803 = CARTESIAN_POINT('',(0.,0.));
#7804 = VECTOR('',#7805,1.);
#7805 = DIRECTION('',(0.,1.));
#7806 = ( GEOMETRIC_REPRESENTATION_CONTEXT(2) 
PARAMETRIC_REPRESENTATION_CONTEXT() REPRESENTATION_CONTEXT('2D SPACE',''
  ) );
#7807 = PCURVE('',#49,#7808);
#7808 = DEFINITIONAL_REPRESENTATION('',(#7809),#7814);
#7809 = B_SPLINE_CURVE_WITH_KNOTS('',3,(#7810,#7811,#7812,#7813),
  .UNSPECIFIED.,.F.,.F.,(4,4),(0.,1.),.PIECEWISE_BEZIER_KNOTS.);
#7810 = CARTESIAN_POINT('',(-6.726498925543,6.487159409531));
#7811 = CARTESIAN_POINT('',(-6.648172741123,6.568375456405));
#7812 = CARTESIAN_POINT('',(-6.568375456405,6.648172741123));
#7813 = CARTESIAN_POINT('',(-6.487159409531,6.726498925543));
#7814 = ( GEOMETRIC_REPRESENTATION_CONTEXT(2) 
PARAMETRIC_REPRESENTATION_CONTEXT() REPRESENTATION_CONTEXT('2D SPACE',''
  ) );
#7815 = ORIENTED_EDGE('',*,*,#7759,.T.);
#7816 = ORIENTED_EDGE('',*,*,#7817,.T.);
#7817 = EDGE_CURVE('',#7735,#7818,#7820,.T.);
#7818 = VERTEX_POINT('',#7819);
#7819 = CARTESIAN_POINT('',(-6.487159409531,6.726498925543,5.));
#7820 = SURFACE_CURVE('',#7821,(#7826,#7833),.PCURVE_S1.);
#7821 = B_SPLINE_CURVE_WITH_KNOTS('',3,(#7822,#7823,#7824,#7825),
  .UNSPECIFIED.,.F.,.F.,(4,4),(0.,1.),.PIECEWISE_BEZIER_KNOTS.);
#7822 = CARTESIAN_POINT('',(-6.726498925543,6.487159409531,5.));
#7823 = CARTESIAN_POINT('',(-6.648172741123,6.568375456405,5.));
#7824 = CARTESIAN_POINT('',(-6.568375456405,6.648172741123,5.));
#7825 = CARTESIAN_POINT('',(-6.487159409531,6.726498925543,5.));
#7826 = PCURVE('',#7772,#7827);
#7827 = DEFINITIONAL_REPRESENTATION('',(#7828),#7832);
#7828 = LINE('',#7829,#7830);
#7829 = CARTESIAN_POINT('',(1.,0.));
#7830 = VECTOR('',#7831,1.);
#7831 = DIRECTION('',(0.,1.));
#7832 = ( GEOMETRIC_REPRESENTATION_CONTEXT(2) 
PARAMETRIC_REPRESENTATION_CONTEXT() REPRESENTATION_CONTEXT('2D SPACE',''
  ) );
#7833 = PCURVE('',#110,#7834);
#7834 = DEFINITIONAL_REPRESENTATION('',(#7835),#7840);
#7835 = B_SPLINE_CURVE_WITH_KNOTS('',3,(#7836,#7837,#7838,#7839),
  .UNSPECIFIED.,.F.,.F.,(4,4),(0.,1.),.PIECEWISE_BEZIER_KNOTS.);
#7836 = CARTESIAN_POINT('',(6.726498925543,6.487159409531));
#7837 = CARTESIAN_POINT('',(6.648172741123,6.568375456405));
#7838 = CARTESIAN_POINT('',(6.568375456405,6.648172741123));
#7839 = CARTESIAN_POINT('',(6.487159409531,6.726498925543));
#7840 = ( GEOMETRIC_REPRESENTATION_CONTEXT(2) 
PARAMETRIC_REPRESENTATION_CONTEXT() REPRESENTATION_CONTEXT('2D SPACE',''
  ) );
#7841 = ORIENTED_EDGE('',*,*,#7842,.F.);
#7842 = EDGE_CURVE('',#7792,#7818,#7843,.T.);
#7843 = SURFACE_CURVE('',#7844,(#7847,#7854),.PCURVE_S1.);
#7844 = B_SPLINE_CURVE_WITH_KNOTS('',1,(#7845,#7846),.UNSPECIFIED.,.F.,
  .F.,(2,2),(0.,1.),.PIECEWISE_BEZIER_KNOTS.);
#7845 = CARTESIAN_POINT('',(-6.487159409531,6.726498925543,0.));
#7846 = CARTESIAN_POINT('',(-6.487159409531,6.726498925543,5.));
#7847 = PCURVE('',#7772,#7848);
#7848 = DEFINITIONAL_REPRESENTATION('',(#7849),#7853);
#7849 = LINE('',#7850,#7851);
#7850 = CARTESIAN_POINT('',(0.,1.));
#7851 = VECTOR('',#7852,1.);
#7852 = DIRECTION('',(1.,0.));
#7853 = ( GEOMETRIC_REPRESENTATION_CONTEXT(2) 
PARAMETRIC_REPRESENTATION_CONTEXT() REPRESENTATION_CONTEXT('2D SPACE',''
  ) );
#7854 = PCURVE('',#7855,#7864);
#7855 = B_SPLINE_SURFACE_WITH_KNOTS('',1,3,(
    (#7856,#7857,#7858,#7859)
    ,(#7860,#7861,#7862,#7863
    )),.UNSPECIFIED.,.F.,.F.,.F.,(2,2),(4,4),(0.,1.),(0.,1.),
  .PIECEWISE_BEZIER_KNOTS.);
#7856 = CARTESIAN_POINT('',(-6.487159409531,6.726498925543,0.));
#7857 = CARTESIAN_POINT('',(-6.164627159475,6.607423104751,0.));
#7858 = CARTESIAN_POINT('',(-5.838925891307,6.462397240118,0.));
#7859 = CARTESIAN_POINT('',(-5.584830126076,6.22526004538,0.));
#7860 = CARTESIAN_POINT('',(-6.487159409531,6.726498925543,5.));
#7861 = CARTESIAN_POINT('',(-6.164627159475,6.607423104751,5.));
#7862 = CARTESIAN_POINT('',(-5.838925891307,6.462397240118,5.));
#7863 = CARTESIAN_POINT('',(-5.584830126076,6.22526004538,5.));
#7864 = DEFINITIONAL_REPRESENTATION('',(#7865),#7869);
#7865 = LINE('',#7866,#7867);
#7866 = CARTESIAN_POINT('',(0.,0.));
#7867 = VECTOR('',#7868,1.);
#7868 = DIRECTION('',(1.,0.));
#7869 = ( GEOMETRIC_REPRESENTATION_CONTEXT(2) 
PARAMETRIC_REPRESENTATION_CONTEXT() REPRESENTATION_CONTEXT('2D SPACE',''
  ) );
#7870 = ADVANCED_FACE('',(#7871),#7855,.T.);
#7871 = FACE_BOUND('',#7872,.T.);
#7872 = EDGE_LOOP('',(#7873,#7898,#7899,#7924));
#7873 = ORIENTED_EDGE('',*,*,#7874,.F.);
#7874 = EDGE_CURVE('',#7792,#7875,#7877,.T.);
#7875 = VERTEX_POINT('',#7876);
#7876 = CARTESIAN_POINT('',(-5.584830126076,6.22526004538,0.));
#7877 = SURFACE_CURVE('',#7878,(#7883,#7890),.PCURVE_S1.);
#7878 = B_SPLINE_CURVE_WITH_KNOTS('',3,(#7879,#7880,#7881,#7882),
  .UNSPECIFIED.,.F.,.F.,(4,4),(0.,1.),.PIECEWISE_BEZIER_KNOTS.);
#7879 = CARTESIAN_POINT('',(-6.487159409531,6.726498925543,0.));
#7880 = CARTESIAN_POINT('',(-6.164627159475,6.607423104751,0.));
#7881 = CARTESIAN_POINT('',(-5.838925891307,6.462397240118,0.));
#7882 = CARTESIAN_POINT('',(-5.584830126076,6.22526004538,0.));
#7883 = PCURVE('',#7855,#7884);
#7884 = DEFINITIONAL_REPRESENTATION('',(#7885),#7889);
#7885 = LINE('',#7886,#7887);
#7886 = CARTESIAN_POINT('',(0.,0.));
#7887 = VECTOR('',#7888,1.);
#7888 = DIRECTION('',(0.,1.));
#7889 = ( GEOMETRIC_REPRESENTATION_CONTEXT(2) 
PARAMETRIC_REPRESENTATION_CONTEXT() REPRESENTATION_CONTEXT('2D SPACE',''
  ) );
#7890 = PCURVE('',#49,#7891);
#7891 = DEFINITIONAL_REPRESENTATION('',(#7892),#7897);
#7892 = B_SPLINE_CURVE_WITH_KNOTS('',3,(#7893,#7894,#7895,#7896),
  .UNSPECIFIED.,.F.,.F.,(4,4),(0.,1.),.PIECEWISE_BEZIER_KNOTS.);
#7893 = CARTESIAN_POINT('',(-6.487159409531,6.726498925543));
#7894 = CARTESIAN_POINT('',(-6.164627159475,6.607423104751));
#7895 = CARTESIAN_POINT('',(-5.838925891307,6.462397240118));
#7896 = CARTESIAN_POINT('',(-5.584830126076,6.22526004538));
#7897 = ( GEOMETRIC_REPRESENTATION_CONTEXT(2) 
PARAMETRIC_REPRESENTATION_CONTEXT() REPRESENTATION_CONTEXT('2D SPACE',''
  ) );
#7898 = ORIENTED_EDGE('',*,*,#7842,.T.);
#7899 = ORIENTED_EDGE('',*,*,#7900,.T.);
#7900 = EDGE_CURVE('',#7818,#7901,#7903,.T.);
#7901 = VERTEX_POINT('',#7902);
#7902 = CARTESIAN_POINT('',(-5.584830126076,6.22526004538,5.));
#7903 = SURFACE_CURVE('',#7904,(#7909,#7916),.PCURVE_S1.);
#7904 = B_SPLINE_CURVE_WITH_KNOTS('',3,(#7905,#7906,#7907,#7908),
  .UNSPECIFIED.,.F.,.F.,(4,4),(0.,1.),.PIECEWISE_BEZIER_KNOTS.);
#7905 = CARTESIAN_POINT('',(-6.487159409531,6.726498925543,5.));
#7906 = CARTESIAN_POINT('',(-6.164627159475,6.607423104751,5.));
#7907 = CARTESIAN_POINT('',(-5.838925891307,6.462397240118,5.));
#7908 = CARTESIAN_POINT('',(-5.584830126076,6.22526004538,5.));
#7909 = PCURVE('',#7855,#7910);
#7910 = DEFINITIONAL_REPRESENTATION('',(#7911),#7915);
#7911 = LINE('',#7912,#7913);
#7912 = CARTESIAN_POINT('',(1.,0.));
#7913 = VECTOR('',#7914,1.);
#7914 = DIRECTION('',(0.,1.));
#7915 = ( GEOMETRIC_REPRESENTATION_CONTEXT(2) 
PARAMETRIC_REPRESENTATION_CONTEXT() REPRESENTATION_CONTEXT('2D SPACE',''
  ) );
#7916 = PCURVE('',#110,#7917);
#7917 = DEFINITIONAL_REPRESENTATION('',(#7918),#7923);
#7918 = B_SPLINE_CURVE_WITH_KNOTS('',3,(#7919,#7920,#7921,#7922),
  .UNSPECIFIED.,.F.,.F.,(4,4),(0.,1.),.PIECEWISE_BEZIER_KNOTS.);
#7919 = CARTESIAN_POINT('',(6.487159409531,6.726498925543));
#7920 = CARTESIAN_POINT('',(6.164627159475,6.607423104751));
#7921 = CARTESIAN_POINT('',(5.838925891307,6.462397240118));
#7922 = CARTESIAN_POINT('',(5.584830126076,6.22526004538));
#7923 = ( GEOMETRIC_REPRESENTATION_CONTEXT(2) 
PARAMETRIC_REPRESENTATION_CONTEXT() REPRESENTATION_CONTEXT('2D SPACE',''
  ) );
#7924 = ORIENTED_EDGE('',*,*,#7925,.F.);
#7925 = EDGE_CURVE('',#7875,#7901,#7926,.T.);
#7926 = SURFACE_CURVE('',#7927,(#7930,#7937),.PCURVE_S1.);
#7927 = B_SPLINE_CURVE_WITH_KNOTS('',1,(#7928,#7929),.UNSPECIFIED.,.F.,
  .F.,(2,2),(0.,1.),.PIECEWISE_BEZIER_KNOTS.);
#7928 = CARTESIAN_POINT('',(-5.584830126076,6.22526004538,0.));
#7929 = CARTESIAN_POINT('',(-5.584830126076,6.22526004538,5.));
#7930 = PCURVE('',#7855,#7931);
#7931 = DEFINITIONAL_REPRESENTATION('',(#7932),#7936);
#7932 = LINE('',#7933,#7934);
#7933 = CARTESIAN_POINT('',(0.,1.));
#7934 = VECTOR('',#7935,1.);
#7935 = DIRECTION('',(1.,0.));
#7936 = ( GEOMETRIC_REPRESENTATION_CONTEXT(2) 
PARAMETRIC_REPRESENTATION_CONTEXT() REPRESENTATION_CONTEXT('2D SPACE',''
  ) );
#7937 = PCURVE('',#7938,#7947);
#7938 = B_SPLINE_SURFACE_WITH_KNOTS('',1,3,(
    (#7939,#7940,#7941,#7942)
    ,(#7943,#7944,#7945,#7946
    )),.UNSPECIFIED.,.F.,.F.,.F.,(2,2),(4,4),(0.,1.),(0.,1.),
  .PIECEWISE_BEZIER_KNOTS.);
#7939 = CARTESIAN_POINT('',(-5.584830126076,6.22526004538,0.));
#7940 = CARTESIAN_POINT('',(-5.467754704555,6.295397172973,0.));
#7941 = CARTESIAN_POINT('',(-5.362545104983,6.385254659893,0.));
#7942 = CARTESIAN_POINT('',(-5.274956850882,6.489916824665,0.));
#7943 = CARTESIAN_POINT('',(-5.584830126076,6.22526004538,5.));
#7944 = CARTESIAN_POINT('',(-5.467754704555,6.295397172973,5.));
#7945 = CARTESIAN_POINT('',(-5.362545104983,6.385254659893,5.));
#7946 = CARTESIAN_POINT('',(-5.274956850882,6.489916824665,5.));
#7947 = DEFINITIONAL_REPRESENTATION('',(#7948),#7952);
#7948 = LINE('',#7949,#7950);
#7949 = CARTESIAN_POINT('',(0.,0.));
#7950 = VECTOR('',#7951,1.);
#7951 = DIRECTION('',(1.,0.));
#7952 = ( GEOMETRIC_REPRESENTATION_CONTEXT(2) 
PARAMETRIC_REPRESENTATION_CONTEXT() REPRESENTATION_CONTEXT('2D SPACE',''
  ) );
#7953 = ADVANCED_FACE('',(#7954),#7938,.T.);
#7954 = FACE_BOUND('',#7955,.T.);
#7955 = EDGE_LOOP('',(#7956,#7981,#7982,#8007));
#7956 = ORIENTED_EDGE('',*,*,#7957,.F.);
#7957 = EDGE_CURVE('',#7875,#7958,#7960,.T.);
#7958 = VERTEX_POINT('',#7959);
#7959 = CARTESIAN_POINT('',(-5.274956850882,6.489916824665,0.));
#7960 = SURFACE_CURVE('',#7961,(#7966,#7973),.PCURVE_S1.);
#7961 = B_SPLINE_CURVE_WITH_KNOTS('',3,(#7962,#7963,#7964,#7965),
  .UNSPECIFIED.,.F.,.F.,(4,4),(0.,1.),.PIECEWISE_BEZIER_KNOTS.);
#7962 = CARTESIAN_POINT('',(-5.584830126076,6.22526004538,0.));
#7963 = CARTESIAN_POINT('',(-5.467754704555,6.295397172973,0.));
#7964 = CARTESIAN_POINT('',(-5.362545104983,6.385254659893,0.));
#7965 = CARTESIAN_POINT('',(-5.274956850882,6.489916824665,0.));
#7966 = PCURVE('',#7938,#7967);
#7967 = DEFINITIONAL_REPRESENTATION('',(#7968),#7972);
#7968 = LINE('',#7969,#7970);
#7969 = CARTESIAN_POINT('',(0.,0.));
#7970 = VECTOR('',#7971,1.);
#7971 = DIRECTION('',(0.,1.));
#7972 = ( GEOMETRIC_REPRESENTATION_CONTEXT(2) 
PARAMETRIC_REPRESENTATION_CONTEXT() REPRESENTATION_CONTEXT('2D SPACE',''
  ) );
#7973 = PCURVE('',#49,#7974);
#7974 = DEFINITIONAL_REPRESENTATION('',(#7975),#7980);
#7975 = B_SPLINE_CURVE_WITH_KNOTS('',3,(#7976,#7977,#7978,#7979),
  .UNSPECIFIED.,.F.,.F.,(4,4),(0.,1.),.PIECEWISE_BEZIER_KNOTS.);
#7976 = CARTESIAN_POINT('',(-5.584830126076,6.22526004538));
#7977 = CARTESIAN_POINT('',(-5.467754704555,6.295397172973));
#7978 = CARTESIAN_POINT('',(-5.362545104983,6.385254659893));
#7979 = CARTESIAN_POINT('',(-5.274956850882,6.489916824665));
#7980 = ( GEOMETRIC_REPRESENTATION_CONTEXT(2) 
PARAMETRIC_REPRESENTATION_CONTEXT() REPRESENTATION_CONTEXT('2D SPACE',''
  ) );
#7981 = ORIENTED_EDGE('',*,*,#7925,.T.);
#7982 = ORIENTED_EDGE('',*,*,#7983,.T.);
#7983 = EDGE_CURVE('',#7901,#7984,#7986,.T.);
#7984 = VERTEX_POINT('',#7985);
#7985 = CARTESIAN_POINT('',(-5.274956850882,6.489916824665,5.));
#7986 = SURFACE_CURVE('',#7987,(#7992,#7999),.PCURVE_S1.);
#7987 = B_SPLINE_CURVE_WITH_KNOTS('',3,(#7988,#7989,#7990,#7991),
  .UNSPECIFIED.,.F.,.F.,(4,4),(0.,1.),.PIECEWISE_BEZIER_KNOTS.);
#7988 = CARTESIAN_POINT('',(-5.584830126076,6.22526004538,5.));
#7989 = CARTESIAN_POINT('',(-5.467754704555,6.295397172973,5.));
#7990 = CARTESIAN_POINT('',(-5.362545104983,6.385254659893,5.));
#7991 = CARTESIAN_POINT('',(-5.274956850882,6.489916824665,5.));
#7992 = PCURVE('',#7938,#7993);
#7993 = DEFINITIONAL_REPRESENTATION('',(#7994),#7998);
#7994 = LINE('',#7995,#7996);
#7995 = CARTESIAN_POINT('',(1.,0.));
#7996 = VECTOR('',#7997,1.);
#7997 = DIRECTION('',(0.,1.));
#7998 = ( GEOMETRIC_REPRESENTATION_CONTEXT(2) 
PARAMETRIC_REPRESENTATION_CONTEXT() REPRESENTATION_CONTEXT('2D SPACE',''
  ) );
#7999 = PCURVE('',#110,#8000);
#8000 = DEFINITIONAL_REPRESENTATION('',(#8001),#8006);
#8001 = B_SPLINE_CURVE_WITH_KNOTS('',3,(#8002,#8003,#8004,#8005),
  .UNSPECIFIED.,.F.,.F.,(4,4),(0.,1.),.PIECEWISE_BEZIER_KNOTS.);
#8002 = CARTESIAN_POINT('',(5.584830126076,6.22526004538));
#8003 = CARTESIAN_POINT('',(5.467754704555,6.295397172973));
#8004 = CARTESIAN_POINT('',(5.362545104983,6.385254659893));
#8005 = CARTESIAN_POINT('',(5.274956850882,6.489916824665));
#8006 = ( GEOMETRIC_REPRESENTATION_CONTEXT(2) 
PARAMETRIC_REPRESENTATION_CONTEXT() REPRESENTATION_CONTEXT('2D SPACE',''
  ) );
#8007 = ORIENTED_EDGE('',*,*,#8008,.F.);
#8008 = EDGE_CURVE('',#7958,#7984,#8009,.T.);
#8009 = SURFACE_CURVE('',#8010,(#8013,#8020),.PCURVE_S1.);
#8010 = B_SPLINE_CURVE_WITH_KNOTS('',1,(#8011,#8012),.UNSPECIFIED.,.F.,
  .F.,(2,2),(0.,1.),.PIECEWISE_BEZIER_KNOTS.);
#8011 = CARTESIAN_POINT('',(-5.274956850882,6.489916824665,0.));
#8012 = CARTESIAN_POINT('',(-5.274956850882,6.489916824665,5.));
#8013 = PCURVE('',#7938,#8014);
#8014 = DEFINITIONAL_REPRESENTATION('',(#8015),#8019);
#8015 = LINE('',#8016,#8017);
#8016 = CARTESIAN_POINT('',(0.,1.));
#8017 = VECTOR('',#8018,1.);
#8018 = DIRECTION('',(1.,0.));
#8019 = ( GEOMETRIC_REPRESENTATION_CONTEXT(2) 
PARAMETRIC_REPRESENTATION_CONTEXT() REPRESENTATION_CONTEXT('2D SPACE',''
  ) );
#8020 = PCURVE('',#8021,#8030);
#8021 = B_SPLINE_SURFACE_WITH_KNOTS('',1,3,(
    (#8022,#8023,#8024,#8025)
    ,(#8026,#8027,#8028,#8029
    )),.UNSPECIFIED.,.F.,.F.,.F.,(2,2),(4,4),(0.,1.),(0.,1.),
  .PIECEWISE_BEZIER_KNOTS.);
#8022 = CARTESIAN_POINT('',(-5.274956850882,6.489916824665,0.));
#8023 = CARTESIAN_POINT('',(-5.469425158143,6.777980679579,0.));
#8024 = CARTESIAN_POINT('',(-5.561714610076,7.122359068216,0.));
#8025 = CARTESIAN_POINT('',(-5.628869249924,7.459547973387,0.));
#8026 = CARTESIAN_POINT('',(-5.274956850882,6.489916824665,5.));
#8027 = CARTESIAN_POINT('',(-5.469425158143,6.777980679579,5.));
#8028 = CARTESIAN_POINT('',(-5.561714610076,7.122359068216,5.));
#8029 = CARTESIAN_POINT('',(-5.628869249924,7.459547973387,5.));
#8030 = DEFINITIONAL_REPRESENTATION('',(#8031),#8035);
#8031 = LINE('',#8032,#8033);
#8032 = CARTESIAN_POINT('',(0.,0.));
#8033 = VECTOR('',#8034,1.);
#8034 = DIRECTION('',(1.,0.));
#8035 = ( GEOMETRIC_REPRESENTATION_CONTEXT(2) 
PARAMETRIC_REPRESENTATION_CONTEXT() REPRESENTATION_CONTEXT('2D SPACE',''
  ) );
#8036 = ADVANCED_FACE('',(#8037),#8021,.T.);
#8037 = FACE_BOUND('',#8038,.T.);
#8038 = EDGE_LOOP('',(#8039,#8064,#8065,#8090));
#8039 = ORIENTED_EDGE('',*,*,#8040,.F.);
#8040 = EDGE_CURVE('',#7958,#8041,#8043,.T.);
#8041 = VERTEX_POINT('',#8042);
#8042 = CARTESIAN_POINT('',(-5.628869249924,7.459547973387,0.));
#8043 = SURFACE_CURVE('',#8044,(#8049,#8056),.PCURVE_S1.);
#8044 = B_SPLINE_CURVE_WITH_KNOTS('',3,(#8045,#8046,#8047,#8048),
  .UNSPECIFIED.,.F.,.F.,(4,4),(0.,1.),.PIECEWISE_BEZIER_KNOTS.);
#8045 = CARTESIAN_POINT('',(-5.274956850882,6.489916824665,0.));
#8046 = CARTESIAN_POINT('',(-5.469425158143,6.777980679579,0.));
#8047 = CARTESIAN_POINT('',(-5.561714610076,7.122359068216,0.));
#8048 = CARTESIAN_POINT('',(-5.628869249924,7.459547973387,0.));
#8049 = PCURVE('',#8021,#8050);
#8050 = DEFINITIONAL_REPRESENTATION('',(#8051),#8055);
#8051 = LINE('',#8052,#8053);
#8052 = CARTESIAN_POINT('',(0.,0.));
#8053 = VECTOR('',#8054,1.);
#8054 = DIRECTION('',(0.,1.));
#8055 = ( GEOMETRIC_REPRESENTATION_CONTEXT(2) 
PARAMETRIC_REPRESENTATION_CONTEXT() REPRESENTATION_CONTEXT('2D SPACE',''
  ) );
#8056 = PCURVE('',#49,#8057);
#8057 = DEFINITIONAL_REPRESENTATION('',(#8058),#8063);
#8058 = B_SPLINE_CURVE_WITH_KNOTS('',3,(#8059,#8060,#8061,#8062),
  .UNSPECIFIED.,.F.,.F.,(4,4),(0.,1.),.PIECEWISE_BEZIER_KNOTS.);
#8059 = CARTESIAN_POINT('',(-5.274956850882,6.489916824665));
#8060 = CARTESIAN_POINT('',(-5.469425158143,6.777980679579));
#8061 = CARTESIAN_POINT('',(-5.561714610076,7.122359068216));
#8062 = CARTESIAN_POINT('',(-5.628869249924,7.459547973387));
#8063 = ( GEOMETRIC_REPRESENTATION_CONTEXT(2) 
PARAMETRIC_REPRESENTATION_CONTEXT() REPRESENTATION_CONTEXT('2D SPACE',''
  ) );
#8064 = ORIENTED_EDGE('',*,*,#8008,.T.);
#8065 = ORIENTED_EDGE('',*,*,#8066,.T.);
#8066 = EDGE_CURVE('',#7984,#8067,#8069,.T.);
#8067 = VERTEX_POINT('',#8068);
#8068 = CARTESIAN_POINT('',(-5.628869249924,7.459547973387,5.));
#8069 = SURFACE_CURVE('',#8070,(#8075,#8082),.PCURVE_S1.);
#8070 = B_SPLINE_CURVE_WITH_KNOTS('',3,(#8071,#8072,#8073,#8074),
  .UNSPECIFIED.,.F.,.F.,(4,4),(0.,1.),.PIECEWISE_BEZIER_KNOTS.);
#8071 = CARTESIAN_POINT('',(-5.274956850882,6.489916824665,5.));
#8072 = CARTESIAN_POINT('',(-5.469425158143,6.777980679579,5.));
#8073 = CARTESIAN_POINT('',(-5.561714610076,7.122359068216,5.));
#8074 = CARTESIAN_POINT('',(-5.628869249924,7.459547973387,5.));
#8075 = PCURVE('',#8021,#8076);
#8076 = DEFINITIONAL_REPRESENTATION('',(#8077),#8081);
#8077 = LINE('',#8078,#8079);
#8078 = CARTESIAN_POINT('',(1.,0.));
#8079 = VECTOR('',#8080,1.);
#8080 = DIRECTION('',(0.,1.));
#8081 = ( GEOMETRIC_REPRESENTATION_CONTEXT(2) 
PARAMETRIC_REPRESENTATION_CONTEXT() REPRESENTATION_CONTEXT('2D SPACE',''
  ) );
#8082 = PCURVE('',#110,#8083);
#8083 = DEFINITIONAL_REPRESENTATION('',(#8084),#8089);
#8084 = B_SPLINE_CURVE_WITH_KNOTS('',3,(#8085,#8086,#8087,#8088),
  .UNSPECIFIED.,.F.,.F.,(4,4),(0.,1.),.PIECEWISE_BEZIER_KNOTS.);
#8085 = CARTESIAN_POINT('',(5.274956850882,6.489916824665));
#8086 = CARTESIAN_POINT('',(5.469425158143,6.777980679579));
#8087 = CARTESIAN_POINT('',(5.561714610076,7.122359068216));
#8088 = CARTESIAN_POINT('',(5.628869249924,7.459547973387));
#8089 = ( GEOMETRIC_REPRESENTATION_CONTEXT(2) 
PARAMETRIC_REPRESENTATION_CONTEXT() REPRESENTATION_CONTEXT('2D SPACE',''
  ) );
#8090 = ORIENTED_EDGE('',*,*,#8091,.F.);
#8091 = EDGE_CURVE('',#8041,#8067,#8092,.T.);
#8092 = SURFACE_CURVE('',#8093,(#8096,#8103),.PCURVE_S1.);
#8093 = B_SPLINE_CURVE_WITH_KNOTS('',1,(#8094,#8095),.UNSPECIFIED.,.F.,
  .F.,(2,2),(0.,1.),.PIECEWISE_BEZIER_KNOTS.);
#8094 = CARTESIAN_POINT('',(-5.628869249924,7.459547973387,0.));
#8095 = CARTESIAN_POINT('',(-5.628869249924,7.459547973387,5.));
#8096 = PCURVE('',#8021,#8097);
#8097 = DEFINITIONAL_REPRESENTATION('',(#8098),#8102);
#8098 = LINE('',#8099,#8100);
#8099 = CARTESIAN_POINT('',(0.,1.));
#8100 = VECTOR('',#8101,1.);
#8101 = DIRECTION('',(1.,0.));
#8102 = ( GEOMETRIC_REPRESENTATION_CONTEXT(2) 
PARAMETRIC_REPRESENTATION_CONTEXT() REPRESENTATION_CONTEXT('2D SPACE',''
  ) );
#8103 = PCURVE('',#8104,#8113);
#8104 = B_SPLINE_SURFACE_WITH_KNOTS('',1,3,(
    (#8105,#8106,#8107,#8108)
    ,(#8109,#8110,#8111,#8112
    )),.UNSPECIFIED.,.F.,.F.,.F.,(2,2),(4,4),(0.,1.),(0.,1.),
  .PIECEWISE_BEZIER_KNOTS.);
#8105 = CARTESIAN_POINT('',(-5.628869249924,7.459547973387,0.));
#8106 = CARTESIAN_POINT('',(-5.538802401964,7.527511201195,0.));
#8107 = CARTESIAN_POINT('',(-5.44750450869,7.593843003376,0.));
#8108 = CARTESIAN_POINT('',(-5.355035451365,7.658499873645,0.));
#8109 = CARTESIAN_POINT('',(-5.628869249924,7.459547973387,5.));
#8110 = CARTESIAN_POINT('',(-5.538802401964,7.527511201195,5.));
#8111 = CARTESIAN_POINT('',(-5.44750450869,7.593843003376,5.));
#8112 = CARTESIAN_POINT('',(-5.355035451365,7.658499873645,5.));
#8113 = DEFINITIONAL_REPRESENTATION('',(#8114),#8118);
#8114 = LINE('',#8115,#8116);
#8115 = CARTESIAN_POINT('',(0.,0.));
#8116 = VECTOR('',#8117,1.);
#8117 = DIRECTION('',(1.,0.));
#8118 = ( GEOMETRIC_REPRESENTATION_CONTEXT(2) 
PARAMETRIC_REPRESENTATION_CONTEXT() REPRESENTATION_CONTEXT('2D SPACE',''
  ) );
#8119 = ADVANCED_FACE('',(#8120),#8104,.T.);
#8120 = FACE_BOUND('',#8121,.T.);
#8121 = EDGE_LOOP('',(#8122,#8147,#8148,#8173));
#8122 = ORIENTED_EDGE('',*,*,#8123,.F.);
#8123 = EDGE_CURVE('',#8041,#8124,#8126,.T.);
#8124 = VERTEX_POINT('',#8125);
#8125 = CARTESIAN_POINT('',(-5.355035451365,7.658499873645,0.));
#8126 = SURFACE_CURVE('',#8127,(#8132,#8139),.PCURVE_S1.);
#8127 = B_SPLINE_CURVE_WITH_KNOTS('',3,(#8128,#8129,#8130,#8131),
  .UNSPECIFIED.,.F.,.F.,(4,4),(0.,1.),.PIECEWISE_BEZIER_KNOTS.);
#8128 = CARTESIAN_POINT('',(-5.628869249924,7.459547973387,0.));
#8129 = CARTESIAN_POINT('',(-5.538802401964,7.527511201195,0.));
#8130 = CARTESIAN_POINT('',(-5.44750450869,7.593843003376,0.));
#8131 = CARTESIAN_POINT('',(-5.355035451365,7.658499873645,0.));
#8132 = PCURVE('',#8104,#8133);
#8133 = DEFINITIONAL_REPRESENTATION('',(#8134),#8138);
#8134 = LINE('',#8135,#8136);
#8135 = CARTESIAN_POINT('',(0.,0.));
#8136 = VECTOR('',#8137,1.);
#8137 = DIRECTION('',(0.,1.));
#8138 = ( GEOMETRIC_REPRESENTATION_CONTEXT(2) 
PARAMETRIC_REPRESENTATION_CONTEXT() REPRESENTATION_CONTEXT('2D SPACE',''
  ) );
#8139 = PCURVE('',#49,#8140);
#8140 = DEFINITIONAL_REPRESENTATION('',(#8141),#8146);
#8141 = B_SPLINE_CURVE_WITH_KNOTS('',3,(#8142,#8143,#8144,#8145),
  .UNSPECIFIED.,.F.,.F.,(4,4),(0.,1.),.PIECEWISE_BEZIER_KNOTS.);
#8142 = CARTESIAN_POINT('',(-5.628869249924,7.459547973387));
#8143 = CARTESIAN_POINT('',(-5.538802401964,7.527511201195));
#8144 = CARTESIAN_POINT('',(-5.44750450869,7.593843003376));
#8145 = CARTESIAN_POINT('',(-5.355035451365,7.658499873645));
#8146 = ( GEOMETRIC_REPRESENTATION_CONTEXT(2) 
PARAMETRIC_REPRESENTATION_CONTEXT() REPRESENTATION_CONTEXT('2D SPACE',''
  ) );
#8147 = ORIENTED_EDGE('',*,*,#8091,.T.);
#8148 = ORIENTED_EDGE('',*,*,#8149,.T.);
#8149 = EDGE_CURVE('',#8067,#8150,#8152,.T.);
#8150 = VERTEX_POINT('',#8151);
#8151 = CARTESIAN_POINT('',(-5.355035451365,7.658499873645,5.));
#8152 = SURFACE_CURVE('',#8153,(#8158,#8165),.PCURVE_S1.);
#8153 = B_SPLINE_CURVE_WITH_KNOTS('',3,(#8154,#8155,#8156,#8157),
  .UNSPECIFIED.,.F.,.F.,(4,4),(0.,1.),.PIECEWISE_BEZIER_KNOTS.);
#8154 = CARTESIAN_POINT('',(-5.628869249924,7.459547973387,5.));
#8155 = CARTESIAN_POINT('',(-5.538802401964,7.527511201195,5.));
#8156 = CARTESIAN_POINT('',(-5.44750450869,7.593843003376,5.));
#8157 = CARTESIAN_POINT('',(-5.355035451365,7.658499873645,5.));
#8158 = PCURVE('',#8104,#8159);
#8159 = DEFINITIONAL_REPRESENTATION('',(#8160),#8164);
#8160 = LINE('',#8161,#8162);
#8161 = CARTESIAN_POINT('',(1.,0.));
#8162 = VECTOR('',#8163,1.);
#8163 = DIRECTION('',(0.,1.));
#8164 = ( GEOMETRIC_REPRESENTATION_CONTEXT(2) 
PARAMETRIC_REPRESENTATION_CONTEXT() REPRESENTATION_CONTEXT('2D SPACE',''
  ) );
#8165 = PCURVE('',#110,#8166);
#8166 = DEFINITIONAL_REPRESENTATION('',(#8167),#8172);
#8167 = B_SPLINE_CURVE_WITH_KNOTS('',3,(#8168,#8169,#8170,#8171),
  .UNSPECIFIED.,.F.,.F.,(4,4),(0.,1.),.PIECEWISE_BEZIER_KNOTS.);
#8168 = CARTESIAN_POINT('',(5.628869249924,7.459547973387));
#8169 = CARTESIAN_POINT('',(5.538802401964,7.527511201195));
#8170 = CARTESIAN_POINT('',(5.44750450869,7.593843003376));
#8171 = CARTESIAN_POINT('',(5.355035451365,7.658499873645));
#8172 = ( GEOMETRIC_REPRESENTATION_CONTEXT(2) 
PARAMETRIC_REPRESENTATION_CONTEXT() REPRESENTATION_CONTEXT('2D SPACE',''
  ) );
#8173 = ORIENTED_EDGE('',*,*,#8174,.F.);
#8174 = EDGE_CURVE('',#8124,#8150,#8175,.T.);
#8175 = SURFACE_CURVE('',#8176,(#8179,#8186),.PCURVE_S1.);
#8176 = B_SPLINE_CURVE_WITH_KNOTS('',1,(#8177,#8178),.UNSPECIFIED.,.F.,
  .F.,(2,2),(0.,1.),.PIECEWISE_BEZIER_KNOTS.);
#8177 = CARTESIAN_POINT('',(-5.355035451365,7.658499873645,0.));
#8178 = CARTESIAN_POINT('',(-5.355035451365,7.658499873645,5.));
#8179 = PCURVE('',#8104,#8180);
#8180 = DEFINITIONAL_REPRESENTATION('',(#8181),#8185);
#8181 = LINE('',#8182,#8183);
#8182 = CARTESIAN_POINT('',(0.,1.));
#8183 = VECTOR('',#8184,1.);
#8184 = DIRECTION('',(1.,0.));
#8185 = ( GEOMETRIC_REPRESENTATION_CONTEXT(2) 
PARAMETRIC_REPRESENTATION_CONTEXT() REPRESENTATION_CONTEXT('2D SPACE',''
  ) );
#8186 = PCURVE('',#8187,#8196);
#8187 = B_SPLINE_SURFACE_WITH_KNOTS('',1,3,(
    (#8188,#8189,#8190,#8191)
    ,(#8192,#8193,#8194,#8195
    )),.UNSPECIFIED.,.F.,.F.,.F.,(2,2),(4,4),(0.,1.),(0.,1.),
  .PIECEWISE_BEZIER_KNOTS.);
#8188 = CARTESIAN_POINT('',(-5.355035451365,7.658499873645,0.));
#8189 = CARTESIAN_POINT('',(-5.055101670844,7.490434913806,0.));
#8190 = CARTESIAN_POINT('',(-4.756097369308,7.296243654575,0.));
#8191 = CARTESIAN_POINT('',(-4.542226374794,7.022276677108,0.));
#8192 = CARTESIAN_POINT('',(-5.355035451365,7.658499873645,5.));
#8193 = CARTESIAN_POINT('',(-5.055101670844,7.490434913806,5.));
#8194 = CARTESIAN_POINT('',(-4.756097369308,7.296243654575,5.));
#8195 = CARTESIAN_POINT('',(-4.542226374794,7.022276677108,5.));
#8196 = DEFINITIONAL_REPRESENTATION('',(#8197),#8201);
#8197 = LINE('',#8198,#8199);
#8198 = CARTESIAN_POINT('',(0.,0.));
#8199 = VECTOR('',#8200,1.);
#8200 = DIRECTION('',(1.,0.));
#8201 = ( GEOMETRIC_REPRESENTATION_CONTEXT(2) 
PARAMETRIC_REPRESENTATION_CONTEXT() REPRESENTATION_CONTEXT('2D SPACE',''
  ) );
#8202 = ADVANCED_FACE('',(#8203),#8187,.T.);
#8203 = FACE_BOUND('',#8204,.T.);
#8204 = EDGE_LOOP('',(#8205,#8230,#8231,#8256));
#8205 = ORIENTED_EDGE('',*,*,#8206,.F.);
#8206 = EDGE_CURVE('',#8124,#8207,#8209,.T.);
#8207 = VERTEX_POINT('',#8208);
#8208 = CARTESIAN_POINT('',(-4.542226374794,7.022276677108,0.));
#8209 = SURFACE_CURVE('',#8210,(#8215,#8222),.PCURVE_S1.);
#8210 = B_SPLINE_CURVE_WITH_KNOTS('',3,(#8211,#8212,#8213,#8214),
  .UNSPECIFIED.,.F.,.F.,(4,4),(0.,1.),.PIECEWISE_BEZIER_KNOTS.);
#8211 = CARTESIAN_POINT('',(-5.355035451365,7.658499873645,0.));
#8212 = CARTESIAN_POINT('',(-5.055101670844,7.490434913806,0.));
#8213 = CARTESIAN_POINT('',(-4.756097369308,7.296243654575,0.));
#8214 = CARTESIAN_POINT('',(-4.542226374794,7.022276677108,0.));
#8215 = PCURVE('',#8187,#8216);
#8216 = DEFINITIONAL_REPRESENTATION('',(#8217),#8221);
#8217 = LINE('',#8218,#8219);
#8218 = CARTESIAN_POINT('',(0.,0.));
#8219 = VECTOR('',#8220,1.);
#8220 = DIRECTION('',(0.,1.));
#8221 = ( GEOMETRIC_REPRESENTATION_CONTEXT(2) 
PARAMETRIC_REPRESENTATION_CONTEXT() REPRESENTATION_CONTEXT('2D SPACE',''
  ) );
#8222 = PCURVE('',#49,#8223);
#8223 = DEFINITIONAL_REPRESENTATION('',(#8224),#8229);
#8224 = B_SPLINE_CURVE_WITH_KNOTS('',3,(#8225,#8226,#8227,#8228),
  .UNSPECIFIED.,.F.,.F.,(4,4),(0.,1.),.PIECEWISE_BEZIER_KNOTS.);
#8225 = CARTESIAN_POINT('',(-5.355035451365,7.658499873645));
#8226 = CARTESIAN_POINT('',(-5.055101670844,7.490434913806));
#8227 = CARTESIAN_POINT('',(-4.756097369308,7.296243654575));
#8228 = CARTESIAN_POINT('',(-4.542226374794,7.022276677108));
#8229 = ( GEOMETRIC_REPRESENTATION_CONTEXT(2) 
PARAMETRIC_REPRESENTATION_CONTEXT() REPRESENTATION_CONTEXT('2D SPACE',''
  ) );
#8230 = ORIENTED_EDGE('',*,*,#8174,.T.);
#8231 = ORIENTED_EDGE('',*,*,#8232,.T.);
#8232 = EDGE_CURVE('',#8150,#8233,#8235,.T.);
#8233 = VERTEX_POINT('',#8234);
#8234 = CARTESIAN_POINT('',(-4.542226374794,7.022276677108,5.));
#8235 = SURFACE_CURVE('',#8236,(#8241,#8248),.PCURVE_S1.);
#8236 = B_SPLINE_CURVE_WITH_KNOTS('',3,(#8237,#8238,#8239,#8240),
  .UNSPECIFIED.,.F.,.F.,(4,4),(0.,1.),.PIECEWISE_BEZIER_KNOTS.);
#8237 = CARTESIAN_POINT('',(-5.355035451365,7.658499873645,5.));
#8238 = CARTESIAN_POINT('',(-5.055101670844,7.490434913806,5.));
#8239 = CARTESIAN_POINT('',(-4.756097369308,7.296243654575,5.));
#8240 = CARTESIAN_POINT('',(-4.542226374794,7.022276677108,5.));
#8241 = PCURVE('',#8187,#8242);
#8242 = DEFINITIONAL_REPRESENTATION('',(#8243),#8247);
#8243 = LINE('',#8244,#8245);
#8244 = CARTESIAN_POINT('',(1.,0.));
#8245 = VECTOR('',#8246,1.);
#8246 = DIRECTION('',(0.,1.));
#8247 = ( GEOMETRIC_REPRESENTATION_CONTEXT(2) 
PARAMETRIC_REPRESENTATION_CONTEXT() REPRESENTATION_CONTEXT('2D SPACE',''
  ) );
#8248 = PCURVE('',#110,#8249);
#8249 = DEFINITIONAL_REPRESENTATION('',(#8250),#8255);
#8250 = B_SPLINE_CURVE_WITH_KNOTS('',3,(#8251,#8252,#8253,#8254),
  .UNSPECIFIED.,.F.,.F.,(4,4),(0.,1.),.PIECEWISE_BEZIER_KNOTS.);
#8251 = CARTESIAN_POINT('',(5.355035451365,7.658499873645));
#8252 = CARTESIAN_POINT('',(5.055101670844,7.490434913806));
#8253 = CARTESIAN_POINT('',(4.756097369308,7.296243654575));
#8254 = CARTESIAN_POINT('',(4.542226374794,7.022276677108));
#8255 = ( GEOMETRIC_REPRESENTATION_CONTEXT(2) 
PARAMETRIC_REPRESENTATION_CONTEXT() REPRESENTATION_CONTEXT('2D SPACE',''
  ) );
#8256 = ORIENTED_EDGE('',*,*,#8257,.F.);
#8257 = EDGE_CURVE('',#8207,#8233,#8258,.T.);
#8258 = SURFACE_CURVE('',#8259,(#8262,#8269),.PCURVE_S1.);
#8259 = B_SPLINE_CURVE_WITH_KNOTS('',1,(#8260,#8261),.UNSPECIFIED.,.F.,
  .F.,(2,2),(0.,1.),.PIECEWISE_BEZIER_KNOTS.);
#8260 = CARTESIAN_POINT('',(-4.542226374794,7.022276677108,0.));
#8261 = CARTESIAN_POINT('',(-4.542226374794,7.022276677108,5.));
#8262 = PCURVE('',#8187,#8263);
#8263 = DEFINITIONAL_REPRESENTATION('',(#8264),#8268);
#8264 = LINE('',#8265,#8266);
#8265 = CARTESIAN_POINT('',(0.,1.));
#8266 = VECTOR('',#8267,1.);
#8267 = DIRECTION('',(1.,0.));
#8268 = ( GEOMETRIC_REPRESENTATION_CONTEXT(2) 
PARAMETRIC_REPRESENTATION_CONTEXT() REPRESENTATION_CONTEXT('2D SPACE',''
  ) );
#8269 = PCURVE('',#8270,#8279);
#8270 = B_SPLINE_SURFACE_WITH_KNOTS('',1,3,(
    (#8271,#8272,#8273,#8274)
    ,(#8275,#8276,#8277,#8278
    )),.UNSPECIFIED.,.F.,.F.,.F.,(2,2),(4,4),(0.,1.),(0.,1.),
  .PIECEWISE_BEZIER_KNOTS.);
#8271 = CARTESIAN_POINT('',(-4.542226374794,7.022276677108,0.));
#8272 = CARTESIAN_POINT('',(-4.415620481954,7.07323566934,0.));
#8273 = CARTESIAN_POINT('',(-4.297649379241,7.14552845406,0.));
#8274 = CARTESIAN_POINT('',(-4.194766712136,7.235200232231,0.));
#8275 = CARTESIAN_POINT('',(-4.542226374794,7.022276677108,5.));
#8276 = CARTESIAN_POINT('',(-4.415620481954,7.07323566934,5.));
#8277 = CARTESIAN_POINT('',(-4.297649379241,7.14552845406,5.));
#8278 = CARTESIAN_POINT('',(-4.194766712136,7.235200232231,5.));
#8279 = DEFINITIONAL_REPRESENTATION('',(#8280),#8284);
#8280 = LINE('',#8281,#8282);
#8281 = CARTESIAN_POINT('',(0.,0.));
#8282 = VECTOR('',#8283,1.);
#8283 = DIRECTION('',(1.,0.));
#8284 = ( GEOMETRIC_REPRESENTATION_CONTEXT(2) 
PARAMETRIC_REPRESENTATION_CONTEXT() REPRESENTATION_CONTEXT('2D SPACE',''
  ) );
#8285 = ADVANCED_FACE('',(#8286),#8270,.T.);
#8286 = FACE_BOUND('',#8287,.T.);
#8287 = EDGE_LOOP('',(#8288,#8313,#8314,#8339));
#8288 = ORIENTED_EDGE('',*,*,#8289,.F.);
#8289 = EDGE_CURVE('',#8207,#8290,#8292,.T.);
#8290 = VERTEX_POINT('',#8291);
#8291 = CARTESIAN_POINT('',(-4.194766712136,7.235200232231,0.));
#8292 = SURFACE_CURVE('',#8293,(#8298,#8305),.PCURVE_S1.);
#8293 = B_SPLINE_CURVE_WITH_KNOTS('',3,(#8294,#8295,#8296,#8297),
  .UNSPECIFIED.,.F.,.F.,(4,4),(0.,1.),.PIECEWISE_BEZIER_KNOTS.);
#8294 = CARTESIAN_POINT('',(-4.542226374794,7.022276677108,0.));
#8295 = CARTESIAN_POINT('',(-4.415620481954,7.07323566934,0.));
#8296 = CARTESIAN_POINT('',(-4.297649379241,7.14552845406,0.));
#8297 = CARTESIAN_POINT('',(-4.194766712136,7.235200232231,0.));
#8298 = PCURVE('',#8270,#8299);
#8299 = DEFINITIONAL_REPRESENTATION('',(#8300),#8304);
#8300 = LINE('',#8301,#8302);
#8301 = CARTESIAN_POINT('',(0.,0.));
#8302 = VECTOR('',#8303,1.);
#8303 = DIRECTION('',(0.,1.));
#8304 = ( GEOMETRIC_REPRESENTATION_CONTEXT(2) 
PARAMETRIC_REPRESENTATION_CONTEXT() REPRESENTATION_CONTEXT('2D SPACE',''
  ) );
#8305 = PCURVE('',#49,#8306);
#8306 = DEFINITIONAL_REPRESENTATION('',(#8307),#8312);
#8307 = B_SPLINE_CURVE_WITH_KNOTS('',3,(#8308,#8309,#8310,#8311),
  .UNSPECIFIED.,.F.,.F.,(4,4),(0.,1.),.PIECEWISE_BEZIER_KNOTS.);
#8308 = CARTESIAN_POINT('',(-4.542226374794,7.022276677108));
#8309 = CARTESIAN_POINT('',(-4.415620481954,7.07323566934));
#8310 = CARTESIAN_POINT('',(-4.297649379241,7.14552845406));
#8311 = CARTESIAN_POINT('',(-4.194766712136,7.235200232231));
#8312 = ( GEOMETRIC_REPRESENTATION_CONTEXT(2) 
PARAMETRIC_REPRESENTATION_CONTEXT() REPRESENTATION_CONTEXT('2D SPACE',''
  ) );
#8313 = ORIENTED_EDGE('',*,*,#8257,.T.);
#8314 = ORIENTED_EDGE('',*,*,#8315,.T.);
#8315 = EDGE_CURVE('',#8233,#8316,#8318,.T.);
#8316 = VERTEX_POINT('',#8317);
#8317 = CARTESIAN_POINT('',(-4.194766712136,7.235200232231,5.));
#8318 = SURFACE_CURVE('',#8319,(#8324,#8331),.PCURVE_S1.);
#8319 = B_SPLINE_CURVE_WITH_KNOTS('',3,(#8320,#8321,#8322,#8323),
  .UNSPECIFIED.,.F.,.F.,(4,4),(0.,1.),.PIECEWISE_BEZIER_KNOTS.);
#8320 = CARTESIAN_POINT('',(-4.542226374794,7.022276677108,5.));
#8321 = CARTESIAN_POINT('',(-4.415620481954,7.07323566934,5.));
#8322 = CARTESIAN_POINT('',(-4.297649379241,7.14552845406,5.));
#8323 = CARTESIAN_POINT('',(-4.194766712136,7.235200232231,5.));
#8324 = PCURVE('',#8270,#8325);
#8325 = DEFINITIONAL_REPRESENTATION('',(#8326),#8330);
#8326 = LINE('',#8327,#8328);
#8327 = CARTESIAN_POINT('',(1.,0.));
#8328 = VECTOR('',#8329,1.);
#8329 = DIRECTION('',(0.,1.));
#8330 = ( GEOMETRIC_REPRESENTATION_CONTEXT(2) 
PARAMETRIC_REPRESENTATION_CONTEXT() REPRESENTATION_CONTEXT('2D SPACE',''
  ) );
#8331 = PCURVE('',#110,#8332);
#8332 = DEFINITIONAL_REPRESENTATION('',(#8333),#8338);
#8333 = B_SPLINE_CURVE_WITH_KNOTS('',3,(#8334,#8335,#8336,#8337),
  .UNSPECIFIED.,.F.,.F.,(4,4),(0.,1.),.PIECEWISE_BEZIER_KNOTS.);
#8334 = CARTESIAN_POINT('',(4.542226374794,7.022276677108));
#8335 = CARTESIAN_POINT('',(4.415620481954,7.07323566934));
#8336 = CARTESIAN_POINT('',(4.297649379241,7.14552845406));
#8337 = CARTESIAN_POINT('',(4.194766712136,7.235200232231));
#8338 = ( GEOMETRIC_REPRESENTATION_CONTEXT(2) 
PARAMETRIC_REPRESENTATION_CONTEXT() REPRESENTATION_CONTEXT('2D SPACE',''
  ) );
#8339 = ORIENTED_EDGE('',*,*,#8340,.F.);
#8340 = EDGE_CURVE('',#8290,#8316,#8341,.T.);
#8341 = SURFACE_CURVE('',#8342,(#8345,#8352),.PCURVE_S1.);
#8342 = B_SPLINE_CURVE_WITH_KNOTS('',1,(#8343,#8344),.UNSPECIFIED.,.F.,
  .F.,(2,2),(0.,1.),.PIECEWISE_BEZIER_KNOTS.);
#8343 = CARTESIAN_POINT('',(-4.194766712136,7.235200232231,0.));
#8344 = CARTESIAN_POINT('',(-4.194766712136,7.235200232231,5.));
#8345 = PCURVE('',#8270,#8346);
#8346 = DEFINITIONAL_REPRESENTATION('',(#8347),#8351);
#8347 = LINE('',#8348,#8349);
#8348 = CARTESIAN_POINT('',(0.,1.));
#8349 = VECTOR('',#8350,1.);
#8350 = DIRECTION('',(1.,0.));
#8351 = ( GEOMETRIC_REPRESENTATION_CONTEXT(2) 
PARAMETRIC_REPRESENTATION_CONTEXT() REPRESENTATION_CONTEXT('2D SPACE',''
  ) );
#8352 = PCURVE('',#8353,#8362);
#8353 = B_SPLINE_SURFACE_WITH_KNOTS('',1,3,(
    (#8354,#8355,#8356,#8357)
    ,(#8358,#8359,#8360,#8361
    )),.UNSPECIFIED.,.F.,.F.,.F.,(2,2),(4,4),(0.,1.),(0.,1.),
  .PIECEWISE_BEZIER_KNOTS.);
#8354 = CARTESIAN_POINT('',(-4.194766712136,7.235200232231,0.));
#8355 = CARTESIAN_POINT('',(-4.341777676793,7.550139088691,0.));
#8356 = CARTESIAN_POINT('',(-4.379058243429,7.904714858943,0.));
#8357 = CARTESIAN_POINT('',(-4.392638132226,8.248257709318,0.));
#8358 = CARTESIAN_POINT('',(-4.194766712136,7.235200232231,5.));
#8359 = CARTESIAN_POINT('',(-4.341777676793,7.550139088691,5.));
#8360 = CARTESIAN_POINT('',(-4.379058243429,7.904714858943,5.));
#8361 = CARTESIAN_POINT('',(-4.392638132226,8.248257709318,5.));
#8362 = DEFINITIONAL_REPRESENTATION('',(#8363),#8367);
#8363 = LINE('',#8364,#8365);
#8364 = CARTESIAN_POINT('',(0.,0.));
#8365 = VECTOR('',#8366,1.);
#8366 = DIRECTION('',(1.,0.));
#8367 = ( GEOMETRIC_REPRESENTATION_CONTEXT(2) 
PARAMETRIC_REPRESENTATION_CONTEXT() REPRESENTATION_CONTEXT('2D SPACE',''
  ) );
#8368 = ADVANCED_FACE('',(#8369),#8353,.T.);
#8369 = FACE_BOUND('',#8370,.T.);
#8370 = EDGE_LOOP('',(#8371,#8396,#8397,#8422));
#8371 = ORIENTED_EDGE('',*,*,#8372,.F.);
#8372 = EDGE_CURVE('',#8290,#8373,#8375,.T.);
#8373 = VERTEX_POINT('',#8374);
#8374 = CARTESIAN_POINT('',(-4.392638132226,8.248257709318,0.));
#8375 = SURFACE_CURVE('',#8376,(#8381,#8388),.PCURVE_S1.);
#8376 = B_SPLINE_CURVE_WITH_KNOTS('',3,(#8377,#8378,#8379,#8380),
  .UNSPECIFIED.,.F.,.F.,(4,4),(0.,1.),.PIECEWISE_BEZIER_KNOTS.);
#8377 = CARTESIAN_POINT('',(-4.194766712136,7.235200232231,0.));
#8378 = CARTESIAN_POINT('',(-4.341777676793,7.550139088691,0.));
#8379 = CARTESIAN_POINT('',(-4.379058243429,7.904714858943,0.));
#8380 = CARTESIAN_POINT('',(-4.392638132226,8.248257709318,0.));
#8381 = PCURVE('',#8353,#8382);
#8382 = DEFINITIONAL_REPRESENTATION('',(#8383),#8387);
#8383 = LINE('',#8384,#8385);
#8384 = CARTESIAN_POINT('',(0.,0.));
#8385 = VECTOR('',#8386,1.);
#8386 = DIRECTION('',(0.,1.));
#8387 = ( GEOMETRIC_REPRESENTATION_CONTEXT(2) 
PARAMETRIC_REPRESENTATION_CONTEXT() REPRESENTATION_CONTEXT('2D SPACE',''
  ) );
#8388 = PCURVE('',#49,#8389);
#8389 = DEFINITIONAL_REPRESENTATION('',(#8390),#8395);
#8390 = B_SPLINE_CURVE_WITH_KNOTS('',3,(#8391,#8392,#8393,#8394),
  .UNSPECIFIED.,.F.,.F.,(4,4),(0.,1.),.PIECEWISE_BEZIER_KNOTS.);
#8391 = CARTESIAN_POINT('',(-4.194766712136,7.235200232231));
#8392 = CARTESIAN_POINT('',(-4.341777676793,7.550139088691));
#8393 = CARTESIAN_POINT('',(-4.379058243429,7.904714858943));
#8394 = CARTESIAN_POINT('',(-4.392638132226,8.248257709318));
#8395 = ( GEOMETRIC_REPRESENTATION_CONTEXT(2) 
PARAMETRIC_REPRESENTATION_CONTEXT() REPRESENTATION_CONTEXT('2D SPACE',''
  ) );
#8396 = ORIENTED_EDGE('',*,*,#8340,.T.);
#8397 = ORIENTED_EDGE('',*,*,#8398,.T.);
#8398 = EDGE_CURVE('',#8316,#8399,#8401,.T.);
#8399 = VERTEX_POINT('',#8400);
#8400 = CARTESIAN_POINT('',(-4.392638132226,8.248257709318,5.));
#8401 = SURFACE_CURVE('',#8402,(#8407,#8414),.PCURVE_S1.);
#8402 = B_SPLINE_CURVE_WITH_KNOTS('',3,(#8403,#8404,#8405,#8406),
  .UNSPECIFIED.,.F.,.F.,(4,4),(0.,1.),.PIECEWISE_BEZIER_KNOTS.);
#8403 = CARTESIAN_POINT('',(-4.194766712136,7.235200232231,5.));
#8404 = CARTESIAN_POINT('',(-4.341777676793,7.550139088691,5.));
#8405 = CARTESIAN_POINT('',(-4.379058243429,7.904714858943,5.));
#8406 = CARTESIAN_POINT('',(-4.392638132226,8.248257709318,5.));
#8407 = PCURVE('',#8353,#8408);
#8408 = DEFINITIONAL_REPRESENTATION('',(#8409),#8413);
#8409 = LINE('',#8410,#8411);
#8410 = CARTESIAN_POINT('',(1.,0.));
#8411 = VECTOR('',#8412,1.);
#8412 = DIRECTION('',(0.,1.));
#8413 = ( GEOMETRIC_REPRESENTATION_CONTEXT(2) 
PARAMETRIC_REPRESENTATION_CONTEXT() REPRESENTATION_CONTEXT('2D SPACE',''
  ) );
#8414 = PCURVE('',#110,#8415);
#8415 = DEFINITIONAL_REPRESENTATION('',(#8416),#8421);
#8416 = B_SPLINE_CURVE_WITH_KNOTS('',3,(#8417,#8418,#8419,#8420),
  .UNSPECIFIED.,.F.,.F.,(4,4),(0.,1.),.PIECEWISE_BEZIER_KNOTS.);
#8417 = CARTESIAN_POINT('',(4.194766712136,7.235200232231));
#8418 = CARTESIAN_POINT('',(4.341777676793,7.550139088691));
#8419 = CARTESIAN_POINT('',(4.379058243429,7.904714858943));
#8420 = CARTESIAN_POINT('',(4.392638132226,8.248257709318));
#8421 = ( GEOMETRIC_REPRESENTATION_CONTEXT(2) 
PARAMETRIC_REPRESENTATION_CONTEXT() REPRESENTATION_CONTEXT('2D SPACE',''
  ) );
#8422 = ORIENTED_EDGE('',*,*,#8423,.F.);
#8423 = EDGE_CURVE('',#8373,#8399,#8424,.T.);
#8424 = SURFACE_CURVE('',#8425,(#8428,#8435),.PCURVE_S1.);
#8425 = B_SPLINE_CURVE_WITH_KNOTS('',1,(#8426,#8427),.UNSPECIFIED.,.F.,
  .F.,(2,2),(0.,1.),.PIECEWISE_BEZIER_KNOTS.);
#8426 = CARTESIAN_POINT('',(-4.392638132226,8.248257709318,0.));
#8427 = CARTESIAN_POINT('',(-4.392638132226,8.248257709318,5.));
#8428 = PCURVE('',#8353,#8429);
#8429 = DEFINITIONAL_REPRESENTATION('',(#8430),#8434);
#8430 = LINE('',#8431,#8432);
#8431 = CARTESIAN_POINT('',(0.,1.));
#8432 = VECTOR('',#8433,1.);
#8433 = DIRECTION('',(1.,0.));
#8434 = ( GEOMETRIC_REPRESENTATION_CONTEXT(2) 
PARAMETRIC_REPRESENTATION_CONTEXT() REPRESENTATION_CONTEXT('2D SPACE',''
  ) );
#8435 = PCURVE('',#8436,#8445);
#8436 = B_SPLINE_SURFACE_WITH_KNOTS('',1,3,(
    (#8437,#8438,#8439,#8440)
    ,(#8441,#8442,#8443,#8444
    )),.UNSPECIFIED.,.F.,.F.,.F.,(2,2),(4,4),(0.,1.),(0.,1.),
  .PIECEWISE_BEZIER_KNOTS.);
#8437 = CARTESIAN_POINT('',(-4.392638132226,8.248257709318,0.));
#8438 = CARTESIAN_POINT('',(-4.293048365437,8.301294637834,0.));
#8439 = CARTESIAN_POINT('',(-4.19249792074,8.352527648366,0.));
#8440 = CARTESIAN_POINT('',(-4.091052748042,8.401923137755,0.));
#8441 = CARTESIAN_POINT('',(-4.392638132226,8.248257709318,5.));
#8442 = CARTESIAN_POINT('',(-4.293048365437,8.301294637834,5.));
#8443 = CARTESIAN_POINT('',(-4.19249792074,8.352527648366,5.));
#8444 = CARTESIAN_POINT('',(-4.091052748042,8.401923137755,5.));
#8445 = DEFINITIONAL_REPRESENTATION('',(#8446),#8450);
#8446 = LINE('',#8447,#8448);
#8447 = CARTESIAN_POINT('',(0.,0.));
#8448 = VECTOR('',#8449,1.);
#8449 = DIRECTION('',(1.,0.));
#8450 = ( GEOMETRIC_REPRESENTATION_CONTEXT(2) 
PARAMETRIC_REPRESENTATION_CONTEXT() REPRESENTATION_CONTEXT('2D SPACE',''
  ) );
#8451 = ADVANCED_FACE('',(#8452),#8436,.T.);
#8452 = FACE_BOUND('',#8453,.T.);
#8453 = EDGE_LOOP('',(#8454,#8479,#8480,#8505));
#8454 = ORIENTED_EDGE('',*,*,#8455,.F.);
#8455 = EDGE_CURVE('',#8373,#8456,#8458,.T.);
#8456 = VERTEX_POINT('',#8457);
#8457 = CARTESIAN_POINT('',(-4.091052748042,8.401923137755,0.));
#8458 = SURFACE_CURVE('',#8459,(#8464,#8471),.PCURVE_S1.);
#8459 = B_SPLINE_CURVE_WITH_KNOTS('',3,(#8460,#8461,#8462,#8463),
  .UNSPECIFIED.,.F.,.F.,(4,4),(0.,1.),.PIECEWISE_BEZIER_KNOTS.);
#8460 = CARTESIAN_POINT('',(-4.392638132226,8.248257709318,0.));
#8461 = CARTESIAN_POINT('',(-4.293048365437,8.301294637834,0.));
#8462 = CARTESIAN_POINT('',(-4.19249792074,8.352527648366,0.));
#8463 = CARTESIAN_POINT('',(-4.091052748042,8.401923137755,0.));
#8464 = PCURVE('',#8436,#8465);
#8465 = DEFINITIONAL_REPRESENTATION('',(#8466),#8470);
#8466 = LINE('',#8467,#8468);
#8467 = CARTESIAN_POINT('',(0.,0.));
#8468 = VECTOR('',#8469,1.);
#8469 = DIRECTION('',(0.,1.));
#8470 = ( GEOMETRIC_REPRESENTATION_CONTEXT(2) 
PARAMETRIC_REPRESENTATION_CONTEXT() REPRESENTATION_CONTEXT('2D SPACE',''
  ) );
#8471 = PCURVE('',#49,#8472);
#8472 = DEFINITIONAL_REPRESENTATION('',(#8473),#8478);
#8473 = B_SPLINE_CURVE_WITH_KNOTS('',3,(#8474,#8475,#8476,#8477),
  .UNSPECIFIED.,.F.,.F.,(4,4),(0.,1.),.PIECEWISE_BEZIER_KNOTS.);
#8474 = CARTESIAN_POINT('',(-4.392638132226,8.248257709318));
#8475 = CARTESIAN_POINT('',(-4.293048365437,8.301294637834));
#8476 = CARTESIAN_POINT('',(-4.19249792074,8.352527648366));
#8477 = CARTESIAN_POINT('',(-4.091052748042,8.401923137755));
#8478 = ( GEOMETRIC_REPRESENTATION_CONTEXT(2) 
PARAMETRIC_REPRESENTATION_CONTEXT() REPRESENTATION_CONTEXT('2D SPACE',''
  ) );
#8479 = ORIENTED_EDGE('',*,*,#8423,.T.);
#8480 = ORIENTED_EDGE('',*,*,#8481,.T.);
#8481 = EDGE_CURVE('',#8399,#8482,#8484,.T.);
#8482 = VERTEX_POINT('',#8483);
#8483 = CARTESIAN_POINT('',(-4.091052748042,8.401923137755,5.));
#8484 = SURFACE_CURVE('',#8485,(#8490,#8497),.PCURVE_S1.);
#8485 = B_SPLINE_CURVE_WITH_KNOTS('',3,(#8486,#8487,#8488,#8489),
  .UNSPECIFIED.,.F.,.F.,(4,4),(0.,1.),.PIECEWISE_BEZIER_KNOTS.);
#8486 = CARTESIAN_POINT('',(-4.392638132226,8.248257709318,5.));
#8487 = CARTESIAN_POINT('',(-4.293048365437,8.301294637834,5.));
#8488 = CARTESIAN_POINT('',(-4.19249792074,8.352527648366,5.));
#8489 = CARTESIAN_POINT('',(-4.091052748042,8.401923137755,5.));
#8490 = PCURVE('',#8436,#8491);
#8491 = DEFINITIONAL_REPRESENTATION('',(#8492),#8496);
#8492 = LINE('',#8493,#8494);
#8493 = CARTESIAN_POINT('',(1.,0.));
#8494 = VECTOR('',#8495,1.);
#8495 = DIRECTION('',(0.,1.));
#8496 = ( GEOMETRIC_REPRESENTATION_CONTEXT(2) 
PARAMETRIC_REPRESENTATION_CONTEXT() REPRESENTATION_CONTEXT('2D SPACE',''
  ) );
#8497 = PCURVE('',#110,#8498);
#8498 = DEFINITIONAL_REPRESENTATION('',(#8499),#8504);
#8499 = B_SPLINE_CURVE_WITH_KNOTS('',3,(#8500,#8501,#8502,#8503),
  .UNSPECIFIED.,.F.,.F.,(4,4),(0.,1.),.PIECEWISE_BEZIER_KNOTS.);
#8500 = CARTESIAN_POINT('',(4.392638132226,8.248257709318));
#8501 = CARTESIAN_POINT('',(4.293048365437,8.301294637834));
#8502 = CARTESIAN_POINT('',(4.19249792074,8.352527648366));
#8503 = CARTESIAN_POINT('',(4.091052748042,8.401923137755));
#8504 = ( GEOMETRIC_REPRESENTATION_CONTEXT(2) 
PARAMETRIC_REPRESENTATION_CONTEXT() REPRESENTATION_CONTEXT('2D SPACE',''
  ) );
#8505 = ORIENTED_EDGE('',*,*,#8506,.F.);
#8506 = EDGE_CURVE('',#8456,#8482,#8507,.T.);
#8507 = SURFACE_CURVE('',#8508,(#8511,#8518),.PCURVE_S1.);
#8508 = B_SPLINE_CURVE_WITH_KNOTS('',1,(#8509,#8510),.UNSPECIFIED.,.F.,
  .F.,(2,2),(0.,1.),.PIECEWISE_BEZIER_KNOTS.);
#8509 = CARTESIAN_POINT('',(-4.091052748042,8.401923137755,0.));
#8510 = CARTESIAN_POINT('',(-4.091052748042,8.401923137755,5.));
#8511 = PCURVE('',#8436,#8512);
#8512 = DEFINITIONAL_REPRESENTATION('',(#8513),#8517);
#8513 = LINE('',#8514,#8515);
#8514 = CARTESIAN_POINT('',(0.,1.));
#8515 = VECTOR('',#8516,1.);
#8516 = DIRECTION('',(1.,0.));
#8517 = ( GEOMETRIC_REPRESENTATION_CONTEXT(2) 
PARAMETRIC_REPRESENTATION_CONTEXT() REPRESENTATION_CONTEXT('2D SPACE',''
  ) );
#8518 = PCURVE('',#8519,#8528);
#8519 = B_SPLINE_SURFACE_WITH_KNOTS('',1,3,(
    (#8520,#8521,#8522,#8523)
    ,(#8524,#8525,#8526,#8527
    )),.UNSPECIFIED.,.F.,.F.,.F.,(2,2),(4,4),(0.,1.),(0.,1.),
  .PIECEWISE_BEZIER_KNOTS.);
#8520 = CARTESIAN_POINT('',(-4.091052748042,8.401923137755,0.));
#8521 = CARTESIAN_POINT('',(-3.821102802155,8.189007355955,0.));
#8522 = CARTESIAN_POINT('',(-3.556157945494,7.950432335412,0.));
#8523 = CARTESIAN_POINT('',(-3.38777793538,7.646381551445,0.));
#8524 = CARTESIAN_POINT('',(-4.091052748042,8.401923137755,5.));
#8525 = CARTESIAN_POINT('',(-3.821102802155,8.189007355955,5.));
#8526 = CARTESIAN_POINT('',(-3.556157945494,7.950432335412,5.));
#8527 = CARTESIAN_POINT('',(-3.38777793538,7.646381551445,5.));
#8528 = DEFINITIONAL_REPRESENTATION('',(#8529),#8533);
#8529 = LINE('',#8530,#8531);
#8530 = CARTESIAN_POINT('',(0.,0.));
#8531 = VECTOR('',#8532,1.);
#8532 = DIRECTION('',(1.,0.));
#8533 = ( GEOMETRIC_REPRESENTATION_CONTEXT(2) 
PARAMETRIC_REPRESENTATION_CONTEXT() REPRESENTATION_CONTEXT('2D SPACE',''
  ) );
#8534 = ADVANCED_FACE('',(#8535),#8519,.T.);
#8535 = FACE_BOUND('',#8536,.T.);
#8536 = EDGE_LOOP('',(#8537,#8562,#8563,#8588));
#8537 = ORIENTED_EDGE('',*,*,#8538,.F.);
#8538 = EDGE_CURVE('',#8456,#8539,#8541,.T.);
#8539 = VERTEX_POINT('',#8540);
#8540 = CARTESIAN_POINT('',(-3.38777793538,7.646381551445,0.));
#8541 = SURFACE_CURVE('',#8542,(#8547,#8554),.PCURVE_S1.);
#8542 = B_SPLINE_CURVE_WITH_KNOTS('',3,(#8543,#8544,#8545,#8546),
  .UNSPECIFIED.,.F.,.F.,(4,4),(0.,1.),.PIECEWISE_BEZIER_KNOTS.);
#8543 = CARTESIAN_POINT('',(-4.091052748042,8.401923137755,0.));
#8544 = CARTESIAN_POINT('',(-3.821102802155,8.189007355955,0.));
#8545 = CARTESIAN_POINT('',(-3.556157945494,7.950432335412,0.));
#8546 = CARTESIAN_POINT('',(-3.38777793538,7.646381551445,0.));
#8547 = PCURVE('',#8519,#8548);
#8548 = DEFINITIONAL_REPRESENTATION('',(#8549),#8553);
#8549 = LINE('',#8550,#8551);
#8550 = CARTESIAN_POINT('',(0.,0.));
#8551 = VECTOR('',#8552,1.);
#8552 = DIRECTION('',(0.,1.));
#8553 = ( GEOMETRIC_REPRESENTATION_CONTEXT(2) 
PARAMETRIC_REPRESENTATION_CONTEXT() REPRESENTATION_CONTEXT('2D SPACE',''
  ) );
#8554 = PCURVE('',#49,#8555);
#8555 = DEFINITIONAL_REPRESENTATION('',(#8556),#8561);
#8556 = B_SPLINE_CURVE_WITH_KNOTS('',3,(#8557,#8558,#8559,#8560),
  .UNSPECIFIED.,.F.,.F.,(4,4),(0.,1.),.PIECEWISE_BEZIER_KNOTS.);
#8557 = CARTESIAN_POINT('',(-4.091052748042,8.401923137755));
#8558 = CARTESIAN_POINT('',(-3.821102802155,8.189007355955));
#8559 = CARTESIAN_POINT('',(-3.556157945494,7.950432335412));
#8560 = CARTESIAN_POINT('',(-3.38777793538,7.646381551445));
#8561 = ( GEOMETRIC_REPRESENTATION_CONTEXT(2) 
PARAMETRIC_REPRESENTATION_CONTEXT() REPRESENTATION_CONTEXT('2D SPACE',''
  ) );
#8562 = ORIENTED_EDGE('',*,*,#8506,.T.);
#8563 = ORIENTED_EDGE('',*,*,#8564,.T.);
#8564 = EDGE_CURVE('',#8482,#8565,#8567,.T.);
#8565 = VERTEX_POINT('',#8566);
#8566 = CARTESIAN_POINT('',(-3.38777793538,7.646381551445,5.));
#8567 = SURFACE_CURVE('',#8568,(#8573,#8580),.PCURVE_S1.);
#8568 = B_SPLINE_CURVE_WITH_KNOTS('',3,(#8569,#8570,#8571,#8572),
  .UNSPECIFIED.,.F.,.F.,(4,4),(0.,1.),.PIECEWISE_BEZIER_KNOTS.);
#8569 = CARTESIAN_POINT('',(-4.091052748042,8.401923137755,5.));
#8570 = CARTESIAN_POINT('',(-3.821102802155,8.189007355955,5.));
#8571 = CARTESIAN_POINT('',(-3.556157945494,7.950432335412,5.));
#8572 = CARTESIAN_POINT('',(-3.38777793538,7.646381551445,5.));
#8573 = PCURVE('',#8519,#8574);
#8574 = DEFINITIONAL_REPRESENTATION('',(#8575),#8579);
#8575 = LINE('',#8576,#8577);
#8576 = CARTESIAN_POINT('',(1.,0.));
#8577 = VECTOR('',#8578,1.);
#8578 = DIRECTION('',(0.,1.));
#8579 = ( GEOMETRIC_REPRESENTATION_CONTEXT(2) 
PARAMETRIC_REPRESENTATION_CONTEXT() REPRESENTATION_CONTEXT('2D SPACE',''
  ) );
#8580 = PCURVE('',#110,#8581);
#8581 = DEFINITIONAL_REPRESENTATION('',(#8582),#8587);
#8582 = B_SPLINE_CURVE_WITH_KNOTS('',3,(#8583,#8584,#8585,#8586),
  .UNSPECIFIED.,.F.,.F.,(4,4),(0.,1.),.PIECEWISE_BEZIER_KNOTS.);
#8583 = CARTESIAN_POINT('',(4.091052748042,8.401923137755));
#8584 = CARTESIAN_POINT('',(3.821102802155,8.189007355955));
#8585 = CARTESIAN_POINT('',(3.556157945494,7.950432335412));
#8586 = CARTESIAN_POINT('',(3.38777793538,7.646381551445));
#8587 = ( GEOMETRIC_REPRESENTATION_CONTEXT(2) 
PARAMETRIC_REPRESENTATION_CONTEXT() REPRESENTATION_CONTEXT('2D SPACE',''
  ) );
#8588 = ORIENTED_EDGE('',*,*,#8589,.F.);
#8589 = EDGE_CURVE('',#8539,#8565,#8590,.T.);
#8590 = SURFACE_CURVE('',#8591,(#8594,#8601),.PCURVE_S1.);
#8591 = B_SPLINE_CURVE_WITH_KNOTS('',1,(#8592,#8593),.UNSPECIFIED.,.F.,
  .F.,(2,2),(0.,1.),.PIECEWISE_BEZIER_KNOTS.);
#8592 = CARTESIAN_POINT('',(-3.38777793538,7.646381551445,0.));
#8593 = CARTESIAN_POINT('',(-3.38777793538,7.646381551445,5.));
#8594 = PCURVE('',#8519,#8595);
#8595 = DEFINITIONAL_REPRESENTATION('',(#8596),#8600);
#8596 = LINE('',#8597,#8598);
#8597 = CARTESIAN_POINT('',(0.,1.));
#8598 = VECTOR('',#8599,1.);
#8599 = DIRECTION('',(1.,0.));
#8600 = ( GEOMETRIC_REPRESENTATION_CONTEXT(2) 
PARAMETRIC_REPRESENTATION_CONTEXT() REPRESENTATION_CONTEXT('2D SPACE',''
  ) );
#8601 = PCURVE('',#8602,#8611);
#8602 = B_SPLINE_SURFACE_WITH_KNOTS('',1,3,(
    (#8603,#8604,#8605,#8606)
    ,(#8607,#8608,#8609,#8610
    )),.UNSPECIFIED.,.F.,.F.,.F.,(2,2),(4,4),(0.,1.),(0.,1.),
  .PIECEWISE_BEZIER_KNOTS.);
#8603 = CARTESIAN_POINT('',(-3.38777793538,7.646381551445,0.));
#8604 = CARTESIAN_POINT('',(-3.254759028482,7.676907628803,0.));
#8605 = CARTESIAN_POINT('',(-3.126931262702,7.729855623037,0.));
#8606 = CARTESIAN_POINT('',(-3.011287495305,7.802328997828,0.));
#8607 = CARTESIAN_POINT('',(-3.38777793538,7.646381551445,5.));
#8608 = CARTESIAN_POINT('',(-3.254759028482,7.676907628803,5.));
#8609 = CARTESIAN_POINT('',(-3.126931262702,7.729855623037,5.));
#8610 = CARTESIAN_POINT('',(-3.011287495305,7.802328997828,5.));
#8611 = DEFINITIONAL_REPRESENTATION('',(#8612),#8616);
#8612 = LINE('',#8613,#8614);
#8613 = CARTESIAN_POINT('',(0.,0.));
#8614 = VECTOR('',#8615,1.);
#8615 = DIRECTION('',(1.,0.));
#8616 = ( GEOMETRIC_REPRESENTATION_CONTEXT(2) 
PARAMETRIC_REPRESENTATION_CONTEXT() REPRESENTATION_CONTEXT('2D SPACE',''
  ) );
#8617 = ADVANCED_FACE('',(#8618),#8602,.T.);
#8618 = FACE_BOUND('',#8619,.T.);
#8619 = EDGE_LOOP('',(#8620,#8645,#8646,#8671));
#8620 = ORIENTED_EDGE('',*,*,#8621,.F.);
#8621 = EDGE_CURVE('',#8539,#8622,#8624,.T.);
#8622 = VERTEX_POINT('',#8623);
#8623 = CARTESIAN_POINT('',(-3.011287495305,7.802328997828,0.));
#8624 = SURFACE_CURVE('',#8625,(#8630,#8637),.PCURVE_S1.);
#8625 = B_SPLINE_CURVE_WITH_KNOTS('',3,(#8626,#8627,#8628,#8629),
  .UNSPECIFIED.,.F.,.F.,(4,4),(0.,1.),.PIECEWISE_BEZIER_KNOTS.);
#8626 = CARTESIAN_POINT('',(-3.38777793538,7.646381551445,0.));
#8627 = CARTESIAN_POINT('',(-3.254759028482,7.676907628803,0.));
#8628 = CARTESIAN_POINT('',(-3.126931262702,7.729855623037,0.));
#8629 = CARTESIAN_POINT('',(-3.011287495305,7.802328997828,0.));
#8630 = PCURVE('',#8602,#8631);
#8631 = DEFINITIONAL_REPRESENTATION('',(#8632),#8636);
#8632 = LINE('',#8633,#8634);
#8633 = CARTESIAN_POINT('',(0.,0.));
#8634 = VECTOR('',#8635,1.);
#8635 = DIRECTION('',(0.,1.));
#8636 = ( GEOMETRIC_REPRESENTATION_CONTEXT(2) 
PARAMETRIC_REPRESENTATION_CONTEXT() REPRESENTATION_CONTEXT('2D SPACE',''
  ) );
#8637 = PCURVE('',#49,#8638);
#8638 = DEFINITIONAL_REPRESENTATION('',(#8639),#8644);
#8639 = B_SPLINE_CURVE_WITH_KNOTS('',3,(#8640,#8641,#8642,#8643),
  .UNSPECIFIED.,.F.,.F.,(4,4),(0.,1.),.PIECEWISE_BEZIER_KNOTS.);
#8640 = CARTESIAN_POINT('',(-3.38777793538,7.646381551445));
#8641 = CARTESIAN_POINT('',(-3.254759028482,7.676907628803));
#8642 = CARTESIAN_POINT('',(-3.126931262702,7.729855623037));
#8643 = CARTESIAN_POINT('',(-3.011287495305,7.802328997828));
#8644 = ( GEOMETRIC_REPRESENTATION_CONTEXT(2) 
PARAMETRIC_REPRESENTATION_CONTEXT() REPRESENTATION_CONTEXT('2D SPACE',''
  ) );
#8645 = ORIENTED_EDGE('',*,*,#8589,.T.);
#8646 = ORIENTED_EDGE('',*,*,#8647,.T.);
#8647 = EDGE_CURVE('',#8565,#8648,#8650,.T.);
#8648 = VERTEX_POINT('',#8649);
#8649 = CARTESIAN_POINT('',(-3.011287495305,7.802328997828,5.));
#8650 = SURFACE_CURVE('',#8651,(#8656,#8663),.PCURVE_S1.);
#8651 = B_SPLINE_CURVE_WITH_KNOTS('',3,(#8652,#8653,#8654,#8655),
  .UNSPECIFIED.,.F.,.F.,(4,4),(0.,1.),.PIECEWISE_BEZIER_KNOTS.);
#8652 = CARTESIAN_POINT('',(-3.38777793538,7.646381551445,5.));
#8653 = CARTESIAN_POINT('',(-3.254759028482,7.676907628803,5.));
#8654 = CARTESIAN_POINT('',(-3.126931262702,7.729855623037,5.));
#8655 = CARTESIAN_POINT('',(-3.011287495305,7.802328997828,5.));
#8656 = PCURVE('',#8602,#8657);
#8657 = DEFINITIONAL_REPRESENTATION('',(#8658),#8662);
#8658 = LINE('',#8659,#8660);
#8659 = CARTESIAN_POINT('',(1.,0.));
#8660 = VECTOR('',#8661,1.);
#8661 = DIRECTION('',(0.,1.));
#8662 = ( GEOMETRIC_REPRESENTATION_CONTEXT(2) 
PARAMETRIC_REPRESENTATION_CONTEXT() REPRESENTATION_CONTEXT('2D SPACE',''
  ) );
#8663 = PCURVE('',#110,#8664);
#8664 = DEFINITIONAL_REPRESENTATION('',(#8665),#8670);
#8665 = B_SPLINE_CURVE_WITH_KNOTS('',3,(#8666,#8667,#8668,#8669),
  .UNSPECIFIED.,.F.,.F.,(4,4),(0.,1.),.PIECEWISE_BEZIER_KNOTS.);
#8666 = CARTESIAN_POINT('',(3.38777793538,7.646381551445));
#8667 = CARTESIAN_POINT('',(3.254759028482,7.676907628803));
#8668 = CARTESIAN_POINT('',(3.126931262702,7.729855623037));
#8669 = CARTESIAN_POINT('',(3.011287495305,7.802328997828));
#8670 = ( GEOMETRIC_REPRESENTATION_CONTEXT(2) 
PARAMETRIC_REPRESENTATION_CONTEXT() REPRESENTATION_CONTEXT('2D SPACE',''
  ) );
#8671 = ORIENTED_EDGE('',*,*,#8672,.F.);
#8672 = EDGE_CURVE('',#8622,#8648,#8673,.T.);
#8673 = SURFACE_CURVE('',#8674,(#8677,#8684),.PCURVE_S1.);
#8674 = B_SPLINE_CURVE_WITH_KNOTS('',1,(#8675,#8676),.UNSPECIFIED.,.F.,
  .F.,(2,2),(0.,1.),.PIECEWISE_BEZIER_KNOTS.);
#8675 = CARTESIAN_POINT('',(-3.011287495305,7.802328997828,0.));
#8676 = CARTESIAN_POINT('',(-3.011287495305,7.802328997828,5.));
#8677 = PCURVE('',#8602,#8678);
#8678 = DEFINITIONAL_REPRESENTATION('',(#8679),#8683);
#8679 = LINE('',#8680,#8681);
#8680 = CARTESIAN_POINT('',(0.,1.));
#8681 = VECTOR('',#8682,1.);
#8682 = DIRECTION('',(1.,0.));
#8683 = ( GEOMETRIC_REPRESENTATION_CONTEXT(2) 
PARAMETRIC_REPRESENTATION_CONTEXT() REPRESENTATION_CONTEXT('2D SPACE',''
  ) );
#8684 = PCURVE('',#8685,#8694);
#8685 = B_SPLINE_SURFACE_WITH_KNOTS('',1,3,(
    (#8686,#8687,#8688,#8689)
    ,(#8690,#8691,#8692,#8693
    )),.UNSPECIFIED.,.F.,.F.,.F.,(2,2),(4,4),(0.,1.),(0.,1.),
  .PIECEWISE_BEZIER_KNOTS.);
#8686 = CARTESIAN_POINT('',(-3.011287495305,7.802328997828,0.));
#8687 = CARTESIAN_POINT('',(-3.107221219506,8.136388015964,0.));
#8688 = CARTESIAN_POINT('',(-3.088574929568,8.492430335598,0.));
#8689 = CARTESIAN_POINT('',(-3.048245685382,8.833867966047,0.));
#8690 = CARTESIAN_POINT('',(-3.011287495305,7.802328997828,5.));
#8691 = CARTESIAN_POINT('',(-3.107221219506,8.136388015964,5.));
#8692 = CARTESIAN_POINT('',(-3.088574929568,8.492430335598,5.));
#8693 = CARTESIAN_POINT('',(-3.048245685382,8.833867966047,5.));
#8694 = DEFINITIONAL_REPRESENTATION('',(#8695),#8699);
#8695 = LINE('',#8696,#8697);
#8696 = CARTESIAN_POINT('',(0.,0.));
#8697 = VECTOR('',#8698,1.);
#8698 = DIRECTION('',(1.,0.));
#8699 = ( GEOMETRIC_REPRESENTATION_CONTEXT(2) 
PARAMETRIC_REPRESENTATION_CONTEXT() REPRESENTATION_CONTEXT('2D SPACE',''
  ) );
#8700 = ADVANCED_FACE('',(#8701),#8685,.T.);
#8701 = FACE_BOUND('',#8702,.T.);
#8702 = EDGE_LOOP('',(#8703,#8728,#8729,#8754));
#8703 = ORIENTED_EDGE('',*,*,#8704,.F.);
#8704 = EDGE_CURVE('',#8622,#8705,#8707,.T.);
#8705 = VERTEX_POINT('',#8706);
#8706 = CARTESIAN_POINT('',(-3.048245685382,8.833867966047,0.));
#8707 = SURFACE_CURVE('',#8708,(#8713,#8720),.PCURVE_S1.);
#8708 = B_SPLINE_CURVE_WITH_KNOTS('',3,(#8709,#8710,#8711,#8712),
  .UNSPECIFIED.,.F.,.F.,(4,4),(0.,1.),.PIECEWISE_BEZIER_KNOTS.);
#8709 = CARTESIAN_POINT('',(-3.011287495305,7.802328997828,0.));
#8710 = CARTESIAN_POINT('',(-3.107221219506,8.136388015964,0.));
#8711 = CARTESIAN_POINT('',(-3.088574929568,8.492430335598,0.));
#8712 = CARTESIAN_POINT('',(-3.048245685382,8.833867966047,0.));
#8713 = PCURVE('',#8685,#8714);
#8714 = DEFINITIONAL_REPRESENTATION('',(#8715),#8719);
#8715 = LINE('',#8716,#8717);
#8716 = CARTESIAN_POINT('',(0.,0.));
#8717 = VECTOR('',#8718,1.);
#8718 = DIRECTION('',(0.,1.));
#8719 = ( GEOMETRIC_REPRESENTATION_CONTEXT(2) 
PARAMETRIC_REPRESENTATION_CONTEXT() REPRESENTATION_CONTEXT('2D SPACE',''
  ) );
#8720 = PCURVE('',#49,#8721);
#8721 = DEFINITIONAL_REPRESENTATION('',(#8722),#8727);
#8722 = B_SPLINE_CURVE_WITH_KNOTS('',3,(#8723,#8724,#8725,#8726),
  .UNSPECIFIED.,.F.,.F.,(4,4),(0.,1.),.PIECEWISE_BEZIER_KNOTS.);
#8723 = CARTESIAN_POINT('',(-3.011287495305,7.802328997828));
#8724 = CARTESIAN_POINT('',(-3.107221219506,8.136388015964));
#8725 = CARTESIAN_POINT('',(-3.088574929568,8.492430335598));
#8726 = CARTESIAN_POINT('',(-3.048245685382,8.833867966047));
#8727 = ( GEOMETRIC_REPRESENTATION_CONTEXT(2) 
PARAMETRIC_REPRESENTATION_CONTEXT() REPRESENTATION_CONTEXT('2D SPACE',''
  ) );
#8728 = ORIENTED_EDGE('',*,*,#8672,.T.);
#8729 = ORIENTED_EDGE('',*,*,#8730,.T.);
#8730 = EDGE_CURVE('',#8648,#8731,#8733,.T.);
#8731 = VERTEX_POINT('',#8732);
#8732 = CARTESIAN_POINT('',(-3.048245685382,8.833867966047,5.));
#8733 = SURFACE_CURVE('',#8734,(#8739,#8746),.PCURVE_S1.);
#8734 = B_SPLINE_CURVE_WITH_KNOTS('',3,(#8735,#8736,#8737,#8738),
  .UNSPECIFIED.,.F.,.F.,(4,4),(0.,1.),.PIECEWISE_BEZIER_KNOTS.);
#8735 = CARTESIAN_POINT('',(-3.011287495305,7.802328997828,5.));
#8736 = CARTESIAN_POINT('',(-3.107221219506,8.136388015964,5.));
#8737 = CARTESIAN_POINT('',(-3.088574929568,8.492430335598,5.));
#8738 = CARTESIAN_POINT('',(-3.048245685382,8.833867966047,5.));
#8739 = PCURVE('',#8685,#8740);
#8740 = DEFINITIONAL_REPRESENTATION('',(#8741),#8745);
#8741 = LINE('',#8742,#8743);
#8742 = CARTESIAN_POINT('',(1.,0.));
#8743 = VECTOR('',#8744,1.);
#8744 = DIRECTION('',(0.,1.));
#8745 = ( GEOMETRIC_REPRESENTATION_CONTEXT(2) 
PARAMETRIC_REPRESENTATION_CONTEXT() REPRESENTATION_CONTEXT('2D SPACE',''
  ) );
#8746 = PCURVE('',#110,#8747);
#8747 = DEFINITIONAL_REPRESENTATION('',(#8748),#8753);
#8748 = B_SPLINE_CURVE_WITH_KNOTS('',3,(#8749,#8750,#8751,#8752),
  .UNSPECIFIED.,.F.,.F.,(4,4),(0.,1.),.PIECEWISE_BEZIER_KNOTS.);
#8749 = CARTESIAN_POINT('',(3.011287495305,7.802328997828));
#8750 = CARTESIAN_POINT('',(3.107221219506,8.136388015964));
#8751 = CARTESIAN_POINT('',(3.088574929568,8.492430335597));
#8752 = CARTESIAN_POINT('',(3.048245685382,8.833867966047));
#8753 = ( GEOMETRIC_REPRESENTATION_CONTEXT(2) 
PARAMETRIC_REPRESENTATION_CONTEXT() REPRESENTATION_CONTEXT('2D SPACE',''
  ) );
#8754 = ORIENTED_EDGE('',*,*,#8755,.F.);
#8755 = EDGE_CURVE('',#8705,#8731,#8756,.T.);
#8756 = SURFACE_CURVE('',#8757,(#8760,#8767),.PCURVE_S1.);
#8757 = B_SPLINE_CURVE_WITH_KNOTS('',1,(#8758,#8759),.UNSPECIFIED.,.F.,
  .F.,(2,2),(0.,1.),.PIECEWISE_BEZIER_KNOTS.);
#8758 = CARTESIAN_POINT('',(-3.048245685382,8.833867966047,0.));
#8759 = CARTESIAN_POINT('',(-3.048245685382,8.833867966047,5.));
#8760 = PCURVE('',#8685,#8761);
#8761 = DEFINITIONAL_REPRESENTATION('',(#8762),#8766);
#8762 = LINE('',#8763,#8764);
#8763 = CARTESIAN_POINT('',(0.,1.));
#8764 = VECTOR('',#8765,1.);
#8765 = DIRECTION('',(1.,0.));
#8766 = ( GEOMETRIC_REPRESENTATION_CONTEXT(2) 
PARAMETRIC_REPRESENTATION_CONTEXT() REPRESENTATION_CONTEXT('2D SPACE',''
  ) );
#8767 = PCURVE('',#8768,#8777);
#8768 = B_SPLINE_SURFACE_WITH_KNOTS('',1,3,(
    (#8769,#8770,#8771,#8772)
    ,(#8773,#8774,#8775,#8776
    )),.UNSPECIFIED.,.F.,.F.,.F.,(2,2),(4,4),(0.,1.),(0.,1.),
  .PIECEWISE_BEZIER_KNOTS.);
#8769 = CARTESIAN_POINT('',(-3.048245685382,8.833867966047,0.));
#8770 = CARTESIAN_POINT('',(-2.941585230342,8.870672650073,0.));
#8771 = CARTESIAN_POINT('',(-2.834258119878,8.905545342202,0.));
#8772 = CARTESIAN_POINT('',(-2.726334748637,8.938463169828,0.));
#8773 = CARTESIAN_POINT('',(-3.048245685382,8.833867966047,5.));
#8774 = CARTESIAN_POINT('',(-2.941585230342,8.870672650073,5.));
#8775 = CARTESIAN_POINT('',(-2.834258119878,8.905545342202,5.));
#8776 = CARTESIAN_POINT('',(-2.726334748637,8.938463169828,5.));
#8777 = DEFINITIONAL_REPRESENTATION('',(#8778),#8782);
#8778 = LINE('',#8779,#8780);
#8779 = CARTESIAN_POINT('',(0.,0.));
#8780 = VECTOR('',#8781,1.);
#8781 = DIRECTION('',(1.,0.));
#8782 = ( GEOMETRIC_REPRESENTATION_CONTEXT(2) 
PARAMETRIC_REPRESENTATION_CONTEXT() REPRESENTATION_CONTEXT('2D SPACE',''
  ) );
#8783 = ADVANCED_FACE('',(#8784),#8768,.T.);
#8784 = FACE_BOUND('',#8785,.T.);
#8785 = EDGE_LOOP('',(#8786,#8811,#8812,#8837));
#8786 = ORIENTED_EDGE('',*,*,#8787,.F.);
#8787 = EDGE_CURVE('',#8705,#8788,#8790,.T.);
#8788 = VERTEX_POINT('',#8789);
#8789 = CARTESIAN_POINT('',(-2.726334748637,8.938463169828,0.));
#8790 = SURFACE_CURVE('',#8791,(#8796,#8803),.PCURVE_S1.);
#8791 = B_SPLINE_CURVE_WITH_KNOTS('',3,(#8792,#8793,#8794,#8795),
  .UNSPECIFIED.,.F.,.F.,(4,4),(0.,1.),.PIECEWISE_BEZIER_KNOTS.);
#8792 = CARTESIAN_POINT('',(-3.048245685382,8.833867966047,0.));
#8793 = CARTESIAN_POINT('',(-2.941585230342,8.870672650073,0.));
#8794 = CARTESIAN_POINT('',(-2.834258119878,8.905545342202,0.));
#8795 = CARTESIAN_POINT('',(-2.726334748637,8.938463169828,0.));
#8796 = PCURVE('',#8768,#8797);
#8797 = DEFINITIONAL_REPRESENTATION('',(#8798),#8802);
#8798 = LINE('',#8799,#8800);
#8799 = CARTESIAN_POINT('',(0.,0.));
#8800 = VECTOR('',#8801,1.);
#8801 = DIRECTION('',(0.,1.));
#8802 = ( GEOMETRIC_REPRESENTATION_CONTEXT(2) 
PARAMETRIC_REPRESENTATION_CONTEXT() REPRESENTATION_CONTEXT('2D SPACE',''
  ) );
#8803 = PCURVE('',#49,#8804);
#8804 = DEFINITIONAL_REPRESENTATION('',(#8805),#8810);
#8805 = B_SPLINE_CURVE_WITH_KNOTS('',3,(#8806,#8807,#8808,#8809),
  .UNSPECIFIED.,.F.,.F.,(4,4),(0.,1.),.PIECEWISE_BEZIER_KNOTS.);
#8806 = CARTESIAN_POINT('',(-3.048245685382,8.833867966047));
#8807 = CARTESIAN_POINT('',(-2.941585230342,8.870672650073));
#8808 = CARTESIAN_POINT('',(-2.834258119878,8.905545342202));
#8809 = CARTESIAN_POINT('',(-2.726334748637,8.938463169828));
#8810 = ( GEOMETRIC_REPRESENTATION_CONTEXT(2) 
PARAMETRIC_REPRESENTATION_CONTEXT() REPRESENTATION_CONTEXT('2D SPACE',''
  ) );
#8811 = ORIENTED_EDGE('',*,*,#8755,.T.);
#8812 = ORIENTED_EDGE('',*,*,#8813,.T.);
#8813 = EDGE_CURVE('',#8731,#8814,#8816,.T.);
#8814 = VERTEX_POINT('',#8815);
#8815 = CARTESIAN_POINT('',(-2.726334748637,8.938463169828,5.));
#8816 = SURFACE_CURVE('',#8817,(#8822,#8829),.PCURVE_S1.);
#8817 = B_SPLINE_CURVE_WITH_KNOTS('',3,(#8818,#8819,#8820,#8821),
  .UNSPECIFIED.,.F.,.F.,(4,4),(0.,1.),.PIECEWISE_BEZIER_KNOTS.);
#8818 = CARTESIAN_POINT('',(-3.048245685382,8.833867966047,5.));
#8819 = CARTESIAN_POINT('',(-2.941585230342,8.870672650073,5.));
#8820 = CARTESIAN_POINT('',(-2.834258119878,8.905545342202,5.));
#8821 = CARTESIAN_POINT('',(-2.726334748637,8.938463169828,5.));
#8822 = PCURVE('',#8768,#8823);
#8823 = DEFINITIONAL_REPRESENTATION('',(#8824),#8828);
#8824 = LINE('',#8825,#8826);
#8825 = CARTESIAN_POINT('',(1.,0.));
#8826 = VECTOR('',#8827,1.);
#8827 = DIRECTION('',(0.,1.));
#8828 = ( GEOMETRIC_REPRESENTATION_CONTEXT(2) 
PARAMETRIC_REPRESENTATION_CONTEXT() REPRESENTATION_CONTEXT('2D SPACE',''
  ) );
#8829 = PCURVE('',#110,#8830);
#8830 = DEFINITIONAL_REPRESENTATION('',(#8831),#8836);
#8831 = B_SPLINE_CURVE_WITH_KNOTS('',3,(#8832,#8833,#8834,#8835),
  .UNSPECIFIED.,.F.,.F.,(4,4),(0.,1.),.PIECEWISE_BEZIER_KNOTS.);
#8832 = CARTESIAN_POINT('',(3.048245685382,8.833867966047));
#8833 = CARTESIAN_POINT('',(2.941585230342,8.870672650073));
#8834 = CARTESIAN_POINT('',(2.834258119878,8.905545342202));
#8835 = CARTESIAN_POINT('',(2.726334748637,8.938463169828));
#8836 = ( GEOMETRIC_REPRESENTATION_CONTEXT(2) 
PARAMETRIC_REPRESENTATION_CONTEXT() REPRESENTATION_CONTEXT('2D SPACE',''
  ) );
#8837 = ORIENTED_EDGE('',*,*,#8838,.F.);
#8838 = EDGE_CURVE('',#8788,#8814,#8839,.T.);
#8839 = SURFACE_CURVE('',#8840,(#8843,#8850),.PCURVE_S1.);
#8840 = B_SPLINE_CURVE_WITH_KNOTS('',1,(#8841,#8842),.UNSPECIFIED.,.F.,
  .F.,(2,2),(0.,1.),.PIECEWISE_BEZIER_KNOTS.);
#8841 = CARTESIAN_POINT('',(-2.726334748637,8.938463169828,0.));
#8842 = CARTESIAN_POINT('',(-2.726334748637,8.938463169828,5.));
#8843 = PCURVE('',#8768,#8844);
#8844 = DEFINITIONAL_REPRESENTATION('',(#8845),#8849);
#8845 = LINE('',#8846,#8847);
#8846 = CARTESIAN_POINT('',(0.,1.));
#8847 = VECTOR('',#8848,1.);
#8848 = DIRECTION('',(1.,0.));
#8849 = ( GEOMETRIC_REPRESENTATION_CONTEXT(2) 
PARAMETRIC_REPRESENTATION_CONTEXT() REPRESENTATION_CONTEXT('2D SPACE',''
  ) );
#8850 = PCURVE('',#8851,#8860);
#8851 = B_SPLINE_SURFACE_WITH_KNOTS('',1,3,(
    (#8852,#8853,#8854,#8855)
    ,(#8856,#8857,#8858,#8859
    )),.UNSPECIFIED.,.F.,.F.,.F.,(2,2),(4,4),(0.,1.),(0.,1.),
  .PIECEWISE_BEZIER_KNOTS.);
#8852 = CARTESIAN_POINT('',(-2.726334748637,8.938463169828,0.));
#8853 = CARTESIAN_POINT('',(-2.493015700965,8.685939259244,0.));
#8854 = CARTESIAN_POINT('',(-2.26865411085,8.408854986179,0.));
#8855 = CARTESIAN_POINT('',(-2.149911159806,8.0822071351,0.));
#8856 = CARTESIAN_POINT('',(-2.726334748637,8.938463169828,5.));
#8857 = CARTESIAN_POINT('',(-2.493015700965,8.685939259244,5.));
#8858 = CARTESIAN_POINT('',(-2.26865411085,8.408854986179,5.));
#8859 = CARTESIAN_POINT('',(-2.149911159806,8.0822071351,5.));
#8860 = DEFINITIONAL_REPRESENTATION('',(#8861),#8865);
#8861 = LINE('',#8862,#8863);
#8862 = CARTESIAN_POINT('',(0.,0.));
#8863 = VECTOR('',#8864,1.);
#8864 = DIRECTION('',(1.,0.));
#8865 = ( GEOMETRIC_REPRESENTATION_CONTEXT(2) 
PARAMETRIC_REPRESENTATION_CONTEXT() REPRESENTATION_CONTEXT('2D SPACE',''
  ) );
#8866 = ADVANCED_FACE('',(#8867),#8851,.T.);
#8867 = FACE_BOUND('',#8868,.T.);
#8868 = EDGE_LOOP('',(#8869,#8894,#8895,#8920));
#8869 = ORIENTED_EDGE('',*,*,#8870,.F.);
#8870 = EDGE_CURVE('',#8788,#8871,#8873,.T.);
#8871 = VERTEX_POINT('',#8872);
#8872 = CARTESIAN_POINT('',(-2.149911159806,8.0822071351,0.));
#8873 = SURFACE_CURVE('',#8874,(#8879,#8886),.PCURVE_S1.);
#8874 = B_SPLINE_CURVE_WITH_KNOTS('',3,(#8875,#8876,#8877,#8878),
  .UNSPECIFIED.,.F.,.F.,(4,4),(0.,1.),.PIECEWISE_BEZIER_KNOTS.);
#8875 = CARTESIAN_POINT('',(-2.726334748637,8.938463169828,0.));
#8876 = CARTESIAN_POINT('',(-2.493015700965,8.685939259244,0.));
#8877 = CARTESIAN_POINT('',(-2.26865411085,8.408854986179,0.));
#8878 = CARTESIAN_POINT('',(-2.149911159806,8.0822071351,0.));
#8879 = PCURVE('',#8851,#8880);
#8880 = DEFINITIONAL_REPRESENTATION('',(#8881),#8885);
#8881 = LINE('',#8882,#8883);
#8882 = CARTESIAN_POINT('',(0.,0.));
#8883 = VECTOR('',#8884,1.);
#8884 = DIRECTION('',(0.,1.));
#8885 = ( GEOMETRIC_REPRESENTATION_CONTEXT(2) 
PARAMETRIC_REPRESENTATION_CONTEXT() REPRESENTATION_CONTEXT('2D SPACE',''
  ) );
#8886 = PCURVE('',#49,#8887);
#8887 = DEFINITIONAL_REPRESENTATION('',(#8888),#8893);
#8888 = B_SPLINE_CURVE_WITH_KNOTS('',3,(#8889,#8890,#8891,#8892),
  .UNSPECIFIED.,.F.,.F.,(4,4),(0.,1.),.PIECEWISE_BEZIER_KNOTS.);
#8889 = CARTESIAN_POINT('',(-2.726334748637,8.938463169828));
#8890 = CARTESIAN_POINT('',(-2.493015700965,8.685939259244));
#8891 = CARTESIAN_POINT('',(-2.26865411085,8.408854986179));
#8892 = CARTESIAN_POINT('',(-2.149911159806,8.0822071351));
#8893 = ( GEOMETRIC_REPRESENTATION_CONTEXT(2) 
PARAMETRIC_REPRESENTATION_CONTEXT() REPRESENTATION_CONTEXT('2D SPACE',''
  ) );
#8894 = ORIENTED_EDGE('',*,*,#8838,.T.);
#8895 = ORIENTED_EDGE('',*,*,#8896,.T.);
#8896 = EDGE_CURVE('',#8814,#8897,#8899,.T.);
#8897 = VERTEX_POINT('',#8898);
#8898 = CARTESIAN_POINT('',(-2.149911159806,8.0822071351,5.));
#8899 = SURFACE_CURVE('',#8900,(#8905,#8912),.PCURVE_S1.);
#8900 = B_SPLINE_CURVE_WITH_KNOTS('',3,(#8901,#8902,#8903,#8904),
  .UNSPECIFIED.,.F.,.F.,(4,4),(0.,1.),.PIECEWISE_BEZIER_KNOTS.);
#8901 = CARTESIAN_POINT('',(-2.726334748637,8.938463169828,5.));
#8902 = CARTESIAN_POINT('',(-2.493015700965,8.685939259244,5.));
#8903 = CARTESIAN_POINT('',(-2.26865411085,8.408854986179,5.));
#8904 = CARTESIAN_POINT('',(-2.149911159806,8.0822071351,5.));
#8905 = PCURVE('',#8851,#8906);
#8906 = DEFINITIONAL_REPRESENTATION('',(#8907),#8911);
#8907 = LINE('',#8908,#8909);
#8908 = CARTESIAN_POINT('',(1.,0.));
#8909 = VECTOR('',#8910,1.);
#8910 = DIRECTION('',(0.,1.));
#8911 = ( GEOMETRIC_REPRESENTATION_CONTEXT(2) 
PARAMETRIC_REPRESENTATION_CONTEXT() REPRESENTATION_CONTEXT('2D SPACE',''
  ) );
#8912 = PCURVE('',#110,#8913);
#8913 = DEFINITIONAL_REPRESENTATION('',(#8914),#8919);
#8914 = B_SPLINE_CURVE_WITH_KNOTS('',3,(#8915,#8916,#8917,#8918),
  .UNSPECIFIED.,.F.,.F.,(4,4),(0.,1.),.PIECEWISE_BEZIER_KNOTS.);
#8915 = CARTESIAN_POINT('',(2.726334748637,8.938463169828));
#8916 = CARTESIAN_POINT('',(2.493015700965,8.685939259244));
#8917 = CARTESIAN_POINT('',(2.26865411085,8.408854986179));
#8918 = CARTESIAN_POINT('',(2.149911159806,8.0822071351));
#8919 = ( GEOMETRIC_REPRESENTATION_CONTEXT(2) 
PARAMETRIC_REPRESENTATION_CONTEXT() REPRESENTATION_CONTEXT('2D SPACE',''
  ) );
#8920 = ORIENTED_EDGE('',*,*,#8921,.F.);
#8921 = EDGE_CURVE('',#8871,#8897,#8922,.T.);
#8922 = SURFACE_CURVE('',#8923,(#8926,#8933),.PCURVE_S1.);
#8923 = B_SPLINE_CURVE_WITH_KNOTS('',1,(#8924,#8925),.UNSPECIFIED.,.F.,
  .F.,(2,2),(0.,1.),.PIECEWISE_BEZIER_KNOTS.);
#8924 = CARTESIAN_POINT('',(-2.149911159806,8.0822071351,0.));
#8925 = CARTESIAN_POINT('',(-2.149911159806,8.0822071351,5.));
#8926 = PCURVE('',#8851,#8927);
#8927 = DEFINITIONAL_REPRESENTATION('',(#8928),#8932);
#8928 = LINE('',#8929,#8930);
#8929 = CARTESIAN_POINT('',(0.,1.));
#8930 = VECTOR('',#8931,1.);
#8931 = DIRECTION('',(1.,0.));
#8932 = ( GEOMETRIC_REPRESENTATION_CONTEXT(2) 
PARAMETRIC_REPRESENTATION_CONTEXT() REPRESENTATION_CONTEXT('2D SPACE',''
  ) );
#8933 = PCURVE('',#8934,#8943);
#8934 = B_SPLINE_SURFACE_WITH_KNOTS('',1,3,(
    (#8935,#8936,#8937,#8938)
    ,(#8939,#8940,#8941,#8942
    )),.UNSPECIFIED.,.F.,.F.,.F.,(2,2),(4,4),(0.,1.),(0.,1.),
  .PIECEWISE_BEZIER_KNOTS.);
#8935 = CARTESIAN_POINT('',(-2.149911159806,8.0822071351,0.));
#8936 = CARTESIAN_POINT('',(-2.013754605803,8.09154864425,0.));
#8937 = CARTESIAN_POINT('',(-1.879217720785,8.123848092656,0.));
#8938 = CARTESIAN_POINT('',(-1.75366038645,8.177338529052,0.));
#8939 = CARTESIAN_POINT('',(-2.149911159806,8.0822071351,5.));
#8940 = CARTESIAN_POINT('',(-2.013754605803,8.09154864425,5.));
#8941 = CARTESIAN_POINT('',(-1.879217720785,8.123848092656,5.));
#8942 = CARTESIAN_POINT('',(-1.75366038645,8.177338529052,5.));
#8943 = DEFINITIONAL_REPRESENTATION('',(#8944),#8948);
#8944 = LINE('',#8945,#8946);
#8945 = CARTESIAN_POINT('',(0.,0.));
#8946 = VECTOR('',#8947,1.);
#8947 = DIRECTION('',(1.,0.));
#8948 = ( GEOMETRIC_REPRESENTATION_CONTEXT(2) 
PARAMETRIC_REPRESENTATION_CONTEXT() REPRESENTATION_CONTEXT('2D SPACE',''
  ) );
#8949 = ADVANCED_FACE('',(#8950),#8934,.T.);
#8950 = FACE_BOUND('',#8951,.T.);
#8951 = EDGE_LOOP('',(#8952,#8977,#8978,#9003));
#8952 = ORIENTED_EDGE('',*,*,#8953,.F.);
#8953 = EDGE_CURVE('',#8871,#8954,#8956,.T.);
#8954 = VERTEX_POINT('',#8955);
#8955 = CARTESIAN_POINT('',(-1.75366038645,8.177338529052,0.));
#8956 = SURFACE_CURVE('',#8957,(#8962,#8969),.PCURVE_S1.);
#8957 = B_SPLINE_CURVE_WITH_KNOTS('',3,(#8958,#8959,#8960,#8961),
  .UNSPECIFIED.,.F.,.F.,(4,4),(0.,1.),.PIECEWISE_BEZIER_KNOTS.);
#8958 = CARTESIAN_POINT('',(-2.149911159806,8.0822071351,0.));
#8959 = CARTESIAN_POINT('',(-2.013754605803,8.09154864425,0.));
#8960 = CARTESIAN_POINT('',(-1.879217720785,8.123848092656,0.));
#8961 = CARTESIAN_POINT('',(-1.75366038645,8.177338529052,0.));
#8962 = PCURVE('',#8934,#8963);
#8963 = DEFINITIONAL_REPRESENTATION('',(#8964),#8968);
#8964 = LINE('',#8965,#8966);
#8965 = CARTESIAN_POINT('',(0.,0.));
#8966 = VECTOR('',#8967,1.);
#8967 = DIRECTION('',(0.,1.));
#8968 = ( GEOMETRIC_REPRESENTATION_CONTEXT(2) 
PARAMETRIC_REPRESENTATION_CONTEXT() REPRESENTATION_CONTEXT('2D SPACE',''
  ) );
#8969 = PCURVE('',#49,#8970);
#8970 = DEFINITIONAL_REPRESENTATION('',(#8971),#8976);
#8971 = B_SPLINE_CURVE_WITH_KNOTS('',3,(#8972,#8973,#8974,#8975),
  .UNSPECIFIED.,.F.,.F.,(4,4),(0.,1.),.PIECEWISE_BEZIER_KNOTS.);
#8972 = CARTESIAN_POINT('',(-2.149911159806,8.0822071351));
#8973 = CARTESIAN_POINT('',(-2.013754605803,8.09154864425));
#8974 = CARTESIAN_POINT('',(-1.879217720785,8.123848092656));
#8975 = CARTESIAN_POINT('',(-1.75366038645,8.177338529052));
#8976 = ( GEOMETRIC_REPRESENTATION_CONTEXT(2) 
PARAMETRIC_REPRESENTATION_CONTEXT() REPRESENTATION_CONTEXT('2D SPACE',''
  ) );
#8977 = ORIENTED_EDGE('',*,*,#8921,.T.);
#8978 = ORIENTED_EDGE('',*,*,#8979,.T.);
#8979 = EDGE_CURVE('',#8897,#8980,#8982,.T.);
#8980 = VERTEX_POINT('',#8981);
#8981 = CARTESIAN_POINT('',(-1.75366038645,8.177338529052,5.));
#8982 = SURFACE_CURVE('',#8983,(#8988,#8995),.PCURVE_S1.);
#8983 = B_SPLINE_CURVE_WITH_KNOTS('',3,(#8984,#8985,#8986,#8987),
  .UNSPECIFIED.,.F.,.F.,(4,4),(0.,1.),.PIECEWISE_BEZIER_KNOTS.);
#8984 = CARTESIAN_POINT('',(-2.149911159806,8.0822071351,5.));
#8985 = CARTESIAN_POINT('',(-2.013754605803,8.09154864425,5.));
#8986 = CARTESIAN_POINT('',(-1.879217720785,8.123848092656,5.));
#8987 = CARTESIAN_POINT('',(-1.75366038645,8.177338529052,5.));
#8988 = PCURVE('',#8934,#8989);
#8989 = DEFINITIONAL_REPRESENTATION('',(#8990),#8994);
#8990 = LINE('',#8991,#8992);
#8991 = CARTESIAN_POINT('',(1.,0.));
#8992 = VECTOR('',#8993,1.);
#8993 = DIRECTION('',(0.,1.));
#8994 = ( GEOMETRIC_REPRESENTATION_CONTEXT(2) 
PARAMETRIC_REPRESENTATION_CONTEXT() REPRESENTATION_CONTEXT('2D SPACE',''
  ) );
#8995 = PCURVE('',#110,#8996);
#8996 = DEFINITIONAL_REPRESENTATION('',(#8997),#9002);
#8997 = B_SPLINE_CURVE_WITH_KNOTS('',3,(#8998,#8999,#9000,#9001),
  .UNSPECIFIED.,.F.,.F.,(4,4),(0.,1.),.PIECEWISE_BEZIER_KNOTS.);
#8998 = CARTESIAN_POINT('',(2.149911159806,8.0822071351));
#8999 = CARTESIAN_POINT('',(2.013754605803,8.09154864425));
#9000 = CARTESIAN_POINT('',(1.879217720785,8.123848092656));
#9001 = CARTESIAN_POINT('',(1.75366038645,8.177338529052));
#9002 = ( GEOMETRIC_REPRESENTATION_CONTEXT(2) 
PARAMETRIC_REPRESENTATION_CONTEXT() REPRESENTATION_CONTEXT('2D SPACE',''
  ) );
#9003 = ORIENTED_EDGE('',*,*,#9004,.F.);
#9004 = EDGE_CURVE('',#8954,#8980,#9005,.T.);
#9005 = SURFACE_CURVE('',#9006,(#9009,#9016),.PCURVE_S1.);
#9006 = B_SPLINE_CURVE_WITH_KNOTS('',1,(#9007,#9008),.UNSPECIFIED.,.F.,
  .F.,(2,2),(0.,1.),.PIECEWISE_BEZIER_KNOTS.);
#9007 = CARTESIAN_POINT('',(-1.75366038645,8.177338529052,0.));
#9008 = CARTESIAN_POINT('',(-1.75366038645,8.177338529052,5.));
#9009 = PCURVE('',#8934,#9010);
#9010 = DEFINITIONAL_REPRESENTATION('',(#9011),#9015);
#9011 = LINE('',#9012,#9013);
#9012 = CARTESIAN_POINT('',(0.,1.));
#9013 = VECTOR('',#9014,1.);
#9014 = DIRECTION('',(1.,0.));
#9015 = ( GEOMETRIC_REPRESENTATION_CONTEXT(2) 
PARAMETRIC_REPRESENTATION_CONTEXT() REPRESENTATION_CONTEXT('2D SPACE',''
  ) );
#9016 = PCURVE('',#9017,#9026);
#9017 = B_SPLINE_SURFACE_WITH_KNOTS('',1,3,(
    (#9018,#9019,#9020,#9021)
    ,(#9022,#9023,#9024,#9025
    )),.UNSPECIFIED.,.F.,.F.,.F.,(2,2),(4,4),(0.,1.),(0.,1.),
  .PIECEWISE_BEZIER_KNOTS.);
#9018 = CARTESIAN_POINT('',(-1.75366038645,8.177338529052,0.));
#9019 = CARTESIAN_POINT('',(-1.796154663518,8.522292067161,0.));
#9020 = CARTESIAN_POINT('',(-1.722040650548,8.87103399263,0.));
#9021 = CARTESIAN_POINT('',(-1.628795313216,9.201959075525,0.));
#9022 = CARTESIAN_POINT('',(-1.75366038645,8.177338529052,5.));
#9023 = CARTESIAN_POINT('',(-1.796154663518,8.522292067161,5.));
#9024 = CARTESIAN_POINT('',(-1.722040650548,8.87103399263,5.));
#9025 = CARTESIAN_POINT('',(-1.628795313216,9.201959075525,5.));
#9026 = DEFINITIONAL_REPRESENTATION('',(#9027),#9031);
#9027 = LINE('',#9028,#9029);
#9028 = CARTESIAN_POINT('',(0.,0.));
#9029 = VECTOR('',#9030,1.);
#9030 = DIRECTION('',(1.,0.));
#9031 = ( GEOMETRIC_REPRESENTATION_CONTEXT(2) 
PARAMETRIC_REPRESENTATION_CONTEXT() REPRESENTATION_CONTEXT('2D SPACE',''
  ) );
#9032 = ADVANCED_FACE('',(#9033),#9017,.T.);
#9033 = FACE_BOUND('',#9034,.T.);
#9034 = EDGE_LOOP('',(#9035,#9060,#9061,#9086));
#9035 = ORIENTED_EDGE('',*,*,#9036,.F.);
#9036 = EDGE_CURVE('',#8954,#9037,#9039,.T.);
#9037 = VERTEX_POINT('',#9038);
#9038 = CARTESIAN_POINT('',(-1.628795313216,9.201959075525,0.));
#9039 = SURFACE_CURVE('',#9040,(#9045,#9052),.PCURVE_S1.);
#9040 = B_SPLINE_CURVE_WITH_KNOTS('',3,(#9041,#9042,#9043,#9044),
  .UNSPECIFIED.,.F.,.F.,(4,4),(0.,1.),.PIECEWISE_BEZIER_KNOTS.);
#9041 = CARTESIAN_POINT('',(-1.75366038645,8.177338529052,0.));
#9042 = CARTESIAN_POINT('',(-1.796154663518,8.522292067161,0.));
#9043 = CARTESIAN_POINT('',(-1.722040650548,8.87103399263,0.));
#9044 = CARTESIAN_POINT('',(-1.628795313216,9.201959075525,0.));
#9045 = PCURVE('',#9017,#9046);
#9046 = DEFINITIONAL_REPRESENTATION('',(#9047),#9051);
#9047 = LINE('',#9048,#9049);
#9048 = CARTESIAN_POINT('',(0.,0.));
#9049 = VECTOR('',#9050,1.);
#9050 = DIRECTION('',(0.,1.));
#9051 = ( GEOMETRIC_REPRESENTATION_CONTEXT(2) 
PARAMETRIC_REPRESENTATION_CONTEXT() REPRESENTATION_CONTEXT('2D SPACE',''
  ) );
#9052 = PCURVE('',#49,#9053);
#9053 = DEFINITIONAL_REPRESENTATION('',(#9054),#9059);
#9054 = B_SPLINE_CURVE_WITH_KNOTS('',3,(#9055,#9056,#9057,#9058),
  .UNSPECIFIED.,.F.,.F.,(4,4),(0.,1.),.PIECEWISE_BEZIER_KNOTS.);
#9055 = CARTESIAN_POINT('',(-1.75366038645,8.177338529052));
#9056 = CARTESIAN_POINT('',(-1.796154663518,8.522292067161));
#9057 = CARTESIAN_POINT('',(-1.722040650548,8.87103399263));
#9058 = CARTESIAN_POINT('',(-1.628795313216,9.201959075525));
#9059 = ( GEOMETRIC_REPRESENTATION_CONTEXT(2) 
PARAMETRIC_REPRESENTATION_CONTEXT() REPRESENTATION_CONTEXT('2D SPACE',''
  ) );
#9060 = ORIENTED_EDGE('',*,*,#9004,.T.);
#9061 = ORIENTED_EDGE('',*,*,#9062,.T.);
#9062 = EDGE_CURVE('',#8980,#9063,#9065,.T.);
#9063 = VERTEX_POINT('',#9064);
#9064 = CARTESIAN_POINT('',(-1.628795313216,9.201959075525,5.));
#9065 = SURFACE_CURVE('',#9066,(#9071,#9078),.PCURVE_S1.);
#9066 = B_SPLINE_CURVE_WITH_KNOTS('',3,(#9067,#9068,#9069,#9070),
  .UNSPECIFIED.,.F.,.F.,(4,4),(0.,1.),.PIECEWISE_BEZIER_KNOTS.);
#9067 = CARTESIAN_POINT('',(-1.75366038645,8.177338529052,5.));
#9068 = CARTESIAN_POINT('',(-1.796154663518,8.522292067161,5.));
#9069 = CARTESIAN_POINT('',(-1.722040650548,8.87103399263,5.));
#9070 = CARTESIAN_POINT('',(-1.628795313216,9.201959075525,5.));
#9071 = PCURVE('',#9017,#9072);
#9072 = DEFINITIONAL_REPRESENTATION('',(#9073),#9077);
#9073 = LINE('',#9074,#9075);
#9074 = CARTESIAN_POINT('',(1.,0.));
#9075 = VECTOR('',#9076,1.);
#9076 = DIRECTION('',(0.,1.));
#9077 = ( GEOMETRIC_REPRESENTATION_CONTEXT(2) 
PARAMETRIC_REPRESENTATION_CONTEXT() REPRESENTATION_CONTEXT('2D SPACE',''
  ) );
#9078 = PCURVE('',#110,#9079);
#9079 = DEFINITIONAL_REPRESENTATION('',(#9080),#9085);
#9080 = B_SPLINE_CURVE_WITH_KNOTS('',3,(#9081,#9082,#9083,#9084),
  .UNSPECIFIED.,.F.,.F.,(4,4),(0.,1.),.PIECEWISE_BEZIER_KNOTS.);
#9081 = CARTESIAN_POINT('',(1.75366038645,8.177338529052));
#9082 = CARTESIAN_POINT('',(1.796154663518,8.522292067161));
#9083 = CARTESIAN_POINT('',(1.722040650548,8.87103399263));
#9084 = CARTESIAN_POINT('',(1.628795313216,9.201959075525));
#9085 = ( GEOMETRIC_REPRESENTATION_CONTEXT(2) 
PARAMETRIC_REPRESENTATION_CONTEXT() REPRESENTATION_CONTEXT('2D SPACE',''
  ) );
#9086 = ORIENTED_EDGE('',*,*,#9087,.F.);
#9087 = EDGE_CURVE('',#9037,#9063,#9088,.T.);
#9088 = SURFACE_CURVE('',#9089,(#9092,#9099),.PCURVE_S1.);
#9089 = B_SPLINE_CURVE_WITH_KNOTS('',1,(#9090,#9091),.UNSPECIFIED.,.F.,
  .F.,(2,2),(0.,1.),.PIECEWISE_BEZIER_KNOTS.);
#9090 = CARTESIAN_POINT('',(-1.628795313216,9.201959075525,0.));
#9091 = CARTESIAN_POINT('',(-1.628795313216,9.201959075525,5.));
#9092 = PCURVE('',#9017,#9093);
#9093 = DEFINITIONAL_REPRESENTATION('',(#9094),#9098);
#9094 = LINE('',#9095,#9096);
#9095 = CARTESIAN_POINT('',(0.,1.));
#9096 = VECTOR('',#9097,1.);
#9097 = DIRECTION('',(1.,0.));
#9098 = ( GEOMETRIC_REPRESENTATION_CONTEXT(2) 
PARAMETRIC_REPRESENTATION_CONTEXT() REPRESENTATION_CONTEXT('2D SPACE',''
  ) );
#9099 = PCURVE('',#9100,#9109);
#9100 = B_SPLINE_SURFACE_WITH_KNOTS('',1,3,(
    (#9101,#9102,#9103,#9104)
    ,(#9105,#9106,#9107,#9108
    )),.UNSPECIFIED.,.F.,.F.,.F.,(2,2),(4,4),(0.,1.),(0.,1.),
  .PIECEWISE_BEZIER_KNOTS.);
#9101 = CARTESIAN_POINT('',(-1.628795313216,9.201959075525,0.));
#9102 = CARTESIAN_POINT('',(-1.517690504314,9.221625261592,0.));
#9103 = CARTESIAN_POINT('',(-1.406229477742,9.239278953904,0.));
#9104 = CARTESIAN_POINT('',(-1.294485339535,9.254908573602,0.));
#9105 = CARTESIAN_POINT('',(-1.628795313216,9.201959075525,5.));
#9106 = CARTESIAN_POINT('',(-1.517690504314,9.221625261592,5.));
#9107 = CARTESIAN_POINT('',(-1.406229477742,9.239278953904,5.));
#9108 = CARTESIAN_POINT('',(-1.294485339535,9.254908573602,5.));
#9109 = DEFINITIONAL_REPRESENTATION('',(#9110),#9114);
#9110 = LINE('',#9111,#9112);
#9111 = CARTESIAN_POINT('',(0.,0.));
#9112 = VECTOR('',#9113,1.);
#9113 = DIRECTION('',(1.,0.));
#9114 = ( GEOMETRIC_REPRESENTATION_CONTEXT(2) 
PARAMETRIC_REPRESENTATION_CONTEXT() REPRESENTATION_CONTEXT('2D SPACE',''
  ) );
#9115 = ADVANCED_FACE('',(#9116),#9100,.T.);
#9116 = FACE_BOUND('',#9117,.T.);
#9117 = EDGE_LOOP('',(#9118,#9143,#9144,#9169));
#9118 = ORIENTED_EDGE('',*,*,#9119,.F.);
#9119 = EDGE_CURVE('',#9037,#9120,#9122,.T.);
#9120 = VERTEX_POINT('',#9121);
#9121 = CARTESIAN_POINT('',(-1.294485339535,9.254908573602,0.));
#9122 = SURFACE_CURVE('',#9123,(#9128,#9135),.PCURVE_S1.);
#9123 = B_SPLINE_CURVE_WITH_KNOTS('',3,(#9124,#9125,#9126,#9127),
  .UNSPECIFIED.,.F.,.F.,(4,4),(0.,1.),.PIECEWISE_BEZIER_KNOTS.);
#9124 = CARTESIAN_POINT('',(-1.628795313216,9.201959075525,0.));
#9125 = CARTESIAN_POINT('',(-1.517690504314,9.221625261592,0.));
#9126 = CARTESIAN_POINT('',(-1.406229477742,9.239278953904,0.));
#9127 = CARTESIAN_POINT('',(-1.294485339535,9.254908573602,0.));
#9128 = PCURVE('',#9100,#9129);
#9129 = DEFINITIONAL_REPRESENTATION('',(#9130),#9134);
#9130 = LINE('',#9131,#9132);
#9131 = CARTESIAN_POINT('',(0.,0.));
#9132 = VECTOR('',#9133,1.);
#9133 = DIRECTION('',(0.,1.));
#9134 = ( GEOMETRIC_REPRESENTATION_CONTEXT(2) 
PARAMETRIC_REPRESENTATION_CONTEXT() REPRESENTATION_CONTEXT('2D SPACE',''
  ) );
#9135 = PCURVE('',#49,#9136);
#9136 = DEFINITIONAL_REPRESENTATION('',(#9137),#9142);
#9137 = B_SPLINE_CURVE_WITH_KNOTS('',3,(#9138,#9139,#9140,#9141),
  .UNSPECIFIED.,.F.,.F.,(4,4),(0.,1.),.PIECEWISE_BEZIER_KNOTS.);
#9138 = CARTESIAN_POINT('',(-1.628795313216,9.201959075525));
#9139 = CARTESIAN_POINT('',(-1.517690504314,9.221625261592));
#9140 = CARTESIAN_POINT('',(-1.406229477742,9.239278953904));
#9141 = CARTESIAN_POINT('',(-1.294485339535,9.254908573602));
#9142 = ( GEOMETRIC_REPRESENTATION_CONTEXT(2) 
PARAMETRIC_REPRESENTATION_CONTEXT() REPRESENTATION_CONTEXT('2D SPACE',''
  ) );
#9143 = ORIENTED_EDGE('',*,*,#9087,.T.);
#9144 = ORIENTED_EDGE('',*,*,#9145,.T.);
#9145 = EDGE_CURVE('',#9063,#9146,#9148,.T.);
#9146 = VERTEX_POINT('',#9147);
#9147 = CARTESIAN_POINT('',(-1.294485339535,9.254908573602,5.));
#9148 = SURFACE_CURVE('',#9149,(#9154,#9161),.PCURVE_S1.);
#9149 = B_SPLINE_CURVE_WITH_KNOTS('',3,(#9150,#9151,#9152,#9153),
  .UNSPECIFIED.,.F.,.F.,(4,4),(0.,1.),.PIECEWISE_BEZIER_KNOTS.);
#9150 = CARTESIAN_POINT('',(-1.628795313216,9.201959075525,5.));
#9151 = CARTESIAN_POINT('',(-1.517690504314,9.221625261592,5.));
#9152 = CARTESIAN_POINT('',(-1.406229477742,9.239278953904,5.));
#9153 = CARTESIAN_POINT('',(-1.294485339535,9.254908573602,5.));
#9154 = PCURVE('',#9100,#9155);
#9155 = DEFINITIONAL_REPRESENTATION('',(#9156),#9160);
#9156 = LINE('',#9157,#9158);
#9157 = CARTESIAN_POINT('',(1.,0.));
#9158 = VECTOR('',#9159,1.);
#9159 = DIRECTION('',(0.,1.));
#9160 = ( GEOMETRIC_REPRESENTATION_CONTEXT(2) 
PARAMETRIC_REPRESENTATION_CONTEXT() REPRESENTATION_CONTEXT('2D SPACE',''
  ) );
#9161 = PCURVE('',#110,#9162);
#9162 = DEFINITIONAL_REPRESENTATION('',(#9163),#9168);
#9163 = B_SPLINE_CURVE_WITH_KNOTS('',3,(#9164,#9165,#9166,#9167),
  .UNSPECIFIED.,.F.,.F.,(4,4),(0.,1.),.PIECEWISE_BEZIER_KNOTS.);
#9164 = CARTESIAN_POINT('',(1.628795313216,9.201959075525));
#9165 = CARTESIAN_POINT('',(1.517690504314,9.221625261592));
#9166 = CARTESIAN_POINT('',(1.406229477742,9.239278953904));
#9167 = CARTESIAN_POINT('',(1.294485339535,9.254908573602));
#9168 = ( GEOMETRIC_REPRESENTATION_CONTEXT(2) 
PARAMETRIC_REPRESENTATION_CONTEXT() REPRESENTATION_CONTEXT('2D SPACE',''
  ) );
#9169 = ORIENTED_EDGE('',*,*,#9170,.F.);
#9170 = EDGE_CURVE('',#9120,#9146,#9171,.T.);
#9171 = SURFACE_CURVE('',#9172,(#9175,#9182),.PCURVE_S1.);
#9172 = B_SPLINE_CURVE_WITH_KNOTS('',1,(#9173,#9174),.UNSPECIFIED.,.F.,
  .F.,(2,2),(0.,1.),.PIECEWISE_BEZIER_KNOTS.);
#9173 = CARTESIAN_POINT('',(-1.294485339535,9.254908573602,0.));
#9174 = CARTESIAN_POINT('',(-1.294485339535,9.254908573602,5.));
#9175 = PCURVE('',#9100,#9176);
#9176 = DEFINITIONAL_REPRESENTATION('',(#9177),#9181);
#9177 = LINE('',#9178,#9179);
#9178 = CARTESIAN_POINT('',(0.,1.));
#9179 = VECTOR('',#9180,1.);
#9180 = DIRECTION('',(1.,0.));
#9181 = ( GEOMETRIC_REPRESENTATION_CONTEXT(2) 
PARAMETRIC_REPRESENTATION_CONTEXT() REPRESENTATION_CONTEXT('2D SPACE',''
  ) );
#9182 = PCURVE('',#9183,#9192);
#9183 = B_SPLINE_SURFACE_WITH_KNOTS('',1,3,(
    (#9184,#9185,#9186,#9187)
    ,(#9188,#9189,#9190,#9191
    )),.UNSPECIFIED.,.F.,.F.,.F.,(2,2),(4,4),(0.,1.),(0.,1.),
  .PIECEWISE_BEZIER_KNOTS.);
#9184 = CARTESIAN_POINT('',(-1.294485339535,9.254908573602,0.));
#9185 = CARTESIAN_POINT('',(-1.103542279372,8.96899451099,0.));
#9186 = CARTESIAN_POINT('',(-0.925288482766,8.660223719797,0.));
#9187 = CARTESIAN_POINT('',(-0.859106436332,8.319021955782,0.));
#9188 = CARTESIAN_POINT('',(-1.294485339535,9.254908573602,5.));
#9189 = CARTESIAN_POINT('',(-1.103542279372,8.96899451099,5.));
#9190 = CARTESIAN_POINT('',(-0.925288482766,8.660223719797,5.));
#9191 = CARTESIAN_POINT('',(-0.859106436332,8.319021955782,5.));
#9192 = DEFINITIONAL_REPRESENTATION('',(#9193),#9197);
#9193 = LINE('',#9194,#9195);
#9194 = CARTESIAN_POINT('',(0.,0.));
#9195 = VECTOR('',#9196,1.);
#9196 = DIRECTION('',(1.,0.));
#9197 = ( GEOMETRIC_REPRESENTATION_CONTEXT(2) 
PARAMETRIC_REPRESENTATION_CONTEXT() REPRESENTATION_CONTEXT('2D SPACE',''
  ) );
#9198 = ADVANCED_FACE('',(#9199),#9183,.T.);
#9199 = FACE_BOUND('',#9200,.T.);
#9200 = EDGE_LOOP('',(#9201,#9226,#9227,#9252));
#9201 = ORIENTED_EDGE('',*,*,#9202,.F.);
#9202 = EDGE_CURVE('',#9120,#9203,#9205,.T.);
#9203 = VERTEX_POINT('',#9204);
#9204 = CARTESIAN_POINT('',(-0.859106436332,8.319021955782,0.));
#9205 = SURFACE_CURVE('',#9206,(#9211,#9218),.PCURVE_S1.);
#9206 = B_SPLINE_CURVE_WITH_KNOTS('',3,(#9207,#9208,#9209,#9210),
  .UNSPECIFIED.,.F.,.F.,(4,4),(0.,1.),.PIECEWISE_BEZIER_KNOTS.);
#9207 = CARTESIAN_POINT('',(-1.294485339535,9.254908573602,0.));
#9208 = CARTESIAN_POINT('',(-1.103542279372,8.96899451099,0.));
#9209 = CARTESIAN_POINT('',(-0.925288482766,8.660223719797,0.));
#9210 = CARTESIAN_POINT('',(-0.859106436332,8.319021955782,0.));
#9211 = PCURVE('',#9183,#9212);
#9212 = DEFINITIONAL_REPRESENTATION('',(#9213),#9217);
#9213 = LINE('',#9214,#9215);
#9214 = CARTESIAN_POINT('',(0.,0.));
#9215 = VECTOR('',#9216,1.);
#9216 = DIRECTION('',(0.,1.));
#9217 = ( GEOMETRIC_REPRESENTATION_CONTEXT(2) 
PARAMETRIC_REPRESENTATION_CONTEXT() REPRESENTATION_CONTEXT('2D SPACE',''
  ) );
#9218 = PCURVE('',#49,#9219);
#9219 = DEFINITIONAL_REPRESENTATION('',(#9220),#9225);
#9220 = B_SPLINE_CURVE_WITH_KNOTS('',3,(#9221,#9222,#9223,#9224),
  .UNSPECIFIED.,.F.,.F.,(4,4),(0.,1.),.PIECEWISE_BEZIER_KNOTS.);
#9221 = CARTESIAN_POINT('',(-1.294485339535,9.254908573602));
#9222 = CARTESIAN_POINT('',(-1.103542279372,8.96899451099));
#9223 = CARTESIAN_POINT('',(-0.925288482766,8.660223719797));
#9224 = CARTESIAN_POINT('',(-0.859106436332,8.319021955782));
#9225 = ( GEOMETRIC_REPRESENTATION_CONTEXT(2) 
PARAMETRIC_REPRESENTATION_CONTEXT() REPRESENTATION_CONTEXT('2D SPACE',''
  ) );
#9226 = ORIENTED_EDGE('',*,*,#9170,.T.);
#9227 = ORIENTED_EDGE('',*,*,#9228,.T.);
#9228 = EDGE_CURVE('',#9146,#9229,#9231,.T.);
#9229 = VERTEX_POINT('',#9230);
#9230 = CARTESIAN_POINT('',(-0.859106436332,8.319021955782,5.));
#9231 = SURFACE_CURVE('',#9232,(#9237,#9244),.PCURVE_S1.);
#9232 = B_SPLINE_CURVE_WITH_KNOTS('',3,(#9233,#9234,#9235,#9236),
  .UNSPECIFIED.,.F.,.F.,(4,4),(0.,1.),.PIECEWISE_BEZIER_KNOTS.);
#9233 = CARTESIAN_POINT('',(-1.294485339535,9.254908573602,5.));
#9234 = CARTESIAN_POINT('',(-1.103542279372,8.96899451099,5.));
#9235 = CARTESIAN_POINT('',(-0.925288482766,8.660223719797,5.));
#9236 = CARTESIAN_POINT('',(-0.859106436332,8.319021955782,5.));
#9237 = PCURVE('',#9183,#9238);
#9238 = DEFINITIONAL_REPRESENTATION('',(#9239),#9243);
#9239 = LINE('',#9240,#9241);
#9240 = CARTESIAN_POINT('',(1.,0.));
#9241 = VECTOR('',#9242,1.);
#9242 = DIRECTION('',(0.,1.));
#9243 = ( GEOMETRIC_REPRESENTATION_CONTEXT(2) 
PARAMETRIC_REPRESENTATION_CONTEXT() REPRESENTATION_CONTEXT('2D SPACE',''
  ) );
#9244 = PCURVE('',#110,#9245);
#9245 = DEFINITIONAL_REPRESENTATION('',(#9246),#9251);
#9246 = B_SPLINE_CURVE_WITH_KNOTS('',3,(#9247,#9248,#9249,#9250),
  .UNSPECIFIED.,.F.,.F.,(4,4),(0.,1.),.PIECEWISE_BEZIER_KNOTS.);
#9247 = CARTESIAN_POINT('',(1.294485339535,9.254908573602));
#9248 = CARTESIAN_POINT('',(1.103542279372,8.96899451099));
#9249 = CARTESIAN_POINT('',(0.925288482766,8.660223719797));
#9250 = CARTESIAN_POINT('',(0.859106436332,8.319021955782));
#9251 = ( GEOMETRIC_REPRESENTATION_CONTEXT(2) 
PARAMETRIC_REPRESENTATION_CONTEXT() REPRESENTATION_CONTEXT('2D SPACE',''
  ) );
#9252 = ORIENTED_EDGE('',*,*,#9253,.F.);
#9253 = EDGE_CURVE('',#9203,#9229,#9254,.T.);
#9254 = SURFACE_CURVE('',#9255,(#9258,#9265),.PCURVE_S1.);
#9255 = B_SPLINE_CURVE_WITH_KNOTS('',1,(#9256,#9257),.UNSPECIFIED.,.F.,
  .F.,(2,2),(0.,1.),.PIECEWISE_BEZIER_KNOTS.);
#9256 = CARTESIAN_POINT('',(-0.859106436332,8.319021955782,0.));
#9257 = CARTESIAN_POINT('',(-0.859106436332,8.319021955782,5.));
#9258 = PCURVE('',#9183,#9259);
#9259 = DEFINITIONAL_REPRESENTATION('',(#9260),#9264);
#9260 = LINE('',#9261,#9262);
#9261 = CARTESIAN_POINT('',(0.,1.));
#9262 = VECTOR('',#9263,1.);
#9263 = DIRECTION('',(1.,0.));
#9264 = ( GEOMETRIC_REPRESENTATION_CONTEXT(2) 
PARAMETRIC_REPRESENTATION_CONTEXT() REPRESENTATION_CONTEXT('2D SPACE',''
  ) );
#9265 = PCURVE('',#9266,#9275);
#9266 = B_SPLINE_SURFACE_WITH_KNOTS('',1,3,(
    (#9267,#9268,#9269,#9270)
    ,(#9271,#9272,#9273,#9274
    )),.UNSPECIFIED.,.F.,.F.,.F.,(2,2),(4,4),(0.,1.),(0.,1.),
  .PIECEWISE_BEZIER_KNOTS.);
#9267 = CARTESIAN_POINT('',(-0.859106436332,8.319021955782,0.));
#9268 = CARTESIAN_POINT('',(-0.723164861461,8.306948877766,0.));
#9269 = CARTESIAN_POINT('',(-0.585231601816,8.317804460728,0.));
#9270 = CARTESIAN_POINT('',(-0.452852338815,8.350994846661,0.));
#9271 = CARTESIAN_POINT('',(-0.859106436332,8.319021955782,5.));
#9272 = CARTESIAN_POINT('',(-0.723164861461,8.306948877766,5.));
#9273 = CARTESIAN_POINT('',(-0.585231601816,8.317804460728,5.));
#9274 = CARTESIAN_POINT('',(-0.452852338815,8.350994846661,5.));
#9275 = DEFINITIONAL_REPRESENTATION('',(#9276),#9280);
#9276 = LINE('',#9277,#9278);
#9277 = CARTESIAN_POINT('',(0.,0.));
#9278 = VECTOR('',#9279,1.);
#9279 = DIRECTION('',(1.,0.));
#9280 = ( GEOMETRIC_REPRESENTATION_CONTEXT(2) 
PARAMETRIC_REPRESENTATION_CONTEXT() REPRESENTATION_CONTEXT('2D SPACE',''
  ) );
#9281 = ADVANCED_FACE('',(#9282),#9266,.T.);
#9282 = FACE_BOUND('',#9283,.T.);
#9283 = EDGE_LOOP('',(#9284,#9309,#9310,#9335));
#9284 = ORIENTED_EDGE('',*,*,#9285,.F.);
#9285 = EDGE_CURVE('',#9203,#9286,#9288,.T.);
#9286 = VERTEX_POINT('',#9287);
#9287 = CARTESIAN_POINT('',(-0.452852338815,8.350994846661,0.));
#9288 = SURFACE_CURVE('',#9289,(#9294,#9301),.PCURVE_S1.);
#9289 = B_SPLINE_CURVE_WITH_KNOTS('',3,(#9290,#9291,#9292,#9293),
  .UNSPECIFIED.,.F.,.F.,(4,4),(0.,1.),.PIECEWISE_BEZIER_KNOTS.);
#9290 = CARTESIAN_POINT('',(-0.859106436332,8.319021955782,0.));
#9291 = CARTESIAN_POINT('',(-0.723164861461,8.306948877766,0.));
#9292 = CARTESIAN_POINT('',(-0.585231601816,8.317804460728,0.));
#9293 = CARTESIAN_POINT('',(-0.452852338815,8.350994846661,0.));
#9294 = PCURVE('',#9266,#9295);
#9295 = DEFINITIONAL_REPRESENTATION('',(#9296),#9300);
#9296 = LINE('',#9297,#9298);
#9297 = CARTESIAN_POINT('',(0.,0.));
#9298 = VECTOR('',#9299,1.);
#9299 = DIRECTION('',(0.,1.));
#9300 = ( GEOMETRIC_REPRESENTATION_CONTEXT(2) 
PARAMETRIC_REPRESENTATION_CONTEXT() REPRESENTATION_CONTEXT('2D SPACE',''
  ) );
#9301 = PCURVE('',#49,#9302);
#9302 = DEFINITIONAL_REPRESENTATION('',(#9303),#9308);
#9303 = B_SPLINE_CURVE_WITH_KNOTS('',3,(#9304,#9305,#9306,#9307),
  .UNSPECIFIED.,.F.,.F.,(4,4),(0.,1.),.PIECEWISE_BEZIER_KNOTS.);
#9304 = CARTESIAN_POINT('',(-0.859106436332,8.319021955782));
#9305 = CARTESIAN_POINT('',(-0.723164861461,8.306948877766));
#9306 = CARTESIAN_POINT('',(-0.585231601816,8.317804460728));
#9307 = CARTESIAN_POINT('',(-0.452852338815,8.350994846661));
#9308 = ( GEOMETRIC_REPRESENTATION_CONTEXT(2) 
PARAMETRIC_REPRESENTATION_CONTEXT() REPRESENTATION_CONTEXT('2D SPACE',''
  ) );
#9309 = ORIENTED_EDGE('',*,*,#9253,.T.);
#9310 = ORIENTED_EDGE('',*,*,#9311,.T.);
#9311 = EDGE_CURVE('',#9229,#9312,#9314,.T.);
#9312 = VERTEX_POINT('',#9313);
#9313 = CARTESIAN_POINT('',(-0.452852338815,8.350994846661,5.));
#9314 = SURFACE_CURVE('',#9315,(#9320,#9327),.PCURVE_S1.);
#9315 = B_SPLINE_CURVE_WITH_KNOTS('',3,(#9316,#9317,#9318,#9319),
  .UNSPECIFIED.,.F.,.F.,(4,4),(0.,1.),.PIECEWISE_BEZIER_KNOTS.);
#9316 = CARTESIAN_POINT('',(-0.859106436332,8.319021955782,5.));
#9317 = CARTESIAN_POINT('',(-0.723164861461,8.306948877766,5.));
#9318 = CARTESIAN_POINT('',(-0.585231601816,8.317804460728,5.));
#9319 = CARTESIAN_POINT('',(-0.452852338815,8.350994846661,5.));
#9320 = PCURVE('',#9266,#9321);
#9321 = DEFINITIONAL_REPRESENTATION('',(#9322),#9326);
#9322 = LINE('',#9323,#9324);
#9323 = CARTESIAN_POINT('',(1.,0.));
#9324 = VECTOR('',#9325,1.);
#9325 = DIRECTION('',(0.,1.));
#9326 = ( GEOMETRIC_REPRESENTATION_CONTEXT(2) 
PARAMETRIC_REPRESENTATION_CONTEXT() REPRESENTATION_CONTEXT('2D SPACE',''
  ) );
#9327 = PCURVE('',#110,#9328);
#9328 = DEFINITIONAL_REPRESENTATION('',(#9329),#9334);
#9329 = B_SPLINE_CURVE_WITH_KNOTS('',3,(#9330,#9331,#9332,#9333),
  .UNSPECIFIED.,.F.,.F.,(4,4),(0.,1.),.PIECEWISE_BEZIER_KNOTS.);
#9330 = CARTESIAN_POINT('',(0.859106436332,8.319021955782));
#9331 = CARTESIAN_POINT('',(0.723164861461,8.306948877766));
#9332 = CARTESIAN_POINT('',(0.585231601816,8.317804460728));
#9333 = CARTESIAN_POINT('',(0.452852338815,8.350994846661));
#9334 = ( GEOMETRIC_REPRESENTATION_CONTEXT(2) 
PARAMETRIC_REPRESENTATION_CONTEXT() REPRESENTATION_CONTEXT('2D SPACE',''
  ) );
#9335 = ORIENTED_EDGE('',*,*,#9336,.F.);
#9336 = EDGE_CURVE('',#9286,#9312,#9337,.T.);
#9337 = SURFACE_CURVE('',#9338,(#9341,#9348),.PCURVE_S1.);
#9338 = B_SPLINE_CURVE_WITH_KNOTS('',1,(#9339,#9340),.UNSPECIFIED.,.F.,
  .F.,(2,2),(0.,1.),.PIECEWISE_BEZIER_KNOTS.);
#9339 = CARTESIAN_POINT('',(-0.452852338815,8.350994846661,0.));
#9340 = CARTESIAN_POINT('',(-0.452852338815,8.350994846661,5.));
#9341 = PCURVE('',#9266,#9342);
#9342 = DEFINITIONAL_REPRESENTATION('',(#9343),#9347);
#9343 = LINE('',#9344,#9345);
#9344 = CARTESIAN_POINT('',(0.,1.));
#9345 = VECTOR('',#9346,1.);
#9346 = DIRECTION('',(1.,0.));
#9347 = ( GEOMETRIC_REPRESENTATION_CONTEXT(2) 
PARAMETRIC_REPRESENTATION_CONTEXT() REPRESENTATION_CONTEXT('2D SPACE',''
  ) );
#9348 = PCURVE('',#9349,#9358);
#9349 = B_SPLINE_SURFACE_WITH_KNOTS('',1,3,(
    (#9350,#9351,#9352,#9353)
    ,(#9354,#9355,#9356,#9357
    )),.UNSPECIFIED.,.F.,.F.,.F.,(2,2),(4,4),(0.,1.),(0.,1.),
  .PIECEWISE_BEZIER_KNOTS.);
#9350 = CARTESIAN_POINT('',(-0.452852338815,8.350994846661,0.));
#9351 = CARTESIAN_POINT('',(-0.44086081862,8.698349003798,0.));
#9352 = CARTESIAN_POINT('',(-0.313104015586,9.031203351489,0.));
#9353 = CARTESIAN_POINT('',(-0.169238594778,9.343467413013,0.));
#9354 = CARTESIAN_POINT('',(-0.452852338815,8.350994846661,5.));
#9355 = CARTESIAN_POINT('',(-0.44086081862,8.698349003798,5.));
#9356 = CARTESIAN_POINT('',(-0.313104015586,9.031203351489,5.));
#9357 = CARTESIAN_POINT('',(-0.169238594778,9.343467413013,5.));
#9358 = DEFINITIONAL_REPRESENTATION('',(#9359),#9363);
#9359 = LINE('',#9360,#9361);
#9360 = CARTESIAN_POINT('',(0.,0.));
#9361 = VECTOR('',#9362,1.);
#9362 = DIRECTION('',(1.,0.));
#9363 = ( GEOMETRIC_REPRESENTATION_CONTEXT(2) 
PARAMETRIC_REPRESENTATION_CONTEXT() REPRESENTATION_CONTEXT('2D SPACE',''
  ) );
#9364 = ADVANCED_FACE('',(#9365),#9349,.T.);
#9365 = FACE_BOUND('',#9366,.T.);
#9366 = EDGE_LOOP('',(#9367,#9392,#9393,#9418));
#9367 = ORIENTED_EDGE('',*,*,#9368,.F.);
#9368 = EDGE_CURVE('',#9286,#9369,#9371,.T.);
#9369 = VERTEX_POINT('',#9370);
#9370 = CARTESIAN_POINT('',(-0.169238594778,9.343467413013,0.));
#9371 = SURFACE_CURVE('',#9372,(#9377,#9384),.PCURVE_S1.);
#9372 = B_SPLINE_CURVE_WITH_KNOTS('',3,(#9373,#9374,#9375,#9376),
  .UNSPECIFIED.,.F.,.F.,(4,4),(0.,1.),.PIECEWISE_BEZIER_KNOTS.);
#9373 = CARTESIAN_POINT('',(-0.452852338815,8.350994846661,0.));
#9374 = CARTESIAN_POINT('',(-0.44086081862,8.698349003798,0.));
#9375 = CARTESIAN_POINT('',(-0.313104015586,9.031203351489,0.));
#9376 = CARTESIAN_POINT('',(-0.169238594778,9.343467413013,0.));
#9377 = PCURVE('',#9349,#9378);
#9378 = DEFINITIONAL_REPRESENTATION('',(#9379),#9383);
#9379 = LINE('',#9380,#9381);
#9380 = CARTESIAN_POINT('',(0.,0.));
#9381 = VECTOR('',#9382,1.);
#9382 = DIRECTION('',(0.,1.));
#9383 = ( GEOMETRIC_REPRESENTATION_CONTEXT(2) 
PARAMETRIC_REPRESENTATION_CONTEXT() REPRESENTATION_CONTEXT('2D SPACE',''
  ) );
#9384 = PCURVE('',#49,#9385);
#9385 = DEFINITIONAL_REPRESENTATION('',(#9386),#9391);
#9386 = B_SPLINE_CURVE_WITH_KNOTS('',3,(#9387,#9388,#9389,#9390),
  .UNSPECIFIED.,.F.,.F.,(4,4),(0.,1.),.PIECEWISE_BEZIER_KNOTS.);
#9387 = CARTESIAN_POINT('',(-0.452852338815,8.350994846661));
#9388 = CARTESIAN_POINT('',(-0.44086081862,8.698349003798));
#9389 = CARTESIAN_POINT('',(-0.313104015586,9.031203351489));
#9390 = CARTESIAN_POINT('',(-0.169238594778,9.343467413013));
#9391 = ( GEOMETRIC_REPRESENTATION_CONTEXT(2) 
PARAMETRIC_REPRESENTATION_CONTEXT() REPRESENTATION_CONTEXT('2D SPACE',''
  ) );
#9392 = ORIENTED_EDGE('',*,*,#9336,.T.);
#9393 = ORIENTED_EDGE('',*,*,#9394,.T.);
#9394 = EDGE_CURVE('',#9312,#9395,#9397,.T.);
#9395 = VERTEX_POINT('',#9396);
#9396 = CARTESIAN_POINT('',(-0.169238594778,9.343467413013,5.));
#9397 = SURFACE_CURVE('',#9398,(#9403,#9410),.PCURVE_S1.);
#9398 = B_SPLINE_CURVE_WITH_KNOTS('',3,(#9399,#9400,#9401,#9402),
  .UNSPECIFIED.,.F.,.F.,(4,4),(0.,1.),.PIECEWISE_BEZIER_KNOTS.);
#9399 = CARTESIAN_POINT('',(-0.452852338815,8.350994846661,5.));
#9400 = CARTESIAN_POINT('',(-0.44086081862,8.698349003798,5.));
#9401 = CARTESIAN_POINT('',(-0.313104015586,9.031203351489,5.));
#9402 = CARTESIAN_POINT('',(-0.169238594778,9.343467413013,5.));
#9403 = PCURVE('',#9349,#9404);
#9404 = DEFINITIONAL_REPRESENTATION('',(#9405),#9409);
#9405 = LINE('',#9406,#9407);
#9406 = CARTESIAN_POINT('',(1.,0.));
#9407 = VECTOR('',#9408,1.);
#9408 = DIRECTION('',(0.,1.));
#9409 = ( GEOMETRIC_REPRESENTATION_CONTEXT(2) 
PARAMETRIC_REPRESENTATION_CONTEXT() REPRESENTATION_CONTEXT('2D SPACE',''
  ) );
#9410 = PCURVE('',#110,#9411);
#9411 = DEFINITIONAL_REPRESENTATION('',(#9412),#9417);
#9412 = B_SPLINE_CURVE_WITH_KNOTS('',3,(#9413,#9414,#9415,#9416),
  .UNSPECIFIED.,.F.,.F.,(4,4),(0.,1.),.PIECEWISE_BEZIER_KNOTS.);
#9413 = CARTESIAN_POINT('',(0.452852338815,8.350994846661));
#9414 = CARTESIAN_POINT('',(0.44086081862,8.698349003798));
#9415 = CARTESIAN_POINT('',(0.313104015586,9.031203351489));
#9416 = CARTESIAN_POINT('',(0.169238594778,9.343467413013));
#9417 = ( GEOMETRIC_REPRESENTATION_CONTEXT(2) 
PARAMETRIC_REPRESENTATION_CONTEXT() REPRESENTATION_CONTEXT('2D SPACE',''
  ) );
#9418 = ORIENTED_EDGE('',*,*,#9419,.F.);
#9419 = EDGE_CURVE('',#9369,#9395,#9420,.T.);
#9420 = SURFACE_CURVE('',#9421,(#9424,#9431),.PCURVE_S1.);
#9421 = B_SPLINE_CURVE_WITH_KNOTS('',1,(#9422,#9423),.UNSPECIFIED.,.F.,
  .F.,(2,2),(0.,1.),.PIECEWISE_BEZIER_KNOTS.);
#9422 = CARTESIAN_POINT('',(-0.169238594778,9.343467413013,0.));
#9423 = CARTESIAN_POINT('',(-0.169238594778,9.343467413013,5.));
#9424 = PCURVE('',#9349,#9425);
#9425 = DEFINITIONAL_REPRESENTATION('',(#9426),#9430);
#9426 = LINE('',#9427,#9428);
#9427 = CARTESIAN_POINT('',(0.,1.));
#9428 = VECTOR('',#9429,1.);
#9429 = DIRECTION('',(1.,0.));
#9430 = ( GEOMETRIC_REPRESENTATION_CONTEXT(2) 
PARAMETRIC_REPRESENTATION_CONTEXT() REPRESENTATION_CONTEXT('2D SPACE',''
  ) );
#9431 = PCURVE('',#9432,#9441);
#9432 = B_SPLINE_SURFACE_WITH_KNOTS('',1,3,(
    (#9433,#9434,#9435,#9436)
    ,(#9437,#9438,#9439,#9440
    )),.UNSPECIFIED.,.F.,.F.,.F.,(2,2),(4,4),(0.,1.),(0.,1.),
  .PIECEWISE_BEZIER_KNOTS.);
#9433 = CARTESIAN_POINT('',(-0.169238594778,9.343467413013,0.));
#9434 = CARTESIAN_POINT('',(-5.642520114474E-02,9.345510854351,0.));
#9435 = CARTESIAN_POINT('',(5.642520114474E-02,9.345510854351,0.));
#9436 = CARTESIAN_POINT('',(0.169238594778,9.343467413013,0.));
#9437 = CARTESIAN_POINT('',(-0.169238594778,9.343467413013,5.));
#9438 = CARTESIAN_POINT('',(-5.642520114474E-02,9.345510854351,5.));
#9439 = CARTESIAN_POINT('',(5.642520114474E-02,9.345510854351,5.));
#9440 = CARTESIAN_POINT('',(0.169238594778,9.343467413013,5.));
#9441 = DEFINITIONAL_REPRESENTATION('',(#9442),#9446);
#9442 = LINE('',#9443,#9444);
#9443 = CARTESIAN_POINT('',(0.,0.));
#9444 = VECTOR('',#9445,1.);
#9445 = DIRECTION('',(1.,0.));
#9446 = ( GEOMETRIC_REPRESENTATION_CONTEXT(2) 
PARAMETRIC_REPRESENTATION_CONTEXT() REPRESENTATION_CONTEXT('2D SPACE',''
  ) );
#9447 = ADVANCED_FACE('',(#9448),#9432,.T.);
#9448 = FACE_BOUND('',#9449,.T.);
#9449 = EDGE_LOOP('',(#9450,#9475,#9476,#9501));
#9450 = ORIENTED_EDGE('',*,*,#9451,.F.);
#9451 = EDGE_CURVE('',#9369,#9452,#9454,.T.);
#9452 = VERTEX_POINT('',#9453);
#9453 = CARTESIAN_POINT('',(0.169238594778,9.343467413013,0.));
#9454 = SURFACE_CURVE('',#9455,(#9460,#9467),.PCURVE_S1.);
#9455 = B_SPLINE_CURVE_WITH_KNOTS('',3,(#9456,#9457,#9458,#9459),
  .UNSPECIFIED.,.F.,.F.,(4,4),(0.,1.),.PIECEWISE_BEZIER_KNOTS.);
#9456 = CARTESIAN_POINT('',(-0.169238594778,9.343467413013,0.));
#9457 = CARTESIAN_POINT('',(-5.642520114474E-02,9.345510854351,0.));
#9458 = CARTESIAN_POINT('',(5.642520114474E-02,9.345510854351,0.));
#9459 = CARTESIAN_POINT('',(0.169238594778,9.343467413013,0.));
#9460 = PCURVE('',#9432,#9461);
#9461 = DEFINITIONAL_REPRESENTATION('',(#9462),#9466);
#9462 = LINE('',#9463,#9464);
#9463 = CARTESIAN_POINT('',(0.,0.));
#9464 = VECTOR('',#9465,1.);
#9465 = DIRECTION('',(0.,1.));
#9466 = ( GEOMETRIC_REPRESENTATION_CONTEXT(2) 
PARAMETRIC_REPRESENTATION_CONTEXT() REPRESENTATION_CONTEXT('2D SPACE',''
  ) );
#9467 = PCURVE('',#49,#9468);
#9468 = DEFINITIONAL_REPRESENTATION('',(#9469),#9474);
#9469 = B_SPLINE_CURVE_WITH_KNOTS('',3,(#9470,#9471,#9472,#9473),
  .UNSPECIFIED.,.F.,.F.,(4,4),(0.,1.),.PIECEWISE_BEZIER_KNOTS.);
#9470 = CARTESIAN_POINT('',(-0.169238594778,9.343467413013));
#9471 = CARTESIAN_POINT('',(-5.642520114474E-02,9.345510854351));
#9472 = CARTESIAN_POINT('',(5.642520114474E-02,9.345510854351));
#9473 = CARTESIAN_POINT('',(0.169238594778,9.343467413013));
#9474 = ( GEOMETRIC_REPRESENTATION_CONTEXT(2) 
PARAMETRIC_REPRESENTATION_CONTEXT() REPRESENTATION_CONTEXT('2D SPACE',''
  ) );
#9475 = ORIENTED_EDGE('',*,*,#9419,.T.);
#9476 = ORIENTED_EDGE('',*,*,#9477,.T.);
#9477 = EDGE_CURVE('',#9395,#9478,#9480,.T.);
#9478 = VERTEX_POINT('',#9479);
#9479 = CARTESIAN_POINT('',(0.169238594778,9.343467413013,5.));
#9480 = SURFACE_CURVE('',#9481,(#9486,#9493),.PCURVE_S1.);
#9481 = B_SPLINE_CURVE_WITH_KNOTS('',3,(#9482,#9483,#9484,#9485),
  .UNSPECIFIED.,.F.,.F.,(4,4),(0.,1.),.PIECEWISE_BEZIER_KNOTS.);
#9482 = CARTESIAN_POINT('',(-0.169238594778,9.343467413013,5.));
#9483 = CARTESIAN_POINT('',(-5.642520114474E-02,9.345510854351,5.));
#9484 = CARTESIAN_POINT('',(5.642520114474E-02,9.345510854351,5.));
#9485 = CARTESIAN_POINT('',(0.169238594778,9.343467413013,5.));
#9486 = PCURVE('',#9432,#9487);
#9487 = DEFINITIONAL_REPRESENTATION('',(#9488),#9492);
#9488 = LINE('',#9489,#9490);
#9489 = CARTESIAN_POINT('',(1.,0.));
#9490 = VECTOR('',#9491,1.);
#9491 = DIRECTION('',(0.,1.));
#9492 = ( GEOMETRIC_REPRESENTATION_CONTEXT(2) 
PARAMETRIC_REPRESENTATION_CONTEXT() REPRESENTATION_CONTEXT('2D SPACE',''
  ) );
#9493 = PCURVE('',#110,#9494);
#9494 = DEFINITIONAL_REPRESENTATION('',(#9495),#9500);
#9495 = B_SPLINE_CURVE_WITH_KNOTS('',3,(#9496,#9497,#9498,#9499),
  .UNSPECIFIED.,.F.,.F.,(4,4),(0.,1.),.PIECEWISE_BEZIER_KNOTS.);
#9496 = CARTESIAN_POINT('',(0.169238594778,9.343467413013));
#9497 = CARTESIAN_POINT('',(5.642520114474E-02,9.345510854351));
#9498 = CARTESIAN_POINT('',(-5.642520114474E-02,9.345510854351));
#9499 = CARTESIAN_POINT('',(-0.169238594778,9.343467413013));
#9500 = ( GEOMETRIC_REPRESENTATION_CONTEXT(2) 
PARAMETRIC_REPRESENTATION_CONTEXT() REPRESENTATION_CONTEXT('2D SPACE',''
  ) );
#9501 = ORIENTED_EDGE('',*,*,#9502,.F.);
#9502 = EDGE_CURVE('',#9452,#9478,#9503,.T.);
#9503 = SURFACE_CURVE('',#9504,(#9507,#9514),.PCURVE_S1.);
#9504 = B_SPLINE_CURVE_WITH_KNOTS('',1,(#9505,#9506),.UNSPECIFIED.,.F.,
  .F.,(2,2),(0.,1.),.PIECEWISE_BEZIER_KNOTS.);
#9505 = CARTESIAN_POINT('',(0.169238594778,9.343467413013,0.));
#9506 = CARTESIAN_POINT('',(0.169238594778,9.343467413013,5.));
#9507 = PCURVE('',#9432,#9508);
#9508 = DEFINITIONAL_REPRESENTATION('',(#9509),#9513);
#9509 = LINE('',#9510,#9511);
#9510 = CARTESIAN_POINT('',(0.,1.));
#9511 = VECTOR('',#9512,1.);
#9512 = DIRECTION('',(1.,0.));
#9513 = ( GEOMETRIC_REPRESENTATION_CONTEXT(2) 
PARAMETRIC_REPRESENTATION_CONTEXT() REPRESENTATION_CONTEXT('2D SPACE',''
  ) );
#9514 = PCURVE('',#9515,#9524);
#9515 = B_SPLINE_SURFACE_WITH_KNOTS('',1,3,(
    (#9516,#9517,#9518,#9519)
    ,(#9520,#9521,#9522,#9523
    )),.UNSPECIFIED.,.F.,.F.,.F.,(2,2),(4,4),(0.,1.),(0.,1.),
  .PIECEWISE_BEZIER_KNOTS.);
#9516 = CARTESIAN_POINT('',(0.169238594778,9.343467413013,0.));
#9517 = CARTESIAN_POINT('',(0.313104015586,9.031203351489,0.));
#9518 = CARTESIAN_POINT('',(0.44086081862,8.698349003798,0.));
#9519 = CARTESIAN_POINT('',(0.452852338815,8.350994846661,0.));
#9520 = CARTESIAN_POINT('',(0.169238594778,9.343467413013,5.));
#9521 = CARTESIAN_POINT('',(0.313104015586,9.031203351489,5.));
#9522 = CARTESIAN_POINT('',(0.44086081862,8.698349003798,5.));
#9523 = CARTESIAN_POINT('',(0.452852338815,8.350994846661,5.));
#9524 = DEFINITIONAL_REPRESENTATION('',(#9525),#9529);
#9525 = LINE('',#9526,#9527);
#9526 = CARTESIAN_POINT('',(0.,0.));
#9527 = VECTOR('',#9528,1.);
#9528 = DIRECTION('',(1.,0.));
#9529 = ( GEOMETRIC_REPRESENTATION_CONTEXT(2) 
PARAMETRIC_REPRESENTATION_CONTEXT() REPRESENTATION_CONTEXT('2D SPACE',''
  ) );
#9530 = ADVANCED_FACE('',(#9531),#9515,.T.);
#9531 = FACE_BOUND('',#9532,.T.);
#9532 = EDGE_LOOP('',(#9533,#9558,#9559,#9584));
#9533 = ORIENTED_EDGE('',*,*,#9534,.F.);
#9534 = EDGE_CURVE('',#9452,#9535,#9537,.T.);
#9535 = VERTEX_POINT('',#9536);
#9536 = CARTESIAN_POINT('',(0.452852338815,8.350994846661,0.));
#9537 = SURFACE_CURVE('',#9538,(#9543,#9550),.PCURVE_S1.);
#9538 = B_SPLINE_CURVE_WITH_KNOTS('',3,(#9539,#9540,#9541,#9542),
  .UNSPECIFIED.,.F.,.F.,(4,4),(0.,1.),.PIECEWISE_BEZIER_KNOTS.);
#9539 = CARTESIAN_POINT('',(0.169238594778,9.343467413013,0.));
#9540 = CARTESIAN_POINT('',(0.313104015586,9.031203351489,0.));
#9541 = CARTESIAN_POINT('',(0.44086081862,8.698349003798,0.));
#9542 = CARTESIAN_POINT('',(0.452852338815,8.350994846661,0.));
#9543 = PCURVE('',#9515,#9544);
#9544 = DEFINITIONAL_REPRESENTATION('',(#9545),#9549);
#9545 = LINE('',#9546,#9547);
#9546 = CARTESIAN_POINT('',(0.,0.));
#9547 = VECTOR('',#9548,1.);
#9548 = DIRECTION('',(0.,1.));
#9549 = ( GEOMETRIC_REPRESENTATION_CONTEXT(2) 
PARAMETRIC_REPRESENTATION_CONTEXT() REPRESENTATION_CONTEXT('2D SPACE',''
  ) );
#9550 = PCURVE('',#49,#9551);
#9551 = DEFINITIONAL_REPRESENTATION('',(#9552),#9557);
#9552 = B_SPLINE_CURVE_WITH_KNOTS('',3,(#9553,#9554,#9555,#9556),
  .UNSPECIFIED.,.F.,.F.,(4,4),(0.,1.),.PIECEWISE_BEZIER_KNOTS.);
#9553 = CARTESIAN_POINT('',(0.169238594778,9.343467413013));
#9554 = CARTESIAN_POINT('',(0.313104015586,9.031203351489));
#9555 = CARTESIAN_POINT('',(0.44086081862,8.698349003798));
#9556 = CARTESIAN_POINT('',(0.452852338815,8.350994846661));
#9557 = ( GEOMETRIC_REPRESENTATION_CONTEXT(2) 
PARAMETRIC_REPRESENTATION_CONTEXT() REPRESENTATION_CONTEXT('2D SPACE',''
  ) );
#9558 = ORIENTED_EDGE('',*,*,#9502,.T.);
#9559 = ORIENTED_EDGE('',*,*,#9560,.T.);
#9560 = EDGE_CURVE('',#9478,#9561,#9563,.T.);
#9561 = VERTEX_POINT('',#9562);
#9562 = CARTESIAN_POINT('',(0.452852338815,8.350994846661,5.));
#9563 = SURFACE_CURVE('',#9564,(#9569,#9576),.PCURVE_S1.);
#9564 = B_SPLINE_CURVE_WITH_KNOTS('',3,(#9565,#9566,#9567,#9568),
  .UNSPECIFIED.,.F.,.F.,(4,4),(0.,1.),.PIECEWISE_BEZIER_KNOTS.);
#9565 = CARTESIAN_POINT('',(0.169238594778,9.343467413013,5.));
#9566 = CARTESIAN_POINT('',(0.313104015586,9.031203351489,5.));
#9567 = CARTESIAN_POINT('',(0.44086081862,8.698349003798,5.));
#9568 = CARTESIAN_POINT('',(0.452852338815,8.350994846661,5.));
#9569 = PCURVE('',#9515,#9570);
#9570 = DEFINITIONAL_REPRESENTATION('',(#9571),#9575);
#9571 = LINE('',#9572,#9573);
#9572 = CARTESIAN_POINT('',(1.,0.));
#9573 = VECTOR('',#9574,1.);
#9574 = DIRECTION('',(0.,1.));
#9575 = ( GEOMETRIC_REPRESENTATION_CONTEXT(2) 
PARAMETRIC_REPRESENTATION_CONTEXT() REPRESENTATION_CONTEXT('2D SPACE',''
  ) );
#9576 = PCURVE('',#110,#9577);
#9577 = DEFINITIONAL_REPRESENTATION('',(#9578),#9583);
#9578 = B_SPLINE_CURVE_WITH_KNOTS('',3,(#9579,#9580,#9581,#9582),
  .UNSPECIFIED.,.F.,.F.,(4,4),(0.,1.),.PIECEWISE_BEZIER_KNOTS.);
#9579 = CARTESIAN_POINT('',(-0.169238594778,9.343467413013));
#9580 = CARTESIAN_POINT('',(-0.313104015586,9.031203351489));
#9581 = CARTESIAN_POINT('',(-0.44086081862,8.698349003798));
#9582 = CARTESIAN_POINT('',(-0.452852338815,8.350994846661));
#9583 = ( GEOMETRIC_REPRESENTATION_CONTEXT(2) 
PARAMETRIC_REPRESENTATION_CONTEXT() REPRESENTATION_CONTEXT('2D SPACE',''
  ) );
#9584 = ORIENTED_EDGE('',*,*,#9585,.F.);
#9585 = EDGE_CURVE('',#9535,#9561,#9586,.T.);
#9586 = SURFACE_CURVE('',#9587,(#9590,#9597),.PCURVE_S1.);
#9587 = B_SPLINE_CURVE_WITH_KNOTS('',1,(#9588,#9589),.UNSPECIFIED.,.F.,
  .F.,(2,2),(0.,1.),.PIECEWISE_BEZIER_KNOTS.);
#9588 = CARTESIAN_POINT('',(0.452852338815,8.350994846661,0.));
#9589 = CARTESIAN_POINT('',(0.452852338815,8.350994846661,5.));
#9590 = PCURVE('',#9515,#9591);
#9591 = DEFINITIONAL_REPRESENTATION('',(#9592),#9596);
#9592 = LINE('',#9593,#9594);
#9593 = CARTESIAN_POINT('',(0.,1.));
#9594 = VECTOR('',#9595,1.);
#9595 = DIRECTION('',(1.,0.));
#9596 = ( GEOMETRIC_REPRESENTATION_CONTEXT(2) 
PARAMETRIC_REPRESENTATION_CONTEXT() REPRESENTATION_CONTEXT('2D SPACE',''
  ) );
#9597 = PCURVE('',#9598,#9607);
#9598 = B_SPLINE_SURFACE_WITH_KNOTS('',1,3,(
    (#9599,#9600,#9601,#9602)
    ,(#9603,#9604,#9605,#9606
    )),.UNSPECIFIED.,.F.,.F.,.F.,(2,2),(4,4),(0.,1.),(0.,1.),
  .PIECEWISE_BEZIER_KNOTS.);
#9599 = CARTESIAN_POINT('',(0.452852338815,8.350994846661,0.));
#9600 = CARTESIAN_POINT('',(0.585231601816,8.317804460728,0.));
#9601 = CARTESIAN_POINT('',(0.723164861461,8.306948877766,0.));
#9602 = CARTESIAN_POINT('',(0.859106436332,8.319021955782,0.));
#9603 = CARTESIAN_POINT('',(0.452852338815,8.350994846661,5.));
#9604 = CARTESIAN_POINT('',(0.585231601816,8.317804460728,5.));
#9605 = CARTESIAN_POINT('',(0.723164861461,8.306948877766,5.));
#9606 = CARTESIAN_POINT('',(0.859106436332,8.319021955782,5.));
#9607 = DEFINITIONAL_REPRESENTATION('',(#9608),#9612);
#9608 = LINE('',#9609,#9610);
#9609 = CARTESIAN_POINT('',(0.,0.));
#9610 = VECTOR('',#9611,1.);
#9611 = DIRECTION('',(1.,0.));
#9612 = ( GEOMETRIC_REPRESENTATION_CONTEXT(2) 
PARAMETRIC_REPRESENTATION_CONTEXT() REPRESENTATION_CONTEXT('2D SPACE',''
  ) );
#9613 = ADVANCED_FACE('',(#9614),#9598,.T.);
#9614 = FACE_BOUND('',#9615,.T.);
#9615 = EDGE_LOOP('',(#9616,#9641,#9642,#9667));
#9616 = ORIENTED_EDGE('',*,*,#9617,.F.);
#9617 = EDGE_CURVE('',#9535,#9618,#9620,.T.);
#9618 = VERTEX_POINT('',#9619);
#9619 = CARTESIAN_POINT('',(0.859106436332,8.319021955782,0.));
#9620 = SURFACE_CURVE('',#9621,(#9626,#9633),.PCURVE_S1.);
#9621 = B_SPLINE_CURVE_WITH_KNOTS('',3,(#9622,#9623,#9624,#9625),
  .UNSPECIFIED.,.F.,.F.,(4,4),(0.,1.),.PIECEWISE_BEZIER_KNOTS.);
#9622 = CARTESIAN_POINT('',(0.452852338815,8.350994846661,0.));
#9623 = CARTESIAN_POINT('',(0.585231601816,8.317804460728,0.));
#9624 = CARTESIAN_POINT('',(0.723164861461,8.306948877766,0.));
#9625 = CARTESIAN_POINT('',(0.859106436332,8.319021955782,0.));
#9626 = PCURVE('',#9598,#9627);
#9627 = DEFINITIONAL_REPRESENTATION('',(#9628),#9632);
#9628 = LINE('',#9629,#9630);
#9629 = CARTESIAN_POINT('',(0.,0.));
#9630 = VECTOR('',#9631,1.);
#9631 = DIRECTION('',(0.,1.));
#9632 = ( GEOMETRIC_REPRESENTATION_CONTEXT(2) 
PARAMETRIC_REPRESENTATION_CONTEXT() REPRESENTATION_CONTEXT('2D SPACE',''
  ) );
#9633 = PCURVE('',#49,#9634);
#9634 = DEFINITIONAL_REPRESENTATION('',(#9635),#9640);
#9635 = B_SPLINE_CURVE_WITH_KNOTS('',3,(#9636,#9637,#9638,#9639),
  .UNSPECIFIED.,.F.,.F.,(4,4),(0.,1.),.PIECEWISE_BEZIER_KNOTS.);
#9636 = CARTESIAN_POINT('',(0.452852338815,8.350994846661));
#9637 = CARTESIAN_POINT('',(0.585231601816,8.317804460728));
#9638 = CARTESIAN_POINT('',(0.723164861461,8.306948877766));
#9639 = CARTESIAN_POINT('',(0.859106436332,8.319021955782));
#9640 = ( GEOMETRIC_REPRESENTATION_CONTEXT(2) 
PARAMETRIC_REPRESENTATION_CONTEXT() REPRESENTATION_CONTEXT('2D SPACE',''
  ) );
#9641 = ORIENTED_EDGE('',*,*,#9585,.T.);
#9642 = ORIENTED_EDGE('',*,*,#9643,.T.);
#9643 = EDGE_CURVE('',#9561,#9644,#9646,.T.);
#9644 = VERTEX_POINT('',#9645);
#9645 = CARTESIAN_POINT('',(0.859106436332,8.319021955782,5.));
#9646 = SURFACE_CURVE('',#9647,(#9652,#9659),.PCURVE_S1.);
#9647 = B_SPLINE_CURVE_WITH_KNOTS('',3,(#9648,#9649,#9650,#9651),
  .UNSPECIFIED.,.F.,.F.,(4,4),(0.,1.),.PIECEWISE_BEZIER_KNOTS.);
#9648 = CARTESIAN_POINT('',(0.452852338815,8.350994846661,5.));
#9649 = CARTESIAN_POINT('',(0.585231601816,8.317804460728,5.));
#9650 = CARTESIAN_POINT('',(0.723164861461,8.306948877766,5.));
#9651 = CARTESIAN_POINT('',(0.859106436332,8.319021955782,5.));
#9652 = PCURVE('',#9598,#9653);
#9653 = DEFINITIONAL_REPRESENTATION('',(#9654),#9658);
#9654 = LINE('',#9655,#9656);
#9655 = CARTESIAN_POINT('',(1.,0.));
#9656 = VECTOR('',#9657,1.);
#9657 = DIRECTION('',(0.,1.));
#9658 = ( GEOMETRIC_REPRESENTATION_CONTEXT(2) 
PARAMETRIC_REPRESENTATION_CONTEXT() REPRESENTATION_CONTEXT('2D SPACE',''
  ) );
#9659 = PCURVE('',#110,#9660);
#9660 = DEFINITIONAL_REPRESENTATION('',(#9661),#9666);
#9661 = B_SPLINE_CURVE_WITH_KNOTS('',3,(#9662,#9663,#9664,#9665),
  .UNSPECIFIED.,.F.,.F.,(4,4),(0.,1.),.PIECEWISE_BEZIER_KNOTS.);
#9662 = CARTESIAN_POINT('',(-0.452852338815,8.350994846661));
#9663 = CARTESIAN_POINT('',(-0.585231601816,8.317804460728));
#9664 = CARTESIAN_POINT('',(-0.723164861461,8.306948877766));
#9665 = CARTESIAN_POINT('',(-0.859106436332,8.319021955782));
#9666 = ( GEOMETRIC_REPRESENTATION_CONTEXT(2) 
PARAMETRIC_REPRESENTATION_CONTEXT() REPRESENTATION_CONTEXT('2D SPACE',''
  ) );
#9667 = ORIENTED_EDGE('',*,*,#9668,.F.);
#9668 = EDGE_CURVE('',#9618,#9644,#9669,.T.);
#9669 = SURFACE_CURVE('',#9670,(#9673,#9680),.PCURVE_S1.);
#9670 = B_SPLINE_CURVE_WITH_KNOTS('',1,(#9671,#9672),.UNSPECIFIED.,.F.,
  .F.,(2,2),(0.,1.),.PIECEWISE_BEZIER_KNOTS.);
#9671 = CARTESIAN_POINT('',(0.859106436332,8.319021955782,0.));
#9672 = CARTESIAN_POINT('',(0.859106436332,8.319021955782,5.));
#9673 = PCURVE('',#9598,#9674);
#9674 = DEFINITIONAL_REPRESENTATION('',(#9675),#9679);
#9675 = LINE('',#9676,#9677);
#9676 = CARTESIAN_POINT('',(0.,1.));
#9677 = VECTOR('',#9678,1.);
#9678 = DIRECTION('',(1.,0.));
#9679 = ( GEOMETRIC_REPRESENTATION_CONTEXT(2) 
PARAMETRIC_REPRESENTATION_CONTEXT() REPRESENTATION_CONTEXT('2D SPACE',''
  ) );
#9680 = PCURVE('',#9681,#9690);
#9681 = B_SPLINE_SURFACE_WITH_KNOTS('',1,3,(
    (#9682,#9683,#9684,#9685)
    ,(#9686,#9687,#9688,#9689
    )),.UNSPECIFIED.,.F.,.F.,.F.,(2,2),(4,4),(0.,1.),(0.,1.),
  .PIECEWISE_BEZIER_KNOTS.);
#9682 = CARTESIAN_POINT('',(0.859106436332,8.319021955782,0.));
#9683 = CARTESIAN_POINT('',(0.925288482766,8.660223719797,0.));
#9684 = CARTESIAN_POINT('',(1.103542279372,8.96899451099,0.));
#9685 = CARTESIAN_POINT('',(1.294485339535,9.254908573602,0.));
#9686 = CARTESIAN_POINT('',(0.859106436332,8.319021955782,5.));
#9687 = CARTESIAN_POINT('',(0.925288482766,8.660223719797,5.));
#9688 = CARTESIAN_POINT('',(1.103542279372,8.96899451099,5.));
#9689 = CARTESIAN_POINT('',(1.294485339535,9.254908573602,5.));
#9690 = DEFINITIONAL_REPRESENTATION('',(#9691),#9695);
#9691 = LINE('',#9692,#9693);
#9692 = CARTESIAN_POINT('',(0.,0.));
#9693 = VECTOR('',#9694,1.);
#9694 = DIRECTION('',(1.,0.));
#9695 = ( GEOMETRIC_REPRESENTATION_CONTEXT(2) 
PARAMETRIC_REPRESENTATION_CONTEXT() REPRESENTATION_CONTEXT('2D SPACE',''
  ) );
#9696 = ADVANCED_FACE('',(#9697),#9681,.T.);
#9697 = FACE_BOUND('',#9698,.T.);
#9698 = EDGE_LOOP('',(#9699,#9724,#9725,#9750));
#9699 = ORIENTED_EDGE('',*,*,#9700,.F.);
#9700 = EDGE_CURVE('',#9618,#9701,#9703,.T.);
#9701 = VERTEX_POINT('',#9702);
#9702 = CARTESIAN_POINT('',(1.294485339535,9.254908573602,0.));
#9703 = SURFACE_CURVE('',#9704,(#9709,#9716),.PCURVE_S1.);
#9704 = B_SPLINE_CURVE_WITH_KNOTS('',3,(#9705,#9706,#9707,#9708),
  .UNSPECIFIED.,.F.,.F.,(4,4),(0.,1.),.PIECEWISE_BEZIER_KNOTS.);
#9705 = CARTESIAN_POINT('',(0.859106436332,8.319021955782,0.));
#9706 = CARTESIAN_POINT('',(0.925288482766,8.660223719797,0.));
#9707 = CARTESIAN_POINT('',(1.103542279372,8.96899451099,0.));
#9708 = CARTESIAN_POINT('',(1.294485339535,9.254908573602,0.));
#9709 = PCURVE('',#9681,#9710);
#9710 = DEFINITIONAL_REPRESENTATION('',(#9711),#9715);
#9711 = LINE('',#9712,#9713);
#9712 = CARTESIAN_POINT('',(0.,0.));
#9713 = VECTOR('',#9714,1.);
#9714 = DIRECTION('',(0.,1.));
#9715 = ( GEOMETRIC_REPRESENTATION_CONTEXT(2) 
PARAMETRIC_REPRESENTATION_CONTEXT() REPRESENTATION_CONTEXT('2D SPACE',''
  ) );
#9716 = PCURVE('',#49,#9717);
#9717 = DEFINITIONAL_REPRESENTATION('',(#9718),#9723);
#9718 = B_SPLINE_CURVE_WITH_KNOTS('',3,(#9719,#9720,#9721,#9722),
  .UNSPECIFIED.,.F.,.F.,(4,4),(0.,1.),.PIECEWISE_BEZIER_KNOTS.);
#9719 = CARTESIAN_POINT('',(0.859106436332,8.319021955782));
#9720 = CARTESIAN_POINT('',(0.925288482766,8.660223719797));
#9721 = CARTESIAN_POINT('',(1.103542279372,8.96899451099));
#9722 = CARTESIAN_POINT('',(1.294485339535,9.254908573602));
#9723 = ( GEOMETRIC_REPRESENTATION_CONTEXT(2) 
PARAMETRIC_REPRESENTATION_CONTEXT() REPRESENTATION_CONTEXT('2D SPACE',''
  ) );
#9724 = ORIENTED_EDGE('',*,*,#9668,.T.);
#9725 = ORIENTED_EDGE('',*,*,#9726,.T.);
#9726 = EDGE_CURVE('',#9644,#9727,#9729,.T.);
#9727 = VERTEX_POINT('',#9728);
#9728 = CARTESIAN_POINT('',(1.294485339535,9.254908573602,5.));
#9729 = SURFACE_CURVE('',#9730,(#9735,#9742),.PCURVE_S1.);
#9730 = B_SPLINE_CURVE_WITH_KNOTS('',3,(#9731,#9732,#9733,#9734),
  .UNSPECIFIED.,.F.,.F.,(4,4),(0.,1.),.PIECEWISE_BEZIER_KNOTS.);
#9731 = CARTESIAN_POINT('',(0.859106436332,8.319021955782,5.));
#9732 = CARTESIAN_POINT('',(0.925288482766,8.660223719797,5.));
#9733 = CARTESIAN_POINT('',(1.103542279372,8.96899451099,5.));
#9734 = CARTESIAN_POINT('',(1.294485339535,9.254908573602,5.));
#9735 = PCURVE('',#9681,#9736);
#9736 = DEFINITIONAL_REPRESENTATION('',(#9737),#9741);
#9737 = LINE('',#9738,#9739);
#9738 = CARTESIAN_POINT('',(1.,0.));
#9739 = VECTOR('',#9740,1.);
#9740 = DIRECTION('',(0.,1.));
#9741 = ( GEOMETRIC_REPRESENTATION_CONTEXT(2) 
PARAMETRIC_REPRESENTATION_CONTEXT() REPRESENTATION_CONTEXT('2D SPACE',''
  ) );
#9742 = PCURVE('',#110,#9743);
#9743 = DEFINITIONAL_REPRESENTATION('',(#9744),#9749);
#9744 = B_SPLINE_CURVE_WITH_KNOTS('',3,(#9745,#9746,#9747,#9748),
  .UNSPECIFIED.,.F.,.F.,(4,4),(0.,1.),.PIECEWISE_BEZIER_KNOTS.);
#9745 = CARTESIAN_POINT('',(-0.859106436332,8.319021955782));
#9746 = CARTESIAN_POINT('',(-0.925288482766,8.660223719797));
#9747 = CARTESIAN_POINT('',(-1.103542279372,8.96899451099));
#9748 = CARTESIAN_POINT('',(-1.294485339535,9.254908573602));
#9749 = ( GEOMETRIC_REPRESENTATION_CONTEXT(2) 
PARAMETRIC_REPRESENTATION_CONTEXT() REPRESENTATION_CONTEXT('2D SPACE',''
  ) );
#9750 = ORIENTED_EDGE('',*,*,#9751,.F.);
#9751 = EDGE_CURVE('',#9701,#9727,#9752,.T.);
#9752 = SURFACE_CURVE('',#9753,(#9756,#9763),.PCURVE_S1.);
#9753 = B_SPLINE_CURVE_WITH_KNOTS('',1,(#9754,#9755),.UNSPECIFIED.,.F.,
  .F.,(2,2),(0.,1.),.PIECEWISE_BEZIER_KNOTS.);
#9754 = CARTESIAN_POINT('',(1.294485339535,9.254908573602,0.));
#9755 = CARTESIAN_POINT('',(1.294485339535,9.254908573602,5.));
#9756 = PCURVE('',#9681,#9757);
#9757 = DEFINITIONAL_REPRESENTATION('',(#9758),#9762);
#9758 = LINE('',#9759,#9760);
#9759 = CARTESIAN_POINT('',(0.,1.));
#9760 = VECTOR('',#9761,1.);
#9761 = DIRECTION('',(1.,0.));
#9762 = ( GEOMETRIC_REPRESENTATION_CONTEXT(2) 
PARAMETRIC_REPRESENTATION_CONTEXT() REPRESENTATION_CONTEXT('2D SPACE',''
  ) );
#9763 = PCURVE('',#9764,#9773);
#9764 = B_SPLINE_SURFACE_WITH_KNOTS('',1,3,(
    (#9765,#9766,#9767,#9768)
    ,(#9769,#9770,#9771,#9772
    )),.UNSPECIFIED.,.F.,.F.,.F.,(2,2),(4,4),(0.,1.),(0.,1.),
  .PIECEWISE_BEZIER_KNOTS.);
#9765 = CARTESIAN_POINT('',(1.294485339535,9.254908573602,0.));
#9766 = CARTESIAN_POINT('',(1.406229477742,9.239278953904,0.));
#9767 = CARTESIAN_POINT('',(1.517690504314,9.221625261592,0.));
#9768 = CARTESIAN_POINT('',(1.628795313216,9.201959075525,0.));
#9769 = CARTESIAN_POINT('',(1.294485339535,9.254908573602,5.));
#9770 = CARTESIAN_POINT('',(1.406229477742,9.239278953904,5.));
#9771 = CARTESIAN_POINT('',(1.517690504314,9.221625261592,5.));
#9772 = CARTESIAN_POINT('',(1.628795313216,9.201959075525,5.));
#9773 = DEFINITIONAL_REPRESENTATION('',(#9774),#9778);
#9774 = LINE('',#9775,#9776);
#9775 = CARTESIAN_POINT('',(0.,0.));
#9776 = VECTOR('',#9777,1.);
#9777 = DIRECTION('',(1.,0.));
#9778 = ( GEOMETRIC_REPRESENTATION_CONTEXT(2) 
PARAMETRIC_REPRESENTATION_CONTEXT() REPRESENTATION_CONTEXT('2D SPACE',''
  ) );
#9779 = ADVANCED_FACE('',(#9780),#9764,.T.);
#9780 = FACE_BOUND('',#9781,.T.);
#9781 = EDGE_LOOP('',(#9782,#9807,#9808,#9833));
#9782 = ORIENTED_EDGE('',*,*,#9783,.F.);
#9783 = EDGE_CURVE('',#9701,#9784,#9786,.T.);
#9784 = VERTEX_POINT('',#9785);
#9785 = CARTESIAN_POINT('',(1.628795313216,9.201959075525,0.));
#9786 = SURFACE_CURVE('',#9787,(#9792,#9799),.PCURVE_S1.);
#9787 = B_SPLINE_CURVE_WITH_KNOTS('',3,(#9788,#9789,#9790,#9791),
  .UNSPECIFIED.,.F.,.F.,(4,4),(0.,1.),.PIECEWISE_BEZIER_KNOTS.);
#9788 = CARTESIAN_POINT('',(1.294485339535,9.254908573602,0.));
#9789 = CARTESIAN_POINT('',(1.406229477742,9.239278953904,0.));
#9790 = CARTESIAN_POINT('',(1.517690504314,9.221625261592,0.));
#9791 = CARTESIAN_POINT('',(1.628795313216,9.201959075525,0.));
#9792 = PCURVE('',#9764,#9793);
#9793 = DEFINITIONAL_REPRESENTATION('',(#9794),#9798);
#9794 = LINE('',#9795,#9796);
#9795 = CARTESIAN_POINT('',(0.,0.));
#9796 = VECTOR('',#9797,1.);
#9797 = DIRECTION('',(0.,1.));
#9798 = ( GEOMETRIC_REPRESENTATION_CONTEXT(2) 
PARAMETRIC_REPRESENTATION_CONTEXT() REPRESENTATION_CONTEXT('2D SPACE',''
  ) );
#9799 = PCURVE('',#49,#9800);
#9800 = DEFINITIONAL_REPRESENTATION('',(#9801),#9806);
#9801 = B_SPLINE_CURVE_WITH_KNOTS('',3,(#9802,#9803,#9804,#9805),
  .UNSPECIFIED.,.F.,.F.,(4,4),(0.,1.),.PIECEWISE_BEZIER_KNOTS.);
#9802 = CARTESIAN_POINT('',(1.294485339535,9.254908573602));
#9803 = CARTESIAN_POINT('',(1.406229477742,9.239278953904));
#9804 = CARTESIAN_POINT('',(1.517690504314,9.221625261592));
#9805 = CARTESIAN_POINT('',(1.628795313216,9.201959075525));
#9806 = ( GEOMETRIC_REPRESENTATION_CONTEXT(2) 
PARAMETRIC_REPRESENTATION_CONTEXT() REPRESENTATION_CONTEXT('2D SPACE',''
  ) );
#9807 = ORIENTED_EDGE('',*,*,#9751,.T.);
#9808 = ORIENTED_EDGE('',*,*,#9809,.T.);
#9809 = EDGE_CURVE('',#9727,#9810,#9812,.T.);
#9810 = VERTEX_POINT('',#9811);
#9811 = CARTESIAN_POINT('',(1.628795313216,9.201959075525,5.));
#9812 = SURFACE_CURVE('',#9813,(#9818,#9825),.PCURVE_S1.);
#9813 = B_SPLINE_CURVE_WITH_KNOTS('',3,(#9814,#9815,#9816,#9817),
  .UNSPECIFIED.,.F.,.F.,(4,4),(0.,1.),.PIECEWISE_BEZIER_KNOTS.);
#9814 = CARTESIAN_POINT('',(1.294485339535,9.254908573602,5.));
#9815 = CARTESIAN_POINT('',(1.406229477742,9.239278953904,5.));
#9816 = CARTESIAN_POINT('',(1.517690504314,9.221625261592,5.));
#9817 = CARTESIAN_POINT('',(1.628795313216,9.201959075525,5.));
#9818 = PCURVE('',#9764,#9819);
#9819 = DEFINITIONAL_REPRESENTATION('',(#9820),#9824);
#9820 = LINE('',#9821,#9822);
#9821 = CARTESIAN_POINT('',(1.,0.));
#9822 = VECTOR('',#9823,1.);
#9823 = DIRECTION('',(0.,1.));
#9824 = ( GEOMETRIC_REPRESENTATION_CONTEXT(2) 
PARAMETRIC_REPRESENTATION_CONTEXT() REPRESENTATION_CONTEXT('2D SPACE',''
  ) );
#9825 = PCURVE('',#110,#9826);
#9826 = DEFINITIONAL_REPRESENTATION('',(#9827),#9832);
#9827 = B_SPLINE_CURVE_WITH_KNOTS('',3,(#9828,#9829,#9830,#9831),
  .UNSPECIFIED.,.F.,.F.,(4,4),(0.,1.),.PIECEWISE_BEZIER_KNOTS.);
#9828 = CARTESIAN_POINT('',(-1.294485339535,9.254908573602));
#9829 = CARTESIAN_POINT('',(-1.406229477742,9.239278953904));
#9830 = CARTESIAN_POINT('',(-1.517690504314,9.221625261592));
#9831 = CARTESIAN_POINT('',(-1.628795313216,9.201959075525));
#9832 = ( GEOMETRIC_REPRESENTATION_CONTEXT(2) 
PARAMETRIC_REPRESENTATION_CONTEXT() REPRESENTATION_CONTEXT('2D SPACE',''
  ) );
#9833 = ORIENTED_EDGE('',*,*,#9834,.F.);
#9834 = EDGE_CURVE('',#9784,#9810,#9835,.T.);
#9835 = SURFACE_CURVE('',#9836,(#9839,#9846),.PCURVE_S1.);
#9836 = B_SPLINE_CURVE_WITH_KNOTS('',1,(#9837,#9838),.UNSPECIFIED.,.F.,
  .F.,(2,2),(0.,1.),.PIECEWISE_BEZIER_KNOTS.);
#9837 = CARTESIAN_POINT('',(1.628795313216,9.201959075525,0.));
#9838 = CARTESIAN_POINT('',(1.628795313216,9.201959075525,5.));
#9839 = PCURVE('',#9764,#9840);
#9840 = DEFINITIONAL_REPRESENTATION('',(#9841),#9845);
#9841 = LINE('',#9842,#9843);
#9842 = CARTESIAN_POINT('',(0.,1.));
#9843 = VECTOR('',#9844,1.);
#9844 = DIRECTION('',(1.,0.));
#9845 = ( GEOMETRIC_REPRESENTATION_CONTEXT(2) 
PARAMETRIC_REPRESENTATION_CONTEXT() REPRESENTATION_CONTEXT('2D SPACE',''
  ) );
#9846 = PCURVE('',#9847,#9856);
#9847 = B_SPLINE_SURFACE_WITH_KNOTS('',1,3,(
    (#9848,#9849,#9850,#9851)
    ,(#9852,#9853,#9854,#9855
    )),.UNSPECIFIED.,.F.,.F.,.F.,(2,2),(4,4),(0.,1.),(0.,1.),
  .PIECEWISE_BEZIER_KNOTS.);
#9848 = CARTESIAN_POINT('',(1.628795313216,9.201959075525,0.));
#9849 = CARTESIAN_POINT('',(1.722040650548,8.87103399263,0.));
#9850 = CARTESIAN_POINT('',(1.796154663518,8.522292067161,0.));
#9851 = CARTESIAN_POINT('',(1.75366038645,8.177338529052,0.));
#9852 = CARTESIAN_POINT('',(1.628795313216,9.201959075525,5.));
#9853 = CARTESIAN_POINT('',(1.722040650548,8.87103399263,5.));
#9854 = CARTESIAN_POINT('',(1.796154663518,8.522292067161,5.));
#9855 = CARTESIAN_POINT('',(1.75366038645,8.177338529052,5.));
#9856 = DEFINITIONAL_REPRESENTATION('',(#9857),#9861);
#9857 = LINE('',#9858,#9859);
#9858 = CARTESIAN_POINT('',(0.,0.));
#9859 = VECTOR('',#9860,1.);
#9860 = DIRECTION('',(1.,0.));
#9861 = ( GEOMETRIC_REPRESENTATION_CONTEXT(2) 
PARAMETRIC_REPRESENTATION_CONTEXT() REPRESENTATION_CONTEXT('2D SPACE',''
  ) );
#9862 = ADVANCED_FACE('',(#9863),#9847,.T.);
#9863 = FACE_BOUND('',#9864,.T.);
#9864 = EDGE_LOOP('',(#9865,#9890,#9891,#9916));
#9865 = ORIENTED_EDGE('',*,*,#9866,.F.);
#9866 = EDGE_CURVE('',#9784,#9867,#9869,.T.);
#9867 = VERTEX_POINT('',#9868);
#9868 = CARTESIAN_POINT('',(1.75366038645,8.177338529052,0.));
#9869 = SURFACE_CURVE('',#9870,(#9875,#9882),.PCURVE_S1.);
#9870 = B_SPLINE_CURVE_WITH_KNOTS('',3,(#9871,#9872,#9873,#9874),
  .UNSPECIFIED.,.F.,.F.,(4,4),(0.,1.),.PIECEWISE_BEZIER_KNOTS.);
#9871 = CARTESIAN_POINT('',(1.628795313216,9.201959075525,0.));
#9872 = CARTESIAN_POINT('',(1.722040650548,8.87103399263,0.));
#9873 = CARTESIAN_POINT('',(1.796154663518,8.522292067161,0.));
#9874 = CARTESIAN_POINT('',(1.75366038645,8.177338529052,0.));
#9875 = PCURVE('',#9847,#9876);
#9876 = DEFINITIONAL_REPRESENTATION('',(#9877),#9881);
#9877 = LINE('',#9878,#9879);
#9878 = CARTESIAN_POINT('',(0.,0.));
#9879 = VECTOR('',#9880,1.);
#9880 = DIRECTION('',(0.,1.));
#9881 = ( GEOMETRIC_REPRESENTATION_CONTEXT(2) 
PARAMETRIC_REPRESENTATION_CONTEXT() REPRESENTATION_CONTEXT('2D SPACE',''
  ) );
#9882 = PCURVE('',#49,#9883);
#9883 = DEFINITIONAL_REPRESENTATION('',(#9884),#9889);
#9884 = B_SPLINE_CURVE_WITH_KNOTS('',3,(#9885,#9886,#9887,#9888),
  .UNSPECIFIED.,.F.,.F.,(4,4),(0.,1.),.PIECEWISE_BEZIER_KNOTS.);
#9885 = CARTESIAN_POINT('',(1.628795313216,9.201959075525));
#9886 = CARTESIAN_POINT('',(1.722040650548,8.87103399263));
#9887 = CARTESIAN_POINT('',(1.796154663518,8.522292067161));
#9888 = CARTESIAN_POINT('',(1.75366038645,8.177338529052));
#9889 = ( GEOMETRIC_REPRESENTATION_CONTEXT(2) 
PARAMETRIC_REPRESENTATION_CONTEXT() REPRESENTATION_CONTEXT('2D SPACE',''
  ) );
#9890 = ORIENTED_EDGE('',*,*,#9834,.T.);
#9891 = ORIENTED_EDGE('',*,*,#9892,.T.);
#9892 = EDGE_CURVE('',#9810,#9893,#9895,.T.);
#9893 = VERTEX_POINT('',#9894);
#9894 = CARTESIAN_POINT('',(1.75366038645,8.177338529052,5.));
#9895 = SURFACE_CURVE('',#9896,(#9901,#9908),.PCURVE_S1.);
#9896 = B_SPLINE_CURVE_WITH_KNOTS('',3,(#9897,#9898,#9899,#9900),
  .UNSPECIFIED.,.F.,.F.,(4,4),(0.,1.),.PIECEWISE_BEZIER_KNOTS.);
#9897 = CARTESIAN_POINT('',(1.628795313216,9.201959075525,5.));
#9898 = CARTESIAN_POINT('',(1.722040650548,8.87103399263,5.));
#9899 = CARTESIAN_POINT('',(1.796154663518,8.522292067161,5.));
#9900 = CARTESIAN_POINT('',(1.75366038645,8.177338529052,5.));
#9901 = PCURVE('',#9847,#9902);
#9902 = DEFINITIONAL_REPRESENTATION('',(#9903),#9907);
#9903 = LINE('',#9904,#9905);
#9904 = CARTESIAN_POINT('',(1.,0.));
#9905 = VECTOR('',#9906,1.);
#9906 = DIRECTION('',(0.,1.));
#9907 = ( GEOMETRIC_REPRESENTATION_CONTEXT(2) 
PARAMETRIC_REPRESENTATION_CONTEXT() REPRESENTATION_CONTEXT('2D SPACE',''
  ) );
#9908 = PCURVE('',#110,#9909);
#9909 = DEFINITIONAL_REPRESENTATION('',(#9910),#9915);
#9910 = B_SPLINE_CURVE_WITH_KNOTS('',3,(#9911,#9912,#9913,#9914),
  .UNSPECIFIED.,.F.,.F.,(4,4),(0.,1.),.PIECEWISE_BEZIER_KNOTS.);
#9911 = CARTESIAN_POINT('',(-1.628795313216,9.201959075525));
#9912 = CARTESIAN_POINT('',(-1.722040650548,8.87103399263));
#9913 = CARTESIAN_POINT('',(-1.796154663518,8.522292067161));
#9914 = CARTESIAN_POINT('',(-1.75366038645,8.177338529052));
#9915 = ( GEOMETRIC_REPRESENTATION_CONTEXT(2) 
PARAMETRIC_REPRESENTATION_CONTEXT() REPRESENTATION_CONTEXT('2D SPACE',''
  ) );
#9916 = ORIENTED_EDGE('',*,*,#9917,.F.);
#9917 = EDGE_CURVE('',#9867,#9893,#9918,.T.);
#9918 = SURFACE_CURVE('',#9919,(#9922,#9929),.PCURVE_S1.);
#9919 = B_SPLINE_CURVE_WITH_KNOTS('',1,(#9920,#9921),.UNSPECIFIED.,.F.,
  .F.,(2,2),(0.,1.),.PIECEWISE_BEZIER_KNOTS.);
#9920 = CARTESIAN_POINT('',(1.75366038645,8.177338529052,0.));
#9921 = CARTESIAN_POINT('',(1.75366038645,8.177338529052,5.));
#9922 = PCURVE('',#9847,#9923);
#9923 = DEFINITIONAL_REPRESENTATION('',(#9924),#9928);
#9924 = LINE('',#9925,#9926);
#9925 = CARTESIAN_POINT('',(0.,1.));
#9926 = VECTOR('',#9927,1.);
#9927 = DIRECTION('',(1.,0.));
#9928 = ( GEOMETRIC_REPRESENTATION_CONTEXT(2) 
PARAMETRIC_REPRESENTATION_CONTEXT() REPRESENTATION_CONTEXT('2D SPACE',''
  ) );
#9929 = PCURVE('',#9930,#9939);
#9930 = B_SPLINE_SURFACE_WITH_KNOTS('',1,3,(
    (#9931,#9932,#9933,#9934)
    ,(#9935,#9936,#9937,#9938
    )),.UNSPECIFIED.,.F.,.F.,.F.,(2,2),(4,4),(0.,1.),(0.,1.),
  .PIECEWISE_BEZIER_KNOTS.);
#9931 = CARTESIAN_POINT('',(1.75366038645,8.177338529052,0.));
#9932 = CARTESIAN_POINT('',(1.879217720785,8.123848092656,0.));
#9933 = CARTESIAN_POINT('',(2.013754605803,8.09154864425,0.));
#9934 = CARTESIAN_POINT('',(2.149911159806,8.0822071351,0.));
#9935 = CARTESIAN_POINT('',(1.75366038645,8.177338529052,5.));
#9936 = CARTESIAN_POINT('',(1.879217720785,8.123848092656,5.));
#9937 = CARTESIAN_POINT('',(2.013754605803,8.09154864425,5.));
#9938 = CARTESIAN_POINT('',(2.149911159806,8.0822071351,5.));
#9939 = DEFINITIONAL_REPRESENTATION('',(#9940),#9944);
#9940 = LINE('',#9941,#9942);
#9941 = CARTESIAN_POINT('',(0.,0.));
#9942 = VECTOR('',#9943,1.);
#9943 = DIRECTION('',(1.,0.));
#9944 = ( GEOMETRIC_REPRESENTATION_CONTEXT(2) 
PARAMETRIC_REPRESENTATION_CONTEXT() REPRESENTATION_CONTEXT('2D SPACE',''
  ) );
#9945 = ADVANCED_FACE('',(#9946),#9930,.T.);
#9946 = FACE_BOUND('',#9947,.T.);
#9947 = EDGE_LOOP('',(#9948,#9973,#9974,#9999));
#9948 = ORIENTED_EDGE('',*,*,#9949,.F.);
#9949 = EDGE_CURVE('',#9867,#9950,#9952,.T.);
#9950 = VERTEX_POINT('',#9951);
#9951 = CARTESIAN_POINT('',(2.149911159806,8.0822071351,0.));
#9952 = SURFACE_CURVE('',#9953,(#9958,#9965),.PCURVE_S1.);
#9953 = B_SPLINE_CURVE_WITH_KNOTS('',3,(#9954,#9955,#9956,#9957),
  .UNSPECIFIED.,.F.,.F.,(4,4),(0.,1.),.PIECEWISE_BEZIER_KNOTS.);
#9954 = CARTESIAN_POINT('',(1.75366038645,8.177338529052,0.));
#9955 = CARTESIAN_POINT('',(1.879217720785,8.123848092656,0.));
#9956 = CARTESIAN_POINT('',(2.013754605803,8.09154864425,0.));
#9957 = CARTESIAN_POINT('',(2.149911159806,8.0822071351,0.));
#9958 = PCURVE('',#9930,#9959);
#9959 = DEFINITIONAL_REPRESENTATION('',(#9960),#9964);
#9960 = LINE('',#9961,#9962);
#9961 = CARTESIAN_POINT('',(0.,0.));
#9962 = VECTOR('',#9963,1.);
#9963 = DIRECTION('',(0.,1.));
#9964 = ( GEOMETRIC_REPRESENTATION_CONTEXT(2) 
PARAMETRIC_REPRESENTATION_CONTEXT() REPRESENTATION_CONTEXT('2D SPACE',''
  ) );
#9965 = PCURVE('',#49,#9966);
#9966 = DEFINITIONAL_REPRESENTATION('',(#9967),#9972);
#9967 = B_SPLINE_CURVE_WITH_KNOTS('',3,(#9968,#9969,#9970,#9971),
  .UNSPECIFIED.,.F.,.F.,(4,4),(0.,1.),.PIECEWISE_BEZIER_KNOTS.);
#9968 = CARTESIAN_POINT('',(1.75366038645,8.177338529052));
#9969 = CARTESIAN_POINT('',(1.879217720785,8.123848092656));
#9970 = CARTESIAN_POINT('',(2.013754605803,8.09154864425));
#9971 = CARTESIAN_POINT('',(2.149911159806,8.0822071351));
#9972 = ( GEOMETRIC_REPRESENTATION_CONTEXT(2) 
PARAMETRIC_REPRESENTATION_CONTEXT() REPRESENTATION_CONTEXT('2D SPACE',''
  ) );
#9973 = ORIENTED_EDGE('',*,*,#9917,.T.);
#9974 = ORIENTED_EDGE('',*,*,#9975,.T.);
#9975 = EDGE_CURVE('',#9893,#9976,#9978,.T.);
#9976 = VERTEX_POINT('',#9977);
#9977 = CARTESIAN_POINT('',(2.149911159806,8.0822071351,5.));
#9978 = SURFACE_CURVE('',#9979,(#9984,#9991),.PCURVE_S1.);
#9979 = B_SPLINE_CURVE_WITH_KNOTS('',3,(#9980,#9981,#9982,#9983),
  .UNSPECIFIED.,.F.,.F.,(4,4),(0.,1.),.PIECEWISE_BEZIER_KNOTS.);
#9980 = CARTESIAN_POINT('',(1.75366038645,8.177338529052,5.));
#9981 = CARTESIAN_POINT('',(1.879217720785,8.123848092656,5.));
#9982 = CARTESIAN_POINT('',(2.013754605803,8.09154864425,5.));
#9983 = CARTESIAN_POINT('',(2.149911159806,8.0822071351,5.));
#9984 = PCURVE('',#9930,#9985);
#9985 = DEFINITIONAL_REPRESENTATION('',(#9986),#9990);
#9986 = LINE('',#9987,#9988);
#9987 = CARTESIAN_POINT('',(1.,0.));
#9988 = VECTOR('',#9989,1.);
#9989 = DIRECTION('',(0.,1.));
#9990 = ( GEOMETRIC_REPRESENTATION_CONTEXT(2) 
PARAMETRIC_REPRESENTATION_CONTEXT() REPRESENTATION_CONTEXT('2D SPACE',''
  ) );
#9991 = PCURVE('',#110,#9992);
#9992 = DEFINITIONAL_REPRESENTATION('',(#9993),#9998);
#9993 = B_SPLINE_CURVE_WITH_KNOTS('',3,(#9994,#9995,#9996,#9997),
  .UNSPECIFIED.,.F.,.F.,(4,4),(0.,1.),.PIECEWISE_BEZIER_KNOTS.);
#9994 = CARTESIAN_POINT('',(-1.75366038645,8.177338529052));
#9995 = CARTESIAN_POINT('',(-1.879217720785,8.123848092656));
#9996 = CARTESIAN_POINT('',(-2.013754605803,8.09154864425));
#9997 = CARTESIAN_POINT('',(-2.149911159806,8.0822071351));
#9998 = ( GEOMETRIC_REPRESENTATION_CONTEXT(2) 
PARAMETRIC_REPRESENTATION_CONTEXT() REPRESENTATION_CONTEXT('2D SPACE',''
  ) );
#9999 = ORIENTED_EDGE('',*,*,#10000,.F.);
#10000 = EDGE_CURVE('',#9950,#9976,#10001,.T.);
#10001 = SURFACE_CURVE('',#10002,(#10005,#10012),.PCURVE_S1.);
#10002 = B_SPLINE_CURVE_WITH_KNOTS('',1,(#10003,#10004),.UNSPECIFIED.,
  .F.,.F.,(2,2),(0.,1.),.PIECEWISE_BEZIER_KNOTS.);
#10003 = CARTESIAN_POINT('',(2.149911159806,8.0822071351,0.));
#10004 = CARTESIAN_POINT('',(2.149911159806,8.0822071351,5.));
#10005 = PCURVE('',#9930,#10006);
#10006 = DEFINITIONAL_REPRESENTATION('',(#10007),#10011);
#10007 = LINE('',#10008,#10009);
#10008 = CARTESIAN_POINT('',(0.,1.));
#10009 = VECTOR('',#10010,1.);
#10010 = DIRECTION('',(1.,0.));
#10011 = ( GEOMETRIC_REPRESENTATION_CONTEXT(2) 
PARAMETRIC_REPRESENTATION_CONTEXT() REPRESENTATION_CONTEXT('2D SPACE',''
  ) );
#10012 = PCURVE('',#10013,#10022);
#10013 = B_SPLINE_SURFACE_WITH_KNOTS('',1,3,(
    (#10014,#10015,#10016,#10017)
    ,(#10018,#10019,#10020,#10021
    )),.UNSPECIFIED.,.F.,.F.,.F.,(2,2),(4,4),(0.,1.),(0.,1.),
  .PIECEWISE_BEZIER_KNOTS.);
#10014 = CARTESIAN_POINT('',(2.149911159806,8.0822071351,0.));
#10015 = CARTESIAN_POINT('',(2.26865411085,8.408854986179,0.));
#10016 = CARTESIAN_POINT('',(2.493015700965,8.685939259244,0.));
#10017 = CARTESIAN_POINT('',(2.726334748637,8.938463169828,0.));
#10018 = CARTESIAN_POINT('',(2.149911159806,8.0822071351,5.));
#10019 = CARTESIAN_POINT('',(2.26865411085,8.408854986179,5.));
#10020 = CARTESIAN_POINT('',(2.493015700965,8.685939259244,5.));
#10021 = CARTESIAN_POINT('',(2.726334748637,8.938463169828,5.));
#10022 = DEFINITIONAL_REPRESENTATION('',(#10023),#10027);
#10023 = LINE('',#10024,#10025);
#10024 = CARTESIAN_POINT('',(0.,0.));
#10025 = VECTOR('',#10026,1.);
#10026 = DIRECTION('',(1.,0.));
#10027 = ( GEOMETRIC_REPRESENTATION_CONTEXT(2) 
PARAMETRIC_REPRESENTATION_CONTEXT() REPRESENTATION_CONTEXT('2D SPACE',''
  ) );
#10028 = ADVANCED_FACE('',(#10029),#10013,.T.);
#10029 = FACE_BOUND('',#10030,.T.);
#10030 = EDGE_LOOP('',(#10031,#10056,#10057,#10082));
#10031 = ORIENTED_EDGE('',*,*,#10032,.F.);
#10032 = EDGE_CURVE('',#9950,#10033,#10035,.T.);
#10033 = VERTEX_POINT('',#10034);
#10034 = CARTESIAN_POINT('',(2.726334748637,8.938463169828,0.));
#10035 = SURFACE_CURVE('',#10036,(#10041,#10048),.PCURVE_S1.);
#10036 = B_SPLINE_CURVE_WITH_KNOTS('',3,(#10037,#10038,#10039,#10040),
  .UNSPECIFIED.,.F.,.F.,(4,4),(0.,1.),.PIECEWISE_BEZIER_KNOTS.);
#10037 = CARTESIAN_POINT('',(2.149911159806,8.0822071351,0.));
#10038 = CARTESIAN_POINT('',(2.26865411085,8.408854986179,0.));
#10039 = CARTESIAN_POINT('',(2.493015700965,8.685939259244,0.));
#10040 = CARTESIAN_POINT('',(2.726334748637,8.938463169828,0.));
#10041 = PCURVE('',#10013,#10042);
#10042 = DEFINITIONAL_REPRESENTATION('',(#10043),#10047);
#10043 = LINE('',#10044,#10045);
#10044 = CARTESIAN_POINT('',(0.,0.));
#10045 = VECTOR('',#10046,1.);
#10046 = DIRECTION('',(0.,1.));
#10047 = ( GEOMETRIC_REPRESENTATION_CONTEXT(2) 
PARAMETRIC_REPRESENTATION_CONTEXT() REPRESENTATION_CONTEXT('2D SPACE',''
  ) );
#10048 = PCURVE('',#49,#10049);
#10049 = DEFINITIONAL_REPRESENTATION('',(#10050),#10055);
#10050 = B_SPLINE_CURVE_WITH_KNOTS('',3,(#10051,#10052,#10053,#10054),
  .UNSPECIFIED.,.F.,.F.,(4,4),(0.,1.),.PIECEWISE_BEZIER_KNOTS.);
#10051 = CARTESIAN_POINT('',(2.149911159806,8.0822071351));
#10052 = CARTESIAN_POINT('',(2.26865411085,8.408854986179));
#10053 = CARTESIAN_POINT('',(2.493015700965,8.685939259244));
#10054 = CARTESIAN_POINT('',(2.726334748637,8.938463169828));
#10055 = ( GEOMETRIC_REPRESENTATION_CONTEXT(2) 
PARAMETRIC_REPRESENTATION_CONTEXT() REPRESENTATION_CONTEXT('2D SPACE',''
  ) );
#10056 = ORIENTED_EDGE('',*,*,#10000,.T.);
#10057 = ORIENTED_EDGE('',*,*,#10058,.T.);
#10058 = EDGE_CURVE('',#9976,#10059,#10061,.T.);
#10059 = VERTEX_POINT('',#10060);
#10060 = CARTESIAN_POINT('',(2.726334748637,8.938463169828,5.));
#10061 = SURFACE_CURVE('',#10062,(#10067,#10074),.PCURVE_S1.);
#10062 = B_SPLINE_CURVE_WITH_KNOTS('',3,(#10063,#10064,#10065,#10066),
  .UNSPECIFIED.,.F.,.F.,(4,4),(0.,1.),.PIECEWISE_BEZIER_KNOTS.);
#10063 = CARTESIAN_POINT('',(2.149911159806,8.0822071351,5.));
#10064 = CARTESIAN_POINT('',(2.26865411085,8.408854986179,5.));
#10065 = CARTESIAN_POINT('',(2.493015700965,8.685939259244,5.));
#10066 = CARTESIAN_POINT('',(2.726334748637,8.938463169828,5.));
#10067 = PCURVE('',#10013,#10068);
#10068 = DEFINITIONAL_REPRESENTATION('',(#10069),#10073);
#10069 = LINE('',#10070,#10071);
#10070 = CARTESIAN_POINT('',(1.,0.));
#10071 = VECTOR('',#10072,1.);
#10072 = DIRECTION('',(0.,1.));
#10073 = ( GEOMETRIC_REPRESENTATION_CONTEXT(2) 
PARAMETRIC_REPRESENTATION_CONTEXT() REPRESENTATION_CONTEXT('2D SPACE',''
  ) );
#10074 = PCURVE('',#110,#10075);
#10075 = DEFINITIONAL_REPRESENTATION('',(#10076),#10081);
#10076 = B_SPLINE_CURVE_WITH_KNOTS('',3,(#10077,#10078,#10079,#10080),
  .UNSPECIFIED.,.F.,.F.,(4,4),(0.,1.),.PIECEWISE_BEZIER_KNOTS.);
#10077 = CARTESIAN_POINT('',(-2.149911159806,8.0822071351));
#10078 = CARTESIAN_POINT('',(-2.26865411085,8.408854986179));
#10079 = CARTESIAN_POINT('',(-2.493015700965,8.685939259244));
#10080 = CARTESIAN_POINT('',(-2.726334748637,8.938463169828));
#10081 = ( GEOMETRIC_REPRESENTATION_CONTEXT(2) 
PARAMETRIC_REPRESENTATION_CONTEXT() REPRESENTATION_CONTEXT('2D SPACE',''
  ) );
#10082 = ORIENTED_EDGE('',*,*,#10083,.F.);
#10083 = EDGE_CURVE('',#10033,#10059,#10084,.T.);
#10084 = SURFACE_CURVE('',#10085,(#10088,#10095),.PCURVE_S1.);
#10085 = B_SPLINE_CURVE_WITH_KNOTS('',1,(#10086,#10087),.UNSPECIFIED.,
  .F.,.F.,(2,2),(0.,1.),.PIECEWISE_BEZIER_KNOTS.);
#10086 = CARTESIAN_POINT('',(2.726334748637,8.938463169828,0.));
#10087 = CARTESIAN_POINT('',(2.726334748637,8.938463169828,5.));
#10088 = PCURVE('',#10013,#10089);
#10089 = DEFINITIONAL_REPRESENTATION('',(#10090),#10094);
#10090 = LINE('',#10091,#10092);
#10091 = CARTESIAN_POINT('',(0.,1.));
#10092 = VECTOR('',#10093,1.);
#10093 = DIRECTION('',(1.,0.));
#10094 = ( GEOMETRIC_REPRESENTATION_CONTEXT(2) 
PARAMETRIC_REPRESENTATION_CONTEXT() REPRESENTATION_CONTEXT('2D SPACE',''
  ) );
#10095 = PCURVE('',#10096,#10105);
#10096 = B_SPLINE_SURFACE_WITH_KNOTS('',1,3,(
    (#10097,#10098,#10099,#10100)
    ,(#10101,#10102,#10103,#10104
    )),.UNSPECIFIED.,.F.,.F.,.F.,(2,2),(4,4),(0.,1.),(0.,1.),
  .PIECEWISE_BEZIER_KNOTS.);
#10097 = CARTESIAN_POINT('',(2.726334748637,8.938463169828,0.));
#10098 = CARTESIAN_POINT('',(2.834258119878,8.905545342203,0.));
#10099 = CARTESIAN_POINT('',(2.941585230342,8.870672650073,0.));
#10100 = CARTESIAN_POINT('',(3.048245685382,8.833867966047,0.));
#10101 = CARTESIAN_POINT('',(2.726334748637,8.938463169828,5.));
#10102 = CARTESIAN_POINT('',(2.834258119878,8.905545342203,5.));
#10103 = CARTESIAN_POINT('',(2.941585230342,8.870672650073,5.));
#10104 = CARTESIAN_POINT('',(3.048245685382,8.833867966047,5.));
#10105 = DEFINITIONAL_REPRESENTATION('',(#10106),#10110);
#10106 = LINE('',#10107,#10108);
#10107 = CARTESIAN_POINT('',(0.,0.));
#10108 = VECTOR('',#10109,1.);
#10109 = DIRECTION('',(1.,0.));
#10110 = ( GEOMETRIC_REPRESENTATION_CONTEXT(2) 
PARAMETRIC_REPRESENTATION_CONTEXT() REPRESENTATION_CONTEXT('2D SPACE',''
  ) );
#10111 = ADVANCED_FACE('',(#10112),#10096,.T.);
#10112 = FACE_BOUND('',#10113,.T.);
#10113 = EDGE_LOOP('',(#10114,#10139,#10140,#10165));
#10114 = ORIENTED_EDGE('',*,*,#10115,.F.);
#10115 = EDGE_CURVE('',#10033,#10116,#10118,.T.);
#10116 = VERTEX_POINT('',#10117);
#10117 = CARTESIAN_POINT('',(3.048245685382,8.833867966047,0.));
#10118 = SURFACE_CURVE('',#10119,(#10124,#10131),.PCURVE_S1.);
#10119 = B_SPLINE_CURVE_WITH_KNOTS('',3,(#10120,#10121,#10122,#10123),
  .UNSPECIFIED.,.F.,.F.,(4,4),(0.,1.),.PIECEWISE_BEZIER_KNOTS.);
#10120 = CARTESIAN_POINT('',(2.726334748637,8.938463169828,0.));
#10121 = CARTESIAN_POINT('',(2.834258119878,8.905545342203,0.));
#10122 = CARTESIAN_POINT('',(2.941585230342,8.870672650073,0.));
#10123 = CARTESIAN_POINT('',(3.048245685382,8.833867966047,0.));
#10124 = PCURVE('',#10096,#10125);
#10125 = DEFINITIONAL_REPRESENTATION('',(#10126),#10130);
#10126 = LINE('',#10127,#10128);
#10127 = CARTESIAN_POINT('',(0.,0.));
#10128 = VECTOR('',#10129,1.);
#10129 = DIRECTION('',(0.,1.));
#10130 = ( GEOMETRIC_REPRESENTATION_CONTEXT(2) 
PARAMETRIC_REPRESENTATION_CONTEXT() REPRESENTATION_CONTEXT('2D SPACE',''
  ) );
#10131 = PCURVE('',#49,#10132);
#10132 = DEFINITIONAL_REPRESENTATION('',(#10133),#10138);
#10133 = B_SPLINE_CURVE_WITH_KNOTS('',3,(#10134,#10135,#10136,#10137),
  .UNSPECIFIED.,.F.,.F.,(4,4),(0.,1.),.PIECEWISE_BEZIER_KNOTS.);
#10134 = CARTESIAN_POINT('',(2.726334748637,8.938463169828));
#10135 = CARTESIAN_POINT('',(2.834258119878,8.905545342203));
#10136 = CARTESIAN_POINT('',(2.941585230342,8.870672650073));
#10137 = CARTESIAN_POINT('',(3.048245685382,8.833867966047));
#10138 = ( GEOMETRIC_REPRESENTATION_CONTEXT(2) 
PARAMETRIC_REPRESENTATION_CONTEXT() REPRESENTATION_CONTEXT('2D SPACE',''
  ) );
#10139 = ORIENTED_EDGE('',*,*,#10083,.T.);
#10140 = ORIENTED_EDGE('',*,*,#10141,.T.);
#10141 = EDGE_CURVE('',#10059,#10142,#10144,.T.);
#10142 = VERTEX_POINT('',#10143);
#10143 = CARTESIAN_POINT('',(3.048245685382,8.833867966047,5.));
#10144 = SURFACE_CURVE('',#10145,(#10150,#10157),.PCURVE_S1.);
#10145 = B_SPLINE_CURVE_WITH_KNOTS('',3,(#10146,#10147,#10148,#10149),
  .UNSPECIFIED.,.F.,.F.,(4,4),(0.,1.),.PIECEWISE_BEZIER_KNOTS.);
#10146 = CARTESIAN_POINT('',(2.726334748637,8.938463169828,5.));
#10147 = CARTESIAN_POINT('',(2.834258119878,8.905545342203,5.));
#10148 = CARTESIAN_POINT('',(2.941585230342,8.870672650073,5.));
#10149 = CARTESIAN_POINT('',(3.048245685382,8.833867966047,5.));
#10150 = PCURVE('',#10096,#10151);
#10151 = DEFINITIONAL_REPRESENTATION('',(#10152),#10156);
#10152 = LINE('',#10153,#10154);
#10153 = CARTESIAN_POINT('',(1.,0.));
#10154 = VECTOR('',#10155,1.);
#10155 = DIRECTION('',(0.,1.));
#10156 = ( GEOMETRIC_REPRESENTATION_CONTEXT(2) 
PARAMETRIC_REPRESENTATION_CONTEXT() REPRESENTATION_CONTEXT('2D SPACE',''
  ) );
#10157 = PCURVE('',#110,#10158);
#10158 = DEFINITIONAL_REPRESENTATION('',(#10159),#10164);
#10159 = B_SPLINE_CURVE_WITH_KNOTS('',3,(#10160,#10161,#10162,#10163),
  .UNSPECIFIED.,.F.,.F.,(4,4),(0.,1.),.PIECEWISE_BEZIER_KNOTS.);
#10160 = CARTESIAN_POINT('',(-2.726334748637,8.938463169828));
#10161 = CARTESIAN_POINT('',(-2.834258119878,8.905545342202));
#10162 = CARTESIAN_POINT('',(-2.941585230342,8.870672650073));
#10163 = CARTESIAN_POINT('',(-3.048245685382,8.833867966047));
#10164 = ( GEOMETRIC_REPRESENTATION_CONTEXT(2) 
PARAMETRIC_REPRESENTATION_CONTEXT() REPRESENTATION_CONTEXT('2D SPACE',''
  ) );
#10165 = ORIENTED_EDGE('',*,*,#10166,.F.);
#10166 = EDGE_CURVE('',#10116,#10142,#10167,.T.);
#10167 = SURFACE_CURVE('',#10168,(#10171,#10178),.PCURVE_S1.);
#10168 = B_SPLINE_CURVE_WITH_KNOTS('',1,(#10169,#10170),.UNSPECIFIED.,
  .F.,.F.,(2,2),(0.,1.),.PIECEWISE_BEZIER_KNOTS.);
#10169 = CARTESIAN_POINT('',(3.048245685382,8.833867966047,0.));
#10170 = CARTESIAN_POINT('',(3.048245685382,8.833867966047,5.));
#10171 = PCURVE('',#10096,#10172);
#10172 = DEFINITIONAL_REPRESENTATION('',(#10173),#10177);
#10173 = LINE('',#10174,#10175);
#10174 = CARTESIAN_POINT('',(0.,1.));
#10175 = VECTOR('',#10176,1.);
#10176 = DIRECTION('',(1.,0.));
#10177 = ( GEOMETRIC_REPRESENTATION_CONTEXT(2) 
PARAMETRIC_REPRESENTATION_CONTEXT() REPRESENTATION_CONTEXT('2D SPACE',''
  ) );
#10178 = PCURVE('',#10179,#10188);
#10179 = B_SPLINE_SURFACE_WITH_KNOTS('',1,3,(
    (#10180,#10181,#10182,#10183)
    ,(#10184,#10185,#10186,#10187
    )),.UNSPECIFIED.,.F.,.F.,.F.,(2,2),(4,4),(0.,1.),(0.,1.),
  .PIECEWISE_BEZIER_KNOTS.);
#10180 = CARTESIAN_POINT('',(3.048245685382,8.833867966047,0.));
#10181 = CARTESIAN_POINT('',(3.088574929568,8.492430335598,0.));
#10182 = CARTESIAN_POINT('',(3.107221219506,8.136388015964,0.));
#10183 = CARTESIAN_POINT('',(3.011287495305,7.802328997828,0.));
#10184 = CARTESIAN_POINT('',(3.048245685382,8.833867966047,5.));
#10185 = CARTESIAN_POINT('',(3.088574929568,8.492430335598,5.));
#10186 = CARTESIAN_POINT('',(3.107221219506,8.136388015964,5.));
#10187 = CARTESIAN_POINT('',(3.011287495305,7.802328997828,5.));
#10188 = DEFINITIONAL_REPRESENTATION('',(#10189),#10193);
#10189 = LINE('',#10190,#10191);
#10190 = CARTESIAN_POINT('',(0.,0.));
#10191 = VECTOR('',#10192,1.);
#10192 = DIRECTION('',(1.,0.));
#10193 = ( GEOMETRIC_REPRESENTATION_CONTEXT(2) 
PARAMETRIC_REPRESENTATION_CONTEXT() REPRESENTATION_CONTEXT('2D SPACE',''
  ) );
#10194 = ADVANCED_FACE('',(#10195),#10179,.T.);
#10195 = FACE_BOUND('',#10196,.T.);
#10196 = EDGE_LOOP('',(#10197,#10222,#10223,#10248));
#10197 = ORIENTED_EDGE('',*,*,#10198,.F.);
#10198 = EDGE_CURVE('',#10116,#10199,#10201,.T.);
#10199 = VERTEX_POINT('',#10200);
#10200 = CARTESIAN_POINT('',(3.011287495305,7.802328997828,0.));
#10201 = SURFACE_CURVE('',#10202,(#10207,#10214),.PCURVE_S1.);
#10202 = B_SPLINE_CURVE_WITH_KNOTS('',3,(#10203,#10204,#10205,#10206),
  .UNSPECIFIED.,.F.,.F.,(4,4),(0.,1.),.PIECEWISE_BEZIER_KNOTS.);
#10203 = CARTESIAN_POINT('',(3.048245685382,8.833867966047,0.));
#10204 = CARTESIAN_POINT('',(3.088574929568,8.492430335598,0.));
#10205 = CARTESIAN_POINT('',(3.107221219506,8.136388015964,0.));
#10206 = CARTESIAN_POINT('',(3.011287495305,7.802328997828,0.));
#10207 = PCURVE('',#10179,#10208);
#10208 = DEFINITIONAL_REPRESENTATION('',(#10209),#10213);
#10209 = LINE('',#10210,#10211);
#10210 = CARTESIAN_POINT('',(0.,0.));
#10211 = VECTOR('',#10212,1.);
#10212 = DIRECTION('',(0.,1.));
#10213 = ( GEOMETRIC_REPRESENTATION_CONTEXT(2) 
PARAMETRIC_REPRESENTATION_CONTEXT() REPRESENTATION_CONTEXT('2D SPACE',''
  ) );
#10214 = PCURVE('',#49,#10215);
#10215 = DEFINITIONAL_REPRESENTATION('',(#10216),#10221);
#10216 = B_SPLINE_CURVE_WITH_KNOTS('',3,(#10217,#10218,#10219,#10220),
  .UNSPECIFIED.,.F.,.F.,(4,4),(0.,1.),.PIECEWISE_BEZIER_KNOTS.);
#10217 = CARTESIAN_POINT('',(3.048245685382,8.833867966047));
#10218 = CARTESIAN_POINT('',(3.088574929568,8.492430335598));
#10219 = CARTESIAN_POINT('',(3.107221219506,8.136388015964));
#10220 = CARTESIAN_POINT('',(3.011287495305,7.802328997828));
#10221 = ( GEOMETRIC_REPRESENTATION_CONTEXT(2) 
PARAMETRIC_REPRESENTATION_CONTEXT() REPRESENTATION_CONTEXT('2D SPACE',''
  ) );
#10222 = ORIENTED_EDGE('',*,*,#10166,.T.);
#10223 = ORIENTED_EDGE('',*,*,#10224,.T.);
#10224 = EDGE_CURVE('',#10142,#10225,#10227,.T.);
#10225 = VERTEX_POINT('',#10226);
#10226 = CARTESIAN_POINT('',(3.011287495305,7.802328997828,5.));
#10227 = SURFACE_CURVE('',#10228,(#10233,#10240),.PCURVE_S1.);
#10228 = B_SPLINE_CURVE_WITH_KNOTS('',3,(#10229,#10230,#10231,#10232),
  .UNSPECIFIED.,.F.,.F.,(4,4),(0.,1.),.PIECEWISE_BEZIER_KNOTS.);
#10229 = CARTESIAN_POINT('',(3.048245685382,8.833867966047,5.));
#10230 = CARTESIAN_POINT('',(3.088574929568,8.492430335598,5.));
#10231 = CARTESIAN_POINT('',(3.107221219506,8.136388015964,5.));
#10232 = CARTESIAN_POINT('',(3.011287495305,7.802328997828,5.));
#10233 = PCURVE('',#10179,#10234);
#10234 = DEFINITIONAL_REPRESENTATION('',(#10235),#10239);
#10235 = LINE('',#10236,#10237);
#10236 = CARTESIAN_POINT('',(1.,0.));
#10237 = VECTOR('',#10238,1.);
#10238 = DIRECTION('',(0.,1.));
#10239 = ( GEOMETRIC_REPRESENTATION_CONTEXT(2) 
PARAMETRIC_REPRESENTATION_CONTEXT() REPRESENTATION_CONTEXT('2D SPACE',''
  ) );
#10240 = PCURVE('',#110,#10241);
#10241 = DEFINITIONAL_REPRESENTATION('',(#10242),#10247);
#10242 = B_SPLINE_CURVE_WITH_KNOTS('',3,(#10243,#10244,#10245,#10246),
  .UNSPECIFIED.,.F.,.F.,(4,4),(0.,1.),.PIECEWISE_BEZIER_KNOTS.);
#10243 = CARTESIAN_POINT('',(-3.048245685382,8.833867966047));
#10244 = CARTESIAN_POINT('',(-3.088574929568,8.492430335598));
#10245 = CARTESIAN_POINT('',(-3.107221219506,8.136388015964));
#10246 = CARTESIAN_POINT('',(-3.011287495305,7.802328997828));
#10247 = ( GEOMETRIC_REPRESENTATION_CONTEXT(2) 
PARAMETRIC_REPRESENTATION_CONTEXT() REPRESENTATION_CONTEXT('2D SPACE',''
  ) );
#10248 = ORIENTED_EDGE('',*,*,#10249,.F.);
#10249 = EDGE_CURVE('',#10199,#10225,#10250,.T.);
#10250 = SURFACE_CURVE('',#10251,(#10254,#10261),.PCURVE_S1.);
#10251 = B_SPLINE_CURVE_WITH_KNOTS('',1,(#10252,#10253),.UNSPECIFIED.,
  .F.,.F.,(2,2),(0.,1.),.PIECEWISE_BEZIER_KNOTS.);
#10252 = CARTESIAN_POINT('',(3.011287495305,7.802328997828,0.));
#10253 = CARTESIAN_POINT('',(3.011287495305,7.802328997828,5.));
#10254 = PCURVE('',#10179,#10255);
#10255 = DEFINITIONAL_REPRESENTATION('',(#10256),#10260);
#10256 = LINE('',#10257,#10258);
#10257 = CARTESIAN_POINT('',(0.,1.));
#10258 = VECTOR('',#10259,1.);
#10259 = DIRECTION('',(1.,0.));
#10260 = ( GEOMETRIC_REPRESENTATION_CONTEXT(2) 
PARAMETRIC_REPRESENTATION_CONTEXT() REPRESENTATION_CONTEXT('2D SPACE',''
  ) );
#10261 = PCURVE('',#10262,#10271);
#10262 = B_SPLINE_SURFACE_WITH_KNOTS('',1,3,(
    (#10263,#10264,#10265,#10266)
    ,(#10267,#10268,#10269,#10270
    )),.UNSPECIFIED.,.F.,.F.,.F.,(2,2),(4,4),(0.,1.),(0.,1.),
  .PIECEWISE_BEZIER_KNOTS.);
#10263 = CARTESIAN_POINT('',(3.011287495305,7.802328997828,0.));
#10264 = CARTESIAN_POINT('',(3.126931262702,7.729855623037,0.));
#10265 = CARTESIAN_POINT('',(3.254759028482,7.676907628803,0.));
#10266 = CARTESIAN_POINT('',(3.38777793538,7.646381551445,0.));
#10267 = CARTESIAN_POINT('',(3.011287495305,7.802328997828,5.));
#10268 = CARTESIAN_POINT('',(3.126931262702,7.729855623037,5.));
#10269 = CARTESIAN_POINT('',(3.254759028482,7.676907628803,5.));
#10270 = CARTESIAN_POINT('',(3.38777793538,7.646381551445,5.));
#10271 = DEFINITIONAL_REPRESENTATION('',(#10272),#10276);
#10272 = LINE('',#10273,#10274);
#10273 = CARTESIAN_POINT('',(0.,0.));
#10274 = VECTOR('',#10275,1.);
#10275 = DIRECTION('',(1.,0.));
#10276 = ( GEOMETRIC_REPRESENTATION_CONTEXT(2) 
PARAMETRIC_REPRESENTATION_CONTEXT() REPRESENTATION_CONTEXT('2D SPACE',''
  ) );
#10277 = ADVANCED_FACE('',(#10278),#10262,.T.);
#10278 = FACE_BOUND('',#10279,.T.);
#10279 = EDGE_LOOP('',(#10280,#10305,#10306,#10331));
#10280 = ORIENTED_EDGE('',*,*,#10281,.F.);
#10281 = EDGE_CURVE('',#10199,#10282,#10284,.T.);
#10282 = VERTEX_POINT('',#10283);
#10283 = CARTESIAN_POINT('',(3.38777793538,7.646381551445,0.));
#10284 = SURFACE_CURVE('',#10285,(#10290,#10297),.PCURVE_S1.);
#10285 = B_SPLINE_CURVE_WITH_KNOTS('',3,(#10286,#10287,#10288,#10289),
  .UNSPECIFIED.,.F.,.F.,(4,4),(0.,1.),.PIECEWISE_BEZIER_KNOTS.);
#10286 = CARTESIAN_POINT('',(3.011287495305,7.802328997828,0.));
#10287 = CARTESIAN_POINT('',(3.126931262702,7.729855623037,0.));
#10288 = CARTESIAN_POINT('',(3.254759028482,7.676907628803,0.));
#10289 = CARTESIAN_POINT('',(3.38777793538,7.646381551445,0.));
#10290 = PCURVE('',#10262,#10291);
#10291 = DEFINITIONAL_REPRESENTATION('',(#10292),#10296);
#10292 = LINE('',#10293,#10294);
#10293 = CARTESIAN_POINT('',(0.,0.));
#10294 = VECTOR('',#10295,1.);
#10295 = DIRECTION('',(0.,1.));
#10296 = ( GEOMETRIC_REPRESENTATION_CONTEXT(2) 
PARAMETRIC_REPRESENTATION_CONTEXT() REPRESENTATION_CONTEXT('2D SPACE',''
  ) );
#10297 = PCURVE('',#49,#10298);
#10298 = DEFINITIONAL_REPRESENTATION('',(#10299),#10304);
#10299 = B_SPLINE_CURVE_WITH_KNOTS('',3,(#10300,#10301,#10302,#10303),
  .UNSPECIFIED.,.F.,.F.,(4,4),(0.,1.),.PIECEWISE_BEZIER_KNOTS.);
#10300 = CARTESIAN_POINT('',(3.011287495305,7.802328997828));
#10301 = CARTESIAN_POINT('',(3.126931262702,7.729855623037));
#10302 = CARTESIAN_POINT('',(3.254759028482,7.676907628803));
#10303 = CARTESIAN_POINT('',(3.38777793538,7.646381551445));
#10304 = ( GEOMETRIC_REPRESENTATION_CONTEXT(2) 
PARAMETRIC_REPRESENTATION_CONTEXT() REPRESENTATION_CONTEXT('2D SPACE',''
  ) );
#10305 = ORIENTED_EDGE('',*,*,#10249,.T.);
#10306 = ORIENTED_EDGE('',*,*,#10307,.T.);
#10307 = EDGE_CURVE('',#10225,#10308,#10310,.T.);
#10308 = VERTEX_POINT('',#10309);
#10309 = CARTESIAN_POINT('',(3.38777793538,7.646381551445,5.));
#10310 = SURFACE_CURVE('',#10311,(#10316,#10323),.PCURVE_S1.);
#10311 = B_SPLINE_CURVE_WITH_KNOTS('',3,(#10312,#10313,#10314,#10315),
  .UNSPECIFIED.,.F.,.F.,(4,4),(0.,1.),.PIECEWISE_BEZIER_KNOTS.);
#10312 = CARTESIAN_POINT('',(3.011287495305,7.802328997828,5.));
#10313 = CARTESIAN_POINT('',(3.126931262702,7.729855623037,5.));
#10314 = CARTESIAN_POINT('',(3.254759028482,7.676907628803,5.));
#10315 = CARTESIAN_POINT('',(3.38777793538,7.646381551445,5.));
#10316 = PCURVE('',#10262,#10317);
#10317 = DEFINITIONAL_REPRESENTATION('',(#10318),#10322);
#10318 = LINE('',#10319,#10320);
#10319 = CARTESIAN_POINT('',(1.,0.));
#10320 = VECTOR('',#10321,1.);
#10321 = DIRECTION('',(0.,1.));
#10322 = ( GEOMETRIC_REPRESENTATION_CONTEXT(2) 
PARAMETRIC_REPRESENTATION_CONTEXT() REPRESENTATION_CONTEXT('2D SPACE',''
  ) );
#10323 = PCURVE('',#110,#10324);
#10324 = DEFINITIONAL_REPRESENTATION('',(#10325),#10330);
#10325 = B_SPLINE_CURVE_WITH_KNOTS('',3,(#10326,#10327,#10328,#10329),
  .UNSPECIFIED.,.F.,.F.,(4,4),(0.,1.),.PIECEWISE_BEZIER_KNOTS.);
#10326 = CARTESIAN_POINT('',(-3.011287495305,7.802328997828));
#10327 = CARTESIAN_POINT('',(-3.126931262702,7.729855623037));
#10328 = CARTESIAN_POINT('',(-3.254759028482,7.676907628803));
#10329 = CARTESIAN_POINT('',(-3.38777793538,7.646381551445));
#10330 = ( GEOMETRIC_REPRESENTATION_CONTEXT(2) 
PARAMETRIC_REPRESENTATION_CONTEXT() REPRESENTATION_CONTEXT('2D SPACE',''
  ) );
#10331 = ORIENTED_EDGE('',*,*,#10332,.F.);
#10332 = EDGE_CURVE('',#10282,#10308,#10333,.T.);
#10333 = SURFACE_CURVE('',#10334,(#10337,#10344),.PCURVE_S1.);
#10334 = B_SPLINE_CURVE_WITH_KNOTS('',1,(#10335,#10336),.UNSPECIFIED.,
  .F.,.F.,(2,2),(0.,1.),.PIECEWISE_BEZIER_KNOTS.);
#10335 = CARTESIAN_POINT('',(3.38777793538,7.646381551445,0.));
#10336 = CARTESIAN_POINT('',(3.38777793538,7.646381551445,5.));
#10337 = PCURVE('',#10262,#10338);
#10338 = DEFINITIONAL_REPRESENTATION('',(#10339),#10343);
#10339 = LINE('',#10340,#10341);
#10340 = CARTESIAN_POINT('',(0.,1.));
#10341 = VECTOR('',#10342,1.);
#10342 = DIRECTION('',(1.,0.));
#10343 = ( GEOMETRIC_REPRESENTATION_CONTEXT(2) 
PARAMETRIC_REPRESENTATION_CONTEXT() REPRESENTATION_CONTEXT('2D SPACE',''
  ) );
#10344 = PCURVE('',#10345,#10354);
#10345 = B_SPLINE_SURFACE_WITH_KNOTS('',1,3,(
    (#10346,#10347,#10348,#10349)
    ,(#10350,#10351,#10352,#10353
    )),.UNSPECIFIED.,.F.,.F.,.F.,(2,2),(4,4),(0.,1.),(0.,1.),
  .PIECEWISE_BEZIER_KNOTS.);
#10346 = CARTESIAN_POINT('',(3.38777793538,7.646381551445,0.));
#10347 = CARTESIAN_POINT('',(3.556157945494,7.950432335412,0.));
#10348 = CARTESIAN_POINT('',(3.821102802155,8.189007355955,0.));
#10349 = CARTESIAN_POINT('',(4.091052748042,8.401923137755,0.));
#10350 = CARTESIAN_POINT('',(3.38777793538,7.646381551445,5.));
#10351 = CARTESIAN_POINT('',(3.556157945494,7.950432335412,5.));
#10352 = CARTESIAN_POINT('',(3.821102802155,8.189007355955,5.));
#10353 = CARTESIAN_POINT('',(4.091052748042,8.401923137755,5.));
#10354 = DEFINITIONAL_REPRESENTATION('',(#10355),#10359);
#10355 = LINE('',#10356,#10357);
#10356 = CARTESIAN_POINT('',(0.,0.));
#10357 = VECTOR('',#10358,1.);
#10358 = DIRECTION('',(1.,0.));
#10359 = ( GEOMETRIC_REPRESENTATION_CONTEXT(2) 
PARAMETRIC_REPRESENTATION_CONTEXT() REPRESENTATION_CONTEXT('2D SPACE',''
  ) );
#10360 = ADVANCED_FACE('',(#10361),#10345,.T.);
#10361 = FACE_BOUND('',#10362,.T.);
#10362 = EDGE_LOOP('',(#10363,#10388,#10389,#10414));
#10363 = ORIENTED_EDGE('',*,*,#10364,.F.);
#10364 = EDGE_CURVE('',#10282,#10365,#10367,.T.);
#10365 = VERTEX_POINT('',#10366);
#10366 = CARTESIAN_POINT('',(4.091052748042,8.401923137755,0.));
#10367 = SURFACE_CURVE('',#10368,(#10373,#10380),.PCURVE_S1.);
#10368 = B_SPLINE_CURVE_WITH_KNOTS('',3,(#10369,#10370,#10371,#10372),
  .UNSPECIFIED.,.F.,.F.,(4,4),(0.,1.),.PIECEWISE_BEZIER_KNOTS.);
#10369 = CARTESIAN_POINT('',(3.38777793538,7.646381551445,0.));
#10370 = CARTESIAN_POINT('',(3.556157945494,7.950432335412,0.));
#10371 = CARTESIAN_POINT('',(3.821102802155,8.189007355955,0.));
#10372 = CARTESIAN_POINT('',(4.091052748042,8.401923137755,0.));
#10373 = PCURVE('',#10345,#10374);
#10374 = DEFINITIONAL_REPRESENTATION('',(#10375),#10379);
#10375 = LINE('',#10376,#10377);
#10376 = CARTESIAN_POINT('',(0.,0.));
#10377 = VECTOR('',#10378,1.);
#10378 = DIRECTION('',(0.,1.));
#10379 = ( GEOMETRIC_REPRESENTATION_CONTEXT(2) 
PARAMETRIC_REPRESENTATION_CONTEXT() REPRESENTATION_CONTEXT('2D SPACE',''
  ) );
#10380 = PCURVE('',#49,#10381);
#10381 = DEFINITIONAL_REPRESENTATION('',(#10382),#10387);
#10382 = B_SPLINE_CURVE_WITH_KNOTS('',3,(#10383,#10384,#10385,#10386),
  .UNSPECIFIED.,.F.,.F.,(4,4),(0.,1.),.PIECEWISE_BEZIER_KNOTS.);
#10383 = CARTESIAN_POINT('',(3.38777793538,7.646381551445));
#10384 = CARTESIAN_POINT('',(3.556157945494,7.950432335412));
#10385 = CARTESIAN_POINT('',(3.821102802155,8.189007355955));
#10386 = CARTESIAN_POINT('',(4.091052748042,8.401923137755));
#10387 = ( GEOMETRIC_REPRESENTATION_CONTEXT(2) 
PARAMETRIC_REPRESENTATION_CONTEXT() REPRESENTATION_CONTEXT('2D SPACE',''
  ) );
#10388 = ORIENTED_EDGE('',*,*,#10332,.T.);
#10389 = ORIENTED_EDGE('',*,*,#10390,.T.);
#10390 = EDGE_CURVE('',#10308,#10391,#10393,.T.);
#10391 = VERTEX_POINT('',#10392);
#10392 = CARTESIAN_POINT('',(4.091052748042,8.401923137755,5.));
#10393 = SURFACE_CURVE('',#10394,(#10399,#10406),.PCURVE_S1.);
#10394 = B_SPLINE_CURVE_WITH_KNOTS('',3,(#10395,#10396,#10397,#10398),
  .UNSPECIFIED.,.F.,.F.,(4,4),(0.,1.),.PIECEWISE_BEZIER_KNOTS.);
#10395 = CARTESIAN_POINT('',(3.38777793538,7.646381551445,5.));
#10396 = CARTESIAN_POINT('',(3.556157945494,7.950432335412,5.));
#10397 = CARTESIAN_POINT('',(3.821102802155,8.189007355955,5.));
#10398 = CARTESIAN_POINT('',(4.091052748042,8.401923137755,5.));
#10399 = PCURVE('',#10345,#10400);
#10400 = DEFINITIONAL_REPRESENTATION('',(#10401),#10405);
#10401 = LINE('',#10402,#10403);
#10402 = CARTESIAN_POINT('',(1.,0.));
#10403 = VECTOR('',#10404,1.);
#10404 = DIRECTION('',(0.,1.));
#10405 = ( GEOMETRIC_REPRESENTATION_CONTEXT(2) 
PARAMETRIC_REPRESENTATION_CONTEXT() REPRESENTATION_CONTEXT('2D SPACE',''
  ) );
#10406 = PCURVE('',#110,#10407);
#10407 = DEFINITIONAL_REPRESENTATION('',(#10408),#10413);
#10408 = B_SPLINE_CURVE_WITH_KNOTS('',3,(#10409,#10410,#10411,#10412),
  .UNSPECIFIED.,.F.,.F.,(4,4),(0.,1.),.PIECEWISE_BEZIER_KNOTS.);
#10409 = CARTESIAN_POINT('',(-3.38777793538,7.646381551445));
#10410 = CARTESIAN_POINT('',(-3.556157945494,7.950432335412));
#10411 = CARTESIAN_POINT('',(-3.821102802155,8.189007355955));
#10412 = CARTESIAN_POINT('',(-4.091052748042,8.401923137755));
#10413 = ( GEOMETRIC_REPRESENTATION_CONTEXT(2) 
PARAMETRIC_REPRESENTATION_CONTEXT() REPRESENTATION_CONTEXT('2D SPACE',''
  ) );
#10414 = ORIENTED_EDGE('',*,*,#10415,.F.);
#10415 = EDGE_CURVE('',#10365,#10391,#10416,.T.);
#10416 = SURFACE_CURVE('',#10417,(#10420,#10427),.PCURVE_S1.);
#10417 = B_SPLINE_CURVE_WITH_KNOTS('',1,(#10418,#10419),.UNSPECIFIED.,
  .F.,.F.,(2,2),(0.,1.),.PIECEWISE_BEZIER_KNOTS.);
#10418 = CARTESIAN_POINT('',(4.091052748042,8.401923137755,0.));
#10419 = CARTESIAN_POINT('',(4.091052748042,8.401923137755,5.));
#10420 = PCURVE('',#10345,#10421);
#10421 = DEFINITIONAL_REPRESENTATION('',(#10422),#10426);
#10422 = LINE('',#10423,#10424);
#10423 = CARTESIAN_POINT('',(0.,1.));
#10424 = VECTOR('',#10425,1.);
#10425 = DIRECTION('',(1.,0.));
#10426 = ( GEOMETRIC_REPRESENTATION_CONTEXT(2) 
PARAMETRIC_REPRESENTATION_CONTEXT() REPRESENTATION_CONTEXT('2D SPACE',''
  ) );
#10427 = PCURVE('',#10428,#10437);
#10428 = B_SPLINE_SURFACE_WITH_KNOTS('',1,3,(
    (#10429,#10430,#10431,#10432)
    ,(#10433,#10434,#10435,#10436
    )),.UNSPECIFIED.,.F.,.F.,.F.,(2,2),(4,4),(0.,1.),(0.,1.),
  .PIECEWISE_BEZIER_KNOTS.);
#10429 = CARTESIAN_POINT('',(4.091052748042,8.401923137755,0.));
#10430 = CARTESIAN_POINT('',(4.19249792074,8.352527648366,0.));
#10431 = CARTESIAN_POINT('',(4.293048365437,8.301294637834,0.));
#10432 = CARTESIAN_POINT('',(4.392638132226,8.248257709318,0.));
#10433 = CARTESIAN_POINT('',(4.091052748042,8.401923137755,5.));
#10434 = CARTESIAN_POINT('',(4.19249792074,8.352527648366,5.));
#10435 = CARTESIAN_POINT('',(4.293048365437,8.301294637834,5.));
#10436 = CARTESIAN_POINT('',(4.392638132226,8.248257709318,5.));
#10437 = DEFINITIONAL_REPRESENTATION('',(#10438),#10442);
#10438 = LINE('',#10439,#10440);
#10439 = CARTESIAN_POINT('',(0.,0.));
#10440 = VECTOR('',#10441,1.);
#10441 = DIRECTION('',(1.,0.));
#10442 = ( GEOMETRIC_REPRESENTATION_CONTEXT(2) 
PARAMETRIC_REPRESENTATION_CONTEXT() REPRESENTATION_CONTEXT('2D SPACE',''
  ) );
#10443 = ADVANCED_FACE('',(#10444),#10428,.T.);
#10444 = FACE_BOUND('',#10445,.T.);
#10445 = EDGE_LOOP('',(#10446,#10471,#10472,#10497));
#10446 = ORIENTED_EDGE('',*,*,#10447,.F.);
#10447 = EDGE_CURVE('',#10365,#10448,#10450,.T.);
#10448 = VERTEX_POINT('',#10449);
#10449 = CARTESIAN_POINT('',(4.392638132226,8.248257709318,0.));
#10450 = SURFACE_CURVE('',#10451,(#10456,#10463),.PCURVE_S1.);
#10451 = B_SPLINE_CURVE_WITH_KNOTS('',3,(#10452,#10453,#10454,#10455),
  .UNSPECIFIED.,.F.,.F.,(4,4),(0.,1.),.PIECEWISE_BEZIER_KNOTS.);
#10452 = CARTESIAN_POINT('',(4.091052748042,8.401923137755,0.));
#10453 = CARTESIAN_POINT('',(4.19249792074,8.352527648366,0.));
#10454 = CARTESIAN_POINT('',(4.293048365437,8.301294637834,0.));
#10455 = CARTESIAN_POINT('',(4.392638132226,8.248257709318,0.));
#10456 = PCURVE('',#10428,#10457);
#10457 = DEFINITIONAL_REPRESENTATION('',(#10458),#10462);
#10458 = LINE('',#10459,#10460);
#10459 = CARTESIAN_POINT('',(0.,0.));
#10460 = VECTOR('',#10461,1.);
#10461 = DIRECTION('',(0.,1.));
#10462 = ( GEOMETRIC_REPRESENTATION_CONTEXT(2) 
PARAMETRIC_REPRESENTATION_CONTEXT() REPRESENTATION_CONTEXT('2D SPACE',''
  ) );
#10463 = PCURVE('',#49,#10464);
#10464 = DEFINITIONAL_REPRESENTATION('',(#10465),#10470);
#10465 = B_SPLINE_CURVE_WITH_KNOTS('',3,(#10466,#10467,#10468,#10469),
  .UNSPECIFIED.,.F.,.F.,(4,4),(0.,1.),.PIECEWISE_BEZIER_KNOTS.);
#10466 = CARTESIAN_POINT('',(4.091052748042,8.401923137755));
#10467 = CARTESIAN_POINT('',(4.19249792074,8.352527648366));
#10468 = CARTESIAN_POINT('',(4.293048365437,8.301294637834));
#10469 = CARTESIAN_POINT('',(4.392638132226,8.248257709318));
#10470 = ( GEOMETRIC_REPRESENTATION_CONTEXT(2) 
PARAMETRIC_REPRESENTATION_CONTEXT() REPRESENTATION_CONTEXT('2D SPACE',''
  ) );
#10471 = ORIENTED_EDGE('',*,*,#10415,.T.);
#10472 = ORIENTED_EDGE('',*,*,#10473,.T.);
#10473 = EDGE_CURVE('',#10391,#10474,#10476,.T.);
#10474 = VERTEX_POINT('',#10475);
#10475 = CARTESIAN_POINT('',(4.392638132226,8.248257709318,5.));
#10476 = SURFACE_CURVE('',#10477,(#10482,#10489),.PCURVE_S1.);
#10477 = B_SPLINE_CURVE_WITH_KNOTS('',3,(#10478,#10479,#10480,#10481),
  .UNSPECIFIED.,.F.,.F.,(4,4),(0.,1.),.PIECEWISE_BEZIER_KNOTS.);
#10478 = CARTESIAN_POINT('',(4.091052748042,8.401923137755,5.));
#10479 = CARTESIAN_POINT('',(4.19249792074,8.352527648366,5.));
#10480 = CARTESIAN_POINT('',(4.293048365437,8.301294637834,5.));
#10481 = CARTESIAN_POINT('',(4.392638132226,8.248257709318,5.));
#10482 = PCURVE('',#10428,#10483);
#10483 = DEFINITIONAL_REPRESENTATION('',(#10484),#10488);
#10484 = LINE('',#10485,#10486);
#10485 = CARTESIAN_POINT('',(1.,0.));
#10486 = VECTOR('',#10487,1.);
#10487 = DIRECTION('',(0.,1.));
#10488 = ( GEOMETRIC_REPRESENTATION_CONTEXT(2) 
PARAMETRIC_REPRESENTATION_CONTEXT() REPRESENTATION_CONTEXT('2D SPACE',''
  ) );
#10489 = PCURVE('',#110,#10490);
#10490 = DEFINITIONAL_REPRESENTATION('',(#10491),#10496);
#10491 = B_SPLINE_CURVE_WITH_KNOTS('',3,(#10492,#10493,#10494,#10495),
  .UNSPECIFIED.,.F.,.F.,(4,4),(0.,1.),.PIECEWISE_BEZIER_KNOTS.);
#10492 = CARTESIAN_POINT('',(-4.091052748042,8.401923137755));
#10493 = CARTESIAN_POINT('',(-4.19249792074,8.352527648366));
#10494 = CARTESIAN_POINT('',(-4.293048365437,8.301294637834));
#10495 = CARTESIAN_POINT('',(-4.392638132226,8.248257709318));
#10496 = ( GEOMETRIC_REPRESENTATION_CONTEXT(2) 
PARAMETRIC_REPRESENTATION_CONTEXT() REPRESENTATION_CONTEXT('2D SPACE',''
  ) );
#10497 = ORIENTED_EDGE('',*,*,#10498,.F.);
#10498 = EDGE_CURVE('',#10448,#10474,#10499,.T.);
#10499 = SURFACE_CURVE('',#10500,(#10503,#10510),.PCURVE_S1.);
#10500 = B_SPLINE_CURVE_WITH_KNOTS('',1,(#10501,#10502),.UNSPECIFIED.,
  .F.,.F.,(2,2),(0.,1.),.PIECEWISE_BEZIER_KNOTS.);
#10501 = CARTESIAN_POINT('',(4.392638132226,8.248257709318,0.));
#10502 = CARTESIAN_POINT('',(4.392638132226,8.248257709318,5.));
#10503 = PCURVE('',#10428,#10504);
#10504 = DEFINITIONAL_REPRESENTATION('',(#10505),#10509);
#10505 = LINE('',#10506,#10507);
#10506 = CARTESIAN_POINT('',(0.,1.));
#10507 = VECTOR('',#10508,1.);
#10508 = DIRECTION('',(1.,0.));
#10509 = ( GEOMETRIC_REPRESENTATION_CONTEXT(2) 
PARAMETRIC_REPRESENTATION_CONTEXT() REPRESENTATION_CONTEXT('2D SPACE',''
  ) );
#10510 = PCURVE('',#10511,#10520);
#10511 = B_SPLINE_SURFACE_WITH_KNOTS('',1,3,(
    (#10512,#10513,#10514,#10515)
    ,(#10516,#10517,#10518,#10519
    )),.UNSPECIFIED.,.F.,.F.,.F.,(2,2),(4,4),(0.,1.),(0.,1.),
  .PIECEWISE_BEZIER_KNOTS.);
#10512 = CARTESIAN_POINT('',(4.392638132226,8.248257709318,0.));
#10513 = CARTESIAN_POINT('',(4.379058243429,7.904714858943,0.));
#10514 = CARTESIAN_POINT('',(4.341777676793,7.550139088691,0.));
#10515 = CARTESIAN_POINT('',(4.194766712136,7.235200232231,0.));
#10516 = CARTESIAN_POINT('',(4.392638132226,8.248257709318,5.));
#10517 = CARTESIAN_POINT('',(4.379058243429,7.904714858943,5.));
#10518 = CARTESIAN_POINT('',(4.341777676793,7.550139088691,5.));
#10519 = CARTESIAN_POINT('',(4.194766712136,7.235200232231,5.));
#10520 = DEFINITIONAL_REPRESENTATION('',(#10521),#10525);
#10521 = LINE('',#10522,#10523);
#10522 = CARTESIAN_POINT('',(0.,0.));
#10523 = VECTOR('',#10524,1.);
#10524 = DIRECTION('',(1.,0.));
#10525 = ( GEOMETRIC_REPRESENTATION_CONTEXT(2) 
PARAMETRIC_REPRESENTATION_CONTEXT() REPRESENTATION_CONTEXT('2D SPACE',''
  ) );
#10526 = ADVANCED_FACE('',(#10527),#10511,.T.);
#10527 = FACE_BOUND('',#10528,.T.);
#10528 = EDGE_LOOP('',(#10529,#10554,#10555,#10580));
#10529 = ORIENTED_EDGE('',*,*,#10530,.F.);
#10530 = EDGE_CURVE('',#10448,#10531,#10533,.T.);
#10531 = VERTEX_POINT('',#10532);
#10532 = CARTESIAN_POINT('',(4.194766712136,7.235200232231,0.));
#10533 = SURFACE_CURVE('',#10534,(#10539,#10546),.PCURVE_S1.);
#10534 = B_SPLINE_CURVE_WITH_KNOTS('',3,(#10535,#10536,#10537,#10538),
  .UNSPECIFIED.,.F.,.F.,(4,4),(0.,1.),.PIECEWISE_BEZIER_KNOTS.);
#10535 = CARTESIAN_POINT('',(4.392638132226,8.248257709318,0.));
#10536 = CARTESIAN_POINT('',(4.379058243429,7.904714858943,0.));
#10537 = CARTESIAN_POINT('',(4.341777676793,7.550139088691,0.));
#10538 = CARTESIAN_POINT('',(4.194766712136,7.235200232231,0.));
#10539 = PCURVE('',#10511,#10540);
#10540 = DEFINITIONAL_REPRESENTATION('',(#10541),#10545);
#10541 = LINE('',#10542,#10543);
#10542 = CARTESIAN_POINT('',(0.,0.));
#10543 = VECTOR('',#10544,1.);
#10544 = DIRECTION('',(0.,1.));
#10545 = ( GEOMETRIC_REPRESENTATION_CONTEXT(2) 
PARAMETRIC_REPRESENTATION_CONTEXT() REPRESENTATION_CONTEXT('2D SPACE',''
  ) );
#10546 = PCURVE('',#49,#10547);
#10547 = DEFINITIONAL_REPRESENTATION('',(#10548),#10553);
#10548 = B_SPLINE_CURVE_WITH_KNOTS('',3,(#10549,#10550,#10551,#10552),
  .UNSPECIFIED.,.F.,.F.,(4,4),(0.,1.),.PIECEWISE_BEZIER_KNOTS.);
#10549 = CARTESIAN_POINT('',(4.392638132226,8.248257709318));
#10550 = CARTESIAN_POINT('',(4.379058243429,7.904714858943));
#10551 = CARTESIAN_POINT('',(4.341777676793,7.550139088691));
#10552 = CARTESIAN_POINT('',(4.194766712136,7.235200232231));
#10553 = ( GEOMETRIC_REPRESENTATION_CONTEXT(2) 
PARAMETRIC_REPRESENTATION_CONTEXT() REPRESENTATION_CONTEXT('2D SPACE',''
  ) );
#10554 = ORIENTED_EDGE('',*,*,#10498,.T.);
#10555 = ORIENTED_EDGE('',*,*,#10556,.T.);
#10556 = EDGE_CURVE('',#10474,#10557,#10559,.T.);
#10557 = VERTEX_POINT('',#10558);
#10558 = CARTESIAN_POINT('',(4.194766712136,7.235200232231,5.));
#10559 = SURFACE_CURVE('',#10560,(#10565,#10572),.PCURVE_S1.);
#10560 = B_SPLINE_CURVE_WITH_KNOTS('',3,(#10561,#10562,#10563,#10564),
  .UNSPECIFIED.,.F.,.F.,(4,4),(0.,1.),.PIECEWISE_BEZIER_KNOTS.);
#10561 = CARTESIAN_POINT('',(4.392638132226,8.248257709318,5.));
#10562 = CARTESIAN_POINT('',(4.379058243429,7.904714858943,5.));
#10563 = CARTESIAN_POINT('',(4.341777676793,7.550139088691,5.));
#10564 = CARTESIAN_POINT('',(4.194766712136,7.235200232231,5.));
#10565 = PCURVE('',#10511,#10566);
#10566 = DEFINITIONAL_REPRESENTATION('',(#10567),#10571);
#10567 = LINE('',#10568,#10569);
#10568 = CARTESIAN_POINT('',(1.,0.));
#10569 = VECTOR('',#10570,1.);
#10570 = DIRECTION('',(0.,1.));
#10571 = ( GEOMETRIC_REPRESENTATION_CONTEXT(2) 
PARAMETRIC_REPRESENTATION_CONTEXT() REPRESENTATION_CONTEXT('2D SPACE',''
  ) );
#10572 = PCURVE('',#110,#10573);
#10573 = DEFINITIONAL_REPRESENTATION('',(#10574),#10579);
#10574 = B_SPLINE_CURVE_WITH_KNOTS('',3,(#10575,#10576,#10577,#10578),
  .UNSPECIFIED.,.F.,.F.,(4,4),(0.,1.),.PIECEWISE_BEZIER_KNOTS.);
#10575 = CARTESIAN_POINT('',(-4.392638132226,8.248257709318));
#10576 = CARTESIAN_POINT('',(-4.379058243429,7.904714858943));
#10577 = CARTESIAN_POINT('',(-4.341777676793,7.550139088691));
#10578 = CARTESIAN_POINT('',(-4.194766712136,7.235200232231));
#10579 = ( GEOMETRIC_REPRESENTATION_CONTEXT(2) 
PARAMETRIC_REPRESENTATION_CONTEXT() REPRESENTATION_CONTEXT('2D SPACE',''
  ) );
#10580 = ORIENTED_EDGE('',*,*,#10581,.F.);
#10581 = EDGE_CURVE('',#10531,#10557,#10582,.T.);
#10582 = SURFACE_CURVE('',#10583,(#10586,#10593),.PCURVE_S1.);
#10583 = B_SPLINE_CURVE_WITH_KNOTS('',1,(#10584,#10585),.UNSPECIFIED.,
  .F.,.F.,(2,2),(0.,1.),.PIECEWISE_BEZIER_KNOTS.);
#10584 = CARTESIAN_POINT('',(4.194766712136,7.235200232231,0.));
#10585 = CARTESIAN_POINT('',(4.194766712136,7.235200232231,5.));
#10586 = PCURVE('',#10511,#10587);
#10587 = DEFINITIONAL_REPRESENTATION('',(#10588),#10592);
#10588 = LINE('',#10589,#10590);
#10589 = CARTESIAN_POINT('',(0.,1.));
#10590 = VECTOR('',#10591,1.);
#10591 = DIRECTION('',(1.,0.));
#10592 = ( GEOMETRIC_REPRESENTATION_CONTEXT(2) 
PARAMETRIC_REPRESENTATION_CONTEXT() REPRESENTATION_CONTEXT('2D SPACE',''
  ) );
#10593 = PCURVE('',#10594,#10603);
#10594 = B_SPLINE_SURFACE_WITH_KNOTS('',1,3,(
    (#10595,#10596,#10597,#10598)
    ,(#10599,#10600,#10601,#10602
    )),.UNSPECIFIED.,.F.,.F.,.F.,(2,2),(4,4),(0.,1.),(0.,1.),
  .PIECEWISE_BEZIER_KNOTS.);
#10595 = CARTESIAN_POINT('',(4.194766712136,7.235200232231,0.));
#10596 = CARTESIAN_POINT('',(4.297649379241,7.14552845406,0.));
#10597 = CARTESIAN_POINT('',(4.415620481954,7.07323566934,0.));
#10598 = CARTESIAN_POINT('',(4.542226374794,7.022276677108,0.));
#10599 = CARTESIAN_POINT('',(4.194766712136,7.235200232231,5.));
#10600 = CARTESIAN_POINT('',(4.297649379241,7.14552845406,5.));
#10601 = CARTESIAN_POINT('',(4.415620481954,7.07323566934,5.));
#10602 = CARTESIAN_POINT('',(4.542226374794,7.022276677108,5.));
#10603 = DEFINITIONAL_REPRESENTATION('',(#10604),#10608);
#10604 = LINE('',#10605,#10606);
#10605 = CARTESIAN_POINT('',(0.,0.));
#10606 = VECTOR('',#10607,1.);
#10607 = DIRECTION('',(1.,0.));
#10608 = ( GEOMETRIC_REPRESENTATION_CONTEXT(2) 
PARAMETRIC_REPRESENTATION_CONTEXT() REPRESENTATION_CONTEXT('2D SPACE',''
  ) );
#10609 = ADVANCED_FACE('',(#10610),#10594,.T.);
#10610 = FACE_BOUND('',#10611,.T.);
#10611 = EDGE_LOOP('',(#10612,#10637,#10638,#10663));
#10612 = ORIENTED_EDGE('',*,*,#10613,.F.);
#10613 = EDGE_CURVE('',#10531,#10614,#10616,.T.);
#10614 = VERTEX_POINT('',#10615);
#10615 = CARTESIAN_POINT('',(4.542226374794,7.022276677108,0.));
#10616 = SURFACE_CURVE('',#10617,(#10622,#10629),.PCURVE_S1.);
#10617 = B_SPLINE_CURVE_WITH_KNOTS('',3,(#10618,#10619,#10620,#10621),
  .UNSPECIFIED.,.F.,.F.,(4,4),(0.,1.),.PIECEWISE_BEZIER_KNOTS.);
#10618 = CARTESIAN_POINT('',(4.194766712136,7.235200232231,0.));
#10619 = CARTESIAN_POINT('',(4.297649379241,7.14552845406,0.));
#10620 = CARTESIAN_POINT('',(4.415620481954,7.07323566934,0.));
#10621 = CARTESIAN_POINT('',(4.542226374794,7.022276677108,0.));
#10622 = PCURVE('',#10594,#10623);
#10623 = DEFINITIONAL_REPRESENTATION('',(#10624),#10628);
#10624 = LINE('',#10625,#10626);
#10625 = CARTESIAN_POINT('',(0.,0.));
#10626 = VECTOR('',#10627,1.);
#10627 = DIRECTION('',(0.,1.));
#10628 = ( GEOMETRIC_REPRESENTATION_CONTEXT(2) 
PARAMETRIC_REPRESENTATION_CONTEXT() REPRESENTATION_CONTEXT('2D SPACE',''
  ) );
#10629 = PCURVE('',#49,#10630);
#10630 = DEFINITIONAL_REPRESENTATION('',(#10631),#10636);
#10631 = B_SPLINE_CURVE_WITH_KNOTS('',3,(#10632,#10633,#10634,#10635),
  .UNSPECIFIED.,.F.,.F.,(4,4),(0.,1.),.PIECEWISE_BEZIER_KNOTS.);
#10632 = CARTESIAN_POINT('',(4.194766712136,7.235200232231));
#10633 = CARTESIAN_POINT('',(4.297649379241,7.14552845406));
#10634 = CARTESIAN_POINT('',(4.415620481954,7.07323566934));
#10635 = CARTESIAN_POINT('',(4.542226374794,7.022276677108));
#10636 = ( GEOMETRIC_REPRESENTATION_CONTEXT(2) 
PARAMETRIC_REPRESENTATION_CONTEXT() REPRESENTATION_CONTEXT('2D SPACE',''
  ) );
#10637 = ORIENTED_EDGE('',*,*,#10581,.T.);
#10638 = ORIENTED_EDGE('',*,*,#10639,.T.);
#10639 = EDGE_CURVE('',#10557,#10640,#10642,.T.);
#10640 = VERTEX_POINT('',#10641);
#10641 = CARTESIAN_POINT('',(4.542226374794,7.022276677108,5.));
#10642 = SURFACE_CURVE('',#10643,(#10648,#10655),.PCURVE_S1.);
#10643 = B_SPLINE_CURVE_WITH_KNOTS('',3,(#10644,#10645,#10646,#10647),
  .UNSPECIFIED.,.F.,.F.,(4,4),(0.,1.),.PIECEWISE_BEZIER_KNOTS.);
#10644 = CARTESIAN_POINT('',(4.194766712136,7.235200232231,5.));
#10645 = CARTESIAN_POINT('',(4.297649379241,7.14552845406,5.));
#10646 = CARTESIAN_POINT('',(4.415620481954,7.07323566934,5.));
#10647 = CARTESIAN_POINT('',(4.542226374794,7.022276677108,5.));
#10648 = PCURVE('',#10594,#10649);
#10649 = DEFINITIONAL_REPRESENTATION('',(#10650),#10654);
#10650 = LINE('',#10651,#10652);
#10651 = CARTESIAN_POINT('',(1.,0.));
#10652 = VECTOR('',#10653,1.);
#10653 = DIRECTION('',(0.,1.));
#10654 = ( GEOMETRIC_REPRESENTATION_CONTEXT(2) 
PARAMETRIC_REPRESENTATION_CONTEXT() REPRESENTATION_CONTEXT('2D SPACE',''
  ) );
#10655 = PCURVE('',#110,#10656);
#10656 = DEFINITIONAL_REPRESENTATION('',(#10657),#10662);
#10657 = B_SPLINE_CURVE_WITH_KNOTS('',3,(#10658,#10659,#10660,#10661),
  .UNSPECIFIED.,.F.,.F.,(4,4),(0.,1.),.PIECEWISE_BEZIER_KNOTS.);
#10658 = CARTESIAN_POINT('',(-4.194766712136,7.235200232231));
#10659 = CARTESIAN_POINT('',(-4.297649379241,7.14552845406));
#10660 = CARTESIAN_POINT('',(-4.415620481954,7.07323566934));
#10661 = CARTESIAN_POINT('',(-4.542226374794,7.022276677108));
#10662 = ( GEOMETRIC_REPRESENTATION_CONTEXT(2) 
PARAMETRIC_REPRESENTATION_CONTEXT() REPRESENTATION_CONTEXT('2D SPACE',''
  ) );
#10663 = ORIENTED_EDGE('',*,*,#10664,.F.);
#10664 = EDGE_CURVE('',#10614,#10640,#10665,.T.);
#10665 = SURFACE_CURVE('',#10666,(#10669,#10676),.PCURVE_S1.);
#10666 = B_SPLINE_CURVE_WITH_KNOTS('',1,(#10667,#10668),.UNSPECIFIED.,
  .F.,.F.,(2,2),(0.,1.),.PIECEWISE_BEZIER_KNOTS.);
#10667 = CARTESIAN_POINT('',(4.542226374794,7.022276677108,0.));
#10668 = CARTESIAN_POINT('',(4.542226374794,7.022276677108,5.));
#10669 = PCURVE('',#10594,#10670);
#10670 = DEFINITIONAL_REPRESENTATION('',(#10671),#10675);
#10671 = LINE('',#10672,#10673);
#10672 = CARTESIAN_POINT('',(0.,1.));
#10673 = VECTOR('',#10674,1.);
#10674 = DIRECTION('',(1.,0.));
#10675 = ( GEOMETRIC_REPRESENTATION_CONTEXT(2) 
PARAMETRIC_REPRESENTATION_CONTEXT() REPRESENTATION_CONTEXT('2D SPACE',''
  ) );
#10676 = PCURVE('',#10677,#10686);
#10677 = B_SPLINE_SURFACE_WITH_KNOTS('',1,3,(
    (#10678,#10679,#10680,#10681)
    ,(#10682,#10683,#10684,#10685
    )),.UNSPECIFIED.,.F.,.F.,.F.,(2,2),(4,4),(0.,1.),(0.,1.),
  .PIECEWISE_BEZIER_KNOTS.);
#10678 = CARTESIAN_POINT('',(4.542226374794,7.022276677108,0.));
#10679 = CARTESIAN_POINT('',(4.756097369308,7.296243654575,0.));
#10680 = CARTESIAN_POINT('',(5.055101670844,7.490434913806,0.));
#10681 = CARTESIAN_POINT('',(5.355035451365,7.658499873645,0.));
#10682 = CARTESIAN_POINT('',(4.542226374794,7.022276677108,5.));
#10683 = CARTESIAN_POINT('',(4.756097369308,7.296243654575,5.));
#10684 = CARTESIAN_POINT('',(5.055101670844,7.490434913806,5.));
#10685 = CARTESIAN_POINT('',(5.355035451365,7.658499873645,5.));
#10686 = DEFINITIONAL_REPRESENTATION('',(#10687),#10691);
#10687 = LINE('',#10688,#10689);
#10688 = CARTESIAN_POINT('',(0.,0.));
#10689 = VECTOR('',#10690,1.);
#10690 = DIRECTION('',(1.,0.));
#10691 = ( GEOMETRIC_REPRESENTATION_CONTEXT(2) 
PARAMETRIC_REPRESENTATION_CONTEXT() REPRESENTATION_CONTEXT('2D SPACE',''
  ) );
#10692 = ADVANCED_FACE('',(#10693),#10677,.T.);
#10693 = FACE_BOUND('',#10694,.T.);
#10694 = EDGE_LOOP('',(#10695,#10720,#10721,#10746));
#10695 = ORIENTED_EDGE('',*,*,#10696,.F.);
#10696 = EDGE_CURVE('',#10614,#10697,#10699,.T.);
#10697 = VERTEX_POINT('',#10698);
#10698 = CARTESIAN_POINT('',(5.355035451365,7.658499873645,0.));
#10699 = SURFACE_CURVE('',#10700,(#10705,#10712),.PCURVE_S1.);
#10700 = B_SPLINE_CURVE_WITH_KNOTS('',3,(#10701,#10702,#10703,#10704),
  .UNSPECIFIED.,.F.,.F.,(4,4),(0.,1.),.PIECEWISE_BEZIER_KNOTS.);
#10701 = CARTESIAN_POINT('',(4.542226374794,7.022276677108,0.));
#10702 = CARTESIAN_POINT('',(4.756097369308,7.296243654575,0.));
#10703 = CARTESIAN_POINT('',(5.055101670844,7.490434913806,0.));
#10704 = CARTESIAN_POINT('',(5.355035451365,7.658499873645,0.));
#10705 = PCURVE('',#10677,#10706);
#10706 = DEFINITIONAL_REPRESENTATION('',(#10707),#10711);
#10707 = LINE('',#10708,#10709);
#10708 = CARTESIAN_POINT('',(0.,0.));
#10709 = VECTOR('',#10710,1.);
#10710 = DIRECTION('',(0.,1.));
#10711 = ( GEOMETRIC_REPRESENTATION_CONTEXT(2) 
PARAMETRIC_REPRESENTATION_CONTEXT() REPRESENTATION_CONTEXT('2D SPACE',''
  ) );
#10712 = PCURVE('',#49,#10713);
#10713 = DEFINITIONAL_REPRESENTATION('',(#10714),#10719);
#10714 = B_SPLINE_CURVE_WITH_KNOTS('',3,(#10715,#10716,#10717,#10718),
  .UNSPECIFIED.,.F.,.F.,(4,4),(0.,1.),.PIECEWISE_BEZIER_KNOTS.);
#10715 = CARTESIAN_POINT('',(4.542226374794,7.022276677108));
#10716 = CARTESIAN_POINT('',(4.756097369308,7.296243654575));
#10717 = CARTESIAN_POINT('',(5.055101670844,7.490434913806));
#10718 = CARTESIAN_POINT('',(5.355035451365,7.658499873645));
#10719 = ( GEOMETRIC_REPRESENTATION_CONTEXT(2) 
PARAMETRIC_REPRESENTATION_CONTEXT() REPRESENTATION_CONTEXT('2D SPACE',''
  ) );
#10720 = ORIENTED_EDGE('',*,*,#10664,.T.);
#10721 = ORIENTED_EDGE('',*,*,#10722,.T.);
#10722 = EDGE_CURVE('',#10640,#10723,#10725,.T.);
#10723 = VERTEX_POINT('',#10724);
#10724 = CARTESIAN_POINT('',(5.355035451365,7.658499873645,5.));
#10725 = SURFACE_CURVE('',#10726,(#10731,#10738),.PCURVE_S1.);
#10726 = B_SPLINE_CURVE_WITH_KNOTS('',3,(#10727,#10728,#10729,#10730),
  .UNSPECIFIED.,.F.,.F.,(4,4),(0.,1.),.PIECEWISE_BEZIER_KNOTS.);
#10727 = CARTESIAN_POINT('',(4.542226374794,7.022276677108,5.));
#10728 = CARTESIAN_POINT('',(4.756097369308,7.296243654575,5.));
#10729 = CARTESIAN_POINT('',(5.055101670844,7.490434913806,5.));
#10730 = CARTESIAN_POINT('',(5.355035451365,7.658499873645,5.));
#10731 = PCURVE('',#10677,#10732);
#10732 = DEFINITIONAL_REPRESENTATION('',(#10733),#10737);
#10733 = LINE('',#10734,#10735);
#10734 = CARTESIAN_POINT('',(1.,0.));
#10735 = VECTOR('',#10736,1.);
#10736 = DIRECTION('',(0.,1.));
#10737 = ( GEOMETRIC_REPRESENTATION_CONTEXT(2) 
PARAMETRIC_REPRESENTATION_CONTEXT() REPRESENTATION_CONTEXT('2D SPACE',''
  ) );
#10738 = PCURVE('',#110,#10739);
#10739 = DEFINITIONAL_REPRESENTATION('',(#10740),#10745);
#10740 = B_SPLINE_CURVE_WITH_KNOTS('',3,(#10741,#10742,#10743,#10744),
  .UNSPECIFIED.,.F.,.F.,(4,4),(0.,1.),.PIECEWISE_BEZIER_KNOTS.);
#10741 = CARTESIAN_POINT('',(-4.542226374794,7.022276677108));
#10742 = CARTESIAN_POINT('',(-4.756097369308,7.296243654575));
#10743 = CARTESIAN_POINT('',(-5.055101670844,7.490434913806));
#10744 = CARTESIAN_POINT('',(-5.355035451365,7.658499873645));
#10745 = ( GEOMETRIC_REPRESENTATION_CONTEXT(2) 
PARAMETRIC_REPRESENTATION_CONTEXT() REPRESENTATION_CONTEXT('2D SPACE',''
  ) );
#10746 = ORIENTED_EDGE('',*,*,#10747,.F.);
#10747 = EDGE_CURVE('',#10697,#10723,#10748,.T.);
#10748 = SURFACE_CURVE('',#10749,(#10752,#10759),.PCURVE_S1.);
#10749 = B_SPLINE_CURVE_WITH_KNOTS('',1,(#10750,#10751),.UNSPECIFIED.,
  .F.,.F.,(2,2),(0.,1.),.PIECEWISE_BEZIER_KNOTS.);
#10750 = CARTESIAN_POINT('',(5.355035451365,7.658499873645,0.));
#10751 = CARTESIAN_POINT('',(5.355035451365,7.658499873645,5.));
#10752 = PCURVE('',#10677,#10753);
#10753 = DEFINITIONAL_REPRESENTATION('',(#10754),#10758);
#10754 = LINE('',#10755,#10756);
#10755 = CARTESIAN_POINT('',(0.,1.));
#10756 = VECTOR('',#10757,1.);
#10757 = DIRECTION('',(1.,0.));
#10758 = ( GEOMETRIC_REPRESENTATION_CONTEXT(2) 
PARAMETRIC_REPRESENTATION_CONTEXT() REPRESENTATION_CONTEXT('2D SPACE',''
  ) );
#10759 = PCURVE('',#10760,#10769);
#10760 = B_SPLINE_SURFACE_WITH_KNOTS('',1,3,(
    (#10761,#10762,#10763,#10764)
    ,(#10765,#10766,#10767,#10768
    )),.UNSPECIFIED.,.F.,.F.,.F.,(2,2),(4,4),(0.,1.),(0.,1.),
  .PIECEWISE_BEZIER_KNOTS.);
#10761 = CARTESIAN_POINT('',(5.355035451365,7.658499873645,0.));
#10762 = CARTESIAN_POINT('',(5.44750450869,7.593843003376,0.));
#10763 = CARTESIAN_POINT('',(5.538802401964,7.527511201195,0.));
#10764 = CARTESIAN_POINT('',(5.628869249924,7.459547973387,0.));
#10765 = CARTESIAN_POINT('',(5.355035451365,7.658499873645,5.));
#10766 = CARTESIAN_POINT('',(5.44750450869,7.593843003376,5.));
#10767 = CARTESIAN_POINT('',(5.538802401964,7.527511201195,5.));
#10768 = CARTESIAN_POINT('',(5.628869249924,7.459547973387,5.));
#10769 = DEFINITIONAL_REPRESENTATION('',(#10770),#10774);
#10770 = LINE('',#10771,#10772);
#10771 = CARTESIAN_POINT('',(0.,0.));
#10772 = VECTOR('',#10773,1.);
#10773 = DIRECTION('',(1.,0.));
#10774 = ( GEOMETRIC_REPRESENTATION_CONTEXT(2) 
PARAMETRIC_REPRESENTATION_CONTEXT() REPRESENTATION_CONTEXT('2D SPACE',''
  ) );
#10775 = ADVANCED_FACE('',(#10776),#10760,.T.);
#10776 = FACE_BOUND('',#10777,.T.);
#10777 = EDGE_LOOP('',(#10778,#10803,#10804,#10829));
#10778 = ORIENTED_EDGE('',*,*,#10779,.F.);
#10779 = EDGE_CURVE('',#10697,#10780,#10782,.T.);
#10780 = VERTEX_POINT('',#10781);
#10781 = CARTESIAN_POINT('',(5.628869249924,7.459547973387,0.));
#10782 = SURFACE_CURVE('',#10783,(#10788,#10795),.PCURVE_S1.);
#10783 = B_SPLINE_CURVE_WITH_KNOTS('',3,(#10784,#10785,#10786,#10787),
  .UNSPECIFIED.,.F.,.F.,(4,4),(0.,1.),.PIECEWISE_BEZIER_KNOTS.);
#10784 = CARTESIAN_POINT('',(5.355035451365,7.658499873645,0.));
#10785 = CARTESIAN_POINT('',(5.44750450869,7.593843003376,0.));
#10786 = CARTESIAN_POINT('',(5.538802401964,7.527511201195,0.));
#10787 = CARTESIAN_POINT('',(5.628869249924,7.459547973387,0.));
#10788 = PCURVE('',#10760,#10789);
#10789 = DEFINITIONAL_REPRESENTATION('',(#10790),#10794);
#10790 = LINE('',#10791,#10792);
#10791 = CARTESIAN_POINT('',(0.,0.));
#10792 = VECTOR('',#10793,1.);
#10793 = DIRECTION('',(0.,1.));
#10794 = ( GEOMETRIC_REPRESENTATION_CONTEXT(2) 
PARAMETRIC_REPRESENTATION_CONTEXT() REPRESENTATION_CONTEXT('2D SPACE',''
  ) );
#10795 = PCURVE('',#49,#10796);
#10796 = DEFINITIONAL_REPRESENTATION('',(#10797),#10802);
#10797 = B_SPLINE_CURVE_WITH_KNOTS('',3,(#10798,#10799,#10800,#10801),
  .UNSPECIFIED.,.F.,.F.,(4,4),(0.,1.),.PIECEWISE_BEZIER_KNOTS.);
#10798 = CARTESIAN_POINT('',(5.355035451365,7.658499873645));
#10799 = CARTESIAN_POINT('',(5.44750450869,7.593843003376));
#10800 = CARTESIAN_POINT('',(5.538802401964,7.527511201195));
#10801 = CARTESIAN_POINT('',(5.628869249924,7.459547973387));
#10802 = ( GEOMETRIC_REPRESENTATION_CONTEXT(2) 
PARAMETRIC_REPRESENTATION_CONTEXT() REPRESENTATION_CONTEXT('2D SPACE',''
  ) );
#10803 = ORIENTED_EDGE('',*,*,#10747,.T.);
#10804 = ORIENTED_EDGE('',*,*,#10805,.T.);
#10805 = EDGE_CURVE('',#10723,#10806,#10808,.T.);
#10806 = VERTEX_POINT('',#10807);
#10807 = CARTESIAN_POINT('',(5.628869249924,7.459547973387,5.));
#10808 = SURFACE_CURVE('',#10809,(#10814,#10821),.PCURVE_S1.);
#10809 = B_SPLINE_CURVE_WITH_KNOTS('',3,(#10810,#10811,#10812,#10813),
  .UNSPECIFIED.,.F.,.F.,(4,4),(0.,1.),.PIECEWISE_BEZIER_KNOTS.);
#10810 = CARTESIAN_POINT('',(5.355035451365,7.658499873645,5.));
#10811 = CARTESIAN_POINT('',(5.44750450869,7.593843003376,5.));
#10812 = CARTESIAN_POINT('',(5.538802401964,7.527511201195,5.));
#10813 = CARTESIAN_POINT('',(5.628869249924,7.459547973387,5.));
#10814 = PCURVE('',#10760,#10815);
#10815 = DEFINITIONAL_REPRESENTATION('',(#10816),#10820);
#10816 = LINE('',#10817,#10818);
#10817 = CARTESIAN_POINT('',(1.,0.));
#10818 = VECTOR('',#10819,1.);
#10819 = DIRECTION('',(0.,1.));
#10820 = ( GEOMETRIC_REPRESENTATION_CONTEXT(2) 
PARAMETRIC_REPRESENTATION_CONTEXT() REPRESENTATION_CONTEXT('2D SPACE',''
  ) );
#10821 = PCURVE('',#110,#10822);
#10822 = DEFINITIONAL_REPRESENTATION('',(#10823),#10828);
#10823 = B_SPLINE_CURVE_WITH_KNOTS('',3,(#10824,#10825,#10826,#10827),
  .UNSPECIFIED.,.F.,.F.,(4,4),(0.,1.),.PIECEWISE_BEZIER_KNOTS.);
#10824 = CARTESIAN_POINT('',(-5.355035451365,7.658499873645));
#10825 = CARTESIAN_POINT('',(-5.44750450869,7.593843003376));
#10826 = CARTESIAN_POINT('',(-5.538802401964,7.527511201195));
#10827 = CARTESIAN_POINT('',(-5.628869249924,7.459547973387));
#10828 = ( GEOMETRIC_REPRESENTATION_CONTEXT(2) 
PARAMETRIC_REPRESENTATION_CONTEXT() REPRESENTATION_CONTEXT('2D SPACE',''
  ) );
#10829 = ORIENTED_EDGE('',*,*,#10830,.F.);
#10830 = EDGE_CURVE('',#10780,#10806,#10831,.T.);
#10831 = SURFACE_CURVE('',#10832,(#10835,#10842),.PCURVE_S1.);
#10832 = B_SPLINE_CURVE_WITH_KNOTS('',1,(#10833,#10834),.UNSPECIFIED.,
  .F.,.F.,(2,2),(0.,1.),.PIECEWISE_BEZIER_KNOTS.);
#10833 = CARTESIAN_POINT('',(5.628869249924,7.459547973387,0.));
#10834 = CARTESIAN_POINT('',(5.628869249924,7.459547973387,5.));
#10835 = PCURVE('',#10760,#10836);
#10836 = DEFINITIONAL_REPRESENTATION('',(#10837),#10841);
#10837 = LINE('',#10838,#10839);
#10838 = CARTESIAN_POINT('',(0.,1.));
#10839 = VECTOR('',#10840,1.);
#10840 = DIRECTION('',(1.,0.));
#10841 = ( GEOMETRIC_REPRESENTATION_CONTEXT(2) 
PARAMETRIC_REPRESENTATION_CONTEXT() REPRESENTATION_CONTEXT('2D SPACE',''
  ) );
#10842 = PCURVE('',#10843,#10852);
#10843 = B_SPLINE_SURFACE_WITH_KNOTS('',1,3,(
    (#10844,#10845,#10846,#10847)
    ,(#10848,#10849,#10850,#10851
    )),.UNSPECIFIED.,.F.,.F.,.F.,(2,2),(4,4),(0.,1.),(0.,1.),
  .PIECEWISE_BEZIER_KNOTS.);
#10844 = CARTESIAN_POINT('',(5.628869249924,7.459547973387,0.));
#10845 = CARTESIAN_POINT('',(5.561714610076,7.122359068216,0.));
#10846 = CARTESIAN_POINT('',(5.469425158143,6.777980679579,0.));
#10847 = CARTESIAN_POINT('',(5.274956850882,6.489916824665,0.));
#10848 = CARTESIAN_POINT('',(5.628869249924,7.459547973387,5.));
#10849 = CARTESIAN_POINT('',(5.561714610076,7.122359068216,5.));
#10850 = CARTESIAN_POINT('',(5.469425158143,6.777980679579,5.));
#10851 = CARTESIAN_POINT('',(5.274956850882,6.489916824665,5.));
#10852 = DEFINITIONAL_REPRESENTATION('',(#10853),#10857);
#10853 = LINE('',#10854,#10855);
#10854 = CARTESIAN_POINT('',(0.,0.));
#10855 = VECTOR('',#10856,1.);
#10856 = DIRECTION('',(1.,0.));
#10857 = ( GEOMETRIC_REPRESENTATION_CONTEXT(2) 
PARAMETRIC_REPRESENTATION_CONTEXT() REPRESENTATION_CONTEXT('2D SPACE',''
  ) );
#10858 = ADVANCED_FACE('',(#10859),#10843,.T.);
#10859 = FACE_BOUND('',#10860,.T.);
#10860 = EDGE_LOOP('',(#10861,#10886,#10887,#10912));
#10861 = ORIENTED_EDGE('',*,*,#10862,.F.);
#10862 = EDGE_CURVE('',#10780,#10863,#10865,.T.);
#10863 = VERTEX_POINT('',#10864);
#10864 = CARTESIAN_POINT('',(5.274956850882,6.489916824665,0.));
#10865 = SURFACE_CURVE('',#10866,(#10871,#10878),.PCURVE_S1.);
#10866 = B_SPLINE_CURVE_WITH_KNOTS('',3,(#10867,#10868,#10869,#10870),
  .UNSPECIFIED.,.F.,.F.,(4,4),(0.,1.),.PIECEWISE_BEZIER_KNOTS.);
#10867 = CARTESIAN_POINT('',(5.628869249924,7.459547973387,0.));
#10868 = CARTESIAN_POINT('',(5.561714610076,7.122359068216,0.));
#10869 = CARTESIAN_POINT('',(5.469425158143,6.777980679579,0.));
#10870 = CARTESIAN_POINT('',(5.274956850882,6.489916824665,0.));
#10871 = PCURVE('',#10843,#10872);
#10872 = DEFINITIONAL_REPRESENTATION('',(#10873),#10877);
#10873 = LINE('',#10874,#10875);
#10874 = CARTESIAN_POINT('',(0.,0.));
#10875 = VECTOR('',#10876,1.);
#10876 = DIRECTION('',(0.,1.));
#10877 = ( GEOMETRIC_REPRESENTATION_CONTEXT(2) 
PARAMETRIC_REPRESENTATION_CONTEXT() REPRESENTATION_CONTEXT('2D SPACE',''
  ) );
#10878 = PCURVE('',#49,#10879);
#10879 = DEFINITIONAL_REPRESENTATION('',(#10880),#10885);
#10880 = B_SPLINE_CURVE_WITH_KNOTS('',3,(#10881,#10882,#10883,#10884),
  .UNSPECIFIED.,.F.,.F.,(4,4),(0.,1.),.PIECEWISE_BEZIER_KNOTS.);
#10881 = CARTESIAN_POINT('',(5.628869249924,7.459547973387));
#10882 = CARTESIAN_POINT('',(5.561714610076,7.122359068216));
#10883 = CARTESIAN_POINT('',(5.469425158143,6.777980679579));
#10884 = CARTESIAN_POINT('',(5.274956850882,6.489916824665));
#10885 = ( GEOMETRIC_REPRESENTATION_CONTEXT(2) 
PARAMETRIC_REPRESENTATION_CONTEXT() REPRESENTATION_CONTEXT('2D SPACE',''
  ) );
#10886 = ORIENTED_EDGE('',*,*,#10830,.T.);
#10887 = ORIENTED_EDGE('',*,*,#10888,.T.);
#10888 = EDGE_CURVE('',#10806,#10889,#10891,.T.);
#10889 = VERTEX_POINT('',#10890);
#10890 = CARTESIAN_POINT('',(5.274956850882,6.489916824665,5.));
#10891 = SURFACE_CURVE('',#10892,(#10897,#10904),.PCURVE_S1.);
#10892 = B_SPLINE_CURVE_WITH_KNOTS('',3,(#10893,#10894,#10895,#10896),
  .UNSPECIFIED.,.F.,.F.,(4,4),(0.,1.),.PIECEWISE_BEZIER_KNOTS.);
#10893 = CARTESIAN_POINT('',(5.628869249924,7.459547973387,5.));
#10894 = CARTESIAN_POINT('',(5.561714610076,7.122359068216,5.));
#10895 = CARTESIAN_POINT('',(5.469425158143,6.777980679579,5.));
#10896 = CARTESIAN_POINT('',(5.274956850882,6.489916824665,5.));
#10897 = PCURVE('',#10843,#10898);
#10898 = DEFINITIONAL_REPRESENTATION('',(#10899),#10903);
#10899 = LINE('',#10900,#10901);
#10900 = CARTESIAN_POINT('',(1.,0.));
#10901 = VECTOR('',#10902,1.);
#10902 = DIRECTION('',(0.,1.));
#10903 = ( GEOMETRIC_REPRESENTATION_CONTEXT(2) 
PARAMETRIC_REPRESENTATION_CONTEXT() REPRESENTATION_CONTEXT('2D SPACE',''
  ) );
#10904 = PCURVE('',#110,#10905);
#10905 = DEFINITIONAL_REPRESENTATION('',(#10906),#10911);
#10906 = B_SPLINE_CURVE_WITH_KNOTS('',3,(#10907,#10908,#10909,#10910),
  .UNSPECIFIED.,.F.,.F.,(4,4),(0.,1.),.PIECEWISE_BEZIER_KNOTS.);
#10907 = CARTESIAN_POINT('',(-5.628869249924,7.459547973387));
#10908 = CARTESIAN_POINT('',(-5.561714610076,7.122359068216));
#10909 = CARTESIAN_POINT('',(-5.469425158143,6.777980679579));
#10910 = CARTESIAN_POINT('',(-5.274956850882,6.489916824665));
#10911 = ( GEOMETRIC_REPRESENTATION_CONTEXT(2) 
PARAMETRIC_REPRESENTATION_CONTEXT() REPRESENTATION_CONTEXT('2D SPACE',''
  ) );
#10912 = ORIENTED_EDGE('',*,*,#10913,.F.);
#10913 = EDGE_CURVE('',#10863,#10889,#10914,.T.);
#10914 = SURFACE_CURVE('',#10915,(#10918,#10925),.PCURVE_S1.);
#10915 = B_SPLINE_CURVE_WITH_KNOTS('',1,(#10916,#10917),.UNSPECIFIED.,
  .F.,.F.,(2,2),(0.,1.),.PIECEWISE_BEZIER_KNOTS.);
#10916 = CARTESIAN_POINT('',(5.274956850882,6.489916824665,0.));
#10917 = CARTESIAN_POINT('',(5.274956850882,6.489916824665,5.));
#10918 = PCURVE('',#10843,#10919);
#10919 = DEFINITIONAL_REPRESENTATION('',(#10920),#10924);
#10920 = LINE('',#10921,#10922);
#10921 = CARTESIAN_POINT('',(0.,1.));
#10922 = VECTOR('',#10923,1.);
#10923 = DIRECTION('',(1.,0.));
#10924 = ( GEOMETRIC_REPRESENTATION_CONTEXT(2) 
PARAMETRIC_REPRESENTATION_CONTEXT() REPRESENTATION_CONTEXT('2D SPACE',''
  ) );
#10925 = PCURVE('',#10926,#10935);
#10926 = B_SPLINE_SURFACE_WITH_KNOTS('',1,3,(
    (#10927,#10928,#10929,#10930)
    ,(#10931,#10932,#10933,#10934
    )),.UNSPECIFIED.,.F.,.F.,.F.,(2,2),(4,4),(0.,1.),(0.,1.),
  .PIECEWISE_BEZIER_KNOTS.);
#10927 = CARTESIAN_POINT('',(5.274956850882,6.489916824665,0.));
#10928 = CARTESIAN_POINT('',(5.362545104983,6.385254659893,0.));
#10929 = CARTESIAN_POINT('',(5.467754704555,6.295397172973,0.));
#10930 = CARTESIAN_POINT('',(5.584830126076,6.22526004538,0.));
#10931 = CARTESIAN_POINT('',(5.274956850882,6.489916824665,5.));
#10932 = CARTESIAN_POINT('',(5.362545104983,6.385254659893,5.));
#10933 = CARTESIAN_POINT('',(5.467754704555,6.295397172973,5.));
#10934 = CARTESIAN_POINT('',(5.584830126076,6.22526004538,5.));
#10935 = DEFINITIONAL_REPRESENTATION('',(#10936),#10940);
#10936 = LINE('',#10937,#10938);
#10937 = CARTESIAN_POINT('',(0.,0.));
#10938 = VECTOR('',#10939,1.);
#10939 = DIRECTION('',(1.,0.));
#10940 = ( GEOMETRIC_REPRESENTATION_CONTEXT(2) 
PARAMETRIC_REPRESENTATION_CONTEXT() REPRESENTATION_CONTEXT('2D SPACE',''
  ) );
#10941 = ADVANCED_FACE('',(#10942),#10926,.T.);
#10942 = FACE_BOUND('',#10943,.T.);
#10943 = EDGE_LOOP('',(#10944,#10969,#10970,#10995));
#10944 = ORIENTED_EDGE('',*,*,#10945,.F.);
#10945 = EDGE_CURVE('',#10863,#10946,#10948,.T.);
#10946 = VERTEX_POINT('',#10947);
#10947 = CARTESIAN_POINT('',(5.584830126076,6.22526004538,0.));
#10948 = SURFACE_CURVE('',#10949,(#10954,#10961),.PCURVE_S1.);
#10949 = B_SPLINE_CURVE_WITH_KNOTS('',3,(#10950,#10951,#10952,#10953),
  .UNSPECIFIED.,.F.,.F.,(4,4),(0.,1.),.PIECEWISE_BEZIER_KNOTS.);
#10950 = CARTESIAN_POINT('',(5.274956850882,6.489916824665,0.));
#10951 = CARTESIAN_POINT('',(5.362545104983,6.385254659893,0.));
#10952 = CARTESIAN_POINT('',(5.467754704555,6.295397172973,0.));
#10953 = CARTESIAN_POINT('',(5.584830126076,6.22526004538,0.));
#10954 = PCURVE('',#10926,#10955);
#10955 = DEFINITIONAL_REPRESENTATION('',(#10956),#10960);
#10956 = LINE('',#10957,#10958);
#10957 = CARTESIAN_POINT('',(0.,0.));
#10958 = VECTOR('',#10959,1.);
#10959 = DIRECTION('',(0.,1.));
#10960 = ( GEOMETRIC_REPRESENTATION_CONTEXT(2) 
PARAMETRIC_REPRESENTATION_CONTEXT() REPRESENTATION_CONTEXT('2D SPACE',''
  ) );
#10961 = PCURVE('',#49,#10962);
#10962 = DEFINITIONAL_REPRESENTATION('',(#10963),#10968);
#10963 = B_SPLINE_CURVE_WITH_KNOTS('',3,(#10964,#10965,#10966,#10967),
  .UNSPECIFIED.,.F.,.F.,(4,4),(0.,1.),.PIECEWISE_BEZIER_KNOTS.);
#10964 = CARTESIAN_POINT('',(5.274956850882,6.489916824665));
#10965 = CARTESIAN_POINT('',(5.362545104983,6.385254659893));
#10966 = CARTESIAN_POINT('',(5.467754704555,6.295397172973));
#10967 = CARTESIAN_POINT('',(5.584830126076,6.22526004538));
#10968 = ( GEOMETRIC_REPRESENTATION_CONTEXT(2) 
PARAMETRIC_REPRESENTATION_CONTEXT() REPRESENTATION_CONTEXT('2D SPACE',''
  ) );
#10969 = ORIENTED_EDGE('',*,*,#10913,.T.);
#10970 = ORIENTED_EDGE('',*,*,#10971,.T.);
#10971 = EDGE_CURVE('',#10889,#10972,#10974,.T.);
#10972 = VERTEX_POINT('',#10973);
#10973 = CARTESIAN_POINT('',(5.584830126076,6.22526004538,5.));
#10974 = SURFACE_CURVE('',#10975,(#10980,#10987),.PCURVE_S1.);
#10975 = B_SPLINE_CURVE_WITH_KNOTS('',3,(#10976,#10977,#10978,#10979),
  .UNSPECIFIED.,.F.,.F.,(4,4),(0.,1.),.PIECEWISE_BEZIER_KNOTS.);
#10976 = CARTESIAN_POINT('',(5.274956850882,6.489916824665,5.));
#10977 = CARTESIAN_POINT('',(5.362545104983,6.385254659893,5.));
#10978 = CARTESIAN_POINT('',(5.467754704555,6.295397172973,5.));
#10979 = CARTESIAN_POINT('',(5.584830126076,6.22526004538,5.));
#10980 = PCURVE('',#10926,#10981);
#10981 = DEFINITIONAL_REPRESENTATION('',(#10982),#10986);
#10982 = LINE('',#10983,#10984);
#10983 = CARTESIAN_POINT('',(1.,0.));
#10984 = VECTOR('',#10985,1.);
#10985 = DIRECTION('',(0.,1.));
#10986 = ( GEOMETRIC_REPRESENTATION_CONTEXT(2) 
PARAMETRIC_REPRESENTATION_CONTEXT() REPRESENTATION_CONTEXT('2D SPACE',''
  ) );
#10987 = PCURVE('',#110,#10988);
#10988 = DEFINITIONAL_REPRESENTATION('',(#10989),#10994);
#10989 = B_SPLINE_CURVE_WITH_KNOTS('',3,(#10990,#10991,#10992,#10993),
  .UNSPECIFIED.,.F.,.F.,(4,4),(0.,1.),.PIECEWISE_BEZIER_KNOTS.);
#10990 = CARTESIAN_POINT('',(-5.274956850882,6.489916824665));
#10991 = CARTESIAN_POINT('',(-5.362545104983,6.385254659893));
#10992 = CARTESIAN_POINT('',(-5.467754704555,6.295397172973));
#10993 = CARTESIAN_POINT('',(-5.584830126076,6.22526004538));
#10994 = ( GEOMETRIC_REPRESENTATION_CONTEXT(2) 
PARAMETRIC_REPRESENTATION_CONTEXT() REPRESENTATION_CONTEXT('2D SPACE',''
  ) );
#10995 = ORIENTED_EDGE('',*,*,#10996,.F.);
#10996 = EDGE_CURVE('',#10946,#10972,#10997,.T.);
#10997 = SURFACE_CURVE('',#10998,(#11001,#11008),.PCURVE_S1.);
#10998 = B_SPLINE_CURVE_WITH_KNOTS('',1,(#10999,#11000),.UNSPECIFIED.,
  .F.,.F.,(2,2),(0.,1.),.PIECEWISE_BEZIER_KNOTS.);
#10999 = CARTESIAN_POINT('',(5.584830126076,6.22526004538,0.));
#11000 = CARTESIAN_POINT('',(5.584830126076,6.22526004538,5.));
#11001 = PCURVE('',#10926,#11002);
#11002 = DEFINITIONAL_REPRESENTATION('',(#11003),#11007);
#11003 = LINE('',#11004,#11005);
#11004 = CARTESIAN_POINT('',(0.,1.));
#11005 = VECTOR('',#11006,1.);
#11006 = DIRECTION('',(1.,0.));
#11007 = ( GEOMETRIC_REPRESENTATION_CONTEXT(2) 
PARAMETRIC_REPRESENTATION_CONTEXT() REPRESENTATION_CONTEXT('2D SPACE',''
  ) );
#11008 = PCURVE('',#11009,#11018);
#11009 = B_SPLINE_SURFACE_WITH_KNOTS('',1,3,(
    (#11010,#11011,#11012,#11013)
    ,(#11014,#11015,#11016,#11017
    )),.UNSPECIFIED.,.F.,.F.,.F.,(2,2),(4,4),(0.,1.),(0.,1.),
  .PIECEWISE_BEZIER_KNOTS.);
#11010 = CARTESIAN_POINT('',(5.584830126076,6.22526004538,0.));
#11011 = CARTESIAN_POINT('',(5.838925891307,6.462397240118,0.));
#11012 = CARTESIAN_POINT('',(6.164627159475,6.60742310475,0.));
#11013 = CARTESIAN_POINT('',(6.487159409531,6.726498925543,0.));
#11014 = CARTESIAN_POINT('',(5.584830126076,6.22526004538,5.));
#11015 = CARTESIAN_POINT('',(5.838925891307,6.462397240118,5.));
#11016 = CARTESIAN_POINT('',(6.164627159475,6.60742310475,5.));
#11017 = CARTESIAN_POINT('',(6.487159409531,6.726498925543,5.));
#11018 = DEFINITIONAL_REPRESENTATION('',(#11019),#11023);
#11019 = LINE('',#11020,#11021);
#11020 = CARTESIAN_POINT('',(0.,0.));
#11021 = VECTOR('',#11022,1.);
#11022 = DIRECTION('',(1.,0.));
#11023 = ( GEOMETRIC_REPRESENTATION_CONTEXT(2) 
PARAMETRIC_REPRESENTATION_CONTEXT() REPRESENTATION_CONTEXT('2D SPACE',''
  ) );
#11024 = ADVANCED_FACE('',(#11025),#11009,.T.);
#11025 = FACE_BOUND('',#11026,.T.);
#11026 = EDGE_LOOP('',(#11027,#11052,#11053,#11078));
#11027 = ORIENTED_EDGE('',*,*,#11028,.F.);
#11028 = EDGE_CURVE('',#10946,#11029,#11031,.T.);
#11029 = VERTEX_POINT('',#11030);
#11030 = CARTESIAN_POINT('',(6.487159409531,6.726498925543,0.));
#11031 = SURFACE_CURVE('',#11032,(#11037,#11044),.PCURVE_S1.);
#11032 = B_SPLINE_CURVE_WITH_KNOTS('',3,(#11033,#11034,#11035,#11036),
  .UNSPECIFIED.,.F.,.F.,(4,4),(0.,1.),.PIECEWISE_BEZIER_KNOTS.);
#11033 = CARTESIAN_POINT('',(5.584830126076,6.22526004538,0.));
#11034 = CARTESIAN_POINT('',(5.838925891307,6.462397240118,0.));
#11035 = CARTESIAN_POINT('',(6.164627159475,6.60742310475,0.));
#11036 = CARTESIAN_POINT('',(6.487159409531,6.726498925543,0.));
#11037 = PCURVE('',#11009,#11038);
#11038 = DEFINITIONAL_REPRESENTATION('',(#11039),#11043);
#11039 = LINE('',#11040,#11041);
#11040 = CARTESIAN_POINT('',(0.,0.));
#11041 = VECTOR('',#11042,1.);
#11042 = DIRECTION('',(0.,1.));
#11043 = ( GEOMETRIC_REPRESENTATION_CONTEXT(2) 
PARAMETRIC_REPRESENTATION_CONTEXT() REPRESENTATION_CONTEXT('2D SPACE',''
  ) );
#11044 = PCURVE('',#49,#11045);
#11045 = DEFINITIONAL_REPRESENTATION('',(#11046),#11051);
#11046 = B_SPLINE_CURVE_WITH_KNOTS('',3,(#11047,#11048,#11049,#11050),
  .UNSPECIFIED.,.F.,.F.,(4,4),(0.,1.),.PIECEWISE_BEZIER_KNOTS.);
#11047 = CARTESIAN_POINT('',(5.584830126076,6.22526004538));
#11048 = CARTESIAN_POINT('',(5.838925891307,6.462397240118));
#11049 = CARTESIAN_POINT('',(6.164627159475,6.60742310475));
#11050 = CARTESIAN_POINT('',(6.487159409531,6.726498925543));
#11051 = ( GEOMETRIC_REPRESENTATION_CONTEXT(2) 
PARAMETRIC_REPRESENTATION_CONTEXT() REPRESENTATION_CONTEXT('2D SPACE',''
  ) );
#11052 = ORIENTED_EDGE('',*,*,#10996,.T.);
#11053 = ORIENTED_EDGE('',*,*,#11054,.T.);
#11054 = EDGE_CURVE('',#10972,#11055,#11057,.T.);
#11055 = VERTEX_POINT('',#11056);
#11056 = CARTESIAN_POINT('',(6.487159409531,6.726498925543,5.));
#11057 = SURFACE_CURVE('',#11058,(#11063,#11070),.PCURVE_S1.);
#11058 = B_SPLINE_CURVE_WITH_KNOTS('',3,(#11059,#11060,#11061,#11062),
  .UNSPECIFIED.,.F.,.F.,(4,4),(0.,1.),.PIECEWISE_BEZIER_KNOTS.);
#11059 = CARTESIAN_POINT('',(5.584830126076,6.22526004538,5.));
#11060 = CARTESIAN_POINT('',(5.838925891307,6.462397240118,5.));
#11061 = CARTESIAN_POINT('',(6.164627159475,6.60742310475,5.));
#11062 = CARTESIAN_POINT('',(6.487159409531,6.726498925543,5.));
#11063 = PCURVE('',#11009,#11064);
#11064 = DEFINITIONAL_REPRESENTATION('',(#11065),#11069);
#11065 = LINE('',#11066,#11067);
#11066 = CARTESIAN_POINT('',(1.,0.));
#11067 = VECTOR('',#11068,1.);
#11068 = DIRECTION('',(0.,1.));
#11069 = ( GEOMETRIC_REPRESENTATION_CONTEXT(2) 
PARAMETRIC_REPRESENTATION_CONTEXT() REPRESENTATION_CONTEXT('2D SPACE',''
  ) );
#11070 = PCURVE('',#110,#11071);
#11071 = DEFINITIONAL_REPRESENTATION('',(#11072),#11077);
#11072 = B_SPLINE_CURVE_WITH_KNOTS('',3,(#11073,#11074,#11075,#11076),
  .UNSPECIFIED.,.F.,.F.,(4,4),(0.,1.),.PIECEWISE_BEZIER_KNOTS.);
#11073 = CARTESIAN_POINT('',(-5.584830126076,6.22526004538));
#11074 = CARTESIAN_POINT('',(-5.838925891307,6.462397240118));
#11075 = CARTESIAN_POINT('',(-6.164627159475,6.60742310475));
#11076 = CARTESIAN_POINT('',(-6.487159409531,6.726498925543));
#11077 = ( GEOMETRIC_REPRESENTATION_CONTEXT(2) 
PARAMETRIC_REPRESENTATION_CONTEXT() REPRESENTATION_CONTEXT('2D SPACE',''
  ) );
#11078 = ORIENTED_EDGE('',*,*,#11079,.F.);
#11079 = EDGE_CURVE('',#11029,#11055,#11080,.T.);
#11080 = SURFACE_CURVE('',#11081,(#11084,#11091),.PCURVE_S1.);
#11081 = B_SPLINE_CURVE_WITH_KNOTS('',1,(#11082,#11083),.UNSPECIFIED.,
  .F.,.F.,(2,2),(0.,1.),.PIECEWISE_BEZIER_KNOTS.);
#11082 = CARTESIAN_POINT('',(6.487159409531,6.726498925543,0.));
#11083 = CARTESIAN_POINT('',(6.487159409531,6.726498925543,5.));
#11084 = PCURVE('',#11009,#11085);
#11085 = DEFINITIONAL_REPRESENTATION('',(#11086),#11090);
#11086 = LINE('',#11087,#11088);
#11087 = CARTESIAN_POINT('',(0.,1.));
#11088 = VECTOR('',#11089,1.);
#11089 = DIRECTION('',(1.,0.));
#11090 = ( GEOMETRIC_REPRESENTATION_CONTEXT(2) 
PARAMETRIC_REPRESENTATION_CONTEXT() REPRESENTATION_CONTEXT('2D SPACE',''
  ) );
#11091 = PCURVE('',#11092,#11101);
#11092 = B_SPLINE_SURFACE_WITH_KNOTS('',1,3,(
    (#11093,#11094,#11095,#11096)
    ,(#11097,#11098,#11099,#11100
    )),.UNSPECIFIED.,.F.,.F.,.F.,(2,2),(4,4),(0.,1.),(0.,1.),
  .PIECEWISE_BEZIER_KNOTS.);
#11093 = CARTESIAN_POINT('',(6.487159409531,6.726498925543,0.));
#11094 = CARTESIAN_POINT('',(6.568375456405,6.648172741123,0.));
#11095 = CARTESIAN_POINT('',(6.648172741123,6.568375456405,0.));
#11096 = CARTESIAN_POINT('',(6.726498925543,6.487159409531,0.));
#11097 = CARTESIAN_POINT('',(6.487159409531,6.726498925543,5.));
#11098 = CARTESIAN_POINT('',(6.568375456405,6.648172741123,5.));
#11099 = CARTESIAN_POINT('',(6.648172741123,6.568375456405,5.));
#11100 = CARTESIAN_POINT('',(6.726498925543,6.487159409531,5.));
#11101 = DEFINITIONAL_REPRESENTATION('',(#11102),#11106);
#11102 = LINE('',#11103,#11104);
#11103 = CARTESIAN_POINT('',(0.,0.));
#11104 = VECTOR('',#11105,1.);
#11105 = DIRECTION('',(1.,0.));
#11106 = ( GEOMETRIC_REPRESENTATION_CONTEXT(2) 
PARAMETRIC_REPRESENTATION_CONTEXT() REPRESENTATION_CONTEXT('2D SPACE',''
  ) );
#11107 = ADVANCED_FACE('',(#11108),#11092,.T.);
#11108 = FACE_BOUND('',#11109,.T.);
#11109 = EDGE_LOOP('',(#11110,#11135,#11136,#11161));
#11110 = ORIENTED_EDGE('',*,*,#11111,.F.);
#11111 = EDGE_CURVE('',#11029,#11112,#11114,.T.);
#11112 = VERTEX_POINT('',#11113);
#11113 = CARTESIAN_POINT('',(6.726498925543,6.487159409531,0.));
#11114 = SURFACE_CURVE('',#11115,(#11120,#11127),.PCURVE_S1.);
#11115 = B_SPLINE_CURVE_WITH_KNOTS('',3,(#11116,#11117,#11118,#11119),
  .UNSPECIFIED.,.F.,.F.,(4,4),(0.,1.),.PIECEWISE_BEZIER_KNOTS.);
#11116 = CARTESIAN_POINT('',(6.487159409531,6.726498925543,0.));
#11117 = CARTESIAN_POINT('',(6.568375456405,6.648172741123,0.));
#11118 = CARTESIAN_POINT('',(6.648172741123,6.568375456405,0.));
#11119 = CARTESIAN_POINT('',(6.726498925543,6.487159409531,0.));
#11120 = PCURVE('',#11092,#11121);
#11121 = DEFINITIONAL_REPRESENTATION('',(#11122),#11126);
#11122 = LINE('',#11123,#11124);
#11123 = CARTESIAN_POINT('',(0.,0.));
#11124 = VECTOR('',#11125,1.);
#11125 = DIRECTION('',(0.,1.));
#11126 = ( GEOMETRIC_REPRESENTATION_CONTEXT(2) 
PARAMETRIC_REPRESENTATION_CONTEXT() REPRESENTATION_CONTEXT('2D SPACE',''
  ) );
#11127 = PCURVE('',#49,#11128);
#11128 = DEFINITIONAL_REPRESENTATION('',(#11129),#11134);
#11129 = B_SPLINE_CURVE_WITH_KNOTS('',3,(#11130,#11131,#11132,#11133),
  .UNSPECIFIED.,.F.,.F.,(4,4),(0.,1.),.PIECEWISE_BEZIER_KNOTS.);
#11130 = CARTESIAN_POINT('',(6.487159409531,6.726498925543));
#11131 = CARTESIAN_POINT('',(6.568375456405,6.648172741123));
#11132 = CARTESIAN_POINT('',(6.648172741123,6.568375456405));
#11133 = CARTESIAN_POINT('',(6.726498925543,6.487159409531));
#11134 = ( GEOMETRIC_REPRESENTATION_CONTEXT(2) 
PARAMETRIC_REPRESENTATION_CONTEXT() REPRESENTATION_CONTEXT('2D SPACE',''
  ) );
#11135 = ORIENTED_EDGE('',*,*,#11079,.T.);
#11136 = ORIENTED_EDGE('',*,*,#11137,.T.);
#11137 = EDGE_CURVE('',#11055,#11138,#11140,.T.);
#11138 = VERTEX_POINT('',#11139);
#11139 = CARTESIAN_POINT('',(6.726498925543,6.487159409531,5.));
#11140 = SURFACE_CURVE('',#11141,(#11146,#11153),.PCURVE_S1.);
#11141 = B_SPLINE_CURVE_WITH_KNOTS('',3,(#11142,#11143,#11144,#11145),
  .UNSPECIFIED.,.F.,.F.,(4,4),(0.,1.),.PIECEWISE_BEZIER_KNOTS.);
#11142 = CARTESIAN_POINT('',(6.487159409531,6.726498925543,5.));
#11143 = CARTESIAN_POINT('',(6.568375456405,6.648172741123,5.));
#11144 = CARTESIAN_POINT('',(6.648172741123,6.568375456405,5.));
#11145 = CARTESIAN_POINT('',(6.726498925543,6.487159409531,5.));
#11146 = PCURVE('',#11092,#11147);
#11147 = DEFINITIONAL_REPRESENTATION('',(#11148),#11152);
#11148 = LINE('',#11149,#11150);
#11149 = CARTESIAN_POINT('',(1.,0.));
#11150 = VECTOR('',#11151,1.);
#11151 = DIRECTION('',(0.,1.));
#11152 = ( GEOMETRIC_REPRESENTATION_CONTEXT(2) 
PARAMETRIC_REPRESENTATION_CONTEXT() REPRESENTATION_CONTEXT('2D SPACE',''
  ) );
#11153 = PCURVE('',#110,#11154);
#11154 = DEFINITIONAL_REPRESENTATION('',(#11155),#11160);
#11155 = B_SPLINE_CURVE_WITH_KNOTS('',3,(#11156,#11157,#11158,#11159),
  .UNSPECIFIED.,.F.,.F.,(4,4),(0.,1.),.PIECEWISE_BEZIER_KNOTS.);
#11156 = CARTESIAN_POINT('',(-6.487159409531,6.726498925543));
#11157 = CARTESIAN_POINT('',(-6.568375456405,6.648172741123));
#11158 = CARTESIAN_POINT('',(-6.648172741123,6.568375456405));
#11159 = CARTESIAN_POINT('',(-6.726498925543,6.487159409531));
#11160 = ( GEOMETRIC_REPRESENTATION_CONTEXT(2) 
PARAMETRIC_REPRESENTATION_CONTEXT() REPRESENTATION_CONTEXT('2D SPACE',''
  ) );
#11161 = ORIENTED_EDGE('',*,*,#11162,.F.);
#11162 = EDGE_CURVE('',#11112,#11138,#11163,.T.);
#11163 = SURFACE_CURVE('',#11164,(#11167,#11174),.PCURVE_S1.);
#11164 = B_SPLINE_CURVE_WITH_KNOTS('',1,(#11165,#11166),.UNSPECIFIED.,
  .F.,.F.,(2,2),(0.,1.),.PIECEWISE_BEZIER_KNOTS.);
#11165 = CARTESIAN_POINT('',(6.726498925543,6.487159409531,0.));
#11166 = CARTESIAN_POINT('',(6.726498925543,6.487159409531,5.));
#11167 = PCURVE('',#11092,#11168);
#11168 = DEFINITIONAL_REPRESENTATION('',(#11169),#11173);
#11169 = LINE('',#11170,#11171);
#11170 = CARTESIAN_POINT('',(0.,1.));
#11171 = VECTOR('',#11172,1.);
#11172 = DIRECTION('',(1.,0.));
#11173 = ( GEOMETRIC_REPRESENTATION_CONTEXT(2) 
PARAMETRIC_REPRESENTATION_CONTEXT() REPRESENTATION_CONTEXT('2D SPACE',''
  ) );
#11174 = PCURVE('',#11175,#11184);
#11175 = B_SPLINE_SURFACE_WITH_KNOTS('',1,3,(
    (#11176,#11177,#11178,#11179)
    ,(#11180,#11181,#11182,#11183
    )),.UNSPECIFIED.,.F.,.F.,.F.,(2,2),(4,4),(0.,1.),(0.,1.),
  .PIECEWISE_BEZIER_KNOTS.);
#11176 = CARTESIAN_POINT('',(6.726498925543,6.487159409531,0.));
#11177 = CARTESIAN_POINT('',(6.607423104751,6.164627159475,0.));
#11178 = CARTESIAN_POINT('',(6.462397240118,5.838925891307,0.));
#11179 = CARTESIAN_POINT('',(6.22526004538,5.584830126076,0.));
#11180 = CARTESIAN_POINT('',(6.726498925543,6.487159409531,5.));
#11181 = CARTESIAN_POINT('',(6.607423104751,6.164627159475,5.));
#11182 = CARTESIAN_POINT('',(6.462397240118,5.838925891307,5.));
#11183 = CARTESIAN_POINT('',(6.22526004538,5.584830126076,5.));
#11184 = DEFINITIONAL_REPRESENTATION('',(#11185),#11189);
#11185 = LINE('',#11186,#11187);
#11186 = CARTESIAN_POINT('',(0.,0.));
#11187 = VECTOR('',#11188,1.);
#11188 = DIRECTION('',(1.,0.));
#11189 = ( GEOMETRIC_REPRESENTATION_CONTEXT(2) 
PARAMETRIC_REPRESENTATION_CONTEXT() REPRESENTATION_CONTEXT('2D SPACE',''
  ) );
#11190 = ADVANCED_FACE('',(#11191),#11175,.T.);
#11191 = FACE_BOUND('',#11192,.T.);
#11192 = EDGE_LOOP('',(#11193,#11218,#11219,#11244));
#11193 = ORIENTED_EDGE('',*,*,#11194,.F.);
#11194 = EDGE_CURVE('',#11112,#11195,#11197,.T.);
#11195 = VERTEX_POINT('',#11196);
#11196 = CARTESIAN_POINT('',(6.22526004538,5.584830126076,0.));
#11197 = SURFACE_CURVE('',#11198,(#11203,#11210),.PCURVE_S1.);
#11198 = B_SPLINE_CURVE_WITH_KNOTS('',3,(#11199,#11200,#11201,#11202),
  .UNSPECIFIED.,.F.,.F.,(4,4),(0.,1.),.PIECEWISE_BEZIER_KNOTS.);
#11199 = CARTESIAN_POINT('',(6.726498925543,6.487159409531,0.));
#11200 = CARTESIAN_POINT('',(6.607423104751,6.164627159475,0.));
#11201 = CARTESIAN_POINT('',(6.462397240118,5.838925891307,0.));
#11202 = CARTESIAN_POINT('',(6.22526004538,5.584830126076,0.));
#11203 = PCURVE('',#11175,#11204);
#11204 = DEFINITIONAL_REPRESENTATION('',(#11205),#11209);
#11205 = LINE('',#11206,#11207);
#11206 = CARTESIAN_POINT('',(0.,0.));
#11207 = VECTOR('',#11208,1.);
#11208 = DIRECTION('',(0.,1.));
#11209 = ( GEOMETRIC_REPRESENTATION_CONTEXT(2) 
PARAMETRIC_REPRESENTATION_CONTEXT() REPRESENTATION_CONTEXT('2D SPACE',''
  ) );
#11210 = PCURVE('',#49,#11211);
#11211 = DEFINITIONAL_REPRESENTATION('',(#11212),#11217);
#11212 = B_SPLINE_CURVE_WITH_KNOTS('',3,(#11213,#11214,#11215,#11216),
  .UNSPECIFIED.,.F.,.F.,(4,4),(0.,1.),.PIECEWISE_BEZIER_KNOTS.);
#11213 = CARTESIAN_POINT('',(6.726498925543,6.487159409531));
#11214 = CARTESIAN_POINT('',(6.607423104751,6.164627159475));
#11215 = CARTESIAN_POINT('',(6.462397240118,5.838925891307));
#11216 = CARTESIAN_POINT('',(6.22526004538,5.584830126076));
#11217 = ( GEOMETRIC_REPRESENTATION_CONTEXT(2) 
PARAMETRIC_REPRESENTATION_CONTEXT() REPRESENTATION_CONTEXT('2D SPACE',''
  ) );
#11218 = ORIENTED_EDGE('',*,*,#11162,.T.);
#11219 = ORIENTED_EDGE('',*,*,#11220,.T.);
#11220 = EDGE_CURVE('',#11138,#11221,#11223,.T.);
#11221 = VERTEX_POINT('',#11222);
#11222 = CARTESIAN_POINT('',(6.22526004538,5.584830126076,5.));
#11223 = SURFACE_CURVE('',#11224,(#11229,#11236),.PCURVE_S1.);
#11224 = B_SPLINE_CURVE_WITH_KNOTS('',3,(#11225,#11226,#11227,#11228),
  .UNSPECIFIED.,.F.,.F.,(4,4),(0.,1.),.PIECEWISE_BEZIER_KNOTS.);
#11225 = CARTESIAN_POINT('',(6.726498925543,6.487159409531,5.));
#11226 = CARTESIAN_POINT('',(6.607423104751,6.164627159475,5.));
#11227 = CARTESIAN_POINT('',(6.462397240118,5.838925891307,5.));
#11228 = CARTESIAN_POINT('',(6.22526004538,5.584830126076,5.));
#11229 = PCURVE('',#11175,#11230);
#11230 = DEFINITIONAL_REPRESENTATION('',(#11231),#11235);
#11231 = LINE('',#11232,#11233);
#11232 = CARTESIAN_POINT('',(1.,0.));
#11233 = VECTOR('',#11234,1.);
#11234 = DIRECTION('',(0.,1.));
#11235 = ( GEOMETRIC_REPRESENTATION_CONTEXT(2) 
PARAMETRIC_REPRESENTATION_CONTEXT() REPRESENTATION_CONTEXT('2D SPACE',''
  ) );
#11236 = PCURVE('',#110,#11237);
#11237 = DEFINITIONAL_REPRESENTATION('',(#11238),#11243);
#11238 = B_SPLINE_CURVE_WITH_KNOTS('',3,(#11239,#11240,#11241,#11242),
  .UNSPECIFIED.,.F.,.F.,(4,4),(0.,1.),.PIECEWISE_BEZIER_KNOTS.);
#11239 = CARTESIAN_POINT('',(-6.726498925543,6.487159409531));
#11240 = CARTESIAN_POINT('',(-6.607423104751,6.164627159475));
#11241 = CARTESIAN_POINT('',(-6.462397240118,5.838925891307));
#11242 = CARTESIAN_POINT('',(-6.22526004538,5.584830126076));
#11243 = ( GEOMETRIC_REPRESENTATION_CONTEXT(2) 
PARAMETRIC_REPRESENTATION_CONTEXT() REPRESENTATION_CONTEXT('2D SPACE',''
  ) );
#11244 = ORIENTED_EDGE('',*,*,#11245,.F.);
#11245 = EDGE_CURVE('',#11195,#11221,#11246,.T.);
#11246 = SURFACE_CURVE('',#11247,(#11250,#11257),.PCURVE_S1.);
#11247 = B_SPLINE_CURVE_WITH_KNOTS('',1,(#11248,#11249),.UNSPECIFIED.,
  .F.,.F.,(2,2),(0.,1.),.PIECEWISE_BEZIER_KNOTS.);
#11248 = CARTESIAN_POINT('',(6.22526004538,5.584830126076,0.));
#11249 = CARTESIAN_POINT('',(6.22526004538,5.584830126076,5.));
#11250 = PCURVE('',#11175,#11251);
#11251 = DEFINITIONAL_REPRESENTATION('',(#11252),#11256);
#11252 = LINE('',#11253,#11254);
#11253 = CARTESIAN_POINT('',(0.,1.));
#11254 = VECTOR('',#11255,1.);
#11255 = DIRECTION('',(1.,0.));
#11256 = ( GEOMETRIC_REPRESENTATION_CONTEXT(2) 
PARAMETRIC_REPRESENTATION_CONTEXT() REPRESENTATION_CONTEXT('2D SPACE',''
  ) );
#11257 = PCURVE('',#11258,#11267);
#11258 = B_SPLINE_SURFACE_WITH_KNOTS('',1,3,(
    (#11259,#11260,#11261,#11262)
    ,(#11263,#11264,#11265,#11266
    )),.UNSPECIFIED.,.F.,.F.,.F.,(2,2),(4,4),(0.,1.),(0.,1.),
  .PIECEWISE_BEZIER_KNOTS.);
#11259 = CARTESIAN_POINT('',(6.22526004538,5.584830126076,0.));
#11260 = CARTESIAN_POINT('',(6.295397172973,5.467754704555,0.));
#11261 = CARTESIAN_POINT('',(6.385254659893,5.362545104983,0.));
#11262 = CARTESIAN_POINT('',(6.489916824665,5.274956850882,0.));
#11263 = CARTESIAN_POINT('',(6.22526004538,5.584830126076,5.));
#11264 = CARTESIAN_POINT('',(6.295397172973,5.467754704555,5.));
#11265 = CARTESIAN_POINT('',(6.385254659893,5.362545104983,5.));
#11266 = CARTESIAN_POINT('',(6.489916824665,5.274956850882,5.));
#11267 = DEFINITIONAL_REPRESENTATION('',(#11268),#11272);
#11268 = LINE('',#11269,#11270);
#11269 = CARTESIAN_POINT('',(0.,0.));
#11270 = VECTOR('',#11271,1.);
#11271 = DIRECTION('',(1.,0.));
#11272 = ( GEOMETRIC_REPRESENTATION_CONTEXT(2) 
PARAMETRIC_REPRESENTATION_CONTEXT() REPRESENTATION_CONTEXT('2D SPACE',''
  ) );
#11273 = ADVANCED_FACE('',(#11274),#11258,.T.);
#11274 = FACE_BOUND('',#11275,.T.);
#11275 = EDGE_LOOP('',(#11276,#11301,#11302,#11327));
#11276 = ORIENTED_EDGE('',*,*,#11277,.F.);
#11277 = EDGE_CURVE('',#11195,#11278,#11280,.T.);
#11278 = VERTEX_POINT('',#11279);
#11279 = CARTESIAN_POINT('',(6.489916824665,5.274956850882,0.));
#11280 = SURFACE_CURVE('',#11281,(#11286,#11293),.PCURVE_S1.);
#11281 = B_SPLINE_CURVE_WITH_KNOTS('',3,(#11282,#11283,#11284,#11285),
  .UNSPECIFIED.,.F.,.F.,(4,4),(0.,1.),.PIECEWISE_BEZIER_KNOTS.);
#11282 = CARTESIAN_POINT('',(6.22526004538,5.584830126076,0.));
#11283 = CARTESIAN_POINT('',(6.295397172973,5.467754704555,0.));
#11284 = CARTESIAN_POINT('',(6.385254659893,5.362545104983,0.));
#11285 = CARTESIAN_POINT('',(6.489916824665,5.274956850882,0.));
#11286 = PCURVE('',#11258,#11287);
#11287 = DEFINITIONAL_REPRESENTATION('',(#11288),#11292);
#11288 = LINE('',#11289,#11290);
#11289 = CARTESIAN_POINT('',(0.,0.));
#11290 = VECTOR('',#11291,1.);
#11291 = DIRECTION('',(0.,1.));
#11292 = ( GEOMETRIC_REPRESENTATION_CONTEXT(2) 
PARAMETRIC_REPRESENTATION_CONTEXT() REPRESENTATION_CONTEXT('2D SPACE',''
  ) );
#11293 = PCURVE('',#49,#11294);
#11294 = DEFINITIONAL_REPRESENTATION('',(#11295),#11300);
#11295 = B_SPLINE_CURVE_WITH_KNOTS('',3,(#11296,#11297,#11298,#11299),
  .UNSPECIFIED.,.F.,.F.,(4,4),(0.,1.),.PIECEWISE_BEZIER_KNOTS.);
#11296 = CARTESIAN_POINT('',(6.22526004538,5.584830126076));
#11297 = CARTESIAN_POINT('',(6.295397172973,5.467754704555));
#11298 = CARTESIAN_POINT('',(6.385254659893,5.362545104983));
#11299 = CARTESIAN_POINT('',(6.489916824665,5.274956850882));
#11300 = ( GEOMETRIC_REPRESENTATION_CONTEXT(2) 
PARAMETRIC_REPRESENTATION_CONTEXT() REPRESENTATION_CONTEXT('2D SPACE',''
  ) );
#11301 = ORIENTED_EDGE('',*,*,#11245,.T.);
#11302 = ORIENTED_EDGE('',*,*,#11303,.T.);
#11303 = EDGE_CURVE('',#11221,#11304,#11306,.T.);
#11304 = VERTEX_POINT('',#11305);
#11305 = CARTESIAN_POINT('',(6.489916824665,5.274956850882,5.));
#11306 = SURFACE_CURVE('',#11307,(#11312,#11319),.PCURVE_S1.);
#11307 = B_SPLINE_CURVE_WITH_KNOTS('',3,(#11308,#11309,#11310,#11311),
  .UNSPECIFIED.,.F.,.F.,(4,4),(0.,1.),.PIECEWISE_BEZIER_KNOTS.);
#11308 = CARTESIAN_POINT('',(6.22526004538,5.584830126076,5.));
#11309 = CARTESIAN_POINT('',(6.295397172973,5.467754704555,5.));
#11310 = CARTESIAN_POINT('',(6.385254659893,5.362545104983,5.));
#11311 = CARTESIAN_POINT('',(6.489916824665,5.274956850882,5.));
#11312 = PCURVE('',#11258,#11313);
#11313 = DEFINITIONAL_REPRESENTATION('',(#11314),#11318);
#11314 = LINE('',#11315,#11316);
#11315 = CARTESIAN_POINT('',(1.,0.));
#11316 = VECTOR('',#11317,1.);
#11317 = DIRECTION('',(0.,1.));
#11318 = ( GEOMETRIC_REPRESENTATION_CONTEXT(2) 
PARAMETRIC_REPRESENTATION_CONTEXT() REPRESENTATION_CONTEXT('2D SPACE',''
  ) );
#11319 = PCURVE('',#110,#11320);
#11320 = DEFINITIONAL_REPRESENTATION('',(#11321),#11326);
#11321 = B_SPLINE_CURVE_WITH_KNOTS('',3,(#11322,#11323,#11324,#11325),
  .UNSPECIFIED.,.F.,.F.,(4,4),(0.,1.),.PIECEWISE_BEZIER_KNOTS.);
#11322 = CARTESIAN_POINT('',(-6.22526004538,5.584830126076));
#11323 = CARTESIAN_POINT('',(-6.295397172973,5.467754704555));
#11324 = CARTESIAN_POINT('',(-6.385254659893,5.362545104983));
#11325 = CARTESIAN_POINT('',(-6.489916824665,5.274956850882));
#11326 = ( GEOMETRIC_REPRESENTATION_CONTEXT(2) 
PARAMETRIC_REPRESENTATION_CONTEXT() REPRESENTATION_CONTEXT('2D SPACE',''
  ) );
#11327 = ORIENTED_EDGE('',*,*,#11328,.F.);
#11328 = EDGE_CURVE('',#11278,#11304,#11329,.T.);
#11329 = SURFACE_CURVE('',#11330,(#11333,#11340),.PCURVE_S1.);
#11330 = B_SPLINE_CURVE_WITH_KNOTS('',1,(#11331,#11332),.UNSPECIFIED.,
  .F.,.F.,(2,2),(0.,1.),.PIECEWISE_BEZIER_KNOTS.);
#11331 = CARTESIAN_POINT('',(6.489916824665,5.274956850882,0.));
#11332 = CARTESIAN_POINT('',(6.489916824665,5.274956850882,5.));
#11333 = PCURVE('',#11258,#11334);
#11334 = DEFINITIONAL_REPRESENTATION('',(#11335),#11339);
#11335 = LINE('',#11336,#11337);
#11336 = CARTESIAN_POINT('',(0.,1.));
#11337 = VECTOR('',#11338,1.);
#11338 = DIRECTION('',(1.,0.));
#11339 = ( GEOMETRIC_REPRESENTATION_CONTEXT(2) 
PARAMETRIC_REPRESENTATION_CONTEXT() REPRESENTATION_CONTEXT('2D SPACE',''
  ) );
#11340 = PCURVE('',#11341,#11350);
#11341 = B_SPLINE_SURFACE_WITH_KNOTS('',1,3,(
    (#11342,#11343,#11344,#11345)
    ,(#11346,#11347,#11348,#11349
    )),.UNSPECIFIED.,.F.,.F.,.F.,(2,2),(4,4),(0.,1.),(0.,1.),
  .PIECEWISE_BEZIER_KNOTS.);
#11342 = CARTESIAN_POINT('',(6.489916824665,5.274956850882,0.));
#11343 = CARTESIAN_POINT('',(6.777980679579,5.469425158143,0.));
#11344 = CARTESIAN_POINT('',(7.122359068216,5.561714610076,0.));
#11345 = CARTESIAN_POINT('',(7.459547973387,5.628869249924,0.));
#11346 = CARTESIAN_POINT('',(6.489916824665,5.274956850882,5.));
#11347 = CARTESIAN_POINT('',(6.777980679579,5.469425158143,5.));
#11348 = CARTESIAN_POINT('',(7.122359068216,5.561714610076,5.));
#11349 = CARTESIAN_POINT('',(7.459547973387,5.628869249924,5.));
#11350 = DEFINITIONAL_REPRESENTATION('',(#11351),#11355);
#11351 = LINE('',#11352,#11353);
#11352 = CARTESIAN_POINT('',(0.,0.));
#11353 = VECTOR('',#11354,1.);
#11354 = DIRECTION('',(1.,0.));
#11355 = ( GEOMETRIC_REPRESENTATION_CONTEXT(2) 
PARAMETRIC_REPRESENTATION_CONTEXT() REPRESENTATION_CONTEXT('2D SPACE',''
  ) );
#11356 = ADVANCED_FACE('',(#11357),#11341,.T.);
#11357 = FACE_BOUND('',#11358,.T.);
#11358 = EDGE_LOOP('',(#11359,#11384,#11385,#11410));
#11359 = ORIENTED_EDGE('',*,*,#11360,.F.);
#11360 = EDGE_CURVE('',#11278,#11361,#11363,.T.);
#11361 = VERTEX_POINT('',#11362);
#11362 = CARTESIAN_POINT('',(7.459547973387,5.628869249924,0.));
#11363 = SURFACE_CURVE('',#11364,(#11369,#11376),.PCURVE_S1.);
#11364 = B_SPLINE_CURVE_WITH_KNOTS('',3,(#11365,#11366,#11367,#11368),
  .UNSPECIFIED.,.F.,.F.,(4,4),(0.,1.),.PIECEWISE_BEZIER_KNOTS.);
#11365 = CARTESIAN_POINT('',(6.489916824665,5.274956850882,0.));
#11366 = CARTESIAN_POINT('',(6.777980679579,5.469425158143,0.));
#11367 = CARTESIAN_POINT('',(7.122359068216,5.561714610076,0.));
#11368 = CARTESIAN_POINT('',(7.459547973387,5.628869249924,0.));
#11369 = PCURVE('',#11341,#11370);
#11370 = DEFINITIONAL_REPRESENTATION('',(#11371),#11375);
#11371 = LINE('',#11372,#11373);
#11372 = CARTESIAN_POINT('',(0.,0.));
#11373 = VECTOR('',#11374,1.);
#11374 = DIRECTION('',(0.,1.));
#11375 = ( GEOMETRIC_REPRESENTATION_CONTEXT(2) 
PARAMETRIC_REPRESENTATION_CONTEXT() REPRESENTATION_CONTEXT('2D SPACE',''
  ) );
#11376 = PCURVE('',#49,#11377);
#11377 = DEFINITIONAL_REPRESENTATION('',(#11378),#11383);
#11378 = B_SPLINE_CURVE_WITH_KNOTS('',3,(#11379,#11380,#11381,#11382),
  .UNSPECIFIED.,.F.,.F.,(4,4),(0.,1.),.PIECEWISE_BEZIER_KNOTS.);
#11379 = CARTESIAN_POINT('',(6.489916824665,5.274956850882));
#11380 = CARTESIAN_POINT('',(6.777980679579,5.469425158143));
#11381 = CARTESIAN_POINT('',(7.122359068216,5.561714610076));
#11382 = CARTESIAN_POINT('',(7.459547973387,5.628869249924));
#11383 = ( GEOMETRIC_REPRESENTATION_CONTEXT(2) 
PARAMETRIC_REPRESENTATION_CONTEXT() REPRESENTATION_CONTEXT('2D SPACE',''
  ) );
#11384 = ORIENTED_EDGE('',*,*,#11328,.T.);
#11385 = ORIENTED_EDGE('',*,*,#11386,.T.);
#11386 = EDGE_CURVE('',#11304,#11387,#11389,.T.);
#11387 = VERTEX_POINT('',#11388);
#11388 = CARTESIAN_POINT('',(7.459547973387,5.628869249924,5.));
#11389 = SURFACE_CURVE('',#11390,(#11395,#11402),.PCURVE_S1.);
#11390 = B_SPLINE_CURVE_WITH_KNOTS('',3,(#11391,#11392,#11393,#11394),
  .UNSPECIFIED.,.F.,.F.,(4,4),(0.,1.),.PIECEWISE_BEZIER_KNOTS.);
#11391 = CARTESIAN_POINT('',(6.489916824665,5.274956850882,5.));
#11392 = CARTESIAN_POINT('',(6.777980679579,5.469425158143,5.));
#11393 = CARTESIAN_POINT('',(7.122359068216,5.561714610076,5.));
#11394 = CARTESIAN_POINT('',(7.459547973387,5.628869249924,5.));
#11395 = PCURVE('',#11341,#11396);
#11396 = DEFINITIONAL_REPRESENTATION('',(#11397),#11401);
#11397 = LINE('',#11398,#11399);
#11398 = CARTESIAN_POINT('',(1.,0.));
#11399 = VECTOR('',#11400,1.);
#11400 = DIRECTION('',(0.,1.));
#11401 = ( GEOMETRIC_REPRESENTATION_CONTEXT(2) 
PARAMETRIC_REPRESENTATION_CONTEXT() REPRESENTATION_CONTEXT('2D SPACE',''
  ) );
#11402 = PCURVE('',#110,#11403);
#11403 = DEFINITIONAL_REPRESENTATION('',(#11404),#11409);
#11404 = B_SPLINE_CURVE_WITH_KNOTS('',3,(#11405,#11406,#11407,#11408),
  .UNSPECIFIED.,.F.,.F.,(4,4),(0.,1.),.PIECEWISE_BEZIER_KNOTS.);
#11405 = CARTESIAN_POINT('',(-6.489916824665,5.274956850882));
#11406 = CARTESIAN_POINT('',(-6.777980679579,5.469425158143));
#11407 = CARTESIAN_POINT('',(-7.122359068216,5.561714610076));
#11408 = CARTESIAN_POINT('',(-7.459547973387,5.628869249924));
#11409 = ( GEOMETRIC_REPRESENTATION_CONTEXT(2) 
PARAMETRIC_REPRESENTATION_CONTEXT() REPRESENTATION_CONTEXT('2D SPACE',''
  ) );
#11410 = ORIENTED_EDGE('',*,*,#11411,.F.);
#11411 = EDGE_CURVE('',#11361,#11387,#11412,.T.);
#11412 = SURFACE_CURVE('',#11413,(#11416,#11423),.PCURVE_S1.);
#11413 = B_SPLINE_CURVE_WITH_KNOTS('',1,(#11414,#11415),.UNSPECIFIED.,
  .F.,.F.,(2,2),(0.,1.),.PIECEWISE_BEZIER_KNOTS.);
#11414 = CARTESIAN_POINT('',(7.459547973387,5.628869249924,0.));
#11415 = CARTESIAN_POINT('',(7.459547973387,5.628869249924,5.));
#11416 = PCURVE('',#11341,#11417);
#11417 = DEFINITIONAL_REPRESENTATION('',(#11418),#11422);
#11418 = LINE('',#11419,#11420);
#11419 = CARTESIAN_POINT('',(0.,1.));
#11420 = VECTOR('',#11421,1.);
#11421 = DIRECTION('',(1.,0.));
#11422 = ( GEOMETRIC_REPRESENTATION_CONTEXT(2) 
PARAMETRIC_REPRESENTATION_CONTEXT() REPRESENTATION_CONTEXT('2D SPACE',''
  ) );
#11423 = PCURVE('',#11424,#11433);
#11424 = B_SPLINE_SURFACE_WITH_KNOTS('',1,3,(
    (#11425,#11426,#11427,#11428)
    ,(#11429,#11430,#11431,#11432
    )),.UNSPECIFIED.,.F.,.F.,.F.,(2,2),(4,4),(0.,1.),(0.,1.),
  .PIECEWISE_BEZIER_KNOTS.);
#11425 = CARTESIAN_POINT('',(7.459547973387,5.628869249924,0.));
#11426 = CARTESIAN_POINT('',(7.527511201195,5.538802401964,0.));
#11427 = CARTESIAN_POINT('',(7.593843003376,5.44750450869,0.));
#11428 = CARTESIAN_POINT('',(7.658499873645,5.355035451365,0.));
#11429 = CARTESIAN_POINT('',(7.459547973387,5.628869249924,5.));
#11430 = CARTESIAN_POINT('',(7.527511201195,5.538802401964,5.));
#11431 = CARTESIAN_POINT('',(7.593843003376,5.44750450869,5.));
#11432 = CARTESIAN_POINT('',(7.658499873645,5.355035451365,5.));
#11433 = DEFINITIONAL_REPRESENTATION('',(#11434),#11438);
#11434 = LINE('',#11435,#11436);
#11435 = CARTESIAN_POINT('',(0.,0.));
#11436 = VECTOR('',#11437,1.);
#11437 = DIRECTION('',(1.,0.));
#11438 = ( GEOMETRIC_REPRESENTATION_CONTEXT(2) 
PARAMETRIC_REPRESENTATION_CONTEXT() REPRESENTATION_CONTEXT('2D SPACE',''
  ) );
#11439 = ADVANCED_FACE('',(#11440),#11424,.T.);
#11440 = FACE_BOUND('',#11441,.T.);
#11441 = EDGE_LOOP('',(#11442,#11467,#11468,#11493));
#11442 = ORIENTED_EDGE('',*,*,#11443,.F.);
#11443 = EDGE_CURVE('',#11361,#11444,#11446,.T.);
#11444 = VERTEX_POINT('',#11445);
#11445 = CARTESIAN_POINT('',(7.658499873645,5.355035451365,0.));
#11446 = SURFACE_CURVE('',#11447,(#11452,#11459),.PCURVE_S1.);
#11447 = B_SPLINE_CURVE_WITH_KNOTS('',3,(#11448,#11449,#11450,#11451),
  .UNSPECIFIED.,.F.,.F.,(4,4),(0.,1.),.PIECEWISE_BEZIER_KNOTS.);
#11448 = CARTESIAN_POINT('',(7.459547973387,5.628869249924,0.));
#11449 = CARTESIAN_POINT('',(7.527511201195,5.538802401964,0.));
#11450 = CARTESIAN_POINT('',(7.593843003376,5.44750450869,0.));
#11451 = CARTESIAN_POINT('',(7.658499873645,5.355035451365,0.));
#11452 = PCURVE('',#11424,#11453);
#11453 = DEFINITIONAL_REPRESENTATION('',(#11454),#11458);
#11454 = LINE('',#11455,#11456);
#11455 = CARTESIAN_POINT('',(0.,0.));
#11456 = VECTOR('',#11457,1.);
#11457 = DIRECTION('',(0.,1.));
#11458 = ( GEOMETRIC_REPRESENTATION_CONTEXT(2) 
PARAMETRIC_REPRESENTATION_CONTEXT() REPRESENTATION_CONTEXT('2D SPACE',''
  ) );
#11459 = PCURVE('',#49,#11460);
#11460 = DEFINITIONAL_REPRESENTATION('',(#11461),#11466);
#11461 = B_SPLINE_CURVE_WITH_KNOTS('',3,(#11462,#11463,#11464,#11465),
  .UNSPECIFIED.,.F.,.F.,(4,4),(0.,1.),.PIECEWISE_BEZIER_KNOTS.);
#11462 = CARTESIAN_POINT('',(7.459547973387,5.628869249924));
#11463 = CARTESIAN_POINT('',(7.527511201195,5.538802401964));
#11464 = CARTESIAN_POINT('',(7.593843003376,5.44750450869));
#11465 = CARTESIAN_POINT('',(7.658499873645,5.355035451365));
#11466 = ( GEOMETRIC_REPRESENTATION_CONTEXT(2) 
PARAMETRIC_REPRESENTATION_CONTEXT() REPRESENTATION_CONTEXT('2D SPACE',''
  ) );
#11467 = ORIENTED_EDGE('',*,*,#11411,.T.);
#11468 = ORIENTED_EDGE('',*,*,#11469,.T.);
#11469 = EDGE_CURVE('',#11387,#11470,#11472,.T.);
#11470 = VERTEX_POINT('',#11471);
#11471 = CARTESIAN_POINT('',(7.658499873645,5.355035451365,5.));
#11472 = SURFACE_CURVE('',#11473,(#11478,#11485),.PCURVE_S1.);
#11473 = B_SPLINE_CURVE_WITH_KNOTS('',3,(#11474,#11475,#11476,#11477),
  .UNSPECIFIED.,.F.,.F.,(4,4),(0.,1.),.PIECEWISE_BEZIER_KNOTS.);
#11474 = CARTESIAN_POINT('',(7.459547973387,5.628869249924,5.));
#11475 = CARTESIAN_POINT('',(7.527511201195,5.538802401964,5.));
#11476 = CARTESIAN_POINT('',(7.593843003376,5.44750450869,5.));
#11477 = CARTESIAN_POINT('',(7.658499873645,5.355035451365,5.));
#11478 = PCURVE('',#11424,#11479);
#11479 = DEFINITIONAL_REPRESENTATION('',(#11480),#11484);
#11480 = LINE('',#11481,#11482);
#11481 = CARTESIAN_POINT('',(1.,0.));
#11482 = VECTOR('',#11483,1.);
#11483 = DIRECTION('',(0.,1.));
#11484 = ( GEOMETRIC_REPRESENTATION_CONTEXT(2) 
PARAMETRIC_REPRESENTATION_CONTEXT() REPRESENTATION_CONTEXT('2D SPACE',''
  ) );
#11485 = PCURVE('',#110,#11486);
#11486 = DEFINITIONAL_REPRESENTATION('',(#11487),#11492);
#11487 = B_SPLINE_CURVE_WITH_KNOTS('',3,(#11488,#11489,#11490,#11491),
  .UNSPECIFIED.,.F.,.F.,(4,4),(0.,1.),.PIECEWISE_BEZIER_KNOTS.);
#11488 = CARTESIAN_POINT('',(-7.459547973387,5.628869249924));
#11489 = CARTESIAN_POINT('',(-7.527511201195,5.538802401964));
#11490 = CARTESIAN_POINT('',(-7.593843003376,5.44750450869));
#11491 = CARTESIAN_POINT('',(-7.658499873645,5.355035451365));
#11492 = ( GEOMETRIC_REPRESENTATION_CONTEXT(2) 
PARAMETRIC_REPRESENTATION_CONTEXT() REPRESENTATION_CONTEXT('2D SPACE',''
  ) );
#11493 = ORIENTED_EDGE('',*,*,#11494,.F.);
#11494 = EDGE_CURVE('',#11444,#11470,#11495,.T.);
#11495 = SURFACE_CURVE('',#11496,(#11499,#11506),.PCURVE_S1.);
#11496 = B_SPLINE_CURVE_WITH_KNOTS('',1,(#11497,#11498),.UNSPECIFIED.,
  .F.,.F.,(2,2),(0.,1.),.PIECEWISE_BEZIER_KNOTS.);
#11497 = CARTESIAN_POINT('',(7.658499873645,5.355035451365,0.));
#11498 = CARTESIAN_POINT('',(7.658499873645,5.355035451365,5.));
#11499 = PCURVE('',#11424,#11500);
#11500 = DEFINITIONAL_REPRESENTATION('',(#11501),#11505);
#11501 = LINE('',#11502,#11503);
#11502 = CARTESIAN_POINT('',(0.,1.));
#11503 = VECTOR('',#11504,1.);
#11504 = DIRECTION('',(1.,0.));
#11505 = ( GEOMETRIC_REPRESENTATION_CONTEXT(2) 
PARAMETRIC_REPRESENTATION_CONTEXT() REPRESENTATION_CONTEXT('2D SPACE',''
  ) );
#11506 = PCURVE('',#11507,#11516);
#11507 = B_SPLINE_SURFACE_WITH_KNOTS('',1,3,(
    (#11508,#11509,#11510,#11511)
    ,(#11512,#11513,#11514,#11515
    )),.UNSPECIFIED.,.F.,.F.,.F.,(2,2),(4,4),(0.,1.),(0.,1.),
  .PIECEWISE_BEZIER_KNOTS.);
#11508 = CARTESIAN_POINT('',(7.658499873645,5.355035451365,0.));
#11509 = CARTESIAN_POINT('',(7.490434913806,5.055101670844,0.));
#11510 = CARTESIAN_POINT('',(7.296243654575,4.756097369308,0.));
#11511 = CARTESIAN_POINT('',(7.022276677108,4.542226374794,0.));
#11512 = CARTESIAN_POINT('',(7.658499873645,5.355035451365,5.));
#11513 = CARTESIAN_POINT('',(7.490434913806,5.055101670844,5.));
#11514 = CARTESIAN_POINT('',(7.296243654575,4.756097369308,5.));
#11515 = CARTESIAN_POINT('',(7.022276677108,4.542226374794,5.));
#11516 = DEFINITIONAL_REPRESENTATION('',(#11517),#11521);
#11517 = LINE('',#11518,#11519);
#11518 = CARTESIAN_POINT('',(0.,0.));
#11519 = VECTOR('',#11520,1.);
#11520 = DIRECTION('',(1.,0.));
#11521 = ( GEOMETRIC_REPRESENTATION_CONTEXT(2) 
PARAMETRIC_REPRESENTATION_CONTEXT() REPRESENTATION_CONTEXT('2D SPACE',''
  ) );
#11522 = ADVANCED_FACE('',(#11523),#11507,.T.);
#11523 = FACE_BOUND('',#11524,.T.);
#11524 = EDGE_LOOP('',(#11525,#11550,#11551,#11576));
#11525 = ORIENTED_EDGE('',*,*,#11526,.F.);
#11526 = EDGE_CURVE('',#11444,#11527,#11529,.T.);
#11527 = VERTEX_POINT('',#11528);
#11528 = CARTESIAN_POINT('',(7.022276677108,4.542226374794,0.));
#11529 = SURFACE_CURVE('',#11530,(#11535,#11542),.PCURVE_S1.);
#11530 = B_SPLINE_CURVE_WITH_KNOTS('',3,(#11531,#11532,#11533,#11534),
  .UNSPECIFIED.,.F.,.F.,(4,4),(0.,1.),.PIECEWISE_BEZIER_KNOTS.);
#11531 = CARTESIAN_POINT('',(7.658499873645,5.355035451365,0.));
#11532 = CARTESIAN_POINT('',(7.490434913806,5.055101670844,0.));
#11533 = CARTESIAN_POINT('',(7.296243654575,4.756097369308,0.));
#11534 = CARTESIAN_POINT('',(7.022276677108,4.542226374794,0.));
#11535 = PCURVE('',#11507,#11536);
#11536 = DEFINITIONAL_REPRESENTATION('',(#11537),#11541);
#11537 = LINE('',#11538,#11539);
#11538 = CARTESIAN_POINT('',(0.,0.));
#11539 = VECTOR('',#11540,1.);
#11540 = DIRECTION('',(0.,1.));
#11541 = ( GEOMETRIC_REPRESENTATION_CONTEXT(2) 
PARAMETRIC_REPRESENTATION_CONTEXT() REPRESENTATION_CONTEXT('2D SPACE',''
  ) );
#11542 = PCURVE('',#49,#11543);
#11543 = DEFINITIONAL_REPRESENTATION('',(#11544),#11549);
#11544 = B_SPLINE_CURVE_WITH_KNOTS('',3,(#11545,#11546,#11547,#11548),
  .UNSPECIFIED.,.F.,.F.,(4,4),(0.,1.),.PIECEWISE_BEZIER_KNOTS.);
#11545 = CARTESIAN_POINT('',(7.658499873645,5.355035451365));
#11546 = CARTESIAN_POINT('',(7.490434913806,5.055101670844));
#11547 = CARTESIAN_POINT('',(7.296243654575,4.756097369308));
#11548 = CARTESIAN_POINT('',(7.022276677108,4.542226374794));
#11549 = ( GEOMETRIC_REPRESENTATION_CONTEXT(2) 
PARAMETRIC_REPRESENTATION_CONTEXT() REPRESENTATION_CONTEXT('2D SPACE',''
  ) );
#11550 = ORIENTED_EDGE('',*,*,#11494,.T.);
#11551 = ORIENTED_EDGE('',*,*,#11552,.T.);
#11552 = EDGE_CURVE('',#11470,#11553,#11555,.T.);
#11553 = VERTEX_POINT('',#11554);
#11554 = CARTESIAN_POINT('',(7.022276677108,4.542226374794,5.));
#11555 = SURFACE_CURVE('',#11556,(#11561,#11568),.PCURVE_S1.);
#11556 = B_SPLINE_CURVE_WITH_KNOTS('',3,(#11557,#11558,#11559,#11560),
  .UNSPECIFIED.,.F.,.F.,(4,4),(0.,1.),.PIECEWISE_BEZIER_KNOTS.);
#11557 = CARTESIAN_POINT('',(7.658499873645,5.355035451365,5.));
#11558 = CARTESIAN_POINT('',(7.490434913806,5.055101670844,5.));
#11559 = CARTESIAN_POINT('',(7.296243654575,4.756097369308,5.));
#11560 = CARTESIAN_POINT('',(7.022276677108,4.542226374794,5.));
#11561 = PCURVE('',#11507,#11562);
#11562 = DEFINITIONAL_REPRESENTATION('',(#11563),#11567);
#11563 = LINE('',#11564,#11565);
#11564 = CARTESIAN_POINT('',(1.,0.));
#11565 = VECTOR('',#11566,1.);
#11566 = DIRECTION('',(0.,1.));
#11567 = ( GEOMETRIC_REPRESENTATION_CONTEXT(2) 
PARAMETRIC_REPRESENTATION_CONTEXT() REPRESENTATION_CONTEXT('2D SPACE',''
  ) );
#11568 = PCURVE('',#110,#11569);
#11569 = DEFINITIONAL_REPRESENTATION('',(#11570),#11575);
#11570 = B_SPLINE_CURVE_WITH_KNOTS('',3,(#11571,#11572,#11573,#11574),
  .UNSPECIFIED.,.F.,.F.,(4,4),(0.,1.),.PIECEWISE_BEZIER_KNOTS.);
#11571 = CARTESIAN_POINT('',(-7.658499873645,5.355035451365));
#11572 = CARTESIAN_POINT('',(-7.490434913806,5.055101670844));
#11573 = CARTESIAN_POINT('',(-7.296243654575,4.756097369308));
#11574 = CARTESIAN_POINT('',(-7.022276677108,4.542226374794));
#11575 = ( GEOMETRIC_REPRESENTATION_CONTEXT(2) 
PARAMETRIC_REPRESENTATION_CONTEXT() REPRESENTATION_CONTEXT('2D SPACE',''
  ) );
#11576 = ORIENTED_EDGE('',*,*,#11577,.F.);
#11577 = EDGE_CURVE('',#11527,#11553,#11578,.T.);
#11578 = SURFACE_CURVE('',#11579,(#11582,#11589),.PCURVE_S1.);
#11579 = B_SPLINE_CURVE_WITH_KNOTS('',1,(#11580,#11581),.UNSPECIFIED.,
  .F.,.F.,(2,2),(0.,1.),.PIECEWISE_BEZIER_KNOTS.);
#11580 = CARTESIAN_POINT('',(7.022276677108,4.542226374794,0.));
#11581 = CARTESIAN_POINT('',(7.022276677108,4.542226374794,5.));
#11582 = PCURVE('',#11507,#11583);
#11583 = DEFINITIONAL_REPRESENTATION('',(#11584),#11588);
#11584 = LINE('',#11585,#11586);
#11585 = CARTESIAN_POINT('',(0.,1.));
#11586 = VECTOR('',#11587,1.);
#11587 = DIRECTION('',(1.,0.));
#11588 = ( GEOMETRIC_REPRESENTATION_CONTEXT(2) 
PARAMETRIC_REPRESENTATION_CONTEXT() REPRESENTATION_CONTEXT('2D SPACE',''
  ) );
#11589 = PCURVE('',#11590,#11599);
#11590 = B_SPLINE_SURFACE_WITH_KNOTS('',1,3,(
    (#11591,#11592,#11593,#11594)
    ,(#11595,#11596,#11597,#11598
    )),.UNSPECIFIED.,.F.,.F.,.F.,(2,2),(4,4),(0.,1.),(0.,1.),
  .PIECEWISE_BEZIER_KNOTS.);
#11591 = CARTESIAN_POINT('',(7.022276677108,4.542226374794,0.));
#11592 = CARTESIAN_POINT('',(7.07323566934,4.415620481954,0.));
#11593 = CARTESIAN_POINT('',(7.14552845406,4.297649379241,0.));
#11594 = CARTESIAN_POINT('',(7.235200232231,4.194766712136,0.));
#11595 = CARTESIAN_POINT('',(7.022276677108,4.542226374794,5.));
#11596 = CARTESIAN_POINT('',(7.07323566934,4.415620481954,5.));
#11597 = CARTESIAN_POINT('',(7.14552845406,4.297649379241,5.));
#11598 = CARTESIAN_POINT('',(7.235200232231,4.194766712136,5.));
#11599 = DEFINITIONAL_REPRESENTATION('',(#11600),#11604);
#11600 = LINE('',#11601,#11602);
#11601 = CARTESIAN_POINT('',(0.,0.));
#11602 = VECTOR('',#11603,1.);
#11603 = DIRECTION('',(1.,0.));
#11604 = ( GEOMETRIC_REPRESENTATION_CONTEXT(2) 
PARAMETRIC_REPRESENTATION_CONTEXT() REPRESENTATION_CONTEXT('2D SPACE',''
  ) );
#11605 = ADVANCED_FACE('',(#11606),#11590,.T.);
#11606 = FACE_BOUND('',#11607,.T.);
#11607 = EDGE_LOOP('',(#11608,#11633,#11634,#11659));
#11608 = ORIENTED_EDGE('',*,*,#11609,.F.);
#11609 = EDGE_CURVE('',#11527,#11610,#11612,.T.);
#11610 = VERTEX_POINT('',#11611);
#11611 = CARTESIAN_POINT('',(7.235200232231,4.194766712136,0.));
#11612 = SURFACE_CURVE('',#11613,(#11618,#11625),.PCURVE_S1.);
#11613 = B_SPLINE_CURVE_WITH_KNOTS('',3,(#11614,#11615,#11616,#11617),
  .UNSPECIFIED.,.F.,.F.,(4,4),(0.,1.),.PIECEWISE_BEZIER_KNOTS.);
#11614 = CARTESIAN_POINT('',(7.022276677108,4.542226374794,0.));
#11615 = CARTESIAN_POINT('',(7.07323566934,4.415620481954,0.));
#11616 = CARTESIAN_POINT('',(7.14552845406,4.297649379241,0.));
#11617 = CARTESIAN_POINT('',(7.235200232231,4.194766712136,0.));
#11618 = PCURVE('',#11590,#11619);
#11619 = DEFINITIONAL_REPRESENTATION('',(#11620),#11624);
#11620 = LINE('',#11621,#11622);
#11621 = CARTESIAN_POINT('',(0.,0.));
#11622 = VECTOR('',#11623,1.);
#11623 = DIRECTION('',(0.,1.));
#11624 = ( GEOMETRIC_REPRESENTATION_CONTEXT(2) 
PARAMETRIC_REPRESENTATION_CONTEXT() REPRESENTATION_CONTEXT('2D SPACE',''
  ) );
#11625 = PCURVE('',#49,#11626);
#11626 = DEFINITIONAL_REPRESENTATION('',(#11627),#11632);
#11627 = B_SPLINE_CURVE_WITH_KNOTS('',3,(#11628,#11629,#11630,#11631),
  .UNSPECIFIED.,.F.,.F.,(4,4),(0.,1.),.PIECEWISE_BEZIER_KNOTS.);
#11628 = CARTESIAN_POINT('',(7.022276677108,4.542226374794));
#11629 = CARTESIAN_POINT('',(7.07323566934,4.415620481954));
#11630 = CARTESIAN_POINT('',(7.14552845406,4.297649379241));
#11631 = CARTESIAN_POINT('',(7.235200232231,4.194766712136));
#11632 = ( GEOMETRIC_REPRESENTATION_CONTEXT(2) 
PARAMETRIC_REPRESENTATION_CONTEXT() REPRESENTATION_CONTEXT('2D SPACE',''
  ) );
#11633 = ORIENTED_EDGE('',*,*,#11577,.T.);
#11634 = ORIENTED_EDGE('',*,*,#11635,.T.);
#11635 = EDGE_CURVE('',#11553,#11636,#11638,.T.);
#11636 = VERTEX_POINT('',#11637);
#11637 = CARTESIAN_POINT('',(7.235200232231,4.194766712136,5.));
#11638 = SURFACE_CURVE('',#11639,(#11644,#11651),.PCURVE_S1.);
#11639 = B_SPLINE_CURVE_WITH_KNOTS('',3,(#11640,#11641,#11642,#11643),
  .UNSPECIFIED.,.F.,.F.,(4,4),(0.,1.),.PIECEWISE_BEZIER_KNOTS.);
#11640 = CARTESIAN_POINT('',(7.022276677108,4.542226374794,5.));
#11641 = CARTESIAN_POINT('',(7.07323566934,4.415620481954,5.));
#11642 = CARTESIAN_POINT('',(7.14552845406,4.297649379241,5.));
#11643 = CARTESIAN_POINT('',(7.235200232231,4.194766712136,5.));
#11644 = PCURVE('',#11590,#11645);
#11645 = DEFINITIONAL_REPRESENTATION('',(#11646),#11650);
#11646 = LINE('',#11647,#11648);
#11647 = CARTESIAN_POINT('',(1.,0.));
#11648 = VECTOR('',#11649,1.);
#11649 = DIRECTION('',(0.,1.));
#11650 = ( GEOMETRIC_REPRESENTATION_CONTEXT(2) 
PARAMETRIC_REPRESENTATION_CONTEXT() REPRESENTATION_CONTEXT('2D SPACE',''
  ) );
#11651 = PCURVE('',#110,#11652);
#11652 = DEFINITIONAL_REPRESENTATION('',(#11653),#11658);
#11653 = B_SPLINE_CURVE_WITH_KNOTS('',3,(#11654,#11655,#11656,#11657),
  .UNSPECIFIED.,.F.,.F.,(4,4),(0.,1.),.PIECEWISE_BEZIER_KNOTS.);
#11654 = CARTESIAN_POINT('',(-7.022276677108,4.542226374794));
#11655 = CARTESIAN_POINT('',(-7.07323566934,4.415620481954));
#11656 = CARTESIAN_POINT('',(-7.14552845406,4.297649379241));
#11657 = CARTESIAN_POINT('',(-7.235200232231,4.194766712136));
#11658 = ( GEOMETRIC_REPRESENTATION_CONTEXT(2) 
PARAMETRIC_REPRESENTATION_CONTEXT() REPRESENTATION_CONTEXT('2D SPACE',''
  ) );
#11659 = ORIENTED_EDGE('',*,*,#11660,.F.);
#11660 = EDGE_CURVE('',#11610,#11636,#11661,.T.);
#11661 = SURFACE_CURVE('',#11662,(#11665,#11672),.PCURVE_S1.);
#11662 = B_SPLINE_CURVE_WITH_KNOTS('',1,(#11663,#11664),.UNSPECIFIED.,
  .F.,.F.,(2,2),(0.,1.),.PIECEWISE_BEZIER_KNOTS.);
#11663 = CARTESIAN_POINT('',(7.235200232231,4.194766712136,0.));
#11664 = CARTESIAN_POINT('',(7.235200232231,4.194766712136,5.));
#11665 = PCURVE('',#11590,#11666);
#11666 = DEFINITIONAL_REPRESENTATION('',(#11667),#11671);
#11667 = LINE('',#11668,#11669);
#11668 = CARTESIAN_POINT('',(0.,1.));
#11669 = VECTOR('',#11670,1.);
#11670 = DIRECTION('',(1.,0.));
#11671 = ( GEOMETRIC_REPRESENTATION_CONTEXT(2) 
PARAMETRIC_REPRESENTATION_CONTEXT() REPRESENTATION_CONTEXT('2D SPACE',''
  ) );
#11672 = PCURVE('',#11673,#11682);
#11673 = B_SPLINE_SURFACE_WITH_KNOTS('',1,3,(
    (#11674,#11675,#11676,#11677)
    ,(#11678,#11679,#11680,#11681
    )),.UNSPECIFIED.,.F.,.F.,.F.,(2,2),(4,4),(0.,1.),(0.,1.),
  .PIECEWISE_BEZIER_KNOTS.);
#11674 = CARTESIAN_POINT('',(7.235200232231,4.194766712136,0.));
#11675 = CARTESIAN_POINT('',(7.550139088691,4.341777676793,0.));
#11676 = CARTESIAN_POINT('',(7.904714858943,4.379058243429,0.));
#11677 = CARTESIAN_POINT('',(8.248257709318,4.392638132226,0.));
#11678 = CARTESIAN_POINT('',(7.235200232231,4.194766712136,5.));
#11679 = CARTESIAN_POINT('',(7.550139088691,4.341777676793,5.));
#11680 = CARTESIAN_POINT('',(7.904714858943,4.379058243429,5.));
#11681 = CARTESIAN_POINT('',(8.248257709318,4.392638132226,5.));
#11682 = DEFINITIONAL_REPRESENTATION('',(#11683),#11687);
#11683 = LINE('',#11684,#11685);
#11684 = CARTESIAN_POINT('',(0.,0.));
#11685 = VECTOR('',#11686,1.);
#11686 = DIRECTION('',(1.,0.));
#11687 = ( GEOMETRIC_REPRESENTATION_CONTEXT(2) 
PARAMETRIC_REPRESENTATION_CONTEXT() REPRESENTATION_CONTEXT('2D SPACE',''
  ) );
#11688 = ADVANCED_FACE('',(#11689),#11673,.T.);
#11689 = FACE_BOUND('',#11690,.T.);
#11690 = EDGE_LOOP('',(#11691,#11716,#11717,#11742));
#11691 = ORIENTED_EDGE('',*,*,#11692,.F.);
#11692 = EDGE_CURVE('',#11610,#11693,#11695,.T.);
#11693 = VERTEX_POINT('',#11694);
#11694 = CARTESIAN_POINT('',(8.248257709318,4.392638132226,0.));
#11695 = SURFACE_CURVE('',#11696,(#11701,#11708),.PCURVE_S1.);
#11696 = B_SPLINE_CURVE_WITH_KNOTS('',3,(#11697,#11698,#11699,#11700),
  .UNSPECIFIED.,.F.,.F.,(4,4),(0.,1.),.PIECEWISE_BEZIER_KNOTS.);
#11697 = CARTESIAN_POINT('',(7.235200232231,4.194766712136,0.));
#11698 = CARTESIAN_POINT('',(7.550139088691,4.341777676793,0.));
#11699 = CARTESIAN_POINT('',(7.904714858943,4.379058243429,0.));
#11700 = CARTESIAN_POINT('',(8.248257709318,4.392638132226,0.));
#11701 = PCURVE('',#11673,#11702);
#11702 = DEFINITIONAL_REPRESENTATION('',(#11703),#11707);
#11703 = LINE('',#11704,#11705);
#11704 = CARTESIAN_POINT('',(0.,0.));
#11705 = VECTOR('',#11706,1.);
#11706 = DIRECTION('',(0.,1.));
#11707 = ( GEOMETRIC_REPRESENTATION_CONTEXT(2) 
PARAMETRIC_REPRESENTATION_CONTEXT() REPRESENTATION_CONTEXT('2D SPACE',''
  ) );
#11708 = PCURVE('',#49,#11709);
#11709 = DEFINITIONAL_REPRESENTATION('',(#11710),#11715);
#11710 = B_SPLINE_CURVE_WITH_KNOTS('',3,(#11711,#11712,#11713,#11714),
  .UNSPECIFIED.,.F.,.F.,(4,4),(0.,1.),.PIECEWISE_BEZIER_KNOTS.);
#11711 = CARTESIAN_POINT('',(7.235200232231,4.194766712136));
#11712 = CARTESIAN_POINT('',(7.550139088691,4.341777676793));
#11713 = CARTESIAN_POINT('',(7.904714858943,4.379058243429));
#11714 = CARTESIAN_POINT('',(8.248257709318,4.392638132226));
#11715 = ( GEOMETRIC_REPRESENTATION_CONTEXT(2) 
PARAMETRIC_REPRESENTATION_CONTEXT() REPRESENTATION_CONTEXT('2D SPACE',''
  ) );
#11716 = ORIENTED_EDGE('',*,*,#11660,.T.);
#11717 = ORIENTED_EDGE('',*,*,#11718,.T.);
#11718 = EDGE_CURVE('',#11636,#11719,#11721,.T.);
#11719 = VERTEX_POINT('',#11720);
#11720 = CARTESIAN_POINT('',(8.248257709318,4.392638132226,5.));
#11721 = SURFACE_CURVE('',#11722,(#11727,#11734),.PCURVE_S1.);
#11722 = B_SPLINE_CURVE_WITH_KNOTS('',3,(#11723,#11724,#11725,#11726),
  .UNSPECIFIED.,.F.,.F.,(4,4),(0.,1.),.PIECEWISE_BEZIER_KNOTS.);
#11723 = CARTESIAN_POINT('',(7.235200232231,4.194766712136,5.));
#11724 = CARTESIAN_POINT('',(7.550139088691,4.341777676793,5.));
#11725 = CARTESIAN_POINT('',(7.904714858943,4.379058243429,5.));
#11726 = CARTESIAN_POINT('',(8.248257709318,4.392638132226,5.));
#11727 = PCURVE('',#11673,#11728);
#11728 = DEFINITIONAL_REPRESENTATION('',(#11729),#11733);
#11729 = LINE('',#11730,#11731);
#11730 = CARTESIAN_POINT('',(1.,0.));
#11731 = VECTOR('',#11732,1.);
#11732 = DIRECTION('',(0.,1.));
#11733 = ( GEOMETRIC_REPRESENTATION_CONTEXT(2) 
PARAMETRIC_REPRESENTATION_CONTEXT() REPRESENTATION_CONTEXT('2D SPACE',''
  ) );
#11734 = PCURVE('',#110,#11735);
#11735 = DEFINITIONAL_REPRESENTATION('',(#11736),#11741);
#11736 = B_SPLINE_CURVE_WITH_KNOTS('',3,(#11737,#11738,#11739,#11740),
  .UNSPECIFIED.,.F.,.F.,(4,4),(0.,1.),.PIECEWISE_BEZIER_KNOTS.);
#11737 = CARTESIAN_POINT('',(-7.235200232231,4.194766712136));
#11738 = CARTESIAN_POINT('',(-7.550139088691,4.341777676793));
#11739 = CARTESIAN_POINT('',(-7.904714858943,4.379058243429));
#11740 = CARTESIAN_POINT('',(-8.248257709318,4.392638132226));
#11741 = ( GEOMETRIC_REPRESENTATION_CONTEXT(2) 
PARAMETRIC_REPRESENTATION_CONTEXT() REPRESENTATION_CONTEXT('2D SPACE',''
  ) );
#11742 = ORIENTED_EDGE('',*,*,#11743,.F.);
#11743 = EDGE_CURVE('',#11693,#11719,#11744,.T.);
#11744 = SURFACE_CURVE('',#11745,(#11748,#11755),.PCURVE_S1.);
#11745 = B_SPLINE_CURVE_WITH_KNOTS('',1,(#11746,#11747),.UNSPECIFIED.,
  .F.,.F.,(2,2),(0.,1.),.PIECEWISE_BEZIER_KNOTS.);
#11746 = CARTESIAN_POINT('',(8.248257709318,4.392638132226,0.));
#11747 = CARTESIAN_POINT('',(8.248257709318,4.392638132226,5.));
#11748 = PCURVE('',#11673,#11749);
#11749 = DEFINITIONAL_REPRESENTATION('',(#11750),#11754);
#11750 = LINE('',#11751,#11752);
#11751 = CARTESIAN_POINT('',(0.,1.));
#11752 = VECTOR('',#11753,1.);
#11753 = DIRECTION('',(1.,0.));
#11754 = ( GEOMETRIC_REPRESENTATION_CONTEXT(2) 
PARAMETRIC_REPRESENTATION_CONTEXT() REPRESENTATION_CONTEXT('2D SPACE',''
  ) );
#11755 = PCURVE('',#11756,#11765);
#11756 = B_SPLINE_SURFACE_WITH_KNOTS('',1,3,(
    (#11757,#11758,#11759,#11760)
    ,(#11761,#11762,#11763,#11764
    )),.UNSPECIFIED.,.F.,.F.,.F.,(2,2),(4,4),(0.,1.),(0.,1.),
  .PIECEWISE_BEZIER_KNOTS.);
#11757 = CARTESIAN_POINT('',(8.248257709318,4.392638132226,0.));
#11758 = CARTESIAN_POINT('',(8.301294637834,4.293048365437,0.));
#11759 = CARTESIAN_POINT('',(8.352527648366,4.19249792074,0.));
#11760 = CARTESIAN_POINT('',(8.401923137755,4.091052748042,0.));
#11761 = CARTESIAN_POINT('',(8.248257709318,4.392638132226,5.));
#11762 = CARTESIAN_POINT('',(8.301294637834,4.293048365437,5.));
#11763 = CARTESIAN_POINT('',(8.352527648366,4.19249792074,5.));
#11764 = CARTESIAN_POINT('',(8.401923137755,4.091052748042,5.));
#11765 = DEFINITIONAL_REPRESENTATION('',(#11766),#11770);
#11766 = LINE('',#11767,#11768);
#11767 = CARTESIAN_POINT('',(0.,0.));
#11768 = VECTOR('',#11769,1.);
#11769 = DIRECTION('',(1.,0.));
#11770 = ( GEOMETRIC_REPRESENTATION_CONTEXT(2) 
PARAMETRIC_REPRESENTATION_CONTEXT() REPRESENTATION_CONTEXT('2D SPACE',''
  ) );
#11771 = ADVANCED_FACE('',(#11772),#11756,.T.);
#11772 = FACE_BOUND('',#11773,.T.);
#11773 = EDGE_LOOP('',(#11774,#11799,#11800,#11825));
#11774 = ORIENTED_EDGE('',*,*,#11775,.F.);
#11775 = EDGE_CURVE('',#11693,#11776,#11778,.T.);
#11776 = VERTEX_POINT('',#11777);
#11777 = CARTESIAN_POINT('',(8.401923137755,4.091052748042,0.));
#11778 = SURFACE_CURVE('',#11779,(#11784,#11791),.PCURVE_S1.);
#11779 = B_SPLINE_CURVE_WITH_KNOTS('',3,(#11780,#11781,#11782,#11783),
  .UNSPECIFIED.,.F.,.F.,(4,4),(0.,1.),.PIECEWISE_BEZIER_KNOTS.);
#11780 = CARTESIAN_POINT('',(8.248257709318,4.392638132226,0.));
#11781 = CARTESIAN_POINT('',(8.301294637834,4.293048365437,0.));
#11782 = CARTESIAN_POINT('',(8.352527648366,4.19249792074,0.));
#11783 = CARTESIAN_POINT('',(8.401923137755,4.091052748042,0.));
#11784 = PCURVE('',#11756,#11785);
#11785 = DEFINITIONAL_REPRESENTATION('',(#11786),#11790);
#11786 = LINE('',#11787,#11788);
#11787 = CARTESIAN_POINT('',(0.,0.));
#11788 = VECTOR('',#11789,1.);
#11789 = DIRECTION('',(0.,1.));
#11790 = ( GEOMETRIC_REPRESENTATION_CONTEXT(2) 
PARAMETRIC_REPRESENTATION_CONTEXT() REPRESENTATION_CONTEXT('2D SPACE',''
  ) );
#11791 = PCURVE('',#49,#11792);
#11792 = DEFINITIONAL_REPRESENTATION('',(#11793),#11798);
#11793 = B_SPLINE_CURVE_WITH_KNOTS('',3,(#11794,#11795,#11796,#11797),
  .UNSPECIFIED.,.F.,.F.,(4,4),(0.,1.),.PIECEWISE_BEZIER_KNOTS.);
#11794 = CARTESIAN_POINT('',(8.248257709318,4.392638132226));
#11795 = CARTESIAN_POINT('',(8.301294637834,4.293048365437));
#11796 = CARTESIAN_POINT('',(8.352527648366,4.19249792074));
#11797 = CARTESIAN_POINT('',(8.401923137755,4.091052748042));
#11798 = ( GEOMETRIC_REPRESENTATION_CONTEXT(2) 
PARAMETRIC_REPRESENTATION_CONTEXT() REPRESENTATION_CONTEXT('2D SPACE',''
  ) );
#11799 = ORIENTED_EDGE('',*,*,#11743,.T.);
#11800 = ORIENTED_EDGE('',*,*,#11801,.T.);
#11801 = EDGE_CURVE('',#11719,#11802,#11804,.T.);
#11802 = VERTEX_POINT('',#11803);
#11803 = CARTESIAN_POINT('',(8.401923137755,4.091052748042,5.));
#11804 = SURFACE_CURVE('',#11805,(#11810,#11817),.PCURVE_S1.);
#11805 = B_SPLINE_CURVE_WITH_KNOTS('',3,(#11806,#11807,#11808,#11809),
  .UNSPECIFIED.,.F.,.F.,(4,4),(0.,1.),.PIECEWISE_BEZIER_KNOTS.);
#11806 = CARTESIAN_POINT('',(8.248257709318,4.392638132226,5.));
#11807 = CARTESIAN_POINT('',(8.301294637834,4.293048365437,5.));
#11808 = CARTESIAN_POINT('',(8.352527648366,4.19249792074,5.));
#11809 = CARTESIAN_POINT('',(8.401923137755,4.091052748042,5.));
#11810 = PCURVE('',#11756,#11811);
#11811 = DEFINITIONAL_REPRESENTATION('',(#11812),#11816);
#11812 = LINE('',#11813,#11814);
#11813 = CARTESIAN_POINT('',(1.,0.));
#11814 = VECTOR('',#11815,1.);
#11815 = DIRECTION('',(0.,1.));
#11816 = ( GEOMETRIC_REPRESENTATION_CONTEXT(2) 
PARAMETRIC_REPRESENTATION_CONTEXT() REPRESENTATION_CONTEXT('2D SPACE',''
  ) );
#11817 = PCURVE('',#110,#11818);
#11818 = DEFINITIONAL_REPRESENTATION('',(#11819),#11824);
#11819 = B_SPLINE_CURVE_WITH_KNOTS('',3,(#11820,#11821,#11822,#11823),
  .UNSPECIFIED.,.F.,.F.,(4,4),(0.,1.),.PIECEWISE_BEZIER_KNOTS.);
#11820 = CARTESIAN_POINT('',(-8.248257709318,4.392638132226));
#11821 = CARTESIAN_POINT('',(-8.301294637834,4.293048365437));
#11822 = CARTESIAN_POINT('',(-8.352527648366,4.19249792074));
#11823 = CARTESIAN_POINT('',(-8.401923137755,4.091052748042));
#11824 = ( GEOMETRIC_REPRESENTATION_CONTEXT(2) 
PARAMETRIC_REPRESENTATION_CONTEXT() REPRESENTATION_CONTEXT('2D SPACE',''
  ) );
#11825 = ORIENTED_EDGE('',*,*,#11826,.F.);
#11826 = EDGE_CURVE('',#11776,#11802,#11827,.T.);
#11827 = SURFACE_CURVE('',#11828,(#11831,#11838),.PCURVE_S1.);
#11828 = B_SPLINE_CURVE_WITH_KNOTS('',1,(#11829,#11830),.UNSPECIFIED.,
  .F.,.F.,(2,2),(0.,1.),.PIECEWISE_BEZIER_KNOTS.);
#11829 = CARTESIAN_POINT('',(8.401923137755,4.091052748042,0.));
#11830 = CARTESIAN_POINT('',(8.401923137755,4.091052748042,5.));
#11831 = PCURVE('',#11756,#11832);
#11832 = DEFINITIONAL_REPRESENTATION('',(#11833),#11837);
#11833 = LINE('',#11834,#11835);
#11834 = CARTESIAN_POINT('',(0.,1.));
#11835 = VECTOR('',#11836,1.);
#11836 = DIRECTION('',(1.,0.));
#11837 = ( GEOMETRIC_REPRESENTATION_CONTEXT(2) 
PARAMETRIC_REPRESENTATION_CONTEXT() REPRESENTATION_CONTEXT('2D SPACE',''
  ) );
#11838 = PCURVE('',#11839,#11848);
#11839 = B_SPLINE_SURFACE_WITH_KNOTS('',1,3,(
    (#11840,#11841,#11842,#11843)
    ,(#11844,#11845,#11846,#11847
    )),.UNSPECIFIED.,.F.,.F.,.F.,(2,2),(4,4),(0.,1.),(0.,1.),
  .PIECEWISE_BEZIER_KNOTS.);
#11840 = CARTESIAN_POINT('',(8.401923137755,4.091052748042,0.));
#11841 = CARTESIAN_POINT('',(8.189007355955,3.821102802155,0.));
#11842 = CARTESIAN_POINT('',(7.950432335412,3.556157945494,0.));
#11843 = CARTESIAN_POINT('',(7.646381551445,3.38777793538,0.));
#11844 = CARTESIAN_POINT('',(8.401923137755,4.091052748042,5.));
#11845 = CARTESIAN_POINT('',(8.189007355955,3.821102802155,5.));
#11846 = CARTESIAN_POINT('',(7.950432335412,3.556157945494,5.));
#11847 = CARTESIAN_POINT('',(7.646381551445,3.38777793538,5.));
#11848 = DEFINITIONAL_REPRESENTATION('',(#11849),#11853);
#11849 = LINE('',#11850,#11851);
#11850 = CARTESIAN_POINT('',(0.,0.));
#11851 = VECTOR('',#11852,1.);
#11852 = DIRECTION('',(1.,0.));
#11853 = ( GEOMETRIC_REPRESENTATION_CONTEXT(2) 
PARAMETRIC_REPRESENTATION_CONTEXT() REPRESENTATION_CONTEXT('2D SPACE',''
  ) );
#11854 = ADVANCED_FACE('',(#11855),#11839,.T.);
#11855 = FACE_BOUND('',#11856,.T.);
#11856 = EDGE_LOOP('',(#11857,#11882,#11883,#11908));
#11857 = ORIENTED_EDGE('',*,*,#11858,.F.);
#11858 = EDGE_CURVE('',#11776,#11859,#11861,.T.);
#11859 = VERTEX_POINT('',#11860);
#11860 = CARTESIAN_POINT('',(7.646381551445,3.38777793538,0.));
#11861 = SURFACE_CURVE('',#11862,(#11867,#11874),.PCURVE_S1.);
#11862 = B_SPLINE_CURVE_WITH_KNOTS('',3,(#11863,#11864,#11865,#11866),
  .UNSPECIFIED.,.F.,.F.,(4,4),(0.,1.),.PIECEWISE_BEZIER_KNOTS.);
#11863 = CARTESIAN_POINT('',(8.401923137755,4.091052748042,0.));
#11864 = CARTESIAN_POINT('',(8.189007355955,3.821102802155,0.));
#11865 = CARTESIAN_POINT('',(7.950432335412,3.556157945494,0.));
#11866 = CARTESIAN_POINT('',(7.646381551445,3.38777793538,0.));
#11867 = PCURVE('',#11839,#11868);
#11868 = DEFINITIONAL_REPRESENTATION('',(#11869),#11873);
#11869 = LINE('',#11870,#11871);
#11870 = CARTESIAN_POINT('',(0.,0.));
#11871 = VECTOR('',#11872,1.);
#11872 = DIRECTION('',(0.,1.));
#11873 = ( GEOMETRIC_REPRESENTATION_CONTEXT(2) 
PARAMETRIC_REPRESENTATION_CONTEXT() REPRESENTATION_CONTEXT('2D SPACE',''
  ) );
#11874 = PCURVE('',#49,#11875);
#11875 = DEFINITIONAL_REPRESENTATION('',(#11876),#11881);
#11876 = B_SPLINE_CURVE_WITH_KNOTS('',3,(#11877,#11878,#11879,#11880),
  .UNSPECIFIED.,.F.,.F.,(4,4),(0.,1.),.PIECEWISE_BEZIER_KNOTS.);
#11877 = CARTESIAN_POINT('',(8.401923137755,4.091052748042));
#11878 = CARTESIAN_POINT('',(8.189007355955,3.821102802155));
#11879 = CARTESIAN_POINT('',(7.950432335412,3.556157945494));
#11880 = CARTESIAN_POINT('',(7.646381551445,3.38777793538));
#11881 = ( GEOMETRIC_REPRESENTATION_CONTEXT(2) 
PARAMETRIC_REPRESENTATION_CONTEXT() REPRESENTATION_CONTEXT('2D SPACE',''
  ) );
#11882 = ORIENTED_EDGE('',*,*,#11826,.T.);
#11883 = ORIENTED_EDGE('',*,*,#11884,.T.);
#11884 = EDGE_CURVE('',#11802,#11885,#11887,.T.);
#11885 = VERTEX_POINT('',#11886);
#11886 = CARTESIAN_POINT('',(7.646381551445,3.38777793538,5.));
#11887 = SURFACE_CURVE('',#11888,(#11893,#11900),.PCURVE_S1.);
#11888 = B_SPLINE_CURVE_WITH_KNOTS('',3,(#11889,#11890,#11891,#11892),
  .UNSPECIFIED.,.F.,.F.,(4,4),(0.,1.),.PIECEWISE_BEZIER_KNOTS.);
#11889 = CARTESIAN_POINT('',(8.401923137755,4.091052748042,5.));
#11890 = CARTESIAN_POINT('',(8.189007355955,3.821102802155,5.));
#11891 = CARTESIAN_POINT('',(7.950432335412,3.556157945494,5.));
#11892 = CARTESIAN_POINT('',(7.646381551445,3.38777793538,5.));
#11893 = PCURVE('',#11839,#11894);
#11894 = DEFINITIONAL_REPRESENTATION('',(#11895),#11899);
#11895 = LINE('',#11896,#11897);
#11896 = CARTESIAN_POINT('',(1.,0.));
#11897 = VECTOR('',#11898,1.);
#11898 = DIRECTION('',(0.,1.));
#11899 = ( GEOMETRIC_REPRESENTATION_CONTEXT(2) 
PARAMETRIC_REPRESENTATION_CONTEXT() REPRESENTATION_CONTEXT('2D SPACE',''
  ) );
#11900 = PCURVE('',#110,#11901);
#11901 = DEFINITIONAL_REPRESENTATION('',(#11902),#11907);
#11902 = B_SPLINE_CURVE_WITH_KNOTS('',3,(#11903,#11904,#11905,#11906),
  .UNSPECIFIED.,.F.,.F.,(4,4),(0.,1.),.PIECEWISE_BEZIER_KNOTS.);
#11903 = CARTESIAN_POINT('',(-8.401923137755,4.091052748042));
#11904 = CARTESIAN_POINT('',(-8.189007355955,3.821102802155));
#11905 = CARTESIAN_POINT('',(-7.950432335412,3.556157945494));
#11906 = CARTESIAN_POINT('',(-7.646381551445,3.38777793538));
#11907 = ( GEOMETRIC_REPRESENTATION_CONTEXT(2) 
PARAMETRIC_REPRESENTATION_CONTEXT() REPRESENTATION_CONTEXT('2D SPACE',''
  ) );
#11908 = ORIENTED_EDGE('',*,*,#11909,.F.);
#11909 = EDGE_CURVE('',#11859,#11885,#11910,.T.);
#11910 = SURFACE_CURVE('',#11911,(#11914,#11921),.PCURVE_S1.);
#11911 = B_SPLINE_CURVE_WITH_KNOTS('',1,(#11912,#11913),.UNSPECIFIED.,
  .F.,.F.,(2,2),(0.,1.),.PIECEWISE_BEZIER_KNOTS.);
#11912 = CARTESIAN_POINT('',(7.646381551445,3.38777793538,0.));
#11913 = CARTESIAN_POINT('',(7.646381551445,3.38777793538,5.));
#11914 = PCURVE('',#11839,#11915);
#11915 = DEFINITIONAL_REPRESENTATION('',(#11916),#11920);
#11916 = LINE('',#11917,#11918);
#11917 = CARTESIAN_POINT('',(0.,1.));
#11918 = VECTOR('',#11919,1.);
#11919 = DIRECTION('',(1.,0.));
#11920 = ( GEOMETRIC_REPRESENTATION_CONTEXT(2) 
PARAMETRIC_REPRESENTATION_CONTEXT() REPRESENTATION_CONTEXT('2D SPACE',''
  ) );
#11921 = PCURVE('',#11922,#11931);
#11922 = B_SPLINE_SURFACE_WITH_KNOTS('',1,3,(
    (#11923,#11924,#11925,#11926)
    ,(#11927,#11928,#11929,#11930
    )),.UNSPECIFIED.,.F.,.F.,.F.,(2,2),(4,4),(0.,1.),(0.,1.),
  .PIECEWISE_BEZIER_KNOTS.);
#11923 = CARTESIAN_POINT('',(7.646381551445,3.38777793538,0.));
#11924 = CARTESIAN_POINT('',(7.676907628803,3.254759028482,0.));
#11925 = CARTESIAN_POINT('',(7.729855623037,3.126931262702,0.));
#11926 = CARTESIAN_POINT('',(7.802328997828,3.011287495305,0.));
#11927 = CARTESIAN_POINT('',(7.646381551445,3.38777793538,5.));
#11928 = CARTESIAN_POINT('',(7.676907628803,3.254759028482,5.));
#11929 = CARTESIAN_POINT('',(7.729855623037,3.126931262702,5.));
#11930 = CARTESIAN_POINT('',(7.802328997828,3.011287495305,5.));
#11931 = DEFINITIONAL_REPRESENTATION('',(#11932),#11936);
#11932 = LINE('',#11933,#11934);
#11933 = CARTESIAN_POINT('',(0.,0.));
#11934 = VECTOR('',#11935,1.);
#11935 = DIRECTION('',(1.,0.));
#11936 = ( GEOMETRIC_REPRESENTATION_CONTEXT(2) 
PARAMETRIC_REPRESENTATION_CONTEXT() REPRESENTATION_CONTEXT('2D SPACE',''
  ) );
#11937 = ADVANCED_FACE('',(#11938),#11922,.T.);
#11938 = FACE_BOUND('',#11939,.T.);
#11939 = EDGE_LOOP('',(#11940,#11965,#11966,#11991));
#11940 = ORIENTED_EDGE('',*,*,#11941,.F.);
#11941 = EDGE_CURVE('',#11859,#11942,#11944,.T.);
#11942 = VERTEX_POINT('',#11943);
#11943 = CARTESIAN_POINT('',(7.802328997828,3.011287495305,0.));
#11944 = SURFACE_CURVE('',#11945,(#11950,#11957),.PCURVE_S1.);
#11945 = B_SPLINE_CURVE_WITH_KNOTS('',3,(#11946,#11947,#11948,#11949),
  .UNSPECIFIED.,.F.,.F.,(4,4),(0.,1.),.PIECEWISE_BEZIER_KNOTS.);
#11946 = CARTESIAN_POINT('',(7.646381551445,3.38777793538,0.));
#11947 = CARTESIAN_POINT('',(7.676907628803,3.254759028482,0.));
#11948 = CARTESIAN_POINT('',(7.729855623037,3.126931262702,0.));
#11949 = CARTESIAN_POINT('',(7.802328997828,3.011287495305,0.));
#11950 = PCURVE('',#11922,#11951);
#11951 = DEFINITIONAL_REPRESENTATION('',(#11952),#11956);
#11952 = LINE('',#11953,#11954);
#11953 = CARTESIAN_POINT('',(0.,0.));
#11954 = VECTOR('',#11955,1.);
#11955 = DIRECTION('',(0.,1.));
#11956 = ( GEOMETRIC_REPRESENTATION_CONTEXT(2) 
PARAMETRIC_REPRESENTATION_CONTEXT() REPRESENTATION_CONTEXT('2D SPACE',''
  ) );
#11957 = PCURVE('',#49,#11958);
#11958 = DEFINITIONAL_REPRESENTATION('',(#11959),#11964);
#11959 = B_SPLINE_CURVE_WITH_KNOTS('',3,(#11960,#11961,#11962,#11963),
  .UNSPECIFIED.,.F.,.F.,(4,4),(0.,1.),.PIECEWISE_BEZIER_KNOTS.);
#11960 = CARTESIAN_POINT('',(7.646381551445,3.38777793538));
#11961 = CARTESIAN_POINT('',(7.676907628803,3.254759028482));
#11962 = CARTESIAN_POINT('',(7.729855623037,3.126931262702));
#11963 = CARTESIAN_POINT('',(7.802328997828,3.011287495305));
#11964 = ( GEOMETRIC_REPRESENTATION_CONTEXT(2) 
PARAMETRIC_REPRESENTATION_CONTEXT() REPRESENTATION_CONTEXT('2D SPACE',''
  ) );
#11965 = ORIENTED_EDGE('',*,*,#11909,.T.);
#11966 = ORIENTED_EDGE('',*,*,#11967,.T.);
#11967 = EDGE_CURVE('',#11885,#11968,#11970,.T.);
#11968 = VERTEX_POINT('',#11969);
#11969 = CARTESIAN_POINT('',(7.802328997828,3.011287495305,5.));
#11970 = SURFACE_CURVE('',#11971,(#11976,#11983),.PCURVE_S1.);
#11971 = B_SPLINE_CURVE_WITH_KNOTS('',3,(#11972,#11973,#11974,#11975),
  .UNSPECIFIED.,.F.,.F.,(4,4),(0.,1.),.PIECEWISE_BEZIER_KNOTS.);
#11972 = CARTESIAN_POINT('',(7.646381551445,3.38777793538,5.));
#11973 = CARTESIAN_POINT('',(7.676907628803,3.254759028482,5.));
#11974 = CARTESIAN_POINT('',(7.729855623037,3.126931262702,5.));
#11975 = CARTESIAN_POINT('',(7.802328997828,3.011287495305,5.));
#11976 = PCURVE('',#11922,#11977);
#11977 = DEFINITIONAL_REPRESENTATION('',(#11978),#11982);
#11978 = LINE('',#11979,#11980);
#11979 = CARTESIAN_POINT('',(1.,0.));
#11980 = VECTOR('',#11981,1.);
#11981 = DIRECTION('',(0.,1.));
#11982 = ( GEOMETRIC_REPRESENTATION_CONTEXT(2) 
PARAMETRIC_REPRESENTATION_CONTEXT() REPRESENTATION_CONTEXT('2D SPACE',''
  ) );
#11983 = PCURVE('',#110,#11984);
#11984 = DEFINITIONAL_REPRESENTATION('',(#11985),#11990);
#11985 = B_SPLINE_CURVE_WITH_KNOTS('',3,(#11986,#11987,#11988,#11989),
  .UNSPECIFIED.,.F.,.F.,(4,4),(0.,1.),.PIECEWISE_BEZIER_KNOTS.);
#11986 = CARTESIAN_POINT('',(-7.646381551445,3.38777793538));
#11987 = CARTESIAN_POINT('',(-7.676907628803,3.254759028482));
#11988 = CARTESIAN_POINT('',(-7.729855623037,3.126931262702));
#11989 = CARTESIAN_POINT('',(-7.802328997828,3.011287495305));
#11990 = ( GEOMETRIC_REPRESENTATION_CONTEXT(2) 
PARAMETRIC_REPRESENTATION_CONTEXT() REPRESENTATION_CONTEXT('2D SPACE',''
  ) );
#11991 = ORIENTED_EDGE('',*,*,#11992,.F.);
#11992 = EDGE_CURVE('',#11942,#11968,#11993,.T.);
#11993 = SURFACE_CURVE('',#11994,(#11997,#12004),.PCURVE_S1.);
#11994 = B_SPLINE_CURVE_WITH_KNOTS('',1,(#11995,#11996),.UNSPECIFIED.,
  .F.,.F.,(2,2),(0.,1.),.PIECEWISE_BEZIER_KNOTS.);
#11995 = CARTESIAN_POINT('',(7.802328997828,3.011287495305,0.));
#11996 = CARTESIAN_POINT('',(7.802328997828,3.011287495305,5.));
#11997 = PCURVE('',#11922,#11998);
#11998 = DEFINITIONAL_REPRESENTATION('',(#11999),#12003);
#11999 = LINE('',#12000,#12001);
#12000 = CARTESIAN_POINT('',(0.,1.));
#12001 = VECTOR('',#12002,1.);
#12002 = DIRECTION('',(1.,0.));
#12003 = ( GEOMETRIC_REPRESENTATION_CONTEXT(2) 
PARAMETRIC_REPRESENTATION_CONTEXT() REPRESENTATION_CONTEXT('2D SPACE',''
  ) );
#12004 = PCURVE('',#12005,#12014);
#12005 = B_SPLINE_SURFACE_WITH_KNOTS('',1,3,(
    (#12006,#12007,#12008,#12009)
    ,(#12010,#12011,#12012,#12013
    )),.UNSPECIFIED.,.F.,.F.,.F.,(2,2),(4,4),(0.,1.),(0.,1.),
  .PIECEWISE_BEZIER_KNOTS.);
#12006 = CARTESIAN_POINT('',(7.802328997828,3.011287495305,0.));
#12007 = CARTESIAN_POINT('',(8.136388015964,3.107221219506,0.));
#12008 = CARTESIAN_POINT('',(8.492430335597,3.088574929568,0.));
#12009 = CARTESIAN_POINT('',(8.833867966047,3.048245685382,0.));
#12010 = CARTESIAN_POINT('',(7.802328997828,3.011287495305,5.));
#12011 = CARTESIAN_POINT('',(8.136388015964,3.107221219506,5.));
#12012 = CARTESIAN_POINT('',(8.492430335597,3.088574929568,5.));
#12013 = CARTESIAN_POINT('',(8.833867966047,3.048245685382,5.));
#12014 = DEFINITIONAL_REPRESENTATION('',(#12015),#12019);
#12015 = LINE('',#12016,#12017);
#12016 = CARTESIAN_POINT('',(0.,0.));
#12017 = VECTOR('',#12018,1.);
#12018 = DIRECTION('',(1.,0.));
#12019 = ( GEOMETRIC_REPRESENTATION_CONTEXT(2) 
PARAMETRIC_REPRESENTATION_CONTEXT() REPRESENTATION_CONTEXT('2D SPACE',''
  ) );
#12020 = ADVANCED_FACE('',(#12021),#12005,.T.);
#12021 = FACE_BOUND('',#12022,.T.);
#12022 = EDGE_LOOP('',(#12023,#12048,#12049,#12074));
#12023 = ORIENTED_EDGE('',*,*,#12024,.F.);
#12024 = EDGE_CURVE('',#11942,#12025,#12027,.T.);
#12025 = VERTEX_POINT('',#12026);
#12026 = CARTESIAN_POINT('',(8.833867966047,3.048245685382,0.));
#12027 = SURFACE_CURVE('',#12028,(#12033,#12040),.PCURVE_S1.);
#12028 = B_SPLINE_CURVE_WITH_KNOTS('',3,(#12029,#12030,#12031,#12032),
  .UNSPECIFIED.,.F.,.F.,(4,4),(0.,1.),.PIECEWISE_BEZIER_KNOTS.);
#12029 = CARTESIAN_POINT('',(7.802328997828,3.011287495305,0.));
#12030 = CARTESIAN_POINT('',(8.136388015964,3.107221219506,0.));
#12031 = CARTESIAN_POINT('',(8.492430335597,3.088574929568,0.));
#12032 = CARTESIAN_POINT('',(8.833867966047,3.048245685382,0.));
#12033 = PCURVE('',#12005,#12034);
#12034 = DEFINITIONAL_REPRESENTATION('',(#12035),#12039);
#12035 = LINE('',#12036,#12037);
#12036 = CARTESIAN_POINT('',(0.,0.));
#12037 = VECTOR('',#12038,1.);
#12038 = DIRECTION('',(0.,1.));
#12039 = ( GEOMETRIC_REPRESENTATION_CONTEXT(2) 
PARAMETRIC_REPRESENTATION_CONTEXT() REPRESENTATION_CONTEXT('2D SPACE',''
  ) );
#12040 = PCURVE('',#49,#12041);
#12041 = DEFINITIONAL_REPRESENTATION('',(#12042),#12047);
#12042 = B_SPLINE_CURVE_WITH_KNOTS('',3,(#12043,#12044,#12045,#12046),
  .UNSPECIFIED.,.F.,.F.,(4,4),(0.,1.),.PIECEWISE_BEZIER_KNOTS.);
#12043 = CARTESIAN_POINT('',(7.802328997828,3.011287495305));
#12044 = CARTESIAN_POINT('',(8.136388015964,3.107221219506));
#12045 = CARTESIAN_POINT('',(8.492430335597,3.088574929568));
#12046 = CARTESIAN_POINT('',(8.833867966047,3.048245685382));
#12047 = ( GEOMETRIC_REPRESENTATION_CONTEXT(2) 
PARAMETRIC_REPRESENTATION_CONTEXT() REPRESENTATION_CONTEXT('2D SPACE',''
  ) );
#12048 = ORIENTED_EDGE('',*,*,#11992,.T.);
#12049 = ORIENTED_EDGE('',*,*,#12050,.T.);
#12050 = EDGE_CURVE('',#11968,#12051,#12053,.T.);
#12051 = VERTEX_POINT('',#12052);
#12052 = CARTESIAN_POINT('',(8.833867966047,3.048245685382,5.));
#12053 = SURFACE_CURVE('',#12054,(#12059,#12066),.PCURVE_S1.);
#12054 = B_SPLINE_CURVE_WITH_KNOTS('',3,(#12055,#12056,#12057,#12058),
  .UNSPECIFIED.,.F.,.F.,(4,4),(0.,1.),.PIECEWISE_BEZIER_KNOTS.);
#12055 = CARTESIAN_POINT('',(7.802328997828,3.011287495305,5.));
#12056 = CARTESIAN_POINT('',(8.136388015964,3.107221219506,5.));
#12057 = CARTESIAN_POINT('',(8.492430335597,3.088574929568,5.));
#12058 = CARTESIAN_POINT('',(8.833867966047,3.048245685382,5.));
#12059 = PCURVE('',#12005,#12060);
#12060 = DEFINITIONAL_REPRESENTATION('',(#12061),#12065);
#12061 = LINE('',#12062,#12063);
#12062 = CARTESIAN_POINT('',(1.,0.));
#12063 = VECTOR('',#12064,1.);
#12064 = DIRECTION('',(0.,1.));
#12065 = ( GEOMETRIC_REPRESENTATION_CONTEXT(2) 
PARAMETRIC_REPRESENTATION_CONTEXT() REPRESENTATION_CONTEXT('2D SPACE',''
  ) );
#12066 = PCURVE('',#110,#12067);
#12067 = DEFINITIONAL_REPRESENTATION('',(#12068),#12073);
#12068 = B_SPLINE_CURVE_WITH_KNOTS('',3,(#12069,#12070,#12071,#12072),
  .UNSPECIFIED.,.F.,.F.,(4,4),(0.,1.),.PIECEWISE_BEZIER_KNOTS.);
#12069 = CARTESIAN_POINT('',(-7.802328997828,3.011287495305));
#12070 = CARTESIAN_POINT('',(-8.136388015964,3.107221219506));
#12071 = CARTESIAN_POINT('',(-8.492430335597,3.088574929568));
#12072 = CARTESIAN_POINT('',(-8.833867966047,3.048245685382));
#12073 = ( GEOMETRIC_REPRESENTATION_CONTEXT(2) 
PARAMETRIC_REPRESENTATION_CONTEXT() REPRESENTATION_CONTEXT('2D SPACE',''
  ) );
#12074 = ORIENTED_EDGE('',*,*,#12075,.F.);
#12075 = EDGE_CURVE('',#12025,#12051,#12076,.T.);
#12076 = SURFACE_CURVE('',#12077,(#12080,#12087),.PCURVE_S1.);
#12077 = B_SPLINE_CURVE_WITH_KNOTS('',1,(#12078,#12079),.UNSPECIFIED.,
  .F.,.F.,(2,2),(0.,1.),.PIECEWISE_BEZIER_KNOTS.);
#12078 = CARTESIAN_POINT('',(8.833867966047,3.048245685382,0.));
#12079 = CARTESIAN_POINT('',(8.833867966047,3.048245685382,5.));
#12080 = PCURVE('',#12005,#12081);
#12081 = DEFINITIONAL_REPRESENTATION('',(#12082),#12086);
#12082 = LINE('',#12083,#12084);
#12083 = CARTESIAN_POINT('',(0.,1.));
#12084 = VECTOR('',#12085,1.);
#12085 = DIRECTION('',(1.,0.));
#12086 = ( GEOMETRIC_REPRESENTATION_CONTEXT(2) 
PARAMETRIC_REPRESENTATION_CONTEXT() REPRESENTATION_CONTEXT('2D SPACE',''
  ) );
#12087 = PCURVE('',#12088,#12097);
#12088 = B_SPLINE_SURFACE_WITH_KNOTS('',1,3,(
    (#12089,#12090,#12091,#12092)
    ,(#12093,#12094,#12095,#12096
    )),.UNSPECIFIED.,.F.,.F.,.F.,(2,2),(4,4),(0.,1.),(0.,1.),
  .PIECEWISE_BEZIER_KNOTS.);
#12089 = CARTESIAN_POINT('',(8.833867966047,3.048245685382,0.));
#12090 = CARTESIAN_POINT('',(8.870672650073,2.941585230342,0.));
#12091 = CARTESIAN_POINT('',(8.905545342202,2.834258119878,0.));
#12092 = CARTESIAN_POINT('',(8.938463169828,2.726334748637,0.));
#12093 = CARTESIAN_POINT('',(8.833867966047,3.048245685382,5.));
#12094 = CARTESIAN_POINT('',(8.870672650073,2.941585230342,5.));
#12095 = CARTESIAN_POINT('',(8.905545342202,2.834258119878,5.));
#12096 = CARTESIAN_POINT('',(8.938463169828,2.726334748637,5.));
#12097 = DEFINITIONAL_REPRESENTATION('',(#12098),#12102);
#12098 = LINE('',#12099,#12100);
#12099 = CARTESIAN_POINT('',(0.,0.));
#12100 = VECTOR('',#12101,1.);
#12101 = DIRECTION('',(1.,0.));
#12102 = ( GEOMETRIC_REPRESENTATION_CONTEXT(2) 
PARAMETRIC_REPRESENTATION_CONTEXT() REPRESENTATION_CONTEXT('2D SPACE',''
  ) );
#12103 = ADVANCED_FACE('',(#12104),#12088,.T.);
#12104 = FACE_BOUND('',#12105,.T.);
#12105 = EDGE_LOOP('',(#12106,#12131,#12132,#12157));
#12106 = ORIENTED_EDGE('',*,*,#12107,.F.);
#12107 = EDGE_CURVE('',#12025,#12108,#12110,.T.);
#12108 = VERTEX_POINT('',#12109);
#12109 = CARTESIAN_POINT('',(8.938463169828,2.726334748637,0.));
#12110 = SURFACE_CURVE('',#12111,(#12116,#12123),.PCURVE_S1.);
#12111 = B_SPLINE_CURVE_WITH_KNOTS('',3,(#12112,#12113,#12114,#12115),
  .UNSPECIFIED.,.F.,.F.,(4,4),(0.,1.),.PIECEWISE_BEZIER_KNOTS.);
#12112 = CARTESIAN_POINT('',(8.833867966047,3.048245685382,0.));
#12113 = CARTESIAN_POINT('',(8.870672650073,2.941585230342,0.));
#12114 = CARTESIAN_POINT('',(8.905545342202,2.834258119878,0.));
#12115 = CARTESIAN_POINT('',(8.938463169828,2.726334748637,0.));
#12116 = PCURVE('',#12088,#12117);
#12117 = DEFINITIONAL_REPRESENTATION('',(#12118),#12122);
#12118 = LINE('',#12119,#12120);
#12119 = CARTESIAN_POINT('',(0.,0.));
#12120 = VECTOR('',#12121,1.);
#12121 = DIRECTION('',(0.,1.));
#12122 = ( GEOMETRIC_REPRESENTATION_CONTEXT(2) 
PARAMETRIC_REPRESENTATION_CONTEXT() REPRESENTATION_CONTEXT('2D SPACE',''
  ) );
#12123 = PCURVE('',#49,#12124);
#12124 = DEFINITIONAL_REPRESENTATION('',(#12125),#12130);
#12125 = B_SPLINE_CURVE_WITH_KNOTS('',3,(#12126,#12127,#12128,#12129),
  .UNSPECIFIED.,.F.,.F.,(4,4),(0.,1.),.PIECEWISE_BEZIER_KNOTS.);
#12126 = CARTESIAN_POINT('',(8.833867966047,3.048245685382));
#12127 = CARTESIAN_POINT('',(8.870672650073,2.941585230342));
#12128 = CARTESIAN_POINT('',(8.905545342202,2.834258119878));
#12129 = CARTESIAN_POINT('',(8.938463169828,2.726334748637));
#12130 = ( GEOMETRIC_REPRESENTATION_CONTEXT(2) 
PARAMETRIC_REPRESENTATION_CONTEXT() REPRESENTATION_CONTEXT('2D SPACE',''
  ) );
#12131 = ORIENTED_EDGE('',*,*,#12075,.T.);
#12132 = ORIENTED_EDGE('',*,*,#12133,.T.);
#12133 = EDGE_CURVE('',#12051,#12134,#12136,.T.);
#12134 = VERTEX_POINT('',#12135);
#12135 = CARTESIAN_POINT('',(8.938463169828,2.726334748637,5.));
#12136 = SURFACE_CURVE('',#12137,(#12142,#12149),.PCURVE_S1.);
#12137 = B_SPLINE_CURVE_WITH_KNOTS('',3,(#12138,#12139,#12140,#12141),
  .UNSPECIFIED.,.F.,.F.,(4,4),(0.,1.),.PIECEWISE_BEZIER_KNOTS.);
#12138 = CARTESIAN_POINT('',(8.833867966047,3.048245685382,5.));
#12139 = CARTESIAN_POINT('',(8.870672650073,2.941585230342,5.));
#12140 = CARTESIAN_POINT('',(8.905545342202,2.834258119878,5.));
#12141 = CARTESIAN_POINT('',(8.938463169828,2.726334748637,5.));
#12142 = PCURVE('',#12088,#12143);
#12143 = DEFINITIONAL_REPRESENTATION('',(#12144),#12148);
#12144 = LINE('',#12145,#12146);
#12145 = CARTESIAN_POINT('',(1.,0.));
#12146 = VECTOR('',#12147,1.);
#12147 = DIRECTION('',(0.,1.));
#12148 = ( GEOMETRIC_REPRESENTATION_CONTEXT(2) 
PARAMETRIC_REPRESENTATION_CONTEXT() REPRESENTATION_CONTEXT('2D SPACE',''
  ) );
#12149 = PCURVE('',#110,#12150);
#12150 = DEFINITIONAL_REPRESENTATION('',(#12151),#12156);
#12151 = B_SPLINE_CURVE_WITH_KNOTS('',3,(#12152,#12153,#12154,#12155),
  .UNSPECIFIED.,.F.,.F.,(4,4),(0.,1.),.PIECEWISE_BEZIER_KNOTS.);
#12152 = CARTESIAN_POINT('',(-8.833867966047,3.048245685382));
#12153 = CARTESIAN_POINT('',(-8.870672650073,2.941585230342));
#12154 = CARTESIAN_POINT('',(-8.905545342202,2.834258119878));
#12155 = CARTESIAN_POINT('',(-8.938463169828,2.726334748637));
#12156 = ( GEOMETRIC_REPRESENTATION_CONTEXT(2) 
PARAMETRIC_REPRESENTATION_CONTEXT() REPRESENTATION_CONTEXT('2D SPACE',''
  ) );
#12157 = ORIENTED_EDGE('',*,*,#12158,.F.);
#12158 = EDGE_CURVE('',#12108,#12134,#12159,.T.);
#12159 = SURFACE_CURVE('',#12160,(#12163,#12170),.PCURVE_S1.);
#12160 = B_SPLINE_CURVE_WITH_KNOTS('',1,(#12161,#12162),.UNSPECIFIED.,
  .F.,.F.,(2,2),(0.,1.),.PIECEWISE_BEZIER_KNOTS.);
#12161 = CARTESIAN_POINT('',(8.938463169828,2.726334748637,0.));
#12162 = CARTESIAN_POINT('',(8.938463169828,2.726334748637,5.));
#12163 = PCURVE('',#12088,#12164);
#12164 = DEFINITIONAL_REPRESENTATION('',(#12165),#12169);
#12165 = LINE('',#12166,#12167);
#12166 = CARTESIAN_POINT('',(0.,1.));
#12167 = VECTOR('',#12168,1.);
#12168 = DIRECTION('',(1.,0.));
#12169 = ( GEOMETRIC_REPRESENTATION_CONTEXT(2) 
PARAMETRIC_REPRESENTATION_CONTEXT() REPRESENTATION_CONTEXT('2D SPACE',''
  ) );
#12170 = PCURVE('',#12171,#12180);
#12171 = B_SPLINE_SURFACE_WITH_KNOTS('',1,3,(
    (#12172,#12173,#12174,#12175)
    ,(#12176,#12177,#12178,#12179
    )),.UNSPECIFIED.,.F.,.F.,.F.,(2,2),(4,4),(0.,1.),(0.,1.),
  .PIECEWISE_BEZIER_KNOTS.);
#12172 = CARTESIAN_POINT('',(8.938463169828,2.726334748637,0.));
#12173 = CARTESIAN_POINT('',(8.685939259244,2.493015700965,0.));
#12174 = CARTESIAN_POINT('',(8.408854986179,2.26865411085,0.));
#12175 = CARTESIAN_POINT('',(8.0822071351,2.149911159806,0.));
#12176 = CARTESIAN_POINT('',(8.938463169828,2.726334748637,5.));
#12177 = CARTESIAN_POINT('',(8.685939259244,2.493015700965,5.));
#12178 = CARTESIAN_POINT('',(8.408854986179,2.26865411085,5.));
#12179 = CARTESIAN_POINT('',(8.0822071351,2.149911159806,5.));
#12180 = DEFINITIONAL_REPRESENTATION('',(#12181),#12185);
#12181 = LINE('',#12182,#12183);
#12182 = CARTESIAN_POINT('',(0.,0.));
#12183 = VECTOR('',#12184,1.);
#12184 = DIRECTION('',(1.,0.));
#12185 = ( GEOMETRIC_REPRESENTATION_CONTEXT(2) 
PARAMETRIC_REPRESENTATION_CONTEXT() REPRESENTATION_CONTEXT('2D SPACE',''
  ) );
#12186 = ADVANCED_FACE('',(#12187),#12171,.T.);
#12187 = FACE_BOUND('',#12188,.T.);
#12188 = EDGE_LOOP('',(#12189,#12214,#12215,#12240));
#12189 = ORIENTED_EDGE('',*,*,#12190,.F.);
#12190 = EDGE_CURVE('',#12108,#12191,#12193,.T.);
#12191 = VERTEX_POINT('',#12192);
#12192 = CARTESIAN_POINT('',(8.0822071351,2.149911159806,0.));
#12193 = SURFACE_CURVE('',#12194,(#12199,#12206),.PCURVE_S1.);
#12194 = B_SPLINE_CURVE_WITH_KNOTS('',3,(#12195,#12196,#12197,#12198),
  .UNSPECIFIED.,.F.,.F.,(4,4),(0.,1.),.PIECEWISE_BEZIER_KNOTS.);
#12195 = CARTESIAN_POINT('',(8.938463169828,2.726334748637,0.));
#12196 = CARTESIAN_POINT('',(8.685939259244,2.493015700965,0.));
#12197 = CARTESIAN_POINT('',(8.408854986179,2.26865411085,0.));
#12198 = CARTESIAN_POINT('',(8.0822071351,2.149911159806,0.));
#12199 = PCURVE('',#12171,#12200);
#12200 = DEFINITIONAL_REPRESENTATION('',(#12201),#12205);
#12201 = LINE('',#12202,#12203);
#12202 = CARTESIAN_POINT('',(0.,0.));
#12203 = VECTOR('',#12204,1.);
#12204 = DIRECTION('',(0.,1.));
#12205 = ( GEOMETRIC_REPRESENTATION_CONTEXT(2) 
PARAMETRIC_REPRESENTATION_CONTEXT() REPRESENTATION_CONTEXT('2D SPACE',''
  ) );
#12206 = PCURVE('',#49,#12207);
#12207 = DEFINITIONAL_REPRESENTATION('',(#12208),#12213);
#12208 = B_SPLINE_CURVE_WITH_KNOTS('',3,(#12209,#12210,#12211,#12212),
  .UNSPECIFIED.,.F.,.F.,(4,4),(0.,1.),.PIECEWISE_BEZIER_KNOTS.);
#12209 = CARTESIAN_POINT('',(8.938463169828,2.726334748637));
#12210 = CARTESIAN_POINT('',(8.685939259244,2.493015700965));
#12211 = CARTESIAN_POINT('',(8.408854986179,2.26865411085));
#12212 = CARTESIAN_POINT('',(8.0822071351,2.149911159806));
#12213 = ( GEOMETRIC_REPRESENTATION_CONTEXT(2) 
PARAMETRIC_REPRESENTATION_CONTEXT() REPRESENTATION_CONTEXT('2D SPACE',''
  ) );
#12214 = ORIENTED_EDGE('',*,*,#12158,.T.);
#12215 = ORIENTED_EDGE('',*,*,#12216,.T.);
#12216 = EDGE_CURVE('',#12134,#12217,#12219,.T.);
#12217 = VERTEX_POINT('',#12218);
#12218 = CARTESIAN_POINT('',(8.0822071351,2.149911159806,5.));
#12219 = SURFACE_CURVE('',#12220,(#12225,#12232),.PCURVE_S1.);
#12220 = B_SPLINE_CURVE_WITH_KNOTS('',3,(#12221,#12222,#12223,#12224),
  .UNSPECIFIED.,.F.,.F.,(4,4),(0.,1.),.PIECEWISE_BEZIER_KNOTS.);
#12221 = CARTESIAN_POINT('',(8.938463169828,2.726334748637,5.));
#12222 = CARTESIAN_POINT('',(8.685939259244,2.493015700965,5.));
#12223 = CARTESIAN_POINT('',(8.408854986179,2.26865411085,5.));
#12224 = CARTESIAN_POINT('',(8.0822071351,2.149911159806,5.));
#12225 = PCURVE('',#12171,#12226);
#12226 = DEFINITIONAL_REPRESENTATION('',(#12227),#12231);
#12227 = LINE('',#12228,#12229);
#12228 = CARTESIAN_POINT('',(1.,0.));
#12229 = VECTOR('',#12230,1.);
#12230 = DIRECTION('',(0.,1.));
#12231 = ( GEOMETRIC_REPRESENTATION_CONTEXT(2) 
PARAMETRIC_REPRESENTATION_CONTEXT() REPRESENTATION_CONTEXT('2D SPACE',''
  ) );
#12232 = PCURVE('',#110,#12233);
#12233 = DEFINITIONAL_REPRESENTATION('',(#12234),#12239);
#12234 = B_SPLINE_CURVE_WITH_KNOTS('',3,(#12235,#12236,#12237,#12238),
  .UNSPECIFIED.,.F.,.F.,(4,4),(0.,1.),.PIECEWISE_BEZIER_KNOTS.);
#12235 = CARTESIAN_POINT('',(-8.938463169828,2.726334748637));
#12236 = CARTESIAN_POINT('',(-8.685939259244,2.493015700965));
#12237 = CARTESIAN_POINT('',(-8.408854986179,2.26865411085));
#12238 = CARTESIAN_POINT('',(-8.0822071351,2.149911159806));
#12239 = ( GEOMETRIC_REPRESENTATION_CONTEXT(2) 
PARAMETRIC_REPRESENTATION_CONTEXT() REPRESENTATION_CONTEXT('2D SPACE',''
  ) );
#12240 = ORIENTED_EDGE('',*,*,#12241,.F.);
#12241 = EDGE_CURVE('',#12191,#12217,#12242,.T.);
#12242 = SURFACE_CURVE('',#12243,(#12246,#12253),.PCURVE_S1.);
#12243 = B_SPLINE_CURVE_WITH_KNOTS('',1,(#12244,#12245),.UNSPECIFIED.,
  .F.,.F.,(2,2),(0.,1.),.PIECEWISE_BEZIER_KNOTS.);
#12244 = CARTESIAN_POINT('',(8.0822071351,2.149911159806,0.));
#12245 = CARTESIAN_POINT('',(8.0822071351,2.149911159806,5.));
#12246 = PCURVE('',#12171,#12247);
#12247 = DEFINITIONAL_REPRESENTATION('',(#12248),#12252);
#12248 = LINE('',#12249,#12250);
#12249 = CARTESIAN_POINT('',(0.,1.));
#12250 = VECTOR('',#12251,1.);
#12251 = DIRECTION('',(1.,0.));
#12252 = ( GEOMETRIC_REPRESENTATION_CONTEXT(2) 
PARAMETRIC_REPRESENTATION_CONTEXT() REPRESENTATION_CONTEXT('2D SPACE',''
  ) );
#12253 = PCURVE('',#12254,#12263);
#12254 = B_SPLINE_SURFACE_WITH_KNOTS('',1,3,(
    (#12255,#12256,#12257,#12258)
    ,(#12259,#12260,#12261,#12262
    )),.UNSPECIFIED.,.F.,.F.,.F.,(2,2),(4,4),(0.,1.),(0.,1.),
  .PIECEWISE_BEZIER_KNOTS.);
#12255 = CARTESIAN_POINT('',(8.0822071351,2.149911159806,0.));
#12256 = CARTESIAN_POINT('',(8.09154864425,2.013754605803,0.));
#12257 = CARTESIAN_POINT('',(8.123848092656,1.879217720785,0.));
#12258 = CARTESIAN_POINT('',(8.177338529052,1.75366038645,0.));
#12259 = CARTESIAN_POINT('',(8.0822071351,2.149911159806,5.));
#12260 = CARTESIAN_POINT('',(8.09154864425,2.013754605803,5.));
#12261 = CARTESIAN_POINT('',(8.123848092656,1.879217720785,5.));
#12262 = CARTESIAN_POINT('',(8.177338529052,1.75366038645,5.));
#12263 = DEFINITIONAL_REPRESENTATION('',(#12264),#12268);
#12264 = LINE('',#12265,#12266);
#12265 = CARTESIAN_POINT('',(0.,0.));
#12266 = VECTOR('',#12267,1.);
#12267 = DIRECTION('',(1.,0.));
#12268 = ( GEOMETRIC_REPRESENTATION_CONTEXT(2) 
PARAMETRIC_REPRESENTATION_CONTEXT() REPRESENTATION_CONTEXT('2D SPACE',''
  ) );
#12269 = ADVANCED_FACE('',(#12270),#12254,.T.);
#12270 = FACE_BOUND('',#12271,.T.);
#12271 = EDGE_LOOP('',(#12272,#12297,#12298,#12323));
#12272 = ORIENTED_EDGE('',*,*,#12273,.F.);
#12273 = EDGE_CURVE('',#12191,#12274,#12276,.T.);
#12274 = VERTEX_POINT('',#12275);
#12275 = CARTESIAN_POINT('',(8.177338529052,1.75366038645,0.));
#12276 = SURFACE_CURVE('',#12277,(#12282,#12289),.PCURVE_S1.);
#12277 = B_SPLINE_CURVE_WITH_KNOTS('',3,(#12278,#12279,#12280,#12281),
  .UNSPECIFIED.,.F.,.F.,(4,4),(0.,1.),.PIECEWISE_BEZIER_KNOTS.);
#12278 = CARTESIAN_POINT('',(8.0822071351,2.149911159806,0.));
#12279 = CARTESIAN_POINT('',(8.09154864425,2.013754605803,0.));
#12280 = CARTESIAN_POINT('',(8.123848092656,1.879217720785,0.));
#12281 = CARTESIAN_POINT('',(8.177338529052,1.75366038645,0.));
#12282 = PCURVE('',#12254,#12283);
#12283 = DEFINITIONAL_REPRESENTATION('',(#12284),#12288);
#12284 = LINE('',#12285,#12286);
#12285 = CARTESIAN_POINT('',(0.,0.));
#12286 = VECTOR('',#12287,1.);
#12287 = DIRECTION('',(0.,1.));
#12288 = ( GEOMETRIC_REPRESENTATION_CONTEXT(2) 
PARAMETRIC_REPRESENTATION_CONTEXT() REPRESENTATION_CONTEXT('2D SPACE',''
  ) );
#12289 = PCURVE('',#49,#12290);
#12290 = DEFINITIONAL_REPRESENTATION('',(#12291),#12296);
#12291 = B_SPLINE_CURVE_WITH_KNOTS('',3,(#12292,#12293,#12294,#12295),
  .UNSPECIFIED.,.F.,.F.,(4,4),(0.,1.),.PIECEWISE_BEZIER_KNOTS.);
#12292 = CARTESIAN_POINT('',(8.0822071351,2.149911159806));
#12293 = CARTESIAN_POINT('',(8.09154864425,2.013754605803));
#12294 = CARTESIAN_POINT('',(8.123848092656,1.879217720785));
#12295 = CARTESIAN_POINT('',(8.177338529052,1.75366038645));
#12296 = ( GEOMETRIC_REPRESENTATION_CONTEXT(2) 
PARAMETRIC_REPRESENTATION_CONTEXT() REPRESENTATION_CONTEXT('2D SPACE',''
  ) );
#12297 = ORIENTED_EDGE('',*,*,#12241,.T.);
#12298 = ORIENTED_EDGE('',*,*,#12299,.T.);
#12299 = EDGE_CURVE('',#12217,#12300,#12302,.T.);
#12300 = VERTEX_POINT('',#12301);
#12301 = CARTESIAN_POINT('',(8.177338529052,1.75366038645,5.));
#12302 = SURFACE_CURVE('',#12303,(#12308,#12315),.PCURVE_S1.);
#12303 = B_SPLINE_CURVE_WITH_KNOTS('',3,(#12304,#12305,#12306,#12307),
  .UNSPECIFIED.,.F.,.F.,(4,4),(0.,1.),.PIECEWISE_BEZIER_KNOTS.);
#12304 = CARTESIAN_POINT('',(8.0822071351,2.149911159806,5.));
#12305 = CARTESIAN_POINT('',(8.09154864425,2.013754605803,5.));
#12306 = CARTESIAN_POINT('',(8.123848092656,1.879217720785,5.));
#12307 = CARTESIAN_POINT('',(8.177338529052,1.75366038645,5.));
#12308 = PCURVE('',#12254,#12309);
#12309 = DEFINITIONAL_REPRESENTATION('',(#12310),#12314);
#12310 = LINE('',#12311,#12312);
#12311 = CARTESIAN_POINT('',(1.,0.));
#12312 = VECTOR('',#12313,1.);
#12313 = DIRECTION('',(0.,1.));
#12314 = ( GEOMETRIC_REPRESENTATION_CONTEXT(2) 
PARAMETRIC_REPRESENTATION_CONTEXT() REPRESENTATION_CONTEXT('2D SPACE',''
  ) );
#12315 = PCURVE('',#110,#12316);
#12316 = DEFINITIONAL_REPRESENTATION('',(#12317),#12322);
#12317 = B_SPLINE_CURVE_WITH_KNOTS('',3,(#12318,#12319,#12320,#12321),
  .UNSPECIFIED.,.F.,.F.,(4,4),(0.,1.),.PIECEWISE_BEZIER_KNOTS.);
#12318 = CARTESIAN_POINT('',(-8.0822071351,2.149911159806));
#12319 = CARTESIAN_POINT('',(-8.09154864425,2.013754605803));
#12320 = CARTESIAN_POINT('',(-8.123848092656,1.879217720785));
#12321 = CARTESIAN_POINT('',(-8.177338529052,1.75366038645));
#12322 = ( GEOMETRIC_REPRESENTATION_CONTEXT(2) 
PARAMETRIC_REPRESENTATION_CONTEXT() REPRESENTATION_CONTEXT('2D SPACE',''
  ) );
#12323 = ORIENTED_EDGE('',*,*,#12324,.F.);
#12324 = EDGE_CURVE('',#12274,#12300,#12325,.T.);
#12325 = SURFACE_CURVE('',#12326,(#12329,#12336),.PCURVE_S1.);
#12326 = B_SPLINE_CURVE_WITH_KNOTS('',1,(#12327,#12328),.UNSPECIFIED.,
  .F.,.F.,(2,2),(0.,1.),.PIECEWISE_BEZIER_KNOTS.);
#12327 = CARTESIAN_POINT('',(8.177338529052,1.75366038645,0.));
#12328 = CARTESIAN_POINT('',(8.177338529052,1.75366038645,5.));
#12329 = PCURVE('',#12254,#12330);
#12330 = DEFINITIONAL_REPRESENTATION('',(#12331),#12335);
#12331 = LINE('',#12332,#12333);
#12332 = CARTESIAN_POINT('',(0.,1.));
#12333 = VECTOR('',#12334,1.);
#12334 = DIRECTION('',(1.,0.));
#12335 = ( GEOMETRIC_REPRESENTATION_CONTEXT(2) 
PARAMETRIC_REPRESENTATION_CONTEXT() REPRESENTATION_CONTEXT('2D SPACE',''
  ) );
#12336 = PCURVE('',#12337,#12346);
#12337 = B_SPLINE_SURFACE_WITH_KNOTS('',1,3,(
    (#12338,#12339,#12340,#12341)
    ,(#12342,#12343,#12344,#12345
    )),.UNSPECIFIED.,.F.,.F.,.F.,(2,2),(4,4),(0.,1.),(0.,1.),
  .PIECEWISE_BEZIER_KNOTS.);
#12338 = CARTESIAN_POINT('',(8.177338529052,1.75366038645,0.));
#12339 = CARTESIAN_POINT('',(8.522292067161,1.796154663518,0.));
#12340 = CARTESIAN_POINT('',(8.87103399263,1.722040650548,0.));
#12341 = CARTESIAN_POINT('',(9.201959075525,1.628795313216,0.));
#12342 = CARTESIAN_POINT('',(8.177338529052,1.75366038645,5.));
#12343 = CARTESIAN_POINT('',(8.522292067161,1.796154663518,5.));
#12344 = CARTESIAN_POINT('',(8.87103399263,1.722040650548,5.));
#12345 = CARTESIAN_POINT('',(9.201959075525,1.628795313216,5.));
#12346 = DEFINITIONAL_REPRESENTATION('',(#12347),#12351);
#12347 = LINE('',#12348,#12349);
#12348 = CARTESIAN_POINT('',(0.,0.));
#12349 = VECTOR('',#12350,1.);
#12350 = DIRECTION('',(1.,0.));
#12351 = ( GEOMETRIC_REPRESENTATION_CONTEXT(2) 
PARAMETRIC_REPRESENTATION_CONTEXT() REPRESENTATION_CONTEXT('2D SPACE',''
  ) );
#12352 = ADVANCED_FACE('',(#12353),#12337,.T.);
#12353 = FACE_BOUND('',#12354,.T.);
#12354 = EDGE_LOOP('',(#12355,#12380,#12381,#12406));
#12355 = ORIENTED_EDGE('',*,*,#12356,.F.);
#12356 = EDGE_CURVE('',#12274,#12357,#12359,.T.);
#12357 = VERTEX_POINT('',#12358);
#12358 = CARTESIAN_POINT('',(9.201959075525,1.628795313216,0.));
#12359 = SURFACE_CURVE('',#12360,(#12365,#12372),.PCURVE_S1.);
#12360 = B_SPLINE_CURVE_WITH_KNOTS('',3,(#12361,#12362,#12363,#12364),
  .UNSPECIFIED.,.F.,.F.,(4,4),(0.,1.),.PIECEWISE_BEZIER_KNOTS.);
#12361 = CARTESIAN_POINT('',(8.177338529052,1.75366038645,0.));
#12362 = CARTESIAN_POINT('',(8.522292067161,1.796154663518,0.));
#12363 = CARTESIAN_POINT('',(8.87103399263,1.722040650548,0.));
#12364 = CARTESIAN_POINT('',(9.201959075525,1.628795313216,0.));
#12365 = PCURVE('',#12337,#12366);
#12366 = DEFINITIONAL_REPRESENTATION('',(#12367),#12371);
#12367 = LINE('',#12368,#12369);
#12368 = CARTESIAN_POINT('',(0.,0.));
#12369 = VECTOR('',#12370,1.);
#12370 = DIRECTION('',(0.,1.));
#12371 = ( GEOMETRIC_REPRESENTATION_CONTEXT(2) 
PARAMETRIC_REPRESENTATION_CONTEXT() REPRESENTATION_CONTEXT('2D SPACE',''
  ) );
#12372 = PCURVE('',#49,#12373);
#12373 = DEFINITIONAL_REPRESENTATION('',(#12374),#12379);
#12374 = B_SPLINE_CURVE_WITH_KNOTS('',3,(#12375,#12376,#12377,#12378),
  .UNSPECIFIED.,.F.,.F.,(4,4),(0.,1.),.PIECEWISE_BEZIER_KNOTS.);
#12375 = CARTESIAN_POINT('',(8.177338529052,1.75366038645));
#12376 = CARTESIAN_POINT('',(8.522292067161,1.796154663518));
#12377 = CARTESIAN_POINT('',(8.87103399263,1.722040650548));
#12378 = CARTESIAN_POINT('',(9.201959075525,1.628795313216));
#12379 = ( GEOMETRIC_REPRESENTATION_CONTEXT(2) 
PARAMETRIC_REPRESENTATION_CONTEXT() REPRESENTATION_CONTEXT('2D SPACE',''
  ) );
#12380 = ORIENTED_EDGE('',*,*,#12324,.T.);
#12381 = ORIENTED_EDGE('',*,*,#12382,.T.);
#12382 = EDGE_CURVE('',#12300,#12383,#12385,.T.);
#12383 = VERTEX_POINT('',#12384);
#12384 = CARTESIAN_POINT('',(9.201959075525,1.628795313216,5.));
#12385 = SURFACE_CURVE('',#12386,(#12391,#12398),.PCURVE_S1.);
#12386 = B_SPLINE_CURVE_WITH_KNOTS('',3,(#12387,#12388,#12389,#12390),
  .UNSPECIFIED.,.F.,.F.,(4,4),(0.,1.),.PIECEWISE_BEZIER_KNOTS.);
#12387 = CARTESIAN_POINT('',(8.177338529052,1.75366038645,5.));
#12388 = CARTESIAN_POINT('',(8.522292067161,1.796154663518,5.));
#12389 = CARTESIAN_POINT('',(8.87103399263,1.722040650548,5.));
#12390 = CARTESIAN_POINT('',(9.201959075525,1.628795313216,5.));
#12391 = PCURVE('',#12337,#12392);
#12392 = DEFINITIONAL_REPRESENTATION('',(#12393),#12397);
#12393 = LINE('',#12394,#12395);
#12394 = CARTESIAN_POINT('',(1.,0.));
#12395 = VECTOR('',#12396,1.);
#12396 = DIRECTION('',(0.,1.));
#12397 = ( GEOMETRIC_REPRESENTATION_CONTEXT(2) 
PARAMETRIC_REPRESENTATION_CONTEXT() REPRESENTATION_CONTEXT('2D SPACE',''
  ) );
#12398 = PCURVE('',#110,#12399);
#12399 = DEFINITIONAL_REPRESENTATION('',(#12400),#12405);
#12400 = B_SPLINE_CURVE_WITH_KNOTS('',3,(#12401,#12402,#12403,#12404),
  .UNSPECIFIED.,.F.,.F.,(4,4),(0.,1.),.PIECEWISE_BEZIER_KNOTS.);
#12401 = CARTESIAN_POINT('',(-8.177338529052,1.75366038645));
#12402 = CARTESIAN_POINT('',(-8.522292067161,1.796154663518));
#12403 = CARTESIAN_POINT('',(-8.87103399263,1.722040650548));
#12404 = CARTESIAN_POINT('',(-9.201959075525,1.628795313216));
#12405 = ( GEOMETRIC_REPRESENTATION_CONTEXT(2) 
PARAMETRIC_REPRESENTATION_CONTEXT() REPRESENTATION_CONTEXT('2D SPACE',''
  ) );
#12406 = ORIENTED_EDGE('',*,*,#12407,.F.);
#12407 = EDGE_CURVE('',#12357,#12383,#12408,.T.);
#12408 = SURFACE_CURVE('',#12409,(#12412,#12419),.PCURVE_S1.);
#12409 = B_SPLINE_CURVE_WITH_KNOTS('',1,(#12410,#12411),.UNSPECIFIED.,
  .F.,.F.,(2,2),(0.,1.),.PIECEWISE_BEZIER_KNOTS.);
#12410 = CARTESIAN_POINT('',(9.201959075525,1.628795313216,0.));
#12411 = CARTESIAN_POINT('',(9.201959075525,1.628795313216,5.));
#12412 = PCURVE('',#12337,#12413);
#12413 = DEFINITIONAL_REPRESENTATION('',(#12414),#12418);
#12414 = LINE('',#12415,#12416);
#12415 = CARTESIAN_POINT('',(0.,1.));
#12416 = VECTOR('',#12417,1.);
#12417 = DIRECTION('',(1.,0.));
#12418 = ( GEOMETRIC_REPRESENTATION_CONTEXT(2) 
PARAMETRIC_REPRESENTATION_CONTEXT() REPRESENTATION_CONTEXT('2D SPACE',''
  ) );
#12419 = PCURVE('',#12420,#12429);
#12420 = B_SPLINE_SURFACE_WITH_KNOTS('',1,3,(
    (#12421,#12422,#12423,#12424)
    ,(#12425,#12426,#12427,#12428
    )),.UNSPECIFIED.,.F.,.F.,.F.,(2,2),(4,4),(0.,1.),(0.,1.),
  .PIECEWISE_BEZIER_KNOTS.);
#12421 = CARTESIAN_POINT('',(9.201959075525,1.628795313216,0.));
#12422 = CARTESIAN_POINT('',(9.221625261592,1.517690504314,0.));
#12423 = CARTESIAN_POINT('',(9.239278953904,1.406229477742,0.));
#12424 = CARTESIAN_POINT('',(9.254908573602,1.294485339535,0.));
#12425 = CARTESIAN_POINT('',(9.201959075525,1.628795313216,5.));
#12426 = CARTESIAN_POINT('',(9.221625261592,1.517690504314,5.));
#12427 = CARTESIAN_POINT('',(9.239278953904,1.406229477742,5.));
#12428 = CARTESIAN_POINT('',(9.254908573602,1.294485339535,5.));
#12429 = DEFINITIONAL_REPRESENTATION('',(#12430),#12434);
#12430 = LINE('',#12431,#12432);
#12431 = CARTESIAN_POINT('',(0.,0.));
#12432 = VECTOR('',#12433,1.);
#12433 = DIRECTION('',(1.,0.));
#12434 = ( GEOMETRIC_REPRESENTATION_CONTEXT(2) 
PARAMETRIC_REPRESENTATION_CONTEXT() REPRESENTATION_CONTEXT('2D SPACE',''
  ) );
#12435 = ADVANCED_FACE('',(#12436),#12420,.T.);
#12436 = FACE_BOUND('',#12437,.T.);
#12437 = EDGE_LOOP('',(#12438,#12463,#12464,#12489));
#12438 = ORIENTED_EDGE('',*,*,#12439,.F.);
#12439 = EDGE_CURVE('',#12357,#12440,#12442,.T.);
#12440 = VERTEX_POINT('',#12441);
#12441 = CARTESIAN_POINT('',(9.254908573602,1.294485339535,0.));
#12442 = SURFACE_CURVE('',#12443,(#12448,#12455),.PCURVE_S1.);
#12443 = B_SPLINE_CURVE_WITH_KNOTS('',3,(#12444,#12445,#12446,#12447),
  .UNSPECIFIED.,.F.,.F.,(4,4),(0.,1.),.PIECEWISE_BEZIER_KNOTS.);
#12444 = CARTESIAN_POINT('',(9.201959075525,1.628795313216,0.));
#12445 = CARTESIAN_POINT('',(9.221625261592,1.517690504314,0.));
#12446 = CARTESIAN_POINT('',(9.239278953904,1.406229477742,0.));
#12447 = CARTESIAN_POINT('',(9.254908573602,1.294485339535,0.));
#12448 = PCURVE('',#12420,#12449);
#12449 = DEFINITIONAL_REPRESENTATION('',(#12450),#12454);
#12450 = LINE('',#12451,#12452);
#12451 = CARTESIAN_POINT('',(0.,0.));
#12452 = VECTOR('',#12453,1.);
#12453 = DIRECTION('',(0.,1.));
#12454 = ( GEOMETRIC_REPRESENTATION_CONTEXT(2) 
PARAMETRIC_REPRESENTATION_CONTEXT() REPRESENTATION_CONTEXT('2D SPACE',''
  ) );
#12455 = PCURVE('',#49,#12456);
#12456 = DEFINITIONAL_REPRESENTATION('',(#12457),#12462);
#12457 = B_SPLINE_CURVE_WITH_KNOTS('',3,(#12458,#12459,#12460,#12461),
  .UNSPECIFIED.,.F.,.F.,(4,4),(0.,1.),.PIECEWISE_BEZIER_KNOTS.);
#12458 = CARTESIAN_POINT('',(9.201959075525,1.628795313216));
#12459 = CARTESIAN_POINT('',(9.221625261592,1.517690504314));
#12460 = CARTESIAN_POINT('',(9.239278953904,1.406229477742));
#12461 = CARTESIAN_POINT('',(9.254908573602,1.294485339535));
#12462 = ( GEOMETRIC_REPRESENTATION_CONTEXT(2) 
PARAMETRIC_REPRESENTATION_CONTEXT() REPRESENTATION_CONTEXT('2D SPACE',''
  ) );
#12463 = ORIENTED_EDGE('',*,*,#12407,.T.);
#12464 = ORIENTED_EDGE('',*,*,#12465,.T.);
#12465 = EDGE_CURVE('',#12383,#12466,#12468,.T.);
#12466 = VERTEX_POINT('',#12467);
#12467 = CARTESIAN_POINT('',(9.254908573602,1.294485339535,5.));
#12468 = SURFACE_CURVE('',#12469,(#12474,#12481),.PCURVE_S1.);
#12469 = B_SPLINE_CURVE_WITH_KNOTS('',3,(#12470,#12471,#12472,#12473),
  .UNSPECIFIED.,.F.,.F.,(4,4),(0.,1.),.PIECEWISE_BEZIER_KNOTS.);
#12470 = CARTESIAN_POINT('',(9.201959075525,1.628795313216,5.));
#12471 = CARTESIAN_POINT('',(9.221625261592,1.517690504314,5.));
#12472 = CARTESIAN_POINT('',(9.239278953904,1.406229477742,5.));
#12473 = CARTESIAN_POINT('',(9.254908573602,1.294485339535,5.));
#12474 = PCURVE('',#12420,#12475);
#12475 = DEFINITIONAL_REPRESENTATION('',(#12476),#12480);
#12476 = LINE('',#12477,#12478);
#12477 = CARTESIAN_POINT('',(1.,0.));
#12478 = VECTOR('',#12479,1.);
#12479 = DIRECTION('',(0.,1.));
#12480 = ( GEOMETRIC_REPRESENTATION_CONTEXT(2) 
PARAMETRIC_REPRESENTATION_CONTEXT() REPRESENTATION_CONTEXT('2D SPACE',''
  ) );
#12481 = PCURVE('',#110,#12482);
#12482 = DEFINITIONAL_REPRESENTATION('',(#12483),#12488);
#12483 = B_SPLINE_CURVE_WITH_KNOTS('',3,(#12484,#12485,#12486,#12487),
  .UNSPECIFIED.,.F.,.F.,(4,4),(0.,1.),.PIECEWISE_BEZIER_KNOTS.);
#12484 = CARTESIAN_POINT('',(-9.201959075525,1.628795313216));
#12485 = CARTESIAN_POINT('',(-9.221625261592,1.517690504314));
#12486 = CARTESIAN_POINT('',(-9.239278953904,1.406229477742));
#12487 = CARTESIAN_POINT('',(-9.254908573602,1.294485339535));
#12488 = ( GEOMETRIC_REPRESENTATION_CONTEXT(2) 
PARAMETRIC_REPRESENTATION_CONTEXT() REPRESENTATION_CONTEXT('2D SPACE',''
  ) );
#12489 = ORIENTED_EDGE('',*,*,#12490,.F.);
#12490 = EDGE_CURVE('',#12440,#12466,#12491,.T.);
#12491 = SURFACE_CURVE('',#12492,(#12495,#12502),.PCURVE_S1.);
#12492 = B_SPLINE_CURVE_WITH_KNOTS('',1,(#12493,#12494),.UNSPECIFIED.,
  .F.,.F.,(2,2),(0.,1.),.PIECEWISE_BEZIER_KNOTS.);
#12493 = CARTESIAN_POINT('',(9.254908573602,1.294485339535,0.));
#12494 = CARTESIAN_POINT('',(9.254908573602,1.294485339535,5.));
#12495 = PCURVE('',#12420,#12496);
#12496 = DEFINITIONAL_REPRESENTATION('',(#12497),#12501);
#12497 = LINE('',#12498,#12499);
#12498 = CARTESIAN_POINT('',(0.,1.));
#12499 = VECTOR('',#12500,1.);
#12500 = DIRECTION('',(1.,0.));
#12501 = ( GEOMETRIC_REPRESENTATION_CONTEXT(2) 
PARAMETRIC_REPRESENTATION_CONTEXT() REPRESENTATION_CONTEXT('2D SPACE',''
  ) );
#12502 = PCURVE('',#12503,#12512);
#12503 = B_SPLINE_SURFACE_WITH_KNOTS('',1,3,(
    (#12504,#12505,#12506,#12507)
    ,(#12508,#12509,#12510,#12511
    )),.UNSPECIFIED.,.F.,.F.,.F.,(2,2),(4,4),(0.,1.),(0.,1.),
  .PIECEWISE_BEZIER_KNOTS.);
#12504 = CARTESIAN_POINT('',(9.254908573602,1.294485339535,0.));
#12505 = CARTESIAN_POINT('',(8.96899451099,1.103542279372,0.));
#12506 = CARTESIAN_POINT('',(8.660223719797,0.925288482766,0.));
#12507 = CARTESIAN_POINT('',(8.319021955782,0.859106436332,0.));
#12508 = CARTESIAN_POINT('',(9.254908573602,1.294485339535,5.));
#12509 = CARTESIAN_POINT('',(8.96899451099,1.103542279372,5.));
#12510 = CARTESIAN_POINT('',(8.660223719797,0.925288482766,5.));
#12511 = CARTESIAN_POINT('',(8.319021955782,0.859106436332,5.));
#12512 = DEFINITIONAL_REPRESENTATION('',(#12513),#12517);
#12513 = LINE('',#12514,#12515);
#12514 = CARTESIAN_POINT('',(0.,0.));
#12515 = VECTOR('',#12516,1.);
#12516 = DIRECTION('',(1.,0.));
#12517 = ( GEOMETRIC_REPRESENTATION_CONTEXT(2) 
PARAMETRIC_REPRESENTATION_CONTEXT() REPRESENTATION_CONTEXT('2D SPACE',''
  ) );
#12518 = ADVANCED_FACE('',(#12519),#12503,.T.);
#12519 = FACE_BOUND('',#12520,.T.);
#12520 = EDGE_LOOP('',(#12521,#12546,#12547,#12572));
#12521 = ORIENTED_EDGE('',*,*,#12522,.F.);
#12522 = EDGE_CURVE('',#12440,#12523,#12525,.T.);
#12523 = VERTEX_POINT('',#12524);
#12524 = CARTESIAN_POINT('',(8.319021955782,0.859106436332,0.));
#12525 = SURFACE_CURVE('',#12526,(#12531,#12538),.PCURVE_S1.);
#12526 = B_SPLINE_CURVE_WITH_KNOTS('',3,(#12527,#12528,#12529,#12530),
  .UNSPECIFIED.,.F.,.F.,(4,4),(0.,1.),.PIECEWISE_BEZIER_KNOTS.);
#12527 = CARTESIAN_POINT('',(9.254908573602,1.294485339535,0.));
#12528 = CARTESIAN_POINT('',(8.96899451099,1.103542279372,0.));
#12529 = CARTESIAN_POINT('',(8.660223719797,0.925288482766,0.));
#12530 = CARTESIAN_POINT('',(8.319021955782,0.859106436332,0.));
#12531 = PCURVE('',#12503,#12532);
#12532 = DEFINITIONAL_REPRESENTATION('',(#12533),#12537);
#12533 = LINE('',#12534,#12535);
#12534 = CARTESIAN_POINT('',(0.,0.));
#12535 = VECTOR('',#12536,1.);
#12536 = DIRECTION('',(0.,1.));
#12537 = ( GEOMETRIC_REPRESENTATION_CONTEXT(2) 
PARAMETRIC_REPRESENTATION_CONTEXT() REPRESENTATION_CONTEXT('2D SPACE',''
  ) );
#12538 = PCURVE('',#49,#12539);
#12539 = DEFINITIONAL_REPRESENTATION('',(#12540),#12545);
#12540 = B_SPLINE_CURVE_WITH_KNOTS('',3,(#12541,#12542,#12543,#12544),
  .UNSPECIFIED.,.F.,.F.,(4,4),(0.,1.),.PIECEWISE_BEZIER_KNOTS.);
#12541 = CARTESIAN_POINT('',(9.254908573602,1.294485339535));
#12542 = CARTESIAN_POINT('',(8.96899451099,1.103542279372));
#12543 = CARTESIAN_POINT('',(8.660223719797,0.925288482766));
#12544 = CARTESIAN_POINT('',(8.319021955782,0.859106436332));
#12545 = ( GEOMETRIC_REPRESENTATION_CONTEXT(2) 
PARAMETRIC_REPRESENTATION_CONTEXT() REPRESENTATION_CONTEXT('2D SPACE',''
  ) );
#12546 = ORIENTED_EDGE('',*,*,#12490,.T.);
#12547 = ORIENTED_EDGE('',*,*,#12548,.T.);
#12548 = EDGE_CURVE('',#12466,#12549,#12551,.T.);
#12549 = VERTEX_POINT('',#12550);
#12550 = CARTESIAN_POINT('',(8.319021955782,0.859106436332,5.));
#12551 = SURFACE_CURVE('',#12552,(#12557,#12564),.PCURVE_S1.);
#12552 = B_SPLINE_CURVE_WITH_KNOTS('',3,(#12553,#12554,#12555,#12556),
  .UNSPECIFIED.,.F.,.F.,(4,4),(0.,1.),.PIECEWISE_BEZIER_KNOTS.);
#12553 = CARTESIAN_POINT('',(9.254908573602,1.294485339535,5.));
#12554 = CARTESIAN_POINT('',(8.96899451099,1.103542279372,5.));
#12555 = CARTESIAN_POINT('',(8.660223719797,0.925288482766,5.));
#12556 = CARTESIAN_POINT('',(8.319021955782,0.859106436332,5.));
#12557 = PCURVE('',#12503,#12558);
#12558 = DEFINITIONAL_REPRESENTATION('',(#12559),#12563);
#12559 = LINE('',#12560,#12561);
#12560 = CARTESIAN_POINT('',(1.,0.));
#12561 = VECTOR('',#12562,1.);
#12562 = DIRECTION('',(0.,1.));
#12563 = ( GEOMETRIC_REPRESENTATION_CONTEXT(2) 
PARAMETRIC_REPRESENTATION_CONTEXT() REPRESENTATION_CONTEXT('2D SPACE',''
  ) );
#12564 = PCURVE('',#110,#12565);
#12565 = DEFINITIONAL_REPRESENTATION('',(#12566),#12571);
#12566 = B_SPLINE_CURVE_WITH_KNOTS('',3,(#12567,#12568,#12569,#12570),
  .UNSPECIFIED.,.F.,.F.,(4,4),(0.,1.),.PIECEWISE_BEZIER_KNOTS.);
#12567 = CARTESIAN_POINT('',(-9.254908573602,1.294485339535));
#12568 = CARTESIAN_POINT('',(-8.96899451099,1.103542279372));
#12569 = CARTESIAN_POINT('',(-8.660223719797,0.925288482766));
#12570 = CARTESIAN_POINT('',(-8.319021955782,0.859106436332));
#12571 = ( GEOMETRIC_REPRESENTATION_CONTEXT(2) 
PARAMETRIC_REPRESENTATION_CONTEXT() REPRESENTATION_CONTEXT('2D SPACE',''
  ) );
#12572 = ORIENTED_EDGE('',*,*,#12573,.F.);
#12573 = EDGE_CURVE('',#12523,#12549,#12574,.T.);
#12574 = SURFACE_CURVE('',#12575,(#12578,#12585),.PCURVE_S1.);
#12575 = B_SPLINE_CURVE_WITH_KNOTS('',1,(#12576,#12577),.UNSPECIFIED.,
  .F.,.F.,(2,2),(0.,1.),.PIECEWISE_BEZIER_KNOTS.);
#12576 = CARTESIAN_POINT('',(8.319021955782,0.859106436332,0.));
#12577 = CARTESIAN_POINT('',(8.319021955782,0.859106436332,5.));
#12578 = PCURVE('',#12503,#12579);
#12579 = DEFINITIONAL_REPRESENTATION('',(#12580),#12584);
#12580 = LINE('',#12581,#12582);
#12581 = CARTESIAN_POINT('',(0.,1.));
#12582 = VECTOR('',#12583,1.);
#12583 = DIRECTION('',(1.,0.));
#12584 = ( GEOMETRIC_REPRESENTATION_CONTEXT(2) 
PARAMETRIC_REPRESENTATION_CONTEXT() REPRESENTATION_CONTEXT('2D SPACE',''
  ) );
#12585 = PCURVE('',#12586,#12595);
#12586 = B_SPLINE_SURFACE_WITH_KNOTS('',1,3,(
    (#12587,#12588,#12589,#12590)
    ,(#12591,#12592,#12593,#12594
    )),.UNSPECIFIED.,.F.,.F.,.F.,(2,2),(4,4),(0.,1.),(0.,1.),
  .PIECEWISE_BEZIER_KNOTS.);
#12587 = CARTESIAN_POINT('',(8.319021955782,0.859106436332,0.));
#12588 = CARTESIAN_POINT('',(8.306948877766,0.723164861461,0.));
#12589 = CARTESIAN_POINT('',(8.317804460728,0.585231601816,0.));
#12590 = CARTESIAN_POINT('',(8.350994846661,0.452852338815,0.));
#12591 = CARTESIAN_POINT('',(8.319021955782,0.859106436332,5.));
#12592 = CARTESIAN_POINT('',(8.306948877766,0.723164861461,5.));
#12593 = CARTESIAN_POINT('',(8.317804460728,0.585231601816,5.));
#12594 = CARTESIAN_POINT('',(8.350994846661,0.452852338815,5.));
#12595 = DEFINITIONAL_REPRESENTATION('',(#12596),#12600);
#12596 = LINE('',#12597,#12598);
#12597 = CARTESIAN_POINT('',(0.,0.));
#12598 = VECTOR('',#12599,1.);
#12599 = DIRECTION('',(1.,0.));
#12600 = ( GEOMETRIC_REPRESENTATION_CONTEXT(2) 
PARAMETRIC_REPRESENTATION_CONTEXT() REPRESENTATION_CONTEXT('2D SPACE',''
  ) );
#12601 = ADVANCED_FACE('',(#12602),#12586,.T.);
#12602 = FACE_BOUND('',#12603,.T.);
#12603 = EDGE_LOOP('',(#12604,#12629,#12630,#12655));
#12604 = ORIENTED_EDGE('',*,*,#12605,.F.);
#12605 = EDGE_CURVE('',#12523,#12606,#12608,.T.);
#12606 = VERTEX_POINT('',#12607);
#12607 = CARTESIAN_POINT('',(8.350994846661,0.452852338815,0.));
#12608 = SURFACE_CURVE('',#12609,(#12614,#12621),.PCURVE_S1.);
#12609 = B_SPLINE_CURVE_WITH_KNOTS('',3,(#12610,#12611,#12612,#12613),
  .UNSPECIFIED.,.F.,.F.,(4,4),(0.,1.),.PIECEWISE_BEZIER_KNOTS.);
#12610 = CARTESIAN_POINT('',(8.319021955782,0.859106436332,0.));
#12611 = CARTESIAN_POINT('',(8.306948877766,0.723164861461,0.));
#12612 = CARTESIAN_POINT('',(8.317804460728,0.585231601816,0.));
#12613 = CARTESIAN_POINT('',(8.350994846661,0.452852338815,0.));
#12614 = PCURVE('',#12586,#12615);
#12615 = DEFINITIONAL_REPRESENTATION('',(#12616),#12620);
#12616 = LINE('',#12617,#12618);
#12617 = CARTESIAN_POINT('',(0.,0.));
#12618 = VECTOR('',#12619,1.);
#12619 = DIRECTION('',(0.,1.));
#12620 = ( GEOMETRIC_REPRESENTATION_CONTEXT(2) 
PARAMETRIC_REPRESENTATION_CONTEXT() REPRESENTATION_CONTEXT('2D SPACE',''
  ) );
#12621 = PCURVE('',#49,#12622);
#12622 = DEFINITIONAL_REPRESENTATION('',(#12623),#12628);
#12623 = B_SPLINE_CURVE_WITH_KNOTS('',3,(#12624,#12625,#12626,#12627),
  .UNSPECIFIED.,.F.,.F.,(4,4),(0.,1.),.PIECEWISE_BEZIER_KNOTS.);
#12624 = CARTESIAN_POINT('',(8.319021955782,0.859106436332));
#12625 = CARTESIAN_POINT('',(8.306948877766,0.723164861461));
#12626 = CARTESIAN_POINT('',(8.317804460728,0.585231601816));
#12627 = CARTESIAN_POINT('',(8.350994846661,0.452852338815));
#12628 = ( GEOMETRIC_REPRESENTATION_CONTEXT(2) 
PARAMETRIC_REPRESENTATION_CONTEXT() REPRESENTATION_CONTEXT('2D SPACE',''
  ) );
#12629 = ORIENTED_EDGE('',*,*,#12573,.T.);
#12630 = ORIENTED_EDGE('',*,*,#12631,.T.);
#12631 = EDGE_CURVE('',#12549,#12632,#12634,.T.);
#12632 = VERTEX_POINT('',#12633);
#12633 = CARTESIAN_POINT('',(8.350994846661,0.452852338815,5.));
#12634 = SURFACE_CURVE('',#12635,(#12640,#12647),.PCURVE_S1.);
#12635 = B_SPLINE_CURVE_WITH_KNOTS('',3,(#12636,#12637,#12638,#12639),
  .UNSPECIFIED.,.F.,.F.,(4,4),(0.,1.),.PIECEWISE_BEZIER_KNOTS.);
#12636 = CARTESIAN_POINT('',(8.319021955782,0.859106436332,5.));
#12637 = CARTESIAN_POINT('',(8.306948877766,0.723164861461,5.));
#12638 = CARTESIAN_POINT('',(8.317804460728,0.585231601816,5.));
#12639 = CARTESIAN_POINT('',(8.350994846661,0.452852338815,5.));
#12640 = PCURVE('',#12586,#12641);
#12641 = DEFINITIONAL_REPRESENTATION('',(#12642),#12646);
#12642 = LINE('',#12643,#12644);
#12643 = CARTESIAN_POINT('',(1.,0.));
#12644 = VECTOR('',#12645,1.);
#12645 = DIRECTION('',(0.,1.));
#12646 = ( GEOMETRIC_REPRESENTATION_CONTEXT(2) 
PARAMETRIC_REPRESENTATION_CONTEXT() REPRESENTATION_CONTEXT('2D SPACE',''
  ) );
#12647 = PCURVE('',#110,#12648);
#12648 = DEFINITIONAL_REPRESENTATION('',(#12649),#12654);
#12649 = B_SPLINE_CURVE_WITH_KNOTS('',3,(#12650,#12651,#12652,#12653),
  .UNSPECIFIED.,.F.,.F.,(4,4),(0.,1.),.PIECEWISE_BEZIER_KNOTS.);
#12650 = CARTESIAN_POINT('',(-8.319021955782,0.859106436332));
#12651 = CARTESIAN_POINT('',(-8.306948877766,0.723164861461));
#12652 = CARTESIAN_POINT('',(-8.317804460728,0.585231601816));
#12653 = CARTESIAN_POINT('',(-8.350994846661,0.452852338815));
#12654 = ( GEOMETRIC_REPRESENTATION_CONTEXT(2) 
PARAMETRIC_REPRESENTATION_CONTEXT() REPRESENTATION_CONTEXT('2D SPACE',''
  ) );
#12655 = ORIENTED_EDGE('',*,*,#12656,.F.);
#12656 = EDGE_CURVE('',#12606,#12632,#12657,.T.);
#12657 = SURFACE_CURVE('',#12658,(#12661,#12668),.PCURVE_S1.);
#12658 = B_SPLINE_CURVE_WITH_KNOTS('',1,(#12659,#12660),.UNSPECIFIED.,
  .F.,.F.,(2,2),(0.,1.),.PIECEWISE_BEZIER_KNOTS.);
#12659 = CARTESIAN_POINT('',(8.350994846661,0.452852338815,0.));
#12660 = CARTESIAN_POINT('',(8.350994846661,0.452852338815,5.));
#12661 = PCURVE('',#12586,#12662);
#12662 = DEFINITIONAL_REPRESENTATION('',(#12663),#12667);
#12663 = LINE('',#12664,#12665);
#12664 = CARTESIAN_POINT('',(0.,1.));
#12665 = VECTOR('',#12666,1.);
#12666 = DIRECTION('',(1.,0.));
#12667 = ( GEOMETRIC_REPRESENTATION_CONTEXT(2) 
PARAMETRIC_REPRESENTATION_CONTEXT() REPRESENTATION_CONTEXT('2D SPACE',''
  ) );
#12668 = PCURVE('',#12669,#12678);
#12669 = B_SPLINE_SURFACE_WITH_KNOTS('',1,3,(
    (#12670,#12671,#12672,#12673)
    ,(#12674,#12675,#12676,#12677
    )),.UNSPECIFIED.,.F.,.F.,.F.,(2,2),(4,4),(0.,1.),(0.,1.),
  .PIECEWISE_BEZIER_KNOTS.);
#12670 = CARTESIAN_POINT('',(8.350994846661,0.452852338815,0.));
#12671 = CARTESIAN_POINT('',(8.698349003798,0.44086081862,0.));
#12672 = CARTESIAN_POINT('',(9.031203351489,0.313104015586,0.));
#12673 = CARTESIAN_POINT('',(9.343467413013,0.169238594778,0.));
#12674 = CARTESIAN_POINT('',(8.350994846661,0.452852338815,5.));
#12675 = CARTESIAN_POINT('',(8.698349003798,0.44086081862,5.));
#12676 = CARTESIAN_POINT('',(9.031203351489,0.313104015586,5.));
#12677 = CARTESIAN_POINT('',(9.343467413013,0.169238594778,5.));
#12678 = DEFINITIONAL_REPRESENTATION('',(#12679),#12683);
#12679 = LINE('',#12680,#12681);
#12680 = CARTESIAN_POINT('',(0.,0.));
#12681 = VECTOR('',#12682,1.);
#12682 = DIRECTION('',(1.,0.));
#12683 = ( GEOMETRIC_REPRESENTATION_CONTEXT(2) 
PARAMETRIC_REPRESENTATION_CONTEXT() REPRESENTATION_CONTEXT('2D SPACE',''
  ) );
#12684 = ADVANCED_FACE('',(#12685),#12669,.T.);
#12685 = FACE_BOUND('',#12686,.T.);
#12686 = EDGE_LOOP('',(#12687,#12712,#12713,#12738));
#12687 = ORIENTED_EDGE('',*,*,#12688,.F.);
#12688 = EDGE_CURVE('',#12606,#12689,#12691,.T.);
#12689 = VERTEX_POINT('',#12690);
#12690 = CARTESIAN_POINT('',(9.343467413013,0.169238594778,0.));
#12691 = SURFACE_CURVE('',#12692,(#12697,#12704),.PCURVE_S1.);
#12692 = B_SPLINE_CURVE_WITH_KNOTS('',3,(#12693,#12694,#12695,#12696),
  .UNSPECIFIED.,.F.,.F.,(4,4),(0.,1.),.PIECEWISE_BEZIER_KNOTS.);
#12693 = CARTESIAN_POINT('',(8.350994846661,0.452852338815,0.));
#12694 = CARTESIAN_POINT('',(8.698349003798,0.44086081862,0.));
#12695 = CARTESIAN_POINT('',(9.031203351489,0.313104015586,0.));
#12696 = CARTESIAN_POINT('',(9.343467413013,0.169238594778,0.));
#12697 = PCURVE('',#12669,#12698);
#12698 = DEFINITIONAL_REPRESENTATION('',(#12699),#12703);
#12699 = LINE('',#12700,#12701);
#12700 = CARTESIAN_POINT('',(0.,0.));
#12701 = VECTOR('',#12702,1.);
#12702 = DIRECTION('',(0.,1.));
#12703 = ( GEOMETRIC_REPRESENTATION_CONTEXT(2) 
PARAMETRIC_REPRESENTATION_CONTEXT() REPRESENTATION_CONTEXT('2D SPACE',''
  ) );
#12704 = PCURVE('',#49,#12705);
#12705 = DEFINITIONAL_REPRESENTATION('',(#12706),#12711);
#12706 = B_SPLINE_CURVE_WITH_KNOTS('',3,(#12707,#12708,#12709,#12710),
  .UNSPECIFIED.,.F.,.F.,(4,4),(0.,1.),.PIECEWISE_BEZIER_KNOTS.);
#12707 = CARTESIAN_POINT('',(8.350994846661,0.452852338815));
#12708 = CARTESIAN_POINT('',(8.698349003798,0.44086081862));
#12709 = CARTESIAN_POINT('',(9.031203351489,0.313104015586));
#12710 = CARTESIAN_POINT('',(9.343467413013,0.169238594778));
#12711 = ( GEOMETRIC_REPRESENTATION_CONTEXT(2) 
PARAMETRIC_REPRESENTATION_CONTEXT() REPRESENTATION_CONTEXT('2D SPACE',''
  ) );
#12712 = ORIENTED_EDGE('',*,*,#12656,.T.);
#12713 = ORIENTED_EDGE('',*,*,#12714,.T.);
#12714 = EDGE_CURVE('',#12632,#12715,#12717,.T.);
#12715 = VERTEX_POINT('',#12716);
#12716 = CARTESIAN_POINT('',(9.343467413013,0.169238594778,5.));
#12717 = SURFACE_CURVE('',#12718,(#12723,#12730),.PCURVE_S1.);
#12718 = B_SPLINE_CURVE_WITH_KNOTS('',3,(#12719,#12720,#12721,#12722),
  .UNSPECIFIED.,.F.,.F.,(4,4),(0.,1.),.PIECEWISE_BEZIER_KNOTS.);
#12719 = CARTESIAN_POINT('',(8.350994846661,0.452852338815,5.));
#12720 = CARTESIAN_POINT('',(8.698349003798,0.44086081862,5.));
#12721 = CARTESIAN_POINT('',(9.031203351489,0.313104015586,5.));
#12722 = CARTESIAN_POINT('',(9.343467413013,0.169238594778,5.));
#12723 = PCURVE('',#12669,#12724);
#12724 = DEFINITIONAL_REPRESENTATION('',(#12725),#12729);
#12725 = LINE('',#12726,#12727);
#12726 = CARTESIAN_POINT('',(1.,0.));
#12727 = VECTOR('',#12728,1.);
#12728 = DIRECTION('',(0.,1.));
#12729 = ( GEOMETRIC_REPRESENTATION_CONTEXT(2) 
PARAMETRIC_REPRESENTATION_CONTEXT() REPRESENTATION_CONTEXT('2D SPACE',''
  ) );
#12730 = PCURVE('',#110,#12731);
#12731 = DEFINITIONAL_REPRESENTATION('',(#12732),#12737);
#12732 = B_SPLINE_CURVE_WITH_KNOTS('',3,(#12733,#12734,#12735,#12736),
  .UNSPECIFIED.,.F.,.F.,(4,4),(0.,1.),.PIECEWISE_BEZIER_KNOTS.);
#12733 = CARTESIAN_POINT('',(-8.350994846661,0.452852338815));
#12734 = CARTESIAN_POINT('',(-8.698349003798,0.44086081862));
#12735 = CARTESIAN_POINT('',(-9.031203351489,0.313104015586));
#12736 = CARTESIAN_POINT('',(-9.343467413013,0.169238594778));
#12737 = ( GEOMETRIC_REPRESENTATION_CONTEXT(2) 
PARAMETRIC_REPRESENTATION_CONTEXT() REPRESENTATION_CONTEXT('2D SPACE',''
  ) );
#12738 = ORIENTED_EDGE('',*,*,#12739,.F.);
#12739 = EDGE_CURVE('',#12689,#12715,#12740,.T.);
#12740 = SURFACE_CURVE('',#12741,(#12744,#12751),.PCURVE_S1.);
#12741 = B_SPLINE_CURVE_WITH_KNOTS('',1,(#12742,#12743),.UNSPECIFIED.,
  .F.,.F.,(2,2),(0.,1.),.PIECEWISE_BEZIER_KNOTS.);
#12742 = CARTESIAN_POINT('',(9.343467413013,0.169238594778,0.));
#12743 = CARTESIAN_POINT('',(9.343467413013,0.169238594778,5.));
#12744 = PCURVE('',#12669,#12745);
#12745 = DEFINITIONAL_REPRESENTATION('',(#12746),#12750);
#12746 = LINE('',#12747,#12748);
#12747 = CARTESIAN_POINT('',(0.,1.));
#12748 = VECTOR('',#12749,1.);
#12749 = DIRECTION('',(1.,0.));
#12750 = ( GEOMETRIC_REPRESENTATION_CONTEXT(2) 
PARAMETRIC_REPRESENTATION_CONTEXT() REPRESENTATION_CONTEXT('2D SPACE',''
  ) );
#12751 = PCURVE('',#12752,#12761);
#12752 = B_SPLINE_SURFACE_WITH_KNOTS('',1,3,(
    (#12753,#12754,#12755,#12756)
    ,(#12757,#12758,#12759,#12760
    )),.UNSPECIFIED.,.F.,.F.,.F.,(2,2),(4,4),(0.,1.),(0.,1.),
  .PIECEWISE_BEZIER_KNOTS.);
#12753 = CARTESIAN_POINT('',(9.343467413013,0.169238594778,0.));
#12754 = CARTESIAN_POINT('',(9.345510854351,5.642520114474E-02,0.));
#12755 = CARTESIAN_POINT('',(9.345510854351,-5.642520114474E-02,0.));
#12756 = CARTESIAN_POINT('',(9.343467413013,-0.169238594778,0.));
#12757 = CARTESIAN_POINT('',(9.343467413013,0.169238594778,5.));
#12758 = CARTESIAN_POINT('',(9.345510854351,5.642520114474E-02,5.));
#12759 = CARTESIAN_POINT('',(9.345510854351,-5.642520114474E-02,5.));
#12760 = CARTESIAN_POINT('',(9.343467413013,-0.169238594778,5.));
#12761 = DEFINITIONAL_REPRESENTATION('',(#12762),#12766);
#12762 = LINE('',#12763,#12764);
#12763 = CARTESIAN_POINT('',(0.,0.));
#12764 = VECTOR('',#12765,1.);
#12765 = DIRECTION('',(1.,0.));
#12766 = ( GEOMETRIC_REPRESENTATION_CONTEXT(2) 
PARAMETRIC_REPRESENTATION_CONTEXT() REPRESENTATION_CONTEXT('2D SPACE',''
  ) );
#12767 = ADVANCED_FACE('',(#12768),#12752,.T.);
#12768 = FACE_BOUND('',#12769,.T.);
#12769 = EDGE_LOOP('',(#12770,#12795,#12796,#12821));
#12770 = ORIENTED_EDGE('',*,*,#12771,.F.);
#12771 = EDGE_CURVE('',#12689,#12772,#12774,.T.);
#12772 = VERTEX_POINT('',#12773);
#12773 = CARTESIAN_POINT('',(9.343467413013,-0.169238594778,0.));
#12774 = SURFACE_CURVE('',#12775,(#12780,#12787),.PCURVE_S1.);
#12775 = B_SPLINE_CURVE_WITH_KNOTS('',3,(#12776,#12777,#12778,#12779),
  .UNSPECIFIED.,.F.,.F.,(4,4),(0.,1.),.PIECEWISE_BEZIER_KNOTS.);
#12776 = CARTESIAN_POINT('',(9.343467413013,0.169238594778,0.));
#12777 = CARTESIAN_POINT('',(9.345510854351,5.642520114474E-02,0.));
#12778 = CARTESIAN_POINT('',(9.345510854351,-5.642520114474E-02,0.));
#12779 = CARTESIAN_POINT('',(9.343467413013,-0.169238594778,0.));
#12780 = PCURVE('',#12752,#12781);
#12781 = DEFINITIONAL_REPRESENTATION('',(#12782),#12786);
#12782 = LINE('',#12783,#12784);
#12783 = CARTESIAN_POINT('',(0.,0.));
#12784 = VECTOR('',#12785,1.);
#12785 = DIRECTION('',(0.,1.));
#12786 = ( GEOMETRIC_REPRESENTATION_CONTEXT(2) 
PARAMETRIC_REPRESENTATION_CONTEXT() REPRESENTATION_CONTEXT('2D SPACE',''
  ) );
#12787 = PCURVE('',#49,#12788);
#12788 = DEFINITIONAL_REPRESENTATION('',(#12789),#12794);
#12789 = B_SPLINE_CURVE_WITH_KNOTS('',3,(#12790,#12791,#12792,#12793),
  .UNSPECIFIED.,.F.,.F.,(4,4),(0.,1.),.PIECEWISE_BEZIER_KNOTS.);
#12790 = CARTESIAN_POINT('',(9.343467413013,0.169238594778));
#12791 = CARTESIAN_POINT('',(9.345510854351,5.642520114474E-02));
#12792 = CARTESIAN_POINT('',(9.345510854351,-5.642520114474E-02));
#12793 = CARTESIAN_POINT('',(9.343467413013,-0.169238594778));
#12794 = ( GEOMETRIC_REPRESENTATION_CONTEXT(2) 
PARAMETRIC_REPRESENTATION_CONTEXT() REPRESENTATION_CONTEXT('2D SPACE',''
  ) );
#12795 = ORIENTED_EDGE('',*,*,#12739,.T.);
#12796 = ORIENTED_EDGE('',*,*,#12797,.T.);
#12797 = EDGE_CURVE('',#12715,#12798,#12800,.T.);
#12798 = VERTEX_POINT('',#12799);
#12799 = CARTESIAN_POINT('',(9.343467413013,-0.169238594778,5.));
#12800 = SURFACE_CURVE('',#12801,(#12806,#12813),.PCURVE_S1.);
#12801 = B_SPLINE_CURVE_WITH_KNOTS('',3,(#12802,#12803,#12804,#12805),
  .UNSPECIFIED.,.F.,.F.,(4,4),(0.,1.),.PIECEWISE_BEZIER_KNOTS.);
#12802 = CARTESIAN_POINT('',(9.343467413013,0.169238594778,5.));
#12803 = CARTESIAN_POINT('',(9.345510854351,5.642520114474E-02,5.));
#12804 = CARTESIAN_POINT('',(9.345510854351,-5.642520114474E-02,5.));
#12805 = CARTESIAN_POINT('',(9.343467413013,-0.169238594778,5.));
#12806 = PCURVE('',#12752,#12807);
#12807 = DEFINITIONAL_REPRESENTATION('',(#12808),#12812);
#12808 = LINE('',#12809,#12810);
#12809 = CARTESIAN_POINT('',(1.,0.));
#12810 = VECTOR('',#12811,1.);
#12811 = DIRECTION('',(0.,1.));
#12812 = ( GEOMETRIC_REPRESENTATION_CONTEXT(2) 
PARAMETRIC_REPRESENTATION_CONTEXT() REPRESENTATION_CONTEXT('2D SPACE',''
  ) );
#12813 = PCURVE('',#110,#12814);
#12814 = DEFINITIONAL_REPRESENTATION('',(#12815),#12820);
#12815 = B_SPLINE_CURVE_WITH_KNOTS('',3,(#12816,#12817,#12818,#12819),
  .UNSPECIFIED.,.F.,.F.,(4,4),(0.,1.),.PIECEWISE_BEZIER_KNOTS.);
#12816 = CARTESIAN_POINT('',(-9.343467413013,0.169238594778));
#12817 = CARTESIAN_POINT('',(-9.345510854351,5.642520114474E-02));
#12818 = CARTESIAN_POINT('',(-9.345510854351,-5.642520114474E-02));
#12819 = CARTESIAN_POINT('',(-9.343467413013,-0.169238594778));
#12820 = ( GEOMETRIC_REPRESENTATION_CONTEXT(2) 
PARAMETRIC_REPRESENTATION_CONTEXT() REPRESENTATION_CONTEXT('2D SPACE',''
  ) );
#12821 = ORIENTED_EDGE('',*,*,#12822,.F.);
#12822 = EDGE_CURVE('',#12772,#12798,#12823,.T.);
#12823 = SURFACE_CURVE('',#12824,(#12827,#12834),.PCURVE_S1.);
#12824 = B_SPLINE_CURVE_WITH_KNOTS('',1,(#12825,#12826),.UNSPECIFIED.,
  .F.,.F.,(2,2),(0.,1.),.PIECEWISE_BEZIER_KNOTS.);
#12825 = CARTESIAN_POINT('',(9.343467413013,-0.169238594778,0.));
#12826 = CARTESIAN_POINT('',(9.343467413013,-0.169238594778,5.));
#12827 = PCURVE('',#12752,#12828);
#12828 = DEFINITIONAL_REPRESENTATION('',(#12829),#12833);
#12829 = LINE('',#12830,#12831);
#12830 = CARTESIAN_POINT('',(0.,1.));
#12831 = VECTOR('',#12832,1.);
#12832 = DIRECTION('',(1.,0.));
#12833 = ( GEOMETRIC_REPRESENTATION_CONTEXT(2) 
PARAMETRIC_REPRESENTATION_CONTEXT() REPRESENTATION_CONTEXT('2D SPACE',''
  ) );
#12834 = PCURVE('',#12835,#12844);
#12835 = B_SPLINE_SURFACE_WITH_KNOTS('',1,3,(
    (#12836,#12837,#12838,#12839)
    ,(#12840,#12841,#12842,#12843
    )),.UNSPECIFIED.,.F.,.F.,.F.,(2,2),(4,4),(0.,1.),(0.,1.),
  .PIECEWISE_BEZIER_KNOTS.);
#12836 = CARTESIAN_POINT('',(9.343467413013,-0.169238594778,0.));
#12837 = CARTESIAN_POINT('',(9.031203351489,-0.313104015586,0.));
#12838 = CARTESIAN_POINT('',(8.698349003798,-0.44086081862,0.));
#12839 = CARTESIAN_POINT('',(8.350994846661,-0.452852338815,0.));
#12840 = CARTESIAN_POINT('',(9.343467413013,-0.169238594778,5.));
#12841 = CARTESIAN_POINT('',(9.031203351489,-0.313104015586,5.));
#12842 = CARTESIAN_POINT('',(8.698349003798,-0.44086081862,5.));
#12843 = CARTESIAN_POINT('',(8.350994846661,-0.452852338815,5.));
#12844 = DEFINITIONAL_REPRESENTATION('',(#12845),#12849);
#12845 = LINE('',#12846,#12847);
#12846 = CARTESIAN_POINT('',(0.,0.));
#12847 = VECTOR('',#12848,1.);
#12848 = DIRECTION('',(1.,0.));
#12849 = ( GEOMETRIC_REPRESENTATION_CONTEXT(2) 
PARAMETRIC_REPRESENTATION_CONTEXT() REPRESENTATION_CONTEXT('2D SPACE',''
  ) );
#12850 = ADVANCED_FACE('',(#12851),#12835,.T.);
#12851 = FACE_BOUND('',#12852,.T.);
#12852 = EDGE_LOOP('',(#12853,#12878,#12879,#12904));
#12853 = ORIENTED_EDGE('',*,*,#12854,.F.);
#12854 = EDGE_CURVE('',#12772,#12855,#12857,.T.);
#12855 = VERTEX_POINT('',#12856);
#12856 = CARTESIAN_POINT('',(8.350994846661,-0.452852338815,0.));
#12857 = SURFACE_CURVE('',#12858,(#12863,#12870),.PCURVE_S1.);
#12858 = B_SPLINE_CURVE_WITH_KNOTS('',3,(#12859,#12860,#12861,#12862),
  .UNSPECIFIED.,.F.,.F.,(4,4),(0.,1.),.PIECEWISE_BEZIER_KNOTS.);
#12859 = CARTESIAN_POINT('',(9.343467413013,-0.169238594778,0.));
#12860 = CARTESIAN_POINT('',(9.031203351489,-0.313104015586,0.));
#12861 = CARTESIAN_POINT('',(8.698349003798,-0.44086081862,0.));
#12862 = CARTESIAN_POINT('',(8.350994846661,-0.452852338815,0.));
#12863 = PCURVE('',#12835,#12864);
#12864 = DEFINITIONAL_REPRESENTATION('',(#12865),#12869);
#12865 = LINE('',#12866,#12867);
#12866 = CARTESIAN_POINT('',(0.,0.));
#12867 = VECTOR('',#12868,1.);
#12868 = DIRECTION('',(0.,1.));
#12869 = ( GEOMETRIC_REPRESENTATION_CONTEXT(2) 
PARAMETRIC_REPRESENTATION_CONTEXT() REPRESENTATION_CONTEXT('2D SPACE',''
  ) );
#12870 = PCURVE('',#49,#12871);
#12871 = DEFINITIONAL_REPRESENTATION('',(#12872),#12877);
#12872 = B_SPLINE_CURVE_WITH_KNOTS('',3,(#12873,#12874,#12875,#12876),
  .UNSPECIFIED.,.F.,.F.,(4,4),(0.,1.),.PIECEWISE_BEZIER_KNOTS.);
#12873 = CARTESIAN_POINT('',(9.343467413013,-0.169238594778));
#12874 = CARTESIAN_POINT('',(9.031203351489,-0.313104015586));
#12875 = CARTESIAN_POINT('',(8.698349003798,-0.44086081862));
#12876 = CARTESIAN_POINT('',(8.350994846661,-0.452852338815));
#12877 = ( GEOMETRIC_REPRESENTATION_CONTEXT(2) 
PARAMETRIC_REPRESENTATION_CONTEXT() REPRESENTATION_CONTEXT('2D SPACE',''
  ) );
#12878 = ORIENTED_EDGE('',*,*,#12822,.T.);
#12879 = ORIENTED_EDGE('',*,*,#12880,.T.);
#12880 = EDGE_CURVE('',#12798,#12881,#12883,.T.);
#12881 = VERTEX_POINT('',#12882);
#12882 = CARTESIAN_POINT('',(8.350994846661,-0.452852338815,5.));
#12883 = SURFACE_CURVE('',#12884,(#12889,#12896),.PCURVE_S1.);
#12884 = B_SPLINE_CURVE_WITH_KNOTS('',3,(#12885,#12886,#12887,#12888),
  .UNSPECIFIED.,.F.,.F.,(4,4),(0.,1.),.PIECEWISE_BEZIER_KNOTS.);
#12885 = CARTESIAN_POINT('',(9.343467413013,-0.169238594778,5.));
#12886 = CARTESIAN_POINT('',(9.031203351489,-0.313104015586,5.));
#12887 = CARTESIAN_POINT('',(8.698349003798,-0.44086081862,5.));
#12888 = CARTESIAN_POINT('',(8.350994846661,-0.452852338815,5.));
#12889 = PCURVE('',#12835,#12890);
#12890 = DEFINITIONAL_REPRESENTATION('',(#12891),#12895);
#12891 = LINE('',#12892,#12893);
#12892 = CARTESIAN_POINT('',(1.,0.));
#12893 = VECTOR('',#12894,1.);
#12894 = DIRECTION('',(0.,1.));
#12895 = ( GEOMETRIC_REPRESENTATION_CONTEXT(2) 
PARAMETRIC_REPRESENTATION_CONTEXT() REPRESENTATION_CONTEXT('2D SPACE',''
  ) );
#12896 = PCURVE('',#110,#12897);
#12897 = DEFINITIONAL_REPRESENTATION('',(#12898),#12903);
#12898 = B_SPLINE_CURVE_WITH_KNOTS('',3,(#12899,#12900,#12901,#12902),
  .UNSPECIFIED.,.F.,.F.,(4,4),(0.,1.),.PIECEWISE_BEZIER_KNOTS.);
#12899 = CARTESIAN_POINT('',(-9.343467413013,-0.169238594778));
#12900 = CARTESIAN_POINT('',(-9.031203351489,-0.313104015586));
#12901 = CARTESIAN_POINT('',(-8.698349003798,-0.44086081862));
#12902 = CARTESIAN_POINT('',(-8.350994846661,-0.452852338815));
#12903 = ( GEOMETRIC_REPRESENTATION_CONTEXT(2) 
PARAMETRIC_REPRESENTATION_CONTEXT() REPRESENTATION_CONTEXT('2D SPACE',''
  ) );
#12904 = ORIENTED_EDGE('',*,*,#12905,.F.);
#12905 = EDGE_CURVE('',#12855,#12881,#12906,.T.);
#12906 = SURFACE_CURVE('',#12907,(#12910,#12917),.PCURVE_S1.);
#12907 = B_SPLINE_CURVE_WITH_KNOTS('',1,(#12908,#12909),.UNSPECIFIED.,
  .F.,.F.,(2,2),(0.,1.),.PIECEWISE_BEZIER_KNOTS.);
#12908 = CARTESIAN_POINT('',(8.350994846661,-0.452852338815,0.));
#12909 = CARTESIAN_POINT('',(8.350994846661,-0.452852338815,5.));
#12910 = PCURVE('',#12835,#12911);
#12911 = DEFINITIONAL_REPRESENTATION('',(#12912),#12916);
#12912 = LINE('',#12913,#12914);
#12913 = CARTESIAN_POINT('',(0.,1.));
#12914 = VECTOR('',#12915,1.);
#12915 = DIRECTION('',(1.,0.));
#12916 = ( GEOMETRIC_REPRESENTATION_CONTEXT(2) 
PARAMETRIC_REPRESENTATION_CONTEXT() REPRESENTATION_CONTEXT('2D SPACE',''
  ) );
#12917 = PCURVE('',#12918,#12927);
#12918 = B_SPLINE_SURFACE_WITH_KNOTS('',1,3,(
    (#12919,#12920,#12921,#12922)
    ,(#12923,#12924,#12925,#12926
    )),.UNSPECIFIED.,.F.,.F.,.F.,(2,2),(4,4),(0.,1.),(0.,1.),
  .PIECEWISE_BEZIER_KNOTS.);
#12919 = CARTESIAN_POINT('',(8.350994846661,-0.452852338815,0.));
#12920 = CARTESIAN_POINT('',(8.317804460728,-0.585231601816,0.));
#12921 = CARTESIAN_POINT('',(8.306948877766,-0.723164861461,0.));
#12922 = CARTESIAN_POINT('',(8.319021955782,-0.859106436332,0.));
#12923 = CARTESIAN_POINT('',(8.350994846661,-0.452852338815,5.));
#12924 = CARTESIAN_POINT('',(8.317804460728,-0.585231601816,5.));
#12925 = CARTESIAN_POINT('',(8.306948877766,-0.723164861461,5.));
#12926 = CARTESIAN_POINT('',(8.319021955782,-0.859106436332,5.));
#12927 = DEFINITIONAL_REPRESENTATION('',(#12928),#12932);
#12928 = LINE('',#12929,#12930);
#12929 = CARTESIAN_POINT('',(0.,0.));
#12930 = VECTOR('',#12931,1.);
#12931 = DIRECTION('',(1.,0.));
#12932 = ( GEOMETRIC_REPRESENTATION_CONTEXT(2) 
PARAMETRIC_REPRESENTATION_CONTEXT() REPRESENTATION_CONTEXT('2D SPACE',''
  ) );
#12933 = ADVANCED_FACE('',(#12934),#12918,.T.);
#12934 = FACE_BOUND('',#12935,.T.);
#12935 = EDGE_LOOP('',(#12936,#12961,#12962,#12987));
#12936 = ORIENTED_EDGE('',*,*,#12937,.F.);
#12937 = EDGE_CURVE('',#12855,#12938,#12940,.T.);
#12938 = VERTEX_POINT('',#12939);
#12939 = CARTESIAN_POINT('',(8.319021955782,-0.859106436332,0.));
#12940 = SURFACE_CURVE('',#12941,(#12946,#12953),.PCURVE_S1.);
#12941 = B_SPLINE_CURVE_WITH_KNOTS('',3,(#12942,#12943,#12944,#12945),
  .UNSPECIFIED.,.F.,.F.,(4,4),(0.,1.),.PIECEWISE_BEZIER_KNOTS.);
#12942 = CARTESIAN_POINT('',(8.350994846661,-0.452852338815,0.));
#12943 = CARTESIAN_POINT('',(8.317804460728,-0.585231601816,0.));
#12944 = CARTESIAN_POINT('',(8.306948877766,-0.723164861461,0.));
#12945 = CARTESIAN_POINT('',(8.319021955782,-0.859106436332,0.));
#12946 = PCURVE('',#12918,#12947);
#12947 = DEFINITIONAL_REPRESENTATION('',(#12948),#12952);
#12948 = LINE('',#12949,#12950);
#12949 = CARTESIAN_POINT('',(0.,0.));
#12950 = VECTOR('',#12951,1.);
#12951 = DIRECTION('',(0.,1.));
#12952 = ( GEOMETRIC_REPRESENTATION_CONTEXT(2) 
PARAMETRIC_REPRESENTATION_CONTEXT() REPRESENTATION_CONTEXT('2D SPACE',''
  ) );
#12953 = PCURVE('',#49,#12954);
#12954 = DEFINITIONAL_REPRESENTATION('',(#12955),#12960);
#12955 = B_SPLINE_CURVE_WITH_KNOTS('',3,(#12956,#12957,#12958,#12959),
  .UNSPECIFIED.,.F.,.F.,(4,4),(0.,1.),.PIECEWISE_BEZIER_KNOTS.);
#12956 = CARTESIAN_POINT('',(8.350994846661,-0.452852338815));
#12957 = CARTESIAN_POINT('',(8.317804460728,-0.585231601816));
#12958 = CARTESIAN_POINT('',(8.306948877766,-0.723164861461));
#12959 = CARTESIAN_POINT('',(8.319021955782,-0.859106436332));
#12960 = ( GEOMETRIC_REPRESENTATION_CONTEXT(2) 
PARAMETRIC_REPRESENTATION_CONTEXT() REPRESENTATION_CONTEXT('2D SPACE',''
  ) );
#12961 = ORIENTED_EDGE('',*,*,#12905,.T.);
#12962 = ORIENTED_EDGE('',*,*,#12963,.T.);
#12963 = EDGE_CURVE('',#12881,#12964,#12966,.T.);
#12964 = VERTEX_POINT('',#12965);
#12965 = CARTESIAN_POINT('',(8.319021955782,-0.859106436332,5.));
#12966 = SURFACE_CURVE('',#12967,(#12972,#12979),.PCURVE_S1.);
#12967 = B_SPLINE_CURVE_WITH_KNOTS('',3,(#12968,#12969,#12970,#12971),
  .UNSPECIFIED.,.F.,.F.,(4,4),(0.,1.),.PIECEWISE_BEZIER_KNOTS.);
#12968 = CARTESIAN_POINT('',(8.350994846661,-0.452852338815,5.));
#12969 = CARTESIAN_POINT('',(8.317804460728,-0.585231601816,5.));
#12970 = CARTESIAN_POINT('',(8.306948877766,-0.723164861461,5.));
#12971 = CARTESIAN_POINT('',(8.319021955782,-0.859106436332,5.));
#12972 = PCURVE('',#12918,#12973);
#12973 = DEFINITIONAL_REPRESENTATION('',(#12974),#12978);
#12974 = LINE('',#12975,#12976);
#12975 = CARTESIAN_POINT('',(1.,0.));
#12976 = VECTOR('',#12977,1.);
#12977 = DIRECTION('',(0.,1.));
#12978 = ( GEOMETRIC_REPRESENTATION_CONTEXT(2) 
PARAMETRIC_REPRESENTATION_CONTEXT() REPRESENTATION_CONTEXT('2D SPACE',''
  ) );
#12979 = PCURVE('',#110,#12980);
#12980 = DEFINITIONAL_REPRESENTATION('',(#12981),#12986);
#12981 = B_SPLINE_CURVE_WITH_KNOTS('',3,(#12982,#12983,#12984,#12985),
  .UNSPECIFIED.,.F.,.F.,(4,4),(0.,1.),.PIECEWISE_BEZIER_KNOTS.);
#12982 = CARTESIAN_POINT('',(-8.350994846661,-0.452852338815));
#12983 = CARTESIAN_POINT('',(-8.317804460728,-0.585231601816));
#12984 = CARTESIAN_POINT('',(-8.306948877766,-0.723164861461));
#12985 = CARTESIAN_POINT('',(-8.319021955782,-0.859106436332));
#12986 = ( GEOMETRIC_REPRESENTATION_CONTEXT(2) 
PARAMETRIC_REPRESENTATION_CONTEXT() REPRESENTATION_CONTEXT('2D SPACE',''
  ) );
#12987 = ORIENTED_EDGE('',*,*,#12988,.F.);
#12988 = EDGE_CURVE('',#12938,#12964,#12989,.T.);
#12989 = SURFACE_CURVE('',#12990,(#12993,#13000),.PCURVE_S1.);
#12990 = B_SPLINE_CURVE_WITH_KNOTS('',1,(#12991,#12992),.UNSPECIFIED.,
  .F.,.F.,(2,2),(0.,1.),.PIECEWISE_BEZIER_KNOTS.);
#12991 = CARTESIAN_POINT('',(8.319021955782,-0.859106436332,0.));
#12992 = CARTESIAN_POINT('',(8.319021955782,-0.859106436332,5.));
#12993 = PCURVE('',#12918,#12994);
#12994 = DEFINITIONAL_REPRESENTATION('',(#12995),#12999);
#12995 = LINE('',#12996,#12997);
#12996 = CARTESIAN_POINT('',(0.,1.));
#12997 = VECTOR('',#12998,1.);
#12998 = DIRECTION('',(1.,0.));
#12999 = ( GEOMETRIC_REPRESENTATION_CONTEXT(2) 
PARAMETRIC_REPRESENTATION_CONTEXT() REPRESENTATION_CONTEXT('2D SPACE',''
  ) );
#13000 = PCURVE('',#13001,#13010);
#13001 = B_SPLINE_SURFACE_WITH_KNOTS('',1,3,(
    (#13002,#13003,#13004,#13005)
    ,(#13006,#13007,#13008,#13009
    )),.UNSPECIFIED.,.F.,.F.,.F.,(2,2),(4,4),(0.,1.),(0.,1.),
  .PIECEWISE_BEZIER_KNOTS.);
#13002 = CARTESIAN_POINT('',(8.319021955782,-0.859106436332,0.));
#13003 = CARTESIAN_POINT('',(8.660223719797,-0.925288482766,0.));
#13004 = CARTESIAN_POINT('',(8.96899451099,-1.103542279372,0.));
#13005 = CARTESIAN_POINT('',(9.254908573602,-1.294485339535,0.));
#13006 = CARTESIAN_POINT('',(8.319021955782,-0.859106436332,5.));
#13007 = CARTESIAN_POINT('',(8.660223719797,-0.925288482766,5.));
#13008 = CARTESIAN_POINT('',(8.96899451099,-1.103542279372,5.));
#13009 = CARTESIAN_POINT('',(9.254908573602,-1.294485339535,5.));
#13010 = DEFINITIONAL_REPRESENTATION('',(#13011),#13015);
#13011 = LINE('',#13012,#13013);
#13012 = CARTESIAN_POINT('',(0.,0.));
#13013 = VECTOR('',#13014,1.);
#13014 = DIRECTION('',(1.,0.));
#13015 = ( GEOMETRIC_REPRESENTATION_CONTEXT(2) 
PARAMETRIC_REPRESENTATION_CONTEXT() REPRESENTATION_CONTEXT('2D SPACE',''
  ) );
#13016 = ADVANCED_FACE('',(#13017),#13001,.T.);
#13017 = FACE_BOUND('',#13018,.T.);
#13018 = EDGE_LOOP('',(#13019,#13044,#13045,#13070));
#13019 = ORIENTED_EDGE('',*,*,#13020,.F.);
#13020 = EDGE_CURVE('',#12938,#13021,#13023,.T.);
#13021 = VERTEX_POINT('',#13022);
#13022 = CARTESIAN_POINT('',(9.254908573602,-1.294485339535,0.));
#13023 = SURFACE_CURVE('',#13024,(#13029,#13036),.PCURVE_S1.);
#13024 = B_SPLINE_CURVE_WITH_KNOTS('',3,(#13025,#13026,#13027,#13028),
  .UNSPECIFIED.,.F.,.F.,(4,4),(0.,1.),.PIECEWISE_BEZIER_KNOTS.);
#13025 = CARTESIAN_POINT('',(8.319021955782,-0.859106436332,0.));
#13026 = CARTESIAN_POINT('',(8.660223719797,-0.925288482766,0.));
#13027 = CARTESIAN_POINT('',(8.96899451099,-1.103542279372,0.));
#13028 = CARTESIAN_POINT('',(9.254908573602,-1.294485339535,0.));
#13029 = PCURVE('',#13001,#13030);
#13030 = DEFINITIONAL_REPRESENTATION('',(#13031),#13035);
#13031 = LINE('',#13032,#13033);
#13032 = CARTESIAN_POINT('',(0.,0.));
#13033 = VECTOR('',#13034,1.);
#13034 = DIRECTION('',(0.,1.));
#13035 = ( GEOMETRIC_REPRESENTATION_CONTEXT(2) 
PARAMETRIC_REPRESENTATION_CONTEXT() REPRESENTATION_CONTEXT('2D SPACE',''
  ) );
#13036 = PCURVE('',#49,#13037);
#13037 = DEFINITIONAL_REPRESENTATION('',(#13038),#13043);
#13038 = B_SPLINE_CURVE_WITH_KNOTS('',3,(#13039,#13040,#13041,#13042),
  .UNSPECIFIED.,.F.,.F.,(4,4),(0.,1.),.PIECEWISE_BEZIER_KNOTS.);
#13039 = CARTESIAN_POINT('',(8.319021955782,-0.859106436332));
#13040 = CARTESIAN_POINT('',(8.660223719797,-0.925288482766));
#13041 = CARTESIAN_POINT('',(8.96899451099,-1.103542279372));
#13042 = CARTESIAN_POINT('',(9.254908573602,-1.294485339535));
#13043 = ( GEOMETRIC_REPRESENTATION_CONTEXT(2) 
PARAMETRIC_REPRESENTATION_CONTEXT() REPRESENTATION_CONTEXT('2D SPACE',''
  ) );
#13044 = ORIENTED_EDGE('',*,*,#12988,.T.);
#13045 = ORIENTED_EDGE('',*,*,#13046,.T.);
#13046 = EDGE_CURVE('',#12964,#13047,#13049,.T.);
#13047 = VERTEX_POINT('',#13048);
#13048 = CARTESIAN_POINT('',(9.254908573602,-1.294485339535,5.));
#13049 = SURFACE_CURVE('',#13050,(#13055,#13062),.PCURVE_S1.);
#13050 = B_SPLINE_CURVE_WITH_KNOTS('',3,(#13051,#13052,#13053,#13054),
  .UNSPECIFIED.,.F.,.F.,(4,4),(0.,1.),.PIECEWISE_BEZIER_KNOTS.);
#13051 = CARTESIAN_POINT('',(8.319021955782,-0.859106436332,5.));
#13052 = CARTESIAN_POINT('',(8.660223719797,-0.925288482766,5.));
#13053 = CARTESIAN_POINT('',(8.96899451099,-1.103542279372,5.));
#13054 = CARTESIAN_POINT('',(9.254908573602,-1.294485339535,5.));
#13055 = PCURVE('',#13001,#13056);
#13056 = DEFINITIONAL_REPRESENTATION('',(#13057),#13061);
#13057 = LINE('',#13058,#13059);
#13058 = CARTESIAN_POINT('',(1.,0.));
#13059 = VECTOR('',#13060,1.);
#13060 = DIRECTION('',(0.,1.));
#13061 = ( GEOMETRIC_REPRESENTATION_CONTEXT(2) 
PARAMETRIC_REPRESENTATION_CONTEXT() REPRESENTATION_CONTEXT('2D SPACE',''
  ) );
#13062 = PCURVE('',#110,#13063);
#13063 = DEFINITIONAL_REPRESENTATION('',(#13064),#13069);
#13064 = B_SPLINE_CURVE_WITH_KNOTS('',3,(#13065,#13066,#13067,#13068),
  .UNSPECIFIED.,.F.,.F.,(4,4),(0.,1.),.PIECEWISE_BEZIER_KNOTS.);
#13065 = CARTESIAN_POINT('',(-8.319021955782,-0.859106436332));
#13066 = CARTESIAN_POINT('',(-8.660223719797,-0.925288482766));
#13067 = CARTESIAN_POINT('',(-8.96899451099,-1.103542279372));
#13068 = CARTESIAN_POINT('',(-9.254908573602,-1.294485339535));
#13069 = ( GEOMETRIC_REPRESENTATION_CONTEXT(2) 
PARAMETRIC_REPRESENTATION_CONTEXT() REPRESENTATION_CONTEXT('2D SPACE',''
  ) );
#13070 = ORIENTED_EDGE('',*,*,#13071,.F.);
#13071 = EDGE_CURVE('',#13021,#13047,#13072,.T.);
#13072 = SURFACE_CURVE('',#13073,(#13076,#13083),.PCURVE_S1.);
#13073 = B_SPLINE_CURVE_WITH_KNOTS('',1,(#13074,#13075),.UNSPECIFIED.,
  .F.,.F.,(2,2),(0.,1.),.PIECEWISE_BEZIER_KNOTS.);
#13074 = CARTESIAN_POINT('',(9.254908573602,-1.294485339535,0.));
#13075 = CARTESIAN_POINT('',(9.254908573602,-1.294485339535,5.));
#13076 = PCURVE('',#13001,#13077);
#13077 = DEFINITIONAL_REPRESENTATION('',(#13078),#13082);
#13078 = LINE('',#13079,#13080);
#13079 = CARTESIAN_POINT('',(0.,1.));
#13080 = VECTOR('',#13081,1.);
#13081 = DIRECTION('',(1.,0.));
#13082 = ( GEOMETRIC_REPRESENTATION_CONTEXT(2) 
PARAMETRIC_REPRESENTATION_CONTEXT() REPRESENTATION_CONTEXT('2D SPACE',''
  ) );
#13083 = PCURVE('',#13084,#13093);
#13084 = B_SPLINE_SURFACE_WITH_KNOTS('',1,3,(
    (#13085,#13086,#13087,#13088)
    ,(#13089,#13090,#13091,#13092
    )),.UNSPECIFIED.,.F.,.F.,.F.,(2,2),(4,4),(0.,1.),(0.,1.),
  .PIECEWISE_BEZIER_KNOTS.);
#13085 = CARTESIAN_POINT('',(9.254908573602,-1.294485339535,0.));
#13086 = CARTESIAN_POINT('',(9.239278953904,-1.406229477742,0.));
#13087 = CARTESIAN_POINT('',(9.221625261592,-1.517690504314,0.));
#13088 = CARTESIAN_POINT('',(9.201959075525,-1.628795313216,0.));
#13089 = CARTESIAN_POINT('',(9.254908573602,-1.294485339535,5.));
#13090 = CARTESIAN_POINT('',(9.239278953904,-1.406229477742,5.));
#13091 = CARTESIAN_POINT('',(9.221625261592,-1.517690504314,5.));
#13092 = CARTESIAN_POINT('',(9.201959075525,-1.628795313216,5.));
#13093 = DEFINITIONAL_REPRESENTATION('',(#13094),#13098);
#13094 = LINE('',#13095,#13096);
#13095 = CARTESIAN_POINT('',(0.,0.));
#13096 = VECTOR('',#13097,1.);
#13097 = DIRECTION('',(1.,0.));
#13098 = ( GEOMETRIC_REPRESENTATION_CONTEXT(2) 
PARAMETRIC_REPRESENTATION_CONTEXT() REPRESENTATION_CONTEXT('2D SPACE',''
  ) );
#13099 = ADVANCED_FACE('',(#13100),#13084,.T.);
#13100 = FACE_BOUND('',#13101,.T.);
#13101 = EDGE_LOOP('',(#13102,#13127,#13128,#13153));
#13102 = ORIENTED_EDGE('',*,*,#13103,.F.);
#13103 = EDGE_CURVE('',#13021,#13104,#13106,.T.);
#13104 = VERTEX_POINT('',#13105);
#13105 = CARTESIAN_POINT('',(9.201959075525,-1.628795313216,0.));
#13106 = SURFACE_CURVE('',#13107,(#13112,#13119),.PCURVE_S1.);
#13107 = B_SPLINE_CURVE_WITH_KNOTS('',3,(#13108,#13109,#13110,#13111),
  .UNSPECIFIED.,.F.,.F.,(4,4),(0.,1.),.PIECEWISE_BEZIER_KNOTS.);
#13108 = CARTESIAN_POINT('',(9.254908573602,-1.294485339535,0.));
#13109 = CARTESIAN_POINT('',(9.239278953904,-1.406229477742,0.));
#13110 = CARTESIAN_POINT('',(9.221625261592,-1.517690504314,0.));
#13111 = CARTESIAN_POINT('',(9.201959075525,-1.628795313216,0.));
#13112 = PCURVE('',#13084,#13113);
#13113 = DEFINITIONAL_REPRESENTATION('',(#13114),#13118);
#13114 = LINE('',#13115,#13116);
#13115 = CARTESIAN_POINT('',(0.,0.));
#13116 = VECTOR('',#13117,1.);
#13117 = DIRECTION('',(0.,1.));
#13118 = ( GEOMETRIC_REPRESENTATION_CONTEXT(2) 
PARAMETRIC_REPRESENTATION_CONTEXT() REPRESENTATION_CONTEXT('2D SPACE',''
  ) );
#13119 = PCURVE('',#49,#13120);
#13120 = DEFINITIONAL_REPRESENTATION('',(#13121),#13126);
#13121 = B_SPLINE_CURVE_WITH_KNOTS('',3,(#13122,#13123,#13124,#13125),
  .UNSPECIFIED.,.F.,.F.,(4,4),(0.,1.),.PIECEWISE_BEZIER_KNOTS.);
#13122 = CARTESIAN_POINT('',(9.254908573602,-1.294485339535));
#13123 = CARTESIAN_POINT('',(9.239278953904,-1.406229477742));
#13124 = CARTESIAN_POINT('',(9.221625261592,-1.517690504314));
#13125 = CARTESIAN_POINT('',(9.201959075525,-1.628795313216));
#13126 = ( GEOMETRIC_REPRESENTATION_CONTEXT(2) 
PARAMETRIC_REPRESENTATION_CONTEXT() REPRESENTATION_CONTEXT('2D SPACE',''
  ) );
#13127 = ORIENTED_EDGE('',*,*,#13071,.T.);
#13128 = ORIENTED_EDGE('',*,*,#13129,.T.);
#13129 = EDGE_CURVE('',#13047,#13130,#13132,.T.);
#13130 = VERTEX_POINT('',#13131);
#13131 = CARTESIAN_POINT('',(9.201959075525,-1.628795313216,5.));
#13132 = SURFACE_CURVE('',#13133,(#13138,#13145),.PCURVE_S1.);
#13133 = B_SPLINE_CURVE_WITH_KNOTS('',3,(#13134,#13135,#13136,#13137),
  .UNSPECIFIED.,.F.,.F.,(4,4),(0.,1.),.PIECEWISE_BEZIER_KNOTS.);
#13134 = CARTESIAN_POINT('',(9.254908573602,-1.294485339535,5.));
#13135 = CARTESIAN_POINT('',(9.239278953904,-1.406229477742,5.));
#13136 = CARTESIAN_POINT('',(9.221625261592,-1.517690504314,5.));
#13137 = CARTESIAN_POINT('',(9.201959075525,-1.628795313216,5.));
#13138 = PCURVE('',#13084,#13139);
#13139 = DEFINITIONAL_REPRESENTATION('',(#13140),#13144);
#13140 = LINE('',#13141,#13142);
#13141 = CARTESIAN_POINT('',(1.,0.));
#13142 = VECTOR('',#13143,1.);
#13143 = DIRECTION('',(0.,1.));
#13144 = ( GEOMETRIC_REPRESENTATION_CONTEXT(2) 
PARAMETRIC_REPRESENTATION_CONTEXT() REPRESENTATION_CONTEXT('2D SPACE',''
  ) );
#13145 = PCURVE('',#110,#13146);
#13146 = DEFINITIONAL_REPRESENTATION('',(#13147),#13152);
#13147 = B_SPLINE_CURVE_WITH_KNOTS('',3,(#13148,#13149,#13150,#13151),
  .UNSPECIFIED.,.F.,.F.,(4,4),(0.,1.),.PIECEWISE_BEZIER_KNOTS.);
#13148 = CARTESIAN_POINT('',(-9.254908573602,-1.294485339535));
#13149 = CARTESIAN_POINT('',(-9.239278953904,-1.406229477742));
#13150 = CARTESIAN_POINT('',(-9.221625261592,-1.517690504314));
#13151 = CARTESIAN_POINT('',(-9.201959075525,-1.628795313216));
#13152 = ( GEOMETRIC_REPRESENTATION_CONTEXT(2) 
PARAMETRIC_REPRESENTATION_CONTEXT() REPRESENTATION_CONTEXT('2D SPACE',''
  ) );
#13153 = ORIENTED_EDGE('',*,*,#13154,.F.);
#13154 = EDGE_CURVE('',#13104,#13130,#13155,.T.);
#13155 = SURFACE_CURVE('',#13156,(#13159,#13166),.PCURVE_S1.);
#13156 = B_SPLINE_CURVE_WITH_KNOTS('',1,(#13157,#13158),.UNSPECIFIED.,
  .F.,.F.,(2,2),(0.,1.),.PIECEWISE_BEZIER_KNOTS.);
#13157 = CARTESIAN_POINT('',(9.201959075525,-1.628795313216,0.));
#13158 = CARTESIAN_POINT('',(9.201959075525,-1.628795313216,5.));
#13159 = PCURVE('',#13084,#13160);
#13160 = DEFINITIONAL_REPRESENTATION('',(#13161),#13165);
#13161 = LINE('',#13162,#13163);
#13162 = CARTESIAN_POINT('',(0.,1.));
#13163 = VECTOR('',#13164,1.);
#13164 = DIRECTION('',(1.,0.));
#13165 = ( GEOMETRIC_REPRESENTATION_CONTEXT(2) 
PARAMETRIC_REPRESENTATION_CONTEXT() REPRESENTATION_CONTEXT('2D SPACE',''
  ) );
#13166 = PCURVE('',#13167,#13176);
#13167 = B_SPLINE_SURFACE_WITH_KNOTS('',1,3,(
    (#13168,#13169,#13170,#13171)
    ,(#13172,#13173,#13174,#13175
    )),.UNSPECIFIED.,.F.,.F.,.F.,(2,2),(4,4),(0.,1.),(0.,1.),
  .PIECEWISE_BEZIER_KNOTS.);
#13168 = CARTESIAN_POINT('',(9.201959075525,-1.628795313216,0.));
#13169 = CARTESIAN_POINT('',(8.87103399263,-1.722040650548,0.));
#13170 = CARTESIAN_POINT('',(8.522292067161,-1.796154663518,0.));
#13171 = CARTESIAN_POINT('',(8.177338529052,-1.75366038645,0.));
#13172 = CARTESIAN_POINT('',(9.201959075525,-1.628795313216,5.));
#13173 = CARTESIAN_POINT('',(8.87103399263,-1.722040650548,5.));
#13174 = CARTESIAN_POINT('',(8.522292067161,-1.796154663518,5.));
#13175 = CARTESIAN_POINT('',(8.177338529052,-1.75366038645,5.));
#13176 = DEFINITIONAL_REPRESENTATION('',(#13177),#13181);
#13177 = LINE('',#13178,#13179);
#13178 = CARTESIAN_POINT('',(0.,0.));
#13179 = VECTOR('',#13180,1.);
#13180 = DIRECTION('',(1.,0.));
#13181 = ( GEOMETRIC_REPRESENTATION_CONTEXT(2) 
PARAMETRIC_REPRESENTATION_CONTEXT() REPRESENTATION_CONTEXT('2D SPACE',''
  ) );
#13182 = ADVANCED_FACE('',(#13183),#13167,.T.);
#13183 = FACE_BOUND('',#13184,.T.);
#13184 = EDGE_LOOP('',(#13185,#13210,#13211,#13236));
#13185 = ORIENTED_EDGE('',*,*,#13186,.F.);
#13186 = EDGE_CURVE('',#13104,#13187,#13189,.T.);
#13187 = VERTEX_POINT('',#13188);
#13188 = CARTESIAN_POINT('',(8.177338529052,-1.75366038645,0.));
#13189 = SURFACE_CURVE('',#13190,(#13195,#13202),.PCURVE_S1.);
#13190 = B_SPLINE_CURVE_WITH_KNOTS('',3,(#13191,#13192,#13193,#13194),
  .UNSPECIFIED.,.F.,.F.,(4,4),(0.,1.),.PIECEWISE_BEZIER_KNOTS.);
#13191 = CARTESIAN_POINT('',(9.201959075525,-1.628795313216,0.));
#13192 = CARTESIAN_POINT('',(8.87103399263,-1.722040650548,0.));
#13193 = CARTESIAN_POINT('',(8.522292067161,-1.796154663518,0.));
#13194 = CARTESIAN_POINT('',(8.177338529052,-1.75366038645,0.));
#13195 = PCURVE('',#13167,#13196);
#13196 = DEFINITIONAL_REPRESENTATION('',(#13197),#13201);
#13197 = LINE('',#13198,#13199);
#13198 = CARTESIAN_POINT('',(0.,0.));
#13199 = VECTOR('',#13200,1.);
#13200 = DIRECTION('',(0.,1.));
#13201 = ( GEOMETRIC_REPRESENTATION_CONTEXT(2) 
PARAMETRIC_REPRESENTATION_CONTEXT() REPRESENTATION_CONTEXT('2D SPACE',''
  ) );
#13202 = PCURVE('',#49,#13203);
#13203 = DEFINITIONAL_REPRESENTATION('',(#13204),#13209);
#13204 = B_SPLINE_CURVE_WITH_KNOTS('',3,(#13205,#13206,#13207,#13208),
  .UNSPECIFIED.,.F.,.F.,(4,4),(0.,1.),.PIECEWISE_BEZIER_KNOTS.);
#13205 = CARTESIAN_POINT('',(9.201959075525,-1.628795313216));
#13206 = CARTESIAN_POINT('',(8.87103399263,-1.722040650548));
#13207 = CARTESIAN_POINT('',(8.522292067161,-1.796154663518));
#13208 = CARTESIAN_POINT('',(8.177338529052,-1.75366038645));
#13209 = ( GEOMETRIC_REPRESENTATION_CONTEXT(2) 
PARAMETRIC_REPRESENTATION_CONTEXT() REPRESENTATION_CONTEXT('2D SPACE',''
  ) );
#13210 = ORIENTED_EDGE('',*,*,#13154,.T.);
#13211 = ORIENTED_EDGE('',*,*,#13212,.T.);
#13212 = EDGE_CURVE('',#13130,#13213,#13215,.T.);
#13213 = VERTEX_POINT('',#13214);
#13214 = CARTESIAN_POINT('',(8.177338529052,-1.75366038645,5.));
#13215 = SURFACE_CURVE('',#13216,(#13221,#13228),.PCURVE_S1.);
#13216 = B_SPLINE_CURVE_WITH_KNOTS('',3,(#13217,#13218,#13219,#13220),
  .UNSPECIFIED.,.F.,.F.,(4,4),(0.,1.),.PIECEWISE_BEZIER_KNOTS.);
#13217 = CARTESIAN_POINT('',(9.201959075525,-1.628795313216,5.));
#13218 = CARTESIAN_POINT('',(8.87103399263,-1.722040650548,5.));
#13219 = CARTESIAN_POINT('',(8.522292067161,-1.796154663518,5.));
#13220 = CARTESIAN_POINT('',(8.177338529052,-1.75366038645,5.));
#13221 = PCURVE('',#13167,#13222);
#13222 = DEFINITIONAL_REPRESENTATION('',(#13223),#13227);
#13223 = LINE('',#13224,#13225);
#13224 = CARTESIAN_POINT('',(1.,0.));
#13225 = VECTOR('',#13226,1.);
#13226 = DIRECTION('',(0.,1.));
#13227 = ( GEOMETRIC_REPRESENTATION_CONTEXT(2) 
PARAMETRIC_REPRESENTATION_CONTEXT() REPRESENTATION_CONTEXT('2D SPACE',''
  ) );
#13228 = PCURVE('',#110,#13229);
#13229 = DEFINITIONAL_REPRESENTATION('',(#13230),#13235);
#13230 = B_SPLINE_CURVE_WITH_KNOTS('',3,(#13231,#13232,#13233,#13234),
  .UNSPECIFIED.,.F.,.F.,(4,4),(0.,1.),.PIECEWISE_BEZIER_KNOTS.);
#13231 = CARTESIAN_POINT('',(-9.201959075525,-1.628795313216));
#13232 = CARTESIAN_POINT('',(-8.87103399263,-1.722040650548));
#13233 = CARTESIAN_POINT('',(-8.522292067161,-1.796154663518));
#13234 = CARTESIAN_POINT('',(-8.177338529052,-1.75366038645));
#13235 = ( GEOMETRIC_REPRESENTATION_CONTEXT(2) 
PARAMETRIC_REPRESENTATION_CONTEXT() REPRESENTATION_CONTEXT('2D SPACE',''
  ) );
#13236 = ORIENTED_EDGE('',*,*,#13237,.F.);
#13237 = EDGE_CURVE('',#13187,#13213,#13238,.T.);
#13238 = SURFACE_CURVE('',#13239,(#13242,#13249),.PCURVE_S1.);
#13239 = B_SPLINE_CURVE_WITH_KNOTS('',1,(#13240,#13241),.UNSPECIFIED.,
  .F.,.F.,(2,2),(0.,1.),.PIECEWISE_BEZIER_KNOTS.);
#13240 = CARTESIAN_POINT('',(8.177338529052,-1.75366038645,0.));
#13241 = CARTESIAN_POINT('',(8.177338529052,-1.75366038645,5.));
#13242 = PCURVE('',#13167,#13243);
#13243 = DEFINITIONAL_REPRESENTATION('',(#13244),#13248);
#13244 = LINE('',#13245,#13246);
#13245 = CARTESIAN_POINT('',(0.,1.));
#13246 = VECTOR('',#13247,1.);
#13247 = DIRECTION('',(1.,0.));
#13248 = ( GEOMETRIC_REPRESENTATION_CONTEXT(2) 
PARAMETRIC_REPRESENTATION_CONTEXT() REPRESENTATION_CONTEXT('2D SPACE',''
  ) );
#13249 = PCURVE('',#77,#13250);
#13250 = DEFINITIONAL_REPRESENTATION('',(#13251),#13255);
#13251 = LINE('',#13252,#13253);
#13252 = CARTESIAN_POINT('',(0.,0.));
#13253 = VECTOR('',#13254,1.);
#13254 = DIRECTION('',(1.,0.));
#13255 = ( GEOMETRIC_REPRESENTATION_CONTEXT(2) 
PARAMETRIC_REPRESENTATION_CONTEXT() REPRESENTATION_CONTEXT('2D SPACE',''
  ) );
#13256 = ADVANCED_FACE('',(#13257),#77,.T.);
#13257 = FACE_BOUND('',#13258,.T.);
#13258 = EDGE_LOOP('',(#13259,#13282,#13283,#13306));
#13259 = ORIENTED_EDGE('',*,*,#13260,.F.);
#13260 = EDGE_CURVE('',#13187,#22,#13261,.T.);
#13261 = SURFACE_CURVE('',#13262,(#13267,#13274),.PCURVE_S1.);
#13262 = B_SPLINE_CURVE_WITH_KNOTS('',3,(#13263,#13264,#13265,#13266),
  .UNSPECIFIED.,.F.,.F.,(4,4),(0.,1.),.PIECEWISE_BEZIER_KNOTS.);
#13263 = CARTESIAN_POINT('',(8.177338529052,-1.75366038645,0.));
#13264 = CARTESIAN_POINT('',(8.123848092656,-1.879217720785,0.));
#13265 = CARTESIAN_POINT('',(8.09154864425,-2.013754605803,0.));
#13266 = CARTESIAN_POINT('',(8.0822071351,-2.149911159806,0.));
#13267 = PCURVE('',#77,#13268);
#13268 = DEFINITIONAL_REPRESENTATION('',(#13269),#13273);
#13269 = LINE('',#13270,#13271);
#13270 = CARTESIAN_POINT('',(0.,0.));
#13271 = VECTOR('',#13272,1.);
#13272 = DIRECTION('',(0.,1.));
#13273 = ( GEOMETRIC_REPRESENTATION_CONTEXT(2) 
PARAMETRIC_REPRESENTATION_CONTEXT() REPRESENTATION_CONTEXT('2D SPACE',''
  ) );
#13274 = PCURVE('',#49,#13275);
#13275 = DEFINITIONAL_REPRESENTATION('',(#13276),#13281);
#13276 = B_SPLINE_CURVE_WITH_KNOTS('',3,(#13277,#13278,#13279,#13280),
  .UNSPECIFIED.,.F.,.F.,(4,4),(0.,1.),.PIECEWISE_BEZIER_KNOTS.);
#13277 = CARTESIAN_POINT('',(8.177338529052,-1.75366038645));
#13278 = CARTESIAN_POINT('',(8.123848092656,-1.879217720785));
#13279 = CARTESIAN_POINT('',(8.09154864425,-2.013754605803));
#13280 = CARTESIAN_POINT('',(8.0822071351,-2.149911159806));
#13281 = ( GEOMETRIC_REPRESENTATION_CONTEXT(2) 
PARAMETRIC_REPRESENTATION_CONTEXT() REPRESENTATION_CONTEXT('2D SPACE',''
  ) );
#13282 = ORIENTED_EDGE('',*,*,#13237,.T.);
#13283 = ORIENTED_EDGE('',*,*,#13284,.T.);
#13284 = EDGE_CURVE('',#13213,#63,#13285,.T.);
#13285 = SURFACE_CURVE('',#13286,(#13291,#13298),.PCURVE_S1.);
#13286 = B_SPLINE_CURVE_WITH_KNOTS('',3,(#13287,#13288,#13289,#13290),
  .UNSPECIFIED.,.F.,.F.,(4,4),(0.,1.),.PIECEWISE_BEZIER_KNOTS.);
#13287 = CARTESIAN_POINT('',(8.177338529052,-1.75366038645,5.));
#13288 = CARTESIAN_POINT('',(8.123848092656,-1.879217720785,5.));
#13289 = CARTESIAN_POINT('',(8.09154864425,-2.013754605803,5.));
#13290 = CARTESIAN_POINT('',(8.0822071351,-2.149911159806,5.));
#13291 = PCURVE('',#77,#13292);
#13292 = DEFINITIONAL_REPRESENTATION('',(#13293),#13297);
#13293 = LINE('',#13294,#13295);
#13294 = CARTESIAN_POINT('',(1.,0.));
#13295 = VECTOR('',#13296,1.);
#13296 = DIRECTION('',(0.,1.));
#13297 = ( GEOMETRIC_REPRESENTATION_CONTEXT(2) 
PARAMETRIC_REPRESENTATION_CONTEXT() REPRESENTATION_CONTEXT('2D SPACE',''
  ) );
#13298 = PCURVE('',#110,#13299);
#13299 = DEFINITIONAL_REPRESENTATION('',(#13300),#13305);
#13300 = B_SPLINE_CURVE_WITH_KNOTS('',3,(#13301,#13302,#13303,#13304),
  .UNSPECIFIED.,.F.,.F.,(4,4),(0.,1.),.PIECEWISE_BEZIER_KNOTS.);
#13301 = CARTESIAN_POINT('',(-8.177338529052,-1.75366038645));
#13302 = CARTESIAN_POINT('',(-8.123848092656,-1.879217720785));
#13303 = CARTESIAN_POINT('',(-8.09154864425,-2.013754605803));
#13304 = CARTESIAN_POINT('',(-8.0822071351,-2.149911159806));
#13305 = ( GEOMETRIC_REPRESENTATION_CONTEXT(2) 
PARAMETRIC_REPRESENTATION_CONTEXT() REPRESENTATION_CONTEXT('2D SPACE',''
  ) );
#13306 = ORIENTED_EDGE('',*,*,#62,.F.);
#13307 = ADVANCED_FACE('',(#13308),#49,.F.);
#13308 = FACE_BOUND('',#13309,.F.);
#13309 = EDGE_LOOP('',(#13310,#13311,#13312,#13313,#13314,#13315,#13316,
    #13317,#13318,#13319,#13320,#13321,#13322,#13323,#13324,#13325,
    #13326,#13327,#13328,#13329,#13330,#13331,#13332,#13333,#13334,
    #13335,#13336,#13337,#13338,#13339,#13340,#13341,#13342,#13343,
    #13344,#13345,#13346,#13347,#13348,#13349,#13350,#13351,#13352,
    #13353,#13354,#13355,#13356,#13357,#13358,#13359,#13360,#13361,
    #13362,#13363,#13364,#13365,#13366,#13367,#13368,#13369,#13370,
    #13371,#13372,#13373,#13374,#13375,#13376,#13377,#13378,#13379,
    #13380,#13381,#13382,#13383,#13384,#13385,#13386,#13387,#13388,
    #13389,#13390,#13391,#13392,#13393,#13394,#13395,#13396,#13397,
    #13398,#13399,#13400,#13401,#13402,#13403,#13404,#13405,#13406,
    #13407,#13408,#13409,#13410,#13411,#13412,#13413,#13414,#13415,
    #13416,#13417,#13418,#13419,#13420,#13421,#13422,#13423,#13424,
    #13425,#13426,#13427,#13428,#13429,#13430,#13431,#13432,#13433,
    #13434,#13435,#13436,#13437,#13438,#13439,#13440,#13441,#13442,
    #13443,#13444,#13445,#13446,#13447,#13448,#13449,#13450,#13451,
    #13452,#13453,#13454,#13455,#13456,#13457,#13458,#13459,#13460,
    #13461,#13462,#13463,#13464,#13465,#13466,#13467,#13468,#13469));
#13310 = ORIENTED_EDGE('',*,*,#12937,.F.);
#13311 = ORIENTED_EDGE('',*,*,#12854,.F.);
#13312 = ORIENTED_EDGE('',*,*,#12771,.F.);
#13313 = ORIENTED_EDGE('',*,*,#12688,.F.);
#13314 = ORIENTED_EDGE('',*,*,#12605,.F.);
#13315 = ORIENTED_EDGE('',*,*,#12522,.F.);
#13316 = ORIENTED_EDGE('',*,*,#12439,.F.);
#13317 = ORIENTED_EDGE('',*,*,#12356,.F.);
#13318 = ORIENTED_EDGE('',*,*,#12273,.F.);
#13319 = ORIENTED_EDGE('',*,*,#12190,.F.);
#13320 = ORIENTED_EDGE('',*,*,#12107,.F.);
#13321 = ORIENTED_EDGE('',*,*,#12024,.F.);
#13322 = ORIENTED_EDGE('',*,*,#11941,.F.);
#13323 = ORIENTED_EDGE('',*,*,#11858,.F.);
#13324 = ORIENTED_EDGE('',*,*,#11775,.F.);
#13325 = ORIENTED_EDGE('',*,*,#11692,.F.);
#13326 = ORIENTED_EDGE('',*,*,#11609,.F.);
#13327 = ORIENTED_EDGE('',*,*,#11526,.F.);
#13328 = ORIENTED_EDGE('',*,*,#11443,.F.);
#13329 = ORIENTED_EDGE('',*,*,#11360,.F.);
#13330 = ORIENTED_EDGE('',*,*,#11277,.F.);
#13331 = ORIENTED_EDGE('',*,*,#11194,.F.);
#13332 = ORIENTED_EDGE('',*,*,#11111,.F.);
#13333 = ORIENTED_EDGE('',*,*,#11028,.F.);
#13334 = ORIENTED_EDGE('',*,*,#10945,.F.);
#13335 = ORIENTED_EDGE('',*,*,#10862,.F.);
#13336 = ORIENTED_EDGE('',*,*,#10779,.F.);
#13337 = ORIENTED_EDGE('',*,*,#10696,.F.);
#13338 = ORIENTED_EDGE('',*,*,#10613,.F.);
#13339 = ORIENTED_EDGE('',*,*,#10530,.F.);
#13340 = ORIENTED_EDGE('',*,*,#10447,.F.);
#13341 = ORIENTED_EDGE('',*,*,#10364,.F.);
#13342 = ORIENTED_EDGE('',*,*,#10281,.F.);
#13343 = ORIENTED_EDGE('',*,*,#10198,.F.);
#13344 = ORIENTED_EDGE('',*,*,#10115,.F.);
#13345 = ORIENTED_EDGE('',*,*,#10032,.F.);
#13346 = ORIENTED_EDGE('',*,*,#9949,.F.);
#13347 = ORIENTED_EDGE('',*,*,#9866,.F.);
#13348 = ORIENTED_EDGE('',*,*,#9783,.F.);
#13349 = ORIENTED_EDGE('',*,*,#9700,.F.);
#13350 = ORIENTED_EDGE('',*,*,#9617,.F.);
#13351 = ORIENTED_EDGE('',*,*,#9534,.F.);
#13352 = ORIENTED_EDGE('',*,*,#9451,.F.);
#13353 = ORIENTED_EDGE('',*,*,#9368,.F.);
#13354 = ORIENTED_EDGE('',*,*,#9285,.F.);
#13355 = ORIENTED_EDGE('',*,*,#9202,.F.);
#13356 = ORIENTED_EDGE('',*,*,#9119,.F.);
#13357 = ORIENTED_EDGE('',*,*,#9036,.F.);
#13358 = ORIENTED_EDGE('',*,*,#8953,.F.);
#13359 = ORIENTED_EDGE('',*,*,#8870,.F.);
#13360 = ORIENTED_EDGE('',*,*,#8787,.F.);
#13361 = ORIENTED_EDGE('',*,*,#8704,.F.);
#13362 = ORIENTED_EDGE('',*,*,#8621,.F.);
#13363 = ORIENTED_EDGE('',*,*,#8538,.F.);
#13364 = ORIENTED_EDGE('',*,*,#8455,.F.);
#13365 = ORIENTED_EDGE('',*,*,#8372,.F.);
#13366 = ORIENTED_EDGE('',*,*,#8289,.F.);
#13367 = ORIENTED_EDGE('',*,*,#8206,.F.);
#13368 = ORIENTED_EDGE('',*,*,#8123,.F.);
#13369 = ORIENTED_EDGE('',*,*,#8040,.F.);
#13370 = ORIENTED_EDGE('',*,*,#7957,.F.);
#13371 = ORIENTED_EDGE('',*,*,#7874,.F.);
#13372 = ORIENTED_EDGE('',*,*,#7791,.F.);
#13373 = ORIENTED_EDGE('',*,*,#7708,.F.);
#13374 = ORIENTED_EDGE('',*,*,#7625,.F.);
#13375 = ORIENTED_EDGE('',*,*,#7542,.F.);
#13376 = ORIENTED_EDGE('',*,*,#7459,.F.);
#13377 = ORIENTED_EDGE('',*,*,#7376,.F.);
#13378 = ORIENTED_EDGE('',*,*,#7293,.F.);
#13379 = ORIENTED_EDGE('',*,*,#7210,.F.);
#13380 = ORIENTED_EDGE('',*,*,#7127,.F.);
#13381 = ORIENTED_EDGE('',*,*,#7044,.F.);
#13382 = ORIENTED_EDGE('',*,*,#6961,.F.);
#13383 = ORIENTED_EDGE('',*,*,#6878,.F.);
#13384 = ORIENTED_EDGE('',*,*,#6795,.F.);
#13385 = ORIENTED_EDGE('',*,*,#6712,.F.);
#13386 = ORIENTED_EDGE('',*,*,#6629,.F.);
#13387 = ORIENTED_EDGE('',*,*,#6546,.F.);
#13388 = ORIENTED_EDGE('',*,*,#6463,.F.);
#13389 = ORIENTED_EDGE('',*,*,#6380,.F.);
#13390 = ORIENTED_EDGE('',*,*,#6297,.F.);
#13391 = ORIENTED_EDGE('',*,*,#6214,.F.);
#13392 = ORIENTED_EDGE('',*,*,#6131,.F.);
#13393 = ORIENTED_EDGE('',*,*,#6048,.F.);
#13394 = ORIENTED_EDGE('',*,*,#5965,.F.);
#13395 = ORIENTED_EDGE('',*,*,#5882,.F.);
#13396 = ORIENTED_EDGE('',*,*,#5799,.F.);
#13397 = ORIENTED_EDGE('',*,*,#5716,.F.);
#13398 = ORIENTED_EDGE('',*,*,#5633,.F.);
#13399 = ORIENTED_EDGE('',*,*,#5550,.F.);
#13400 = ORIENTED_EDGE('',*,*,#5467,.F.);
#13401 = ORIENTED_EDGE('',*,*,#5384,.F.);
#13402 = ORIENTED_EDGE('',*,*,#5301,.F.);
#13403 = ORIENTED_EDGE('',*,*,#5218,.F.);
#13404 = ORIENTED_EDGE('',*,*,#5135,.F.);
#13405 = ORIENTED_EDGE('',*,*,#5052,.F.);
#13406 = ORIENTED_EDGE('',*,*,#4969,.F.);
#13407 = ORIENTED_EDGE('',*,*,#4886,.F.);
#13408 = ORIENTED_EDGE('',*,*,#4803,.F.);
#13409 = ORIENTED_EDGE('',*,*,#4720,.F.);
#13410 = ORIENTED_EDGE('',*,*,#4637,.F.);
#13411 = ORIENTED_EDGE('',*,*,#4554,.F.);
#13412 = ORIENTED_EDGE('',*,*,#4471,.F.);
#13413 = ORIENTED_EDGE('',*,*,#4388,.F.);
#13414 = ORIENTED_EDGE('',*,*,#4305,.F.);
#13415 = ORIENTED_EDGE('',*,*,#4222,.F.);
#13416 = ORIENTED_EDGE('',*,*,#4139,.F.);
#13417 = ORIENTED_EDGE('',*,*,#4056,.F.);
#13418 = ORIENTED_EDGE('',*,*,#3973,.F.);
#13419 = ORIENTED_EDGE('',*,*,#3890,.F.);
#13420 = ORIENTED_EDGE('',*,*,#3807,.F.);
#13421 = ORIENTED_EDGE('',*,*,#3724,.F.);
#13422 = ORIENTED_EDGE('',*,*,#3641,.F.);
#13423 = ORIENTED_EDGE('',*,*,#3558,.F.);
#13424 = ORIENTED_EDGE('',*,*,#3475,.F.);
#13425 = ORIENTED_EDGE('',*,*,#3392,.F.);
#13426 = ORIENTED_EDGE('',*,*,#3309,.F.);
#13427 = ORIENTED_EDGE('',*,*,#3226,.F.);
#13428 = ORIENTED_EDGE('',*,*,#3143,.F.);
#13429 = ORIENTED_EDGE('',*,*,#3060,.F.);
#13430 = ORIENTED_EDGE('',*,*,#2977,.F.);
#13431 = ORIENTED_EDGE('',*,*,#2894,.F.);
#13432 = ORIENTED_EDGE('',*,*,#2811,.F.);
#13433 = ORIENTED_EDGE('',*,*,#2728,.F.);
#13434 = ORIENTED_EDGE('',*,*,#2645,.F.);
#13435 = ORIENTED_EDGE('',*,*,#2562,.F.);
#13436 = ORIENTED_EDGE('',*,*,#2479,.F.);
#13437 = ORIENTED_EDGE('',*,*,#2396,.F.);
#13438 = ORIENTED_EDGE('',*,*,#2313,.F.);
#13439 = ORIENTED_EDGE('',*,*,#2230,.F.);
#13440 = ORIENTED_EDGE('',*,*,#2147,.F.);
#13441 = ORIENTED_EDGE('',*,*,#2064,.F.);
#13442 = ORIENTED_EDGE('',*,*,#1981,.F.);
#13443 = ORIENTED_EDGE('',*,*,#1898,.F.);
#13444 = ORIENTED_EDGE('',*,*,#1815,.F.);
#13445 = ORIENTED_EDGE('',*,*,#1732,.F.);
#13446 = ORIENTED_EDGE('',*,*,#1649,.F.);
#13447 = ORIENTED_EDGE('',*,*,#1566,.F.);
#13448 = ORIENTED_EDGE('',*,*,#1483,.F.);
#13449 = ORIENTED_EDGE('',*,*,#1400,.F.);
#13450 = ORIENTED_EDGE('',*,*,#1317,.F.);
#13451 = ORIENTED_EDGE('',*,*,#1234,.F.);
#13452 = ORIENTED_EDGE('',*,*,#1151,.F.);
#13453 = ORIENTED_EDGE('',*,*,#1068,.F.);
#13454 = ORIENTED_EDGE('',*,*,#985,.F.);
#13455 = ORIENTED_EDGE('',*,*,#902,.F.);
#13456 = ORIENTED_EDGE('',*,*,#819,.F.);
#13457 = ORIENTED_EDGE('',*,*,#736,.F.);
#13458 = ORIENTED_EDGE('',*,*,#653,.F.);
#13459 = ORIENTED_EDGE('',*,*,#570,.F.);
#13460 = ORIENTED_EDGE('',*,*,#487,.F.);
#13461 = ORIENTED_EDGE('',*,*,#404,.F.);
#13462 = ORIENTED_EDGE('',*,*,#321,.F.);
#13463 = ORIENTED_EDGE('',*,*,#238,.F.);
#13464 = ORIENTED_EDGE('',*,*,#155,.F.);
#13465 = ORIENTED_EDGE('',*,*,#21,.F.);
#13466 = ORIENTED_EDGE('',*,*,#13260,.F.);
#13467 = ORIENTED_EDGE('',*,*,#13186,.F.);
#13468 = ORIENTED_EDGE('',*,*,#13103,.F.);
#13469 = ORIENTED_EDGE('',*,*,#13020,.F.);
#13470 = ADVANCED_FACE('',(#13471),#110,.F.);
#13471 = FACE_BOUND('',#13472,.F.);
#13472 = EDGE_LOOP('',(#13473,#13474,#13475,#13476,#13477,#13478,#13479,
    #13480,#13481,#13482,#13483,#13484,#13485,#13486,#13487,#13488,
    #13489,#13490,#13491,#13492,#13493,#13494,#13495,#13496,#13497,
    #13498,#13499,#13500,#13501,#13502,#13503,#13504,#13505,#13506,
    #13507,#13508,#13509,#13510,#13511,#13512,#13513,#13514,#13515,
    #13516,#13517,#13518,#13519,#13520,#13521,#13522,#13523,#13524,
    #13525,#13526,#13527,#13528,#13529,#13530,#13531,#13532,#13533,
    #13534,#13535,#13536,#13537,#13538,#13539,#13540,#13541,#13542,
    #13543,#13544,#13545,#13546,#13547,#13548,#13549,#13550,#13551,
    #13552,#13553,#13554,#13555,#13556,#13557,#13558,#13559,#13560,
    #13561,#13562,#13563,#13564,#13565,#13566,#13567,#13568,#13569,
    #13570,#13571,#13572,#13573,#13574,#13575,#13576,#13577,#13578,
    #13579,#13580,#13581,#13582,#13583,#13584,#13585,#13586,#13587,
    #13588,#13589,#13590,#13591,#13592,#13593,#13594,#13595,#13596,
    #13597,#13598,#13599,#13600,#13601,#13602,#13603,#13604,#13605,
    #13606,#13607,#13608,#13609,#13610,#13611,#13612,#13613,#13614,
    #13615,#13616,#13617,#13618,#13619,#13620,#13621,#13622,#13623,
    #13624,#13625,#13626,#13627,#13628,#13629,#13630,#13631,#13632));
#13473 = ORIENTED_EDGE('',*,*,#13046,.T.);
#13474 = ORIENTED_EDGE('',*,*,#13129,.T.);
#13475 = ORIENTED_EDGE('',*,*,#13212,.T.);
#13476 = ORIENTED_EDGE('',*,*,#13284,.T.);
#13477 = ORIENTED_EDGE('',*,*,#93,.T.);
#13478 = ORIENTED_EDGE('',*,*,#181,.T.);
#13479 = ORIENTED_EDGE('',*,*,#264,.T.);
#13480 = ORIENTED_EDGE('',*,*,#347,.T.);
#13481 = ORIENTED_EDGE('',*,*,#430,.T.);
#13482 = ORIENTED_EDGE('',*,*,#513,.T.);
#13483 = ORIENTED_EDGE('',*,*,#596,.T.);
#13484 = ORIENTED_EDGE('',*,*,#679,.T.);
#13485 = ORIENTED_EDGE('',*,*,#762,.T.);
#13486 = ORIENTED_EDGE('',*,*,#845,.T.);
#13487 = ORIENTED_EDGE('',*,*,#928,.T.);
#13488 = ORIENTED_EDGE('',*,*,#1011,.T.);
#13489 = ORIENTED_EDGE('',*,*,#1094,.T.);
#13490 = ORIENTED_EDGE('',*,*,#1177,.T.);
#13491 = ORIENTED_EDGE('',*,*,#1260,.T.);
#13492 = ORIENTED_EDGE('',*,*,#1343,.T.);
#13493 = ORIENTED_EDGE('',*,*,#1426,.T.);
#13494 = ORIENTED_EDGE('',*,*,#1509,.T.);
#13495 = ORIENTED_EDGE('',*,*,#1592,.T.);
#13496 = ORIENTED_EDGE('',*,*,#1675,.T.);
#13497 = ORIENTED_EDGE('',*,*,#1758,.T.);
#13498 = ORIENTED_EDGE('',*,*,#1841,.T.);
#13499 = ORIENTED_EDGE('',*,*,#1924,.T.);
#13500 = ORIENTED_EDGE('',*,*,#2007,.T.);
#13501 = ORIENTED_EDGE('',*,*,#2090,.T.);
#13502 = ORIENTED_EDGE('',*,*,#2173,.T.);
#13503 = ORIENTED_EDGE('',*,*,#2256,.T.);
#13504 = ORIENTED_EDGE('',*,*,#2339,.T.);
#13505 = ORIENTED_EDGE('',*,*,#2422,.T.);
#13506 = ORIENTED_EDGE('',*,*,#2505,.T.);
#13507 = ORIENTED_EDGE('',*,*,#2588,.T.);
#13508 = ORIENTED_EDGE('',*,*,#2671,.T.);
#13509 = ORIENTED_EDGE('',*,*,#2754,.T.);
#13510 = ORIENTED_EDGE('',*,*,#2837,.T.);
#13511 = ORIENTED_EDGE('',*,*,#2920,.T.);
#13512 = ORIENTED_EDGE('',*,*,#3003,.T.);
#13513 = ORIENTED_EDGE('',*,*,#3086,.T.);
#13514 = ORIENTED_EDGE('',*,*,#3169,.T.);
#13515 = ORIENTED_EDGE('',*,*,#3252,.T.);
#13516 = ORIENTED_EDGE('',*,*,#3335,.T.);
#13517 = ORIENTED_EDGE('',*,*,#3418,.T.);
#13518 = ORIENTED_EDGE('',*,*,#3501,.T.);
#13519 = ORIENTED_EDGE('',*,*,#3584,.T.);
#13520 = ORIENTED_EDGE('',*,*,#3667,.T.);
#13521 = ORIENTED_EDGE('',*,*,#3750,.T.);
#13522 = ORIENTED_EDGE('',*,*,#3833,.T.);
#13523 = ORIENTED_EDGE('',*,*,#3916,.T.);
#13524 = ORIENTED_EDGE('',*,*,#3999,.T.);
#13525 = ORIENTED_EDGE('',*,*,#4082,.T.);
#13526 = ORIENTED_EDGE('',*,*,#4165,.T.);
#13527 = ORIENTED_EDGE('',*,*,#4248,.T.);
#13528 = ORIENTED_EDGE('',*,*,#4331,.T.);
#13529 = ORIENTED_EDGE('',*,*,#4414,.T.);
#13530 = ORIENTED_EDGE('',*,*,#4497,.T.);
#13531 = ORIENTED_EDGE('',*,*,#4580,.T.);
#13532 = ORIENTED_EDGE('',*,*,#4663,.T.);
#13533 = ORIENTED_EDGE('',*,*,#4746,.T.);
#13534 = ORIENTED_EDGE('',*,*,#4829,.T.);
#13535 = ORIENTED_EDGE('',*,*,#4912,.T.);
#13536 = ORIENTED_EDGE('',*,*,#4995,.T.);
#13537 = ORIENTED_EDGE('',*,*,#5078,.T.);
#13538 = ORIENTED_EDGE('',*,*,#5161,.T.);
#13539 = ORIENTED_EDGE('',*,*,#5244,.T.);
#13540 = ORIENTED_EDGE('',*,*,#5327,.T.);
#13541 = ORIENTED_EDGE('',*,*,#5410,.T.);
#13542 = ORIENTED_EDGE('',*,*,#5493,.T.);
#13543 = ORIENTED_EDGE('',*,*,#5576,.T.);
#13544 = ORIENTED_EDGE('',*,*,#5659,.T.);
#13545 = ORIENTED_EDGE('',*,*,#5742,.T.);
#13546 = ORIENTED_EDGE('',*,*,#5825,.T.);
#13547 = ORIENTED_EDGE('',*,*,#5908,.T.);
#13548 = ORIENTED_EDGE('',*,*,#5991,.T.);
#13549 = ORIENTED_EDGE('',*,*,#6074,.T.);
#13550 = ORIENTED_EDGE('',*,*,#6157,.T.);
#13551 = ORIENTED_EDGE('',*,*,#6240,.T.);
#13552 = ORIENTED_EDGE('',*,*,#6323,.T.);
#13553 = ORIENTED_EDGE('',*,*,#6406,.T.);
#13554 = ORIENTED_EDGE('',*,*,#6489,.T.);
#13555 = ORIENTED_EDGE('',*,*,#6572,.T.);
#13556 = ORIENTED_EDGE('',*,*,#6655,.T.);
#13557 = ORIENTED_EDGE('',*,*,#6738,.T.);
#13558 = ORIENTED_EDGE('',*,*,#6821,.T.);
#13559 = ORIENTED_EDGE('',*,*,#6904,.T.);
#13560 = ORIENTED_EDGE('',*,*,#6987,.T.);
#13561 = ORIENTED_EDGE('',*,*,#7070,.T.);
#13562 = ORIENTED_EDGE('',*,*,#7153,.T.);
#13563 = ORIENTED_EDGE('',*,*,#7236,.T.);
#13564 = ORIENTED_EDGE('',*,*,#7319,.T.);
#13565 = ORIENTED_EDGE('',*,*,#7402,.T.);
#13566 = ORIENTED_EDGE('',*,*,#7485,.T.);
#13567 = ORIENTED_EDGE('',*,*,#7568,.T.);
#13568 = ORIENTED_EDGE('',*,*,#7651,.T.);
#13569 = ORIENTED_EDGE('',*,*,#7734,.T.);
#13570 = ORIENTED_EDGE('',*,*,#7817,.T.);
#13571 = ORIENTED_EDGE('',*,*,#7900,.T.);
#13572 = ORIENTED_EDGE('',*,*,#7983,.T.);
#13573 = ORIENTED_EDGE('',*,*,#8066,.T.);
#13574 = ORIENTED_EDGE('',*,*,#8149,.T.);
#13575 = ORIENTED_EDGE('',*,*,#8232,.T.);
#13576 = ORIENTED_EDGE('',*,*,#8315,.T.);
#13577 = ORIENTED_EDGE('',*,*,#8398,.T.);
#13578 = ORIENTED_EDGE('',*,*,#8481,.T.);
#13579 = ORIENTED_EDGE('',*,*,#8564,.T.);
#13580 = ORIENTED_EDGE('',*,*,#8647,.T.);
#13581 = ORIENTED_EDGE('',*,*,#8730,.T.);
#13582 = ORIENTED_EDGE('',*,*,#8813,.T.);
#13583 = ORIENTED_EDGE('',*,*,#8896,.T.);
#13584 = ORIENTED_EDGE('',*,*,#8979,.T.);
#13585 = ORIENTED_EDGE('',*,*,#9062,.T.);
#13586 = ORIENTED_EDGE('',*,*,#9145,.T.);
#13587 = ORIENTED_EDGE('',*,*,#9228,.T.);
#13588 = ORIENTED_EDGE('',*,*,#9311,.T.);
#13589 = ORIENTED_EDGE('',*,*,#9394,.T.);
#13590 = ORIENTED_EDGE('',*,*,#9477,.T.);
#13591 = ORIENTED_EDGE('',*,*,#9560,.T.);
#13592 = ORIENTED_EDGE('',*,*,#9643,.T.);
#13593 = ORIENTED_EDGE('',*,*,#9726,.T.);
#13594 = ORIENTED_EDGE('',*,*,#9809,.T.);
#13595 = ORIENTED_EDGE('',*,*,#9892,.T.);
#13596 = ORIENTED_EDGE('',*,*,#9975,.T.);
#13597 = ORIENTED_EDGE('',*,*,#10058,.T.);
#13598 = ORIENTED_EDGE('',*,*,#10141,.T.);
#13599 = ORIENTED_EDGE('',*,*,#10224,.T.);
#13600 = ORIENTED_EDGE('',*,*,#10307,.T.);
#13601 = ORIENTED_EDGE('',*,*,#10390,.T.);
#13602 = ORIENTED_EDGE('',*,*,#10473,.T.);
#13603 = ORIENTED_EDGE('',*,*,#10556,.T.);
#13604 = ORIENTED_EDGE('',*,*,#10639,.T.);
#13605 = ORIENTED_EDGE('',*,*,#10722,.T.);
#13606 = ORIENTED_EDGE('',*,*,#10805,.T.);
#13607 = ORIENTED_EDGE('',*,*,#10888,.T.);
#13608 = ORIENTED_EDGE('',*,*,#10971,.T.);
#13609 = ORIENTED_EDGE('',*,*,#11054,.T.);
#13610 = ORIENTED_EDGE('',*,*,#11137,.T.);
#13611 = ORIENTED_EDGE('',*,*,#11220,.T.);
#13612 = ORIENTED_EDGE('',*,*,#11303,.T.);
#13613 = ORIENTED_EDGE('',*,*,#11386,.T.);
#13614 = ORIENTED_EDGE('',*,*,#11469,.T.);
#13615 = ORIENTED_EDGE('',*,*,#11552,.T.);
#13616 = ORIENTED_EDGE('',*,*,#11635,.T.);
#13617 = ORIENTED_EDGE('',*,*,#11718,.T.);
#13618 = ORIENTED_EDGE('',*,*,#11801,.T.);
#13619 = ORIENTED_EDGE('',*,*,#11884,.T.);
#13620 = ORIENTED_EDGE('',*,*,#11967,.T.);
#13621 = ORIENTED_EDGE('',*,*,#12050,.T.);
#13622 = ORIENTED_EDGE('',*,*,#12133,.T.);
#13623 = ORIENTED_EDGE('',*,*,#12216,.T.);
#13624 = ORIENTED_EDGE('',*,*,#12299,.T.);
#13625 = ORIENTED_EDGE('',*,*,#12382,.T.);
#13626 = ORIENTED_EDGE('',*,*,#12465,.T.);
#13627 = ORIENTED_EDGE('',*,*,#12548,.T.);
#13628 = ORIENTED_EDGE('',*,*,#12631,.T.);
#13629 = ORIENTED_EDGE('',*,*,#12714,.T.);
#13630 = ORIENTED_EDGE('',*,*,#12797,.T.);
#13631 = ORIENTED_EDGE('',*,*,#12880,.T.);
#13632 = ORIENTED_EDGE('',*,*,#12963,.T.);
#13633 = ( GEOMETRIC_REPRESENTATION_CONTEXT(3) 
GLOBAL_UNCERTAINTY_ASSIGNED_CONTEXT((#13637)) 
GLOBAL_UNIT_ASSIGNED_CONTEXT((#13634,#13635,#13636)) 
REPRESENTATION_CONTEXT('Context #1',
  '3D Context with UNIT and UNCERTAINTY') );
#13634 = ( LENGTH_UNIT() NAMED_UNIT(*) SI_UNIT(.MILLI.,.METRE.) );
#13635 = ( NAMED_UNIT(*) PLANE_ANGLE_UNIT() SI_UNIT($,.RADIAN.) );
#13636 = ( NAMED_UNIT(*) SI_UNIT($,.STERADIAN.) SOLID_ANGLE_UNIT() );
#13637 = UNCERTAINTY_MEASURE_WITH_UNIT(LENGTH_MEASURE(1.E-07),#13634,
  'distance_accuracy_value','confusion accuracy');
#13638 = PRODUCT_RELATED_PRODUCT_CATEGORY('part',$,(#7));
ENDSEC;
END-ISO-10303-21;
