ISO-10303-21;
HEADER;
FILE_DESCRIPTION(('Open CASCADE Model'),'2;1');
FILE_NAME('Open CASCADE Shape Model','2025-12-04T09:38:43',('Author'),(
    'Open CASCADE'),'Open CASCADE STEP processor 7.8','Open CASCADE 7.8'
  ,'Unknown');
FILE_SCHEMA(('AUTOMOTIVE_DESIGN { 1 0 10303 214 1 1 1 1 }'));
ENDSEC;
DATA;
#1 = APPLICATION_PROTOCOL_DEFINITION('international standard',
  'automotive_design',2000,#2);
#2 = APPLICATION_CONTEXT(
  'core data for automotive mechanical design processes');
#3 = SHAPE_DEFINITION_REPRESENTATION(#4,#10);
#4 = PRODUCT_DEFINITION_SHAPE('','',#5);
#5 = PRODUCT_DEFINITION('design','',#6,#9);
#6 = PRODUCT_DEFINITION_FORMATION('','',#7);
#7 = PRODUCT('Open CASCADE STEP translator 7.8 1',
  'Open CASCADE STEP translator 7.8 1','',(#8));
#8 = PRODUCT_CONTEXT('',#2,'mechanical');
#9 = PRODUCT_DEFINITION_CONTEXT('part definition',#2,'design');
#10 = ADVANCED_BREP_SHAPE_REPRESENTATION('',(#11,#15),#6917);
#11 = AXIS2_PLACEMENT_3D('',#12,#13,#14);
#12 = CARTESIAN_POINT('',(0.,0.,0.));
#13 = DIRECTION('',(0.,0.,1.));
#14 = DIRECTION('',(1.,0.,-0.));
#15 = MANIFOLD_SOLID_BREP('',#16);
#16 = CLOSED_SHELL('',(#17,#151,#2852,#2902,#4881,#4907,#4952,#4978,
    #5004,#5030,#5056,#5082,#5108,#5134,#5141,#5167,#5193,#5219,#5245,
    #5271,#5297,#5323,#5349,#5375,#5401,#5427,#5453,#5479,#5505,#5531,
    #5557,#5583,#5609,#5635,#5661,#5687,#5713,#5739,#5765,#5791,#5817,
    #5843,#5869,#5895,#5921,#5947,#5973,#5999,#6025,#6051,#6077,#6103,
    #6129,#6155,#6181,#6207,#6233,#6259,#6285,#6311,#6337,#6363,#6389,
    #6415,#6441,#6467,#6493,#6519,#6545,#6571,#6597,#6623,#6649,#6675,
    #6701,#6727,#6753,#6779,#6805,#6831,#6857,#6883,#6890));
#17 = ADVANCED_FACE('',(#18),#33,.T.);
#18 = FACE_BOUND('',#19,.T.);
#19 = EDGE_LOOP('',(#20,#61,#92,#122));
#20 = ORIENTED_EDGE('',*,*,#21,.F.);
#21 = EDGE_CURVE('',#22,#24,#26,.T.);
#22 = VERTEX_POINT('',#23);
#23 = CARTESIAN_POINT('',(3.638017277642,-2.155465210611,0.));
#24 = VERTEX_POINT('',#25);
#25 = CARTESIAN_POINT('',(4.094520461813,-2.78161862731,0.));
#26 = SURFACE_CURVE('',#27,(#32,#48),.PCURVE_S1.);
#27 = B_SPLINE_CURVE_WITH_KNOTS('',3,(#28,#29,#30,#31),.UNSPECIFIED.,.F.
  ,.F.,(4,4),(0.,1.),.PIECEWISE_BEZIER_KNOTS.);
#28 = CARTESIAN_POINT('',(3.638017277642,-2.155465210611,0.));
#29 = CARTESIAN_POINT('',(3.847911390608,-2.312667590893,0.));
#30 = CARTESIAN_POINT('',(3.984107761469,-2.548418670502,0.));
#31 = CARTESIAN_POINT('',(4.094520461813,-2.78161862731,0.));
#32 = PCURVE('',#33,#42);
#33 = B_SPLINE_SURFACE_WITH_KNOTS('',1,3,(
    (#34,#35,#36,#37)
    ,(#38,#39,#40,#41
    )),.UNSPECIFIED.,.F.,.F.,.F.,(2,2),(4,4),(0.,1.),(0.,1.),
  .PIECEWISE_BEZIER_KNOTS.);
#34 = CARTESIAN_POINT('',(3.638017277642,-2.155465210611,0.));
#35 = CARTESIAN_POINT('',(3.847911390608,-2.312667590893,0.));
#36 = CARTESIAN_POINT('',(3.984107761469,-2.548418670502,0.));
#37 = CARTESIAN_POINT('',(4.094520461813,-2.78161862731,0.));
#38 = CARTESIAN_POINT('',(3.638017277642,-2.155465210611,5.));
#39 = CARTESIAN_POINT('',(3.847911390608,-2.312667590893,5.));
#40 = CARTESIAN_POINT('',(3.984107761469,-2.548418670502,5.));
#41 = CARTESIAN_POINT('',(4.094520461813,-2.78161862731,5.));
#42 = DEFINITIONAL_REPRESENTATION('',(#43),#47);
#43 = LINE('',#44,#45);
#44 = CARTESIAN_POINT('',(0.,0.));
#45 = VECTOR('',#46,1.);
#46 = DIRECTION('',(0.,1.));
#47 = ( GEOMETRIC_REPRESENTATION_CONTEXT(2) 
PARAMETRIC_REPRESENTATION_CONTEXT() REPRESENTATION_CONTEXT('2D SPACE',''
  ) );
#48 = PCURVE('',#49,#54);
#49 = PLANE('',#50);
#50 = AXIS2_PLACEMENT_3D('',#51,#52,#53);
#51 = CARTESIAN_POINT('',(-5.66428313319E-16,2.724397050475E-16,0.));
#52 = DIRECTION('',(0.,0.,1.));
#53 = DIRECTION('',(1.,0.,-0.));
#54 = DEFINITIONAL_REPRESENTATION('',(#55),#60);
#55 = B_SPLINE_CURVE_WITH_KNOTS('',3,(#56,#57,#58,#59),.UNSPECIFIED.,.F.
  ,.F.,(4,4),(0.,1.),.PIECEWISE_BEZIER_KNOTS.);
#56 = CARTESIAN_POINT('',(3.638017277642,-2.155465210611));
#57 = CARTESIAN_POINT('',(3.847911390608,-2.312667590893));
#58 = CARTESIAN_POINT('',(3.984107761469,-2.548418670502));
#59 = CARTESIAN_POINT('',(4.094520461813,-2.78161862731));
#60 = ( GEOMETRIC_REPRESENTATION_CONTEXT(2) 
PARAMETRIC_REPRESENTATION_CONTEXT() REPRESENTATION_CONTEXT('2D SPACE',''
  ) );
#61 = ORIENTED_EDGE('',*,*,#62,.T.);
#62 = EDGE_CURVE('',#22,#63,#65,.T.);
#63 = VERTEX_POINT('',#64);
#64 = CARTESIAN_POINT('',(3.638017277642,-2.155465210611,5.));
#65 = SURFACE_CURVE('',#66,(#69,#76),.PCURVE_S1.);
#66 = B_SPLINE_CURVE_WITH_KNOTS('',1,(#67,#68),.UNSPECIFIED.,.F.,.F.,(2,
    2),(0.,1.),.PIECEWISE_BEZIER_KNOTS.);
#67 = CARTESIAN_POINT('',(3.638017277642,-2.155465210611,0.));
#68 = CARTESIAN_POINT('',(3.638017277642,-2.155465210611,5.));
#69 = PCURVE('',#33,#70);
#70 = DEFINITIONAL_REPRESENTATION('',(#71),#75);
#71 = LINE('',#72,#73);
#72 = CARTESIAN_POINT('',(0.,0.));
#73 = VECTOR('',#74,1.);
#74 = DIRECTION('',(1.,0.));
#75 = ( GEOMETRIC_REPRESENTATION_CONTEXT(2) 
PARAMETRIC_REPRESENTATION_CONTEXT() REPRESENTATION_CONTEXT('2D SPACE',''
  ) );
#76 = PCURVE('',#77,#86);
#77 = B_SPLINE_SURFACE_WITH_KNOTS('',1,3,(
    (#78,#79,#80,#81)
    ,(#82,#83,#84,#85
    )),.UNSPECIFIED.,.F.,.F.,.F.,(2,2),(4,4),(0.,1.),(0.,1.),
  .PIECEWISE_BEZIER_KNOTS.);
#78 = CARTESIAN_POINT('',(3.882180889552,-1.676267140816,0.));
#79 = CARTESIAN_POINT('',(3.565119176888,-1.488069218828,0.));
#80 = CARTESIAN_POINT('',(3.299397761678,-2.009576859857,0.));
#81 = CARTESIAN_POINT('',(3.638017277642,-2.155465210611,0.));
#82 = CARTESIAN_POINT('',(3.882180889552,-1.676267140816,5.));
#83 = CARTESIAN_POINT('',(3.565119176888,-1.488069218828,5.));
#84 = CARTESIAN_POINT('',(3.299397761678,-2.009576859857,5.));
#85 = CARTESIAN_POINT('',(3.638017277642,-2.155465210611,5.));
#86 = DEFINITIONAL_REPRESENTATION('',(#87),#91);
#87 = LINE('',#88,#89);
#88 = CARTESIAN_POINT('',(0.,1.));
#89 = VECTOR('',#90,1.);
#90 = DIRECTION('',(1.,0.));
#91 = ( GEOMETRIC_REPRESENTATION_CONTEXT(2) 
PARAMETRIC_REPRESENTATION_CONTEXT() REPRESENTATION_CONTEXT('2D SPACE',''
  ) );
#92 = ORIENTED_EDGE('',*,*,#93,.T.);
#93 = EDGE_CURVE('',#63,#94,#96,.T.);
#94 = VERTEX_POINT('',#95);
#95 = CARTESIAN_POINT('',(4.094520461813,-2.78161862731,5.));
#96 = SURFACE_CURVE('',#97,(#102,#109),.PCURVE_S1.);
#97 = B_SPLINE_CURVE_WITH_KNOTS('',3,(#98,#99,#100,#101),.UNSPECIFIED.,
  .F.,.F.,(4,4),(0.,1.),.PIECEWISE_BEZIER_KNOTS.);
#98 = CARTESIAN_POINT('',(3.638017277642,-2.155465210611,5.));
#99 = CARTESIAN_POINT('',(3.847911390608,-2.312667590893,5.));
#100 = CARTESIAN_POINT('',(3.984107761469,-2.548418670502,5.));
#101 = CARTESIAN_POINT('',(4.094520461813,-2.78161862731,5.));
#102 = PCURVE('',#33,#103);
#103 = DEFINITIONAL_REPRESENTATION('',(#104),#108);
#104 = LINE('',#105,#106);
#105 = CARTESIAN_POINT('',(1.,0.));
#106 = VECTOR('',#107,1.);
#107 = DIRECTION('',(0.,1.));
#108 = ( GEOMETRIC_REPRESENTATION_CONTEXT(2) 
PARAMETRIC_REPRESENTATION_CONTEXT() REPRESENTATION_CONTEXT('2D SPACE',''
  ) );
#109 = PCURVE('',#110,#115);
#110 = PLANE('',#111);
#111 = AXIS2_PLACEMENT_3D('',#112,#113,#114);
#112 = CARTESIAN_POINT('',(-3.027107833861E-16,8.988971059193E-16,5.));
#113 = DIRECTION('',(-0.,-0.,-1.));
#114 = DIRECTION('',(-1.,0.,0.));
#115 = DEFINITIONAL_REPRESENTATION('',(#116),#121);
#116 = B_SPLINE_CURVE_WITH_KNOTS('',3,(#117,#118,#119,#120),
  .UNSPECIFIED.,.F.,.F.,(4,4),(0.,1.),.PIECEWISE_BEZIER_KNOTS.);
#117 = CARTESIAN_POINT('',(-3.638017277642,-2.155465210611));
#118 = CARTESIAN_POINT('',(-3.847911390608,-2.312667590893));
#119 = CARTESIAN_POINT('',(-3.984107761469,-2.548418670502));
#120 = CARTESIAN_POINT('',(-4.094520461813,-2.78161862731));
#121 = ( GEOMETRIC_REPRESENTATION_CONTEXT(2) 
PARAMETRIC_REPRESENTATION_CONTEXT() REPRESENTATION_CONTEXT('2D SPACE',''
  ) );
#122 = ORIENTED_EDGE('',*,*,#123,.F.);
#123 = EDGE_CURVE('',#24,#94,#124,.T.);
#124 = SURFACE_CURVE('',#125,(#128,#135),.PCURVE_S1.);
#125 = B_SPLINE_CURVE_WITH_KNOTS('',1,(#126,#127),.UNSPECIFIED.,.F.,.F.,
  (2,2),(0.,1.),.PIECEWISE_BEZIER_KNOTS.);
#126 = CARTESIAN_POINT('',(4.094520461813,-2.78161862731,0.));
#127 = CARTESIAN_POINT('',(4.094520461813,-2.78161862731,5.));
#128 = PCURVE('',#33,#129);
#129 = DEFINITIONAL_REPRESENTATION('',(#130),#134);
#130 = LINE('',#131,#132);
#131 = CARTESIAN_POINT('',(0.,1.));
#132 = VECTOR('',#133,1.);
#133 = DIRECTION('',(1.,0.));
#134 = ( GEOMETRIC_REPRESENTATION_CONTEXT(2) 
PARAMETRIC_REPRESENTATION_CONTEXT() REPRESENTATION_CONTEXT('2D SPACE',''
  ) );
#135 = PCURVE('',#136,#145);
#136 = B_SPLINE_SURFACE_WITH_KNOTS('',1,3,(
    (#137,#138,#139,#140)
    ,(#141,#142,#143,#144
    )),.UNSPECIFIED.,.F.,.F.,.F.,(2,2),(4,4),(0.,1.),(0.,1.),
  .PIECEWISE_BEZIER_KNOTS.);
#137 = CARTESIAN_POINT('',(4.094520461813,-2.78161862731,0.));
#138 = CARTESIAN_POINT('',(4.035948193476,-2.867836956976,0.));
#139 = CARTESIAN_POINT('',(3.974651605805,-2.952204472033,0.));
#140 = CARTESIAN_POINT('',(3.910752927867,-3.034552938602,0.));
#141 = CARTESIAN_POINT('',(4.094520461813,-2.78161862731,5.));
#142 = CARTESIAN_POINT('',(4.035948193476,-2.867836956976,5.));
#143 = CARTESIAN_POINT('',(3.974651605805,-2.952204472033,5.));
#144 = CARTESIAN_POINT('',(3.910752927867,-3.034552938602,5.));
#145 = DEFINITIONAL_REPRESENTATION('',(#146),#150);
#146 = LINE('',#147,#148);
#147 = CARTESIAN_POINT('',(0.,0.));
#148 = VECTOR('',#149,1.);
#149 = DIRECTION('',(1.,0.));
#150 = ( GEOMETRIC_REPRESENTATION_CONTEXT(2) 
PARAMETRIC_REPRESENTATION_CONTEXT() REPRESENTATION_CONTEXT('2D SPACE',''
  ) );
#151 = ADVANCED_FACE('',(#152,#2821),#49,.F.);
#152 = FACE_BOUND('',#153,.F.);
#153 = EDGE_LOOP('',(#154,#190,#224,#258,#292,#326,#360,#394,#428,#462,
    #496,#530,#564,#598,#632,#666,#700,#734,#768,#802,#836,#870,#904,
    #938,#972,#1006,#1040,#1074,#1108,#1142,#1176,#1210,#1244,#1278,
    #1312,#1346,#1380,#1414,#1448,#1482,#1516,#1550,#1584,#1618,#1652,
    #1686,#1720,#1754,#1788,#1822,#1856,#1890,#1924,#1958,#1992,#2026,
    #2060,#2094,#2128,#2162,#2196,#2230,#2264,#2298,#2332,#2366,#2400,
    #2434,#2468,#2502,#2536,#2570,#2604,#2638,#2661,#2662,#2687,#2721,
    #2755,#2789));
#154 = ORIENTED_EDGE('',*,*,#155,.F.);
#155 = EDGE_CURVE('',#156,#158,#160,.T.);
#156 = VERTEX_POINT('',#157);
#157 = CARTESIAN_POINT('',(4.947531044057,-0.156322001299,0.));
#158 = VERTEX_POINT('',#159);
#159 = CARTESIAN_POINT('',(4.210168466069,-0.394564917215,0.));
#160 = SURFACE_CURVE('',#161,(#166,#174),.PCURVE_S1.);
#161 = B_SPLINE_CURVE_WITH_KNOTS('',3,(#162,#163,#164,#165),
  .UNSPECIFIED.,.F.,.F.,(4,4),(0.,1.),.PIECEWISE_BEZIER_KNOTS.);
#162 = CARTESIAN_POINT('',(4.947531044057,-0.156322001299,0.));
#163 = CARTESIAN_POINT('',(4.721133797638,-0.280085772517,0.));
#164 = CARTESIAN_POINT('',(4.472377611232,-0.390758184155,0.));
#165 = CARTESIAN_POINT('',(4.210168466069,-0.394564917215,0.));
#166 = PCURVE('',#49,#167);
#167 = DEFINITIONAL_REPRESENTATION('',(#168),#173);
#168 = B_SPLINE_CURVE_WITH_KNOTS('',3,(#169,#170,#171,#172),
  .UNSPECIFIED.,.F.,.F.,(4,4),(0.,1.),.PIECEWISE_BEZIER_KNOTS.);
#169 = CARTESIAN_POINT('',(4.947531044057,-0.156322001299));
#170 = CARTESIAN_POINT('',(4.721133797638,-0.280085772517));
#171 = CARTESIAN_POINT('',(4.472377611232,-0.390758184155));
#172 = CARTESIAN_POINT('',(4.210168466069,-0.394564917215));
#173 = ( GEOMETRIC_REPRESENTATION_CONTEXT(2) 
PARAMETRIC_REPRESENTATION_CONTEXT() REPRESENTATION_CONTEXT('2D SPACE',''
  ) );
#174 = PCURVE('',#175,#184);
#175 = B_SPLINE_SURFACE_WITH_KNOTS('',1,3,(
    (#176,#177,#178,#179)
    ,(#180,#181,#182,#183
    )),.UNSPECIFIED.,.F.,.F.,.F.,(2,2),(4,4),(0.,1.),(0.,1.),
  .PIECEWISE_BEZIER_KNOTS.);
#176 = CARTESIAN_POINT('',(4.947531044057,-0.156322001299,0.));
#177 = CARTESIAN_POINT('',(4.721133797638,-0.280085772517,0.));
#178 = CARTESIAN_POINT('',(4.472377611232,-0.390758184155,0.));
#179 = CARTESIAN_POINT('',(4.210168466069,-0.394564917215,0.));
#180 = CARTESIAN_POINT('',(4.947531044057,-0.156322001299,5.));
#181 = CARTESIAN_POINT('',(4.721133797638,-0.280085772517,5.));
#182 = CARTESIAN_POINT('',(4.472377611232,-0.390758184155,5.));
#183 = CARTESIAN_POINT('',(4.210168466069,-0.394564917215,5.));
#184 = DEFINITIONAL_REPRESENTATION('',(#185),#189);
#185 = LINE('',#186,#187);
#186 = CARTESIAN_POINT('',(0.,0.));
#187 = VECTOR('',#188,1.);
#188 = DIRECTION('',(0.,1.));
#189 = ( GEOMETRIC_REPRESENTATION_CONTEXT(2) 
PARAMETRIC_REPRESENTATION_CONTEXT() REPRESENTATION_CONTEXT('2D SPACE',''
  ) );
#190 = ORIENTED_EDGE('',*,*,#191,.F.);
#191 = EDGE_CURVE('',#192,#156,#194,.T.);
#192 = VERTEX_POINT('',#193);
#193 = CARTESIAN_POINT('',(4.947531044057,0.156322001299,0.));
#194 = SURFACE_CURVE('',#195,(#200,#208),.PCURVE_S1.);
#195 = B_SPLINE_CURVE_WITH_KNOTS('',3,(#196,#197,#198,#199),
  .UNSPECIFIED.,.F.,.F.,(4,4),(0.,1.),.PIECEWISE_BEZIER_KNOTS.);
#196 = CARTESIAN_POINT('',(4.947531044057,0.156322001299,0.));
#197 = CARTESIAN_POINT('',(4.950822946229,5.21419918516E-02,0.));
#198 = CARTESIAN_POINT('',(4.950822946229,-5.21419918516E-02,0.));
#199 = CARTESIAN_POINT('',(4.947531044057,-0.156322001299,0.));
#200 = PCURVE('',#49,#201);
#201 = DEFINITIONAL_REPRESENTATION('',(#202),#207);
#202 = B_SPLINE_CURVE_WITH_KNOTS('',3,(#203,#204,#205,#206),
  .UNSPECIFIED.,.F.,.F.,(4,4),(0.,1.),.PIECEWISE_BEZIER_KNOTS.);
#203 = CARTESIAN_POINT('',(4.947531044057,0.156322001299));
#204 = CARTESIAN_POINT('',(4.950822946229,5.21419918516E-02));
#205 = CARTESIAN_POINT('',(4.950822946229,-5.21419918516E-02));
#206 = CARTESIAN_POINT('',(4.947531044057,-0.156322001299));
#207 = ( GEOMETRIC_REPRESENTATION_CONTEXT(2) 
PARAMETRIC_REPRESENTATION_CONTEXT() REPRESENTATION_CONTEXT('2D SPACE',''
  ) );
#208 = PCURVE('',#209,#218);
#209 = B_SPLINE_SURFACE_WITH_KNOTS('',1,3,(
    (#210,#211,#212,#213)
    ,(#214,#215,#216,#217
    )),.UNSPECIFIED.,.F.,.F.,.F.,(2,2),(4,4),(0.,1.),(0.,1.),
  .PIECEWISE_BEZIER_KNOTS.);
#210 = CARTESIAN_POINT('',(4.947531044057,0.156322001299,0.));
#211 = CARTESIAN_POINT('',(4.950822946229,5.21419918516E-02,0.));
#212 = CARTESIAN_POINT('',(4.950822946229,-5.21419918516E-02,0.));
#213 = CARTESIAN_POINT('',(4.947531044057,-0.156322001299,0.));
#214 = CARTESIAN_POINT('',(4.947531044057,0.156322001299,5.));
#215 = CARTESIAN_POINT('',(4.950822946229,5.21419918516E-02,5.));
#216 = CARTESIAN_POINT('',(4.950822946229,-5.21419918516E-02,5.));
#217 = CARTESIAN_POINT('',(4.947531044057,-0.156322001299,5.));
#218 = DEFINITIONAL_REPRESENTATION('',(#219),#223);
#219 = LINE('',#220,#221);
#220 = CARTESIAN_POINT('',(0.,0.));
#221 = VECTOR('',#222,1.);
#222 = DIRECTION('',(0.,1.));
#223 = ( GEOMETRIC_REPRESENTATION_CONTEXT(2) 
PARAMETRIC_REPRESENTATION_CONTEXT() REPRESENTATION_CONTEXT('2D SPACE',''
  ) );
#224 = ORIENTED_EDGE('',*,*,#225,.F.);
#225 = EDGE_CURVE('',#226,#192,#228,.T.);
#226 = VERTEX_POINT('',#227);
#227 = CARTESIAN_POINT('',(4.210168466069,0.394564917215,0.));
#228 = SURFACE_CURVE('',#229,(#234,#242),.PCURVE_S1.);
#229 = B_SPLINE_CURVE_WITH_KNOTS('',3,(#230,#231,#232,#233),
  .UNSPECIFIED.,.F.,.F.,(4,4),(0.,1.),.PIECEWISE_BEZIER_KNOTS.);
#230 = CARTESIAN_POINT('',(4.210168466069,0.394564917215,0.));
#231 = CARTESIAN_POINT('',(4.472377611232,0.390758184155,0.));
#232 = CARTESIAN_POINT('',(4.721133797638,0.280085772517,0.));
#233 = CARTESIAN_POINT('',(4.947531044057,0.156322001299,0.));
#234 = PCURVE('',#49,#235);
#235 = DEFINITIONAL_REPRESENTATION('',(#236),#241);
#236 = B_SPLINE_CURVE_WITH_KNOTS('',3,(#237,#238,#239,#240),
  .UNSPECIFIED.,.F.,.F.,(4,4),(0.,1.),.PIECEWISE_BEZIER_KNOTS.);
#237 = CARTESIAN_POINT('',(4.210168466069,0.394564917215));
#238 = CARTESIAN_POINT('',(4.472377611232,0.390758184155));
#239 = CARTESIAN_POINT('',(4.721133797638,0.280085772517));
#240 = CARTESIAN_POINT('',(4.947531044057,0.156322001299));
#241 = ( GEOMETRIC_REPRESENTATION_CONTEXT(2) 
PARAMETRIC_REPRESENTATION_CONTEXT() REPRESENTATION_CONTEXT('2D SPACE',''
  ) );
#242 = PCURVE('',#243,#252);
#243 = B_SPLINE_SURFACE_WITH_KNOTS('',1,3,(
    (#244,#245,#246,#247)
    ,(#248,#249,#250,#251
    )),.UNSPECIFIED.,.F.,.F.,.F.,(2,2),(4,4),(0.,1.),(0.,1.),
  .PIECEWISE_BEZIER_KNOTS.);
#244 = CARTESIAN_POINT('',(4.210168466069,0.394564917215,0.));
#245 = CARTESIAN_POINT('',(4.472377611232,0.390758184155,0.));
#246 = CARTESIAN_POINT('',(4.721133797638,0.280085772517,0.));
#247 = CARTESIAN_POINT('',(4.947531044057,0.156322001299,0.));
#248 = CARTESIAN_POINT('',(4.210168466069,0.394564917215,5.));
#249 = CARTESIAN_POINT('',(4.472377611232,0.390758184155,5.));
#250 = CARTESIAN_POINT('',(4.721133797638,0.280085772517,5.));
#251 = CARTESIAN_POINT('',(4.947531044057,0.156322001299,5.));
#252 = DEFINITIONAL_REPRESENTATION('',(#253),#257);
#253 = LINE('',#254,#255);
#254 = CARTESIAN_POINT('',(0.,0.));
#255 = VECTOR('',#256,1.);
#256 = DIRECTION('',(0.,1.));
#257 = ( GEOMETRIC_REPRESENTATION_CONTEXT(2) 
PARAMETRIC_REPRESENTATION_CONTEXT() REPRESENTATION_CONTEXT('2D SPACE',''
  ) );
#258 = ORIENTED_EDGE('',*,*,#259,.F.);
#259 = EDGE_CURVE('',#260,#226,#262,.T.);
#260 = VERTEX_POINT('',#261);
#261 = CARTESIAN_POINT('',(4.126035419159,0.925760069578,0.));
#262 = SURFACE_CURVE('',#263,(#268,#276),.PCURVE_S1.);
#263 = B_SPLINE_CURVE_WITH_KNOTS('',3,(#264,#265,#266,#267),
  .UNSPECIFIED.,.F.,.F.,(4,4),(0.,1.),.PIECEWISE_BEZIER_KNOTS.);
#264 = CARTESIAN_POINT('',(4.126035419159,0.925760069578,0.));
#265 = CARTESIAN_POINT('',(3.758907142292,0.891651188002,0.));
#266 = CARTESIAN_POINT('',(3.850468501973,0.313555514634,0.));
#267 = CARTESIAN_POINT('',(4.210168466069,0.394564917215,0.));
#268 = PCURVE('',#49,#269);
#269 = DEFINITIONAL_REPRESENTATION('',(#270),#275);
#270 = B_SPLINE_CURVE_WITH_KNOTS('',3,(#271,#272,#273,#274),
  .UNSPECIFIED.,.F.,.F.,(4,4),(0.,1.),.PIECEWISE_BEZIER_KNOTS.);
#271 = CARTESIAN_POINT('',(4.126035419159,0.925760069578));
#272 = CARTESIAN_POINT('',(3.758907142292,0.891651188002));
#273 = CARTESIAN_POINT('',(3.850468501973,0.313555514634));
#274 = CARTESIAN_POINT('',(4.210168466069,0.394564917215));
#275 = ( GEOMETRIC_REPRESENTATION_CONTEXT(2) 
PARAMETRIC_REPRESENTATION_CONTEXT() REPRESENTATION_CONTEXT('2D SPACE',''
  ) );
#276 = PCURVE('',#277,#286);
#277 = B_SPLINE_SURFACE_WITH_KNOTS('',1,3,(
    (#278,#279,#280,#281)
    ,(#282,#283,#284,#285
    )),.UNSPECIFIED.,.F.,.F.,.F.,(2,2),(4,4),(0.,1.),(0.,1.),
  .PIECEWISE_BEZIER_KNOTS.);
#278 = CARTESIAN_POINT('',(4.126035419159,0.925760069578,0.));
#279 = CARTESIAN_POINT('',(3.758907142292,0.891651188002,0.));
#280 = CARTESIAN_POINT('',(3.850468501973,0.313555514634,0.));
#281 = CARTESIAN_POINT('',(4.210168466069,0.394564917215,0.));
#282 = CARTESIAN_POINT('',(4.126035419159,0.925760069578,5.));
#283 = CARTESIAN_POINT('',(3.758907142292,0.891651188002,5.));
#284 = CARTESIAN_POINT('',(3.850468501973,0.313555514634,5.));
#285 = CARTESIAN_POINT('',(4.210168466069,0.394564917215,5.));
#286 = DEFINITIONAL_REPRESENTATION('',(#287),#291);
#287 = LINE('',#288,#289);
#288 = CARTESIAN_POINT('',(0.,0.));
#289 = VECTOR('',#290,1.);
#290 = DIRECTION('',(0.,1.));
#291 = ( GEOMETRIC_REPRESENTATION_CONTEXT(2) 
PARAMETRIC_REPRESENTATION_CONTEXT() REPRESENTATION_CONTEXT('2D SPACE',''
  ) );
#292 = ORIENTED_EDGE('',*,*,#293,.F.);
#293 = EDGE_CURVE('',#294,#260,#296,.T.);
#294 = VERTEX_POINT('',#295);
#295 = CARTESIAN_POINT('',(4.753687794019,1.380200114835,0.));
#296 = SURFACE_CURVE('',#297,(#302,#310),.PCURVE_S1.);
#297 = B_SPLINE_CURVE_WITH_KNOTS('',3,(#298,#299,#300,#301),
  .UNSPECIFIED.,.F.,.F.,(4,4),(0.,1.),.PIECEWISE_BEZIER_KNOTS.);
#298 = CARTESIAN_POINT('',(4.753687794019,1.380200114835,0.));
#299 = CARTESIAN_POINT('',(4.576616326135,1.192533177114,0.));
#300 = CARTESIAN_POINT('',(4.37423479009,1.010407569796,0.));
#301 = CARTESIAN_POINT('',(4.126035419159,0.925760069578,0.));
#302 = PCURVE('',#49,#303);
#303 = DEFINITIONAL_REPRESENTATION('',(#304),#309);
#304 = B_SPLINE_CURVE_WITH_KNOTS('',3,(#305,#306,#307,#308),
  .UNSPECIFIED.,.F.,.F.,(4,4),(0.,1.),.PIECEWISE_BEZIER_KNOTS.);
#305 = CARTESIAN_POINT('',(4.753687794019,1.380200114835));
#306 = CARTESIAN_POINT('',(4.576616326135,1.192533177114));
#307 = CARTESIAN_POINT('',(4.37423479009,1.010407569796));
#308 = CARTESIAN_POINT('',(4.126035419159,0.925760069578));
#309 = ( GEOMETRIC_REPRESENTATION_CONTEXT(2) 
PARAMETRIC_REPRESENTATION_CONTEXT() REPRESENTATION_CONTEXT('2D SPACE',''
  ) );
#310 = PCURVE('',#311,#320);
#311 = B_SPLINE_SURFACE_WITH_KNOTS('',1,3,(
    (#312,#313,#314,#315)
    ,(#316,#317,#318,#319
    )),.UNSPECIFIED.,.F.,.F.,.F.,(2,2),(4,4),(0.,1.),(0.,1.),
  .PIECEWISE_BEZIER_KNOTS.);
#312 = CARTESIAN_POINT('',(4.753687794019,1.380200114835,0.));
#313 = CARTESIAN_POINT('',(4.576616326135,1.192533177114,0.));
#314 = CARTESIAN_POINT('',(4.37423479009,1.010407569796,0.));
#315 = CARTESIAN_POINT('',(4.126035419159,0.925760069578,0.));
#316 = CARTESIAN_POINT('',(4.753687794019,1.380200114835,5.));
#317 = CARTESIAN_POINT('',(4.576616326135,1.192533177114,5.));
#318 = CARTESIAN_POINT('',(4.37423479009,1.010407569796,5.));
#319 = CARTESIAN_POINT('',(4.126035419159,0.925760069578,5.));
#320 = DEFINITIONAL_REPRESENTATION('',(#321),#325);
#321 = LINE('',#322,#323);
#322 = CARTESIAN_POINT('',(0.,0.));
#323 = VECTOR('',#324,1.);
#324 = DIRECTION('',(0.,1.));
#325 = ( GEOMETRIC_REPRESENTATION_CONTEXT(2) 
PARAMETRIC_REPRESENTATION_CONTEXT() REPRESENTATION_CONTEXT('2D SPACE',''
  ) );
#326 = ORIENTED_EDGE('',*,*,#327,.F.);
#327 = EDGE_CURVE('',#328,#294,#330,.T.);
#328 = VERTEX_POINT('',#329);
#329 = CARTESIAN_POINT('',(4.657075484027,1.677542230787,0.));
#330 = SURFACE_CURVE('',#331,(#336,#344),.PCURVE_S1.);
#331 = B_SPLINE_CURVE_WITH_KNOTS('',3,(#332,#333,#334,#335),
  .UNSPECIFIED.,.F.,.F.,(4,4),(0.,1.),.PIECEWISE_BEZIER_KNOTS.);
#332 = CARTESIAN_POINT('',(4.657075484027,1.677542230787,0.));
#333 = CARTESIAN_POINT('',(4.692399662432,1.579478407649,0.));
#334 = CARTESIAN_POINT('',(4.724625185637,1.480298445403,0.));
#335 = CARTESIAN_POINT('',(4.753687794019,1.380200114835,0.));
#336 = PCURVE('',#49,#337);
#337 = DEFINITIONAL_REPRESENTATION('',(#338),#343);
#338 = B_SPLINE_CURVE_WITH_KNOTS('',3,(#339,#340,#341,#342),
  .UNSPECIFIED.,.F.,.F.,(4,4),(0.,1.),.PIECEWISE_BEZIER_KNOTS.);
#339 = CARTESIAN_POINT('',(4.657075484027,1.677542230787));
#340 = CARTESIAN_POINT('',(4.692399662432,1.579478407649));
#341 = CARTESIAN_POINT('',(4.724625185637,1.480298445403));
#342 = CARTESIAN_POINT('',(4.753687794019,1.380200114835));
#343 = ( GEOMETRIC_REPRESENTATION_CONTEXT(2) 
PARAMETRIC_REPRESENTATION_CONTEXT() REPRESENTATION_CONTEXT('2D SPACE',''
  ) );
#344 = PCURVE('',#345,#354);
#345 = B_SPLINE_SURFACE_WITH_KNOTS('',1,3,(
    (#346,#347,#348,#349)
    ,(#350,#351,#352,#353
    )),.UNSPECIFIED.,.F.,.F.,.F.,(2,2),(4,4),(0.,1.),(0.,1.),
  .PIECEWISE_BEZIER_KNOTS.);
#346 = CARTESIAN_POINT('',(4.657075484027,1.677542230787,0.));
#347 = CARTESIAN_POINT('',(4.692399662432,1.579478407649,0.));
#348 = CARTESIAN_POINT('',(4.724625185637,1.480298445403,0.));
#349 = CARTESIAN_POINT('',(4.753687794019,1.380200114835,0.));
#350 = CARTESIAN_POINT('',(4.657075484027,1.677542230787,5.));
#351 = CARTESIAN_POINT('',(4.692399662432,1.579478407649,5.));
#352 = CARTESIAN_POINT('',(4.724625185637,1.480298445403,5.));
#353 = CARTESIAN_POINT('',(4.753687794019,1.380200114835,5.));
#354 = DEFINITIONAL_REPRESENTATION('',(#355),#359);
#355 = LINE('',#356,#357);
#356 = CARTESIAN_POINT('',(0.,0.));
#357 = VECTOR('',#358,1.);
#358 = DIRECTION('',(0.,1.));
#359 = ( GEOMETRIC_REPRESENTATION_CONTEXT(2) 
PARAMETRIC_REPRESENTATION_CONTEXT() REPRESENTATION_CONTEXT('2D SPACE',''
  ) );
#360 = ORIENTED_EDGE('',*,*,#361,.F.);
#361 = EDGE_CURVE('',#362,#328,#364,.T.);
#362 = VERTEX_POINT('',#363);
#363 = CARTESIAN_POINT('',(3.882180889552,1.676267140816,0.));
#364 = SURFACE_CURVE('',#365,(#370,#378),.PCURVE_S1.);
#365 = B_SPLINE_CURVE_WITH_KNOTS('',3,(#366,#367,#368,#369),
  .UNSPECIFIED.,.F.,.F.,(4,4),(0.,1.),.PIECEWISE_BEZIER_KNOTS.);
#366 = CARTESIAN_POINT('',(3.882180889552,1.676267140816,0.));
#367 = CARTESIAN_POINT('',(4.1327329509,1.753673804469,0.));
#368 = CARTESIAN_POINT('',(4.403513798954,1.725287975262,0.));
#369 = CARTESIAN_POINT('',(4.657075484027,1.677542230787,0.));
#370 = PCURVE('',#49,#371);
#371 = DEFINITIONAL_REPRESENTATION('',(#372),#377);
#372 = B_SPLINE_CURVE_WITH_KNOTS('',3,(#373,#374,#375,#376),
  .UNSPECIFIED.,.F.,.F.,(4,4),(0.,1.),.PIECEWISE_BEZIER_KNOTS.);
#373 = CARTESIAN_POINT('',(3.882180889552,1.676267140816));
#374 = CARTESIAN_POINT('',(4.1327329509,1.753673804469));
#375 = CARTESIAN_POINT('',(4.403513798954,1.725287975262));
#376 = CARTESIAN_POINT('',(4.657075484027,1.677542230787));
#377 = ( GEOMETRIC_REPRESENTATION_CONTEXT(2) 
PARAMETRIC_REPRESENTATION_CONTEXT() REPRESENTATION_CONTEXT('2D SPACE',''
  ) );
#378 = PCURVE('',#379,#388);
#379 = B_SPLINE_SURFACE_WITH_KNOTS('',1,3,(
    (#380,#381,#382,#383)
    ,(#384,#385,#386,#387
    )),.UNSPECIFIED.,.F.,.F.,.F.,(2,2),(4,4),(0.,1.),(0.,1.),
  .PIECEWISE_BEZIER_KNOTS.);
#380 = CARTESIAN_POINT('',(3.882180889552,1.676267140816,0.));
#381 = CARTESIAN_POINT('',(4.1327329509,1.753673804469,0.));
#382 = CARTESIAN_POINT('',(4.403513798954,1.725287975262,0.));
#383 = CARTESIAN_POINT('',(4.657075484027,1.677542230787,0.));
#384 = CARTESIAN_POINT('',(3.882180889552,1.676267140816,5.));
#385 = CARTESIAN_POINT('',(4.1327329509,1.753673804469,5.));
#386 = CARTESIAN_POINT('',(4.403513798954,1.725287975262,5.));
#387 = CARTESIAN_POINT('',(4.657075484027,1.677542230787,5.));
#388 = DEFINITIONAL_REPRESENTATION('',(#389),#393);
#389 = LINE('',#390,#391);
#390 = CARTESIAN_POINT('',(0.,0.));
#391 = VECTOR('',#392,1.);
#392 = DIRECTION('',(0.,1.));
#393 = ( GEOMETRIC_REPRESENTATION_CONTEXT(2) 
PARAMETRIC_REPRESENTATION_CONTEXT() REPRESENTATION_CONTEXT('2D SPACE',''
  ) );
#394 = ORIENTED_EDGE('',*,*,#395,.F.);
#395 = EDGE_CURVE('',#396,#362,#398,.T.);
#396 = VERTEX_POINT('',#397);
#397 = CARTESIAN_POINT('',(3.638017277642,2.155465210611,0.));
#398 = SURFACE_CURVE('',#399,(#404,#412),.PCURVE_S1.);
#399 = B_SPLINE_CURVE_WITH_KNOTS('',3,(#400,#401,#402,#403),
  .UNSPECIFIED.,.F.,.F.,(4,4),(0.,1.),.PIECEWISE_BEZIER_KNOTS.);
#400 = CARTESIAN_POINT('',(3.638017277642,2.155465210611,0.));
#401 = CARTESIAN_POINT('',(3.299397761678,2.009576859857,0.));
#402 = CARTESIAN_POINT('',(3.565119176888,1.488069218828,0.));
#403 = CARTESIAN_POINT('',(3.882180889552,1.676267140816,0.));
#404 = PCURVE('',#49,#405);
#405 = DEFINITIONAL_REPRESENTATION('',(#406),#411);
#406 = B_SPLINE_CURVE_WITH_KNOTS('',3,(#407,#408,#409,#410),
  .UNSPECIFIED.,.F.,.F.,(4,4),(0.,1.),.PIECEWISE_BEZIER_KNOTS.);
#407 = CARTESIAN_POINT('',(3.638017277642,2.155465210611));
#408 = CARTESIAN_POINT('',(3.299397761678,2.009576859857));
#409 = CARTESIAN_POINT('',(3.565119176888,1.488069218828));
#410 = CARTESIAN_POINT('',(3.882180889552,1.676267140816));
#411 = ( GEOMETRIC_REPRESENTATION_CONTEXT(2) 
PARAMETRIC_REPRESENTATION_CONTEXT() REPRESENTATION_CONTEXT('2D SPACE',''
  ) );
#412 = PCURVE('',#413,#422);
#413 = B_SPLINE_SURFACE_WITH_KNOTS('',1,3,(
    (#414,#415,#416,#417)
    ,(#418,#419,#420,#421
    )),.UNSPECIFIED.,.F.,.F.,.F.,(2,2),(4,4),(0.,1.),(0.,1.),
  .PIECEWISE_BEZIER_KNOTS.);
#414 = CARTESIAN_POINT('',(3.638017277642,2.155465210611,0.));
#415 = CARTESIAN_POINT('',(3.299397761678,2.009576859857,0.));
#416 = CARTESIAN_POINT('',(3.565119176888,1.488069218828,0.));
#417 = CARTESIAN_POINT('',(3.882180889552,1.676267140816,0.));
#418 = CARTESIAN_POINT('',(3.638017277642,2.155465210611,5.));
#419 = CARTESIAN_POINT('',(3.299397761678,2.009576859857,5.));
#420 = CARTESIAN_POINT('',(3.565119176888,1.488069218828,5.));
#421 = CARTESIAN_POINT('',(3.882180889552,1.676267140816,5.));
#422 = DEFINITIONAL_REPRESENTATION('',(#423),#427);
#423 = LINE('',#424,#425);
#424 = CARTESIAN_POINT('',(0.,0.));
#425 = VECTOR('',#426,1.);
#426 = DIRECTION('',(0.,1.));
#427 = ( GEOMETRIC_REPRESENTATION_CONTEXT(2) 
PARAMETRIC_REPRESENTATION_CONTEXT() REPRESENTATION_CONTEXT('2D SPACE',''
  ) );
#428 = ORIENTED_EDGE('',*,*,#429,.F.);
#429 = EDGE_CURVE('',#430,#396,#432,.T.);
#430 = VERTEX_POINT('',#431);
#431 = CARTESIAN_POINT('',(4.094520461813,2.78161862731,0.));
#432 = SURFACE_CURVE('',#433,(#438,#446),.PCURVE_S1.);
#433 = B_SPLINE_CURVE_WITH_KNOTS('',3,(#434,#435,#436,#437),
  .UNSPECIFIED.,.F.,.F.,(4,4),(0.,1.),.PIECEWISE_BEZIER_KNOTS.);
#434 = CARTESIAN_POINT('',(4.094520461813,2.78161862731,0.));
#435 = CARTESIAN_POINT('',(3.984107761469,2.548418670502,0.));
#436 = CARTESIAN_POINT('',(3.847911390608,2.312667590893,0.));
#437 = CARTESIAN_POINT('',(3.638017277642,2.155465210611,0.));
#438 = PCURVE('',#49,#439);
#439 = DEFINITIONAL_REPRESENTATION('',(#440),#445);
#440 = B_SPLINE_CURVE_WITH_KNOTS('',3,(#441,#442,#443,#444),
  .UNSPECIFIED.,.F.,.F.,(4,4),(0.,1.),.PIECEWISE_BEZIER_KNOTS.);
#441 = CARTESIAN_POINT('',(4.094520461813,2.78161862731));
#442 = CARTESIAN_POINT('',(3.984107761469,2.548418670502));
#443 = CARTESIAN_POINT('',(3.847911390608,2.312667590893));
#444 = CARTESIAN_POINT('',(3.638017277642,2.155465210611));
#445 = ( GEOMETRIC_REPRESENTATION_CONTEXT(2) 
PARAMETRIC_REPRESENTATION_CONTEXT() REPRESENTATION_CONTEXT('2D SPACE',''
  ) );
#446 = PCURVE('',#447,#456);
#447 = B_SPLINE_SURFACE_WITH_KNOTS('',1,3,(
    (#448,#449,#450,#451)
    ,(#452,#453,#454,#455
    )),.UNSPECIFIED.,.F.,.F.,.F.,(2,2),(4,4),(0.,1.),(0.,1.),
  .PIECEWISE_BEZIER_KNOTS.);
#448 = CARTESIAN_POINT('',(4.094520461813,2.78161862731,0.));
#449 = CARTESIAN_POINT('',(3.984107761469,2.548418670502,0.));
#450 = CARTESIAN_POINT('',(3.847911390608,2.312667590893,0.));
#451 = CARTESIAN_POINT('',(3.638017277642,2.155465210611,0.));
#452 = CARTESIAN_POINT('',(4.094520461813,2.78161862731,5.));
#453 = CARTESIAN_POINT('',(3.984107761469,2.548418670502,5.));
#454 = CARTESIAN_POINT('',(3.847911390608,2.312667590893,5.));
#455 = CARTESIAN_POINT('',(3.638017277642,2.155465210611,5.));
#456 = DEFINITIONAL_REPRESENTATION('',(#457),#461);
#457 = LINE('',#458,#459);
#458 = CARTESIAN_POINT('',(0.,0.));
#459 = VECTOR('',#460,1.);
#460 = DIRECTION('',(0.,1.));
#461 = ( GEOMETRIC_REPRESENTATION_CONTEXT(2) 
PARAMETRIC_REPRESENTATION_CONTEXT() REPRESENTATION_CONTEXT('2D SPACE',''
  ) );
#462 = ORIENTED_EDGE('',*,*,#463,.F.);
#463 = EDGE_CURVE('',#464,#430,#466,.T.);
#464 = VERTEX_POINT('',#465);
#465 = CARTESIAN_POINT('',(3.910752927867,3.034552938602,0.));
#466 = SURFACE_CURVE('',#467,(#472,#480),.PCURVE_S1.);
#467 = B_SPLINE_CURVE_WITH_KNOTS('',3,(#468,#469,#470,#471),
  .UNSPECIFIED.,.F.,.F.,(4,4),(0.,1.),.PIECEWISE_BEZIER_KNOTS.);
#468 = CARTESIAN_POINT('',(3.910752927867,3.034552938602,0.));
#469 = CARTESIAN_POINT('',(3.974651605805,2.952204472033,0.));
#470 = CARTESIAN_POINT('',(4.035948193476,2.867836956976,0.));
#471 = CARTESIAN_POINT('',(4.094520461813,2.78161862731,0.));
#472 = PCURVE('',#49,#473);
#473 = DEFINITIONAL_REPRESENTATION('',(#474),#479);
#474 = B_SPLINE_CURVE_WITH_KNOTS('',3,(#475,#476,#477,#478),
  .UNSPECIFIED.,.F.,.F.,(4,4),(0.,1.),.PIECEWISE_BEZIER_KNOTS.);
#475 = CARTESIAN_POINT('',(3.910752927867,3.034552938602));
#476 = CARTESIAN_POINT('',(3.974651605805,2.952204472033));
#477 = CARTESIAN_POINT('',(4.035948193476,2.867836956976));
#478 = CARTESIAN_POINT('',(4.094520461813,2.78161862731));
#479 = ( GEOMETRIC_REPRESENTATION_CONTEXT(2) 
PARAMETRIC_REPRESENTATION_CONTEXT() REPRESENTATION_CONTEXT('2D SPACE',''
  ) );
#480 = PCURVE('',#481,#490);
#481 = B_SPLINE_SURFACE_WITH_KNOTS('',1,3,(
    (#482,#483,#484,#485)
    ,(#486,#487,#488,#489
    )),.UNSPECIFIED.,.F.,.F.,.F.,(2,2),(4,4),(0.,1.),(0.,1.),
  .PIECEWISE_BEZIER_KNOTS.);
#482 = CARTESIAN_POINT('',(3.910752927867,3.034552938602,0.));
#483 = CARTESIAN_POINT('',(3.974651605805,2.952204472033,0.));
#484 = CARTESIAN_POINT('',(4.035948193476,2.867836956976,0.));
#485 = CARTESIAN_POINT('',(4.094520461813,2.78161862731,0.));
#486 = CARTESIAN_POINT('',(3.910752927867,3.034552938602,5.));
#487 = CARTESIAN_POINT('',(3.974651605805,2.952204472033,5.));
#488 = CARTESIAN_POINT('',(4.035948193476,2.867836956976,5.));
#489 = CARTESIAN_POINT('',(4.094520461813,2.78161862731,5.));
#490 = DEFINITIONAL_REPRESENTATION('',(#491),#495);
#491 = LINE('',#492,#493);
#492 = CARTESIAN_POINT('',(0.,0.));
#493 = VECTOR('',#494,1.);
#494 = DIRECTION('',(0.,1.));
#495 = ( GEOMETRIC_REPRESENTATION_CONTEXT(2) 
PARAMETRIC_REPRESENTATION_CONTEXT() REPRESENTATION_CONTEXT('2D SPACE',''
  ) );
#496 = ORIENTED_EDGE('',*,*,#497,.F.);
#497 = EDGE_CURVE('',#498,#464,#500,.T.);
#498 = VERTEX_POINT('',#499);
#499 = CARTESIAN_POINT('',(3.174178398821,2.793884657433,0.));
#500 = SURFACE_CURVE('',#501,(#506,#514),.PCURVE_S1.);
#501 = B_SPLINE_CURVE_WITH_KNOTS('',3,(#502,#503,#504,#505),
  .UNSPECIFIED.,.F.,.F.,(4,4),(0.,1.),.PIECEWISE_BEZIER_KNOTS.);
#502 = CARTESIAN_POINT('',(3.174178398821,2.793884657433,0.));
#503 = CARTESIAN_POINT('',(3.38854759489,2.944927614238,0.));
#504 = CARTESIAN_POINT('',(3.654847188544,3.0016069702,0.));
#505 = CARTESIAN_POINT('',(3.910752927867,3.034552938602,0.));
#506 = PCURVE('',#49,#507);
#507 = DEFINITIONAL_REPRESENTATION('',(#508),#513);
#508 = B_SPLINE_CURVE_WITH_KNOTS('',3,(#509,#510,#511,#512),
  .UNSPECIFIED.,.F.,.F.,(4,4),(0.,1.),.PIECEWISE_BEZIER_KNOTS.);
#509 = CARTESIAN_POINT('',(3.174178398821,2.793884657433));
#510 = CARTESIAN_POINT('',(3.38854759489,2.944927614238));
#511 = CARTESIAN_POINT('',(3.654847188544,3.0016069702));
#512 = CARTESIAN_POINT('',(3.910752927867,3.034552938602));
#513 = ( GEOMETRIC_REPRESENTATION_CONTEXT(2) 
PARAMETRIC_REPRESENTATION_CONTEXT() REPRESENTATION_CONTEXT('2D SPACE',''
  ) );
#514 = PCURVE('',#515,#524);
#515 = B_SPLINE_SURFACE_WITH_KNOTS('',1,3,(
    (#516,#517,#518,#519)
    ,(#520,#521,#522,#523
    )),.UNSPECIFIED.,.F.,.F.,.F.,(2,2),(4,4),(0.,1.),(0.,1.),
  .PIECEWISE_BEZIER_KNOTS.);
#516 = CARTESIAN_POINT('',(3.174178398821,2.793884657433,0.));
#517 = CARTESIAN_POINT('',(3.38854759489,2.944927614238,0.));
#518 = CARTESIAN_POINT('',(3.654847188544,3.0016069702,0.));
#519 = CARTESIAN_POINT('',(3.910752927867,3.034552938602,0.));
#520 = CARTESIAN_POINT('',(3.174178398821,2.793884657433,5.));
#521 = CARTESIAN_POINT('',(3.38854759489,2.944927614238,5.));
#522 = CARTESIAN_POINT('',(3.654847188544,3.0016069702,5.));
#523 = CARTESIAN_POINT('',(3.910752927867,3.034552938602,5.));
#524 = DEFINITIONAL_REPRESENTATION('',(#525),#529);
#525 = LINE('',#526,#527);
#526 = CARTESIAN_POINT('',(0.,0.));
#527 = VECTOR('',#528,1.);
#528 = DIRECTION('',(0.,1.));
#529 = ( GEOMETRIC_REPRESENTATION_CONTEXT(2) 
PARAMETRIC_REPRESENTATION_CONTEXT() REPRESENTATION_CONTEXT('2D SPACE',''
  ) );
#530 = ORIENTED_EDGE('',*,*,#531,.F.);
#531 = EDGE_CURVE('',#532,#498,#534,.T.);
#532 = VERTEX_POINT('',#533);
#533 = CARTESIAN_POINT('',(2.793884657433,3.174178398821,0.));
#534 = SURFACE_CURVE('',#535,(#540,#548),.PCURVE_S1.);
#535 = B_SPLINE_CURVE_WITH_KNOTS('',3,(#536,#537,#538,#539),
  .UNSPECIFIED.,.F.,.F.,(4,4),(0.,1.),.PIECEWISE_BEZIER_KNOTS.);
#536 = CARTESIAN_POINT('',(2.793884657433,3.174178398821,0.));
#537 = CARTESIAN_POINT('',(2.516920339895,2.930791147124,0.));
#538 = CARTESIAN_POINT('',(2.930791147124,2.516920339895,0.));
#539 = CARTESIAN_POINT('',(3.174178398821,2.793884657433,0.));
#540 = PCURVE('',#49,#541);
#541 = DEFINITIONAL_REPRESENTATION('',(#542),#547);
#542 = B_SPLINE_CURVE_WITH_KNOTS('',3,(#543,#544,#545,#546),
  .UNSPECIFIED.,.F.,.F.,(4,4),(0.,1.),.PIECEWISE_BEZIER_KNOTS.);
#543 = CARTESIAN_POINT('',(2.793884657433,3.174178398821));
#544 = CARTESIAN_POINT('',(2.516920339895,2.930791147124));
#545 = CARTESIAN_POINT('',(2.930791147124,2.516920339895));
#546 = CARTESIAN_POINT('',(3.174178398821,2.793884657433));
#547 = ( GEOMETRIC_REPRESENTATION_CONTEXT(2) 
PARAMETRIC_REPRESENTATION_CONTEXT() REPRESENTATION_CONTEXT('2D SPACE',''
  ) );
#548 = PCURVE('',#549,#558);
#549 = B_SPLINE_SURFACE_WITH_KNOTS('',1,3,(
    (#550,#551,#552,#553)
    ,(#554,#555,#556,#557
    )),.UNSPECIFIED.,.F.,.F.,.F.,(2,2),(4,4),(0.,1.),(0.,1.),
  .PIECEWISE_BEZIER_KNOTS.);
#550 = CARTESIAN_POINT('',(2.793884657433,3.174178398821,0.));
#551 = CARTESIAN_POINT('',(2.516920339895,2.930791147124,0.));
#552 = CARTESIAN_POINT('',(2.930791147124,2.516920339895,0.));
#553 = CARTESIAN_POINT('',(3.174178398821,2.793884657433,0.));
#554 = CARTESIAN_POINT('',(2.793884657433,3.174178398821,5.));
#555 = CARTESIAN_POINT('',(2.516920339895,2.930791147124,5.));
#556 = CARTESIAN_POINT('',(2.930791147124,2.516920339895,5.));
#557 = CARTESIAN_POINT('',(3.174178398821,2.793884657433,5.));
#558 = DEFINITIONAL_REPRESENTATION('',(#559),#563);
#559 = LINE('',#560,#561);
#560 = CARTESIAN_POINT('',(0.,0.));
#561 = VECTOR('',#562,1.);
#562 = DIRECTION('',(0.,1.));
#563 = ( GEOMETRIC_REPRESENTATION_CONTEXT(2) 
PARAMETRIC_REPRESENTATION_CONTEXT() REPRESENTATION_CONTEXT('2D SPACE',''
  ) );
#564 = ORIENTED_EDGE('',*,*,#565,.F.);
#565 = EDGE_CURVE('',#566,#532,#568,.T.);
#566 = VERTEX_POINT('',#567);
#567 = CARTESIAN_POINT('',(3.034552938602,3.910752927867,0.));
#568 = SURFACE_CURVE('',#569,(#574,#582),.PCURVE_S1.);
#569 = B_SPLINE_CURVE_WITH_KNOTS('',3,(#570,#571,#572,#573),
  .UNSPECIFIED.,.F.,.F.,(4,4),(0.,1.),.PIECEWISE_BEZIER_KNOTS.);
#570 = CARTESIAN_POINT('',(3.034552938602,3.910752927867,0.));
#571 = CARTESIAN_POINT('',(3.0016069702,3.654847188544,0.));
#572 = CARTESIAN_POINT('',(2.944927614238,3.38854759489,0.));
#573 = CARTESIAN_POINT('',(2.793884657433,3.174178398821,0.));
#574 = PCURVE('',#49,#575);
#575 = DEFINITIONAL_REPRESENTATION('',(#576),#581);
#576 = B_SPLINE_CURVE_WITH_KNOTS('',3,(#577,#578,#579,#580),
  .UNSPECIFIED.,.F.,.F.,(4,4),(0.,1.),.PIECEWISE_BEZIER_KNOTS.);
#577 = CARTESIAN_POINT('',(3.034552938602,3.910752927867));
#578 = CARTESIAN_POINT('',(3.0016069702,3.654847188544));
#579 = CARTESIAN_POINT('',(2.944927614238,3.38854759489));
#580 = CARTESIAN_POINT('',(2.793884657433,3.174178398821));
#581 = ( GEOMETRIC_REPRESENTATION_CONTEXT(2) 
PARAMETRIC_REPRESENTATION_CONTEXT() REPRESENTATION_CONTEXT('2D SPACE',''
  ) );
#582 = PCURVE('',#583,#592);
#583 = B_SPLINE_SURFACE_WITH_KNOTS('',1,3,(
    (#584,#585,#586,#587)
    ,(#588,#589,#590,#591
    )),.UNSPECIFIED.,.F.,.F.,.F.,(2,2),(4,4),(0.,1.),(0.,1.),
  .PIECEWISE_BEZIER_KNOTS.);
#584 = CARTESIAN_POINT('',(3.034552938602,3.910752927867,0.));
#585 = CARTESIAN_POINT('',(3.0016069702,3.654847188544,0.));
#586 = CARTESIAN_POINT('',(2.944927614238,3.38854759489,0.));
#587 = CARTESIAN_POINT('',(2.793884657433,3.174178398821,0.));
#588 = CARTESIAN_POINT('',(3.034552938602,3.910752927867,5.));
#589 = CARTESIAN_POINT('',(3.0016069702,3.654847188544,5.));
#590 = CARTESIAN_POINT('',(2.944927614238,3.38854759489,5.));
#591 = CARTESIAN_POINT('',(2.793884657433,3.174178398821,5.));
#592 = DEFINITIONAL_REPRESENTATION('',(#593),#597);
#593 = LINE('',#594,#595);
#594 = CARTESIAN_POINT('',(0.,0.));
#595 = VECTOR('',#596,1.);
#596 = DIRECTION('',(0.,1.));
#597 = ( GEOMETRIC_REPRESENTATION_CONTEXT(2) 
PARAMETRIC_REPRESENTATION_CONTEXT() REPRESENTATION_CONTEXT('2D SPACE',''
  ) );
#598 = ORIENTED_EDGE('',*,*,#599,.F.);
#599 = EDGE_CURVE('',#600,#566,#602,.T.);
#600 = VERTEX_POINT('',#601);
#601 = CARTESIAN_POINT('',(2.78161862731,4.094520461813,0.));
#602 = SURFACE_CURVE('',#603,(#608,#616),.PCURVE_S1.);
#603 = B_SPLINE_CURVE_WITH_KNOTS('',3,(#604,#605,#606,#607),
  .UNSPECIFIED.,.F.,.F.,(4,4),(0.,1.),.PIECEWISE_BEZIER_KNOTS.);
#604 = CARTESIAN_POINT('',(2.78161862731,4.094520461813,0.));
#605 = CARTESIAN_POINT('',(2.867836956976,4.035948193476,0.));
#606 = CARTESIAN_POINT('',(2.952204472033,3.974651605805,0.));
#607 = CARTESIAN_POINT('',(3.034552938602,3.910752927867,0.));
#608 = PCURVE('',#49,#609);
#609 = DEFINITIONAL_REPRESENTATION('',(#610),#615);
#610 = B_SPLINE_CURVE_WITH_KNOTS('',3,(#611,#612,#613,#614),
  .UNSPECIFIED.,.F.,.F.,(4,4),(0.,1.),.PIECEWISE_BEZIER_KNOTS.);
#611 = CARTESIAN_POINT('',(2.78161862731,4.094520461813));
#612 = CARTESIAN_POINT('',(2.867836956976,4.035948193476));
#613 = CARTESIAN_POINT('',(2.952204472033,3.974651605805));
#614 = CARTESIAN_POINT('',(3.034552938602,3.910752927867));
#615 = ( GEOMETRIC_REPRESENTATION_CONTEXT(2) 
PARAMETRIC_REPRESENTATION_CONTEXT() REPRESENTATION_CONTEXT('2D SPACE',''
  ) );
#616 = PCURVE('',#617,#626);
#617 = B_SPLINE_SURFACE_WITH_KNOTS('',1,3,(
    (#618,#619,#620,#621)
    ,(#622,#623,#624,#625
    )),.UNSPECIFIED.,.F.,.F.,.F.,(2,2),(4,4),(0.,1.),(0.,1.),
  .PIECEWISE_BEZIER_KNOTS.);
#618 = CARTESIAN_POINT('',(2.78161862731,4.094520461813,0.));
#619 = CARTESIAN_POINT('',(2.867836956976,4.035948193476,0.));
#620 = CARTESIAN_POINT('',(2.952204472033,3.974651605805,0.));
#621 = CARTESIAN_POINT('',(3.034552938602,3.910752927867,0.));
#622 = CARTESIAN_POINT('',(2.78161862731,4.094520461813,5.));
#623 = CARTESIAN_POINT('',(2.867836956976,4.035948193476,5.));
#624 = CARTESIAN_POINT('',(2.952204472033,3.974651605805,5.));
#625 = CARTESIAN_POINT('',(3.034552938602,3.910752927867,5.));
#626 = DEFINITIONAL_REPRESENTATION('',(#627),#631);
#627 = LINE('',#628,#629);
#628 = CARTESIAN_POINT('',(0.,0.));
#629 = VECTOR('',#630,1.);
#630 = DIRECTION('',(0.,1.));
#631 = ( GEOMETRIC_REPRESENTATION_CONTEXT(2) 
PARAMETRIC_REPRESENTATION_CONTEXT() REPRESENTATION_CONTEXT('2D SPACE',''
  ) );
#632 = ORIENTED_EDGE('',*,*,#633,.F.);
#633 = EDGE_CURVE('',#634,#600,#636,.T.);
#634 = VERTEX_POINT('',#635);
#635 = CARTESIAN_POINT('',(2.155465210611,3.638017277642,0.));
#636 = SURFACE_CURVE('',#637,(#642,#650),.PCURVE_S1.);
#637 = B_SPLINE_CURVE_WITH_KNOTS('',3,(#638,#639,#640,#641),
  .UNSPECIFIED.,.F.,.F.,(4,4),(0.,1.),.PIECEWISE_BEZIER_KNOTS.);
#638 = CARTESIAN_POINT('',(2.155465210611,3.638017277642,0.));
#639 = CARTESIAN_POINT('',(2.312667590893,3.847911390608,0.));
#640 = CARTESIAN_POINT('',(2.548418670502,3.984107761469,0.));
#641 = CARTESIAN_POINT('',(2.78161862731,4.094520461813,0.));
#642 = PCURVE('',#49,#643);
#643 = DEFINITIONAL_REPRESENTATION('',(#644),#649);
#644 = B_SPLINE_CURVE_WITH_KNOTS('',3,(#645,#646,#647,#648),
  .UNSPECIFIED.,.F.,.F.,(4,4),(0.,1.),.PIECEWISE_BEZIER_KNOTS.);
#645 = CARTESIAN_POINT('',(2.155465210611,3.638017277642));
#646 = CARTESIAN_POINT('',(2.312667590893,3.847911390608));
#647 = CARTESIAN_POINT('',(2.548418670502,3.984107761469));
#648 = CARTESIAN_POINT('',(2.78161862731,4.094520461813));
#649 = ( GEOMETRIC_REPRESENTATION_CONTEXT(2) 
PARAMETRIC_REPRESENTATION_CONTEXT() REPRESENTATION_CONTEXT('2D SPACE',''
  ) );
#650 = PCURVE('',#651,#660);
#651 = B_SPLINE_SURFACE_WITH_KNOTS('',1,3,(
    (#652,#653,#654,#655)
    ,(#656,#657,#658,#659
    )),.UNSPECIFIED.,.F.,.F.,.F.,(2,2),(4,4),(0.,1.),(0.,1.),
  .PIECEWISE_BEZIER_KNOTS.);
#652 = CARTESIAN_POINT('',(2.155465210611,3.638017277642,0.));
#653 = CARTESIAN_POINT('',(2.312667590893,3.847911390608,0.));
#654 = CARTESIAN_POINT('',(2.548418670502,3.984107761469,0.));
#655 = CARTESIAN_POINT('',(2.78161862731,4.094520461813,0.));
#656 = CARTESIAN_POINT('',(2.155465210611,3.638017277642,5.));
#657 = CARTESIAN_POINT('',(2.312667590893,3.847911390608,5.));
#658 = CARTESIAN_POINT('',(2.548418670502,3.984107761469,5.));
#659 = CARTESIAN_POINT('',(2.78161862731,4.094520461813,5.));
#660 = DEFINITIONAL_REPRESENTATION('',(#661),#665);
#661 = LINE('',#662,#663);
#662 = CARTESIAN_POINT('',(0.,0.));
#663 = VECTOR('',#664,1.);
#664 = DIRECTION('',(0.,1.));
#665 = ( GEOMETRIC_REPRESENTATION_CONTEXT(2) 
PARAMETRIC_REPRESENTATION_CONTEXT() REPRESENTATION_CONTEXT('2D SPACE',''
  ) );
#666 = ORIENTED_EDGE('',*,*,#667,.F.);
#667 = EDGE_CURVE('',#668,#634,#670,.T.);
#668 = VERTEX_POINT('',#669);
#669 = CARTESIAN_POINT('',(1.676267140816,3.882180889552,0.));
#670 = SURFACE_CURVE('',#671,(#676,#684),.PCURVE_S1.);
#671 = B_SPLINE_CURVE_WITH_KNOTS('',3,(#672,#673,#674,#675),
  .UNSPECIFIED.,.F.,.F.,(4,4),(0.,1.),.PIECEWISE_BEZIER_KNOTS.);
#672 = CARTESIAN_POINT('',(1.676267140816,3.882180889552,0.));
#673 = CARTESIAN_POINT('',(1.488069218828,3.565119176888,0.));
#674 = CARTESIAN_POINT('',(2.009576859857,3.299397761678,0.));
#675 = CARTESIAN_POINT('',(2.155465210611,3.638017277642,0.));
#676 = PCURVE('',#49,#677);
#677 = DEFINITIONAL_REPRESENTATION('',(#678),#683);
#678 = B_SPLINE_CURVE_WITH_KNOTS('',3,(#679,#680,#681,#682),
  .UNSPECIFIED.,.F.,.F.,(4,4),(0.,1.),.PIECEWISE_BEZIER_KNOTS.);
#679 = CARTESIAN_POINT('',(1.676267140816,3.882180889552));
#680 = CARTESIAN_POINT('',(1.488069218828,3.565119176888));
#681 = CARTESIAN_POINT('',(2.009576859857,3.299397761678));
#682 = CARTESIAN_POINT('',(2.155465210611,3.638017277642));
#683 = ( GEOMETRIC_REPRESENTATION_CONTEXT(2) 
PARAMETRIC_REPRESENTATION_CONTEXT() REPRESENTATION_CONTEXT('2D SPACE',''
  ) );
#684 = PCURVE('',#685,#694);
#685 = B_SPLINE_SURFACE_WITH_KNOTS('',1,3,(
    (#686,#687,#688,#689)
    ,(#690,#691,#692,#693
    )),.UNSPECIFIED.,.F.,.F.,.F.,(2,2),(4,4),(0.,1.),(0.,1.),
  .PIECEWISE_BEZIER_KNOTS.);
#686 = CARTESIAN_POINT('',(1.676267140816,3.882180889552,0.));
#687 = CARTESIAN_POINT('',(1.488069218828,3.565119176888,0.));
#688 = CARTESIAN_POINT('',(2.009576859857,3.299397761678,0.));
#689 = CARTESIAN_POINT('',(2.155465210611,3.638017277642,0.));
#690 = CARTESIAN_POINT('',(1.676267140816,3.882180889552,5.));
#691 = CARTESIAN_POINT('',(1.488069218828,3.565119176888,5.));
#692 = CARTESIAN_POINT('',(2.009576859857,3.299397761678,5.));
#693 = CARTESIAN_POINT('',(2.155465210611,3.638017277642,5.));
#694 = DEFINITIONAL_REPRESENTATION('',(#695),#699);
#695 = LINE('',#696,#697);
#696 = CARTESIAN_POINT('',(0.,0.));
#697 = VECTOR('',#698,1.);
#698 = DIRECTION('',(0.,1.));
#699 = ( GEOMETRIC_REPRESENTATION_CONTEXT(2) 
PARAMETRIC_REPRESENTATION_CONTEXT() REPRESENTATION_CONTEXT('2D SPACE',''
  ) );
#700 = ORIENTED_EDGE('',*,*,#701,.F.);
#701 = EDGE_CURVE('',#702,#668,#704,.T.);
#702 = VERTEX_POINT('',#703);
#703 = CARTESIAN_POINT('',(1.677542230787,4.657075484027,0.));
#704 = SURFACE_CURVE('',#705,(#710,#718),.PCURVE_S1.);
#705 = B_SPLINE_CURVE_WITH_KNOTS('',3,(#706,#707,#708,#709),
  .UNSPECIFIED.,.F.,.F.,(4,4),(0.,1.),.PIECEWISE_BEZIER_KNOTS.);
#706 = CARTESIAN_POINT('',(1.677542230787,4.657075484027,0.));
#707 = CARTESIAN_POINT('',(1.725287975262,4.403513798954,0.));
#708 = CARTESIAN_POINT('',(1.753673804469,4.1327329509,0.));
#709 = CARTESIAN_POINT('',(1.676267140816,3.882180889552,0.));
#710 = PCURVE('',#49,#711);
#711 = DEFINITIONAL_REPRESENTATION('',(#712),#717);
#712 = B_SPLINE_CURVE_WITH_KNOTS('',3,(#713,#714,#715,#716),
  .UNSPECIFIED.,.F.,.F.,(4,4),(0.,1.),.PIECEWISE_BEZIER_KNOTS.);
#713 = CARTESIAN_POINT('',(1.677542230787,4.657075484027));
#714 = CARTESIAN_POINT('',(1.725287975262,4.403513798954));
#715 = CARTESIAN_POINT('',(1.753673804469,4.1327329509));
#716 = CARTESIAN_POINT('',(1.676267140816,3.882180889552));
#717 = ( GEOMETRIC_REPRESENTATION_CONTEXT(2) 
PARAMETRIC_REPRESENTATION_CONTEXT() REPRESENTATION_CONTEXT('2D SPACE',''
  ) );
#718 = PCURVE('',#719,#728);
#719 = B_SPLINE_SURFACE_WITH_KNOTS('',1,3,(
    (#720,#721,#722,#723)
    ,(#724,#725,#726,#727
    )),.UNSPECIFIED.,.F.,.F.,.F.,(2,2),(4,4),(0.,1.),(0.,1.),
  .PIECEWISE_BEZIER_KNOTS.);
#720 = CARTESIAN_POINT('',(1.677542230787,4.657075484027,0.));
#721 = CARTESIAN_POINT('',(1.725287975262,4.403513798954,0.));
#722 = CARTESIAN_POINT('',(1.753673804469,4.1327329509,0.));
#723 = CARTESIAN_POINT('',(1.676267140816,3.882180889552,0.));
#724 = CARTESIAN_POINT('',(1.677542230787,4.657075484027,5.));
#725 = CARTESIAN_POINT('',(1.725287975262,4.403513798954,5.));
#726 = CARTESIAN_POINT('',(1.753673804469,4.1327329509,5.));
#727 = CARTESIAN_POINT('',(1.676267140816,3.882180889552,5.));
#728 = DEFINITIONAL_REPRESENTATION('',(#729),#733);
#729 = LINE('',#730,#731);
#730 = CARTESIAN_POINT('',(0.,0.));
#731 = VECTOR('',#732,1.);
#732 = DIRECTION('',(0.,1.));
#733 = ( GEOMETRIC_REPRESENTATION_CONTEXT(2) 
PARAMETRIC_REPRESENTATION_CONTEXT() REPRESENTATION_CONTEXT('2D SPACE',''
  ) );
#734 = ORIENTED_EDGE('',*,*,#735,.F.);
#735 = EDGE_CURVE('',#736,#702,#738,.T.);
#736 = VERTEX_POINT('',#737);
#737 = CARTESIAN_POINT('',(1.380200114835,4.753687794019,0.));
#738 = SURFACE_CURVE('',#739,(#744,#752),.PCURVE_S1.);
#739 = B_SPLINE_CURVE_WITH_KNOTS('',3,(#740,#741,#742,#743),
  .UNSPECIFIED.,.F.,.F.,(4,4),(0.,1.),.PIECEWISE_BEZIER_KNOTS.);
#740 = CARTESIAN_POINT('',(1.380200114835,4.753687794019,0.));
#741 = CARTESIAN_POINT('',(1.480298445403,4.724625185637,0.));
#742 = CARTESIAN_POINT('',(1.579478407649,4.692399662432,0.));
#743 = CARTESIAN_POINT('',(1.677542230787,4.657075484027,0.));
#744 = PCURVE('',#49,#745);
#745 = DEFINITIONAL_REPRESENTATION('',(#746),#751);
#746 = B_SPLINE_CURVE_WITH_KNOTS('',3,(#747,#748,#749,#750),
  .UNSPECIFIED.,.F.,.F.,(4,4),(0.,1.),.PIECEWISE_BEZIER_KNOTS.);
#747 = CARTESIAN_POINT('',(1.380200114835,4.753687794019));
#748 = CARTESIAN_POINT('',(1.480298445403,4.724625185637));
#749 = CARTESIAN_POINT('',(1.579478407649,4.692399662432));
#750 = CARTESIAN_POINT('',(1.677542230787,4.657075484027));
#751 = ( GEOMETRIC_REPRESENTATION_CONTEXT(2) 
PARAMETRIC_REPRESENTATION_CONTEXT() REPRESENTATION_CONTEXT('2D SPACE',''
  ) );
#752 = PCURVE('',#753,#762);
#753 = B_SPLINE_SURFACE_WITH_KNOTS('',1,3,(
    (#754,#755,#756,#757)
    ,(#758,#759,#760,#761
    )),.UNSPECIFIED.,.F.,.F.,.F.,(2,2),(4,4),(0.,1.),(0.,1.),
  .PIECEWISE_BEZIER_KNOTS.);
#754 = CARTESIAN_POINT('',(1.380200114835,4.753687794019,0.));
#755 = CARTESIAN_POINT('',(1.480298445403,4.724625185637,0.));
#756 = CARTESIAN_POINT('',(1.579478407649,4.692399662432,0.));
#757 = CARTESIAN_POINT('',(1.677542230787,4.657075484027,0.));
#758 = CARTESIAN_POINT('',(1.380200114835,4.753687794019,5.));
#759 = CARTESIAN_POINT('',(1.480298445403,4.724625185637,5.));
#760 = CARTESIAN_POINT('',(1.579478407649,4.692399662432,5.));
#761 = CARTESIAN_POINT('',(1.677542230787,4.657075484027,5.));
#762 = DEFINITIONAL_REPRESENTATION('',(#763),#767);
#763 = LINE('',#764,#765);
#764 = CARTESIAN_POINT('',(0.,0.));
#765 = VECTOR('',#766,1.);
#766 = DIRECTION('',(0.,1.));
#767 = ( GEOMETRIC_REPRESENTATION_CONTEXT(2) 
PARAMETRIC_REPRESENTATION_CONTEXT() REPRESENTATION_CONTEXT('2D SPACE',''
  ) );
#768 = ORIENTED_EDGE('',*,*,#769,.F.);
#769 = EDGE_CURVE('',#770,#736,#772,.T.);
#770 = VERTEX_POINT('',#771);
#771 = CARTESIAN_POINT('',(0.925760069578,4.126035419159,0.));
#772 = SURFACE_CURVE('',#773,(#778,#786),.PCURVE_S1.);
#773 = B_SPLINE_CURVE_WITH_KNOTS('',3,(#774,#775,#776,#777),
  .UNSPECIFIED.,.F.,.F.,(4,4),(0.,1.),.PIECEWISE_BEZIER_KNOTS.);
#774 = CARTESIAN_POINT('',(0.925760069578,4.126035419159,0.));
#775 = CARTESIAN_POINT('',(1.010407569796,4.37423479009,0.));
#776 = CARTESIAN_POINT('',(1.192533177114,4.576616326135,0.));
#777 = CARTESIAN_POINT('',(1.380200114835,4.753687794019,0.));
#778 = PCURVE('',#49,#779);
#779 = DEFINITIONAL_REPRESENTATION('',(#780),#785);
#780 = B_SPLINE_CURVE_WITH_KNOTS('',3,(#781,#782,#783,#784),
  .UNSPECIFIED.,.F.,.F.,(4,4),(0.,1.),.PIECEWISE_BEZIER_KNOTS.);
#781 = CARTESIAN_POINT('',(0.925760069578,4.126035419159));
#782 = CARTESIAN_POINT('',(1.010407569796,4.37423479009));
#783 = CARTESIAN_POINT('',(1.192533177114,4.576616326135));
#784 = CARTESIAN_POINT('',(1.380200114835,4.753687794019));
#785 = ( GEOMETRIC_REPRESENTATION_CONTEXT(2) 
PARAMETRIC_REPRESENTATION_CONTEXT() REPRESENTATION_CONTEXT('2D SPACE',''
  ) );
#786 = PCURVE('',#787,#796);
#787 = B_SPLINE_SURFACE_WITH_KNOTS('',1,3,(
    (#788,#789,#790,#791)
    ,(#792,#793,#794,#795
    )),.UNSPECIFIED.,.F.,.F.,.F.,(2,2),(4,4),(0.,1.),(0.,1.),
  .PIECEWISE_BEZIER_KNOTS.);
#788 = CARTESIAN_POINT('',(0.925760069578,4.126035419159,0.));
#789 = CARTESIAN_POINT('',(1.010407569796,4.37423479009,0.));
#790 = CARTESIAN_POINT('',(1.192533177114,4.576616326135,0.));
#791 = CARTESIAN_POINT('',(1.380200114835,4.753687794019,0.));
#792 = CARTESIAN_POINT('',(0.925760069578,4.126035419159,5.));
#793 = CARTESIAN_POINT('',(1.010407569796,4.37423479009,5.));
#794 = CARTESIAN_POINT('',(1.192533177114,4.576616326135,5.));
#795 = CARTESIAN_POINT('',(1.380200114835,4.753687794019,5.));
#796 = DEFINITIONAL_REPRESENTATION('',(#797),#801);
#797 = LINE('',#798,#799);
#798 = CARTESIAN_POINT('',(0.,0.));
#799 = VECTOR('',#800,1.);
#800 = DIRECTION('',(0.,1.));
#801 = ( GEOMETRIC_REPRESENTATION_CONTEXT(2) 
PARAMETRIC_REPRESENTATION_CONTEXT() REPRESENTATION_CONTEXT('2D SPACE',''
  ) );
#802 = ORIENTED_EDGE('',*,*,#803,.F.);
#803 = EDGE_CURVE('',#804,#770,#806,.T.);
#804 = VERTEX_POINT('',#805);
#805 = CARTESIAN_POINT('',(0.394564917215,4.210168466069,0.));
#806 = SURFACE_CURVE('',#807,(#812,#820),.PCURVE_S1.);
#807 = B_SPLINE_CURVE_WITH_KNOTS('',3,(#808,#809,#810,#811),
  .UNSPECIFIED.,.F.,.F.,(4,4),(0.,1.),.PIECEWISE_BEZIER_KNOTS.);
#808 = CARTESIAN_POINT('',(0.394564917215,4.210168466069,0.));
#809 = CARTESIAN_POINT('',(0.313555514634,3.850468501973,0.));
#810 = CARTESIAN_POINT('',(0.891651188002,3.758907142292,0.));
#811 = CARTESIAN_POINT('',(0.925760069578,4.126035419159,0.));
#812 = PCURVE('',#49,#813);
#813 = DEFINITIONAL_REPRESENTATION('',(#814),#819);
#814 = B_SPLINE_CURVE_WITH_KNOTS('',3,(#815,#816,#817,#818),
  .UNSPECIFIED.,.F.,.F.,(4,4),(0.,1.),.PIECEWISE_BEZIER_KNOTS.);
#815 = CARTESIAN_POINT('',(0.394564917215,4.210168466069));
#816 = CARTESIAN_POINT('',(0.313555514634,3.850468501973));
#817 = CARTESIAN_POINT('',(0.891651188002,3.758907142292));
#818 = CARTESIAN_POINT('',(0.925760069578,4.126035419159));
#819 = ( GEOMETRIC_REPRESENTATION_CONTEXT(2) 
PARAMETRIC_REPRESENTATION_CONTEXT() REPRESENTATION_CONTEXT('2D SPACE',''
  ) );
#820 = PCURVE('',#821,#830);
#821 = B_SPLINE_SURFACE_WITH_KNOTS('',1,3,(
    (#822,#823,#824,#825)
    ,(#826,#827,#828,#829
    )),.UNSPECIFIED.,.F.,.F.,.F.,(2,2),(4,4),(0.,1.),(0.,1.),
  .PIECEWISE_BEZIER_KNOTS.);
#822 = CARTESIAN_POINT('',(0.394564917215,4.210168466069,0.));
#823 = CARTESIAN_POINT('',(0.313555514634,3.850468501973,0.));
#824 = CARTESIAN_POINT('',(0.891651188002,3.758907142292,0.));
#825 = CARTESIAN_POINT('',(0.925760069578,4.126035419159,0.));
#826 = CARTESIAN_POINT('',(0.394564917215,4.210168466069,5.));
#827 = CARTESIAN_POINT('',(0.313555514634,3.850468501973,5.));
#828 = CARTESIAN_POINT('',(0.891651188002,3.758907142292,5.));
#829 = CARTESIAN_POINT('',(0.925760069578,4.126035419159,5.));
#830 = DEFINITIONAL_REPRESENTATION('',(#831),#835);
#831 = LINE('',#832,#833);
#832 = CARTESIAN_POINT('',(0.,0.));
#833 = VECTOR('',#834,1.);
#834 = DIRECTION('',(0.,1.));
#835 = ( GEOMETRIC_REPRESENTATION_CONTEXT(2) 
PARAMETRIC_REPRESENTATION_CONTEXT() REPRESENTATION_CONTEXT('2D SPACE',''
  ) );
#836 = ORIENTED_EDGE('',*,*,#837,.F.);
#837 = EDGE_CURVE('',#838,#804,#840,.T.);
#838 = VERTEX_POINT('',#839);
#839 = CARTESIAN_POINT('',(0.156322001299,4.947531044057,0.));
#840 = SURFACE_CURVE('',#841,(#846,#854),.PCURVE_S1.);
#841 = B_SPLINE_CURVE_WITH_KNOTS('',3,(#842,#843,#844,#845),
  .UNSPECIFIED.,.F.,.F.,(4,4),(0.,1.),.PIECEWISE_BEZIER_KNOTS.);
#842 = CARTESIAN_POINT('',(0.156322001299,4.947531044057,0.));
#843 = CARTESIAN_POINT('',(0.280085772517,4.721133797638,0.));
#844 = CARTESIAN_POINT('',(0.390758184155,4.472377611232,0.));
#845 = CARTESIAN_POINT('',(0.394564917215,4.210168466069,0.));
#846 = PCURVE('',#49,#847);
#847 = DEFINITIONAL_REPRESENTATION('',(#848),#853);
#848 = B_SPLINE_CURVE_WITH_KNOTS('',3,(#849,#850,#851,#852),
  .UNSPECIFIED.,.F.,.F.,(4,4),(0.,1.),.PIECEWISE_BEZIER_KNOTS.);
#849 = CARTESIAN_POINT('',(0.156322001299,4.947531044057));
#850 = CARTESIAN_POINT('',(0.280085772517,4.721133797638));
#851 = CARTESIAN_POINT('',(0.390758184155,4.472377611232));
#852 = CARTESIAN_POINT('',(0.394564917215,4.210168466069));
#853 = ( GEOMETRIC_REPRESENTATION_CONTEXT(2) 
PARAMETRIC_REPRESENTATION_CONTEXT() REPRESENTATION_CONTEXT('2D SPACE',''
  ) );
#854 = PCURVE('',#855,#864);
#855 = B_SPLINE_SURFACE_WITH_KNOTS('',1,3,(
    (#856,#857,#858,#859)
    ,(#860,#861,#862,#863
    )),.UNSPECIFIED.,.F.,.F.,.F.,(2,2),(4,4),(0.,1.),(0.,1.),
  .PIECEWISE_BEZIER_KNOTS.);
#856 = CARTESIAN_POINT('',(0.156322001299,4.947531044057,0.));
#857 = CARTESIAN_POINT('',(0.280085772517,4.721133797638,0.));
#858 = CARTESIAN_POINT('',(0.390758184155,4.472377611232,0.));
#859 = CARTESIAN_POINT('',(0.394564917215,4.210168466069,0.));
#860 = CARTESIAN_POINT('',(0.156322001299,4.947531044057,5.));
#861 = CARTESIAN_POINT('',(0.280085772517,4.721133797638,5.));
#862 = CARTESIAN_POINT('',(0.390758184155,4.472377611232,5.));
#863 = CARTESIAN_POINT('',(0.394564917215,4.210168466069,5.));
#864 = DEFINITIONAL_REPRESENTATION('',(#865),#869);
#865 = LINE('',#866,#867);
#866 = CARTESIAN_POINT('',(0.,0.));
#867 = VECTOR('',#868,1.);
#868 = DIRECTION('',(0.,1.));
#869 = ( GEOMETRIC_REPRESENTATION_CONTEXT(2) 
PARAMETRIC_REPRESENTATION_CONTEXT() REPRESENTATION_CONTEXT('2D SPACE',''
  ) );
#870 = ORIENTED_EDGE('',*,*,#871,.F.);
#871 = EDGE_CURVE('',#872,#838,#874,.T.);
#872 = VERTEX_POINT('',#873);
#873 = CARTESIAN_POINT('',(-0.156322001299,4.947531044057,0.));
#874 = SURFACE_CURVE('',#875,(#880,#888),.PCURVE_S1.);
#875 = B_SPLINE_CURVE_WITH_KNOTS('',3,(#876,#877,#878,#879),
  .UNSPECIFIED.,.F.,.F.,(4,4),(0.,1.),.PIECEWISE_BEZIER_KNOTS.);
#876 = CARTESIAN_POINT('',(-0.156322001299,4.947531044057,0.));
#877 = CARTESIAN_POINT('',(-5.21419918516E-02,4.950822946229,0.));
#878 = CARTESIAN_POINT('',(5.21419918516E-02,4.950822946229,0.));
#879 = CARTESIAN_POINT('',(0.156322001299,4.947531044057,0.));
#880 = PCURVE('',#49,#881);
#881 = DEFINITIONAL_REPRESENTATION('',(#882),#887);
#882 = B_SPLINE_CURVE_WITH_KNOTS('',3,(#883,#884,#885,#886),
  .UNSPECIFIED.,.F.,.F.,(4,4),(0.,1.),.PIECEWISE_BEZIER_KNOTS.);
#883 = CARTESIAN_POINT('',(-0.156322001299,4.947531044057));
#884 = CARTESIAN_POINT('',(-5.21419918516E-02,4.950822946229));
#885 = CARTESIAN_POINT('',(5.21419918516E-02,4.950822946229));
#886 = CARTESIAN_POINT('',(0.156322001299,4.947531044057));
#887 = ( GEOMETRIC_REPRESENTATION_CONTEXT(2) 
PARAMETRIC_REPRESENTATION_CONTEXT() REPRESENTATION_CONTEXT('2D SPACE',''
  ) );
#888 = PCURVE('',#889,#898);
#889 = B_SPLINE_SURFACE_WITH_KNOTS('',1,3,(
    (#890,#891,#892,#893)
    ,(#894,#895,#896,#897
    )),.UNSPECIFIED.,.F.,.F.,.F.,(2,2),(4,4),(0.,1.),(0.,1.),
  .PIECEWISE_BEZIER_KNOTS.);
#890 = CARTESIAN_POINT('',(-0.156322001299,4.947531044057,0.));
#891 = CARTESIAN_POINT('',(-5.21419918516E-02,4.950822946229,0.));
#892 = CARTESIAN_POINT('',(5.21419918516E-02,4.950822946229,0.));
#893 = CARTESIAN_POINT('',(0.156322001299,4.947531044057,0.));
#894 = CARTESIAN_POINT('',(-0.156322001299,4.947531044057,5.));
#895 = CARTESIAN_POINT('',(-5.21419918516E-02,4.950822946229,5.));
#896 = CARTESIAN_POINT('',(5.21419918516E-02,4.950822946229,5.));
#897 = CARTESIAN_POINT('',(0.156322001299,4.947531044057,5.));
#898 = DEFINITIONAL_REPRESENTATION('',(#899),#903);
#899 = LINE('',#900,#901);
#900 = CARTESIAN_POINT('',(0.,0.));
#901 = VECTOR('',#902,1.);
#902 = DIRECTION('',(0.,1.));
#903 = ( GEOMETRIC_REPRESENTATION_CONTEXT(2) 
PARAMETRIC_REPRESENTATION_CONTEXT() REPRESENTATION_CONTEXT('2D SPACE',''
  ) );
#904 = ORIENTED_EDGE('',*,*,#905,.F.);
#905 = EDGE_CURVE('',#906,#872,#908,.T.);
#906 = VERTEX_POINT('',#907);
#907 = CARTESIAN_POINT('',(-0.394564917215,4.210168466069,0.));
#908 = SURFACE_CURVE('',#909,(#914,#922),.PCURVE_S1.);
#909 = B_SPLINE_CURVE_WITH_KNOTS('',3,(#910,#911,#912,#913),
  .UNSPECIFIED.,.F.,.F.,(4,4),(0.,1.),.PIECEWISE_BEZIER_KNOTS.);
#910 = CARTESIAN_POINT('',(-0.394564917215,4.210168466069,0.));
#911 = CARTESIAN_POINT('',(-0.390758184155,4.472377611232,0.));
#912 = CARTESIAN_POINT('',(-0.280085772517,4.721133797638,0.));
#913 = CARTESIAN_POINT('',(-0.156322001299,4.947531044057,0.));
#914 = PCURVE('',#49,#915);
#915 = DEFINITIONAL_REPRESENTATION('',(#916),#921);
#916 = B_SPLINE_CURVE_WITH_KNOTS('',3,(#917,#918,#919,#920),
  .UNSPECIFIED.,.F.,.F.,(4,4),(0.,1.),.PIECEWISE_BEZIER_KNOTS.);
#917 = CARTESIAN_POINT('',(-0.394564917215,4.210168466069));
#918 = CARTESIAN_POINT('',(-0.390758184155,4.472377611232));
#919 = CARTESIAN_POINT('',(-0.280085772517,4.721133797638));
#920 = CARTESIAN_POINT('',(-0.156322001299,4.947531044057));
#921 = ( GEOMETRIC_REPRESENTATION_CONTEXT(2) 
PARAMETRIC_REPRESENTATION_CONTEXT() REPRESENTATION_CONTEXT('2D SPACE',''
  ) );
#922 = PCURVE('',#923,#932);
#923 = B_SPLINE_SURFACE_WITH_KNOTS('',1,3,(
    (#924,#925,#926,#927)
    ,(#928,#929,#930,#931
    )),.UNSPECIFIED.,.F.,.F.,.F.,(2,2),(4,4),(0.,1.),(0.,1.),
  .PIECEWISE_BEZIER_KNOTS.);
#924 = CARTESIAN_POINT('',(-0.394564917215,4.210168466069,0.));
#925 = CARTESIAN_POINT('',(-0.390758184155,4.472377611232,0.));
#926 = CARTESIAN_POINT('',(-0.280085772517,4.721133797638,0.));
#927 = CARTESIAN_POINT('',(-0.156322001299,4.947531044057,0.));
#928 = CARTESIAN_POINT('',(-0.394564917215,4.210168466069,5.));
#929 = CARTESIAN_POINT('',(-0.390758184155,4.472377611232,5.));
#930 = CARTESIAN_POINT('',(-0.280085772517,4.721133797638,5.));
#931 = CARTESIAN_POINT('',(-0.156322001299,4.947531044057,5.));
#932 = DEFINITIONAL_REPRESENTATION('',(#933),#937);
#933 = LINE('',#934,#935);
#934 = CARTESIAN_POINT('',(0.,0.));
#935 = VECTOR('',#936,1.);
#936 = DIRECTION('',(0.,1.));
#937 = ( GEOMETRIC_REPRESENTATION_CONTEXT(2) 
PARAMETRIC_REPRESENTATION_CONTEXT() REPRESENTATION_CONTEXT('2D SPACE',''
  ) );
#938 = ORIENTED_EDGE('',*,*,#939,.F.);
#939 = EDGE_CURVE('',#940,#906,#942,.T.);
#940 = VERTEX_POINT('',#941);
#941 = CARTESIAN_POINT('',(-0.925760069578,4.126035419159,0.));
#942 = SURFACE_CURVE('',#943,(#948,#956),.PCURVE_S1.);
#943 = B_SPLINE_CURVE_WITH_KNOTS('',3,(#944,#945,#946,#947),
  .UNSPECIFIED.,.F.,.F.,(4,4),(0.,1.),.PIECEWISE_BEZIER_KNOTS.);
#944 = CARTESIAN_POINT('',(-0.925760069578,4.126035419159,0.));
#945 = CARTESIAN_POINT('',(-0.891651188002,3.758907142292,0.));
#946 = CARTESIAN_POINT('',(-0.313555514634,3.850468501973,0.));
#947 = CARTESIAN_POINT('',(-0.394564917215,4.210168466069,0.));
#948 = PCURVE('',#49,#949);
#949 = DEFINITIONAL_REPRESENTATION('',(#950),#955);
#950 = B_SPLINE_CURVE_WITH_KNOTS('',3,(#951,#952,#953,#954),
  .UNSPECIFIED.,.F.,.F.,(4,4),(0.,1.),.PIECEWISE_BEZIER_KNOTS.);
#951 = CARTESIAN_POINT('',(-0.925760069578,4.126035419159));
#952 = CARTESIAN_POINT('',(-0.891651188002,3.758907142292));
#953 = CARTESIAN_POINT('',(-0.313555514634,3.850468501973));
#954 = CARTESIAN_POINT('',(-0.394564917215,4.210168466069));
#955 = ( GEOMETRIC_REPRESENTATION_CONTEXT(2) 
PARAMETRIC_REPRESENTATION_CONTEXT() REPRESENTATION_CONTEXT('2D SPACE',''
  ) );
#956 = PCURVE('',#957,#966);
#957 = B_SPLINE_SURFACE_WITH_KNOTS('',1,3,(
    (#958,#959,#960,#961)
    ,(#962,#963,#964,#965
    )),.UNSPECIFIED.,.F.,.F.,.F.,(2,2),(4,4),(0.,1.),(0.,1.),
  .PIECEWISE_BEZIER_KNOTS.);
#958 = CARTESIAN_POINT('',(-0.925760069578,4.126035419159,0.));
#959 = CARTESIAN_POINT('',(-0.891651188002,3.758907142292,0.));
#960 = CARTESIAN_POINT('',(-0.313555514634,3.850468501973,0.));
#961 = CARTESIAN_POINT('',(-0.394564917215,4.210168466069,0.));
#962 = CARTESIAN_POINT('',(-0.925760069578,4.126035419159,5.));
#963 = CARTESIAN_POINT('',(-0.891651188002,3.758907142292,5.));
#964 = CARTESIAN_POINT('',(-0.313555514634,3.850468501973,5.));
#965 = CARTESIAN_POINT('',(-0.394564917215,4.210168466069,5.));
#966 = DEFINITIONAL_REPRESENTATION('',(#967),#971);
#967 = LINE('',#968,#969);
#968 = CARTESIAN_POINT('',(0.,0.));
#969 = VECTOR('',#970,1.);
#970 = DIRECTION('',(0.,1.));
#971 = ( GEOMETRIC_REPRESENTATION_CONTEXT(2) 
PARAMETRIC_REPRESENTATION_CONTEXT() REPRESENTATION_CONTEXT('2D SPACE',''
  ) );
#972 = ORIENTED_EDGE('',*,*,#973,.F.);
#973 = EDGE_CURVE('',#974,#940,#976,.T.);
#974 = VERTEX_POINT('',#975);
#975 = CARTESIAN_POINT('',(-1.380200114835,4.753687794019,0.));
#976 = SURFACE_CURVE('',#977,(#982,#990),.PCURVE_S1.);
#977 = B_SPLINE_CURVE_WITH_KNOTS('',3,(#978,#979,#980,#981),
  .UNSPECIFIED.,.F.,.F.,(4,4),(0.,1.),.PIECEWISE_BEZIER_KNOTS.);
#978 = CARTESIAN_POINT('',(-1.380200114835,4.753687794019,0.));
#979 = CARTESIAN_POINT('',(-1.192533177114,4.576616326135,0.));
#980 = CARTESIAN_POINT('',(-1.010407569796,4.37423479009,0.));
#981 = CARTESIAN_POINT('',(-0.925760069578,4.126035419159,0.));
#982 = PCURVE('',#49,#983);
#983 = DEFINITIONAL_REPRESENTATION('',(#984),#989);
#984 = B_SPLINE_CURVE_WITH_KNOTS('',3,(#985,#986,#987,#988),
  .UNSPECIFIED.,.F.,.F.,(4,4),(0.,1.),.PIECEWISE_BEZIER_KNOTS.);
#985 = CARTESIAN_POINT('',(-1.380200114835,4.753687794019));
#986 = CARTESIAN_POINT('',(-1.192533177114,4.576616326135));
#987 = CARTESIAN_POINT('',(-1.010407569796,4.37423479009));
#988 = CARTESIAN_POINT('',(-0.925760069578,4.126035419159));
#989 = ( GEOMETRIC_REPRESENTATION_CONTEXT(2) 
PARAMETRIC_REPRESENTATION_CONTEXT() REPRESENTATION_CONTEXT('2D SPACE',''
  ) );
#990 = PCURVE('',#991,#1000);
#991 = B_SPLINE_SURFACE_WITH_KNOTS('',1,3,(
    (#992,#993,#994,#995)
    ,(#996,#997,#998,#999
    )),.UNSPECIFIED.,.F.,.F.,.F.,(2,2),(4,4),(0.,1.),(0.,1.),
  .PIECEWISE_BEZIER_KNOTS.);
#992 = CARTESIAN_POINT('',(-1.380200114835,4.753687794019,0.));
#993 = CARTESIAN_POINT('',(-1.192533177114,4.576616326135,0.));
#994 = CARTESIAN_POINT('',(-1.010407569796,4.37423479009,0.));
#995 = CARTESIAN_POINT('',(-0.925760069578,4.126035419159,0.));
#996 = CARTESIAN_POINT('',(-1.380200114835,4.753687794019,5.));
#997 = CARTESIAN_POINT('',(-1.192533177114,4.576616326135,5.));
#998 = CARTESIAN_POINT('',(-1.010407569796,4.37423479009,5.));
#999 = CARTESIAN_POINT('',(-0.925760069578,4.126035419159,5.));
#1000 = DEFINITIONAL_REPRESENTATION('',(#1001),#1005);
#1001 = LINE('',#1002,#1003);
#1002 = CARTESIAN_POINT('',(0.,0.));
#1003 = VECTOR('',#1004,1.);
#1004 = DIRECTION('',(0.,1.));
#1005 = ( GEOMETRIC_REPRESENTATION_CONTEXT(2) 
PARAMETRIC_REPRESENTATION_CONTEXT() REPRESENTATION_CONTEXT('2D SPACE',''
  ) );
#1006 = ORIENTED_EDGE('',*,*,#1007,.F.);
#1007 = EDGE_CURVE('',#1008,#974,#1010,.T.);
#1008 = VERTEX_POINT('',#1009);
#1009 = CARTESIAN_POINT('',(-1.677542230787,4.657075484027,0.));
#1010 = SURFACE_CURVE('',#1011,(#1016,#1024),.PCURVE_S1.);
#1011 = B_SPLINE_CURVE_WITH_KNOTS('',3,(#1012,#1013,#1014,#1015),
  .UNSPECIFIED.,.F.,.F.,(4,4),(0.,1.),.PIECEWISE_BEZIER_KNOTS.);
#1012 = CARTESIAN_POINT('',(-1.677542230787,4.657075484027,0.));
#1013 = CARTESIAN_POINT('',(-1.579478407649,4.692399662432,0.));
#1014 = CARTESIAN_POINT('',(-1.480298445403,4.724625185637,0.));
#1015 = CARTESIAN_POINT('',(-1.380200114835,4.753687794019,0.));
#1016 = PCURVE('',#49,#1017);
#1017 = DEFINITIONAL_REPRESENTATION('',(#1018),#1023);
#1018 = B_SPLINE_CURVE_WITH_KNOTS('',3,(#1019,#1020,#1021,#1022),
  .UNSPECIFIED.,.F.,.F.,(4,4),(0.,1.),.PIECEWISE_BEZIER_KNOTS.);
#1019 = CARTESIAN_POINT('',(-1.677542230787,4.657075484027));
#1020 = CARTESIAN_POINT('',(-1.579478407649,4.692399662432));
#1021 = CARTESIAN_POINT('',(-1.480298445403,4.724625185637));
#1022 = CARTESIAN_POINT('',(-1.380200114835,4.753687794019));
#1023 = ( GEOMETRIC_REPRESENTATION_CONTEXT(2) 
PARAMETRIC_REPRESENTATION_CONTEXT() REPRESENTATION_CONTEXT('2D SPACE',''
  ) );
#1024 = PCURVE('',#1025,#1034);
#1025 = B_SPLINE_SURFACE_WITH_KNOTS('',1,3,(
    (#1026,#1027,#1028,#1029)
    ,(#1030,#1031,#1032,#1033
    )),.UNSPECIFIED.,.F.,.F.,.F.,(2,2),(4,4),(0.,1.),(0.,1.),
  .PIECEWISE_BEZIER_KNOTS.);
#1026 = CARTESIAN_POINT('',(-1.677542230787,4.657075484027,0.));
#1027 = CARTESIAN_POINT('',(-1.579478407649,4.692399662432,0.));
#1028 = CARTESIAN_POINT('',(-1.480298445403,4.724625185637,0.));
#1029 = CARTESIAN_POINT('',(-1.380200114835,4.753687794019,0.));
#1030 = CARTESIAN_POINT('',(-1.677542230787,4.657075484027,5.));
#1031 = CARTESIAN_POINT('',(-1.579478407649,4.692399662432,5.));
#1032 = CARTESIAN_POINT('',(-1.480298445403,4.724625185637,5.));
#1033 = CARTESIAN_POINT('',(-1.380200114835,4.753687794019,5.));
#1034 = DEFINITIONAL_REPRESENTATION('',(#1035),#1039);
#1035 = LINE('',#1036,#1037);
#1036 = CARTESIAN_POINT('',(0.,0.));
#1037 = VECTOR('',#1038,1.);
#1038 = DIRECTION('',(0.,1.));
#1039 = ( GEOMETRIC_REPRESENTATION_CONTEXT(2) 
PARAMETRIC_REPRESENTATION_CONTEXT() REPRESENTATION_CONTEXT('2D SPACE',''
  ) );
#1040 = ORIENTED_EDGE('',*,*,#1041,.F.);
#1041 = EDGE_CURVE('',#1042,#1008,#1044,.T.);
#1042 = VERTEX_POINT('',#1043);
#1043 = CARTESIAN_POINT('',(-1.676267140816,3.882180889552,0.));
#1044 = SURFACE_CURVE('',#1045,(#1050,#1058),.PCURVE_S1.);
#1045 = B_SPLINE_CURVE_WITH_KNOTS('',3,(#1046,#1047,#1048,#1049),
  .UNSPECIFIED.,.F.,.F.,(4,4),(0.,1.),.PIECEWISE_BEZIER_KNOTS.);
#1046 = CARTESIAN_POINT('',(-1.676267140816,3.882180889552,0.));
#1047 = CARTESIAN_POINT('',(-1.753673804469,4.1327329509,0.));
#1048 = CARTESIAN_POINT('',(-1.725287975262,4.403513798954,0.));
#1049 = CARTESIAN_POINT('',(-1.677542230787,4.657075484027,0.));
#1050 = PCURVE('',#49,#1051);
#1051 = DEFINITIONAL_REPRESENTATION('',(#1052),#1057);
#1052 = B_SPLINE_CURVE_WITH_KNOTS('',3,(#1053,#1054,#1055,#1056),
  .UNSPECIFIED.,.F.,.F.,(4,4),(0.,1.),.PIECEWISE_BEZIER_KNOTS.);
#1053 = CARTESIAN_POINT('',(-1.676267140816,3.882180889552));
#1054 = CARTESIAN_POINT('',(-1.753673804469,4.1327329509));
#1055 = CARTESIAN_POINT('',(-1.725287975262,4.403513798954));
#1056 = CARTESIAN_POINT('',(-1.677542230787,4.657075484027));
#1057 = ( GEOMETRIC_REPRESENTATION_CONTEXT(2) 
PARAMETRIC_REPRESENTATION_CONTEXT() REPRESENTATION_CONTEXT('2D SPACE',''
  ) );
#1058 = PCURVE('',#1059,#1068);
#1059 = B_SPLINE_SURFACE_WITH_KNOTS('',1,3,(
    (#1060,#1061,#1062,#1063)
    ,(#1064,#1065,#1066,#1067
    )),.UNSPECIFIED.,.F.,.F.,.F.,(2,2),(4,4),(0.,1.),(0.,1.),
  .PIECEWISE_BEZIER_KNOTS.);
#1060 = CARTESIAN_POINT('',(-1.676267140816,3.882180889552,0.));
#1061 = CARTESIAN_POINT('',(-1.753673804469,4.1327329509,0.));
#1062 = CARTESIAN_POINT('',(-1.725287975262,4.403513798954,0.));
#1063 = CARTESIAN_POINT('',(-1.677542230787,4.657075484027,0.));
#1064 = CARTESIAN_POINT('',(-1.676267140816,3.882180889552,5.));
#1065 = CARTESIAN_POINT('',(-1.753673804469,4.1327329509,5.));
#1066 = CARTESIAN_POINT('',(-1.725287975262,4.403513798954,5.));
#1067 = CARTESIAN_POINT('',(-1.677542230787,4.657075484027,5.));
#1068 = DEFINITIONAL_REPRESENTATION('',(#1069),#1073);
#1069 = LINE('',#1070,#1071);
#1070 = CARTESIAN_POINT('',(0.,0.));
#1071 = VECTOR('',#1072,1.);
#1072 = DIRECTION('',(0.,1.));
#1073 = ( GEOMETRIC_REPRESENTATION_CONTEXT(2) 
PARAMETRIC_REPRESENTATION_CONTEXT() REPRESENTATION_CONTEXT('2D SPACE',''
  ) );
#1074 = ORIENTED_EDGE('',*,*,#1075,.F.);
#1075 = EDGE_CURVE('',#1076,#1042,#1078,.T.);
#1076 = VERTEX_POINT('',#1077);
#1077 = CARTESIAN_POINT('',(-2.155465210611,3.638017277642,0.));
#1078 = SURFACE_CURVE('',#1079,(#1084,#1092),.PCURVE_S1.);
#1079 = B_SPLINE_CURVE_WITH_KNOTS('',3,(#1080,#1081,#1082,#1083),
  .UNSPECIFIED.,.F.,.F.,(4,4),(0.,1.),.PIECEWISE_BEZIER_KNOTS.);
#1080 = CARTESIAN_POINT('',(-2.155465210611,3.638017277642,0.));
#1081 = CARTESIAN_POINT('',(-2.009576859857,3.299397761678,0.));
#1082 = CARTESIAN_POINT('',(-1.488069218828,3.565119176888,0.));
#1083 = CARTESIAN_POINT('',(-1.676267140816,3.882180889552,0.));
#1084 = PCURVE('',#49,#1085);
#1085 = DEFINITIONAL_REPRESENTATION('',(#1086),#1091);
#1086 = B_SPLINE_CURVE_WITH_KNOTS('',3,(#1087,#1088,#1089,#1090),
  .UNSPECIFIED.,.F.,.F.,(4,4),(0.,1.),.PIECEWISE_BEZIER_KNOTS.);
#1087 = CARTESIAN_POINT('',(-2.155465210611,3.638017277642));
#1088 = CARTESIAN_POINT('',(-2.009576859857,3.299397761678));
#1089 = CARTESIAN_POINT('',(-1.488069218828,3.565119176888));
#1090 = CARTESIAN_POINT('',(-1.676267140816,3.882180889552));
#1091 = ( GEOMETRIC_REPRESENTATION_CONTEXT(2) 
PARAMETRIC_REPRESENTATION_CONTEXT() REPRESENTATION_CONTEXT('2D SPACE',''
  ) );
#1092 = PCURVE('',#1093,#1102);
#1093 = B_SPLINE_SURFACE_WITH_KNOTS('',1,3,(
    (#1094,#1095,#1096,#1097)
    ,(#1098,#1099,#1100,#1101
    )),.UNSPECIFIED.,.F.,.F.,.F.,(2,2),(4,4),(0.,1.),(0.,1.),
  .PIECEWISE_BEZIER_KNOTS.);
#1094 = CARTESIAN_POINT('',(-2.155465210611,3.638017277642,0.));
#1095 = CARTESIAN_POINT('',(-2.009576859857,3.299397761678,0.));
#1096 = CARTESIAN_POINT('',(-1.488069218828,3.565119176888,0.));
#1097 = CARTESIAN_POINT('',(-1.676267140816,3.882180889552,0.));
#1098 = CARTESIAN_POINT('',(-2.155465210611,3.638017277642,5.));
#1099 = CARTESIAN_POINT('',(-2.009576859857,3.299397761678,5.));
#1100 = CARTESIAN_POINT('',(-1.488069218828,3.565119176888,5.));
#1101 = CARTESIAN_POINT('',(-1.676267140816,3.882180889552,5.));
#1102 = DEFINITIONAL_REPRESENTATION('',(#1103),#1107);
#1103 = LINE('',#1104,#1105);
#1104 = CARTESIAN_POINT('',(0.,0.));
#1105 = VECTOR('',#1106,1.);
#1106 = DIRECTION('',(0.,1.));
#1107 = ( GEOMETRIC_REPRESENTATION_CONTEXT(2) 
PARAMETRIC_REPRESENTATION_CONTEXT() REPRESENTATION_CONTEXT('2D SPACE',''
  ) );
#1108 = ORIENTED_EDGE('',*,*,#1109,.F.);
#1109 = EDGE_CURVE('',#1110,#1076,#1112,.T.);
#1110 = VERTEX_POINT('',#1111);
#1111 = CARTESIAN_POINT('',(-2.78161862731,4.094520461813,0.));
#1112 = SURFACE_CURVE('',#1113,(#1118,#1126),.PCURVE_S1.);
#1113 = B_SPLINE_CURVE_WITH_KNOTS('',3,(#1114,#1115,#1116,#1117),
  .UNSPECIFIED.,.F.,.F.,(4,4),(0.,1.),.PIECEWISE_BEZIER_KNOTS.);
#1114 = CARTESIAN_POINT('',(-2.78161862731,4.094520461813,0.));
#1115 = CARTESIAN_POINT('',(-2.548418670502,3.984107761469,0.));
#1116 = CARTESIAN_POINT('',(-2.312667590893,3.847911390608,0.));
#1117 = CARTESIAN_POINT('',(-2.155465210611,3.638017277642,0.));
#1118 = PCURVE('',#49,#1119);
#1119 = DEFINITIONAL_REPRESENTATION('',(#1120),#1125);
#1120 = B_SPLINE_CURVE_WITH_KNOTS('',3,(#1121,#1122,#1123,#1124),
  .UNSPECIFIED.,.F.,.F.,(4,4),(0.,1.),.PIECEWISE_BEZIER_KNOTS.);
#1121 = CARTESIAN_POINT('',(-2.78161862731,4.094520461813));
#1122 = CARTESIAN_POINT('',(-2.548418670502,3.984107761469));
#1123 = CARTESIAN_POINT('',(-2.312667590893,3.847911390608));
#1124 = CARTESIAN_POINT('',(-2.155465210611,3.638017277642));
#1125 = ( GEOMETRIC_REPRESENTATION_CONTEXT(2) 
PARAMETRIC_REPRESENTATION_CONTEXT() REPRESENTATION_CONTEXT('2D SPACE',''
  ) );
#1126 = PCURVE('',#1127,#1136);
#1127 = B_SPLINE_SURFACE_WITH_KNOTS('',1,3,(
    (#1128,#1129,#1130,#1131)
    ,(#1132,#1133,#1134,#1135
    )),.UNSPECIFIED.,.F.,.F.,.F.,(2,2),(4,4),(0.,1.),(0.,1.),
  .PIECEWISE_BEZIER_KNOTS.);
#1128 = CARTESIAN_POINT('',(-2.78161862731,4.094520461813,0.));
#1129 = CARTESIAN_POINT('',(-2.548418670502,3.984107761469,0.));
#1130 = CARTESIAN_POINT('',(-2.312667590893,3.847911390608,0.));
#1131 = CARTESIAN_POINT('',(-2.155465210611,3.638017277642,0.));
#1132 = CARTESIAN_POINT('',(-2.78161862731,4.094520461813,5.));
#1133 = CARTESIAN_POINT('',(-2.548418670502,3.984107761469,5.));
#1134 = CARTESIAN_POINT('',(-2.312667590893,3.847911390608,5.));
#1135 = CARTESIAN_POINT('',(-2.155465210611,3.638017277642,5.));
#1136 = DEFINITIONAL_REPRESENTATION('',(#1137),#1141);
#1137 = LINE('',#1138,#1139);
#1138 = CARTESIAN_POINT('',(0.,0.));
#1139 = VECTOR('',#1140,1.);
#1140 = DIRECTION('',(0.,1.));
#1141 = ( GEOMETRIC_REPRESENTATION_CONTEXT(2) 
PARAMETRIC_REPRESENTATION_CONTEXT() REPRESENTATION_CONTEXT('2D SPACE',''
  ) );
#1142 = ORIENTED_EDGE('',*,*,#1143,.F.);
#1143 = EDGE_CURVE('',#1144,#1110,#1146,.T.);
#1144 = VERTEX_POINT('',#1145);
#1145 = CARTESIAN_POINT('',(-3.034552938602,3.910752927867,0.));
#1146 = SURFACE_CURVE('',#1147,(#1152,#1160),.PCURVE_S1.);
#1147 = B_SPLINE_CURVE_WITH_KNOTS('',3,(#1148,#1149,#1150,#1151),
  .UNSPECIFIED.,.F.,.F.,(4,4),(0.,1.),.PIECEWISE_BEZIER_KNOTS.);
#1148 = CARTESIAN_POINT('',(-3.034552938602,3.910752927867,0.));
#1149 = CARTESIAN_POINT('',(-2.952204472033,3.974651605805,0.));
#1150 = CARTESIAN_POINT('',(-2.867836956976,4.035948193476,0.));
#1151 = CARTESIAN_POINT('',(-2.78161862731,4.094520461813,0.));
#1152 = PCURVE('',#49,#1153);
#1153 = DEFINITIONAL_REPRESENTATION('',(#1154),#1159);
#1154 = B_SPLINE_CURVE_WITH_KNOTS('',3,(#1155,#1156,#1157,#1158),
  .UNSPECIFIED.,.F.,.F.,(4,4),(0.,1.),.PIECEWISE_BEZIER_KNOTS.);
#1155 = CARTESIAN_POINT('',(-3.034552938602,3.910752927867));
#1156 = CARTESIAN_POINT('',(-2.952204472033,3.974651605805));
#1157 = CARTESIAN_POINT('',(-2.867836956976,4.035948193476));
#1158 = CARTESIAN_POINT('',(-2.78161862731,4.094520461813));
#1159 = ( GEOMETRIC_REPRESENTATION_CONTEXT(2) 
PARAMETRIC_REPRESENTATION_CONTEXT() REPRESENTATION_CONTEXT('2D SPACE',''
  ) );
#1160 = PCURVE('',#1161,#1170);
#1161 = B_SPLINE_SURFACE_WITH_KNOTS('',1,3,(
    (#1162,#1163,#1164,#1165)
    ,(#1166,#1167,#1168,#1169
    )),.UNSPECIFIED.,.F.,.F.,.F.,(2,2),(4,4),(0.,1.),(0.,1.),
  .PIECEWISE_BEZIER_KNOTS.);
#1162 = CARTESIAN_POINT('',(-3.034552938602,3.910752927867,0.));
#1163 = CARTESIAN_POINT('',(-2.952204472033,3.974651605805,0.));
#1164 = CARTESIAN_POINT('',(-2.867836956976,4.035948193476,0.));
#1165 = CARTESIAN_POINT('',(-2.78161862731,4.094520461813,0.));
#1166 = CARTESIAN_POINT('',(-3.034552938602,3.910752927867,5.));
#1167 = CARTESIAN_POINT('',(-2.952204472033,3.974651605805,5.));
#1168 = CARTESIAN_POINT('',(-2.867836956976,4.035948193476,5.));
#1169 = CARTESIAN_POINT('',(-2.78161862731,4.094520461813,5.));
#1170 = DEFINITIONAL_REPRESENTATION('',(#1171),#1175);
#1171 = LINE('',#1172,#1173);
#1172 = CARTESIAN_POINT('',(0.,0.));
#1173 = VECTOR('',#1174,1.);
#1174 = DIRECTION('',(0.,1.));
#1175 = ( GEOMETRIC_REPRESENTATION_CONTEXT(2) 
PARAMETRIC_REPRESENTATION_CONTEXT() REPRESENTATION_CONTEXT('2D SPACE',''
  ) );
#1176 = ORIENTED_EDGE('',*,*,#1177,.F.);
#1177 = EDGE_CURVE('',#1178,#1144,#1180,.T.);
#1178 = VERTEX_POINT('',#1179);
#1179 = CARTESIAN_POINT('',(-2.793884657433,3.174178398821,0.));
#1180 = SURFACE_CURVE('',#1181,(#1186,#1194),.PCURVE_S1.);
#1181 = B_SPLINE_CURVE_WITH_KNOTS('',3,(#1182,#1183,#1184,#1185),
  .UNSPECIFIED.,.F.,.F.,(4,4),(0.,1.),.PIECEWISE_BEZIER_KNOTS.);
#1182 = CARTESIAN_POINT('',(-2.793884657433,3.174178398821,0.));
#1183 = CARTESIAN_POINT('',(-2.944927614238,3.38854759489,0.));
#1184 = CARTESIAN_POINT('',(-3.0016069702,3.654847188544,0.));
#1185 = CARTESIAN_POINT('',(-3.034552938602,3.910752927867,0.));
#1186 = PCURVE('',#49,#1187);
#1187 = DEFINITIONAL_REPRESENTATION('',(#1188),#1193);
#1188 = B_SPLINE_CURVE_WITH_KNOTS('',3,(#1189,#1190,#1191,#1192),
  .UNSPECIFIED.,.F.,.F.,(4,4),(0.,1.),.PIECEWISE_BEZIER_KNOTS.);
#1189 = CARTESIAN_POINT('',(-2.793884657433,3.174178398821));
#1190 = CARTESIAN_POINT('',(-2.944927614238,3.38854759489));
#1191 = CARTESIAN_POINT('',(-3.0016069702,3.654847188544));
#1192 = CARTESIAN_POINT('',(-3.034552938602,3.910752927867));
#1193 = ( GEOMETRIC_REPRESENTATION_CONTEXT(2) 
PARAMETRIC_REPRESENTATION_CONTEXT() REPRESENTATION_CONTEXT('2D SPACE',''
  ) );
#1194 = PCURVE('',#1195,#1204);
#1195 = B_SPLINE_SURFACE_WITH_KNOTS('',1,3,(
    (#1196,#1197,#1198,#1199)
    ,(#1200,#1201,#1202,#1203
    )),.UNSPECIFIED.,.F.,.F.,.F.,(2,2),(4,4),(0.,1.),(0.,1.),
  .PIECEWISE_BEZIER_KNOTS.);
#1196 = CARTESIAN_POINT('',(-2.793884657433,3.174178398821,0.));
#1197 = CARTESIAN_POINT('',(-2.944927614238,3.38854759489,0.));
#1198 = CARTESIAN_POINT('',(-3.0016069702,3.654847188544,0.));
#1199 = CARTESIAN_POINT('',(-3.034552938602,3.910752927867,0.));
#1200 = CARTESIAN_POINT('',(-2.793884657433,3.174178398821,5.));
#1201 = CARTESIAN_POINT('',(-2.944927614238,3.38854759489,5.));
#1202 = CARTESIAN_POINT('',(-3.0016069702,3.654847188544,5.));
#1203 = CARTESIAN_POINT('',(-3.034552938602,3.910752927867,5.));
#1204 = DEFINITIONAL_REPRESENTATION('',(#1205),#1209);
#1205 = LINE('',#1206,#1207);
#1206 = CARTESIAN_POINT('',(0.,0.));
#1207 = VECTOR('',#1208,1.);
#1208 = DIRECTION('',(0.,1.));
#1209 = ( GEOMETRIC_REPRESENTATION_CONTEXT(2) 
PARAMETRIC_REPRESENTATION_CONTEXT() REPRESENTATION_CONTEXT('2D SPACE',''
  ) );
#1210 = ORIENTED_EDGE('',*,*,#1211,.F.);
#1211 = EDGE_CURVE('',#1212,#1178,#1214,.T.);
#1212 = VERTEX_POINT('',#1213);
#1213 = CARTESIAN_POINT('',(-3.174178398821,2.793884657433,0.));
#1214 = SURFACE_CURVE('',#1215,(#1220,#1228),.PCURVE_S1.);
#1215 = B_SPLINE_CURVE_WITH_KNOTS('',3,(#1216,#1217,#1218,#1219),
  .UNSPECIFIED.,.F.,.F.,(4,4),(0.,1.),.PIECEWISE_BEZIER_KNOTS.);
#1216 = CARTESIAN_POINT('',(-3.174178398821,2.793884657433,0.));
#1217 = CARTESIAN_POINT('',(-2.930791147124,2.516920339895,0.));
#1218 = CARTESIAN_POINT('',(-2.516920339895,2.930791147124,0.));
#1219 = CARTESIAN_POINT('',(-2.793884657433,3.174178398821,0.));
#1220 = PCURVE('',#49,#1221);
#1221 = DEFINITIONAL_REPRESENTATION('',(#1222),#1227);
#1222 = B_SPLINE_CURVE_WITH_KNOTS('',3,(#1223,#1224,#1225,#1226),
  .UNSPECIFIED.,.F.,.F.,(4,4),(0.,1.),.PIECEWISE_BEZIER_KNOTS.);
#1223 = CARTESIAN_POINT('',(-3.174178398821,2.793884657433));
#1224 = CARTESIAN_POINT('',(-2.930791147124,2.516920339895));
#1225 = CARTESIAN_POINT('',(-2.516920339895,2.930791147124));
#1226 = CARTESIAN_POINT('',(-2.793884657433,3.174178398821));
#1227 = ( GEOMETRIC_REPRESENTATION_CONTEXT(2) 
PARAMETRIC_REPRESENTATION_CONTEXT() REPRESENTATION_CONTEXT('2D SPACE',''
  ) );
#1228 = PCURVE('',#1229,#1238);
#1229 = B_SPLINE_SURFACE_WITH_KNOTS('',1,3,(
    (#1230,#1231,#1232,#1233)
    ,(#1234,#1235,#1236,#1237
    )),.UNSPECIFIED.,.F.,.F.,.F.,(2,2),(4,4),(0.,1.),(0.,1.),
  .PIECEWISE_BEZIER_KNOTS.);
#1230 = CARTESIAN_POINT('',(-3.174178398821,2.793884657433,0.));
#1231 = CARTESIAN_POINT('',(-2.930791147124,2.516920339895,0.));
#1232 = CARTESIAN_POINT('',(-2.516920339895,2.930791147124,0.));
#1233 = CARTESIAN_POINT('',(-2.793884657433,3.174178398821,0.));
#1234 = CARTESIAN_POINT('',(-3.174178398821,2.793884657433,5.));
#1235 = CARTESIAN_POINT('',(-2.930791147124,2.516920339895,5.));
#1236 = CARTESIAN_POINT('',(-2.516920339895,2.930791147124,5.));
#1237 = CARTESIAN_POINT('',(-2.793884657433,3.174178398821,5.));
#1238 = DEFINITIONAL_REPRESENTATION('',(#1239),#1243);
#1239 = LINE('',#1240,#1241);
#1240 = CARTESIAN_POINT('',(0.,0.));
#1241 = VECTOR('',#1242,1.);
#1242 = DIRECTION('',(0.,1.));
#1243 = ( GEOMETRIC_REPRESENTATION_CONTEXT(2) 
PARAMETRIC_REPRESENTATION_CONTEXT() REPRESENTATION_CONTEXT('2D SPACE',''
  ) );
#1244 = ORIENTED_EDGE('',*,*,#1245,.F.);
#1245 = EDGE_CURVE('',#1246,#1212,#1248,.T.);
#1246 = VERTEX_POINT('',#1247);
#1247 = CARTESIAN_POINT('',(-3.910752927867,3.034552938602,0.));
#1248 = SURFACE_CURVE('',#1249,(#1254,#1262),.PCURVE_S1.);
#1249 = B_SPLINE_CURVE_WITH_KNOTS('',3,(#1250,#1251,#1252,#1253),
  .UNSPECIFIED.,.F.,.F.,(4,4),(0.,1.),.PIECEWISE_BEZIER_KNOTS.);
#1250 = CARTESIAN_POINT('',(-3.910752927867,3.034552938602,0.));
#1251 = CARTESIAN_POINT('',(-3.654847188544,3.0016069702,0.));
#1252 = CARTESIAN_POINT('',(-3.38854759489,2.944927614238,0.));
#1253 = CARTESIAN_POINT('',(-3.174178398821,2.793884657433,0.));
#1254 = PCURVE('',#49,#1255);
#1255 = DEFINITIONAL_REPRESENTATION('',(#1256),#1261);
#1256 = B_SPLINE_CURVE_WITH_KNOTS('',3,(#1257,#1258,#1259,#1260),
  .UNSPECIFIED.,.F.,.F.,(4,4),(0.,1.),.PIECEWISE_BEZIER_KNOTS.);
#1257 = CARTESIAN_POINT('',(-3.910752927867,3.034552938602));
#1258 = CARTESIAN_POINT('',(-3.654847188544,3.0016069702));
#1259 = CARTESIAN_POINT('',(-3.38854759489,2.944927614238));
#1260 = CARTESIAN_POINT('',(-3.174178398821,2.793884657433));
#1261 = ( GEOMETRIC_REPRESENTATION_CONTEXT(2) 
PARAMETRIC_REPRESENTATION_CONTEXT() REPRESENTATION_CONTEXT('2D SPACE',''
  ) );
#1262 = PCURVE('',#1263,#1272);
#1263 = B_SPLINE_SURFACE_WITH_KNOTS('',1,3,(
    (#1264,#1265,#1266,#1267)
    ,(#1268,#1269,#1270,#1271
    )),.UNSPECIFIED.,.F.,.F.,.F.,(2,2),(4,4),(0.,1.),(0.,1.),
  .PIECEWISE_BEZIER_KNOTS.);
#1264 = CARTESIAN_POINT('',(-3.910752927867,3.034552938602,0.));
#1265 = CARTESIAN_POINT('',(-3.654847188544,3.0016069702,0.));
#1266 = CARTESIAN_POINT('',(-3.38854759489,2.944927614238,0.));
#1267 = CARTESIAN_POINT('',(-3.174178398821,2.793884657433,0.));
#1268 = CARTESIAN_POINT('',(-3.910752927867,3.034552938602,5.));
#1269 = CARTESIAN_POINT('',(-3.654847188544,3.0016069702,5.));
#1270 = CARTESIAN_POINT('',(-3.38854759489,2.944927614238,5.));
#1271 = CARTESIAN_POINT('',(-3.174178398821,2.793884657433,5.));
#1272 = DEFINITIONAL_REPRESENTATION('',(#1273),#1277);
#1273 = LINE('',#1274,#1275);
#1274 = CARTESIAN_POINT('',(0.,0.));
#1275 = VECTOR('',#1276,1.);
#1276 = DIRECTION('',(0.,1.));
#1277 = ( GEOMETRIC_REPRESENTATION_CONTEXT(2) 
PARAMETRIC_REPRESENTATION_CONTEXT() REPRESENTATION_CONTEXT('2D SPACE',''
  ) );
#1278 = ORIENTED_EDGE('',*,*,#1279,.F.);
#1279 = EDGE_CURVE('',#1280,#1246,#1282,.T.);
#1280 = VERTEX_POINT('',#1281);
#1281 = CARTESIAN_POINT('',(-4.094520461813,2.78161862731,0.));
#1282 = SURFACE_CURVE('',#1283,(#1288,#1296),.PCURVE_S1.);
#1283 = B_SPLINE_CURVE_WITH_KNOTS('',3,(#1284,#1285,#1286,#1287),
  .UNSPECIFIED.,.F.,.F.,(4,4),(0.,1.),.PIECEWISE_BEZIER_KNOTS.);
#1284 = CARTESIAN_POINT('',(-4.094520461813,2.78161862731,0.));
#1285 = CARTESIAN_POINT('',(-4.035948193476,2.867836956976,0.));
#1286 = CARTESIAN_POINT('',(-3.974651605805,2.952204472033,0.));
#1287 = CARTESIAN_POINT('',(-3.910752927867,3.034552938602,0.));
#1288 = PCURVE('',#49,#1289);
#1289 = DEFINITIONAL_REPRESENTATION('',(#1290),#1295);
#1290 = B_SPLINE_CURVE_WITH_KNOTS('',3,(#1291,#1292,#1293,#1294),
  .UNSPECIFIED.,.F.,.F.,(4,4),(0.,1.),.PIECEWISE_BEZIER_KNOTS.);
#1291 = CARTESIAN_POINT('',(-4.094520461813,2.78161862731));
#1292 = CARTESIAN_POINT('',(-4.035948193476,2.867836956976));
#1293 = CARTESIAN_POINT('',(-3.974651605805,2.952204472033));
#1294 = CARTESIAN_POINT('',(-3.910752927867,3.034552938602));
#1295 = ( GEOMETRIC_REPRESENTATION_CONTEXT(2) 
PARAMETRIC_REPRESENTATION_CONTEXT() REPRESENTATION_CONTEXT('2D SPACE',''
  ) );
#1296 = PCURVE('',#1297,#1306);
#1297 = B_SPLINE_SURFACE_WITH_KNOTS('',1,3,(
    (#1298,#1299,#1300,#1301)
    ,(#1302,#1303,#1304,#1305
    )),.UNSPECIFIED.,.F.,.F.,.F.,(2,2),(4,4),(0.,1.),(0.,1.),
  .PIECEWISE_BEZIER_KNOTS.);
#1298 = CARTESIAN_POINT('',(-4.094520461813,2.78161862731,0.));
#1299 = CARTESIAN_POINT('',(-4.035948193476,2.867836956976,0.));
#1300 = CARTESIAN_POINT('',(-3.974651605805,2.952204472033,0.));
#1301 = CARTESIAN_POINT('',(-3.910752927867,3.034552938602,0.));
#1302 = CARTESIAN_POINT('',(-4.094520461813,2.78161862731,5.));
#1303 = CARTESIAN_POINT('',(-4.035948193476,2.867836956976,5.));
#1304 = CARTESIAN_POINT('',(-3.974651605805,2.952204472033,5.));
#1305 = CARTESIAN_POINT('',(-3.910752927867,3.034552938602,5.));
#1306 = DEFINITIONAL_REPRESENTATION('',(#1307),#1311);
#1307 = LINE('',#1308,#1309);
#1308 = CARTESIAN_POINT('',(0.,0.));
#1309 = VECTOR('',#1310,1.);
#1310 = DIRECTION('',(0.,1.));
#1311 = ( GEOMETRIC_REPRESENTATION_CONTEXT(2) 
PARAMETRIC_REPRESENTATION_CONTEXT() REPRESENTATION_CONTEXT('2D SPACE',''
  ) );
#1312 = ORIENTED_EDGE('',*,*,#1313,.F.);
#1313 = EDGE_CURVE('',#1314,#1280,#1316,.T.);
#1314 = VERTEX_POINT('',#1315);
#1315 = CARTESIAN_POINT('',(-3.638017277642,2.155465210611,0.));
#1316 = SURFACE_CURVE('',#1317,(#1322,#1330),.PCURVE_S1.);
#1317 = B_SPLINE_CURVE_WITH_KNOTS('',3,(#1318,#1319,#1320,#1321),
  .UNSPECIFIED.,.F.,.F.,(4,4),(0.,1.),.PIECEWISE_BEZIER_KNOTS.);
#1318 = CARTESIAN_POINT('',(-3.638017277642,2.155465210611,0.));
#1319 = CARTESIAN_POINT('',(-3.847911390608,2.312667590893,0.));
#1320 = CARTESIAN_POINT('',(-3.984107761469,2.548418670502,0.));
#1321 = CARTESIAN_POINT('',(-4.094520461813,2.78161862731,0.));
#1322 = PCURVE('',#49,#1323);
#1323 = DEFINITIONAL_REPRESENTATION('',(#1324),#1329);
#1324 = B_SPLINE_CURVE_WITH_KNOTS('',3,(#1325,#1326,#1327,#1328),
  .UNSPECIFIED.,.F.,.F.,(4,4),(0.,1.),.PIECEWISE_BEZIER_KNOTS.);
#1325 = CARTESIAN_POINT('',(-3.638017277642,2.155465210611));
#1326 = CARTESIAN_POINT('',(-3.847911390608,2.312667590893));
#1327 = CARTESIAN_POINT('',(-3.984107761469,2.548418670502));
#1328 = CARTESIAN_POINT('',(-4.094520461813,2.78161862731));
#1329 = ( GEOMETRIC_REPRESENTATION_CONTEXT(2) 
PARAMETRIC_REPRESENTATION_CONTEXT() REPRESENTATION_CONTEXT('2D SPACE',''
  ) );
#1330 = PCURVE('',#1331,#1340);
#1331 = B_SPLINE_SURFACE_WITH_KNOTS('',1,3,(
    (#1332,#1333,#1334,#1335)
    ,(#1336,#1337,#1338,#1339
    )),.UNSPECIFIED.,.F.,.F.,.F.,(2,2),(4,4),(0.,1.),(0.,1.),
  .PIECEWISE_BEZIER_KNOTS.);
#1332 = CARTESIAN_POINT('',(-3.638017277642,2.155465210611,0.));
#1333 = CARTESIAN_POINT('',(-3.847911390608,2.312667590893,0.));
#1334 = CARTESIAN_POINT('',(-3.984107761469,2.548418670502,0.));
#1335 = CARTESIAN_POINT('',(-4.094520461813,2.78161862731,0.));
#1336 = CARTESIAN_POINT('',(-3.638017277642,2.155465210611,5.));
#1337 = CARTESIAN_POINT('',(-3.847911390608,2.312667590893,5.));
#1338 = CARTESIAN_POINT('',(-3.984107761469,2.548418670502,5.));
#1339 = CARTESIAN_POINT('',(-4.094520461813,2.78161862731,5.));
#1340 = DEFINITIONAL_REPRESENTATION('',(#1341),#1345);
#1341 = LINE('',#1342,#1343);
#1342 = CARTESIAN_POINT('',(0.,0.));
#1343 = VECTOR('',#1344,1.);
#1344 = DIRECTION('',(0.,1.));
#1345 = ( GEOMETRIC_REPRESENTATION_CONTEXT(2) 
PARAMETRIC_REPRESENTATION_CONTEXT() REPRESENTATION_CONTEXT('2D SPACE',''
  ) );
#1346 = ORIENTED_EDGE('',*,*,#1347,.F.);
#1347 = EDGE_CURVE('',#1348,#1314,#1350,.T.);
#1348 = VERTEX_POINT('',#1349);
#1349 = CARTESIAN_POINT('',(-3.882180889552,1.676267140816,0.));
#1350 = SURFACE_CURVE('',#1351,(#1356,#1364),.PCURVE_S1.);
#1351 = B_SPLINE_CURVE_WITH_KNOTS('',3,(#1352,#1353,#1354,#1355),
  .UNSPECIFIED.,.F.,.F.,(4,4),(0.,1.),.PIECEWISE_BEZIER_KNOTS.);
#1352 = CARTESIAN_POINT('',(-3.882180889552,1.676267140816,0.));
#1353 = CARTESIAN_POINT('',(-3.565119176888,1.488069218828,0.));
#1354 = CARTESIAN_POINT('',(-3.299397761678,2.009576859857,0.));
#1355 = CARTESIAN_POINT('',(-3.638017277642,2.155465210611,0.));
#1356 = PCURVE('',#49,#1357);
#1357 = DEFINITIONAL_REPRESENTATION('',(#1358),#1363);
#1358 = B_SPLINE_CURVE_WITH_KNOTS('',3,(#1359,#1360,#1361,#1362),
  .UNSPECIFIED.,.F.,.F.,(4,4),(0.,1.),.PIECEWISE_BEZIER_KNOTS.);
#1359 = CARTESIAN_POINT('',(-3.882180889552,1.676267140816));
#1360 = CARTESIAN_POINT('',(-3.565119176888,1.488069218828));
#1361 = CARTESIAN_POINT('',(-3.299397761678,2.009576859857));
#1362 = CARTESIAN_POINT('',(-3.638017277642,2.155465210611));
#1363 = ( GEOMETRIC_REPRESENTATION_CONTEXT(2) 
PARAMETRIC_REPRESENTATION_CONTEXT() REPRESENTATION_CONTEXT('2D SPACE',''
  ) );
#1364 = PCURVE('',#1365,#1374);
#1365 = B_SPLINE_SURFACE_WITH_KNOTS('',1,3,(
    (#1366,#1367,#1368,#1369)
    ,(#1370,#1371,#1372,#1373
    )),.UNSPECIFIED.,.F.,.F.,.F.,(2,2),(4,4),(0.,1.),(0.,1.),
  .PIECEWISE_BEZIER_KNOTS.);
#1366 = CARTESIAN_POINT('',(-3.882180889552,1.676267140816,0.));
#1367 = CARTESIAN_POINT('',(-3.565119176888,1.488069218828,0.));
#1368 = CARTESIAN_POINT('',(-3.299397761678,2.009576859857,0.));
#1369 = CARTESIAN_POINT('',(-3.638017277642,2.155465210611,0.));
#1370 = CARTESIAN_POINT('',(-3.882180889552,1.676267140816,5.));
#1371 = CARTESIAN_POINT('',(-3.565119176888,1.488069218828,5.));
#1372 = CARTESIAN_POINT('',(-3.299397761678,2.009576859857,5.));
#1373 = CARTESIAN_POINT('',(-3.638017277642,2.155465210611,5.));
#1374 = DEFINITIONAL_REPRESENTATION('',(#1375),#1379);
#1375 = LINE('',#1376,#1377);
#1376 = CARTESIAN_POINT('',(0.,0.));
#1377 = VECTOR('',#1378,1.);
#1378 = DIRECTION('',(0.,1.));
#1379 = ( GEOMETRIC_REPRESENTATION_CONTEXT(2) 
PARAMETRIC_REPRESENTATION_CONTEXT() REPRESENTATION_CONTEXT('2D SPACE',''
  ) );
#1380 = ORIENTED_EDGE('',*,*,#1381,.F.);
#1381 = EDGE_CURVE('',#1382,#1348,#1384,.T.);
#1382 = VERTEX_POINT('',#1383);
#1383 = CARTESIAN_POINT('',(-4.657075484027,1.677542230787,0.));
#1384 = SURFACE_CURVE('',#1385,(#1390,#1398),.PCURVE_S1.);
#1385 = B_SPLINE_CURVE_WITH_KNOTS('',3,(#1386,#1387,#1388,#1389),
  .UNSPECIFIED.,.F.,.F.,(4,4),(0.,1.),.PIECEWISE_BEZIER_KNOTS.);
#1386 = CARTESIAN_POINT('',(-4.657075484027,1.677542230787,0.));
#1387 = CARTESIAN_POINT('',(-4.403513798954,1.725287975262,0.));
#1388 = CARTESIAN_POINT('',(-4.1327329509,1.753673804469,0.));
#1389 = CARTESIAN_POINT('',(-3.882180889552,1.676267140816,0.));
#1390 = PCURVE('',#49,#1391);
#1391 = DEFINITIONAL_REPRESENTATION('',(#1392),#1397);
#1392 = B_SPLINE_CURVE_WITH_KNOTS('',3,(#1393,#1394,#1395,#1396),
  .UNSPECIFIED.,.F.,.F.,(4,4),(0.,1.),.PIECEWISE_BEZIER_KNOTS.);
#1393 = CARTESIAN_POINT('',(-4.657075484027,1.677542230787));
#1394 = CARTESIAN_POINT('',(-4.403513798954,1.725287975262));
#1395 = CARTESIAN_POINT('',(-4.1327329509,1.753673804469));
#1396 = CARTESIAN_POINT('',(-3.882180889552,1.676267140816));
#1397 = ( GEOMETRIC_REPRESENTATION_CONTEXT(2) 
PARAMETRIC_REPRESENTATION_CONTEXT() REPRESENTATION_CONTEXT('2D SPACE',''
  ) );
#1398 = PCURVE('',#1399,#1408);
#1399 = B_SPLINE_SURFACE_WITH_KNOTS('',1,3,(
    (#1400,#1401,#1402,#1403)
    ,(#1404,#1405,#1406,#1407
    )),.UNSPECIFIED.,.F.,.F.,.F.,(2,2),(4,4),(0.,1.),(0.,1.),
  .PIECEWISE_BEZIER_KNOTS.);
#1400 = CARTESIAN_POINT('',(-4.657075484027,1.677542230787,0.));
#1401 = CARTESIAN_POINT('',(-4.403513798954,1.725287975262,0.));
#1402 = CARTESIAN_POINT('',(-4.1327329509,1.753673804469,0.));
#1403 = CARTESIAN_POINT('',(-3.882180889552,1.676267140816,0.));
#1404 = CARTESIAN_POINT('',(-4.657075484027,1.677542230787,5.));
#1405 = CARTESIAN_POINT('',(-4.403513798954,1.725287975262,5.));
#1406 = CARTESIAN_POINT('',(-4.1327329509,1.753673804469,5.));
#1407 = CARTESIAN_POINT('',(-3.882180889552,1.676267140816,5.));
#1408 = DEFINITIONAL_REPRESENTATION('',(#1409),#1413);
#1409 = LINE('',#1410,#1411);
#1410 = CARTESIAN_POINT('',(0.,0.));
#1411 = VECTOR('',#1412,1.);
#1412 = DIRECTION('',(0.,1.));
#1413 = ( GEOMETRIC_REPRESENTATION_CONTEXT(2) 
PARAMETRIC_REPRESENTATION_CONTEXT() REPRESENTATION_CONTEXT('2D SPACE',''
  ) );
#1414 = ORIENTED_EDGE('',*,*,#1415,.F.);
#1415 = EDGE_CURVE('',#1416,#1382,#1418,.T.);
#1416 = VERTEX_POINT('',#1417);
#1417 = CARTESIAN_POINT('',(-4.753687794019,1.380200114835,0.));
#1418 = SURFACE_CURVE('',#1419,(#1424,#1432),.PCURVE_S1.);
#1419 = B_SPLINE_CURVE_WITH_KNOTS('',3,(#1420,#1421,#1422,#1423),
  .UNSPECIFIED.,.F.,.F.,(4,4),(0.,1.),.PIECEWISE_BEZIER_KNOTS.);
#1420 = CARTESIAN_POINT('',(-4.753687794019,1.380200114835,0.));
#1421 = CARTESIAN_POINT('',(-4.724625185637,1.480298445403,0.));
#1422 = CARTESIAN_POINT('',(-4.692399662432,1.579478407649,0.));
#1423 = CARTESIAN_POINT('',(-4.657075484027,1.677542230787,0.));
#1424 = PCURVE('',#49,#1425);
#1425 = DEFINITIONAL_REPRESENTATION('',(#1426),#1431);
#1426 = B_SPLINE_CURVE_WITH_KNOTS('',3,(#1427,#1428,#1429,#1430),
  .UNSPECIFIED.,.F.,.F.,(4,4),(0.,1.),.PIECEWISE_BEZIER_KNOTS.);
#1427 = CARTESIAN_POINT('',(-4.753687794019,1.380200114835));
#1428 = CARTESIAN_POINT('',(-4.724625185637,1.480298445403));
#1429 = CARTESIAN_POINT('',(-4.692399662432,1.579478407649));
#1430 = CARTESIAN_POINT('',(-4.657075484027,1.677542230787));
#1431 = ( GEOMETRIC_REPRESENTATION_CONTEXT(2) 
PARAMETRIC_REPRESENTATION_CONTEXT() REPRESENTATION_CONTEXT('2D SPACE',''
  ) );
#1432 = PCURVE('',#1433,#1442);
#1433 = B_SPLINE_SURFACE_WITH_KNOTS('',1,3,(
    (#1434,#1435,#1436,#1437)
    ,(#1438,#1439,#1440,#1441
    )),.UNSPECIFIED.,.F.,.F.,.F.,(2,2),(4,4),(0.,1.),(0.,1.),
  .PIECEWISE_BEZIER_KNOTS.);
#1434 = CARTESIAN_POINT('',(-4.753687794019,1.380200114835,0.));
#1435 = CARTESIAN_POINT('',(-4.724625185637,1.480298445403,0.));
#1436 = CARTESIAN_POINT('',(-4.692399662432,1.579478407649,0.));
#1437 = CARTESIAN_POINT('',(-4.657075484027,1.677542230787,0.));
#1438 = CARTESIAN_POINT('',(-4.753687794019,1.380200114835,5.));
#1439 = CARTESIAN_POINT('',(-4.724625185637,1.480298445403,5.));
#1440 = CARTESIAN_POINT('',(-4.692399662432,1.579478407649,5.));
#1441 = CARTESIAN_POINT('',(-4.657075484027,1.677542230787,5.));
#1442 = DEFINITIONAL_REPRESENTATION('',(#1443),#1447);
#1443 = LINE('',#1444,#1445);
#1444 = CARTESIAN_POINT('',(0.,0.));
#1445 = VECTOR('',#1446,1.);
#1446 = DIRECTION('',(0.,1.));
#1447 = ( GEOMETRIC_REPRESENTATION_CONTEXT(2) 
PARAMETRIC_REPRESENTATION_CONTEXT() REPRESENTATION_CONTEXT('2D SPACE',''
  ) );
#1448 = ORIENTED_EDGE('',*,*,#1449,.F.);
#1449 = EDGE_CURVE('',#1450,#1416,#1452,.T.);
#1450 = VERTEX_POINT('',#1451);
#1451 = CARTESIAN_POINT('',(-4.126035419159,0.925760069578,0.));
#1452 = SURFACE_CURVE('',#1453,(#1458,#1466),.PCURVE_S1.);
#1453 = B_SPLINE_CURVE_WITH_KNOTS('',3,(#1454,#1455,#1456,#1457),
  .UNSPECIFIED.,.F.,.F.,(4,4),(0.,1.),.PIECEWISE_BEZIER_KNOTS.);
#1454 = CARTESIAN_POINT('',(-4.126035419159,0.925760069578,0.));
#1455 = CARTESIAN_POINT('',(-4.37423479009,1.010407569796,0.));
#1456 = CARTESIAN_POINT('',(-4.576616326135,1.192533177114,0.));
#1457 = CARTESIAN_POINT('',(-4.753687794019,1.380200114835,0.));
#1458 = PCURVE('',#49,#1459);
#1459 = DEFINITIONAL_REPRESENTATION('',(#1460),#1465);
#1460 = B_SPLINE_CURVE_WITH_KNOTS('',3,(#1461,#1462,#1463,#1464),
  .UNSPECIFIED.,.F.,.F.,(4,4),(0.,1.),.PIECEWISE_BEZIER_KNOTS.);
#1461 = CARTESIAN_POINT('',(-4.126035419159,0.925760069578));
#1462 = CARTESIAN_POINT('',(-4.37423479009,1.010407569796));
#1463 = CARTESIAN_POINT('',(-4.576616326135,1.192533177114));
#1464 = CARTESIAN_POINT('',(-4.753687794019,1.380200114835));
#1465 = ( GEOMETRIC_REPRESENTATION_CONTEXT(2) 
PARAMETRIC_REPRESENTATION_CONTEXT() REPRESENTATION_CONTEXT('2D SPACE',''
  ) );
#1466 = PCURVE('',#1467,#1476);
#1467 = B_SPLINE_SURFACE_WITH_KNOTS('',1,3,(
    (#1468,#1469,#1470,#1471)
    ,(#1472,#1473,#1474,#1475
    )),.UNSPECIFIED.,.F.,.F.,.F.,(2,2),(4,4),(0.,1.),(0.,1.),
  .PIECEWISE_BEZIER_KNOTS.);
#1468 = CARTESIAN_POINT('',(-4.126035419159,0.925760069578,0.));
#1469 = CARTESIAN_POINT('',(-4.37423479009,1.010407569796,0.));
#1470 = CARTESIAN_POINT('',(-4.576616326135,1.192533177114,0.));
#1471 = CARTESIAN_POINT('',(-4.753687794019,1.380200114835,0.));
#1472 = CARTESIAN_POINT('',(-4.126035419159,0.925760069578,5.));
#1473 = CARTESIAN_POINT('',(-4.37423479009,1.010407569796,5.));
#1474 = CARTESIAN_POINT('',(-4.576616326135,1.192533177114,5.));
#1475 = CARTESIAN_POINT('',(-4.753687794019,1.380200114835,5.));
#1476 = DEFINITIONAL_REPRESENTATION('',(#1477),#1481);
#1477 = LINE('',#1478,#1479);
#1478 = CARTESIAN_POINT('',(0.,0.));
#1479 = VECTOR('',#1480,1.);
#1480 = DIRECTION('',(0.,1.));
#1481 = ( GEOMETRIC_REPRESENTATION_CONTEXT(2) 
PARAMETRIC_REPRESENTATION_CONTEXT() REPRESENTATION_CONTEXT('2D SPACE',''
  ) );
#1482 = ORIENTED_EDGE('',*,*,#1483,.F.);
#1483 = EDGE_CURVE('',#1484,#1450,#1486,.T.);
#1484 = VERTEX_POINT('',#1485);
#1485 = CARTESIAN_POINT('',(-4.210168466069,0.394564917215,0.));
#1486 = SURFACE_CURVE('',#1487,(#1492,#1500),.PCURVE_S1.);
#1487 = B_SPLINE_CURVE_WITH_KNOTS('',3,(#1488,#1489,#1490,#1491),
  .UNSPECIFIED.,.F.,.F.,(4,4),(0.,1.),.PIECEWISE_BEZIER_KNOTS.);
#1488 = CARTESIAN_POINT('',(-4.210168466069,0.394564917215,0.));
#1489 = CARTESIAN_POINT('',(-3.850468501973,0.313555514634,0.));
#1490 = CARTESIAN_POINT('',(-3.758907142292,0.891651188002,0.));
#1491 = CARTESIAN_POINT('',(-4.126035419159,0.925760069578,0.));
#1492 = PCURVE('',#49,#1493);
#1493 = DEFINITIONAL_REPRESENTATION('',(#1494),#1499);
#1494 = B_SPLINE_CURVE_WITH_KNOTS('',3,(#1495,#1496,#1497,#1498),
  .UNSPECIFIED.,.F.,.F.,(4,4),(0.,1.),.PIECEWISE_BEZIER_KNOTS.);
#1495 = CARTESIAN_POINT('',(-4.210168466069,0.394564917215));
#1496 = CARTESIAN_POINT('',(-3.850468501973,0.313555514634));
#1497 = CARTESIAN_POINT('',(-3.758907142292,0.891651188002));
#1498 = CARTESIAN_POINT('',(-4.126035419159,0.925760069578));
#1499 = ( GEOMETRIC_REPRESENTATION_CONTEXT(2) 
PARAMETRIC_REPRESENTATION_CONTEXT() REPRESENTATION_CONTEXT('2D SPACE',''
  ) );
#1500 = PCURVE('',#1501,#1510);
#1501 = B_SPLINE_SURFACE_WITH_KNOTS('',1,3,(
    (#1502,#1503,#1504,#1505)
    ,(#1506,#1507,#1508,#1509
    )),.UNSPECIFIED.,.F.,.F.,.F.,(2,2),(4,4),(0.,1.),(0.,1.),
  .PIECEWISE_BEZIER_KNOTS.);
#1502 = CARTESIAN_POINT('',(-4.210168466069,0.394564917215,0.));
#1503 = CARTESIAN_POINT('',(-3.850468501973,0.313555514634,0.));
#1504 = CARTESIAN_POINT('',(-3.758907142292,0.891651188002,0.));
#1505 = CARTESIAN_POINT('',(-4.126035419159,0.925760069578,0.));
#1506 = CARTESIAN_POINT('',(-4.210168466069,0.394564917215,5.));
#1507 = CARTESIAN_POINT('',(-3.850468501973,0.313555514634,5.));
#1508 = CARTESIAN_POINT('',(-3.758907142292,0.891651188002,5.));
#1509 = CARTESIAN_POINT('',(-4.126035419159,0.925760069578,5.));
#1510 = DEFINITIONAL_REPRESENTATION('',(#1511),#1515);
#1511 = LINE('',#1512,#1513);
#1512 = CARTESIAN_POINT('',(0.,0.));
#1513 = VECTOR('',#1514,1.);
#1514 = DIRECTION('',(0.,1.));
#1515 = ( GEOMETRIC_REPRESENTATION_CONTEXT(2) 
PARAMETRIC_REPRESENTATION_CONTEXT() REPRESENTATION_CONTEXT('2D SPACE',''
  ) );
#1516 = ORIENTED_EDGE('',*,*,#1517,.F.);
#1517 = EDGE_CURVE('',#1518,#1484,#1520,.T.);
#1518 = VERTEX_POINT('',#1519);
#1519 = CARTESIAN_POINT('',(-4.947531044057,0.156322001299,0.));
#1520 = SURFACE_CURVE('',#1521,(#1526,#1534),.PCURVE_S1.);
#1521 = B_SPLINE_CURVE_WITH_KNOTS('',3,(#1522,#1523,#1524,#1525),
  .UNSPECIFIED.,.F.,.F.,(4,4),(0.,1.),.PIECEWISE_BEZIER_KNOTS.);
#1522 = CARTESIAN_POINT('',(-4.947531044057,0.156322001299,0.));
#1523 = CARTESIAN_POINT('',(-4.721133797638,0.280085772517,0.));
#1524 = CARTESIAN_POINT('',(-4.472377611232,0.390758184155,0.));
#1525 = CARTESIAN_POINT('',(-4.210168466069,0.394564917215,0.));
#1526 = PCURVE('',#49,#1527);
#1527 = DEFINITIONAL_REPRESENTATION('',(#1528),#1533);
#1528 = B_SPLINE_CURVE_WITH_KNOTS('',3,(#1529,#1530,#1531,#1532),
  .UNSPECIFIED.,.F.,.F.,(4,4),(0.,1.),.PIECEWISE_BEZIER_KNOTS.);
#1529 = CARTESIAN_POINT('',(-4.947531044057,0.156322001299));
#1530 = CARTESIAN_POINT('',(-4.721133797638,0.280085772517));
#1531 = CARTESIAN_POINT('',(-4.472377611232,0.390758184155));
#1532 = CARTESIAN_POINT('',(-4.210168466069,0.394564917215));
#1533 = ( GEOMETRIC_REPRESENTATION_CONTEXT(2) 
PARAMETRIC_REPRESENTATION_CONTEXT() REPRESENTATION_CONTEXT('2D SPACE',''
  ) );
#1534 = PCURVE('',#1535,#1544);
#1535 = B_SPLINE_SURFACE_WITH_KNOTS('',1,3,(
    (#1536,#1537,#1538,#1539)
    ,(#1540,#1541,#1542,#1543
    )),.UNSPECIFIED.,.F.,.F.,.F.,(2,2),(4,4),(0.,1.),(0.,1.),
  .PIECEWISE_BEZIER_KNOTS.);
#1536 = CARTESIAN_POINT('',(-4.947531044057,0.156322001299,0.));
#1537 = CARTESIAN_POINT('',(-4.721133797638,0.280085772517,0.));
#1538 = CARTESIAN_POINT('',(-4.472377611232,0.390758184155,0.));
#1539 = CARTESIAN_POINT('',(-4.210168466069,0.394564917215,0.));
#1540 = CARTESIAN_POINT('',(-4.947531044057,0.156322001299,5.));
#1541 = CARTESIAN_POINT('',(-4.721133797638,0.280085772517,5.));
#1542 = CARTESIAN_POINT('',(-4.472377611232,0.390758184155,5.));
#1543 = CARTESIAN_POINT('',(-4.210168466069,0.394564917215,5.));
#1544 = DEFINITIONAL_REPRESENTATION('',(#1545),#1549);
#1545 = LINE('',#1546,#1547);
#1546 = CARTESIAN_POINT('',(0.,0.));
#1547 = VECTOR('',#1548,1.);
#1548 = DIRECTION('',(0.,1.));
#1549 = ( GEOMETRIC_REPRESENTATION_CONTEXT(2) 
PARAMETRIC_REPRESENTATION_CONTEXT() REPRESENTATION_CONTEXT('2D SPACE',''
  ) );
#1550 = ORIENTED_EDGE('',*,*,#1551,.F.);
#1551 = EDGE_CURVE('',#1552,#1518,#1554,.T.);
#1552 = VERTEX_POINT('',#1553);
#1553 = CARTESIAN_POINT('',(-4.947531044057,-0.156322001299,0.));
#1554 = SURFACE_CURVE('',#1555,(#1560,#1568),.PCURVE_S1.);
#1555 = B_SPLINE_CURVE_WITH_KNOTS('',3,(#1556,#1557,#1558,#1559),
  .UNSPECIFIED.,.F.,.F.,(4,4),(0.,1.),.PIECEWISE_BEZIER_KNOTS.);
#1556 = CARTESIAN_POINT('',(-4.947531044057,-0.156322001299,0.));
#1557 = CARTESIAN_POINT('',(-4.950822946229,-5.21419918516E-02,0.));
#1558 = CARTESIAN_POINT('',(-4.950822946229,5.21419918516E-02,0.));
#1559 = CARTESIAN_POINT('',(-4.947531044057,0.156322001299,0.));
#1560 = PCURVE('',#49,#1561);
#1561 = DEFINITIONAL_REPRESENTATION('',(#1562),#1567);
#1562 = B_SPLINE_CURVE_WITH_KNOTS('',3,(#1563,#1564,#1565,#1566),
  .UNSPECIFIED.,.F.,.F.,(4,4),(0.,1.),.PIECEWISE_BEZIER_KNOTS.);
#1563 = CARTESIAN_POINT('',(-4.947531044057,-0.156322001299));
#1564 = CARTESIAN_POINT('',(-4.950822946229,-5.21419918516E-02));
#1565 = CARTESIAN_POINT('',(-4.950822946229,5.21419918516E-02));
#1566 = CARTESIAN_POINT('',(-4.947531044057,0.156322001299));
#1567 = ( GEOMETRIC_REPRESENTATION_CONTEXT(2) 
PARAMETRIC_REPRESENTATION_CONTEXT() REPRESENTATION_CONTEXT('2D SPACE',''
  ) );
#1568 = PCURVE('',#1569,#1578);
#1569 = B_SPLINE_SURFACE_WITH_KNOTS('',1,3,(
    (#1570,#1571,#1572,#1573)
    ,(#1574,#1575,#1576,#1577
    )),.UNSPECIFIED.,.F.,.F.,.F.,(2,2),(4,4),(0.,1.),(0.,1.),
  .PIECEWISE_BEZIER_KNOTS.);
#1570 = CARTESIAN_POINT('',(-4.947531044057,-0.156322001299,0.));
#1571 = CARTESIAN_POINT('',(-4.950822946229,-5.21419918516E-02,0.));
#1572 = CARTESIAN_POINT('',(-4.950822946229,5.21419918516E-02,0.));
#1573 = CARTESIAN_POINT('',(-4.947531044057,0.156322001299,0.));
#1574 = CARTESIAN_POINT('',(-4.947531044057,-0.156322001299,5.));
#1575 = CARTESIAN_POINT('',(-4.950822946229,-5.21419918516E-02,5.));
#1576 = CARTESIAN_POINT('',(-4.950822946229,5.21419918516E-02,5.));
#1577 = CARTESIAN_POINT('',(-4.947531044057,0.156322001299,5.));
#1578 = DEFINITIONAL_REPRESENTATION('',(#1579),#1583);
#1579 = LINE('',#1580,#1581);
#1580 = CARTESIAN_POINT('',(0.,0.));
#1581 = VECTOR('',#1582,1.);
#1582 = DIRECTION('',(0.,1.));
#1583 = ( GEOMETRIC_REPRESENTATION_CONTEXT(2) 
PARAMETRIC_REPRESENTATION_CONTEXT() REPRESENTATION_CONTEXT('2D SPACE',''
  ) );
#1584 = ORIENTED_EDGE('',*,*,#1585,.F.);
#1585 = EDGE_CURVE('',#1586,#1552,#1588,.T.);
#1586 = VERTEX_POINT('',#1587);
#1587 = CARTESIAN_POINT('',(-4.210168466069,-0.394564917215,0.));
#1588 = SURFACE_CURVE('',#1589,(#1594,#1602),.PCURVE_S1.);
#1589 = B_SPLINE_CURVE_WITH_KNOTS('',3,(#1590,#1591,#1592,#1593),
  .UNSPECIFIED.,.F.,.F.,(4,4),(0.,1.),.PIECEWISE_BEZIER_KNOTS.);
#1590 = CARTESIAN_POINT('',(-4.210168466069,-0.394564917215,0.));
#1591 = CARTESIAN_POINT('',(-4.472377611232,-0.390758184155,0.));
#1592 = CARTESIAN_POINT('',(-4.721133797638,-0.280085772517,0.));
#1593 = CARTESIAN_POINT('',(-4.947531044057,-0.156322001299,0.));
#1594 = PCURVE('',#49,#1595);
#1595 = DEFINITIONAL_REPRESENTATION('',(#1596),#1601);
#1596 = B_SPLINE_CURVE_WITH_KNOTS('',3,(#1597,#1598,#1599,#1600),
  .UNSPECIFIED.,.F.,.F.,(4,4),(0.,1.),.PIECEWISE_BEZIER_KNOTS.);
#1597 = CARTESIAN_POINT('',(-4.210168466069,-0.394564917215));
#1598 = CARTESIAN_POINT('',(-4.472377611232,-0.390758184155));
#1599 = CARTESIAN_POINT('',(-4.721133797638,-0.280085772517));
#1600 = CARTESIAN_POINT('',(-4.947531044057,-0.156322001299));
#1601 = ( GEOMETRIC_REPRESENTATION_CONTEXT(2) 
PARAMETRIC_REPRESENTATION_CONTEXT() REPRESENTATION_CONTEXT('2D SPACE',''
  ) );
#1602 = PCURVE('',#1603,#1612);
#1603 = B_SPLINE_SURFACE_WITH_KNOTS('',1,3,(
    (#1604,#1605,#1606,#1607)
    ,(#1608,#1609,#1610,#1611
    )),.UNSPECIFIED.,.F.,.F.,.F.,(2,2),(4,4),(0.,1.),(0.,1.),
  .PIECEWISE_BEZIER_KNOTS.);
#1604 = CARTESIAN_POINT('',(-4.210168466069,-0.394564917215,0.));
#1605 = CARTESIAN_POINT('',(-4.472377611232,-0.390758184155,0.));
#1606 = CARTESIAN_POINT('',(-4.721133797638,-0.280085772517,0.));
#1607 = CARTESIAN_POINT('',(-4.947531044057,-0.156322001299,0.));
#1608 = CARTESIAN_POINT('',(-4.210168466069,-0.394564917215,5.));
#1609 = CARTESIAN_POINT('',(-4.472377611232,-0.390758184155,5.));
#1610 = CARTESIAN_POINT('',(-4.721133797638,-0.280085772517,5.));
#1611 = CARTESIAN_POINT('',(-4.947531044057,-0.156322001299,5.));
#1612 = DEFINITIONAL_REPRESENTATION('',(#1613),#1617);
#1613 = LINE('',#1614,#1615);
#1614 = CARTESIAN_POINT('',(0.,0.));
#1615 = VECTOR('',#1616,1.);
#1616 = DIRECTION('',(0.,1.));
#1617 = ( GEOMETRIC_REPRESENTATION_CONTEXT(2) 
PARAMETRIC_REPRESENTATION_CONTEXT() REPRESENTATION_CONTEXT('2D SPACE',''
  ) );
#1618 = ORIENTED_EDGE('',*,*,#1619,.F.);
#1619 = EDGE_CURVE('',#1620,#1586,#1622,.T.);
#1620 = VERTEX_POINT('',#1621);
#1621 = CARTESIAN_POINT('',(-4.126035419159,-0.925760069578,0.));
#1622 = SURFACE_CURVE('',#1623,(#1628,#1636),.PCURVE_S1.);
#1623 = B_SPLINE_CURVE_WITH_KNOTS('',3,(#1624,#1625,#1626,#1627),
  .UNSPECIFIED.,.F.,.F.,(4,4),(0.,1.),.PIECEWISE_BEZIER_KNOTS.);
#1624 = CARTESIAN_POINT('',(-4.126035419159,-0.925760069578,0.));
#1625 = CARTESIAN_POINT('',(-3.758907142292,-0.891651188002,0.));
#1626 = CARTESIAN_POINT('',(-3.850468501973,-0.313555514634,0.));
#1627 = CARTESIAN_POINT('',(-4.210168466069,-0.394564917215,0.));
#1628 = PCURVE('',#49,#1629);
#1629 = DEFINITIONAL_REPRESENTATION('',(#1630),#1635);
#1630 = B_SPLINE_CURVE_WITH_KNOTS('',3,(#1631,#1632,#1633,#1634),
  .UNSPECIFIED.,.F.,.F.,(4,4),(0.,1.),.PIECEWISE_BEZIER_KNOTS.);
#1631 = CARTESIAN_POINT('',(-4.126035419159,-0.925760069578));
#1632 = CARTESIAN_POINT('',(-3.758907142292,-0.891651188002));
#1633 = CARTESIAN_POINT('',(-3.850468501973,-0.313555514634));
#1634 = CARTESIAN_POINT('',(-4.210168466069,-0.394564917215));
#1635 = ( GEOMETRIC_REPRESENTATION_CONTEXT(2) 
PARAMETRIC_REPRESENTATION_CONTEXT() REPRESENTATION_CONTEXT('2D SPACE',''
  ) );
#1636 = PCURVE('',#1637,#1646);
#1637 = B_SPLINE_SURFACE_WITH_KNOTS('',1,3,(
    (#1638,#1639,#1640,#1641)
    ,(#1642,#1643,#1644,#1645
    )),.UNSPECIFIED.,.F.,.F.,.F.,(2,2),(4,4),(0.,1.),(0.,1.),
  .PIECEWISE_BEZIER_KNOTS.);
#1638 = CARTESIAN_POINT('',(-4.126035419159,-0.925760069578,0.));
#1639 = CARTESIAN_POINT('',(-3.758907142292,-0.891651188002,0.));
#1640 = CARTESIAN_POINT('',(-3.850468501973,-0.313555514634,0.));
#1641 = CARTESIAN_POINT('',(-4.210168466069,-0.394564917215,0.));
#1642 = CARTESIAN_POINT('',(-4.126035419159,-0.925760069578,5.));
#1643 = CARTESIAN_POINT('',(-3.758907142292,-0.891651188002,5.));
#1644 = CARTESIAN_POINT('',(-3.850468501973,-0.313555514634,5.));
#1645 = CARTESIAN_POINT('',(-4.210168466069,-0.394564917215,5.));
#1646 = DEFINITIONAL_REPRESENTATION('',(#1647),#1651);
#1647 = LINE('',#1648,#1649);
#1648 = CARTESIAN_POINT('',(0.,0.));
#1649 = VECTOR('',#1650,1.);
#1650 = DIRECTION('',(0.,1.));
#1651 = ( GEOMETRIC_REPRESENTATION_CONTEXT(2) 
PARAMETRIC_REPRESENTATION_CONTEXT() REPRESENTATION_CONTEXT('2D SPACE',''
  ) );
#1652 = ORIENTED_EDGE('',*,*,#1653,.F.);
#1653 = EDGE_CURVE('',#1654,#1620,#1656,.T.);
#1654 = VERTEX_POINT('',#1655);
#1655 = CARTESIAN_POINT('',(-4.753687794019,-1.380200114835,0.));
#1656 = SURFACE_CURVE('',#1657,(#1662,#1670),.PCURVE_S1.);
#1657 = B_SPLINE_CURVE_WITH_KNOTS('',3,(#1658,#1659,#1660,#1661),
  .UNSPECIFIED.,.F.,.F.,(4,4),(0.,1.),.PIECEWISE_BEZIER_KNOTS.);
#1658 = CARTESIAN_POINT('',(-4.753687794019,-1.380200114835,0.));
#1659 = CARTESIAN_POINT('',(-4.576616326135,-1.192533177114,0.));
#1660 = CARTESIAN_POINT('',(-4.37423479009,-1.010407569796,0.));
#1661 = CARTESIAN_POINT('',(-4.126035419159,-0.925760069578,0.));
#1662 = PCURVE('',#49,#1663);
#1663 = DEFINITIONAL_REPRESENTATION('',(#1664),#1669);
#1664 = B_SPLINE_CURVE_WITH_KNOTS('',3,(#1665,#1666,#1667,#1668),
  .UNSPECIFIED.,.F.,.F.,(4,4),(0.,1.),.PIECEWISE_BEZIER_KNOTS.);
#1665 = CARTESIAN_POINT('',(-4.753687794019,-1.380200114835));
#1666 = CARTESIAN_POINT('',(-4.576616326135,-1.192533177114));
#1667 = CARTESIAN_POINT('',(-4.37423479009,-1.010407569796));
#1668 = CARTESIAN_POINT('',(-4.126035419159,-0.925760069578));
#1669 = ( GEOMETRIC_REPRESENTATION_CONTEXT(2) 
PARAMETRIC_REPRESENTATION_CONTEXT() REPRESENTATION_CONTEXT('2D SPACE',''
  ) );
#1670 = PCURVE('',#1671,#1680);
#1671 = B_SPLINE_SURFACE_WITH_KNOTS('',1,3,(
    (#1672,#1673,#1674,#1675)
    ,(#1676,#1677,#1678,#1679
    )),.UNSPECIFIED.,.F.,.F.,.F.,(2,2),(4,4),(0.,1.),(0.,1.),
  .PIECEWISE_BEZIER_KNOTS.);
#1672 = CARTESIAN_POINT('',(-4.753687794019,-1.380200114835,0.));
#1673 = CARTESIAN_POINT('',(-4.576616326135,-1.192533177114,0.));
#1674 = CARTESIAN_POINT('',(-4.37423479009,-1.010407569796,0.));
#1675 = CARTESIAN_POINT('',(-4.126035419159,-0.925760069578,0.));
#1676 = CARTESIAN_POINT('',(-4.753687794019,-1.380200114835,5.));
#1677 = CARTESIAN_POINT('',(-4.576616326135,-1.192533177114,5.));
#1678 = CARTESIAN_POINT('',(-4.37423479009,-1.010407569796,5.));
#1679 = CARTESIAN_POINT('',(-4.126035419159,-0.925760069578,5.));
#1680 = DEFINITIONAL_REPRESENTATION('',(#1681),#1685);
#1681 = LINE('',#1682,#1683);
#1682 = CARTESIAN_POINT('',(0.,0.));
#1683 = VECTOR('',#1684,1.);
#1684 = DIRECTION('',(0.,1.));
#1685 = ( GEOMETRIC_REPRESENTATION_CONTEXT(2) 
PARAMETRIC_REPRESENTATION_CONTEXT() REPRESENTATION_CONTEXT('2D SPACE',''
  ) );
#1686 = ORIENTED_EDGE('',*,*,#1687,.F.);
#1687 = EDGE_CURVE('',#1688,#1654,#1690,.T.);
#1688 = VERTEX_POINT('',#1689);
#1689 = CARTESIAN_POINT('',(-4.657075484027,-1.677542230787,0.));
#1690 = SURFACE_CURVE('',#1691,(#1696,#1704),.PCURVE_S1.);
#1691 = B_SPLINE_CURVE_WITH_KNOTS('',3,(#1692,#1693,#1694,#1695),
  .UNSPECIFIED.,.F.,.F.,(4,4),(0.,1.),.PIECEWISE_BEZIER_KNOTS.);
#1692 = CARTESIAN_POINT('',(-4.657075484027,-1.677542230787,0.));
#1693 = CARTESIAN_POINT('',(-4.692399662432,-1.579478407649,0.));
#1694 = CARTESIAN_POINT('',(-4.724625185637,-1.480298445403,0.));
#1695 = CARTESIAN_POINT('',(-4.753687794019,-1.380200114835,0.));
#1696 = PCURVE('',#49,#1697);
#1697 = DEFINITIONAL_REPRESENTATION('',(#1698),#1703);
#1698 = B_SPLINE_CURVE_WITH_KNOTS('',3,(#1699,#1700,#1701,#1702),
  .UNSPECIFIED.,.F.,.F.,(4,4),(0.,1.),.PIECEWISE_BEZIER_KNOTS.);
#1699 = CARTESIAN_POINT('',(-4.657075484027,-1.677542230787));
#1700 = CARTESIAN_POINT('',(-4.692399662432,-1.579478407649));
#1701 = CARTESIAN_POINT('',(-4.724625185637,-1.480298445403));
#1702 = CARTESIAN_POINT('',(-4.753687794019,-1.380200114835));
#1703 = ( GEOMETRIC_REPRESENTATION_CONTEXT(2) 
PARAMETRIC_REPRESENTATION_CONTEXT() REPRESENTATION_CONTEXT('2D SPACE',''
  ) );
#1704 = PCURVE('',#1705,#1714);
#1705 = B_SPLINE_SURFACE_WITH_KNOTS('',1,3,(
    (#1706,#1707,#1708,#1709)
    ,(#1710,#1711,#1712,#1713
    )),.UNSPECIFIED.,.F.,.F.,.F.,(2,2),(4,4),(0.,1.),(0.,1.),
  .PIECEWISE_BEZIER_KNOTS.);
#1706 = CARTESIAN_POINT('',(-4.657075484027,-1.677542230787,0.));
#1707 = CARTESIAN_POINT('',(-4.692399662432,-1.579478407649,0.));
#1708 = CARTESIAN_POINT('',(-4.724625185637,-1.480298445403,0.));
#1709 = CARTESIAN_POINT('',(-4.753687794019,-1.380200114835,0.));
#1710 = CARTESIAN_POINT('',(-4.657075484027,-1.677542230787,5.));
#1711 = CARTESIAN_POINT('',(-4.692399662432,-1.579478407649,5.));
#1712 = CARTESIAN_POINT('',(-4.724625185637,-1.480298445403,5.));
#1713 = CARTESIAN_POINT('',(-4.753687794019,-1.380200114835,5.));
#1714 = DEFINITIONAL_REPRESENTATION('',(#1715),#1719);
#1715 = LINE('',#1716,#1717);
#1716 = CARTESIAN_POINT('',(0.,0.));
#1717 = VECTOR('',#1718,1.);
#1718 = DIRECTION('',(0.,1.));
#1719 = ( GEOMETRIC_REPRESENTATION_CONTEXT(2) 
PARAMETRIC_REPRESENTATION_CONTEXT() REPRESENTATION_CONTEXT('2D SPACE',''
  ) );
#1720 = ORIENTED_EDGE('',*,*,#1721,.F.);
#1721 = EDGE_CURVE('',#1722,#1688,#1724,.T.);
#1722 = VERTEX_POINT('',#1723);
#1723 = CARTESIAN_POINT('',(-3.882180889552,-1.676267140816,0.));
#1724 = SURFACE_CURVE('',#1725,(#1730,#1738),.PCURVE_S1.);
#1725 = B_SPLINE_CURVE_WITH_KNOTS('',3,(#1726,#1727,#1728,#1729),
  .UNSPECIFIED.,.F.,.F.,(4,4),(0.,1.),.PIECEWISE_BEZIER_KNOTS.);
#1726 = CARTESIAN_POINT('',(-3.882180889552,-1.676267140816,0.));
#1727 = CARTESIAN_POINT('',(-4.1327329509,-1.753673804469,0.));
#1728 = CARTESIAN_POINT('',(-4.403513798954,-1.725287975262,0.));
#1729 = CARTESIAN_POINT('',(-4.657075484027,-1.677542230787,0.));
#1730 = PCURVE('',#49,#1731);
#1731 = DEFINITIONAL_REPRESENTATION('',(#1732),#1737);
#1732 = B_SPLINE_CURVE_WITH_KNOTS('',3,(#1733,#1734,#1735,#1736),
  .UNSPECIFIED.,.F.,.F.,(4,4),(0.,1.),.PIECEWISE_BEZIER_KNOTS.);
#1733 = CARTESIAN_POINT('',(-3.882180889552,-1.676267140816));
#1734 = CARTESIAN_POINT('',(-4.1327329509,-1.753673804469));
#1735 = CARTESIAN_POINT('',(-4.403513798954,-1.725287975262));
#1736 = CARTESIAN_POINT('',(-4.657075484027,-1.677542230787));
#1737 = ( GEOMETRIC_REPRESENTATION_CONTEXT(2) 
PARAMETRIC_REPRESENTATION_CONTEXT() REPRESENTATION_CONTEXT('2D SPACE',''
  ) );
#1738 = PCURVE('',#1739,#1748);
#1739 = B_SPLINE_SURFACE_WITH_KNOTS('',1,3,(
    (#1740,#1741,#1742,#1743)
    ,(#1744,#1745,#1746,#1747
    )),.UNSPECIFIED.,.F.,.F.,.F.,(2,2),(4,4),(0.,1.),(0.,1.),
  .PIECEWISE_BEZIER_KNOTS.);
#1740 = CARTESIAN_POINT('',(-3.882180889552,-1.676267140816,0.));
#1741 = CARTESIAN_POINT('',(-4.1327329509,-1.753673804469,0.));
#1742 = CARTESIAN_POINT('',(-4.403513798954,-1.725287975262,0.));
#1743 = CARTESIAN_POINT('',(-4.657075484027,-1.677542230787,0.));
#1744 = CARTESIAN_POINT('',(-3.882180889552,-1.676267140816,5.));
#1745 = CARTESIAN_POINT('',(-4.1327329509,-1.753673804469,5.));
#1746 = CARTESIAN_POINT('',(-4.403513798954,-1.725287975262,5.));
#1747 = CARTESIAN_POINT('',(-4.657075484027,-1.677542230787,5.));
#1748 = DEFINITIONAL_REPRESENTATION('',(#1749),#1753);
#1749 = LINE('',#1750,#1751);
#1750 = CARTESIAN_POINT('',(0.,0.));
#1751 = VECTOR('',#1752,1.);
#1752 = DIRECTION('',(0.,1.));
#1753 = ( GEOMETRIC_REPRESENTATION_CONTEXT(2) 
PARAMETRIC_REPRESENTATION_CONTEXT() REPRESENTATION_CONTEXT('2D SPACE',''
  ) );
#1754 = ORIENTED_EDGE('',*,*,#1755,.F.);
#1755 = EDGE_CURVE('',#1756,#1722,#1758,.T.);
#1756 = VERTEX_POINT('',#1757);
#1757 = CARTESIAN_POINT('',(-3.638017277642,-2.155465210611,0.));
#1758 = SURFACE_CURVE('',#1759,(#1764,#1772),.PCURVE_S1.);
#1759 = B_SPLINE_CURVE_WITH_KNOTS('',3,(#1760,#1761,#1762,#1763),
  .UNSPECIFIED.,.F.,.F.,(4,4),(0.,1.),.PIECEWISE_BEZIER_KNOTS.);
#1760 = CARTESIAN_POINT('',(-3.638017277642,-2.155465210611,0.));
#1761 = CARTESIAN_POINT('',(-3.299397761678,-2.009576859857,0.));
#1762 = CARTESIAN_POINT('',(-3.565119176888,-1.488069218828,0.));
#1763 = CARTESIAN_POINT('',(-3.882180889552,-1.676267140816,0.));
#1764 = PCURVE('',#49,#1765);
#1765 = DEFINITIONAL_REPRESENTATION('',(#1766),#1771);
#1766 = B_SPLINE_CURVE_WITH_KNOTS('',3,(#1767,#1768,#1769,#1770),
  .UNSPECIFIED.,.F.,.F.,(4,4),(0.,1.),.PIECEWISE_BEZIER_KNOTS.);
#1767 = CARTESIAN_POINT('',(-3.638017277642,-2.155465210611));
#1768 = CARTESIAN_POINT('',(-3.299397761678,-2.009576859857));
#1769 = CARTESIAN_POINT('',(-3.565119176888,-1.488069218828));
#1770 = CARTESIAN_POINT('',(-3.882180889552,-1.676267140816));
#1771 = ( GEOMETRIC_REPRESENTATION_CONTEXT(2) 
PARAMETRIC_REPRESENTATION_CONTEXT() REPRESENTATION_CONTEXT('2D SPACE',''
  ) );
#1772 = PCURVE('',#1773,#1782);
#1773 = B_SPLINE_SURFACE_WITH_KNOTS('',1,3,(
    (#1774,#1775,#1776,#1777)
    ,(#1778,#1779,#1780,#1781
    )),.UNSPECIFIED.,.F.,.F.,.F.,(2,2),(4,4),(0.,1.),(0.,1.),
  .PIECEWISE_BEZIER_KNOTS.);
#1774 = CARTESIAN_POINT('',(-3.638017277642,-2.155465210611,0.));
#1775 = CARTESIAN_POINT('',(-3.299397761678,-2.009576859857,0.));
#1776 = CARTESIAN_POINT('',(-3.565119176888,-1.488069218828,0.));
#1777 = CARTESIAN_POINT('',(-3.882180889552,-1.676267140816,0.));
#1778 = CARTESIAN_POINT('',(-3.638017277642,-2.155465210611,5.));
#1779 = CARTESIAN_POINT('',(-3.299397761678,-2.009576859857,5.));
#1780 = CARTESIAN_POINT('',(-3.565119176888,-1.488069218828,5.));
#1781 = CARTESIAN_POINT('',(-3.882180889552,-1.676267140816,5.));
#1782 = DEFINITIONAL_REPRESENTATION('',(#1783),#1787);
#1783 = LINE('',#1784,#1785);
#1784 = CARTESIAN_POINT('',(0.,0.));
#1785 = VECTOR('',#1786,1.);
#1786 = DIRECTION('',(0.,1.));
#1787 = ( GEOMETRIC_REPRESENTATION_CONTEXT(2) 
PARAMETRIC_REPRESENTATION_CONTEXT() REPRESENTATION_CONTEXT('2D SPACE',''
  ) );
#1788 = ORIENTED_EDGE('',*,*,#1789,.F.);
#1789 = EDGE_CURVE('',#1790,#1756,#1792,.T.);
#1790 = VERTEX_POINT('',#1791);
#1791 = CARTESIAN_POINT('',(-4.094520461813,-2.78161862731,0.));
#1792 = SURFACE_CURVE('',#1793,(#1798,#1806),.PCURVE_S1.);
#1793 = B_SPLINE_CURVE_WITH_KNOTS('',3,(#1794,#1795,#1796,#1797),
  .UNSPECIFIED.,.F.,.F.,(4,4),(0.,1.),.PIECEWISE_BEZIER_KNOTS.);
#1794 = CARTESIAN_POINT('',(-4.094520461813,-2.78161862731,0.));
#1795 = CARTESIAN_POINT('',(-3.984107761469,-2.548418670502,0.));
#1796 = CARTESIAN_POINT('',(-3.847911390608,-2.312667590893,0.));
#1797 = CARTESIAN_POINT('',(-3.638017277642,-2.155465210611,0.));
#1798 = PCURVE('',#49,#1799);
#1799 = DEFINITIONAL_REPRESENTATION('',(#1800),#1805);
#1800 = B_SPLINE_CURVE_WITH_KNOTS('',3,(#1801,#1802,#1803,#1804),
  .UNSPECIFIED.,.F.,.F.,(4,4),(0.,1.),.PIECEWISE_BEZIER_KNOTS.);
#1801 = CARTESIAN_POINT('',(-4.094520461813,-2.78161862731));
#1802 = CARTESIAN_POINT('',(-3.984107761469,-2.548418670502));
#1803 = CARTESIAN_POINT('',(-3.847911390608,-2.312667590893));
#1804 = CARTESIAN_POINT('',(-3.638017277642,-2.155465210611));
#1805 = ( GEOMETRIC_REPRESENTATION_CONTEXT(2) 
PARAMETRIC_REPRESENTATION_CONTEXT() REPRESENTATION_CONTEXT('2D SPACE',''
  ) );
#1806 = PCURVE('',#1807,#1816);
#1807 = B_SPLINE_SURFACE_WITH_KNOTS('',1,3,(
    (#1808,#1809,#1810,#1811)
    ,(#1812,#1813,#1814,#1815
    )),.UNSPECIFIED.,.F.,.F.,.F.,(2,2),(4,4),(0.,1.),(0.,1.),
  .PIECEWISE_BEZIER_KNOTS.);
#1808 = CARTESIAN_POINT('',(-4.094520461813,-2.78161862731,0.));
#1809 = CARTESIAN_POINT('',(-3.984107761469,-2.548418670502,0.));
#1810 = CARTESIAN_POINT('',(-3.847911390608,-2.312667590893,0.));
#1811 = CARTESIAN_POINT('',(-3.638017277642,-2.155465210611,0.));
#1812 = CARTESIAN_POINT('',(-4.094520461813,-2.78161862731,5.));
#1813 = CARTESIAN_POINT('',(-3.984107761469,-2.548418670502,5.));
#1814 = CARTESIAN_POINT('',(-3.847911390608,-2.312667590893,5.));
#1815 = CARTESIAN_POINT('',(-3.638017277642,-2.155465210611,5.));
#1816 = DEFINITIONAL_REPRESENTATION('',(#1817),#1821);
#1817 = LINE('',#1818,#1819);
#1818 = CARTESIAN_POINT('',(0.,0.));
#1819 = VECTOR('',#1820,1.);
#1820 = DIRECTION('',(0.,1.));
#1821 = ( GEOMETRIC_REPRESENTATION_CONTEXT(2) 
PARAMETRIC_REPRESENTATION_CONTEXT() REPRESENTATION_CONTEXT('2D SPACE',''
  ) );
#1822 = ORIENTED_EDGE('',*,*,#1823,.F.);
#1823 = EDGE_CURVE('',#1824,#1790,#1826,.T.);
#1824 = VERTEX_POINT('',#1825);
#1825 = CARTESIAN_POINT('',(-3.910752927867,-3.034552938602,0.));
#1826 = SURFACE_CURVE('',#1827,(#1832,#1840),.PCURVE_S1.);
#1827 = B_SPLINE_CURVE_WITH_KNOTS('',3,(#1828,#1829,#1830,#1831),
  .UNSPECIFIED.,.F.,.F.,(4,4),(0.,1.),.PIECEWISE_BEZIER_KNOTS.);
#1828 = CARTESIAN_POINT('',(-3.910752927867,-3.034552938602,0.));
#1829 = CARTESIAN_POINT('',(-3.974651605805,-2.952204472033,0.));
#1830 = CARTESIAN_POINT('',(-4.035948193476,-2.867836956976,0.));
#1831 = CARTESIAN_POINT('',(-4.094520461813,-2.78161862731,0.));
#1832 = PCURVE('',#49,#1833);
#1833 = DEFINITIONAL_REPRESENTATION('',(#1834),#1839);
#1834 = B_SPLINE_CURVE_WITH_KNOTS('',3,(#1835,#1836,#1837,#1838),
  .UNSPECIFIED.,.F.,.F.,(4,4),(0.,1.),.PIECEWISE_BEZIER_KNOTS.);
#1835 = CARTESIAN_POINT('',(-3.910752927867,-3.034552938602));
#1836 = CARTESIAN_POINT('',(-3.974651605805,-2.952204472033));
#1837 = CARTESIAN_POINT('',(-4.035948193476,-2.867836956976));
#1838 = CARTESIAN_POINT('',(-4.094520461813,-2.78161862731));
#1839 = ( GEOMETRIC_REPRESENTATION_CONTEXT(2) 
PARAMETRIC_REPRESENTATION_CONTEXT() REPRESENTATION_CONTEXT('2D SPACE',''
  ) );
#1840 = PCURVE('',#1841,#1850);
#1841 = B_SPLINE_SURFACE_WITH_KNOTS('',1,3,(
    (#1842,#1843,#1844,#1845)
    ,(#1846,#1847,#1848,#1849
    )),.UNSPECIFIED.,.F.,.F.,.F.,(2,2),(4,4),(0.,1.),(0.,1.),
  .PIECEWISE_BEZIER_KNOTS.);
#1842 = CARTESIAN_POINT('',(-3.910752927867,-3.034552938602,0.));
#1843 = CARTESIAN_POINT('',(-3.974651605805,-2.952204472033,0.));
#1844 = CARTESIAN_POINT('',(-4.035948193476,-2.867836956976,0.));
#1845 = CARTESIAN_POINT('',(-4.094520461813,-2.78161862731,0.));
#1846 = CARTESIAN_POINT('',(-3.910752927867,-3.034552938602,5.));
#1847 = CARTESIAN_POINT('',(-3.974651605805,-2.952204472033,5.));
#1848 = CARTESIAN_POINT('',(-4.035948193476,-2.867836956976,5.));
#1849 = CARTESIAN_POINT('',(-4.094520461813,-2.78161862731,5.));
#1850 = DEFINITIONAL_REPRESENTATION('',(#1851),#1855);
#1851 = LINE('',#1852,#1853);
#1852 = CARTESIAN_POINT('',(0.,0.));
#1853 = VECTOR('',#1854,1.);
#1854 = DIRECTION('',(0.,1.));
#1855 = ( GEOMETRIC_REPRESENTATION_CONTEXT(2) 
PARAMETRIC_REPRESENTATION_CONTEXT() REPRESENTATION_CONTEXT('2D SPACE',''
  ) );
#1856 = ORIENTED_EDGE('',*,*,#1857,.F.);
#1857 = EDGE_CURVE('',#1858,#1824,#1860,.T.);
#1858 = VERTEX_POINT('',#1859);
#1859 = CARTESIAN_POINT('',(-3.174178398821,-2.793884657433,0.));
#1860 = SURFACE_CURVE('',#1861,(#1866,#1874),.PCURVE_S1.);
#1861 = B_SPLINE_CURVE_WITH_KNOTS('',3,(#1862,#1863,#1864,#1865),
  .UNSPECIFIED.,.F.,.F.,(4,4),(0.,1.),.PIECEWISE_BEZIER_KNOTS.);
#1862 = CARTESIAN_POINT('',(-3.174178398821,-2.793884657433,0.));
#1863 = CARTESIAN_POINT('',(-3.38854759489,-2.944927614238,0.));
#1864 = CARTESIAN_POINT('',(-3.654847188544,-3.0016069702,0.));
#1865 = CARTESIAN_POINT('',(-3.910752927867,-3.034552938602,0.));
#1866 = PCURVE('',#49,#1867);
#1867 = DEFINITIONAL_REPRESENTATION('',(#1868),#1873);
#1868 = B_SPLINE_CURVE_WITH_KNOTS('',3,(#1869,#1870,#1871,#1872),
  .UNSPECIFIED.,.F.,.F.,(4,4),(0.,1.),.PIECEWISE_BEZIER_KNOTS.);
#1869 = CARTESIAN_POINT('',(-3.174178398821,-2.793884657433));
#1870 = CARTESIAN_POINT('',(-3.38854759489,-2.944927614238));
#1871 = CARTESIAN_POINT('',(-3.654847188544,-3.0016069702));
#1872 = CARTESIAN_POINT('',(-3.910752927867,-3.034552938602));
#1873 = ( GEOMETRIC_REPRESENTATION_CONTEXT(2) 
PARAMETRIC_REPRESENTATION_CONTEXT() REPRESENTATION_CONTEXT('2D SPACE',''
  ) );
#1874 = PCURVE('',#1875,#1884);
#1875 = B_SPLINE_SURFACE_WITH_KNOTS('',1,3,(
    (#1876,#1877,#1878,#1879)
    ,(#1880,#1881,#1882,#1883
    )),.UNSPECIFIED.,.F.,.F.,.F.,(2,2),(4,4),(0.,1.),(0.,1.),
  .PIECEWISE_BEZIER_KNOTS.);
#1876 = CARTESIAN_POINT('',(-3.174178398821,-2.793884657433,0.));
#1877 = CARTESIAN_POINT('',(-3.38854759489,-2.944927614238,0.));
#1878 = CARTESIAN_POINT('',(-3.654847188544,-3.0016069702,0.));
#1879 = CARTESIAN_POINT('',(-3.910752927867,-3.034552938602,0.));
#1880 = CARTESIAN_POINT('',(-3.174178398821,-2.793884657433,5.));
#1881 = CARTESIAN_POINT('',(-3.38854759489,-2.944927614238,5.));
#1882 = CARTESIAN_POINT('',(-3.654847188544,-3.0016069702,5.));
#1883 = CARTESIAN_POINT('',(-3.910752927867,-3.034552938602,5.));
#1884 = DEFINITIONAL_REPRESENTATION('',(#1885),#1889);
#1885 = LINE('',#1886,#1887);
#1886 = CARTESIAN_POINT('',(0.,0.));
#1887 = VECTOR('',#1888,1.);
#1888 = DIRECTION('',(0.,1.));
#1889 = ( GEOMETRIC_REPRESENTATION_CONTEXT(2) 
PARAMETRIC_REPRESENTATION_CONTEXT() REPRESENTATION_CONTEXT('2D SPACE',''
  ) );
#1890 = ORIENTED_EDGE('',*,*,#1891,.F.);
#1891 = EDGE_CURVE('',#1892,#1858,#1894,.T.);
#1892 = VERTEX_POINT('',#1893);
#1893 = CARTESIAN_POINT('',(-2.793884657433,-3.174178398821,0.));
#1894 = SURFACE_CURVE('',#1895,(#1900,#1908),.PCURVE_S1.);
#1895 = B_SPLINE_CURVE_WITH_KNOTS('',3,(#1896,#1897,#1898,#1899),
  .UNSPECIFIED.,.F.,.F.,(4,4),(0.,1.),.PIECEWISE_BEZIER_KNOTS.);
#1896 = CARTESIAN_POINT('',(-2.793884657433,-3.174178398821,0.));
#1897 = CARTESIAN_POINT('',(-2.516920339895,-2.930791147124,0.));
#1898 = CARTESIAN_POINT('',(-2.930791147124,-2.516920339895,0.));
#1899 = CARTESIAN_POINT('',(-3.174178398821,-2.793884657433,0.));
#1900 = PCURVE('',#49,#1901);
#1901 = DEFINITIONAL_REPRESENTATION('',(#1902),#1907);
#1902 = B_SPLINE_CURVE_WITH_KNOTS('',3,(#1903,#1904,#1905,#1906),
  .UNSPECIFIED.,.F.,.F.,(4,4),(0.,1.),.PIECEWISE_BEZIER_KNOTS.);
#1903 = CARTESIAN_POINT('',(-2.793884657433,-3.174178398821));
#1904 = CARTESIAN_POINT('',(-2.516920339895,-2.930791147124));
#1905 = CARTESIAN_POINT('',(-2.930791147124,-2.516920339895));
#1906 = CARTESIAN_POINT('',(-3.174178398821,-2.793884657433));
#1907 = ( GEOMETRIC_REPRESENTATION_CONTEXT(2) 
PARAMETRIC_REPRESENTATION_CONTEXT() REPRESENTATION_CONTEXT('2D SPACE',''
  ) );
#1908 = PCURVE('',#1909,#1918);
#1909 = B_SPLINE_SURFACE_WITH_KNOTS('',1,3,(
    (#1910,#1911,#1912,#1913)
    ,(#1914,#1915,#1916,#1917
    )),.UNSPECIFIED.,.F.,.F.,.F.,(2,2),(4,4),(0.,1.),(0.,1.),
  .PIECEWISE_BEZIER_KNOTS.);
#1910 = CARTESIAN_POINT('',(-2.793884657433,-3.174178398821,0.));
#1911 = CARTESIAN_POINT('',(-2.516920339895,-2.930791147124,0.));
#1912 = CARTESIAN_POINT('',(-2.930791147124,-2.516920339895,0.));
#1913 = CARTESIAN_POINT('',(-3.174178398821,-2.793884657433,0.));
#1914 = CARTESIAN_POINT('',(-2.793884657433,-3.174178398821,5.));
#1915 = CARTESIAN_POINT('',(-2.516920339895,-2.930791147124,5.));
#1916 = CARTESIAN_POINT('',(-2.930791147124,-2.516920339895,5.));
#1917 = CARTESIAN_POINT('',(-3.174178398821,-2.793884657433,5.));
#1918 = DEFINITIONAL_REPRESENTATION('',(#1919),#1923);
#1919 = LINE('',#1920,#1921);
#1920 = CARTESIAN_POINT('',(0.,0.));
#1921 = VECTOR('',#1922,1.);
#1922 = DIRECTION('',(0.,1.));
#1923 = ( GEOMETRIC_REPRESENTATION_CONTEXT(2) 
PARAMETRIC_REPRESENTATION_CONTEXT() REPRESENTATION_CONTEXT('2D SPACE',''
  ) );
#1924 = ORIENTED_EDGE('',*,*,#1925,.F.);
#1925 = EDGE_CURVE('',#1926,#1892,#1928,.T.);
#1926 = VERTEX_POINT('',#1927);
#1927 = CARTESIAN_POINT('',(-3.034552938602,-3.910752927867,0.));
#1928 = SURFACE_CURVE('',#1929,(#1934,#1942),.PCURVE_S1.);
#1929 = B_SPLINE_CURVE_WITH_KNOTS('',3,(#1930,#1931,#1932,#1933),
  .UNSPECIFIED.,.F.,.F.,(4,4),(0.,1.),.PIECEWISE_BEZIER_KNOTS.);
#1930 = CARTESIAN_POINT('',(-3.034552938602,-3.910752927867,0.));
#1931 = CARTESIAN_POINT('',(-3.0016069702,-3.654847188544,0.));
#1932 = CARTESIAN_POINT('',(-2.944927614238,-3.38854759489,0.));
#1933 = CARTESIAN_POINT('',(-2.793884657433,-3.174178398821,0.));
#1934 = PCURVE('',#49,#1935);
#1935 = DEFINITIONAL_REPRESENTATION('',(#1936),#1941);
#1936 = B_SPLINE_CURVE_WITH_KNOTS('',3,(#1937,#1938,#1939,#1940),
  .UNSPECIFIED.,.F.,.F.,(4,4),(0.,1.),.PIECEWISE_BEZIER_KNOTS.);
#1937 = CARTESIAN_POINT('',(-3.034552938602,-3.910752927867));
#1938 = CARTESIAN_POINT('',(-3.0016069702,-3.654847188544));
#1939 = CARTESIAN_POINT('',(-2.944927614238,-3.38854759489));
#1940 = CARTESIAN_POINT('',(-2.793884657433,-3.174178398821));
#1941 = ( GEOMETRIC_REPRESENTATION_CONTEXT(2) 
PARAMETRIC_REPRESENTATION_CONTEXT() REPRESENTATION_CONTEXT('2D SPACE',''
  ) );
#1942 = PCURVE('',#1943,#1952);
#1943 = B_SPLINE_SURFACE_WITH_KNOTS('',1,3,(
    (#1944,#1945,#1946,#1947)
    ,(#1948,#1949,#1950,#1951
    )),.UNSPECIFIED.,.F.,.F.,.F.,(2,2),(4,4),(0.,1.),(0.,1.),
  .PIECEWISE_BEZIER_KNOTS.);
#1944 = CARTESIAN_POINT('',(-3.034552938602,-3.910752927867,0.));
#1945 = CARTESIAN_POINT('',(-3.0016069702,-3.654847188544,0.));
#1946 = CARTESIAN_POINT('',(-2.944927614238,-3.38854759489,0.));
#1947 = CARTESIAN_POINT('',(-2.793884657433,-3.174178398821,0.));
#1948 = CARTESIAN_POINT('',(-3.034552938602,-3.910752927867,5.));
#1949 = CARTESIAN_POINT('',(-3.0016069702,-3.654847188544,5.));
#1950 = CARTESIAN_POINT('',(-2.944927614238,-3.38854759489,5.));
#1951 = CARTESIAN_POINT('',(-2.793884657433,-3.174178398821,5.));
#1952 = DEFINITIONAL_REPRESENTATION('',(#1953),#1957);
#1953 = LINE('',#1954,#1955);
#1954 = CARTESIAN_POINT('',(0.,0.));
#1955 = VECTOR('',#1956,1.);
#1956 = DIRECTION('',(0.,1.));
#1957 = ( GEOMETRIC_REPRESENTATION_CONTEXT(2) 
PARAMETRIC_REPRESENTATION_CONTEXT() REPRESENTATION_CONTEXT('2D SPACE',''
  ) );
#1958 = ORIENTED_EDGE('',*,*,#1959,.F.);
#1959 = EDGE_CURVE('',#1960,#1926,#1962,.T.);
#1960 = VERTEX_POINT('',#1961);
#1961 = CARTESIAN_POINT('',(-2.78161862731,-4.094520461813,0.));
#1962 = SURFACE_CURVE('',#1963,(#1968,#1976),.PCURVE_S1.);
#1963 = B_SPLINE_CURVE_WITH_KNOTS('',3,(#1964,#1965,#1966,#1967),
  .UNSPECIFIED.,.F.,.F.,(4,4),(0.,1.),.PIECEWISE_BEZIER_KNOTS.);
#1964 = CARTESIAN_POINT('',(-2.78161862731,-4.094520461813,0.));
#1965 = CARTESIAN_POINT('',(-2.867836956976,-4.035948193476,0.));
#1966 = CARTESIAN_POINT('',(-2.952204472033,-3.974651605805,0.));
#1967 = CARTESIAN_POINT('',(-3.034552938602,-3.910752927867,0.));
#1968 = PCURVE('',#49,#1969);
#1969 = DEFINITIONAL_REPRESENTATION('',(#1970),#1975);
#1970 = B_SPLINE_CURVE_WITH_KNOTS('',3,(#1971,#1972,#1973,#1974),
  .UNSPECIFIED.,.F.,.F.,(4,4),(0.,1.),.PIECEWISE_BEZIER_KNOTS.);
#1971 = CARTESIAN_POINT('',(-2.78161862731,-4.094520461813));
#1972 = CARTESIAN_POINT('',(-2.867836956976,-4.035948193476));
#1973 = CARTESIAN_POINT('',(-2.952204472033,-3.974651605805));
#1974 = CARTESIAN_POINT('',(-3.034552938602,-3.910752927867));
#1975 = ( GEOMETRIC_REPRESENTATION_CONTEXT(2) 
PARAMETRIC_REPRESENTATION_CONTEXT() REPRESENTATION_CONTEXT('2D SPACE',''
  ) );
#1976 = PCURVE('',#1977,#1986);
#1977 = B_SPLINE_SURFACE_WITH_KNOTS('',1,3,(
    (#1978,#1979,#1980,#1981)
    ,(#1982,#1983,#1984,#1985
    )),.UNSPECIFIED.,.F.,.F.,.F.,(2,2),(4,4),(0.,1.),(0.,1.),
  .PIECEWISE_BEZIER_KNOTS.);
#1978 = CARTESIAN_POINT('',(-2.78161862731,-4.094520461813,0.));
#1979 = CARTESIAN_POINT('',(-2.867836956976,-4.035948193476,0.));
#1980 = CARTESIAN_POINT('',(-2.952204472033,-3.974651605805,0.));
#1981 = CARTESIAN_POINT('',(-3.034552938602,-3.910752927867,0.));
#1982 = CARTESIAN_POINT('',(-2.78161862731,-4.094520461813,5.));
#1983 = CARTESIAN_POINT('',(-2.867836956976,-4.035948193476,5.));
#1984 = CARTESIAN_POINT('',(-2.952204472033,-3.974651605805,5.));
#1985 = CARTESIAN_POINT('',(-3.034552938602,-3.910752927867,5.));
#1986 = DEFINITIONAL_REPRESENTATION('',(#1987),#1991);
#1987 = LINE('',#1988,#1989);
#1988 = CARTESIAN_POINT('',(0.,0.));
#1989 = VECTOR('',#1990,1.);
#1990 = DIRECTION('',(0.,1.));
#1991 = ( GEOMETRIC_REPRESENTATION_CONTEXT(2) 
PARAMETRIC_REPRESENTATION_CONTEXT() REPRESENTATION_CONTEXT('2D SPACE',''
  ) );
#1992 = ORIENTED_EDGE('',*,*,#1993,.F.);
#1993 = EDGE_CURVE('',#1994,#1960,#1996,.T.);
#1994 = VERTEX_POINT('',#1995);
#1995 = CARTESIAN_POINT('',(-2.155465210611,-3.638017277642,0.));
#1996 = SURFACE_CURVE('',#1997,(#2002,#2010),.PCURVE_S1.);
#1997 = B_SPLINE_CURVE_WITH_KNOTS('',3,(#1998,#1999,#2000,#2001),
  .UNSPECIFIED.,.F.,.F.,(4,4),(0.,1.),.PIECEWISE_BEZIER_KNOTS.);
#1998 = CARTESIAN_POINT('',(-2.155465210611,-3.638017277642,0.));
#1999 = CARTESIAN_POINT('',(-2.312667590893,-3.847911390608,0.));
#2000 = CARTESIAN_POINT('',(-2.548418670502,-3.984107761469,0.));
#2001 = CARTESIAN_POINT('',(-2.78161862731,-4.094520461813,0.));
#2002 = PCURVE('',#49,#2003);
#2003 = DEFINITIONAL_REPRESENTATION('',(#2004),#2009);
#2004 = B_SPLINE_CURVE_WITH_KNOTS('',3,(#2005,#2006,#2007,#2008),
  .UNSPECIFIED.,.F.,.F.,(4,4),(0.,1.),.PIECEWISE_BEZIER_KNOTS.);
#2005 = CARTESIAN_POINT('',(-2.155465210611,-3.638017277642));
#2006 = CARTESIAN_POINT('',(-2.312667590893,-3.847911390608));
#2007 = CARTESIAN_POINT('',(-2.548418670502,-3.984107761469));
#2008 = CARTESIAN_POINT('',(-2.78161862731,-4.094520461813));
#2009 = ( GEOMETRIC_REPRESENTATION_CONTEXT(2) 
PARAMETRIC_REPRESENTATION_CONTEXT() REPRESENTATION_CONTEXT('2D SPACE',''
  ) );
#2010 = PCURVE('',#2011,#2020);
#2011 = B_SPLINE_SURFACE_WITH_KNOTS('',1,3,(
    (#2012,#2013,#2014,#2015)
    ,(#2016,#2017,#2018,#2019
    )),.UNSPECIFIED.,.F.,.F.,.F.,(2,2),(4,4),(0.,1.),(0.,1.),
  .PIECEWISE_BEZIER_KNOTS.);
#2012 = CARTESIAN_POINT('',(-2.155465210611,-3.638017277642,0.));
#2013 = CARTESIAN_POINT('',(-2.312667590893,-3.847911390608,0.));
#2014 = CARTESIAN_POINT('',(-2.548418670502,-3.984107761469,0.));
#2015 = CARTESIAN_POINT('',(-2.78161862731,-4.094520461813,0.));
#2016 = CARTESIAN_POINT('',(-2.155465210611,-3.638017277642,5.));
#2017 = CARTESIAN_POINT('',(-2.312667590893,-3.847911390608,5.));
#2018 = CARTESIAN_POINT('',(-2.548418670502,-3.984107761469,5.));
#2019 = CARTESIAN_POINT('',(-2.78161862731,-4.094520461813,5.));
#2020 = DEFINITIONAL_REPRESENTATION('',(#2021),#2025);
#2021 = LINE('',#2022,#2023);
#2022 = CARTESIAN_POINT('',(0.,0.));
#2023 = VECTOR('',#2024,1.);
#2024 = DIRECTION('',(0.,1.));
#2025 = ( GEOMETRIC_REPRESENTATION_CONTEXT(2) 
PARAMETRIC_REPRESENTATION_CONTEXT() REPRESENTATION_CONTEXT('2D SPACE',''
  ) );
#2026 = ORIENTED_EDGE('',*,*,#2027,.F.);
#2027 = EDGE_CURVE('',#2028,#1994,#2030,.T.);
#2028 = VERTEX_POINT('',#2029);
#2029 = CARTESIAN_POINT('',(-1.676267140816,-3.882180889552,0.));
#2030 = SURFACE_CURVE('',#2031,(#2036,#2044),.PCURVE_S1.);
#2031 = B_SPLINE_CURVE_WITH_KNOTS('',3,(#2032,#2033,#2034,#2035),
  .UNSPECIFIED.,.F.,.F.,(4,4),(0.,1.),.PIECEWISE_BEZIER_KNOTS.);
#2032 = CARTESIAN_POINT('',(-1.676267140816,-3.882180889552,0.));
#2033 = CARTESIAN_POINT('',(-1.488069218828,-3.565119176888,0.));
#2034 = CARTESIAN_POINT('',(-2.009576859857,-3.299397761678,0.));
#2035 = CARTESIAN_POINT('',(-2.155465210611,-3.638017277642,0.));
#2036 = PCURVE('',#49,#2037);
#2037 = DEFINITIONAL_REPRESENTATION('',(#2038),#2043);
#2038 = B_SPLINE_CURVE_WITH_KNOTS('',3,(#2039,#2040,#2041,#2042),
  .UNSPECIFIED.,.F.,.F.,(4,4),(0.,1.),.PIECEWISE_BEZIER_KNOTS.);
#2039 = CARTESIAN_POINT('',(-1.676267140816,-3.882180889552));
#2040 = CARTESIAN_POINT('',(-1.488069218828,-3.565119176888));
#2041 = CARTESIAN_POINT('',(-2.009576859857,-3.299397761678));
#2042 = CARTESIAN_POINT('',(-2.155465210611,-3.638017277642));
#2043 = ( GEOMETRIC_REPRESENTATION_CONTEXT(2) 
PARAMETRIC_REPRESENTATION_CONTEXT() REPRESENTATION_CONTEXT('2D SPACE',''
  ) );
#2044 = PCURVE('',#2045,#2054);
#2045 = B_SPLINE_SURFACE_WITH_KNOTS('',1,3,(
    (#2046,#2047,#2048,#2049)
    ,(#2050,#2051,#2052,#2053
    )),.UNSPECIFIED.,.F.,.F.,.F.,(2,2),(4,4),(0.,1.),(0.,1.),
  .PIECEWISE_BEZIER_KNOTS.);
#2046 = CARTESIAN_POINT('',(-1.676267140816,-3.882180889552,0.));
#2047 = CARTESIAN_POINT('',(-1.488069218828,-3.565119176888,0.));
#2048 = CARTESIAN_POINT('',(-2.009576859857,-3.299397761678,0.));
#2049 = CARTESIAN_POINT('',(-2.155465210611,-3.638017277642,0.));
#2050 = CARTESIAN_POINT('',(-1.676267140816,-3.882180889552,5.));
#2051 = CARTESIAN_POINT('',(-1.488069218828,-3.565119176888,5.));
#2052 = CARTESIAN_POINT('',(-2.009576859857,-3.299397761678,5.));
#2053 = CARTESIAN_POINT('',(-2.155465210611,-3.638017277642,5.));
#2054 = DEFINITIONAL_REPRESENTATION('',(#2055),#2059);
#2055 = LINE('',#2056,#2057);
#2056 = CARTESIAN_POINT('',(0.,0.));
#2057 = VECTOR('',#2058,1.);
#2058 = DIRECTION('',(0.,1.));
#2059 = ( GEOMETRIC_REPRESENTATION_CONTEXT(2) 
PARAMETRIC_REPRESENTATION_CONTEXT() REPRESENTATION_CONTEXT('2D SPACE',''
  ) );
#2060 = ORIENTED_EDGE('',*,*,#2061,.F.);
#2061 = EDGE_CURVE('',#2062,#2028,#2064,.T.);
#2062 = VERTEX_POINT('',#2063);
#2063 = CARTESIAN_POINT('',(-1.677542230787,-4.657075484027,0.));
#2064 = SURFACE_CURVE('',#2065,(#2070,#2078),.PCURVE_S1.);
#2065 = B_SPLINE_CURVE_WITH_KNOTS('',3,(#2066,#2067,#2068,#2069),
  .UNSPECIFIED.,.F.,.F.,(4,4),(0.,1.),.PIECEWISE_BEZIER_KNOTS.);
#2066 = CARTESIAN_POINT('',(-1.677542230787,-4.657075484027,0.));
#2067 = CARTESIAN_POINT('',(-1.725287975262,-4.403513798954,0.));
#2068 = CARTESIAN_POINT('',(-1.753673804469,-4.1327329509,0.));
#2069 = CARTESIAN_POINT('',(-1.676267140816,-3.882180889552,0.));
#2070 = PCURVE('',#49,#2071);
#2071 = DEFINITIONAL_REPRESENTATION('',(#2072),#2077);
#2072 = B_SPLINE_CURVE_WITH_KNOTS('',3,(#2073,#2074,#2075,#2076),
  .UNSPECIFIED.,.F.,.F.,(4,4),(0.,1.),.PIECEWISE_BEZIER_KNOTS.);
#2073 = CARTESIAN_POINT('',(-1.677542230787,-4.657075484027));
#2074 = CARTESIAN_POINT('',(-1.725287975262,-4.403513798954));
#2075 = CARTESIAN_POINT('',(-1.753673804469,-4.1327329509));
#2076 = CARTESIAN_POINT('',(-1.676267140816,-3.882180889552));
#2077 = ( GEOMETRIC_REPRESENTATION_CONTEXT(2) 
PARAMETRIC_REPRESENTATION_CONTEXT() REPRESENTATION_CONTEXT('2D SPACE',''
  ) );
#2078 = PCURVE('',#2079,#2088);
#2079 = B_SPLINE_SURFACE_WITH_KNOTS('',1,3,(
    (#2080,#2081,#2082,#2083)
    ,(#2084,#2085,#2086,#2087
    )),.UNSPECIFIED.,.F.,.F.,.F.,(2,2),(4,4),(0.,1.),(0.,1.),
  .PIECEWISE_BEZIER_KNOTS.);
#2080 = CARTESIAN_POINT('',(-1.677542230787,-4.657075484027,0.));
#2081 = CARTESIAN_POINT('',(-1.725287975262,-4.403513798954,0.));
#2082 = CARTESIAN_POINT('',(-1.753673804469,-4.1327329509,0.));
#2083 = CARTESIAN_POINT('',(-1.676267140816,-3.882180889552,0.));
#2084 = CARTESIAN_POINT('',(-1.677542230787,-4.657075484027,5.));
#2085 = CARTESIAN_POINT('',(-1.725287975262,-4.403513798954,5.));
#2086 = CARTESIAN_POINT('',(-1.753673804469,-4.1327329509,5.));
#2087 = CARTESIAN_POINT('',(-1.676267140816,-3.882180889552,5.));
#2088 = DEFINITIONAL_REPRESENTATION('',(#2089),#2093);
#2089 = LINE('',#2090,#2091);
#2090 = CARTESIAN_POINT('',(0.,0.));
#2091 = VECTOR('',#2092,1.);
#2092 = DIRECTION('',(0.,1.));
#2093 = ( GEOMETRIC_REPRESENTATION_CONTEXT(2) 
PARAMETRIC_REPRESENTATION_CONTEXT() REPRESENTATION_CONTEXT('2D SPACE',''
  ) );
#2094 = ORIENTED_EDGE('',*,*,#2095,.F.);
#2095 = EDGE_CURVE('',#2096,#2062,#2098,.T.);
#2096 = VERTEX_POINT('',#2097);
#2097 = CARTESIAN_POINT('',(-1.380200114835,-4.753687794019,0.));
#2098 = SURFACE_CURVE('',#2099,(#2104,#2112),.PCURVE_S1.);
#2099 = B_SPLINE_CURVE_WITH_KNOTS('',3,(#2100,#2101,#2102,#2103),
  .UNSPECIFIED.,.F.,.F.,(4,4),(0.,1.),.PIECEWISE_BEZIER_KNOTS.);
#2100 = CARTESIAN_POINT('',(-1.380200114835,-4.753687794019,0.));
#2101 = CARTESIAN_POINT('',(-1.480298445403,-4.724625185637,0.));
#2102 = CARTESIAN_POINT('',(-1.579478407649,-4.692399662432,0.));
#2103 = CARTESIAN_POINT('',(-1.677542230787,-4.657075484027,0.));
#2104 = PCURVE('',#49,#2105);
#2105 = DEFINITIONAL_REPRESENTATION('',(#2106),#2111);
#2106 = B_SPLINE_CURVE_WITH_KNOTS('',3,(#2107,#2108,#2109,#2110),
  .UNSPECIFIED.,.F.,.F.,(4,4),(0.,1.),.PIECEWISE_BEZIER_KNOTS.);
#2107 = CARTESIAN_POINT('',(-1.380200114835,-4.753687794019));
#2108 = CARTESIAN_POINT('',(-1.480298445403,-4.724625185637));
#2109 = CARTESIAN_POINT('',(-1.579478407649,-4.692399662432));
#2110 = CARTESIAN_POINT('',(-1.677542230787,-4.657075484027));
#2111 = ( GEOMETRIC_REPRESENTATION_CONTEXT(2) 
PARAMETRIC_REPRESENTATION_CONTEXT() REPRESENTATION_CONTEXT('2D SPACE',''
  ) );
#2112 = PCURVE('',#2113,#2122);
#2113 = B_SPLINE_SURFACE_WITH_KNOTS('',1,3,(
    (#2114,#2115,#2116,#2117)
    ,(#2118,#2119,#2120,#2121
    )),.UNSPECIFIED.,.F.,.F.,.F.,(2,2),(4,4),(0.,1.),(0.,1.),
  .PIECEWISE_BEZIER_KNOTS.);
#2114 = CARTESIAN_POINT('',(-1.380200114835,-4.753687794019,0.));
#2115 = CARTESIAN_POINT('',(-1.480298445403,-4.724625185637,0.));
#2116 = CARTESIAN_POINT('',(-1.579478407649,-4.692399662432,0.));
#2117 = CARTESIAN_POINT('',(-1.677542230787,-4.657075484027,0.));
#2118 = CARTESIAN_POINT('',(-1.380200114835,-4.753687794019,5.));
#2119 = CARTESIAN_POINT('',(-1.480298445403,-4.724625185637,5.));
#2120 = CARTESIAN_POINT('',(-1.579478407649,-4.692399662432,5.));
#2121 = CARTESIAN_POINT('',(-1.677542230787,-4.657075484027,5.));
#2122 = DEFINITIONAL_REPRESENTATION('',(#2123),#2127);
#2123 = LINE('',#2124,#2125);
#2124 = CARTESIAN_POINT('',(0.,0.));
#2125 = VECTOR('',#2126,1.);
#2126 = DIRECTION('',(0.,1.));
#2127 = ( GEOMETRIC_REPRESENTATION_CONTEXT(2) 
PARAMETRIC_REPRESENTATION_CONTEXT() REPRESENTATION_CONTEXT('2D SPACE',''
  ) );
#2128 = ORIENTED_EDGE('',*,*,#2129,.F.);
#2129 = EDGE_CURVE('',#2130,#2096,#2132,.T.);
#2130 = VERTEX_POINT('',#2131);
#2131 = CARTESIAN_POINT('',(-0.925760069578,-4.126035419159,0.));
#2132 = SURFACE_CURVE('',#2133,(#2138,#2146),.PCURVE_S1.);
#2133 = B_SPLINE_CURVE_WITH_KNOTS('',3,(#2134,#2135,#2136,#2137),
  .UNSPECIFIED.,.F.,.F.,(4,4),(0.,1.),.PIECEWISE_BEZIER_KNOTS.);
#2134 = CARTESIAN_POINT('',(-0.925760069578,-4.126035419159,0.));
#2135 = CARTESIAN_POINT('',(-1.010407569796,-4.37423479009,0.));
#2136 = CARTESIAN_POINT('',(-1.192533177114,-4.576616326135,0.));
#2137 = CARTESIAN_POINT('',(-1.380200114835,-4.753687794019,0.));
#2138 = PCURVE('',#49,#2139);
#2139 = DEFINITIONAL_REPRESENTATION('',(#2140),#2145);
#2140 = B_SPLINE_CURVE_WITH_KNOTS('',3,(#2141,#2142,#2143,#2144),
  .UNSPECIFIED.,.F.,.F.,(4,4),(0.,1.),.PIECEWISE_BEZIER_KNOTS.);
#2141 = CARTESIAN_POINT('',(-0.925760069578,-4.126035419159));
#2142 = CARTESIAN_POINT('',(-1.010407569796,-4.37423479009));
#2143 = CARTESIAN_POINT('',(-1.192533177114,-4.576616326135));
#2144 = CARTESIAN_POINT('',(-1.380200114835,-4.753687794019));
#2145 = ( GEOMETRIC_REPRESENTATION_CONTEXT(2) 
PARAMETRIC_REPRESENTATION_CONTEXT() REPRESENTATION_CONTEXT('2D SPACE',''
  ) );
#2146 = PCURVE('',#2147,#2156);
#2147 = B_SPLINE_SURFACE_WITH_KNOTS('',1,3,(
    (#2148,#2149,#2150,#2151)
    ,(#2152,#2153,#2154,#2155
    )),.UNSPECIFIED.,.F.,.F.,.F.,(2,2),(4,4),(0.,1.),(0.,1.),
  .PIECEWISE_BEZIER_KNOTS.);
#2148 = CARTESIAN_POINT('',(-0.925760069578,-4.126035419159,0.));
#2149 = CARTESIAN_POINT('',(-1.010407569796,-4.37423479009,0.));
#2150 = CARTESIAN_POINT('',(-1.192533177114,-4.576616326135,0.));
#2151 = CARTESIAN_POINT('',(-1.380200114835,-4.753687794019,0.));
#2152 = CARTESIAN_POINT('',(-0.925760069578,-4.126035419159,5.));
#2153 = CARTESIAN_POINT('',(-1.010407569796,-4.37423479009,5.));
#2154 = CARTESIAN_POINT('',(-1.192533177114,-4.576616326135,5.));
#2155 = CARTESIAN_POINT('',(-1.380200114835,-4.753687794019,5.));
#2156 = DEFINITIONAL_REPRESENTATION('',(#2157),#2161);
#2157 = LINE('',#2158,#2159);
#2158 = CARTESIAN_POINT('',(0.,0.));
#2159 = VECTOR('',#2160,1.);
#2160 = DIRECTION('',(0.,1.));
#2161 = ( GEOMETRIC_REPRESENTATION_CONTEXT(2) 
PARAMETRIC_REPRESENTATION_CONTEXT() REPRESENTATION_CONTEXT('2D SPACE',''
  ) );
#2162 = ORIENTED_EDGE('',*,*,#2163,.F.);
#2163 = EDGE_CURVE('',#2164,#2130,#2166,.T.);
#2164 = VERTEX_POINT('',#2165);
#2165 = CARTESIAN_POINT('',(-0.394564917215,-4.210168466069,0.));
#2166 = SURFACE_CURVE('',#2167,(#2172,#2180),.PCURVE_S1.);
#2167 = B_SPLINE_CURVE_WITH_KNOTS('',3,(#2168,#2169,#2170,#2171),
  .UNSPECIFIED.,.F.,.F.,(4,4),(0.,1.),.PIECEWISE_BEZIER_KNOTS.);
#2168 = CARTESIAN_POINT('',(-0.394564917215,-4.210168466069,0.));
#2169 = CARTESIAN_POINT('',(-0.313555514634,-3.850468501973,0.));
#2170 = CARTESIAN_POINT('',(-0.891651188002,-3.758907142292,0.));
#2171 = CARTESIAN_POINT('',(-0.925760069578,-4.126035419159,0.));
#2172 = PCURVE('',#49,#2173);
#2173 = DEFINITIONAL_REPRESENTATION('',(#2174),#2179);
#2174 = B_SPLINE_CURVE_WITH_KNOTS('',3,(#2175,#2176,#2177,#2178),
  .UNSPECIFIED.,.F.,.F.,(4,4),(0.,1.),.PIECEWISE_BEZIER_KNOTS.);
#2175 = CARTESIAN_POINT('',(-0.394564917215,-4.210168466069));
#2176 = CARTESIAN_POINT('',(-0.313555514634,-3.850468501973));
#2177 = CARTESIAN_POINT('',(-0.891651188002,-3.758907142292));
#2178 = CARTESIAN_POINT('',(-0.925760069578,-4.126035419159));
#2179 = ( GEOMETRIC_REPRESENTATION_CONTEXT(2) 
PARAMETRIC_REPRESENTATION_CONTEXT() REPRESENTATION_CONTEXT('2D SPACE',''
  ) );
#2180 = PCURVE('',#2181,#2190);
#2181 = B_SPLINE_SURFACE_WITH_KNOTS('',1,3,(
    (#2182,#2183,#2184,#2185)
    ,(#2186,#2187,#2188,#2189
    )),.UNSPECIFIED.,.F.,.F.,.F.,(2,2),(4,4),(0.,1.),(0.,1.),
  .PIECEWISE_BEZIER_KNOTS.);
#2182 = CARTESIAN_POINT('',(-0.394564917215,-4.210168466069,0.));
#2183 = CARTESIAN_POINT('',(-0.313555514634,-3.850468501973,0.));
#2184 = CARTESIAN_POINT('',(-0.891651188002,-3.758907142292,0.));
#2185 = CARTESIAN_POINT('',(-0.925760069578,-4.126035419159,0.));
#2186 = CARTESIAN_POINT('',(-0.394564917215,-4.210168466069,5.));
#2187 = CARTESIAN_POINT('',(-0.313555514634,-3.850468501973,5.));
#2188 = CARTESIAN_POINT('',(-0.891651188002,-3.758907142292,5.));
#2189 = CARTESIAN_POINT('',(-0.925760069578,-4.126035419159,5.));
#2190 = DEFINITIONAL_REPRESENTATION('',(#2191),#2195);
#2191 = LINE('',#2192,#2193);
#2192 = CARTESIAN_POINT('',(0.,0.));
#2193 = VECTOR('',#2194,1.);
#2194 = DIRECTION('',(0.,1.));
#2195 = ( GEOMETRIC_REPRESENTATION_CONTEXT(2) 
PARAMETRIC_REPRESENTATION_CONTEXT() REPRESENTATION_CONTEXT('2D SPACE',''
  ) );
#2196 = ORIENTED_EDGE('',*,*,#2197,.F.);
#2197 = EDGE_CURVE('',#2198,#2164,#2200,.T.);
#2198 = VERTEX_POINT('',#2199);
#2199 = CARTESIAN_POINT('',(-0.156322001299,-4.947531044057,0.));
#2200 = SURFACE_CURVE('',#2201,(#2206,#2214),.PCURVE_S1.);
#2201 = B_SPLINE_CURVE_WITH_KNOTS('',3,(#2202,#2203,#2204,#2205),
  .UNSPECIFIED.,.F.,.F.,(4,4),(0.,1.),.PIECEWISE_BEZIER_KNOTS.);
#2202 = CARTESIAN_POINT('',(-0.156322001299,-4.947531044057,0.));
#2203 = CARTESIAN_POINT('',(-0.280085772517,-4.721133797638,0.));
#2204 = CARTESIAN_POINT('',(-0.390758184155,-4.472377611232,0.));
#2205 = CARTESIAN_POINT('',(-0.394564917215,-4.210168466069,0.));
#2206 = PCURVE('',#49,#2207);
#2207 = DEFINITIONAL_REPRESENTATION('',(#2208),#2213);
#2208 = B_SPLINE_CURVE_WITH_KNOTS('',3,(#2209,#2210,#2211,#2212),
  .UNSPECIFIED.,.F.,.F.,(4,4),(0.,1.),.PIECEWISE_BEZIER_KNOTS.);
#2209 = CARTESIAN_POINT('',(-0.156322001299,-4.947531044057));
#2210 = CARTESIAN_POINT('',(-0.280085772517,-4.721133797638));
#2211 = CARTESIAN_POINT('',(-0.390758184155,-4.472377611232));
#2212 = CARTESIAN_POINT('',(-0.394564917215,-4.210168466069));
#2213 = ( GEOMETRIC_REPRESENTATION_CONTEXT(2) 
PARAMETRIC_REPRESENTATION_CONTEXT() REPRESENTATION_CONTEXT('2D SPACE',''
  ) );
#2214 = PCURVE('',#2215,#2224);
#2215 = B_SPLINE_SURFACE_WITH_KNOTS('',1,3,(
    (#2216,#2217,#2218,#2219)
    ,(#2220,#2221,#2222,#2223
    )),.UNSPECIFIED.,.F.,.F.,.F.,(2,2),(4,4),(0.,1.),(0.,1.),
  .PIECEWISE_BEZIER_KNOTS.);
#2216 = CARTESIAN_POINT('',(-0.156322001299,-4.947531044057,0.));
#2217 = CARTESIAN_POINT('',(-0.280085772517,-4.721133797638,0.));
#2218 = CARTESIAN_POINT('',(-0.390758184155,-4.472377611232,0.));
#2219 = CARTESIAN_POINT('',(-0.394564917215,-4.210168466069,0.));
#2220 = CARTESIAN_POINT('',(-0.156322001299,-4.947531044057,5.));
#2221 = CARTESIAN_POINT('',(-0.280085772517,-4.721133797638,5.));
#2222 = CARTESIAN_POINT('',(-0.390758184155,-4.472377611232,5.));
#2223 = CARTESIAN_POINT('',(-0.394564917215,-4.210168466069,5.));
#2224 = DEFINITIONAL_REPRESENTATION('',(#2225),#2229);
#2225 = LINE('',#2226,#2227);
#2226 = CARTESIAN_POINT('',(0.,0.));
#2227 = VECTOR('',#2228,1.);
#2228 = DIRECTION('',(0.,1.));
#2229 = ( GEOMETRIC_REPRESENTATION_CONTEXT(2) 
PARAMETRIC_REPRESENTATION_CONTEXT() REPRESENTATION_CONTEXT('2D SPACE',''
  ) );
#2230 = ORIENTED_EDGE('',*,*,#2231,.F.);
#2231 = EDGE_CURVE('',#2232,#2198,#2234,.T.);
#2232 = VERTEX_POINT('',#2233);
#2233 = CARTESIAN_POINT('',(0.156322001299,-4.947531044057,0.));
#2234 = SURFACE_CURVE('',#2235,(#2240,#2248),.PCURVE_S1.);
#2235 = B_SPLINE_CURVE_WITH_KNOTS('',3,(#2236,#2237,#2238,#2239),
  .UNSPECIFIED.,.F.,.F.,(4,4),(0.,1.),.PIECEWISE_BEZIER_KNOTS.);
#2236 = CARTESIAN_POINT('',(0.156322001299,-4.947531044057,0.));
#2237 = CARTESIAN_POINT('',(5.21419918516E-02,-4.950822946229,0.));
#2238 = CARTESIAN_POINT('',(-5.21419918516E-02,-4.950822946229,0.));
#2239 = CARTESIAN_POINT('',(-0.156322001299,-4.947531044057,0.));
#2240 = PCURVE('',#49,#2241);
#2241 = DEFINITIONAL_REPRESENTATION('',(#2242),#2247);
#2242 = B_SPLINE_CURVE_WITH_KNOTS('',3,(#2243,#2244,#2245,#2246),
  .UNSPECIFIED.,.F.,.F.,(4,4),(0.,1.),.PIECEWISE_BEZIER_KNOTS.);
#2243 = CARTESIAN_POINT('',(0.156322001299,-4.947531044057));
#2244 = CARTESIAN_POINT('',(5.21419918516E-02,-4.950822946229));
#2245 = CARTESIAN_POINT('',(-5.21419918516E-02,-4.950822946229));
#2246 = CARTESIAN_POINT('',(-0.156322001299,-4.947531044057));
#2247 = ( GEOMETRIC_REPRESENTATION_CONTEXT(2) 
PARAMETRIC_REPRESENTATION_CONTEXT() REPRESENTATION_CONTEXT('2D SPACE',''
  ) );
#2248 = PCURVE('',#2249,#2258);
#2249 = B_SPLINE_SURFACE_WITH_KNOTS('',1,3,(
    (#2250,#2251,#2252,#2253)
    ,(#2254,#2255,#2256,#2257
    )),.UNSPECIFIED.,.F.,.F.,.F.,(2,2),(4,4),(0.,1.),(0.,1.),
  .PIECEWISE_BEZIER_KNOTS.);
#2250 = CARTESIAN_POINT('',(0.156322001299,-4.947531044057,0.));
#2251 = CARTESIAN_POINT('',(5.21419918516E-02,-4.950822946229,0.));
#2252 = CARTESIAN_POINT('',(-5.21419918516E-02,-4.950822946229,0.));
#2253 = CARTESIAN_POINT('',(-0.156322001299,-4.947531044057,0.));
#2254 = CARTESIAN_POINT('',(0.156322001299,-4.947531044057,5.));
#2255 = CARTESIAN_POINT('',(5.21419918516E-02,-4.950822946229,5.));
#2256 = CARTESIAN_POINT('',(-5.21419918516E-02,-4.950822946229,5.));
#2257 = CARTESIAN_POINT('',(-0.156322001299,-4.947531044057,5.));
#2258 = DEFINITIONAL_REPRESENTATION('',(#2259),#2263);
#2259 = LINE('',#2260,#2261);
#2260 = CARTESIAN_POINT('',(0.,0.));
#2261 = VECTOR('',#2262,1.);
#2262 = DIRECTION('',(0.,1.));
#2263 = ( GEOMETRIC_REPRESENTATION_CONTEXT(2) 
PARAMETRIC_REPRESENTATION_CONTEXT() REPRESENTATION_CONTEXT('2D SPACE',''
  ) );
#2264 = ORIENTED_EDGE('',*,*,#2265,.F.);
#2265 = EDGE_CURVE('',#2266,#2232,#2268,.T.);
#2266 = VERTEX_POINT('',#2267);
#2267 = CARTESIAN_POINT('',(0.394564917215,-4.210168466069,0.));
#2268 = SURFACE_CURVE('',#2269,(#2274,#2282),.PCURVE_S1.);
#2269 = B_SPLINE_CURVE_WITH_KNOTS('',3,(#2270,#2271,#2272,#2273),
  .UNSPECIFIED.,.F.,.F.,(4,4),(0.,1.),.PIECEWISE_BEZIER_KNOTS.);
#2270 = CARTESIAN_POINT('',(0.394564917215,-4.210168466069,0.));
#2271 = CARTESIAN_POINT('',(0.390758184155,-4.472377611232,0.));
#2272 = CARTESIAN_POINT('',(0.280085772517,-4.721133797638,0.));
#2273 = CARTESIAN_POINT('',(0.156322001299,-4.947531044057,0.));
#2274 = PCURVE('',#49,#2275);
#2275 = DEFINITIONAL_REPRESENTATION('',(#2276),#2281);
#2276 = B_SPLINE_CURVE_WITH_KNOTS('',3,(#2277,#2278,#2279,#2280),
  .UNSPECIFIED.,.F.,.F.,(4,4),(0.,1.),.PIECEWISE_BEZIER_KNOTS.);
#2277 = CARTESIAN_POINT('',(0.394564917215,-4.210168466069));
#2278 = CARTESIAN_POINT('',(0.390758184155,-4.472377611232));
#2279 = CARTESIAN_POINT('',(0.280085772517,-4.721133797638));
#2280 = CARTESIAN_POINT('',(0.156322001299,-4.947531044057));
#2281 = ( GEOMETRIC_REPRESENTATION_CONTEXT(2) 
PARAMETRIC_REPRESENTATION_CONTEXT() REPRESENTATION_CONTEXT('2D SPACE',''
  ) );
#2282 = PCURVE('',#2283,#2292);
#2283 = B_SPLINE_SURFACE_WITH_KNOTS('',1,3,(
    (#2284,#2285,#2286,#2287)
    ,(#2288,#2289,#2290,#2291
    )),.UNSPECIFIED.,.F.,.F.,.F.,(2,2),(4,4),(0.,1.),(0.,1.),
  .PIECEWISE_BEZIER_KNOTS.);
#2284 = CARTESIAN_POINT('',(0.394564917215,-4.210168466069,0.));
#2285 = CARTESIAN_POINT('',(0.390758184155,-4.472377611232,0.));
#2286 = CARTESIAN_POINT('',(0.280085772517,-4.721133797638,0.));
#2287 = CARTESIAN_POINT('',(0.156322001299,-4.947531044057,0.));
#2288 = CARTESIAN_POINT('',(0.394564917215,-4.210168466069,5.));
#2289 = CARTESIAN_POINT('',(0.390758184155,-4.472377611232,5.));
#2290 = CARTESIAN_POINT('',(0.280085772517,-4.721133797638,5.));
#2291 = CARTESIAN_POINT('',(0.156322001299,-4.947531044057,5.));
#2292 = DEFINITIONAL_REPRESENTATION('',(#2293),#2297);
#2293 = LINE('',#2294,#2295);
#2294 = CARTESIAN_POINT('',(0.,0.));
#2295 = VECTOR('',#2296,1.);
#2296 = DIRECTION('',(0.,1.));
#2297 = ( GEOMETRIC_REPRESENTATION_CONTEXT(2) 
PARAMETRIC_REPRESENTATION_CONTEXT() REPRESENTATION_CONTEXT('2D SPACE',''
  ) );
#2298 = ORIENTED_EDGE('',*,*,#2299,.F.);
#2299 = EDGE_CURVE('',#2300,#2266,#2302,.T.);
#2300 = VERTEX_POINT('',#2301);
#2301 = CARTESIAN_POINT('',(0.925760069578,-4.126035419159,0.));
#2302 = SURFACE_CURVE('',#2303,(#2308,#2316),.PCURVE_S1.);
#2303 = B_SPLINE_CURVE_WITH_KNOTS('',3,(#2304,#2305,#2306,#2307),
  .UNSPECIFIED.,.F.,.F.,(4,4),(0.,1.),.PIECEWISE_BEZIER_KNOTS.);
#2304 = CARTESIAN_POINT('',(0.925760069578,-4.126035419159,0.));
#2305 = CARTESIAN_POINT('',(0.891651188002,-3.758907142292,0.));
#2306 = CARTESIAN_POINT('',(0.313555514634,-3.850468501973,0.));
#2307 = CARTESIAN_POINT('',(0.394564917215,-4.210168466069,0.));
#2308 = PCURVE('',#49,#2309);
#2309 = DEFINITIONAL_REPRESENTATION('',(#2310),#2315);
#2310 = B_SPLINE_CURVE_WITH_KNOTS('',3,(#2311,#2312,#2313,#2314),
  .UNSPECIFIED.,.F.,.F.,(4,4),(0.,1.),.PIECEWISE_BEZIER_KNOTS.);
#2311 = CARTESIAN_POINT('',(0.925760069578,-4.126035419159));
#2312 = CARTESIAN_POINT('',(0.891651188002,-3.758907142292));
#2313 = CARTESIAN_POINT('',(0.313555514634,-3.850468501973));
#2314 = CARTESIAN_POINT('',(0.394564917215,-4.210168466069));
#2315 = ( GEOMETRIC_REPRESENTATION_CONTEXT(2) 
PARAMETRIC_REPRESENTATION_CONTEXT() REPRESENTATION_CONTEXT('2D SPACE',''
  ) );
#2316 = PCURVE('',#2317,#2326);
#2317 = B_SPLINE_SURFACE_WITH_KNOTS('',1,3,(
    (#2318,#2319,#2320,#2321)
    ,(#2322,#2323,#2324,#2325
    )),.UNSPECIFIED.,.F.,.F.,.F.,(2,2),(4,4),(0.,1.),(0.,1.),
  .PIECEWISE_BEZIER_KNOTS.);
#2318 = CARTESIAN_POINT('',(0.925760069578,-4.126035419159,0.));
#2319 = CARTESIAN_POINT('',(0.891651188002,-3.758907142292,0.));
#2320 = CARTESIAN_POINT('',(0.313555514634,-3.850468501973,0.));
#2321 = CARTESIAN_POINT('',(0.394564917215,-4.210168466069,0.));
#2322 = CARTESIAN_POINT('',(0.925760069578,-4.126035419159,5.));
#2323 = CARTESIAN_POINT('',(0.891651188002,-3.758907142292,5.));
#2324 = CARTESIAN_POINT('',(0.313555514634,-3.850468501973,5.));
#2325 = CARTESIAN_POINT('',(0.394564917215,-4.210168466069,5.));
#2326 = DEFINITIONAL_REPRESENTATION('',(#2327),#2331);
#2327 = LINE('',#2328,#2329);
#2328 = CARTESIAN_POINT('',(0.,0.));
#2329 = VECTOR('',#2330,1.);
#2330 = DIRECTION('',(0.,1.));
#2331 = ( GEOMETRIC_REPRESENTATION_CONTEXT(2) 
PARAMETRIC_REPRESENTATION_CONTEXT() REPRESENTATION_CONTEXT('2D SPACE',''
  ) );
#2332 = ORIENTED_EDGE('',*,*,#2333,.F.);
#2333 = EDGE_CURVE('',#2334,#2300,#2336,.T.);
#2334 = VERTEX_POINT('',#2335);
#2335 = CARTESIAN_POINT('',(1.380200114835,-4.753687794019,0.));
#2336 = SURFACE_CURVE('',#2337,(#2342,#2350),.PCURVE_S1.);
#2337 = B_SPLINE_CURVE_WITH_KNOTS('',3,(#2338,#2339,#2340,#2341),
  .UNSPECIFIED.,.F.,.F.,(4,4),(0.,1.),.PIECEWISE_BEZIER_KNOTS.);
#2338 = CARTESIAN_POINT('',(1.380200114835,-4.753687794019,0.));
#2339 = CARTESIAN_POINT('',(1.192533177114,-4.576616326135,0.));
#2340 = CARTESIAN_POINT('',(1.010407569796,-4.37423479009,0.));
#2341 = CARTESIAN_POINT('',(0.925760069578,-4.126035419159,0.));
#2342 = PCURVE('',#49,#2343);
#2343 = DEFINITIONAL_REPRESENTATION('',(#2344),#2349);
#2344 = B_SPLINE_CURVE_WITH_KNOTS('',3,(#2345,#2346,#2347,#2348),
  .UNSPECIFIED.,.F.,.F.,(4,4),(0.,1.),.PIECEWISE_BEZIER_KNOTS.);
#2345 = CARTESIAN_POINT('',(1.380200114835,-4.753687794019));
#2346 = CARTESIAN_POINT('',(1.192533177114,-4.576616326135));
#2347 = CARTESIAN_POINT('',(1.010407569796,-4.37423479009));
#2348 = CARTESIAN_POINT('',(0.925760069578,-4.126035419159));
#2349 = ( GEOMETRIC_REPRESENTATION_CONTEXT(2) 
PARAMETRIC_REPRESENTATION_CONTEXT() REPRESENTATION_CONTEXT('2D SPACE',''
  ) );
#2350 = PCURVE('',#2351,#2360);
#2351 = B_SPLINE_SURFACE_WITH_KNOTS('',1,3,(
    (#2352,#2353,#2354,#2355)
    ,(#2356,#2357,#2358,#2359
    )),.UNSPECIFIED.,.F.,.F.,.F.,(2,2),(4,4),(0.,1.),(0.,1.),
  .PIECEWISE_BEZIER_KNOTS.);
#2352 = CARTESIAN_POINT('',(1.380200114835,-4.753687794019,0.));
#2353 = CARTESIAN_POINT('',(1.192533177114,-4.576616326135,0.));
#2354 = CARTESIAN_POINT('',(1.010407569796,-4.37423479009,0.));
#2355 = CARTESIAN_POINT('',(0.925760069578,-4.126035419159,0.));
#2356 = CARTESIAN_POINT('',(1.380200114835,-4.753687794019,5.));
#2357 = CARTESIAN_POINT('',(1.192533177114,-4.576616326135,5.));
#2358 = CARTESIAN_POINT('',(1.010407569796,-4.37423479009,5.));
#2359 = CARTESIAN_POINT('',(0.925760069578,-4.126035419159,5.));
#2360 = DEFINITIONAL_REPRESENTATION('',(#2361),#2365);
#2361 = LINE('',#2362,#2363);
#2362 = CARTESIAN_POINT('',(0.,0.));
#2363 = VECTOR('',#2364,1.);
#2364 = DIRECTION('',(0.,1.));
#2365 = ( GEOMETRIC_REPRESENTATION_CONTEXT(2) 
PARAMETRIC_REPRESENTATION_CONTEXT() REPRESENTATION_CONTEXT('2D SPACE',''
  ) );
#2366 = ORIENTED_EDGE('',*,*,#2367,.F.);
#2367 = EDGE_CURVE('',#2368,#2334,#2370,.T.);
#2368 = VERTEX_POINT('',#2369);
#2369 = CARTESIAN_POINT('',(1.677542230787,-4.657075484027,0.));
#2370 = SURFACE_CURVE('',#2371,(#2376,#2384),.PCURVE_S1.);
#2371 = B_SPLINE_CURVE_WITH_KNOTS('',3,(#2372,#2373,#2374,#2375),
  .UNSPECIFIED.,.F.,.F.,(4,4),(0.,1.),.PIECEWISE_BEZIER_KNOTS.);
#2372 = CARTESIAN_POINT('',(1.677542230787,-4.657075484027,0.));
#2373 = CARTESIAN_POINT('',(1.579478407649,-4.692399662432,0.));
#2374 = CARTESIAN_POINT('',(1.480298445403,-4.724625185637,0.));
#2375 = CARTESIAN_POINT('',(1.380200114835,-4.753687794019,0.));
#2376 = PCURVE('',#49,#2377);
#2377 = DEFINITIONAL_REPRESENTATION('',(#2378),#2383);
#2378 = B_SPLINE_CURVE_WITH_KNOTS('',3,(#2379,#2380,#2381,#2382),
  .UNSPECIFIED.,.F.,.F.,(4,4),(0.,1.),.PIECEWISE_BEZIER_KNOTS.);
#2379 = CARTESIAN_POINT('',(1.677542230787,-4.657075484027));
#2380 = CARTESIAN_POINT('',(1.579478407649,-4.692399662432));
#2381 = CARTESIAN_POINT('',(1.480298445403,-4.724625185637));
#2382 = CARTESIAN_POINT('',(1.380200114835,-4.753687794019));
#2383 = ( GEOMETRIC_REPRESENTATION_CONTEXT(2) 
PARAMETRIC_REPRESENTATION_CONTEXT() REPRESENTATION_CONTEXT('2D SPACE',''
  ) );
#2384 = PCURVE('',#2385,#2394);
#2385 = B_SPLINE_SURFACE_WITH_KNOTS('',1,3,(
    (#2386,#2387,#2388,#2389)
    ,(#2390,#2391,#2392,#2393
    )),.UNSPECIFIED.,.F.,.F.,.F.,(2,2),(4,4),(0.,1.),(0.,1.),
  .PIECEWISE_BEZIER_KNOTS.);
#2386 = CARTESIAN_POINT('',(1.677542230787,-4.657075484027,0.));
#2387 = CARTESIAN_POINT('',(1.579478407649,-4.692399662432,0.));
#2388 = CARTESIAN_POINT('',(1.480298445403,-4.724625185637,0.));
#2389 = CARTESIAN_POINT('',(1.380200114835,-4.753687794019,0.));
#2390 = CARTESIAN_POINT('',(1.677542230787,-4.657075484027,5.));
#2391 = CARTESIAN_POINT('',(1.579478407649,-4.692399662432,5.));
#2392 = CARTESIAN_POINT('',(1.480298445403,-4.724625185637,5.));
#2393 = CARTESIAN_POINT('',(1.380200114835,-4.753687794019,5.));
#2394 = DEFINITIONAL_REPRESENTATION('',(#2395),#2399);
#2395 = LINE('',#2396,#2397);
#2396 = CARTESIAN_POINT('',(0.,0.));
#2397 = VECTOR('',#2398,1.);
#2398 = DIRECTION('',(0.,1.));
#2399 = ( GEOMETRIC_REPRESENTATION_CONTEXT(2) 
PARAMETRIC_REPRESENTATION_CONTEXT() REPRESENTATION_CONTEXT('2D SPACE',''
  ) );
#2400 = ORIENTED_EDGE('',*,*,#2401,.F.);
#2401 = EDGE_CURVE('',#2402,#2368,#2404,.T.);
#2402 = VERTEX_POINT('',#2403);
#2403 = CARTESIAN_POINT('',(1.676267140816,-3.882180889552,0.));
#2404 = SURFACE_CURVE('',#2405,(#2410,#2418),.PCURVE_S1.);
#2405 = B_SPLINE_CURVE_WITH_KNOTS('',3,(#2406,#2407,#2408,#2409),
  .UNSPECIFIED.,.F.,.F.,(4,4),(0.,1.),.PIECEWISE_BEZIER_KNOTS.);
#2406 = CARTESIAN_POINT('',(1.676267140816,-3.882180889552,0.));
#2407 = CARTESIAN_POINT('',(1.753673804469,-4.1327329509,0.));
#2408 = CARTESIAN_POINT('',(1.725287975262,-4.403513798954,0.));
#2409 = CARTESIAN_POINT('',(1.677542230787,-4.657075484027,0.));
#2410 = PCURVE('',#49,#2411);
#2411 = DEFINITIONAL_REPRESENTATION('',(#2412),#2417);
#2412 = B_SPLINE_CURVE_WITH_KNOTS('',3,(#2413,#2414,#2415,#2416),
  .UNSPECIFIED.,.F.,.F.,(4,4),(0.,1.),.PIECEWISE_BEZIER_KNOTS.);
#2413 = CARTESIAN_POINT('',(1.676267140816,-3.882180889552));
#2414 = CARTESIAN_POINT('',(1.753673804469,-4.1327329509));
#2415 = CARTESIAN_POINT('',(1.725287975262,-4.403513798954));
#2416 = CARTESIAN_POINT('',(1.677542230787,-4.657075484027));
#2417 = ( GEOMETRIC_REPRESENTATION_CONTEXT(2) 
PARAMETRIC_REPRESENTATION_CONTEXT() REPRESENTATION_CONTEXT('2D SPACE',''
  ) );
#2418 = PCURVE('',#2419,#2428);
#2419 = B_SPLINE_SURFACE_WITH_KNOTS('',1,3,(
    (#2420,#2421,#2422,#2423)
    ,(#2424,#2425,#2426,#2427
    )),.UNSPECIFIED.,.F.,.F.,.F.,(2,2),(4,4),(0.,1.),(0.,1.),
  .PIECEWISE_BEZIER_KNOTS.);
#2420 = CARTESIAN_POINT('',(1.676267140816,-3.882180889552,0.));
#2421 = CARTESIAN_POINT('',(1.753673804469,-4.1327329509,0.));
#2422 = CARTESIAN_POINT('',(1.725287975262,-4.403513798954,0.));
#2423 = CARTESIAN_POINT('',(1.677542230787,-4.657075484027,0.));
#2424 = CARTESIAN_POINT('',(1.676267140816,-3.882180889552,5.));
#2425 = CARTESIAN_POINT('',(1.753673804469,-4.1327329509,5.));
#2426 = CARTESIAN_POINT('',(1.725287975262,-4.403513798954,5.));
#2427 = CARTESIAN_POINT('',(1.677542230787,-4.657075484027,5.));
#2428 = DEFINITIONAL_REPRESENTATION('',(#2429),#2433);
#2429 = LINE('',#2430,#2431);
#2430 = CARTESIAN_POINT('',(0.,0.));
#2431 = VECTOR('',#2432,1.);
#2432 = DIRECTION('',(0.,1.));
#2433 = ( GEOMETRIC_REPRESENTATION_CONTEXT(2) 
PARAMETRIC_REPRESENTATION_CONTEXT() REPRESENTATION_CONTEXT('2D SPACE',''
  ) );
#2434 = ORIENTED_EDGE('',*,*,#2435,.F.);
#2435 = EDGE_CURVE('',#2436,#2402,#2438,.T.);
#2436 = VERTEX_POINT('',#2437);
#2437 = CARTESIAN_POINT('',(2.155465210611,-3.638017277642,0.));
#2438 = SURFACE_CURVE('',#2439,(#2444,#2452),.PCURVE_S1.);
#2439 = B_SPLINE_CURVE_WITH_KNOTS('',3,(#2440,#2441,#2442,#2443),
  .UNSPECIFIED.,.F.,.F.,(4,4),(0.,1.),.PIECEWISE_BEZIER_KNOTS.);
#2440 = CARTESIAN_POINT('',(2.155465210611,-3.638017277642,0.));
#2441 = CARTESIAN_POINT('',(2.009576859857,-3.299397761678,0.));
#2442 = CARTESIAN_POINT('',(1.488069218828,-3.565119176888,0.));
#2443 = CARTESIAN_POINT('',(1.676267140816,-3.882180889552,0.));
#2444 = PCURVE('',#49,#2445);
#2445 = DEFINITIONAL_REPRESENTATION('',(#2446),#2451);
#2446 = B_SPLINE_CURVE_WITH_KNOTS('',3,(#2447,#2448,#2449,#2450),
  .UNSPECIFIED.,.F.,.F.,(4,4),(0.,1.),.PIECEWISE_BEZIER_KNOTS.);
#2447 = CARTESIAN_POINT('',(2.155465210611,-3.638017277642));
#2448 = CARTESIAN_POINT('',(2.009576859857,-3.299397761678));
#2449 = CARTESIAN_POINT('',(1.488069218828,-3.565119176888));
#2450 = CARTESIAN_POINT('',(1.676267140816,-3.882180889552));
#2451 = ( GEOMETRIC_REPRESENTATION_CONTEXT(2) 
PARAMETRIC_REPRESENTATION_CONTEXT() REPRESENTATION_CONTEXT('2D SPACE',''
  ) );
#2452 = PCURVE('',#2453,#2462);
#2453 = B_SPLINE_SURFACE_WITH_KNOTS('',1,3,(
    (#2454,#2455,#2456,#2457)
    ,(#2458,#2459,#2460,#2461
    )),.UNSPECIFIED.,.F.,.F.,.F.,(2,2),(4,4),(0.,1.),(0.,1.),
  .PIECEWISE_BEZIER_KNOTS.);
#2454 = CARTESIAN_POINT('',(2.155465210611,-3.638017277642,0.));
#2455 = CARTESIAN_POINT('',(2.009576859857,-3.299397761678,0.));
#2456 = CARTESIAN_POINT('',(1.488069218828,-3.565119176888,0.));
#2457 = CARTESIAN_POINT('',(1.676267140816,-3.882180889552,0.));
#2458 = CARTESIAN_POINT('',(2.155465210611,-3.638017277642,5.));
#2459 = CARTESIAN_POINT('',(2.009576859857,-3.299397761678,5.));
#2460 = CARTESIAN_POINT('',(1.488069218828,-3.565119176888,5.));
#2461 = CARTESIAN_POINT('',(1.676267140816,-3.882180889552,5.));
#2462 = DEFINITIONAL_REPRESENTATION('',(#2463),#2467);
#2463 = LINE('',#2464,#2465);
#2464 = CARTESIAN_POINT('',(0.,0.));
#2465 = VECTOR('',#2466,1.);
#2466 = DIRECTION('',(0.,1.));
#2467 = ( GEOMETRIC_REPRESENTATION_CONTEXT(2) 
PARAMETRIC_REPRESENTATION_CONTEXT() REPRESENTATION_CONTEXT('2D SPACE',''
  ) );
#2468 = ORIENTED_EDGE('',*,*,#2469,.F.);
#2469 = EDGE_CURVE('',#2470,#2436,#2472,.T.);
#2470 = VERTEX_POINT('',#2471);
#2471 = CARTESIAN_POINT('',(2.78161862731,-4.094520461813,0.));
#2472 = SURFACE_CURVE('',#2473,(#2478,#2486),.PCURVE_S1.);
#2473 = B_SPLINE_CURVE_WITH_KNOTS('',3,(#2474,#2475,#2476,#2477),
  .UNSPECIFIED.,.F.,.F.,(4,4),(0.,1.),.PIECEWISE_BEZIER_KNOTS.);
#2474 = CARTESIAN_POINT('',(2.78161862731,-4.094520461813,0.));
#2475 = CARTESIAN_POINT('',(2.548418670502,-3.984107761469,0.));
#2476 = CARTESIAN_POINT('',(2.312667590893,-3.847911390608,0.));
#2477 = CARTESIAN_POINT('',(2.155465210611,-3.638017277642,0.));
#2478 = PCURVE('',#49,#2479);
#2479 = DEFINITIONAL_REPRESENTATION('',(#2480),#2485);
#2480 = B_SPLINE_CURVE_WITH_KNOTS('',3,(#2481,#2482,#2483,#2484),
  .UNSPECIFIED.,.F.,.F.,(4,4),(0.,1.),.PIECEWISE_BEZIER_KNOTS.);
#2481 = CARTESIAN_POINT('',(2.78161862731,-4.094520461813));
#2482 = CARTESIAN_POINT('',(2.548418670502,-3.984107761469));
#2483 = CARTESIAN_POINT('',(2.312667590893,-3.847911390608));
#2484 = CARTESIAN_POINT('',(2.155465210611,-3.638017277642));
#2485 = ( GEOMETRIC_REPRESENTATION_CONTEXT(2) 
PARAMETRIC_REPRESENTATION_CONTEXT() REPRESENTATION_CONTEXT('2D SPACE',''
  ) );
#2486 = PCURVE('',#2487,#2496);
#2487 = B_SPLINE_SURFACE_WITH_KNOTS('',1,3,(
    (#2488,#2489,#2490,#2491)
    ,(#2492,#2493,#2494,#2495
    )),.UNSPECIFIED.,.F.,.F.,.F.,(2,2),(4,4),(0.,1.),(0.,1.),
  .PIECEWISE_BEZIER_KNOTS.);
#2488 = CARTESIAN_POINT('',(2.78161862731,-4.094520461813,0.));
#2489 = CARTESIAN_POINT('',(2.548418670502,-3.984107761469,0.));
#2490 = CARTESIAN_POINT('',(2.312667590893,-3.847911390608,0.));
#2491 = CARTESIAN_POINT('',(2.155465210611,-3.638017277642,0.));
#2492 = CARTESIAN_POINT('',(2.78161862731,-4.094520461813,5.));
#2493 = CARTESIAN_POINT('',(2.548418670502,-3.984107761469,5.));
#2494 = CARTESIAN_POINT('',(2.312667590893,-3.847911390608,5.));
#2495 = CARTESIAN_POINT('',(2.155465210611,-3.638017277642,5.));
#2496 = DEFINITIONAL_REPRESENTATION('',(#2497),#2501);
#2497 = LINE('',#2498,#2499);
#2498 = CARTESIAN_POINT('',(0.,0.));
#2499 = VECTOR('',#2500,1.);
#2500 = DIRECTION('',(0.,1.));
#2501 = ( GEOMETRIC_REPRESENTATION_CONTEXT(2) 
PARAMETRIC_REPRESENTATION_CONTEXT() REPRESENTATION_CONTEXT('2D SPACE',''
  ) );
#2502 = ORIENTED_EDGE('',*,*,#2503,.F.);
#2503 = EDGE_CURVE('',#2504,#2470,#2506,.T.);
#2504 = VERTEX_POINT('',#2505);
#2505 = CARTESIAN_POINT('',(3.034552938602,-3.910752927867,0.));
#2506 = SURFACE_CURVE('',#2507,(#2512,#2520),.PCURVE_S1.);
#2507 = B_SPLINE_CURVE_WITH_KNOTS('',3,(#2508,#2509,#2510,#2511),
  .UNSPECIFIED.,.F.,.F.,(4,4),(0.,1.),.PIECEWISE_BEZIER_KNOTS.);
#2508 = CARTESIAN_POINT('',(3.034552938602,-3.910752927867,0.));
#2509 = CARTESIAN_POINT('',(2.952204472033,-3.974651605805,0.));
#2510 = CARTESIAN_POINT('',(2.867836956976,-4.035948193476,0.));
#2511 = CARTESIAN_POINT('',(2.78161862731,-4.094520461813,0.));
#2512 = PCURVE('',#49,#2513);
#2513 = DEFINITIONAL_REPRESENTATION('',(#2514),#2519);
#2514 = B_SPLINE_CURVE_WITH_KNOTS('',3,(#2515,#2516,#2517,#2518),
  .UNSPECIFIED.,.F.,.F.,(4,4),(0.,1.),.PIECEWISE_BEZIER_KNOTS.);
#2515 = CARTESIAN_POINT('',(3.034552938602,-3.910752927867));
#2516 = CARTESIAN_POINT('',(2.952204472033,-3.974651605805));
#2517 = CARTESIAN_POINT('',(2.867836956976,-4.035948193476));
#2518 = CARTESIAN_POINT('',(2.78161862731,-4.094520461813));
#2519 = ( GEOMETRIC_REPRESENTATION_CONTEXT(2) 
PARAMETRIC_REPRESENTATION_CONTEXT() REPRESENTATION_CONTEXT('2D SPACE',''
  ) );
#2520 = PCURVE('',#2521,#2530);
#2521 = B_SPLINE_SURFACE_WITH_KNOTS('',1,3,(
    (#2522,#2523,#2524,#2525)
    ,(#2526,#2527,#2528,#2529
    )),.UNSPECIFIED.,.F.,.F.,.F.,(2,2),(4,4),(0.,1.),(0.,1.),
  .PIECEWISE_BEZIER_KNOTS.);
#2522 = CARTESIAN_POINT('',(3.034552938602,-3.910752927867,0.));
#2523 = CARTESIAN_POINT('',(2.952204472033,-3.974651605805,0.));
#2524 = CARTESIAN_POINT('',(2.867836956976,-4.035948193476,0.));
#2525 = CARTESIAN_POINT('',(2.78161862731,-4.094520461813,0.));
#2526 = CARTESIAN_POINT('',(3.034552938602,-3.910752927867,5.));
#2527 = CARTESIAN_POINT('',(2.952204472033,-3.974651605805,5.));
#2528 = CARTESIAN_POINT('',(2.867836956976,-4.035948193476,5.));
#2529 = CARTESIAN_POINT('',(2.78161862731,-4.094520461813,5.));
#2530 = DEFINITIONAL_REPRESENTATION('',(#2531),#2535);
#2531 = LINE('',#2532,#2533);
#2532 = CARTESIAN_POINT('',(0.,0.));
#2533 = VECTOR('',#2534,1.);
#2534 = DIRECTION('',(0.,1.));
#2535 = ( GEOMETRIC_REPRESENTATION_CONTEXT(2) 
PARAMETRIC_REPRESENTATION_CONTEXT() REPRESENTATION_CONTEXT('2D SPACE',''
  ) );
#2536 = ORIENTED_EDGE('',*,*,#2537,.F.);
#2537 = EDGE_CURVE('',#2538,#2504,#2540,.T.);
#2538 = VERTEX_POINT('',#2539);
#2539 = CARTESIAN_POINT('',(2.793884657433,-3.174178398821,0.));
#2540 = SURFACE_CURVE('',#2541,(#2546,#2554),.PCURVE_S1.);
#2541 = B_SPLINE_CURVE_WITH_KNOTS('',3,(#2542,#2543,#2544,#2545),
  .UNSPECIFIED.,.F.,.F.,(4,4),(0.,1.),.PIECEWISE_BEZIER_KNOTS.);
#2542 = CARTESIAN_POINT('',(2.793884657433,-3.174178398821,0.));
#2543 = CARTESIAN_POINT('',(2.944927614238,-3.38854759489,0.));
#2544 = CARTESIAN_POINT('',(3.0016069702,-3.654847188544,0.));
#2545 = CARTESIAN_POINT('',(3.034552938602,-3.910752927867,0.));
#2546 = PCURVE('',#49,#2547);
#2547 = DEFINITIONAL_REPRESENTATION('',(#2548),#2553);
#2548 = B_SPLINE_CURVE_WITH_KNOTS('',3,(#2549,#2550,#2551,#2552),
  .UNSPECIFIED.,.F.,.F.,(4,4),(0.,1.),.PIECEWISE_BEZIER_KNOTS.);
#2549 = CARTESIAN_POINT('',(2.793884657433,-3.174178398821));
#2550 = CARTESIAN_POINT('',(2.944927614238,-3.38854759489));
#2551 = CARTESIAN_POINT('',(3.0016069702,-3.654847188544));
#2552 = CARTESIAN_POINT('',(3.034552938602,-3.910752927867));
#2553 = ( GEOMETRIC_REPRESENTATION_CONTEXT(2) 
PARAMETRIC_REPRESENTATION_CONTEXT() REPRESENTATION_CONTEXT('2D SPACE',''
  ) );
#2554 = PCURVE('',#2555,#2564);
#2555 = B_SPLINE_SURFACE_WITH_KNOTS('',1,3,(
    (#2556,#2557,#2558,#2559)
    ,(#2560,#2561,#2562,#2563
    )),.UNSPECIFIED.,.F.,.F.,.F.,(2,2),(4,4),(0.,1.),(0.,1.),
  .PIECEWISE_BEZIER_KNOTS.);
#2556 = CARTESIAN_POINT('',(2.793884657433,-3.174178398821,0.));
#2557 = CARTESIAN_POINT('',(2.944927614238,-3.38854759489,0.));
#2558 = CARTESIAN_POINT('',(3.0016069702,-3.654847188544,0.));
#2559 = CARTESIAN_POINT('',(3.034552938602,-3.910752927867,0.));
#2560 = CARTESIAN_POINT('',(2.793884657433,-3.174178398821,5.));
#2561 = CARTESIAN_POINT('',(2.944927614238,-3.38854759489,5.));
#2562 = CARTESIAN_POINT('',(3.0016069702,-3.654847188544,5.));
#2563 = CARTESIAN_POINT('',(3.034552938602,-3.910752927867,5.));
#2564 = DEFINITIONAL_REPRESENTATION('',(#2565),#2569);
#2565 = LINE('',#2566,#2567);
#2566 = CARTESIAN_POINT('',(0.,0.));
#2567 = VECTOR('',#2568,1.);
#2568 = DIRECTION('',(0.,1.));
#2569 = ( GEOMETRIC_REPRESENTATION_CONTEXT(2) 
PARAMETRIC_REPRESENTATION_CONTEXT() REPRESENTATION_CONTEXT('2D SPACE',''
  ) );
#2570 = ORIENTED_EDGE('',*,*,#2571,.F.);
#2571 = EDGE_CURVE('',#2572,#2538,#2574,.T.);
#2572 = VERTEX_POINT('',#2573);
#2573 = CARTESIAN_POINT('',(3.174178398821,-2.793884657433,0.));
#2574 = SURFACE_CURVE('',#2575,(#2580,#2588),.PCURVE_S1.);
#2575 = B_SPLINE_CURVE_WITH_KNOTS('',3,(#2576,#2577,#2578,#2579),
  .UNSPECIFIED.,.F.,.F.,(4,4),(0.,1.),.PIECEWISE_BEZIER_KNOTS.);
#2576 = CARTESIAN_POINT('',(3.174178398821,-2.793884657433,0.));
#2577 = CARTESIAN_POINT('',(2.930791147124,-2.516920339895,0.));
#2578 = CARTESIAN_POINT('',(2.516920339895,-2.930791147124,0.));
#2579 = CARTESIAN_POINT('',(2.793884657433,-3.174178398821,0.));
#2580 = PCURVE('',#49,#2581);
#2581 = DEFINITIONAL_REPRESENTATION('',(#2582),#2587);
#2582 = B_SPLINE_CURVE_WITH_KNOTS('',3,(#2583,#2584,#2585,#2586),
  .UNSPECIFIED.,.F.,.F.,(4,4),(0.,1.),.PIECEWISE_BEZIER_KNOTS.);
#2583 = CARTESIAN_POINT('',(3.174178398821,-2.793884657433));
#2584 = CARTESIAN_POINT('',(2.930791147124,-2.516920339895));
#2585 = CARTESIAN_POINT('',(2.516920339895,-2.930791147124));
#2586 = CARTESIAN_POINT('',(2.793884657433,-3.174178398821));
#2587 = ( GEOMETRIC_REPRESENTATION_CONTEXT(2) 
PARAMETRIC_REPRESENTATION_CONTEXT() REPRESENTATION_CONTEXT('2D SPACE',''
  ) );
#2588 = PCURVE('',#2589,#2598);
#2589 = B_SPLINE_SURFACE_WITH_KNOTS('',1,3,(
    (#2590,#2591,#2592,#2593)
    ,(#2594,#2595,#2596,#2597
    )),.UNSPECIFIED.,.F.,.F.,.F.,(2,2),(4,4),(0.,1.),(0.,1.),
  .PIECEWISE_BEZIER_KNOTS.);
#2590 = CARTESIAN_POINT('',(3.174178398821,-2.793884657433,0.));
#2591 = CARTESIAN_POINT('',(2.930791147124,-2.516920339895,0.));
#2592 = CARTESIAN_POINT('',(2.516920339895,-2.930791147124,0.));
#2593 = CARTESIAN_POINT('',(2.793884657433,-3.174178398821,0.));
#2594 = CARTESIAN_POINT('',(3.174178398821,-2.793884657433,5.));
#2595 = CARTESIAN_POINT('',(2.930791147124,-2.516920339895,5.));
#2596 = CARTESIAN_POINT('',(2.516920339895,-2.930791147124,5.));
#2597 = CARTESIAN_POINT('',(2.793884657433,-3.174178398821,5.));
#2598 = DEFINITIONAL_REPRESENTATION('',(#2599),#2603);
#2599 = LINE('',#2600,#2601);
#2600 = CARTESIAN_POINT('',(0.,0.));
#2601 = VECTOR('',#2602,1.);
#2602 = DIRECTION('',(0.,1.));
#2603 = ( GEOMETRIC_REPRESENTATION_CONTEXT(2) 
PARAMETRIC_REPRESENTATION_CONTEXT() REPRESENTATION_CONTEXT('2D SPACE',''
  ) );
#2604 = ORIENTED_EDGE('',*,*,#2605,.F.);
#2605 = EDGE_CURVE('',#2606,#2572,#2608,.T.);
#2606 = VERTEX_POINT('',#2607);
#2607 = CARTESIAN_POINT('',(3.910752927867,-3.034552938602,0.));
#2608 = SURFACE_CURVE('',#2609,(#2614,#2622),.PCURVE_S1.);
#2609 = B_SPLINE_CURVE_WITH_KNOTS('',3,(#2610,#2611,#2612,#2613),
  .UNSPECIFIED.,.F.,.F.,(4,4),(0.,1.),.PIECEWISE_BEZIER_KNOTS.);
#2610 = CARTESIAN_POINT('',(3.910752927867,-3.034552938602,0.));
#2611 = CARTESIAN_POINT('',(3.654847188544,-3.0016069702,0.));
#2612 = CARTESIAN_POINT('',(3.38854759489,-2.944927614238,0.));
#2613 = CARTESIAN_POINT('',(3.174178398821,-2.793884657433,0.));
#2614 = PCURVE('',#49,#2615);
#2615 = DEFINITIONAL_REPRESENTATION('',(#2616),#2621);
#2616 = B_SPLINE_CURVE_WITH_KNOTS('',3,(#2617,#2618,#2619,#2620),
  .UNSPECIFIED.,.F.,.F.,(4,4),(0.,1.),.PIECEWISE_BEZIER_KNOTS.);
#2617 = CARTESIAN_POINT('',(3.910752927867,-3.034552938602));
#2618 = CARTESIAN_POINT('',(3.654847188544,-3.0016069702));
#2619 = CARTESIAN_POINT('',(3.38854759489,-2.944927614238));
#2620 = CARTESIAN_POINT('',(3.174178398821,-2.793884657433));
#2621 = ( GEOMETRIC_REPRESENTATION_CONTEXT(2) 
PARAMETRIC_REPRESENTATION_CONTEXT() REPRESENTATION_CONTEXT('2D SPACE',''
  ) );
#2622 = PCURVE('',#2623,#2632);
#2623 = B_SPLINE_SURFACE_WITH_KNOTS('',1,3,(
    (#2624,#2625,#2626,#2627)
    ,(#2628,#2629,#2630,#2631
    )),.UNSPECIFIED.,.F.,.F.,.F.,(2,2),(4,4),(0.,1.),(0.,1.),
  .PIECEWISE_BEZIER_KNOTS.);
#2624 = CARTESIAN_POINT('',(3.910752927867,-3.034552938602,0.));
#2625 = CARTESIAN_POINT('',(3.654847188544,-3.0016069702,0.));
#2626 = CARTESIAN_POINT('',(3.38854759489,-2.944927614238,0.));
#2627 = CARTESIAN_POINT('',(3.174178398821,-2.793884657433,0.));
#2628 = CARTESIAN_POINT('',(3.910752927867,-3.034552938602,5.));
#2629 = CARTESIAN_POINT('',(3.654847188544,-3.0016069702,5.));
#2630 = CARTESIAN_POINT('',(3.38854759489,-2.944927614238,5.));
#2631 = CARTESIAN_POINT('',(3.174178398821,-2.793884657433,5.));
#2632 = DEFINITIONAL_REPRESENTATION('',(#2633),#2637);
#2633 = LINE('',#2634,#2635);
#2634 = CARTESIAN_POINT('',(0.,0.));
#2635 = VECTOR('',#2636,1.);
#2636 = DIRECTION('',(0.,1.));
#2637 = ( GEOMETRIC_REPRESENTATION_CONTEXT(2) 
PARAMETRIC_REPRESENTATION_CONTEXT() REPRESENTATION_CONTEXT('2D SPACE',''
  ) );
#2638 = ORIENTED_EDGE('',*,*,#2639,.F.);
#2639 = EDGE_CURVE('',#24,#2606,#2640,.T.);
#2640 = SURFACE_CURVE('',#2641,(#2646,#2654),.PCURVE_S1.);
#2641 = B_SPLINE_CURVE_WITH_KNOTS('',3,(#2642,#2643,#2644,#2645),
  .UNSPECIFIED.,.F.,.F.,(4,4),(0.,1.),.PIECEWISE_BEZIER_KNOTS.);
#2642 = CARTESIAN_POINT('',(4.094520461813,-2.78161862731,0.));
#2643 = CARTESIAN_POINT('',(4.035948193476,-2.867836956976,0.));
#2644 = CARTESIAN_POINT('',(3.974651605805,-2.952204472033,0.));
#2645 = CARTESIAN_POINT('',(3.910752927867,-3.034552938602,0.));
#2646 = PCURVE('',#49,#2647);
#2647 = DEFINITIONAL_REPRESENTATION('',(#2648),#2653);
#2648 = B_SPLINE_CURVE_WITH_KNOTS('',3,(#2649,#2650,#2651,#2652),
  .UNSPECIFIED.,.F.,.F.,(4,4),(0.,1.),.PIECEWISE_BEZIER_KNOTS.);
#2649 = CARTESIAN_POINT('',(4.094520461813,-2.78161862731));
#2650 = CARTESIAN_POINT('',(4.035948193476,-2.867836956976));
#2651 = CARTESIAN_POINT('',(3.974651605805,-2.952204472033));
#2652 = CARTESIAN_POINT('',(3.910752927867,-3.034552938602));
#2653 = ( GEOMETRIC_REPRESENTATION_CONTEXT(2) 
PARAMETRIC_REPRESENTATION_CONTEXT() REPRESENTATION_CONTEXT('2D SPACE',''
  ) );
#2654 = PCURVE('',#136,#2655);
#2655 = DEFINITIONAL_REPRESENTATION('',(#2656),#2660);
#2656 = LINE('',#2657,#2658);
#2657 = CARTESIAN_POINT('',(0.,0.));
#2658 = VECTOR('',#2659,1.);
#2659 = DIRECTION('',(0.,1.));
#2660 = ( GEOMETRIC_REPRESENTATION_CONTEXT(2) 
PARAMETRIC_REPRESENTATION_CONTEXT() REPRESENTATION_CONTEXT('2D SPACE',''
  ) );
#2661 = ORIENTED_EDGE('',*,*,#21,.F.);
#2662 = ORIENTED_EDGE('',*,*,#2663,.F.);
#2663 = EDGE_CURVE('',#2664,#22,#2666,.T.);
#2664 = VERTEX_POINT('',#2665);
#2665 = CARTESIAN_POINT('',(3.882180889552,-1.676267140816,0.));
#2666 = SURFACE_CURVE('',#2667,(#2672,#2680),.PCURVE_S1.);
#2667 = B_SPLINE_CURVE_WITH_KNOTS('',3,(#2668,#2669,#2670,#2671),
  .UNSPECIFIED.,.F.,.F.,(4,4),(0.,1.),.PIECEWISE_BEZIER_KNOTS.);
#2668 = CARTESIAN_POINT('',(3.882180889552,-1.676267140816,0.));
#2669 = CARTESIAN_POINT('',(3.565119176888,-1.488069218828,0.));
#2670 = CARTESIAN_POINT('',(3.299397761678,-2.009576859857,0.));
#2671 = CARTESIAN_POINT('',(3.638017277642,-2.155465210611,0.));
#2672 = PCURVE('',#49,#2673);
#2673 = DEFINITIONAL_REPRESENTATION('',(#2674),#2679);
#2674 = B_SPLINE_CURVE_WITH_KNOTS('',3,(#2675,#2676,#2677,#2678),
  .UNSPECIFIED.,.F.,.F.,(4,4),(0.,1.),.PIECEWISE_BEZIER_KNOTS.);
#2675 = CARTESIAN_POINT('',(3.882180889552,-1.676267140816));
#2676 = CARTESIAN_POINT('',(3.565119176888,-1.488069218828));
#2677 = CARTESIAN_POINT('',(3.299397761678,-2.009576859857));
#2678 = CARTESIAN_POINT('',(3.638017277642,-2.155465210611));
#2679 = ( GEOMETRIC_REPRESENTATION_CONTEXT(2) 
PARAMETRIC_REPRESENTATION_CONTEXT() REPRESENTATION_CONTEXT('2D SPACE',''
  ) );
#2680 = PCURVE('',#77,#2681);
#2681 = DEFINITIONAL_REPRESENTATION('',(#2682),#2686);
#2682 = LINE('',#2683,#2684);
#2683 = CARTESIAN_POINT('',(0.,0.));
#2684 = VECTOR('',#2685,1.);
#2685 = DIRECTION('',(0.,1.));
#2686 = ( GEOMETRIC_REPRESENTATION_CONTEXT(2) 
PARAMETRIC_REPRESENTATION_CONTEXT() REPRESENTATION_CONTEXT('2D SPACE',''
  ) );
#2687 = ORIENTED_EDGE('',*,*,#2688,.F.);
#2688 = EDGE_CURVE('',#2689,#2664,#2691,.T.);
#2689 = VERTEX_POINT('',#2690);
#2690 = CARTESIAN_POINT('',(4.657075484027,-1.677542230787,0.));
#2691 = SURFACE_CURVE('',#2692,(#2697,#2705),.PCURVE_S1.);
#2692 = B_SPLINE_CURVE_WITH_KNOTS('',3,(#2693,#2694,#2695,#2696),
  .UNSPECIFIED.,.F.,.F.,(4,4),(0.,1.),.PIECEWISE_BEZIER_KNOTS.);
#2693 = CARTESIAN_POINT('',(4.657075484027,-1.677542230787,0.));
#2694 = CARTESIAN_POINT('',(4.403513798954,-1.725287975262,0.));
#2695 = CARTESIAN_POINT('',(4.1327329509,-1.753673804469,0.));
#2696 = CARTESIAN_POINT('',(3.882180889552,-1.676267140816,0.));
#2697 = PCURVE('',#49,#2698);
#2698 = DEFINITIONAL_REPRESENTATION('',(#2699),#2704);
#2699 = B_SPLINE_CURVE_WITH_KNOTS('',3,(#2700,#2701,#2702,#2703),
  .UNSPECIFIED.,.F.,.F.,(4,4),(0.,1.),.PIECEWISE_BEZIER_KNOTS.);
#2700 = CARTESIAN_POINT('',(4.657075484027,-1.677542230787));
#2701 = CARTESIAN_POINT('',(4.403513798954,-1.725287975262));
#2702 = CARTESIAN_POINT('',(4.1327329509,-1.753673804469));
#2703 = CARTESIAN_POINT('',(3.882180889552,-1.676267140816));
#2704 = ( GEOMETRIC_REPRESENTATION_CONTEXT(2) 
PARAMETRIC_REPRESENTATION_CONTEXT() REPRESENTATION_CONTEXT('2D SPACE',''
  ) );
#2705 = PCURVE('',#2706,#2715);
#2706 = B_SPLINE_SURFACE_WITH_KNOTS('',1,3,(
    (#2707,#2708,#2709,#2710)
    ,(#2711,#2712,#2713,#2714
    )),.UNSPECIFIED.,.F.,.F.,.F.,(2,2),(4,4),(0.,1.),(0.,1.),
  .PIECEWISE_BEZIER_KNOTS.);
#2707 = CARTESIAN_POINT('',(4.657075484027,-1.677542230787,0.));
#2708 = CARTESIAN_POINT('',(4.403513798954,-1.725287975262,0.));
#2709 = CARTESIAN_POINT('',(4.1327329509,-1.753673804469,0.));
#2710 = CARTESIAN_POINT('',(3.882180889552,-1.676267140816,0.));
#2711 = CARTESIAN_POINT('',(4.657075484027,-1.677542230787,5.));
#2712 = CARTESIAN_POINT('',(4.403513798954,-1.725287975262,5.));
#2713 = CARTESIAN_POINT('',(4.1327329509,-1.753673804469,5.));
#2714 = CARTESIAN_POINT('',(3.882180889552,-1.676267140816,5.));
#2715 = DEFINITIONAL_REPRESENTATION('',(#2716),#2720);
#2716 = LINE('',#2717,#2718);
#2717 = CARTESIAN_POINT('',(0.,0.));
#2718 = VECTOR('',#2719,1.);
#2719 = DIRECTION('',(0.,1.));
#2720 = ( GEOMETRIC_REPRESENTATION_CONTEXT(2) 
PARAMETRIC_REPRESENTATION_CONTEXT() REPRESENTATION_CONTEXT('2D SPACE',''
  ) );
#2721 = ORIENTED_EDGE('',*,*,#2722,.F.);
#2722 = EDGE_CURVE('',#2723,#2689,#2725,.T.);
#2723 = VERTEX_POINT('',#2724);
#2724 = CARTESIAN_POINT('',(4.753687794019,-1.380200114835,0.));
#2725 = SURFACE_CURVE('',#2726,(#2731,#2739),.PCURVE_S1.);
#2726 = B_SPLINE_CURVE_WITH_KNOTS('',3,(#2727,#2728,#2729,#2730),
  .UNSPECIFIED.,.F.,.F.,(4,4),(0.,1.),.PIECEWISE_BEZIER_KNOTS.);
#2727 = CARTESIAN_POINT('',(4.753687794019,-1.380200114835,0.));
#2728 = CARTESIAN_POINT('',(4.724625185637,-1.480298445403,0.));
#2729 = CARTESIAN_POINT('',(4.692399662432,-1.579478407649,0.));
#2730 = CARTESIAN_POINT('',(4.657075484027,-1.677542230787,0.));
#2731 = PCURVE('',#49,#2732);
#2732 = DEFINITIONAL_REPRESENTATION('',(#2733),#2738);
#2733 = B_SPLINE_CURVE_WITH_KNOTS('',3,(#2734,#2735,#2736,#2737),
  .UNSPECIFIED.,.F.,.F.,(4,4),(0.,1.),.PIECEWISE_BEZIER_KNOTS.);
#2734 = CARTESIAN_POINT('',(4.753687794019,-1.380200114835));
#2735 = CARTESIAN_POINT('',(4.724625185637,-1.480298445403));
#2736 = CARTESIAN_POINT('',(4.692399662432,-1.579478407649));
#2737 = CARTESIAN_POINT('',(4.657075484027,-1.677542230787));
#2738 = ( GEOMETRIC_REPRESENTATION_CONTEXT(2) 
PARAMETRIC_REPRESENTATION_CONTEXT() REPRESENTATION_CONTEXT('2D SPACE',''
  ) );
#2739 = PCURVE('',#2740,#2749);
#2740 = B_SPLINE_SURFACE_WITH_KNOTS('',1,3,(
    (#2741,#2742,#2743,#2744)
    ,(#2745,#2746,#2747,#2748
    )),.UNSPECIFIED.,.F.,.F.,.F.,(2,2),(4,4),(0.,1.),(0.,1.),
  .PIECEWISE_BEZIER_KNOTS.);
#2741 = CARTESIAN_POINT('',(4.753687794019,-1.380200114835,0.));
#2742 = CARTESIAN_POINT('',(4.724625185637,-1.480298445403,0.));
#2743 = CARTESIAN_POINT('',(4.692399662432,-1.579478407649,0.));
#2744 = CARTESIAN_POINT('',(4.657075484027,-1.677542230787,0.));
#2745 = CARTESIAN_POINT('',(4.753687794019,-1.380200114835,5.));
#2746 = CARTESIAN_POINT('',(4.724625185637,-1.480298445403,5.));
#2747 = CARTESIAN_POINT('',(4.692399662432,-1.579478407649,5.));
#2748 = CARTESIAN_POINT('',(4.657075484027,-1.677542230787,5.));
#2749 = DEFINITIONAL_REPRESENTATION('',(#2750),#2754);
#2750 = LINE('',#2751,#2752);
#2751 = CARTESIAN_POINT('',(0.,0.));
#2752 = VECTOR('',#2753,1.);
#2753 = DIRECTION('',(0.,1.));
#2754 = ( GEOMETRIC_REPRESENTATION_CONTEXT(2) 
PARAMETRIC_REPRESENTATION_CONTEXT() REPRESENTATION_CONTEXT('2D SPACE',''
  ) );
#2755 = ORIENTED_EDGE('',*,*,#2756,.F.);
#2756 = EDGE_CURVE('',#2757,#2723,#2759,.T.);
#2757 = VERTEX_POINT('',#2758);
#2758 = CARTESIAN_POINT('',(4.126035419159,-0.925760069578,0.));
#2759 = SURFACE_CURVE('',#2760,(#2765,#2773),.PCURVE_S1.);
#2760 = B_SPLINE_CURVE_WITH_KNOTS('',3,(#2761,#2762,#2763,#2764),
  .UNSPECIFIED.,.F.,.F.,(4,4),(0.,1.),.PIECEWISE_BEZIER_KNOTS.);
#2761 = CARTESIAN_POINT('',(4.126035419159,-0.925760069578,0.));
#2762 = CARTESIAN_POINT('',(4.37423479009,-1.010407569796,0.));
#2763 = CARTESIAN_POINT('',(4.576616326135,-1.192533177114,0.));
#2764 = CARTESIAN_POINT('',(4.753687794019,-1.380200114835,0.));
#2765 = PCURVE('',#49,#2766);
#2766 = DEFINITIONAL_REPRESENTATION('',(#2767),#2772);
#2767 = B_SPLINE_CURVE_WITH_KNOTS('',3,(#2768,#2769,#2770,#2771),
  .UNSPECIFIED.,.F.,.F.,(4,4),(0.,1.),.PIECEWISE_BEZIER_KNOTS.);
#2768 = CARTESIAN_POINT('',(4.126035419159,-0.925760069578));
#2769 = CARTESIAN_POINT('',(4.37423479009,-1.010407569796));
#2770 = CARTESIAN_POINT('',(4.576616326135,-1.192533177114));
#2771 = CARTESIAN_POINT('',(4.753687794019,-1.380200114835));
#2772 = ( GEOMETRIC_REPRESENTATION_CONTEXT(2) 
PARAMETRIC_REPRESENTATION_CONTEXT() REPRESENTATION_CONTEXT('2D SPACE',''
  ) );
#2773 = PCURVE('',#2774,#2783);
#2774 = B_SPLINE_SURFACE_WITH_KNOTS('',1,3,(
    (#2775,#2776,#2777,#2778)
    ,(#2779,#2780,#2781,#2782
    )),.UNSPECIFIED.,.F.,.F.,.F.,(2,2),(4,4),(0.,1.),(0.,1.),
  .PIECEWISE_BEZIER_KNOTS.);
#2775 = CARTESIAN_POINT('',(4.126035419159,-0.925760069578,0.));
#2776 = CARTESIAN_POINT('',(4.37423479009,-1.010407569796,0.));
#2777 = CARTESIAN_POINT('',(4.576616326135,-1.192533177114,0.));
#2778 = CARTESIAN_POINT('',(4.753687794019,-1.380200114835,0.));
#2779 = CARTESIAN_POINT('',(4.126035419159,-0.925760069578,5.));
#2780 = CARTESIAN_POINT('',(4.37423479009,-1.010407569796,5.));
#2781 = CARTESIAN_POINT('',(4.576616326135,-1.192533177114,5.));
#2782 = CARTESIAN_POINT('',(4.753687794019,-1.380200114835,5.));
#2783 = DEFINITIONAL_REPRESENTATION('',(#2784),#2788);
#2784 = LINE('',#2785,#2786);
#2785 = CARTESIAN_POINT('',(0.,0.));
#2786 = VECTOR('',#2787,1.);
#2787 = DIRECTION('',(0.,1.));
#2788 = ( GEOMETRIC_REPRESENTATION_CONTEXT(2) 
PARAMETRIC_REPRESENTATION_CONTEXT() REPRESENTATION_CONTEXT('2D SPACE',''
  ) );
#2789 = ORIENTED_EDGE('',*,*,#2790,.F.);
#2790 = EDGE_CURVE('',#158,#2757,#2791,.T.);
#2791 = SURFACE_CURVE('',#2792,(#2797,#2805),.PCURVE_S1.);
#2792 = B_SPLINE_CURVE_WITH_KNOTS('',3,(#2793,#2794,#2795,#2796),
  .UNSPECIFIED.,.F.,.F.,(4,4),(0.,1.),.PIECEWISE_BEZIER_KNOTS.);
#2793 = CARTESIAN_POINT('',(4.210168466069,-0.394564917215,0.));
#2794 = CARTESIAN_POINT('',(3.850468501973,-0.313555514634,0.));
#2795 = CARTESIAN_POINT('',(3.758907142292,-0.891651188002,0.));
#2796 = CARTESIAN_POINT('',(4.126035419159,-0.925760069578,0.));
#2797 = PCURVE('',#49,#2798);
#2798 = DEFINITIONAL_REPRESENTATION('',(#2799),#2804);
#2799 = B_SPLINE_CURVE_WITH_KNOTS('',3,(#2800,#2801,#2802,#2803),
  .UNSPECIFIED.,.F.,.F.,(4,4),(0.,1.),.PIECEWISE_BEZIER_KNOTS.);
#2800 = CARTESIAN_POINT('',(4.210168466069,-0.394564917215));
#2801 = CARTESIAN_POINT('',(3.850468501973,-0.313555514634));
#2802 = CARTESIAN_POINT('',(3.758907142292,-0.891651188002));
#2803 = CARTESIAN_POINT('',(4.126035419159,-0.925760069578));
#2804 = ( GEOMETRIC_REPRESENTATION_CONTEXT(2) 
PARAMETRIC_REPRESENTATION_CONTEXT() REPRESENTATION_CONTEXT('2D SPACE',''
  ) );
#2805 = PCURVE('',#2806,#2815);
#2806 = B_SPLINE_SURFACE_WITH_KNOTS('',1,3,(
    (#2807,#2808,#2809,#2810)
    ,(#2811,#2812,#2813,#2814
    )),.UNSPECIFIED.,.F.,.F.,.F.,(2,2),(4,4),(0.,1.),(0.,1.),
  .PIECEWISE_BEZIER_KNOTS.);
#2807 = CARTESIAN_POINT('',(4.210168466069,-0.394564917215,0.));
#2808 = CARTESIAN_POINT('',(3.850468501973,-0.313555514634,0.));
#2809 = CARTESIAN_POINT('',(3.758907142292,-0.891651188002,0.));
#2810 = CARTESIAN_POINT('',(4.126035419159,-0.925760069578,0.));
#2811 = CARTESIAN_POINT('',(4.210168466069,-0.394564917215,5.));
#2812 = CARTESIAN_POINT('',(3.850468501973,-0.313555514634,5.));
#2813 = CARTESIAN_POINT('',(3.758907142292,-0.891651188002,5.));
#2814 = CARTESIAN_POINT('',(4.126035419159,-0.925760069578,5.));
#2815 = DEFINITIONAL_REPRESENTATION('',(#2816),#2820);
#2816 = LINE('',#2817,#2818);
#2817 = CARTESIAN_POINT('',(0.,0.));
#2818 = VECTOR('',#2819,1.);
#2819 = DIRECTION('',(0.,1.));
#2820 = ( GEOMETRIC_REPRESENTATION_CONTEXT(2) 
PARAMETRIC_REPRESENTATION_CONTEXT() REPRESENTATION_CONTEXT('2D SPACE',''
  ) );
#2821 = FACE_BOUND('',#2822,.F.);
#2822 = EDGE_LOOP('',(#2823));
#2823 = ORIENTED_EDGE('',*,*,#2824,.F.);
#2824 = EDGE_CURVE('',#2825,#2825,#2827,.T.);
#2825 = VERTEX_POINT('',#2826);
#2826 = CARTESIAN_POINT('',(3.,0.,0.));
#2827 = SURFACE_CURVE('',#2828,(#2833,#2840),.PCURVE_S1.);
#2828 = CIRCLE('',#2829,3.);
#2829 = AXIS2_PLACEMENT_3D('',#2830,#2831,#2832);
#2830 = CARTESIAN_POINT('',(0.,0.,0.));
#2831 = DIRECTION('',(0.,-0.,1.));
#2832 = DIRECTION('',(1.,0.,0.));
#2833 = PCURVE('',#49,#2834);
#2834 = DEFINITIONAL_REPRESENTATION('',(#2835),#2839);
#2835 = CIRCLE('',#2836,3.);
#2836 = AXIS2_PLACEMENT_2D('',#2837,#2838);
#2837 = CARTESIAN_POINT('',(5.66428313319E-16,-2.724397050475E-16));
#2838 = DIRECTION('',(1.,0.));
#2839 = ( GEOMETRIC_REPRESENTATION_CONTEXT(2) 
PARAMETRIC_REPRESENTATION_CONTEXT() REPRESENTATION_CONTEXT('2D SPACE',''
  ) );
#2840 = PCURVE('',#2841,#2846);
#2841 = CYLINDRICAL_SURFACE('',#2842,3.);
#2842 = AXIS2_PLACEMENT_3D('',#2843,#2844,#2845);
#2843 = CARTESIAN_POINT('',(0.,0.,9.901646092458));
#2844 = DIRECTION('',(0.,-0.,1.));
#2845 = DIRECTION('',(1.,0.,0.));
#2846 = DEFINITIONAL_REPRESENTATION('',(#2847),#2851);
#2847 = LINE('',#2848,#2849);
#2848 = CARTESIAN_POINT('',(-6.28318530718,-9.901646092458));
#2849 = VECTOR('',#2850,1.);
#2850 = DIRECTION('',(1.,-0.));
#2851 = ( GEOMETRIC_REPRESENTATION_CONTEXT(2) 
PARAMETRIC_REPRESENTATION_CONTEXT() REPRESENTATION_CONTEXT('2D SPACE',''
  ) );
#2852 = ADVANCED_FACE('',(#2853),#77,.T.);
#2853 = FACE_BOUND('',#2854,.T.);
#2854 = EDGE_LOOP('',(#2855,#2856,#2878,#2901));
#2855 = ORIENTED_EDGE('',*,*,#2663,.F.);
#2856 = ORIENTED_EDGE('',*,*,#2857,.T.);
#2857 = EDGE_CURVE('',#2664,#2858,#2860,.T.);
#2858 = VERTEX_POINT('',#2859);
#2859 = CARTESIAN_POINT('',(3.882180889552,-1.676267140816,5.));
#2860 = SURFACE_CURVE('',#2861,(#2864,#2871),.PCURVE_S1.);
#2861 = B_SPLINE_CURVE_WITH_KNOTS('',1,(#2862,#2863),.UNSPECIFIED.,.F.,
  .F.,(2,2),(0.,1.),.PIECEWISE_BEZIER_KNOTS.);
#2862 = CARTESIAN_POINT('',(3.882180889552,-1.676267140816,0.));
#2863 = CARTESIAN_POINT('',(3.882180889552,-1.676267140816,5.));
#2864 = PCURVE('',#77,#2865);
#2865 = DEFINITIONAL_REPRESENTATION('',(#2866),#2870);
#2866 = LINE('',#2867,#2868);
#2867 = CARTESIAN_POINT('',(0.,0.));
#2868 = VECTOR('',#2869,1.);
#2869 = DIRECTION('',(1.,0.));
#2870 = ( GEOMETRIC_REPRESENTATION_CONTEXT(2) 
PARAMETRIC_REPRESENTATION_CONTEXT() REPRESENTATION_CONTEXT('2D SPACE',''
  ) );
#2871 = PCURVE('',#2706,#2872);
#2872 = DEFINITIONAL_REPRESENTATION('',(#2873),#2877);
#2873 = LINE('',#2874,#2875);
#2874 = CARTESIAN_POINT('',(0.,1.));
#2875 = VECTOR('',#2876,1.);
#2876 = DIRECTION('',(1.,0.));
#2877 = ( GEOMETRIC_REPRESENTATION_CONTEXT(2) 
PARAMETRIC_REPRESENTATION_CONTEXT() REPRESENTATION_CONTEXT('2D SPACE',''
  ) );
#2878 = ORIENTED_EDGE('',*,*,#2879,.T.);
#2879 = EDGE_CURVE('',#2858,#63,#2880,.T.);
#2880 = SURFACE_CURVE('',#2881,(#2886,#2893),.PCURVE_S1.);
#2881 = B_SPLINE_CURVE_WITH_KNOTS('',3,(#2882,#2883,#2884,#2885),
  .UNSPECIFIED.,.F.,.F.,(4,4),(0.,1.),.PIECEWISE_BEZIER_KNOTS.);
#2882 = CARTESIAN_POINT('',(3.882180889552,-1.676267140816,5.));
#2883 = CARTESIAN_POINT('',(3.565119176888,-1.488069218828,5.));
#2884 = CARTESIAN_POINT('',(3.299397761678,-2.009576859857,5.));
#2885 = CARTESIAN_POINT('',(3.638017277642,-2.155465210611,5.));
#2886 = PCURVE('',#77,#2887);
#2887 = DEFINITIONAL_REPRESENTATION('',(#2888),#2892);
#2888 = LINE('',#2889,#2890);
#2889 = CARTESIAN_POINT('',(1.,0.));
#2890 = VECTOR('',#2891,1.);
#2891 = DIRECTION('',(0.,1.));
#2892 = ( GEOMETRIC_REPRESENTATION_CONTEXT(2) 
PARAMETRIC_REPRESENTATION_CONTEXT() REPRESENTATION_CONTEXT('2D SPACE',''
  ) );
#2893 = PCURVE('',#110,#2894);
#2894 = DEFINITIONAL_REPRESENTATION('',(#2895),#2900);
#2895 = B_SPLINE_CURVE_WITH_KNOTS('',3,(#2896,#2897,#2898,#2899),
  .UNSPECIFIED.,.F.,.F.,(4,4),(0.,1.),.PIECEWISE_BEZIER_KNOTS.);
#2896 = CARTESIAN_POINT('',(-3.882180889552,-1.676267140816));
#2897 = CARTESIAN_POINT('',(-3.565119176888,-1.488069218828));
#2898 = CARTESIAN_POINT('',(-3.299397761678,-2.009576859857));
#2899 = CARTESIAN_POINT('',(-3.638017277642,-2.155465210611));
#2900 = ( GEOMETRIC_REPRESENTATION_CONTEXT(2) 
PARAMETRIC_REPRESENTATION_CONTEXT() REPRESENTATION_CONTEXT('2D SPACE',''
  ) );
#2901 = ORIENTED_EDGE('',*,*,#62,.F.);
#2902 = ADVANCED_FACE('',(#2903,#4855),#110,.F.);
#2903 = FACE_BOUND('',#2904,.F.);
#2904 = EDGE_LOOP('',(#2905,#2932,#2957,#2982,#3007,#3032,#3057,#3082,
    #3107,#3132,#3157,#3182,#3207,#3232,#3257,#3282,#3307,#3332,#3357,
    #3382,#3407,#3432,#3457,#3482,#3507,#3532,#3557,#3582,#3607,#3632,
    #3657,#3680,#3681,#3682,#3707,#3732,#3757,#3782,#3807,#3832,#3857,
    #3882,#3907,#3932,#3957,#3982,#4007,#4032,#4057,#4082,#4107,#4132,
    #4157,#4182,#4207,#4232,#4257,#4282,#4307,#4332,#4357,#4382,#4407,
    #4432,#4457,#4482,#4507,#4532,#4557,#4582,#4607,#4632,#4657,#4682,
    #4707,#4732,#4757,#4782,#4807,#4832));
#2905 = ORIENTED_EDGE('',*,*,#2906,.T.);
#2906 = EDGE_CURVE('',#2907,#2909,#2911,.T.);
#2907 = VERTEX_POINT('',#2908);
#2908 = CARTESIAN_POINT('',(-1.676267140816,3.882180889552,5.));
#2909 = VERTEX_POINT('',#2910);
#2910 = CARTESIAN_POINT('',(-1.677542230787,4.657075484027,5.));
#2911 = SURFACE_CURVE('',#2912,(#2917,#2925),.PCURVE_S1.);
#2912 = B_SPLINE_CURVE_WITH_KNOTS('',3,(#2913,#2914,#2915,#2916),
  .UNSPECIFIED.,.F.,.F.,(4,4),(0.,1.),.PIECEWISE_BEZIER_KNOTS.);
#2913 = CARTESIAN_POINT('',(-1.676267140816,3.882180889552,5.));
#2914 = CARTESIAN_POINT('',(-1.753673804469,4.1327329509,5.));
#2915 = CARTESIAN_POINT('',(-1.725287975262,4.403513798954,5.));
#2916 = CARTESIAN_POINT('',(-1.677542230787,4.657075484027,5.));
#2917 = PCURVE('',#110,#2918);
#2918 = DEFINITIONAL_REPRESENTATION('',(#2919),#2924);
#2919 = B_SPLINE_CURVE_WITH_KNOTS('',3,(#2920,#2921,#2922,#2923),
  .UNSPECIFIED.,.F.,.F.,(4,4),(0.,1.),.PIECEWISE_BEZIER_KNOTS.);
#2920 = CARTESIAN_POINT('',(1.676267140816,3.882180889552));
#2921 = CARTESIAN_POINT('',(1.753673804469,4.1327329509));
#2922 = CARTESIAN_POINT('',(1.725287975262,4.403513798954));
#2923 = CARTESIAN_POINT('',(1.677542230787,4.657075484027));
#2924 = ( GEOMETRIC_REPRESENTATION_CONTEXT(2) 
PARAMETRIC_REPRESENTATION_CONTEXT() REPRESENTATION_CONTEXT('2D SPACE',''
  ) );
#2925 = PCURVE('',#1059,#2926);
#2926 = DEFINITIONAL_REPRESENTATION('',(#2927),#2931);
#2927 = LINE('',#2928,#2929);
#2928 = CARTESIAN_POINT('',(1.,0.));
#2929 = VECTOR('',#2930,1.);
#2930 = DIRECTION('',(0.,1.));
#2931 = ( GEOMETRIC_REPRESENTATION_CONTEXT(2) 
PARAMETRIC_REPRESENTATION_CONTEXT() REPRESENTATION_CONTEXT('2D SPACE',''
  ) );
#2932 = ORIENTED_EDGE('',*,*,#2933,.T.);
#2933 = EDGE_CURVE('',#2909,#2934,#2936,.T.);
#2934 = VERTEX_POINT('',#2935);
#2935 = CARTESIAN_POINT('',(-1.380200114835,4.753687794019,5.));
#2936 = SURFACE_CURVE('',#2937,(#2942,#2950),.PCURVE_S1.);
#2937 = B_SPLINE_CURVE_WITH_KNOTS('',3,(#2938,#2939,#2940,#2941),
  .UNSPECIFIED.,.F.,.F.,(4,4),(0.,1.),.PIECEWISE_BEZIER_KNOTS.);
#2938 = CARTESIAN_POINT('',(-1.677542230787,4.657075484027,5.));
#2939 = CARTESIAN_POINT('',(-1.579478407649,4.692399662432,5.));
#2940 = CARTESIAN_POINT('',(-1.480298445403,4.724625185637,5.));
#2941 = CARTESIAN_POINT('',(-1.380200114835,4.753687794019,5.));
#2942 = PCURVE('',#110,#2943);
#2943 = DEFINITIONAL_REPRESENTATION('',(#2944),#2949);
#2944 = B_SPLINE_CURVE_WITH_KNOTS('',3,(#2945,#2946,#2947,#2948),
  .UNSPECIFIED.,.F.,.F.,(4,4),(0.,1.),.PIECEWISE_BEZIER_KNOTS.);
#2945 = CARTESIAN_POINT('',(1.677542230787,4.657075484027));
#2946 = CARTESIAN_POINT('',(1.579478407649,4.692399662432));
#2947 = CARTESIAN_POINT('',(1.480298445403,4.724625185637));
#2948 = CARTESIAN_POINT('',(1.380200114835,4.753687794019));
#2949 = ( GEOMETRIC_REPRESENTATION_CONTEXT(2) 
PARAMETRIC_REPRESENTATION_CONTEXT() REPRESENTATION_CONTEXT('2D SPACE',''
  ) );
#2950 = PCURVE('',#1025,#2951);
#2951 = DEFINITIONAL_REPRESENTATION('',(#2952),#2956);
#2952 = LINE('',#2953,#2954);
#2953 = CARTESIAN_POINT('',(1.,0.));
#2954 = VECTOR('',#2955,1.);
#2955 = DIRECTION('',(0.,1.));
#2956 = ( GEOMETRIC_REPRESENTATION_CONTEXT(2) 
PARAMETRIC_REPRESENTATION_CONTEXT() REPRESENTATION_CONTEXT('2D SPACE',''
  ) );
#2957 = ORIENTED_EDGE('',*,*,#2958,.T.);
#2958 = EDGE_CURVE('',#2934,#2959,#2961,.T.);
#2959 = VERTEX_POINT('',#2960);
#2960 = CARTESIAN_POINT('',(-0.925760069578,4.126035419159,5.));
#2961 = SURFACE_CURVE('',#2962,(#2967,#2975),.PCURVE_S1.);
#2962 = B_SPLINE_CURVE_WITH_KNOTS('',3,(#2963,#2964,#2965,#2966),
  .UNSPECIFIED.,.F.,.F.,(4,4),(0.,1.),.PIECEWISE_BEZIER_KNOTS.);
#2963 = CARTESIAN_POINT('',(-1.380200114835,4.753687794019,5.));
#2964 = CARTESIAN_POINT('',(-1.192533177114,4.576616326135,5.));
#2965 = CARTESIAN_POINT('',(-1.010407569796,4.37423479009,5.));
#2966 = CARTESIAN_POINT('',(-0.925760069578,4.126035419159,5.));
#2967 = PCURVE('',#110,#2968);
#2968 = DEFINITIONAL_REPRESENTATION('',(#2969),#2974);
#2969 = B_SPLINE_CURVE_WITH_KNOTS('',3,(#2970,#2971,#2972,#2973),
  .UNSPECIFIED.,.F.,.F.,(4,4),(0.,1.),.PIECEWISE_BEZIER_KNOTS.);
#2970 = CARTESIAN_POINT('',(1.380200114835,4.753687794019));
#2971 = CARTESIAN_POINT('',(1.192533177114,4.576616326135));
#2972 = CARTESIAN_POINT('',(1.010407569796,4.37423479009));
#2973 = CARTESIAN_POINT('',(0.925760069578,4.126035419159));
#2974 = ( GEOMETRIC_REPRESENTATION_CONTEXT(2) 
PARAMETRIC_REPRESENTATION_CONTEXT() REPRESENTATION_CONTEXT('2D SPACE',''
  ) );
#2975 = PCURVE('',#991,#2976);
#2976 = DEFINITIONAL_REPRESENTATION('',(#2977),#2981);
#2977 = LINE('',#2978,#2979);
#2978 = CARTESIAN_POINT('',(1.,0.));
#2979 = VECTOR('',#2980,1.);
#2980 = DIRECTION('',(0.,1.));
#2981 = ( GEOMETRIC_REPRESENTATION_CONTEXT(2) 
PARAMETRIC_REPRESENTATION_CONTEXT() REPRESENTATION_CONTEXT('2D SPACE',''
  ) );
#2982 = ORIENTED_EDGE('',*,*,#2983,.T.);
#2983 = EDGE_CURVE('',#2959,#2984,#2986,.T.);
#2984 = VERTEX_POINT('',#2985);
#2985 = CARTESIAN_POINT('',(-0.394564917215,4.210168466069,5.));
#2986 = SURFACE_CURVE('',#2987,(#2992,#3000),.PCURVE_S1.);
#2987 = B_SPLINE_CURVE_WITH_KNOTS('',3,(#2988,#2989,#2990,#2991),
  .UNSPECIFIED.,.F.,.F.,(4,4),(0.,1.),.PIECEWISE_BEZIER_KNOTS.);
#2988 = CARTESIAN_POINT('',(-0.925760069578,4.126035419159,5.));
#2989 = CARTESIAN_POINT('',(-0.891651188002,3.758907142292,5.));
#2990 = CARTESIAN_POINT('',(-0.313555514634,3.850468501973,5.));
#2991 = CARTESIAN_POINT('',(-0.394564917215,4.210168466069,5.));
#2992 = PCURVE('',#110,#2993);
#2993 = DEFINITIONAL_REPRESENTATION('',(#2994),#2999);
#2994 = B_SPLINE_CURVE_WITH_KNOTS('',3,(#2995,#2996,#2997,#2998),
  .UNSPECIFIED.,.F.,.F.,(4,4),(0.,1.),.PIECEWISE_BEZIER_KNOTS.);
#2995 = CARTESIAN_POINT('',(0.925760069578,4.126035419159));
#2996 = CARTESIAN_POINT('',(0.891651188002,3.758907142292));
#2997 = CARTESIAN_POINT('',(0.313555514634,3.850468501973));
#2998 = CARTESIAN_POINT('',(0.394564917215,4.210168466069));
#2999 = ( GEOMETRIC_REPRESENTATION_CONTEXT(2) 
PARAMETRIC_REPRESENTATION_CONTEXT() REPRESENTATION_CONTEXT('2D SPACE',''
  ) );
#3000 = PCURVE('',#957,#3001);
#3001 = DEFINITIONAL_REPRESENTATION('',(#3002),#3006);
#3002 = LINE('',#3003,#3004);
#3003 = CARTESIAN_POINT('',(1.,0.));
#3004 = VECTOR('',#3005,1.);
#3005 = DIRECTION('',(0.,1.));
#3006 = ( GEOMETRIC_REPRESENTATION_CONTEXT(2) 
PARAMETRIC_REPRESENTATION_CONTEXT() REPRESENTATION_CONTEXT('2D SPACE',''
  ) );
#3007 = ORIENTED_EDGE('',*,*,#3008,.T.);
#3008 = EDGE_CURVE('',#2984,#3009,#3011,.T.);
#3009 = VERTEX_POINT('',#3010);
#3010 = CARTESIAN_POINT('',(-0.156322001299,4.947531044057,5.));
#3011 = SURFACE_CURVE('',#3012,(#3017,#3025),.PCURVE_S1.);
#3012 = B_SPLINE_CURVE_WITH_KNOTS('',3,(#3013,#3014,#3015,#3016),
  .UNSPECIFIED.,.F.,.F.,(4,4),(0.,1.),.PIECEWISE_BEZIER_KNOTS.);
#3013 = CARTESIAN_POINT('',(-0.394564917215,4.210168466069,5.));
#3014 = CARTESIAN_POINT('',(-0.390758184155,4.472377611232,5.));
#3015 = CARTESIAN_POINT('',(-0.280085772517,4.721133797638,5.));
#3016 = CARTESIAN_POINT('',(-0.156322001299,4.947531044057,5.));
#3017 = PCURVE('',#110,#3018);
#3018 = DEFINITIONAL_REPRESENTATION('',(#3019),#3024);
#3019 = B_SPLINE_CURVE_WITH_KNOTS('',3,(#3020,#3021,#3022,#3023),
  .UNSPECIFIED.,.F.,.F.,(4,4),(0.,1.),.PIECEWISE_BEZIER_KNOTS.);
#3020 = CARTESIAN_POINT('',(0.394564917215,4.210168466069));
#3021 = CARTESIAN_POINT('',(0.390758184155,4.472377611232));
#3022 = CARTESIAN_POINT('',(0.280085772517,4.721133797638));
#3023 = CARTESIAN_POINT('',(0.156322001299,4.947531044057));
#3024 = ( GEOMETRIC_REPRESENTATION_CONTEXT(2) 
PARAMETRIC_REPRESENTATION_CONTEXT() REPRESENTATION_CONTEXT('2D SPACE',''
  ) );
#3025 = PCURVE('',#923,#3026);
#3026 = DEFINITIONAL_REPRESENTATION('',(#3027),#3031);
#3027 = LINE('',#3028,#3029);
#3028 = CARTESIAN_POINT('',(1.,0.));
#3029 = VECTOR('',#3030,1.);
#3030 = DIRECTION('',(0.,1.));
#3031 = ( GEOMETRIC_REPRESENTATION_CONTEXT(2) 
PARAMETRIC_REPRESENTATION_CONTEXT() REPRESENTATION_CONTEXT('2D SPACE',''
  ) );
#3032 = ORIENTED_EDGE('',*,*,#3033,.T.);
#3033 = EDGE_CURVE('',#3009,#3034,#3036,.T.);
#3034 = VERTEX_POINT('',#3035);
#3035 = CARTESIAN_POINT('',(0.156322001299,4.947531044057,5.));
#3036 = SURFACE_CURVE('',#3037,(#3042,#3050),.PCURVE_S1.);
#3037 = B_SPLINE_CURVE_WITH_KNOTS('',3,(#3038,#3039,#3040,#3041),
  .UNSPECIFIED.,.F.,.F.,(4,4),(0.,1.),.PIECEWISE_BEZIER_KNOTS.);
#3038 = CARTESIAN_POINT('',(-0.156322001299,4.947531044057,5.));
#3039 = CARTESIAN_POINT('',(-5.21419918516E-02,4.950822946229,5.));
#3040 = CARTESIAN_POINT('',(5.21419918516E-02,4.950822946229,5.));
#3041 = CARTESIAN_POINT('',(0.156322001299,4.947531044057,5.));
#3042 = PCURVE('',#110,#3043);
#3043 = DEFINITIONAL_REPRESENTATION('',(#3044),#3049);
#3044 = B_SPLINE_CURVE_WITH_KNOTS('',3,(#3045,#3046,#3047,#3048),
  .UNSPECIFIED.,.F.,.F.,(4,4),(0.,1.),.PIECEWISE_BEZIER_KNOTS.);
#3045 = CARTESIAN_POINT('',(0.156322001299,4.947531044057));
#3046 = CARTESIAN_POINT('',(5.21419918516E-02,4.950822946229));
#3047 = CARTESIAN_POINT('',(-5.21419918516E-02,4.950822946229));
#3048 = CARTESIAN_POINT('',(-0.156322001299,4.947531044057));
#3049 = ( GEOMETRIC_REPRESENTATION_CONTEXT(2) 
PARAMETRIC_REPRESENTATION_CONTEXT() REPRESENTATION_CONTEXT('2D SPACE',''
  ) );
#3050 = PCURVE('',#889,#3051);
#3051 = DEFINITIONAL_REPRESENTATION('',(#3052),#3056);
#3052 = LINE('',#3053,#3054);
#3053 = CARTESIAN_POINT('',(1.,0.));
#3054 = VECTOR('',#3055,1.);
#3055 = DIRECTION('',(0.,1.));
#3056 = ( GEOMETRIC_REPRESENTATION_CONTEXT(2) 
PARAMETRIC_REPRESENTATION_CONTEXT() REPRESENTATION_CONTEXT('2D SPACE',''
  ) );
#3057 = ORIENTED_EDGE('',*,*,#3058,.T.);
#3058 = EDGE_CURVE('',#3034,#3059,#3061,.T.);
#3059 = VERTEX_POINT('',#3060);
#3060 = CARTESIAN_POINT('',(0.394564917215,4.210168466069,5.));
#3061 = SURFACE_CURVE('',#3062,(#3067,#3075),.PCURVE_S1.);
#3062 = B_SPLINE_CURVE_WITH_KNOTS('',3,(#3063,#3064,#3065,#3066),
  .UNSPECIFIED.,.F.,.F.,(4,4),(0.,1.),.PIECEWISE_BEZIER_KNOTS.);
#3063 = CARTESIAN_POINT('',(0.156322001299,4.947531044057,5.));
#3064 = CARTESIAN_POINT('',(0.280085772517,4.721133797638,5.));
#3065 = CARTESIAN_POINT('',(0.390758184155,4.472377611232,5.));
#3066 = CARTESIAN_POINT('',(0.394564917215,4.210168466069,5.));
#3067 = PCURVE('',#110,#3068);
#3068 = DEFINITIONAL_REPRESENTATION('',(#3069),#3074);
#3069 = B_SPLINE_CURVE_WITH_KNOTS('',3,(#3070,#3071,#3072,#3073),
  .UNSPECIFIED.,.F.,.F.,(4,4),(0.,1.),.PIECEWISE_BEZIER_KNOTS.);
#3070 = CARTESIAN_POINT('',(-0.156322001299,4.947531044057));
#3071 = CARTESIAN_POINT('',(-0.280085772517,4.721133797638));
#3072 = CARTESIAN_POINT('',(-0.390758184155,4.472377611232));
#3073 = CARTESIAN_POINT('',(-0.394564917215,4.210168466069));
#3074 = ( GEOMETRIC_REPRESENTATION_CONTEXT(2) 
PARAMETRIC_REPRESENTATION_CONTEXT() REPRESENTATION_CONTEXT('2D SPACE',''
  ) );
#3075 = PCURVE('',#855,#3076);
#3076 = DEFINITIONAL_REPRESENTATION('',(#3077),#3081);
#3077 = LINE('',#3078,#3079);
#3078 = CARTESIAN_POINT('',(1.,0.));
#3079 = VECTOR('',#3080,1.);
#3080 = DIRECTION('',(0.,1.));
#3081 = ( GEOMETRIC_REPRESENTATION_CONTEXT(2) 
PARAMETRIC_REPRESENTATION_CONTEXT() REPRESENTATION_CONTEXT('2D SPACE',''
  ) );
#3082 = ORIENTED_EDGE('',*,*,#3083,.T.);
#3083 = EDGE_CURVE('',#3059,#3084,#3086,.T.);
#3084 = VERTEX_POINT('',#3085);
#3085 = CARTESIAN_POINT('',(0.925760069578,4.126035419159,5.));
#3086 = SURFACE_CURVE('',#3087,(#3092,#3100),.PCURVE_S1.);
#3087 = B_SPLINE_CURVE_WITH_KNOTS('',3,(#3088,#3089,#3090,#3091),
  .UNSPECIFIED.,.F.,.F.,(4,4),(0.,1.),.PIECEWISE_BEZIER_KNOTS.);
#3088 = CARTESIAN_POINT('',(0.394564917215,4.210168466069,5.));
#3089 = CARTESIAN_POINT('',(0.313555514634,3.850468501973,5.));
#3090 = CARTESIAN_POINT('',(0.891651188002,3.758907142292,5.));
#3091 = CARTESIAN_POINT('',(0.925760069578,4.126035419159,5.));
#3092 = PCURVE('',#110,#3093);
#3093 = DEFINITIONAL_REPRESENTATION('',(#3094),#3099);
#3094 = B_SPLINE_CURVE_WITH_KNOTS('',3,(#3095,#3096,#3097,#3098),
  .UNSPECIFIED.,.F.,.F.,(4,4),(0.,1.),.PIECEWISE_BEZIER_KNOTS.);
#3095 = CARTESIAN_POINT('',(-0.394564917215,4.210168466069));
#3096 = CARTESIAN_POINT('',(-0.313555514634,3.850468501973));
#3097 = CARTESIAN_POINT('',(-0.891651188002,3.758907142292));
#3098 = CARTESIAN_POINT('',(-0.925760069578,4.126035419159));
#3099 = ( GEOMETRIC_REPRESENTATION_CONTEXT(2) 
PARAMETRIC_REPRESENTATION_CONTEXT() REPRESENTATION_CONTEXT('2D SPACE',''
  ) );
#3100 = PCURVE('',#821,#3101);
#3101 = DEFINITIONAL_REPRESENTATION('',(#3102),#3106);
#3102 = LINE('',#3103,#3104);
#3103 = CARTESIAN_POINT('',(1.,0.));
#3104 = VECTOR('',#3105,1.);
#3105 = DIRECTION('',(0.,1.));
#3106 = ( GEOMETRIC_REPRESENTATION_CONTEXT(2) 
PARAMETRIC_REPRESENTATION_CONTEXT() REPRESENTATION_CONTEXT('2D SPACE',''
  ) );
#3107 = ORIENTED_EDGE('',*,*,#3108,.T.);
#3108 = EDGE_CURVE('',#3084,#3109,#3111,.T.);
#3109 = VERTEX_POINT('',#3110);
#3110 = CARTESIAN_POINT('',(1.380200114835,4.753687794019,5.));
#3111 = SURFACE_CURVE('',#3112,(#3117,#3125),.PCURVE_S1.);
#3112 = B_SPLINE_CURVE_WITH_KNOTS('',3,(#3113,#3114,#3115,#3116),
  .UNSPECIFIED.,.F.,.F.,(4,4),(0.,1.),.PIECEWISE_BEZIER_KNOTS.);
#3113 = CARTESIAN_POINT('',(0.925760069578,4.126035419159,5.));
#3114 = CARTESIAN_POINT('',(1.010407569796,4.37423479009,5.));
#3115 = CARTESIAN_POINT('',(1.192533177114,4.576616326135,5.));
#3116 = CARTESIAN_POINT('',(1.380200114835,4.753687794019,5.));
#3117 = PCURVE('',#110,#3118);
#3118 = DEFINITIONAL_REPRESENTATION('',(#3119),#3124);
#3119 = B_SPLINE_CURVE_WITH_KNOTS('',3,(#3120,#3121,#3122,#3123),
  .UNSPECIFIED.,.F.,.F.,(4,4),(0.,1.),.PIECEWISE_BEZIER_KNOTS.);
#3120 = CARTESIAN_POINT('',(-0.925760069578,4.126035419159));
#3121 = CARTESIAN_POINT('',(-1.010407569796,4.37423479009));
#3122 = CARTESIAN_POINT('',(-1.192533177114,4.576616326135));
#3123 = CARTESIAN_POINT('',(-1.380200114835,4.753687794019));
#3124 = ( GEOMETRIC_REPRESENTATION_CONTEXT(2) 
PARAMETRIC_REPRESENTATION_CONTEXT() REPRESENTATION_CONTEXT('2D SPACE',''
  ) );
#3125 = PCURVE('',#787,#3126);
#3126 = DEFINITIONAL_REPRESENTATION('',(#3127),#3131);
#3127 = LINE('',#3128,#3129);
#3128 = CARTESIAN_POINT('',(1.,0.));
#3129 = VECTOR('',#3130,1.);
#3130 = DIRECTION('',(0.,1.));
#3131 = ( GEOMETRIC_REPRESENTATION_CONTEXT(2) 
PARAMETRIC_REPRESENTATION_CONTEXT() REPRESENTATION_CONTEXT('2D SPACE',''
  ) );
#3132 = ORIENTED_EDGE('',*,*,#3133,.T.);
#3133 = EDGE_CURVE('',#3109,#3134,#3136,.T.);
#3134 = VERTEX_POINT('',#3135);
#3135 = CARTESIAN_POINT('',(1.677542230787,4.657075484027,5.));
#3136 = SURFACE_CURVE('',#3137,(#3142,#3150),.PCURVE_S1.);
#3137 = B_SPLINE_CURVE_WITH_KNOTS('',3,(#3138,#3139,#3140,#3141),
  .UNSPECIFIED.,.F.,.F.,(4,4),(0.,1.),.PIECEWISE_BEZIER_KNOTS.);
#3138 = CARTESIAN_POINT('',(1.380200114835,4.753687794019,5.));
#3139 = CARTESIAN_POINT('',(1.480298445403,4.724625185637,5.));
#3140 = CARTESIAN_POINT('',(1.579478407649,4.692399662432,5.));
#3141 = CARTESIAN_POINT('',(1.677542230787,4.657075484027,5.));
#3142 = PCURVE('',#110,#3143);
#3143 = DEFINITIONAL_REPRESENTATION('',(#3144),#3149);
#3144 = B_SPLINE_CURVE_WITH_KNOTS('',3,(#3145,#3146,#3147,#3148),
  .UNSPECIFIED.,.F.,.F.,(4,4),(0.,1.),.PIECEWISE_BEZIER_KNOTS.);
#3145 = CARTESIAN_POINT('',(-1.380200114835,4.753687794019));
#3146 = CARTESIAN_POINT('',(-1.480298445403,4.724625185637));
#3147 = CARTESIAN_POINT('',(-1.579478407649,4.692399662432));
#3148 = CARTESIAN_POINT('',(-1.677542230787,4.657075484027));
#3149 = ( GEOMETRIC_REPRESENTATION_CONTEXT(2) 
PARAMETRIC_REPRESENTATION_CONTEXT() REPRESENTATION_CONTEXT('2D SPACE',''
  ) );
#3150 = PCURVE('',#753,#3151);
#3151 = DEFINITIONAL_REPRESENTATION('',(#3152),#3156);
#3152 = LINE('',#3153,#3154);
#3153 = CARTESIAN_POINT('',(1.,0.));
#3154 = VECTOR('',#3155,1.);
#3155 = DIRECTION('',(0.,1.));
#3156 = ( GEOMETRIC_REPRESENTATION_CONTEXT(2) 
PARAMETRIC_REPRESENTATION_CONTEXT() REPRESENTATION_CONTEXT('2D SPACE',''
  ) );
#3157 = ORIENTED_EDGE('',*,*,#3158,.T.);
#3158 = EDGE_CURVE('',#3134,#3159,#3161,.T.);
#3159 = VERTEX_POINT('',#3160);
#3160 = CARTESIAN_POINT('',(1.676267140816,3.882180889552,5.));
#3161 = SURFACE_CURVE('',#3162,(#3167,#3175),.PCURVE_S1.);
#3162 = B_SPLINE_CURVE_WITH_KNOTS('',3,(#3163,#3164,#3165,#3166),
  .UNSPECIFIED.,.F.,.F.,(4,4),(0.,1.),.PIECEWISE_BEZIER_KNOTS.);
#3163 = CARTESIAN_POINT('',(1.677542230787,4.657075484027,5.));
#3164 = CARTESIAN_POINT('',(1.725287975262,4.403513798954,5.));
#3165 = CARTESIAN_POINT('',(1.753673804469,4.1327329509,5.));
#3166 = CARTESIAN_POINT('',(1.676267140816,3.882180889552,5.));
#3167 = PCURVE('',#110,#3168);
#3168 = DEFINITIONAL_REPRESENTATION('',(#3169),#3174);
#3169 = B_SPLINE_CURVE_WITH_KNOTS('',3,(#3170,#3171,#3172,#3173),
  .UNSPECIFIED.,.F.,.F.,(4,4),(0.,1.),.PIECEWISE_BEZIER_KNOTS.);
#3170 = CARTESIAN_POINT('',(-1.677542230787,4.657075484027));
#3171 = CARTESIAN_POINT('',(-1.725287975262,4.403513798954));
#3172 = CARTESIAN_POINT('',(-1.753673804469,4.1327329509));
#3173 = CARTESIAN_POINT('',(-1.676267140816,3.882180889552));
#3174 = ( GEOMETRIC_REPRESENTATION_CONTEXT(2) 
PARAMETRIC_REPRESENTATION_CONTEXT() REPRESENTATION_CONTEXT('2D SPACE',''
  ) );
#3175 = PCURVE('',#719,#3176);
#3176 = DEFINITIONAL_REPRESENTATION('',(#3177),#3181);
#3177 = LINE('',#3178,#3179);
#3178 = CARTESIAN_POINT('',(1.,0.));
#3179 = VECTOR('',#3180,1.);
#3180 = DIRECTION('',(0.,1.));
#3181 = ( GEOMETRIC_REPRESENTATION_CONTEXT(2) 
PARAMETRIC_REPRESENTATION_CONTEXT() REPRESENTATION_CONTEXT('2D SPACE',''
  ) );
#3182 = ORIENTED_EDGE('',*,*,#3183,.T.);
#3183 = EDGE_CURVE('',#3159,#3184,#3186,.T.);
#3184 = VERTEX_POINT('',#3185);
#3185 = CARTESIAN_POINT('',(2.155465210611,3.638017277642,5.));
#3186 = SURFACE_CURVE('',#3187,(#3192,#3200),.PCURVE_S1.);
#3187 = B_SPLINE_CURVE_WITH_KNOTS('',3,(#3188,#3189,#3190,#3191),
  .UNSPECIFIED.,.F.,.F.,(4,4),(0.,1.),.PIECEWISE_BEZIER_KNOTS.);
#3188 = CARTESIAN_POINT('',(1.676267140816,3.882180889552,5.));
#3189 = CARTESIAN_POINT('',(1.488069218828,3.565119176888,5.));
#3190 = CARTESIAN_POINT('',(2.009576859857,3.299397761678,5.));
#3191 = CARTESIAN_POINT('',(2.155465210611,3.638017277642,5.));
#3192 = PCURVE('',#110,#3193);
#3193 = DEFINITIONAL_REPRESENTATION('',(#3194),#3199);
#3194 = B_SPLINE_CURVE_WITH_KNOTS('',3,(#3195,#3196,#3197,#3198),
  .UNSPECIFIED.,.F.,.F.,(4,4),(0.,1.),.PIECEWISE_BEZIER_KNOTS.);
#3195 = CARTESIAN_POINT('',(-1.676267140816,3.882180889552));
#3196 = CARTESIAN_POINT('',(-1.488069218828,3.565119176888));
#3197 = CARTESIAN_POINT('',(-2.009576859857,3.299397761678));
#3198 = CARTESIAN_POINT('',(-2.155465210611,3.638017277642));
#3199 = ( GEOMETRIC_REPRESENTATION_CONTEXT(2) 
PARAMETRIC_REPRESENTATION_CONTEXT() REPRESENTATION_CONTEXT('2D SPACE',''
  ) );
#3200 = PCURVE('',#685,#3201);
#3201 = DEFINITIONAL_REPRESENTATION('',(#3202),#3206);
#3202 = LINE('',#3203,#3204);
#3203 = CARTESIAN_POINT('',(1.,0.));
#3204 = VECTOR('',#3205,1.);
#3205 = DIRECTION('',(0.,1.));
#3206 = ( GEOMETRIC_REPRESENTATION_CONTEXT(2) 
PARAMETRIC_REPRESENTATION_CONTEXT() REPRESENTATION_CONTEXT('2D SPACE',''
  ) );
#3207 = ORIENTED_EDGE('',*,*,#3208,.T.);
#3208 = EDGE_CURVE('',#3184,#3209,#3211,.T.);
#3209 = VERTEX_POINT('',#3210);
#3210 = CARTESIAN_POINT('',(2.78161862731,4.094520461813,5.));
#3211 = SURFACE_CURVE('',#3212,(#3217,#3225),.PCURVE_S1.);
#3212 = B_SPLINE_CURVE_WITH_KNOTS('',3,(#3213,#3214,#3215,#3216),
  .UNSPECIFIED.,.F.,.F.,(4,4),(0.,1.),.PIECEWISE_BEZIER_KNOTS.);
#3213 = CARTESIAN_POINT('',(2.155465210611,3.638017277642,5.));
#3214 = CARTESIAN_POINT('',(2.312667590893,3.847911390608,5.));
#3215 = CARTESIAN_POINT('',(2.548418670502,3.984107761469,5.));
#3216 = CARTESIAN_POINT('',(2.78161862731,4.094520461813,5.));
#3217 = PCURVE('',#110,#3218);
#3218 = DEFINITIONAL_REPRESENTATION('',(#3219),#3224);
#3219 = B_SPLINE_CURVE_WITH_KNOTS('',3,(#3220,#3221,#3222,#3223),
  .UNSPECIFIED.,.F.,.F.,(4,4),(0.,1.),.PIECEWISE_BEZIER_KNOTS.);
#3220 = CARTESIAN_POINT('',(-2.155465210611,3.638017277642));
#3221 = CARTESIAN_POINT('',(-2.312667590893,3.847911390608));
#3222 = CARTESIAN_POINT('',(-2.548418670502,3.984107761469));
#3223 = CARTESIAN_POINT('',(-2.78161862731,4.094520461813));
#3224 = ( GEOMETRIC_REPRESENTATION_CONTEXT(2) 
PARAMETRIC_REPRESENTATION_CONTEXT() REPRESENTATION_CONTEXT('2D SPACE',''
  ) );
#3225 = PCURVE('',#651,#3226);
#3226 = DEFINITIONAL_REPRESENTATION('',(#3227),#3231);
#3227 = LINE('',#3228,#3229);
#3228 = CARTESIAN_POINT('',(1.,0.));
#3229 = VECTOR('',#3230,1.);
#3230 = DIRECTION('',(0.,1.));
#3231 = ( GEOMETRIC_REPRESENTATION_CONTEXT(2) 
PARAMETRIC_REPRESENTATION_CONTEXT() REPRESENTATION_CONTEXT('2D SPACE',''
  ) );
#3232 = ORIENTED_EDGE('',*,*,#3233,.T.);
#3233 = EDGE_CURVE('',#3209,#3234,#3236,.T.);
#3234 = VERTEX_POINT('',#3235);
#3235 = CARTESIAN_POINT('',(3.034552938602,3.910752927867,5.));
#3236 = SURFACE_CURVE('',#3237,(#3242,#3250),.PCURVE_S1.);
#3237 = B_SPLINE_CURVE_WITH_KNOTS('',3,(#3238,#3239,#3240,#3241),
  .UNSPECIFIED.,.F.,.F.,(4,4),(0.,1.),.PIECEWISE_BEZIER_KNOTS.);
#3238 = CARTESIAN_POINT('',(2.78161862731,4.094520461813,5.));
#3239 = CARTESIAN_POINT('',(2.867836956976,4.035948193476,5.));
#3240 = CARTESIAN_POINT('',(2.952204472033,3.974651605805,5.));
#3241 = CARTESIAN_POINT('',(3.034552938602,3.910752927867,5.));
#3242 = PCURVE('',#110,#3243);
#3243 = DEFINITIONAL_REPRESENTATION('',(#3244),#3249);
#3244 = B_SPLINE_CURVE_WITH_KNOTS('',3,(#3245,#3246,#3247,#3248),
  .UNSPECIFIED.,.F.,.F.,(4,4),(0.,1.),.PIECEWISE_BEZIER_KNOTS.);
#3245 = CARTESIAN_POINT('',(-2.78161862731,4.094520461813));
#3246 = CARTESIAN_POINT('',(-2.867836956976,4.035948193476));
#3247 = CARTESIAN_POINT('',(-2.952204472033,3.974651605805));
#3248 = CARTESIAN_POINT('',(-3.034552938602,3.910752927867));
#3249 = ( GEOMETRIC_REPRESENTATION_CONTEXT(2) 
PARAMETRIC_REPRESENTATION_CONTEXT() REPRESENTATION_CONTEXT('2D SPACE',''
  ) );
#3250 = PCURVE('',#617,#3251);
#3251 = DEFINITIONAL_REPRESENTATION('',(#3252),#3256);
#3252 = LINE('',#3253,#3254);
#3253 = CARTESIAN_POINT('',(1.,0.));
#3254 = VECTOR('',#3255,1.);
#3255 = DIRECTION('',(0.,1.));
#3256 = ( GEOMETRIC_REPRESENTATION_CONTEXT(2) 
PARAMETRIC_REPRESENTATION_CONTEXT() REPRESENTATION_CONTEXT('2D SPACE',''
  ) );
#3257 = ORIENTED_EDGE('',*,*,#3258,.T.);
#3258 = EDGE_CURVE('',#3234,#3259,#3261,.T.);
#3259 = VERTEX_POINT('',#3260);
#3260 = CARTESIAN_POINT('',(2.793884657433,3.174178398821,5.));
#3261 = SURFACE_CURVE('',#3262,(#3267,#3275),.PCURVE_S1.);
#3262 = B_SPLINE_CURVE_WITH_KNOTS('',3,(#3263,#3264,#3265,#3266),
  .UNSPECIFIED.,.F.,.F.,(4,4),(0.,1.),.PIECEWISE_BEZIER_KNOTS.);
#3263 = CARTESIAN_POINT('',(3.034552938602,3.910752927867,5.));
#3264 = CARTESIAN_POINT('',(3.0016069702,3.654847188544,5.));
#3265 = CARTESIAN_POINT('',(2.944927614238,3.38854759489,5.));
#3266 = CARTESIAN_POINT('',(2.793884657433,3.174178398821,5.));
#3267 = PCURVE('',#110,#3268);
#3268 = DEFINITIONAL_REPRESENTATION('',(#3269),#3274);
#3269 = B_SPLINE_CURVE_WITH_KNOTS('',3,(#3270,#3271,#3272,#3273),
  .UNSPECIFIED.,.F.,.F.,(4,4),(0.,1.),.PIECEWISE_BEZIER_KNOTS.);
#3270 = CARTESIAN_POINT('',(-3.034552938602,3.910752927867));
#3271 = CARTESIAN_POINT('',(-3.0016069702,3.654847188544));
#3272 = CARTESIAN_POINT('',(-2.944927614238,3.38854759489));
#3273 = CARTESIAN_POINT('',(-2.793884657433,3.174178398821));
#3274 = ( GEOMETRIC_REPRESENTATION_CONTEXT(2) 
PARAMETRIC_REPRESENTATION_CONTEXT() REPRESENTATION_CONTEXT('2D SPACE',''
  ) );
#3275 = PCURVE('',#583,#3276);
#3276 = DEFINITIONAL_REPRESENTATION('',(#3277),#3281);
#3277 = LINE('',#3278,#3279);
#3278 = CARTESIAN_POINT('',(1.,0.));
#3279 = VECTOR('',#3280,1.);
#3280 = DIRECTION('',(0.,1.));
#3281 = ( GEOMETRIC_REPRESENTATION_CONTEXT(2) 
PARAMETRIC_REPRESENTATION_CONTEXT() REPRESENTATION_CONTEXT('2D SPACE',''
  ) );
#3282 = ORIENTED_EDGE('',*,*,#3283,.T.);
#3283 = EDGE_CURVE('',#3259,#3284,#3286,.T.);
#3284 = VERTEX_POINT('',#3285);
#3285 = CARTESIAN_POINT('',(3.174178398821,2.793884657433,5.));
#3286 = SURFACE_CURVE('',#3287,(#3292,#3300),.PCURVE_S1.);
#3287 = B_SPLINE_CURVE_WITH_KNOTS('',3,(#3288,#3289,#3290,#3291),
  .UNSPECIFIED.,.F.,.F.,(4,4),(0.,1.),.PIECEWISE_BEZIER_KNOTS.);
#3288 = CARTESIAN_POINT('',(2.793884657433,3.174178398821,5.));
#3289 = CARTESIAN_POINT('',(2.516920339895,2.930791147124,5.));
#3290 = CARTESIAN_POINT('',(2.930791147124,2.516920339895,5.));
#3291 = CARTESIAN_POINT('',(3.174178398821,2.793884657433,5.));
#3292 = PCURVE('',#110,#3293);
#3293 = DEFINITIONAL_REPRESENTATION('',(#3294),#3299);
#3294 = B_SPLINE_CURVE_WITH_KNOTS('',3,(#3295,#3296,#3297,#3298),
  .UNSPECIFIED.,.F.,.F.,(4,4),(0.,1.),.PIECEWISE_BEZIER_KNOTS.);
#3295 = CARTESIAN_POINT('',(-2.793884657433,3.174178398821));
#3296 = CARTESIAN_POINT('',(-2.516920339895,2.930791147124));
#3297 = CARTESIAN_POINT('',(-2.930791147124,2.516920339895));
#3298 = CARTESIAN_POINT('',(-3.174178398821,2.793884657433));
#3299 = ( GEOMETRIC_REPRESENTATION_CONTEXT(2) 
PARAMETRIC_REPRESENTATION_CONTEXT() REPRESENTATION_CONTEXT('2D SPACE',''
  ) );
#3300 = PCURVE('',#549,#3301);
#3301 = DEFINITIONAL_REPRESENTATION('',(#3302),#3306);
#3302 = LINE('',#3303,#3304);
#3303 = CARTESIAN_POINT('',(1.,0.));
#3304 = VECTOR('',#3305,1.);
#3305 = DIRECTION('',(0.,1.));
#3306 = ( GEOMETRIC_REPRESENTATION_CONTEXT(2) 
PARAMETRIC_REPRESENTATION_CONTEXT() REPRESENTATION_CONTEXT('2D SPACE',''
  ) );
#3307 = ORIENTED_EDGE('',*,*,#3308,.T.);
#3308 = EDGE_CURVE('',#3284,#3309,#3311,.T.);
#3309 = VERTEX_POINT('',#3310);
#3310 = CARTESIAN_POINT('',(3.910752927867,3.034552938602,5.));
#3311 = SURFACE_CURVE('',#3312,(#3317,#3325),.PCURVE_S1.);
#3312 = B_SPLINE_CURVE_WITH_KNOTS('',3,(#3313,#3314,#3315,#3316),
  .UNSPECIFIED.,.F.,.F.,(4,4),(0.,1.),.PIECEWISE_BEZIER_KNOTS.);
#3313 = CARTESIAN_POINT('',(3.174178398821,2.793884657433,5.));
#3314 = CARTESIAN_POINT('',(3.38854759489,2.944927614238,5.));
#3315 = CARTESIAN_POINT('',(3.654847188544,3.0016069702,5.));
#3316 = CARTESIAN_POINT('',(3.910752927867,3.034552938602,5.));
#3317 = PCURVE('',#110,#3318);
#3318 = DEFINITIONAL_REPRESENTATION('',(#3319),#3324);
#3319 = B_SPLINE_CURVE_WITH_KNOTS('',3,(#3320,#3321,#3322,#3323),
  .UNSPECIFIED.,.F.,.F.,(4,4),(0.,1.),.PIECEWISE_BEZIER_KNOTS.);
#3320 = CARTESIAN_POINT('',(-3.174178398821,2.793884657433));
#3321 = CARTESIAN_POINT('',(-3.38854759489,2.944927614238));
#3322 = CARTESIAN_POINT('',(-3.654847188544,3.0016069702));
#3323 = CARTESIAN_POINT('',(-3.910752927867,3.034552938602));
#3324 = ( GEOMETRIC_REPRESENTATION_CONTEXT(2) 
PARAMETRIC_REPRESENTATION_CONTEXT() REPRESENTATION_CONTEXT('2D SPACE',''
  ) );
#3325 = PCURVE('',#515,#3326);
#3326 = DEFINITIONAL_REPRESENTATION('',(#3327),#3331);
#3327 = LINE('',#3328,#3329);
#3328 = CARTESIAN_POINT('',(1.,0.));
#3329 = VECTOR('',#3330,1.);
#3330 = DIRECTION('',(0.,1.));
#3331 = ( GEOMETRIC_REPRESENTATION_CONTEXT(2) 
PARAMETRIC_REPRESENTATION_CONTEXT() REPRESENTATION_CONTEXT('2D SPACE',''
  ) );
#3332 = ORIENTED_EDGE('',*,*,#3333,.T.);
#3333 = EDGE_CURVE('',#3309,#3334,#3336,.T.);
#3334 = VERTEX_POINT('',#3335);
#3335 = CARTESIAN_POINT('',(4.094520461813,2.78161862731,5.));
#3336 = SURFACE_CURVE('',#3337,(#3342,#3350),.PCURVE_S1.);
#3337 = B_SPLINE_CURVE_WITH_KNOTS('',3,(#3338,#3339,#3340,#3341),
  .UNSPECIFIED.,.F.,.F.,(4,4),(0.,1.),.PIECEWISE_BEZIER_KNOTS.);
#3338 = CARTESIAN_POINT('',(3.910752927867,3.034552938602,5.));
#3339 = CARTESIAN_POINT('',(3.974651605805,2.952204472033,5.));
#3340 = CARTESIAN_POINT('',(4.035948193476,2.867836956976,5.));
#3341 = CARTESIAN_POINT('',(4.094520461813,2.78161862731,5.));
#3342 = PCURVE('',#110,#3343);
#3343 = DEFINITIONAL_REPRESENTATION('',(#3344),#3349);
#3344 = B_SPLINE_CURVE_WITH_KNOTS('',3,(#3345,#3346,#3347,#3348),
  .UNSPECIFIED.,.F.,.F.,(4,4),(0.,1.),.PIECEWISE_BEZIER_KNOTS.);
#3345 = CARTESIAN_POINT('',(-3.910752927867,3.034552938602));
#3346 = CARTESIAN_POINT('',(-3.974651605805,2.952204472033));
#3347 = CARTESIAN_POINT('',(-4.035948193476,2.867836956976));
#3348 = CARTESIAN_POINT('',(-4.094520461813,2.78161862731));
#3349 = ( GEOMETRIC_REPRESENTATION_CONTEXT(2) 
PARAMETRIC_REPRESENTATION_CONTEXT() REPRESENTATION_CONTEXT('2D SPACE',''
  ) );
#3350 = PCURVE('',#481,#3351);
#3351 = DEFINITIONAL_REPRESENTATION('',(#3352),#3356);
#3352 = LINE('',#3353,#3354);
#3353 = CARTESIAN_POINT('',(1.,0.));
#3354 = VECTOR('',#3355,1.);
#3355 = DIRECTION('',(0.,1.));
#3356 = ( GEOMETRIC_REPRESENTATION_CONTEXT(2) 
PARAMETRIC_REPRESENTATION_CONTEXT() REPRESENTATION_CONTEXT('2D SPACE',''
  ) );
#3357 = ORIENTED_EDGE('',*,*,#3358,.T.);
#3358 = EDGE_CURVE('',#3334,#3359,#3361,.T.);
#3359 = VERTEX_POINT('',#3360);
#3360 = CARTESIAN_POINT('',(3.638017277642,2.155465210611,5.));
#3361 = SURFACE_CURVE('',#3362,(#3367,#3375),.PCURVE_S1.);
#3362 = B_SPLINE_CURVE_WITH_KNOTS('',3,(#3363,#3364,#3365,#3366),
  .UNSPECIFIED.,.F.,.F.,(4,4),(0.,1.),.PIECEWISE_BEZIER_KNOTS.);
#3363 = CARTESIAN_POINT('',(4.094520461813,2.78161862731,5.));
#3364 = CARTESIAN_POINT('',(3.984107761469,2.548418670502,5.));
#3365 = CARTESIAN_POINT('',(3.847911390608,2.312667590893,5.));
#3366 = CARTESIAN_POINT('',(3.638017277642,2.155465210611,5.));
#3367 = PCURVE('',#110,#3368);
#3368 = DEFINITIONAL_REPRESENTATION('',(#3369),#3374);
#3369 = B_SPLINE_CURVE_WITH_KNOTS('',3,(#3370,#3371,#3372,#3373),
  .UNSPECIFIED.,.F.,.F.,(4,4),(0.,1.),.PIECEWISE_BEZIER_KNOTS.);
#3370 = CARTESIAN_POINT('',(-4.094520461813,2.78161862731));
#3371 = CARTESIAN_POINT('',(-3.984107761469,2.548418670502));
#3372 = CARTESIAN_POINT('',(-3.847911390608,2.312667590893));
#3373 = CARTESIAN_POINT('',(-3.638017277642,2.155465210611));
#3374 = ( GEOMETRIC_REPRESENTATION_CONTEXT(2) 
PARAMETRIC_REPRESENTATION_CONTEXT() REPRESENTATION_CONTEXT('2D SPACE',''
  ) );
#3375 = PCURVE('',#447,#3376);
#3376 = DEFINITIONAL_REPRESENTATION('',(#3377),#3381);
#3377 = LINE('',#3378,#3379);
#3378 = CARTESIAN_POINT('',(1.,0.));
#3379 = VECTOR('',#3380,1.);
#3380 = DIRECTION('',(0.,1.));
#3381 = ( GEOMETRIC_REPRESENTATION_CONTEXT(2) 
PARAMETRIC_REPRESENTATION_CONTEXT() REPRESENTATION_CONTEXT('2D SPACE',''
  ) );
#3382 = ORIENTED_EDGE('',*,*,#3383,.T.);
#3383 = EDGE_CURVE('',#3359,#3384,#3386,.T.);
#3384 = VERTEX_POINT('',#3385);
#3385 = CARTESIAN_POINT('',(3.882180889552,1.676267140816,5.));
#3386 = SURFACE_CURVE('',#3387,(#3392,#3400),.PCURVE_S1.);
#3387 = B_SPLINE_CURVE_WITH_KNOTS('',3,(#3388,#3389,#3390,#3391),
  .UNSPECIFIED.,.F.,.F.,(4,4),(0.,1.),.PIECEWISE_BEZIER_KNOTS.);
#3388 = CARTESIAN_POINT('',(3.638017277642,2.155465210611,5.));
#3389 = CARTESIAN_POINT('',(3.299397761678,2.009576859857,5.));
#3390 = CARTESIAN_POINT('',(3.565119176888,1.488069218828,5.));
#3391 = CARTESIAN_POINT('',(3.882180889552,1.676267140816,5.));
#3392 = PCURVE('',#110,#3393);
#3393 = DEFINITIONAL_REPRESENTATION('',(#3394),#3399);
#3394 = B_SPLINE_CURVE_WITH_KNOTS('',3,(#3395,#3396,#3397,#3398),
  .UNSPECIFIED.,.F.,.F.,(4,4),(0.,1.),.PIECEWISE_BEZIER_KNOTS.);
#3395 = CARTESIAN_POINT('',(-3.638017277642,2.155465210611));
#3396 = CARTESIAN_POINT('',(-3.299397761678,2.009576859857));
#3397 = CARTESIAN_POINT('',(-3.565119176888,1.488069218828));
#3398 = CARTESIAN_POINT('',(-3.882180889552,1.676267140816));
#3399 = ( GEOMETRIC_REPRESENTATION_CONTEXT(2) 
PARAMETRIC_REPRESENTATION_CONTEXT() REPRESENTATION_CONTEXT('2D SPACE',''
  ) );
#3400 = PCURVE('',#413,#3401);
#3401 = DEFINITIONAL_REPRESENTATION('',(#3402),#3406);
#3402 = LINE('',#3403,#3404);
#3403 = CARTESIAN_POINT('',(1.,0.));
#3404 = VECTOR('',#3405,1.);
#3405 = DIRECTION('',(0.,1.));
#3406 = ( GEOMETRIC_REPRESENTATION_CONTEXT(2) 
PARAMETRIC_REPRESENTATION_CONTEXT() REPRESENTATION_CONTEXT('2D SPACE',''
  ) );
#3407 = ORIENTED_EDGE('',*,*,#3408,.T.);
#3408 = EDGE_CURVE('',#3384,#3409,#3411,.T.);
#3409 = VERTEX_POINT('',#3410);
#3410 = CARTESIAN_POINT('',(4.657075484027,1.677542230787,5.));
#3411 = SURFACE_CURVE('',#3412,(#3417,#3425),.PCURVE_S1.);
#3412 = B_SPLINE_CURVE_WITH_KNOTS('',3,(#3413,#3414,#3415,#3416),
  .UNSPECIFIED.,.F.,.F.,(4,4),(0.,1.),.PIECEWISE_BEZIER_KNOTS.);
#3413 = CARTESIAN_POINT('',(3.882180889552,1.676267140816,5.));
#3414 = CARTESIAN_POINT('',(4.1327329509,1.753673804469,5.));
#3415 = CARTESIAN_POINT('',(4.403513798954,1.725287975262,5.));
#3416 = CARTESIAN_POINT('',(4.657075484027,1.677542230787,5.));
#3417 = PCURVE('',#110,#3418);
#3418 = DEFINITIONAL_REPRESENTATION('',(#3419),#3424);
#3419 = B_SPLINE_CURVE_WITH_KNOTS('',3,(#3420,#3421,#3422,#3423),
  .UNSPECIFIED.,.F.,.F.,(4,4),(0.,1.),.PIECEWISE_BEZIER_KNOTS.);
#3420 = CARTESIAN_POINT('',(-3.882180889552,1.676267140816));
#3421 = CARTESIAN_POINT('',(-4.1327329509,1.753673804469));
#3422 = CARTESIAN_POINT('',(-4.403513798954,1.725287975262));
#3423 = CARTESIAN_POINT('',(-4.657075484027,1.677542230787));
#3424 = ( GEOMETRIC_REPRESENTATION_CONTEXT(2) 
PARAMETRIC_REPRESENTATION_CONTEXT() REPRESENTATION_CONTEXT('2D SPACE',''
  ) );
#3425 = PCURVE('',#379,#3426);
#3426 = DEFINITIONAL_REPRESENTATION('',(#3427),#3431);
#3427 = LINE('',#3428,#3429);
#3428 = CARTESIAN_POINT('',(1.,0.));
#3429 = VECTOR('',#3430,1.);
#3430 = DIRECTION('',(0.,1.));
#3431 = ( GEOMETRIC_REPRESENTATION_CONTEXT(2) 
PARAMETRIC_REPRESENTATION_CONTEXT() REPRESENTATION_CONTEXT('2D SPACE',''
  ) );
#3432 = ORIENTED_EDGE('',*,*,#3433,.T.);
#3433 = EDGE_CURVE('',#3409,#3434,#3436,.T.);
#3434 = VERTEX_POINT('',#3435);
#3435 = CARTESIAN_POINT('',(4.753687794019,1.380200114835,5.));
#3436 = SURFACE_CURVE('',#3437,(#3442,#3450),.PCURVE_S1.);
#3437 = B_SPLINE_CURVE_WITH_KNOTS('',3,(#3438,#3439,#3440,#3441),
  .UNSPECIFIED.,.F.,.F.,(4,4),(0.,1.),.PIECEWISE_BEZIER_KNOTS.);
#3438 = CARTESIAN_POINT('',(4.657075484027,1.677542230787,5.));
#3439 = CARTESIAN_POINT('',(4.692399662432,1.579478407649,5.));
#3440 = CARTESIAN_POINT('',(4.724625185637,1.480298445403,5.));
#3441 = CARTESIAN_POINT('',(4.753687794019,1.380200114835,5.));
#3442 = PCURVE('',#110,#3443);
#3443 = DEFINITIONAL_REPRESENTATION('',(#3444),#3449);
#3444 = B_SPLINE_CURVE_WITH_KNOTS('',3,(#3445,#3446,#3447,#3448),
  .UNSPECIFIED.,.F.,.F.,(4,4),(0.,1.),.PIECEWISE_BEZIER_KNOTS.);
#3445 = CARTESIAN_POINT('',(-4.657075484027,1.677542230787));
#3446 = CARTESIAN_POINT('',(-4.692399662432,1.579478407649));
#3447 = CARTESIAN_POINT('',(-4.724625185637,1.480298445403));
#3448 = CARTESIAN_POINT('',(-4.753687794019,1.380200114835));
#3449 = ( GEOMETRIC_REPRESENTATION_CONTEXT(2) 
PARAMETRIC_REPRESENTATION_CONTEXT() REPRESENTATION_CONTEXT('2D SPACE',''
  ) );
#3450 = PCURVE('',#345,#3451);
#3451 = DEFINITIONAL_REPRESENTATION('',(#3452),#3456);
#3452 = LINE('',#3453,#3454);
#3453 = CARTESIAN_POINT('',(1.,0.));
#3454 = VECTOR('',#3455,1.);
#3455 = DIRECTION('',(0.,1.));
#3456 = ( GEOMETRIC_REPRESENTATION_CONTEXT(2) 
PARAMETRIC_REPRESENTATION_CONTEXT() REPRESENTATION_CONTEXT('2D SPACE',''
  ) );
#3457 = ORIENTED_EDGE('',*,*,#3458,.T.);
#3458 = EDGE_CURVE('',#3434,#3459,#3461,.T.);
#3459 = VERTEX_POINT('',#3460);
#3460 = CARTESIAN_POINT('',(4.126035419159,0.925760069578,5.));
#3461 = SURFACE_CURVE('',#3462,(#3467,#3475),.PCURVE_S1.);
#3462 = B_SPLINE_CURVE_WITH_KNOTS('',3,(#3463,#3464,#3465,#3466),
  .UNSPECIFIED.,.F.,.F.,(4,4),(0.,1.),.PIECEWISE_BEZIER_KNOTS.);
#3463 = CARTESIAN_POINT('',(4.753687794019,1.380200114835,5.));
#3464 = CARTESIAN_POINT('',(4.576616326135,1.192533177114,5.));
#3465 = CARTESIAN_POINT('',(4.37423479009,1.010407569796,5.));
#3466 = CARTESIAN_POINT('',(4.126035419159,0.925760069578,5.));
#3467 = PCURVE('',#110,#3468);
#3468 = DEFINITIONAL_REPRESENTATION('',(#3469),#3474);
#3469 = B_SPLINE_CURVE_WITH_KNOTS('',3,(#3470,#3471,#3472,#3473),
  .UNSPECIFIED.,.F.,.F.,(4,4),(0.,1.),.PIECEWISE_BEZIER_KNOTS.);
#3470 = CARTESIAN_POINT('',(-4.753687794019,1.380200114835));
#3471 = CARTESIAN_POINT('',(-4.576616326135,1.192533177114));
#3472 = CARTESIAN_POINT('',(-4.37423479009,1.010407569796));
#3473 = CARTESIAN_POINT('',(-4.126035419159,0.925760069578));
#3474 = ( GEOMETRIC_REPRESENTATION_CONTEXT(2) 
PARAMETRIC_REPRESENTATION_CONTEXT() REPRESENTATION_CONTEXT('2D SPACE',''
  ) );
#3475 = PCURVE('',#311,#3476);
#3476 = DEFINITIONAL_REPRESENTATION('',(#3477),#3481);
#3477 = LINE('',#3478,#3479);
#3478 = CARTESIAN_POINT('',(1.,0.));
#3479 = VECTOR('',#3480,1.);
#3480 = DIRECTION('',(0.,1.));
#3481 = ( GEOMETRIC_REPRESENTATION_CONTEXT(2) 
PARAMETRIC_REPRESENTATION_CONTEXT() REPRESENTATION_CONTEXT('2D SPACE',''
  ) );
#3482 = ORIENTED_EDGE('',*,*,#3483,.T.);
#3483 = EDGE_CURVE('',#3459,#3484,#3486,.T.);
#3484 = VERTEX_POINT('',#3485);
#3485 = CARTESIAN_POINT('',(4.210168466069,0.394564917215,5.));
#3486 = SURFACE_CURVE('',#3487,(#3492,#3500),.PCURVE_S1.);
#3487 = B_SPLINE_CURVE_WITH_KNOTS('',3,(#3488,#3489,#3490,#3491),
  .UNSPECIFIED.,.F.,.F.,(4,4),(0.,1.),.PIECEWISE_BEZIER_KNOTS.);
#3488 = CARTESIAN_POINT('',(4.126035419159,0.925760069578,5.));
#3489 = CARTESIAN_POINT('',(3.758907142292,0.891651188002,5.));
#3490 = CARTESIAN_POINT('',(3.850468501973,0.313555514634,5.));
#3491 = CARTESIAN_POINT('',(4.210168466069,0.394564917215,5.));
#3492 = PCURVE('',#110,#3493);
#3493 = DEFINITIONAL_REPRESENTATION('',(#3494),#3499);
#3494 = B_SPLINE_CURVE_WITH_KNOTS('',3,(#3495,#3496,#3497,#3498),
  .UNSPECIFIED.,.F.,.F.,(4,4),(0.,1.),.PIECEWISE_BEZIER_KNOTS.);
#3495 = CARTESIAN_POINT('',(-4.126035419159,0.925760069578));
#3496 = CARTESIAN_POINT('',(-3.758907142292,0.891651188002));
#3497 = CARTESIAN_POINT('',(-3.850468501973,0.313555514634));
#3498 = CARTESIAN_POINT('',(-4.210168466069,0.394564917215));
#3499 = ( GEOMETRIC_REPRESENTATION_CONTEXT(2) 
PARAMETRIC_REPRESENTATION_CONTEXT() REPRESENTATION_CONTEXT('2D SPACE',''
  ) );
#3500 = PCURVE('',#277,#3501);
#3501 = DEFINITIONAL_REPRESENTATION('',(#3502),#3506);
#3502 = LINE('',#3503,#3504);
#3503 = CARTESIAN_POINT('',(1.,0.));
#3504 = VECTOR('',#3505,1.);
#3505 = DIRECTION('',(0.,1.));
#3506 = ( GEOMETRIC_REPRESENTATION_CONTEXT(2) 
PARAMETRIC_REPRESENTATION_CONTEXT() REPRESENTATION_CONTEXT('2D SPACE',''
  ) );
#3507 = ORIENTED_EDGE('',*,*,#3508,.T.);
#3508 = EDGE_CURVE('',#3484,#3509,#3511,.T.);
#3509 = VERTEX_POINT('',#3510);
#3510 = CARTESIAN_POINT('',(4.947531044057,0.156322001299,5.));
#3511 = SURFACE_CURVE('',#3512,(#3517,#3525),.PCURVE_S1.);
#3512 = B_SPLINE_CURVE_WITH_KNOTS('',3,(#3513,#3514,#3515,#3516),
  .UNSPECIFIED.,.F.,.F.,(4,4),(0.,1.),.PIECEWISE_BEZIER_KNOTS.);
#3513 = CARTESIAN_POINT('',(4.210168466069,0.394564917215,5.));
#3514 = CARTESIAN_POINT('',(4.472377611232,0.390758184155,5.));
#3515 = CARTESIAN_POINT('',(4.721133797638,0.280085772517,5.));
#3516 = CARTESIAN_POINT('',(4.947531044057,0.156322001299,5.));
#3517 = PCURVE('',#110,#3518);
#3518 = DEFINITIONAL_REPRESENTATION('',(#3519),#3524);
#3519 = B_SPLINE_CURVE_WITH_KNOTS('',3,(#3520,#3521,#3522,#3523),
  .UNSPECIFIED.,.F.,.F.,(4,4),(0.,1.),.PIECEWISE_BEZIER_KNOTS.);
#3520 = CARTESIAN_POINT('',(-4.210168466069,0.394564917215));
#3521 = CARTESIAN_POINT('',(-4.472377611232,0.390758184155));
#3522 = CARTESIAN_POINT('',(-4.721133797638,0.280085772517));
#3523 = CARTESIAN_POINT('',(-4.947531044057,0.156322001299));
#3524 = ( GEOMETRIC_REPRESENTATION_CONTEXT(2) 
PARAMETRIC_REPRESENTATION_CONTEXT() REPRESENTATION_CONTEXT('2D SPACE',''
  ) );
#3525 = PCURVE('',#243,#3526);
#3526 = DEFINITIONAL_REPRESENTATION('',(#3527),#3531);
#3527 = LINE('',#3528,#3529);
#3528 = CARTESIAN_POINT('',(1.,0.));
#3529 = VECTOR('',#3530,1.);
#3530 = DIRECTION('',(0.,1.));
#3531 = ( GEOMETRIC_REPRESENTATION_CONTEXT(2) 
PARAMETRIC_REPRESENTATION_CONTEXT() REPRESENTATION_CONTEXT('2D SPACE',''
  ) );
#3532 = ORIENTED_EDGE('',*,*,#3533,.T.);
#3533 = EDGE_CURVE('',#3509,#3534,#3536,.T.);
#3534 = VERTEX_POINT('',#3535);
#3535 = CARTESIAN_POINT('',(4.947531044057,-0.156322001299,5.));
#3536 = SURFACE_CURVE('',#3537,(#3542,#3550),.PCURVE_S1.);
#3537 = B_SPLINE_CURVE_WITH_KNOTS('',3,(#3538,#3539,#3540,#3541),
  .UNSPECIFIED.,.F.,.F.,(4,4),(0.,1.),.PIECEWISE_BEZIER_KNOTS.);
#3538 = CARTESIAN_POINT('',(4.947531044057,0.156322001299,5.));
#3539 = CARTESIAN_POINT('',(4.950822946229,5.21419918516E-02,5.));
#3540 = CARTESIAN_POINT('',(4.950822946229,-5.21419918516E-02,5.));
#3541 = CARTESIAN_POINT('',(4.947531044057,-0.156322001299,5.));
#3542 = PCURVE('',#110,#3543);
#3543 = DEFINITIONAL_REPRESENTATION('',(#3544),#3549);
#3544 = B_SPLINE_CURVE_WITH_KNOTS('',3,(#3545,#3546,#3547,#3548),
  .UNSPECIFIED.,.F.,.F.,(4,4),(0.,1.),.PIECEWISE_BEZIER_KNOTS.);
#3545 = CARTESIAN_POINT('',(-4.947531044057,0.156322001299));
#3546 = CARTESIAN_POINT('',(-4.950822946229,5.21419918516E-02));
#3547 = CARTESIAN_POINT('',(-4.950822946229,-5.21419918516E-02));
#3548 = CARTESIAN_POINT('',(-4.947531044057,-0.156322001299));
#3549 = ( GEOMETRIC_REPRESENTATION_CONTEXT(2) 
PARAMETRIC_REPRESENTATION_CONTEXT() REPRESENTATION_CONTEXT('2D SPACE',''
  ) );
#3550 = PCURVE('',#209,#3551);
#3551 = DEFINITIONAL_REPRESENTATION('',(#3552),#3556);
#3552 = LINE('',#3553,#3554);
#3553 = CARTESIAN_POINT('',(1.,0.));
#3554 = VECTOR('',#3555,1.);
#3555 = DIRECTION('',(0.,1.));
#3556 = ( GEOMETRIC_REPRESENTATION_CONTEXT(2) 
PARAMETRIC_REPRESENTATION_CONTEXT() REPRESENTATION_CONTEXT('2D SPACE',''
  ) );
#3557 = ORIENTED_EDGE('',*,*,#3558,.T.);
#3558 = EDGE_CURVE('',#3534,#3559,#3561,.T.);
#3559 = VERTEX_POINT('',#3560);
#3560 = CARTESIAN_POINT('',(4.210168466069,-0.394564917215,5.));
#3561 = SURFACE_CURVE('',#3562,(#3567,#3575),.PCURVE_S1.);
#3562 = B_SPLINE_CURVE_WITH_KNOTS('',3,(#3563,#3564,#3565,#3566),
  .UNSPECIFIED.,.F.,.F.,(4,4),(0.,1.),.PIECEWISE_BEZIER_KNOTS.);
#3563 = CARTESIAN_POINT('',(4.947531044057,-0.156322001299,5.));
#3564 = CARTESIAN_POINT('',(4.721133797638,-0.280085772517,5.));
#3565 = CARTESIAN_POINT('',(4.472377611232,-0.390758184155,5.));
#3566 = CARTESIAN_POINT('',(4.210168466069,-0.394564917215,5.));
#3567 = PCURVE('',#110,#3568);
#3568 = DEFINITIONAL_REPRESENTATION('',(#3569),#3574);
#3569 = B_SPLINE_CURVE_WITH_KNOTS('',3,(#3570,#3571,#3572,#3573),
  .UNSPECIFIED.,.F.,.F.,(4,4),(0.,1.),.PIECEWISE_BEZIER_KNOTS.);
#3570 = CARTESIAN_POINT('',(-4.947531044057,-0.156322001299));
#3571 = CARTESIAN_POINT('',(-4.721133797638,-0.280085772517));
#3572 = CARTESIAN_POINT('',(-4.472377611232,-0.390758184155));
#3573 = CARTESIAN_POINT('',(-4.210168466069,-0.394564917215));
#3574 = ( GEOMETRIC_REPRESENTATION_CONTEXT(2) 
PARAMETRIC_REPRESENTATION_CONTEXT() REPRESENTATION_CONTEXT('2D SPACE',''
  ) );
#3575 = PCURVE('',#175,#3576);
#3576 = DEFINITIONAL_REPRESENTATION('',(#3577),#3581);
#3577 = LINE('',#3578,#3579);
#3578 = CARTESIAN_POINT('',(1.,0.));
#3579 = VECTOR('',#3580,1.);
#3580 = DIRECTION('',(0.,1.));
#3581 = ( GEOMETRIC_REPRESENTATION_CONTEXT(2) 
PARAMETRIC_REPRESENTATION_CONTEXT() REPRESENTATION_CONTEXT('2D SPACE',''
  ) );
#3582 = ORIENTED_EDGE('',*,*,#3583,.T.);
#3583 = EDGE_CURVE('',#3559,#3584,#3586,.T.);
#3584 = VERTEX_POINT('',#3585);
#3585 = CARTESIAN_POINT('',(4.126035419159,-0.925760069578,5.));
#3586 = SURFACE_CURVE('',#3587,(#3592,#3600),.PCURVE_S1.);
#3587 = B_SPLINE_CURVE_WITH_KNOTS('',3,(#3588,#3589,#3590,#3591),
  .UNSPECIFIED.,.F.,.F.,(4,4),(0.,1.),.PIECEWISE_BEZIER_KNOTS.);
#3588 = CARTESIAN_POINT('',(4.210168466069,-0.394564917215,5.));
#3589 = CARTESIAN_POINT('',(3.850468501973,-0.313555514634,5.));
#3590 = CARTESIAN_POINT('',(3.758907142292,-0.891651188002,5.));
#3591 = CARTESIAN_POINT('',(4.126035419159,-0.925760069578,5.));
#3592 = PCURVE('',#110,#3593);
#3593 = DEFINITIONAL_REPRESENTATION('',(#3594),#3599);
#3594 = B_SPLINE_CURVE_WITH_KNOTS('',3,(#3595,#3596,#3597,#3598),
  .UNSPECIFIED.,.F.,.F.,(4,4),(0.,1.),.PIECEWISE_BEZIER_KNOTS.);
#3595 = CARTESIAN_POINT('',(-4.210168466069,-0.394564917215));
#3596 = CARTESIAN_POINT('',(-3.850468501973,-0.313555514634));
#3597 = CARTESIAN_POINT('',(-3.758907142292,-0.891651188002));
#3598 = CARTESIAN_POINT('',(-4.126035419159,-0.925760069578));
#3599 = ( GEOMETRIC_REPRESENTATION_CONTEXT(2) 
PARAMETRIC_REPRESENTATION_CONTEXT() REPRESENTATION_CONTEXT('2D SPACE',''
  ) );
#3600 = PCURVE('',#2806,#3601);
#3601 = DEFINITIONAL_REPRESENTATION('',(#3602),#3606);
#3602 = LINE('',#3603,#3604);
#3603 = CARTESIAN_POINT('',(1.,0.));
#3604 = VECTOR('',#3605,1.);
#3605 = DIRECTION('',(0.,1.));
#3606 = ( GEOMETRIC_REPRESENTATION_CONTEXT(2) 
PARAMETRIC_REPRESENTATION_CONTEXT() REPRESENTATION_CONTEXT('2D SPACE',''
  ) );
#3607 = ORIENTED_EDGE('',*,*,#3608,.T.);
#3608 = EDGE_CURVE('',#3584,#3609,#3611,.T.);
#3609 = VERTEX_POINT('',#3610);
#3610 = CARTESIAN_POINT('',(4.753687794019,-1.380200114835,5.));
#3611 = SURFACE_CURVE('',#3612,(#3617,#3625),.PCURVE_S1.);
#3612 = B_SPLINE_CURVE_WITH_KNOTS('',3,(#3613,#3614,#3615,#3616),
  .UNSPECIFIED.,.F.,.F.,(4,4),(0.,1.),.PIECEWISE_BEZIER_KNOTS.);
#3613 = CARTESIAN_POINT('',(4.126035419159,-0.925760069578,5.));
#3614 = CARTESIAN_POINT('',(4.37423479009,-1.010407569796,5.));
#3615 = CARTESIAN_POINT('',(4.576616326135,-1.192533177114,5.));
#3616 = CARTESIAN_POINT('',(4.753687794019,-1.380200114835,5.));
#3617 = PCURVE('',#110,#3618);
#3618 = DEFINITIONAL_REPRESENTATION('',(#3619),#3624);
#3619 = B_SPLINE_CURVE_WITH_KNOTS('',3,(#3620,#3621,#3622,#3623),
  .UNSPECIFIED.,.F.,.F.,(4,4),(0.,1.),.PIECEWISE_BEZIER_KNOTS.);
#3620 = CARTESIAN_POINT('',(-4.126035419159,-0.925760069578));
#3621 = CARTESIAN_POINT('',(-4.37423479009,-1.010407569796));
#3622 = CARTESIAN_POINT('',(-4.576616326135,-1.192533177114));
#3623 = CARTESIAN_POINT('',(-4.753687794019,-1.380200114835));
#3624 = ( GEOMETRIC_REPRESENTATION_CONTEXT(2) 
PARAMETRIC_REPRESENTATION_CONTEXT() REPRESENTATION_CONTEXT('2D SPACE',''
  ) );
#3625 = PCURVE('',#2774,#3626);
#3626 = DEFINITIONAL_REPRESENTATION('',(#3627),#3631);
#3627 = LINE('',#3628,#3629);
#3628 = CARTESIAN_POINT('',(1.,0.));
#3629 = VECTOR('',#3630,1.);
#3630 = DIRECTION('',(0.,1.));
#3631 = ( GEOMETRIC_REPRESENTATION_CONTEXT(2) 
PARAMETRIC_REPRESENTATION_CONTEXT() REPRESENTATION_CONTEXT('2D SPACE',''
  ) );
#3632 = ORIENTED_EDGE('',*,*,#3633,.T.);
#3633 = EDGE_CURVE('',#3609,#3634,#3636,.T.);
#3634 = VERTEX_POINT('',#3635);
#3635 = CARTESIAN_POINT('',(4.657075484027,-1.677542230787,5.));
#3636 = SURFACE_CURVE('',#3637,(#3642,#3650),.PCURVE_S1.);
#3637 = B_SPLINE_CURVE_WITH_KNOTS('',3,(#3638,#3639,#3640,#3641),
  .UNSPECIFIED.,.F.,.F.,(4,4),(0.,1.),.PIECEWISE_BEZIER_KNOTS.);
#3638 = CARTESIAN_POINT('',(4.753687794019,-1.380200114835,5.));
#3639 = CARTESIAN_POINT('',(4.724625185637,-1.480298445403,5.));
#3640 = CARTESIAN_POINT('',(4.692399662432,-1.579478407649,5.));
#3641 = CARTESIAN_POINT('',(4.657075484027,-1.677542230787,5.));
#3642 = PCURVE('',#110,#3643);
#3643 = DEFINITIONAL_REPRESENTATION('',(#3644),#3649);
#3644 = B_SPLINE_CURVE_WITH_KNOTS('',3,(#3645,#3646,#3647,#3648),
  .UNSPECIFIED.,.F.,.F.,(4,4),(0.,1.),.PIECEWISE_BEZIER_KNOTS.);
#3645 = CARTESIAN_POINT('',(-4.753687794019,-1.380200114835));
#3646 = CARTESIAN_POINT('',(-4.724625185637,-1.480298445403));
#3647 = CARTESIAN_POINT('',(-4.692399662432,-1.579478407649));
#3648 = CARTESIAN_POINT('',(-4.657075484027,-1.677542230787));
#3649 = ( GEOMETRIC_REPRESENTATION_CONTEXT(2) 
PARAMETRIC_REPRESENTATION_CONTEXT() REPRESENTATION_CONTEXT('2D SPACE',''
  ) );
#3650 = PCURVE('',#2740,#3651);
#3651 = DEFINITIONAL_REPRESENTATION('',(#3652),#3656);
#3652 = LINE('',#3653,#3654);
#3653 = CARTESIAN_POINT('',(1.,0.));
#3654 = VECTOR('',#3655,1.);
#3655 = DIRECTION('',(0.,1.));
#3656 = ( GEOMETRIC_REPRESENTATION_CONTEXT(2) 
PARAMETRIC_REPRESENTATION_CONTEXT() REPRESENTATION_CONTEXT('2D SPACE',''
  ) );
#3657 = ORIENTED_EDGE('',*,*,#3658,.T.);
#3658 = EDGE_CURVE('',#3634,#2858,#3659,.T.);
#3659 = SURFACE_CURVE('',#3660,(#3665,#3673),.PCURVE_S1.);
#3660 = B_SPLINE_CURVE_WITH_KNOTS('',3,(#3661,#3662,#3663,#3664),
  .UNSPECIFIED.,.F.,.F.,(4,4),(0.,1.),.PIECEWISE_BEZIER_KNOTS.);
#3661 = CARTESIAN_POINT('',(4.657075484027,-1.677542230787,5.));
#3662 = CARTESIAN_POINT('',(4.403513798954,-1.725287975262,5.));
#3663 = CARTESIAN_POINT('',(4.1327329509,-1.753673804469,5.));
#3664 = CARTESIAN_POINT('',(3.882180889552,-1.676267140816,5.));
#3665 = PCURVE('',#110,#3666);
#3666 = DEFINITIONAL_REPRESENTATION('',(#3667),#3672);
#3667 = B_SPLINE_CURVE_WITH_KNOTS('',3,(#3668,#3669,#3670,#3671),
  .UNSPECIFIED.,.F.,.F.,(4,4),(0.,1.),.PIECEWISE_BEZIER_KNOTS.);
#3668 = CARTESIAN_POINT('',(-4.657075484027,-1.677542230787));
#3669 = CARTESIAN_POINT('',(-4.403513798954,-1.725287975262));
#3670 = CARTESIAN_POINT('',(-4.1327329509,-1.753673804469));
#3671 = CARTESIAN_POINT('',(-3.882180889552,-1.676267140816));
#3672 = ( GEOMETRIC_REPRESENTATION_CONTEXT(2) 
PARAMETRIC_REPRESENTATION_CONTEXT() REPRESENTATION_CONTEXT('2D SPACE',''
  ) );
#3673 = PCURVE('',#2706,#3674);
#3674 = DEFINITIONAL_REPRESENTATION('',(#3675),#3679);
#3675 = LINE('',#3676,#3677);
#3676 = CARTESIAN_POINT('',(1.,0.));
#3677 = VECTOR('',#3678,1.);
#3678 = DIRECTION('',(0.,1.));
#3679 = ( GEOMETRIC_REPRESENTATION_CONTEXT(2) 
PARAMETRIC_REPRESENTATION_CONTEXT() REPRESENTATION_CONTEXT('2D SPACE',''
  ) );
#3680 = ORIENTED_EDGE('',*,*,#2879,.T.);
#3681 = ORIENTED_EDGE('',*,*,#93,.T.);
#3682 = ORIENTED_EDGE('',*,*,#3683,.T.);
#3683 = EDGE_CURVE('',#94,#3684,#3686,.T.);
#3684 = VERTEX_POINT('',#3685);
#3685 = CARTESIAN_POINT('',(3.910752927867,-3.034552938602,5.));
#3686 = SURFACE_CURVE('',#3687,(#3692,#3700),.PCURVE_S1.);
#3687 = B_SPLINE_CURVE_WITH_KNOTS('',3,(#3688,#3689,#3690,#3691),
  .UNSPECIFIED.,.F.,.F.,(4,4),(0.,1.),.PIECEWISE_BEZIER_KNOTS.);
#3688 = CARTESIAN_POINT('',(4.094520461813,-2.78161862731,5.));
#3689 = CARTESIAN_POINT('',(4.035948193476,-2.867836956976,5.));
#3690 = CARTESIAN_POINT('',(3.974651605805,-2.952204472033,5.));
#3691 = CARTESIAN_POINT('',(3.910752927867,-3.034552938602,5.));
#3692 = PCURVE('',#110,#3693);
#3693 = DEFINITIONAL_REPRESENTATION('',(#3694),#3699);
#3694 = B_SPLINE_CURVE_WITH_KNOTS('',3,(#3695,#3696,#3697,#3698),
  .UNSPECIFIED.,.F.,.F.,(4,4),(0.,1.),.PIECEWISE_BEZIER_KNOTS.);
#3695 = CARTESIAN_POINT('',(-4.094520461813,-2.78161862731));
#3696 = CARTESIAN_POINT('',(-4.035948193476,-2.867836956976));
#3697 = CARTESIAN_POINT('',(-3.974651605805,-2.952204472033));
#3698 = CARTESIAN_POINT('',(-3.910752927867,-3.034552938602));
#3699 = ( GEOMETRIC_REPRESENTATION_CONTEXT(2) 
PARAMETRIC_REPRESENTATION_CONTEXT() REPRESENTATION_CONTEXT('2D SPACE',''
  ) );
#3700 = PCURVE('',#136,#3701);
#3701 = DEFINITIONAL_REPRESENTATION('',(#3702),#3706);
#3702 = LINE('',#3703,#3704);
#3703 = CARTESIAN_POINT('',(1.,0.));
#3704 = VECTOR('',#3705,1.);
#3705 = DIRECTION('',(0.,1.));
#3706 = ( GEOMETRIC_REPRESENTATION_CONTEXT(2) 
PARAMETRIC_REPRESENTATION_CONTEXT() REPRESENTATION_CONTEXT('2D SPACE',''
  ) );
#3707 = ORIENTED_EDGE('',*,*,#3708,.T.);
#3708 = EDGE_CURVE('',#3684,#3709,#3711,.T.);
#3709 = VERTEX_POINT('',#3710);
#3710 = CARTESIAN_POINT('',(3.174178398821,-2.793884657433,5.));
#3711 = SURFACE_CURVE('',#3712,(#3717,#3725),.PCURVE_S1.);
#3712 = B_SPLINE_CURVE_WITH_KNOTS('',3,(#3713,#3714,#3715,#3716),
  .UNSPECIFIED.,.F.,.F.,(4,4),(0.,1.),.PIECEWISE_BEZIER_KNOTS.);
#3713 = CARTESIAN_POINT('',(3.910752927867,-3.034552938602,5.));
#3714 = CARTESIAN_POINT('',(3.654847188544,-3.0016069702,5.));
#3715 = CARTESIAN_POINT('',(3.38854759489,-2.944927614238,5.));
#3716 = CARTESIAN_POINT('',(3.174178398821,-2.793884657433,5.));
#3717 = PCURVE('',#110,#3718);
#3718 = DEFINITIONAL_REPRESENTATION('',(#3719),#3724);
#3719 = B_SPLINE_CURVE_WITH_KNOTS('',3,(#3720,#3721,#3722,#3723),
  .UNSPECIFIED.,.F.,.F.,(4,4),(0.,1.),.PIECEWISE_BEZIER_KNOTS.);
#3720 = CARTESIAN_POINT('',(-3.910752927867,-3.034552938602));
#3721 = CARTESIAN_POINT('',(-3.654847188544,-3.0016069702));
#3722 = CARTESIAN_POINT('',(-3.38854759489,-2.944927614238));
#3723 = CARTESIAN_POINT('',(-3.174178398821,-2.793884657433));
#3724 = ( GEOMETRIC_REPRESENTATION_CONTEXT(2) 
PARAMETRIC_REPRESENTATION_CONTEXT() REPRESENTATION_CONTEXT('2D SPACE',''
  ) );
#3725 = PCURVE('',#2623,#3726);
#3726 = DEFINITIONAL_REPRESENTATION('',(#3727),#3731);
#3727 = LINE('',#3728,#3729);
#3728 = CARTESIAN_POINT('',(1.,0.));
#3729 = VECTOR('',#3730,1.);
#3730 = DIRECTION('',(0.,1.));
#3731 = ( GEOMETRIC_REPRESENTATION_CONTEXT(2) 
PARAMETRIC_REPRESENTATION_CONTEXT() REPRESENTATION_CONTEXT('2D SPACE',''
  ) );
#3732 = ORIENTED_EDGE('',*,*,#3733,.T.);
#3733 = EDGE_CURVE('',#3709,#3734,#3736,.T.);
#3734 = VERTEX_POINT('',#3735);
#3735 = CARTESIAN_POINT('',(2.793884657433,-3.174178398821,5.));
#3736 = SURFACE_CURVE('',#3737,(#3742,#3750),.PCURVE_S1.);
#3737 = B_SPLINE_CURVE_WITH_KNOTS('',3,(#3738,#3739,#3740,#3741),
  .UNSPECIFIED.,.F.,.F.,(4,4),(0.,1.),.PIECEWISE_BEZIER_KNOTS.);
#3738 = CARTESIAN_POINT('',(3.174178398821,-2.793884657433,5.));
#3739 = CARTESIAN_POINT('',(2.930791147124,-2.516920339895,5.));
#3740 = CARTESIAN_POINT('',(2.516920339895,-2.930791147124,5.));
#3741 = CARTESIAN_POINT('',(2.793884657433,-3.174178398821,5.));
#3742 = PCURVE('',#110,#3743);
#3743 = DEFINITIONAL_REPRESENTATION('',(#3744),#3749);
#3744 = B_SPLINE_CURVE_WITH_KNOTS('',3,(#3745,#3746,#3747,#3748),
  .UNSPECIFIED.,.F.,.F.,(4,4),(0.,1.),.PIECEWISE_BEZIER_KNOTS.);
#3745 = CARTESIAN_POINT('',(-3.174178398821,-2.793884657433));
#3746 = CARTESIAN_POINT('',(-2.930791147124,-2.516920339895));
#3747 = CARTESIAN_POINT('',(-2.516920339895,-2.930791147124));
#3748 = CARTESIAN_POINT('',(-2.793884657433,-3.174178398821));
#3749 = ( GEOMETRIC_REPRESENTATION_CONTEXT(2) 
PARAMETRIC_REPRESENTATION_CONTEXT() REPRESENTATION_CONTEXT('2D SPACE',''
  ) );
#3750 = PCURVE('',#2589,#3751);
#3751 = DEFINITIONAL_REPRESENTATION('',(#3752),#3756);
#3752 = LINE('',#3753,#3754);
#3753 = CARTESIAN_POINT('',(1.,0.));
#3754 = VECTOR('',#3755,1.);
#3755 = DIRECTION('',(0.,1.));
#3756 = ( GEOMETRIC_REPRESENTATION_CONTEXT(2) 
PARAMETRIC_REPRESENTATION_CONTEXT() REPRESENTATION_CONTEXT('2D SPACE',''
  ) );
#3757 = ORIENTED_EDGE('',*,*,#3758,.T.);
#3758 = EDGE_CURVE('',#3734,#3759,#3761,.T.);
#3759 = VERTEX_POINT('',#3760);
#3760 = CARTESIAN_POINT('',(3.034552938602,-3.910752927867,5.));
#3761 = SURFACE_CURVE('',#3762,(#3767,#3775),.PCURVE_S1.);
#3762 = B_SPLINE_CURVE_WITH_KNOTS('',3,(#3763,#3764,#3765,#3766),
  .UNSPECIFIED.,.F.,.F.,(4,4),(0.,1.),.PIECEWISE_BEZIER_KNOTS.);
#3763 = CARTESIAN_POINT('',(2.793884657433,-3.174178398821,5.));
#3764 = CARTESIAN_POINT('',(2.944927614238,-3.38854759489,5.));
#3765 = CARTESIAN_POINT('',(3.0016069702,-3.654847188544,5.));
#3766 = CARTESIAN_POINT('',(3.034552938602,-3.910752927867,5.));
#3767 = PCURVE('',#110,#3768);
#3768 = DEFINITIONAL_REPRESENTATION('',(#3769),#3774);
#3769 = B_SPLINE_CURVE_WITH_KNOTS('',3,(#3770,#3771,#3772,#3773),
  .UNSPECIFIED.,.F.,.F.,(4,4),(0.,1.),.PIECEWISE_BEZIER_KNOTS.);
#3770 = CARTESIAN_POINT('',(-2.793884657433,-3.174178398821));
#3771 = CARTESIAN_POINT('',(-2.944927614238,-3.38854759489));
#3772 = CARTESIAN_POINT('',(-3.0016069702,-3.654847188544));
#3773 = CARTESIAN_POINT('',(-3.034552938602,-3.910752927867));
#3774 = ( GEOMETRIC_REPRESENTATION_CONTEXT(2) 
PARAMETRIC_REPRESENTATION_CONTEXT() REPRESENTATION_CONTEXT('2D SPACE',''
  ) );
#3775 = PCURVE('',#2555,#3776);
#3776 = DEFINITIONAL_REPRESENTATION('',(#3777),#3781);
#3777 = LINE('',#3778,#3779);
#3778 = CARTESIAN_POINT('',(1.,0.));
#3779 = VECTOR('',#3780,1.);
#3780 = DIRECTION('',(0.,1.));
#3781 = ( GEOMETRIC_REPRESENTATION_CONTEXT(2) 
PARAMETRIC_REPRESENTATION_CONTEXT() REPRESENTATION_CONTEXT('2D SPACE',''
  ) );
#3782 = ORIENTED_EDGE('',*,*,#3783,.T.);
#3783 = EDGE_CURVE('',#3759,#3784,#3786,.T.);
#3784 = VERTEX_POINT('',#3785);
#3785 = CARTESIAN_POINT('',(2.78161862731,-4.094520461813,5.));
#3786 = SURFACE_CURVE('',#3787,(#3792,#3800),.PCURVE_S1.);
#3787 = B_SPLINE_CURVE_WITH_KNOTS('',3,(#3788,#3789,#3790,#3791),
  .UNSPECIFIED.,.F.,.F.,(4,4),(0.,1.),.PIECEWISE_BEZIER_KNOTS.);
#3788 = CARTESIAN_POINT('',(3.034552938602,-3.910752927867,5.));
#3789 = CARTESIAN_POINT('',(2.952204472033,-3.974651605805,5.));
#3790 = CARTESIAN_POINT('',(2.867836956976,-4.035948193476,5.));
#3791 = CARTESIAN_POINT('',(2.78161862731,-4.094520461813,5.));
#3792 = PCURVE('',#110,#3793);
#3793 = DEFINITIONAL_REPRESENTATION('',(#3794),#3799);
#3794 = B_SPLINE_CURVE_WITH_KNOTS('',3,(#3795,#3796,#3797,#3798),
  .UNSPECIFIED.,.F.,.F.,(4,4),(0.,1.),.PIECEWISE_BEZIER_KNOTS.);
#3795 = CARTESIAN_POINT('',(-3.034552938602,-3.910752927867));
#3796 = CARTESIAN_POINT('',(-2.952204472033,-3.974651605805));
#3797 = CARTESIAN_POINT('',(-2.867836956976,-4.035948193476));
#3798 = CARTESIAN_POINT('',(-2.78161862731,-4.094520461813));
#3799 = ( GEOMETRIC_REPRESENTATION_CONTEXT(2) 
PARAMETRIC_REPRESENTATION_CONTEXT() REPRESENTATION_CONTEXT('2D SPACE',''
  ) );
#3800 = PCURVE('',#2521,#3801);
#3801 = DEFINITIONAL_REPRESENTATION('',(#3802),#3806);
#3802 = LINE('',#3803,#3804);
#3803 = CARTESIAN_POINT('',(1.,0.));
#3804 = VECTOR('',#3805,1.);
#3805 = DIRECTION('',(0.,1.));
#3806 = ( GEOMETRIC_REPRESENTATION_CONTEXT(2) 
PARAMETRIC_REPRESENTATION_CONTEXT() REPRESENTATION_CONTEXT('2D SPACE',''
  ) );
#3807 = ORIENTED_EDGE('',*,*,#3808,.T.);
#3808 = EDGE_CURVE('',#3784,#3809,#3811,.T.);
#3809 = VERTEX_POINT('',#3810);
#3810 = CARTESIAN_POINT('',(2.155465210611,-3.638017277642,5.));
#3811 = SURFACE_CURVE('',#3812,(#3817,#3825),.PCURVE_S1.);
#3812 = B_SPLINE_CURVE_WITH_KNOTS('',3,(#3813,#3814,#3815,#3816),
  .UNSPECIFIED.,.F.,.F.,(4,4),(0.,1.),.PIECEWISE_BEZIER_KNOTS.);
#3813 = CARTESIAN_POINT('',(2.78161862731,-4.094520461813,5.));
#3814 = CARTESIAN_POINT('',(2.548418670502,-3.984107761469,5.));
#3815 = CARTESIAN_POINT('',(2.312667590893,-3.847911390608,5.));
#3816 = CARTESIAN_POINT('',(2.155465210611,-3.638017277642,5.));
#3817 = PCURVE('',#110,#3818);
#3818 = DEFINITIONAL_REPRESENTATION('',(#3819),#3824);
#3819 = B_SPLINE_CURVE_WITH_KNOTS('',3,(#3820,#3821,#3822,#3823),
  .UNSPECIFIED.,.F.,.F.,(4,4),(0.,1.),.PIECEWISE_BEZIER_KNOTS.);
#3820 = CARTESIAN_POINT('',(-2.78161862731,-4.094520461813));
#3821 = CARTESIAN_POINT('',(-2.548418670502,-3.984107761469));
#3822 = CARTESIAN_POINT('',(-2.312667590893,-3.847911390608));
#3823 = CARTESIAN_POINT('',(-2.155465210611,-3.638017277642));
#3824 = ( GEOMETRIC_REPRESENTATION_CONTEXT(2) 
PARAMETRIC_REPRESENTATION_CONTEXT() REPRESENTATION_CONTEXT('2D SPACE',''
  ) );
#3825 = PCURVE('',#2487,#3826);
#3826 = DEFINITIONAL_REPRESENTATION('',(#3827),#3831);
#3827 = LINE('',#3828,#3829);
#3828 = CARTESIAN_POINT('',(1.,0.));
#3829 = VECTOR('',#3830,1.);
#3830 = DIRECTION('',(0.,1.));
#3831 = ( GEOMETRIC_REPRESENTATION_CONTEXT(2) 
PARAMETRIC_REPRESENTATION_CONTEXT() REPRESENTATION_CONTEXT('2D SPACE',''
  ) );
#3832 = ORIENTED_EDGE('',*,*,#3833,.T.);
#3833 = EDGE_CURVE('',#3809,#3834,#3836,.T.);
#3834 = VERTEX_POINT('',#3835);
#3835 = CARTESIAN_POINT('',(1.676267140816,-3.882180889552,5.));
#3836 = SURFACE_CURVE('',#3837,(#3842,#3850),.PCURVE_S1.);
#3837 = B_SPLINE_CURVE_WITH_KNOTS('',3,(#3838,#3839,#3840,#3841),
  .UNSPECIFIED.,.F.,.F.,(4,4),(0.,1.),.PIECEWISE_BEZIER_KNOTS.);
#3838 = CARTESIAN_POINT('',(2.155465210611,-3.638017277642,5.));
#3839 = CARTESIAN_POINT('',(2.009576859857,-3.299397761678,5.));
#3840 = CARTESIAN_POINT('',(1.488069218828,-3.565119176888,5.));
#3841 = CARTESIAN_POINT('',(1.676267140816,-3.882180889552,5.));
#3842 = PCURVE('',#110,#3843);
#3843 = DEFINITIONAL_REPRESENTATION('',(#3844),#3849);
#3844 = B_SPLINE_CURVE_WITH_KNOTS('',3,(#3845,#3846,#3847,#3848),
  .UNSPECIFIED.,.F.,.F.,(4,4),(0.,1.),.PIECEWISE_BEZIER_KNOTS.);
#3845 = CARTESIAN_POINT('',(-2.155465210611,-3.638017277642));
#3846 = CARTESIAN_POINT('',(-2.009576859857,-3.299397761678));
#3847 = CARTESIAN_POINT('',(-1.488069218828,-3.565119176888));
#3848 = CARTESIAN_POINT('',(-1.676267140816,-3.882180889552));
#3849 = ( GEOMETRIC_REPRESENTATION_CONTEXT(2) 
PARAMETRIC_REPRESENTATION_CONTEXT() REPRESENTATION_CONTEXT('2D SPACE',''
  ) );
#3850 = PCURVE('',#2453,#3851);
#3851 = DEFINITIONAL_REPRESENTATION('',(#3852),#3856);
#3852 = LINE('',#3853,#3854);
#3853 = CARTESIAN_POINT('',(1.,0.));
#3854 = VECTOR('',#3855,1.);
#3855 = DIRECTION('',(0.,1.));
#3856 = ( GEOMETRIC_REPRESENTATION_CONTEXT(2) 
PARAMETRIC_REPRESENTATION_CONTEXT() REPRESENTATION_CONTEXT('2D SPACE',''
  ) );
#3857 = ORIENTED_EDGE('',*,*,#3858,.T.);
#3858 = EDGE_CURVE('',#3834,#3859,#3861,.T.);
#3859 = VERTEX_POINT('',#3860);
#3860 = CARTESIAN_POINT('',(1.677542230787,-4.657075484027,5.));
#3861 = SURFACE_CURVE('',#3862,(#3867,#3875),.PCURVE_S1.);
#3862 = B_SPLINE_CURVE_WITH_KNOTS('',3,(#3863,#3864,#3865,#3866),
  .UNSPECIFIED.,.F.,.F.,(4,4),(0.,1.),.PIECEWISE_BEZIER_KNOTS.);
#3863 = CARTESIAN_POINT('',(1.676267140816,-3.882180889552,5.));
#3864 = CARTESIAN_POINT('',(1.753673804469,-4.1327329509,5.));
#3865 = CARTESIAN_POINT('',(1.725287975262,-4.403513798954,5.));
#3866 = CARTESIAN_POINT('',(1.677542230787,-4.657075484027,5.));
#3867 = PCURVE('',#110,#3868);
#3868 = DEFINITIONAL_REPRESENTATION('',(#3869),#3874);
#3869 = B_SPLINE_CURVE_WITH_KNOTS('',3,(#3870,#3871,#3872,#3873),
  .UNSPECIFIED.,.F.,.F.,(4,4),(0.,1.),.PIECEWISE_BEZIER_KNOTS.);
#3870 = CARTESIAN_POINT('',(-1.676267140816,-3.882180889552));
#3871 = CARTESIAN_POINT('',(-1.753673804469,-4.1327329509));
#3872 = CARTESIAN_POINT('',(-1.725287975262,-4.403513798954));
#3873 = CARTESIAN_POINT('',(-1.677542230787,-4.657075484027));
#3874 = ( GEOMETRIC_REPRESENTATION_CONTEXT(2) 
PARAMETRIC_REPRESENTATION_CONTEXT() REPRESENTATION_CONTEXT('2D SPACE',''
  ) );
#3875 = PCURVE('',#2419,#3876);
#3876 = DEFINITIONAL_REPRESENTATION('',(#3877),#3881);
#3877 = LINE('',#3878,#3879);
#3878 = CARTESIAN_POINT('',(1.,0.));
#3879 = VECTOR('',#3880,1.);
#3880 = DIRECTION('',(0.,1.));
#3881 = ( GEOMETRIC_REPRESENTATION_CONTEXT(2) 
PARAMETRIC_REPRESENTATION_CONTEXT() REPRESENTATION_CONTEXT('2D SPACE',''
  ) );
#3882 = ORIENTED_EDGE('',*,*,#3883,.T.);
#3883 = EDGE_CURVE('',#3859,#3884,#3886,.T.);
#3884 = VERTEX_POINT('',#3885);
#3885 = CARTESIAN_POINT('',(1.380200114835,-4.753687794019,5.));
#3886 = SURFACE_CURVE('',#3887,(#3892,#3900),.PCURVE_S1.);
#3887 = B_SPLINE_CURVE_WITH_KNOTS('',3,(#3888,#3889,#3890,#3891),
  .UNSPECIFIED.,.F.,.F.,(4,4),(0.,1.),.PIECEWISE_BEZIER_KNOTS.);
#3888 = CARTESIAN_POINT('',(1.677542230787,-4.657075484027,5.));
#3889 = CARTESIAN_POINT('',(1.579478407649,-4.692399662432,5.));
#3890 = CARTESIAN_POINT('',(1.480298445403,-4.724625185637,5.));
#3891 = CARTESIAN_POINT('',(1.380200114835,-4.753687794019,5.));
#3892 = PCURVE('',#110,#3893);
#3893 = DEFINITIONAL_REPRESENTATION('',(#3894),#3899);
#3894 = B_SPLINE_CURVE_WITH_KNOTS('',3,(#3895,#3896,#3897,#3898),
  .UNSPECIFIED.,.F.,.F.,(4,4),(0.,1.),.PIECEWISE_BEZIER_KNOTS.);
#3895 = CARTESIAN_POINT('',(-1.677542230787,-4.657075484027));
#3896 = CARTESIAN_POINT('',(-1.579478407649,-4.692399662432));
#3897 = CARTESIAN_POINT('',(-1.480298445403,-4.724625185637));
#3898 = CARTESIAN_POINT('',(-1.380200114835,-4.753687794019));
#3899 = ( GEOMETRIC_REPRESENTATION_CONTEXT(2) 
PARAMETRIC_REPRESENTATION_CONTEXT() REPRESENTATION_CONTEXT('2D SPACE',''
  ) );
#3900 = PCURVE('',#2385,#3901);
#3901 = DEFINITIONAL_REPRESENTATION('',(#3902),#3906);
#3902 = LINE('',#3903,#3904);
#3903 = CARTESIAN_POINT('',(1.,0.));
#3904 = VECTOR('',#3905,1.);
#3905 = DIRECTION('',(0.,1.));
#3906 = ( GEOMETRIC_REPRESENTATION_CONTEXT(2) 
PARAMETRIC_REPRESENTATION_CONTEXT() REPRESENTATION_CONTEXT('2D SPACE',''
  ) );
#3907 = ORIENTED_EDGE('',*,*,#3908,.T.);
#3908 = EDGE_CURVE('',#3884,#3909,#3911,.T.);
#3909 = VERTEX_POINT('',#3910);
#3910 = CARTESIAN_POINT('',(0.925760069578,-4.126035419159,5.));
#3911 = SURFACE_CURVE('',#3912,(#3917,#3925),.PCURVE_S1.);
#3912 = B_SPLINE_CURVE_WITH_KNOTS('',3,(#3913,#3914,#3915,#3916),
  .UNSPECIFIED.,.F.,.F.,(4,4),(0.,1.),.PIECEWISE_BEZIER_KNOTS.);
#3913 = CARTESIAN_POINT('',(1.380200114835,-4.753687794019,5.));
#3914 = CARTESIAN_POINT('',(1.192533177114,-4.576616326135,5.));
#3915 = CARTESIAN_POINT('',(1.010407569796,-4.37423479009,5.));
#3916 = CARTESIAN_POINT('',(0.925760069578,-4.126035419159,5.));
#3917 = PCURVE('',#110,#3918);
#3918 = DEFINITIONAL_REPRESENTATION('',(#3919),#3924);
#3919 = B_SPLINE_CURVE_WITH_KNOTS('',3,(#3920,#3921,#3922,#3923),
  .UNSPECIFIED.,.F.,.F.,(4,4),(0.,1.),.PIECEWISE_BEZIER_KNOTS.);
#3920 = CARTESIAN_POINT('',(-1.380200114835,-4.753687794019));
#3921 = CARTESIAN_POINT('',(-1.192533177114,-4.576616326135));
#3922 = CARTESIAN_POINT('',(-1.010407569796,-4.37423479009));
#3923 = CARTESIAN_POINT('',(-0.925760069578,-4.126035419159));
#3924 = ( GEOMETRIC_REPRESENTATION_CONTEXT(2) 
PARAMETRIC_REPRESENTATION_CONTEXT() REPRESENTATION_CONTEXT('2D SPACE',''
  ) );
#3925 = PCURVE('',#2351,#3926);
#3926 = DEFINITIONAL_REPRESENTATION('',(#3927),#3931);
#3927 = LINE('',#3928,#3929);
#3928 = CARTESIAN_POINT('',(1.,0.));
#3929 = VECTOR('',#3930,1.);
#3930 = DIRECTION('',(0.,1.));
#3931 = ( GEOMETRIC_REPRESENTATION_CONTEXT(2) 
PARAMETRIC_REPRESENTATION_CONTEXT() REPRESENTATION_CONTEXT('2D SPACE',''
  ) );
#3932 = ORIENTED_EDGE('',*,*,#3933,.T.);
#3933 = EDGE_CURVE('',#3909,#3934,#3936,.T.);
#3934 = VERTEX_POINT('',#3935);
#3935 = CARTESIAN_POINT('',(0.394564917215,-4.210168466069,5.));
#3936 = SURFACE_CURVE('',#3937,(#3942,#3950),.PCURVE_S1.);
#3937 = B_SPLINE_CURVE_WITH_KNOTS('',3,(#3938,#3939,#3940,#3941),
  .UNSPECIFIED.,.F.,.F.,(4,4),(0.,1.),.PIECEWISE_BEZIER_KNOTS.);
#3938 = CARTESIAN_POINT('',(0.925760069578,-4.126035419159,5.));
#3939 = CARTESIAN_POINT('',(0.891651188002,-3.758907142292,5.));
#3940 = CARTESIAN_POINT('',(0.313555514634,-3.850468501973,5.));
#3941 = CARTESIAN_POINT('',(0.394564917215,-4.210168466069,5.));
#3942 = PCURVE('',#110,#3943);
#3943 = DEFINITIONAL_REPRESENTATION('',(#3944),#3949);
#3944 = B_SPLINE_CURVE_WITH_KNOTS('',3,(#3945,#3946,#3947,#3948),
  .UNSPECIFIED.,.F.,.F.,(4,4),(0.,1.),.PIECEWISE_BEZIER_KNOTS.);
#3945 = CARTESIAN_POINT('',(-0.925760069578,-4.126035419159));
#3946 = CARTESIAN_POINT('',(-0.891651188002,-3.758907142292));
#3947 = CARTESIAN_POINT('',(-0.313555514634,-3.850468501973));
#3948 = CARTESIAN_POINT('',(-0.394564917215,-4.210168466069));
#3949 = ( GEOMETRIC_REPRESENTATION_CONTEXT(2) 
PARAMETRIC_REPRESENTATION_CONTEXT() REPRESENTATION_CONTEXT('2D SPACE',''
  ) );
#3950 = PCURVE('',#2317,#3951);
#3951 = DEFINITIONAL_REPRESENTATION('',(#3952),#3956);
#3952 = LINE('',#3953,#3954);
#3953 = CARTESIAN_POINT('',(1.,0.));
#3954 = VECTOR('',#3955,1.);
#3955 = DIRECTION('',(0.,1.));
#3956 = ( GEOMETRIC_REPRESENTATION_CONTEXT(2) 
PARAMETRIC_REPRESENTATION_CONTEXT() REPRESENTATION_CONTEXT('2D SPACE',''
  ) );
#3957 = ORIENTED_EDGE('',*,*,#3958,.T.);
#3958 = EDGE_CURVE('',#3934,#3959,#3961,.T.);
#3959 = VERTEX_POINT('',#3960);
#3960 = CARTESIAN_POINT('',(0.156322001299,-4.947531044057,5.));
#3961 = SURFACE_CURVE('',#3962,(#3967,#3975),.PCURVE_S1.);
#3962 = B_SPLINE_CURVE_WITH_KNOTS('',3,(#3963,#3964,#3965,#3966),
  .UNSPECIFIED.,.F.,.F.,(4,4),(0.,1.),.PIECEWISE_BEZIER_KNOTS.);
#3963 = CARTESIAN_POINT('',(0.394564917215,-4.210168466069,5.));
#3964 = CARTESIAN_POINT('',(0.390758184155,-4.472377611232,5.));
#3965 = CARTESIAN_POINT('',(0.280085772517,-4.721133797638,5.));
#3966 = CARTESIAN_POINT('',(0.156322001299,-4.947531044057,5.));
#3967 = PCURVE('',#110,#3968);
#3968 = DEFINITIONAL_REPRESENTATION('',(#3969),#3974);
#3969 = B_SPLINE_CURVE_WITH_KNOTS('',3,(#3970,#3971,#3972,#3973),
  .UNSPECIFIED.,.F.,.F.,(4,4),(0.,1.),.PIECEWISE_BEZIER_KNOTS.);
#3970 = CARTESIAN_POINT('',(-0.394564917215,-4.210168466069));
#3971 = CARTESIAN_POINT('',(-0.390758184155,-4.472377611232));
#3972 = CARTESIAN_POINT('',(-0.280085772517,-4.721133797638));
#3973 = CARTESIAN_POINT('',(-0.156322001299,-4.947531044057));
#3974 = ( GEOMETRIC_REPRESENTATION_CONTEXT(2) 
PARAMETRIC_REPRESENTATION_CONTEXT() REPRESENTATION_CONTEXT('2D SPACE',''
  ) );
#3975 = PCURVE('',#2283,#3976);
#3976 = DEFINITIONAL_REPRESENTATION('',(#3977),#3981);
#3977 = LINE('',#3978,#3979);
#3978 = CARTESIAN_POINT('',(1.,0.));
#3979 = VECTOR('',#3980,1.);
#3980 = DIRECTION('',(0.,1.));
#3981 = ( GEOMETRIC_REPRESENTATION_CONTEXT(2) 
PARAMETRIC_REPRESENTATION_CONTEXT() REPRESENTATION_CONTEXT('2D SPACE',''
  ) );
#3982 = ORIENTED_EDGE('',*,*,#3983,.T.);
#3983 = EDGE_CURVE('',#3959,#3984,#3986,.T.);
#3984 = VERTEX_POINT('',#3985);
#3985 = CARTESIAN_POINT('',(-0.156322001299,-4.947531044057,5.));
#3986 = SURFACE_CURVE('',#3987,(#3992,#4000),.PCURVE_S1.);
#3987 = B_SPLINE_CURVE_WITH_KNOTS('',3,(#3988,#3989,#3990,#3991),
  .UNSPECIFIED.,.F.,.F.,(4,4),(0.,1.),.PIECEWISE_BEZIER_KNOTS.);
#3988 = CARTESIAN_POINT('',(0.156322001299,-4.947531044057,5.));
#3989 = CARTESIAN_POINT('',(5.21419918516E-02,-4.950822946229,5.));
#3990 = CARTESIAN_POINT('',(-5.21419918516E-02,-4.950822946229,5.));
#3991 = CARTESIAN_POINT('',(-0.156322001299,-4.947531044057,5.));
#3992 = PCURVE('',#110,#3993);
#3993 = DEFINITIONAL_REPRESENTATION('',(#3994),#3999);
#3994 = B_SPLINE_CURVE_WITH_KNOTS('',3,(#3995,#3996,#3997,#3998),
  .UNSPECIFIED.,.F.,.F.,(4,4),(0.,1.),.PIECEWISE_BEZIER_KNOTS.);
#3995 = CARTESIAN_POINT('',(-0.156322001299,-4.947531044057));
#3996 = CARTESIAN_POINT('',(-5.21419918516E-02,-4.950822946229));
#3997 = CARTESIAN_POINT('',(5.21419918516E-02,-4.950822946229));
#3998 = CARTESIAN_POINT('',(0.156322001299,-4.947531044057));
#3999 = ( GEOMETRIC_REPRESENTATION_CONTEXT(2) 
PARAMETRIC_REPRESENTATION_CONTEXT() REPRESENTATION_CONTEXT('2D SPACE',''
  ) );
#4000 = PCURVE('',#2249,#4001);
#4001 = DEFINITIONAL_REPRESENTATION('',(#4002),#4006);
#4002 = LINE('',#4003,#4004);
#4003 = CARTESIAN_POINT('',(1.,0.));
#4004 = VECTOR('',#4005,1.);
#4005 = DIRECTION('',(0.,1.));
#4006 = ( GEOMETRIC_REPRESENTATION_CONTEXT(2) 
PARAMETRIC_REPRESENTATION_CONTEXT() REPRESENTATION_CONTEXT('2D SPACE',''
  ) );
#4007 = ORIENTED_EDGE('',*,*,#4008,.T.);
#4008 = EDGE_CURVE('',#3984,#4009,#4011,.T.);
#4009 = VERTEX_POINT('',#4010);
#4010 = CARTESIAN_POINT('',(-0.394564917215,-4.210168466069,5.));
#4011 = SURFACE_CURVE('',#4012,(#4017,#4025),.PCURVE_S1.);
#4012 = B_SPLINE_CURVE_WITH_KNOTS('',3,(#4013,#4014,#4015,#4016),
  .UNSPECIFIED.,.F.,.F.,(4,4),(0.,1.),.PIECEWISE_BEZIER_KNOTS.);
#4013 = CARTESIAN_POINT('',(-0.156322001299,-4.947531044057,5.));
#4014 = CARTESIAN_POINT('',(-0.280085772517,-4.721133797638,5.));
#4015 = CARTESIAN_POINT('',(-0.390758184155,-4.472377611232,5.));
#4016 = CARTESIAN_POINT('',(-0.394564917215,-4.210168466069,5.));
#4017 = PCURVE('',#110,#4018);
#4018 = DEFINITIONAL_REPRESENTATION('',(#4019),#4024);
#4019 = B_SPLINE_CURVE_WITH_KNOTS('',3,(#4020,#4021,#4022,#4023),
  .UNSPECIFIED.,.F.,.F.,(4,4),(0.,1.),.PIECEWISE_BEZIER_KNOTS.);
#4020 = CARTESIAN_POINT('',(0.156322001299,-4.947531044057));
#4021 = CARTESIAN_POINT('',(0.280085772517,-4.721133797638));
#4022 = CARTESIAN_POINT('',(0.390758184155,-4.472377611232));
#4023 = CARTESIAN_POINT('',(0.394564917215,-4.210168466069));
#4024 = ( GEOMETRIC_REPRESENTATION_CONTEXT(2) 
PARAMETRIC_REPRESENTATION_CONTEXT() REPRESENTATION_CONTEXT('2D SPACE',''
  ) );
#4025 = PCURVE('',#2215,#4026);
#4026 = DEFINITIONAL_REPRESENTATION('',(#4027),#4031);
#4027 = LINE('',#4028,#4029);
#4028 = CARTESIAN_POINT('',(1.,0.));
#4029 = VECTOR('',#4030,1.);
#4030 = DIRECTION('',(0.,1.));
#4031 = ( GEOMETRIC_REPRESENTATION_CONTEXT(2) 
PARAMETRIC_REPRESENTATION_CONTEXT() REPRESENTATION_CONTEXT('2D SPACE',''
  ) );
#4032 = ORIENTED_EDGE('',*,*,#4033,.T.);
#4033 = EDGE_CURVE('',#4009,#4034,#4036,.T.);
#4034 = VERTEX_POINT('',#4035);
#4035 = CARTESIAN_POINT('',(-0.925760069578,-4.126035419159,5.));
#4036 = SURFACE_CURVE('',#4037,(#4042,#4050),.PCURVE_S1.);
#4037 = B_SPLINE_CURVE_WITH_KNOTS('',3,(#4038,#4039,#4040,#4041),
  .UNSPECIFIED.,.F.,.F.,(4,4),(0.,1.),.PIECEWISE_BEZIER_KNOTS.);
#4038 = CARTESIAN_POINT('',(-0.394564917215,-4.210168466069,5.));
#4039 = CARTESIAN_POINT('',(-0.313555514634,-3.850468501973,5.));
#4040 = CARTESIAN_POINT('',(-0.891651188002,-3.758907142292,5.));
#4041 = CARTESIAN_POINT('',(-0.925760069578,-4.126035419159,5.));
#4042 = PCURVE('',#110,#4043);
#4043 = DEFINITIONAL_REPRESENTATION('',(#4044),#4049);
#4044 = B_SPLINE_CURVE_WITH_KNOTS('',3,(#4045,#4046,#4047,#4048),
  .UNSPECIFIED.,.F.,.F.,(4,4),(0.,1.),.PIECEWISE_BEZIER_KNOTS.);
#4045 = CARTESIAN_POINT('',(0.394564917215,-4.210168466069));
#4046 = CARTESIAN_POINT('',(0.313555514634,-3.850468501973));
#4047 = CARTESIAN_POINT('',(0.891651188002,-3.758907142292));
#4048 = CARTESIAN_POINT('',(0.925760069578,-4.126035419159));
#4049 = ( GEOMETRIC_REPRESENTATION_CONTEXT(2) 
PARAMETRIC_REPRESENTATION_CONTEXT() REPRESENTATION_CONTEXT('2D SPACE',''
  ) );
#4050 = PCURVE('',#2181,#4051);
#4051 = DEFINITIONAL_REPRESENTATION('',(#4052),#4056);
#4052 = LINE('',#4053,#4054);
#4053 = CARTESIAN_POINT('',(1.,0.));
#4054 = VECTOR('',#4055,1.);
#4055 = DIRECTION('',(0.,1.));
#4056 = ( GEOMETRIC_REPRESENTATION_CONTEXT(2) 
PARAMETRIC_REPRESENTATION_CONTEXT() REPRESENTATION_CONTEXT('2D SPACE',''
  ) );
#4057 = ORIENTED_EDGE('',*,*,#4058,.T.);
#4058 = EDGE_CURVE('',#4034,#4059,#4061,.T.);
#4059 = VERTEX_POINT('',#4060);
#4060 = CARTESIAN_POINT('',(-1.380200114835,-4.753687794019,5.));
#4061 = SURFACE_CURVE('',#4062,(#4067,#4075),.PCURVE_S1.);
#4062 = B_SPLINE_CURVE_WITH_KNOTS('',3,(#4063,#4064,#4065,#4066),
  .UNSPECIFIED.,.F.,.F.,(4,4),(0.,1.),.PIECEWISE_BEZIER_KNOTS.);
#4063 = CARTESIAN_POINT('',(-0.925760069578,-4.126035419159,5.));
#4064 = CARTESIAN_POINT('',(-1.010407569796,-4.37423479009,5.));
#4065 = CARTESIAN_POINT('',(-1.192533177114,-4.576616326135,5.));
#4066 = CARTESIAN_POINT('',(-1.380200114835,-4.753687794019,5.));
#4067 = PCURVE('',#110,#4068);
#4068 = DEFINITIONAL_REPRESENTATION('',(#4069),#4074);
#4069 = B_SPLINE_CURVE_WITH_KNOTS('',3,(#4070,#4071,#4072,#4073),
  .UNSPECIFIED.,.F.,.F.,(4,4),(0.,1.),.PIECEWISE_BEZIER_KNOTS.);
#4070 = CARTESIAN_POINT('',(0.925760069578,-4.126035419159));
#4071 = CARTESIAN_POINT('',(1.010407569796,-4.37423479009));
#4072 = CARTESIAN_POINT('',(1.192533177114,-4.576616326135));
#4073 = CARTESIAN_POINT('',(1.380200114835,-4.753687794019));
#4074 = ( GEOMETRIC_REPRESENTATION_CONTEXT(2) 
PARAMETRIC_REPRESENTATION_CONTEXT() REPRESENTATION_CONTEXT('2D SPACE',''
  ) );
#4075 = PCURVE('',#2147,#4076);
#4076 = DEFINITIONAL_REPRESENTATION('',(#4077),#4081);
#4077 = LINE('',#4078,#4079);
#4078 = CARTESIAN_POINT('',(1.,0.));
#4079 = VECTOR('',#4080,1.);
#4080 = DIRECTION('',(0.,1.));
#4081 = ( GEOMETRIC_REPRESENTATION_CONTEXT(2) 
PARAMETRIC_REPRESENTATION_CONTEXT() REPRESENTATION_CONTEXT('2D SPACE',''
  ) );
#4082 = ORIENTED_EDGE('',*,*,#4083,.T.);
#4083 = EDGE_CURVE('',#4059,#4084,#4086,.T.);
#4084 = VERTEX_POINT('',#4085);
#4085 = CARTESIAN_POINT('',(-1.677542230787,-4.657075484027,5.));
#4086 = SURFACE_CURVE('',#4087,(#4092,#4100),.PCURVE_S1.);
#4087 = B_SPLINE_CURVE_WITH_KNOTS('',3,(#4088,#4089,#4090,#4091),
  .UNSPECIFIED.,.F.,.F.,(4,4),(0.,1.),.PIECEWISE_BEZIER_KNOTS.);
#4088 = CARTESIAN_POINT('',(-1.380200114835,-4.753687794019,5.));
#4089 = CARTESIAN_POINT('',(-1.480298445403,-4.724625185637,5.));
#4090 = CARTESIAN_POINT('',(-1.579478407649,-4.692399662432,5.));
#4091 = CARTESIAN_POINT('',(-1.677542230787,-4.657075484027,5.));
#4092 = PCURVE('',#110,#4093);
#4093 = DEFINITIONAL_REPRESENTATION('',(#4094),#4099);
#4094 = B_SPLINE_CURVE_WITH_KNOTS('',3,(#4095,#4096,#4097,#4098),
  .UNSPECIFIED.,.F.,.F.,(4,4),(0.,1.),.PIECEWISE_BEZIER_KNOTS.);
#4095 = CARTESIAN_POINT('',(1.380200114835,-4.753687794019));
#4096 = CARTESIAN_POINT('',(1.480298445403,-4.724625185637));
#4097 = CARTESIAN_POINT('',(1.579478407649,-4.692399662432));
#4098 = CARTESIAN_POINT('',(1.677542230787,-4.657075484027));
#4099 = ( GEOMETRIC_REPRESENTATION_CONTEXT(2) 
PARAMETRIC_REPRESENTATION_CONTEXT() REPRESENTATION_CONTEXT('2D SPACE',''
  ) );
#4100 = PCURVE('',#2113,#4101);
#4101 = DEFINITIONAL_REPRESENTATION('',(#4102),#4106);
#4102 = LINE('',#4103,#4104);
#4103 = CARTESIAN_POINT('',(1.,0.));
#4104 = VECTOR('',#4105,1.);
#4105 = DIRECTION('',(0.,1.));
#4106 = ( GEOMETRIC_REPRESENTATION_CONTEXT(2) 
PARAMETRIC_REPRESENTATION_CONTEXT() REPRESENTATION_CONTEXT('2D SPACE',''
  ) );
#4107 = ORIENTED_EDGE('',*,*,#4108,.T.);
#4108 = EDGE_CURVE('',#4084,#4109,#4111,.T.);
#4109 = VERTEX_POINT('',#4110);
#4110 = CARTESIAN_POINT('',(-1.676267140816,-3.882180889552,5.));
#4111 = SURFACE_CURVE('',#4112,(#4117,#4125),.PCURVE_S1.);
#4112 = B_SPLINE_CURVE_WITH_KNOTS('',3,(#4113,#4114,#4115,#4116),
  .UNSPECIFIED.,.F.,.F.,(4,4),(0.,1.),.PIECEWISE_BEZIER_KNOTS.);
#4113 = CARTESIAN_POINT('',(-1.677542230787,-4.657075484027,5.));
#4114 = CARTESIAN_POINT('',(-1.725287975262,-4.403513798954,5.));
#4115 = CARTESIAN_POINT('',(-1.753673804469,-4.1327329509,5.));
#4116 = CARTESIAN_POINT('',(-1.676267140816,-3.882180889552,5.));
#4117 = PCURVE('',#110,#4118);
#4118 = DEFINITIONAL_REPRESENTATION('',(#4119),#4124);
#4119 = B_SPLINE_CURVE_WITH_KNOTS('',3,(#4120,#4121,#4122,#4123),
  .UNSPECIFIED.,.F.,.F.,(4,4),(0.,1.),.PIECEWISE_BEZIER_KNOTS.);
#4120 = CARTESIAN_POINT('',(1.677542230787,-4.657075484027));
#4121 = CARTESIAN_POINT('',(1.725287975262,-4.403513798954));
#4122 = CARTESIAN_POINT('',(1.753673804469,-4.1327329509));
#4123 = CARTESIAN_POINT('',(1.676267140816,-3.882180889552));
#4124 = ( GEOMETRIC_REPRESENTATION_CONTEXT(2) 
PARAMETRIC_REPRESENTATION_CONTEXT() REPRESENTATION_CONTEXT('2D SPACE',''
  ) );
#4125 = PCURVE('',#2079,#4126);
#4126 = DEFINITIONAL_REPRESENTATION('',(#4127),#4131);
#4127 = LINE('',#4128,#4129);
#4128 = CARTESIAN_POINT('',(1.,0.));
#4129 = VECTOR('',#4130,1.);
#4130 = DIRECTION('',(0.,1.));
#4131 = ( GEOMETRIC_REPRESENTATION_CONTEXT(2) 
PARAMETRIC_REPRESENTATION_CONTEXT() REPRESENTATION_CONTEXT('2D SPACE',''
  ) );
#4132 = ORIENTED_EDGE('',*,*,#4133,.T.);
#4133 = EDGE_CURVE('',#4109,#4134,#4136,.T.);
#4134 = VERTEX_POINT('',#4135);
#4135 = CARTESIAN_POINT('',(-2.155465210611,-3.638017277642,5.));
#4136 = SURFACE_CURVE('',#4137,(#4142,#4150),.PCURVE_S1.);
#4137 = B_SPLINE_CURVE_WITH_KNOTS('',3,(#4138,#4139,#4140,#4141),
  .UNSPECIFIED.,.F.,.F.,(4,4),(0.,1.),.PIECEWISE_BEZIER_KNOTS.);
#4138 = CARTESIAN_POINT('',(-1.676267140816,-3.882180889552,5.));
#4139 = CARTESIAN_POINT('',(-1.488069218828,-3.565119176888,5.));
#4140 = CARTESIAN_POINT('',(-2.009576859857,-3.299397761678,5.));
#4141 = CARTESIAN_POINT('',(-2.155465210611,-3.638017277642,5.));
#4142 = PCURVE('',#110,#4143);
#4143 = DEFINITIONAL_REPRESENTATION('',(#4144),#4149);
#4144 = B_SPLINE_CURVE_WITH_KNOTS('',3,(#4145,#4146,#4147,#4148),
  .UNSPECIFIED.,.F.,.F.,(4,4),(0.,1.),.PIECEWISE_BEZIER_KNOTS.);
#4145 = CARTESIAN_POINT('',(1.676267140816,-3.882180889552));
#4146 = CARTESIAN_POINT('',(1.488069218828,-3.565119176888));
#4147 = CARTESIAN_POINT('',(2.009576859857,-3.299397761678));
#4148 = CARTESIAN_POINT('',(2.155465210611,-3.638017277642));
#4149 = ( GEOMETRIC_REPRESENTATION_CONTEXT(2) 
PARAMETRIC_REPRESENTATION_CONTEXT() REPRESENTATION_CONTEXT('2D SPACE',''
  ) );
#4150 = PCURVE('',#2045,#4151);
#4151 = DEFINITIONAL_REPRESENTATION('',(#4152),#4156);
#4152 = LINE('',#4153,#4154);
#4153 = CARTESIAN_POINT('',(1.,0.));
#4154 = VECTOR('',#4155,1.);
#4155 = DIRECTION('',(0.,1.));
#4156 = ( GEOMETRIC_REPRESENTATION_CONTEXT(2) 
PARAMETRIC_REPRESENTATION_CONTEXT() REPRESENTATION_CONTEXT('2D SPACE',''
  ) );
#4157 = ORIENTED_EDGE('',*,*,#4158,.T.);
#4158 = EDGE_CURVE('',#4134,#4159,#4161,.T.);
#4159 = VERTEX_POINT('',#4160);
#4160 = CARTESIAN_POINT('',(-2.78161862731,-4.094520461813,5.));
#4161 = SURFACE_CURVE('',#4162,(#4167,#4175),.PCURVE_S1.);
#4162 = B_SPLINE_CURVE_WITH_KNOTS('',3,(#4163,#4164,#4165,#4166),
  .UNSPECIFIED.,.F.,.F.,(4,4),(0.,1.),.PIECEWISE_BEZIER_KNOTS.);
#4163 = CARTESIAN_POINT('',(-2.155465210611,-3.638017277642,5.));
#4164 = CARTESIAN_POINT('',(-2.312667590893,-3.847911390608,5.));
#4165 = CARTESIAN_POINT('',(-2.548418670502,-3.984107761469,5.));
#4166 = CARTESIAN_POINT('',(-2.78161862731,-4.094520461813,5.));
#4167 = PCURVE('',#110,#4168);
#4168 = DEFINITIONAL_REPRESENTATION('',(#4169),#4174);
#4169 = B_SPLINE_CURVE_WITH_KNOTS('',3,(#4170,#4171,#4172,#4173),
  .UNSPECIFIED.,.F.,.F.,(4,4),(0.,1.),.PIECEWISE_BEZIER_KNOTS.);
#4170 = CARTESIAN_POINT('',(2.155465210611,-3.638017277642));
#4171 = CARTESIAN_POINT('',(2.312667590893,-3.847911390608));
#4172 = CARTESIAN_POINT('',(2.548418670502,-3.984107761469));
#4173 = CARTESIAN_POINT('',(2.78161862731,-4.094520461813));
#4174 = ( GEOMETRIC_REPRESENTATION_CONTEXT(2) 
PARAMETRIC_REPRESENTATION_CONTEXT() REPRESENTATION_CONTEXT('2D SPACE',''
  ) );
#4175 = PCURVE('',#2011,#4176);
#4176 = DEFINITIONAL_REPRESENTATION('',(#4177),#4181);
#4177 = LINE('',#4178,#4179);
#4178 = CARTESIAN_POINT('',(1.,0.));
#4179 = VECTOR('',#4180,1.);
#4180 = DIRECTION('',(0.,1.));
#4181 = ( GEOMETRIC_REPRESENTATION_CONTEXT(2) 
PARAMETRIC_REPRESENTATION_CONTEXT() REPRESENTATION_CONTEXT('2D SPACE',''
  ) );
#4182 = ORIENTED_EDGE('',*,*,#4183,.T.);
#4183 = EDGE_CURVE('',#4159,#4184,#4186,.T.);
#4184 = VERTEX_POINT('',#4185);
#4185 = CARTESIAN_POINT('',(-3.034552938602,-3.910752927867,5.));
#4186 = SURFACE_CURVE('',#4187,(#4192,#4200),.PCURVE_S1.);
#4187 = B_SPLINE_CURVE_WITH_KNOTS('',3,(#4188,#4189,#4190,#4191),
  .UNSPECIFIED.,.F.,.F.,(4,4),(0.,1.),.PIECEWISE_BEZIER_KNOTS.);
#4188 = CARTESIAN_POINT('',(-2.78161862731,-4.094520461813,5.));
#4189 = CARTESIAN_POINT('',(-2.867836956976,-4.035948193476,5.));
#4190 = CARTESIAN_POINT('',(-2.952204472033,-3.974651605805,5.));
#4191 = CARTESIAN_POINT('',(-3.034552938602,-3.910752927867,5.));
#4192 = PCURVE('',#110,#4193);
#4193 = DEFINITIONAL_REPRESENTATION('',(#4194),#4199);
#4194 = B_SPLINE_CURVE_WITH_KNOTS('',3,(#4195,#4196,#4197,#4198),
  .UNSPECIFIED.,.F.,.F.,(4,4),(0.,1.),.PIECEWISE_BEZIER_KNOTS.);
#4195 = CARTESIAN_POINT('',(2.78161862731,-4.094520461813));
#4196 = CARTESIAN_POINT('',(2.867836956976,-4.035948193476));
#4197 = CARTESIAN_POINT('',(2.952204472033,-3.974651605805));
#4198 = CARTESIAN_POINT('',(3.034552938602,-3.910752927867));
#4199 = ( GEOMETRIC_REPRESENTATION_CONTEXT(2) 
PARAMETRIC_REPRESENTATION_CONTEXT() REPRESENTATION_CONTEXT('2D SPACE',''
  ) );
#4200 = PCURVE('',#1977,#4201);
#4201 = DEFINITIONAL_REPRESENTATION('',(#4202),#4206);
#4202 = LINE('',#4203,#4204);
#4203 = CARTESIAN_POINT('',(1.,0.));
#4204 = VECTOR('',#4205,1.);
#4205 = DIRECTION('',(0.,1.));
#4206 = ( GEOMETRIC_REPRESENTATION_CONTEXT(2) 
PARAMETRIC_REPRESENTATION_CONTEXT() REPRESENTATION_CONTEXT('2D SPACE',''
  ) );
#4207 = ORIENTED_EDGE('',*,*,#4208,.T.);
#4208 = EDGE_CURVE('',#4184,#4209,#4211,.T.);
#4209 = VERTEX_POINT('',#4210);
#4210 = CARTESIAN_POINT('',(-2.793884657433,-3.174178398821,5.));
#4211 = SURFACE_CURVE('',#4212,(#4217,#4225),.PCURVE_S1.);
#4212 = B_SPLINE_CURVE_WITH_KNOTS('',3,(#4213,#4214,#4215,#4216),
  .UNSPECIFIED.,.F.,.F.,(4,4),(0.,1.),.PIECEWISE_BEZIER_KNOTS.);
#4213 = CARTESIAN_POINT('',(-3.034552938602,-3.910752927867,5.));
#4214 = CARTESIAN_POINT('',(-3.0016069702,-3.654847188544,5.));
#4215 = CARTESIAN_POINT('',(-2.944927614238,-3.38854759489,5.));
#4216 = CARTESIAN_POINT('',(-2.793884657433,-3.174178398821,5.));
#4217 = PCURVE('',#110,#4218);
#4218 = DEFINITIONAL_REPRESENTATION('',(#4219),#4224);
#4219 = B_SPLINE_CURVE_WITH_KNOTS('',3,(#4220,#4221,#4222,#4223),
  .UNSPECIFIED.,.F.,.F.,(4,4),(0.,1.),.PIECEWISE_BEZIER_KNOTS.);
#4220 = CARTESIAN_POINT('',(3.034552938602,-3.910752927867));
#4221 = CARTESIAN_POINT('',(3.0016069702,-3.654847188544));
#4222 = CARTESIAN_POINT('',(2.944927614238,-3.38854759489));
#4223 = CARTESIAN_POINT('',(2.793884657433,-3.174178398821));
#4224 = ( GEOMETRIC_REPRESENTATION_CONTEXT(2) 
PARAMETRIC_REPRESENTATION_CONTEXT() REPRESENTATION_CONTEXT('2D SPACE',''
  ) );
#4225 = PCURVE('',#1943,#4226);
#4226 = DEFINITIONAL_REPRESENTATION('',(#4227),#4231);
#4227 = LINE('',#4228,#4229);
#4228 = CARTESIAN_POINT('',(1.,0.));
#4229 = VECTOR('',#4230,1.);
#4230 = DIRECTION('',(0.,1.));
#4231 = ( GEOMETRIC_REPRESENTATION_CONTEXT(2) 
PARAMETRIC_REPRESENTATION_CONTEXT() REPRESENTATION_CONTEXT('2D SPACE',''
  ) );
#4232 = ORIENTED_EDGE('',*,*,#4233,.T.);
#4233 = EDGE_CURVE('',#4209,#4234,#4236,.T.);
#4234 = VERTEX_POINT('',#4235);
#4235 = CARTESIAN_POINT('',(-3.174178398821,-2.793884657433,5.));
#4236 = SURFACE_CURVE('',#4237,(#4242,#4250),.PCURVE_S1.);
#4237 = B_SPLINE_CURVE_WITH_KNOTS('',3,(#4238,#4239,#4240,#4241),
  .UNSPECIFIED.,.F.,.F.,(4,4),(0.,1.),.PIECEWISE_BEZIER_KNOTS.);
#4238 = CARTESIAN_POINT('',(-2.793884657433,-3.174178398821,5.));
#4239 = CARTESIAN_POINT('',(-2.516920339895,-2.930791147124,5.));
#4240 = CARTESIAN_POINT('',(-2.930791147124,-2.516920339895,5.));
#4241 = CARTESIAN_POINT('',(-3.174178398821,-2.793884657433,5.));
#4242 = PCURVE('',#110,#4243);
#4243 = DEFINITIONAL_REPRESENTATION('',(#4244),#4249);
#4244 = B_SPLINE_CURVE_WITH_KNOTS('',3,(#4245,#4246,#4247,#4248),
  .UNSPECIFIED.,.F.,.F.,(4,4),(0.,1.),.PIECEWISE_BEZIER_KNOTS.);
#4245 = CARTESIAN_POINT('',(2.793884657433,-3.174178398821));
#4246 = CARTESIAN_POINT('',(2.516920339895,-2.930791147124));
#4247 = CARTESIAN_POINT('',(2.930791147124,-2.516920339895));
#4248 = CARTESIAN_POINT('',(3.174178398821,-2.793884657433));
#4249 = ( GEOMETRIC_REPRESENTATION_CONTEXT(2) 
PARAMETRIC_REPRESENTATION_CONTEXT() REPRESENTATION_CONTEXT('2D SPACE',''
  ) );
#4250 = PCURVE('',#1909,#4251);
#4251 = DEFINITIONAL_REPRESENTATION('',(#4252),#4256);
#4252 = LINE('',#4253,#4254);
#4253 = CARTESIAN_POINT('',(1.,0.));
#4254 = VECTOR('',#4255,1.);
#4255 = DIRECTION('',(0.,1.));
#4256 = ( GEOMETRIC_REPRESENTATION_CONTEXT(2) 
PARAMETRIC_REPRESENTATION_CONTEXT() REPRESENTATION_CONTEXT('2D SPACE',''
  ) );
#4257 = ORIENTED_EDGE('',*,*,#4258,.T.);
#4258 = EDGE_CURVE('',#4234,#4259,#4261,.T.);
#4259 = VERTEX_POINT('',#4260);
#4260 = CARTESIAN_POINT('',(-3.910752927867,-3.034552938602,5.));
#4261 = SURFACE_CURVE('',#4262,(#4267,#4275),.PCURVE_S1.);
#4262 = B_SPLINE_CURVE_WITH_KNOTS('',3,(#4263,#4264,#4265,#4266),
  .UNSPECIFIED.,.F.,.F.,(4,4),(0.,1.),.PIECEWISE_BEZIER_KNOTS.);
#4263 = CARTESIAN_POINT('',(-3.174178398821,-2.793884657433,5.));
#4264 = CARTESIAN_POINT('',(-3.38854759489,-2.944927614238,5.));
#4265 = CARTESIAN_POINT('',(-3.654847188544,-3.0016069702,5.));
#4266 = CARTESIAN_POINT('',(-3.910752927867,-3.034552938602,5.));
#4267 = PCURVE('',#110,#4268);
#4268 = DEFINITIONAL_REPRESENTATION('',(#4269),#4274);
#4269 = B_SPLINE_CURVE_WITH_KNOTS('',3,(#4270,#4271,#4272,#4273),
  .UNSPECIFIED.,.F.,.F.,(4,4),(0.,1.),.PIECEWISE_BEZIER_KNOTS.);
#4270 = CARTESIAN_POINT('',(3.174178398821,-2.793884657433));
#4271 = CARTESIAN_POINT('',(3.38854759489,-2.944927614238));
#4272 = CARTESIAN_POINT('',(3.654847188544,-3.0016069702));
#4273 = CARTESIAN_POINT('',(3.910752927867,-3.034552938602));
#4274 = ( GEOMETRIC_REPRESENTATION_CONTEXT(2) 
PARAMETRIC_REPRESENTATION_CONTEXT() REPRESENTATION_CONTEXT('2D SPACE',''
  ) );
#4275 = PCURVE('',#1875,#4276);
#4276 = DEFINITIONAL_REPRESENTATION('',(#4277),#4281);
#4277 = LINE('',#4278,#4279);
#4278 = CARTESIAN_POINT('',(1.,0.));
#4279 = VECTOR('',#4280,1.);
#4280 = DIRECTION('',(0.,1.));
#4281 = ( GEOMETRIC_REPRESENTATION_CONTEXT(2) 
PARAMETRIC_REPRESENTATION_CONTEXT() REPRESENTATION_CONTEXT('2D SPACE',''
  ) );
#4282 = ORIENTED_EDGE('',*,*,#4283,.T.);
#4283 = EDGE_CURVE('',#4259,#4284,#4286,.T.);
#4284 = VERTEX_POINT('',#4285);
#4285 = CARTESIAN_POINT('',(-4.094520461813,-2.78161862731,5.));
#4286 = SURFACE_CURVE('',#4287,(#4292,#4300),.PCURVE_S1.);
#4287 = B_SPLINE_CURVE_WITH_KNOTS('',3,(#4288,#4289,#4290,#4291),
  .UNSPECIFIED.,.F.,.F.,(4,4),(0.,1.),.PIECEWISE_BEZIER_KNOTS.);
#4288 = CARTESIAN_POINT('',(-3.910752927867,-3.034552938602,5.));
#4289 = CARTESIAN_POINT('',(-3.974651605805,-2.952204472033,5.));
#4290 = CARTESIAN_POINT('',(-4.035948193476,-2.867836956976,5.));
#4291 = CARTESIAN_POINT('',(-4.094520461813,-2.78161862731,5.));
#4292 = PCURVE('',#110,#4293);
#4293 = DEFINITIONAL_REPRESENTATION('',(#4294),#4299);
#4294 = B_SPLINE_CURVE_WITH_KNOTS('',3,(#4295,#4296,#4297,#4298),
  .UNSPECIFIED.,.F.,.F.,(4,4),(0.,1.),.PIECEWISE_BEZIER_KNOTS.);
#4295 = CARTESIAN_POINT('',(3.910752927867,-3.034552938602));
#4296 = CARTESIAN_POINT('',(3.974651605805,-2.952204472033));
#4297 = CARTESIAN_POINT('',(4.035948193476,-2.867836956976));
#4298 = CARTESIAN_POINT('',(4.094520461813,-2.78161862731));
#4299 = ( GEOMETRIC_REPRESENTATION_CONTEXT(2) 
PARAMETRIC_REPRESENTATION_CONTEXT() REPRESENTATION_CONTEXT('2D SPACE',''
  ) );
#4300 = PCURVE('',#1841,#4301);
#4301 = DEFINITIONAL_REPRESENTATION('',(#4302),#4306);
#4302 = LINE('',#4303,#4304);
#4303 = CARTESIAN_POINT('',(1.,0.));
#4304 = VECTOR('',#4305,1.);
#4305 = DIRECTION('',(0.,1.));
#4306 = ( GEOMETRIC_REPRESENTATION_CONTEXT(2) 
PARAMETRIC_REPRESENTATION_CONTEXT() REPRESENTATION_CONTEXT('2D SPACE',''
  ) );
#4307 = ORIENTED_EDGE('',*,*,#4308,.T.);
#4308 = EDGE_CURVE('',#4284,#4309,#4311,.T.);
#4309 = VERTEX_POINT('',#4310);
#4310 = CARTESIAN_POINT('',(-3.638017277642,-2.155465210611,5.));
#4311 = SURFACE_CURVE('',#4312,(#4317,#4325),.PCURVE_S1.);
#4312 = B_SPLINE_CURVE_WITH_KNOTS('',3,(#4313,#4314,#4315,#4316),
  .UNSPECIFIED.,.F.,.F.,(4,4),(0.,1.),.PIECEWISE_BEZIER_KNOTS.);
#4313 = CARTESIAN_POINT('',(-4.094520461813,-2.78161862731,5.));
#4314 = CARTESIAN_POINT('',(-3.984107761469,-2.548418670502,5.));
#4315 = CARTESIAN_POINT('',(-3.847911390608,-2.312667590893,5.));
#4316 = CARTESIAN_POINT('',(-3.638017277642,-2.155465210611,5.));
#4317 = PCURVE('',#110,#4318);
#4318 = DEFINITIONAL_REPRESENTATION('',(#4319),#4324);
#4319 = B_SPLINE_CURVE_WITH_KNOTS('',3,(#4320,#4321,#4322,#4323),
  .UNSPECIFIED.,.F.,.F.,(4,4),(0.,1.),.PIECEWISE_BEZIER_KNOTS.);
#4320 = CARTESIAN_POINT('',(4.094520461813,-2.78161862731));
#4321 = CARTESIAN_POINT('',(3.984107761469,-2.548418670502));
#4322 = CARTESIAN_POINT('',(3.847911390608,-2.312667590893));
#4323 = CARTESIAN_POINT('',(3.638017277642,-2.155465210611));
#4324 = ( GEOMETRIC_REPRESENTATION_CONTEXT(2) 
PARAMETRIC_REPRESENTATION_CONTEXT() REPRESENTATION_CONTEXT('2D SPACE',''
  ) );
#4325 = PCURVE('',#1807,#4326);
#4326 = DEFINITIONAL_REPRESENTATION('',(#4327),#4331);
#4327 = LINE('',#4328,#4329);
#4328 = CARTESIAN_POINT('',(1.,0.));
#4329 = VECTOR('',#4330,1.);
#4330 = DIRECTION('',(0.,1.));
#4331 = ( GEOMETRIC_REPRESENTATION_CONTEXT(2) 
PARAMETRIC_REPRESENTATION_CONTEXT() REPRESENTATION_CONTEXT('2D SPACE',''
  ) );
#4332 = ORIENTED_EDGE('',*,*,#4333,.T.);
#4333 = EDGE_CURVE('',#4309,#4334,#4336,.T.);
#4334 = VERTEX_POINT('',#4335);
#4335 = CARTESIAN_POINT('',(-3.882180889552,-1.676267140816,5.));
#4336 = SURFACE_CURVE('',#4337,(#4342,#4350),.PCURVE_S1.);
#4337 = B_SPLINE_CURVE_WITH_KNOTS('',3,(#4338,#4339,#4340,#4341),
  .UNSPECIFIED.,.F.,.F.,(4,4),(0.,1.),.PIECEWISE_BEZIER_KNOTS.);
#4338 = CARTESIAN_POINT('',(-3.638017277642,-2.155465210611,5.));
#4339 = CARTESIAN_POINT('',(-3.299397761678,-2.009576859857,5.));
#4340 = CARTESIAN_POINT('',(-3.565119176888,-1.488069218828,5.));
#4341 = CARTESIAN_POINT('',(-3.882180889552,-1.676267140816,5.));
#4342 = PCURVE('',#110,#4343);
#4343 = DEFINITIONAL_REPRESENTATION('',(#4344),#4349);
#4344 = B_SPLINE_CURVE_WITH_KNOTS('',3,(#4345,#4346,#4347,#4348),
  .UNSPECIFIED.,.F.,.F.,(4,4),(0.,1.),.PIECEWISE_BEZIER_KNOTS.);
#4345 = CARTESIAN_POINT('',(3.638017277642,-2.155465210611));
#4346 = CARTESIAN_POINT('',(3.299397761678,-2.009576859857));
#4347 = CARTESIAN_POINT('',(3.565119176888,-1.488069218828));
#4348 = CARTESIAN_POINT('',(3.882180889552,-1.676267140816));
#4349 = ( GEOMETRIC_REPRESENTATION_CONTEXT(2) 
PARAMETRIC_REPRESENTATION_CONTEXT() REPRESENTATION_CONTEXT('2D SPACE',''
  ) );
#4350 = PCURVE('',#1773,#4351);
#4351 = DEFINITIONAL_REPRESENTATION('',(#4352),#4356);
#4352 = LINE('',#4353,#4354);
#4353 = CARTESIAN_POINT('',(1.,0.));
#4354 = VECTOR('',#4355,1.);
#4355 = DIRECTION('',(0.,1.));
#4356 = ( GEOMETRIC_REPRESENTATION_CONTEXT(2) 
PARAMETRIC_REPRESENTATION_CONTEXT() REPRESENTATION_CONTEXT('2D SPACE',''
  ) );
#4357 = ORIENTED_EDGE('',*,*,#4358,.T.);
#4358 = EDGE_CURVE('',#4334,#4359,#4361,.T.);
#4359 = VERTEX_POINT('',#4360);
#4360 = CARTESIAN_POINT('',(-4.657075484027,-1.677542230787,5.));
#4361 = SURFACE_CURVE('',#4362,(#4367,#4375),.PCURVE_S1.);
#4362 = B_SPLINE_CURVE_WITH_KNOTS('',3,(#4363,#4364,#4365,#4366),
  .UNSPECIFIED.,.F.,.F.,(4,4),(0.,1.),.PIECEWISE_BEZIER_KNOTS.);
#4363 = CARTESIAN_POINT('',(-3.882180889552,-1.676267140816,5.));
#4364 = CARTESIAN_POINT('',(-4.1327329509,-1.753673804469,5.));
#4365 = CARTESIAN_POINT('',(-4.403513798954,-1.725287975262,5.));
#4366 = CARTESIAN_POINT('',(-4.657075484027,-1.677542230787,5.));
#4367 = PCURVE('',#110,#4368);
#4368 = DEFINITIONAL_REPRESENTATION('',(#4369),#4374);
#4369 = B_SPLINE_CURVE_WITH_KNOTS('',3,(#4370,#4371,#4372,#4373),
  .UNSPECIFIED.,.F.,.F.,(4,4),(0.,1.),.PIECEWISE_BEZIER_KNOTS.);
#4370 = CARTESIAN_POINT('',(3.882180889552,-1.676267140816));
#4371 = CARTESIAN_POINT('',(4.1327329509,-1.753673804469));
#4372 = CARTESIAN_POINT('',(4.403513798954,-1.725287975262));
#4373 = CARTESIAN_POINT('',(4.657075484027,-1.677542230787));
#4374 = ( GEOMETRIC_REPRESENTATION_CONTEXT(2) 
PARAMETRIC_REPRESENTATION_CONTEXT() REPRESENTATION_CONTEXT('2D SPACE',''
  ) );
#4375 = PCURVE('',#1739,#4376);
#4376 = DEFINITIONAL_REPRESENTATION('',(#4377),#4381);
#4377 = LINE('',#4378,#4379);
#4378 = CARTESIAN_POINT('',(1.,0.));
#4379 = VECTOR('',#4380,1.);
#4380 = DIRECTION('',(0.,1.));
#4381 = ( GEOMETRIC_REPRESENTATION_CONTEXT(2) 
PARAMETRIC_REPRESENTATION_CONTEXT() REPRESENTATION_CONTEXT('2D SPACE',''
  ) );
#4382 = ORIENTED_EDGE('',*,*,#4383,.T.);
#4383 = EDGE_CURVE('',#4359,#4384,#4386,.T.);
#4384 = VERTEX_POINT('',#4385);
#4385 = CARTESIAN_POINT('',(-4.753687794019,-1.380200114835,5.));
#4386 = SURFACE_CURVE('',#4387,(#4392,#4400),.PCURVE_S1.);
#4387 = B_SPLINE_CURVE_WITH_KNOTS('',3,(#4388,#4389,#4390,#4391),
  .UNSPECIFIED.,.F.,.F.,(4,4),(0.,1.),.PIECEWISE_BEZIER_KNOTS.);
#4388 = CARTESIAN_POINT('',(-4.657075484027,-1.677542230787,5.));
#4389 = CARTESIAN_POINT('',(-4.692399662432,-1.579478407649,5.));
#4390 = CARTESIAN_POINT('',(-4.724625185637,-1.480298445403,5.));
#4391 = CARTESIAN_POINT('',(-4.753687794019,-1.380200114835,5.));
#4392 = PCURVE('',#110,#4393);
#4393 = DEFINITIONAL_REPRESENTATION('',(#4394),#4399);
#4394 = B_SPLINE_CURVE_WITH_KNOTS('',3,(#4395,#4396,#4397,#4398),
  .UNSPECIFIED.,.F.,.F.,(4,4),(0.,1.),.PIECEWISE_BEZIER_KNOTS.);
#4395 = CARTESIAN_POINT('',(4.657075484027,-1.677542230787));
#4396 = CARTESIAN_POINT('',(4.692399662432,-1.579478407649));
#4397 = CARTESIAN_POINT('',(4.724625185637,-1.480298445403));
#4398 = CARTESIAN_POINT('',(4.753687794019,-1.380200114835));
#4399 = ( GEOMETRIC_REPRESENTATION_CONTEXT(2) 
PARAMETRIC_REPRESENTATION_CONTEXT() REPRESENTATION_CONTEXT('2D SPACE',''
  ) );
#4400 = PCURVE('',#1705,#4401);
#4401 = DEFINITIONAL_REPRESENTATION('',(#4402),#4406);
#4402 = LINE('',#4403,#4404);
#4403 = CARTESIAN_POINT('',(1.,0.));
#4404 = VECTOR('',#4405,1.);
#4405 = DIRECTION('',(0.,1.));
#4406 = ( GEOMETRIC_REPRESENTATION_CONTEXT(2) 
PARAMETRIC_REPRESENTATION_CONTEXT() REPRESENTATION_CONTEXT('2D SPACE',''
  ) );
#4407 = ORIENTED_EDGE('',*,*,#4408,.T.);
#4408 = EDGE_CURVE('',#4384,#4409,#4411,.T.);
#4409 = VERTEX_POINT('',#4410);
#4410 = CARTESIAN_POINT('',(-4.126035419159,-0.925760069578,5.));
#4411 = SURFACE_CURVE('',#4412,(#4417,#4425),.PCURVE_S1.);
#4412 = B_SPLINE_CURVE_WITH_KNOTS('',3,(#4413,#4414,#4415,#4416),
  .UNSPECIFIED.,.F.,.F.,(4,4),(0.,1.),.PIECEWISE_BEZIER_KNOTS.);
#4413 = CARTESIAN_POINT('',(-4.753687794019,-1.380200114835,5.));
#4414 = CARTESIAN_POINT('',(-4.576616326135,-1.192533177114,5.));
#4415 = CARTESIAN_POINT('',(-4.37423479009,-1.010407569796,5.));
#4416 = CARTESIAN_POINT('',(-4.126035419159,-0.925760069578,5.));
#4417 = PCURVE('',#110,#4418);
#4418 = DEFINITIONAL_REPRESENTATION('',(#4419),#4424);
#4419 = B_SPLINE_CURVE_WITH_KNOTS('',3,(#4420,#4421,#4422,#4423),
  .UNSPECIFIED.,.F.,.F.,(4,4),(0.,1.),.PIECEWISE_BEZIER_KNOTS.);
#4420 = CARTESIAN_POINT('',(4.753687794019,-1.380200114835));
#4421 = CARTESIAN_POINT('',(4.576616326135,-1.192533177114));
#4422 = CARTESIAN_POINT('',(4.37423479009,-1.010407569796));
#4423 = CARTESIAN_POINT('',(4.126035419159,-0.925760069578));
#4424 = ( GEOMETRIC_REPRESENTATION_CONTEXT(2) 
PARAMETRIC_REPRESENTATION_CONTEXT() REPRESENTATION_CONTEXT('2D SPACE',''
  ) );
#4425 = PCURVE('',#1671,#4426);
#4426 = DEFINITIONAL_REPRESENTATION('',(#4427),#4431);
#4427 = LINE('',#4428,#4429);
#4428 = CARTESIAN_POINT('',(1.,0.));
#4429 = VECTOR('',#4430,1.);
#4430 = DIRECTION('',(0.,1.));
#4431 = ( GEOMETRIC_REPRESENTATION_CONTEXT(2) 
PARAMETRIC_REPRESENTATION_CONTEXT() REPRESENTATION_CONTEXT('2D SPACE',''
  ) );
#4432 = ORIENTED_EDGE('',*,*,#4433,.T.);
#4433 = EDGE_CURVE('',#4409,#4434,#4436,.T.);
#4434 = VERTEX_POINT('',#4435);
#4435 = CARTESIAN_POINT('',(-4.210168466069,-0.394564917215,5.));
#4436 = SURFACE_CURVE('',#4437,(#4442,#4450),.PCURVE_S1.);
#4437 = B_SPLINE_CURVE_WITH_KNOTS('',3,(#4438,#4439,#4440,#4441),
  .UNSPECIFIED.,.F.,.F.,(4,4),(0.,1.),.PIECEWISE_BEZIER_KNOTS.);
#4438 = CARTESIAN_POINT('',(-4.126035419159,-0.925760069578,5.));
#4439 = CARTESIAN_POINT('',(-3.758907142292,-0.891651188002,5.));
#4440 = CARTESIAN_POINT('',(-3.850468501973,-0.313555514634,5.));
#4441 = CARTESIAN_POINT('',(-4.210168466069,-0.394564917215,5.));
#4442 = PCURVE('',#110,#4443);
#4443 = DEFINITIONAL_REPRESENTATION('',(#4444),#4449);
#4444 = B_SPLINE_CURVE_WITH_KNOTS('',3,(#4445,#4446,#4447,#4448),
  .UNSPECIFIED.,.F.,.F.,(4,4),(0.,1.),.PIECEWISE_BEZIER_KNOTS.);
#4445 = CARTESIAN_POINT('',(4.126035419159,-0.925760069578));
#4446 = CARTESIAN_POINT('',(3.758907142292,-0.891651188002));
#4447 = CARTESIAN_POINT('',(3.850468501973,-0.313555514634));
#4448 = CARTESIAN_POINT('',(4.210168466069,-0.394564917215));
#4449 = ( GEOMETRIC_REPRESENTATION_CONTEXT(2) 
PARAMETRIC_REPRESENTATION_CONTEXT() REPRESENTATION_CONTEXT('2D SPACE',''
  ) );
#4450 = PCURVE('',#1637,#4451);
#4451 = DEFINITIONAL_REPRESENTATION('',(#4452),#4456);
#4452 = LINE('',#4453,#4454);
#4453 = CARTESIAN_POINT('',(1.,0.));
#4454 = VECTOR('',#4455,1.);
#4455 = DIRECTION('',(0.,1.));
#4456 = ( GEOMETRIC_REPRESENTATION_CONTEXT(2) 
PARAMETRIC_REPRESENTATION_CONTEXT() REPRESENTATION_CONTEXT('2D SPACE',''
  ) );
#4457 = ORIENTED_EDGE('',*,*,#4458,.T.);
#4458 = EDGE_CURVE('',#4434,#4459,#4461,.T.);
#4459 = VERTEX_POINT('',#4460);
#4460 = CARTESIAN_POINT('',(-4.947531044057,-0.156322001299,5.));
#4461 = SURFACE_CURVE('',#4462,(#4467,#4475),.PCURVE_S1.);
#4462 = B_SPLINE_CURVE_WITH_KNOTS('',3,(#4463,#4464,#4465,#4466),
  .UNSPECIFIED.,.F.,.F.,(4,4),(0.,1.),.PIECEWISE_BEZIER_KNOTS.);
#4463 = CARTESIAN_POINT('',(-4.210168466069,-0.394564917215,5.));
#4464 = CARTESIAN_POINT('',(-4.472377611232,-0.390758184155,5.));
#4465 = CARTESIAN_POINT('',(-4.721133797638,-0.280085772517,5.));
#4466 = CARTESIAN_POINT('',(-4.947531044057,-0.156322001299,5.));
#4467 = PCURVE('',#110,#4468);
#4468 = DEFINITIONAL_REPRESENTATION('',(#4469),#4474);
#4469 = B_SPLINE_CURVE_WITH_KNOTS('',3,(#4470,#4471,#4472,#4473),
  .UNSPECIFIED.,.F.,.F.,(4,4),(0.,1.),.PIECEWISE_BEZIER_KNOTS.);
#4470 = CARTESIAN_POINT('',(4.210168466069,-0.394564917215));
#4471 = CARTESIAN_POINT('',(4.472377611232,-0.390758184155));
#4472 = CARTESIAN_POINT('',(4.721133797638,-0.280085772517));
#4473 = CARTESIAN_POINT('',(4.947531044057,-0.156322001299));
#4474 = ( GEOMETRIC_REPRESENTATION_CONTEXT(2) 
PARAMETRIC_REPRESENTATION_CONTEXT() REPRESENTATION_CONTEXT('2D SPACE',''
  ) );
#4475 = PCURVE('',#1603,#4476);
#4476 = DEFINITIONAL_REPRESENTATION('',(#4477),#4481);
#4477 = LINE('',#4478,#4479);
#4478 = CARTESIAN_POINT('',(1.,0.));
#4479 = VECTOR('',#4480,1.);
#4480 = DIRECTION('',(0.,1.));
#4481 = ( GEOMETRIC_REPRESENTATION_CONTEXT(2) 
PARAMETRIC_REPRESENTATION_CONTEXT() REPRESENTATION_CONTEXT('2D SPACE',''
  ) );
#4482 = ORIENTED_EDGE('',*,*,#4483,.T.);
#4483 = EDGE_CURVE('',#4459,#4484,#4486,.T.);
#4484 = VERTEX_POINT('',#4485);
#4485 = CARTESIAN_POINT('',(-4.947531044057,0.156322001299,5.));
#4486 = SURFACE_CURVE('',#4487,(#4492,#4500),.PCURVE_S1.);
#4487 = B_SPLINE_CURVE_WITH_KNOTS('',3,(#4488,#4489,#4490,#4491),
  .UNSPECIFIED.,.F.,.F.,(4,4),(0.,1.),.PIECEWISE_BEZIER_KNOTS.);
#4488 = CARTESIAN_POINT('',(-4.947531044057,-0.156322001299,5.));
#4489 = CARTESIAN_POINT('',(-4.950822946229,-5.21419918516E-02,5.));
#4490 = CARTESIAN_POINT('',(-4.950822946229,5.21419918516E-02,5.));
#4491 = CARTESIAN_POINT('',(-4.947531044057,0.156322001299,5.));
#4492 = PCURVE('',#110,#4493);
#4493 = DEFINITIONAL_REPRESENTATION('',(#4494),#4499);
#4494 = B_SPLINE_CURVE_WITH_KNOTS('',3,(#4495,#4496,#4497,#4498),
  .UNSPECIFIED.,.F.,.F.,(4,4),(0.,1.),.PIECEWISE_BEZIER_KNOTS.);
#4495 = CARTESIAN_POINT('',(4.947531044057,-0.156322001299));
#4496 = CARTESIAN_POINT('',(4.950822946229,-5.21419918516E-02));
#4497 = CARTESIAN_POINT('',(4.950822946229,5.21419918516E-02));
#4498 = CARTESIAN_POINT('',(4.947531044057,0.156322001299));
#4499 = ( GEOMETRIC_REPRESENTATION_CONTEXT(2) 
PARAMETRIC_REPRESENTATION_CONTEXT() REPRESENTATION_CONTEXT('2D SPACE',''
  ) );
#4500 = PCURVE('',#1569,#4501);
#4501 = DEFINITIONAL_REPRESENTATION('',(#4502),#4506);
#4502 = LINE('',#4503,#4504);
#4503 = CARTESIAN_POINT('',(1.,0.));
#4504 = VECTOR('',#4505,1.);
#4505 = DIRECTION('',(0.,1.));
#4506 = ( GEOMETRIC_REPRESENTATION_CONTEXT(2) 
PARAMETRIC_REPRESENTATION_CONTEXT() REPRESENTATION_CONTEXT('2D SPACE',''
  ) );
#4507 = ORIENTED_EDGE('',*,*,#4508,.T.);
#4508 = EDGE_CURVE('',#4484,#4509,#4511,.T.);
#4509 = VERTEX_POINT('',#4510);
#4510 = CARTESIAN_POINT('',(-4.210168466069,0.394564917215,5.));
#4511 = SURFACE_CURVE('',#4512,(#4517,#4525),.PCURVE_S1.);
#4512 = B_SPLINE_CURVE_WITH_KNOTS('',3,(#4513,#4514,#4515,#4516),
  .UNSPECIFIED.,.F.,.F.,(4,4),(0.,1.),.PIECEWISE_BEZIER_KNOTS.);
#4513 = CARTESIAN_POINT('',(-4.947531044057,0.156322001299,5.));
#4514 = CARTESIAN_POINT('',(-4.721133797638,0.280085772517,5.));
#4515 = CARTESIAN_POINT('',(-4.472377611232,0.390758184155,5.));
#4516 = CARTESIAN_POINT('',(-4.210168466069,0.394564917215,5.));
#4517 = PCURVE('',#110,#4518);
#4518 = DEFINITIONAL_REPRESENTATION('',(#4519),#4524);
#4519 = B_SPLINE_CURVE_WITH_KNOTS('',3,(#4520,#4521,#4522,#4523),
  .UNSPECIFIED.,.F.,.F.,(4,4),(0.,1.),.PIECEWISE_BEZIER_KNOTS.);
#4520 = CARTESIAN_POINT('',(4.947531044057,0.156322001299));
#4521 = CARTESIAN_POINT('',(4.721133797638,0.280085772517));
#4522 = CARTESIAN_POINT('',(4.472377611232,0.390758184155));
#4523 = CARTESIAN_POINT('',(4.210168466069,0.394564917215));
#4524 = ( GEOMETRIC_REPRESENTATION_CONTEXT(2) 
PARAMETRIC_REPRESENTATION_CONTEXT() REPRESENTATION_CONTEXT('2D SPACE',''
  ) );
#4525 = PCURVE('',#1535,#4526);
#4526 = DEFINITIONAL_REPRESENTATION('',(#4527),#4531);
#4527 = LINE('',#4528,#4529);
#4528 = CARTESIAN_POINT('',(1.,0.));
#4529 = VECTOR('',#4530,1.);
#4530 = DIRECTION('',(0.,1.));
#4531 = ( GEOMETRIC_REPRESENTATION_CONTEXT(2) 
PARAMETRIC_REPRESENTATION_CONTEXT() REPRESENTATION_CONTEXT('2D SPACE',''
  ) );
#4532 = ORIENTED_EDGE('',*,*,#4533,.T.);
#4533 = EDGE_CURVE('',#4509,#4534,#4536,.T.);
#4534 = VERTEX_POINT('',#4535);
#4535 = CARTESIAN_POINT('',(-4.126035419159,0.925760069578,5.));
#4536 = SURFACE_CURVE('',#4537,(#4542,#4550),.PCURVE_S1.);
#4537 = B_SPLINE_CURVE_WITH_KNOTS('',3,(#4538,#4539,#4540,#4541),
  .UNSPECIFIED.,.F.,.F.,(4,4),(0.,1.),.PIECEWISE_BEZIER_KNOTS.);
#4538 = CARTESIAN_POINT('',(-4.210168466069,0.394564917215,5.));
#4539 = CARTESIAN_POINT('',(-3.850468501973,0.313555514634,5.));
#4540 = CARTESIAN_POINT('',(-3.758907142292,0.891651188002,5.));
#4541 = CARTESIAN_POINT('',(-4.126035419159,0.925760069578,5.));
#4542 = PCURVE('',#110,#4543);
#4543 = DEFINITIONAL_REPRESENTATION('',(#4544),#4549);
#4544 = B_SPLINE_CURVE_WITH_KNOTS('',3,(#4545,#4546,#4547,#4548),
  .UNSPECIFIED.,.F.,.F.,(4,4),(0.,1.),.PIECEWISE_BEZIER_KNOTS.);
#4545 = CARTESIAN_POINT('',(4.210168466069,0.394564917215));
#4546 = CARTESIAN_POINT('',(3.850468501973,0.313555514634));
#4547 = CARTESIAN_POINT('',(3.758907142292,0.891651188002));
#4548 = CARTESIAN_POINT('',(4.126035419159,0.925760069578));
#4549 = ( GEOMETRIC_REPRESENTATION_CONTEXT(2) 
PARAMETRIC_REPRESENTATION_CONTEXT() REPRESENTATION_CONTEXT('2D SPACE',''
  ) );
#4550 = PCURVE('',#1501,#4551);
#4551 = DEFINITIONAL_REPRESENTATION('',(#4552),#4556);
#4552 = LINE('',#4553,#4554);
#4553 = CARTESIAN_POINT('',(1.,0.));
#4554 = VECTOR('',#4555,1.);
#4555 = DIRECTION('',(0.,1.));
#4556 = ( GEOMETRIC_REPRESENTATION_CONTEXT(2) 
PARAMETRIC_REPRESENTATION_CONTEXT() REPRESENTATION_CONTEXT('2D SPACE',''
  ) );
#4557 = ORIENTED_EDGE('',*,*,#4558,.T.);
#4558 = EDGE_CURVE('',#4534,#4559,#4561,.T.);
#4559 = VERTEX_POINT('',#4560);
#4560 = CARTESIAN_POINT('',(-4.753687794019,1.380200114835,5.));
#4561 = SURFACE_CURVE('',#4562,(#4567,#4575),.PCURVE_S1.);
#4562 = B_SPLINE_CURVE_WITH_KNOTS('',3,(#4563,#4564,#4565,#4566),
  .UNSPECIFIED.,.F.,.F.,(4,4),(0.,1.),.PIECEWISE_BEZIER_KNOTS.);
#4563 = CARTESIAN_POINT('',(-4.126035419159,0.925760069578,5.));
#4564 = CARTESIAN_POINT('',(-4.37423479009,1.010407569796,5.));
#4565 = CARTESIAN_POINT('',(-4.576616326135,1.192533177114,5.));
#4566 = CARTESIAN_POINT('',(-4.753687794019,1.380200114835,5.));
#4567 = PCURVE('',#110,#4568);
#4568 = DEFINITIONAL_REPRESENTATION('',(#4569),#4574);
#4569 = B_SPLINE_CURVE_WITH_KNOTS('',3,(#4570,#4571,#4572,#4573),
  .UNSPECIFIED.,.F.,.F.,(4,4),(0.,1.),.PIECEWISE_BEZIER_KNOTS.);
#4570 = CARTESIAN_POINT('',(4.126035419159,0.925760069578));
#4571 = CARTESIAN_POINT('',(4.37423479009,1.010407569796));
#4572 = CARTESIAN_POINT('',(4.576616326135,1.192533177114));
#4573 = CARTESIAN_POINT('',(4.753687794019,1.380200114835));
#4574 = ( GEOMETRIC_REPRESENTATION_CONTEXT(2) 
PARAMETRIC_REPRESENTATION_CONTEXT() REPRESENTATION_CONTEXT('2D SPACE',''
  ) );
#4575 = PCURVE('',#1467,#4576);
#4576 = DEFINITIONAL_REPRESENTATION('',(#4577),#4581);
#4577 = LINE('',#4578,#4579);
#4578 = CARTESIAN_POINT('',(1.,0.));
#4579 = VECTOR('',#4580,1.);
#4580 = DIRECTION('',(0.,1.));
#4581 = ( GEOMETRIC_REPRESENTATION_CONTEXT(2) 
PARAMETRIC_REPRESENTATION_CONTEXT() REPRESENTATION_CONTEXT('2D SPACE',''
  ) );
#4582 = ORIENTED_EDGE('',*,*,#4583,.T.);
#4583 = EDGE_CURVE('',#4559,#4584,#4586,.T.);
#4584 = VERTEX_POINT('',#4585);
#4585 = CARTESIAN_POINT('',(-4.657075484027,1.677542230787,5.));
#4586 = SURFACE_CURVE('',#4587,(#4592,#4600),.PCURVE_S1.);
#4587 = B_SPLINE_CURVE_WITH_KNOTS('',3,(#4588,#4589,#4590,#4591),
  .UNSPECIFIED.,.F.,.F.,(4,4),(0.,1.),.PIECEWISE_BEZIER_KNOTS.);
#4588 = CARTESIAN_POINT('',(-4.753687794019,1.380200114835,5.));
#4589 = CARTESIAN_POINT('',(-4.724625185637,1.480298445403,5.));
#4590 = CARTESIAN_POINT('',(-4.692399662432,1.579478407649,5.));
#4591 = CARTESIAN_POINT('',(-4.657075484027,1.677542230787,5.));
#4592 = PCURVE('',#110,#4593);
#4593 = DEFINITIONAL_REPRESENTATION('',(#4594),#4599);
#4594 = B_SPLINE_CURVE_WITH_KNOTS('',3,(#4595,#4596,#4597,#4598),
  .UNSPECIFIED.,.F.,.F.,(4,4),(0.,1.),.PIECEWISE_BEZIER_KNOTS.);
#4595 = CARTESIAN_POINT('',(4.753687794019,1.380200114835));
#4596 = CARTESIAN_POINT('',(4.724625185637,1.480298445403));
#4597 = CARTESIAN_POINT('',(4.692399662432,1.579478407649));
#4598 = CARTESIAN_POINT('',(4.657075484027,1.677542230787));
#4599 = ( GEOMETRIC_REPRESENTATION_CONTEXT(2) 
PARAMETRIC_REPRESENTATION_CONTEXT() REPRESENTATION_CONTEXT('2D SPACE',''
  ) );
#4600 = PCURVE('',#1433,#4601);
#4601 = DEFINITIONAL_REPRESENTATION('',(#4602),#4606);
#4602 = LINE('',#4603,#4604);
#4603 = CARTESIAN_POINT('',(1.,0.));
#4604 = VECTOR('',#4605,1.);
#4605 = DIRECTION('',(0.,1.));
#4606 = ( GEOMETRIC_REPRESENTATION_CONTEXT(2) 
PARAMETRIC_REPRESENTATION_CONTEXT() REPRESENTATION_CONTEXT('2D SPACE',''
  ) );
#4607 = ORIENTED_EDGE('',*,*,#4608,.T.);
#4608 = EDGE_CURVE('',#4584,#4609,#4611,.T.);
#4609 = VERTEX_POINT('',#4610);
#4610 = CARTESIAN_POINT('',(-3.882180889552,1.676267140816,5.));
#4611 = SURFACE_CURVE('',#4612,(#4617,#4625),.PCURVE_S1.);
#4612 = B_SPLINE_CURVE_WITH_KNOTS('',3,(#4613,#4614,#4615,#4616),
  .UNSPECIFIED.,.F.,.F.,(4,4),(0.,1.),.PIECEWISE_BEZIER_KNOTS.);
#4613 = CARTESIAN_POINT('',(-4.657075484027,1.677542230787,5.));
#4614 = CARTESIAN_POINT('',(-4.403513798954,1.725287975262,5.));
#4615 = CARTESIAN_POINT('',(-4.1327329509,1.753673804469,5.));
#4616 = CARTESIAN_POINT('',(-3.882180889552,1.676267140816,5.));
#4617 = PCURVE('',#110,#4618);
#4618 = DEFINITIONAL_REPRESENTATION('',(#4619),#4624);
#4619 = B_SPLINE_CURVE_WITH_KNOTS('',3,(#4620,#4621,#4622,#4623),
  .UNSPECIFIED.,.F.,.F.,(4,4),(0.,1.),.PIECEWISE_BEZIER_KNOTS.);
#4620 = CARTESIAN_POINT('',(4.657075484027,1.677542230787));
#4621 = CARTESIAN_POINT('',(4.403513798954,1.725287975262));
#4622 = CARTESIAN_POINT('',(4.1327329509,1.753673804469));
#4623 = CARTESIAN_POINT('',(3.882180889552,1.676267140816));
#4624 = ( GEOMETRIC_REPRESENTATION_CONTEXT(2) 
PARAMETRIC_REPRESENTATION_CONTEXT() REPRESENTATION_CONTEXT('2D SPACE',''
  ) );
#4625 = PCURVE('',#1399,#4626);
#4626 = DEFINITIONAL_REPRESENTATION('',(#4627),#4631);
#4627 = LINE('',#4628,#4629);
#4628 = CARTESIAN_POINT('',(1.,0.));
#4629 = VECTOR('',#4630,1.);
#4630 = DIRECTION('',(0.,1.));
#4631 = ( GEOMETRIC_REPRESENTATION_CONTEXT(2) 
PARAMETRIC_REPRESENTATION_CONTEXT() REPRESENTATION_CONTEXT('2D SPACE',''
  ) );
#4632 = ORIENTED_EDGE('',*,*,#4633,.T.);
#4633 = EDGE_CURVE('',#4609,#4634,#4636,.T.);
#4634 = VERTEX_POINT('',#4635);
#4635 = CARTESIAN_POINT('',(-3.638017277642,2.155465210611,5.));
#4636 = SURFACE_CURVE('',#4637,(#4642,#4650),.PCURVE_S1.);
#4637 = B_SPLINE_CURVE_WITH_KNOTS('',3,(#4638,#4639,#4640,#4641),
  .UNSPECIFIED.,.F.,.F.,(4,4),(0.,1.),.PIECEWISE_BEZIER_KNOTS.);
#4638 = CARTESIAN_POINT('',(-3.882180889552,1.676267140816,5.));
#4639 = CARTESIAN_POINT('',(-3.565119176888,1.488069218828,5.));
#4640 = CARTESIAN_POINT('',(-3.299397761678,2.009576859857,5.));
#4641 = CARTESIAN_POINT('',(-3.638017277642,2.155465210611,5.));
#4642 = PCURVE('',#110,#4643);
#4643 = DEFINITIONAL_REPRESENTATION('',(#4644),#4649);
#4644 = B_SPLINE_CURVE_WITH_KNOTS('',3,(#4645,#4646,#4647,#4648),
  .UNSPECIFIED.,.F.,.F.,(4,4),(0.,1.),.PIECEWISE_BEZIER_KNOTS.);
#4645 = CARTESIAN_POINT('',(3.882180889552,1.676267140816));
#4646 = CARTESIAN_POINT('',(3.565119176888,1.488069218828));
#4647 = CARTESIAN_POINT('',(3.299397761678,2.009576859857));
#4648 = CARTESIAN_POINT('',(3.638017277642,2.155465210611));
#4649 = ( GEOMETRIC_REPRESENTATION_CONTEXT(2) 
PARAMETRIC_REPRESENTATION_CONTEXT() REPRESENTATION_CONTEXT('2D SPACE',''
  ) );
#4650 = PCURVE('',#1365,#4651);
#4651 = DEFINITIONAL_REPRESENTATION('',(#4652),#4656);
#4652 = LINE('',#4653,#4654);
#4653 = CARTESIAN_POINT('',(1.,0.));
#4654 = VECTOR('',#4655,1.);
#4655 = DIRECTION('',(0.,1.));
#4656 = ( GEOMETRIC_REPRESENTATION_CONTEXT(2) 
PARAMETRIC_REPRESENTATION_CONTEXT() REPRESENTATION_CONTEXT('2D SPACE',''
  ) );
#4657 = ORIENTED_EDGE('',*,*,#4658,.T.);
#4658 = EDGE_CURVE('',#4634,#4659,#4661,.T.);
#4659 = VERTEX_POINT('',#4660);
#4660 = CARTESIAN_POINT('',(-4.094520461813,2.78161862731,5.));
#4661 = SURFACE_CURVE('',#4662,(#4667,#4675),.PCURVE_S1.);
#4662 = B_SPLINE_CURVE_WITH_KNOTS('',3,(#4663,#4664,#4665,#4666),
  .UNSPECIFIED.,.F.,.F.,(4,4),(0.,1.),.PIECEWISE_BEZIER_KNOTS.);
#4663 = CARTESIAN_POINT('',(-3.638017277642,2.155465210611,5.));
#4664 = CARTESIAN_POINT('',(-3.847911390608,2.312667590893,5.));
#4665 = CARTESIAN_POINT('',(-3.984107761469,2.548418670502,5.));
#4666 = CARTESIAN_POINT('',(-4.094520461813,2.78161862731,5.));
#4667 = PCURVE('',#110,#4668);
#4668 = DEFINITIONAL_REPRESENTATION('',(#4669),#4674);
#4669 = B_SPLINE_CURVE_WITH_KNOTS('',3,(#4670,#4671,#4672,#4673),
  .UNSPECIFIED.,.F.,.F.,(4,4),(0.,1.),.PIECEWISE_BEZIER_KNOTS.);
#4670 = CARTESIAN_POINT('',(3.638017277642,2.155465210611));
#4671 = CARTESIAN_POINT('',(3.847911390608,2.312667590893));
#4672 = CARTESIAN_POINT('',(3.984107761469,2.548418670502));
#4673 = CARTESIAN_POINT('',(4.094520461813,2.78161862731));
#4674 = ( GEOMETRIC_REPRESENTATION_CONTEXT(2) 
PARAMETRIC_REPRESENTATION_CONTEXT() REPRESENTATION_CONTEXT('2D SPACE',''
  ) );
#4675 = PCURVE('',#1331,#4676);
#4676 = DEFINITIONAL_REPRESENTATION('',(#4677),#4681);
#4677 = LINE('',#4678,#4679);
#4678 = CARTESIAN_POINT('',(1.,0.));
#4679 = VECTOR('',#4680,1.);
#4680 = DIRECTION('',(0.,1.));
#4681 = ( GEOMETRIC_REPRESENTATION_CONTEXT(2) 
PARAMETRIC_REPRESENTATION_CONTEXT() REPRESENTATION_CONTEXT('2D SPACE',''
  ) );
#4682 = ORIENTED_EDGE('',*,*,#4683,.T.);
#4683 = EDGE_CURVE('',#4659,#4684,#4686,.T.);
#4684 = VERTEX_POINT('',#4685);
#4685 = CARTESIAN_POINT('',(-3.910752927867,3.034552938602,5.));
#4686 = SURFACE_CURVE('',#4687,(#4692,#4700),.PCURVE_S1.);
#4687 = B_SPLINE_CURVE_WITH_KNOTS('',3,(#4688,#4689,#4690,#4691),
  .UNSPECIFIED.,.F.,.F.,(4,4),(0.,1.),.PIECEWISE_BEZIER_KNOTS.);
#4688 = CARTESIAN_POINT('',(-4.094520461813,2.78161862731,5.));
#4689 = CARTESIAN_POINT('',(-4.035948193476,2.867836956976,5.));
#4690 = CARTESIAN_POINT('',(-3.974651605805,2.952204472033,5.));
#4691 = CARTESIAN_POINT('',(-3.910752927867,3.034552938602,5.));
#4692 = PCURVE('',#110,#4693);
#4693 = DEFINITIONAL_REPRESENTATION('',(#4694),#4699);
#4694 = B_SPLINE_CURVE_WITH_KNOTS('',3,(#4695,#4696,#4697,#4698),
  .UNSPECIFIED.,.F.,.F.,(4,4),(0.,1.),.PIECEWISE_BEZIER_KNOTS.);
#4695 = CARTESIAN_POINT('',(4.094520461813,2.78161862731));
#4696 = CARTESIAN_POINT('',(4.035948193476,2.867836956976));
#4697 = CARTESIAN_POINT('',(3.974651605805,2.952204472033));
#4698 = CARTESIAN_POINT('',(3.910752927867,3.034552938602));
#4699 = ( GEOMETRIC_REPRESENTATION_CONTEXT(2) 
PARAMETRIC_REPRESENTATION_CONTEXT() REPRESENTATION_CONTEXT('2D SPACE',''
  ) );
#4700 = PCURVE('',#1297,#4701);
#4701 = DEFINITIONAL_REPRESENTATION('',(#4702),#4706);
#4702 = LINE('',#4703,#4704);
#4703 = CARTESIAN_POINT('',(1.,0.));
#4704 = VECTOR('',#4705,1.);
#4705 = DIRECTION('',(0.,1.));
#4706 = ( GEOMETRIC_REPRESENTATION_CONTEXT(2) 
PARAMETRIC_REPRESENTATION_CONTEXT() REPRESENTATION_CONTEXT('2D SPACE',''
  ) );
#4707 = ORIENTED_EDGE('',*,*,#4708,.T.);
#4708 = EDGE_CURVE('',#4684,#4709,#4711,.T.);
#4709 = VERTEX_POINT('',#4710);
#4710 = CARTESIAN_POINT('',(-3.174178398821,2.793884657433,5.));
#4711 = SURFACE_CURVE('',#4712,(#4717,#4725),.PCURVE_S1.);
#4712 = B_SPLINE_CURVE_WITH_KNOTS('',3,(#4713,#4714,#4715,#4716),
  .UNSPECIFIED.,.F.,.F.,(4,4),(0.,1.),.PIECEWISE_BEZIER_KNOTS.);
#4713 = CARTESIAN_POINT('',(-3.910752927867,3.034552938602,5.));
#4714 = CARTESIAN_POINT('',(-3.654847188544,3.0016069702,5.));
#4715 = CARTESIAN_POINT('',(-3.38854759489,2.944927614238,5.));
#4716 = CARTESIAN_POINT('',(-3.174178398821,2.793884657433,5.));
#4717 = PCURVE('',#110,#4718);
#4718 = DEFINITIONAL_REPRESENTATION('',(#4719),#4724);
#4719 = B_SPLINE_CURVE_WITH_KNOTS('',3,(#4720,#4721,#4722,#4723),
  .UNSPECIFIED.,.F.,.F.,(4,4),(0.,1.),.PIECEWISE_BEZIER_KNOTS.);
#4720 = CARTESIAN_POINT('',(3.910752927867,3.034552938602));
#4721 = CARTESIAN_POINT('',(3.654847188544,3.0016069702));
#4722 = CARTESIAN_POINT('',(3.38854759489,2.944927614238));
#4723 = CARTESIAN_POINT('',(3.174178398821,2.793884657433));
#4724 = ( GEOMETRIC_REPRESENTATION_CONTEXT(2) 
PARAMETRIC_REPRESENTATION_CONTEXT() REPRESENTATION_CONTEXT('2D SPACE',''
  ) );
#4725 = PCURVE('',#1263,#4726);
#4726 = DEFINITIONAL_REPRESENTATION('',(#4727),#4731);
#4727 = LINE('',#4728,#4729);
#4728 = CARTESIAN_POINT('',(1.,0.));
#4729 = VECTOR('',#4730,1.);
#4730 = DIRECTION('',(0.,1.));
#4731 = ( GEOMETRIC_REPRESENTATION_CONTEXT(2) 
PARAMETRIC_REPRESENTATION_CONTEXT() REPRESENTATION_CONTEXT('2D SPACE',''
  ) );
#4732 = ORIENTED_EDGE('',*,*,#4733,.T.);
#4733 = EDGE_CURVE('',#4709,#4734,#4736,.T.);
#4734 = VERTEX_POINT('',#4735);
#4735 = CARTESIAN_POINT('',(-2.793884657433,3.174178398821,5.));
#4736 = SURFACE_CURVE('',#4737,(#4742,#4750),.PCURVE_S1.);
#4737 = B_SPLINE_CURVE_WITH_KNOTS('',3,(#4738,#4739,#4740,#4741),
  .UNSPECIFIED.,.F.,.F.,(4,4),(0.,1.),.PIECEWISE_BEZIER_KNOTS.);
#4738 = CARTESIAN_POINT('',(-3.174178398821,2.793884657433,5.));
#4739 = CARTESIAN_POINT('',(-2.930791147124,2.516920339895,5.));
#4740 = CARTESIAN_POINT('',(-2.516920339895,2.930791147124,5.));
#4741 = CARTESIAN_POINT('',(-2.793884657433,3.174178398821,5.));
#4742 = PCURVE('',#110,#4743);
#4743 = DEFINITIONAL_REPRESENTATION('',(#4744),#4749);
#4744 = B_SPLINE_CURVE_WITH_KNOTS('',3,(#4745,#4746,#4747,#4748),
  .UNSPECIFIED.,.F.,.F.,(4,4),(0.,1.),.PIECEWISE_BEZIER_KNOTS.);
#4745 = CARTESIAN_POINT('',(3.174178398821,2.793884657433));
#4746 = CARTESIAN_POINT('',(2.930791147124,2.516920339895));
#4747 = CARTESIAN_POINT('',(2.516920339895,2.930791147124));
#4748 = CARTESIAN_POINT('',(2.793884657433,3.174178398821));
#4749 = ( GEOMETRIC_REPRESENTATION_CONTEXT(2) 
PARAMETRIC_REPRESENTATION_CONTEXT() REPRESENTATION_CONTEXT('2D SPACE',''
  ) );
#4750 = PCURVE('',#1229,#4751);
#4751 = DEFINITIONAL_REPRESENTATION('',(#4752),#4756);
#4752 = LINE('',#4753,#4754);
#4753 = CARTESIAN_POINT('',(1.,0.));
#4754 = VECTOR('',#4755,1.);
#4755 = DIRECTION('',(0.,1.));
#4756 = ( GEOMETRIC_REPRESENTATION_CONTEXT(2) 
PARAMETRIC_REPRESENTATION_CONTEXT() REPRESENTATION_CONTEXT('2D SPACE',''
  ) );
#4757 = ORIENTED_EDGE('',*,*,#4758,.T.);
#4758 = EDGE_CURVE('',#4734,#4759,#4761,.T.);
#4759 = VERTEX_POINT('',#4760);
#4760 = CARTESIAN_POINT('',(-3.034552938602,3.910752927867,5.));
#4761 = SURFACE_CURVE('',#4762,(#4767,#4775),.PCURVE_S1.);
#4762 = B_SPLINE_CURVE_WITH_KNOTS('',3,(#4763,#4764,#4765,#4766),
  .UNSPECIFIED.,.F.,.F.,(4,4),(0.,1.),.PIECEWISE_BEZIER_KNOTS.);
#4763 = CARTESIAN_POINT('',(-2.793884657433,3.174178398821,5.));
#4764 = CARTESIAN_POINT('',(-2.944927614238,3.38854759489,5.));
#4765 = CARTESIAN_POINT('',(-3.0016069702,3.654847188544,5.));
#4766 = CARTESIAN_POINT('',(-3.034552938602,3.910752927867,5.));
#4767 = PCURVE('',#110,#4768);
#4768 = DEFINITIONAL_REPRESENTATION('',(#4769),#4774);
#4769 = B_SPLINE_CURVE_WITH_KNOTS('',3,(#4770,#4771,#4772,#4773),
  .UNSPECIFIED.,.F.,.F.,(4,4),(0.,1.),.PIECEWISE_BEZIER_KNOTS.);
#4770 = CARTESIAN_POINT('',(2.793884657433,3.174178398821));
#4771 = CARTESIAN_POINT('',(2.944927614238,3.38854759489));
#4772 = CARTESIAN_POINT('',(3.0016069702,3.654847188544));
#4773 = CARTESIAN_POINT('',(3.034552938602,3.910752927867));
#4774 = ( GEOMETRIC_REPRESENTATION_CONTEXT(2) 
PARAMETRIC_REPRESENTATION_CONTEXT() REPRESENTATION_CONTEXT('2D SPACE',''
  ) );
#4775 = PCURVE('',#1195,#4776);
#4776 = DEFINITIONAL_REPRESENTATION('',(#4777),#4781);
#4777 = LINE('',#4778,#4779);
#4778 = CARTESIAN_POINT('',(1.,0.));
#4779 = VECTOR('',#4780,1.);
#4780 = DIRECTION('',(0.,1.));
#4781 = ( GEOMETRIC_REPRESENTATION_CONTEXT(2) 
PARAMETRIC_REPRESENTATION_CONTEXT() REPRESENTATION_CONTEXT('2D SPACE',''
  ) );
#4782 = ORIENTED_EDGE('',*,*,#4783,.T.);
#4783 = EDGE_CURVE('',#4759,#4784,#4786,.T.);
#4784 = VERTEX_POINT('',#4785);
#4785 = CARTESIAN_POINT('',(-2.78161862731,4.094520461813,5.));
#4786 = SURFACE_CURVE('',#4787,(#4792,#4800),.PCURVE_S1.);
#4787 = B_SPLINE_CURVE_WITH_KNOTS('',3,(#4788,#4789,#4790,#4791),
  .UNSPECIFIED.,.F.,.F.,(4,4),(0.,1.),.PIECEWISE_BEZIER_KNOTS.);
#4788 = CARTESIAN_POINT('',(-3.034552938602,3.910752927867,5.));
#4789 = CARTESIAN_POINT('',(-2.952204472033,3.974651605805,5.));
#4790 = CARTESIAN_POINT('',(-2.867836956976,4.035948193476,5.));
#4791 = CARTESIAN_POINT('',(-2.78161862731,4.094520461813,5.));
#4792 = PCURVE('',#110,#4793);
#4793 = DEFINITIONAL_REPRESENTATION('',(#4794),#4799);
#4794 = B_SPLINE_CURVE_WITH_KNOTS('',3,(#4795,#4796,#4797,#4798),
  .UNSPECIFIED.,.F.,.F.,(4,4),(0.,1.),.PIECEWISE_BEZIER_KNOTS.);
#4795 = CARTESIAN_POINT('',(3.034552938602,3.910752927867));
#4796 = CARTESIAN_POINT('',(2.952204472033,3.974651605805));
#4797 = CARTESIAN_POINT('',(2.867836956976,4.035948193476));
#4798 = CARTESIAN_POINT('',(2.78161862731,4.094520461813));
#4799 = ( GEOMETRIC_REPRESENTATION_CONTEXT(2) 
PARAMETRIC_REPRESENTATION_CONTEXT() REPRESENTATION_CONTEXT('2D SPACE',''
  ) );
#4800 = PCURVE('',#1161,#4801);
#4801 = DEFINITIONAL_REPRESENTATION('',(#4802),#4806);
#4802 = LINE('',#4803,#4804);
#4803 = CARTESIAN_POINT('',(1.,0.));
#4804 = VECTOR('',#4805,1.);
#4805 = DIRECTION('',(0.,1.));
#4806 = ( GEOMETRIC_REPRESENTATION_CONTEXT(2) 
PARAMETRIC_REPRESENTATION_CONTEXT() REPRESENTATION_CONTEXT('2D SPACE',''
  ) );
#4807 = ORIENTED_EDGE('',*,*,#4808,.T.);
#4808 = EDGE_CURVE('',#4784,#4809,#4811,.T.);
#4809 = VERTEX_POINT('',#4810);
#4810 = CARTESIAN_POINT('',(-2.155465210611,3.638017277642,5.));
#4811 = SURFACE_CURVE('',#4812,(#4817,#4825),.PCURVE_S1.);
#4812 = B_SPLINE_CURVE_WITH_KNOTS('',3,(#4813,#4814,#4815,#4816),
  .UNSPECIFIED.,.F.,.F.,(4,4),(0.,1.),.PIECEWISE_BEZIER_KNOTS.);
#4813 = CARTESIAN_POINT('',(-2.78161862731,4.094520461813,5.));
#4814 = CARTESIAN_POINT('',(-2.548418670502,3.984107761469,5.));
#4815 = CARTESIAN_POINT('',(-2.312667590893,3.847911390608,5.));
#4816 = CARTESIAN_POINT('',(-2.155465210611,3.638017277642,5.));
#4817 = PCURVE('',#110,#4818);
#4818 = DEFINITIONAL_REPRESENTATION('',(#4819),#4824);
#4819 = B_SPLINE_CURVE_WITH_KNOTS('',3,(#4820,#4821,#4822,#4823),
  .UNSPECIFIED.,.F.,.F.,(4,4),(0.,1.),.PIECEWISE_BEZIER_KNOTS.);
#4820 = CARTESIAN_POINT('',(2.78161862731,4.094520461813));
#4821 = CARTESIAN_POINT('',(2.548418670502,3.984107761469));
#4822 = CARTESIAN_POINT('',(2.312667590893,3.847911390608));
#4823 = CARTESIAN_POINT('',(2.155465210611,3.638017277642));
#4824 = ( GEOMETRIC_REPRESENTATION_CONTEXT(2) 
PARAMETRIC_REPRESENTATION_CONTEXT() REPRESENTATION_CONTEXT('2D SPACE',''
  ) );
#4825 = PCURVE('',#1127,#4826);
#4826 = DEFINITIONAL_REPRESENTATION('',(#4827),#4831);
#4827 = LINE('',#4828,#4829);
#4828 = CARTESIAN_POINT('',(1.,0.));
#4829 = VECTOR('',#4830,1.);
#4830 = DIRECTION('',(0.,1.));
#4831 = ( GEOMETRIC_REPRESENTATION_CONTEXT(2) 
PARAMETRIC_REPRESENTATION_CONTEXT() REPRESENTATION_CONTEXT('2D SPACE',''
  ) );
#4832 = ORIENTED_EDGE('',*,*,#4833,.T.);
#4833 = EDGE_CURVE('',#4809,#2907,#4834,.T.);
#4834 = SURFACE_CURVE('',#4835,(#4840,#4848),.PCURVE_S1.);
#4835 = B_SPLINE_CURVE_WITH_KNOTS('',3,(#4836,#4837,#4838,#4839),
  .UNSPECIFIED.,.F.,.F.,(4,4),(0.,1.),.PIECEWISE_BEZIER_KNOTS.);
#4836 = CARTESIAN_POINT('',(-2.155465210611,3.638017277642,5.));
#4837 = CARTESIAN_POINT('',(-2.009576859857,3.299397761678,5.));
#4838 = CARTESIAN_POINT('',(-1.488069218828,3.565119176888,5.));
#4839 = CARTESIAN_POINT('',(-1.676267140816,3.882180889552,5.));
#4840 = PCURVE('',#110,#4841);
#4841 = DEFINITIONAL_REPRESENTATION('',(#4842),#4847);
#4842 = B_SPLINE_CURVE_WITH_KNOTS('',3,(#4843,#4844,#4845,#4846),
  .UNSPECIFIED.,.F.,.F.,(4,4),(0.,1.),.PIECEWISE_BEZIER_KNOTS.);
#4843 = CARTESIAN_POINT('',(2.155465210611,3.638017277642));
#4844 = CARTESIAN_POINT('',(2.009576859857,3.299397761678));
#4845 = CARTESIAN_POINT('',(1.488069218828,3.565119176888));
#4846 = CARTESIAN_POINT('',(1.676267140816,3.882180889552));
#4847 = ( GEOMETRIC_REPRESENTATION_CONTEXT(2) 
PARAMETRIC_REPRESENTATION_CONTEXT() REPRESENTATION_CONTEXT('2D SPACE',''
  ) );
#4848 = PCURVE('',#1093,#4849);
#4849 = DEFINITIONAL_REPRESENTATION('',(#4850),#4854);
#4850 = LINE('',#4851,#4852);
#4851 = CARTESIAN_POINT('',(1.,0.));
#4852 = VECTOR('',#4853,1.);
#4853 = DIRECTION('',(0.,1.));
#4854 = ( GEOMETRIC_REPRESENTATION_CONTEXT(2) 
PARAMETRIC_REPRESENTATION_CONTEXT() REPRESENTATION_CONTEXT('2D SPACE',''
  ) );
#4855 = FACE_BOUND('',#4856,.F.);
#4856 = EDGE_LOOP('',(#4857));
#4857 = ORIENTED_EDGE('',*,*,#4858,.F.);
#4858 = EDGE_CURVE('',#4859,#4859,#4861,.T.);
#4859 = VERTEX_POINT('',#4860);
#4860 = CARTESIAN_POINT('',(3.,0.,5.));
#4861 = SURFACE_CURVE('',#4862,(#4867,#4874),.PCURVE_S1.);
#4862 = CIRCLE('',#4863,3.);
#4863 = AXIS2_PLACEMENT_3D('',#4864,#4865,#4866);
#4864 = CARTESIAN_POINT('',(1.962817899804E-16,-1.110223024625E-16,5.));
#4865 = DIRECTION('',(0.,0.,-1.));
#4866 = DIRECTION('',(1.,-2.079219256753E-16,0.));
#4867 = PCURVE('',#110,#4868);
#4868 = DEFINITIONAL_REPRESENTATION('',(#4869),#4873);
#4869 = CIRCLE('',#4870,3.);
#4870 = AXIS2_PLACEMENT_2D('',#4871,#4872);
#4871 = CARTESIAN_POINT('',(-4.989925733665E-16,-1.009919408382E-15));
#4872 = DIRECTION('',(-1.,-2.079219256753E-16));
#4873 = ( GEOMETRIC_REPRESENTATION_CONTEXT(2) 
PARAMETRIC_REPRESENTATION_CONTEXT() REPRESENTATION_CONTEXT('2D SPACE',''
  ) );
#4874 = PCURVE('',#2841,#4875);
#4875 = DEFINITIONAL_REPRESENTATION('',(#4876),#4880);
#4876 = LINE('',#4877,#4878);
#4877 = CARTESIAN_POINT('',(-0.,-4.901646092458));
#4878 = VECTOR('',#4879,1.);
#4879 = DIRECTION('',(-1.,-0.));
#4880 = ( GEOMETRIC_REPRESENTATION_CONTEXT(2) 
PARAMETRIC_REPRESENTATION_CONTEXT() REPRESENTATION_CONTEXT('2D SPACE',''
  ) );
#4881 = ADVANCED_FACE('',(#4882),#136,.T.);
#4882 = FACE_BOUND('',#4883,.T.);
#4883 = EDGE_LOOP('',(#4884,#4885,#4886,#4887));
#4884 = ORIENTED_EDGE('',*,*,#2639,.F.);
#4885 = ORIENTED_EDGE('',*,*,#123,.T.);
#4886 = ORIENTED_EDGE('',*,*,#3683,.T.);
#4887 = ORIENTED_EDGE('',*,*,#4888,.F.);
#4888 = EDGE_CURVE('',#2606,#3684,#4889,.T.);
#4889 = SURFACE_CURVE('',#4890,(#4893,#4900),.PCURVE_S1.);
#4890 = B_SPLINE_CURVE_WITH_KNOTS('',1,(#4891,#4892),.UNSPECIFIED.,.F.,
  .F.,(2,2),(0.,1.),.PIECEWISE_BEZIER_KNOTS.);
#4891 = CARTESIAN_POINT('',(3.910752927867,-3.034552938602,0.));
#4892 = CARTESIAN_POINT('',(3.910752927867,-3.034552938602,5.));
#4893 = PCURVE('',#136,#4894);
#4894 = DEFINITIONAL_REPRESENTATION('',(#4895),#4899);
#4895 = LINE('',#4896,#4897);
#4896 = CARTESIAN_POINT('',(0.,1.));
#4897 = VECTOR('',#4898,1.);
#4898 = DIRECTION('',(1.,0.));
#4899 = ( GEOMETRIC_REPRESENTATION_CONTEXT(2) 
PARAMETRIC_REPRESENTATION_CONTEXT() REPRESENTATION_CONTEXT('2D SPACE',''
  ) );
#4900 = PCURVE('',#2623,#4901);
#4901 = DEFINITIONAL_REPRESENTATION('',(#4902),#4906);
#4902 = LINE('',#4903,#4904);
#4903 = CARTESIAN_POINT('',(0.,0.));
#4904 = VECTOR('',#4905,1.);
#4905 = DIRECTION('',(1.,0.));
#4906 = ( GEOMETRIC_REPRESENTATION_CONTEXT(2) 
PARAMETRIC_REPRESENTATION_CONTEXT() REPRESENTATION_CONTEXT('2D SPACE',''
  ) );
#4907 = ADVANCED_FACE('',(#4908),#175,.T.);
#4908 = FACE_BOUND('',#4909,.T.);
#4909 = EDGE_LOOP('',(#4910,#4911,#4931,#4932));
#4910 = ORIENTED_EDGE('',*,*,#155,.F.);
#4911 = ORIENTED_EDGE('',*,*,#4912,.T.);
#4912 = EDGE_CURVE('',#156,#3534,#4913,.T.);
#4913 = SURFACE_CURVE('',#4914,(#4917,#4924),.PCURVE_S1.);
#4914 = B_SPLINE_CURVE_WITH_KNOTS('',1,(#4915,#4916),.UNSPECIFIED.,.F.,
  .F.,(2,2),(0.,1.),.PIECEWISE_BEZIER_KNOTS.);
#4915 = CARTESIAN_POINT('',(4.947531044057,-0.156322001299,0.));
#4916 = CARTESIAN_POINT('',(4.947531044057,-0.156322001299,5.));
#4917 = PCURVE('',#175,#4918);
#4918 = DEFINITIONAL_REPRESENTATION('',(#4919),#4923);
#4919 = LINE('',#4920,#4921);
#4920 = CARTESIAN_POINT('',(0.,0.));
#4921 = VECTOR('',#4922,1.);
#4922 = DIRECTION('',(1.,0.));
#4923 = ( GEOMETRIC_REPRESENTATION_CONTEXT(2) 
PARAMETRIC_REPRESENTATION_CONTEXT() REPRESENTATION_CONTEXT('2D SPACE',''
  ) );
#4924 = PCURVE('',#209,#4925);
#4925 = DEFINITIONAL_REPRESENTATION('',(#4926),#4930);
#4926 = LINE('',#4927,#4928);
#4927 = CARTESIAN_POINT('',(0.,1.));
#4928 = VECTOR('',#4929,1.);
#4929 = DIRECTION('',(1.,0.));
#4930 = ( GEOMETRIC_REPRESENTATION_CONTEXT(2) 
PARAMETRIC_REPRESENTATION_CONTEXT() REPRESENTATION_CONTEXT('2D SPACE',''
  ) );
#4931 = ORIENTED_EDGE('',*,*,#3558,.T.);
#4932 = ORIENTED_EDGE('',*,*,#4933,.F.);
#4933 = EDGE_CURVE('',#158,#3559,#4934,.T.);
#4934 = SURFACE_CURVE('',#4935,(#4938,#4945),.PCURVE_S1.);
#4935 = B_SPLINE_CURVE_WITH_KNOTS('',1,(#4936,#4937),.UNSPECIFIED.,.F.,
  .F.,(2,2),(0.,1.),.PIECEWISE_BEZIER_KNOTS.);
#4936 = CARTESIAN_POINT('',(4.210168466069,-0.394564917215,0.));
#4937 = CARTESIAN_POINT('',(4.210168466069,-0.394564917215,5.));
#4938 = PCURVE('',#175,#4939);
#4939 = DEFINITIONAL_REPRESENTATION('',(#4940),#4944);
#4940 = LINE('',#4941,#4942);
#4941 = CARTESIAN_POINT('',(0.,1.));
#4942 = VECTOR('',#4943,1.);
#4943 = DIRECTION('',(1.,0.));
#4944 = ( GEOMETRIC_REPRESENTATION_CONTEXT(2) 
PARAMETRIC_REPRESENTATION_CONTEXT() REPRESENTATION_CONTEXT('2D SPACE',''
  ) );
#4945 = PCURVE('',#2806,#4946);
#4946 = DEFINITIONAL_REPRESENTATION('',(#4947),#4951);
#4947 = LINE('',#4948,#4949);
#4948 = CARTESIAN_POINT('',(0.,0.));
#4949 = VECTOR('',#4950,1.);
#4950 = DIRECTION('',(1.,0.));
#4951 = ( GEOMETRIC_REPRESENTATION_CONTEXT(2) 
PARAMETRIC_REPRESENTATION_CONTEXT() REPRESENTATION_CONTEXT('2D SPACE',''
  ) );
#4952 = ADVANCED_FACE('',(#4953),#209,.T.);
#4953 = FACE_BOUND('',#4954,.T.);
#4954 = EDGE_LOOP('',(#4955,#4956,#4976,#4977));
#4955 = ORIENTED_EDGE('',*,*,#191,.F.);
#4956 = ORIENTED_EDGE('',*,*,#4957,.T.);
#4957 = EDGE_CURVE('',#192,#3509,#4958,.T.);
#4958 = SURFACE_CURVE('',#4959,(#4962,#4969),.PCURVE_S1.);
#4959 = B_SPLINE_CURVE_WITH_KNOTS('',1,(#4960,#4961),.UNSPECIFIED.,.F.,
  .F.,(2,2),(0.,1.),.PIECEWISE_BEZIER_KNOTS.);
#4960 = CARTESIAN_POINT('',(4.947531044057,0.156322001299,0.));
#4961 = CARTESIAN_POINT('',(4.947531044057,0.156322001299,5.));
#4962 = PCURVE('',#209,#4963);
#4963 = DEFINITIONAL_REPRESENTATION('',(#4964),#4968);
#4964 = LINE('',#4965,#4966);
#4965 = CARTESIAN_POINT('',(0.,0.));
#4966 = VECTOR('',#4967,1.);
#4967 = DIRECTION('',(1.,0.));
#4968 = ( GEOMETRIC_REPRESENTATION_CONTEXT(2) 
PARAMETRIC_REPRESENTATION_CONTEXT() REPRESENTATION_CONTEXT('2D SPACE',''
  ) );
#4969 = PCURVE('',#243,#4970);
#4970 = DEFINITIONAL_REPRESENTATION('',(#4971),#4975);
#4971 = LINE('',#4972,#4973);
#4972 = CARTESIAN_POINT('',(0.,1.));
#4973 = VECTOR('',#4974,1.);
#4974 = DIRECTION('',(1.,0.));
#4975 = ( GEOMETRIC_REPRESENTATION_CONTEXT(2) 
PARAMETRIC_REPRESENTATION_CONTEXT() REPRESENTATION_CONTEXT('2D SPACE',''
  ) );
#4976 = ORIENTED_EDGE('',*,*,#3533,.T.);
#4977 = ORIENTED_EDGE('',*,*,#4912,.F.);
#4978 = ADVANCED_FACE('',(#4979),#2806,.T.);
#4979 = FACE_BOUND('',#4980,.T.);
#4980 = EDGE_LOOP('',(#4981,#4982,#4983,#4984));
#4981 = ORIENTED_EDGE('',*,*,#2790,.F.);
#4982 = ORIENTED_EDGE('',*,*,#4933,.T.);
#4983 = ORIENTED_EDGE('',*,*,#3583,.T.);
#4984 = ORIENTED_EDGE('',*,*,#4985,.F.);
#4985 = EDGE_CURVE('',#2757,#3584,#4986,.T.);
#4986 = SURFACE_CURVE('',#4987,(#4990,#4997),.PCURVE_S1.);
#4987 = B_SPLINE_CURVE_WITH_KNOTS('',1,(#4988,#4989),.UNSPECIFIED.,.F.,
  .F.,(2,2),(0.,1.),.PIECEWISE_BEZIER_KNOTS.);
#4988 = CARTESIAN_POINT('',(4.126035419159,-0.925760069578,0.));
#4989 = CARTESIAN_POINT('',(4.126035419159,-0.925760069578,5.));
#4990 = PCURVE('',#2806,#4991);
#4991 = DEFINITIONAL_REPRESENTATION('',(#4992),#4996);
#4992 = LINE('',#4993,#4994);
#4993 = CARTESIAN_POINT('',(0.,1.));
#4994 = VECTOR('',#4995,1.);
#4995 = DIRECTION('',(1.,0.));
#4996 = ( GEOMETRIC_REPRESENTATION_CONTEXT(2) 
PARAMETRIC_REPRESENTATION_CONTEXT() REPRESENTATION_CONTEXT('2D SPACE',''
  ) );
#4997 = PCURVE('',#2774,#4998);
#4998 = DEFINITIONAL_REPRESENTATION('',(#4999),#5003);
#4999 = LINE('',#5000,#5001);
#5000 = CARTESIAN_POINT('',(0.,0.));
#5001 = VECTOR('',#5002,1.);
#5002 = DIRECTION('',(1.,0.));
#5003 = ( GEOMETRIC_REPRESENTATION_CONTEXT(2) 
PARAMETRIC_REPRESENTATION_CONTEXT() REPRESENTATION_CONTEXT('2D SPACE',''
  ) );
#5004 = ADVANCED_FACE('',(#5005),#243,.T.);
#5005 = FACE_BOUND('',#5006,.T.);
#5006 = EDGE_LOOP('',(#5007,#5008,#5028,#5029));
#5007 = ORIENTED_EDGE('',*,*,#225,.F.);
#5008 = ORIENTED_EDGE('',*,*,#5009,.T.);
#5009 = EDGE_CURVE('',#226,#3484,#5010,.T.);
#5010 = SURFACE_CURVE('',#5011,(#5014,#5021),.PCURVE_S1.);
#5011 = B_SPLINE_CURVE_WITH_KNOTS('',1,(#5012,#5013),.UNSPECIFIED.,.F.,
  .F.,(2,2),(0.,1.),.PIECEWISE_BEZIER_KNOTS.);
#5012 = CARTESIAN_POINT('',(4.210168466069,0.394564917215,0.));
#5013 = CARTESIAN_POINT('',(4.210168466069,0.394564917215,5.));
#5014 = PCURVE('',#243,#5015);
#5015 = DEFINITIONAL_REPRESENTATION('',(#5016),#5020);
#5016 = LINE('',#5017,#5018);
#5017 = CARTESIAN_POINT('',(0.,0.));
#5018 = VECTOR('',#5019,1.);
#5019 = DIRECTION('',(1.,0.));
#5020 = ( GEOMETRIC_REPRESENTATION_CONTEXT(2) 
PARAMETRIC_REPRESENTATION_CONTEXT() REPRESENTATION_CONTEXT('2D SPACE',''
  ) );
#5021 = PCURVE('',#277,#5022);
#5022 = DEFINITIONAL_REPRESENTATION('',(#5023),#5027);
#5023 = LINE('',#5024,#5025);
#5024 = CARTESIAN_POINT('',(0.,1.));
#5025 = VECTOR('',#5026,1.);
#5026 = DIRECTION('',(1.,0.));
#5027 = ( GEOMETRIC_REPRESENTATION_CONTEXT(2) 
PARAMETRIC_REPRESENTATION_CONTEXT() REPRESENTATION_CONTEXT('2D SPACE',''
  ) );
#5028 = ORIENTED_EDGE('',*,*,#3508,.T.);
#5029 = ORIENTED_EDGE('',*,*,#4957,.F.);
#5030 = ADVANCED_FACE('',(#5031),#2774,.T.);
#5031 = FACE_BOUND('',#5032,.T.);
#5032 = EDGE_LOOP('',(#5033,#5034,#5035,#5036));
#5033 = ORIENTED_EDGE('',*,*,#2756,.F.);
#5034 = ORIENTED_EDGE('',*,*,#4985,.T.);
#5035 = ORIENTED_EDGE('',*,*,#3608,.T.);
#5036 = ORIENTED_EDGE('',*,*,#5037,.F.);
#5037 = EDGE_CURVE('',#2723,#3609,#5038,.T.);
#5038 = SURFACE_CURVE('',#5039,(#5042,#5049),.PCURVE_S1.);
#5039 = B_SPLINE_CURVE_WITH_KNOTS('',1,(#5040,#5041),.UNSPECIFIED.,.F.,
  .F.,(2,2),(0.,1.),.PIECEWISE_BEZIER_KNOTS.);
#5040 = CARTESIAN_POINT('',(4.753687794019,-1.380200114835,0.));
#5041 = CARTESIAN_POINT('',(4.753687794019,-1.380200114835,5.));
#5042 = PCURVE('',#2774,#5043);
#5043 = DEFINITIONAL_REPRESENTATION('',(#5044),#5048);
#5044 = LINE('',#5045,#5046);
#5045 = CARTESIAN_POINT('',(0.,1.));
#5046 = VECTOR('',#5047,1.);
#5047 = DIRECTION('',(1.,0.));
#5048 = ( GEOMETRIC_REPRESENTATION_CONTEXT(2) 
PARAMETRIC_REPRESENTATION_CONTEXT() REPRESENTATION_CONTEXT('2D SPACE',''
  ) );
#5049 = PCURVE('',#2740,#5050);
#5050 = DEFINITIONAL_REPRESENTATION('',(#5051),#5055);
#5051 = LINE('',#5052,#5053);
#5052 = CARTESIAN_POINT('',(0.,0.));
#5053 = VECTOR('',#5054,1.);
#5054 = DIRECTION('',(1.,0.));
#5055 = ( GEOMETRIC_REPRESENTATION_CONTEXT(2) 
PARAMETRIC_REPRESENTATION_CONTEXT() REPRESENTATION_CONTEXT('2D SPACE',''
  ) );
#5056 = ADVANCED_FACE('',(#5057),#277,.T.);
#5057 = FACE_BOUND('',#5058,.T.);
#5058 = EDGE_LOOP('',(#5059,#5060,#5080,#5081));
#5059 = ORIENTED_EDGE('',*,*,#259,.F.);
#5060 = ORIENTED_EDGE('',*,*,#5061,.T.);
#5061 = EDGE_CURVE('',#260,#3459,#5062,.T.);
#5062 = SURFACE_CURVE('',#5063,(#5066,#5073),.PCURVE_S1.);
#5063 = B_SPLINE_CURVE_WITH_KNOTS('',1,(#5064,#5065),.UNSPECIFIED.,.F.,
  .F.,(2,2),(0.,1.),.PIECEWISE_BEZIER_KNOTS.);
#5064 = CARTESIAN_POINT('',(4.126035419159,0.925760069578,0.));
#5065 = CARTESIAN_POINT('',(4.126035419159,0.925760069578,5.));
#5066 = PCURVE('',#277,#5067);
#5067 = DEFINITIONAL_REPRESENTATION('',(#5068),#5072);
#5068 = LINE('',#5069,#5070);
#5069 = CARTESIAN_POINT('',(0.,0.));
#5070 = VECTOR('',#5071,1.);
#5071 = DIRECTION('',(1.,0.));
#5072 = ( GEOMETRIC_REPRESENTATION_CONTEXT(2) 
PARAMETRIC_REPRESENTATION_CONTEXT() REPRESENTATION_CONTEXT('2D SPACE',''
  ) );
#5073 = PCURVE('',#311,#5074);
#5074 = DEFINITIONAL_REPRESENTATION('',(#5075),#5079);
#5075 = LINE('',#5076,#5077);
#5076 = CARTESIAN_POINT('',(0.,1.));
#5077 = VECTOR('',#5078,1.);
#5078 = DIRECTION('',(1.,0.));
#5079 = ( GEOMETRIC_REPRESENTATION_CONTEXT(2) 
PARAMETRIC_REPRESENTATION_CONTEXT() REPRESENTATION_CONTEXT('2D SPACE',''
  ) );
#5080 = ORIENTED_EDGE('',*,*,#3483,.T.);
#5081 = ORIENTED_EDGE('',*,*,#5009,.F.);
#5082 = ADVANCED_FACE('',(#5083),#2740,.T.);
#5083 = FACE_BOUND('',#5084,.T.);
#5084 = EDGE_LOOP('',(#5085,#5086,#5087,#5088));
#5085 = ORIENTED_EDGE('',*,*,#2722,.F.);
#5086 = ORIENTED_EDGE('',*,*,#5037,.T.);
#5087 = ORIENTED_EDGE('',*,*,#3633,.T.);
#5088 = ORIENTED_EDGE('',*,*,#5089,.F.);
#5089 = EDGE_CURVE('',#2689,#3634,#5090,.T.);
#5090 = SURFACE_CURVE('',#5091,(#5094,#5101),.PCURVE_S1.);
#5091 = B_SPLINE_CURVE_WITH_KNOTS('',1,(#5092,#5093),.UNSPECIFIED.,.F.,
  .F.,(2,2),(0.,1.),.PIECEWISE_BEZIER_KNOTS.);
#5092 = CARTESIAN_POINT('',(4.657075484027,-1.677542230787,0.));
#5093 = CARTESIAN_POINT('',(4.657075484027,-1.677542230787,5.));
#5094 = PCURVE('',#2740,#5095);
#5095 = DEFINITIONAL_REPRESENTATION('',(#5096),#5100);
#5096 = LINE('',#5097,#5098);
#5097 = CARTESIAN_POINT('',(0.,1.));
#5098 = VECTOR('',#5099,1.);
#5099 = DIRECTION('',(1.,0.));
#5100 = ( GEOMETRIC_REPRESENTATION_CONTEXT(2) 
PARAMETRIC_REPRESENTATION_CONTEXT() REPRESENTATION_CONTEXT('2D SPACE',''
  ) );
#5101 = PCURVE('',#2706,#5102);
#5102 = DEFINITIONAL_REPRESENTATION('',(#5103),#5107);
#5103 = LINE('',#5104,#5105);
#5104 = CARTESIAN_POINT('',(0.,0.));
#5105 = VECTOR('',#5106,1.);
#5106 = DIRECTION('',(1.,0.));
#5107 = ( GEOMETRIC_REPRESENTATION_CONTEXT(2) 
PARAMETRIC_REPRESENTATION_CONTEXT() REPRESENTATION_CONTEXT('2D SPACE',''
  ) );
#5108 = ADVANCED_FACE('',(#5109),#311,.T.);
#5109 = FACE_BOUND('',#5110,.T.);
#5110 = EDGE_LOOP('',(#5111,#5112,#5132,#5133));
#5111 = ORIENTED_EDGE('',*,*,#293,.F.);
#5112 = ORIENTED_EDGE('',*,*,#5113,.T.);
#5113 = EDGE_CURVE('',#294,#3434,#5114,.T.);
#5114 = SURFACE_CURVE('',#5115,(#5118,#5125),.PCURVE_S1.);
#5115 = B_SPLINE_CURVE_WITH_KNOTS('',1,(#5116,#5117),.UNSPECIFIED.,.F.,
  .F.,(2,2),(0.,1.),.PIECEWISE_BEZIER_KNOTS.);
#5116 = CARTESIAN_POINT('',(4.753687794019,1.380200114835,0.));
#5117 = CARTESIAN_POINT('',(4.753687794019,1.380200114835,5.));
#5118 = PCURVE('',#311,#5119);
#5119 = DEFINITIONAL_REPRESENTATION('',(#5120),#5124);
#5120 = LINE('',#5121,#5122);
#5121 = CARTESIAN_POINT('',(0.,0.));
#5122 = VECTOR('',#5123,1.);
#5123 = DIRECTION('',(1.,0.));
#5124 = ( GEOMETRIC_REPRESENTATION_CONTEXT(2) 
PARAMETRIC_REPRESENTATION_CONTEXT() REPRESENTATION_CONTEXT('2D SPACE',''
  ) );
#5125 = PCURVE('',#345,#5126);
#5126 = DEFINITIONAL_REPRESENTATION('',(#5127),#5131);
#5127 = LINE('',#5128,#5129);
#5128 = CARTESIAN_POINT('',(0.,1.));
#5129 = VECTOR('',#5130,1.);
#5130 = DIRECTION('',(1.,0.));
#5131 = ( GEOMETRIC_REPRESENTATION_CONTEXT(2) 
PARAMETRIC_REPRESENTATION_CONTEXT() REPRESENTATION_CONTEXT('2D SPACE',''
  ) );
#5132 = ORIENTED_EDGE('',*,*,#3458,.T.);
#5133 = ORIENTED_EDGE('',*,*,#5061,.F.);
#5134 = ADVANCED_FACE('',(#5135),#2706,.T.);
#5135 = FACE_BOUND('',#5136,.T.);
#5136 = EDGE_LOOP('',(#5137,#5138,#5139,#5140));
#5137 = ORIENTED_EDGE('',*,*,#2688,.F.);
#5138 = ORIENTED_EDGE('',*,*,#5089,.T.);
#5139 = ORIENTED_EDGE('',*,*,#3658,.T.);
#5140 = ORIENTED_EDGE('',*,*,#2857,.F.);
#5141 = ADVANCED_FACE('',(#5142),#345,.T.);
#5142 = FACE_BOUND('',#5143,.T.);
#5143 = EDGE_LOOP('',(#5144,#5145,#5165,#5166));
#5144 = ORIENTED_EDGE('',*,*,#327,.F.);
#5145 = ORIENTED_EDGE('',*,*,#5146,.T.);
#5146 = EDGE_CURVE('',#328,#3409,#5147,.T.);
#5147 = SURFACE_CURVE('',#5148,(#5151,#5158),.PCURVE_S1.);
#5148 = B_SPLINE_CURVE_WITH_KNOTS('',1,(#5149,#5150),.UNSPECIFIED.,.F.,
  .F.,(2,2),(0.,1.),.PIECEWISE_BEZIER_KNOTS.);
#5149 = CARTESIAN_POINT('',(4.657075484027,1.677542230787,0.));
#5150 = CARTESIAN_POINT('',(4.657075484027,1.677542230787,5.));
#5151 = PCURVE('',#345,#5152);
#5152 = DEFINITIONAL_REPRESENTATION('',(#5153),#5157);
#5153 = LINE('',#5154,#5155);
#5154 = CARTESIAN_POINT('',(0.,0.));
#5155 = VECTOR('',#5156,1.);
#5156 = DIRECTION('',(1.,0.));
#5157 = ( GEOMETRIC_REPRESENTATION_CONTEXT(2) 
PARAMETRIC_REPRESENTATION_CONTEXT() REPRESENTATION_CONTEXT('2D SPACE',''
  ) );
#5158 = PCURVE('',#379,#5159);
#5159 = DEFINITIONAL_REPRESENTATION('',(#5160),#5164);
#5160 = LINE('',#5161,#5162);
#5161 = CARTESIAN_POINT('',(0.,1.));
#5162 = VECTOR('',#5163,1.);
#5163 = DIRECTION('',(1.,0.));
#5164 = ( GEOMETRIC_REPRESENTATION_CONTEXT(2) 
PARAMETRIC_REPRESENTATION_CONTEXT() REPRESENTATION_CONTEXT('2D SPACE',''
  ) );
#5165 = ORIENTED_EDGE('',*,*,#3433,.T.);
#5166 = ORIENTED_EDGE('',*,*,#5113,.F.);
#5167 = ADVANCED_FACE('',(#5168),#379,.T.);
#5168 = FACE_BOUND('',#5169,.T.);
#5169 = EDGE_LOOP('',(#5170,#5171,#5191,#5192));
#5170 = ORIENTED_EDGE('',*,*,#361,.F.);
#5171 = ORIENTED_EDGE('',*,*,#5172,.T.);
#5172 = EDGE_CURVE('',#362,#3384,#5173,.T.);
#5173 = SURFACE_CURVE('',#5174,(#5177,#5184),.PCURVE_S1.);
#5174 = B_SPLINE_CURVE_WITH_KNOTS('',1,(#5175,#5176),.UNSPECIFIED.,.F.,
  .F.,(2,2),(0.,1.),.PIECEWISE_BEZIER_KNOTS.);
#5175 = CARTESIAN_POINT('',(3.882180889552,1.676267140816,0.));
#5176 = CARTESIAN_POINT('',(3.882180889552,1.676267140816,5.));
#5177 = PCURVE('',#379,#5178);
#5178 = DEFINITIONAL_REPRESENTATION('',(#5179),#5183);
#5179 = LINE('',#5180,#5181);
#5180 = CARTESIAN_POINT('',(0.,0.));
#5181 = VECTOR('',#5182,1.);
#5182 = DIRECTION('',(1.,0.));
#5183 = ( GEOMETRIC_REPRESENTATION_CONTEXT(2) 
PARAMETRIC_REPRESENTATION_CONTEXT() REPRESENTATION_CONTEXT('2D SPACE',''
  ) );
#5184 = PCURVE('',#413,#5185);
#5185 = DEFINITIONAL_REPRESENTATION('',(#5186),#5190);
#5186 = LINE('',#5187,#5188);
#5187 = CARTESIAN_POINT('',(0.,1.));
#5188 = VECTOR('',#5189,1.);
#5189 = DIRECTION('',(1.,0.));
#5190 = ( GEOMETRIC_REPRESENTATION_CONTEXT(2) 
PARAMETRIC_REPRESENTATION_CONTEXT() REPRESENTATION_CONTEXT('2D SPACE',''
  ) );
#5191 = ORIENTED_EDGE('',*,*,#3408,.T.);
#5192 = ORIENTED_EDGE('',*,*,#5146,.F.);
#5193 = ADVANCED_FACE('',(#5194),#413,.T.);
#5194 = FACE_BOUND('',#5195,.T.);
#5195 = EDGE_LOOP('',(#5196,#5197,#5217,#5218));
#5196 = ORIENTED_EDGE('',*,*,#395,.F.);
#5197 = ORIENTED_EDGE('',*,*,#5198,.T.);
#5198 = EDGE_CURVE('',#396,#3359,#5199,.T.);
#5199 = SURFACE_CURVE('',#5200,(#5203,#5210),.PCURVE_S1.);
#5200 = B_SPLINE_CURVE_WITH_KNOTS('',1,(#5201,#5202),.UNSPECIFIED.,.F.,
  .F.,(2,2),(0.,1.),.PIECEWISE_BEZIER_KNOTS.);
#5201 = CARTESIAN_POINT('',(3.638017277642,2.155465210611,0.));
#5202 = CARTESIAN_POINT('',(3.638017277642,2.155465210611,5.));
#5203 = PCURVE('',#413,#5204);
#5204 = DEFINITIONAL_REPRESENTATION('',(#5205),#5209);
#5205 = LINE('',#5206,#5207);
#5206 = CARTESIAN_POINT('',(0.,0.));
#5207 = VECTOR('',#5208,1.);
#5208 = DIRECTION('',(1.,0.));
#5209 = ( GEOMETRIC_REPRESENTATION_CONTEXT(2) 
PARAMETRIC_REPRESENTATION_CONTEXT() REPRESENTATION_CONTEXT('2D SPACE',''
  ) );
#5210 = PCURVE('',#447,#5211);
#5211 = DEFINITIONAL_REPRESENTATION('',(#5212),#5216);
#5212 = LINE('',#5213,#5214);
#5213 = CARTESIAN_POINT('',(0.,1.));
#5214 = VECTOR('',#5215,1.);
#5215 = DIRECTION('',(1.,0.));
#5216 = ( GEOMETRIC_REPRESENTATION_CONTEXT(2) 
PARAMETRIC_REPRESENTATION_CONTEXT() REPRESENTATION_CONTEXT('2D SPACE',''
  ) );
#5217 = ORIENTED_EDGE('',*,*,#3383,.T.);
#5218 = ORIENTED_EDGE('',*,*,#5172,.F.);
#5219 = ADVANCED_FACE('',(#5220),#447,.T.);
#5220 = FACE_BOUND('',#5221,.T.);
#5221 = EDGE_LOOP('',(#5222,#5223,#5243,#5244));
#5222 = ORIENTED_EDGE('',*,*,#429,.F.);
#5223 = ORIENTED_EDGE('',*,*,#5224,.T.);
#5224 = EDGE_CURVE('',#430,#3334,#5225,.T.);
#5225 = SURFACE_CURVE('',#5226,(#5229,#5236),.PCURVE_S1.);
#5226 = B_SPLINE_CURVE_WITH_KNOTS('',1,(#5227,#5228),.UNSPECIFIED.,.F.,
  .F.,(2,2),(0.,1.),.PIECEWISE_BEZIER_KNOTS.);
#5227 = CARTESIAN_POINT('',(4.094520461813,2.78161862731,0.));
#5228 = CARTESIAN_POINT('',(4.094520461813,2.78161862731,5.));
#5229 = PCURVE('',#447,#5230);
#5230 = DEFINITIONAL_REPRESENTATION('',(#5231),#5235);
#5231 = LINE('',#5232,#5233);
#5232 = CARTESIAN_POINT('',(0.,0.));
#5233 = VECTOR('',#5234,1.);
#5234 = DIRECTION('',(1.,0.));
#5235 = ( GEOMETRIC_REPRESENTATION_CONTEXT(2) 
PARAMETRIC_REPRESENTATION_CONTEXT() REPRESENTATION_CONTEXT('2D SPACE',''
  ) );
#5236 = PCURVE('',#481,#5237);
#5237 = DEFINITIONAL_REPRESENTATION('',(#5238),#5242);
#5238 = LINE('',#5239,#5240);
#5239 = CARTESIAN_POINT('',(0.,1.));
#5240 = VECTOR('',#5241,1.);
#5241 = DIRECTION('',(1.,0.));
#5242 = ( GEOMETRIC_REPRESENTATION_CONTEXT(2) 
PARAMETRIC_REPRESENTATION_CONTEXT() REPRESENTATION_CONTEXT('2D SPACE',''
  ) );
#5243 = ORIENTED_EDGE('',*,*,#3358,.T.);
#5244 = ORIENTED_EDGE('',*,*,#5198,.F.);
#5245 = ADVANCED_FACE('',(#5246),#2623,.T.);
#5246 = FACE_BOUND('',#5247,.T.);
#5247 = EDGE_LOOP('',(#5248,#5249,#5250,#5251));
#5248 = ORIENTED_EDGE('',*,*,#2605,.F.);
#5249 = ORIENTED_EDGE('',*,*,#4888,.T.);
#5250 = ORIENTED_EDGE('',*,*,#3708,.T.);
#5251 = ORIENTED_EDGE('',*,*,#5252,.F.);
#5252 = EDGE_CURVE('',#2572,#3709,#5253,.T.);
#5253 = SURFACE_CURVE('',#5254,(#5257,#5264),.PCURVE_S1.);
#5254 = B_SPLINE_CURVE_WITH_KNOTS('',1,(#5255,#5256),.UNSPECIFIED.,.F.,
  .F.,(2,2),(0.,1.),.PIECEWISE_BEZIER_KNOTS.);
#5255 = CARTESIAN_POINT('',(3.174178398821,-2.793884657433,0.));
#5256 = CARTESIAN_POINT('',(3.174178398821,-2.793884657433,5.));
#5257 = PCURVE('',#2623,#5258);
#5258 = DEFINITIONAL_REPRESENTATION('',(#5259),#5263);
#5259 = LINE('',#5260,#5261);
#5260 = CARTESIAN_POINT('',(0.,1.));
#5261 = VECTOR('',#5262,1.);
#5262 = DIRECTION('',(1.,0.));
#5263 = ( GEOMETRIC_REPRESENTATION_CONTEXT(2) 
PARAMETRIC_REPRESENTATION_CONTEXT() REPRESENTATION_CONTEXT('2D SPACE',''
  ) );
#5264 = PCURVE('',#2589,#5265);
#5265 = DEFINITIONAL_REPRESENTATION('',(#5266),#5270);
#5266 = LINE('',#5267,#5268);
#5267 = CARTESIAN_POINT('',(0.,0.));
#5268 = VECTOR('',#5269,1.);
#5269 = DIRECTION('',(1.,0.));
#5270 = ( GEOMETRIC_REPRESENTATION_CONTEXT(2) 
PARAMETRIC_REPRESENTATION_CONTEXT() REPRESENTATION_CONTEXT('2D SPACE',''
  ) );
#5271 = ADVANCED_FACE('',(#5272),#481,.T.);
#5272 = FACE_BOUND('',#5273,.T.);
#5273 = EDGE_LOOP('',(#5274,#5275,#5295,#5296));
#5274 = ORIENTED_EDGE('',*,*,#463,.F.);
#5275 = ORIENTED_EDGE('',*,*,#5276,.T.);
#5276 = EDGE_CURVE('',#464,#3309,#5277,.T.);
#5277 = SURFACE_CURVE('',#5278,(#5281,#5288),.PCURVE_S1.);
#5278 = B_SPLINE_CURVE_WITH_KNOTS('',1,(#5279,#5280),.UNSPECIFIED.,.F.,
  .F.,(2,2),(0.,1.),.PIECEWISE_BEZIER_KNOTS.);
#5279 = CARTESIAN_POINT('',(3.910752927867,3.034552938602,0.));
#5280 = CARTESIAN_POINT('',(3.910752927867,3.034552938602,5.));
#5281 = PCURVE('',#481,#5282);
#5282 = DEFINITIONAL_REPRESENTATION('',(#5283),#5287);
#5283 = LINE('',#5284,#5285);
#5284 = CARTESIAN_POINT('',(0.,0.));
#5285 = VECTOR('',#5286,1.);
#5286 = DIRECTION('',(1.,0.));
#5287 = ( GEOMETRIC_REPRESENTATION_CONTEXT(2) 
PARAMETRIC_REPRESENTATION_CONTEXT() REPRESENTATION_CONTEXT('2D SPACE',''
  ) );
#5288 = PCURVE('',#515,#5289);
#5289 = DEFINITIONAL_REPRESENTATION('',(#5290),#5294);
#5290 = LINE('',#5291,#5292);
#5291 = CARTESIAN_POINT('',(0.,1.));
#5292 = VECTOR('',#5293,1.);
#5293 = DIRECTION('',(1.,0.));
#5294 = ( GEOMETRIC_REPRESENTATION_CONTEXT(2) 
PARAMETRIC_REPRESENTATION_CONTEXT() REPRESENTATION_CONTEXT('2D SPACE',''
  ) );
#5295 = ORIENTED_EDGE('',*,*,#3333,.T.);
#5296 = ORIENTED_EDGE('',*,*,#5224,.F.);
#5297 = ADVANCED_FACE('',(#5298),#2589,.T.);
#5298 = FACE_BOUND('',#5299,.T.);
#5299 = EDGE_LOOP('',(#5300,#5301,#5302,#5303));
#5300 = ORIENTED_EDGE('',*,*,#2571,.F.);
#5301 = ORIENTED_EDGE('',*,*,#5252,.T.);
#5302 = ORIENTED_EDGE('',*,*,#3733,.T.);
#5303 = ORIENTED_EDGE('',*,*,#5304,.F.);
#5304 = EDGE_CURVE('',#2538,#3734,#5305,.T.);
#5305 = SURFACE_CURVE('',#5306,(#5309,#5316),.PCURVE_S1.);
#5306 = B_SPLINE_CURVE_WITH_KNOTS('',1,(#5307,#5308),.UNSPECIFIED.,.F.,
  .F.,(2,2),(0.,1.),.PIECEWISE_BEZIER_KNOTS.);
#5307 = CARTESIAN_POINT('',(2.793884657433,-3.174178398821,0.));
#5308 = CARTESIAN_POINT('',(2.793884657433,-3.174178398821,5.));
#5309 = PCURVE('',#2589,#5310);
#5310 = DEFINITIONAL_REPRESENTATION('',(#5311),#5315);
#5311 = LINE('',#5312,#5313);
#5312 = CARTESIAN_POINT('',(0.,1.));
#5313 = VECTOR('',#5314,1.);
#5314 = DIRECTION('',(1.,0.));
#5315 = ( GEOMETRIC_REPRESENTATION_CONTEXT(2) 
PARAMETRIC_REPRESENTATION_CONTEXT() REPRESENTATION_CONTEXT('2D SPACE',''
  ) );
#5316 = PCURVE('',#2555,#5317);
#5317 = DEFINITIONAL_REPRESENTATION('',(#5318),#5322);
#5318 = LINE('',#5319,#5320);
#5319 = CARTESIAN_POINT('',(0.,0.));
#5320 = VECTOR('',#5321,1.);
#5321 = DIRECTION('',(1.,0.));
#5322 = ( GEOMETRIC_REPRESENTATION_CONTEXT(2) 
PARAMETRIC_REPRESENTATION_CONTEXT() REPRESENTATION_CONTEXT('2D SPACE',''
  ) );
#5323 = ADVANCED_FACE('',(#5324),#515,.T.);
#5324 = FACE_BOUND('',#5325,.T.);
#5325 = EDGE_LOOP('',(#5326,#5327,#5347,#5348));
#5326 = ORIENTED_EDGE('',*,*,#497,.F.);
#5327 = ORIENTED_EDGE('',*,*,#5328,.T.);
#5328 = EDGE_CURVE('',#498,#3284,#5329,.T.);
#5329 = SURFACE_CURVE('',#5330,(#5333,#5340),.PCURVE_S1.);
#5330 = B_SPLINE_CURVE_WITH_KNOTS('',1,(#5331,#5332),.UNSPECIFIED.,.F.,
  .F.,(2,2),(0.,1.),.PIECEWISE_BEZIER_KNOTS.);
#5331 = CARTESIAN_POINT('',(3.174178398821,2.793884657433,0.));
#5332 = CARTESIAN_POINT('',(3.174178398821,2.793884657433,5.));
#5333 = PCURVE('',#515,#5334);
#5334 = DEFINITIONAL_REPRESENTATION('',(#5335),#5339);
#5335 = LINE('',#5336,#5337);
#5336 = CARTESIAN_POINT('',(0.,0.));
#5337 = VECTOR('',#5338,1.);
#5338 = DIRECTION('',(1.,0.));
#5339 = ( GEOMETRIC_REPRESENTATION_CONTEXT(2) 
PARAMETRIC_REPRESENTATION_CONTEXT() REPRESENTATION_CONTEXT('2D SPACE',''
  ) );
#5340 = PCURVE('',#549,#5341);
#5341 = DEFINITIONAL_REPRESENTATION('',(#5342),#5346);
#5342 = LINE('',#5343,#5344);
#5343 = CARTESIAN_POINT('',(0.,1.));
#5344 = VECTOR('',#5345,1.);
#5345 = DIRECTION('',(1.,0.));
#5346 = ( GEOMETRIC_REPRESENTATION_CONTEXT(2) 
PARAMETRIC_REPRESENTATION_CONTEXT() REPRESENTATION_CONTEXT('2D SPACE',''
  ) );
#5347 = ORIENTED_EDGE('',*,*,#3308,.T.);
#5348 = ORIENTED_EDGE('',*,*,#5276,.F.);
#5349 = ADVANCED_FACE('',(#5350),#2555,.T.);
#5350 = FACE_BOUND('',#5351,.T.);
#5351 = EDGE_LOOP('',(#5352,#5353,#5354,#5355));
#5352 = ORIENTED_EDGE('',*,*,#2537,.F.);
#5353 = ORIENTED_EDGE('',*,*,#5304,.T.);
#5354 = ORIENTED_EDGE('',*,*,#3758,.T.);
#5355 = ORIENTED_EDGE('',*,*,#5356,.F.);
#5356 = EDGE_CURVE('',#2504,#3759,#5357,.T.);
#5357 = SURFACE_CURVE('',#5358,(#5361,#5368),.PCURVE_S1.);
#5358 = B_SPLINE_CURVE_WITH_KNOTS('',1,(#5359,#5360),.UNSPECIFIED.,.F.,
  .F.,(2,2),(0.,1.),.PIECEWISE_BEZIER_KNOTS.);
#5359 = CARTESIAN_POINT('',(3.034552938602,-3.910752927867,0.));
#5360 = CARTESIAN_POINT('',(3.034552938602,-3.910752927867,5.));
#5361 = PCURVE('',#2555,#5362);
#5362 = DEFINITIONAL_REPRESENTATION('',(#5363),#5367);
#5363 = LINE('',#5364,#5365);
#5364 = CARTESIAN_POINT('',(0.,1.));
#5365 = VECTOR('',#5366,1.);
#5366 = DIRECTION('',(1.,0.));
#5367 = ( GEOMETRIC_REPRESENTATION_CONTEXT(2) 
PARAMETRIC_REPRESENTATION_CONTEXT() REPRESENTATION_CONTEXT('2D SPACE',''
  ) );
#5368 = PCURVE('',#2521,#5369);
#5369 = DEFINITIONAL_REPRESENTATION('',(#5370),#5374);
#5370 = LINE('',#5371,#5372);
#5371 = CARTESIAN_POINT('',(0.,0.));
#5372 = VECTOR('',#5373,1.);
#5373 = DIRECTION('',(1.,0.));
#5374 = ( GEOMETRIC_REPRESENTATION_CONTEXT(2) 
PARAMETRIC_REPRESENTATION_CONTEXT() REPRESENTATION_CONTEXT('2D SPACE',''
  ) );
#5375 = ADVANCED_FACE('',(#5376),#549,.T.);
#5376 = FACE_BOUND('',#5377,.T.);
#5377 = EDGE_LOOP('',(#5378,#5379,#5399,#5400));
#5378 = ORIENTED_EDGE('',*,*,#531,.F.);
#5379 = ORIENTED_EDGE('',*,*,#5380,.T.);
#5380 = EDGE_CURVE('',#532,#3259,#5381,.T.);
#5381 = SURFACE_CURVE('',#5382,(#5385,#5392),.PCURVE_S1.);
#5382 = B_SPLINE_CURVE_WITH_KNOTS('',1,(#5383,#5384),.UNSPECIFIED.,.F.,
  .F.,(2,2),(0.,1.),.PIECEWISE_BEZIER_KNOTS.);
#5383 = CARTESIAN_POINT('',(2.793884657433,3.174178398821,0.));
#5384 = CARTESIAN_POINT('',(2.793884657433,3.174178398821,5.));
#5385 = PCURVE('',#549,#5386);
#5386 = DEFINITIONAL_REPRESENTATION('',(#5387),#5391);
#5387 = LINE('',#5388,#5389);
#5388 = CARTESIAN_POINT('',(0.,0.));
#5389 = VECTOR('',#5390,1.);
#5390 = DIRECTION('',(1.,0.));
#5391 = ( GEOMETRIC_REPRESENTATION_CONTEXT(2) 
PARAMETRIC_REPRESENTATION_CONTEXT() REPRESENTATION_CONTEXT('2D SPACE',''
  ) );
#5392 = PCURVE('',#583,#5393);
#5393 = DEFINITIONAL_REPRESENTATION('',(#5394),#5398);
#5394 = LINE('',#5395,#5396);
#5395 = CARTESIAN_POINT('',(0.,1.));
#5396 = VECTOR('',#5397,1.);
#5397 = DIRECTION('',(1.,0.));
#5398 = ( GEOMETRIC_REPRESENTATION_CONTEXT(2) 
PARAMETRIC_REPRESENTATION_CONTEXT() REPRESENTATION_CONTEXT('2D SPACE',''
  ) );
#5399 = ORIENTED_EDGE('',*,*,#3283,.T.);
#5400 = ORIENTED_EDGE('',*,*,#5328,.F.);
#5401 = ADVANCED_FACE('',(#5402),#2521,.T.);
#5402 = FACE_BOUND('',#5403,.T.);
#5403 = EDGE_LOOP('',(#5404,#5405,#5406,#5407));
#5404 = ORIENTED_EDGE('',*,*,#2503,.F.);
#5405 = ORIENTED_EDGE('',*,*,#5356,.T.);
#5406 = ORIENTED_EDGE('',*,*,#3783,.T.);
#5407 = ORIENTED_EDGE('',*,*,#5408,.F.);
#5408 = EDGE_CURVE('',#2470,#3784,#5409,.T.);
#5409 = SURFACE_CURVE('',#5410,(#5413,#5420),.PCURVE_S1.);
#5410 = B_SPLINE_CURVE_WITH_KNOTS('',1,(#5411,#5412),.UNSPECIFIED.,.F.,
  .F.,(2,2),(0.,1.),.PIECEWISE_BEZIER_KNOTS.);
#5411 = CARTESIAN_POINT('',(2.78161862731,-4.094520461813,0.));
#5412 = CARTESIAN_POINT('',(2.78161862731,-4.094520461813,5.));
#5413 = PCURVE('',#2521,#5414);
#5414 = DEFINITIONAL_REPRESENTATION('',(#5415),#5419);
#5415 = LINE('',#5416,#5417);
#5416 = CARTESIAN_POINT('',(0.,1.));
#5417 = VECTOR('',#5418,1.);
#5418 = DIRECTION('',(1.,0.));
#5419 = ( GEOMETRIC_REPRESENTATION_CONTEXT(2) 
PARAMETRIC_REPRESENTATION_CONTEXT() REPRESENTATION_CONTEXT('2D SPACE',''
  ) );
#5420 = PCURVE('',#2487,#5421);
#5421 = DEFINITIONAL_REPRESENTATION('',(#5422),#5426);
#5422 = LINE('',#5423,#5424);
#5423 = CARTESIAN_POINT('',(0.,0.));
#5424 = VECTOR('',#5425,1.);
#5425 = DIRECTION('',(1.,0.));
#5426 = ( GEOMETRIC_REPRESENTATION_CONTEXT(2) 
PARAMETRIC_REPRESENTATION_CONTEXT() REPRESENTATION_CONTEXT('2D SPACE',''
  ) );
#5427 = ADVANCED_FACE('',(#5428),#583,.T.);
#5428 = FACE_BOUND('',#5429,.T.);
#5429 = EDGE_LOOP('',(#5430,#5431,#5451,#5452));
#5430 = ORIENTED_EDGE('',*,*,#565,.F.);
#5431 = ORIENTED_EDGE('',*,*,#5432,.T.);
#5432 = EDGE_CURVE('',#566,#3234,#5433,.T.);
#5433 = SURFACE_CURVE('',#5434,(#5437,#5444),.PCURVE_S1.);
#5434 = B_SPLINE_CURVE_WITH_KNOTS('',1,(#5435,#5436),.UNSPECIFIED.,.F.,
  .F.,(2,2),(0.,1.),.PIECEWISE_BEZIER_KNOTS.);
#5435 = CARTESIAN_POINT('',(3.034552938602,3.910752927867,0.));
#5436 = CARTESIAN_POINT('',(3.034552938602,3.910752927867,5.));
#5437 = PCURVE('',#583,#5438);
#5438 = DEFINITIONAL_REPRESENTATION('',(#5439),#5443);
#5439 = LINE('',#5440,#5441);
#5440 = CARTESIAN_POINT('',(0.,0.));
#5441 = VECTOR('',#5442,1.);
#5442 = DIRECTION('',(1.,0.));
#5443 = ( GEOMETRIC_REPRESENTATION_CONTEXT(2) 
PARAMETRIC_REPRESENTATION_CONTEXT() REPRESENTATION_CONTEXT('2D SPACE',''
  ) );
#5444 = PCURVE('',#617,#5445);
#5445 = DEFINITIONAL_REPRESENTATION('',(#5446),#5450);
#5446 = LINE('',#5447,#5448);
#5447 = CARTESIAN_POINT('',(0.,1.));
#5448 = VECTOR('',#5449,1.);
#5449 = DIRECTION('',(1.,0.));
#5450 = ( GEOMETRIC_REPRESENTATION_CONTEXT(2) 
PARAMETRIC_REPRESENTATION_CONTEXT() REPRESENTATION_CONTEXT('2D SPACE',''
  ) );
#5451 = ORIENTED_EDGE('',*,*,#3258,.T.);
#5452 = ORIENTED_EDGE('',*,*,#5380,.F.);
#5453 = ADVANCED_FACE('',(#5454),#2487,.T.);
#5454 = FACE_BOUND('',#5455,.T.);
#5455 = EDGE_LOOP('',(#5456,#5457,#5458,#5459));
#5456 = ORIENTED_EDGE('',*,*,#2469,.F.);
#5457 = ORIENTED_EDGE('',*,*,#5408,.T.);
#5458 = ORIENTED_EDGE('',*,*,#3808,.T.);
#5459 = ORIENTED_EDGE('',*,*,#5460,.F.);
#5460 = EDGE_CURVE('',#2436,#3809,#5461,.T.);
#5461 = SURFACE_CURVE('',#5462,(#5465,#5472),.PCURVE_S1.);
#5462 = B_SPLINE_CURVE_WITH_KNOTS('',1,(#5463,#5464),.UNSPECIFIED.,.F.,
  .F.,(2,2),(0.,1.),.PIECEWISE_BEZIER_KNOTS.);
#5463 = CARTESIAN_POINT('',(2.155465210611,-3.638017277642,0.));
#5464 = CARTESIAN_POINT('',(2.155465210611,-3.638017277642,5.));
#5465 = PCURVE('',#2487,#5466);
#5466 = DEFINITIONAL_REPRESENTATION('',(#5467),#5471);
#5467 = LINE('',#5468,#5469);
#5468 = CARTESIAN_POINT('',(0.,1.));
#5469 = VECTOR('',#5470,1.);
#5470 = DIRECTION('',(1.,0.));
#5471 = ( GEOMETRIC_REPRESENTATION_CONTEXT(2) 
PARAMETRIC_REPRESENTATION_CONTEXT() REPRESENTATION_CONTEXT('2D SPACE',''
  ) );
#5472 = PCURVE('',#2453,#5473);
#5473 = DEFINITIONAL_REPRESENTATION('',(#5474),#5478);
#5474 = LINE('',#5475,#5476);
#5475 = CARTESIAN_POINT('',(0.,0.));
#5476 = VECTOR('',#5477,1.);
#5477 = DIRECTION('',(1.,0.));
#5478 = ( GEOMETRIC_REPRESENTATION_CONTEXT(2) 
PARAMETRIC_REPRESENTATION_CONTEXT() REPRESENTATION_CONTEXT('2D SPACE',''
  ) );
#5479 = ADVANCED_FACE('',(#5480),#617,.T.);
#5480 = FACE_BOUND('',#5481,.T.);
#5481 = EDGE_LOOP('',(#5482,#5483,#5503,#5504));
#5482 = ORIENTED_EDGE('',*,*,#599,.F.);
#5483 = ORIENTED_EDGE('',*,*,#5484,.T.);
#5484 = EDGE_CURVE('',#600,#3209,#5485,.T.);
#5485 = SURFACE_CURVE('',#5486,(#5489,#5496),.PCURVE_S1.);
#5486 = B_SPLINE_CURVE_WITH_KNOTS('',1,(#5487,#5488),.UNSPECIFIED.,.F.,
  .F.,(2,2),(0.,1.),.PIECEWISE_BEZIER_KNOTS.);
#5487 = CARTESIAN_POINT('',(2.78161862731,4.094520461813,0.));
#5488 = CARTESIAN_POINT('',(2.78161862731,4.094520461813,5.));
#5489 = PCURVE('',#617,#5490);
#5490 = DEFINITIONAL_REPRESENTATION('',(#5491),#5495);
#5491 = LINE('',#5492,#5493);
#5492 = CARTESIAN_POINT('',(0.,0.));
#5493 = VECTOR('',#5494,1.);
#5494 = DIRECTION('',(1.,0.));
#5495 = ( GEOMETRIC_REPRESENTATION_CONTEXT(2) 
PARAMETRIC_REPRESENTATION_CONTEXT() REPRESENTATION_CONTEXT('2D SPACE',''
  ) );
#5496 = PCURVE('',#651,#5497);
#5497 = DEFINITIONAL_REPRESENTATION('',(#5498),#5502);
#5498 = LINE('',#5499,#5500);
#5499 = CARTESIAN_POINT('',(0.,1.));
#5500 = VECTOR('',#5501,1.);
#5501 = DIRECTION('',(1.,0.));
#5502 = ( GEOMETRIC_REPRESENTATION_CONTEXT(2) 
PARAMETRIC_REPRESENTATION_CONTEXT() REPRESENTATION_CONTEXT('2D SPACE',''
  ) );
#5503 = ORIENTED_EDGE('',*,*,#3233,.T.);
#5504 = ORIENTED_EDGE('',*,*,#5432,.F.);
#5505 = ADVANCED_FACE('',(#5506),#2453,.T.);
#5506 = FACE_BOUND('',#5507,.T.);
#5507 = EDGE_LOOP('',(#5508,#5509,#5510,#5511));
#5508 = ORIENTED_EDGE('',*,*,#2435,.F.);
#5509 = ORIENTED_EDGE('',*,*,#5460,.T.);
#5510 = ORIENTED_EDGE('',*,*,#3833,.T.);
#5511 = ORIENTED_EDGE('',*,*,#5512,.F.);
#5512 = EDGE_CURVE('',#2402,#3834,#5513,.T.);
#5513 = SURFACE_CURVE('',#5514,(#5517,#5524),.PCURVE_S1.);
#5514 = B_SPLINE_CURVE_WITH_KNOTS('',1,(#5515,#5516),.UNSPECIFIED.,.F.,
  .F.,(2,2),(0.,1.),.PIECEWISE_BEZIER_KNOTS.);
#5515 = CARTESIAN_POINT('',(1.676267140816,-3.882180889552,0.));
#5516 = CARTESIAN_POINT('',(1.676267140816,-3.882180889552,5.));
#5517 = PCURVE('',#2453,#5518);
#5518 = DEFINITIONAL_REPRESENTATION('',(#5519),#5523);
#5519 = LINE('',#5520,#5521);
#5520 = CARTESIAN_POINT('',(0.,1.));
#5521 = VECTOR('',#5522,1.);
#5522 = DIRECTION('',(1.,0.));
#5523 = ( GEOMETRIC_REPRESENTATION_CONTEXT(2) 
PARAMETRIC_REPRESENTATION_CONTEXT() REPRESENTATION_CONTEXT('2D SPACE',''
  ) );
#5524 = PCURVE('',#2419,#5525);
#5525 = DEFINITIONAL_REPRESENTATION('',(#5526),#5530);
#5526 = LINE('',#5527,#5528);
#5527 = CARTESIAN_POINT('',(0.,0.));
#5528 = VECTOR('',#5529,1.);
#5529 = DIRECTION('',(1.,0.));
#5530 = ( GEOMETRIC_REPRESENTATION_CONTEXT(2) 
PARAMETRIC_REPRESENTATION_CONTEXT() REPRESENTATION_CONTEXT('2D SPACE',''
  ) );
#5531 = ADVANCED_FACE('',(#5532),#651,.T.);
#5532 = FACE_BOUND('',#5533,.T.);
#5533 = EDGE_LOOP('',(#5534,#5535,#5555,#5556));
#5534 = ORIENTED_EDGE('',*,*,#633,.F.);
#5535 = ORIENTED_EDGE('',*,*,#5536,.T.);
#5536 = EDGE_CURVE('',#634,#3184,#5537,.T.);
#5537 = SURFACE_CURVE('',#5538,(#5541,#5548),.PCURVE_S1.);
#5538 = B_SPLINE_CURVE_WITH_KNOTS('',1,(#5539,#5540),.UNSPECIFIED.,.F.,
  .F.,(2,2),(0.,1.),.PIECEWISE_BEZIER_KNOTS.);
#5539 = CARTESIAN_POINT('',(2.155465210611,3.638017277642,0.));
#5540 = CARTESIAN_POINT('',(2.155465210611,3.638017277642,5.));
#5541 = PCURVE('',#651,#5542);
#5542 = DEFINITIONAL_REPRESENTATION('',(#5543),#5547);
#5543 = LINE('',#5544,#5545);
#5544 = CARTESIAN_POINT('',(0.,0.));
#5545 = VECTOR('',#5546,1.);
#5546 = DIRECTION('',(1.,0.));
#5547 = ( GEOMETRIC_REPRESENTATION_CONTEXT(2) 
PARAMETRIC_REPRESENTATION_CONTEXT() REPRESENTATION_CONTEXT('2D SPACE',''
  ) );
#5548 = PCURVE('',#685,#5549);
#5549 = DEFINITIONAL_REPRESENTATION('',(#5550),#5554);
#5550 = LINE('',#5551,#5552);
#5551 = CARTESIAN_POINT('',(0.,1.));
#5552 = VECTOR('',#5553,1.);
#5553 = DIRECTION('',(1.,0.));
#5554 = ( GEOMETRIC_REPRESENTATION_CONTEXT(2) 
PARAMETRIC_REPRESENTATION_CONTEXT() REPRESENTATION_CONTEXT('2D SPACE',''
  ) );
#5555 = ORIENTED_EDGE('',*,*,#3208,.T.);
#5556 = ORIENTED_EDGE('',*,*,#5484,.F.);
#5557 = ADVANCED_FACE('',(#5558),#2419,.T.);
#5558 = FACE_BOUND('',#5559,.T.);
#5559 = EDGE_LOOP('',(#5560,#5561,#5562,#5563));
#5560 = ORIENTED_EDGE('',*,*,#2401,.F.);
#5561 = ORIENTED_EDGE('',*,*,#5512,.T.);
#5562 = ORIENTED_EDGE('',*,*,#3858,.T.);
#5563 = ORIENTED_EDGE('',*,*,#5564,.F.);
#5564 = EDGE_CURVE('',#2368,#3859,#5565,.T.);
#5565 = SURFACE_CURVE('',#5566,(#5569,#5576),.PCURVE_S1.);
#5566 = B_SPLINE_CURVE_WITH_KNOTS('',1,(#5567,#5568),.UNSPECIFIED.,.F.,
  .F.,(2,2),(0.,1.),.PIECEWISE_BEZIER_KNOTS.);
#5567 = CARTESIAN_POINT('',(1.677542230787,-4.657075484027,0.));
#5568 = CARTESIAN_POINT('',(1.677542230787,-4.657075484027,5.));
#5569 = PCURVE('',#2419,#5570);
#5570 = DEFINITIONAL_REPRESENTATION('',(#5571),#5575);
#5571 = LINE('',#5572,#5573);
#5572 = CARTESIAN_POINT('',(0.,1.));
#5573 = VECTOR('',#5574,1.);
#5574 = DIRECTION('',(1.,0.));
#5575 = ( GEOMETRIC_REPRESENTATION_CONTEXT(2) 
PARAMETRIC_REPRESENTATION_CONTEXT() REPRESENTATION_CONTEXT('2D SPACE',''
  ) );
#5576 = PCURVE('',#2385,#5577);
#5577 = DEFINITIONAL_REPRESENTATION('',(#5578),#5582);
#5578 = LINE('',#5579,#5580);
#5579 = CARTESIAN_POINT('',(0.,0.));
#5580 = VECTOR('',#5581,1.);
#5581 = DIRECTION('',(1.,0.));
#5582 = ( GEOMETRIC_REPRESENTATION_CONTEXT(2) 
PARAMETRIC_REPRESENTATION_CONTEXT() REPRESENTATION_CONTEXT('2D SPACE',''
  ) );
#5583 = ADVANCED_FACE('',(#5584),#685,.T.);
#5584 = FACE_BOUND('',#5585,.T.);
#5585 = EDGE_LOOP('',(#5586,#5587,#5607,#5608));
#5586 = ORIENTED_EDGE('',*,*,#667,.F.);
#5587 = ORIENTED_EDGE('',*,*,#5588,.T.);
#5588 = EDGE_CURVE('',#668,#3159,#5589,.T.);
#5589 = SURFACE_CURVE('',#5590,(#5593,#5600),.PCURVE_S1.);
#5590 = B_SPLINE_CURVE_WITH_KNOTS('',1,(#5591,#5592),.UNSPECIFIED.,.F.,
  .F.,(2,2),(0.,1.),.PIECEWISE_BEZIER_KNOTS.);
#5591 = CARTESIAN_POINT('',(1.676267140816,3.882180889552,0.));
#5592 = CARTESIAN_POINT('',(1.676267140816,3.882180889552,5.));
#5593 = PCURVE('',#685,#5594);
#5594 = DEFINITIONAL_REPRESENTATION('',(#5595),#5599);
#5595 = LINE('',#5596,#5597);
#5596 = CARTESIAN_POINT('',(0.,0.));
#5597 = VECTOR('',#5598,1.);
#5598 = DIRECTION('',(1.,0.));
#5599 = ( GEOMETRIC_REPRESENTATION_CONTEXT(2) 
PARAMETRIC_REPRESENTATION_CONTEXT() REPRESENTATION_CONTEXT('2D SPACE',''
  ) );
#5600 = PCURVE('',#719,#5601);
#5601 = DEFINITIONAL_REPRESENTATION('',(#5602),#5606);
#5602 = LINE('',#5603,#5604);
#5603 = CARTESIAN_POINT('',(0.,1.));
#5604 = VECTOR('',#5605,1.);
#5605 = DIRECTION('',(1.,0.));
#5606 = ( GEOMETRIC_REPRESENTATION_CONTEXT(2) 
PARAMETRIC_REPRESENTATION_CONTEXT() REPRESENTATION_CONTEXT('2D SPACE',''
  ) );
#5607 = ORIENTED_EDGE('',*,*,#3183,.T.);
#5608 = ORIENTED_EDGE('',*,*,#5536,.F.);
#5609 = ADVANCED_FACE('',(#5610),#2385,.T.);
#5610 = FACE_BOUND('',#5611,.T.);
#5611 = EDGE_LOOP('',(#5612,#5613,#5614,#5615));
#5612 = ORIENTED_EDGE('',*,*,#2367,.F.);
#5613 = ORIENTED_EDGE('',*,*,#5564,.T.);
#5614 = ORIENTED_EDGE('',*,*,#3883,.T.);
#5615 = ORIENTED_EDGE('',*,*,#5616,.F.);
#5616 = EDGE_CURVE('',#2334,#3884,#5617,.T.);
#5617 = SURFACE_CURVE('',#5618,(#5621,#5628),.PCURVE_S1.);
#5618 = B_SPLINE_CURVE_WITH_KNOTS('',1,(#5619,#5620),.UNSPECIFIED.,.F.,
  .F.,(2,2),(0.,1.),.PIECEWISE_BEZIER_KNOTS.);
#5619 = CARTESIAN_POINT('',(1.380200114835,-4.753687794019,0.));
#5620 = CARTESIAN_POINT('',(1.380200114835,-4.753687794019,5.));
#5621 = PCURVE('',#2385,#5622);
#5622 = DEFINITIONAL_REPRESENTATION('',(#5623),#5627);
#5623 = LINE('',#5624,#5625);
#5624 = CARTESIAN_POINT('',(0.,1.));
#5625 = VECTOR('',#5626,1.);
#5626 = DIRECTION('',(1.,0.));
#5627 = ( GEOMETRIC_REPRESENTATION_CONTEXT(2) 
PARAMETRIC_REPRESENTATION_CONTEXT() REPRESENTATION_CONTEXT('2D SPACE',''
  ) );
#5628 = PCURVE('',#2351,#5629);
#5629 = DEFINITIONAL_REPRESENTATION('',(#5630),#5634);
#5630 = LINE('',#5631,#5632);
#5631 = CARTESIAN_POINT('',(0.,0.));
#5632 = VECTOR('',#5633,1.);
#5633 = DIRECTION('',(1.,0.));
#5634 = ( GEOMETRIC_REPRESENTATION_CONTEXT(2) 
PARAMETRIC_REPRESENTATION_CONTEXT() REPRESENTATION_CONTEXT('2D SPACE',''
  ) );
#5635 = ADVANCED_FACE('',(#5636),#719,.T.);
#5636 = FACE_BOUND('',#5637,.T.);
#5637 = EDGE_LOOP('',(#5638,#5639,#5659,#5660));
#5638 = ORIENTED_EDGE('',*,*,#701,.F.);
#5639 = ORIENTED_EDGE('',*,*,#5640,.T.);
#5640 = EDGE_CURVE('',#702,#3134,#5641,.T.);
#5641 = SURFACE_CURVE('',#5642,(#5645,#5652),.PCURVE_S1.);
#5642 = B_SPLINE_CURVE_WITH_KNOTS('',1,(#5643,#5644),.UNSPECIFIED.,.F.,
  .F.,(2,2),(0.,1.),.PIECEWISE_BEZIER_KNOTS.);
#5643 = CARTESIAN_POINT('',(1.677542230787,4.657075484027,0.));
#5644 = CARTESIAN_POINT('',(1.677542230787,4.657075484027,5.));
#5645 = PCURVE('',#719,#5646);
#5646 = DEFINITIONAL_REPRESENTATION('',(#5647),#5651);
#5647 = LINE('',#5648,#5649);
#5648 = CARTESIAN_POINT('',(0.,0.));
#5649 = VECTOR('',#5650,1.);
#5650 = DIRECTION('',(1.,0.));
#5651 = ( GEOMETRIC_REPRESENTATION_CONTEXT(2) 
PARAMETRIC_REPRESENTATION_CONTEXT() REPRESENTATION_CONTEXT('2D SPACE',''
  ) );
#5652 = PCURVE('',#753,#5653);
#5653 = DEFINITIONAL_REPRESENTATION('',(#5654),#5658);
#5654 = LINE('',#5655,#5656);
#5655 = CARTESIAN_POINT('',(0.,1.));
#5656 = VECTOR('',#5657,1.);
#5657 = DIRECTION('',(1.,0.));
#5658 = ( GEOMETRIC_REPRESENTATION_CONTEXT(2) 
PARAMETRIC_REPRESENTATION_CONTEXT() REPRESENTATION_CONTEXT('2D SPACE',''
  ) );
#5659 = ORIENTED_EDGE('',*,*,#3158,.T.);
#5660 = ORIENTED_EDGE('',*,*,#5588,.F.);
#5661 = ADVANCED_FACE('',(#5662),#2351,.T.);
#5662 = FACE_BOUND('',#5663,.T.);
#5663 = EDGE_LOOP('',(#5664,#5665,#5666,#5667));
#5664 = ORIENTED_EDGE('',*,*,#2333,.F.);
#5665 = ORIENTED_EDGE('',*,*,#5616,.T.);
#5666 = ORIENTED_EDGE('',*,*,#3908,.T.);
#5667 = ORIENTED_EDGE('',*,*,#5668,.F.);
#5668 = EDGE_CURVE('',#2300,#3909,#5669,.T.);
#5669 = SURFACE_CURVE('',#5670,(#5673,#5680),.PCURVE_S1.);
#5670 = B_SPLINE_CURVE_WITH_KNOTS('',1,(#5671,#5672),.UNSPECIFIED.,.F.,
  .F.,(2,2),(0.,1.),.PIECEWISE_BEZIER_KNOTS.);
#5671 = CARTESIAN_POINT('',(0.925760069578,-4.126035419159,0.));
#5672 = CARTESIAN_POINT('',(0.925760069578,-4.126035419159,5.));
#5673 = PCURVE('',#2351,#5674);
#5674 = DEFINITIONAL_REPRESENTATION('',(#5675),#5679);
#5675 = LINE('',#5676,#5677);
#5676 = CARTESIAN_POINT('',(0.,1.));
#5677 = VECTOR('',#5678,1.);
#5678 = DIRECTION('',(1.,0.));
#5679 = ( GEOMETRIC_REPRESENTATION_CONTEXT(2) 
PARAMETRIC_REPRESENTATION_CONTEXT() REPRESENTATION_CONTEXT('2D SPACE',''
  ) );
#5680 = PCURVE('',#2317,#5681);
#5681 = DEFINITIONAL_REPRESENTATION('',(#5682),#5686);
#5682 = LINE('',#5683,#5684);
#5683 = CARTESIAN_POINT('',(0.,0.));
#5684 = VECTOR('',#5685,1.);
#5685 = DIRECTION('',(1.,0.));
#5686 = ( GEOMETRIC_REPRESENTATION_CONTEXT(2) 
PARAMETRIC_REPRESENTATION_CONTEXT() REPRESENTATION_CONTEXT('2D SPACE',''
  ) );
#5687 = ADVANCED_FACE('',(#5688),#753,.T.);
#5688 = FACE_BOUND('',#5689,.T.);
#5689 = EDGE_LOOP('',(#5690,#5691,#5711,#5712));
#5690 = ORIENTED_EDGE('',*,*,#735,.F.);
#5691 = ORIENTED_EDGE('',*,*,#5692,.T.);
#5692 = EDGE_CURVE('',#736,#3109,#5693,.T.);
#5693 = SURFACE_CURVE('',#5694,(#5697,#5704),.PCURVE_S1.);
#5694 = B_SPLINE_CURVE_WITH_KNOTS('',1,(#5695,#5696),.UNSPECIFIED.,.F.,
  .F.,(2,2),(0.,1.),.PIECEWISE_BEZIER_KNOTS.);
#5695 = CARTESIAN_POINT('',(1.380200114835,4.753687794019,0.));
#5696 = CARTESIAN_POINT('',(1.380200114835,4.753687794019,5.));
#5697 = PCURVE('',#753,#5698);
#5698 = DEFINITIONAL_REPRESENTATION('',(#5699),#5703);
#5699 = LINE('',#5700,#5701);
#5700 = CARTESIAN_POINT('',(0.,0.));
#5701 = VECTOR('',#5702,1.);
#5702 = DIRECTION('',(1.,0.));
#5703 = ( GEOMETRIC_REPRESENTATION_CONTEXT(2) 
PARAMETRIC_REPRESENTATION_CONTEXT() REPRESENTATION_CONTEXT('2D SPACE',''
  ) );
#5704 = PCURVE('',#787,#5705);
#5705 = DEFINITIONAL_REPRESENTATION('',(#5706),#5710);
#5706 = LINE('',#5707,#5708);
#5707 = CARTESIAN_POINT('',(0.,1.));
#5708 = VECTOR('',#5709,1.);
#5709 = DIRECTION('',(1.,0.));
#5710 = ( GEOMETRIC_REPRESENTATION_CONTEXT(2) 
PARAMETRIC_REPRESENTATION_CONTEXT() REPRESENTATION_CONTEXT('2D SPACE',''
  ) );
#5711 = ORIENTED_EDGE('',*,*,#3133,.T.);
#5712 = ORIENTED_EDGE('',*,*,#5640,.F.);
#5713 = ADVANCED_FACE('',(#5714),#2317,.T.);
#5714 = FACE_BOUND('',#5715,.T.);
#5715 = EDGE_LOOP('',(#5716,#5717,#5718,#5719));
#5716 = ORIENTED_EDGE('',*,*,#2299,.F.);
#5717 = ORIENTED_EDGE('',*,*,#5668,.T.);
#5718 = ORIENTED_EDGE('',*,*,#3933,.T.);
#5719 = ORIENTED_EDGE('',*,*,#5720,.F.);
#5720 = EDGE_CURVE('',#2266,#3934,#5721,.T.);
#5721 = SURFACE_CURVE('',#5722,(#5725,#5732),.PCURVE_S1.);
#5722 = B_SPLINE_CURVE_WITH_KNOTS('',1,(#5723,#5724),.UNSPECIFIED.,.F.,
  .F.,(2,2),(0.,1.),.PIECEWISE_BEZIER_KNOTS.);
#5723 = CARTESIAN_POINT('',(0.394564917215,-4.210168466069,0.));
#5724 = CARTESIAN_POINT('',(0.394564917215,-4.210168466069,5.));
#5725 = PCURVE('',#2317,#5726);
#5726 = DEFINITIONAL_REPRESENTATION('',(#5727),#5731);
#5727 = LINE('',#5728,#5729);
#5728 = CARTESIAN_POINT('',(0.,1.));
#5729 = VECTOR('',#5730,1.);
#5730 = DIRECTION('',(1.,0.));
#5731 = ( GEOMETRIC_REPRESENTATION_CONTEXT(2) 
PARAMETRIC_REPRESENTATION_CONTEXT() REPRESENTATION_CONTEXT('2D SPACE',''
  ) );
#5732 = PCURVE('',#2283,#5733);
#5733 = DEFINITIONAL_REPRESENTATION('',(#5734),#5738);
#5734 = LINE('',#5735,#5736);
#5735 = CARTESIAN_POINT('',(0.,0.));
#5736 = VECTOR('',#5737,1.);
#5737 = DIRECTION('',(1.,0.));
#5738 = ( GEOMETRIC_REPRESENTATION_CONTEXT(2) 
PARAMETRIC_REPRESENTATION_CONTEXT() REPRESENTATION_CONTEXT('2D SPACE',''
  ) );
#5739 = ADVANCED_FACE('',(#5740),#787,.T.);
#5740 = FACE_BOUND('',#5741,.T.);
#5741 = EDGE_LOOP('',(#5742,#5743,#5763,#5764));
#5742 = ORIENTED_EDGE('',*,*,#769,.F.);
#5743 = ORIENTED_EDGE('',*,*,#5744,.T.);
#5744 = EDGE_CURVE('',#770,#3084,#5745,.T.);
#5745 = SURFACE_CURVE('',#5746,(#5749,#5756),.PCURVE_S1.);
#5746 = B_SPLINE_CURVE_WITH_KNOTS('',1,(#5747,#5748),.UNSPECIFIED.,.F.,
  .F.,(2,2),(0.,1.),.PIECEWISE_BEZIER_KNOTS.);
#5747 = CARTESIAN_POINT('',(0.925760069578,4.126035419159,0.));
#5748 = CARTESIAN_POINT('',(0.925760069578,4.126035419159,5.));
#5749 = PCURVE('',#787,#5750);
#5750 = DEFINITIONAL_REPRESENTATION('',(#5751),#5755);
#5751 = LINE('',#5752,#5753);
#5752 = CARTESIAN_POINT('',(0.,0.));
#5753 = VECTOR('',#5754,1.);
#5754 = DIRECTION('',(1.,0.));
#5755 = ( GEOMETRIC_REPRESENTATION_CONTEXT(2) 
PARAMETRIC_REPRESENTATION_CONTEXT() REPRESENTATION_CONTEXT('2D SPACE',''
  ) );
#5756 = PCURVE('',#821,#5757);
#5757 = DEFINITIONAL_REPRESENTATION('',(#5758),#5762);
#5758 = LINE('',#5759,#5760);
#5759 = CARTESIAN_POINT('',(0.,1.));
#5760 = VECTOR('',#5761,1.);
#5761 = DIRECTION('',(1.,0.));
#5762 = ( GEOMETRIC_REPRESENTATION_CONTEXT(2) 
PARAMETRIC_REPRESENTATION_CONTEXT() REPRESENTATION_CONTEXT('2D SPACE',''
  ) );
#5763 = ORIENTED_EDGE('',*,*,#3108,.T.);
#5764 = ORIENTED_EDGE('',*,*,#5692,.F.);
#5765 = ADVANCED_FACE('',(#5766),#2283,.T.);
#5766 = FACE_BOUND('',#5767,.T.);
#5767 = EDGE_LOOP('',(#5768,#5769,#5770,#5771));
#5768 = ORIENTED_EDGE('',*,*,#2265,.F.);
#5769 = ORIENTED_EDGE('',*,*,#5720,.T.);
#5770 = ORIENTED_EDGE('',*,*,#3958,.T.);
#5771 = ORIENTED_EDGE('',*,*,#5772,.F.);
#5772 = EDGE_CURVE('',#2232,#3959,#5773,.T.);
#5773 = SURFACE_CURVE('',#5774,(#5777,#5784),.PCURVE_S1.);
#5774 = B_SPLINE_CURVE_WITH_KNOTS('',1,(#5775,#5776),.UNSPECIFIED.,.F.,
  .F.,(2,2),(0.,1.),.PIECEWISE_BEZIER_KNOTS.);
#5775 = CARTESIAN_POINT('',(0.156322001299,-4.947531044057,0.));
#5776 = CARTESIAN_POINT('',(0.156322001299,-4.947531044057,5.));
#5777 = PCURVE('',#2283,#5778);
#5778 = DEFINITIONAL_REPRESENTATION('',(#5779),#5783);
#5779 = LINE('',#5780,#5781);
#5780 = CARTESIAN_POINT('',(0.,1.));
#5781 = VECTOR('',#5782,1.);
#5782 = DIRECTION('',(1.,0.));
#5783 = ( GEOMETRIC_REPRESENTATION_CONTEXT(2) 
PARAMETRIC_REPRESENTATION_CONTEXT() REPRESENTATION_CONTEXT('2D SPACE',''
  ) );
#5784 = PCURVE('',#2249,#5785);
#5785 = DEFINITIONAL_REPRESENTATION('',(#5786),#5790);
#5786 = LINE('',#5787,#5788);
#5787 = CARTESIAN_POINT('',(0.,0.));
#5788 = VECTOR('',#5789,1.);
#5789 = DIRECTION('',(1.,0.));
#5790 = ( GEOMETRIC_REPRESENTATION_CONTEXT(2) 
PARAMETRIC_REPRESENTATION_CONTEXT() REPRESENTATION_CONTEXT('2D SPACE',''
  ) );
#5791 = ADVANCED_FACE('',(#5792),#821,.T.);
#5792 = FACE_BOUND('',#5793,.T.);
#5793 = EDGE_LOOP('',(#5794,#5795,#5815,#5816));
#5794 = ORIENTED_EDGE('',*,*,#803,.F.);
#5795 = ORIENTED_EDGE('',*,*,#5796,.T.);
#5796 = EDGE_CURVE('',#804,#3059,#5797,.T.);
#5797 = SURFACE_CURVE('',#5798,(#5801,#5808),.PCURVE_S1.);
#5798 = B_SPLINE_CURVE_WITH_KNOTS('',1,(#5799,#5800),.UNSPECIFIED.,.F.,
  .F.,(2,2),(0.,1.),.PIECEWISE_BEZIER_KNOTS.);
#5799 = CARTESIAN_POINT('',(0.394564917215,4.210168466069,0.));
#5800 = CARTESIAN_POINT('',(0.394564917215,4.210168466069,5.));
#5801 = PCURVE('',#821,#5802);
#5802 = DEFINITIONAL_REPRESENTATION('',(#5803),#5807);
#5803 = LINE('',#5804,#5805);
#5804 = CARTESIAN_POINT('',(0.,0.));
#5805 = VECTOR('',#5806,1.);
#5806 = DIRECTION('',(1.,0.));
#5807 = ( GEOMETRIC_REPRESENTATION_CONTEXT(2) 
PARAMETRIC_REPRESENTATION_CONTEXT() REPRESENTATION_CONTEXT('2D SPACE',''
  ) );
#5808 = PCURVE('',#855,#5809);
#5809 = DEFINITIONAL_REPRESENTATION('',(#5810),#5814);
#5810 = LINE('',#5811,#5812);
#5811 = CARTESIAN_POINT('',(0.,1.));
#5812 = VECTOR('',#5813,1.);
#5813 = DIRECTION('',(1.,0.));
#5814 = ( GEOMETRIC_REPRESENTATION_CONTEXT(2) 
PARAMETRIC_REPRESENTATION_CONTEXT() REPRESENTATION_CONTEXT('2D SPACE',''
  ) );
#5815 = ORIENTED_EDGE('',*,*,#3083,.T.);
#5816 = ORIENTED_EDGE('',*,*,#5744,.F.);
#5817 = ADVANCED_FACE('',(#5818),#2249,.T.);
#5818 = FACE_BOUND('',#5819,.T.);
#5819 = EDGE_LOOP('',(#5820,#5821,#5822,#5823));
#5820 = ORIENTED_EDGE('',*,*,#2231,.F.);
#5821 = ORIENTED_EDGE('',*,*,#5772,.T.);
#5822 = ORIENTED_EDGE('',*,*,#3983,.T.);
#5823 = ORIENTED_EDGE('',*,*,#5824,.F.);
#5824 = EDGE_CURVE('',#2198,#3984,#5825,.T.);
#5825 = SURFACE_CURVE('',#5826,(#5829,#5836),.PCURVE_S1.);
#5826 = B_SPLINE_CURVE_WITH_KNOTS('',1,(#5827,#5828),.UNSPECIFIED.,.F.,
  .F.,(2,2),(0.,1.),.PIECEWISE_BEZIER_KNOTS.);
#5827 = CARTESIAN_POINT('',(-0.156322001299,-4.947531044057,0.));
#5828 = CARTESIAN_POINT('',(-0.156322001299,-4.947531044057,5.));
#5829 = PCURVE('',#2249,#5830);
#5830 = DEFINITIONAL_REPRESENTATION('',(#5831),#5835);
#5831 = LINE('',#5832,#5833);
#5832 = CARTESIAN_POINT('',(0.,1.));
#5833 = VECTOR('',#5834,1.);
#5834 = DIRECTION('',(1.,0.));
#5835 = ( GEOMETRIC_REPRESENTATION_CONTEXT(2) 
PARAMETRIC_REPRESENTATION_CONTEXT() REPRESENTATION_CONTEXT('2D SPACE',''
  ) );
#5836 = PCURVE('',#2215,#5837);
#5837 = DEFINITIONAL_REPRESENTATION('',(#5838),#5842);
#5838 = LINE('',#5839,#5840);
#5839 = CARTESIAN_POINT('',(0.,0.));
#5840 = VECTOR('',#5841,1.);
#5841 = DIRECTION('',(1.,0.));
#5842 = ( GEOMETRIC_REPRESENTATION_CONTEXT(2) 
PARAMETRIC_REPRESENTATION_CONTEXT() REPRESENTATION_CONTEXT('2D SPACE',''
  ) );
#5843 = ADVANCED_FACE('',(#5844),#855,.T.);
#5844 = FACE_BOUND('',#5845,.T.);
#5845 = EDGE_LOOP('',(#5846,#5847,#5867,#5868));
#5846 = ORIENTED_EDGE('',*,*,#837,.F.);
#5847 = ORIENTED_EDGE('',*,*,#5848,.T.);
#5848 = EDGE_CURVE('',#838,#3034,#5849,.T.);
#5849 = SURFACE_CURVE('',#5850,(#5853,#5860),.PCURVE_S1.);
#5850 = B_SPLINE_CURVE_WITH_KNOTS('',1,(#5851,#5852),.UNSPECIFIED.,.F.,
  .F.,(2,2),(0.,1.),.PIECEWISE_BEZIER_KNOTS.);
#5851 = CARTESIAN_POINT('',(0.156322001299,4.947531044057,0.));
#5852 = CARTESIAN_POINT('',(0.156322001299,4.947531044057,5.));
#5853 = PCURVE('',#855,#5854);
#5854 = DEFINITIONAL_REPRESENTATION('',(#5855),#5859);
#5855 = LINE('',#5856,#5857);
#5856 = CARTESIAN_POINT('',(0.,0.));
#5857 = VECTOR('',#5858,1.);
#5858 = DIRECTION('',(1.,0.));
#5859 = ( GEOMETRIC_REPRESENTATION_CONTEXT(2) 
PARAMETRIC_REPRESENTATION_CONTEXT() REPRESENTATION_CONTEXT('2D SPACE',''
  ) );
#5860 = PCURVE('',#889,#5861);
#5861 = DEFINITIONAL_REPRESENTATION('',(#5862),#5866);
#5862 = LINE('',#5863,#5864);
#5863 = CARTESIAN_POINT('',(0.,1.));
#5864 = VECTOR('',#5865,1.);
#5865 = DIRECTION('',(1.,0.));
#5866 = ( GEOMETRIC_REPRESENTATION_CONTEXT(2) 
PARAMETRIC_REPRESENTATION_CONTEXT() REPRESENTATION_CONTEXT('2D SPACE',''
  ) );
#5867 = ORIENTED_EDGE('',*,*,#3058,.T.);
#5868 = ORIENTED_EDGE('',*,*,#5796,.F.);
#5869 = ADVANCED_FACE('',(#5870),#2215,.T.);
#5870 = FACE_BOUND('',#5871,.T.);
#5871 = EDGE_LOOP('',(#5872,#5873,#5874,#5875));
#5872 = ORIENTED_EDGE('',*,*,#2197,.F.);
#5873 = ORIENTED_EDGE('',*,*,#5824,.T.);
#5874 = ORIENTED_EDGE('',*,*,#4008,.T.);
#5875 = ORIENTED_EDGE('',*,*,#5876,.F.);
#5876 = EDGE_CURVE('',#2164,#4009,#5877,.T.);
#5877 = SURFACE_CURVE('',#5878,(#5881,#5888),.PCURVE_S1.);
#5878 = B_SPLINE_CURVE_WITH_KNOTS('',1,(#5879,#5880),.UNSPECIFIED.,.F.,
  .F.,(2,2),(0.,1.),.PIECEWISE_BEZIER_KNOTS.);
#5879 = CARTESIAN_POINT('',(-0.394564917215,-4.210168466069,0.));
#5880 = CARTESIAN_POINT('',(-0.394564917215,-4.210168466069,5.));
#5881 = PCURVE('',#2215,#5882);
#5882 = DEFINITIONAL_REPRESENTATION('',(#5883),#5887);
#5883 = LINE('',#5884,#5885);
#5884 = CARTESIAN_POINT('',(0.,1.));
#5885 = VECTOR('',#5886,1.);
#5886 = DIRECTION('',(1.,0.));
#5887 = ( GEOMETRIC_REPRESENTATION_CONTEXT(2) 
PARAMETRIC_REPRESENTATION_CONTEXT() REPRESENTATION_CONTEXT('2D SPACE',''
  ) );
#5888 = PCURVE('',#2181,#5889);
#5889 = DEFINITIONAL_REPRESENTATION('',(#5890),#5894);
#5890 = LINE('',#5891,#5892);
#5891 = CARTESIAN_POINT('',(0.,0.));
#5892 = VECTOR('',#5893,1.);
#5893 = DIRECTION('',(1.,0.));
#5894 = ( GEOMETRIC_REPRESENTATION_CONTEXT(2) 
PARAMETRIC_REPRESENTATION_CONTEXT() REPRESENTATION_CONTEXT('2D SPACE',''
  ) );
#5895 = ADVANCED_FACE('',(#5896),#889,.T.);
#5896 = FACE_BOUND('',#5897,.T.);
#5897 = EDGE_LOOP('',(#5898,#5899,#5919,#5920));
#5898 = ORIENTED_EDGE('',*,*,#871,.F.);
#5899 = ORIENTED_EDGE('',*,*,#5900,.T.);
#5900 = EDGE_CURVE('',#872,#3009,#5901,.T.);
#5901 = SURFACE_CURVE('',#5902,(#5905,#5912),.PCURVE_S1.);
#5902 = B_SPLINE_CURVE_WITH_KNOTS('',1,(#5903,#5904),.UNSPECIFIED.,.F.,
  .F.,(2,2),(0.,1.),.PIECEWISE_BEZIER_KNOTS.);
#5903 = CARTESIAN_POINT('',(-0.156322001299,4.947531044057,0.));
#5904 = CARTESIAN_POINT('',(-0.156322001299,4.947531044057,5.));
#5905 = PCURVE('',#889,#5906);
#5906 = DEFINITIONAL_REPRESENTATION('',(#5907),#5911);
#5907 = LINE('',#5908,#5909);
#5908 = CARTESIAN_POINT('',(0.,0.));
#5909 = VECTOR('',#5910,1.);
#5910 = DIRECTION('',(1.,0.));
#5911 = ( GEOMETRIC_REPRESENTATION_CONTEXT(2) 
PARAMETRIC_REPRESENTATION_CONTEXT() REPRESENTATION_CONTEXT('2D SPACE',''
  ) );
#5912 = PCURVE('',#923,#5913);
#5913 = DEFINITIONAL_REPRESENTATION('',(#5914),#5918);
#5914 = LINE('',#5915,#5916);
#5915 = CARTESIAN_POINT('',(0.,1.));
#5916 = VECTOR('',#5917,1.);
#5917 = DIRECTION('',(1.,0.));
#5918 = ( GEOMETRIC_REPRESENTATION_CONTEXT(2) 
PARAMETRIC_REPRESENTATION_CONTEXT() REPRESENTATION_CONTEXT('2D SPACE',''
  ) );
#5919 = ORIENTED_EDGE('',*,*,#3033,.T.);
#5920 = ORIENTED_EDGE('',*,*,#5848,.F.);
#5921 = ADVANCED_FACE('',(#5922),#2181,.T.);
#5922 = FACE_BOUND('',#5923,.T.);
#5923 = EDGE_LOOP('',(#5924,#5925,#5926,#5927));
#5924 = ORIENTED_EDGE('',*,*,#2163,.F.);
#5925 = ORIENTED_EDGE('',*,*,#5876,.T.);
#5926 = ORIENTED_EDGE('',*,*,#4033,.T.);
#5927 = ORIENTED_EDGE('',*,*,#5928,.F.);
#5928 = EDGE_CURVE('',#2130,#4034,#5929,.T.);
#5929 = SURFACE_CURVE('',#5930,(#5933,#5940),.PCURVE_S1.);
#5930 = B_SPLINE_CURVE_WITH_KNOTS('',1,(#5931,#5932),.UNSPECIFIED.,.F.,
  .F.,(2,2),(0.,1.),.PIECEWISE_BEZIER_KNOTS.);
#5931 = CARTESIAN_POINT('',(-0.925760069578,-4.126035419159,0.));
#5932 = CARTESIAN_POINT('',(-0.925760069578,-4.126035419159,5.));
#5933 = PCURVE('',#2181,#5934);
#5934 = DEFINITIONAL_REPRESENTATION('',(#5935),#5939);
#5935 = LINE('',#5936,#5937);
#5936 = CARTESIAN_POINT('',(0.,1.));
#5937 = VECTOR('',#5938,1.);
#5938 = DIRECTION('',(1.,0.));
#5939 = ( GEOMETRIC_REPRESENTATION_CONTEXT(2) 
PARAMETRIC_REPRESENTATION_CONTEXT() REPRESENTATION_CONTEXT('2D SPACE',''
  ) );
#5940 = PCURVE('',#2147,#5941);
#5941 = DEFINITIONAL_REPRESENTATION('',(#5942),#5946);
#5942 = LINE('',#5943,#5944);
#5943 = CARTESIAN_POINT('',(0.,0.));
#5944 = VECTOR('',#5945,1.);
#5945 = DIRECTION('',(1.,0.));
#5946 = ( GEOMETRIC_REPRESENTATION_CONTEXT(2) 
PARAMETRIC_REPRESENTATION_CONTEXT() REPRESENTATION_CONTEXT('2D SPACE',''
  ) );
#5947 = ADVANCED_FACE('',(#5948),#923,.T.);
#5948 = FACE_BOUND('',#5949,.T.);
#5949 = EDGE_LOOP('',(#5950,#5951,#5971,#5972));
#5950 = ORIENTED_EDGE('',*,*,#905,.F.);
#5951 = ORIENTED_EDGE('',*,*,#5952,.T.);
#5952 = EDGE_CURVE('',#906,#2984,#5953,.T.);
#5953 = SURFACE_CURVE('',#5954,(#5957,#5964),.PCURVE_S1.);
#5954 = B_SPLINE_CURVE_WITH_KNOTS('',1,(#5955,#5956),.UNSPECIFIED.,.F.,
  .F.,(2,2),(0.,1.),.PIECEWISE_BEZIER_KNOTS.);
#5955 = CARTESIAN_POINT('',(-0.394564917215,4.210168466069,0.));
#5956 = CARTESIAN_POINT('',(-0.394564917215,4.210168466069,5.));
#5957 = PCURVE('',#923,#5958);
#5958 = DEFINITIONAL_REPRESENTATION('',(#5959),#5963);
#5959 = LINE('',#5960,#5961);
#5960 = CARTESIAN_POINT('',(0.,0.));
#5961 = VECTOR('',#5962,1.);
#5962 = DIRECTION('',(1.,0.));
#5963 = ( GEOMETRIC_REPRESENTATION_CONTEXT(2) 
PARAMETRIC_REPRESENTATION_CONTEXT() REPRESENTATION_CONTEXT('2D SPACE',''
  ) );
#5964 = PCURVE('',#957,#5965);
#5965 = DEFINITIONAL_REPRESENTATION('',(#5966),#5970);
#5966 = LINE('',#5967,#5968);
#5967 = CARTESIAN_POINT('',(0.,1.));
#5968 = VECTOR('',#5969,1.);
#5969 = DIRECTION('',(1.,0.));
#5970 = ( GEOMETRIC_REPRESENTATION_CONTEXT(2) 
PARAMETRIC_REPRESENTATION_CONTEXT() REPRESENTATION_CONTEXT('2D SPACE',''
  ) );
#5971 = ORIENTED_EDGE('',*,*,#3008,.T.);
#5972 = ORIENTED_EDGE('',*,*,#5900,.F.);
#5973 = ADVANCED_FACE('',(#5974),#2147,.T.);
#5974 = FACE_BOUND('',#5975,.T.);
#5975 = EDGE_LOOP('',(#5976,#5977,#5978,#5979));
#5976 = ORIENTED_EDGE('',*,*,#2129,.F.);
#5977 = ORIENTED_EDGE('',*,*,#5928,.T.);
#5978 = ORIENTED_EDGE('',*,*,#4058,.T.);
#5979 = ORIENTED_EDGE('',*,*,#5980,.F.);
#5980 = EDGE_CURVE('',#2096,#4059,#5981,.T.);
#5981 = SURFACE_CURVE('',#5982,(#5985,#5992),.PCURVE_S1.);
#5982 = B_SPLINE_CURVE_WITH_KNOTS('',1,(#5983,#5984),.UNSPECIFIED.,.F.,
  .F.,(2,2),(0.,1.),.PIECEWISE_BEZIER_KNOTS.);
#5983 = CARTESIAN_POINT('',(-1.380200114835,-4.753687794019,0.));
#5984 = CARTESIAN_POINT('',(-1.380200114835,-4.753687794019,5.));
#5985 = PCURVE('',#2147,#5986);
#5986 = DEFINITIONAL_REPRESENTATION('',(#5987),#5991);
#5987 = LINE('',#5988,#5989);
#5988 = CARTESIAN_POINT('',(0.,1.));
#5989 = VECTOR('',#5990,1.);
#5990 = DIRECTION('',(1.,0.));
#5991 = ( GEOMETRIC_REPRESENTATION_CONTEXT(2) 
PARAMETRIC_REPRESENTATION_CONTEXT() REPRESENTATION_CONTEXT('2D SPACE',''
  ) );
#5992 = PCURVE('',#2113,#5993);
#5993 = DEFINITIONAL_REPRESENTATION('',(#5994),#5998);
#5994 = LINE('',#5995,#5996);
#5995 = CARTESIAN_POINT('',(0.,0.));
#5996 = VECTOR('',#5997,1.);
#5997 = DIRECTION('',(1.,0.));
#5998 = ( GEOMETRIC_REPRESENTATION_CONTEXT(2) 
PARAMETRIC_REPRESENTATION_CONTEXT() REPRESENTATION_CONTEXT('2D SPACE',''
  ) );
#5999 = ADVANCED_FACE('',(#6000),#957,.T.);
#6000 = FACE_BOUND('',#6001,.T.);
#6001 = EDGE_LOOP('',(#6002,#6003,#6023,#6024));
#6002 = ORIENTED_EDGE('',*,*,#939,.F.);
#6003 = ORIENTED_EDGE('',*,*,#6004,.T.);
#6004 = EDGE_CURVE('',#940,#2959,#6005,.T.);
#6005 = SURFACE_CURVE('',#6006,(#6009,#6016),.PCURVE_S1.);
#6006 = B_SPLINE_CURVE_WITH_KNOTS('',1,(#6007,#6008),.UNSPECIFIED.,.F.,
  .F.,(2,2),(0.,1.),.PIECEWISE_BEZIER_KNOTS.);
#6007 = CARTESIAN_POINT('',(-0.925760069578,4.126035419159,0.));
#6008 = CARTESIAN_POINT('',(-0.925760069578,4.126035419159,5.));
#6009 = PCURVE('',#957,#6010);
#6010 = DEFINITIONAL_REPRESENTATION('',(#6011),#6015);
#6011 = LINE('',#6012,#6013);
#6012 = CARTESIAN_POINT('',(0.,0.));
#6013 = VECTOR('',#6014,1.);
#6014 = DIRECTION('',(1.,0.));
#6015 = ( GEOMETRIC_REPRESENTATION_CONTEXT(2) 
PARAMETRIC_REPRESENTATION_CONTEXT() REPRESENTATION_CONTEXT('2D SPACE',''
  ) );
#6016 = PCURVE('',#991,#6017);
#6017 = DEFINITIONAL_REPRESENTATION('',(#6018),#6022);
#6018 = LINE('',#6019,#6020);
#6019 = CARTESIAN_POINT('',(0.,1.));
#6020 = VECTOR('',#6021,1.);
#6021 = DIRECTION('',(1.,0.));
#6022 = ( GEOMETRIC_REPRESENTATION_CONTEXT(2) 
PARAMETRIC_REPRESENTATION_CONTEXT() REPRESENTATION_CONTEXT('2D SPACE',''
  ) );
#6023 = ORIENTED_EDGE('',*,*,#2983,.T.);
#6024 = ORIENTED_EDGE('',*,*,#5952,.F.);
#6025 = ADVANCED_FACE('',(#6026),#2113,.T.);
#6026 = FACE_BOUND('',#6027,.T.);
#6027 = EDGE_LOOP('',(#6028,#6029,#6030,#6031));
#6028 = ORIENTED_EDGE('',*,*,#2095,.F.);
#6029 = ORIENTED_EDGE('',*,*,#5980,.T.);
#6030 = ORIENTED_EDGE('',*,*,#4083,.T.);
#6031 = ORIENTED_EDGE('',*,*,#6032,.F.);
#6032 = EDGE_CURVE('',#2062,#4084,#6033,.T.);
#6033 = SURFACE_CURVE('',#6034,(#6037,#6044),.PCURVE_S1.);
#6034 = B_SPLINE_CURVE_WITH_KNOTS('',1,(#6035,#6036),.UNSPECIFIED.,.F.,
  .F.,(2,2),(0.,1.),.PIECEWISE_BEZIER_KNOTS.);
#6035 = CARTESIAN_POINT('',(-1.677542230787,-4.657075484027,0.));
#6036 = CARTESIAN_POINT('',(-1.677542230787,-4.657075484027,5.));
#6037 = PCURVE('',#2113,#6038);
#6038 = DEFINITIONAL_REPRESENTATION('',(#6039),#6043);
#6039 = LINE('',#6040,#6041);
#6040 = CARTESIAN_POINT('',(0.,1.));
#6041 = VECTOR('',#6042,1.);
#6042 = DIRECTION('',(1.,0.));
#6043 = ( GEOMETRIC_REPRESENTATION_CONTEXT(2) 
PARAMETRIC_REPRESENTATION_CONTEXT() REPRESENTATION_CONTEXT('2D SPACE',''
  ) );
#6044 = PCURVE('',#2079,#6045);
#6045 = DEFINITIONAL_REPRESENTATION('',(#6046),#6050);
#6046 = LINE('',#6047,#6048);
#6047 = CARTESIAN_POINT('',(0.,0.));
#6048 = VECTOR('',#6049,1.);
#6049 = DIRECTION('',(1.,0.));
#6050 = ( GEOMETRIC_REPRESENTATION_CONTEXT(2) 
PARAMETRIC_REPRESENTATION_CONTEXT() REPRESENTATION_CONTEXT('2D SPACE',''
  ) );
#6051 = ADVANCED_FACE('',(#6052),#991,.T.);
#6052 = FACE_BOUND('',#6053,.T.);
#6053 = EDGE_LOOP('',(#6054,#6055,#6075,#6076));
#6054 = ORIENTED_EDGE('',*,*,#973,.F.);
#6055 = ORIENTED_EDGE('',*,*,#6056,.T.);
#6056 = EDGE_CURVE('',#974,#2934,#6057,.T.);
#6057 = SURFACE_CURVE('',#6058,(#6061,#6068),.PCURVE_S1.);
#6058 = B_SPLINE_CURVE_WITH_KNOTS('',1,(#6059,#6060),.UNSPECIFIED.,.F.,
  .F.,(2,2),(0.,1.),.PIECEWISE_BEZIER_KNOTS.);
#6059 = CARTESIAN_POINT('',(-1.380200114835,4.753687794019,0.));
#6060 = CARTESIAN_POINT('',(-1.380200114835,4.753687794019,5.));
#6061 = PCURVE('',#991,#6062);
#6062 = DEFINITIONAL_REPRESENTATION('',(#6063),#6067);
#6063 = LINE('',#6064,#6065);
#6064 = CARTESIAN_POINT('',(0.,0.));
#6065 = VECTOR('',#6066,1.);
#6066 = DIRECTION('',(1.,0.));
#6067 = ( GEOMETRIC_REPRESENTATION_CONTEXT(2) 
PARAMETRIC_REPRESENTATION_CONTEXT() REPRESENTATION_CONTEXT('2D SPACE',''
  ) );
#6068 = PCURVE('',#1025,#6069);
#6069 = DEFINITIONAL_REPRESENTATION('',(#6070),#6074);
#6070 = LINE('',#6071,#6072);
#6071 = CARTESIAN_POINT('',(0.,1.));
#6072 = VECTOR('',#6073,1.);
#6073 = DIRECTION('',(1.,0.));
#6074 = ( GEOMETRIC_REPRESENTATION_CONTEXT(2) 
PARAMETRIC_REPRESENTATION_CONTEXT() REPRESENTATION_CONTEXT('2D SPACE',''
  ) );
#6075 = ORIENTED_EDGE('',*,*,#2958,.T.);
#6076 = ORIENTED_EDGE('',*,*,#6004,.F.);
#6077 = ADVANCED_FACE('',(#6078),#2079,.T.);
#6078 = FACE_BOUND('',#6079,.T.);
#6079 = EDGE_LOOP('',(#6080,#6081,#6082,#6083));
#6080 = ORIENTED_EDGE('',*,*,#2061,.F.);
#6081 = ORIENTED_EDGE('',*,*,#6032,.T.);
#6082 = ORIENTED_EDGE('',*,*,#4108,.T.);
#6083 = ORIENTED_EDGE('',*,*,#6084,.F.);
#6084 = EDGE_CURVE('',#2028,#4109,#6085,.T.);
#6085 = SURFACE_CURVE('',#6086,(#6089,#6096),.PCURVE_S1.);
#6086 = B_SPLINE_CURVE_WITH_KNOTS('',1,(#6087,#6088),.UNSPECIFIED.,.F.,
  .F.,(2,2),(0.,1.),.PIECEWISE_BEZIER_KNOTS.);
#6087 = CARTESIAN_POINT('',(-1.676267140816,-3.882180889552,0.));
#6088 = CARTESIAN_POINT('',(-1.676267140816,-3.882180889552,5.));
#6089 = PCURVE('',#2079,#6090);
#6090 = DEFINITIONAL_REPRESENTATION('',(#6091),#6095);
#6091 = LINE('',#6092,#6093);
#6092 = CARTESIAN_POINT('',(0.,1.));
#6093 = VECTOR('',#6094,1.);
#6094 = DIRECTION('',(1.,0.));
#6095 = ( GEOMETRIC_REPRESENTATION_CONTEXT(2) 
PARAMETRIC_REPRESENTATION_CONTEXT() REPRESENTATION_CONTEXT('2D SPACE',''
  ) );
#6096 = PCURVE('',#2045,#6097);
#6097 = DEFINITIONAL_REPRESENTATION('',(#6098),#6102);
#6098 = LINE('',#6099,#6100);
#6099 = CARTESIAN_POINT('',(0.,0.));
#6100 = VECTOR('',#6101,1.);
#6101 = DIRECTION('',(1.,0.));
#6102 = ( GEOMETRIC_REPRESENTATION_CONTEXT(2) 
PARAMETRIC_REPRESENTATION_CONTEXT() REPRESENTATION_CONTEXT('2D SPACE',''
  ) );
#6103 = ADVANCED_FACE('',(#6104),#1025,.T.);
#6104 = FACE_BOUND('',#6105,.T.);
#6105 = EDGE_LOOP('',(#6106,#6107,#6127,#6128));
#6106 = ORIENTED_EDGE('',*,*,#1007,.F.);
#6107 = ORIENTED_EDGE('',*,*,#6108,.T.);
#6108 = EDGE_CURVE('',#1008,#2909,#6109,.T.);
#6109 = SURFACE_CURVE('',#6110,(#6113,#6120),.PCURVE_S1.);
#6110 = B_SPLINE_CURVE_WITH_KNOTS('',1,(#6111,#6112),.UNSPECIFIED.,.F.,
  .F.,(2,2),(0.,1.),.PIECEWISE_BEZIER_KNOTS.);
#6111 = CARTESIAN_POINT('',(-1.677542230787,4.657075484027,0.));
#6112 = CARTESIAN_POINT('',(-1.677542230787,4.657075484027,5.));
#6113 = PCURVE('',#1025,#6114);
#6114 = DEFINITIONAL_REPRESENTATION('',(#6115),#6119);
#6115 = LINE('',#6116,#6117);
#6116 = CARTESIAN_POINT('',(0.,0.));
#6117 = VECTOR('',#6118,1.);
#6118 = DIRECTION('',(1.,0.));
#6119 = ( GEOMETRIC_REPRESENTATION_CONTEXT(2) 
PARAMETRIC_REPRESENTATION_CONTEXT() REPRESENTATION_CONTEXT('2D SPACE',''
  ) );
#6120 = PCURVE('',#1059,#6121);
#6121 = DEFINITIONAL_REPRESENTATION('',(#6122),#6126);
#6122 = LINE('',#6123,#6124);
#6123 = CARTESIAN_POINT('',(0.,1.));
#6124 = VECTOR('',#6125,1.);
#6125 = DIRECTION('',(1.,0.));
#6126 = ( GEOMETRIC_REPRESENTATION_CONTEXT(2) 
PARAMETRIC_REPRESENTATION_CONTEXT() REPRESENTATION_CONTEXT('2D SPACE',''
  ) );
#6127 = ORIENTED_EDGE('',*,*,#2933,.T.);
#6128 = ORIENTED_EDGE('',*,*,#6056,.F.);
#6129 = ADVANCED_FACE('',(#6130),#2045,.T.);
#6130 = FACE_BOUND('',#6131,.T.);
#6131 = EDGE_LOOP('',(#6132,#6133,#6134,#6135));
#6132 = ORIENTED_EDGE('',*,*,#2027,.F.);
#6133 = ORIENTED_EDGE('',*,*,#6084,.T.);
#6134 = ORIENTED_EDGE('',*,*,#4133,.T.);
#6135 = ORIENTED_EDGE('',*,*,#6136,.F.);
#6136 = EDGE_CURVE('',#1994,#4134,#6137,.T.);
#6137 = SURFACE_CURVE('',#6138,(#6141,#6148),.PCURVE_S1.);
#6138 = B_SPLINE_CURVE_WITH_KNOTS('',1,(#6139,#6140),.UNSPECIFIED.,.F.,
  .F.,(2,2),(0.,1.),.PIECEWISE_BEZIER_KNOTS.);
#6139 = CARTESIAN_POINT('',(-2.155465210611,-3.638017277642,0.));
#6140 = CARTESIAN_POINT('',(-2.155465210611,-3.638017277642,5.));
#6141 = PCURVE('',#2045,#6142);
#6142 = DEFINITIONAL_REPRESENTATION('',(#6143),#6147);
#6143 = LINE('',#6144,#6145);
#6144 = CARTESIAN_POINT('',(0.,1.));
#6145 = VECTOR('',#6146,1.);
#6146 = DIRECTION('',(1.,0.));
#6147 = ( GEOMETRIC_REPRESENTATION_CONTEXT(2) 
PARAMETRIC_REPRESENTATION_CONTEXT() REPRESENTATION_CONTEXT('2D SPACE',''
  ) );
#6148 = PCURVE('',#2011,#6149);
#6149 = DEFINITIONAL_REPRESENTATION('',(#6150),#6154);
#6150 = LINE('',#6151,#6152);
#6151 = CARTESIAN_POINT('',(0.,0.));
#6152 = VECTOR('',#6153,1.);
#6153 = DIRECTION('',(1.,0.));
#6154 = ( GEOMETRIC_REPRESENTATION_CONTEXT(2) 
PARAMETRIC_REPRESENTATION_CONTEXT() REPRESENTATION_CONTEXT('2D SPACE',''
  ) );
#6155 = ADVANCED_FACE('',(#6156),#1059,.T.);
#6156 = FACE_BOUND('',#6157,.T.);
#6157 = EDGE_LOOP('',(#6158,#6159,#6179,#6180));
#6158 = ORIENTED_EDGE('',*,*,#1041,.F.);
#6159 = ORIENTED_EDGE('',*,*,#6160,.T.);
#6160 = EDGE_CURVE('',#1042,#2907,#6161,.T.);
#6161 = SURFACE_CURVE('',#6162,(#6165,#6172),.PCURVE_S1.);
#6162 = B_SPLINE_CURVE_WITH_KNOTS('',1,(#6163,#6164),.UNSPECIFIED.,.F.,
  .F.,(2,2),(0.,1.),.PIECEWISE_BEZIER_KNOTS.);
#6163 = CARTESIAN_POINT('',(-1.676267140816,3.882180889552,0.));
#6164 = CARTESIAN_POINT('',(-1.676267140816,3.882180889552,5.));
#6165 = PCURVE('',#1059,#6166);
#6166 = DEFINITIONAL_REPRESENTATION('',(#6167),#6171);
#6167 = LINE('',#6168,#6169);
#6168 = CARTESIAN_POINT('',(0.,0.));
#6169 = VECTOR('',#6170,1.);
#6170 = DIRECTION('',(1.,0.));
#6171 = ( GEOMETRIC_REPRESENTATION_CONTEXT(2) 
PARAMETRIC_REPRESENTATION_CONTEXT() REPRESENTATION_CONTEXT('2D SPACE',''
  ) );
#6172 = PCURVE('',#1093,#6173);
#6173 = DEFINITIONAL_REPRESENTATION('',(#6174),#6178);
#6174 = LINE('',#6175,#6176);
#6175 = CARTESIAN_POINT('',(0.,1.));
#6176 = VECTOR('',#6177,1.);
#6177 = DIRECTION('',(1.,0.));
#6178 = ( GEOMETRIC_REPRESENTATION_CONTEXT(2) 
PARAMETRIC_REPRESENTATION_CONTEXT() REPRESENTATION_CONTEXT('2D SPACE',''
  ) );
#6179 = ORIENTED_EDGE('',*,*,#2906,.T.);
#6180 = ORIENTED_EDGE('',*,*,#6108,.F.);
#6181 = ADVANCED_FACE('',(#6182),#2011,.T.);
#6182 = FACE_BOUND('',#6183,.T.);
#6183 = EDGE_LOOP('',(#6184,#6185,#6186,#6187));
#6184 = ORIENTED_EDGE('',*,*,#1993,.F.);
#6185 = ORIENTED_EDGE('',*,*,#6136,.T.);
#6186 = ORIENTED_EDGE('',*,*,#4158,.T.);
#6187 = ORIENTED_EDGE('',*,*,#6188,.F.);
#6188 = EDGE_CURVE('',#1960,#4159,#6189,.T.);
#6189 = SURFACE_CURVE('',#6190,(#6193,#6200),.PCURVE_S1.);
#6190 = B_SPLINE_CURVE_WITH_KNOTS('',1,(#6191,#6192),.UNSPECIFIED.,.F.,
  .F.,(2,2),(0.,1.),.PIECEWISE_BEZIER_KNOTS.);
#6191 = CARTESIAN_POINT('',(-2.78161862731,-4.094520461813,0.));
#6192 = CARTESIAN_POINT('',(-2.78161862731,-4.094520461813,5.));
#6193 = PCURVE('',#2011,#6194);
#6194 = DEFINITIONAL_REPRESENTATION('',(#6195),#6199);
#6195 = LINE('',#6196,#6197);
#6196 = CARTESIAN_POINT('',(0.,1.));
#6197 = VECTOR('',#6198,1.);
#6198 = DIRECTION('',(1.,0.));
#6199 = ( GEOMETRIC_REPRESENTATION_CONTEXT(2) 
PARAMETRIC_REPRESENTATION_CONTEXT() REPRESENTATION_CONTEXT('2D SPACE',''
  ) );
#6200 = PCURVE('',#1977,#6201);
#6201 = DEFINITIONAL_REPRESENTATION('',(#6202),#6206);
#6202 = LINE('',#6203,#6204);
#6203 = CARTESIAN_POINT('',(0.,0.));
#6204 = VECTOR('',#6205,1.);
#6205 = DIRECTION('',(1.,0.));
#6206 = ( GEOMETRIC_REPRESENTATION_CONTEXT(2) 
PARAMETRIC_REPRESENTATION_CONTEXT() REPRESENTATION_CONTEXT('2D SPACE',''
  ) );
#6207 = ADVANCED_FACE('',(#6208),#1093,.T.);
#6208 = FACE_BOUND('',#6209,.T.);
#6209 = EDGE_LOOP('',(#6210,#6211,#6231,#6232));
#6210 = ORIENTED_EDGE('',*,*,#1075,.F.);
#6211 = ORIENTED_EDGE('',*,*,#6212,.T.);
#6212 = EDGE_CURVE('',#1076,#4809,#6213,.T.);
#6213 = SURFACE_CURVE('',#6214,(#6217,#6224),.PCURVE_S1.);
#6214 = B_SPLINE_CURVE_WITH_KNOTS('',1,(#6215,#6216),.UNSPECIFIED.,.F.,
  .F.,(2,2),(0.,1.),.PIECEWISE_BEZIER_KNOTS.);
#6215 = CARTESIAN_POINT('',(-2.155465210611,3.638017277642,0.));
#6216 = CARTESIAN_POINT('',(-2.155465210611,3.638017277642,5.));
#6217 = PCURVE('',#1093,#6218);
#6218 = DEFINITIONAL_REPRESENTATION('',(#6219),#6223);
#6219 = LINE('',#6220,#6221);
#6220 = CARTESIAN_POINT('',(0.,0.));
#6221 = VECTOR('',#6222,1.);
#6222 = DIRECTION('',(1.,0.));
#6223 = ( GEOMETRIC_REPRESENTATION_CONTEXT(2) 
PARAMETRIC_REPRESENTATION_CONTEXT() REPRESENTATION_CONTEXT('2D SPACE',''
  ) );
#6224 = PCURVE('',#1127,#6225);
#6225 = DEFINITIONAL_REPRESENTATION('',(#6226),#6230);
#6226 = LINE('',#6227,#6228);
#6227 = CARTESIAN_POINT('',(0.,1.));
#6228 = VECTOR('',#6229,1.);
#6229 = DIRECTION('',(1.,0.));
#6230 = ( GEOMETRIC_REPRESENTATION_CONTEXT(2) 
PARAMETRIC_REPRESENTATION_CONTEXT() REPRESENTATION_CONTEXT('2D SPACE',''
  ) );
#6231 = ORIENTED_EDGE('',*,*,#4833,.T.);
#6232 = ORIENTED_EDGE('',*,*,#6160,.F.);
#6233 = ADVANCED_FACE('',(#6234),#1977,.T.);
#6234 = FACE_BOUND('',#6235,.T.);
#6235 = EDGE_LOOP('',(#6236,#6237,#6238,#6239));
#6236 = ORIENTED_EDGE('',*,*,#1959,.F.);
#6237 = ORIENTED_EDGE('',*,*,#6188,.T.);
#6238 = ORIENTED_EDGE('',*,*,#4183,.T.);
#6239 = ORIENTED_EDGE('',*,*,#6240,.F.);
#6240 = EDGE_CURVE('',#1926,#4184,#6241,.T.);
#6241 = SURFACE_CURVE('',#6242,(#6245,#6252),.PCURVE_S1.);
#6242 = B_SPLINE_CURVE_WITH_KNOTS('',1,(#6243,#6244),.UNSPECIFIED.,.F.,
  .F.,(2,2),(0.,1.),.PIECEWISE_BEZIER_KNOTS.);
#6243 = CARTESIAN_POINT('',(-3.034552938602,-3.910752927867,0.));
#6244 = CARTESIAN_POINT('',(-3.034552938602,-3.910752927867,5.));
#6245 = PCURVE('',#1977,#6246);
#6246 = DEFINITIONAL_REPRESENTATION('',(#6247),#6251);
#6247 = LINE('',#6248,#6249);
#6248 = CARTESIAN_POINT('',(0.,1.));
#6249 = VECTOR('',#6250,1.);
#6250 = DIRECTION('',(1.,0.));
#6251 = ( GEOMETRIC_REPRESENTATION_CONTEXT(2) 
PARAMETRIC_REPRESENTATION_CONTEXT() REPRESENTATION_CONTEXT('2D SPACE',''
  ) );
#6252 = PCURVE('',#1943,#6253);
#6253 = DEFINITIONAL_REPRESENTATION('',(#6254),#6258);
#6254 = LINE('',#6255,#6256);
#6255 = CARTESIAN_POINT('',(0.,0.));
#6256 = VECTOR('',#6257,1.);
#6257 = DIRECTION('',(1.,0.));
#6258 = ( GEOMETRIC_REPRESENTATION_CONTEXT(2) 
PARAMETRIC_REPRESENTATION_CONTEXT() REPRESENTATION_CONTEXT('2D SPACE',''
  ) );
#6259 = ADVANCED_FACE('',(#6260),#1127,.T.);
#6260 = FACE_BOUND('',#6261,.T.);
#6261 = EDGE_LOOP('',(#6262,#6263,#6283,#6284));
#6262 = ORIENTED_EDGE('',*,*,#1109,.F.);
#6263 = ORIENTED_EDGE('',*,*,#6264,.T.);
#6264 = EDGE_CURVE('',#1110,#4784,#6265,.T.);
#6265 = SURFACE_CURVE('',#6266,(#6269,#6276),.PCURVE_S1.);
#6266 = B_SPLINE_CURVE_WITH_KNOTS('',1,(#6267,#6268),.UNSPECIFIED.,.F.,
  .F.,(2,2),(0.,1.),.PIECEWISE_BEZIER_KNOTS.);
#6267 = CARTESIAN_POINT('',(-2.78161862731,4.094520461813,0.));
#6268 = CARTESIAN_POINT('',(-2.78161862731,4.094520461813,5.));
#6269 = PCURVE('',#1127,#6270);
#6270 = DEFINITIONAL_REPRESENTATION('',(#6271),#6275);
#6271 = LINE('',#6272,#6273);
#6272 = CARTESIAN_POINT('',(0.,0.));
#6273 = VECTOR('',#6274,1.);
#6274 = DIRECTION('',(1.,0.));
#6275 = ( GEOMETRIC_REPRESENTATION_CONTEXT(2) 
PARAMETRIC_REPRESENTATION_CONTEXT() REPRESENTATION_CONTEXT('2D SPACE',''
  ) );
#6276 = PCURVE('',#1161,#6277);
#6277 = DEFINITIONAL_REPRESENTATION('',(#6278),#6282);
#6278 = LINE('',#6279,#6280);
#6279 = CARTESIAN_POINT('',(0.,1.));
#6280 = VECTOR('',#6281,1.);
#6281 = DIRECTION('',(1.,0.));
#6282 = ( GEOMETRIC_REPRESENTATION_CONTEXT(2) 
PARAMETRIC_REPRESENTATION_CONTEXT() REPRESENTATION_CONTEXT('2D SPACE',''
  ) );
#6283 = ORIENTED_EDGE('',*,*,#4808,.T.);
#6284 = ORIENTED_EDGE('',*,*,#6212,.F.);
#6285 = ADVANCED_FACE('',(#6286),#1943,.T.);
#6286 = FACE_BOUND('',#6287,.T.);
#6287 = EDGE_LOOP('',(#6288,#6289,#6290,#6291));
#6288 = ORIENTED_EDGE('',*,*,#1925,.F.);
#6289 = ORIENTED_EDGE('',*,*,#6240,.T.);
#6290 = ORIENTED_EDGE('',*,*,#4208,.T.);
#6291 = ORIENTED_EDGE('',*,*,#6292,.F.);
#6292 = EDGE_CURVE('',#1892,#4209,#6293,.T.);
#6293 = SURFACE_CURVE('',#6294,(#6297,#6304),.PCURVE_S1.);
#6294 = B_SPLINE_CURVE_WITH_KNOTS('',1,(#6295,#6296),.UNSPECIFIED.,.F.,
  .F.,(2,2),(0.,1.),.PIECEWISE_BEZIER_KNOTS.);
#6295 = CARTESIAN_POINT('',(-2.793884657433,-3.174178398821,0.));
#6296 = CARTESIAN_POINT('',(-2.793884657433,-3.174178398821,5.));
#6297 = PCURVE('',#1943,#6298);
#6298 = DEFINITIONAL_REPRESENTATION('',(#6299),#6303);
#6299 = LINE('',#6300,#6301);
#6300 = CARTESIAN_POINT('',(0.,1.));
#6301 = VECTOR('',#6302,1.);
#6302 = DIRECTION('',(1.,0.));
#6303 = ( GEOMETRIC_REPRESENTATION_CONTEXT(2) 
PARAMETRIC_REPRESENTATION_CONTEXT() REPRESENTATION_CONTEXT('2D SPACE',''
  ) );
#6304 = PCURVE('',#1909,#6305);
#6305 = DEFINITIONAL_REPRESENTATION('',(#6306),#6310);
#6306 = LINE('',#6307,#6308);
#6307 = CARTESIAN_POINT('',(0.,0.));
#6308 = VECTOR('',#6309,1.);
#6309 = DIRECTION('',(1.,0.));
#6310 = ( GEOMETRIC_REPRESENTATION_CONTEXT(2) 
PARAMETRIC_REPRESENTATION_CONTEXT() REPRESENTATION_CONTEXT('2D SPACE',''
  ) );
#6311 = ADVANCED_FACE('',(#6312),#1161,.T.);
#6312 = FACE_BOUND('',#6313,.T.);
#6313 = EDGE_LOOP('',(#6314,#6315,#6335,#6336));
#6314 = ORIENTED_EDGE('',*,*,#1143,.F.);
#6315 = ORIENTED_EDGE('',*,*,#6316,.T.);
#6316 = EDGE_CURVE('',#1144,#4759,#6317,.T.);
#6317 = SURFACE_CURVE('',#6318,(#6321,#6328),.PCURVE_S1.);
#6318 = B_SPLINE_CURVE_WITH_KNOTS('',1,(#6319,#6320),.UNSPECIFIED.,.F.,
  .F.,(2,2),(0.,1.),.PIECEWISE_BEZIER_KNOTS.);
#6319 = CARTESIAN_POINT('',(-3.034552938602,3.910752927867,0.));
#6320 = CARTESIAN_POINT('',(-3.034552938602,3.910752927867,5.));
#6321 = PCURVE('',#1161,#6322);
#6322 = DEFINITIONAL_REPRESENTATION('',(#6323),#6327);
#6323 = LINE('',#6324,#6325);
#6324 = CARTESIAN_POINT('',(0.,0.));
#6325 = VECTOR('',#6326,1.);
#6326 = DIRECTION('',(1.,0.));
#6327 = ( GEOMETRIC_REPRESENTATION_CONTEXT(2) 
PARAMETRIC_REPRESENTATION_CONTEXT() REPRESENTATION_CONTEXT('2D SPACE',''
  ) );
#6328 = PCURVE('',#1195,#6329);
#6329 = DEFINITIONAL_REPRESENTATION('',(#6330),#6334);
#6330 = LINE('',#6331,#6332);
#6331 = CARTESIAN_POINT('',(0.,1.));
#6332 = VECTOR('',#6333,1.);
#6333 = DIRECTION('',(1.,0.));
#6334 = ( GEOMETRIC_REPRESENTATION_CONTEXT(2) 
PARAMETRIC_REPRESENTATION_CONTEXT() REPRESENTATION_CONTEXT('2D SPACE',''
  ) );
#6335 = ORIENTED_EDGE('',*,*,#4783,.T.);
#6336 = ORIENTED_EDGE('',*,*,#6264,.F.);
#6337 = ADVANCED_FACE('',(#6338),#1909,.T.);
#6338 = FACE_BOUND('',#6339,.T.);
#6339 = EDGE_LOOP('',(#6340,#6341,#6342,#6343));
#6340 = ORIENTED_EDGE('',*,*,#1891,.F.);
#6341 = ORIENTED_EDGE('',*,*,#6292,.T.);
#6342 = ORIENTED_EDGE('',*,*,#4233,.T.);
#6343 = ORIENTED_EDGE('',*,*,#6344,.F.);
#6344 = EDGE_CURVE('',#1858,#4234,#6345,.T.);
#6345 = SURFACE_CURVE('',#6346,(#6349,#6356),.PCURVE_S1.);
#6346 = B_SPLINE_CURVE_WITH_KNOTS('',1,(#6347,#6348),.UNSPECIFIED.,.F.,
  .F.,(2,2),(0.,1.),.PIECEWISE_BEZIER_KNOTS.);
#6347 = CARTESIAN_POINT('',(-3.174178398821,-2.793884657433,0.));
#6348 = CARTESIAN_POINT('',(-3.174178398821,-2.793884657433,5.));
#6349 = PCURVE('',#1909,#6350);
#6350 = DEFINITIONAL_REPRESENTATION('',(#6351),#6355);
#6351 = LINE('',#6352,#6353);
#6352 = CARTESIAN_POINT('',(0.,1.));
#6353 = VECTOR('',#6354,1.);
#6354 = DIRECTION('',(1.,0.));
#6355 = ( GEOMETRIC_REPRESENTATION_CONTEXT(2) 
PARAMETRIC_REPRESENTATION_CONTEXT() REPRESENTATION_CONTEXT('2D SPACE',''
  ) );
#6356 = PCURVE('',#1875,#6357);
#6357 = DEFINITIONAL_REPRESENTATION('',(#6358),#6362);
#6358 = LINE('',#6359,#6360);
#6359 = CARTESIAN_POINT('',(0.,0.));
#6360 = VECTOR('',#6361,1.);
#6361 = DIRECTION('',(1.,0.));
#6362 = ( GEOMETRIC_REPRESENTATION_CONTEXT(2) 
PARAMETRIC_REPRESENTATION_CONTEXT() REPRESENTATION_CONTEXT('2D SPACE',''
  ) );
#6363 = ADVANCED_FACE('',(#6364),#1195,.T.);
#6364 = FACE_BOUND('',#6365,.T.);
#6365 = EDGE_LOOP('',(#6366,#6367,#6387,#6388));
#6366 = ORIENTED_EDGE('',*,*,#1177,.F.);
#6367 = ORIENTED_EDGE('',*,*,#6368,.T.);
#6368 = EDGE_CURVE('',#1178,#4734,#6369,.T.);
#6369 = SURFACE_CURVE('',#6370,(#6373,#6380),.PCURVE_S1.);
#6370 = B_SPLINE_CURVE_WITH_KNOTS('',1,(#6371,#6372),.UNSPECIFIED.,.F.,
  .F.,(2,2),(0.,1.),.PIECEWISE_BEZIER_KNOTS.);
#6371 = CARTESIAN_POINT('',(-2.793884657433,3.174178398821,0.));
#6372 = CARTESIAN_POINT('',(-2.793884657433,3.174178398821,5.));
#6373 = PCURVE('',#1195,#6374);
#6374 = DEFINITIONAL_REPRESENTATION('',(#6375),#6379);
#6375 = LINE('',#6376,#6377);
#6376 = CARTESIAN_POINT('',(0.,0.));
#6377 = VECTOR('',#6378,1.);
#6378 = DIRECTION('',(1.,0.));
#6379 = ( GEOMETRIC_REPRESENTATION_CONTEXT(2) 
PARAMETRIC_REPRESENTATION_CONTEXT() REPRESENTATION_CONTEXT('2D SPACE',''
  ) );
#6380 = PCURVE('',#1229,#6381);
#6381 = DEFINITIONAL_REPRESENTATION('',(#6382),#6386);
#6382 = LINE('',#6383,#6384);
#6383 = CARTESIAN_POINT('',(0.,1.));
#6384 = VECTOR('',#6385,1.);
#6385 = DIRECTION('',(1.,0.));
#6386 = ( GEOMETRIC_REPRESENTATION_CONTEXT(2) 
PARAMETRIC_REPRESENTATION_CONTEXT() REPRESENTATION_CONTEXT('2D SPACE',''
  ) );
#6387 = ORIENTED_EDGE('',*,*,#4758,.T.);
#6388 = ORIENTED_EDGE('',*,*,#6316,.F.);
#6389 = ADVANCED_FACE('',(#6390),#1875,.T.);
#6390 = FACE_BOUND('',#6391,.T.);
#6391 = EDGE_LOOP('',(#6392,#6393,#6394,#6395));
#6392 = ORIENTED_EDGE('',*,*,#1857,.F.);
#6393 = ORIENTED_EDGE('',*,*,#6344,.T.);
#6394 = ORIENTED_EDGE('',*,*,#4258,.T.);
#6395 = ORIENTED_EDGE('',*,*,#6396,.F.);
#6396 = EDGE_CURVE('',#1824,#4259,#6397,.T.);
#6397 = SURFACE_CURVE('',#6398,(#6401,#6408),.PCURVE_S1.);
#6398 = B_SPLINE_CURVE_WITH_KNOTS('',1,(#6399,#6400),.UNSPECIFIED.,.F.,
  .F.,(2,2),(0.,1.),.PIECEWISE_BEZIER_KNOTS.);
#6399 = CARTESIAN_POINT('',(-3.910752927867,-3.034552938602,0.));
#6400 = CARTESIAN_POINT('',(-3.910752927867,-3.034552938602,5.));
#6401 = PCURVE('',#1875,#6402);
#6402 = DEFINITIONAL_REPRESENTATION('',(#6403),#6407);
#6403 = LINE('',#6404,#6405);
#6404 = CARTESIAN_POINT('',(0.,1.));
#6405 = VECTOR('',#6406,1.);
#6406 = DIRECTION('',(1.,0.));
#6407 = ( GEOMETRIC_REPRESENTATION_CONTEXT(2) 
PARAMETRIC_REPRESENTATION_CONTEXT() REPRESENTATION_CONTEXT('2D SPACE',''
  ) );
#6408 = PCURVE('',#1841,#6409);
#6409 = DEFINITIONAL_REPRESENTATION('',(#6410),#6414);
#6410 = LINE('',#6411,#6412);
#6411 = CARTESIAN_POINT('',(0.,0.));
#6412 = VECTOR('',#6413,1.);
#6413 = DIRECTION('',(1.,0.));
#6414 = ( GEOMETRIC_REPRESENTATION_CONTEXT(2) 
PARAMETRIC_REPRESENTATION_CONTEXT() REPRESENTATION_CONTEXT('2D SPACE',''
  ) );
#6415 = ADVANCED_FACE('',(#6416),#1229,.T.);
#6416 = FACE_BOUND('',#6417,.T.);
#6417 = EDGE_LOOP('',(#6418,#6419,#6439,#6440));
#6418 = ORIENTED_EDGE('',*,*,#1211,.F.);
#6419 = ORIENTED_EDGE('',*,*,#6420,.T.);
#6420 = EDGE_CURVE('',#1212,#4709,#6421,.T.);
#6421 = SURFACE_CURVE('',#6422,(#6425,#6432),.PCURVE_S1.);
#6422 = B_SPLINE_CURVE_WITH_KNOTS('',1,(#6423,#6424),.UNSPECIFIED.,.F.,
  .F.,(2,2),(0.,1.),.PIECEWISE_BEZIER_KNOTS.);
#6423 = CARTESIAN_POINT('',(-3.174178398821,2.793884657433,0.));
#6424 = CARTESIAN_POINT('',(-3.174178398821,2.793884657433,5.));
#6425 = PCURVE('',#1229,#6426);
#6426 = DEFINITIONAL_REPRESENTATION('',(#6427),#6431);
#6427 = LINE('',#6428,#6429);
#6428 = CARTESIAN_POINT('',(0.,0.));
#6429 = VECTOR('',#6430,1.);
#6430 = DIRECTION('',(1.,0.));
#6431 = ( GEOMETRIC_REPRESENTATION_CONTEXT(2) 
PARAMETRIC_REPRESENTATION_CONTEXT() REPRESENTATION_CONTEXT('2D SPACE',''
  ) );
#6432 = PCURVE('',#1263,#6433);
#6433 = DEFINITIONAL_REPRESENTATION('',(#6434),#6438);
#6434 = LINE('',#6435,#6436);
#6435 = CARTESIAN_POINT('',(0.,1.));
#6436 = VECTOR('',#6437,1.);
#6437 = DIRECTION('',(1.,0.));
#6438 = ( GEOMETRIC_REPRESENTATION_CONTEXT(2) 
PARAMETRIC_REPRESENTATION_CONTEXT() REPRESENTATION_CONTEXT('2D SPACE',''
  ) );
#6439 = ORIENTED_EDGE('',*,*,#4733,.T.);
#6440 = ORIENTED_EDGE('',*,*,#6368,.F.);
#6441 = ADVANCED_FACE('',(#6442),#1841,.T.);
#6442 = FACE_BOUND('',#6443,.T.);
#6443 = EDGE_LOOP('',(#6444,#6445,#6446,#6447));
#6444 = ORIENTED_EDGE('',*,*,#1823,.F.);
#6445 = ORIENTED_EDGE('',*,*,#6396,.T.);
#6446 = ORIENTED_EDGE('',*,*,#4283,.T.);
#6447 = ORIENTED_EDGE('',*,*,#6448,.F.);
#6448 = EDGE_CURVE('',#1790,#4284,#6449,.T.);
#6449 = SURFACE_CURVE('',#6450,(#6453,#6460),.PCURVE_S1.);
#6450 = B_SPLINE_CURVE_WITH_KNOTS('',1,(#6451,#6452),.UNSPECIFIED.,.F.,
  .F.,(2,2),(0.,1.),.PIECEWISE_BEZIER_KNOTS.);
#6451 = CARTESIAN_POINT('',(-4.094520461813,-2.78161862731,0.));
#6452 = CARTESIAN_POINT('',(-4.094520461813,-2.78161862731,5.));
#6453 = PCURVE('',#1841,#6454);
#6454 = DEFINITIONAL_REPRESENTATION('',(#6455),#6459);
#6455 = LINE('',#6456,#6457);
#6456 = CARTESIAN_POINT('',(0.,1.));
#6457 = VECTOR('',#6458,1.);
#6458 = DIRECTION('',(1.,0.));
#6459 = ( GEOMETRIC_REPRESENTATION_CONTEXT(2) 
PARAMETRIC_REPRESENTATION_CONTEXT() REPRESENTATION_CONTEXT('2D SPACE',''
  ) );
#6460 = PCURVE('',#1807,#6461);
#6461 = DEFINITIONAL_REPRESENTATION('',(#6462),#6466);
#6462 = LINE('',#6463,#6464);
#6463 = CARTESIAN_POINT('',(0.,0.));
#6464 = VECTOR('',#6465,1.);
#6465 = DIRECTION('',(1.,0.));
#6466 = ( GEOMETRIC_REPRESENTATION_CONTEXT(2) 
PARAMETRIC_REPRESENTATION_CONTEXT() REPRESENTATION_CONTEXT('2D SPACE',''
  ) );
#6467 = ADVANCED_FACE('',(#6468),#1263,.T.);
#6468 = FACE_BOUND('',#6469,.T.);
#6469 = EDGE_LOOP('',(#6470,#6471,#6491,#6492));
#6470 = ORIENTED_EDGE('',*,*,#1245,.F.);
#6471 = ORIENTED_EDGE('',*,*,#6472,.T.);
#6472 = EDGE_CURVE('',#1246,#4684,#6473,.T.);
#6473 = SURFACE_CURVE('',#6474,(#6477,#6484),.PCURVE_S1.);
#6474 = B_SPLINE_CURVE_WITH_KNOTS('',1,(#6475,#6476),.UNSPECIFIED.,.F.,
  .F.,(2,2),(0.,1.),.PIECEWISE_BEZIER_KNOTS.);
#6475 = CARTESIAN_POINT('',(-3.910752927867,3.034552938602,0.));
#6476 = CARTESIAN_POINT('',(-3.910752927867,3.034552938602,5.));
#6477 = PCURVE('',#1263,#6478);
#6478 = DEFINITIONAL_REPRESENTATION('',(#6479),#6483);
#6479 = LINE('',#6480,#6481);
#6480 = CARTESIAN_POINT('',(0.,0.));
#6481 = VECTOR('',#6482,1.);
#6482 = DIRECTION('',(1.,0.));
#6483 = ( GEOMETRIC_REPRESENTATION_CONTEXT(2) 
PARAMETRIC_REPRESENTATION_CONTEXT() REPRESENTATION_CONTEXT('2D SPACE',''
  ) );
#6484 = PCURVE('',#1297,#6485);
#6485 = DEFINITIONAL_REPRESENTATION('',(#6486),#6490);
#6486 = LINE('',#6487,#6488);
#6487 = CARTESIAN_POINT('',(0.,1.));
#6488 = VECTOR('',#6489,1.);
#6489 = DIRECTION('',(1.,0.));
#6490 = ( GEOMETRIC_REPRESENTATION_CONTEXT(2) 
PARAMETRIC_REPRESENTATION_CONTEXT() REPRESENTATION_CONTEXT('2D SPACE',''
  ) );
#6491 = ORIENTED_EDGE('',*,*,#4708,.T.);
#6492 = ORIENTED_EDGE('',*,*,#6420,.F.);
#6493 = ADVANCED_FACE('',(#6494),#1807,.T.);
#6494 = FACE_BOUND('',#6495,.T.);
#6495 = EDGE_LOOP('',(#6496,#6497,#6498,#6499));
#6496 = ORIENTED_EDGE('',*,*,#1789,.F.);
#6497 = ORIENTED_EDGE('',*,*,#6448,.T.);
#6498 = ORIENTED_EDGE('',*,*,#4308,.T.);
#6499 = ORIENTED_EDGE('',*,*,#6500,.F.);
#6500 = EDGE_CURVE('',#1756,#4309,#6501,.T.);
#6501 = SURFACE_CURVE('',#6502,(#6505,#6512),.PCURVE_S1.);
#6502 = B_SPLINE_CURVE_WITH_KNOTS('',1,(#6503,#6504),.UNSPECIFIED.,.F.,
  .F.,(2,2),(0.,1.),.PIECEWISE_BEZIER_KNOTS.);
#6503 = CARTESIAN_POINT('',(-3.638017277642,-2.155465210611,0.));
#6504 = CARTESIAN_POINT('',(-3.638017277642,-2.155465210611,5.));
#6505 = PCURVE('',#1807,#6506);
#6506 = DEFINITIONAL_REPRESENTATION('',(#6507),#6511);
#6507 = LINE('',#6508,#6509);
#6508 = CARTESIAN_POINT('',(0.,1.));
#6509 = VECTOR('',#6510,1.);
#6510 = DIRECTION('',(1.,0.));
#6511 = ( GEOMETRIC_REPRESENTATION_CONTEXT(2) 
PARAMETRIC_REPRESENTATION_CONTEXT() REPRESENTATION_CONTEXT('2D SPACE',''
  ) );
#6512 = PCURVE('',#1773,#6513);
#6513 = DEFINITIONAL_REPRESENTATION('',(#6514),#6518);
#6514 = LINE('',#6515,#6516);
#6515 = CARTESIAN_POINT('',(0.,0.));
#6516 = VECTOR('',#6517,1.);
#6517 = DIRECTION('',(1.,0.));
#6518 = ( GEOMETRIC_REPRESENTATION_CONTEXT(2) 
PARAMETRIC_REPRESENTATION_CONTEXT() REPRESENTATION_CONTEXT('2D SPACE',''
  ) );
#6519 = ADVANCED_FACE('',(#6520),#1297,.T.);
#6520 = FACE_BOUND('',#6521,.T.);
#6521 = EDGE_LOOP('',(#6522,#6523,#6543,#6544));
#6522 = ORIENTED_EDGE('',*,*,#1279,.F.);
#6523 = ORIENTED_EDGE('',*,*,#6524,.T.);
#6524 = EDGE_CURVE('',#1280,#4659,#6525,.T.);
#6525 = SURFACE_CURVE('',#6526,(#6529,#6536),.PCURVE_S1.);
#6526 = B_SPLINE_CURVE_WITH_KNOTS('',1,(#6527,#6528),.UNSPECIFIED.,.F.,
  .F.,(2,2),(0.,1.),.PIECEWISE_BEZIER_KNOTS.);
#6527 = CARTESIAN_POINT('',(-4.094520461813,2.78161862731,0.));
#6528 = CARTESIAN_POINT('',(-4.094520461813,2.78161862731,5.));
#6529 = PCURVE('',#1297,#6530);
#6530 = DEFINITIONAL_REPRESENTATION('',(#6531),#6535);
#6531 = LINE('',#6532,#6533);
#6532 = CARTESIAN_POINT('',(0.,0.));
#6533 = VECTOR('',#6534,1.);
#6534 = DIRECTION('',(1.,0.));
#6535 = ( GEOMETRIC_REPRESENTATION_CONTEXT(2) 
PARAMETRIC_REPRESENTATION_CONTEXT() REPRESENTATION_CONTEXT('2D SPACE',''
  ) );
#6536 = PCURVE('',#1331,#6537);
#6537 = DEFINITIONAL_REPRESENTATION('',(#6538),#6542);
#6538 = LINE('',#6539,#6540);
#6539 = CARTESIAN_POINT('',(0.,1.));
#6540 = VECTOR('',#6541,1.);
#6541 = DIRECTION('',(1.,0.));
#6542 = ( GEOMETRIC_REPRESENTATION_CONTEXT(2) 
PARAMETRIC_REPRESENTATION_CONTEXT() REPRESENTATION_CONTEXT('2D SPACE',''
  ) );
#6543 = ORIENTED_EDGE('',*,*,#4683,.T.);
#6544 = ORIENTED_EDGE('',*,*,#6472,.F.);
#6545 = ADVANCED_FACE('',(#6546),#1773,.T.);
#6546 = FACE_BOUND('',#6547,.T.);
#6547 = EDGE_LOOP('',(#6548,#6549,#6550,#6551));
#6548 = ORIENTED_EDGE('',*,*,#1755,.F.);
#6549 = ORIENTED_EDGE('',*,*,#6500,.T.);
#6550 = ORIENTED_EDGE('',*,*,#4333,.T.);
#6551 = ORIENTED_EDGE('',*,*,#6552,.F.);
#6552 = EDGE_CURVE('',#1722,#4334,#6553,.T.);
#6553 = SURFACE_CURVE('',#6554,(#6557,#6564),.PCURVE_S1.);
#6554 = B_SPLINE_CURVE_WITH_KNOTS('',1,(#6555,#6556),.UNSPECIFIED.,.F.,
  .F.,(2,2),(0.,1.),.PIECEWISE_BEZIER_KNOTS.);
#6555 = CARTESIAN_POINT('',(-3.882180889552,-1.676267140816,0.));
#6556 = CARTESIAN_POINT('',(-3.882180889552,-1.676267140816,5.));
#6557 = PCURVE('',#1773,#6558);
#6558 = DEFINITIONAL_REPRESENTATION('',(#6559),#6563);
#6559 = LINE('',#6560,#6561);
#6560 = CARTESIAN_POINT('',(0.,1.));
#6561 = VECTOR('',#6562,1.);
#6562 = DIRECTION('',(1.,0.));
#6563 = ( GEOMETRIC_REPRESENTATION_CONTEXT(2) 
PARAMETRIC_REPRESENTATION_CONTEXT() REPRESENTATION_CONTEXT('2D SPACE',''
  ) );
#6564 = PCURVE('',#1739,#6565);
#6565 = DEFINITIONAL_REPRESENTATION('',(#6566),#6570);
#6566 = LINE('',#6567,#6568);
#6567 = CARTESIAN_POINT('',(0.,0.));
#6568 = VECTOR('',#6569,1.);
#6569 = DIRECTION('',(1.,0.));
#6570 = ( GEOMETRIC_REPRESENTATION_CONTEXT(2) 
PARAMETRIC_REPRESENTATION_CONTEXT() REPRESENTATION_CONTEXT('2D SPACE',''
  ) );
#6571 = ADVANCED_FACE('',(#6572),#1331,.T.);
#6572 = FACE_BOUND('',#6573,.T.);
#6573 = EDGE_LOOP('',(#6574,#6575,#6595,#6596));
#6574 = ORIENTED_EDGE('',*,*,#1313,.F.);
#6575 = ORIENTED_EDGE('',*,*,#6576,.T.);
#6576 = EDGE_CURVE('',#1314,#4634,#6577,.T.);
#6577 = SURFACE_CURVE('',#6578,(#6581,#6588),.PCURVE_S1.);
#6578 = B_SPLINE_CURVE_WITH_KNOTS('',1,(#6579,#6580),.UNSPECIFIED.,.F.,
  .F.,(2,2),(0.,1.),.PIECEWISE_BEZIER_KNOTS.);
#6579 = CARTESIAN_POINT('',(-3.638017277642,2.155465210611,0.));
#6580 = CARTESIAN_POINT('',(-3.638017277642,2.155465210611,5.));
#6581 = PCURVE('',#1331,#6582);
#6582 = DEFINITIONAL_REPRESENTATION('',(#6583),#6587);
#6583 = LINE('',#6584,#6585);
#6584 = CARTESIAN_POINT('',(0.,0.));
#6585 = VECTOR('',#6586,1.);
#6586 = DIRECTION('',(1.,0.));
#6587 = ( GEOMETRIC_REPRESENTATION_CONTEXT(2) 
PARAMETRIC_REPRESENTATION_CONTEXT() REPRESENTATION_CONTEXT('2D SPACE',''
  ) );
#6588 = PCURVE('',#1365,#6589);
#6589 = DEFINITIONAL_REPRESENTATION('',(#6590),#6594);
#6590 = LINE('',#6591,#6592);
#6591 = CARTESIAN_POINT('',(0.,1.));
#6592 = VECTOR('',#6593,1.);
#6593 = DIRECTION('',(1.,0.));
#6594 = ( GEOMETRIC_REPRESENTATION_CONTEXT(2) 
PARAMETRIC_REPRESENTATION_CONTEXT() REPRESENTATION_CONTEXT('2D SPACE',''
  ) );
#6595 = ORIENTED_EDGE('',*,*,#4658,.T.);
#6596 = ORIENTED_EDGE('',*,*,#6524,.F.);
#6597 = ADVANCED_FACE('',(#6598),#1739,.T.);
#6598 = FACE_BOUND('',#6599,.T.);
#6599 = EDGE_LOOP('',(#6600,#6601,#6602,#6603));
#6600 = ORIENTED_EDGE('',*,*,#1721,.F.);
#6601 = ORIENTED_EDGE('',*,*,#6552,.T.);
#6602 = ORIENTED_EDGE('',*,*,#4358,.T.);
#6603 = ORIENTED_EDGE('',*,*,#6604,.F.);
#6604 = EDGE_CURVE('',#1688,#4359,#6605,.T.);
#6605 = SURFACE_CURVE('',#6606,(#6609,#6616),.PCURVE_S1.);
#6606 = B_SPLINE_CURVE_WITH_KNOTS('',1,(#6607,#6608),.UNSPECIFIED.,.F.,
  .F.,(2,2),(0.,1.),.PIECEWISE_BEZIER_KNOTS.);
#6607 = CARTESIAN_POINT('',(-4.657075484027,-1.677542230787,0.));
#6608 = CARTESIAN_POINT('',(-4.657075484027,-1.677542230787,5.));
#6609 = PCURVE('',#1739,#6610);
#6610 = DEFINITIONAL_REPRESENTATION('',(#6611),#6615);
#6611 = LINE('',#6612,#6613);
#6612 = CARTESIAN_POINT('',(0.,1.));
#6613 = VECTOR('',#6614,1.);
#6614 = DIRECTION('',(1.,0.));
#6615 = ( GEOMETRIC_REPRESENTATION_CONTEXT(2) 
PARAMETRIC_REPRESENTATION_CONTEXT() REPRESENTATION_CONTEXT('2D SPACE',''
  ) );
#6616 = PCURVE('',#1705,#6617);
#6617 = DEFINITIONAL_REPRESENTATION('',(#6618),#6622);
#6618 = LINE('',#6619,#6620);
#6619 = CARTESIAN_POINT('',(0.,0.));
#6620 = VECTOR('',#6621,1.);
#6621 = DIRECTION('',(1.,0.));
#6622 = ( GEOMETRIC_REPRESENTATION_CONTEXT(2) 
PARAMETRIC_REPRESENTATION_CONTEXT() REPRESENTATION_CONTEXT('2D SPACE',''
  ) );
#6623 = ADVANCED_FACE('',(#6624),#1365,.T.);
#6624 = FACE_BOUND('',#6625,.T.);
#6625 = EDGE_LOOP('',(#6626,#6627,#6647,#6648));
#6626 = ORIENTED_EDGE('',*,*,#1347,.F.);
#6627 = ORIENTED_EDGE('',*,*,#6628,.T.);
#6628 = EDGE_CURVE('',#1348,#4609,#6629,.T.);
#6629 = SURFACE_CURVE('',#6630,(#6633,#6640),.PCURVE_S1.);
#6630 = B_SPLINE_CURVE_WITH_KNOTS('',1,(#6631,#6632),.UNSPECIFIED.,.F.,
  .F.,(2,2),(0.,1.),.PIECEWISE_BEZIER_KNOTS.);
#6631 = CARTESIAN_POINT('',(-3.882180889552,1.676267140816,0.));
#6632 = CARTESIAN_POINT('',(-3.882180889552,1.676267140816,5.));
#6633 = PCURVE('',#1365,#6634);
#6634 = DEFINITIONAL_REPRESENTATION('',(#6635),#6639);
#6635 = LINE('',#6636,#6637);
#6636 = CARTESIAN_POINT('',(0.,0.));
#6637 = VECTOR('',#6638,1.);
#6638 = DIRECTION('',(1.,0.));
#6639 = ( GEOMETRIC_REPRESENTATION_CONTEXT(2) 
PARAMETRIC_REPRESENTATION_CONTEXT() REPRESENTATION_CONTEXT('2D SPACE',''
  ) );
#6640 = PCURVE('',#1399,#6641);
#6641 = DEFINITIONAL_REPRESENTATION('',(#6642),#6646);
#6642 = LINE('',#6643,#6644);
#6643 = CARTESIAN_POINT('',(0.,1.));
#6644 = VECTOR('',#6645,1.);
#6645 = DIRECTION('',(1.,0.));
#6646 = ( GEOMETRIC_REPRESENTATION_CONTEXT(2) 
PARAMETRIC_REPRESENTATION_CONTEXT() REPRESENTATION_CONTEXT('2D SPACE',''
  ) );
#6647 = ORIENTED_EDGE('',*,*,#4633,.T.);
#6648 = ORIENTED_EDGE('',*,*,#6576,.F.);
#6649 = ADVANCED_FACE('',(#6650),#1705,.T.);
#6650 = FACE_BOUND('',#6651,.T.);
#6651 = EDGE_LOOP('',(#6652,#6653,#6654,#6655));
#6652 = ORIENTED_EDGE('',*,*,#1687,.F.);
#6653 = ORIENTED_EDGE('',*,*,#6604,.T.);
#6654 = ORIENTED_EDGE('',*,*,#4383,.T.);
#6655 = ORIENTED_EDGE('',*,*,#6656,.F.);
#6656 = EDGE_CURVE('',#1654,#4384,#6657,.T.);
#6657 = SURFACE_CURVE('',#6658,(#6661,#6668),.PCURVE_S1.);
#6658 = B_SPLINE_CURVE_WITH_KNOTS('',1,(#6659,#6660),.UNSPECIFIED.,.F.,
  .F.,(2,2),(0.,1.),.PIECEWISE_BEZIER_KNOTS.);
#6659 = CARTESIAN_POINT('',(-4.753687794019,-1.380200114835,0.));
#6660 = CARTESIAN_POINT('',(-4.753687794019,-1.380200114835,5.));
#6661 = PCURVE('',#1705,#6662);
#6662 = DEFINITIONAL_REPRESENTATION('',(#6663),#6667);
#6663 = LINE('',#6664,#6665);
#6664 = CARTESIAN_POINT('',(0.,1.));
#6665 = VECTOR('',#6666,1.);
#6666 = DIRECTION('',(1.,0.));
#6667 = ( GEOMETRIC_REPRESENTATION_CONTEXT(2) 
PARAMETRIC_REPRESENTATION_CONTEXT() REPRESENTATION_CONTEXT('2D SPACE',''
  ) );
#6668 = PCURVE('',#1671,#6669);
#6669 = DEFINITIONAL_REPRESENTATION('',(#6670),#6674);
#6670 = LINE('',#6671,#6672);
#6671 = CARTESIAN_POINT('',(0.,0.));
#6672 = VECTOR('',#6673,1.);
#6673 = DIRECTION('',(1.,0.));
#6674 = ( GEOMETRIC_REPRESENTATION_CONTEXT(2) 
PARAMETRIC_REPRESENTATION_CONTEXT() REPRESENTATION_CONTEXT('2D SPACE',''
  ) );
#6675 = ADVANCED_FACE('',(#6676),#1399,.T.);
#6676 = FACE_BOUND('',#6677,.T.);
#6677 = EDGE_LOOP('',(#6678,#6679,#6699,#6700));
#6678 = ORIENTED_EDGE('',*,*,#1381,.F.);
#6679 = ORIENTED_EDGE('',*,*,#6680,.T.);
#6680 = EDGE_CURVE('',#1382,#4584,#6681,.T.);
#6681 = SURFACE_CURVE('',#6682,(#6685,#6692),.PCURVE_S1.);
#6682 = B_SPLINE_CURVE_WITH_KNOTS('',1,(#6683,#6684),.UNSPECIFIED.,.F.,
  .F.,(2,2),(0.,1.),.PIECEWISE_BEZIER_KNOTS.);
#6683 = CARTESIAN_POINT('',(-4.657075484027,1.677542230787,0.));
#6684 = CARTESIAN_POINT('',(-4.657075484027,1.677542230787,5.));
#6685 = PCURVE('',#1399,#6686);
#6686 = DEFINITIONAL_REPRESENTATION('',(#6687),#6691);
#6687 = LINE('',#6688,#6689);
#6688 = CARTESIAN_POINT('',(0.,0.));
#6689 = VECTOR('',#6690,1.);
#6690 = DIRECTION('',(1.,0.));
#6691 = ( GEOMETRIC_REPRESENTATION_CONTEXT(2) 
PARAMETRIC_REPRESENTATION_CONTEXT() REPRESENTATION_CONTEXT('2D SPACE',''
  ) );
#6692 = PCURVE('',#1433,#6693);
#6693 = DEFINITIONAL_REPRESENTATION('',(#6694),#6698);
#6694 = LINE('',#6695,#6696);
#6695 = CARTESIAN_POINT('',(0.,1.));
#6696 = VECTOR('',#6697,1.);
#6697 = DIRECTION('',(1.,0.));
#6698 = ( GEOMETRIC_REPRESENTATION_CONTEXT(2) 
PARAMETRIC_REPRESENTATION_CONTEXT() REPRESENTATION_CONTEXT('2D SPACE',''
  ) );
#6699 = ORIENTED_EDGE('',*,*,#4608,.T.);
#6700 = ORIENTED_EDGE('',*,*,#6628,.F.);
#6701 = ADVANCED_FACE('',(#6702),#1671,.T.);
#6702 = FACE_BOUND('',#6703,.T.);
#6703 = EDGE_LOOP('',(#6704,#6705,#6706,#6707));
#6704 = ORIENTED_EDGE('',*,*,#1653,.F.);
#6705 = ORIENTED_EDGE('',*,*,#6656,.T.);
#6706 = ORIENTED_EDGE('',*,*,#4408,.T.);
#6707 = ORIENTED_EDGE('',*,*,#6708,.F.);
#6708 = EDGE_CURVE('',#1620,#4409,#6709,.T.);
#6709 = SURFACE_CURVE('',#6710,(#6713,#6720),.PCURVE_S1.);
#6710 = B_SPLINE_CURVE_WITH_KNOTS('',1,(#6711,#6712),.UNSPECIFIED.,.F.,
  .F.,(2,2),(0.,1.),.PIECEWISE_BEZIER_KNOTS.);
#6711 = CARTESIAN_POINT('',(-4.126035419159,-0.925760069578,0.));
#6712 = CARTESIAN_POINT('',(-4.126035419159,-0.925760069578,5.));
#6713 = PCURVE('',#1671,#6714);
#6714 = DEFINITIONAL_REPRESENTATION('',(#6715),#6719);
#6715 = LINE('',#6716,#6717);
#6716 = CARTESIAN_POINT('',(0.,1.));
#6717 = VECTOR('',#6718,1.);
#6718 = DIRECTION('',(1.,0.));
#6719 = ( GEOMETRIC_REPRESENTATION_CONTEXT(2) 
PARAMETRIC_REPRESENTATION_CONTEXT() REPRESENTATION_CONTEXT('2D SPACE',''
  ) );
#6720 = PCURVE('',#1637,#6721);
#6721 = DEFINITIONAL_REPRESENTATION('',(#6722),#6726);
#6722 = LINE('',#6723,#6724);
#6723 = CARTESIAN_POINT('',(0.,0.));
#6724 = VECTOR('',#6725,1.);
#6725 = DIRECTION('',(1.,0.));
#6726 = ( GEOMETRIC_REPRESENTATION_CONTEXT(2) 
PARAMETRIC_REPRESENTATION_CONTEXT() REPRESENTATION_CONTEXT('2D SPACE',''
  ) );
#6727 = ADVANCED_FACE('',(#6728),#1433,.T.);
#6728 = FACE_BOUND('',#6729,.T.);
#6729 = EDGE_LOOP('',(#6730,#6731,#6751,#6752));
#6730 = ORIENTED_EDGE('',*,*,#1415,.F.);
#6731 = ORIENTED_EDGE('',*,*,#6732,.T.);
#6732 = EDGE_CURVE('',#1416,#4559,#6733,.T.);
#6733 = SURFACE_CURVE('',#6734,(#6737,#6744),.PCURVE_S1.);
#6734 = B_SPLINE_CURVE_WITH_KNOTS('',1,(#6735,#6736),.UNSPECIFIED.,.F.,
  .F.,(2,2),(0.,1.),.PIECEWISE_BEZIER_KNOTS.);
#6735 = CARTESIAN_POINT('',(-4.753687794019,1.380200114835,0.));
#6736 = CARTESIAN_POINT('',(-4.753687794019,1.380200114835,5.));
#6737 = PCURVE('',#1433,#6738);
#6738 = DEFINITIONAL_REPRESENTATION('',(#6739),#6743);
#6739 = LINE('',#6740,#6741);
#6740 = CARTESIAN_POINT('',(0.,0.));
#6741 = VECTOR('',#6742,1.);
#6742 = DIRECTION('',(1.,0.));
#6743 = ( GEOMETRIC_REPRESENTATION_CONTEXT(2) 
PARAMETRIC_REPRESENTATION_CONTEXT() REPRESENTATION_CONTEXT('2D SPACE',''
  ) );
#6744 = PCURVE('',#1467,#6745);
#6745 = DEFINITIONAL_REPRESENTATION('',(#6746),#6750);
#6746 = LINE('',#6747,#6748);
#6747 = CARTESIAN_POINT('',(0.,1.));
#6748 = VECTOR('',#6749,1.);
#6749 = DIRECTION('',(1.,0.));
#6750 = ( GEOMETRIC_REPRESENTATION_CONTEXT(2) 
PARAMETRIC_REPRESENTATION_CONTEXT() REPRESENTATION_CONTEXT('2D SPACE',''
  ) );
#6751 = ORIENTED_EDGE('',*,*,#4583,.T.);
#6752 = ORIENTED_EDGE('',*,*,#6680,.F.);
#6753 = ADVANCED_FACE('',(#6754),#1637,.T.);
#6754 = FACE_BOUND('',#6755,.T.);
#6755 = EDGE_LOOP('',(#6756,#6757,#6758,#6759));
#6756 = ORIENTED_EDGE('',*,*,#1619,.F.);
#6757 = ORIENTED_EDGE('',*,*,#6708,.T.);
#6758 = ORIENTED_EDGE('',*,*,#4433,.T.);
#6759 = ORIENTED_EDGE('',*,*,#6760,.F.);
#6760 = EDGE_CURVE('',#1586,#4434,#6761,.T.);
#6761 = SURFACE_CURVE('',#6762,(#6765,#6772),.PCURVE_S1.);
#6762 = B_SPLINE_CURVE_WITH_KNOTS('',1,(#6763,#6764),.UNSPECIFIED.,.F.,
  .F.,(2,2),(0.,1.),.PIECEWISE_BEZIER_KNOTS.);
#6763 = CARTESIAN_POINT('',(-4.210168466069,-0.394564917215,0.));
#6764 = CARTESIAN_POINT('',(-4.210168466069,-0.394564917215,5.));
#6765 = PCURVE('',#1637,#6766);
#6766 = DEFINITIONAL_REPRESENTATION('',(#6767),#6771);
#6767 = LINE('',#6768,#6769);
#6768 = CARTESIAN_POINT('',(0.,1.));
#6769 = VECTOR('',#6770,1.);
#6770 = DIRECTION('',(1.,0.));
#6771 = ( GEOMETRIC_REPRESENTATION_CONTEXT(2) 
PARAMETRIC_REPRESENTATION_CONTEXT() REPRESENTATION_CONTEXT('2D SPACE',''
  ) );
#6772 = PCURVE('',#1603,#6773);
#6773 = DEFINITIONAL_REPRESENTATION('',(#6774),#6778);
#6774 = LINE('',#6775,#6776);
#6775 = CARTESIAN_POINT('',(0.,0.));
#6776 = VECTOR('',#6777,1.);
#6777 = DIRECTION('',(1.,0.));
#6778 = ( GEOMETRIC_REPRESENTATION_CONTEXT(2) 
PARAMETRIC_REPRESENTATION_CONTEXT() REPRESENTATION_CONTEXT('2D SPACE',''
  ) );
#6779 = ADVANCED_FACE('',(#6780),#1467,.T.);
#6780 = FACE_BOUND('',#6781,.T.);
#6781 = EDGE_LOOP('',(#6782,#6783,#6803,#6804));
#6782 = ORIENTED_EDGE('',*,*,#1449,.F.);
#6783 = ORIENTED_EDGE('',*,*,#6784,.T.);
#6784 = EDGE_CURVE('',#1450,#4534,#6785,.T.);
#6785 = SURFACE_CURVE('',#6786,(#6789,#6796),.PCURVE_S1.);
#6786 = B_SPLINE_CURVE_WITH_KNOTS('',1,(#6787,#6788),.UNSPECIFIED.,.F.,
  .F.,(2,2),(0.,1.),.PIECEWISE_BEZIER_KNOTS.);
#6787 = CARTESIAN_POINT('',(-4.126035419159,0.925760069578,0.));
#6788 = CARTESIAN_POINT('',(-4.126035419159,0.925760069578,5.));
#6789 = PCURVE('',#1467,#6790);
#6790 = DEFINITIONAL_REPRESENTATION('',(#6791),#6795);
#6791 = LINE('',#6792,#6793);
#6792 = CARTESIAN_POINT('',(0.,0.));
#6793 = VECTOR('',#6794,1.);
#6794 = DIRECTION('',(1.,0.));
#6795 = ( GEOMETRIC_REPRESENTATION_CONTEXT(2) 
PARAMETRIC_REPRESENTATION_CONTEXT() REPRESENTATION_CONTEXT('2D SPACE',''
  ) );
#6796 = PCURVE('',#1501,#6797);
#6797 = DEFINITIONAL_REPRESENTATION('',(#6798),#6802);
#6798 = LINE('',#6799,#6800);
#6799 = CARTESIAN_POINT('',(0.,1.));
#6800 = VECTOR('',#6801,1.);
#6801 = DIRECTION('',(1.,0.));
#6802 = ( GEOMETRIC_REPRESENTATION_CONTEXT(2) 
PARAMETRIC_REPRESENTATION_CONTEXT() REPRESENTATION_CONTEXT('2D SPACE',''
  ) );
#6803 = ORIENTED_EDGE('',*,*,#4558,.T.);
#6804 = ORIENTED_EDGE('',*,*,#6732,.F.);
#6805 = ADVANCED_FACE('',(#6806),#1603,.T.);
#6806 = FACE_BOUND('',#6807,.T.);
#6807 = EDGE_LOOP('',(#6808,#6809,#6810,#6811));
#6808 = ORIENTED_EDGE('',*,*,#1585,.F.);
#6809 = ORIENTED_EDGE('',*,*,#6760,.T.);
#6810 = ORIENTED_EDGE('',*,*,#4458,.T.);
#6811 = ORIENTED_EDGE('',*,*,#6812,.F.);
#6812 = EDGE_CURVE('',#1552,#4459,#6813,.T.);
#6813 = SURFACE_CURVE('',#6814,(#6817,#6824),.PCURVE_S1.);
#6814 = B_SPLINE_CURVE_WITH_KNOTS('',1,(#6815,#6816),.UNSPECIFIED.,.F.,
  .F.,(2,2),(0.,1.),.PIECEWISE_BEZIER_KNOTS.);
#6815 = CARTESIAN_POINT('',(-4.947531044057,-0.156322001299,0.));
#6816 = CARTESIAN_POINT('',(-4.947531044057,-0.156322001299,5.));
#6817 = PCURVE('',#1603,#6818);
#6818 = DEFINITIONAL_REPRESENTATION('',(#6819),#6823);
#6819 = LINE('',#6820,#6821);
#6820 = CARTESIAN_POINT('',(0.,1.));
#6821 = VECTOR('',#6822,1.);
#6822 = DIRECTION('',(1.,0.));
#6823 = ( GEOMETRIC_REPRESENTATION_CONTEXT(2) 
PARAMETRIC_REPRESENTATION_CONTEXT() REPRESENTATION_CONTEXT('2D SPACE',''
  ) );
#6824 = PCURVE('',#1569,#6825);
#6825 = DEFINITIONAL_REPRESENTATION('',(#6826),#6830);
#6826 = LINE('',#6827,#6828);
#6827 = CARTESIAN_POINT('',(0.,0.));
#6828 = VECTOR('',#6829,1.);
#6829 = DIRECTION('',(1.,0.));
#6830 = ( GEOMETRIC_REPRESENTATION_CONTEXT(2) 
PARAMETRIC_REPRESENTATION_CONTEXT() REPRESENTATION_CONTEXT('2D SPACE',''
  ) );
#6831 = ADVANCED_FACE('',(#6832),#1501,.T.);
#6832 = FACE_BOUND('',#6833,.T.);
#6833 = EDGE_LOOP('',(#6834,#6835,#6855,#6856));
#6834 = ORIENTED_EDGE('',*,*,#1483,.F.);
#6835 = ORIENTED_EDGE('',*,*,#6836,.T.);
#6836 = EDGE_CURVE('',#1484,#4509,#6837,.T.);
#6837 = SURFACE_CURVE('',#6838,(#6841,#6848),.PCURVE_S1.);
#6838 = B_SPLINE_CURVE_WITH_KNOTS('',1,(#6839,#6840),.UNSPECIFIED.,.F.,
  .F.,(2,2),(0.,1.),.PIECEWISE_BEZIER_KNOTS.);
#6839 = CARTESIAN_POINT('',(-4.210168466069,0.394564917215,0.));
#6840 = CARTESIAN_POINT('',(-4.210168466069,0.394564917215,5.));
#6841 = PCURVE('',#1501,#6842);
#6842 = DEFINITIONAL_REPRESENTATION('',(#6843),#6847);
#6843 = LINE('',#6844,#6845);
#6844 = CARTESIAN_POINT('',(0.,0.));
#6845 = VECTOR('',#6846,1.);
#6846 = DIRECTION('',(1.,0.));
#6847 = ( GEOMETRIC_REPRESENTATION_CONTEXT(2) 
PARAMETRIC_REPRESENTATION_CONTEXT() REPRESENTATION_CONTEXT('2D SPACE',''
  ) );
#6848 = PCURVE('',#1535,#6849);
#6849 = DEFINITIONAL_REPRESENTATION('',(#6850),#6854);
#6850 = LINE('',#6851,#6852);
#6851 = CARTESIAN_POINT('',(0.,1.));
#6852 = VECTOR('',#6853,1.);
#6853 = DIRECTION('',(1.,0.));
#6854 = ( GEOMETRIC_REPRESENTATION_CONTEXT(2) 
PARAMETRIC_REPRESENTATION_CONTEXT() REPRESENTATION_CONTEXT('2D SPACE',''
  ) );
#6855 = ORIENTED_EDGE('',*,*,#4533,.T.);
#6856 = ORIENTED_EDGE('',*,*,#6784,.F.);
#6857 = ADVANCED_FACE('',(#6858),#1569,.T.);
#6858 = FACE_BOUND('',#6859,.T.);
#6859 = EDGE_LOOP('',(#6860,#6861,#6862,#6863));
#6860 = ORIENTED_EDGE('',*,*,#1551,.F.);
#6861 = ORIENTED_EDGE('',*,*,#6812,.T.);
#6862 = ORIENTED_EDGE('',*,*,#4483,.T.);
#6863 = ORIENTED_EDGE('',*,*,#6864,.F.);
#6864 = EDGE_CURVE('',#1518,#4484,#6865,.T.);
#6865 = SURFACE_CURVE('',#6866,(#6869,#6876),.PCURVE_S1.);
#6866 = B_SPLINE_CURVE_WITH_KNOTS('',1,(#6867,#6868),.UNSPECIFIED.,.F.,
  .F.,(2,2),(0.,1.),.PIECEWISE_BEZIER_KNOTS.);
#6867 = CARTESIAN_POINT('',(-4.947531044057,0.156322001299,0.));
#6868 = CARTESIAN_POINT('',(-4.947531044057,0.156322001299,5.));
#6869 = PCURVE('',#1569,#6870);
#6870 = DEFINITIONAL_REPRESENTATION('',(#6871),#6875);
#6871 = LINE('',#6872,#6873);
#6872 = CARTESIAN_POINT('',(0.,1.));
#6873 = VECTOR('',#6874,1.);
#6874 = DIRECTION('',(1.,0.));
#6875 = ( GEOMETRIC_REPRESENTATION_CONTEXT(2) 
PARAMETRIC_REPRESENTATION_CONTEXT() REPRESENTATION_CONTEXT('2D SPACE',''
  ) );
#6876 = PCURVE('',#1535,#6877);
#6877 = DEFINITIONAL_REPRESENTATION('',(#6878),#6882);
#6878 = LINE('',#6879,#6880);
#6879 = CARTESIAN_POINT('',(0.,0.));
#6880 = VECTOR('',#6881,1.);
#6881 = DIRECTION('',(1.,0.));
#6882 = ( GEOMETRIC_REPRESENTATION_CONTEXT(2) 
PARAMETRIC_REPRESENTATION_CONTEXT() REPRESENTATION_CONTEXT('2D SPACE',''
  ) );
#6883 = ADVANCED_FACE('',(#6884),#1535,.T.);
#6884 = FACE_BOUND('',#6885,.T.);
#6885 = EDGE_LOOP('',(#6886,#6887,#6888,#6889));
#6886 = ORIENTED_EDGE('',*,*,#1517,.F.);
#6887 = ORIENTED_EDGE('',*,*,#6864,.T.);
#6888 = ORIENTED_EDGE('',*,*,#4508,.T.);
#6889 = ORIENTED_EDGE('',*,*,#6836,.F.);
#6890 = ADVANCED_FACE('',(#6891),#2841,.F.);
#6891 = FACE_BOUND('',#6892,.T.);
#6892 = EDGE_LOOP('',(#6893,#6894,#6915,#6916));
#6893 = ORIENTED_EDGE('',*,*,#4858,.F.);
#6894 = ORIENTED_EDGE('',*,*,#6895,.T.);
#6895 = EDGE_CURVE('',#4859,#2825,#6896,.T.);
#6896 = SEAM_CURVE('',#6897,(#6901,#6908),.PCURVE_S1.);
#6897 = LINE('',#6898,#6899);
#6898 = CARTESIAN_POINT('',(3.,0.,9.901646092458));
#6899 = VECTOR('',#6900,1.);
#6900 = DIRECTION('',(0.,0.,-1.));
#6901 = PCURVE('',#2841,#6902);
#6902 = DEFINITIONAL_REPRESENTATION('',(#6903),#6907);
#6903 = LINE('',#6904,#6905);
#6904 = CARTESIAN_POINT('',(-0.,0.));
#6905 = VECTOR('',#6906,1.);
#6906 = DIRECTION('',(-0.,-1.));
#6907 = ( GEOMETRIC_REPRESENTATION_CONTEXT(2) 
PARAMETRIC_REPRESENTATION_CONTEXT() REPRESENTATION_CONTEXT('2D SPACE',''
  ) );
#6908 = PCURVE('',#2841,#6909);
#6909 = DEFINITIONAL_REPRESENTATION('',(#6910),#6914);
#6910 = LINE('',#6911,#6912);
#6911 = CARTESIAN_POINT('',(-6.28318530718,0.));
#6912 = VECTOR('',#6913,1.);
#6913 = DIRECTION('',(-0.,-1.));
#6914 = ( GEOMETRIC_REPRESENTATION_CONTEXT(2) 
PARAMETRIC_REPRESENTATION_CONTEXT() REPRESENTATION_CONTEXT('2D SPACE',''
  ) );
#6915 = ORIENTED_EDGE('',*,*,#2824,.F.);
#6916 = ORIENTED_EDGE('',*,*,#6895,.F.);
#6917 = ( GEOMETRIC_REPRESENTATION_CONTEXT(3) 
GLOBAL_UNCERTAINTY_ASSIGNED_CONTEXT((#6921)) 
GLOBAL_UNIT_ASSIGNED_CONTEXT((#6918,#6919,#6920)) REPRESENTATION_CONTEXT
('Context #1','3D Context with UNIT and UNCERTAINTY') );
#6918 = ( LENGTH_UNIT() NAMED_UNIT(*) SI_UNIT(.MILLI.,.METRE.) );
#6919 = ( NAMED_UNIT(*) PLANE_ANGLE_UNIT() SI_UNIT($,.RADIAN.) );
#6920 = ( NAMED_UNIT(*) SI_UNIT($,.STERADIAN.) SOLID_ANGLE_UNIT() );
#6921 = UNCERTAINTY_MEASURE_WITH_UNIT(LENGTH_MEASURE(1.E-07),#6918,
  'distance_accuracy_value','confusion accuracy');
#6922 = PRODUCT_RELATED_PRODUCT_CATEGORY('part',$,(#7));
ENDSEC;
END-ISO-10303-21;
