time_s,CF955_flow_ml_min,F50_flow_ml_min,F100_flow_ml_min,F200_flow_ml_min,F350_flow_ml_min,F500_flow_ml_min,F1000_flow_ml_min,F5000_flow_ml_min,F12500_flow_ml_min
0,0.027,-0.006,0.057,0.038,0.033,0.013,-0.015,0.057,0.061
0.5,0.022,0.006,0.052,0.042,0.034,0.015,-0.021,0.055,0.058
1,0.025,0.013,0.053,0.033,0.031,0.019,-0.026,0.054,0.056
1.5,0.023,0.008,0.049,0.037,0.024,0.021,-0.028,0.052,0.054
2,0.026,0.015,0.051,0.045,0.022,0.024,-0.025,0.05,0.054
2.5,0.022,0.013,0.051,0.05,0.028,0.024,-0.019,0.048,0.054
3,0.024,-0.006,0.055,0.052,0.033,0.026,-0.017,0.05,0.054
3.5,0.018,-0.02,0.054,0.054,0.034,0.025,-0.014,0.051,0.054
4,0.016,-0.021,0.05,0.051,0.031,0.027,-0.01,0.051,0.054
4.5,0.02,-0.019,0.049,0.053,0.031,0.029,-0.007,0.053,0.054
5,0.014,-0.009,0.044,0.05,0.03,0.033,-0.004,0.052,0.054
5.5,0.018,0.002,0.041,0.051,0.032,0.042,0.005,0.052,0.054
6,0.023,0.01,0.043,0.053,0.031,0.041,0.011,0.051,0.053
6.5,0.024,0.014,0.04,0.054,0.03,0.039,0.01,0.05,0.052
7,0.02,0.018,0.044,0.061,0.028,0.037,0.015,0.051,0.052
7.5,0.021,0.031,0.045,0.057,0.026,0.034,0.018,0.047,0.053
8,0.021,0.045,0.049,0.054,0.026,0.029,0.02,0.042,0.051
8.5,0.019,0.044,0.048,0.045,0.025,0.024,0.02,0.039,0.052
9,0.021,0.041,0.047,0.045,0.024,0.026,0.023,0.038,0.05
9.5,0.021,0.039,0.048,0.046,0.024,0.028,0.025,0.039,0.048
10,0.018,0.04,0.044,0.042,0.024,0.033,0.028,0.039,0.047
10.5,0.021,0.042,0.047,0.046,0.024,0.036,0.034,0.04,0.046
11,0.019,0.04,0.042,0.043,0.018,0.036,0.035,0.039,0.045
11.5,0.02,0.047,0.042,0.049,0.019,0.039,0.037,0.04,0.044
12,0.019,0.051,0.039,0.055,0.019,0.039,0.036,0.038,0.044
12.5,0.018,0.049,0.033,0.057,0.025,0.039,0.035,0.036,0.044
13,0.015,0.051,0.037,0.06,0.028,0.038,0.037,0.034,0.044
13.5,0.011,0.043,0.038,0.056,0.027,0.035,0.038,0.034,0.044
14,0.015,0.047,0.04,0.056,0.03,0.033,0.039,0.032,0.044
14.5,0.017,0.048,0.038,0.052,0.031,0.03,0.04,0.03,0.045
15,0.006,0.043,0.034,0.054,0.032,0.033,0.038,0.03,0.044
15.5,0.012,0.04,0.035,0.059,0.03,0.034,0.036,0.03,0.044
16,0.013,0.041,0.03,0.055,0.028,0.035,0.032,0.03,0.044
16.5,0.018,0.049,0.032,0.054,0.027,0.034,0.033,0.029,0.044
17,0.017,0.051,0.034,0.052,0.023,0.029,0.034,0.028,0.042
17.5,0.018,0.053,0.038,0.05,0.022,0.025,0.033,0.027,0.042
18,0.015,0.053,0.037,0.045,0.021,0.024,0.034,0.025,0.042
18.5,0.009,0.048,0.037,0.047,0.02,0.026,0.034,0.024,0.04
19,-0.071,0.051,0.036,0.051,0.021,0.027,0.037,0.024,0.04
19.5,-0.215,0.046,0.035,0.05,0.018,0.027,0.038,0.024,0.038
20,-0.108,0.047,0.038,0.049,0.017,0.031,0.041,0.024,0.037
20.5,-0.022,0.049,0.035,0.047,0.013,0.034,0.041,0.023,0.036
21,-0.012,0.047,0.032,0.052,0.014,0.038,0.041,0.024,0.037
21.5,-0.007,0.05,0.029,0.056,0.012,0.038,0.04,0.024,0.038
22,-0.004,0.05,0.021,0.053,0.01,0.038,0.04,0.024,0.038
22.5,-0.002,0.049,0.022,0.056,0.011,0.039,0.042,0.024,0.038
23,-0.01,0.043,0.024,0.053,0.01,0.036,0.043,0.024,0.038
23.5,-0.012,0.04,0.03,0.054,0.013,0.035,0.043,0.024,0.038
24,-0.007,0.042,0.031,0.057,0.014,0.032,0.04,0.024,0.038
24.5,-0.004,0.038,0.029,0.058,0.014,0.036,0.038,0.024,0.038
25,-0.013,0.043,0.029,0.062,0.013,0.04,0.036,0.022,0.038
25.5,-0.018,0.039,0.03,0.057,0.013,0.037,0.032,0.02,0.036
26,-0.025,0.047,0.03,0.055,0.013,0.035,0.032,0.017,0.036
26.5,-0.027,0.048,0.028,0.05,0.01,0.03,0.032,0.015,0.036
27,-0.02,0.048,0.025,0.045,0.007,0.026,0.033,0.014,0.036
27.5,-0.011,0.051,0.028,0.039,0.004,0.024,0.034,0.012,0.036
28,-0.018,0.05,0.027,0.039,0.004,0.024,0.034,0.011,0.034
28.5,-0.033,0.052,0.026,0.049,0.007,0.024,0.038,0.007,0.034
29,-0.033,0.049,0.025,0.053,0.008,0.022,0.039,0.002,0.032
29.5,-0.033,0.047,0.026,0.052,0.009,0.028,0.04,-0.006,0.03
30,-0.032,0.053,0.026,0.054,0.008,0.03,0.04,-0.018,0.03
30.5,-0.024,0.048,0.022,0.051,0.007,0.03,0.04,-0.035,0.03
31,-0.022,0.052,0.023,0.055,0.01,0.032,0.041,-0.06,0.03
31.5,-0.02,0.047,0.02,0.053,0.009,0.03,0.04,-0.096,0.03
32,-0.017,0.047,0.023,0.054,0.008,0.033,0.041,-0.137,0.03
32.5,-0.015,0.04,0.024,0.053,0.007,0.03,0.042,-0.176,0.028
33,-0.015,0.037,0.022,0.051,0.008,0.03,0.041,-0.223,0.028
33.5,-0.023,0.04,0.022,0.051,0.007,0.027,0.04,-0.275,0.028
34,-0.025,0.038,0.021,0.046,0.004,0.026,0.039,-0.323,0.028
34.5,-0.024,0.047,0.02,0.048,0.005,0.027,0.039,-0.356,0.028
35,-0.019,0.049,0.016,0.043,0.005,0.024,0.035,-0.355,0.026
35.5,-0.017,0.045,0.009,0.045,0.005,0.025,0.033,-0.333,0.027
36,-0.021,0.05,-0.016,0.045,0.002,0.025,0.035,-0.305,0.026
36.5,-0.016,0.046,-0.063,0.044,0.002,0.024,0.035,-0.271,0.026
37,-0.003,0.049,-0.116,0.044,0.002,0.021,0.039,-0.24,0.025
37.5,-0.003,0.046,-0.118,0.038,-0.001,0.019,0.04,-0.217,0.024
38,0.005,0.047,-0.066,0.043,-0.005,0.019,0.04,-0.191,0.024
38.5,0.009,0.045,-0.019,0.041,-0.01,0.019,0.04,-0.17,0.022
39,0.014,0.042,-0.007,0.039,-0.023,0.022,0.038,-0.152,0.022
39.5,0.019,0.045,-0.005,0.041,-0.054,0.023,0.038,-0.137,0.022
40,0.022,0.037,-0.001,0.039,-0.104,0.023,0.036,-0.122,0.022
40.5,0.027,0.038,0.004,0.041,-0.142,0.024,0.035,-0.112,0.022
41,0.026,0.039,0.006,0.04,-0.129,0.023,0.031,-0.102,0.021
41.5,0.03,0.036,0.005,0.039,-0.1,0.023,0.027,-0.093,0.021
42,0.03,0.036,0.001,0.038,-0.061,0.022,0.024,-0.083,0.02
42.5,0.027,0.034,-0.007,0.033,-0.04,0.02,0.022,-0.073,0.02
43,0.033,0.038,0,0.036,-0.031,0.018,0.022,-0.066,0.02
43.5,0.031,0.036,-0.001,0.032,-0.025,0.013,0.024,-0.057,0.02
44,0.034,0.036,-0.009,0.028,-0.014,0.011,0.025,-0.047,0.02
44.5,0.036,0.036,-0.017,0.028,-0.016,0.011,0.026,-0.036,0.02
45,0.027,0.034,-0.014,0.03,-0.021,0.014,0.026,-0.028,0.018
45.5,0.026,0.039,-0.005,0.033,-0.025,0.015,0.028,-0.021,0.018
46,0.027,0.037,-0.002,0.032,-0.021,0.014,0.027,-0.014,0.018
46.5,0.028,0.039,-0.008,0.034,-0.02,0.014,0.027,-0.006,0.018
47,0.026,0.039,-0.005,0.031,-0.017,0.012,0.028,0.001,0.016
47.5,0.03,0.037,-0.009,0.033,-0.012,0.015,0.029,0.009,0.015
48,0.032,0.037,-0.012,0.037,-0.007,0.015,0.031,0.017,0.014
48.5,0.034,0.034,-0.014,0.033,-0.013,0.014,0.031,0.021,0.014
49,0.034,0.032,-0.024,0.032,-0.027,0.014,0.032,0.025,0.013
49.5,0.034,0.027,-0.023,0.032,-0.039,0.014,0.03,0.028,0.012
50,0.036,0.029,-0.02,0.032,-0.046,0.016,0.028,0.029,0.012
50.5,0.04,0.032,-0.008,0.032,-0.031,0.013,0.026,0.031,0.012
51,0.032,0.028,-0.001,0.027,-0.02,0.01,0.024,0.033,0.01
51.5,0.034,0.031,-0.006,0.027,-0.016,0.01,0.022,0.036,0.009
52,0.032,0.029,0,0.026,-0.018,0.009,0.018,0.038,0.007
52.5,0.038,0.027,0,0.026,-0.014,0.009,0.016,0.042,0.004
53,0.041,0.03,0.004,0.024,-0.014,0.006,0.016,0.044,0
53.5,0.042,0.03,0.001,0.018,-0.023,0.004,0.016,0.047,-0.003
54,0.035,0.026,-0.003,0.017,-0.031,0.003,0.016,0.049,-0.008
54.5,0.031,0.024,0.002,0.017,-0.028,0.003,0.014,0.051,-0.015
55,0.027,0.028,0.016,0.019,-0.022,0.003,0.017,0.052,-0.025
55.5,0.029,0.026,0.022,0.021,-0.017,0.002,0.016,0.052,-0.038
56,0.03,0.025,0.026,0.022,-0.021,0.005,0.015,0.054,-0.052
56.5,0.032,0.024,0.03,0.022,-0.024,0.005,0.013,0.054,-0.067
57,0.027,0.024,0.034,0.019,-0.015,0.01,0.012,0.053,-0.082
57.5,0.033,0.027,0.038,0.023,-0.005,0.013,0.013,0.056,-0.096
58,0.036,0.024,0.038,0.025,0,0.011,0.013,0.056,-0.109
58.5,0.038,0.027,0.04,0.025,0.009,0.009,0.013,0.056,-0.124
59,0.039,0.024,0.044,0.023,0.013,0.006,0.012,0.055,-0.138
59.5,0.041,0.02,0.042,0.012,0.012,0.002,0.012,0.053,-0.15
60,0.034,0.023,0.042,-0.024,0.016,-0.009,0.012,0.051,-0.158
60.5,0.033,0.025,0.042,-0.07,0.018,-0.028,0.011,0.05,-0.16
61,0.035,0.022,0.043,-0.123,0.018,-0.063,0.008,0.05,-0.156
61.5,0.033,0.024,0.045,-0.168,0.017,-0.115,0.005,0.049,-0.152
62,0.035,0.027,0.05,-0.146,0.02,-0.167,0.003,0.051,-0.146
62.5,0.038,0.023,0.051,-0.079,0.023,-0.203,0.006,0.053,-0.143
63,0.031,0.026,0.043,-0.027,0.026,-0.219,0.006,0.054,-0.138
63.5,0.036,0.029,0.043,-0.015,0.028,-0.187,0.006,0.057,-0.135
64,0.032,0.024,0.041,-0.009,0.028,-0.126,0.006,0.056,-0.129
64.5,0.03,0.026,0.042,-0.007,0.029,-0.08,0.007,0.057,-0.123
65,0.029,0.025,0.04,-0.003,0.027,-0.051,0.008,0.057,-0.117
65.5,0.032,0.022,0.038,0.001,0.027,-0.039,0.006,0.056,-0.11
66,0.03,0.022,0.041,-0.001,0.03,-0.037,0.006,0.056,-0.106
66.5,0.033,0.019,0.044,-0.011,0.03,-0.038,0.004,0.055,-0.101
67,0.038,0.019,0.048,-0.02,0.03,-0.034,0.004,0.056,-0.096
67.5,0.037,0.014,0.047,-0.007,0.03,-0.03,0.002,0.056,-0.092
68,0.037,0.01,0.051,0.008,0.031,-0.026,-0.005,0.057,-0.087
68.5,0.035,-0.016,0.051,0,0.028,-0.025,-0.019,0.056,-0.081
69,0.032,-0.074,0.045,-0.004,0.024,-0.031,-0.045,0.052,-0.076
69.5,0.036,-0.147,0.048,0.011,0.024,-0.039,-0.078,0.05,-0.071
70,0.032,-0.108,0.047,0,0.022,-0.036,-0.126,0.049,-0.065
70.5,0.032,-0.021,0.049,-0.004,0.024,-0.032,-0.171,0.048,-0.06
71,0.035,0.001,0.053,-0.003,0.024,-0.033,-0.233,0.047,-0.056
71.5,0.027,-0.005,0.049,0.001,0.027,-0.036,-0.299,0.047,-0.052
72,0.025,-0.017,0.049,-0.001,0.029,-0.035,-0.303,0.05,-0.048
72.5,0.028,-0.025,0.044,0,0.03,-0.032,-0.244,0.052,-0.044
73,0.03,-0.014,0.04,0.003,0.032,-0.029,-0.185,0.054,-0.039
73.5,0.028,0.003,0.04,0.006,0.031,-0.023,-0.139,0.055,-0.035
74,0.028,0.002,0.042,0.006,0.031,-0.019,-0.109,0.056,-0.031
74.5,0.028,-0.006,0.044,0.007,0.029,-0.02,-0.09,0.057,-0.027
75,0.024,-0.015,0.041,-0.001,0.028,-0.025,-0.072,0.056,-0.024
75.5,0.027,-0.017,0.041,-0.016,0.032,-0.03,-0.057,0.056,-0.019
76,0.025,0.017,0.045,-0.023,0.032,-0.034,-0.049,0.056,-0.016
76.5,0.027,-0.002,0.049,-0.029,0.031,-0.028,-0.045,0.057,-0.012
77,0.03,-0.012,0.051,-0.015,0.031,-0.015,-0.042,0.057,-0.009
77.5,0.023,-0.001,0.048,0.007,0.029,-0.004,-0.033,0.057,-0.005
78,0.027,-0.006,0.049,0.013,0.027,0.002,-0.028,0.056,-0.003
78.5,0.026,-0.025,0.045,0.009,0.022,0.005,-0.028,0.054,0.001
79,0.024,-0.011,0.044,0.014,0.021,0.009,-0.029,0.051,0.004
79.5,0.028,-0.005,0.047,0.024,0.023,0.015,-0.028,0.05,0.007
80,0.025,0.003,0.049,0.036,0.026,0.023,-0.024,0.05,0.01
80.5,0.019,0,0.05,0.04,0.027,0.024,-0.022,0.051,0.012
81,0.014,-0.015,0.046,0.037,0.028,0.022,-0.015,0.052,0.014
81.5,0.015,-0.025,0.046,0.037,0.032,0.024,-0.01,0.052,0.015
82,0.018,-0.022,0.044,0.036,0.03,0.023,-0.013,0.052,0.017
82.5,0.022,-0.005,0.041,0.036,0.031,0.025,-0.016,0.052,0.018
83,0.021,0,0.032,0.036,0.03,0.027,-0.023,0.052,0.019
83.5,0.019,-0.003,0.034,0.041,0.031,0.032,-0.027,0.053,0.02
84,0.02,-0.002,0.034,0.049,0.03,0.036,-0.027,0.052,0.021
84.5,0.022,0.003,0.039,0.046,0.027,0.033,-0.017,0.051,0.022
85,0.022,0.005,0.046,0.048,0.031,0.031,-0.006,0.051,0.022
85.5,0.022,0.012,0.047,0.043,0.033,0.028,0,0.048,0.024
86,0.016,0.016,0.045,0.04,0.03,0.028,0.005,0.047,0.024
86.5,0.02,0.02,0.048,0.043,0.03,0.028,0.01,0.045,0.024
87,0.02,0.019,0.045,0.042,0.027,0.026,0.014,0.042,0.026
87.5,0.022,0.022,0.047,0.044,0.027,0.028,0.019,0.04,0.027
88,0.022,0.023,0.045,0.045,0.022,0.03,0.02,0.039,0.028
88.5,0.02,0.022,0.043,0.047,0.025,0.035,0.022,0.037,0.029
89,0.017,0.031,0.042,0.051,0.026,0.034,0.023,0.036,0.03
89.5,0.018,0.036,0.039,0.051,0.028,0.034,0.024,0.036,0.032
90,0.019,0.036,0.04,0.054,0.03,0.034,0.025,0.036,0.032
90.5,0.014,0.032,0.036,0.052,0.03,0.033,0.027,0.034,0.032
91,0.013,0.029,0.039,0.052,0.031,0.033,0.03,0.033,0.032
91.5,0.014,0.026,0.039,0.05,0.029,0.031,0.035,0.033,0.032
92,0.012,0.035,0.034,0.045,0.028,0.031,0.036,0.033,0.032
92.5,0.017,0.039,0.039,0.052,0.027,0.031,0.036,0.033,0.032
93,0.016,0.037,0.04,0.053,0.026,0.033,0.033,0.032,0.032
93.5,0.019,0.038,0.036,0.053,0.025,0.036,0.028,0.03,0.032
94,0.019,0.04,0.039,0.047,0.021,0.034,0.028,0.03,0.032
94.5,0.022,0.044,0.037,0.046,0.019,0.034,0.029,0.029,0.032
95,0.017,0.046,0.038,0.044,0.015,0.028,0.028,0.027,0.032
95.5,0.014,0.044,0.035,0.036,0.013,0.029,0.027,0.025,0.032
96,0.017,0.046,0.036,0.039,0.016,0.03,0.031,0.024,0.032
96.5,0.017,0.04,0.037,0.039,0.015,0.027,0.033,0.022,0.032
97,0.017,0.039,0.036,0.04,0.018,0.031,0.035,0.022,0.034
97.5,0.016,0.04,0.035,0.042,0.018,0.032,0.037,0.022,0.034
98,0.015,0.035,0.033,0.044,0.02,0.035,0.036,0.022,0.034
98.5,0.016,0.045,0.034,0.046,0.021,0.037,0.036,0.022,0.034
99,0,0.042,0.028,0.047,0.019,0.035,0.035,0.022,0.034
99.5,-0.085,0.042,0.025,0.049,0.02,0.036,0.034,0.024,0.035
100,-0.203,0.039,0.026,0.048,0.02,0.033,0.034,0.024,0.035
100.5,-0.132,0.037,0.027,0.046,0.022,0.034,0.034,0.024,0.035
101,-0.031,0.037,0.029,0.046,0.024,0.031,0.036,0.024,0.034
101.5,-0.011,0.036,0.025,0.043,0.023,0.03,0.036,0.024,0.034
102,-0.006,0.035,0.026,0.049,0.024,0.03,0.036,0.024,0.035
102.5,-0.011,0.037,0.027,0.051,0.022,0.027,0.033,0.023,0.034
103,-0.034,0.037,0.028,0.051,0.02,0.026,0.029,0.022,0.034
103.5,-0.04,0.044,0.026,0.05,0.018,0.027,0.03,0.022,0.032
104,-0.02,0.042,0.024,0.044,0.015,0.029,0.031,0.022,0.032
104.5,-0.014,0.047,0.026,0.042,0.014,0.028,0.033,0.02,0.032
105,-0.021,0.046,0.025,0.035,0.009,0.028,0.033,0.019,0.032
105.5,-0.025,0.048,0.025,0.036,0.009,0.026,0.035,0.017,0.033
106,-0.023,0.045,0.024,0.039,0.009,0.021,0.039,0.014,0.032
106.5,-0.017,0.041,0.024,0.041,0.01,0.024,0.039,0.011,0.032
107,-0.025,0.045,0.026,0.044,0.008,0.026,0.04,0.009,0.032
107.5,-0.027,0.043,0.023,0.044,0.008,0.031,0.039,0.007,0.032
108,-0.027,0.046,0.023,0.047,0.01,0.035,0.038,0.004,0.033
108.5,-0.023,0.044,0.024,0.046,0.009,0.036,0.036,-0.003,0.032
109,-0.016,0.039,0.021,0.048,0.007,0.038,0.036,-0.013,0.032
109.5,-0.012,0.039,0.019,0.048,0.007,0.037,0.037,-0.028,0.032
110,-0.014,0.034,0.02,0.046,0.007,0.037,0.037,-0.047,0.032
110.5,-0.014,0.03,0.022,0.047,0.007,0.037,0.037,-0.071,0.032
111,-0.01,0.03,0.02,0.044,0.007,0.034,0.035,-0.11,0.032
111.5,-0.006,0.037,0.022,0.045,0.009,0.033,0.032,-0.149,0.031
112,-0.016,0.041,0.023,0.047,0.007,0.031,0.027,-0.188,0.03
112.5,-0.027,0.039,0.025,0.041,0.007,0.029,0.024,-0.242,0.029
113,-0.029,0.043,0.026,0.044,0.006,0.027,0.027,-0.29,0.028
113.5,-0.027,0.04,0.022,0.042,0.004,0.026,0.03,-0.317,0.028
114,-0.02,0.043,0.021,0.043,0.001,0.024,0.036,-0.31,0.028
114.5,-0.009,0.042,0.022,0.041,-0.002,0.023,0.036,-0.281,0.028
115,-0.012,0.04,0.022,0.042,-0.001,0.023,0.037,-0.247,0.028
115.5,-0.017,0.039,0.019,0.04,0.002,0.02,0.04,-0.226,0.028
116,-0.019,0.04,0.003,0.038,0.003,0.019,0.04,-0.202,0.028
116.5,-0.02,0.042,-0.051,0.04,0.002,0.022,0.042,-0.18,0.028
117,-0.015,0.039,-0.112,0.04,0.001,0.021,0.042,-0.16,0.028
117.5,-0.01,0.04,-0.12,0.039,0.003,0.022,0.042,-0.145,0.026
118,-0.006,0.037,-0.069,0.041,0.003,0.022,0.042,-0.133,0.026
118.5,0,0.034,-0.025,0.038,0.002,0.023,0.039,-0.123,0.026
119,0.009,0.037,-0.013,0.038,0,0.024,0.04,-0.112,0.024
119.5,0.013,0.035,-0.012,0.035,-0.005,0.022,0.035,-0.101,0.024
120,0.017,0.034,0.005,0.034,-0.016,0.022,0.034,-0.09,0.024
120.5,0.023,0.03,0.01,0.028,-0.052,0.02,0.034,-0.08,0.024
121,0.026,0.03,0.005,0.024,-0.093,0.019,0.032,-0.072,0.024
121.5,0.026,0.033,-0.009,0.024,-0.143,0.016,0.032,-0.065,0.023
122,0.025,0.033,-0.023,0.022,-0.152,0.013,0.028,-0.051,0.022
122.5,0.028,0.035,-0.02,0.027,-0.117,0.015,0.029,-0.041,0.022
123,0.027,0.036,-0.001,0.031,-0.077,0.015,0.026,-0.035,0.021
123.5,0.029,0.035,-0.002,0.031,-0.054,0.015,0.025,-0.029,0.02
124,0.022,0.037,-0.006,0.031,-0.039,0.014,0.026,-0.023,0.02
124.5,0.025,0.033,-0.007,0.032,-0.03,0.013,0.025,-0.021,0.02
125,0.027,0.035,-0.014,0.032,-0.017,0.014,0.025,-0.017,0.02
125.5,0.027,0.034,-0.018,0.029,-0.012,0.013,0.025,-0.011,0.02
126,0.037,0.033,0.002,0.03,-0.018,0.012,0.025,-0.002,0.02
126.5,0.038,0.032,0.005,0.032,-0.024,0.009,0.024,0.006,0.02
127,0.036,0.025,-0.003,0.031,-0.032,0.011,0.023,0.011,0.02
127.5,0.037,0.028,-0.009,0.029,-0.032,0.01,0.022,0.015,0.02
128,0.035,0.03,0.001,0.027,-0.023,0.009,0.021,0.018,0.02
128.5,0.035,0.032,-0.001,0.03,-0.022,0.01,0.018,0.022,0.02
129,0.035,0.032,-0.003,0.03,-0.024,0.01,0.016,0.024,0.02
129.5,0.029,0.032,0.004,0.029,-0.026,0.012,0.014,0.027,0.02
130,0.034,0.03,0.01,0.028,-0.022,0.008,0.015,0.031,0.02
130.5,0.034,0.03,0,0.025,-0.018,0.009,0.016,0.035,0.018
131,0.039,0.031,-0.013,0.025,-0.021,0.009,0.016,0.039,0.019
131.5,0.034,0.025,-0.019,0.024,-0.024,0.005,0.015,0.041,0.018
132,0.032,0.028,-0.023,0.025,-0.027,0.003,0.015,0.044,0.018
132.5,0.029,0.028,-0.017,0.026,-0.022,0.001,0.015,0.047,0.016
133,0.027,0.026,0.004,0.024,-0.018,0.004,0.016,0.048,0.016
133.5,0.025,0.025,0.008,0.024,-0.015,0.007,0.016,0.048,0.016
134,0.027,0.022,0.005,0.022,-0.005,0.008,0.014,0.049,0.015
134.5,0.029,0.025,0.003,0.024,-0.005,0.009,0.016,0.05,0.014
135,0.033,0.025,0.008,0.026,-0.016,0.01,0.016,0.05,0.012
135.5,0.045,0.021,0.021,0.025,-0.027,0.009,0.016,0.053,0.008
136,0.041,0.017,0.028,0.025,-0.032,0.006,0.016,0.052,0.003
136.5,0.036,0.016,0.028,0.022,-0.029,0.006,0.014,0.051,0.005
137,0.041,0.017,0.031,0.024,-0.025,0.007,0.014,0.048,-0.003
137.5,0.038,0.022,0.029,0.023,-0.013,0.005,0.014,0.045,-0.026
138,0.038,0.026,0.031,0.021,-0.004,0.004,0.012,0.046,-0.046
138.5,0.042,0.028,0.034,0.019,0.001,-0.002,0.01,0.047,-0.055
139,0.037,0.024,0.037,0.008,0.005,-0.013,0.008,0.048,-0.056
139.5,0.04,0.028,0.042,-0.03,0.007,-0.039,0.009,0.048,-0.056
140,0.036,0.026,0.039,-0.072,0.013,-0.078,0.008,0.049,-0.058
140.5,0.037,0.025,0.037,-0.109,0.017,-0.117,0.008,0.053,-0.078
141,0.036,0.023,0.034,-0.12,0.018,-0.138,0.009,0.054,-0.077
141.5,0.037,0.023,0.039,-0.091,0.019,-0.131,0.009,0.056,-0.036
142,0.027,0.02,0.04,-0.044,0.019,-0.099,0.009,0.056,0.051
142.5,0.026,0.02,0.037,-0.016,0.02,-0.065,0.011,0.055,0.068
143,0.03,0.024,0.04,-0.009,0.021,-0.05,0.012,0.054,0.05
143.5,0.032,0.022,0.043,-0.014,0.023,-0.044,0.012,0.054,0.036
144,0.037,0.022,0.045,-0.02,0.028,-0.045,0.012,0.054,0.006
144.5,0.042,0.022,0.046,-0.016,0.03,-0.041,0.012,0.053,0.049
145,0.034,0.019,0.044,0,0.029,-0.03,0.01,0.054,0.003
145.5,0.04,0.019,0.046,-0.001,0.026,-0.023,0.008,0.054,-0.036
146,0.037,0.016,0.043,-0.003,0.02,-0.021,0.005,0.052,-0.029
146.5,0.037,0.015,0.043,-0.006,0.02,-0.022,0.003,0.05,-0.018
147,0.035,-0.004,0.043,0,0.022,-0.025,-0.002,0.048,-0.018
147.5,0.036,-0.066,0.044,0.004,0.022,-0.032,-0.014,0.049,-0.017
148,0.03,-0.124,0.045,-0.001,0.02,-0.031,-0.034,0.05,-0.015
148.5,0.031,-0.123,0.044,-0.01,0.023,-0.032,-0.062,0.049,-0.012
149,0.03,-0.053,0.048,-0.011,0.026,-0.04,-0.092,0.051,-0.009
149.5,0.03,-0.02,0.044,-0.002,0.026,-0.037,-0.118,0.053,-0.005
150,0.033,-0.003,0.041,-0.01,0.029,-0.029,-0.125,0.055,-0.003
150.5,0.037,0.013,0.037,-0.011,0.029,-0.031,-0.112,0.056,0.001
151,0.029,0.003,0.031,-0.003,0.028,-0.032,-0.095,0.057,0.006
151.5,0.03,-0.003,0.039,-0.001,0.028,-0.022,-0.082,0.059,0.011
152,0.027,-0.005,0.037,0.005,0.024,-0.014,-0.065,0.059,0.016
152.5,0.027,0.004,0.04,-0.001,0.026,-0.013,-0.053,0.058,0.019
153,0.025,-0.01,0.041,-0.013,0.027,-0.02,-0.044,0.059,0.021
153.5,0.031,-0.009,0.045,-0.021,0.028,-0.028,-0.037,0.059,0.022
154,0.029,-0.008,0.046,-0.018,0.031,-0.032,-0.028,0.059,0.023
154.5,0.029,0,0.044,-0.008,0.029,-0.026,-0.028,0.058,0.024
155,0.031,0.008,0.048,-0.002,0.027,-0.021,-0.032,0.056,0.024
155.5,0.031,0.006,0.045,0.003,0.022,-0.018,-0.036,0.053,0.024
156,0.032,0.003,0.044,0,0.022,-0.017,-0.034,0.049,0.026
156.5,0.033,0.003,0.044,-0.001,0.024,-0.011,-0.028,0.045,0.027
157,0.025,-0.005,0.038,-0.003,0.025,-0.005,-0.03,0.044,0.029
157.5,0.028,-0.007,0.047,0.004,0.027,-0.001,-0.035,0.045,0.031
158,0.023,-0.009,0.043,0.014,0.026,0.003,-0.036,0.046,0.032
158.5,0.022,-0.027,0.044,0.016,0.03,0.008,-0.031,0.046,0.033
159,0.021,-0.033,0.042,0.017,0.032,0.011,-0.021,0.047,0.034
159.5,0.021,-0.027,0.04,0.018,0.032,0.015,-0.012,0.048,0.034
160,0.024,-0.025,0.035,0.02,0.032,0.015,-0.014,0.049,0.035
160.5,0.023,-0.024,0.036,0.025,0.028,0.016,-0.02,0.049,0.035
161,0.024,-0.019,0.039,0.031,0.028,0.021,-0.027,0.05,0.035
161.5,0.026,-0.016,0.04,0.037,0.027,0.024,-0.034,0.049,0.035
162,0.026,-0.015,0.043,0.035,0.029,0.027,-0.031,0.05,0.035
162.5,0.022,0.006,0.046,0.032,0.03,0.027,-0.022,0.05,0.035
163,0.021,-0.001,0.045,0.03,0.028,0.024,-0.017,0.049,0.034
163.5,0.023,-0.007,0.048,0.041,0.029,0.023,-0.009,0.048,0.034
164,0.023,0,0.044,0.044,0.026,0.025,-0.003,0.047,0.034
164.5,0.025,0.004,0.046,0.043,0.023,0.027,0.005,0.046,0.034
165,0.022,-0.002,0.047,0.042,0.017,0.027,0.013,0.044,0.034
165.5,0.021,0,0.041,0.041,0.017,0.028,0.018,0.043,0.035
166,0.022,0.009,0.045,0.044,0.023,0.03,0.021,0.041,0.036
166.5,0.019,0.013,0.042,0.046,0.028,0.032,0.022,0.037,0.036
167,0.021,0.022,0.043,0.048,0.029,0.036,0.023,0.035,0.037
167.5,0.019,0.021,0.039,0.047,0.028,0.034,0.022,0.036,0.039
168,0.016,0.019,0.034,0.046,0.03,0.035,0.021,0.036,0.04
168.5,0.015,0.027,0.037,0.045,0.033,0.032,0.025,0.036,0.04
169,0.017,0.03,0.035,0.042,0.033,0.029,0.029,0.035,0.042
169.5,0.016,0.033,0.034,0.046,0.035,0.028,0.032,0.035,0.042
170,0.016,0.029,0.03,0.046,0.032,0.028,0.032,0.034,0.043
170.5,0.019,0.029,0.03,0.048,0.033,0.032,0.03,0.034,0.044
171,0.015,0.034,0.032,0.048,0.031,0.033,0.028,0.033,0.044
171.5,0.015,0.034,0.034,0.044,0.031,0.03,0.028,0.033,0.044
172,0.021,0.038,0.036,0.04,0.027,0.03,0.028,0.032,0.044
172.5,0.017,0.04,0.034,0.032,0.024,0.028,0.028,0.03,0.044
173,0.018,0.045,0.037,0.037,0.025,0.029,0.03,0.029,0.043
173.5,0.019,0.039,0.039,0.044,0.025,0.027,0.034,0.028,0.042
174,0.02,0.037,0.035,0.043,0.024,0.027,0.034,0.028,0.042
174.5,0.02,0.04,0.036,0.041,0.023,0.026,0.035,0.028,0.041
175,0.016,0.041,0.034,0.043,0.021,0.025,0.035,0.028,0.04
175.5,0.015,0.04,0.035,0.052,0.022,0.028,0.038,0.027,0.04
176,0.015,0.039,0.033,0.051,0.018,0.031,0.038,0.025,0.04
176.5,0.015,0.042,0.031,0.051,0.019,0.036,0.037,0.026,0.04
177,0.013,0.039,0.026,0.048,0.019,0.037,0.036,0.025,0.04
177.5,0.009,0.032,0.024,0.045,0.019,0.038,0.033,0.025,0.04
178,0.009,0.038,0.029,0.045,0.019,0.038,0.034,0.026,0.04
178.5,0.009,0.039,0.029,0.043,0.018,0.035,0.035,0.026,0.04
179,0.008,0.043,0.028,0.048,0.018,0.036,0.036,0.025,0.04
179.5,-0.006,0.04,0.026,0.049,0.017,0.038,0.036,0.024,0.04
180,-0.093,0.036,0.025,0.045,0.017,0.039,0.032,0.024,0.04
180.5,-0.169,0.04,0.03,0.044,0.016,0.037,0.03,0.024,0.038
181,-0.089,0.042,0.025,0.041,0.012,0.035,0.029,0.022,0.038
181.5,-0.021,0.046,0.026,0.042,0.009,0.034,0.027,0.019,0.038
182,-0.009,0.044,0.026,0.038,0.008,0.031,0.024,0.017,0.038
182.5,-0.013,0.041,0.026,0.036,0.01,0.029,0.022,0.015,0.036
183,-0.013,0.039,0.024,0.038,0.012,0.027,0.025,0.014,0.035
183.5,-0.013,0.036,0.022,0.036,0.011,0.025,0.028,0.013,0.034
184,-0.008,0.04,0.025,0.041,0.011,0.026,0.032,0.013,0.034
184.5,-0.014,0.043,0.024,0.043,0.009,0.025,0.035,0.015,0.034
185,-0.018,0.043,0.025,0.046,0.01,0.029,0.037,0.016,0.033
185.5,-0.02,0.04,0.022,0.047,0.012,0.029,0.038,0.014,0.032
186,-0.015,0.035,0.022,0.044,0.01,0.03,0.038,0.014,0.032
186.5,-0.006,0.04,0.02,0.044,0.01,0.03,0.038,0.014,0.032
187,-0.01,0.034,0.018,0.042,0.009,0.029,0.035,0.011,0.032
187.5,-0.027,0.03,0.025,0.044,0.011,0.029,0.037,0.008,0.031
188,-0.025,0.036,0.025,0.044,0.011,0.027,0.038,-0.001,0.03
188.5,-0.016,0.037,0.022,0.042,0.01,0.026,0.038,-0.015,0.03
189,-0.009,0.038,0.022,0.042,0.01,0.022,0.038,-0.038,0.03
189.5,-0.015,0.035,0.024,0.036,0.009,0.022,0.036,-0.069,0.03
190,-0.027,0.043,0.028,0.039,0.009,0.025,0.033,-0.099,0.03
190.5,-0.035,0.044,0.025,0.039,0.007,0.025,0.032,-0.12,0.029
191,-0.039,0.043,0.023,0.04,0.004,0.027,0.03,-0.127,0.028
191.5,-0.029,0.044,0.023,0.04,0.003,0.026,0.029,-0.123,0.026
192,-0.025,0.039,0.023,0.037,0.004,0.025,0.029,-0.112,0.025
192.5,-0.027,0.041,0.024,0.036,0.006,0.025,0.032,-0.098,0.024
193,-0.024,0.037,0.021,0.035,0.005,0.024,0.034,-0.085,0.025
193.5,-0.03,0.041,0.02,0.039,0.006,0.022,0.036,-0.072,0.024
194,-0.032,0.042,0.019,0.041,0.005,0.022,0.038,-0.064,0.026
194.5,-0.017,0.04,0.016,0.039,0.006,0.025,0.038,-0.061,0.025
195,-0.013,0.037,0.015,0.043,0.009,0.024,0.038,-0.058,0.024
195.5,-0.013,0.034,0.011,0.04,0.008,0.025,0.037,-0.058,0.024
196,-0.01,0.038,0.01,0.043,0.008,0.026,0.037,-0.056,0.023
196.5,-0.006,0.035,0.007,0.041,0.007,0.025,0.035,-0.051,0.022
197,-0.006,0.033,-0.032,0.039,0.008,0.026,0.033,-0.046,0.022
197.5,-0.003,0.035,-0.112,0.038,0.007,0.025,0.031,-0.044,0.022
198,0.006,0.034,-0.142,0.032,0.004,0.024,0.03,-0.044,0.022
198.5,0.014,0.04,-0.081,0.03,0.002,0.022,0.031,-0.042,0.022
199,0.009,0.039,-0.035,0.027,-0.001,0.019,0.032,-0.038,0.022
199.5,0.005,0.041,-0.012,0.031,-0.005,0.017,0.032,-0.036,0.021
200,0.006,0.043,0.001,0.034,-0.022,0.017,0.033,-0.036,0.02
200.5,0.013,0.039,-0.007,0.033,-0.058,0.019,0.034,-0.035,0.02
201,0.015,0.039,-0.008,0.033,-0.104,0.02,0.033,-0.031,0.02
201.5,0.015,0.036,-0.003,0.029,-0.129,0.019,0.029,-0.025,0.02
202,0.02,0.035,0,0.035,-0.133,0.018,0.031,-0.02,0.018
202.5,0.028,0.034,-0.013,0.035,-0.111,0.017,0.031,-0.015,0.018
203,0.039,0.032,-0.024,0.031,-0.076,0.017,0.03,-0.012,0.018
203.5,0.035,0.03,-0.02,0.031,-0.059,0.015,0.031,-0.012,0.018
204,0.031,0.025,-0.005,0.028,-0.053,0.013,0.03,-0.011,0.018
204.5,0.036,0.027,0.009,0.029,-0.04,0.013,0.029,-0.009,0.019
205,0.033,0.029,0.005,0.026,-0.024,0.012,0.026,-0.007,0.019
205.5,0.031,0.031,-0.005,0.026,-0.023,0.012,0.023,-0.004,0.018
206,0.032,0.031,-0.007,0.027,-0.026,0.011,0.021,0.001,0.018
206.5,0.033,0.027,0,0.026,-0.024,0.011,0.019,0.005,0.018
207,0.035,0.03,0.001,0.027,-0.02,0.011,0.019,0.009,0.017
207.5,0.033,0.03,0.002,0.023,-0.026,0.009,0.018,0.014,0.016
208,0.038,0.03,-0.01,0.023,-0.034,0.007,0.018,0.018,0.016
208.5,0.034,0.031,-0.03,0.022,-0.034,0.003,0.018,0.023,0.014
209,0.03,0.031,-0.04,0.025,-0.03,0.004,0.018,0.028,0.012
209.5,0.027,0.03,-0.034,0.026,-0.023,0.005,0.018,0.031,0.011
210,0.029,0.03,-0.009,0.026,-0.027,0.009,0.018,0.034,0.008
210.5,0.033,0.031,-0.007,0.025,-0.035,0.01,0.018,0.037,0.006
211,0.031,0.029,-0.002,0.022,-0.035,0.009,0.018,0.038,0.002
211.5,0.035,0.03,-0.006,0.025,-0.022,0.008,0.017,0.04,-0.002
212,0.037,0.031,-0.008,0.027,-0.014,0.006,0.019,0.043,-0.004
212.5,0.037,0.024,0.003,0.026,-0.014,0.008,0.019,0.046,-0.008
213,0.04,0.025,0.013,0.025,-0.022,0.007,0.02,0.049,-0.012
213.5,0.037,0.021,0.012,0.026,-0.031,0.006,0.02,0.049,-0.016
214,0.04,0.021,0.009,0.026,-0.039,0.007,0.02,0.049,-0.021
214.5,0.038,0.025,0.012,0.026,-0.034,0.007,0.019,0.047,-0.026
215,0.036,0.025,0.014,0.027,-0.02,0.007,0.018,0.045,-0.032
215.5,0.031,0.025,0.018,0.025,-0.015,0.005,0.016,0.042,-0.037
216,0.037,0.024,0.031,0.022,-0.012,0.003,0.013,0.048,-0.041
216.5,0.042,0.025,0.039,0.023,-0.012,0.003,0.011,0.048,-0.045
217,0.037,0.03,0.035,0.019,-0.008,0.003,0.009,0.048,-0.046
217.5,0.039,0.026,0.03,0.015,0.006,0.002,0.01,0.05,-0.047
218,0.04,0.023,0.028,0.013,0.012,-0.005,0.01,0.052,-0.048
218.5,0.029,0.021,0.024,0.012,0.014,-0.019,0.01,0.053,-0.048
219,0.029,0.024,0.031,0.015,0.016,-0.044,0.01,0.054,-0.048
219.5,0.022,0.021,0.03,0.015,0.017,-0.079,0.009,0.054,-0.047
220,0.028,0.02,0.033,0.004,0.016,-0.12,0.011,0.055,-0.046
220.5,0.034,0.023,0.036,-0.033,0.015,-0.145,0.013,0.055,-0.045
221,0.036,0.022,0.039,-0.076,0.018,-0.136,0.012,0.056,-0.043
221.5,0.033,0.022,0.037,-0.105,0.023,-0.104,0.011,0.057,-0.041
222,0.035,0.02,0.04,-0.1,0.024,-0.073,0.01,0.057,-0.04
222.5,0.038,0.02,0.044,-0.072,0.025,-0.046,0.01,0.058,-0.041
223,0.038,0.018,0.043,-0.041,0.021,-0.031,0.009,0.056,-0.042
223.5,0.039,0.02,0.04,-0.02,0.02,-0.03,0.007,0.054,-0.04
224,0.041,0.022,0.04,-0.011,0.022,-0.033,0.006,0.053,-0.038
224.5,0.031,0.019,0.038,-0.01,0.021,-0.027,0.005,0.054,-0.036
225,0.035,0.019,0.044,-0.009,0.023,-0.021,0.004,0.055,-0.034
225.5,0.034,0.019,0.041,-0.004,0.025,-0.026,0,0.056,-0.031
226,0.034,0.02,0.045,-0.004,0.028,-0.031,-0.007,0.056,-0.027
226.5,0.035,0.02,0.045,-0.002,0.028,-0.027,-0.022,0.056,-0.023
227,0.036,0.017,0.041,0.002,0.029,-0.02,-0.041,0.056,-0.019
227.5,0.032,0.019,0.034,-0.014,0.029,-0.02,-0.067,0.056,-0.016
228,0.031,0.018,0.033,-0.004,0.03,-0.024,-0.095,0.056,-0.013
228.5,0.031,0.014,0.042,0.003,0.031,-0.036,-0.116,0.058,-0.01
229,0.031,-0.035,0.041,0.002,0.028,-0.036,-0.123,0.057,-0.007
229.5,0.031,-0.107,0.04,-0.009,0.028,-0.03,-0.112,0.057,-0.004
230,0.034,-0.12,0.04,-0.017,0.026,-0.025,-0.09,0.057,-0.001
230.5,0.031,-0.073,0.039,-0.021,0.028,-0.026,-0.07,0.057,0.002
231,0.037,-0.019,0.047,-0.016,0.03,-0.033,-0.054,0.058,0.004
231.5,0.034,-0.001,0.044,-0.006,0.028,-0.041,-0.041,0.057,0.006
232,0.035,0.002,0.046,-0.008,0.028,-0.042,-0.029,0.058,0.007
232.5,0.033,-0.013,0.046,-0.01,0.025,-0.039,-0.025,0.057,0.009
233,0.032,-0.014,0.042,-0.012,0.022,-0.035,-0.023,0.055,0.011
233.5,0.03,-0.021,0.044,-0.012,0.024,-0.03,-0.022,0.052,0.014
234,0.028,-0.005,0.044,-0.009,0.021,-0.026,-0.02,0.049,0.016
234.5,0.026,-0.002,0.045,-0.004,0.017,-0.022,-0.025,0.047,0.019
235,0.026,-0.006,0.044,-0.003,0.016,-0.013,-0.029,0.046,0.022
235.5,0.024,-0.015,0.044,-0.005,0.021,-0.003,-0.031,0.048,0.025
236,0.028,-0.014,0.042,0,0.024,0.004,-0.036,0.05,0.027
236.5,0.021,-0.003,0.034,0.008,0.027,0.009,-0.031,0.051,0.028
237,0.024,0.002,0.032,0.001,0.03,0.015,-0.021,0.054,0.028
237.5,0.023,-0.001,0.035,-0.004,0.029,0.018,-0.018,0.054,0.029
238,0.025,-0.012,0.043,0.007,0.031,0.018,-0.022,0.054,0.029
238.5,0.019,-0.025,0.046,0.014,0.031,0.019,-0.031,0.054,0.03
239,0.023,-0.024,0.045,0.016,0.03,0.021,-0.039,0.054,0.03
239.5,0.023,-0.022,0.046,0.015,0.029,0.023,-0.043,0.053,0.03
240,0.02,-0.019,0.046,0.018,0.027,0.023,-0.041,0.051,0.03
240.5,0.025,-0.016,0.045,0.023,0.033,0.02,-0.04,0.05,0.03
241,0.026,-0.009,0.044,0.032,0.03,0.018,-0.035,0.048,0.031
241.5,0.023,-0.002,0.041,0.032,0.029,0.022,-0.034,0.047,0.032
242,0.027,-0.001,0.043,0.031,0.028,0.021,-0.032,0.047,0.032
242.5,0.025,-0.004,0.039,0.03,0.023,0.02,-0.025,0.045,0.032
243,0.026,0.002,0.043,0.035,0.024,0.019,-0.019,0.044,0.034
243.5,0.023,0.008,0.043,0.036,0.023,0.022,-0.013,0.044,0.034
244,0.025,0,0.043,0.039,0.023,0.026,-0.006,0.044,0.036
244.5,0.02,-0.011,0.043,0.04,0.024,0.026,0.001,0.044,0.037
245,0.018,-0.013,0.039,0.039,0.028,0.03,0.005,0.044,0.038
245.5,0.016,-0.012,0.041,0.041,0.029,0.033,0.009,0.044,0.038
246,0.016,-0.005,0.036,0.038,0.029,0.032,0.013,0.044,0.04
246.5,0.02,0.004,0.033,0.042,0.032,0.032,0.02,0.044,0.04
247,0.022,0.006,0.03,0.048,0.031,0.029,0.026,0.043,0.04
247.5,0.018,0.005,0.032,0.049,0.032,0.031,0.025,0.042,0.04
248,0.018,0.016,0.039,0.051,0.032,0.033,0.024,0.042,0.04
248.5,0.017,0.022,0.039,0.046,0.029,0.032,0.02,0.04,0.039
249,0.023,0.028,0.043,0.045,0.028,0.034,0.019,0.038,0.038
249.5,0.02,0.034,0.041,0.041,0.025,0.032,0.02,0.036,0.037
250,0.017,0.032,0.042,0.028,0.023,0.03,0.022,0.033,0.036
250.5,0.02,0.031,0.039,0.035,0.024,0.025,0.026,0.031,0.034
251,0.018,0.028,0.038,0.042,0.026,0.026,0.03,0.028,0.034
251.5,0.018,0.033,0.039,0.042,0.027,0.027,0.034,0.028,0.034
252,0.017,0.032,0.035,0.042,0.025,0.025,0.036,0.026,0.035
252.5,0.019,0.042,0.036,0.046,0.027,0.026,0.037,0.026,0.036
253,0.018,0.046,0.036,0.048,0.028,0.027,0.039,0.026,0.037
253.5,0.018,0.041,0.03,0.047,0.025,0.03,0.038,0.026,0.038
254,0.018,0.042,0.031,0.049,0.025,0.03,0.038,0.027,0.04
254.5,0.014,0.036,0.03,0.047,0.024,0.033,0.036,0.026,0.04
255,0.014,0.033,0.033,0.047,0.025,0.036,0.035,0.026,0.042
255.5,0.018,0.036,0.032,0.046,0.024,0.034,0.034,0.026,0.042
256,0.014,0.032,0.029,0.044,0.025,0.035,0.036,0.026,0.043
256.5,0.015,0.034,0.028,0.043,0.025,0.032,0.04,0.024,0.044
257,0.015,0.033,0.03,0.043,0.022,0.033,0.039,0.023,0.044
257.5,0.015,0.035,0.031,0.047,0.02,0.034,0.037,0.022,0.044
258,0.017,0.039,0.032,0.045,0.016,0.031,0.033,0.022,0.044
258.5,0.015,0.043,0.034,0.041,0.014,0.035,0.032,0.022,0.042
259,0.014,0.04,0.032,0.036,0.013,0.033,0.031,0.021,0.042
259.5,0.012,0.036,0.03,0.028,0.014,0.033,0.028,0.019,0.042
260,0.013,0.04,0.032,0.035,0.014,0.028,0.025,0.017,0.041
260.5,-0.001,0.038,0.03,0.035,0.013,0.025,0.026,0.015,0.04
261,-0.088,0.041,0.031,0.038,0.015,0.024,0.03,0.015,0.04
261.5,-0.176,0.046,0.028,0.039,0.014,0.023,0.032,0.016,0.037
262,-0.073,0.045,0.025,0.045,0.014,0.027,0.034,0.016,0.035
262.5,-0.022,0.045,0.025,0.048,0.016,0.029,0.036,0.016,0.035
263,-0.017,0.04,0.021,0.045,0.014,0.033,0.035,0.017,0.034
263.5,-0.026,0.041,0.019,0.049,0.014,0.034,0.036,0.018,0.034
264,-0.025,0.034,0.019,0.046,0.013,0.031,0.034,0.018,0.034
264.5,-0.016,0.026,0.022,0.047,0.016,0.031,0.033,0.018,0.032
265,-0.019,0.034,0.024,0.045,0.016,0.03,0.032,0.018,0.033
265.5,-0.015,0.041,0.022,0.041,0.017,0.029,0.032,0.017,0.032
266,-0.016,0.048,0.022,0.042,0.018,0.026,0.034,0.015,0.032
266.5,-0.025,0.041,0.024,0.047,0.016,0.025,0.035,0.013,0.032
267,-0.034,0.044,0.025,0.047,0.015,0.028,0.034,0.01,0.032
267.5,-0.035,0.04,0.023,0.044,0.013,0.028,0.032,0.007,0.032
268,-0.018,0.039,0.022,0.04,0.011,0.029,0.03,0,0.03
268.5,-0.01,0.04,0.024,0.038,0.007,0.027,0.03,-0.013,0.03
269,-0.026,0.039,0.023,0.031,0.004,0.025,0.027,-0.029,0.029
269.5,-0.034,0.042,0.022,0.035,0.005,0.024,0.026,-0.051,0.028
270,-0.035,0.041,0.021,0.035,0.006,0.021,0.026,-0.075,0.027
270.5,-0.016,0.04,0.022,0.034,0.009,0.023,0.029,-0.091,0.026
271,-0.023,0.039,0.023,0.037,0.008,0.022,0.033,-0.101,0.026
271.5,-0.03,0.038,0.02,0.039,0.007,0.027,0.034,-0.101,0.024
272,-0.026,0.041,0.019,0.042,0.006,0.03,0.036,-0.096,0.024
272.5,-0.022,0.039,0.015,0.04,0.009,0.03,0.036,-0.089,0.024
273,-0.01,0.038,0.016,0.042,0.009,0.034,0.036,-0.081,0.024
273.5,-0.009,0.034,0.017,0.041,0.006,0.032,0.035,-0.072,0.024
274,-0.016,0.026,0.017,0.039,0.007,0.033,0.033,-0.066,0.024
274.5,-0.009,0.029,0.019,0.04,0.007,0.032,0.034,-0.061,0.024
275,-0.011,0.032,0.018,0.035,0.005,0.03,0.03,-0.055,0.024
275.5,-0.013,0.036,0.019,0.037,0.004,0.029,0.029,-0.051,0.023
276,-0.025,0.037,0.024,0.034,0.003,0.026,0.03,-0.05,0.022
276.5,-0.027,0.039,0.022,0.033,0.003,0.025,0.03,-0.048,0.022
277,-0.022,0.044,0.013,0.036,0.002,0.024,0.03,-0.044,0.022
277.5,-0.015,0.042,-0.023,0.033,0.002,0.022,0.029,-0.041,0.021
278,0.001,0.045,-0.085,0.034,-0.001,0.021,0.028,-0.039,0.021
278.5,0.002,0.043,-0.121,0.029,-0.006,0.018,0.027,-0.036,0.02
279,0.004,0.045,-0.101,0.03,-0.014,0.018,0.026,-0.035,0.02
279.5,0.013,0.043,-0.046,0.029,-0.037,0.014,0.028,-0.032,0.018
280,0.014,0.035,-0.013,0.03,-0.071,0.015,0.029,-0.029,0.018
280.5,0.019,0.038,-0.002,0.031,-0.109,0.015,0.03,-0.026,0.018
281,0.022,0.035,0.001,0.031,-0.135,0.012,0.031,-0.026,0.018
281.5,0.025,0.035,-0.013,0.033,-0.135,0.013,0.032,-0.026,0.018
282,0.024,0.037,-0.011,0.033,-0.103,0.013,0.032,-0.025,0.018
282.5,0.028,0.033,-0.001,0.032,-0.069,0.014,0.031,-0.022,0.018
283,0.031,0.031,0.007,0.032,-0.045,0.013,0.031,-0.018,0.018
283.5,0.026,0.028,0.011,0.029,-0.029,0.014,0.028,-0.014,0.018
284,0.032,0.028,0.01,0.03,-0.017,0.014,0.025,-0.011,0.017
284.5,0.033,0.029,-0.001,0.028,-0.011,0.011,0.022,-0.008,0.018
285,0.036,0.028,-0.009,0.025,-0.01,0.011,0.02,-0.005,0.018
285.5,0.03,0.028,-0.016,0.024,-0.013,0.01,0.02,-0.003,0.018
286,0.028,0.027,-0.016,0.023,-0.016,0.008,0.021,0.002,0.017
286.5,0.028,0.032,-0.006,0.026,-0.017,0.004,0.022,0.007,0.016
287,0.025,0.031,-0.002,0.025,-0.018,0.003,0.021,0.012,0.016
287.5,0.028,0.033,-0.006,0.026,-0.031,0.005,0.021,0.016,0.016
288,0.026,0.033,-0.01,0.025,-0.033,0.006,0.023,0.02,0.016
288.5,0.028,0.031,-0.013,0.024,-0.025,0.008,0.022,0.023,0.016
289,0.03,0.031,-0.01,0.027,-0.019,0.008,0.021,0.026,0.014
289.5,0.033,0.028,-0.01,0.026,-0.018,0.006,0.018,0.03,0.014
290,0.034,0.026,-0.005,0.025,-0.024,0.009,0.018,0.035,0.014
290.5,0.035,0.026,-0.001,0.024,-0.032,0.009,0.016,0.038,0.014
291,0.037,0.023,-0.001,0.026,-0.044,0.009,0.014,0.04,0.014
291.5,0.04,0.025,0.002,0.027,-0.038,0.008,0.014,0.04,0.012
292,0.032,0.024,0,0.024,-0.039,0.009,0.014,0.04,0.012
292.5,0.037,0.027,0.005,0.023,-0.042,0.007,0.015,0.04,0.012
293,0.035,0.024,0.006,0.022,-0.035,0.005,0.014,0.04,0.012
293.5,0.038,0.023,0.001,0.023,-0.031,0.005,0.012,0.039,0.012
294,0.041,0.025,-0.005,0.022,-0.033,0.004,0.01,0.038,0.011
294.5,0.043,0.023,-0.007,0.02,-0.033,0.003,0.008,0.039,0.013
295,0.035,0.022,-0.003,0.019,-0.027,0.001,0.008,0.041,0.015
295.5,0.031,0.022,0.006,0.017,-0.017,0.001,0.008,0.043,0.015
296,0.028,0.025,0.01,0.018,-0.012,0,0.01,0.045,0.017
296.5,0.031,0.025,0.014,0.019,-0.008,-0.002,0.011,0.046,0.018
297,0.035,0.024,0.019,0.017,-0.007,-0.003,0.01,0.048,0.018
297.5,0.038,0.022,0.024,0.02,-0.01,-0.004,0.012,0.049,0.018
298,0.03,0.022,0.025,0.019,-0.015,-0.004,0.012,0.048,0.017
298.5,0.037,0.024,0.028,0.026,-0.01,-0.009,0.012,0.049,0.016
299,0.037,0.022,0.029,0.024,0,-0.027,0.011,0.05,0.012
299.5,0.039,0.021,0.031,0.023,0.013,-0.074,0.011,0.052,0.006
300,0.04,0.023,0.032,0.02,0.017,-0.134,0.012,0.052,0.006
300.5,0.041,0.017,0.033,0.011,0.014,-0.149,0.012,0.052,0.006
301,0.036,0.016,0.035,-0.013,0.011,-0.131,0.011,0.052,0.006
301.5,0.035,0.013,0.033,-0.053,0.014,-0.095,0.009,0.049,0.004
302,0.037,0.018,0.04,-0.096,0.018,-0.068,0.009,0.048,0.002
302.5,0.037,0.022,0.044,-0.108,0.019,-0.045,0.007,0.048,-0.001
303,0.043,0.024,0.045,-0.08,0.024,-0.034,0.006,0.048,-0.002
303.5,0.044,0.022,0.043,-0.041,0.029,-0.025,0.004,0.048,-0.004
304,0.032,0.023,0.036,-0.013,0.032,-0.021,0.001,0.05,-0.005
304.5,0.033,0.023,0.035,-0.019,0.033,-0.02,0,0.052,-0.007
305,0.034,0.02,0.036,-0.02,0.029,-0.022,-0.001,0.052,-0.008
305.5,0.033,0.021,0.034,-0.014,0.032,-0.02,-0.008,0.054,-0.008
306,0.036,0.022,0.033,0,0.031,-0.021,-0.024,0.054,-0.008
306.5,0.032,0.02,0.03,0.004,0.029,-0.023,-0.056,0.054,-0.008
307,0.034,0.019,0.034,0,0.028,-0.019,-0.093,0.054,-0.009
307.5,0.035,0.014,0.038,-0.007,0.026,-0.018,-0.122,0.054,-0.009
308,0.036,-0.017,0.042,-0.013,0.028,-0.025,-0.128,0.056,-0.009
308.5,0.037,-0.096,0.043,-0.006,0.032,-0.036,-0.118,0.056,-0.01
309,0.039,-0.124,0.043,-0.003,0.033,-0.044,-0.101,0.056,-0.01
309.5,0.034,-0.076,0.043,-0.004,0.031,-0.046,-0.082,0.056,-0.009
310,0.033,-0.024,0.039,-0.003,0.027,-0.037,-0.065,0.056,-0.007
310.5,0.035,0.002,0.04,-0.01,0.025,-0.035,-0.054,0.054,-0.006
311,0.031,0.013,0.039,-0.016,0.023,-0.031,-0.047,0.051,-0.005
311.5,0.033,0.014,0.046,0,0.023,-0.03,-0.044,0.049,-0.003
312,0.032,-0.009,0.048,-0.003,0.021,-0.033,-0.042,0.05,-0.001
312.5,0.023,-0.022,0.044,-0.007,0.021,-0.033,-0.038,0.052,0.002
313,0.023,-0.024,0.043,-0.014,0.026,-0.028,-0.031,0.054,0.004
313.5,0.026,-0.007,0.037,-0.013,0.028,-0.02,-0.027,0.055,0.006
314,0.029,0.002,0.033,-0.011,0.03,-0.015,-0.024,0.056,0.007
314.5,0.032,0.006,0.035,-0.006,0.03,-0.01,-0.023,0.056,0.009
315,0.032,0,0.039,-0.003,0.03,-0.002,-0.024,0.056,0.01
315.5,0.026,0.004,0.04,-0.002,0.031,-0.003,-0.029,0.056,0.01
316,0.028,-0.001,0.039,-0.005,0.03,-0.005,-0.033,0.055,0.011
316.5,0.031,-0.012,0.046,-0.011,0.028,0.003,-0.035,0.054,0.013
317,0.027,-0.015,0.045,-0.016,0.025,0.013,-0.031,0.053,0.015
317.5,0.03,-0.013,0.044,-0.017,0.026,0.021,-0.023,0.051,0.016
318,0.026,-0.004,0.044,-0.008,0.029,0.021,-0.021,0.05,0.018
318.5,0.027,-0.006,0.039,0.007,0.027,0.018,-0.022,0.05,0.02
319,0.028,-0.023,0.042,0.017,0.028,0.02,-0.022,0.048,0.022
319.5,0.025,-0.015,0.039,0.019,0.025,0.02,-0.022,0.046,0.024
320,0.026,-0.009,0.045,0.019,0.024,0.02,-0.024,0.044,0.025
320.5,0.027,-0.001,0.047,0.023,0.024,0.018,-0.026,0.044,0.026
321,0.022,0.003,0.042,0.031,0.024,0.022,-0.023,0.042,0.027
321.5,0.021,0.002,0.043,0.036,0.022,0.026,-0.02,0.041,0.028
322,0.017,-0.006,0.039,0.034,0.019,0.028,-0.012,0.04,0.028
322.5,0.021,-0.023,0.043,0.034,0.024,0.031,-0.008,0.043,0.03
323,0.022,-0.018,0.043,0.034,0.026,0.03,-0.01,0.044,0.031
323.5,0.02,-0.012,0.041,0.034,0.029,0.031,-0.008,0.046,0.032
324,0.021,-0.01,0.031,0.037,0.029,0.029,-0.001,0.047,0.032
324.5,0.021,-0.013,0.032,0.039,0.029,0.027,0.009,0.047,0.033
325,0.021,-0.01,0.045,0.045,0.031,0.027,0.017,0.048,0.033
325.5,0.022,-0.009,0.045,0.044,0.028,0.025,0.02,0.048,0.032
326,0.027,0.002,0.046,0.044,0.029,0.029,0.019,0.048,0.032
326.5,0.022,0.01,0.043,0.041,0.028,0.031,0.019,0.047,0.032
327,0.019,0.01,0.04,0.036,0.029,0.032,0.02,0.046,0.032
327.5,0.025,0.012,0.041,0.039,0.026,0.03,0.023,0.045,0.034
328,0.022,0.018,0.038,0.037,0.024,0.027,0.024,0.042,0.035
328.5,0.023,0.025,0.04,0.038,0.026,0.026,0.027,0.04,0.036
329,0.023,0.022,0.038,0.04,0.026,0.023,0.031,0.039,0.037
329.5,0.017,0.024,0.037,0.045,0.025,0.023,0.034,0.037,0.037
330,0.018,0.032,0.037,0.046,0.023,0.023,0.035,0.035,0.038
330.5,0.019,0.032,0.03,0.043,0.021,0.024,0.035,0.033,0.038
331,0.019,0.034,0.026,0.045,0.022,0.028,0.036,0.032,0.039
331.5,0.016,0.032,0.028,0.043,0.022,0.029,0.034,0.03,0.04
332,0.016,0.028,0.033,0.044,0.027,0.033,0.033,0.028,0.04
332.5,0.012,0.032,0.033,0.043,0.026,0.034,0.032,0.026,0.04
333,0.011,0.032,0.031,0.04,0.027,0.035,0.03,0.026,0.04
333.5,0.016,0.037,0.033,0.041,0.029,0.033,0.031,0.026,0.04
334,0.015,0.033,0.033,0.043,0.026,0.028,0.031,0.025,0.04
334.5,0.017,0.037,0.032,0.047,0.028,0.03,0.032,0.025,0.039
335,0.023,0.038,0.035,0.047,0.026,0.028,0.031,0.024,0.038
335.5,0.019,0.041,0.034,0.045,0.026,0.03,0.028,0.024,0.038
336,0.018,0.043,0.035,0.041,0.022,0.033,0.028,0.023,0.036
336.5,0.015,0.04,0.035,0.036,0.017,0.032,0.028,0.022,0.036
337,0.019,0.043,0.039,0.042,0.017,0.03,0.028,0.02,0.036
337.5,0.018,0.041,0.038,0.038,0.016,0.025,0.027,0.019,0.038
338,0.016,0.037,0.037,0.039,0.019,0.023,0.026,0.018,0.039
338.5,0.015,0.039,0.035,0.042,0.02,0.021,0.029,0.018,0.04
339,0.011,0.038,0.03,0.042,0.02,0.021,0.03,0.017,0.04
339.5,0.013,0.045,0.032,0.047,0.019,0.023,0.035,0.016,0.04
340,0.011,0.043,0.026,0.046,0.02,0.027,0.038,0.016,0.04
340.5,0.009,0.043,0.024,0.047,0.021,0.031,0.04,0.016,0.041
341,-0.019,0.038,0.027,0.046,0.018,0.03,0.04,0.017,0.04
341.5,-0.143,0.035,0.027,0.044,0.015,0.031,0.039,0.018,0.04
342,-0.153,0.035,0.028,0.044,0.017,0.032,0.038,0.018,0.04
342.5,-0.021,0.035,0.024,0.039,0.015,0.033,0.035,0.018,0.04
343,-0.007,0.033,0.023,0.041,0.015,0.034,0.035,0.018,0.04
343.5,-0.012,0.036,0.025,0.039,0.012,0.032,0.034,0.018,0.04
344,-0.023,0.039,0.024,0.037,0.013,0.033,0.036,0.017,0.038
344.5,-0.031,0.042,0.023,0.04,0.013,0.032,0.037,0.015,0.038
345,-0.025,0.039,0.021,0.04,0.012,0.033,0.033,0.013,0.038
345.5,-0.01,0.042,0.023,0.04,0.008,0.031,0.029,0.012,0.036
346,-0.013,0.042,0.023,0.036,0.005,0.029,0.027,0.01,0.036
346.5,-0.017,0.045,0.022,0.04,0.004,0.03,0.026,0.008,0.036
347,-0.008,0.04,0.023,0.036,0.005,0.028,0.026,0.005,0.036
347.5,-0.019,0.038,0.021,0.035,0.009,0.026,0.026,0,0.036
348,-0.022,0.039,0.023,0.038,0.01,0.026,0.027,-0.005,0.036
348.5,-0.024,0.039,0.021,0.041,0.008,0.025,0.028,-0.014,0.036
349,-0.021,0.044,0.021,0.047,0.008,0.025,0.03,-0.029,0.036
349.5,-0.009,0.044,0.022,0.047,0.009,0.025,0.031,-0.051,0.035
350,-0.036,0.04,0.018,0.049,0.012,0.029,0.032,-0.077,0.034
350.5,-0.026,0.042,0.018,0.048,0.011,0.028,0.033,-0.098,0.034
351,-0.018,0.037,0.018,0.047,0.009,0.03,0.032,-0.106,0.034
351.5,-0.016,0.037,0.02,0.048,0.009,0.029,0.032,-0.104,0.033
352,-0.008,0.037,0.019,0.045,0.009,0.027,0.031,-0.098,0.032
352.5,-0.003,0.037,0.018,0.045,0.011,0.028,0.033,-0.093,0.031
353,-0.008,0.039,0.02,0.043,0.008,0.026,0.034,-0.083,0.03
353.5,-0.022,0.041,0.022,0.038,0.007,0.024,0.032,-0.076,0.029
354,-0.038,0.045,0.022,0.037,0.008,0.022,0.032,-0.071,0.028
354.5,-0.034,0.042,0.019,0.035,0.005,0.017,0.03,-0.067,0.028
355,-0.024,0.044,0.02,0.036,0.003,0.017,0.029,-0.062,0.026
355.5,-0.017,0.042,0.021,0.034,0,0.019,0.027,-0.055,0.026
356,-0.022,0.039,0.02,0.035,-0.001,0.021,0.026,-0.051,0.025
356.5,-0.023,0.038,0.017,0.034,0,0.021,0.027,-0.054,0.024
357,-0.02,0.034,0.012,0.028,0.001,0.02,0.026,-0.054,0.024
357.5,-0.02,0.036,0.003,0.031,0.002,0.021,0.028,-0.05,0.024
358,-0.014,0.031,-0.044,0.033,-0.001,0.021,0.029,-0.042,0.023
358.5,-0.007,0.029,-0.099,0.033,-0.004,0.021,0.031,-0.036,0.023
359,-0.001,0.029,-0.131,0.034,-0.012,0.018,0.032,-0.032,0.022
359.5,0.003,0.028,-0.094,0.033,-0.031,0.019,0.032,-0.034,0.022
360,0.01,0.034,-0.037,0.034,-0.062,0.02,0.032,-0.038,0.022
360.5,0.012,0.034,-0.005,0.034,-0.103,0.019,0.031,-0.038,0.022
361,0.02,0.036,0,0.034,-0.136,0.018,0.03,-0.034,0.022
361.5,0.025,0.038,-0.007,0.032,-0.145,0.016,0.027,-0.032,0.022
362,0.027,0.034,-0.013,0.03,-0.121,0.017,0.024,-0.03,0.021
362.5,0.022,0.033,-0.015,0.028,-0.083,0.016,0.022,-0.026,0.02
363,0.02,0.037,-0.003,0.024,-0.054,0.015,0.022,-0.02,0.02
363.5,0.025,0.041,-0.001,0.025,-0.04,0.013,0.024,-0.011,0.02
364,0.03,0.042,0.004,0.027,-0.039,0.008,0.025,-0.004,0.019
364.5,0.03,0.041,-0.007,0.028,-0.039,0.005,0.024,0.001,0.018
365,0.033,0.039,-0.008,0.027,-0.029,0.007,0.024,0.006,0.018
365.5,0.025,0.036,0.001,0.024,-0.025,0.009,0.023,0.01,0.017
366,0.03,0.04,-0.003,0.027,-0.024,0.01,0.024,0.013,0.016
366.5,0.033,0.036,-0.006,0.026,-0.02,0.009,0.022,0.017,0.016
367,0.036,0.035,-0.007,0.025,-0.018,0.011,0.02,0.02,0.016
367.5,0.037,0.036,-0.006,0.024,-0.021,0.011,0.02,0.023,0.016
368,0.04,0.028,-0.009,0.024,-0.026,0.011,0.019,0.027,0.016
368.5,0.033,0.026,-0.021,0.025,-0.031,0.01,0.018,0.03,0.016
369,0.033,0.025,-0.018,0.022,-0.03,0.009,0.017,0.032,0.016
369.5,0.033,0.026,-0.009,0.024,-0.022,0.011,0.017,0.033,0.016
370,0.033,0.026,0.005,0.025,-0.02,0.009,0.016,0.035,0.016
370.5,0.037,0.024,0.015,0.026,-0.025,0.009,0.015,0.036,0.016
371,0.038,0.025,0.009,0.025,-0.025,0.008,0.014,0.038,0.016
371.5,0.034,0.025,-0.007,0.021,-0.02,0.008,0.011,0.039,0.014
372,0.037,0.024,-0.021,0.022,-0.014,0.008,0.01,0.04,0.014
372.5,0.031,0.024,-0.02,0.021,-0.024,0.006,0.009,0.041,0.014
373,0.028,0.027,-0.007,0.019,-0.029,0.004,0.01,0.043,0.014
373.5,0.03,0.028,0,0.017,-0.029,0,0.012,0.045,0.012
374,0.028,0.024,-0.009,0.019,-0.02,-0.001,0.012,0.047,0.012
374.5,0.029,0.027,-0.007,0.022,-0.013,-0.001,0.012,0.048,0.012
375,0.028,0.025,0.003,0.023,-0.016,-0.001,0.012,0.048,0.011
375.5,0.03,0.026,0.015,0.023,-0.014,0,0.017,0.048,0.01
376,0.035,0.025,0.024,0.024,-0.009,-0.002,0.016,0.049,0.01
376.5,0.039,0.024,0.024,0.023,-0.006,-0.002,0.014,0.05,0.01
377,0.037,0.02,0.023,0.022,-0.013,-0.001,0.013,0.05,0.01
377.5,0.037,0.016,0.024,0.02,-0.016,-0.004,0.012,0.05,0.01
378,0.04,0.016,0.027,0.023,-0.015,-0.017,0.012,0.049,0.011
378.5,0.037,0.021,0.029,0.021,-0.01,-0.044,0.01,0.047,0.012
379,0.037,0.022,0.03,0.02,0.004,-0.087,0.008,0.045,0.013
379.5,0.039,0.023,0.033,0.019,0.013,-0.134,0.008,0.046,0.014
380,0.035,0.02,0.035,0.013,0.015,-0.15,0.006,0.048,0.013
380.5,0.041,0.021,0.04,-0.012,0.021,-0.136,0.006,0.048,0.012
381,0.037,0.022,0.037,-0.052,0.023,-0.099,0.003,0.048,0.012
381.5,0.038,0.022,0.032,-0.091,0.023,-0.067,0.002,0.048,0.012
382,0.034,0.02,0.035,-0.105,0.026,-0.048,0.001,0.048,0.012
382.5,0.033,0.019,0.037,-0.081,0.029,-0.036,0.002,0.05,0.01
383,0.026,0.021,0.037,-0.043,0.029,-0.036,0.003,0.052,0.009
383.5,0.027,0.021,0.036,-0.015,0.028,-0.035,0.002,0.053,0.007
384,0.031,0.021,0.037,-0.007,0.027,-0.025,0.003,0.054,0.004
384.5,0.034,0.02,0.038,-0.011,0.023,-0.02,0,0.054,0.001
385,0.038,0.02,0.039,-0.019,0.024,-0.017,-0.002,0.054,-0.002
385.5,0.042,0.02,0.042,-0.012,0.025,-0.022,-0.006,0.056,-0.003
386,0.034,0.017,0.04,-0.003,0.027,-0.031,-0.018,0.056,-0.005
386.5,0.04,0.016,0.043,0,0.029,-0.039,-0.036,0.056,-0.007
387,0.035,0.011,0.039,0.001,0.027,-0.04,-0.068,0.056,-0.009
387.5,0.037,0.011,0.041,-0.002,0.024,-0.032,-0.101,0.054,-0.011
388,0.036,0.01,0.042,-0.005,0.025,-0.028,-0.132,0.053,-0.011
388.5,0.034,0.01,0.042,-0.006,0.025,-0.03,-0.134,0.05,-0.011
389,0.032,-0.017,0.041,-0.01,0.023,-0.033,-0.114,0.048,-0.01
389.5,0.026,-0.104,0.042,-0.019,0.021,-0.032,-0.093,0.047,-0.01
390,0.03,-0.142,0.043,-0.013,0.023,-0.027,-0.075,0.048,-0.01
390.5,0.032,-0.063,0.036,-0.011,0.025,-0.026,-0.062,0.048,-0.009
391,0.036,-0.009,0.032,-0.003,0.028,-0.028,-0.054,0.05,-0.008
391.5,0.039,0.002,0.032,-0.006,0.028,-0.028,-0.046,0.051,-0.008
392,0.029,-0.002,0.036,-0.014,0.031,-0.022,-0.038,0.051,-0.008
392.5,0.031,-0.002,0.042,-0.008,0.034,-0.014,-0.035,0.053,-0.008
393,0.03,0.001,0.039,0,0.032,-0.014,-0.035,0.053,-0.007
393.5,0.029,0.007,0.039,0.003,0.032,-0.021,-0.036,0.054,-0.007
394,0.032,0.001,0.039,-0.002,0.031,-0.03,-0.037,0.054,-0.006
394.5,0.034,-0.002,0.043,-0.01,0.029,-0.023,-0.035,0.054,-0.006
395,0.03,0.001,0.044,-0.015,0.028,-0.012,-0.027,0.055,-0.006
395.5,0.028,0.004,0.043,-0.007,0.028,0.002,-0.021,0.055,-0.004
396,0.033,0.003,0.045,0.003,0.031,0.008,-0.021,0.055,-0.003
396.5,0.03,0.005,0.044,0,0.028,0.01,-0.024,0.053,-0.002
397,0.029,-0.007,0.043,-0.001,0.026,0.014,-0.027,0.054,0
397.5,0.025,0.002,0.045,-0.002,0.023,0.015,-0.024,0.053,0.003
398,0.022,0.006,0.043,-0.002,0.024,0.015,-0.022,0.052,0.005
398.5,0.023,-0.007,0.046,0,0.023,0.019,-0.025,0.049,0.008
399,0.021,-0.021,0.042,0.008,0.023,0.019,-0.028,0.048,0.01
399.5,0.021,-0.029,0.043,0.017,0.024,0.022,-0.026,0.05,0.012
400,0.02,-0.03,0.039,0.021,0.025,0.024,-0.021,0.05,0.013
400.5,0.018,-0.018,0.034,0.02,0.027,0.027,-0.017,0.05,0.015
401,0.025,-0.013,0.03,0.02,0.027,0.03,-0.016,0.051,0.016
401.5,0.025,-0.011,0.035,0.022,0.026,0.033,-0.016,0.051,0.017
402,0.027,-0.013,0.039,0.028,0.029,0.034,-0.011,0.05,0.018
402.5,0.026,-0.016,0.041,0.035,0.028,0.032,-0.007,0.049,0.018
403,0.027,-0.019,0.041,0.034,0.028,0.031,-0.007,0.049,0.02
403.5,0.025,-0.015,0.044,0.034,0.026,0.029,-0.008,0.046,0.021
404,0.021,-0.003,0.041,0.029,0.025,0.03,-0.002,0.044,0.022
404.5,0.026,-0.002,0.045,0.032,0.03,0.032,0.006,0.042,0.024
405,0.025,-0.003,0.043,0.036,0.03,0.03,0.009,0.038,0.026
405.5,0.029,0,0.043,0.037,0.031,0.029,0.011,0.037,0.027
406,0.027,0.002,0.042,0.039,0.028,0.028,0.012,0.037,0.028
406.5,0.025,-0.009,0.04,0.037,0.025,0.029,0.013,0.036,0.029
407,0.025,0.004,0.043,0.043,0.023,0.027,0.016,0.034,0.03
407.5,0.022,0.012,0.037,0.044,0.021,0.025,0.022,0.034,0.032
408,0.024,0.02,0.038,0.048,0.022,0.025,0.027,0.032,0.032
408.5,0.021,0.019,0.04,0.046,0.022,0.025,0.032,0.031,0.032
409,0.018,0.017,0.039,0.044,0.024,0.029,0.033,0.031,0.033
409.5,0.014,0.021,0.042,0.043,0.027,0.03,0.034,0.031,0.034
410,0.019,0.025,0.038,0.038,0.027,0.03,0.033,0.031,0.033
410.5,0.022,0.026,0.037,0.04,0.029,0.031,0.034,0.032,0.033
411,0.02,0.025,0.04,0.04,0.028,0.029,0.035,0.032,0.032
411.5,0.02,0.025,0.037,0.041,0.03,0.029,0.038,0.032,0.032
412,0.018,0.03,0.038,0.044,0.029,0.028,0.04,0.032,0.032
412.5,0.016,0.032,0.037,0.04,0.027,0.028,0.038,0.033,0.033
413,0.021,0.037,0.039,0.038,0.026,0.031,0.036,0.034,0.034
413.5,0.017,0.038,0.037,0.033,0.02,0.032,0.033,0.032,0.034
414,0.017,0.042,0.038,0.039,0.02,0.034,0.032,0.032,0.034
414.5,0.02,0.039,0.035,0.041,0.018,0.03,0.028,0.031,0.035
415,0.022,0.035,0.033,0.039,0.022,0.027,0.026,0.029,0.036
415.5,0.019,0.036,0.035,0.04,0.025,0.022,0.026,0.027,0.036
416,0.016,0.037,0.029,0.039,0.024,0.022,0.028,0.026,0.038
416.5,0.017,0.041,0.03,0.044,0.023,0.024,0.032,0.024,0.038
417,0.016,0.041,0.027,0.046,0.022,0.023,0.034,0.022,0.038
417.5,0.016,0.038,0.023,0.051,0.023,0.025,0.035,0.022,0.039
418,0.014,0.037,0.025,0.05,0.021,0.024,0.036,0.021,0.04
418.5,0.009,0.033,0.025,0.047,0.019,0.027,0.034,0.021,0.039
419,0.008,0.032,0.028,0.048,0.019,0.03,0.033,0.02,0.038
419.5,0.005,0.037,0.027,0.046,0.019,0.03,0.03,0.02,0.038
420,0.009,0.039,0.027,0.051,0.019,0.033,0.03,0.02,0.037
420.5,-0.003,0.039,0.028,0.048,0.018,0.032,0.033,0.02,0.036
421,-0.074,0.034,0.029,0.046,0.018,0.033,0.034,0.02,0.036
421.5,-0.17,0.041,0.028,0.046,0.019,0.031,0.034,0.02,0.036
422,-0.131,0.041,0.028,0.044,0.015,0.032,0.032,0.02,0.036
422.5,-0.035,0.046,0.031,0.045,0.014,0.032,0.031,0.018,0.036
423,-0.018,0.045,0.031,0.041,0.012,0.032,0.026,0.018,0.036
423.5,-0.014,0.041,0.03,0.04,0.009,0.033,0.024,0.017,0.036
424,-0.015,0.038,0.032,0.037,0.009,0.03,0.022,0.015,0.036
424.5,-0.015,0.037,0.029,0.033,0.008,0.029,0.022,0.013,0.036
425,-0.008,0.039,0.03,0.037,0.011,0.026,0.022,0.011,0.036
425.5,-0.011,0.042,0.027,0.038,0.01,0.023,0.024,0.007,0.036
426,-0.017,0.041,0.026,0.04,0.013,0.025,0.028,0.005,0.036
426.5,-0.018,0.038,0.024,0.042,0.011,0.025,0.03,0.003,0.036
427,-0.009,0.034,0.02,0.041,0.015,0.028,0.03,0,0.036
427.5,-0.006,0.035,0.019,0.042,0.016,0.03,0.032,-0.004,0.036
428,-0.009,0.029,0.018,0.04,0.011,0.029,0.033,-0.014,0.036
428.5,-0.005,0.032,0.023,0.042,0.01,0.032,0.034,-0.024,0.036
429,-0.003,0.037,0.023,0.041,0.011,0.03,0.034,-0.039,0.034
429.5,-0.011,0.038,0.021,0.07,0.012,0.031,0.032,-0.055,0.034
430,-0.026,0.038,0.023,0.047,0.01,0.029,0.033,-0.078,0.032
430.5,-0.033,0.039,0.024,0.036,0.007,0.028,0.035,-0.094,0.032
431,-0.038,0.044,0.025,0.04,0.008,0.028,0.036,-0.1,0.032
431.5,-0.024,0.046,0.021,0.04,0.006,0.022,0.036,-0.099,0.032
432,-0.016,0.044,0.023,0.039,0.006,0.021,0.034,-0.094,0.032
432.5,-0.016,0.047,0.021,0.038,0.005,0.02,0.031,-0.086,0.032
433,-0.024,0.042,0.021,0.033,0.003,0.022,0.026,-0.077,0.032
433.5,-0.023,0.046,0.021,0.037,0.003,0.025,0.026,-0.068,0.032
434,-0.016,0.044,0.02,0.033,0.001,0.026,0.025,-0.064,0.032
434.5,-0.027,0.048,0.019,0.033,0.003,0.025,0.028,-0.058,0.032
435,-0.029,0.046,0.019,0.036,0.003,0.022,0.031,-0.05,0.032
435.5,-0.031,0.039,0.018,0.037,0.003,0.027,0.032,-0.042,0.032
436,-0.027,0.037,0.016,0.038,0.002,0.024,0.034,-0.039,0.032
436.5,-0.017,0.037,0.012,0.037,0.002,0.023,0.034,-0.039,0.031
437,-0.031,0.038,-0.005,0.04,0.008,0.023,0.035,-0.042,0.03
437.5,-0.032,0.036,-0.049,0.039,0.006,0.021,0.033,-0.044,0.03
438,-0.023,0.036,-0.098,0.039,0.005,0.022,0.033,-0.042,0.03
438.5,0.001,0.035,-0.12,0.038,0.004,0.021,0.032,-0.038,0.028
439,0.011,0.03,-0.095,0.034,0.002,0.02,0.028,-0.038,0.028
439.5,0.018,0.035,-0.046,0.032,-0.009,0.018,0.025,-0.039,0.027
440,0.008,0.036,-0.023,0.029,-0.037,0.015,0.023,-0.038,0.026
440.5,-0.002,0.038,-0.007,0.03,-0.084,0.015,0.024,-0.033,0.026
441,0.002,0.041,0.006,0.032,-0.14,0.011,0.026,-0.03,0.026
441.5,0.012,0.033,-0.001,0.031,-0.16,0.008,0.026,-0.029,0.026
442,0.01,0.036,-0.006,0.031,-0.14,0.006,0.026,-0.025,0.026
442.5,0.013,0.033,-0.004,0.027,-0.104,0.008,0.024,-0.022,0.025
443,0.016,0.035,0.009,0.03,-0.077,0.01,0.025,-0.019,0.024
443.5,0.025,0.035,0.009,0.029,-0.054,0.011,0.024,-0.017,0.024
444,0.031,0.03,-0.003,0.028,-0.044,0.013,0.022,-0.014,0.024
444.5,0.034,0.028,-0.006,0.028,-0.034,0.012,0.023,-0.008,0.024
445,0.035,0.026,0.002,0.025,-0.027,0.012,0.023,0.001,0.022
445.5,0.036,0.029,0.003,0.027,-0.027,0.013,0.023,0.01,0.022
446,0.033,0.03,0.004,0.026,-0.032,0.012,0.022,0.015,0.022
446.5,0.032,0.031,0.009,0.027,-0.031,0.011,0.021,0.018,0.022
447,0.032,0.031,0.009,0.027,-0.021,0.01,0.02,0.017,0.021
447.5,0.029,0.027,0.007,0.025,-0.014,0.011,0.019,0.017,0.02
448,0.034,0.03,-0.001,0.026,-0.02,0.011,0.019,0.019,0.02
448.5,0.036,0.029,-0.014,0.023,-0.021,0.011,0.017,0.021,0.018
449,0.038,0.027,-0.023,0.022,-0.017,0.009,0.015,0.024,0.018
449.5,0.035,0.03,-0.022,0.02,-0.012,0.008,0.012,0.027,0.018
450,0.033,0.029,-0.002,0.02,-0.017,0.009,0.011,0.03,0.018
450.5,0.028,0.03,0,0.025,-0.021,0.008,0.013,0.035,0.018
451,0.028,0.03,-0.008,0.025,-0.025,0.006,0.013,0.037,0.018
451.5,0.032,0.032,-0.017,0.026,-0.025,0.003,0.013,0.04,0.018
452,0.03,0.031,-0.009,0.023,-0.023,-0.001,0.013,0.041,0.017
452.5,0.031,0.031,0,0.024,-0.026,0.002,0.01,0.042,0.016
453,0.036,0.031,-0.002,0.025,-0.021,0.004,0.011,0.042,0.017
453.5,0.033,0.027,-0.006,0.023,-0.014,0.005,0.012,0.042,0.017
454,0.038,0.026,-0.005,0.022,-0.013,0.004,0.012,0.044,0.016
454.5,0.037,0.022,0.004,0.022,-0.019,0.005,0.011,0.046,0.016
455,0.039,0.023,-0.004,0.022,-0.042,0.008,0.014,0.048,0.016
455.5,0.038,0.026,-0.004,0.021,-0.054,0.008,0.013,0.048,0.016
456,0.038,0.025,-0.001,0.022,-0.038,0.007,0.012,0.047,0.016
456.5,0.037,0.023,0.006,0.022,-0.023,0.003,0.011,0.045,0.015
457,0.038,0.023,0.016,0.021,-0.013,-0.003,0.01,0.044,0.014
457.5,0.038,0.023,0.023,0.021,-0.008,-0.016,0.01,0.044,0.014
458,0.035,0.027,0.03,0.019,-0.004,-0.045,0.008,0.042,0.012
458.5,0.034,0.025,0.03,0.02,0,-0.089,0.007,0.042,0.012
459,0.033,0.024,0.025,0.019,0.009,-0.133,0.006,0.044,0.012
459.5,0.025,0.022,0.023,0.015,0.018,-0.152,0.004,0.045,0.01
460,0.025,0.024,0.029,0.005,0.022,-0.134,0.004,0.047,0.01
460.5,0.029,0.022,0.027,-0.03,0.022,-0.097,0.005,0.048,0.01
461,0.038,0.022,0.033,-0.071,0.023,-0.07,0.006,0.049,0.01
461.5,0.041,0.023,0.037,-0.107,0.025,-0.073,0.005,0.05,0.01
462,0.039,0.021,0.038,-0.112,0.026,-0.057,0.004,0.05,0.01
462.5,0.031,0.022,0.04,-0.081,0.027,-0.032,0.006,0.051,0.011
463,0.033,0.019,0.04,-0.032,0.03,-0.021,0.006,0.052,0.01
463.5,0.036,0.019,0.041,-0.004,0.033,-0.023,0.007,0.054,0.01
464,0.037,0.017,0.039,-0.003,0.032,-0.032,0.005,0.054,0.01
464.5,0.042,0.016,0.039,-0.004,0.031,-0.04,0.002,0.053,0.008
465,0.045,0.019,0.04,-0.007,0.029,-0.039,-0.007,0.052,0.007
465.5,0.033,0.019,0.033,0.005,0.027,-0.033,-0.025,0.05,0.006
466,0.04,0.017,0.041,0.007,0.028,-0.029,-0.059,0.048,0.004
466.5,0.038,0.017,0.043,-0.001,0.024,-0.03,-0.1,0.046,0.002
467,0.038,0.019,0.045,-0.006,0.021,-0.031,-0.127,0.046,0
467.5,0.034,0.018,0.043,-0.003,0.022,-0.032,-0.129,0.047,-0.002
468,0.035,0.016,0.037,-0.004,0.027,-0.026,-0.115,0.048,-0.003
468.5,0.032,0.005,0.032,-0.003,0.03,-0.02,-0.09,0.05,-0.005
469,0.031,-0.038,0.033,-0.002,0.029,-0.022,-0.066,0.051,-0.007
469.5,0.029,-0.087,0.036,0,0.029,-0.024,-0.05,0.052,-0.009
470,0.031,-0.127,0.035,0.006,0.027,-0.023,-0.038,0.053,-0.01
470.5,0.031,-0.099,0.034,0.003,0.028,-0.016,-0.034,0.054,-0.011
471,0.034,-0.033,0.04,-0.006,0.027,-0.011,-0.036,0.053,-0.012
471.5,0.031,-0.01,0.039,-0.014,0.025,-0.01,-0.04,0.052,-0.012
472,0.035,0.004,0.041,-0.021,0.025,-0.013,-0.039,0.052,-0.012
472.5,0.033,-0.005,0.043,-0.017,0.025,-0.019,-0.038,0.051,-0.012
473,0.034,-0.01,0.044,-0.006,0.03,-0.021,-0.038,0.052,-0.01
473.5,0.038,-0.019,0.042,-0.006,0.03,-0.018,-0.039,0.052,-0.01
474,0.032,-0.012,0.038,-0.007,0.028,-0.018,-0.039,0.052,-0.009
474.5,0.033,0,0.04,-0.009,0.026,-0.013,-0.041,0.05,-0.007
475,0.03,0.012,0.044,-0.013,0.021,0,-0.041,0.046,-0.005
475.5,0.03,0.007,0.045,-0.02,0.022,0.013,-0.037,0.044,-0.004
476,0.027,-0.006,0.043,-0.016,0.018,0.013,-0.032,0.044,-0.003
476.5,0.021,-0.016,0.041,-0.004,0.019,0.018,-0.026,0.046,-0.002
477,0.028,-0.024,0.041,0.001,0.02,0.02,-0.025,0.048,-0.002
477.5,0.027,-0.01,0.034,0.005,0.021,0.021,-0.023,0.049,-0.002
478,0.03,-0.002,0.032,0.007,0.027,0.023,-0.02,0.05,-0.002
478.5,0.03,-0.009,0.035,0.009,0.028,0.021,-0.018,0.051,-0.002
479,0.031,-0.016,0.038,0.005,0.03,0.022,-0.017,0.053,-0.002
479.5,0.025,-0.019,0.041,0.012,0.03,0.023,-0.016,0.054,0.001
480,0.028,-0.013,0.037,0.017,0.029,0.024,-0.016,0.055,0.002
480.5,0.029,-0.004,0.045,0.024,0.03,0.024,-0.017,0.056,0.005
481,0.023,-0.001,0.043,0.027,0.028,0.023,-0.02,0.055,0.007
481.5,0.027,-0.005,0.046,0.027,0.028,0.029,-0.02,0.055,0.009
482,0.027,0.002,0.046,0.028,0.029,0.029,-0.014,0.053,0.011
482.5,0.026,0.004,0.042,0.025,0.034,0.03,-0.006,0.05,0.013
483,0.024,0.002,0.043,0.026,0.034,0.028,0.002,0.048,0.015
483.5,0.022,-0.005,0.038,0.023,0.03,0.024,0.006,0.046,0.016
484,0.024,-0.008,0.04,0.03,0.029,0.024,0.008,0.046,0.017
484.5,0.022,-0.007,0.041,0.037,0.024,0.023,0.012,0.045,0.019
485,0.02,-0.002,0.042,0.042,0.022,0.023,0.016,0.043,0.02
485.5,0.017,-0.005,0.042,0.045,0.022,0.019,0.019,0.041,0.021
486,0.015,-0.011,0.037,0.045,0.022,0.022,0.02,0.04,0.022
486.5,0.019,-0.011,0.038,0.045,0.025,0.026,0.022,0.038,0.022
487,0.022,-0.003,0.032,0.041,0.026,0.026,0.022,0.036,0.022
487.5,0.023,0.003,0.03,0.04,0.029,0.029,0.024,0.036,0.022
488,0.023,0.009,0.032,0.039,0.03,0.029,0.026,0.035,0.023
488.5,0.022,0.015,0.037,0.041,0.032,0.032,0.029,0.033,0.024
489,0.019,0.025,0.043,0.044,0.032,0.032,0.034,0.032,0.026
489.5,0.021,0.029,0.039,0.043,0.029,0.03,0.034,0.03,0.027
490,0.023,0.029,0.044,0.045,0.03,0.029,0.034,0.033,0.028
490.5,0.022,0.034,0.044,0.039,0.027,0.028,0.032,0.028,0.029
491,0.022,0.034,0.045,0.037,0.025,0.033,0.029,0.028,0.03
491.5,0.023,0.035,0.047,0.04,0.021,0.036,0.029,0.027,0.031
492,0.022,0.035,0.042,0.036,0.021,0.035,0.028,0.024,0.032
492.5,0.029,0.036,0.045,0.036,0.023,0.033,0.027,0.024,0.032
493,0.021,0.033,0.042,0.035,0.024,0.028,0.027,0.023,0.034
493.5,0.023,0.037,0.041,0.039,0.026,0.025,0.028,0.022,0.034
494,0.022,0.037,0.036,0.042,0.024,0.024,0.03,0.022,0.034
494.5,0.018,0.035,0.031,0.043,0.024,0.025,0.03,0.022,0.034
495,0.017,0.039,0.032,0.046,0.024,0.024,0.032,0.022,0.034
495.5,0.016,0.034,0.032,0.045,0.021,0.025,0.032,0.021,0.034
496,0.014,0.036,0.033,0.046,0.021,0.029,0.033,0.022,0.034
496.5,0.014,0.037,0.031,0.043,0.021,0.031,0.032,0.021,0.034
497,0.011,0.031,0.028,0.042,0.022,0.034,0.03,0.02,0.033
497.5,0.016,0.028,0.029,0.044,0.023,0.033,0.03,0.02,0.032
498,0.017,0.028,0.027,0.047,0.021,0.033,0.031,0.02,0.033
498.5,0.016,0.034,0.028,0.049,0.02,0.034,0.032,0.02,0.034
499,0.025,0.039,0.028,0.045,0.019,0.031,0.033,0.02,0.034
499.5,0.02,0.042,0.03,0.041,0.021,0.03,0.031,0.02,0.035
500,0.015,0.043,0.029,0.034,0.019,0.031,0.028,0.02,0.036
500.5,0.014,0.04,0.028,0.028,0.016,0.035,0.025,0.02,0.036
501,0.016,0.043,0.029,0.037,0.012,0.034,0.026,0.019,0.036
501.5,0.001,0.039,0.026,0.039,0.009,0.031,0.025,0.017,0.037
502,-0.089,0.041,0.028,0.039,0.012,0.03,0.026,0.015,0.038
502.5,-0.187,0.038,0.027,0.041,0.012,0.025,0.027,0.013,0.038
503,-0.082,0.041,0.023,0.042,0.012,0.022,0.03,0.012,0.038
503.5,-0.023,0.044,0.021,0.043,0.013,0.022,0.034,0.012,0.038
504,-0.014,0.041,0.018,0.041,0.01,0.024,0.035,0.012,0.038
504.5,-0.019,0.043,0.021,0.044,0.01,0.026,0.039,0.012,0.038
505,-0.021,0.037,0.023,0.042,0.011,0.028,0.04,0.012,0.036
505.5,-0.013,0.034,0.024,0.041,0.013,0.032,0.041,0.012,0.036
506,-0.005,0.039,0.024,0.041,0.011,0.032,0.043,0.012,0.034
506.5,-0.001,0.033,0.021,0.038,0.012,0.032,0.042,0.012,0.034
507,-0.005,0.035,0.021,0.04,0.012,0.031,0.042,0.01,0.034
507.5,-0.018,0.035,0.021,0.043,0.009,0.029,0.041,0.005,0.034
508,-0.029,0.04,0.024,0.045,0.01,0.029,0.041,-0.002,0.035
508.5,-0.033,0.044,0.021,0.043,0.01,0.027,0.04,-0.014,0.036
509,-0.022,0.042,0.021,0.038,0.01,0.027,0.036,-0.032,0.036
509.5,-0.015,0.043,0.023,0.035,0.007,0.026,0.034,-0.055,0.036
510,-0.024,0.04,0.021,0.031,0.007,0.025,0.029,-0.075,0.036
510.5,-0.025,0.045,0.025,0.036,0.008,0.025,0.028,-0.093,0.036
511,-0.021,0.044,0.023,0.04,0.005,0.023,0.026,-0.102,0.036
511.5,-0.025,0.04,0.023,0.04,0.005,0.024,0.024,-0.102,0.036
512,-0.013,0.044,0.022,0.044,0.006,0.023,0.023,-0.095,0.036
512.5,-0.017,0.041,0.021,0.043,0.005,0.023,0.025,-0.085,0.036
513,-0.019,0.044,0.02,0.047,0.006,0.019,0.028,-0.075,0.036
513.5,-0.01,0.04,0.017,0.045,0.005,0.018,0.029,-0.069,0.034
514,-0.007,0.042,0.018,0.046,0.005,0.019,0.03,-0.066,0.034
514.5,-0.018,0.036,0.018,0.046,0.007,0.02,0.031,-0.066,0.033
515,-0.012,0.034,0.017,0.043,0.008,0.023,0.03,-0.062,0.032
515.5,-0.01,0.039,0.018,0.044,0.006,0.025,0.031,-0.057,0.031
516,-0.014,0.035,0.019,0.039,0.005,0.025,0.029,-0.052,0.03
516.5,-0.03,0.04,0.02,0.041,0.006,0.024,0.028,-0.05,0.03
517,-0.036,0.042,0.02,0.039,0.007,0.022,0.028,-0.048,0.03
517.5,-0.029,0.041,0.02,0.036,0.005,0.023,0.026,-0.047,0.03
518,-0.018,0.042,0.013,0.036,-0.001,0.02,0.025,-0.043,0.03
518.5,-0.013,0.04,-0.018,0.032,-0.014,0.018,0.025,-0.041,0.03
519,-0.014,0.043,-0.076,0.032,-0.044,0.014,0.026,-0.04,0.03
519.5,-0.016,0.04,-0.115,0.028,-0.089,0.009,0.025,-0.039,0.03
520,-0.015,0.04,-0.103,0.028,-0.127,0.008,0.024,-0.037,0.03
520.5,-0.008,0.036,-0.051,0.028,-0.14,0.009,0.024,-0.032,0.03
521,0.003,0.029,-0.018,0.028,-0.125,0.012,0.023,-0.026,0.03
521.5,0.012,0.031,-0.007,0.028,-0.095,0.013,0.023,-0.021,0.03
522,0.014,0.033,-0.003,0.029,-0.064,0.012,0.021,-0.017,0.028
522.5,0.018,0.035,-0.012,0.03,-0.048,0.012,0.024,-0.012,0.028
523,0.023,0.034,-0.02,0.03,-0.042,0.011,0.024,-0.01,0.028
523.5,0.027,0.033,-0.014,0.03,-0.041,0.014,0.024,-0.008,0.027
524,0.026,0.034,-0.001,0.029,-0.033,0.012,0.025,-0.005,0.026
524.5,0.03,0.031,-0.001,0.026,-0.025,0.011,0.025,-0.002,0.025
525,0.034,0.032,-0.002,0.027,-0.023,0.013,0.024,0.004,0.024
525.5,0.034,0.033,-0.007,0.025,-0.028,0.013,0.024,0.009,0.024
526,0.036,0.034,-0.02,0.024,-0.029,0.013,0.021,0.012,0.024
526.5,0.036,0.034,-0.024,0.021,-0.025,0.011,0.018,0.016,0.024
527,0.029,0.032,-0.012,0.02,-0.022,0.01,0.013,0.02,0.022
527.5,0.026,0.041,-0.004,0.023,-0.026,0.01,0.012,0.025,0.022
528,0.025,0.038,-0.01,0.023,-0.032,0.008,0.013,0.028,0.022
528.5,0.027,0.037,-0.016,0.025,-0.03,0.007,0.016,0.031,0.022
529,0.027,0.038,-0.018,0.024,-0.024,0.004,0.017,0.034,0.022
529.5,0.03,0.034,-0.015,0.023,-0.019,0.004,0.017,0.036,0.021
530,0.029,0.034,-0.001,0.025,-0.025,0.004,0.016,0.039,0.02
530.5,0.032,0.032,-0.002,0.024,-0.029,0.002,0.016,0.04,0.02
531,0.036,0.031,-0.01,0.025,-0.021,0.001,0.016,0.04,0.02
531.5,0.035,0.025,-0.012,0.023,-0.02,0,0.014,0.042,0.02
532,0.036,0.025,-0.008,0.024,-0.018,0.002,0.014,0.044,0.02
532.5,0.038,0.026,0.005,0.023,-0.023,0,0.014,0.046,0.018
533,0.029,0.025,0.011,0.021,-0.032,0.004,0.012,0.046,0.018
533.5,0.036,0.027,0.009,0.021,-0.031,0.006,0.012,0.046,0.018
534,0.032,0.024,0.01,0.021,-0.028,0.003,0.011,0.044,0.016
534.5,0.038,0.023,0.007,0.022,-0.027,0.004,0.011,0.044,0.016
535,0.042,0.027,-0.001,0.02,-0.024,0.003,0.011,0.043,0.016
535.5,0.042,0.025,-0.005,0.019,-0.019,0.003,0.011,0.042,0.016
536,0.033,0.024,-0.01,0.017,-0.016,-0.006,0.01,0.043,0.016
536.5,0.03,0.021,0.006,0.014,-0.012,-0.025,0.008,0.044,0.016
537,0.028,0.024,0.022,0.017,-0.002,-0.065,0.008,0.047,0.016
537.5,0.029,0.024,0.024,0.019,0.004,-0.115,0.008,0.048,0.016
538,0.034,0.022,0.024,0.02,0.008,-0.147,0.006,0.05,0.015
538.5,0.035,0.021,0.03,0.021,0.01,-0.143,0.006,0.05,0.014
539,0.026,0.02,0.035,0.02,0.012,-0.113,0.005,0.05,0.014
539.5,0.036,0.022,0.038,0.02,0.011,-0.084,0.005,0.05,0.014
540,0.036,0.021,0.035,0.017,0.014,-0.057,0.006,0.05,0.014
540.5,0.038,0.022,0.037,0.019,0.018,-0.04,0.01,0.05,0.012
541,0.038,0.02,0.037,0.016,0.022,-0.029,0.01,0.05,0.012
541.5,0.036,0.016,0.037,0,0.024,-0.029,0.008,0.052,0.01
542,0.034,0.017,0.037,-0.043,0.025,-0.033,0.007,0.053,0.01
542.5,0.034,0.017,0.034,-0.093,0.022,-0.032,0.005,0.052,0.008
543,0.035,0.018,0.039,-0.111,0.023,-0.027,0.004,0.051,0.008
543.5,0.039,0.021,0.045,-0.085,0.025,-0.021,0.002,0.048,0.008
544,0.04,0.023,0.044,-0.042,0.025,-0.019,-0.003,0.046,0.008
544.5,0.041,0.019,0.043,-0.018,0.024,-0.024,-0.014,0.045,0.007
545,0.033,0.021,0.037,-0.01,0.025,-0.031,-0.036,0.044,0.006
545.5,0.037,0.022,0.035,-0.009,0.027,-0.029,-0.056,0.043,0.006
546,0.034,0.02,0.037,-0.018,0.025,-0.025,-0.084,0.044,0.004
546.5,0.03,0.021,0.036,-0.008,0.029,-0.027,-0.102,0.045,0.003
547,0.033,0.022,0.035,0.003,0.03,-0.028,-0.118,0.046,0.002
547.5,0.031,0.016,0.034,0.008,0.03,-0.031,-0.11,0.048,0
548,0.033,0.018,0.039,0,0.029,-0.03,-0.084,0.05,-0.002
548.5,0.037,0.017,0.042,-0.009,0.025,-0.028,-0.066,0.051,-0.002
549,0.037,0.017,0.044,-0.023,0.025,-0.026,-0.057,0.052,-0.003
549.5,0.037,0.016,0.043,-0.022,0.025,-0.018,-0.05,0.052,-0.004
550,0.039,0.015,0.044,-0.01,0.028,-0.014,-0.043,0.052,-0.006
550.5,0.035,0.005,0.042,-0.007,0.031,-0.018,-0.039,0.052,-0.007
551,0.032,-0.048,0.038,-0.009,0.03,-0.026,-0.031,0.052,-0.008
551.5,0.033,-0.13,0.041,-0.007,0.027,-0.032,-0.027,0.053,-0.01
552,0.028,-0.128,0.038,-0.008,0.02,-0.033,-0.031,0.052,-0.011
552.5,0.027,-0.051,0.041,-0.011,0.022,-0.028,-0.036,0.052,-0.012
553,0.028,-0.01,0.047,-0.01,0.024,-0.019,-0.035,0.05,-0.012
553.5,0.02,-0.012,0.045,-0.005,0.023,-0.011,-0.033,0.048,-0.013
554,0.026,-0.021,0.043,-0.002,0.02,-0.005,-0.029,0.048,-0.014
554.5,0.03,-0.006,0.038,0.001,0.023,0,-0.028,0.047,-0.015
555,0.034,-0.017,0.034,0.007,0.031,0.008,-0.028,0.048,-0.016
555.5,0.035,-0.016,0.035,0.009,0.031,0.016,-0.027,0.049,-0.016
556,0.032,-0.008,0.031,0.001,0.033,0.022,-0.028,0.05,-0.016
556.5,0.033,-0.011,0.033,0.003,0.035,0.022,-0.026,0.05,-0.014
557,0.029,-0.019,0.031,0.01,0.033,0.019,-0.024,0.051,-0.013
557.5,0.032,-0.016,0.036,0.006,0.035,0.015,-0.022,0.052,-0.012
558,0.034,-0.006,0.041,-0.003,0.034,0.012,-0.024,0.052,-0.01
558.5,0.039,-0.002,0.044,-0.007,0.035,0.016,-0.028,0.052,-0.007
559,0.03,-0.002,0.044,-0.004,0.036,0.021,-0.032,0.052,-0.005
559.5,0.032,-0.002,0.042,0,0.036,0.027,-0.032,0.05,-0.004
560,0.032,-0.006,0.046,0.014,0.036,0.03,-0.027,0.049,-0.002
560.5,0.028,-0.018,0.043,0.019,0.032,0.028,-0.02,0.047,-0.002
561,0.03,-0.011,0.043,0.021,0.031,0.025,-0.015,0.046,-0.002
561.5,0.031,0.002,0.042,0.024,0.027,0.021,-0.011,0.046,0
562,0.022,0.004,0.04,0.024,0.023,0.023,-0.006,0.046,0.001
562.5,0.022,-0.005,0.04,0.03,0.022,0.024,0.002,0.044,0.002
563,0.019,-0.017,0.04,0.032,0.019,0.024,0.009,0.043,0.003
563.5,0.021,-0.028,0.046,0.036,0.02,0.025,0.014,0.042,0.005
564,0.022,-0.032,0.042,0.035,0.024,0.028,0.016,0.041,0.006
564.5,0.025,-0.017,0.039,0.033,0.027,0.034,0.017,0.042,0.008
565,0.025,-0.006,0.039,0.034,0.027,0.036,0.018,0.042,0.01
565.5,0.021,-0.01,0.034,0.034,0.026,0.038,0.02,0.041,0.012
566,0.021,-0.005,0.034,0.038,0.028,0.036,0.022,0.042,0.015
566.5,0.024,0.001,0.038,0.042,0.026,0.033,0.023,0.04,0.017
567,0.021,0.003,0.041,0.043,0.027,0.034,0.025,0.04,0.018
567.5,0.018,0.007,0.043,0.042,0.027,0.036,0.028,0.039,0.02
568,0.018,0.014,0.039,0.036,0.026,0.032,0.028,0.038,0.021
568.5,0.02,0.023,0.043,0.039,0.025,0.035,0.027,0.036,0.023
569,0.019,0.026,0.04,0.037,0.023,0.037,0.024,0.033,0.024
569.5,0.023,0.031,0.043,0.035,0.023,0.037,0.025,0.03,0.026
570,0.022,0.032,0.042,0.032,0.022,0.033,0.026,0.029,0.026
570.5,0.019,0.029,0.037,0.035,0.024,0.031,0.026,0.028,0.026
571,0.021,0.031,0.036,0.041,0.024,0.025,0.028,0.028,0.026
571.5,0.02,0.038,0.031,0.041,0.021,0.026,0.029,0.027,0.026
572,0.018,0.041,0.034,0.043,0.022,0.023,0.031,0.026,0.026
572.5,0.015,0.036,0.034,0.041,0.02,0.021,0.033,0.026,0.026
573,0.015,0.032,0.035,0.042,0.021,0.024,0.035,0.026,0.028
573.5,0.009,0.036,0.037,0.042,0.021,0.026,0.036,0.026,0.028
574,0.009,0.034,0.034,0.039,0.023,0.028,0.034,0.026,0.029
574.5,0.014,0.032,0.034,0.039,0.024,0.03,0.034,0.024,0.03
575,0.017,0.03,0.037,0.038,0.024,0.031,0.032,0.024,0.032
575.5,0.024,0.037,0.038,0.045,0.025,0.032,0.033,0.024,0.032
576,0.021,0.044,0.036,0.043,0.024,0.03,0.035,0.024,0.033
576.5,0.017,0.039,0.034,0.045,0.025,0.03,0.036,0.024,0.034
577,0.018,0.042,0.035,0.041,0.024,0.028,0.034,0.024,0.034
577.5,0.016,0.039,0.033,0.035,0.021,0.029,0.032,0.024,0.034
578,0.019,0.042,0.036,0.035,0.019,0.031,0.031,0.023,0.034
578.5,0.019,0.042,0.036,0.034,0.013,0.03,0.028,0.022,0.036
579,0.022,0.038,0.034,0.035,0.012,0.031,0.028,0.021,0.036
579.5,0.017,0.037,0.032,0.036,0.015,0.028,0.028,0.019,0.036
580,0.015,0.035,0.026,0.037,0.017,0.026,0.027,0.018,0.036
580.5,0.016,0.039,0.025,0.045,0.019,0.021,0.028,0.016,0.036
581,0.014,0.04,0.023,0.044,0.017,0.02,0.031,0.014,0.034
581.5,0.013,0.043,0.023,0.045,0.015,0.021,0.034,0.014,0.034
582,0.01,0.04,0.023,0.046,0.017,0.021,0.035,0.014,0.034
582.5,0.005,0.035,0.023,0.046,0.016,0.025,0.034,0.014,0.034
583,-0.01,0.038,0.025,0.046,0.014,0.028,0.035,0.015,0.035
583.5,-0.074,0.035,0.024,0.042,0.012,0.029,0.033,0.016,0.036
584,-0.19,0.035,0.025,0.045,0.013,0.03,0.033,0.016,0.036
584.5,-0.115,0.032,0.027,0.046,0.011,0.029,0.032,0.014,0.036
585,-0.037,0.031,0.027,0.048,0.011,0.032,0.032,0.013,0.037
585.5,-0.019,0.04,0.026,0.044,0.011,0.031,0.034,0.011,0.037
586,-0.013,0.04,0.023,0.042,0.01,0.031,0.033,0.006,0.038
586.5,-0.011,0.043,0.027,0.043,0.01,0.031,0.034,-0.001,0.038
587,-0.011,0.042,0.027,0.039,0.009,0.028,0.032,-0.011,0.038
587.5,-0.015,0.045,0.029,0.038,0.01,0.029,0.029,-0.028,0.038
588,-0.012,0.04,0.028,0.038,0.004,0.027,0.027,-0.046,0.038
588.5,-0.019,0.038,0.025,0.031,0.004,0.027,0.025,-0.069,0.038
589,-0.028,0.039,0.025,0.035,0.006,0.026,0.026,-0.09,0.038
589.5,-0.025,0.039,0.023,0.038,0.007,0.025,0.026,-0.102,0.037
590,-0.022,0.043,0.025,0.044,0.009,0.024,0.029,-0.104,0.036
590.5,-0.021,0.046,0.022,0.045,0.009,0.022,0.031,-0.098,0.036
591,-0.037,0.04,0.019,0.044,0.009,0.025,0.033,-0.089,0.036
591.5,-0.042,0.039,0.019,0.042,0.011,0.023,0.033,-0.083,0.036
592,-0.027,0.035,0.018,0.041,0.011,0.024,0.031,-0.077,0.036
592.5,-0.025,0.032,0.021,0.041,0.01,0.026,0.033,-0.071,0.036
593,-0.009,0.032,0.02,0.039,0.005,0.024,0.033,-0.065,0.036
593.5,-0.009,0.034,0.02,0.035,0.007,0.025,0.033,-0.058,0.037
594,-0.018,0.034,0.019,0.035,0.006,0.024,0.033,-0.053,0.038
594.5,-0.03,0.037,0.021,0.033,0.006,0.024,0.03,-0.048,0.038
595,-0.038,0.044,0.025,0.035,0.006,0.023,0.032,-0.042,0.038
595.5,-0.035,0.042,0.021,0.036,0.005,0.022,0.031,-0.038,0.038
596,-0.03,0.044,0.02,0.038,0.005,0.02,0.03,-0.035,0.038
596.5,-0.026,0.046,0.02,0.036,0.003,0.017,0.03,-0.034,0.038
597,-0.022,0.044,0.018,0.035,0.003,0.016,0.027,-0.036,0.037
597.5,-0.022,0.043,0.006,0.037,0.001,0.016,0.026,-0.039,0.036
598,-0.016,0.04,-0.044,0.033,-0.004,0.017,0.025,-0.038,0.036
598.5,-0.011,0.04,-0.114,0.034,-0.015,0.017,0.025,-0.036,0.036
599,-0.003,0.037,-0.138,0.032,-0.037,0.015,0.023,-0.035,0.035
599.5,-0.005,0.031,-0.08,0.036,-0.082,0.016,0.025,-0.031,0.034
600,-0.004,0.036,-0.022,0.035,-0.129,0.014,0.027,-0.026,0.032
600.5,0.003,0.035,-0.005,0.033,-0.149,0.018,0.026,-0.024,0.032
601,0.012,0.04,-0.006,0.035,-0.137,0.018,0.026,-0.024,0.03
601.5,0.016,0.037,0.003,0.033,-0.097,0.015,0.026,-0.025,0.03
602,0.026,0.037,0.011,0.034,-0.053,0.014,0.026,-0.027,0.03
602.5,0.028,0.042,0.006,0.032,-0.034,0.013,0.026,-0.025,0.03
603,0.029,0.036,-0.003,0.03,-0.029,0.013,0.024,-0.023,0.03
603.5,0.025,0.032,-0.01,0.028,-0.029,0.012,0.022,-0.02,0.03
604,0.023,0.032,-0.011,0.023,-0.029,0.011,0.019,-0.015,0.03
604.5,0.021,0.036,0.014,0.024,-0.03,0.011,0.017,-0.009,0.03
605,0.024,0.036,0.012,0.026,-0.027,0.01,0.015,-0.004,0.03
605.5,0.03,0.037,0.004,0.028,-0.028,0.01,0.014,0.003,0.029
606,0.039,0.037,0.004,0.027,-0.033,0.008,0.016,0.01,0.028
606.5,0.028,0.033,0.005,0.025,-0.034,0.006,0.015,0.016,0.028
607,0.036,0.036,0.004,0.028,-0.03,0.006,0.014,0.022,0.028
607.5,0.035,0.031,-0.001,0.025,-0.022,0.003,0.014,0.026,0.027
608,0.038,0.032,-0.002,0.025,-0.022,0.005,0.015,0.029,0.026
608.5,0.04,0.027,0.002,0.025,-0.025,0.004,0.014,0.03,0.026
609,0.039,0.023,-0.005,0.026,-0.029,0.005,0.012,0.033,0.026
609.5,0.033,0.025,-0.027,0.026,-0.036,0.004,0.013,0.036,0.024
610,0.032,0.027,-0.027,0.024,-0.042,0.003,0.013,0.037,0.023
610.5,0.034,0.031,-0.015,0.024,-0.044,0.006,0.014,0.039,0.022
611,0.035,0.031,0.002,0.024,-0.035,0.008,0.013,0.04,0.022
611.5,0.035,0.03,0.008,0.025,-0.024,0.009,0.012,0.039,0.022
612,0.037,0.026,0.003,0.024,-0.023,0.007,0.013,0.039,0.022
612.5,0.035,0.029,-0.006,0.021,-0.026,0.006,0.013,0.04,0.022
613,0.039,0.03,-0.018,0.02,-0.024,0.006,0.011,0.04,0.022
613.5,0.033,0.028,-0.023,0.017,-0.028,0.004,0.009,0.04,0.022
614,0.03,0.028,-0.016,0.018,-0.027,0.003,0.007,0.041,0.02
614.5,0.031,0.031,-0.013,0.02,-0.025,0.002,0.004,0.043,0.02
615,0.029,0.026,-0.009,0.02,-0.022,-0.001,0.003,0.045,0.02
615.5,0.029,0.028,-0.004,0.02,-0.018,-0.009,0.005,0.047,0.02
616,0.028,0.025,0,0.019,-0.015,-0.028,0.006,0.049,0.02
616.5,0.033,0.026,0.006,0.021,-0.012,-0.054,0.008,0.05,0.019
617,0.037,0.024,0.013,0.025,-0.005,-0.093,0.008,0.05,0.018
617.5,0.044,0.023,0.016,0.023,0.001,-0.132,0.01,0.05,0.018
618,0.041,0.02,0.021,0.02,0.008,-0.151,0.012,0.05,0.018
618.5,0.036,0.016,0.028,0.018,0.014,-0.137,0.01,0.05,0.017
619,0.04,0.017,0.033,0.02,0.019,-0.101,0.009,0.052,0.016
619.5,0.037,0.02,0.031,0.02,0.017,-0.074,0.009,0.053,0.016
620,0.038,0.024,0.032,0.019,0.014,-0.05,0.01,0.054,0.014
620.5,0.035,0.024,0.035,0.018,0.012,-0.033,0.01,0.053,0.014
621,0.03,0.021,0.035,0.012,0.015,-0.024,0.007,0.051,0.014
621.5,0.036,0.024,0.04,-0.012,0.018,-0.027,0.006,0.05,0.014
622,0.035,0.024,0.037,-0.05,0.019,-0.029,0.005,0.048,0.014
622.5,0.035,0.024,0.035,-0.083,0.023,-0.026,0.003,0.046,0.014
623,0.033,0.022,0.032,-0.102,0.023,-0.023,0.001,0.045,0.014
623.5,0.032,0.021,0.035,-0.089,0.025,-0.031,-0.007,0.044,0.013
624,0.03,0.022,0.034,-0.062,0.029,-0.039,-0.021,0.046,0.012
624.5,0.029,0.021,0.033,-0.042,0.03,-0.04,-0.045,0.048,0.011
625,0.028,0.023,0.038,-0.017,0.03,-0.032,-0.073,0.05,0.01
625.5,0.029,0.02,0.043,-0.012,0.027,-0.025,-0.103,0.05,0.009
626,0.034,0.02,0.045,-0.017,0.028,-0.032,-0.116,0.05,0.008
626.5,0.04,0.02,0.047,-0.014,0.027,-0.031,-0.112,0.051,0.008
627,0.035,0.018,0.041,0.001,0.028,-0.026,-0.1,0.05,0.007
627.5,0.042,0.018,0.042,0.003,0.03,-0.022,-0.084,0.05,0.006
628,0.039,0.013,0.042,-0.003,0.031,-0.019,-0.06,0.049,0.006
628.5,0.039,0.01,0.042,0.001,0.031,-0.023,-0.05,0.049,0.004
629,0.04,-0.014,0.041,0.001,0.027,-0.031,-0.043,0.05,0.003
629.5,0.04,-0.071,0.038,-0.008,0.022,-0.041,-0.036,0.05,0.002
630,0.032,-0.147,0.042,-0.012,0.022,-0.04,-0.031,0.05,-0.001
630.5,0.027,-0.126,0.043,-0.008,0.023,-0.026,-0.03,0.048,-0.002
631,0.03,-0.044,0.047,-0.002,0.024,-0.02,-0.037,0.047,-0.003
631.5,0.033,-0.013,0.042,-0.002,0.024,-0.018,-0.04,0.045,-0.005
632,0.035,0.005,0.039,-0.018,0.026,-0.018,-0.038,0.044,-0.007
632.5,0.033,0.011,0.036,-0.019,0.029,-0.014,-0.034,0.043,-0.008
633,0.03,0.001,0.035,-0.013,0.033,-0.005,-0.028,0.043,-0.009
633.5,0.03,-0.016,0.036,-0.004,0.033,0.002,-0.025,0.045,-0.011
634,0.035,-0.009,0.032,-0.001,0.031,0.006,-0.031,0.046,-0.013
634.5,0.031,0.002,0.034,0,0.031,0.011,-0.032,0.047,-0.014
635,0.031,0.001,0.039,-0.01,0.029,0.014,-0.029,0.048,-0.014
635.5,0.027,-0.008,0.04,-0.021,0.027,0.017,-0.026,0.048,-0.016
636,0.032,-0.01,0.044,-0.023,0.028,0.014,-0.025,0.05,-0.016
636.5,0.029,-0.003,0.042,-0.016,0.027,0.018,-0.029,0.049,-0.016
637,0.033,0.007,0.044,-0.009,0.03,0.023,-0.032,0.049,-0.016
637.5,0.033,0.005,0.042,-0.006,0.029,0.023,-0.032,0.048,-0.017
638,0.032,-0.002,0.042,-0.004,0.029,0.024,-0.028,0.047,-0.018
638.5,0.03,0.003,0.038,-0.001,0.026,0.022,-0.022,0.046,-0.018
639,0.026,0,0.037,0.008,0.02,0.02,-0.018,0.046,-0.018
639.5,0.028,-0.005,0.041,0.015,0.017,0.023,-0.014,0.046,-0.018
640,0.023,-0.014,0.041,0.021,0.019,0.023,-0.011,0.045,-0.016
640.5,0.023,-0.023,0.044,0.027,0.023,0.026,-0.007,0.044,-0.015
641,0.023,-0.029,0.042,0.031,0.023,0.026,-0.003,0.043,-0.013
641.5,0.023,-0.007,0.036,0.032,0.026,0.029,0.001,0.042,-0.011
642,0.028,-0.011,0.033,0.035,0.028,0.031,0.003,0.04,-0.009
642.5,0.025,-0.013,0.033,0.033,0.028,0.033,0.006,0.039,-0.007
643,0.025,-0.009,0.036,0.034,0.029,0.035,0.008,0.04,-0.005
643.5,0.026,-0.009,0.034,0.035,0.028,0.031,0.01,0.04,-0.003
644,0.026,-0.009,0.032,0.035,0.03,0.032,0.013,0.04,-0.002
644.5,0.024,-0.011,0.038,0.037,0.03,0.029,0.018,0.04,0
645,0.022,-0.009,0.039,0.034,0.027,0.028,0.021,0.039,0.002
645.5,0.026,-0.004,0.044,0.035,0.029,0.03,0.022,0.04,0.004
646,0.025,-0.006,0.044,0.037,0.028,0.029,0.022,0.04,0.006
646.5,0.027,-0.003,0.044,0.038,0.03,0.03,0.022,0.039,0.006
647,0.027,-0.012,0.042,0.038,0.028,0.032,0.023,0.037,0.008
647.5,0.023,-0.005,0.039,0.035,0.026,0.03,0.023,0.034,0.008
648,0.023,0.004,0.04,0.039,0.024,0.026,0.024,0.031,0.01
648.5,0.018,0.012,0.039,0.041,0.019,0.02,0.024,0.03,0.011
649,0.019,0.026,0.039,0.041,0.021,0.021,0.025,0.028,0.013
649.5,0.017,0.034,0.037,0.043,0.021,0.023,0.028,0.027,0.014
650,0.018,0.029,0.035,0.043,0.022,0.024,0.031,0.028,0.015
650.5,0.015,0.025,0.038,0.042,0.025,0.023,0.034,0.028,0.017
651,0.018,0.03,0.036,0.038,0.025,0.027,0.034,0.026,0.018
651.5,0.022,0.032,0.037,0.04,0.027,0.029,0.035,0.027,0.02
652,0.022,0.031,0.032,0.037,0.027,0.029,0.033,0.026,0.021
652.5,0.021,0.031,0.033,0.04,0.027,0.032,0.032,0.026,0.022
653,0.019,0.037,0.032,0.043,0.027,0.032,0.032,0.026,0.022
653.5,0.019,0.036,0.032,0.043,0.026,0.031,0.031,0.025,0.024
654,0.021,0.041,0.038,0.043,0.024,0.031,0.034,0.024,0.024
654.5,0.019,0.043,0.036,0.038,0.021,0.029,0.034,0.024,0.026
655,0.021,0.047,0.038,0.036,0.02,0.03,0.033,0.023,0.026
655.5,0.023,0.043,0.04,0.038,0.019,0.029,0.03,0.023,0.026
656,0.022,0.042,0.034,0.035,0.017,0.032,0.026,0.022,0.026
656.5,0.021,0.044,0.036,0.035,0.019,0.031,0.024,0.022,0.026
657,0.019,0.039,0.037,0.034,0.017,0.029,0.025,0.02,0.026
657.5,0.021,0.039,0.032,0.037,0.018,0.026,0.027,0.018,0.027
658,0.02,0.042,0.03,0.038,0.016,0.023,0.026,0.017,0.028
658.5,0.02,0.041,0.027,0.043,0.016,0.028,0.028,0.016,0.028
659,0.017,0.041,0.027,0.044,0.015,0.027,0.03,0.016,0.03
659.5,0.011,0.036,0.027,0.043,0.013,0.027,0.032,0.016,0.03
660,0.012,0.036,0.03,0.045,0.014,0.027,0.036,0.015,0.031
660.5,0.008,0.037,0.03,0.042,0.015,0.027,0.037,0.014,0.032
661,0.01,0.036,0.03,0.042,0.017,0.031,0.037,0.014,0.032
661.5,0.012,0.035,0.028,0.042,0.017,0.03,0.036,0.016,0.033
662,-0.017,0.034,0.029,0.044,0.017,0.03,0.034,0.016,0.034
662.5,-0.093,0.035,0.03,0.047,0.017,0.03,0.033,0.016,0.034
663,-0.168,0.038,0.027,0.045,0.015,0.029,0.033,0.015,0.035
663.5,-0.116,0.041,0.026,0.045,0.016,0.028,0.035,0.016,0.036
664,-0.03,0.043,0.027,0.032,0.013,0.026,0.036,0.015,0.036
664.5,-0.019,0.04,0.024,0.03,0.012,0.029,0.035,0.014,0.036
665,-0.017,0.041,0.023,0.037,0.006,0.03,0.032,0.011,0.036
665.5,-0.015,0.039,0.021,0.035,0.003,0.029,0.029,0.008,0.034
666,-0.009,0.04,0.025,0.037,0.004,0.028,0.028,0.002,0.034
666.5,-0.01,0.038,0.024,0.038,0.006,0.025,0.026,-0.007,0.034
667,-0.019,0.043,0.022,0.042,0.01,0.024,0.026,-0.02,0.034
667.5,-0.017,0.048,0.021,0.045,0.011,0.02,0.027,-0.039,0.034
668,-0.006,0.038,0.018,0.044,0.01,0.02,0.028,-0.062,0.035
668.5,-0.01,0.043,0.017,0.046,0.012,0.019,0.031,-0.085,0.036
669,-0.012,0.038,0.018,0.044,0.012,0.02,0.033,-0.1,0.036
669.5,-0.018,0.037,0.023,0.045,0.011,0.023,0.035,-0.104,0.037
670,-0.013,0.037,0.024,0.044,0.007,0.023,0.034,-0.103,0.038
670.5,-0.015,0.036,0.021,0.043,0.009,0.025,0.034,-0.099,0.038
671,-0.024,0.033,0.021,0.039,0.01,0.025,0.033,-0.091,0.039
671.5,-0.031,0.032,0.019,0.035,0.007,0.026,0.031,-0.083,0.04
672,-0.032,0.038,0.025,0.037,0.006,0.028,0.032,-0.077,0.04
672.5,-0.015,0.041,0.023,0.039,0.004,0.026,0.032,-0.072,0.04
673,-0.016,0.045,0.022,0.041,0.005,0.027,0.033,-0.066,0.04
673.5,-0.021,0.044,0.023,0.042,0.004,0.023,0.032,-0.063,0.04
674,-0.026,0.04,0.023,0.039,0.002,0.02,0.031,-0.061,0.039
674.5,-0.026,0.045,0.025,0.042,0.002,0.017,0.029,-0.059,0.038
675,-0.022,0.041,0.022,0.04,-0.001,0.014,0.026,-0.056,0.037
675.5,-0.023,0.042,0.022,0.037,0,0.016,0.024,-0.052,0.036
676,-0.019,0.04,0.019,0.038,0.001,0.017,0.023,-0.048,0.036
676.5,-0.016,0.039,0.018,0.038,0.002,0.02,0.023,-0.044,0.034
677,-0.016,0.035,0.018,0.04,0.002,0.02,0.025,-0.039,0.034
677.5,-0.019,0.037,0.012,0.036,0,0.019,0.026,-0.034,0.034
678,-0.03,0.042,-0.013,0.038,0.002,0.02,0.028,-0.029,0.034
678.5,-0.037,0.042,-0.077,0.036,-0.002,0.017,0.03,-0.026,0.034
679,-0.034,0.039,-0.115,0.035,-0.011,0.015,0.03,-0.026,0.034
679.5,-0.029,0.039,-0.132,0.035,-0.034,0.014,0.031,-0.028,0.034
680,-0.008,0.035,-0.076,0.032,-0.067,0.014,0.029,-0.029,0.034
680.5,0.004,0.035,-0.026,0.03,-0.104,0.014,0.028,-0.028,0.034
681,0.003,0.035,-0.01,0.027,-0.128,0.011,0.027,-0.025,0.033
681.5,0.001,0.039,-0.003,0.026,-0.13,0.01,0.025,-0.02,0.032
682,-0.002,0.042,-0.002,0.027,-0.108,0.009,0.024,-0.016,0.032
682.5,0.004,0.038,-0.002,0.028,-0.082,0.011,0.021,-0.01,0.032
683,0.01,0.04,-0.005,0.03,-0.051,0.008,0.02,-0.004,0.032
683.5,0.015,0.036,-0.004,0.027,-0.037,0.006,0.02,0.002,0.031
684,0.022,0.039,-0.002,0.027,-0.026,0.004,0.02,0.008,0.03
684.5,0.026,0.037,-0.001,0.03,-0.019,0.003,0.02,0.012,0.029
685,0.033,0.036,-0.011,0.03,-0.023,0.004,0.02,0.015,0.028
685.5,0.037,0.034,-0.018,0.027,-0.023,0.007,0.022,0.019,0.028
686,0.033,0.027,-0.013,0.025,-0.021,0.01,0.019,0.021,0.028
686.5,0.035,0.03,-0.004,0.027,-0.024,0.01,0.018,0.024,0.027
687,0.032,0.03,0.003,0.026,-0.029,0.009,0.017,0.026,0.026
687.5,0.033,0.031,-0.001,0.028,-0.033,0.009,0.017,0.031,0.026
688,0.034,0.036,0.002,0.026,-0.031,0.012,0.017,0.035,0.026
688.5,0.026,0.032,-0.004,0.025,-0.024,0.01,0.016,0.038,0.026
689,0.037,0.034,0.005,0.026,-0.021,0.009,0.016,0.038,0.026
689.5,0.036,0.032,0.001,0.026,-0.026,0.01,0.015,0.038,0.026
690,0.037,0.035,-0.012,0.025,-0.03,0.011,0.015,0.038,0.026
690.5,0.034,0.032,-0.02,0.022,-0.027,0.008,0.014,0.038,0.026
691,0.032,0.03,-0.023,0.019,-0.026,0.006,0.012,0.038,0.025
691.5,0.024,0.03,-0.011,0.02,-0.028,0.004,0.012,0.04,0.024
692,0.029,0.029,-0.001,0.021,-0.034,0.004,0.009,0.042,0.024
692.5,0.03,0.03,-0.004,0.024,-0.038,0.002,0.007,0.044,0.024
693,0.03,0.028,-0.007,0.023,-0.035,0.001,0.008,0.046,0.023
693.5,0.034,0.03,-0.007,0.022,-0.031,-0.002,0.008,0.048,0.022
694,0.039,0.03,-0.005,0.024,-0.027,-0.003,0.009,0.049,0.022
694.5,0.035,0.025,0.004,0.025,-0.026,-0.006,0.007,0.049,0.022
695,0.043,0.026,0,0.025,-0.021,-0.008,0.006,0.049,0.022
695.5,0.04,0.021,0.006,0.023,-0.013,-0.01,0.007,0.047,0.021
696,0.043,0.02,0.007,0.023,-0.013,-0.022,0.008,0.046,0.02
696.5,0.043,0.02,0.014,0.024,-0.016,-0.05,0.008,0.046,0.02
697,0.045,0.021,0.016,0.024,-0.017,-0.091,0.007,0.046,0.02
697.5,0.038,0.023,0.017,0.023,-0.013,-0.128,0.009,0.047,0.02
698,0.034,0.022,0.021,0.019,-0.002,-0.137,0.007,0.046,0.02
698.5,0.039,0.024,0.03,0.02,0.007,-0.116,0.006,0.046,0.019
699,0.039,0.022,0.035,0.02,0.012,-0.088,0.005,0.044,0.018
699.5,0.04,0.029,0.032,0.02,0.013,-0.064,0.005,0.044,0.018
700,0.042,0.027,0.029,0.02,0.016,-0.049,0.004,0.041,0.018
700.5,0.03,0.021,0.027,0.016,0.018,-0.038,0.002,0.04,0.018
701,0.03,0.023,0.034,0.01,0.022,-0.029,0.002,0.04,0.016
701.5,0.029,0.023,0.033,-0.016,0.021,-0.031,0,0.041,0.016
702,0.029,0.023,0.037,-0.064,0.024,-0.035,-0.002,0.043,0.016
702.5,0.027,0.023,0.041,-0.105,0.026,-0.036,-0.003,0.046,0.016
703,0.027,0.022,0.043,-0.124,0.026,-0.033,-0.009,0.048,0.014
703.5,0.031,0.022,0.042,-0.102,0.026,-0.028,-0.017,0.05,0.014
704,0.034,0.021,0.043,-0.057,0.025,-0.034,-0.034,0.051,0.012
704.5,0.036,0.021,0.046,-0.023,0.027,-0.032,-0.054,0.052,0.012
705,0.037,0.019,0.043,0.002,0.029,-0.03,-0.085,0.052,0.012
705.5,0.039,0.019,0.042,0.003,0.031,-0.033,-0.102,0.052,0.012
706,0.041,,0.043,-0.004,0.029,-0.037,-0.108,0.052,0.012
706.5,0.031,,0.036,-0.008,0.026,-0.041,-0.099,0.053,0.011
707,0.036,,0.041,-0.004,0.022,-0.043,-0.08,0.054,0.01
707.5,0.033,,0.039,-0.005,0.021,-0.039,-0.067,0.052,0.01
708,0.03,,0.041,-0.011,0.021,-0.034,-0.052,0.052,0.009
708.5,0.036,,0.041,-0.007,0.021,-0.028,-0.039,0.051,0.008
709,0.034,,0.037,-0.004,0.023,-0.025,-0.035,0.049,0.007
709.5,0.03,,0.033,0.001,0.026,-0.027,-0.034,0.047,0.006
710,0.03,,0.036,0.005,0.026,-0.03,-0.032,0.045,0.005
710.5,0.03,,0.038,0,0.031,-0.027,-0.025,0.044,0.004
711,0.031,,0.036,-0.003,0.03,-0.021,-0.022,0.044,0.002
711.5,0.029,,0.036,-0.001,0.033,-0.015,-0.02,0.046,0
712,0.029,,0.037,-0.002,0.031,-0.009,-0.019,0.046,-0.002
712.5,0.03,,0.038,-0.002,0.029,-0.005,-0.023,0.047,-0.002
713,0.035,,0.042,-0.01,0.029,-0.002,-0.019,0.048,-0.003
713.5,0.036,,0.042,-0.018,0.027,0.001,-0.02,0.048,-0.004
714,0.039,,0.046,-0.02,0.029,0.01,-0.026,0.048,-0.005
714.5,0.035,,0.049,-0.01,0.032,0.017,-0.037,0.048,-0.007
715,0.032,,0.046,-0.003,0.032,0.022,-0.045,0.048,-0.009
715.5,0.034,,0.048,0.004,0.03,0.022,-0.043,0.047,-0.01
716,0.031,,0.043,-0.002,0.024,0.018,-0.036,0.046,-0.012
716.5,0.032,,0.043,-0.007,0.022,0.014,-0.034,0.045,-0.013
717,0.026,,0.042,-0.011,0.021,0.013,-0.035,0.045,-0.014
717.5,0.026,,0.038,-0.003,0.022,0.017,-0.037,0.044,-0.014
718,0.022,,0.045,0.008,0.025,0.019,-0.036,0.044,-0.016
718.5,0.025,,0.042,0.011,0.023,0.023,-0.03,0.044,-0.017
719,0.026,,0.04,0.009,0.024,0.025,-0.027,0.044,-0.018
719.5,0.025,,0.039,0.014,0.028,0.027,-0.021,0.041,-0.02
720,0.03,,0.038,0.014,0.031,0.031,-0.015,0.04,-0.02
720.5,0.022,,0.034,0.014,0.032,0.033,-0.008,0.04,-0.018
721,0.023,,0.03,0.022,0.032,0.035,-0.004,0.04,-0.018
721.5,0.027,,0.034,0.032,0.03,0.034,-0.002,0.041,-0.016
722,0.021,,0.035,0.032,0.027,0.03,0.004,0.04,-0.016
722.5,0.025,,0.04,0.029,0.027,0.03,0.01,0.04,-0.016
723,0.026,,0.042,0.026,0.029,0.029,0.017,0.04,-0.015
723.5,0.027,,0.04,0.026,0.033,0.03,0.017,0.04,-0.014
724,0.027,,0.042,0.029,0.032,0.033,0.016,0.04,-0.014
724.5,0.024,,0.04,0.027,0.029,0.033,0.015,0.038,-0.013
725,0.025,,0.043,0.028,0.029,0.032,0.017,0.037,-0.011
725.5,0.026,,0.04,0.035,0.025,0.027,0.019,0.035,-0.009
726,0.026,,0.042,0.04,0.02,0.025,0.021,0.033,-0.007
726.5,0.024,,0.042,0.04,0.017,0.023,0.024,0.032,-0.004
727,0.017,,0.039,0.041,0.017,0.024,0.026,0.032,-0.002
727.5,0.019,,0.04,0.045,0.02,0.026,0.028,0.032,-0.002
728,0.019,,0.038,0.043,0.023,0.024,0.029,0.03,-0.001
728.5,0.018,,0.038,0.043,0.027,0.025,0.032,0.03,0
729,0.019,,0.035,0.041,0.027,0.029,0.032,0.03,0.002
729.5,0.022,,0.035,0.039,0.029,0.036,0.031,0.029,0.004
730,0.027,,0.034,0.043,0.031,0.037,0.031,0.028,0.006
730.5,0.025,,0.032,0.045,0.028,0.036,0.031,0.027,0.008
731,0.023,,0.035,0.048,0.03,0.033,0.033,0.026,0.01
731.5,0.023,,0.04,0.044,0.028,0.029,0.033,0.024,0.011
732,0.018,,0.038,0.04,0.026,0.029,0.034,0.024,0.012
732.5,0.02,,0.04,0.036,0.025,0.031,0.033,0.024,0.013
733,0.018,,0.038,0.033,0.025,0.033,0.03,0.023,0.014
733.5,0.019,,0.042,0.037,0.024,0.033,0.026,0.022,0.014
734,0.018,,0.039,0.036,0.022,0.032,0.025,0.022,0.016
734.5,0.022,,0.038,0.037,0.023,0.031,0.026,0.022,0.018
735,0.019,,0.04,0.043,0.021,0.026,0.028,0.021,0.02
735.5,0.016,,0.026,0.042,0.022,0.019,0.028,0.02,0.022
736,0.017,,0.03,0.043,0.023,0.019,0.031,0.018,0.023
736.5,0.014,,0.027,0.044,0.02,0.022,0.031,0.016,0.024
737,0.014,,0.032,0.049,0.019,0.024,0.033,0.016,0.026
737.5,0.015,,0.035,0.047,0.019,0.021,0.035,0.016,0.026
738,0.016,,0.032,0.045,0.021,0.022,0.036,0.017,0.027
738.5,0.016,,0.032,0.043,0.021,0.025,0.036,0.016,0.028
739,0.014,,0.027,0.041,0.02,0.027,0.033,0.017,0.028
739.5,0.015,,0.033,0.041,0.02,0.031,0.032,0.018,0.029
740,0.013,,0.029,0.046,0.019,0.032,0.033,0.018,0.03
740.5,0.021,,0.029,0.047,0.02,0.033,0.033,0.018,0.03
741,0.014,,0.03,0.044,0.019,0.03,0.033,0.017,0.03
741.5,0.014,,0.029,0.039,0.018,0.029,0.031,0.016,0.03
742,0.014,,0.03,0.035,0.016,0.031,0.03,0.016,0.03
742.5,0.015,,0.027,0.033,0.009,0.032,0.028,0.014,0.029
743,-0.035,,0.029,0.038,0.008,0.033,0.025,0.013,0.029
743.5,-0.138,,0.028,0.037,0.009,0.029,0.022,0.011,0.03
744,-0.158,,0.024,0.037,0.011,0.028,0.023,0.009,0.031
744.5,-0.055,,0.025,0.042,0.011,0.026,0.028,0.006,0.032
745,-0.023,,0.022,0.044,0.009,0.022,0.028,0.001,0.033
745.5,-0.031,,0.02,0.047,0.009,0.022,0.03,-0.006,0.034
746,-0.035,,0.021,0.044,0.008,0.023,0.032,-0.016,0.034
746.5,-0.028,,0.022,0.043,0.009,0.025,0.032,-0.031,0.034
747,-0.011,,0.025,0.043,0.008,0.028,0.034,-0.048,0.036
747.5,-0.006,,0.025,0.041,0.007,0.03,0.033,-0.07,0.036
748,-0.015,,0.026,0.043,0.008,0.03,0.034,-0.087,0.036
748.5,-0.025,,0.022,0.042,0.008,0.029,0.032,-0.093,0.036
749,-0.032,,0.028,0.045,0.007,0.03,0.03,-0.092,0.036
749.5,-0.034,,0.026,0.045,0.007,0.029,0.032,-0.088,0.036
750,-0.024,,0.023,0.042,0.008,0.029,0.032,-0.083,0.036
750.5,-0.02,,0.022,0.039,0.008,0.028,0.033,-0.08,0.036
751,-0.024,,0.021,0.035,0.007,0.026,0.031,-0.074,0.035
751.5,-0.027,,0.023,0.034,0.007,0.025,0.031,-0.07,0.034
752,-0.028,,0.022,0.031,0.001,0.023,0.029,-0.068,0.034
752.5,-0.029,,0.022,0.035,-0.001,0.022,0.026,-0.066,0.034
753,-0.02,,0.024,0.037,0.001,0.02,0.026,-0.062,0.034
753.5,-0.023,,0.019,0.036,0.002,0.018,0.026,-0.057,0.034
754,-0.024,,0.021,0.041,0.003,0.018,0.027,-0.055,0.036
754.5,-0.025,,0.018,0.042,0.002,0.016,0.03,-0.055,0.038
755,-0.015,,0.016,0.042,0.003,0.017,0.032,-0.051,0.038
755.5,-0.011,,0.015,0.041,0.004,0.017,0.033,-0.047,0.038
756,-0.012,,0.016,0.039,0.008,0.016,0.032,-0.043,0.038
756.5,-0.01,,0.018,0.04,0.008,0.017,0.033,-0.04,0.038
757,-0.01,,0.017,0.037,0.005,0.017,0.031,-0.039,0.038
757.5,-0.016,,0.013,0.036,0.004,0.017,0.031,-0.04,0.038
758,-0.026,,-0.015,0.031,0.004,0.017,0.03,-0.039,0.037
758.5,-0.028,,-0.056,0.027,0.003,0.018,0.028,-0.036,0.036
759,-0.027,,-0.105,0.029,-0.005,0.017,0.027,-0.031,0.036
759.5,-0.024,,-0.12,0.03,-0.026,0.016,0.023,-0.028,0.036
760,-0.009,,-0.093,0.034,-0.069,0.016,0.022,-0.024,0.034
760.5,-0.003,,-0.045,0.032,-0.122,0.014,0.022,-0.021,0.034
761,-0.002,,-0.017,0.032,-0.141,0.013,0.02,-0.018,0.032
761.5,0.004,,-0.008,0.03,-0.124,0.009,0.02,-0.013,0.032
762,0.009,,-0.005,0.031,-0.096,0.007,0.019,-0.009,0.032
762.5,0.016,,-0.005,0.031,-0.069,0.008,0.018,-0.005,0.032
763,0.015,,-0.004,0.028,-0.04,0.008,0.018,-0.002,0.032
763.5,0.023,,-0.012,0.029,-0.023,0.009,0.018,0.003,0.032
764,0.024,,-0.004,0.03,-0.026,0.008,0.018,0.006,0.032
764.5,0.026,,-0.002,0.03,-0.03,0.009,0.018,0.01,0.032
765,0.028,,-0.013,0.031,-0.037,0.008,0.018,0.014,0.032
765.5,0.03,,-0.009,0.028,-0.041,0.011,0.018,0.018,0.032
766,0.034,,-0.005,0.028,-0.031,0.012,0.019,0.02,0.032
766.5,0.036,,-0.007,0.026,-0.024,0.009,0.019,0.022,0.032
767,0.039,,-0.009,0.026,-0.024,0.01,0.019,0.023,0.03
767.5,0.04,,-0.015,0.024,-0.027,0.01,0.017,0.026,0.03
768,0.03,,-0.017,0.021,-0.032,0.01,0.016,0.028,0.03
768.5,0.031,,-0.008,0.02,-0.033,0.008,0.016,0.03,0.03
769,0.032,,0.003,0.021,-0.024,0.005,0.014,0.032,0.028
769.5,0.035,,0.005,0.023,-0.025,0.006,0.01,0.034,0.028
770,0.031,,0,0.023,-0.025,0.005,0.008,0.036,0.026
770.5,0.035,,-0.005,0.023,-0.029,0.005,0.008,0.04,0.026
771,0.032,,-0.002,0.022,-0.024,0.002,0.009,0.043,0.026
771.5,0.037,,0.002,0.02,-0.018,0.001,0.009,0.046,0.024
772,0.038,,-0.013,0.023,-0.019,0.003,0.009,0.048,0.024
772.5,0.035,,-0.031,0.023,-0.019,0.004,0.009,0.048,0.024
773,0.037,,-0.009,0.022,-0.014,0.003,0.011,0.048,0.024
773.5,0.04,,0,0.023,-0.015,0,0.011,0.049,0.024
774,0.031,,0.011,0.022,-0.024,0,0.01,0.05,0.024
774.5,0.035,,0.015,0.021,-0.031,-0.003,0.01,0.052,0.023
775,0.03,,-0.001,0.02,-0.033,-0.012,0.01,0.052,0.022
775.5,0.035,,0.002,0.022,-0.029,-0.016,0.009,0.052,0.022
776,0.036,,0.007,0.023,-0.022,-0.028,0.008,0.052,0.022
776.5,0.039,,0.004,0.022,-0.011,-0.055,0.007,0.051,0.022
777,0.033,,-0.002,0.02,-0.006,-0.097,0.006,0.048,0.022
777.5,0.031,,0.004,0.018,-0.006,-0.132,0.006,0.047,0.021
778,0.029,,0.014,0.018,-0.004,-0.138,0.006,0.046,0.02
778.5,0.032,,0.011,0.015,0.002,-0.119,0.005,0.045,0.02
779,0.029,,0.02,0.014,0.01,-0.084,0.003,0.044,0.02
779.5,0.036,,0.026,0.016,0.016,-0.057,0.003,0.046,0.018
780,0.028,,0.029,0.015,0.016,-0.044,0.003,0.047,0.018
780.5,0.039,,0.036,0.012,0.017,-0.032,0.004,0.048,0.018
781,0.037,,0.037,0,0.015,-0.024,0.003,0.048,0.018
781.5,0.043,,0.041,-0.027,0.021,-0.027,0.002,0.048,0.018
782,0.049,,0.042,-0.054,0.023,-0.031,0.002,0.048,0.018
782.5,0.043,,0.042,-0.075,0.026,-0.026,0.002,0.047,0.017
783,0.038,,0.042,-0.1,0.028,-0.031,-0.001,0.046,0.016
783.5,0.039,,0.041,-0.095,0.024,-0.038,-0.008,0.046,0.016
784,0.041,,0.043,-0.055,0.021,-0.039,-0.023,0.047,0.016
784.5,0.038,,0.043,-0.025,0.02,-0.042,-0.044,0.047,0.016
785,0.035,,0.048,-0.011,0.022,-0.037,-0.07,0.046,0.016
785.5,0.035,,0.051,-0.007,0.024,-0.027,-0.1,0.046,0.016
786,0.035,,0.043,-0.008,0.024,-0.023,-0.118,0.046,0.015
786.5,0.036,,0.043,-0.008,0.027,-0.026,-0.115,0.044,0.014
787,0.031,,0.04,-0.009,0.027,-0.032,-0.096,0.042,0.014
787.5,0.027,,0.04,-0.014,0.029,-0.032,-0.082,0.04,0.013
788,0.029,,0.034,-0.007,0.031,-0.025,-0.07,0.04,0.012
788.5,0.026,,0.033,0.004,0.032,-0.022,-0.062,0.04,0.012
789,0.028,,0.035,0.006,0.032,-0.025,-0.049,0.041,0.012
789.5,0.029,,0.035,-0.002,0.026,-0.025,-0.04,0.042,0.012
790,0.034,,0.043,-0.013,0.027,-0.019,-0.033,0.044,0.012
790.5,0.036,,0.045,-0.019,0.026,-0.021,-0.033,0.044,0.011
791,0.031,,0.044,-0.016,0.032,-0.021,-0.038,0.046,0.01
791.5,0.038,,0.043,-0.007,0.032,-0.012,-0.042,0.047,0.01
792,0.035,,0.039,-0.003,0.029,-0.006,-0.04,0.048,0.009
792.5,0.036,,0.04,-0.006,0.029,-0.005,-0.029,0.048,0.008
793,0.033,,0.036,-0.01,0.026,-0.008,-0.024,0.048,0.008
793.5,0.034,,0.039,-0.012,0.025,-0.008,-0.029,0.048,0.007
794,0.029,,0.045,0.001,0.019,-0.007,-0.035,0.048,0.006
794.5,0.024,,0.039,-0.003,0.02,0.004,-0.036,0.048,0.004
795,0.024,,0.042,-0.014,0.022,0.011,-0.029,0.048,0.002
795.5,0.027,,0.039,-0.018,0.022,0.013,-0.03,0.047,0
796,0.032,,0.04,-0.011,0.025,0.016,-0.035,0.046,-0.002
796.5,0.031,,0.035,-0.002,0.027,0.017,-0.037,0.043,-0.003
797,0.026,,0.029,-0.002,0.029,0.02,-0.03,0.042,-0.004
797.5,0.027,,0.034,-0.008,0.031,0.024,-0.02,0.042,-0.006
798,0.026,,0.032,-0.006,0.03,0.027,-0.013,0.042,-0.006
798.5,0.031,,0.036,0.003,0.031,0.028,-0.011,0.042,-0.007
799,0.027,,0.037,0.004,0.029,0.026,-0.011,0.042,-0.008
799.5,0.024,,0.042,0.006,0.028,0.027,-0.01,0.043,-0.01
800,0.028,,0.041,0.007,0.027,0.027,-0.006,0.044,-0.012
800.5,0.026,,0.041,0.013,0.029,0.029,-0.002,0.044,-0.014
801,0.03,,0.045,0.022,0.032,0.032,0.001,0.044,-0.016
801.5,0.027,,0.042,0.033,0.028,0.031,0.005,0.042,-0.018
802,0.029,,0.043,0.03,0.027,0.032,0.01,0.042,-0.018
802.5,0.026,,0.041,0.03,0.025,0.03,0.015,0.041,-0.018
803,0.024,,0.039,0.032,0.022,0.027,0.016,0.039,-0.018
803.5,0.023,,0.043,0.038,0.021,0.022,0.018,0.038,-0.017
804,0.019,,0.043,0.039,0.021,0.021,0.022,0.036,-0.015
804.5,0.021,,0.046,0.043,0.023,0.023,0.025,0.036,-0.014
805,0.02,,0.043,0.044,0.026,0.022,0.026,0.034,-0.014
805.5,0.016,,0.04,0.045,0.031,0.026,0.026,0.033,-0.012
806,0.022,,0.037,0.044,0.032,0.027,0.026,0.031,-0.012
806.5,0.024,,0.033,0.041,0.03,0.029,0.026,0.031,-0.012
807,0.029,,0.038,0.045,0.03,0.033,0.027,0.03,-0.01
807.5,0.022,,0.035,0.047,0.028,0.033,0.026,0.029,-0.01
808,0.027,,0.039,0.047,0.03,0.035,0.025,0.029,-0.008
808.5,0.022,,0.042,0.047,0.03,0.033,0.028,0.029,-0.008
809,0.02,,0.04,0.043,0.03,0.03,0.029,0.028,-0.006
809.5,0.022,,0.043,0.041,0.029,0.028,0.03,0.028,-0.006
810,0.022,,0.041,0.037,0.027,0.029,0.029,0.026,-0.005
810.5,0.022,,0.043,0.039,0.026,0.029,0.028,0.026,-0.002
811,0.024,,0.043,0.034,0.022,0.028,0.025,0.026,-0.002
811.5,0.02,,0.039,0.032,0.022,0.031,0.024,0.024,-0.002
812,0.021,,0.039,0.035,0.022,0.029,0.024,0.023,-0.001
812.5,0.02,,0.033,0.038,0.02,0.025,0.022,0.022,-0.001
813,0.022,,0.034,0.042,0.02,0.023,0.023,0.02,0.002
813.5,0.018,,0.031,0.04,0.017,0.024,0.026,0.019,0.004
814,0.018,,0.038,0.044,0.017,0.024,0.028,0.019,0.006
814.5,0.019,,0.037,0.044,0.019,0.024,0.029,0.019,0.007
815,0.012,,0.034,0.039,0.021,0.026,0.03,0.018,0.009
815.5,0.013,,0.034,0.039,0.021,0.032,0.031,0.018,0.011
816,0.016,,0.03,0.037,0.02,0.033,0.031,0.016,0.012
816.5,0.022,,0.035,0.043,0.022,0.034,0.031,0.017,0.014
817,0.024,,0.033,0.045,0.021,0.032,0.03,0.017,0.014
817.5,0.022,,0.032,0.043,0.023,0.035,0.03,0.016,0.015
818,0.021,,0.034,0.042,0.022,0.033,0.033,0.016,0.016
818.5,0.019,,0.031,0.037,0.019,0.033,0.033,0.017,0.017
819,0.019,,0.033,0.035,0.02,0.034,0.036,0.018,0.018
819.5,0.018,,0.031,0.03,0.018,0.034,0.034,0.016,0.02
820,0.019,,0.031,0.035,0.015,0.036,0.031,0.016,0.021
820.5,0.018,,0.031,0.035,0.011,0.033,0.026,0.015,0.022
821,0.013,,0.03,0.034,0.011,0.029,0.025,0.014,0.023
821.5,0.014,,0.03,0.038,0.014,0.028,0.028,0.014,0.024
822,0.012,,0.026,0.04,0.013,0.024,0.029,0.012,0.027
822.5,0.009,,0.023,0.043,0.013,0.021,0.03,0.01,0.028
823,-0.029,,0.021,0.043,0.01,0.016,0.031,0.007,0.028
823.5,-0.086,,0.023,0.043,0.012,0.018,0.032,0.003,0.028
824,-0.161,,0.026,0.045,0.012,0.023,0.034,-0.003,0.028
824.5,-0.128,,0.024,0.043,0.009,0.026,0.033,-0.009,0.028
825,-0.024,,0.026,0.043,0.01,0.027,0.035,-0.018,0.028
825.5,-0.013,,0.023,0.042,0.009,0.026,0.035,-0.031,0.029
826,-0.016,,0.022,0.046,0.01,0.028,0.034,-0.046,0.028
826.5,-0.023,,0.026,0.05,0.008,0.027,0.035,-0.059,0.028
827,-0.027,,0.023,0.046,0.007,0.026,0.035,-0.071,0.028
827.5,-0.015,,0.024,0.045,0.008,0.026,0.036,-0.082,0.028
828,-0.011,,0.025,0.041,0.007,0.026,0.035,-0.086,0.03
828.5,-0.014,,0.028,0.04,0.008,0.027,0.035,-0.085,0.03
829,-0.015,,0.026,0.034,0.005,0.026,0.034,-0.081,0.031
829.5,-0.02,,0.023,0.034,0.003,0.027,0.031,-0.076,0.032
830,-0.038,,0.023,0.038,0.004,0.024,0.029,-0.072,0.032
830.5,-0.02,,0.023,0.038,0.006,0.021,0.028,-0.068,0.034
831,-0.027,,0.023,0.043,0.009,0.022,0.03,-0.063,0.034
831.5,-0.03,,0.021,0.043,0.008,0.021,0.031,-0.058,0.035
832,-0.027,,0.02,0.043,0.007,0.021,0.032,-0.053,0.036
832.5,-0.023,,0.018,0.045,0.007,0.018,0.034,-0.05,0.036
833,-0.032,,0.017,0.042,0.01,0.017,0.032,-0.047,0.036
833.5,-0.022,,0.021,0.043,0.01,0.018,0.033,-0.048,0.036
834,-0.012,,0.021,0.042,0.007,0.018,0.033,-0.048,0.036
834.5,-0.009,,0.021,0.041,0.006,0.019,0.031,-0.046,0.036
835,-0.017,,0.019,0.04,0.006,0.019,0.03,-0.047,0.036
835.5,-0.026,,0.017,0.036,0.006,0.02,0.03,-0.048,0.034
836,-0.033,,0.023,0.032,0.006,0.02,0.029,-0.05,0.034
836.5,-0.026,,0.021,0.034,0.003,0.02,0.027,-0.049,0.034
837,-0.018,,0.021,0.037,0.002,0.019,0.026,-0.047,0.033
837.5,-0.012,,0.018,0.037,0,0.015,0.022,-0.045,0.033
838,-0.019,,0,0.037,-0.002,0.015,0.021,-0.041,0.033
838.5,-0.02,,-0.05,0.037,-0.004,0.012,0.023,-0.037,0.034
839,-0.017,,-0.112,0.038,-0.008,0.008,0.023,-0.032,0.034
839.5,-0.014,,-0.141,0.038,-0.017,0.007,0.024,-0.027,0.034
840,-0.011,,-0.089,0.033,-0.038,0.008,0.022,-0.021,0.034
840.5,-0.013,,-0.027,0.034,-0.083,0.014,0.022,-0.014,0.034
841,-0.013,,-0.009,0.036,-0.136,0.016,0.024,-0.01,0.034
841.5,-0.007,,-0.006,0.033,-0.162,0.015,0.023,-0.006,0.034
842,-0.002,,-0.005,0.034,-0.131,0.014,0.023,-0.003,0.034
842.5,0.002,,0,0.032,-0.088,0.014,0.023,0.001,0.034
843,0.007,,0.006,0.032,-0.053,0.014,0.023,0.007,0.034
843.5,0.019,,0.002,0.03,-0.035,0.013,0.024,0.013,0.034
844,0.028,,-0.005,0.028,-0.031,0.011,0.023,0.016,0.034
844.5,0.023,,-0.014,0.027,-0.029,0.009,0.021,0.018,0.034
845,0.017,,-0.021,0.023,-0.026,0.007,0.019,0.02,0.032
845.5,0.027,,-0.015,0.023,-0.027,0.007,0.018,0.023,0.031
846,0.031,,-0.013,0.021,-0.039,0.007,0.017,0.024,0.03
846.5,0.029,,-0.012,0.023,-0.043,0.009,0.013,0.026,0.03
847,0.03,,-0.009,0.025,-0.043,0.008,0.012,0.028,0.03
847.5,0.025,,-0.006,0.023,-0.032,0.006,0.011,0.03,0.03
848,0.03,,-0.014,0.024,-0.022,0.006,0.012,0.034,0.031
848.5,0.033,,-0.014,0.022,-0.02,0,0.011,0.036,0.032
849,0.037,,-0.009,0.026,-0.026,-0.002,0.011,0.038,0.032
849.5,0.037,,-0.006,0.028,-0.022,-0.003,0.01,0.04,0.032
850,0.04,,0,0.026,-0.021,0,0.01,0.042,0.032
850.5,0.04,,-0.004,0.025,-0.02,0.004,0.013,0.042,0.032
851,0.039,,0.001,0.024,-0.027,0.006,0.013,0.042,0.032
851.5,0.039,,0.004,0.026,-0.039,0.007,0.012,0.042,0.032
852,0.038,,0.002,0.024,-0.045,0.007,0.012,0.043,0.03
852.5,0.04,,0.004,0.024,-0.046,0.009,0.012,0.045,0.03
853,0.039,,0.002,0.024,-0.035,0.006,0.013,0.046,0.03
853.5,0.04,,-0.002,0.023,-0.026,0.004,0.011,0.046,0.029
854,0.042,,-0.01,0.023,-0.017,0.002,0.01,0.044,0.028
854.5,0.037,,-0.015,0.02,-0.014,-0.004,0.009,0.044,0.027
855,0.034,,-0.009,0.019,-0.016,-0.022,0.008,0.044,0.026
855.5,0.034,,-0.005,0.019,-0.011,-0.066,0.008,0.044,0.026
856,0.028,,0.002,0.018,-0.004,-0.114,0.006,0.044,0.024
856.5,0.027,,0.008,0.018,0,-0.149,0.005,0.043,0.024
857,0.026,,0.01,0.018,0,-0.148,0.003,0.042,0.024
857.5,0.028,,0.013,0.018,-0.001,-0.117,0.001,0.045,0.024
858,0.033,,0.025,0.016,0.002,-0.083,0.001,0.046,0.024
858.5,0.04,,0.029,0.023,0.007,-0.065,0.001,0.048,0.024
859,0.037,,0.029,0.025,0.015,-0.055,0.002,0.048,0.024
859.5,0.033,,0.027,0.019,0.02,-0.039,0.002,0.046,0.022
860,0.038,,0.031,0.019,0.022,-0.028,0.009,0.046,0.022
860.5,0.036,,0.031,0.016,0.019,-0.024,0.009,0.046,0.022
861,0.037,,0.031,0.004,0.018,-0.024,0.007,0.046,0.022
861.5,0.036,,0.034,-0.036,0.016,-0.033,0.005,0.045,0.022
862,0.033,,0.035,-0.08,0.015,-0.041,0.004,0.044,0.021
862.5,0.037,,0.044,-0.121,0.018,-0.038,0.001,0.044,0.02
863,0.035,,0.042,-0.119,0.019,-0.03,-0.006,0.042,0.02
863.5,0.037,,0.041,-0.073,0.021,-0.026,-0.019,0.041,0.02
864,0.035,,0.036,-0.029,0.023,-0.024,-0.042,0.04,0.018
864.5,0.035,,0.034,-0.012,0.024,-0.029,-0.074,0.04,0.018
865,0.028,,0.035,-0.022,0.026,-0.03,-0.103,0.041,0.018
865.5,0.025,,0.036,-0.012,0.029,-0.022,-0.116,0.041,0.017
866,0.027,,0.038,-0.004,0.029,-0.019,-0.116,0.042,0.017
866.5,0.029,,0.035,0.002,0.026,-0.025,-0.106,0.044,0.017
867,0.032,,0.04,-0.002,0.025,-0.031,-0.085,0.045,0.017
867.5,0.038,,0.045,-0.011,0.026,-0.026,-0.063,0.047,0.017
868,0.034,,0.042,-0.019,0.026,-0.019,-0.047,0.05,0.016
868.5,0.039,,0.043,-0.014,0.026,-0.018,-0.038,0.052,0.016
869,0.037,,0.04,0.007,0.026,-0.013,-0.036,0.052,0.016
869.5,0.041,,0.04,0.006,0.03,-0.009,-0.041,0.054,0.016
870,0.041,,0.041,0,0.028,-0.015,-0.041,0.054,0.016
870.5,0.037,,0.038,-0.007,0.025,-0.025,-0.037,0.055,0.016
871,0.036,,0.035,-0.002,0.02,-0.03,-0.031,0.055,0.015
871.5,0.031,,0.036,0.004,0.023,-0.03,-0.029,0.054,0.014
872,0.034,,0.044,-0.006,0.029,-0.023,-0.034,0.054,0.014
872.5,0.033,,0.044,-0.011,0.026,-0.01,-0.034,0.051,0.014
873,0.036,,0.041,-0.007,0.026,-0.001,-0.027,0.049,0.012
873.5,0.036,,0.034,-0.002,0.027,0.004,-0.022,0.046,0.012
874,0.032,,0.032,0.004,0.032,0.01,-0.022,0.044,0.01
874.5,0.032,,0.038,0.002,0.032,0.013,-0.024,0.044,0.01
875,0.028,,0.037,0.007,0.03,0.017,-0.025,0.043,0.008
875.5,0.031,,0.037,0.008,0.031,0.02,-0.021,0.043,0.008
876,0.031,,0.038,0,0.029,0.019,-0.019,0.044,0.008
876.5,0.027,,0.046,-0.009,0.028,0.02,-0.018,0.044,0.006
877,0.032,,0.046,-0.014,0.03,0.02,-0.013,0.044,0.005
877.5,0.028,,0.047,-0.018,0.029,0.02,-0.01,0.044,0.004
878,0.032,,0.051,-0.02,0.029,0.022,-0.011,0.044,0.002
878.5,0.032,,0.049,-0.006,0.027,0.023,-0.018,0.043,-0.001
879,0.031,,0.047,0.002,0.027,0.028,-0.026,0.042,-0.002
879.5,0.03,,0.048,0.006,0.026,0.032,-0.029,0.04,-0.003
880,0.029,,0.047,0.01,0.021,0.031,-0.021,0.04,-0.005
880.5,0.029,,0.051,0.018,0.018,0.027,-0.01,0.04,-0.006
881,0.023,,0.046,0.027,0.022,0.021,-0.003,0.038,-0.007
881.5,0.02,,0.046,0.034,0.03,0.024,0.003,0.038,-0.008
882,0.019,,0.043,0.034,0.034,0.025,0.008,0.036,-0.009
882.5,0.022,,0.038,0.03,0.037,0.026,0.012,0.035,-0.01
883,0.027,,0.036,0.031,0.031,0.027,0.017,0.034,-0.012
883.5,0.025,,0.028,0.032,0.027,0.029,0.02,0.031,-0.012
884,0.025,,0.034,0.034,0.028,0.031,0.02,0.03,-0.013
884.5,0.025,,0.035,0.032,0.028,0.031,0.022,0.029,-0.014
885,0.028,,0.034,0.038,0.028,0.033,0.023,0.03,-0.016
885.5,0.023,,0.038,0.043,0.027,0.032,0.024,0.03,-0.016
886,0.021,,0.04,0.041,0.026,0.031,0.025,0.03,-0.016
886.5,0.025,,0.043,0.043,0.027,0.031,0.029,0.03,-0.018
887,0.026,,0.042,0.037,0.026,0.029,0.031,0.03,-0.018
887.5,0.024,,0.04,0.034,0.03,0.031,0.031,0.03,-0.017
888,0.024,,0.04,0.037,0.029,0.03,0.029,0.029,-0.014
888.5,0.022,,0.037,0.036,0.026,0.032,0.028,0.029,-0.014
889,0.026,,0.039,0.035,0.025,0.032,0.028,0.028,-0.014
889.5,0.025,,0.036,0.04,0.022,0.029,0.027,0.026,-0.013
890,0.024,,0.039,0.044,0.019,0.028,0.027,0.025,-0.012
890.5,0.022,,0.04,0.044,0.016,0.024,0.026,0.024,-0.01
891,0.019,,0.035,0.042,0.021,0.03,0.026,0.023,-0.01
891.5,0.017,,0.036,0.043,0.026,0.032,0.03,0.022,-0.009
892,0.019,,0.034,0.04,0.026,0.03,0.031,0.02,-0.008
892.5,0.02,,0.035,0.041,0.029,0.031,0.032,0.02,-0.006
893,0.02,,0.032,0.04,0.027,0.029,0.032,0.02,-0.006
893.5,0.022,,0.032,0.04,0.027,0.032,0.032,0.02,-0.005
894,0.02,,0.031,0.042,0.026,0.03,0.031,0.02,-0.004
894.5,0.016,,0.03,0.042,0.025,0.032,0.028,0.021,-0.003
895,0.021,,0.037,0.045,0.023,0.033,0.028,0.022,-0.002
895.5,0.019,,0.035,0.042,0.02,0.031,0.029,0.022,-0.002
896,0.02,,0.037,0.04,0.021,0.031,0.032,0.022,-0.002
896.5,0.023,,0.037,0.039,0.02,0.028,0.034,0.021,0
897,0.021,,0.034,0.041,0.018,0.031,0.032,0.02,0.003
897.5,0.019,,0.036,0.04,0.017,0.033,0.03,0.019,0.005
898,0.019,,0.035,0.036,0.016,0.033,0.026,0.018,0.007
898.5,0.021,,0.036,0.038,0.017,0.032,0.026,0.018,0.009
899,0.021,,0.034,0.038,0.016,0.029,0.025,0.016,0.01
899.5,0.023,,0.028,0.043,0.015,0.026,0.024,0.014,0.012
900,0.019,,0.027,0.045,0.017,0.021,0.024,0.014,0.013
900.5,0.014,,0.027,0.042,0.018,0.017,0.024,0.012,0.014
901,0.013,,0.03,0.044,0.017,0.021,0.028,0.009,0.015
901.5,0.005,,0.029,0.041,0.015,0.022,0.03,0.008,0.016
902,0.009,,0.029,0.04,0.018,0.028,0.031,0.008,0.016
902.5,0.011,,0.026,0.041,0.017,0.03,0.032,0.007,0.016
903,-0.007,,0.026,0.039,0.017,0.031,0.032,0.006,0.017
903.5,-0.098,,0.031,0.046,0.018,0.032,0.034,0.006,0.018
904,-0.171,,0.026,0.045,0.015,0.031,0.032,0.004,0.02
904.5,-0.101,,0.028,0.045,0.013,0.031,0.033,0.001,0.02
905,-0.028,,0.027,0.042,0.009,0.029,0.035,-0.005,0.021
905.5,-0.015,,0.026,0.039,0.01,0.029,0.036,-0.013,0.022
906,-0.018,,0.026,0.033,0.009,0.027,0.036,-0.03,0.023
906.5,-0.013,,0.023,0.032,0.004,0.027,0.035,-0.048,0.024
907,-0.022,,0.025,0.034,0.002,0.025,0.032,-0.064,0.024
907.5,-0.023,,0.023,0.032,0.002,0.022,0.028,-0.077,0.025
908,-0.022,,0.025,0.036,0.006,0.022,0.026,-0.082,0.026
908.5,-0.021,,0.024,0.041,0.006,0.022,0.024,-0.079,0.026
909,-0.015,,0.019,0.04,0.007,0.023,0.024,-0.073,0.026
909.5,-0.014,,0.021,0.043,0.007,0.022,0.027,-0.068,0.027
910,-0.012,,0.023,0.043,0.009,0.021,0.029,-0.062,0.027
910.5,-0.012,,0.024,0.046,0.012,0.025,0.031,-0.054,0.026
911,-0.021,,0.022,0.046,0.007,0.022,0.032,-0.048,0.026
911.5,-0.03,,0.02,0.044,0.007,0.024,0.032,-0.046,0.027
912,-0.028,,0.02,0.043,0.008,0.025,0.033,-0.047,0.028
912.5,-0.026,,0.019,0.039,0.005,0.024,0.031,-0.048,0.028
913,-0.037,,0.025,0.036,0.005,0.024,0.032,-0.046,0.028
913.5,-0.037,,0.025,0.034,0.003,0.023,0.03,-0.045,0.03
914,-0.041,,0.023,0.038,0.005,0.023,0.03,-0.041,0.031
914.5,-0.032,,0.024,0.041,0.004,0.022,0.027,-0.04,0.032
915,-0.028,,0.021,0.038,0.002,0.02,0.024,-0.041,0.033
915.5,-0.031,,0.023,0.04,-0.001,0.018,0.025,-0.044,0.034
916,-0.023,,0.022,0.038,-0.002,0.017,0.027,-0.044,0.034
916.5,-0.026,,0.021,0.04,-0.003,0.015,0.028,-0.044,0.035
917,-0.025,,0.021,0.034,-0.002,0.01,0.028,-0.041,0.036
917.5,-0.026,,0.018,0.032,-0.001,0.008,0.027,-0.038,0.036
918,-0.019,,0.018,0.036,-0.002,0.009,0.027,-0.037,0.036
918.5,-0.009,,0.012,0.035,-0.001,0.01,0.024,-0.034,0.036
919,-0.012,,-0.009,0.036,-0.003,0.012,0.026,-0.031,0.036
919.5,-0.01,,-0.054,0.034,-0.009,0.01,0.026,-0.029,0.034
920,-0.012,,-0.109,0.033,-0.022,0.012,0.025,-0.028,0.034
920.5,-0.013,,-0.127,0.035,-0.045,0.014,0.026,-0.025,0.034
921,-0.009,,-0.073,0.031,-0.081,0.013,0.025,-0.021,0.034
921.5,0.002,,-0.024,0.03,-0.121,0.012,0.024,-0.016,0.034
922,0.004,,-0.01,0.027,-0.134,0.011,0.022,-0.011,0.033
922.5,0.003,,-0.003,0.025,-0.115,0.011,0.021,-0.007,0.033
923,0.01,,0.012,0.026,-0.082,0.008,0.019,-0.003,0.033
923.5,0.015,,0.011,0.025,-0.051,0.008,0.017,0.002,0.034
924,0.015,,-0.004,0.029,-0.034,0.008,0.016,0.006,0.034
924.5,0.015,,-0.009,0.028,-0.027,0.008,0.012,0.011,0.034
925,0.018,,-0.015,0.03,-0.026,0.009,0.009,0.015,0.036
925.5,0.024,,-0.018,0.028,-0.029,0.005,0.008,0.018,0.035
926,0.031,,-0.005,0.031,-0.027,0.007,0.008,0.023,0.035
926.5,0.033,,-0.005,0.032,-0.017,0.004,0.011,0.026,0.035
927,0.034,,-0.013,0.027,-0.009,0.001,0.011,0.029,0.034
927.5,0.038,,-0.016,0.026,-0.01,0.002,0.013,0.031,0.034
928,0.034,,-0.005,0.027,-0.021,0.003,0.015,0.032,0.034
928.5,0.033,,0,0.028,-0.031,0.004,0.014,0.034,0.034
929,0.035,,-0.013,0.025,-0.036,0.003,0.013,0.034,0.032
929.5,0.029,,-0.019,0.024,-0.034,0.005,0.013,0.036,0.032
930,0.036,,-0.01,0.024,-0.025,0.009,0.014,0.038,0.032
930.5,0.036,,-0.007,0.023,-0.021,0.013,0.013,0.04,0.032
931,0.04,,-0.01,0.024,-0.026,0.01,0.015,0.04,0.03
931.5,0.038,,-0.02,0.021,-0.031,0.005,0.013,0.039,0.03
932,0.032,,-0.029,0.018,-0.033,0.006,0.012,0.038,0.03
932.5,0.03,,-0.02,0.018,-0.029,0.005,0.012,0.038,0.03
933,0.031,,-0.004,0.015,-0.026,0.003,0.011,0.037,0.03
933.5,0.035,,-0.001,0.019,-0.023,0,0.01,0.037,0.03
934,0.031,,-0.003,0.021,-0.02,-0.003,0.008,0.038,0.03
934.5,0.032,,-0.007,0.022,-0.015,-0.011,0.006,0.04,0.03
935,0.034,,-0.009,0.022,-0.015,-0.036,0.006,0.041,0.03
935.5,0.034,,0.001,0.021,-0.02,-0.073,0.006,0.043,0.03
936,0.043,,0.005,0.025,-0.015,-0.112,0.006,0.045,0.03
936.5,0.039,,0.007,0.025,-0.009,-0.137,0.006,0.046,0.029
937,0.041,,0.009,0.023,-0.006,-0.14,0.006,0.046,0.028
937.5,0.036,,0.011,0.022,-0.009,-0.107,0.008,0.046,0.028
938,0.037,,0.019,0.023,-0.012,-0.065,0.01,0.046,0.028
938.5,0.033,,0.023,0.023,-0.01,-0.045,0.01,0.048,0.027
939,0.035,,0.025,0.021,-0.002,-0.04,0.009,0.049,0.026
939.5,0.032,,0.03,0.019,0.007,-0.041,0.008,0.05,0.026
940,0.033,,0.035,0.016,0.01,-0.039,0.008,0.05,0.024
940.5,0.032,,0.031,0.008,0.013,-0.028,0.006,0.049,0.024
941,0.037,,0.028,-0.024,0.015,-0.019,0.003,0.046,0.024
941.5,0.027,,0.023,-0.06,0.016,-0.022,-0.005,0.044,0.024
942,0.028,,0.03,-0.092,0.018,-0.026,-0.019,0.043,0.024
942.5,0.03,,0.03,-0.108,0.019,-0.03,-0.044,0.042,0.024
943,0.035,,0.036,-0.093,0.022,-0.029,-0.074,0.042,0.024
943.5,0.036,,0.036,-0.057,0.023,-0.015,-0.102,0.043,0.023
944,0.04,,0.04,-0.03,0.023,-0.017,-0.116,0.044,0.022
944.5,0.037,,0.04,-0.019,0.024,-0.023,-0.12,0.046,0.022
945,0.039,,0.043,-0.016,0.023,-0.022,-0.108,0.046,0.022
945.5,0.042,,0.047,-0.011,0.026,-0.03,-0.09,0.048,0.022
946,0.044,,0.043,-0.001,0.029,-0.032,-0.073,0.048,0.022
946.5,0.047,,0.044,0.002,0.031,-0.029,-0.065,0.048,0.021
947,0.048,,0.043,-0.001,0.029,-0.027,-0.053,0.047,0.02
947.5,0.04,,0.038,-0.002,0.024,-0.024,-0.037,0.046,0.02
948,0.044,,0.039,-0.002,0.021,-0.025,-0.027,0.047,0.02
948.5,0.04,,0.041,-0.003,0.022,-0.028,-0.025,0.048,0.019
949,0.044,,0.045,-0.018,0.021,-0.027,-0.026,0.048,0.018
949.5,0.039,,0.045,-0.015,0.019,-0.02,-0.023,0.048,0.018
950,0.031,,0.04,-0.009,0.019,-0.009,-0.024,0.048,0.017
950.5,0.032,,0.036,-0.006,0.021,-0.006,-0.028,0.046,0.017
951,0.026,,0.032,0.001,0.023,-0.01,-0.032,0.044,0.016
951.5,0.025,,0.035,0.002,0.027,-0.017,-0.032,0.044,0.016
952,0.027,,0.038,-0.017,0.028,-0.018,-0.027,0.043,0.016
952.5,0.028,,0.039,-0.009,0.029,-0.009,-0.026,0.042,0.016
953,0.025,,0.037,-0.003,0.028,-0.003,-0.028,0.044,0.016
953.5,0.03,,0.042,0.002,0.027,0.002,-0.029,0.045,0.016
954,0.034,,0.049,-0.005,0.026,0.008,-0.023,0.046,0.016
954.5,0.035,,0.047,-0.016,0.024,0.009,-0.017,0.046,0.015
955,0.036,,0.049,-0.023,0.029,0.014,-0.015,0.046,0.014
955.5,0.035,,0.045,-0.021,0.032,0.016,-0.019,0.048,0.014
956,0.03,,0.04,-0.004,0.031,0.019,-0.026,0.048,0.014
956.5,0.031,,0.041,-0.004,0.03,0.024,-0.035,0.048,0.014
957,0.028,,0.04,-0.002,0.025,0.026,-0.035,0.046,0.013
957.5,0.026,,0.044,0.001,0.02,0.027,-0.029,0.045,0.012
958,0.028,,0.044,0.003,0.02,0.024,-0.025,0.044,0.012
958.5,0.023,,0.04,0.009,0.023,0.022,-0.02,0.043,0.01
959,0.025,,0.045,0.019,0.026,0.023,-0.016,0.042,0.009
959.5,0.026,,0.041,0.021,0.025,0.023,-0.011,0.042,0.008
960,0.028,,0.042,0.024,0.029,0.022,-0.001,0.04,0.007
960.5,0.027,,0.035,0.025,0.03,0.019,0.009,0.04,0.006
961,0.026,,0.035,0.029,0.032,0.021,0.011,0.039,0.005
961.5,0.027,,0.036,0.03,0.03,0.023,0.012,0.037,0.004
962,0.024,,0.032,0.029,0.029,0.027,0.011,0.036,0.002
962.5,0.026,,0.04,0.035,0.028,0.03,0.013,0.036,0.001
963,0.022,,0.042,0.036,0.026,0.03,0.014,0.036,-0.001
963.5,0.027,,0.043,0.033,0.03,0.031,0.017,0.036,-0.002
964,0.029,,0.044,0.032,0.031,0.028,0.022,0.036,-0.005
964.5,0.028,,0.04,0.03,0.031,0.027,0.027,0.036,-0.007
965,0.025,,0.042,0.033,0.033,0.026,0.028,0.035,-0.008
965.5,0.025,,0.041,0.031,0.028,0.03,0.027,0.034,-0.01
966,0.026,,0.043,0.035,0.028,0.035,0.024,0.032,-0.011
966.5,0.024,,0.04,0.034,0.027,0.032,0.022,0.031,-0.012
967,0.027,,0.043,0.038,0.025,0.033,0.022,0.028,-0.012
967.5,0.024,,0.043,0.043,0.019,0.029,0.024,0.026,-0.013
968,0.017,,0.041,0.046,0.021,0.025,0.023,0.024,-0.014
968.5,0.021,,0.042,0.05,0.028,0.024,0.024,0.024,-0.016
969,0.017,,0.039,0.046,0.028,0.023,0.025,0.024,-0.018
969.5,0.022,,0.035,0.044,0.03,0.024,0.029,0.024,-0.02
970,0.027,,0.037,0.041,0.028,0.025,0.032,0.022,-0.022
970.5,0.027,,0.034,0.04,0.028,0.027,0.031,0.022,-0.022
971,0.024,,0.036,0.042,0.029,0.03,0.032,0.022,-0.022
971.5,0.024,,0.034,0.042,0.026,0.032,0.031,0.022,-0.023
972,0.023,,0.041,0.047,0.028,0.034,0.03,0.02,-0.022
972.5,0.023,,0.041,0.047,0.025,0.03,0.031,0.02,-0.022
973,0.022,,0.039,0.044,0.023,0.028,0.031,0.02,-0.02
973.5,0.023,,0.04,0.038,0.021,0.028,0.031,0.02,-0.02
974,0.022,,0.037,0.028,0.019,0.03,0.032,0.02,-0.019
974.5,0.024,,0.04,0.035,0.017,0.034,0.032,0.02,-0.018
975,0.023,,0.037,0.038,0.013,0.034,0.029,0.018,-0.016
975.5,0.023,,0.036,0.038,0.017,0.036,0.025,0.018,-0.014
976,0.018,,0.035,0.035,0.018,0.035,0.025,0.018,-0.012
976.5,0.017,,0.027,0.037,0.018,0.032,0.026,0.016,-0.01
977,0.018,,0.027,0.044,0.017,0.031,0.026,0.014,-0.008
977.5,0.014,,0.028,0.043,0.015,0.026,0.025,0.012,-0.008
978,0.019,,0.033,0.047,0.017,0.019,0.026,0.01,-0.007
978.5,0.015,,0.032,0.045,0.019,0.02,0.026,0.01,-0.006
979,0.009,,0.029,0.044,0.021,0.031,0.027,0.011,-0.005
979.5,0.015,,0.027,0.041,0.021,0.034,0.031,0.012,-0.003
980,0.018,,0.027,0.041,0.019,0.033,0.033,0.012,-0.002
980.5,0.022,,0.028,0.051,0.024,0.031,0.034,0.013,0.001
981,0.023,,0.026,0.048,0.023,0.029,0.032,0.013,0.003
981.5,0.02,,0.029,0.045,0.023,0.03,0.032,0.013,0.005
982,0.017,,0.03,0.045,0.02,0.03,0.033,0.012,0.007
982.5,0.014,,0.029,0.039,0.018,0.031,0.033,0.012,0.009
983,0.016,,0.032,0.038,0.016,0.03,0.034,0.01,0.011
983.5,0.015,,0.028,0.03,0.013,0.026,0.034,0.009,0.012
984,-0.007,,0.029,0.036,0.01,0.026,0.031,0.005,0.014
984.5,-0.116,,0.029,0.036,0.011,0.023,0.028,-0.002,0.015
985,-0.167,,0.027,0.037,0.013,0.025,0.024,-0.012,0.016
985.5,-0.08,,0.025,0.037,0.013,0.023,0.022,-0.025,0.018
986,-0.02,,0.021,0.036,0.01,0.022,0.023,-0.041,0.018
986.5,-0.013,,0.018,0.041,0.009,0.022,0.027,-0.06,0.019
987,-0.012,,0.018,0.042,0.008,0.021,0.029,-0.082,0.02
987.5,-0.009,,0.021,0.044,0.009,0.019,0.029,-0.093,0.02
988,-0.002,,0.025,0.044,0.007,0.017,0.03,-0.091,0.021
988.5,-0.007,,0.024,0.043,0.005,0.018,0.031,-0.085,0.022
989,-0.014,,0.026,0.044,0.005,0.022,0.032,-0.077,0.024
989.5,-0.019,,0.025,0.043,0.007,0.024,0.031,-0.072,0.024
990,-0.027,,0.028,0.046,0.009,0.026,0.031,-0.07,0.026
990.5,-0.028,,0.024,0.046,0.008,0.026,0.032,-0.067,0.026
991,-0.026,,0.022,0.043,0.007,0.029,0.032,-0.061,0.027
991.5,-0.022,,0.023,0.041,0.006,0.03,0.032,-0.056,0.028
992,-0.026,,0.023,0.036,0.005,0.029,0.031,-0.054,0.028
992.5,-0.036,,0.021,0.035,0.005,0.028,0.032,-0.053,0.029
993,-0.034,,0.021,0.031,0.001,0.024,0.029,-0.053,0.03
993.5,-0.036,,0.022,0.033,-0.001,0.023,0.028,-0.052,0.03
994,-0.03,,0.022,0.038,-0.001,0.021,0.028,-0.049,0.031
994.5,-0.027,,0.019,0.038,0,0.02,0.026,-0.046,0.031
995,-0.026,,0.02,0.039,0.003,0.02,0.026,-0.044,0.032
995.5,-0.02,,0.019,0.039,0.001,0.018,0.025,-0.041,0.032
996,-0.017,,0.021,0.04,0.002,0.018,0.025,-0.038,0.031
996.5,-0.018,,0.019,0.042,0.002,0.015,0.026,-0.034,0.03
997,-0.021,,0.016,0.041,0.006,0.012,0.026,-0.03,0.03
997.5,,,0.016,0.04,0.006,0.011,0.027,-0.027,0.03
998,,,0.01,0.038,0.003,0.01,0.027,-0.025,0.03
998.5,,,-0.016,0.039,0.002,0.009,0.027,-0.024,0.032
999,,,-0.069,0.036,0.002,0.007,0.027,-0.024,0.032
999.5,,,-0.108,0.033,0.001,0.008,0.026,-0.022,0.033
1000,,,-0.107,0.033,-0.004,0.01,0.026,-0.019,0.034
1000.5,,,-0.069,0.031,-0.017,0.011,0.024,-0.014,0.034
1001,,,-0.032,0.033,-0.047,0.011,0.023,-0.009,0.035
1001.5,,,-0.01,0.031,-0.096,0.011,0.02,-0.005,0.036
1002,,,-0.003,0.032,-0.134,0.011,0.017,-0.001,0.036
1002.5,,,-0.004,0.03,-0.145,0.009,0.017,0.003,0.036
1003,,,-0.012,0.027,-0.123,0.008,0.018,0.007,0.036
1003.5,,,-0.006,0.031,-0.087,0.006,0.018,0.011,0.036
1004,,,-0.008,0.028,-0.054,0.003,0.019,0.015,0.034
1004.5,,,-0.001,0.027,-0.039,0.002,0.018,0.018,0.034
1005,,,-0.001,0.028,-0.033,0.002,0.018,0.02,0.034
1005.5,,,0.001,0.028,-0.035,0.005,0.02,0.022,0.033
1006,,,0.005,0.029,-0.032,0.006,0.02,0.024,0.032
1006.5,,,-0.001,0.027,-0.023,0.006,0.017,0.026,0.032
1007,,,0.001,0.027,-0.018,0.006,0.017,0.029,0.032
1007.5,,,-0.003,0.026,-0.018,0.006,0.016,0.032,0.032
1008,,,-0.01,0.027,-0.024,0.007,0.015,0.034,0.033
1008.5,,,-0.018,0.025,-0.014,0.006,0.013,0.036,0.034
1009,,,-0.018,0.022,-0.017,0.006,0.011,0.036,0.034
1009.5,,,-0.013,0.02,-0.028,0.007,0.012,0.036,0.034
1010,,,0.004,0.02,-0.031,0.005,0.011,0.035,0.034
1010.5,,,0.006,0.024,-0.028,0.003,0.009,0.036,0.034
1011,,,-0.004,0.026,-0.029,0,0.005,0.034,0.034
1011.5,,,-0.01,0.025,-0.037,0.001,0.002,0.035,0.034
1012,,,-0.015,0.025,-0.037,0.001,0.002,0.036,0.034
1012.5,,,-0.013,0.022,-0.03,0,0.003,0.038,0.033
1013,,,-0.016,0.026,-0.023,0,0.006,0.04,0.032
1013.5,,,-0.02,0.028,-0.012,-0.005,0.006,0.04,0.032
1014,,,-0.018,0.026,-0.004,-0.009,0.006,0.042,0.031
1014.5,,,-0.013,0.026,-0.01,-0.022,0.006,0.042,0.03
1015,,,-0.005,0.025,-0.025,-0.044,0.005,0.043,0.03
1015.5,,,-0.009,0.025,-0.035,-0.078,0.006,0.043,0.03
1016,,,-0.006,0.023,-0.034,-0.122,0.007,0.043,0.029
1016.5,,,0.005,0.022,-0.024,-0.146,0.008,0.044,0.029
1017,,,0.007,0.021,-0.014,-0.129,0.009,0.046,0.029
1017.5,,,0.007,0.021,-0.017,-0.089,0.009,0.047,0.029
1018,,,0.008,0.021,-0.017,-0.055,0.009,0.048,0.029
1018.5,,,0.011,0.017,-0.008,-0.039,0.01,0.046,0.029
1019,,,0.022,0.013,0.007,-0.032,0.009,0.044,0.029
1019.5,,,0.026,0.01,0.014,-0.028,0.007,0.043,0.029
1020,,,0.029,0.013,0.017,-0.022,0.005,0.042,0.028
1020.5,,,0.028,0.014,0.016,-0.02,0.003,0.042,0.028
1021,,,0.03,0.008,0.014,-0.027,-0.001,0.042,0.028
1021.5,,,0.036,-0.016,0.016,-0.034,-0.006,0.043,0.028
1022,,,0.036,-0.064,0.015,-0.033,-0.02,0.044,0.027
1022.5,,,0.04,-0.109,0.018,-0.026,-0.038,0.046,0.026
1023,,,0.04,-0.122,0.021,-0.021,-0.069,0.047,0.026
1023.5,,,0.039,-0.093,0.027,-0.029,-0.095,0.048,0.026
1024,,,0.04,-0.055,0.028,-0.033,-0.112,0.049,0.024
1024.5,,,0.038,-0.026,0.025,-0.026,-0.112,0.049,0.024
1025,,,0.04,-0.013,0.022,-0.016,-0.095,0.048,0.024
1025.5,,,0.04,-0.008,0.021,-0.015,-0.074,0.048,0.022
1026,,,0.044,0.002,0.023,-0.029,-0.057,0.049,0.022
1026.5,,,0.047,0.009,0.024,-0.042,-0.044,0.05,0.022
1027,,,0.042,0.003,0.023,-0.046,-0.035,0.05,0.022
1027.5,,,0.042,-0.005,0.024,-0.036,-0.029,0.05,0.022
1028,,,0.035,-0.001,0.024,-0.027,-0.026,0.048,0.021
1028.5,,,0.039,0,0.023,-0.032,-0.024,0.046,0.021
1029,,,0.037,-0.004,0.028,-0.03,-0.026,0.045,0.02
1029.5,,,0.034,-0.002,0.029,-0.02,-0.024,0.045,0.02
1030,,,0.036,-0.002,0.03,-0.011,-0.025,0.045,0.02
1030.5,,,0.037,0.001,0.026,-0.01,-0.024,0.045,0.02
1031,,,0.044,-0.008,0.026,-0.009,-0.02,0.046,0.02
1031.5,,,0.045,-0.026,0.025,-0.004,-0.02,0.046,0.019
1032,,,0.045,-0.017,0.028,0.002,-0.019,0.048,0.018
1032.5,,,0.046,-0.004,0.032,0.005,-0.021,0.048,0.018
1033,,,0.042,0.005,0.032,0.004,-0.028,0.048,0.018
1033.5,,,0.045,-0.002,0.029,0.007,-0.035,0.048,0.017
1034,,,0.043,-0.002,0.025,0.014,-0.041,0.048,0.016
1034.5,,,0.044,-0.004,0.023,0.023,-0.035,0.048,0.016
1035,,,0.047,-0.003,0.02,0.024,-0.03,0.047,0.016
1035.5,,,0.044,-0.002,0.022,0.022,-0.03,0.046,0.016
1036,,,0.047,-0.004,0.024,0.018,-0.028,0.046,0.016
1036.5,,,0.041,-0.007,0.022,0.017,-0.022,0.044,0.016
1037,,,0.04,-0.002,0.023,0.02,-0.02,0.044,0.016
1037.5,,,0.033,0.008,0.026,0.021,-0.022,0.043,0.014
1038,,,0.036,0.005,0.027,0.022,-0.02,0.042,0.014
1038.5,,,0.039,-0.002,0.03,0.024,-0.016,0.04,0.014
1039,,,0.039,0.003,0.028,0.026,-0.011,0.037,0.012
1039.5,,,0.04,0.004,0.029,0.026,-0.006,0.036,0.012
1040,,,0.039,0.007,0.029,0.026,-0.005,0.035,0.012
1040.5,,,0.043,0.012,0.029,0.029,-0.006,0.036,0.012
1041,,,0.045,0.017,0.029,0.029,0.002,0.036,0.01
1041.5,,,0.043,0.02,0.032,0.029,0.011,0.036,0.01
1042,,,0.047,0.02,0.034,0.029,0.018,0.037,0.009
1042.5,,,0.042,0.026,0.03,0.028,0.021,0.037,0.008
1043,,,0.042,0.03,0.028,0.03,0.02,0.038,0.008
1043.5,,,0.043,0.031,0.026,0.028,0.018,0.038,0.006
1044,,,0.043,0.032,0.024,0.03,0.019,0.037,0.006
1044.5,,,0.045,0.037,0.019,0.03,0.02,0.036,0.005
1045,,,0.043,0.038,0.019,0.025,0.02,0.034,0.004
1045.5,,,0.044,0.043,0.024,0.022,0.021,0.032,0.003
1046,,,0.042,0.045,,0.021,0.025,0.031,0.001
1046.5,,,0.038,0.045,,0.027,0.028,0.03,-0.001
1047,,,0.034,0.042,,0.028,0.03,0.029,-0.002
1047.5,,,0.03,0.037,,0.027,0.031,0.028,-0.004
1048,,,0.032,0.039,,0.029,0.033,0.026,-0.005
1048.5,,,0.033,0.041,,0.03,0.034,0.026,-0.008
1049,,,0.039,0.045,,0.033,0.034,0.026,-0.009
1049.5,,,0.041,0.046,,0.032,0.033,0.026,-0.01
1050,,,0.041,0.042,,0.033,0.031,0.024,-0.011
1050.5,,,0.044,0.041,,0.033,0.031,0.024,-0.012
1051,,,0.041,0.035,,0.031,0.031,0.024,-0.012
1051.5,,,0.044,0.04,,0.031,0.032,0.024,-0.014
1052,,,0.043,0.038,,0.03,0.032,0.024,-0.014
1052.5,,,0.04,0.036,,0.035,0.029,0.023,-0.016
1053,,,0.04,0.037,,0.034,0.025,0.022,-0.018
1053.5,,,0.036,0.037,,0.032,0.023,0.022,-0.02
1054,,,0.039,0.043,,0.03,0.025,0.02,-0.021
1054.5,,,0.034,0.045,,0.027,0.026,0.02,-0.022
1055,,,0.036,0.048,,0.025,0.025,0.018,-0.022
1055.5,,,0.036,0.05,,0.02,0.025,0.016,-0.022
1056,,,0.033,0.045,,0.021,0.026,0.014,-0.021
1056.5,,,0.033,0.045,,0.023,0.028,0.014,-0.019
1057,,,0.036,0.043,,0.026,0.029,0.012,-0.018
1057.5,,,0.035,0.047,,0.029,0.03,0.012,-0.018
1058,,,0.034,0.046,,0.029,0.03,0.012,-0.018
1058.5,,,0.033,0.043,,0.03,0.029,0.012,-0.018
1059,,,0.035,0.041,,0.029,0.03,0.012,-0.017
1059.5,,,0.032,0.04,,0.031,0.029,0.012,-0.016
1060,,,0.034,0.039,,0.032,0.029,0.012,-0.014
1060.5,,,0.034,0.034,,0.03,0.032,0.012,-0.012
1061,,,0.034,0.032,,0.029,0.033,0.012,-0.011
1061.5,,,0.031,0.035,,0.029,0.033,0.01,-0.009
1062,,,0.03,0.037,,0.03,0.03,0.008,-0.008
1062.5,,,0.032,0.037,,0.031,0.027,0.006,-0.007
1063,,,0.027,0.039,,0.028,0.023,,-0.005
1063.5,,,0.025,0.041,,0.028,0.022,,-0.003
1064,,,0.024,0.041,,0.027,0.023,,-0.002
1064.5,,,0.021,0.042,,0.028,0.023,,0
1065,,,0.024,0.043,,0.025,0.024,,0.003
1065.5,,,0.022,0.039,,0.024,0.026,,0.005
1066,,,0.023,0.042,,0.026,0.029,,0.008
1066.5,,,0.022,0.04,,0.026,0.03,,0.011
1067,,,0.026,0.042,,0.029,0.03,,0.013
1067.5,,,0.028,0.044,,0.029,0.03,,0.014
1068,,,0.023,0.043,,0.028,0.029,,0.016
1068.5,,,0.024,0.043,,0.029,0.03,,0.018
1069,,,0.024,0.04,,0.025,0.029,,0.018
1069.5,,,0.026,0.039,,0.025,0.031,,0.02
1070,,,0.026,0.036,,0.024,0.034,,0.02
1070.5,,,0.022,0.032,,0.023,0.031,,0.02
1071,,,0.022,0.035,,0.02,0.03,,0.021
1071.5,,,0.021,0.034,,0.017,0.029,,0.022
1072,,,0.023,0.039,,0.013,0.028,,0.022
1072.5,,,0.02,0.04,,0.011,0.025,,0.022
1073,,,0.019,0.04,,0.013,0.025,,0.023
1073.5,,,0.017,0.042,,0.012,0.027,,0.024
1074,,,0.016,0.04,,0.014,0.028,,0.025
1074.5,,,0.02,0.042,,0.016,0.03,,0.027
1075,,,0.019,0.04,,0.016,0.03,,0.028
1075.5,,,0.02,0.042,,0.018,0.029,,0.029
1076,,,0.022,0.04,,0.016,0.03,,0.03
1076.5,,,0.021,0.037,,0.017,0.029,,0.031
1077,,,0.024,0.037,,0.018,0.028,,0.032
1077.5,,,0.021,0.033,,0.018,0.026,,0.032
1078,,,0.02,0.035,,0.019,0.025,,0.034
1078.5,,,0.02,0.037,,0.019,0.022,,0.034
1079,,,0.018,0.037,,0.019,0.019,,0.034
1079.5,,,-0.001,0.037,,0.018,0.017,,0.034
1080,,,-0.064,0.033,,0.018,0.014,,0.034
1080.5,,,-0.131,0.035,,0.017,0.016,,0.033
1081,,,-0.133,0.033,,0.013,0.017,,0.032
1081.5,,,-0.068,0.033,,0.011,0.018,,0.032
1082,,,-0.015,0.033,,0.007,0.019,,0.032
1082.5,,,-0.004,0.032,,0.006,0.02,,0.032
1083,,,-0.008,0.031,,0.008,0.019,,0.032
1083.5,,,-0.022,0.03,,0.009,0.019,,0.032
1084,,,-0.003,0.031,,0.009,0.019,,0.033
1084.5,,,-0.001,0.03,,0.008,0.02,,0.034
1085,,,-0.002,0.028,,0.011,0.02,,0.034
1085.5,,,-0.003,0.025,,0.011,0.02,,0.034
1086,,,-0.013,0.019,,0.009,0.019,,0.034
1086.5,,,-0.023,0.019,,0.007,0.018,,0.034
1087,,,-0.01,0.02,,0.006,0.018,,0.034
1087.5,,,-0.002,0.022,,0.006,0.017,,0.034
1088,,,-0.008,0.025,,0.006,0.015,,0.034
1088.5,,,-0.008,0.026,,0.005,0.011,,0.034
1089,,,-0.012,0.027,,0.004,0.008,,0.034
1089.5,,,-0.017,0.026,,0.004,0.009,,0.034
1090,,,-0.006,0.027,,0.004,0.01,,0.034
1090.5,,,0.01,0.026,,0,0.012,,0.032
1091,,,-0.002,0.024,,-0.002,0.012,,0.032
1091.5,,,-0.012,0.025,,-0.004,0.012,,0.032
1092,,,-0.004,0.025,,-0.004,0.012,,0.032
1092.5,,,,0.026,,-0.005,0.013,,0.033
1093,,,,0.024,,-0.012,0.012,,0.034
1093.5,,,,0.024,,-0.022,0.009,,0.034
1094,,,,0.025,,-0.048,0.008,,0.035
1094.5,,,,0.023,,-0.079,0.008,,0.036
1095,,,,0.024,,-0.109,0.007,,0.036
1095.5,,,,0.021,,-0.119,0.006,,0.036
1096,,,,0.019,,-0.12,0.006,,0.035
1096.5,,,,0.02,,-0.106,0.006,,0.034
1097,,,,0.019,,-0.081,0.006,,0.034
1097.5,,,,0.021,,-0.054,0.004,,0.034
1098,,,,0.021,,-0.033,0.003,,0.034
1098.5,,,,0.021,,-0.024,0.002,,0.034
1099,,,,0.02,,-0.025,0.001,,0.032
1099.5,,,,0.02,,-0.025,-0.003,,0.032
1100,,,,0.023,,-0.02,-0.006,,0.032
1100.5,,,,0.021,,-0.018,-0.008,,0.031
1101,,,,0.014,,-0.018,-0.01,,0.03
1101.5,,,,-0.009,,-0.014,-0.015,,0.03
1102,,,,-0.053,,-0.016,-0.033,,0.03
1102.5,,,,-0.098,,-0.019,-0.054,,0.03
1103,,,,-0.128,,-0.029,-0.077,,0.03
1103.5,,,,-0.104,,-0.038,-0.099,,0.03
1104,,,,-0.052,,-0.039,-0.107,,0.03
1104.5,,,,-0.018,,-0.03,-0.106,,0.03
1105,,,,-0.004,,-0.021,-0.096,,0.029
1105.5,,,,-0.008,,-0.022,-0.075,,0.028
1106,,,,-0.016,,-0.028,-0.059,,0.028
1106.5,,,,-0.007,,-0.032,-0.048,,0.027
1107,,,,0,,-0.027,-0.04,,0.026
1107.5,,,,0.005,,-0.022,-0.032,,0.026
1108,,,,0,,-0.025,-0.03,,0.026
1108.5,,,,-0.01,,-0.023,-0.029,,0.026
1109,,,,-0.018,,-0.019,-0.026,,0.024
1109.5,,,,-0.026,,-0.017,-0.022,,0.024
1110,,,,-0.019,,-0.018,-0.022,,0.024
1110.5,,,,-0.01,,-0.02,-0.026,,0.023
1111,,,,-0.012,,-0.018,-0.031,,0.023
1111.5,,,,-0.008,,-0.012,-0.034,,
1112,,,,-0.003,,-0.003,-0.033,,
1112.5,,,,0.005,,,-0.026,,
1113,,,,0.007,,,-0.024,,
1113.5,,,,-0.004,,,-0.024,,
1114,,,,-0.008,,,-0.024,,
1114.5,,,,-0.008,,,-0.022,,
1115,,,,-0.011,,,-0.023,,
1115.5,,,,-0.008,,,-0.028,,
1116,,,,-0.001,,,-0.031,,
1116.5,,,,0,,,-0.026,,
1117,,,,0.003,,,-0.022,,
1117.5,,,,0.001,,,-0.021,,
1118,,,,-0.007,,,-0.017,,
1118.5,,,,-0.011,,,-0.014,,
1119,,,,-0.006,,,-0.009,,
1119.5,,,,0.009,,,-0.002,,
1120,,,,0.014,,,0.002,,
1120.5,,,,0.019,,,0.006,,
1121,,,,0.019,,,0.007,,
1121.5,,,,0.024,,,0.012,,
1122,,,,0.024,,,0.015,,
1122.5,,,,0.029,,,0.018,,
1123,,,,0.031,,,0.019,,
1123.5,,,,0.029,,,0.02,,
1124,,,,0.03,,,0.023,,
1124.5,,,,0.03,,,0.024,,
1125,,,,0.033,,,0.026,,
1125.5,,,,0.035,,,0.029,,
1126,,,,0.035,,,0.03,,
1126.5,,,,0.039,,,0.03,,
1127,,,,0.042,,,0.029,,
1127.5,,,,0.041,,,0.028,,
1128,,,,0.035,,,0.03,,
1128.5,,,,0.039,,,0.033,,
1129,,,,0.044,,,0.035,,
1129.5,,,,0.043,,,0.034,,
1130,,,,0.043,,,0.033,,
1130.5,,,,0.039,,,0.028,,
1131,,,,0.044,,,0.025,,
1131.5,,,,0.046,,,0.024,,
1132,,,,0.046,,,0.023,,
1132.5,,,,0.047,,,0.024,,
1133,,,,0.043,,,0.026,,
1133.5,,,,0.043,,,0.03,,
1134,,,,0.042,,,0.032,,
1134.5,,,,0.04,,,0.034,,
1135,,,,0.043,,,0.035,,
1135.5,,,,0.044,,,0.033,,
1136,,,,0.047,,,0.032,,
1136.5,,,,0.044,,,0.032,,
1137,,,,0.043,,,0.031,,
1137.5,,,,0.037,,,0.032,,
1138,,,,0.032,,,0.031,,
1138.5,,,,0.038,,,0.032,,
1139,,,,0.037,,,0.031,,
1139.5,,,,0.04,,,0.029,,
1140,,,,0.039,,,0.024,,
1140.5,,,,0.044,,,0.022,,
1141,,,,0.047,,,0.024,,
1141.5,,,,0.045,,,0.025,,
1142,,,,0.047,,,0.026,,
1142.5,,,,0.043,,,0.026,,
1143,,,,0.044,,,0.029,,
1143.5,,,,0.042,,,0.031,,
1144,,,,0.043,,,0.031,,
1144.5,,,,0.048,,,0.033,,
1145,,,,0.043,,,0.033,,
1145.5,,,,0.041,,,0.033,,
1146,,,,0.04,,,0.032,,
1146.5,,,,0.039,,,0.03,,
1147,,,,0.037,,,0.03,,
1147.5,,,,0.032,,,0.029,,
1148,,,,0.037,,,0.03,,
1148.5,,,,0.039,,,0.028,,
1149,,,,0.042,,,0.027,,
1149.5,,,,0.044,,,0.026,,
1150,,,,0.043,,,0.024,,
1150.5,,,,0.043,,,0.024,,
1151,,,,0.042,,,0.023,,
1151.5,,,,0.043,,,0.022,,
1152,,,,0.043,,,0.025,,
1152.5,,,,0.041,,,0.026,,
1153,,,,0.04,,,0.028,,
1153.5,,,,0.035,,,0.028,,
1154,,,,0.037,,,0.03,,
1154.5,,,,0.032,,,0.03,,
1155,,,,0.032,,,0.03,,
1155.5,,,,0.036,,,0.03,,
1156,,,,0.036,,,0.027,,
1156.5,,,,0.036,,,0.023,,
1157,,,,0.034,,,0.02,,
1157.5,,,,0.039,,,0.023,,
1158,,,,0.033,,,0.025,,
1158.5,,,,0.032,,,0.024,,
1159,,,,0.037,,,0.024,,
1159.5,,,,0.034,,,0.022,,
1160,,,,0.036,,,0.023,,
1160.5,,,,0.037,,,0.024,,
1161,,,,0.037,,,0.021,,
1161.5,,,,0.039,,,0.02,,
1162,,,,0.033,,,0.02,,
1162.5,,,,0.033,,,0.02,,
1163,,,,0.028,,,0.019,,
1163.5,,,,0.026,,,0.019,,
1164,,,,0.024,,,0.018,,
1164.5,,,,0.024,,,0.017,,
1165,,,,0.027,,,0.016,,
1165.5,,,,0.026,,,0.014,,
1166,,,,0.028,,,0.013,,
1166.5,,,,0.026,,,0.01,,
1167,,,,0.029,,,0.01,,
1167.5,,,,0.031,,,0.011,,
1168,,,,0.028,,,0.012,,
1168.5,,,,0.026,,,0.014,,
1169,,,,0.024,,,0.012,,
1169.5,,,,0.026,,,0.011,,
1170,,,,0.024,,,0.012,,
1170.5,,,,0.022,,,,,
1171,,,,0.023,,,,,
1171.5,,,,0.023,,,,,
1172,,,,0.025,,,,,
1172.5,,,,0.023,,,,,
1173,,,,0.021,,,,,
1173.5,,,,0.023,,,,,
1174,,,,0.022,,,,,
1174.5,,,,0.024,,,,,
1175,,,,0.023,,,,,
1175.5,,,,0.022,,,,,
1176,,,,0.02,,,,,
1176.5,,,,0.02,,,,,
1177,,,,0.022,,,,,
1177.5,,,,0.023,,,,,
1178,,,,0.023,,,,,
1178.5,,,,0.024,,,,,
1179,,,,0.023,,,,,
1179.5,,,,0.023,,,,,
1180,,,,0.023,,,,,
1180.5,,,,0.024,,,,,
1181,,,,0.021,,,,,
1181.5,,,,0.02,,,,,
1182,,,,0.019,,,,,
1182.5,,,,0.013,,,,,
1183,,,,-0.005,,,,,
1183.5,,,,-0.043,,,,,
1184,,,,-0.085,,,,,
1184.5,,,,-0.116,,,,,
1185,,,,-0.104,,,,,
1185.5,,,,-0.058,,,,,
1186,,,,-0.025,,,,,
1186.5,,,,-0.012,,,,,
1187,,,,0.004,,,,,
1187.5,,,,0.004,,,,,
1188,,,,-0.002,,,,,
1188.5,,,,-0.008,,,,,
1189,,,,-0.013,,,,,
1189.5,,,,-0.015,,,,,
1190,,,,-0.012,,,,,
1190.5,,,,-0.01,,,,,
1191,,,,-0.013,,,,,
1191.5,,,,-0.012,,,,,
1192,,,,-0.003,,,,,
1192.5,,,,-0.014,,,,,
1193,,,,-0.02,,,,,
1193.5,,,,-0.012,,,,,
1194,,,,-0.005,,,,,
1194.5,,,,-0.003,,,,,
1195,,,,-0.007,,,,,
1195.5,,,,-0.016,,,,,
1196,,,,-0.022,,,,,
1196.5,,,,-0.013,,,,,
1197,,,,-0.001,,,,,
1197.5,,,,-0.004,,,,,
1198,,,,-0.003,,,,,
1198.5,,,,0,,,,,
1199,,,,0.003,,,,,
1199.5,,,,0.001,,,,,
1200,,,,0.005,,,,,
1200.5,,,,0.012,,,,,
1201,,,,0.02,,,,,
1201.5,,,,0.025,,,,,
1202,,,,0.024,,,,,
1202.5,,,,0.025,,,,,
1203,,,,0.028,,,,,
1203.5,,,,0.038,,,,,
1204,,,,0.038,,,,,
1204.5,,,,0.035,,,,,
1205,,,,0.03,,,,,
1205.5,,,,0.028,,,,,
1206,,,,0.032,,,,,
1206.5,,,,0.033,,,,,
1207,,,,0.037,,,,,
1207.5,,,,0.036,,,,,
1208,,,,0.04,,,,,
1208.5,,,,0.042,,,,,
1209,,,,0.042,,,,,
1209.5,,,,0.044,,,,,
1210,,,,0.041,,,,,
1210.5,,,,0.043,,,,,
1211,,,,0.04,,,,,
1211.5,,,,0.041,,,,,
1212,,,,0.048,,,,,
1212.5,,,,0.046,,,,,
1213,,,,0.046,,,,,
1213.5,,,,0.043,,,,,
1214,,,,0.043,,,,,
1214.5,,,,0.033,,,,,
1215,,,,0.026,,,,,
1215.5,,,,0.04,,,,,
1216,,,,0.044,,,,,
1216.5,,,,0.049,,,,,
1217,,,,0.046,,,,,
1217.5,,,,0.042,,,,,
1218,,,,0.043,,,,,
1218.5,,,,0.043,,,,,
1219,,,,0.047,,,,,
1219.5,,,,0.047,,,,,
1220,,,,0.047,,,,,
1220.5,,,,0.046,,,,,
1221,,,,0.043,,,,,
1221.5,,,,0.043,,,,,
1222,,,,0.042,,,,,
1222.5,,,,0.04,,,,,
1223,,,,0.043,,,,,
1223.5,,,,0.039,,,,,
1224,,,,0.038,,,,,
1224.5,,,,0.031,,,,,
1225,,,,0.034,,,,,
1225.5,,,,0.035,,,,,
1226,,,,0.036,,,,,
1226.5,,,,0.036,,,,,
1227,,,,0.038,,,,,
1227.5,,,,0.045,,,,,
1228,,,,0.046,,,,,
1228.5,,,,0.047,,,,,
1229,,,,0.047,,,,,
1229.5,,,,0.045,,,,,
1230,,,,0.044,,,,,
1230.5,,,,0.04,,,,,
1231,,,,0.042,,,,,
1231.5,,,,0.047,,,,,
1232,,,,0.047,,,,,
1232.5,,,,0.044,,,,,
1233,,,,0.037,,,,,
1233.5,,,,0.037,,,,,
1234,,,,0.032,,,,,
1234.5,,,,0.033,,,,,
1235,,,,0.035,,,,,
1235.5,,,,0.031,,,,,
1236,,,,0.034,,,,,
1236.5,,,,0.036,,,,,
1237,,,,0.037,,,,,
1237.5,,,,0.037,,,,,
1238,,,,0.037,,,,,
1238.5,,,,0.037,,,,,
1239,,,,0.035,,,,,
1239.5,,,,0.036,,,,,
1240,,,,0.035,,,,,
1240.5,,,,0.031,,,,,
1241,,,,0.032,,,,,
1241.5,,,,0.027,,,,,
1242,,,,0.03,,,,,
1242.5,,,,0.029,,,,,
1243,,,,0.029,,,,,
1243.5,,,,0.028,,,,,
1244,,,,0.026,,,,,
1244.5,,,,0.027,,,,,
1245,,,,0.024,,,,,
1245.5,,,,0.026,,,,,
1246,,,,0.027,,,,,
1246.5,,,,0.028,,,,,
1247,,,,0.029,,,,,
