time_s,CF955_flow_ml_min,F50_flow_ml_min,F100_flow_ml_min,F200_flow_ml_min,F350_flow_ml_min,F500_flow_ml_min,F1000_flow_ml_min,F5000_flow_ml_min,F12500_flow_ml_min
0,-0.022,0.018,0.022,0,0.032,0.022,0.045,0.164,0.079
0.5,-0.024,0.021,0.023,0.005,0.035,0.023,0.045,0.158,0.077
1,-0.024,0.021,0.024,0.01,0.04,0.024,0.043,0.154,0.075
1.5,-0.022,0.017,0.022,0.015,0.041,0.024,0.042,0.146,0.073
2,-0.02,0.014,0.021,0.021,0.042,0.024,0.039,0.14,0.072
2.5,-0.016,-0.005,0.022,0.012,0.043,0.024,0.04,0.134,0.07
3,-0.014,-0.082,0.02,0.011,0.041,0.026,0.04,0.129,0.068
3.5,-0.012,-0.183,0.024,0.015,0.039,0.027,0.04,0.123,0.067
4,-0.013,-0.197,0.022,0.016,0.039,0.027,0.04,0.118,0.065
4.5,-0.011,-0.111,0.017,0.012,0.041,0.028,0.039,0.114,0.064
5,-0.01,-0.033,0.019,0.009,0.044,0.028,0.037,0.11,0.062
5.5,-0.009,-0.004,0.019,0.012,0.045,0.029,0.036,0.107,0.06
6,-0.01,0.006,0.018,0.015,0.045,0.028,0.036,0.103,0.058
6.5,-0.006,0.004,0.016,0.017,0.043,0.028,0.034,0.099,0.058
7,-0.004,0.003,0.014,0.016,0.039,0.026,0.034,0.096,0.056
7.5,-0.006,0.001,0.011,0.016,0.037,0.025,0.034,0.093,0.055
8,-0.006,0.002,0.011,0.018,0.034,0.024,0.034,0.09,0.054
8.5,-0.006,-0.001,0.016,0.021,0.033,0.026,0.035,0.088,0.053
9,-0.007,-0.009,0.016,0.028,0.032,0.028,0.036,0.086,0.052
9.5,-0.007,-0.008,0.018,0.029,0.031,0.028,0.037,0.085,0.052
10,-0.007,0.035,0.018,0.032,0.033,0.028,0.037,0.083,0.05
10.5,-0.008,-0.035,0.017,0.034,0.035,0.027,0.038,0.082,0.05
11,-0.007,-0.014,0.017,0.032,0.038,0.025,0.037,0.08,0.049
11.5,-0.006,-0.015,0.014,0.03,0.04,0.025,0.036,0.077,0.048
12,-0.007,-0.015,0.012,0.033,0.039,0.026,0.038,0.075,0.048
12.5,-0.009,-0.014,0.013,0.036,0.036,0.027,0.039,0.073,0.048
13,-0.008,-0.012,0.014,0.037,0.032,0.027,0.04,0.071,0.046
13.5,-0.006,-0.008,0.012,0.035,0.031,0.027,0.04,0.07,0.046
14,-0.006,-0.01,0.011,0.033,0.035,0.027,0.04,0.07,0.046
14.5,-0.008,0.004,0.01,0.032,0.04,0.025,0.041,0.069,0.045
15,-0.008,0.001,0.01,0.03,0.04,0.024,0.039,0.068,0.044
15.5,-0.008,-0.004,0.01,0.029,0.039,0.022,0.039,0.068,0.044
16,-0.006,-0.005,0.008,0.028,0.037,0.02,0.037,0.067,0.044
16.5,-0.006,-0.007,0.006,0.026,0.035,0.018,0.036,0.066,0.044
17,-0.007,-0.01,0.005,0.026,0.033,0.018,0.036,0.065,0.044
17.5,-0.008,-0.009,0.005,0.029,0.03,0.02,0.036,0.064,0.044
18,-0.006,0.004,0,0.033,0.028,0.023,0.036,0.064,0.044
18.5,-0.005,0,-0.03,0.035,0.028,0.026,0.036,0.065,0.043
19,-0.006,-0.004,-0.087,0.035,0.03,0.028,0.037,0.066,0.043
19.5,-0.006,-0.006,-0.153,0.035,0.031,0.028,0.038,0.066,0.042
20,-0.008,-0.006,-0.189,0.033,0.034,0.028,0.037,0.066,0.043
20.5,-0.007,-0.012,-0.175,0.03,0.036,0.028,0.036,0.066,0.044
21,-0.005,-0.012,-0.113,0.029,0.037,0.027,0.034,0.064,0.043
21.5,-0.006,-0.008,-0.06,0.033,0.037,0.027,0.035,0.064,0.043
22,-0.007,-0.004,-0.033,0.033,0.034,0.029,0.036,0.062,0.042
22.5,-0.008,0.004,-0.021,0.034,0.031,0.031,0.038,0.062,0.043
23,-0.007,0.01,-0.014,0.034,0.032,0.032,0.036,0.062,0.042
23.5,-0.005,0.016,-0.009,0.035,0.035,0.032,0.034,0.062,0.043
24,-0.006,0.019,-0.007,0.035,0.037,0.03,0.034,0.062,0.042
24.5,-0.008,0.017,-0.003,0.034,0.038,0.028,0.034,0.062,0.042
25,-0.007,0.017,-0.004,0.033,0.038,0.026,0.033,0.062,0.042
25.5,-0.004,0.01,-0.006,0.03,0.037,0.024,0.031,0.062,0.042
26,-0.004,0.005,-0.006,0.027,0.034,0.023,0.031,0.062,0.042
26.5,-0.005,0.01,-0.009,0.025,0.032,0.022,0.031,0.062,0.042
27,-0.005,0.018,-0.018,0.029,0.028,0.023,0.03,0.062,0.042
27.5,-0.004,0.022,-0.013,0.034,0.025,0.025,0.03,0.062,0.042
28,-0.004,0.022,-0.013,0.034,0.028,0.026,0.031,0.063,0.042
28.5,-0.006,0.022,-0.018,0.032,0.03,0.028,0.031,0.064,0.042
29,-0.008,0.021,-0.023,0.031,0.032,0.027,0.03,0.064,0.042
29.5,-0.008,0.017,-0.026,0.031,0.034,0.027,0.029,0.064,0.042
30,-0.007,0.013,-0.026,0.029,0.035,0.026,0.028,0.063,0.042
30.5,-0.006,0.012,-0.028,0.03,0.034,0.024,0.026,0.062,0.042
31,-0.006,0.015,-0.028,0.031,0.032,0.023,0.028,0.064,0.042
31.5,-0.006,0.026,-0.025,0.031,0.031,0.025,0.028,0.062,0.042
32,-0.007,0.028,-0.018,0.029,0.029,0.028,0.028,0.061,0.042
32.5,-0.006,0.027,-0.016,0.029,0.031,0.028,0.027,0.061,0.042
33,-0.007,0.028,-0.01,0.029,0.033,0.028,0.026,0.062,0.042
33.5,-0.008,0.029,-0.005,0.029,0.033,0.028,0.024,0.062,0.042
34,-0.009,0.028,-0.001,0.028,0.033,0.027,0.024,0.062,0.041
34.5,-0.008,0.025,0,0.025,0.03,0.026,0.023,0.062,0.042
35,-0.008,0.026,-0.002,0.025,0.029,0.023,0.022,0.062,0.042
35.5,-0.008,0.027,-0.005,0.026,0.027,0.023,0.02,0.061,0.042
36,-0.007,0.036,-0.005,0.029,0.025,0.023,0.02,0.06,0.042
36.5,-0.008,0.034,-0.008,0.03,0.023,0.022,0.019,0.061,0.042
37,-0.008,0.031,-0.006,0.036,0.021,0.025,0.018,0.062,0.042
37.5,-0.01,0.03,-0.007,0.036,0.024,0.027,0.018,0.062,0.042
38,-0.009,0.029,-0.007,0.037,0.023,0.028,0.018,0.062,0.041
38.5,-0.01,0.03,0.002,0.037,0.024,0.028,0.019,0.062,0.041
39,-0.01,0.028,0.002,0.035,0.024,0.028,0.02,0.062,0.04
39.5,-0.01,0.026,-0.004,0.033,0.024,0.026,0.018,0.062,0.04
40,-0.01,0.023,-0.004,0.03,0.023,0.024,0.018,0.06,0.04
40.5,-0.01,0.023,0.003,0.031,0.021,0.025,0.019,0.06,0.04
41,-0.01,0.029,0.014,0.035,0.02,0.026,0.02,0.059,0.041
41.5,-0.011,0.032,0.017,0.036,0.019,0.027,0.02,0.058,0.04
42,-0.011,0.033,0.017,0.035,0.021,0.029,0.02,0.058,0.04
42.5,-0.012,0.033,0.019,0.033,0.023,0.03,0.018,0.058,0.04
43,-0.012,0.033,0.017,0.033,0.023,0.029,0.017,0.058,0.04
43.5,-0.012,0.031,0.014,0.03,0.022,0.027,0.016,0.058,0.04
44,-0.012,0.027,0.012,0.03,0.019,0.027,0.016,0.058,0.04
44.5,-0.012,0.026,0.013,0.028,0.018,0.023,0.016,0.058,0.04
45,-0.012,0.031,0.016,0.028,0.017,0.021,0.014,0.056,0.04
45.5,-0.012,0.032,0.02,0.029,0.015,0.022,0.014,0.056,0.04
46,-0.012,0.029,0.021,0.027,0.013,0.024,0.014,0.056,0.04
46.5,-0.02,0.029,0.021,0.029,0.012,0.026,0.014,0.056,0.04
47,-0.059,0.028,0.024,0.031,0.014,0.028,0.013,0.057,0.04
47.5,-0.035,0.027,0.023,0.033,0.014,0.029,0.013,0.057,0.04
48,-0.02,0.026,0.018,0.033,0.013,0.029,0.013,0.056,0.039
48.5,-0.018,0.027,0.012,0.029,0.015,0.029,0.013,0.056,0.039
49,-0.018,0.023,0.01,0.028,0.016,0.027,0.013,0.055,0.039
49.5,-0.021,0.023,0.021,0.028,0.016,0.026,0.011,0.054,0.039
50,-0.024,0.022,0.03,0.032,0.014,0.031,0.01,0.053,0.04
50.5,-0.027,0.031,0.031,0.032,0.014,0.029,0.01,0.052,0.04
51,-0.027,0.034,0.028,0.028,0.012,0.03,0.008,0.052,0.04
51.5,-0.023,0.033,0.027,0.031,0.013,0.029,0.006,0.052,0.039
52,-0.02,0.031,0.025,0.031,0.014,0.027,0,0.052,0.039
52.5,-0.018,0.033,0.024,0.029,0.014,0.026,-0.009,0.052,0.039
53,-0.019,0.031,0.025,0.028,0.015,0.025,-0.023,0.052,0.039
53.5,-0.018,0.026,0.028,0.026,0.013,0.023,-0.042,0.051,0.039
54,-0.019,0.025,0.032,0.025,0.013,0.022,-0.069,0.05,0.039
54.5,-0.023,0.029,0.032,0.025,0.011,0.022,-0.1,0.048,0.04
55,-0.025,0.033,0.031,0.028,0.009,0.022,-0.134,0.048,0.039
55.5,-0.025,0.035,0.03,0.026,0.007,0.022,-0.171,0.048,0.04
56,-0.022,0.032,0.029,0.031,0.006,0.024,-0.216,0.047,0.039
56.5,-0.019,0.03,0.027,0.035,0.006,0.024,-0.267,0.046,0.039
57,-0.016,0.03,0.024,0.036,0.001,0.024,-0.331,0.046,0.039
57.5,-0.015,0.029,0.019,0.036,-0.011,0.024,-0.362,0.045,0.039
58,-0.012,0.024,0.018,0.031,-0.039,0.022,-0.343,0.044,0.038
58.5,-0.01,0.026,0.022,0.026,-0.085,0.021,-0.295,0.043,0.039
59,-0.01,0.026,0.024,0.027,-0.14,0.02,-0.249,0.042,0.04
59.5,-0.01,0.024,0.027,0.032,-0.188,0.022,-0.212,0.04,0.04
60,-0.009,0.032,0.03,0.031,-0.212,0.024,-0.177,0.038,0.04
60.5,-0.006,0.034,0.029,0.029,-0.191,0.024,-0.149,0.038,0.039
61,-0.005,0.03,0.026,0.031,-0.144,0.021,-0.125,0.037,0.039
61.5,-0.003,0.031,0.025,0.03,-0.099,0.02,-0.109,0.036,0.039
62,-0.007,0.029,0.025,0.029,-0.064,0.019,-0.079,0.036,0.038
62.5,-0.006,0.03,0.026,0.026,-0.041,0.018,-0.07,0.036,0.038
63,-0.004,0.028,0.028,0.024,-0.024,0.015,-0.064,0.034,0.038
63.5,-0.005,0.026,0.028,0.022,-0.015,0.013,-0.056,0.034,0.038
64,-0.006,0.029,0.027,0.022,-0.008,0.013,-0.05,0.033,0.038
64.5,-0.007,0.029,0.027,0.025,-0.007,0.014,-0.046,0.032,0.038
65,-0.007,0.034,0.027,0.027,-0.009,0.013,-0.043,0.032,0.038
65.5,-0.006,0.031,0.026,0.03,-0.011,0.014,-0.038,0.032,0.038
66,-0.005,0.031,0.027,0.03,-0.014,0.014,-0.035,0.032,0.038
66.5,-0.007,0.03,0.027,0.029,-0.018,0.014,-0.032,0.032,0.038
67,-0.006,0.027,0.021,0.028,-0.019,0.014,-0.031,0.03,0.038
67.5,-0.005,0.029,0.022,0.025,-0.021,0.013,-0.031,0.03,0.038
68,-0.005,0.026,0.024,0.022,-0.021,0.012,-0.03,0.03,0.038
68.5,-0.006,0.029,0.025,0.023,-0.021,0.012,-0.024,0.028,0.038
69,-0.007,0.032,0.028,0.028,-0.024,0.013,-0.02,0.028,0.039
69.5,-0.007,0.028,0.03,0.029,-0.025,0.014,-0.017,0.028,0.039
70,-0.005,0.031,0.028,0.026,-0.026,0.014,-0.014,0.028,0.038
70.5,-0.004,0.031,0.028,0.023,-0.026,0.013,-0.011,0.028,0.038
71,-0.005,0.031,0.029,0.024,-0.024,0.012,-0.008,0.028,0.038
71.5,-0.006,0.03,0.028,0.021,-0.018,0.012,-0.006,0.028,0.038
72,-0.006,0.029,0.028,0.021,-0.015,0.011,-0.004,0.026,0.038
72.5,-0.004,0.028,0.03,0.018,-0.011,0.009,-0.002,0.026,0.038
73,-0.004,0.027,0.028,0.017,-0.008,0.008,0,0.025,0.037
73.5,-0.004,0.032,0.029,0.018,-0.005,0.009,0.003,0.024,0.037
74,-0.006,0.031,0.025,0.019,-0.003,0.008,0.006,0.023,0.037
74.5,-0.006,0.033,0.026,0.021,-0.006,0.009,0.008,0.022,0.036
75,-0.006,0.031,0.028,0.023,-0.011,0.01,0.009,0.019,0.036
75.5,-0.005,0.028,0.025,0.021,-0.01,0.01,0.011,0.015,0.036
76,-0.006,0.029,0.02,0.019,-0.007,0.01,0.012,0.008,0.036
76.5,-0.007,0.028,0.021,0.018,-0.003,0.009,0.013,-0.002,0.036
77,-0.006,0.029,0.022,0.016,-0.002,0.008,0.015,-0.016,0.036
77.5,-0.004,0.03,0.026,0.016,0,0.006,0.017,-0.036,0.036
78,-0.005,0.03,0.025,0.017,0.004,0.006,0.019,-0.059,0.036
78.5,-0.005,0.027,0.026,0.017,0.001,0.006,0.02,-0.086,0.035
79,-0.006,0.025,0.027,0.016,-0.003,0.006,0.021,-0.117,0.034
79.5,-0.005,0.029,0.029,0.015,-0.005,0.006,0.023,-0.15,0.035
80,-0.002,0.03,0.031,0.014,-0.004,0.005,0.023,-0.185,0.034
80.5,-0.002,0.032,0.029,0.014,0.001,0.003,0.024,-0.221,0.034
81,-0.003,0.028,0.025,0.013,0.011,0,0.023,-0.259,0.034
81.5,-0.004,0.029,0.023,0.01,0.014,-0.005,0.024,-0.298,0.033
82,-0.003,0.027,0.031,0.008,0.016,-0.016,0.026,-0.335,0.032
82.5,-0.003,0.029,0.032,0.01,0.02,-0.037,0.028,-0.362,0.032
83,-0.005,0.033,0.031,0.013,0.021,-0.065,0.029,-0.381,0.032
83.5,-0.008,0.031,0.029,0.012,0.023,-0.094,0.03,-0.382,0.032
84,-0.008,0.019,0.03,0.011,0.024,-0.105,0.03,-0.372,0.032
84.5,-0.005,0.021,0.028,0.013,0.025,-0.1,0.03,-0.357,0.031
85,-0.006,0.025,0.025,0.013,0.025,-0.087,0.03,-0.338,0.03
85.5,-0.006,0.025,0.025,0.013,0.026,-0.069,0.03,-0.32,0.03
86,-0.006,0.022,0.024,0.012,0.024,-0.054,0.028,-0.293,0.03
86.5,-0.006,0.019,0.024,0.009,0.022,-0.042,0.026,-0.283,0.029
87,-0.005,0.02,0.025,0.009,0.021,-0.033,0.027,-0.264,0.028
87.5,-0.006,0.018,0.024,0.011,0.024,-0.028,0.03,-0.248,0.028
88,-0.007,0.023,0.027,0.011,0.025,-0.022,0.033,-0.235,0.028
88.5,-0.008,0.02,0.028,0.008,0.026,-0.018,0.033,-0.223,0.028
89,-0.008,0.021,0.031,0.006,0.03,-0.016,0.033,-0.211,0.028
89.5,-0.007,0.022,0.03,0.006,0.032,-0.013,0.032,-0.199,0.028
90,-0.007,0.024,0.026,0.004,0.032,-0.011,0.031,-0.187,0.026
90.5,-0.007,0.024,0.025,0,0.032,-0.012,0.03,-0.175,0.026
91,-0.008,0.021,0.029,-0.013,0.032,-0.014,0.031,-0.164,0.026
91.5,-0.007,0.02,0.032,-0.045,0.031,-0.017,0.032,-0.155,0.026
92,-0.008,0.022,0.033,-0.095,0.032,-0.019,0.032,-0.145,0.025
92.5,-0.009,0.026,0.031,-0.137,0.033,-0.022,0.032,-0.136,0.025
93,-0.01,0.024,0.03,-0.138,0.034,-0.022,0.031,-0.128,0.025
93.5,-0.011,0.016,0.03,-0.1,0.035,-0.022,0.031,-0.119,0.024
94,-0.009,0.016,0.029,-0.062,0.033,-0.022,0.03,-0.111,0.024
94.5,-0.008,0.019,0.028,-0.041,0.031,-0.023,0.028,-0.103,0.024
95,-0.009,0.019,0.027,-0.027,0.03,-0.024,0.026,-0.096,0.024
95.5,-0.01,0.015,0.025,-0.022,0.028,-0.026,0.023,-0.087,0.024
96,-0.01,0.014,0.024,-0.023,0.025,-0.024,0.025,-0.08,0.022
96.5,-0.01,0.013,0.026,-0.019,0.023,-0.024,0.028,-0.072,0.022
97,-0.01,0.015,0.024,-0.013,0.024,-0.023,0.03,-0.065,0.022
97.5,-0.01,0.018,0.027,-0.014,0.025,-0.02,0.033,-0.059,0.022
98,-0.012,0.016,0.027,-0.015,0.026,-0.015,0.034,-0.053,0.021
98.5,-0.011,0.012,0.026,-0.014,0.029,-0.01,0.034,-0.047,0.02
99,-0.01,0.015,0.026,-0.006,0.031,-0.008,0.034,-0.042,0.02
99.5,-0.01,0.016,0.023,-0.003,0.033,-0.004,0.034,-0.037,0.018
100,-0.01,0.016,0.023,-0.004,0.033,-0.002,0.032,-0.031,0.017
100.5,-0.012,0.014,0.026,-0.008,0.032,-0.002,0.033,-0.026,0.016
101,-0.049,0.013,0.026,-0.015,0.028,-0.002,0.034,-0.021,0.015
101.5,-0.062,0.015,0.022,-0.022,0.029,-0.002,0.036,-0.015,0.012
102,-0.023,0.015,0.021,-0.017,0.031,-0.002,0.037,-0.01,0.011
102.5,-0.018,0.015,0.024,-0.015,0.033,-0.001,0.036,-0.005,0.005
103,-0.019,0.012,0.024,-0.02,0.033,0.002,0.035,0,0.001
103.5,-0.021,0.013,0.023,-0.022,0.031,0.003,0.034,0.006,-0.003
104,-0.023,0.013,0.021,-0.024,0.03,0.003,0.032,0.011,-0.007
104.5,-0.024,0.012,0.018,-0.022,0.027,0.003,0.032,0.015,-0.011
105,-0.027,0.011,0.017,-0.023,0.027,0.005,0.029,0.018,-0.014
105.5,-0.027,0.01,0.02,-0.022,0.026,0.006,0.029,0.022,-0.017
106,-0.022,0.01,0.023,-0.019,0.025,0.007,0.03,0.025,-0.019
106.5,-0.017,0.008,0.021,-0.013,0.026,0.011,0.03,0.027,-0.02
107,-0.014,0.008,0.025,-0.006,0.026,0.015,0.03,0.03,-0.02
107.5,-0.017,0.008,0.024,0.004,0.028,0.017,0.03,0.033,-0.02
108,-0.019,0.01,0.025,0.011,0.03,0.018,0.03,0.035,-0.02
108.5,-0.022,0.011,0.025,0.009,0.031,0.019,0.03,0.037,-0.02
109,-0.022,0.011,0.023,0,0.031,0.02,0.029,0.038,-0.02
109.5,-0.025,0.011,0.021,-0.009,0.03,0.021,0.028,0.04,-0.02
110,-0.024,0.008,0.018,-0.01,0.028,0.022,0.028,0.04,-0.02
110.5,-0.021,0.006,0.022,-0.008,0.027,0.022,0.03,0.041,-0.02
111,-0.013,0.008,0.023,-0.006,0.03,0.024,0.032,0.042,-0.02
111.5,-0.011,0.002,0.017,-0.004,0.031,0.024,0.033,0.042,-0.02
112,-0.011,-0.025,0.02,-0.001,0.033,0.024,0.032,0.044,-0.02
112.5,-0.01,-0.119,0.019,0.004,0.033,0.024,0.032,0.046,-0.02
113,-0.008,-0.18,0.019,0.007,0.033,0.024,0.03,0.047,-0.02
113.5,-0.008,-0.139,0.015,0.006,0.034,0.022,0.03,0.048,-0.02
114,-0.009,-0.065,0.011,0.007,0.033,0.021,0.029,0.048,-0.019
114.5,-0.008,-0.016,0.011,0.008,0.033,0.021,0.028,0.049,-0.018
115,-0.005,-0.005,0.011,0.01,0.032,0.021,0.028,0.05,-0.018
115.5,-0.004,-0.005,0.012,0.012,0.03,0.022,0.029,0.05,-0.018
116,-0.005,-0.006,0.009,0.015,0.028,0.024,0.03,0.05,-0.016
116.5,-0.007,-0.009,0.01,0.017,0.028,0.025,0.032,0.051,-0.016
117,-0.005,-0.009,0.012,0.017,0.03,0.026,0.032,0.052,-0.016
117.5,-0.005,-0.015,0.012,0.018,0.031,0.027,0.032,0.051,-0.015
118,-0.005,-0.025,0.012,0.018,0.032,0.026,0.032,0.05,-0.014
118.5,-0.006,-0.026,0.01,0.015,0.032,0.025,0.03,0.05,-0.014
119,-0.007,-0.022,0.01,0.019,0.03,0.027,0.03,0.05,-0.012
119.5,-0.005,-0.02,0.013,0.021,0.029,0.028,0.03,0.048,-0.012
120,-0.003,-0.023,0.012,0.024,0.03,0.029,0.031,0.048,-0.012
120.5,-0.004,-0.025,0.012,0.025,0.031,0.029,0.032,0.048,-0.011
121,-0.006,-0.013,0.007,0.026,0.03,0.028,0.033,0.048,-0.01
121.5,-0.005,-0.007,0.009,0.027,0.028,0.027,0.034,0.049,-0.01
122,-0.005,-0.008,0.01,0.027,0.028,0.025,0.034,0.05,-0.008
122.5,-0.004,-0.013,0.009,0.025,0.028,0.023,0.033,0.052,-0.008
123,-0.004,-0.008,0.007,0.022,0.029,0.022,0.032,0.052,-0.007
123.5,-0.006,-0.002,0.005,0.023,0.028,0.021,0.03,0.054,-0.006
124,-0.005,-0.002,0.004,0.026,0.027,0.022,0.03,0.054,-0.005
124.5,-0.003,-0.011,0.003,0.031,0.025,0.023,0.03,0.054,-0.004
125,-0.004,-0.019,0.006,0.035,0.025,0.024,0.031,0.054,-0.003
125.5,-0.004,-0.021,0.003,0.033,0.028,0.025,0.032,0.055,-0.002
126,-0.005,-0.021,0.005,0.031,0.029,0.026,0.033,0.056,-0.002
126.5,-0.005,-0.022,0.01,0.029,0.033,0.027,0.034,0.056,0
127,-0.004,-0.025,0.012,0.028,0.036,0.026,0.034,0.057,0.002
127.5,-0.004,-0.022,0.01,0.026,0.038,0.024,0.034,0.056,0.003
128,-0.006,-0.021,0.004,0.028,0.037,0.024,0.033,0.056,0.004
128.5,-0.006,-0.024,0,0.032,0.035,0.025,0.032,0.055,0.006
129,-0.006,-0.016,0.001,0.033,0.034,0.026,0.033,0.054,0.006
129.5,-0.005,-0.004,0.002,0.033,0.032,0.027,0.034,0.054,0.008
130,-0.004,-0.003,-0.01,0.032,0.034,0.028,0.035,0.054,0.008
130.5,-0.004,-0.013,-0.034,0.031,0.037,0.028,0.034,0.054,0.01
131,-0.005,-0.012,-0.066,0.028,0.035,0.028,0.033,0.054,0.01
131.5,-0.003,-0.006,-0.107,0.026,0.035,0.027,0.032,0.054,0.011
132,-0.003,0,-0.123,0.025,0.034,0.027,0.031,0.054,0.012
132.5,-0.004,0.004,-0.12,0.023,0.033,0.026,0.03,0.054,0.012
133,-0.005,0.004,-0.088,0.021,0.03,0.025,0.028,0.054,0.013
133.5,-0.006,0.005,-0.05,0.02,0.028,0.024,0.028,0.054,0.014
134,-0.005,0.013,-0.032,0.024,0.026,0.023,0.028,0.054,0.015
134.5,-0.004,0.015,-0.018,0.03,0.025,0.024,0.028,0.054,0.016
135,-0.004,0.011,-0.013,0.031,0.027,0.025,0.028,0.043,0.016
135.5,-0.005,0.01,-0.015,0.031,0.026,0.026,0.029,0.053,0.017
136,-0.004,0.01,-0.02,0.028,0.027,0.026,0.028,0.053,0.018
136.5,-0.003,0.009,-0.025,0.027,0.029,0.025,0.028,0.054,0.018
137,-0.003,0.012,-0.027,0.026,0.028,0.024,0.027,0.054,0.018
137.5,-0.004,0.01,-0.027,0.026,0.028,0.024,0.026,0.053,0.02
138,-0.005,0.008,-0.023,0.026,0.027,0.026,0.027,0.052,0.021
138.5,-0.006,0.014,-0.015,0.029,0.026,0.026,0.029,0.052,0.02
139,-0.004,0.017,-0.016,0.029,0.028,0.025,0.03,0.052,0.022
139.5,-0.005,0.019,-0.013,0.029,0.03,0.025,0.029,0.052,0.022
140,-0.006,0.02,-0.011,0.027,0.03,0.024,0.028,0.052,0.022
140.5,-0.006,0.019,-0.014,0.026,0.027,0.024,0.027,0.053,0.022
141,-0.005,0.024,-0.016,0.025,0.028,0.024,0.026,0.054,0.022
141.5,-0.006,0.025,-0.014,0.025,0.027,0.023,0.024,0.055,0.022
142,-0.006,0.024,-0.01,0.023,0.026,0.022,0.023,0.056,0.023
142.5,-0.007,0.026,-0.018,0.023,0.024,0.021,0.021,0.056,0.024
143,-0.008,0.027,-0.018,0.025,0.021,0.022,0.021,0.054,0.024
143.5,-0.006,0.026,-0.015,0.028,0.02,0.023,0.021,0.054,0.024
144,-0.006,0.028,-0.012,0.031,0.021,0.026,0.019,0.054,0.024
144.5,-0.006,0.028,-0.016,0.03,0.022,0.028,0.019,0.054,0.025
145,-0.006,0.027,-0.021,0.03,0.022,0.03,0.02,0.054,0.026
145.5,-0.007,0.025,-0.022,0.029,0.024,0.03,0.02,0.056,0.026
146,-0.007,0.023,-0.023,0.027,0.025,0.03,0.02,0.056,0.026
146.5,-0.008,0.023,-0.022,0.025,0.026,0.029,0.02,0.056,0.026
147,-0.009,0.023,-0.022,0.027,0.027,0.027,0.018,0.055,0.026
147.5,-0.01,0.022,-0.013,0.031,0.025,0.028,0.018,0.054,0.028
148,-0.01,0.025,-0.004,0.031,0.023,0.03,0.018,0.054,0.026
148.5,-0.01,0.03,-0.001,0.031,0.022,0.031,0.02,0.054,0.027
149,-0.01,0.027,0.003,0.03,0.024,0.03,0.019,0.053,0.028
149.5,-0.01,0.028,0.007,0.027,0.022,0.03,0.017,0.054,0.028
150,-0.01,0.027,0.009,0.027,0.021,0.03,0.017,0.054,0.028
150.5,-0.01,0.027,0.008,0.026,0.022,0.028,0.016,0.055,0.028
151,-0.011,0.025,0.001,0.026,0.023,0.027,0.015,0.056,0.028
151.5,-0.01,0.023,0,0.024,0.021,0.025,0.014,0.056,0.028
152,-0.011,0.02,-0.002,0.025,0.019,0.022,0.013,0.056,0.028
152.5,-0.012,0.023,-0.003,0.024,0.017,0.023,0.014,0.054,0.028
153,-0.012,0.03,-0.004,0.027,0.014,0.023,0.014,0.054,0.028
153.5,-0.012,0.029,-0.002,0.029,0.014,0.024,0.013,0.054,0.028
154,-0.01,0.031,0.003,0.029,0.016,0.026,0.013,0.055,0.028
154.5,-0.012,0.03,0.009,0.028,0.016,0.026,0.014,0.056,0.028
155,-0.017,0.023,0.01,0.027,0.018,0.026,0.014,0.056,0.028
155.5,-0.084,0.022,0.007,0.025,0.019,0.025,0.014,0.056,0.029
156,-0.04,0.021,0.009,0.029,0.019,0.024,0.014,0.054,0.029
156.5,-0.02,0.02,0.016,0.032,0.018,0.024,0.012,0.054,0.03
157,-0.018,0.022,0.022,0.032,0.016,0.026,0.012,0.054,0.029
157.5,-0.019,0.021,0.024,0.033,0.012,0.027,0.012,0.052,0.03
158,-0.02,0.026,0.024,0.031,0.01,0.025,0.012,0.052,0.03
158.5,-0.022,0.028,0.024,0.029,0.012,0.026,0.01,0.052,0.03
159,-0.024,0.028,0.026,0.03,0.014,0.026,0.009,0.052,0.03
159.5,-0.026,0.028,0.027,0.029,0.014,0.025,0.01,0.052,0.031
160,-0.026,0.024,0.026,0.029,0.013,0.024,0.009,0.052,0.031
160.5,-0.022,0.021,0.025,0.027,0.012,0.022,0.008,0.052,0.03
161,-0.02,0.019,0.028,0.026,0.011,0.021,0.007,0.052,0.03
161.5,-0.02,0.02,0.031,0.026,0.01,0.02,0.005,0.05,0.03
162,-0.023,0.022,0.03,0.025,0.009,0.021,0.003,0.05,0.031
162.5,-0.024,0.026,0.03,0.026,0.007,0.02,-0.002,0.05,0.032
163,-0.024,0.027,0.026,0.027,0.009,0.022,-0.007,0.049,0.032
163.5,-0.024,0.023,0.023,0.027,0.009,0.025,-0.018,0.048,0.032
164,-0.024,0.025,0.023,0.027,0.012,0.026,-0.032,0.048,0.032
164.5,-0.021,0.024,0.021,0.026,0.013,0.027,-0.048,0.048,0.032
165,-0.015,0.024,0.018,0.025,0.012,0.026,-0.064,0.046,0.032
165.5,-0.011,0.024,0.022,0.03,0.012,0.023,-0.079,0.046,0.032
166,-0.01,0.021,0.027,0.033,0.011,0.022,-0.087,0.044,0.032
166.5,-0.008,0.02,0.029,0.034,0.009,0.024,-0.085,0.042,0.032
167,-0.007,0.024,0.026,0.034,0.006,0.024,-0.076,0.042,0.032
167.5,-0.008,0.032,0.026,0.032,0.004,0.023,-0.064,0.042,0.032
168,-0.008,0.031,0.025,0.03,-0.002,0.024,-0.054,0.04,0.033
168.5,-0.009,0.031,0.025,0.028,-0.014,0.024,-0.045,0.04,0.032
169,-0.007,0.029,0.024,0.027,-0.038,0.024,-0.037,0.04,0.032
169.5,-0.001,0.027,0.022,0.025,-0.07,0.021,-0.03,0.04,0.032
170,-0.001,0.027,0.025,0.024,-0.098,0.019,-0.024,0.04,0.032
170.5,-0.004,0.027,0.026,0.027,-0.113,0.018,-0.022,0.038,0.032
171,-0.004,0.028,0.027,0.027,-0.105,0.017,-0.02,0.038,0.032
171.5,-0.003,0.03,0.027,0.026,-0.084,0.018,-0.018,0.038,0.032
172,-0.004,0.029,0.024,0.028,-0.06,0.018,-0.019,0.038,0.032
172.5,-0.004,0.03,0.023,0.029,-0.045,0.02,-0.02,0.036,0.032
173,-0.006,0.029,0.022,0.028,-0.033,0.021,-0.022,0.036,0.032
173.5,-0.007,0.029,0.022,0.026,-0.028,0.02,-0.024,0.036,0.032
174,-0.004,0.027,0.02,0.022,-0.027,0.02,-0.025,0.034,0.032
174.5,-0.004,0.025,0.016,0.022,-0.029,0.018,-0.027,0.034,0.032
175,-0.004,0.024,0.019,0.024,-0.032,0.015,-0.028,0.033,0.032
175.5,-0.006,0.022,0.025,0.025,-0.034,0.014,-0.032,0.032,0.033
176,-0.004,0.021,0.026,0.026,-0.035,0.015,-0.032,0.03,0.034
176.5,-0.005,0.023,0.025,0.028,-0.033,0.017,-0.029,0.03,0.034
177,-0.006,0.03,0.026,0.026,-0.025,0.017,-0.025,0.03,0.034
177.5,-0.006,0.029,0.027,0.025,-0.019,0.016,-0.02,0.03,0.034
178,-0.006,0.028,0.026,0.023,-0.02,0.015,-0.016,0.029,0.034
178.5,-0.006,0.027,0.023,0.021,-0.017,0.014,-0.013,0.028,0.034
179,-0.004,0.027,0.02,0.02,-0.017,0.014,-0.012,0.028,0.033
179.5,-0.004,0.028,0.027,0.018,-0.016,0.012,-0.01,0.028,0.033
180,-0.005,0.026,0.031,0.02,-0.009,0.01,-0.01,0.028,0.034
180.5,-0.005,0.025,0.029,0.021,-0.004,0.01,-0.009,0.026,0.034
181,-0.002,0.028,0.028,0.021,0,0.01,-0.007,0.026,0.033
181.5,-0.004,0.026,0.027,0.023,-0.002,0.012,-0.003,0.026,0.034
182,-0.004,0.027,0.026,0.024,-0.004,0.014,0,0.026,0.034
182.5,-0.005,0.025,0.026,0.026,-0.005,0.014,0.002,0.025,0.033
183,-0.005,0.026,0.025,0.024,-0.01,0.013,0.002,0.024,0.033
183.5,-0.004,0.024,0.024,0.022,-0.014,0.012,0.001,0.024,0.033
184,-0.003,0.024,0.02,0.022,-0.014,0.012,-0.001,0.022,0.032
184.5,-0.004,0.022,0.022,0.023,-0.011,0.01,-0.001,0.021,0.033
185,-0.005,0.02,0.026,0.025,-0.007,0.01,0.002,0.019,0.032
185.5,-0.003,0.022,0.028,0.025,-0.003,0.01,0.005,0.017,0.033
186,-0.003,0.025,0.028,0.024,-0.002,0.009,0.007,0.012,0.033
186.5,-0.003,0.023,0.028,0.022,-0.003,0.009,0.009,0.007,0.033
187,-0.004,0.027,0.029,0.019,-0.004,0.008,0.01,0,0.032
187.5,-0.005,0.024,0.027,0.017,0,0.008,0.012,-0.008,0.032
188,-0.004,0.028,0.024,0.015,0.005,0.007,0.015,-0.018,0.032
188.5,-0.002,0.028,0.022,0.013,0.008,0.005,0.017,-0.03,0.032
189,-0.004,0.027,0.026,0.014,0.005,0.004,0.019,-0.04,0.032
189.5,-0.005,0.026,0.029,0.016,0,0.002,0.022,-0.048,0.031
190,-0.005,0.023,0.03,0.013,-0.003,0.002,0.022,-0.052,0.032
190.5,-0.003,0.029,0.029,0.013,-0.004,0.002,0.024,-0.054,0.03
191,-0.003,0.03,0.028,0.014,-0.002,-0.001,0.024,-0.054,0.03
191.5,-0.004,0.024,0.027,0.014,-0.002,-0.004,0.024,-0.053,0.03
192,-0.005,0.028,0.026,0.012,0.001,-0.017,0.024,-0.051,0.03
192.5,-0.006,0.026,0.025,0.01,0.006,-0.038,0.024,-0.049,0.03
193,-0.006,0.025,0.022,0.009,0.01,-0.067,0.024,-0.043,0.029
193.5,-0.004,0.022,0.021,0.01,0.01,-0.096,0.023,-0.039,0.028
194,-0.005,0.022,0.024,0.012,0.012,-0.108,0.024,-0.034,0.028
194.5,-0.005,0.02,0.029,0.012,0.014,-0.101,0.026,-0.031,0.028
195,-0.005,0.02,0.031,0.01,0.015,-0.086,0.028,-0.029,0.028
195.5,-0.004,0.021,0.028,0.007,0.02,-0.066,0.028,-0.028,0.028
196,-0.005,0.021,0.027,0.007,0.022,-0.05,0.029,-0.026,0.028
196.5,-0.006,0.023,0.026,0.008,0.023,-0.036,0.028,-0.026,0.028
197,-0.007,0.022,0.025,0.008,0.024,-0.021,0.028,-0.026,0.027
197.5,-0.007,0.024,0.023,0.006,0.024,-0.014,0.028,-0.026,0.026
198,-0.006,0.024,0.026,0.004,0.024,-0.01,0.028,-0.027,0.026
198.5,-0.006,0.021,0.03,0.007,0.022,-0.009,0.03,-0.028,0.026
199,-0.007,0.017,0.03,0.008,0.026,-0.009,0.032,-0.028,0.026
199.5,-0.008,0.016,0.029,0.007,0.029,-0.01,0.033,-0.026,0.024
200,-0.008,0.023,0.029,0.006,0.03,-0.012,0.032,-0.026,0.025
200.5,-0.007,0.023,0.028,0.008,0.03,-0.012,0.032,-0.024,0.024
201,-0.009,0.02,0.028,0.009,0.03,-0.014,0.031,-0.022,0.024
201.5,-0.01,0.017,0.024,0.009,0.03,-0.016,0.03,-0.02,0.024
202,-0.01,0.015,0.023,0.007,0.029,-0.019,0.029,-0.017,0.024
202.5,-0.009,0.018,0.023,0.003,0.028,-0.024,0.027,-0.013,0.024
203,-0.01,0.016,0.022,0.002,0.026,-0.027,0.026,-0.01,0.024
203.5,-0.009,0.014,0.023,0.002,0.023,-0.025,0.028,-0.008,0.022
204,-0.01,0.015,0.021,-0.003,0.024,-0.02,0.029,-0.006,0.022
204.5,-0.01,0.015,0.025,-0.018,0.026,-0.016,0.03,-0.005,0.022
205,-0.009,0.017,0.027,-0.049,0.03,-0.013,0.031,-0.003,0.022
205.5,-0.01,0.013,0.027,-0.088,0.032,-0.01,0.031,-0.002,0.022
206,-0.01,0.016,0.028,-0.123,0.033,-0.008,0.03,0,0.022
206.5,-0.01,0.017,0.025,-0.135,0.034,-0.008,0.029,0.002,0.021
207,-0.01,0.016,0.024,-0.119,0.033,-0.004,0.028,0.003,0.02
207.5,-0.01,0.015,0.028,-0.081,0.031,-0.004,0.028,0.004,0.02
208,-0.01,0.012,0.027,-0.049,0.027,-0.006,0.03,0.006,0.02
208.5,-0.011,0.011,0.028,-0.029,0.029,-0.01,0.03,0.006,0.019
209,-0.012,0.011,0.028,-0.018,0.032,-0.012,0.031,0.008,0.018
209.5,-0.019,0.017,0.028,-0.016,0.034,-0.013,0.031,0.009,0.018
210,-0.087,0.017,0.025,-0.019,0.035,-0.012,0.031,0.013,0.017
210.5,-0.034,0.013,0.023,-0.02,0.033,-0.011,0.031,0.016,0.015
211,-0.017,0.008,0.022,-0.024,0.031,-0.009,0.03,0.019,0.014
211.5,-0.017,0.01,0.022,-0.026,0.03,-0.008,0.03,0.022,0.012
212,-0.019,0.011,0.021,-0.026,0.028,-0.007,0.028,0.023,0.009
212.5,-0.021,0.01,0.024,-0.022,0.026,-0.008,0.026,0.025,0.006
213,-0.025,0.01,0.023,-0.02,0.023,-0.008,0.026,0.027,0.003
213.5,-0.027,0.009,0.022,-0.017,0.024,-0.006,0.028,0.03,-0.001
214,-0.026,0.007,0.024,-0.017,0.028,-0.002,0.029,0.032,-0.003
214.5,-0.024,0.007,0.024,-0.021,0.032,0.003,0.03,0.034,-0.005
215,-0.022,0.008,0.024,-0.027,0.032,0.008,0.03,0.036,-0.008
215.5,-0.02,0.006,0.024,-0.026,0.031,0.013,0.029,0.037,-0.009
216,-0.02,0.009,0.022,-0.023,0.029,0.014,0.028,0.038,-0.01
216.5,-0.02,0.009,0.019,-0.024,0.027,0.013,0.028,0.04,-0.011
217,-0.022,0.01,0.02,-0.026,0.027,0.015,0.028,0.04,-0.012
217.5,-0.025,0.009,0.024,-0.023,0.026,0.017,0.029,0.04,-0.012
218,-0.026,0.007,0.024,-0.022,0.027,0.018,0.029,0.04,-0.012
218.5,-0.024,0.008,0.022,-0.015,0.029,0.019,0.029,0.04,-0.012
219,-0.02,0.01,0.02,-0.011,0.03,0.021,0.03,0.04,-0.013
219.5,-0.016,0.007,0.019,-0.016,0.029,0.022,0.029,0.042,-0.014
220,-0.014,0.007,0.014,-0.019,0.029,0.023,0.03,0.043,-0.014
220.5,-0.011,0.008,0.014,-0.021,0.028,0.023,0.029,0.044,-0.014
221,-0.007,0.004,0.013,-0.019,0.027,0.02,0.028,0.045,-0.014
221.5,-0.006,-0.001,0.013,-0.014,0.027,0.017,0.027,0.046,-0.016
222,-0.007,-0.016,0.016,-0.01,0.025,0.017,0.026,0.046,-0.016
222.5,-0.007,-0.069,0.014,-0.005,0.023,0.019,0.028,0.047,-0.016
223,-0.007,-0.123,0.012,0.001,0.022,0.023,0.03,0.048,-0.016
223.5,-0.004,-0.172,0.015,0.007,0.023,0.026,0.032,0.049,-0.014
224,-0.002,-0.124,0.015,0.009,0.027,0.027,0.033,0.05,-0.014
224.5,-0.002,-0.051,0.015,0.009,0.029,0.028,0.034,0.05,-0.014
225,-0.004,-0.021,0.015,0.009,0.028,0.028,0.034,0.05,-0.014
225.5,-0.003,-0.018,0.011,0.008,0.028,0.026,0.033,0.05,-0.014
226,-0.003,-0.02,0.015,0.007,0.028,0.025,0.032,0.05,-0.013
226.5,-0.004,-0.026,0.017,0.006,0.027,0.026,0.032,0.05,-0.012
227,-0.005,-0.029,0.017,0.005,0.029,0.028,0.033,0.048,-0.012
227.5,-0.007,-0.029,0.017,0.006,0.03,0.03,0.034,0.048,-0.012
228,-0.005,-0.031,0.014,0.009,0.03,0.03,0.034,0.048,-0.011
228.5,-0.004,-0.022,0.013,0.011,0.029,0.029,0.034,0.049,-0.01
229,-0.004,-0.014,0.013,0.012,0.031,0.028,0.034,0.05,-0.01
229.5,-0.003,-0.008,0.011,0.014,0.03,0.028,0.034,0.05,-0.01
230,-0.005,-0.012,0.01,0.017,0.029,0.026,0.033,0.05,-0.009
230.5,-0.004,-0.002,0.009,0.019,0.029,0.024,0.031,0.05,-0.008
231,-0.004,-0.005,0.01,0.025,0.027,0.023,0.03,0.05,-0.008
231.5,-0.005,-0.01,0.011,0.026,0.027,0.023,0.03,0.05,-0.006
232,-0.006,-0.017,0.01,0.027,0.026,0.026,0.03,0.05,-0.006
232.5,-0.008,-0.02,0.01,0.025,0.026,0.028,0.03,0.05,-0.005
233,-0.004,-0.023,0.008,0.025,0.028,0.029,0.03,0.051,-0.004
233.5,-0.004,-0.022,0.009,0.025,0.03,0.028,0.03,0.052,-0.003
234,-0.004,-0.023,0.009,0.024,0.03,0.026,0.03,0.052,-0.002
234.5,-0.005,-0.027,0.007,0.027,0.03,0.025,0.03,0.052,-0.002
235,-0.005,-0.035,0.007,0.03,0.031,0.024,0.03,0.052,-0.001
235.5,-0.003,-0.037,0.009,0.032,0.03,0.025,0.028,0.051,0.001
236,-0.003,-0.036,0.01,0.032,0.027,0.026,0.028,0.05,0.002
236.5,-0.005,-0.033,0.011,0.031,0.027,0.027,0.029,0.05,0.004
237,-0.006,-0.025,0.009,0.03,0.029,0.027,0.03,0.05,0.004
237.5,-0.004,-0.021,0.007,0.025,0.031,0.027,0.03,0.049,0.006
238,-0.004,-0.01,0.006,0.023,0.031,0.027,0.03,0.049,0.006
238.5,-0.003,-0.006,0.007,0.019,0.031,0.026,0.03,0.05,0.007
239,-0.003,-0.012,0.005,0.017,0.03,0.024,0.03,0.05,0.008
239.5,-0.004,-0.012,0.003,0.018,0.028,0.023,0.029,0.05,0.009
240,-0.003,-0.011,0.002,0.022,0.027,0.022,0.027,0.05,0.01
240.5,-0.002,-0.01,0.002,0.031,0.025,0.02,0.027,0.05,0.01
241,-0.004,-0.005,0.002,0.032,0.027,0.018,0.027,0.05,0.01
241.5,-0.005,-0.001,-0.003,0.031,0.025,0.021,0.026,0.051,0.012
242,-0.004,0.004,-0.019,0.028,0.026,0.024,0.027,0.052,0.012
242.5,-0.004,0.002,-0.053,0.026,0.026,0.025,0.028,0.052,0.014
243,-0.003,-0.001,-0.113,0.025,0.028,0.025,0.029,0.052,0.014
243.5,-0.003,-0.003,-0.16,0.023,0.029,0.025,0.03,0.052,0.014
244,-0.005,-0.003,-0.161,0.027,0.029,0.024,0.03,0.052,0.015
244.5,-0.003,-0.001,-0.111,0.029,0.028,0.024,0.029,0.052,0.016
245,-0.002,-0.001,-0.058,0.03,0.027,0.025,0.027,0.052,0.016
245.5,-0.004,0,-0.031,0.03,0.028,0.026,0.028,0.052,0.017
246,-0.005,0.001,-0.02,0.029,0.032,0.026,0.029,0.052,0.018
246.5,-0.006,0.009,-0.014,0.026,0.032,0.026,0.029,0.052,0.018
247,-0.006,0.015,-0.01,0.024,0.032,0.027,0.028,0.052,0.018
247.5,-0.004,0.018,-0.011,0.022,0.03,0.027,0.028,0.051,0.019
248,-0.004,0.018,-0.011,0.02,0.029,0.026,0.028,0.051,0.02
248.5,-0.005,0.018,-0.01,0.017,0.029,0.024,0.027,0.051,0.02
249,-0.006,0.015,-0.01,0.02,0.028,0.024,0.026,0.05,0.02
249.5,-0.004,0.015,-0.01,0.029,0.026,0.023,0.024,0.05,0.02
250,-0.004,0.016,-0.012,0.032,0.025,0.024,0.023,0.05,0.02
250.5,-0.005,0.02,-0.008,0.03,0.023,0.024,0.022,0.05,0.02
251,-0.007,0.021,-0.007,0.028,0.024,0.025,0.022,0.052,0.022
251.5,-0.007,0.024,-0.016,0.027,0.024,0.026,0.024,0.052,0.022
252,-0.006,0.025,-0.023,0.026,0.023,0.026,0.024,0.054,0.022
252.5,-0.006,0.025,-0.025,0.025,0.024,0.026,0.025,0.054,0.023
253,-0.006,0.024,-0.028,0.025,0.023,0.027,0.025,0.054,0.024
253.5,-0.008,0.021,-0.03,0.029,0.024,0.026,0.024,0.054,0.024
254,-0.007,0.018,-0.029,0.029,0.022,0.025,0.023,0.054,0.024
254.5,-0.007,0.017,-0.029,0.028,0.021,0.025,0.021,0.054,0.024
255,-0.008,0.016,-0.027,0.028,0.023,0.026,0.02,0.054,0.024
255.5,-0.009,0.023,-0.021,0.027,0.026,0.027,0.02,0.054,0.024
256,-0.01,0.026,-0.018,0.026,0.028,0.028,0.021,0.054,0.025
256.5,-0.01,0.028,-0.02,0.024,0.029,0.028,0.021,0.053,0.025
257,-0.009,0.028,-0.012,0.023,0.027,0.026,0.02,0.054,0.026
257.5,-0.008,0.025,-0.003,0.022,0.025,0.026,0.02,0.054,0.026
258,-0.009,0.024,-0.012,0.019,0.023,0.025,0.019,0.054,0.026
258.5,-0.01,0.022,-0.026,0.016,0.022,0.024,0.018,0.054,0.026
259,-0.01,0.023,-0.027,0.022,0.02,0.024,0.017,0.052,0.026
259.5,-0.009,0.023,-0.023,0.027,0.019,0.024,0.015,0.052,0.026
260,-0.01,0.025,-0.019,0.026,0.019,0.024,0.016,0.052,0.026
260.5,-0.01,0.028,-0.018,0.025,0.019,0.024,0.016,0.052,0.026
261,-0.011,0.027,-0.015,0.026,0.019,0.025,0.017,0.052,0.028
261.5,-0.009,0.028,-0.01,0.026,0.018,0.025,0.016,0.052,0.027
262,-0.009,0.027,-0.011,0.024,0.019,0.025,0.017,0.052,0.028
262.5,-0.01,0.027,-0.008,0.028,0.02,0.025,0.016,0.052,0.028
263,-0.011,0.023,-0.004,0.03,0.018,0.024,0.016,0.052,0.028
263.5,-0.015,0.021,-0.002,0.029,0.016,0.026,0.016,0.052,0.029
264,-0.072,0.019,0.003,0.028,0.014,0.028,0.014,0.05,0.028
264.5,-0.053,0.018,0.008,0.029,0.015,0.028,0.014,0.05,0.028
265,-0.022,0.018,0.013,0.028,0.016,0.028,0.014,0.05,0.029
265.5,-0.016,0.027,0.017,0.026,0.017,0.028,0.014,0.05,0.029
266,-0.017,0.027,0.016,0.026,0.018,0.028,0.012,0.05,0.03
266.5,-0.018,0.027,0.018,0.026,0.017,0.028,0.012,0.05,0.03
267,-0.02,0.023,0.021,0.026,0.016,0.027,0.012,0.051,0.03
267.5,-0.023,0.022,0.023,0.026,0.015,0.026,0.01,0.052,0.03
268,-0.027,0.021,0.023,0.026,0.013,0.025,0.01,0.052,0.029
268.5,-0.024,0.02,0.024,0.027,0.012,0.024,0.008,0.052,0.03
269,-0.022,0.018,0.023,0.026,0.01,0.024,0.008,0.052,0.03
269.5,-0.017,0.02,0.022,0.028,0.01,0.024,0.007,0.052,0.032
270,-0.017,0.022,0.021,0.027,0.011,0.023,0.006,0.054,0.03
270.5,-0.018,0.022,0.018,0.027,0.01,0.023,0.006,0.054,0.03
271,-0.02,0.021,0.016,0.026,0.012,0.024,0.006,0.054,0.032
271.5,-0.024,0.022,0.015,0.025,0.012,0.024,0.005,0.054,0.032
272,-0.024,0.021,0.018,0.03,0.012,0.022,0.005,0.054,0.032
272.5,-0.023,0.02,0.025,0.032,0.012,0.021,-0.001,0.052,0.032
273,-0.02,0.02,0.025,0.033,0.011,0.023,-0.011,0.051,0.032
273.5,-0.018,0.02,0.025,0.032,0.01,0.026,-0.03,0.05,0.032
274,-0.017,0.019,0.026,0.032,0.011,0.028,-0.053,0.048,0.032
274.5,-0.016,0.026,0.025,0.031,0.011,0.029,-0.077,0.048,0.032
275,-0.013,0.028,0.023,0.029,0.013,0.028,-0.092,0.046,0.032
275.5,-0.01,0.027,0.02,0.028,0.012,0.027,-0.092,0.046,0.032
276,-0.009,0.03,0.019,0.027,0.01,0.025,-0.08,0.045,0.032
276.5,-0.008,0.028,0.021,0.027,0.01,0.024,-0.067,0.044,0.032
277,-0.009,0.028,0.025,0.028,0.008,0.022,-0.055,0.043,0.032
277.5,-0.008,0.029,0.027,0.027,0.007,0.021,-0.045,0.042,0.032
278,-0.005,0.025,0.026,0.029,0.005,0.021,-0.036,0.041,0.032
278.5,-0.002,0.022,0.025,0.028,0.004,0.021,-0.032,0.04,0.032
279,-0.005,0.023,0.025,0.026,0.005,0.021,-0.028,0.04,0.032
279.5,-0.005,0.029,0.023,0.025,0.002,0.021,-0.023,0.04,0.032
280,-0.002,0.029,0.021,0.024,-0.007,0.022,-0.019,0.038,0.033
280.5,-0.003,0.027,0.018,0.022,-0.023,0.022,-0.018,0.038,0.034
281,-0.003,0.025,0.017,0.027,-0.051,0.02,-0.018,0.036,0.033
281.5,-0.004,0.022,0.021,0.027,-0.087,0.019,-0.02,0.036,0.033
282,-0.007,0.023,0.028,0.027,-0.115,0.017,-0.023,0.035,0.034
282.5,-0.004,0.021,0.028,0.026,-0.127,0.017,-0.028,0.034,0.034
283,-0.003,0.021,0.026,0.026,-0.118,0.018,-0.032,0.032,0.034
283.5,-0.004,0.021,0.026,0.026,-0.096,0.018,-0.029,0.032,0.034
284,-0.005,0.021,0.024,0.023,-0.065,0.019,-0.025,0.032,0.034
284.5,-0.004,0.025,0.024,0.021,-0.042,0.019,-0.022,0.031,0.034
285,-0.005,0.024,0.025,0.021,-0.023,0.018,-0.019,0.03,0.034
285.5,-0.004,0.024,0.025,0.021,-0.01,0.016,-0.014,0.03,0.034
286,-0.005,0.027,0.028,0.022,-0.003,0.016,-0.011,0.028,0.034
286.5,-0.006,0.029,0.028,0.025,0.001,0.014,-0.011,0.028,0.034
287,-0.006,0.023,0.027,0.023,0.002,0.012,-0.013,0.028,0.034
287.5,-0.002,0.021,0.024,0.024,0.001,0.012,-0.011,0.028,0.034
288,-0.003,0.02,0.024,0.027,-0.002,0.013,-0.01,0.028,0.034
288.5,-0.003,0.024,0.021,0.029,-0.006,0.012,-0.011,0.028,0.034
289,-0.004,0.03,0.021,0.03,-0.009,0.013,-0.012,0.028,0.034
289.5,-0.003,0.032,0.02,0.026,-0.012,0.013,-0.012,0.026,0.034
290,-0.002,0.024,0.019,0.025,-0.016,0.014,-0.012,0.026,0.034
290.5,-0.004,0.025,0.016,0.025,-0.018,0.014,-0.013,0.026,0.034
291,-0.006,0.023,0.023,0.03,-0.023,0.014,-0.014,0.025,0.034
291.5,-0.006,0.022,0.03,0.032,-0.027,0.013,-0.012,0.024,0.034
292,-0.005,0.023,0.03,0.032,-0.028,0.013,-0.012,0.024,0.034
292.5,-0.004,0.021,0.029,0.029,-0.026,0.014,-0.011,0.022,0.034
293,-0.003,0.019,0.027,0.025,-0.021,0.014,-0.009,0.022,0.034
293.5,-0.004,0.021,0.027,0.021,-0.02,0.015,-0.005,0.02,0.034
294,-0.004,0.025,0.027,0.019,-0.019,0.013,-0.001,0.02,0.034
294.5,-0.003,0.025,0.024,0.016,-0.017,0.013,0.004,0.02,0.034
295,-0.003,0.023,0.026,0.014,-0.016,0.011,0.007,0.019,0.034
295.5,-0.005,0.027,0.029,0.014,-0.012,0.01,0.01,0.018,0.034
296,-0.005,0.025,0.028,0.015,-0.003,0.009,0.011,0.017,0.032
296.5,-0.005,0.025,0.028,0.013,-0.006,0.008,0.013,0.014,0.032
297,-0.004,0.021,0.027,0.014,-0.012,0.01,0.015,0.01,0.032
297.5,-0.001,0.022,0.026,0.017,-0.017,0.01,0.017,0.005,0.032
298,-0.002,0.028,0.026,0.019,-0.018,0.008,0.019,-0.002,0.032
298.5,-0.004,0.03,0.025,0.018,-0.017,0.009,0.02,-0.009,0.032
299,-0.003,0.025,0.025,0.015,-0.016,0.008,0.02,-0.019,0.032
299.5,-0.003,0.026,0.023,0.012,-0.016,0.008,0.021,-0.028,0.032
300,-0.003,0.025,0.023,0.014,-0.013,0.007,0.022,-0.036,0.031
300.5,-0.005,0.023,0.025,0.016,-0.01,0.006,0.022,-0.042,0.03
301,-0.006,0.021,0.029,0.018,-0.008,0.004,0.022,-0.045,0.03
301.5,-0.004,0.02,0.029,0.016,-0.004,0.002,0.022,-0.046,0.03
302,-0.003,0.016,0.026,0.013,-0.003,-0.002,0.023,-0.044,0.03
302.5,-0.003,0.018,0.026,0.013,-0.002,-0.013,0.025,-0.044,0.031
303,-0.004,0.024,0.025,0.012,0,-0.031,0.027,-0.043,0.03
303.5,-0.005,0.025,0.023,0.01,0.006,-0.052,0.028,-0.042,0.03
304,-0.003,0.027,0.023,0.008,0.012,-0.069,0.029,-0.041,0.03
304.5,-0.004,0.027,0.028,0.006,0.016,-0.082,0.03,-0.04,0.028
305,-0.006,0.024,0.029,0.007,0.016,-0.087,0.029,-0.04,0.028
305.5,-0.007,0.024,0.03,0.008,0.017,-0.083,0.029,-0.041,0.028
306,-0.006,0.022,0.03,0.008,0.019,-0.072,0.03,-0.042,0.028
306.5,-0.005,0.02,0.027,0.01,0.02,-0.059,0.03,-0.041,0.028
307,-0.005,0.022,0.026,0.01,0.021,-0.046,0.031,-0.04,0.027
307.5,-0.007,0.026,0.026,0.012,0.021,-0.037,0.032,-0.038,0.026
308,-0.008,0.023,0.022,0.012,0.022,-0.027,0.032,-0.037,0.026
308.5,-0.007,0.023,0.022,0.01,0.022,-0.022,0.032,-0.035,0.026
309,-0.007,0.02,0.02,0.007,0.021,-0.02,0.032,-0.034,0.027
309.5,-0.008,0.019,0.022,0.008,0.02,-0.021,0.03,-0.031,0.025
310,-0.009,0.018,0.025,0.01,0.019,-0.022,0.029,-0.027,0.026
310.5,-0.009,0.016,0.027,0.008,0.017,-0.022,0.028,-0.025,0.025
311,-0.009,0.013,0.029,0.007,0.023,-0.019,0.029,-0.024,0.024
311.5,-0.008,0.011,0.028,0.009,0.028,-0.017,0.031,-0.023,0.024
312,-0.008,0.015,0.026,0.01,0.031,-0.016,0.033,-0.022,0.024
312.5,-0.009,0.016,0.028,0.008,0.032,-0.015,0.033,-0.022,0.024
313,-0.009,0.017,0.027,0.006,0.031,-0.012,0.032,-0.02,0.024
313.5,-0.009,0.017,0.022,0.003,0.03,-0.01,0.032,-0.019,0.022
314,-0.01,0.015,0.023,0.003,0.029,-0.01,0.031,-0.018,0.022
314.5,-0.009,0.014,0.029,0.005,0.028,-0.013,0.03,-0.016,0.022
315,-0.01,0.014,0.029,0.005,0.027,-0.017,0.029,-0.014,0.021
315.5,-0.01,0.015,0.03,0.004,0.029,-0.023,0.029,-0.012,0.021
316,-0.01,0.013,0.03,0.001,0.031,-0.025,0.03,-0.01,0.021
316.5,-0.01,0.012,0.025,-0.015,0.032,-0.026,0.03,-0.007,0.02
317,-0.011,0.017,0.023,-0.05,0.033,-0.024,0.03,-0.004,0.02
317.5,-0.063,0.017,0.022,-0.108,0.032,-0.024,0.03,-0.002,0.02
318,-0.062,0.013,0.023,-0.153,0.03,-0.026,0.03,0.003,0.019
318.5,-0.023,0.012,0.023,-0.152,0.028,-0.027,0.028,0.005,0.018
319,-0.018,0.011,0.023,-0.113,0.026,-0.024,0.027,0.008,0.018
319.5,-0.019,0.011,0.023,-0.064,0.023,-0.023,0.026,0.011,0.016
320,-0.019,0.009,0.028,-0.036,0.021,-0.021,0.024,0.013,0.016
320.5,-0.021,0.008,0.029,-0.023,0.026,-0.02,0.024,0.016,0.014
321,-0.023,0.006,0.027,-0.014,0.031,-0.02,0.026,0.019,0.012
321.5,-0.023,0.009,0.028,-0.008,0.031,-0.017,0.028,0.021,0.01
322,-0.025,0.009,0.026,-0.005,0.032,-0.013,0.028,0.023,0.007
322.5,-0.026,0.006,0.022,-0.004,0.031,-0.007,0.028,0.025,0.004
323,-0.021,0.008,0.022,-0.007,0.03,-0.002,0.028,0.026,0.001
323.5,-0.017,0.011,0.027,-0.012,0.029,0,0.028,0.027,-0.002
324,-0.014,0.012,0.027,-0.014,0.027,0,0.027,0.028,-0.005
324.5,-0.017,0.012,0.025,-0.017,0.027,0.001,0.027,0.028,-0.007
325,-0.021,0.009,0.022,-0.021,0.028,0.002,0.028,0.028,-0.009
325.5,-0.022,0.007,0.022,-0.024,0.03,0.004,0.028,0.029,-0.011
326,-0.023,0.007,0.021,-0.028,0.03,0.008,0.03,0.031,-0.012
326.5,-0.025,0.012,0.02,-0.03,0.029,0.01,0.03,0.033,-0.013
327,-0.021,0.012,0.017,-0.031,0.028,0.01,0.03,0.035,-0.014
327.5,-0.014,0.004,0.017,-0.032,0.026,0.009,0.03,0.036,-0.014
328,-0.011,0.003,0.015,-0.03,0.025,0.008,0.029,0.038,-0.015
328.5,-0.01,0.006,0.015,-0.026,0.023,0.011,0.028,0.038,-0.016
329,-0.01,0.007,0.018,-0.016,0.02,0.013,0.027,0.038,-0.016
329.5,-0.007,0.005,0.019,-0.014,0.019,0.014,0.027,0.04,-0.016
330,-0.005,0.004,0.021,-0.012,0.022,0.016,0.028,0.041,-0.018
330.5,-0.005,0.001,0.022,-0.01,0.027,0.018,0.029,0.042,-0.018
331,-0.006,0.002,0.022,-0.01,0.028,0.022,0.03,0.044,-0.018
331.5,-0.009,0.002,0.02,-0.007,0.029,0.023,0.031,0.044,-0.018
332,-0.004,-0.006,0.017,-0.006,0.028,0.022,0.031,0.044,-0.017
332.5,-0.001,-0.03,0.02,-0.007,0.027,0.023,0.03,0.044,-0.016
333,-0.005,-0.103,0.021,-0.01,0.026,0.024,0.03,0.045,-0.016
333.5,-0.004,-0.168,0.021,-0.01,0.024,0.026,0.028,0.044,-0.016
334,-0.003,-0.165,0.018,-0.012,0.025,0.027,0.028,0.044,-0.016
334.5,-0.002,-0.093,0.015,-0.013,0.028,0.028,0.029,0.044,-0.016
335,-0.002,-0.043,0.016,-0.012,0.03,0.029,0.031,0.045,-0.014
335.5,-0.004,-0.026,0.015,-0.01,0.03,0.029,0.031,0.047,-0.014
336,-0.006,-0.014,0.014,-0.007,0.03,0.028,0.03,0.048,-0.014
336.5,-0.007,-0.008,0.011,-0.009,0.028,0.026,0.03,0.048,-0.013
337,-0.004,-0.004,0.01,-0.011,0.026,0.024,0.029,0.048,-0.012
337.5,-0.002,0,0.014,-0.006,0.025,0.023,0.028,0.048,-0.012
338,-0.003,0.003,0.014,0.002,0.023,0.021,0.028,0.049,-0.012
338.5,-0.005,-0.002,0.014,0.01,0.022,0.023,0.028,0.049,-0.012
339,-0.003,-0.01,0.014,0.013,0.022,0.026,0.026,0.05,-0.011
339.5,-0.003,-0.015,0.013,0.013,0.025,0.029,0.028,0.05,-0.01
340,-0.004,-0.013,0.015,0.01,0.029,0.03,0.028,0.05,-0.01
340.5,-0.004,-0.016,0.013,0.01,0.03,0.029,0.029,0.05,-0.008
341,-0.006,-0.02,0.012,0.011,0.029,0.028,0.029,0.05,-0.007
341.5,-0.004,-0.02,0.011,0.013,0.029,0.028,0.029,0.05,-0.006
342,-0.003,-0.024,0.013,0.017,0.028,0.026,0.028,0.049,-0.006
342.5,-0.002,-0.025,0.015,0.02,0.027,0.025,0.028,0.048,-0.004
343,-0.003,-0.025,0.014,0.021,0.025,0.027,0.028,0.048,-0.003
343.5,-0.005,-0.024,0.012,0.022,0.028,0.028,0.029,0.047,-0.002
344,-0.003,-0.029,0.01,0.023,0.03,0.029,0.031,0.046,-0.002
344.5,-0.003,-0.031,0.009,0.021,0.03,0.029,0.032,0.046,0
345,-0.005,-0.02,0.01,0.017,0.03,0.028,0.033,0.046,0.002
345.5,-0.005,-0.018,0.009,0.014,0.029,0.026,0.033,0.046,0.002
346,-0.005,-0.021,0.007,0.014,0.028,0.024,0.032,0.046,0.003
346.5,-0.004,-0.018,0.006,0.022,0.028,0.022,0.032,0.046,0.004
347,-0.003,-0.016,0.008,0.028,0.025,0.019,0.031,0.047,0.006
347.5,-0.004,-0.013,0.008,0.03,0.024,0.018,0.03,0.046,0.004
348,-0.003,-0.012,0.007,0.031,0.022,0.019,0.029,0.047,0.006
348.5,-0.002,-0.008,0.007,0.033,0.022,0.023,0.028,0.048,0.007
349,-0.002,-0.015,0.007,0.029,0.021,0.026,0.028,0.048,0.008
349.5,-0.003,-0.01,0.007,0.023,0.025,0.026,0.028,0.049,0.009
350,-0.004,-0.015,0.006,0.021,0.027,0.026,0.028,0.05,0.01
350.5,-0.004,-0.007,0.004,0.026,0.028,0.025,0.028,0.05,0.01
351,-0.005,-0.004,0.005,0.028,0.029,0.024,0.028,0.05,0.012
351.5,-0.004,-0.004,0.006,0.03,0.029,0.022,0.027,0.05,0.012
352,-0.003,-0.014,0.007,0.029,0.027,0.022,0.026,0.05,0.014
352.5,-0.004,-0.02,0.007,0.028,0.028,0.025,0.026,0.05,0.014
353,-0.003,-0.015,0.003,0.026,0.03,0.027,0.027,0.05,0.015
353.5,-0.002,-0.007,-0.004,0.025,0.031,0.027,0.028,0.05,0.016
354,-0.003,0,-0.016,0.024,0.031,0.026,0.03,0.05,0.016
354.5,-0.003,0.003,-0.036,0.022,0.031,0.026,0.03,0.05,0.017
355,-0.005,0.003,-0.076,0.02,0.031,0.025,0.031,0.05,0.018
355.5,-0.005,0.001,-0.125,0.025,0.029,0.024,0.03,0.05,0.018
356,-0.004,-0.001,-0.148,0.031,0.027,0.022,0.028,0.05,0.018
356.5,-0.003,0.004,-0.117,0.032,0.026,0.02,0.028,0.05,0.018
357,-0.005,0.009,-0.063,0.031,0.025,0.019,0.026,0.05,0.019
357.5,-0.006,0.014,-0.031,0.029,0.025,0.021,0.025,0.05,0.02
358,-0.003,0.016,-0.023,0.027,0.027,0.025,0.026,0.05,0.02
358.5,-0.004,0.017,-0.023,0.027,0.027,0.027,0.026,0.052,0.02
359,-0.005,0.019,-0.023,0.026,0.027,0.026,0.026,0.052,0.02
359.5,-0.006,0.019,-0.025,0.025,0.027,0.026,0.026,0.052,0.022
360,-0.006,0.02,-0.028,0.028,0.027,0.026,0.026,0.053,0.022
360.5,-0.006,0.019,-0.024,0.029,0.026,0.024,0.024,0.054,0.022
361,-0.005,0.017,-0.017,0.028,0.025,0.024,0.022,0.054,0.022
361.5,-0.005,0.019,-0.015,0.027,0.024,0.025,0.02,0.054,0.022
362,-0.005,0.018,-0.016,0.026,0.026,0.027,0.02,0.054,0.023
362.5,-0.006,0.016,-0.017,0.024,0.029,0.026,0.02,0.054,0.024
363,-0.006,0.02,-0.018,0.022,0.03,0.026,0.021,0.054,0.024
363.5,-0.006,0.024,-0.02,0.02,0.03,0.026,0.022,0.054,0.024
364,-0.008,0.027,-0.022,0.018,0.03,0.026,0.023,0.054,0.024
364.5,-0.009,0.026,-0.023,0.021,0.028,0.026,0.022,0.054,0.024
365,-0.008,0.025,-0.02,0.023,0.027,0.024,0.022,0.054,0.024
365.5,-0.008,0.025,-0.017,0.027,0.026,0.023,0.02,0.053,0.024
366,-0.008,0.024,-0.022,0.028,0.024,0.022,0.019,0.052,0.025
366.5,-0.009,0.02,-0.02,0.027,0.023,0.02,0.018,0.052,0.025
367,-0.01,0.021,-0.017,0.025,0.024,0.02,0.017,0.052,0.026
367.5,-0.008,0.027,-0.017,0.025,0.024,0.021,0.016,0.052,0.026
368,-0.009,0.028,-0.02,0.025,0.022,0.024,0.016,0.052,0.026
368.5,-0.01,0.028,-0.023,0.024,0.023,0.024,0.016,0.052,0.026
369,-0.01,0.027,-0.023,0.026,0.022,0.025,0.016,0.052,0.026
369.5,-0.01,0.02,-0.025,0.027,0.021,0.026,0.016,0.05,0.026
370,-0.01,0.022,-0.022,0.026,0.019,0.025,0.016,0.05,0.026
370.5,-0.01,0.02,-0.018,0.027,0.017,0.025,0.016,0.05,0.027
371,-0.009,0.019,-0.017,0.026,0.018,0.026,0.016,0.049,0.028
371.5,-0.01,0.018,-0.014,0.026,0.02,0.028,0.016,0.048,0.028
372,-0.011,0.016,-0.011,0.026,0.02,0.028,0.017,0.048,0.028
372.5,-0.03,0.016,-0.006,0.025,0.019,0.028,0.018,0.048,0.028
373,-0.081,0.022,-0.005,0.025,0.02,0.029,0.018,0.048,0.028
373.5,-0.037,0.025,-0.006,0.025,0.018,0.027,0.018,0.049,0.028
374,-0.018,0.024,-0.006,0.024,0.017,0.026,0.017,0.05,0.028
374.5,-0.018,0.023,-0.006,0.024,0.016,0.026,0.015,0.051,0.028
375,-0.021,0.023,-0.003,0.027,0.014,0.025,0.014,0.052,0.028
375.5,-0.024,0.02,0.003,0.029,0.014,0.024,0.013,0.051,0.028
376,-0.026,0.02,0.006,0.029,0.014,0.025,0.012,0.051,0.028
376.5,-0.027,0.018,0.008,0.029,0.016,0.025,0.012,0.052,0.028
377,-0.024,0.023,0.006,0.029,0.016,0.025,0.011,0.053,0.028
377.5,-0.023,0.026,0.004,0.028,0.014,0.025,0.011,0.054,0.03
378,-0.02,0.025,0.004,0.027,0.013,0.026,0.011,0.054,0.03
378.5,-0.015,0.024,0.002,0.029,0.015,0.026,0.012,0.055,0.03
379,-0.019,0.025,0.004,0.031,0.015,0.026,0.012,0.055,0.03
379.5,-0.022,0.023,0.01,0.03,0.014,0.025,0.012,0.054,0.03
380,-0.025,0.022,0.015,0.025,0.013,0.024,0.012,0.053,0.03
380.5,-0.025,0.021,0.018,0.026,0.012,0.026,0.011,0.052,0.03
381,-0.025,0.019,0.018,0.026,0.014,0.028,0.007,0.05,0.031
381.5,-0.019,0.014,0.018,0.025,0.015,0.03,0.006,0.049,0.032
382,-0.014,0.015,0.018,0.022,0.017,0.03,0.002,0.048,0.032
382.5,-0.016,0.023,0.018,0.022,0.016,0.029,-0.005,0.048,0.032
383,-0.016,0.026,0.021,0.022,0.015,0.027,-0.015,0.046,0.032
383.5,-0.009,0.025,0.022,0.025,0.016,0.026,-0.025,0.046,0.032
384,-0.005,0.023,0.025,0.025,0.015,0.025,-0.037,0.046,0.032
384.5,-0.005,0.022,0.025,0.025,0.013,0.024,-0.05,0.046,0.032
385,-0.006,0.022,0.024,0.027,0.01,0.024,-0.061,0.044,0.032
385.5,-0.003,0.023,0.023,0.03,0.009,0.024,-0.068,0.044,0.032
386,-0.005,0.021,0.022,0.031,0.01,0.024,-0.07,0.042,0.033
386.5,-0.001,0.024,0.02,0.029,0.009,0.024,-0.068,0.042,0.033
387,0,0.025,0.018,0.025,0.009,0.023,-0.062,0.042,0.034
387.5,-0.002,0.023,0.014,0.025,0.012,0.022,-0.054,0.042,0.034
388,-0.004,0.026,0.025,0.029,0.014,0.021,-0.047,0.042,0.034
388.5,-0.002,0.026,0.03,0.031,0.013,0.02,-0.042,0.04,0.034
389,-0.002,0.026,0.031,0.03,0.01,0.019,-0.039,0.04,0.034
389.5,-0.002,0.026,0.031,0.028,0.007,0.021,-0.035,0.038,0.034
390,-0.005,0.022,0.029,0.028,0.003,0.021,-0.034,0.036,0.034
390.5,-0.007,0.021,0.028,0.025,0.002,0.021,-0.032,0.036,0.034
391,-0.003,0.019,0.027,0.025,-0.001,0.021,-0.029,0.034,0.034
391.5,-0.002,0.015,0.026,0.025,-0.009,0.02,-0.026,0.034,0.034
392,-0.004,0.021,0.024,0.025,-0.029,0.02,-0.022,0.033,0.034
392.5,-0.004,0.029,0.027,0.024,-0.054,0.019,-0.019,0.032,0.034
393,-0.004,0.025,0.029,0.024,-0.082,0.017,-0.016,0.032,0.033
393.5,-0.003,0.022,0.029,0.023,-0.104,0.016,-0.013,0.032,0.033
394,-0.003,0.022,0.029,0.025,-0.117,0.016,-0.013,0.032,0.033
394.5,-0.004,0.021,0.027,0.027,-0.113,0.016,-0.015,0.032,0.032
395,-0.005,0.022,0.026,0.029,-0.093,0.016,-0.017,0.03,0.032
395.5,-0.005,0.022,0.025,0.028,-0.068,0.016,-0.02,0.03,0.033
396,-0.002,0.021,0.021,0.025,-0.048,0.015,-0.022,0.03,0.033
396.5,-0.002,0.022,0.021,0.022,-0.034,0.016,-0.022,0.03,0.033
397,-0.004,0.025,0.019,0.026,-0.028,0.017,-0.023,0.03,0.033
397.5,-0.005,0.027,0.023,0.029,-0.025,0.016,-0.024,0.03,0.033
398,-0.002,0.025,0.026,0.029,-0.024,0.016,-0.024,0.029,0.034
398.5,-0.003,0.021,0.025,0.028,-0.023,0.014,-0.026,0.028,0.033
399,-0.004,0.022,0.023,0.026,-0.021,0.017,-0.027,0.028,0.034
399.5,-0.005,0.022,0.023,0.027,-0.019,0.019,-0.028,0.027,0.034
400,-0.006,0.022,0.023,0.026,-0.015,0.02,-0.027,0.026,0.034
400.5,-0.006,0.021,0.022,0.024,-0.012,0.02,-0.024,0.026,0.034
401,-0.002,0.024,0.02,0.022,-0.012,0.018,-0.021,0.026,0.034
401.5,-0.003,0.027,0.02,0.019,-0.012,0.017,-0.017,0.025,0.034
402,-0.003,0.029,0.023,0.019,-0.009,0.016,-0.011,0.025,0.034
402.5,-0.002,0.03,0.027,0.02,-0.008,0.014,-0.006,0.024,0.034
403,-0.002,0.03,0.026,0.02,-0.01,0.012,-0.003,0.024,0.034
403.5,-0.002,0.03,0.025,0.023,-0.011,0.011,-0.002,0.024,0.033
404,-0.003,0.027,0.024,0.022,-0.015,0.01,-0.001,0.023,0.033
404.5,-0.003,0.026,0.024,0.022,-0.021,0.01,0,0.022,0.032
405,-0.003,0.023,0.022,0.02,-0.024,0.009,0.002,0.022,0.032
405.5,-0.003,0.022,0.021,0.019,-0.026,0.01,0.005,0.02,0.033
406,-0.001,0.029,0.02,0.018,-0.026,0.01,0.007,0.019,0.032
406.5,-0.002,0.03,0.02,0.02,-0.027,0.011,0.01,0.018,0.032
407,-0.003,0.025,0.021,0.02,-0.028,0.01,0.012,0.015,0.032
407.5,-0.002,0.024,0.026,0.017,-0.028,0.008,0.012,0.012,0.032
408,-0.002,0.021,0.026,0.016,-0.025,0.006,0.013,0.008,0.032
408.5,-0.002,0.021,0.026,0.017,-0.019,0.006,0.014,0.002,0.032
409,-0.004,0.02,0.028,0.018,-0.01,0.007,0.015,-0.005,0.032
409.5,-0.004,0.02,0.028,0.017,-0.006,0.007,0.017,-0.012,0.032
410,-0.004,0.018,0.025,0.014,-0.007,0.006,0.02,-0.019,0.03
410.5,-0.003,0.018,0.021,0.014,-0.005,0.006,0.022,-0.027,0.031
411,-0.004,0.021,0.023,0.011,-0.002,0.006,0.023,-0.034,0.03
411.5,-0.006,0.022,0.025,0.014,-0.002,0.005,0.024,-0.039,0.03
412,-0.004,0.023,0.028,0.015,-0.003,0.004,0.025,-0.043,0.03
412.5,-0.003,0.022,0.026,0.014,0,0.002,0.026,-0.046,0.03
413,-0.004,0.02,0.025,0.016,0,-0.001,0.027,-0.047,0.03
413.5,-0.005,0.02,0.025,0.015,0.002,-0.002,0.028,-0.048,0.029
414,-0.006,0.018,0.024,0.016,0.006,-0.002,0.03,-0.046,0.028
414.5,-0.006,0.019,0.023,0.016,0.01,-0.006,0.031,-0.045,0.028
415,-0.005,0.021,0.022,0.014,0.013,-0.013,0.032,-0.043,0.028
415.5,-0.005,0.025,0.021,0.013,0.014,-0.024,0.031,-0.041,0.028
416,-0.005,0.021,0.02,0.012,0.012,-0.041,0.03,-0.039,0.028
416.5,-0.005,0.017,0.024,0.015,0.011,-0.063,0.029,-0.038,0.028
417,-0.005,0.02,0.028,0.016,0.01,-0.088,0.028,-0.036,0.028
417.5,-0.005,0.018,0.028,0.012,0.01,-0.105,0.026,-0.034,0.026
418,-0.006,0.017,0.03,0.012,0.01,-0.11,0.026,-0.034,0.026
418.5,-0.008,0.014,0.032,0.012,0.012,-0.103,0.027,-0.034,0.026
419,-0.009,0.013,0.028,0.012,0.015,-0.087,0.03,-0.033,0.026
419.5,-0.009,0.011,0.025,0.011,0.018,-0.066,0.032,-0.032,0.026
420,-0.009,0.015,0.021,0.006,0.02,-0.048,0.033,-0.032,0.026
420.5,-0.008,0.013,0.025,0.006,0.02,-0.034,0.033,-0.032,0.025
421,-0.008,0.015,0.032,0.007,0.021,-0.024,0.033,-0.032,0.024
421.5,-0.009,0.017,0.03,0.01,0.022,-0.019,0.032,-0.032,0.024
422,-0.008,0.019,0.029,0.007,0.025,-0.016,0.03,-0.03,0.024
422.5,-0.009,0.018,0.027,0.008,0.027,-0.014,0.031,-0.029,0.024
423,-0.01,0.017,0.029,0.011,0.028,-0.015,0.031,-0.027,0.023
423.5,-0.01,0.014,0.027,0.012,0.028,-0.018,0.031,-0.025,0.022
424,-0.011,0.013,0.026,0.009,0.027,-0.021,0.032,-0.023,0.022
424.5,-0.011,0.018,0.024,0.006,0.026,-0.023,0.031,-0.021,0.022
425,-0.008,0.015,0.023,0.002,0.025,-0.026,0.03,-0.018,0.022
425.5,-0.009,0.009,0.026,0.002,0.025,-0.027,0.029,-0.015,0.021
426,-0.011,0.012,0.026,-0.003,0.022,-0.026,0.027,-0.013,0.02
426.5,-0.013,0.013,0.029,-0.022,0.02,-0.029,0.026,-0.01,0.02
427,-0.047,0.013,0.029,-0.055,0.02,-0.031,0.024,-0.008,0.02
427.5,-0.08,0.012,0.028,-0.08,0.024,-0.031,0.022,-0.007,0.02
428,-0.032,0.009,0.027,-0.1,0.027,-0.029,0.023,-0.005,0.019
428.5,-0.018,0.007,0.025,-0.107,0.029,-0.027,0.026,-0.004,0.018
429,-0.02,0.007,0.025,-0.103,0.03,-0.025,0.027,-0.002,0.018
429.5,-0.022,0.01,0.022,-0.084,0.031,-0.018,0.029,0.001,0.018
430,-0.024,0.01,0.028,-0.061,0.03,-0.011,0.028,0.003,0.016
430.5,-0.027,0.01,0.029,-0.045,0.028,-0.007,0.028,0.005,0.016
431,-0.026,0.011,0.028,-0.032,0.025,-0.006,0.028,0.007,0.014
431.5,-0.022,0.013,0.027,-0.024,0.028,-0.006,0.026,0.009,0.012
432,-0.02,0.011,0.027,-0.021,0.03,-0.007,0.026,0.01,0.01
432.5,-0.016,0.011,0.026,-0.022,0.03,-0.006,0.027,0.012,0.008
433,-0.018,0.008,0.022,-0.021,0.029,-0.006,0.028,0.015,0.005
433.5,-0.02,0.005,0.019,-0.022,0.028,-0.006,0.028,0.018,0.002
434,-0.019,0.004,0.018,-0.025,0.027,-0.006,0.028,0.02,-0.002
434.5,-0.024,0.007,0.022,-0.03,0.025,-0.004,0.029,0.023,-0.004
435,-0.027,0.008,0.024,-0.029,0.022,-0.004,0.028,0.026,-0.006
435.5,-0.027,0.008,0.021,-0.021,0.021,-0.005,0.028,0.027,-0.008
436,-0.023,0.006,0.024,-0.016,0.021,-0.004,0.026,0.028,-0.01
436.5,-0.016,0.007,0.028,-0.009,0.022,-0.001,0.025,0.028,-0.011
437,-0.01,0.004,0.024,-0.002,0.027,0.003,0.026,0.031,-0.012
437.5,-0.009,0.004,0.024,0.003,0.029,0.006,0.027,0.033,-0.013
438,-0.008,0.002,0.024,0,0.03,0.008,0.029,0.035,-0.014
438.5,-0.006,0.001,0.022,-0.006,0.032,0.01,0.03,0.036,-0.014
439,-0.006,0.003,0.024,-0.01,0.032,0.012,0.03,0.037,-0.014
439.5,-0.008,0.003,0.027,-0.013,0.03,0.012,0.029,0.038,-0.015
440,-0.01,0.002,0.024,-0.013,0.026,0.012,0.028,0.038,-0.016
440.5,-0.004,0,0.022,-0.012,0.023,0.012,0.028,0.038,-0.016
441,-0.002,-0.026,0.019,-0.015,0.026,0.015,0.026,0.038,-0.016
441.5,-0.002,-0.093,0.02,-0.02,0.029,0.018,0.027,0.038,-0.016
442,-0.003,-0.171,0.02,-0.028,0.029,0.018,0.028,0.04,-0.016
442.5,-0.003,-0.174,0.02,-0.029,0.029,0.018,0.03,0.041,-0.017
443,-0.002,-0.096,0.017,-0.025,0.028,0.018,0.031,0.043,-0.017
443.5,-0.003,-0.033,0.016,-0.021,0.028,0.018,0.031,0.044,-0.016
444,-0.003,-0.013,0.019,-0.016,0.026,0.019,0.031,0.044,-0.016
444.5,-0.004,-0.01,0.019,-0.014,0.025,0.019,0.03,0.045,-0.016
445,-0.005,-0.005,0.015,-0.014,0.025,0.019,0.028,0.046,-0.016
445.5,-0.002,-0.002,0.019,-0.01,0.024,0.019,0.028,0.046,-0.016
446,-0.002,0.001,0.018,-0.009,0.025,0.021,0.026,0.046,-0.016
446.5,-0.002,0.002,0.019,-0.006,0.028,0.024,0.025,0.047,-0.016
447,-0.003,-0.007,0.021,-0.006,0.03,0.026,0.025,0.048,-0.015
447.5,-0.003,-0.011,0.022,-0.006,0.029,0.028,0.027,0.048,-0.014
448,-0.001,-0.015,0.016,-0.006,0.029,0.028,0.028,0.048,-0.014
448.5,-0.002,-0.014,0.016,-0.005,0.027,0.027,0.028,0.048,-0.013
449,-0.003,-0.012,0.018,-0.004,0.027,0.025,0.028,0.048,-0.012
449.5,-0.003,-0.008,0.015,-0.004,0.026,0.026,0.028,0.048,-0.011
450,-0.003,-0.014,0.007,-0.002,0.027,0.027,0.026,0.047,-0.01
450.5,-0.001,-0.022,0.011,0.001,0.029,0.028,0.026,0.046,-0.008
451,-0.003,-0.023,0.013,0.003,0.03,0.028,0.027,0.046,-0.008
451.5,-0.003,-0.027,0.013,0.005,0.03,0.027,0.029,0.046,-0.007
452,-0.003,-0.038,0.011,0.007,0.029,0.027,0.03,0.046,-0.006
452.5,-0.001,-0.037,0.007,0.008,0.029,0.026,0.031,0.046,-0.005
453,-0.002,-0.018,0.006,0.01,0.028,0.025,0.032,0.046,-0.004
453.5,-0.003,-0.01,0.009,0.016,0.026,0.023,0.032,0.046,-0.003
454,-0.004,-0.007,0.01,0.021,0.025,0.021,0.031,0.046,-0.002
454.5,-0.004,-0.016,0.007,0.023,0.024,0.02,0.03,0.046,-0.002
455,-0.003,-0.006,0.006,0.023,0.025,0.022,0.029,0.046,-0.002
455.5,-0.002,-0.006,0.012,0.023,0.025,0.026,0.029,0.048,0
456,-0.002,-0.008,0.014,0.02,0.027,0.027,0.029,0.048,0.002
456.5,-0.003,-0.009,0.012,0.019,0.029,0.029,0.03,0.048,0.002
457,-0.002,-0.012,0.009,0.02,0.029,0.03,0.03,0.048,0.002
457.5,-0.002,-0.012,0.005,0.023,0.028,0.03,0.03,0.048,0.004
458,-0.002,-0.011,0.009,0.024,0.029,0.028,0.03,0.048,0.005
458.5,-0.002,-0.001,0.012,0.025,0.028,0.024,0.03,0.048,0.006
459,-0.002,0,0.009,0.025,0.027,0.023,0.029,0.048,0.007
459.5,-0.003,-0.013,0.002,0.023,0.029,0.025,0.029,0.048,0.008
460,-0.002,-0.018,0.003,0.023,0.029,0.026,0.028,0.047,0.009
460.5,-0.001,-0.021,0.007,0.021,0.03,0.026,0.029,0.047,0.01
461,-0.002,-0.023,0.006,0.019,0.029,0.026,0.031,0.047,0.011
461.5,-0.003,-0.019,0.006,0.017,0.028,0.026,0.032,0.048,0.012
462,-0.002,-0.012,0.004,0.022,0.028,0.026,0.033,0.048,0.012
462.5,-0.003,-0.009,0.002,0.028,0.029,0.025,0.032,0.048,0.013
463,-0.004,-0.01,0.004,0.028,0.028,0.024,0.031,0.048,0.014
463.5,-0.004,-0.01,0.003,0.029,0.027,0.023,0.03,0.049,0.015
464,-0.004,-0.009,0,0.027,0.027,0.021,0.029,0.05,0.015
464.5,-0.004,-0.007,0,0.027,0.027,0.023,0.028,0.05,0.014
465,-0.002,0.003,-0.003,0.027,0.027,0.026,0.027,0.05,0.016
465.5,-0.002,0.007,-0.024,0.026,0.028,0.028,0.026,0.05,0.017
466,-0.004,0.009,-0.084,0.027,0.03,0.027,0.026,0.05,0.018
466.5,-0.002,0.014,-0.147,0.029,0.031,0.026,0.027,0.05,0.018
467,-0.003,0.018,-0.184,0.031,0.031,0.026,0.027,0.05,0.018
467.5,-0.005,0.018,-0.141,0.032,0.031,0.025,0.026,0.05,0.019
468,-0.005,0.018,-0.065,0.032,0.029,0.024,0.025,0.05,0.02
468.5,-0.006,0.016,-0.028,0.03,0.028,0.026,0.024,0.048,0.02
469,-0.005,0.015,-0.012,0.027,0.03,0.026,0.022,0.048,0.02
469.5,-0.006,0.012,-0.003,0.025,0.031,0.027,0.022,0.048,0.021
470,-0.004,0.011,0.003,0.023,0.028,0.028,0.024,0.048,0.022
470.5,-0.006,0.014,0.002,0.021,0.025,0.028,0.024,0.048,0.022
471,-0.006,0.016,-0.005,0.018,0.026,0.028,0.023,0.048,0.022
471.5,-0.005,0.023,-0.01,0.024,0.026,0.027,0.024,0.048,0.023
472,-0.006,0.025,-0.015,0.028,0.023,0.025,0.024,0.049,0.024
472.5,-0.007,0.023,-0.021,0.027,0.021,0.023,0.023,0.05,0.024
473,-0.008,0.022,-0.015,0.027,0.02,0.022,0.022,0.05,0.024
473.5,-0.008,0.022,-0.01,0.026,0.021,0.023,0.021,0.05,0.024
474,-0.008,0.021,-0.014,0.025,0.023,0.023,0.02,0.05,0.024
474.5,-0.007,0.022,-0.017,0.025,0.021,0.024,0.018,0.05,0.024
475,-0.007,0.022,-0.02,0.023,0.022,0.025,0.018,0.05,0.025
475.5,-0.008,0.024,-0.024,0.022,0.024,0.026,0.019,0.05,0.026
476,-0.007,0.026,-0.027,0.024,0.027,0.026,0.02,0.05,0.026
476.5,-0.009,0.026,-0.021,0.027,0.029,0.026,0.02,0.051,0.026
477,-0.009,0.026,-0.013,0.027,0.026,0.026,0.02,0.05,0.026
477.5,-0.009,0.025,-0.013,0.025,0.023,0.025,0.02,0.05,0.026
478,-0.01,0.022,-0.012,0.024,0.023,0.027,0.019,0.05,0.026
478.5,-0.01,0.023,-0.01,0.022,0.027,0.028,0.018,0.05,0.026
479,-0.01,0.022,-0.009,0.023,0.028,0.028,0.018,0.05,0.026
479.5,-0.011,0.022,-0.008,0.022,0.025,0.028,0.019,0.049,0.026
480,-0.039,0.018,-0.008,0.021,0.022,0.026,0.021,0.048,0.027
480.5,-0.086,0.02,-0.009,0.017,0.023,0.026,0.022,0.048,0.026
481,-0.027,0.025,-0.012,0.02,0.022,0.026,0.021,0.05,0.027
481.5,-0.02,0.026,-0.013,0.025,0.02,0.027,0.02,0.05,0.026
482,-0.016,0.027,-0.01,0.025,0.019,0.026,0.018,0.05,0.026
482.5,-0.015,0.026,-0.008,0.025,0.018,0.026,0.018,0.05,0.026
483,-0.016,0.025,-0.009,0.026,0.017,0.025,0.016,0.049,0.026
483.5,-0.018,0.021,-0.012,0.027,0.018,0.024,0.015,0.05,0.026
484,-0.023,0.019,-0.013,0.025,0.017,0.026,0.014,0.05,0.028
484.5,-0.024,0.019,-0.012,0.021,0.017,0.028,0.014,0.05,0.028
485,-0.026,0.023,-0.013,0.022,0.018,0.029,0.014,0.051,0.029
485.5,-0.025,0.025,-0.011,0.028,0.018,0.029,0.014,0.051,0.029
486,-0.02,0.027,-0.006,0.031,0.017,0.029,0.013,0.052,0.028
486.5,-0.018,0.024,0.003,0.03,0.016,0.027,0.013,0.051,0.028
487,-0.019,0.023,0.008,0.029,0.014,0.027,0.012,0.05,0.029
487.5,-0.022,0.023,0.007,0.027,0.016,0.029,0.011,0.05,0.03
488,-0.021,0.022,0.007,0.026,0.017,0.029,0.009,0.048,0.03
488.5,-0.02,0.021,0.01,0.026,0.018,0.027,0.008,0.048,0.03
489,-0.023,0.019,0.013,0.025,0.016,0.024,0.008,0.048,0.03
489.5,-0.022,0.015,0.013,0.023,0.015,0.024,0.008,0.048,0.032
490,-0.021,0.024,0.013,0.022,0.014,0.025,0.009,0.048,0.032
490.5,-0.02,0.028,0.012,0.024,0.014,0.024,0.008,0.048,0.032
491,-0.015,0.026,0.008,0.027,0.013,0.022,0.008,0.048,0.032
491.5,-0.011,0.026,0.009,0.028,0.012,0.02,0.008,0.048,0.032
492,-0.009,0.025,0.011,0.028,0.01,0.021,0.006,0.046,0.032
492.5,-0.006,0.021,0.014,0.029,0.01,0.022,0.004,0.046,0.032
493,-0.006,0.019,0.013,0.029,0.01,0.022,0.002,0.046,0.032
493.5,-0.004,0.018,0.011,0.027,0.009,0.023,-0.002,0.046,0.032
494,-0.006,0.019,0.01,0.024,0.01,0.024,-0.005,0.045,0.032
494.5,-0.006,0.025,0.013,0.026,0.012,0.027,-0.015,0.044,0.032
495,-0.003,0.026,0.021,0.029,0.012,0.028,-0.028,0.044,0.032
495.5,-0.001,0.024,0.023,0.031,0.012,0.025,-0.045,0.044,0.032
496,-0.002,0.025,0.023,0.03,0.01,0.023,-0.061,0.042,0.032
496.5,-0.004,0.025,0.026,0.029,0.01,0.024,-0.075,0.042,0.032
497,-0.002,0.024,0.026,0.029,0.012,0.026,-0.086,0.041,0.032
497.5,-0.002,0.022,0.025,0.027,0.01,0.028,-0.089,0.04,0.032
498,-0.002,0.021,0.024,0.025,0.008,0.025,-0.084,0.04,0.032
498.5,-0.002,0.017,0.022,0.024,0.006,0.025,-0.075,0.038,0.032
499,-0.004,0.016,0.023,0.023,0.006,0.024,-0.064,0.038,0.032
499.5,-0.002,0.016,0.026,0.025,0.006,0.024,-0.054,0.038,0.032
500,-0.002,0.023,0.028,0.026,0.007,0.022,-0.044,0.038,0.032
500.5,-0.003,0.026,0.027,0.028,0.006,0.02,-0.035,0.038,0.032
501,-0.004,0.025,0.026,0.029,0.003,0.018,-0.029,0.038,0.032
501.5,-0.004,0.024,0.024,0.028,-0.001,0.019,-0.023,0.038,0.032
502,-0.004,0.02,0.022,0.027,-0.005,0.02,-0.021,0.037,0.032
502.5,-0.003,0.021,0.022,0.026,-0.013,0.019,-0.02,0.036,0.032
503,-0.003,0.019,0.02,0.024,-0.035,0.019,-0.02,0.036,0.032
503.5,-0.004,0.023,0.02,0.022,-0.067,0.02,-0.022,0.036,0.032
504,-0.003,0.024,0.02,0.027,-0.103,0.02,-0.024,0.036,0.032
504.5,0,0.024,0.024,0.029,-0.121,0.02,-0.024,0.035,0.032
505,-0.001,0.026,0.026,0.029,-0.114,0.018,-0.027,0.034,0.032
505.5,-0.002,0.027,0.027,0.03,-0.095,0.017,-0.029,0.034,0.033
506,-0.002,0.026,0.026,0.027,-0.072,0.018,-0.031,0.032,0.032
506.5,-0.001,0.025,0.025,0.026,-0.054,0.019,-0.032,0.032,0.032
507,-0.001,0.022,0.021,0.025,-0.04,0.019,-0.034,0.03,0.032
507.5,-0.003,0.022,0.02,0.023,-0.031,0.017,-0.033,0.03,0.033
508,-0.004,0.02,0.021,0.022,-0.024,0.017,-0.032,0.029,0.034
508.5,-0.005,0.021,0.026,0.02,-0.016,0.017,-0.029,0.028,0.034
509,-0.003,0.023,0.027,0.02,-0.011,0.016,-0.026,0.028,0.034
509.5,-0.001,0.028,0.027,0.021,-0.01,0.015,-0.02,0.028,0.034
510,-0.001,0.028,0.025,0.02,-0.01,0.014,-0.014,0.028,0.033
510.5,-0.003,0.025,0.023,0.024,-0.011,0.012,-0.008,0.027,0.033
511,-0.003,0.025,0.022,0.023,-0.011,0.011,-0.005,0.026,0.032
511.5,-0.002,0.024,0.02,0.023,-0.012,0.012,-0.002,0.026,0.032
512,-0.002,0.023,0.021,0.023,-0.015,0.011,-0.002,0.024,0.033
512.5,-0.003,0.023,0.021,0.022,-0.016,0.012,-0.002,0.024,0.033
513,-0.003,0.02,0.02,0.023,-0.016,0.012,-0.001,0.023,0.034
513.5,-0.003,0.025,0.022,0.025,-0.018,0.012,0,0.022,0.033
514,-0.002,0.027,0.024,0.025,-0.02,0.012,0.002,0.022,0.033
514.5,-0.001,0.027,0.025,0.025,-0.027,0.012,0.002,0.022,0.033
515,-0.001,0.025,0.026,0.025,-0.033,0.012,0.004,0.021,0.032
515.5,-0.002,0.025,0.026,0.022,-0.035,0.012,0.004,0.02,0.032
516,-0.001,0.021,0.024,0.021,-0.031,0.011,0.004,0.019,0.032
516.5,-0.002,0.019,0.021,0.019,-0.025,0.011,0.004,0.017,0.032
517,-0.002,0.019,0.02,0.017,-0.019,0.008,0.006,0.016,0.032
517.5,-0.002,0.019,0.019,0.017,-0.014,0.008,0.009,0.014,0.032
518,-0.004,0.02,0.027,0.016,-0.008,0.008,0.011,0.011,0.032
518.5,-0.003,0.025,0.029,0.018,-0.004,0.008,0.013,0.008,0.032
519,-0.002,0.02,0.028,0.018,-0.002,0.007,0.014,0.005,0.032
519.5,-0.002,0.022,0.027,0.016,-0.002,0.006,0.016,0.001,0.032
520,-0.002,0.023,0.025,0.018,0,0.005,0.016,-0.004,0.032
520.5,-0.003,0.023,0.026,0.018,0.002,0.004,0.018,-0.012,0.031
521,-0.003,0.023,0.024,0.019,0.003,0.005,0.019,-0.021,0.03
521.5,-0.003,0.021,0.023,0.018,0.002,0.004,0.02,-0.031,0.03
522,-0.003,0.02,0.022,0.015,0.002,0.006,0.02,-0.039,0.03
522.5,-0.005,0.02,0.021,0.015,-0.002,0.006,0.021,-0.045,0.03
523,-0.004,0.027,0.025,0.015,-0.005,0.006,0.022,-0.048,0.03
523.5,-0.005,0.027,0.028,0.017,-0.006,0.005,0.023,-0.047,0.03
524,-0.005,0.027,0.028,0.018,-0.007,0.001,0.024,-0.045,0.03
524.5,-0.005,0.024,0.027,0.015,-0.006,-0.008,0.022,-0.043,0.029
525,-0.007,0.021,0.024,0.013,-0.003,-0.023,0.022,-0.041,0.029
525.5,-0.005,0.019,0.022,0.011,-0.002,-0.047,0.022,-0.039,0.028
526,-0.006,0.018,0.021,0.011,0.001,-0.079,0.022,-0.038,0.028
526.5,-0.007,0.017,0.02,0.008,0.005,-0.101,0.024,-0.037,0.028
527,-0.007,0.017,0.021,0.008,0.009,-0.1,0.027,-0.036,0.028
527.5,-0.008,0.016,0.026,0.01,0.011,-0.084,0.029,-0.035,0.028
528,-0.008,0.016,0.026,0.01,0.011,-0.063,0.03,-0.034,0.027
528.5,-0.008,0.015,0.024,0.009,0.014,-0.044,0.03,-0.034,0.026
529,-0.006,0.015,0.024,0.01,0.017,-0.033,0.029,-0.034,0.027
529.5,-0.007,0.016,0.023,0.011,0.02,-0.026,0.028,-0.034,0.026
530,-0.007,0.017,0.024,0.01,0.022,-0.02,0.028,-0.034,0.025
530.5,-0.007,0.016,0.022,0.011,0.022,-0.018,0.03,-0.034,0.025
531,-0.008,0.013,0.021,0.008,0.022,-0.018,0.03,-0.034,0.024
531.5,-0.008,0.012,0.021,0.006,0.023,-0.021,0.031,-0.034,0.024
532,-0.009,0.015,0.022,0.01,0.022,-0.025,0.031,-0.032,0.024
532.5,-0.009,0.02,0.027,0.01,0.021,-0.026,0.03,-0.03,0.024
533,-0.009,0.021,0.03,0.009,0.021,-0.027,0.029,-0.026,0.024
533.5,-0.01,0.019,0.032,0.009,0.021,-0.029,0.028,-0.024,0.023
534,-0.009,0.014,0.029,0.008,0.023,-0.03,0.026,-0.022,0.022
534.5,-0.025,0.011,0.026,0.008,0.024,-0.029,0.025,-0.02,0.022
535,-0.089,0.013,0.028,0.008,0.025,-0.027,0.025,-0.019,0.022
535.5,-0.042,0.012,0.027,0.006,0.026,-0.024,0.027,-0.017,0.022
536,-0.019,0.011,0.029,0.004,0.026,-0.02,0.029,-0.016,0.022
536.5,-0.016,0.011,0.032,0.004,0.026,-0.015,0.03,-0.014,0.022
537,-0.017,0.011,0.031,0.005,0.024,-0.008,0.03,-0.012,0.021
537.5,-0.023,0.012,0.03,0.005,0.023,-0.004,0.031,-0.01,0.02
538,-0.026,0.011,0.03,0.004,0.023,-0.004,0.03,-0.009,0.02
538.5,-0.027,0.012,0.029,0.003,0.024,-0.005,0.029,-0.006,0.02
539,-0.029,0.012,0.024,0.002,0.026,-0.008,0.026,-0.004,0.02
539.5,-0.027,0.009,0.024,-0.001,0.027,-0.013,0.028,-0.004,0.018
540,-0.023,0.007,0.022,-0.011,0.028,-0.016,0.028,-0.003,0.018
540.5,-0.021,0.004,0.021,-0.039,0.028,-0.014,0.028,-0.001,0.018
541,-0.019,0.004,0.021,-0.083,0.027,-0.012,0.029,0.002,0.016
541.5,-0.014,0.009,0.023,-0.128,0.026,-0.01,0.029,0.006,0.015
542,-0.017,0.013,0.025,-0.152,0.025,-0.007,0.028,0.009,0.013
542.5,-0.022,0.013,0.028,-0.135,0.023,-0.006,0.028,0.011,0.011
543,-0.027,0.01,0.026,-0.09,0.023,-0.008,0.027,0.014,0.009
543.5,-0.029,0.01,0.026,-0.05,0.027,-0.008,0.026,0.016,0.006
544,-0.026,0.008,0.025,-0.025,0.029,-0.008,0.026,0.019,0.003
544.5,-0.021,0.008,0.025,-0.011,0.03,-0.006,0.026,0.021,0
545,-0.016,0.006,0.024,-0.004,0.031,-0.005,0.028,0.022,-0.003
545.5,-0.013,0.005,0.021,-0.003,0.028,-0.001,0.03,0.023,-0.005
546,-0.008,0.003,0.024,-0.004,0.026,0.004,0.03,0.025,-0.007
546.5,-0.005,0.006,0.026,-0.002,0.024,0.007,0.03,0.026,-0.008
547,-0.004,0.005,0.025,-0.004,0.023,0.006,0.03,0.026,-0.01
547.5,-0.006,0.005,0.022,-0.008,0.024,0.006,0.028,0.028,-0.01
548,-0.006,0.008,0.02,-0.014,0.025,0.006,0.027,0.028,-0.012
548.5,-0.006,0.006,0.02,-0.019,0.026,0.006,0.028,0.028,-0.012
549,-0.004,0.004,0.019,-0.023,0.026,0.006,0.029,0.03,-0.012
549.5,-0.002,0.005,0.019,-0.025,0.025,0.006,0.029,0.032,-0.012
550,-0.001,0.002,0.016,-0.026,0.023,0.009,0.03,0.034,-0.013
550.5,-0.003,0.002,0.017,-0.027,0.021,0.013,0.031,0.035,-0.014
551,-0.003,-0.001,0.022,-0.027,0.02,0.016,0.03,0.036,-0.014
551.5,-0.001,-0.028,0.019,-0.026,0.019,0.016,0.029,0.038,-0.014
552,-0.001,-0.113,0.019,-0.028,0.018,0.016,0.028,0.038,-0.014
552.5,-0.002,-0.189,0.019,-0.026,0.022,0.017,0.027,0.039,-0.016
553,-0.002,-0.158,0.023,-0.025,0.026,0.018,0.027,0.04,-0.016
553.5,-0.004,-0.074,0.023,-0.022,0.029,0.018,0.027,0.041,-0.016
554,-0.002,-0.025,0.022,-0.018,0.029,0.018,0.026,0.042,-0.016
554.5,-0.002,-0.006,0.02,-0.015,0.029,0.019,0.027,0.043,-0.016
555,-0.003,-0.004,0.018,-0.012,0.029,0.02,0.029,0.046,-0.016
555.5,-0.004,-0.005,0.022,-0.013,0.028,0.021,0.029,0.046,-0.015
556,-0.003,-0.006,0.022,-0.016,0.028,0.022,0.029,0.046,-0.014
556.5,-0.003,-0.016,0.015,-0.018,0.027,0.022,0.029,0.046,-0.014
557,-0.004,-0.02,0.016,-0.018,0.029,0.024,0.028,0.046,-0.012
557.5,-0.004,-0.027,0.017,-0.018,0.031,0.026,0.028,0.046,-0.012
558,-0.003,-0.033,0.017,-0.017,0.033,0.026,0.029,0.045,-0.012
558.5,-0.001,-0.034,0.015,-0.017,0.032,0.026,0.03,0.046,-0.012
559,0.001,-0.034,0.013,-0.016,0.031,0.026,0.03,0.046,-0.011
559.5,0,-0.037,0.012,-0.014,0.029,0.025,0.03,0.046,-0.01
560,-0.002,-0.038,0.011,-0.011,0.026,0.024,0.03,0.048,-0.01
560.5,-0.002,-0.027,0.013,-0.006,0.026,0.023,0.03,0.046,-0.009
561,0.001,-0.018,0.013,-0.004,0.024,0.022,0.03,0.047,-0.008
561.5,-0.001,-0.016,0.014,-0.002,0.023,0.021,0.03,0.046,-0.008
562,-0.003,-0.011,0.014,0.008,0.024,0.024,0.03,0.046,-0.008
562.5,-0.003,-0.007,0.014,0.011,0.028,0.027,0.029,0.046,-0.007
563,-0.003,-0.01,0.015,0.014,0.029,0.028,0.029,0.046,-0.006
563.5,-0.003,-0.012,0.013,0.014,0.029,0.028,0.03,0.046,-0.006
564,-0.003,-0.011,0.011,0.013,0.029,0.028,0.032,0.046,-0.005
564.5,-0.002,-0.012,0.01,0.011,0.028,0.027,0.032,0.046,-0.004
565,-0.002,-0.013,0.014,0.01,0.027,0.026,0.032,0.046,-0.003
565.5,-0.002,-0.016,0.012,0.007,0.026,0.024,0.032,0.046,-0.002
566,-0.001,-0.001,0.011,0.006,0.023,0.023,0.032,0.045,-0.002
566.5,-0.002,-0.005,0.007,0.01,0.026,0.024,0.03,0.044,0
567,-0.003,-0.012,0.008,0.012,0.027,0.026,0.029,0.044,0.002
567.5,-0.004,-0.017,0.01,0.013,0.028,0.026,0.03,0.044,0.003
568,-0.002,-0.024,0.009,0.015,0.028,0.026,0.031,0.044,0.004
568.5,-0.001,-0.027,0.007,0.018,0.025,0.024,0.032,0.044,0.006
569,-0.001,-0.027,0.007,0.023,0.024,0.023,0.031,0.044,0.006
569.5,-0.002,-0.021,0.008,0.025,0.024,0.021,0.03,0.044,0.008
570,-0.001,-0.015,0.01,0.027,0.024,0.019,0.03,0.044,0.008
570.5,-0.001,-0.013,0.006,0.028,0.023,0.018,0.028,0.044,0.01
571,-0.002,-0.007,0.007,0.026,0.023,0.018,0.026,0.044,0.01
571.5,-0.003,-0.003,0.008,0.024,0.023,0.022,0.025,0.044,0.01
572,-0.003,0,0.008,0.022,0.024,0.025,0.024,0.044,0.012
572.5,-0.003,0.008,0.009,0.021,0.026,0.026,0.025,0.044,0.012
573,-0.002,0.002,0.006,0.024,0.026,0.028,0.025,0.046,0.013
573.5,-0.001,-0.003,0.005,0.026,0.028,0.028,0.026,0.046,0.014
574,-0.001,-0.004,0.007,0.026,0.028,0.027,0.026,0.046,0.015
574.5,-0.003,-0.003,0.008,0.025,0.026,0.027,0.027,0.046,0.016
575,-0.001,0.006,0.007,0.023,0.026,0.026,0.027,0.048,0.016
575.5,-0.002,0.01,0.001,0.022,0.026,0.027,0.027,0.047,0.016
576,-0.003,0.01,-0.004,0.022,0.03,0.028,0.026,0.047,0.018
576.5,-0.004,0.009,-0.009,0.02,0.031,0.03,0.025,0.046,0.018
577,-0.005,0.009,-0.028,0.018,0.03,0.031,0.027,0.046,0.019
577.5,-0.004,0.009,-0.065,0.022,0.03,0.03,0.028,0.046,0.02
578,-0.004,0.008,-0.114,0.026,0.029,0.029,0.029,0.046,0.02
578.5,-0.004,0.01,-0.15,0.026,0.029,0.027,0.029,0.048,0.02
579,-0.005,0.016,-0.13,0.026,0.028,0.026,0.028,0.048,0.02
579.5,-0.004,0.02,-0.083,0.025,0.026,0.024,0.028,0.048,0.02
580,-0.004,0.021,-0.04,0.024,0.025,0.023,0.026,0.048,0.021
580.5,-0.006,0.019,-0.017,0.024,0.024,0.022,0.025,0.048,0.022
581,-0.006,0.02,-0.015,0.022,0.025,0.024,0.023,0.048,0.022
581.5,-0.008,0.022,-0.019,0.021,0.026,0.027,0.022,0.049,0.022
582,-0.008,0.02,-0.021,0.024,0.027,0.027,0.022,0.049,0.022
582.5,-0.008,0.019,-0.024,0.026,0.027,0.028,0.022,0.049,0.022
583,-0.006,0.025,-0.021,0.028,0.028,0.027,0.022,0.05,0.023
583.5,-0.005,0.026,-0.017,0.026,0.029,0.026,0.022,0.05,0.024
584,-0.008,0.025,-0.016,0.025,0.027,0.026,0.022,0.05,0.024
584.5,-0.006,0.025,-0.013,0.023,0.024,0.025,0.021,0.05,0.024
585,-0.008,0.024,-0.012,0.022,0.025,0.025,0.02,0.05,0.024
585.5,-0.008,0.023,-0.01,0.02,0.028,0.025,0.018,0.05,0.024
586,-0.008,0.022,-0.013,0.017,0.029,0.026,0.018,0.049,0.024
586.5,-0.008,0.017,-0.016,0.016,0.027,0.026,0.018,0.048,0.025
587,-0.009,0.017,-0.017,0.02,0.026,0.025,0.02,0.048,0.026
587.5,-0.008,0.017,-0.021,0.025,0.026,0.024,0.02,0.049,0.026
588,-0.007,0.022,-0.024,0.026,0.025,0.023,0.019,0.05,0.026
588.5,-0.009,0.03,-0.026,0.025,0.023,0.024,0.018,0.05,0.026
589,-0.016,0.03,-0.025,0.024,0.021,0.022,0.018,0.05,0.026
589.5,-0.089,0.026,-0.026,0.024,0.021,0.022,0.017,0.05,0.026
590,-0.045,0.024,-0.025,0.024,0.022,0.022,0.016,0.049,0.026
590.5,-0.019,0.026,-0.025,0.022,0.022,0.022,0.015,0.048,0.026
591,-0.017,0.023,-0.026,0.022,0.022,0.024,0.014,0.048,0.026
591.5,-0.019,0.022,-0.028,0.026,0.023,0.025,0.013,0.05,0.026
592,-0.022,0.025,-0.027,0.028,0.023,0.025,0.013,0.05,0.027
592.5,-0.026,0.026,-0.022,0.028,0.022,0.027,0.014,0.05,0.027
593,-0.028,0.027,-0.018,0.027,0.021,0.027,0.014,0.05,0.028
593.5,-0.027,0.028,-0.002,0.027,0.019,0.027,0.014,0.05,0.028
594,-0.023,0.027,-0.004,0.025,0.017,0.025,0.014,0.05,0.028
594.5,-0.02,0.023,-0.004,0.024,0.019,0.025,0.014,0.049,0.028
595,-0.018,0.023,-0.006,0.022,0.021,0.027,0.013,0.048,0.028
595.5,-0.017,0.02,-0.017,0.019,0.021,0.028,0.012,0.048,0.028
596,-0.019,0.016,-0.013,0.019,0.02,0.028,0.012,0.047,0.028
596.5,-0.019,0.016,-0.015,0.023,0.018,0.028,0.012,0.046,0.029
597,-0.02,0.017,-0.017,0.028,0.018,0.029,0.012,0.046,0.03
597.5,-0.025,0.024,-0.009,0.029,0.017,0.028,0.011,0.046,0.03
598,-0.028,0.029,-0.003,0.029,0.014,0.027,0.01,0.046,0.03
598.5,-0.025,0.027,-0.003,0.029,0.014,0.026,0.01,0.046,0.03
599,-0.022,0.025,-0.002,0.029,0.012,0.025,0.009,0.046,0.03
599.5,-0.022,0.024,-0.002,0.028,0.011,0.025,0.008,0.045,0.03
600,-0.018,0.024,-0.001,0.026,0.012,0.025,0.006,0.046,0.03
600.5,-0.009,0.022,0,0.026,0.011,0.026,0.005,0.046,0.03
601,-0.007,0.021,0.003,0.029,0.011,0.026,0.004,0.046,0.03
601.5,-0.006,0.022,0.01,0.03,0.012,0.026,0.004,0.046,0.03
602,-0.005,0.024,0.013,0.029,0.013,0.027,0.004,0.046,0.03
602.5,-0.005,0.027,0.015,0.028,0.013,0.028,0.003,0.046,0.031
603,-0.002,0.024,0.016,0.027,0.012,0.026,-0.001,0.046,0.032
603.5,0.002,0.024,0.018,0.024,0.013,0.024,-0.006,0.045,0.031
604,0.001,0.026,0.018,0.025,0.014,0.026,-0.015,0.044,0.032
604.5,-0.001,0.02,0.018,0.024,0.013,0.028,-0.031,0.044,0.032
605,-0.001,0.019,0.02,0.023,0.014,0.028,-0.051,0.042,0.032
605.5,-0.001,0.017,0.023,0.022,0.014,0.028,-0.072,0.042,0.032
606,-0.001,0.018,0.023,0.025,0.012,0.026,-0.083,0.042,0.032
606.5,-0.002,0.018,0.024,0.028,0.011,0.026,-0.082,0.042,0.032
607,-0.003,0.019,0.024,0.029,0.01,0.025,-0.073,0.04,0.032
607.5,-0.005,0.023,0.023,0.027,0.009,0.023,-0.062,0.04,0.032
608,-0.001,0.026,0.021,0.026,0.008,0.023,-0.05,0.04,0.032
608.5,-0.001,0.026,0.018,0.026,0.007,0.022,-0.04,0.04,0.032
609,-0.002,0.025,0.018,0.026,0.007,0.023,-0.032,0.038,0.032
609.5,-0.002,0.023,0.017,0.025,0.007,0.022,-0.027,0.038,0.032
610,-0.002,0.023,0.018,0.029,0.006,0.022,-0.023,0.038,0.032
610.5,-0.001,0.017,0.014,0.032,0.006,0.024,-0.022,0.038,0.032
611,-0.002,0.021,0.023,0.031,0.007,0.023,-0.023,0.038,0.032
611.5,-0.002,0.025,0.024,0.031,0.008,0.023,-0.024,0.037,0.032
612,-0.003,0.026,0.024,0.027,0.008,0.022,-0.024,0.036,0.033
612.5,-0.004,0.027,0.024,0.026,0.006,0.02,-0.022,0.035,0.034
613,-0.002,0.026,0.022,0.025,0.003,0.019,-0.022,0.034,0.034
613.5,-0.002,0.023,0.02,0.022,0,0.021,-0.022,0.033,0.034
614,-0.002,0.022,0.02,0.021,-0.007,0.023,-0.026,0.032,0.034
614.5,-0.002,0.022,0.024,0.02,-0.02,0.022,-0.029,0.03,0.034
615,0,0.021,0.026,0.022,-0.042,0.021,-0.031,0.03,0.034
615.5,0,0.018,0.027,0.023,-0.069,0.02,-0.029,0.03,0.034
616,-0.002,0.021,0.027,0.025,-0.092,0.018,-0.025,0.029,0.034
616.5,-0.002,0.025,0.025,0.027,-0.101,0.018,-0.02,0.028,0.034
617,-0.003,0.029,0.025,0.027,-0.1,0.017,-0.015,0.028,0.034
617.5,-0.003,0.027,0.023,0.026,-0.089,0.015,-0.012,0.028,0.034
618,0,0.027,0.021,0.026,-0.069,0.014,-0.012,0.028,0.034
618.5,-0.002,0.027,0.02,0.024,-0.051,0.013,-0.012,0.026,0.034
619,-0.002,0.026,0.017,0.022,-0.038,0.012,-0.012,0.026,0.034
619.5,-0.002,0.021,0.019,0.025,-0.031,0.011,-0.01,0.026,0.034
620,-0.001,0.019,0.026,0.029,-0.027,0.013,-0.008,0.026,0.034
620.5,-0.001,0.023,0.028,0.029,-0.027,0.013,-0.004,0.026,0.034
621,-0.001,0.026,0.027,0.026,-0.025,0.014,-0.002,0.026,0.034
621.5,-0.002,0.028,0.026,0.024,-0.022,0.015,-0.002,0.024,0.034
622,-0.002,0.029,0.025,0.024,-0.02,0.013,-0.002,0.024,0.033
622.5,0.002,0.024,0.021,0.021,-0.019,0.014,-0.002,0.024,0.032
623,0.003,0.025,0.021,0.021,-0.019,0.015,-0.003,0.023,0.032
623.5,0.001,0.022,0.019,0.02,-0.018,0.015,-0.006,0.022,0.032
624,-0.001,0.021,0.022,0.02,-0.017,0.015,-0.008,0.022,0.032
624.5,0,0.019,0.027,0.023,-0.016,0.014,-0.006,0.022,0.032
625,0.001,0.019,0.026,0.022,-0.014,0.012,-0.003,0.021,0.032
625.5,-0.002,0.016,0.025,0.023,-0.012,0.012,0.001,0.02,0.032
626,-0.003,0.017,0.027,0.024,-0.013,0.011,0.004,0.02,0.032
626.5,-0.004,0.026,0.026,0.023,-0.015,0.01,0.008,0.02,0.032
627,-0.002,0.024,0.025,0.024,-0.018,0.008,0.01,0.018,0.032
627.5,-0.002,0.024,0.025,0.023,-0.021,0.008,0.01,0.019,0.031
628,-0.003,0.024,0.022,0.019,-0.024,0.008,0.011,0.021,0.03
628.5,-0.002,0.021,0.02,0.019,-0.023,0.008,0.013,0.013,0.03
629,-0.003,0.022,0.019,0.022,-0.02,0.008,0.015,0.014,0.03
629.5,-0.002,0.019,0.02,0.022,-0.021,0.008,0.017,0.012,0.03
630,-0.003,0.024,0.027,0.02,-0.023,0.008,0.018,0.008,0.03
630.5,-0.003,0.028,0.029,0.018,-0.025,0.008,0.019,0.003,0.03
631,-0.005,0.026,0.026,0.018,-0.021,0.008,0.02,-0.004,0.03
631.5,-0.004,0.027,0.023,0.016,-0.02,0.007,0.021,-0.011,0.03
632,-0.004,0.026,0.021,0.015,-0.017,0.006,0.02,-0.02,0.03
632.5,-0.003,0.022,0.019,0.013,-0.015,0.006,0.02,-0.027,0.03
633,-0.002,0.023,0.019,0.012,-0.012,0.006,0.02,-0.034,0.029
633.5,-0.005,0.021,0.022,0.011,-0.008,0.006,0.022,-0.038,0.028
634,-0.004,0.018,0.025,0.011,-0.003,0.005,0.022,-0.041,0.028
634.5,-0.006,0.018,0.024,0.012,-0.002,0.003,0.024,-0.042,0.028
635,-0.005,0.021,0.022,0.013,-0.002,0.001,0.026,-0.042,0.028
635.5,-0.006,0.022,0.023,0.014,-0.001,-0.002,0.026,-0.044,0.028
636,-0.008,0.025,0.021,0.016,0.001,-0.007,0.026,-0.047,0.028
636.5,-0.007,0.02,0.02,0.014,0.003,-0.017,0.026,-0.043,0.028
637,-0.006,0.02,0.018,0.013,0.004,-0.037,0.027,-0.036,0.026
637.5,-0.005,0.02,0.019,0.012,0.006,-0.063,0.028,-0.038,0.026
638,-0.006,0.018,0.018,0.015,0.006,-0.09,0.028,-0.04,0.026
638.5,-0.008,0.019,0.02,0.016,0.007,-0.102,0.028,-0.038,0.026
639,-0.008,0.017,0.027,0.015,0.008,-0.101,0.028,-0.038,0.026
639.5,-0.008,0.018,0.028,0.013,0.008,-0.088,0.029,-0.036,0.026
640,-0.008,0.021,0.03,0.011,0.011,-0.073,0.029,-0.035,0.025
640.5,-0.009,0.022,0.03,0.012,0.014,-0.06,0.028,-0.034,0.024
641,-0.009,0.022,0.029,0.011,0.016,-0.049,0.028,-0.034,0.024
641.5,-0.008,0.019,0.029,0.009,0.019,-0.04,0.026,-0.034,0.024
642,-0.008,0.016,0.025,0.007,0.02,-0.03,0.026,-0.033,0.024
642.5,-0.009,0.013,0.024,0.004,0.02,-0.024,0.026,-0.032,0.024
643,-0.037,0.013,0.025,0.007,0.02,-0.02,0.027,-0.031,0.024
643.5,-0.099,0.012,0.032,0.011,0.02,-0.016,0.03,-0.03,0.022
644,-0.033,0.01,0.032,0.011,0.019,-0.011,0.031,-0.028,0.022
644.5,-0.019,0.013,0.032,0.01,0.02,-0.008,0.03,-0.027,0.022
645,-0.017,0.013,0.028,0.009,0.022,-0.008,0.03,-0.026,0.022
645.5,-0.018,0.012,0.026,0.009,0.024,-0.009,0.029,-0.024,0.021
646,-0.021,0.015,0.025,0.009,0.026,-0.012,0.028,-0.023,0.02
646.5,-0.02,0.012,0.023,0.01,0.028,-0.015,0.028,-0.021,0.02
647,-0.024,0.01,0.022,0.008,0.028,-0.019,0.028,-0.02,0.02
647.5,-0.027,0.009,0.02,0.01,0.026,-0.021,0.028,-0.019,0.02
648,-0.027,0.007,0.02,0.011,0.025,-0.022,0.028,-0.017,0.018
648.5,-0.021,0.009,0.026,0.011,0.023,-0.024,0.028,-0.015,0.018
649,-0.015,0.011,0.025,0.009,0.021,-0.026,0.027,-0.013,0.018
649.5,-0.015,0.014,0.025,0.007,0.018,-0.029,0.026,-0.01,0.017
650,-0.017,0.014,0.025,0.005,0.021,-0.032,0.024,-0.007,0.016
650.5,-0.018,0.014,0.025,0.005,0.027,-0.032,0.022,-0.005,0.015
651,-0.021,0.01,0.024,0.005,0.029,-0.03,0.021,-0.002,0.013
651.5,-0.026,0.008,0.02,0.003,0.029,-0.025,0.02,0,0.011
652,-0.029,0.008,0.019,-0.001,0.028,-0.022,0.022,0.002,0.009
652.5,-0.027,0.007,0.023,-0.008,0.026,-0.012,0.025,0.005,0.006
653,-0.019,0.008,0.03,-0.031,0.025,-0.006,0.027,0.006,0.004
653.5,-0.017,0.006,0.031,-0.072,0.024,-0.006,0.028,0.008,0
654,-0.019,0.007,0.025,-0.116,0.025,-0.006,0.03,0.009,-0.003
654.5,-0.014,0.006,0.024,-0.139,0.026,-0.008,0.03,0.013,-0.006
655,-0.007,0.008,0.023,-0.128,0.026,-0.008,0.03,0.015,-0.009
655.5,-0.004,0.01,0.021,-0.091,0.025,-0.006,0.03,0.01,-0.01
656,-0.005,0.01,0.019,-0.055,0.024,-0.003,0.03,0.015,-0.012
656.5,-0.004,0.01,0.017,-0.032,0.024,-0.002,0.032,0.018,-0.013
657,-0.004,0.006,0.019,-0.02,0.022,-0.001,0.032,0.02,-0.014
657.5,-0.001,0.004,0.022,-0.015,0.021,0.002,0.034,0.023,-0.014
658,0,0.004,0.024,-0.013,0.019,0.004,0.034,0.025,-0.015
658.5,0,0.007,0.024,-0.011,0.018,0.004,0.033,0.026,-0.016
659,-0.002,0.009,0.024,-0.01,0.019,0.004,0.032,0.028,-0.016
659.5,-0.001,0.008,0.024,-0.007,0.024,0.007,0.03,0.028,-0.017
660,0.001,0.007,0.024,-0.002,0.027,0.008,0.029,0.03,-0.018
660.5,-0.001,0.005,0.022,0.002,0.03,0.009,0.028,0.032,-0.018
661,-0.002,0.002,0.02,0,0.031,0.01,0.028,0.034,-0.018
661.5,-0.003,-0.005,0.023,-0.009,0.03,0.012,0.028,0.035,-0.018
662,-0.002,-0.044,0.026,-0.018,0.028,0.014,0.029,0.036,-0.017
662.5,0,-0.123,0.026,-0.017,0.027,0.016,0.03,0.037,-0.017
663,-0.001,-0.179,0.022,-0.018,0.027,0.016,0.03,0.038,-0.016
663.5,-0.002,-0.146,0.022,-0.019,0.026,0.016,0.029,0.038,-0.016
664,-0.003,-0.07,0.022,-0.022,0.029,0.019,0.028,0.038,-0.014
664.5,-0.001,-0.027,0.02,-0.024,0.031,0.021,0.027,0.038,-0.014
665,0,-0.018,0.018,-0.026,0.032,0.022,0.027,0.038,-0.014
665.5,-0.001,-0.016,0.017,-0.026,0.031,0.022,0.026,0.039,-0.013
666,-0.002,-0.018,0.014,-0.029,0.028,0.022,0.028,0.04,-0.012
666.5,-0.003,-0.02,0.015,-0.027,0.027,0.022,0.028,0.04,-0.012
667,0.001,-0.024,0.019,-0.021,0.025,0.023,0.029,0.041,-0.012
667.5,0,-0.025,0.02,-0.015,0.024,0.022,0.028,0.042,-0.01
668,-0.001,-0.02,0.021,-0.011,0.022,0.02,0.028,0.042,-0.01
668.5,-0.002,-0.016,0.019,-0.013,0.021,0.019,0.026,0.042,-0.01
669,-0.002,-0.014,0.02,-0.014,0.024,0.02,0.026,0.042,-0.009
669.5,0,-0.013,0.019,-0.014,0.025,0.024,0.025,0.042,-0.008
670,0,-0.009,0.016,-0.017,0.025,0.027,0.025,0.042,-0.008
670.5,-0.002,-0.006,0.014,-0.021,0.025,0.027,0.026,0.043,-0.007
671,-0.003,-0.006,0.017,-0.021,0.024,0.026,0.025,0.044,-0.006
671.5,-0.004,-0.011,0.02,-0.015,0.024,0.025,0.026,0.044,-0.006
672,-0.001,-0.02,0.017,-0.01,0.023,0.024,0.027,0.044,-0.006
672.5,0.001,-0.013,0.017,-0.008,0.022,0.023,0.028,0.044,-0.004
673,-0.001,-0.016,0.012,-0.007,0.023,0.024,0.028,0.042,-0.004
673.5,-0.002,-0.019,0.014,-0.005,0.027,0.025,0.028,0.042,-0.002
674,0,-0.023,0.014,-0.005,0.031,0.026,0.028,0.04,-0.002
674.5,0.001,-0.026,0.011,-0.003,0.03,0.026,0.028,0.04,-0.002
675,0,-0.032,0.01,0.001,0.027,0.026,0.029,0.041,-0.002
675.5,-0.001,-0.033,0.009,0,0.026,0.025,0.031,0.042,0.001
676,-0.003,-0.031,0.012,0.002,0.024,0.023,0.032,0.042,0.002
676.5,0.001,-0.029,0.012,0.005,0.022,0.022,0.032,0.042,0.003
677,0.002,-0.026,0.012,0.007,0.021,0.019,0.032,0.042,0.004
677.5,0.001,-0.02,0.013,0.008,0.02,0.018,0.031,0.042,0.005
678,-0.002,-0.017,0.012,0.008,0.021,0.018,0.031,0.042,0.006
678.5,-0.002,-0.014,0.012,0.011,0.025,0.022,0.03,0.042,0.006
679,0,-0.012,0.011,0.013,0.027,0.026,0.029,0.042,0.008
679.5,-0.001,-0.008,0.008,0.015,0.028,0.028,0.028,0.043,0.008
680,-0.002,0.001,0.007,0.019,0.028,0.03,0.028,0.044,0.008
680.5,-0.003,-0.001,0.01,0.021,0.027,0.03,0.028,0.044,0.01
681,-0.002,-0.005,0.012,0.02,0.027,0.029,0.029,0.044,0.01
681.5,-0.002,-0.009,0.012,0.021,0.025,0.028,0.028,0.044,0.011
682,-0.001,-0.008,0.007,0.021,0.023,0.026,0.029,0.044,0.012
682.5,-0.001,0,0.007,0.022,0.025,0.026,0.029,0.044,0.012
683,-0.003,0.001,0.009,0.02,0.027,0.027,0.028,0.044,0.014
683.5,0,0.003,0.009,0.017,0.028,0.029,0.027,0.044,0.014
684,0,0.001,0.005,0.016,0.028,0.03,0.026,0.044,0.014
684.5,-0.002,-0.001,0.003,0.024,0.029,0.03,0.027,0.044,0.016
685,-0.004,0,0.002,0.029,0.029,0.029,0.029,0.044,0.016
685.5,-0.004,0.005,0.005,0.028,0.027,0.028,0.03,0.045,0.018
686,-0.004,0.007,0.004,0.027,0.025,0.026,0.03,0.046,0.018
686.5,-0.004,0.01,-0.001,0.025,0.023,0.024,0.03,0.046,0.018
687,-0.004,0.012,0.002,0.023,0.023,0.022,0.029,0.046,0.018
687.5,-0.005,0.014,0.006,0.023,0.024,0.021,0.028,0.046,0.02
688,-0.005,0.014,0.008,0.023,0.027,0.023,0.026,0.046,0.02
688.5,-0.002,0.012,0.003,0.025,0.029,0.024,0.025,0.046,0.02
689,-0.004,0.011,-0.006,0.026,0.03,0.024,0.025,0.048,0.02
689.5,-0.006,0.016,-0.029,0.026,0.031,0.024,0.025,0.048,0.021
690,-0.006,0.02,-0.07,0.025,0.031,0.024,0.026,0.048,0.021
690.5,-0.006,0.018,-0.126,0.023,0.029,0.024,0.026,0.048,0.022
691,-0.006,0.018,-0.151,0.023,0.026,0.023,0.026,0.048,0.022
691.5,-0.006,0.019,-0.12,0.021,0.026,0.022,0.026,0.048,0.022
692,-0.007,0.022,-0.061,0.019,0.029,0.021,0.024,0.048,0.022
692.5,-0.008,0.021,-0.022,0.018,0.03,0.024,0.023,0.046,0.024
693,-0.005,0.02,-0.01,0.016,0.031,0.028,0.021,0.046,0.024
693.5,-0.004,0.02,-0.009,0.025,0.03,0.029,0.02,0.046,0.024
694,-0.006,0.018,-0.011,0.029,0.028,0.028,0.021,0.046,0.024
694.5,-0.007,0.017,-0.018,0.03,0.027,0.027,0.021,0.047,0.024
695,-0.008,0.017,-0.014,0.03,0.025,0.026,0.022,0.048,0.025
695.5,-0.008,0.019,-0.014,0.029,0.024,0.023,0.022,0.048,0.026
696,-0.008,0.02,-0.015,0.028,0.022,0.022,0.021,0.048,0.026
696.5,-0.008,0.024,-0.017,0.027,0.023,0.021,0.02,0.047,0.026
697,-0.009,0.024,-0.019,0.026,0.024,0.02,0.019,0.046,0.026
697.5,-0.033,0.025,-0.019,0.024,0.025,0.023,0.018,0.047,0.026
698,-0.112,0.022,-0.02,0.026,0.026,0.025,0.016,0.048,0.026
698.5,-0.034,0.021,-0.022,0.028,0.025,0.026,0.016,0.048,0.027
699,-0.017,0.021,-0.022,0.027,0.025,0.026,0.014,0.049,0.026
699.5,-0.015,,-0.012,0.027,0.024,0.027,0.014,0.049,0.026
700,-0.02,,-0.013,0.026,0.022,0.026,0.014,0.049,0.027
700.5,-0.024,,-0.016,0.025,0.022,0.026,0.014,0.048,0.028
701,-0.029,,-0.018,0.023,0.024,0.024,0.014,0.048,0.028
701.5,-0.031,,-0.019,0.022,0.027,0.024,0.014,0.047,0.028
702,-0.031,,-0.019,0.021,0.027,0.026,0.014,0.046,0.028
702.5,-0.023,,-0.018,0.02,0.025,0.026,0.014,0.046,0.028
703,-0.018,,-0.022,0.022,0.023,0.027,0.014,0.046,0.028
703.5,-0.015,,-0.025,0.025,0.022,0.028,0.014,0.046,0.028
704,-0.018,,-0.027,0.025,0.021,0.028,0.014,0.046,0.028
704.5,-0.015,,-0.025,0.024,0.019,0.027,0.014,0.046,0.028
705,-0.016,,-0.022,0.022,0.017,0.025,0.015,0.046,0.028
705.5,-0.023,,-0.021,0.023,0.015,0.024,0.014,0.046,0.029
706,-0.028,,-0.022,0.022,0.017,0.024,0.014,0.046,0.029
706.5,-0.029,,-0.02,0.021,0.017,0.024,0.012,0.046,0.029
707,-0.025,,-0.018,0.022,0.014,0.026,0.012,0.046,0.029
707.5,-0.021,,-0.019,0.024,0.016,0.028,0.01,0.046,0.028
708,-0.015,,-0.014,0.026,0.018,0.029,0.01,0.046,0.028
708.5,-0.011,,-0.002,0.026,0.018,0.028,0.01,0.046,0.028
709,-0.008,,-0.001,0.025,0.018,0.029,0.01,0.046,0.029
709.5,-0.005,,0,0.026,0.016,0.029,0.009,0.046,0.03
710,-0.005,,0.003,0.024,0.013,0.027,0.008,0.046,0.03
710.5,-0.006,,0.004,0.022,0.014,0.026,0.009,0.045,0.03
711,-0.007,,0.007,0.021,0.016,0.028,0.009,0.044,0.03
711.5,-0.006,,0.012,0.02,0.018,0.03,0.008,0.044,0.03
712,-0.001,,0.008,0.02,0.016,0.031,0.007,0.044,0.03
712.5,0.003,,0.007,0.022,0.014,0.03,0.006,0.044,0.03
713,0,,0.011,0.025,0.012,0.029,0.005,0.044,0.03
713.5,0,,0.01,0.026,0.012,0.027,0.004,0.044,0.03
714,0.002,,0.011,0.028,0.011,0.027,0.001,0.044,0.03
714.5,0,,0.011,0.029,0.009,0.025,-0.004,0.044,0.03
715,-0.001,,0.009,0.028,0.009,0.024,-0.013,0.044,0.032
715.5,-0.002,,0.006,0.024,0.011,0.023,-0.023,0.042,0.031
716,-0.003,,0.005,0.019,0.011,0.023,-0.036,0.042,0.032
716.5,0.003,,0.006,0.024,0.009,0.024,-0.053,0.042,0.032
717,0.002,,0.011,0.027,0.011,0.025,-0.07,0.042,0.032
717.5,0,,0.016,0.026,0.011,0.026,-0.078,0.041,0.032
718,0,,0.02,0.027,0.012,0.026,-0.077,0.04,0.032
718.5,0.002,,0.023,0.028,0.012,0.024,-0.071,0.04,0.032
719,0.001,,0.022,0.026,0.009,0.024,-0.063,0.039,0.032
719.5,0,,0.023,0.025,0.009,0.022,-0.056,0.038,0.032
720,-0.002,,0.022,0.024,0.01,0.023,-0.05,0.037,0.032
720.5,-0.004,,0.023,0.022,0.011,0.026,-0.045,0.036,0.032
721,-0.001,,0.025,0.022,0.009,0.027,-0.04,0.035,0.032
721.5,0.001,,0.025,0.022,0.004,0.026,-0.037,0.034,0.032
722,0,,0.025,0.025,0.006,0.024,-0.035,0.033,0.032
722.5,-0.001,,0.024,0.028,0.007,0.023,-0.031,0.032,0.032
723,-0.001,,0.026,0.029,0.007,0.022,-0.028,0.032,0.032
723.5,0.002,,0.026,0.032,0.006,0.021,-0.025,0.032,0.032
724,0.001,,0.024,0.032,0.004,0.02,-0.022,0.032,0.032
724.5,-0.001,,0.022,0.029,0.002,0.017,-0.019,0.03,0.032
725,-0.002,,0.021,0.025,-0.002,0.017,-0.018,0.03,0.032
725.5,-0.003,,0.021,0.021,-0.002,0.018,-0.017,0.031,0.032
726,0,,0.02,0.026,-0.004,0.017,-0.017,0.032,0.032
726.5,0.002,,0.024,0.03,-0.01,0.018,-0.018,0.029,0.032
727,0,,0.029,0.029,-0.02,0.019,-0.019,0.03,0.032
727.5,-0.002,,0.027,0.028,-0.041,0.019,-0.02,0.029,0.032
728,0,,0.026,0.027,-0.073,0.018,-0.021,0.028,0.032
728.5,0.002,,0.026,0.025,-0.106,0.018,-0.02,0.028,0.032
729,0.001,,0.026,0.024,-0.119,0.017,-0.02,0.027,0.032
729.5,-0.001,,0.026,0.024,-0.111,0.016,-0.021,0.026,0.032
730,-0.002,,0.024,0.023,-0.087,0.017,-0.019,0.025,0.032
730.5,0.001,,0.024,0.023,-0.06,0.017,-0.02,0.024,0.032
731,0.002,,0.023,0.025,-0.04,0.017,-0.02,0.024,0.032
731.5,0.002,,0.027,0.027,-0.025,0.014,-0.02,0.024,0.032
732,0,,0.026,0.028,-0.015,0.014,-0.018,0.024,0.032
732.5,-0.001,,0.025,0.027,-0.01,0.014,-0.016,0.024,0.032
733,0.001,,0.023,0.027,-0.008,0.012,-0.013,0.024,0.032
733.5,0.001,,0.02,0.024,-0.008,0.012,-0.008,0.024,0.032
734,-0.001,,0.019,0.023,-0.012,0.01,-0.003,0.023,0.032
734.5,-0.002,,0.016,0.021,-0.015,0.011,-0.001,0.022,0.032
735,-0.003,,0.017,0.022,-0.016,0.012,0,0.022,0.032
735.5,0,,0.016,0.025,-0.019,0.01,0.002,0.022,0.032
736,0,,0.019,0.027,-0.025,0.011,0.004,0.022,0.032
736.5,-0.001,,0.025,0.025,-0.028,0.011,0.005,0.022,0.032
737,-0.001,,0.025,0.024,-0.03,0.011,0.006,0.022,0.032
737.5,0.001,,0.024,0.023,-0.029,0.012,0.008,0.021,0.03
738,0.001,,0.023,0.022,-0.03,0.012,0.009,0.02,0.03
738.5,-0.001,,0.023,0.02,-0.032,0.01,0.01,0.02,0.03
739,-0.002,,0.023,0.017,-0.029,0.011,0.012,0.018,0.03
739.5,-0.004,,0.02,0.016,-0.024,0.012,0.012,0.018,0.03
740,-0.003,,0.021,0.02,-0.022,0.01,0.014,0.016,0.03
740.5,-0.002,,0.026,0.02,-0.02,0.007,0.017,0.015,0.03
741,-0.003,,0.027,0.018,-0.016,0.006,0.018,0.012,0.03
741.5,-0.004,,0.028,0.02,-0.013,0.008,0.019,0.009,0.03
742,-0.003,,0.027,0.021,-0.012,0.008,0.021,0.004,0.03
742.5,-0.003,,0.026,0.02,-0.012,0.008,0.022,-0.002,0.028
743,-0.003,,0.023,0.02,-0.013,0.007,0.022,-0.01,0.028
743.5,-0.005,,0.022,0.018,-0.012,0.005,0.022,-0.017,0.028
744,-0.006,,0.021,0.017,-0.009,0.003,0.022,-0.025,0.028
744.5,-0.007,,0.02,0.021,-0.005,0.002,0.023,-0.031,0.028
745,-0.006,,0.019,0.021,-0.004,0.001,0.025,-0.037,0.028
745.5,-0.006,,0.023,0.019,0.001,0.002,0.026,-0.041,0.026
746,-0.006,,0.025,0.014,0.003,0.004,0.027,-0.044,0.026
746.5,-0.006,,0.026,0.014,0,0.005,0.028,-0.044,0.026
747,-0.005,,0.024,0.016,-0.003,0.003,0.028,-0.043,0.026
747.5,-0.004,,0.024,0.015,-0.004,-0.003,0.028,-0.041,0.026
748,-0.006,,0.023,0.014,-0.003,-0.015,0.028,-0.038,0.026
748.5,-0.007,,0.022,0.009,-0.002,-0.035,0.027,-0.036,0.025
749,-0.007,,0.02,0.011,0,-0.064,0.025,-0.034,0.024
749.5,-0.008,,0.023,0.015,0.004,-0.094,0.024,-0.032,0.024
750,-0.007,,0.027,0.013,0.007,-0.106,0.025,-0.03,0.024
750.5,-0.006,,0.028,0.012,0.008,-0.1,0.027,-0.03,0.024
751,-0.008,,0.028,0.014,0.009,-0.081,0.028,-0.03,0.024
751.5,-0.01,,0.026,0.013,0.013,-0.06,0.028,-0.03,0.024
752,-0.018,,0.026,0.014,0.016,-0.042,0.028,-0.03,0.023
752.5,-0.123,,0.025,0.015,0.018,-0.03,0.028,-0.03,0.022
753,-0.078,,0.025,0.013,0.018,-0.022,0.027,-0.03,0.022
753.5,-0.024,,0.025,0.013,0.018,-0.019,0.028,-0.03,0.022
754,-0.021,,0.023,0.015,0.018,-0.018,0.028,-0.03,0.022
754.5,-0.023,,0.022,0.015,0.018,-0.018,0.028,-0.028,0.022
755,-0.025,,0.023,0.007,0.017,-0.021,0.029,-0.028,0.02
755.5,-0.026,,0.023,0.003,0.016,-0.024,0.028,-0.026,0.02
756,-0.03,,0.027,0.007,0.015,-0.025,0.028,-0.024,0.02
756.5,-0.029,,0.029,0.009,0.016,-0.027,0.026,-0.022,0.02
757,-0.023,,0.027,0.009,0.022,-0.027,0.025,-0.022,0.02
757.5,-0.02,,0.024,0.007,0.024,-0.027,0.024,-0.02,0.02
758,-0.019,,0.024,0.005,0.026,-0.028,0.023,-0.02,0.019
758.5,-0.021,,0.02,0.003,0.026,-0.026,0.022,-0.018,0.018
759,-0.02,,0.024,0.005,0.025,-0.022,0.022,-0.018,0.018
759.5,-0.022,,0.027,0.006,0.025,-0.02,0.023,-0.017,0.018
760,-0.025,,0.026,0.003,0.023,-0.019,0.025,-0.015,0.016
760.5,-0.029,,0.024,0.005,0.024,-0.019,0.027,-0.014,0.016
761,-0.028,,0.025,0.009,0.026,-0.02,0.028,-0.012,0.014
761.5,-0.022,,0.024,0.01,0.028,-0.02,0.028,-0.01,0.013
762,-0.015,,0.024,0.007,0.029,-0.018,0.029,-0.009,0.011
762.5,-0.012,,0.021,0.003,0.029,-0.016,0.028,-0.008,0.008
763,-0.01,,0.02,-0.001,0.028,-0.015,0.029,-0.006,0.006
763.5,-0.007,,0.019,-0.003,0.027,-0.012,0.031,-0.004,0.004
764,-0.006,,0.022,-0.015,0.026,-0.009,0.032,-0.002,0
764.5,-0.008,,0.026,-0.054,0.023,-0.008,0.034,-0.001,-0.003
765,-0.009,,0.029,-0.097,0.021,-0.008,0.034,0.002,-0.005
765.5,-0.006,,0.032,-0.121,0.02,-0.009,0.033,0.004,-0.008
766,0.001,,0.03,-0.117,0.023,-0.009,0.031,0.006,-0.011
766.5,0,,0.031,-0.099,0.026,-0.006,0.03,0.009,-0.013
767,0.003,,0.028,-0.077,0.027,-0.005,0.028,0.012,-0.015
767.5,-0.001,,0.026,-0.057,0.027,-0.002,0.026,0.015,-0.016
768,0.001,,0.024,-0.04,0.027,0,0.025,0.017,-0.018
768.5,0.002,,0.023,-0.03,0.025,0.004,0.025,0.019,-0.018
769,0,,0.028,-0.021,0.024,0.006,0.026,0.02,-0.018
769.5,-0.002,,0.03,-0.016,0.023,0.008,0.027,0.022,-0.018
770,-0.002,,0.026,-0.018,0.024,0.007,0.027,0.023,-0.018
770.5,0,,0.024,-0.02,0.026,0.006,0.028,0.024,-0.018
771,0.001,,0.023,-0.022,0.027,0.007,0.028,0.025,-0.018
771.5,0,,0.023,-0.026,0.028,0.009,0.027,0.026,-0.018
772,-0.002,,0.018,-0.031,,0.01,0.026,0.026,-0.017
772.5,-0.001,,0.017,-0.027,,0.012,0.026,0.028,-0.016
773,0,,0.017,-0.02,,0.014,0.028,0.029,-0.016
773.5,-0.001,,0.018,-0.013,,0.014,0.029,0.031,-0.016
774,-0.002,,0.02,-0.008,,0.014,0.029,0.032,-0.016
774.5,-0.002,,0.021,-0.006,,0.014,0.029,0.034,-0.015
775,,,0.019,-0.009,,0.014,0.029,0.034,-0.014
775.5,,,0.018,-0.011,,0.014,0.028,0.034,-0.014
776,,,0.019,-0.008,,0.016,0.027,0.035,-0.014
776.5,,,0.018,-0.009,,0.019,0.026,0.036,-0.014
777,,,0.016,-0.013,,0.021,0.024,0.036,-0.014
777.5,,,0.017,-0.019,,0.022,0.024,0.037,-0.013
778,,,0.016,-0.021,,0.024,0.024,0.038,-0.012
778.5,,,0.021,-0.016,,0.024,0.025,0.038,-0.012
779,,,0.018,-0.014,,0.024,0.028,0.038,-0.012
779.5,,,0.016,-0.017,,0.024,0.029,0.038,-0.011
780,,,0.016,-0.016,,0.024,0.03,0.038,-0.01
780.5,,,0.016,-0.013,,0.026,0.029,0.037,-0.009
781,,,0.012,-0.013,,0.027,0.028,0.036,-0.008
781.5,,,0.012,-0.014,,0.028,0.027,0.038,-0.008
782,,,0.01,-0.008,,0.028,0.026,0.039,-0.007
782.5,,,0.01,-0.003,,0.027,0.027,0.04,-0.006
783,,,0.013,0.002,,0.026,0.027,0.041,-0.006
783.5,,,0.012,0.001,,0.025,0.029,0.042,-0.005
784,,,0.01,0.001,,0.023,0.031,0.042,-0.004
784.5,,,0.013,0.004,,0.021,0.032,0.042,-0.003
785,,,0.015,0.004,,0.022,0.031,0.042,-0.002
785.5,,,0.016,0.003,,0.024,0.03,0.042,-0.002
786,,,0.016,0.003,,0.026,0.028,0.043,-0.002
786.5,,,0.013,0.007,,0.027,0.026,0.044,-0.001
787,,,0.008,0.01,,0.027,0.026,0.044,0.001
787.5,,,0.013,0.01,,0.027,0.027,0.044,0.002
788,,,0.013,0.008,,0.025,0.029,0.044,0.003
788.5,,,0.008,0.004,,0.024,0.03,0.044,0.004
789,,,0.01,0.004,,0.023,0.03,0.044,0.005
789.5,,,0.011,0.007,,0.024,0.03,0.044,0.006
790,,,0.01,0.008,,0.026,0.03,0.044,0.007
790.5,,,0.009,0.006,,0.027,0.029,0.043,0.008
791,,,0.007,0.007,,0.028,0.028,0.042,0.009
791.5,,,0.005,0.016,,0.028,0.03,0.042,0.01
792,,,0.005,0.021,,0.026,0.031,0.042,0.011
792.5,,,0.006,0.022,,0.026,0.032,0.042,0.012
793,,,0.008,0.021,,0.025,0.031,0.042,0.013
793.5,,,0.009,0.02,,0.024,0.03,0.042,0.014
794,,,0.011,0.02,,0.022,0.03,0.042,0.014
794.5,,,0.012,0.022,,0.02,0.028,0.042,0.014
795,,,0.009,0.024,,0.021,0.027,0.042,0.015
795.5,,,0.008,0.024,,0.025,0.026,0.042,0.016
796,,,0.004,0.027,,0.027,0.026,0.042,0.016
796.5,,,-0.001,0.028,,0.027,0.026,0.042,0.016
797,,,0.001,0.028,,0.026,0.027,0.042,0.018
797.5,,,0.003,0.026,,0.024,0.026,0.042,0.018
798,,,0.004,0.023,,0.024,0.026,0.042,0.018
798.5,,,-0.001,0.021,,0.023,,0.042,0.02
799,,,-0.01,0.017,,0.022,,0.042,0.02
799.5,,,-0.03,0.016,,0.024,,0.042,0.02
800,,,-0.076,0.023,,0.025,,0.041,0.02
800.5,,,-0.13,0.027,,0.025,,0.04,0.02
801,,,-0.157,0.028,,0.025,,0.041,0.022
801.5,,,-0.138,0.028,,0.024,,0.042,0.022
802,,,-0.083,0.028,,0.024,,0.042,0.022
802.5,,,-0.038,0.026,,0.024,,0.044,0.023
803,,,-0.024,0.026,,0.022,,0.044,0.024
803.5,,,-0.022,0.025,,0.021,,0.043,0.024
804,,,-0.023,0.023,,0.022,,0.042,0.024
804.5,,,-0.029,0.025,,0.025,,0.042,0.024
805,,,-0.024,0.026,,0.028,,0.042,0.024
805.5,,,-0.021,0.028,,0.03,,0.042,0.024
806,,,-0.021,0.026,,0.031,,0.043,0.024
806.5,,,-0.019,0.025,,0.031,,0.044,0.024
807,,,-0.018,0.023,,0.029,,0.044,0.026
807.5,,,-0.015,0.021,,0.028,,0.044,0.026
808,,,-0.01,0.021,,0.027,,0.044,0.026
808.5,,,-0.007,0.02,,0.026,,0.043,0.026
809,,,-0.005,0.02,,0.028,,0.042,0.026
809.5,,,-0.006,0.021,,0.028,,0.042,0.026
810,,,-0.008,0.024,,0.028,,0.043,0.026
810.5,,,-0.011,0.025,,0.029,,0.044,0.026
811,,,-0.02,0.026,,0.028,,0.044,0.027
811.5,,,-0.016,0.025,,0.027,,0.045,0.028
812,,,-0.017,0.023,,0.026,,0.046,0.028
812.5,,,-0.02,0.021,,0.025,,0.046,0.028
813,,,-0.022,0.02,,0.025,,0.046,0.028
813.5,,,-0.027,0.021,,0.024,,0.044,0.028
814,,,-0.028,0.026,,0.025,,0.046,0.028
814.5,,,-0.036,0.027,,0.025,,0.046,0.028
815,,,-0.033,0.027,,0.026,,0.046,0.028
815.5,,,-0.017,0.026,,0.026,,0.046,0.028
816,,,-0.006,0.024,,0.026,,0.046,0.028
816.5,,,-0.002,0.023,,0.025,,0.046,0.028
817,,,-0.001,0.023,,0.024,,0.046,0.028
817.5,,,0.003,0.023,,0.023,,0.046,0.028
818,,,0.01,0.023,,0.024,,0.044,0.028
818.5,,,0.009,0.023,,0.025,,0.044,0.028
819,,,0.01,0.023,,0.026,,0.044,0.028
819.5,,,0.008,0.023,,0.025,,0.044,0.029
820,,,0.002,0.023,,0.025,,0.044,0.029
820.5,,,-0.001,0.025,,0.025,,0.045,0.03
821,,,-0.001,0.025,,0.024,,0.045,0.03
821.5,,,-0.001,0.024,,0.023,,0.044,0.03
822,,,-0.003,0.023,,0.022,,0.044,0.03
822.5,,,-0.002,0.021,,0.022,,0.044,0.03
823,,,-0.002,0.023,,0.022,,0.043,0.03
823.5,,,-0.002,0.027,,0.023,,0.044,0.03
824,,,0,0.03,,0.025,,0.044,0.03
824.5,,,0.003,0.029,,0.025,,0.044,0.03
825,,,0.002,0.028,,0.028,,0.043,0.03
825.5,,,0.005,0.026,,0.029,,0.042,0.03
826,,,0.011,0.026,,0.028,,0.042,0.03
826.5,,,0.015,0.025,,0.025,,0.042,0.03
827,,,0.017,0.024,,0.023,,0.04,0.031
827.5,,,0.016,0.022,,0.025,,0.04,0.031
828,,,0.017,0.023,,0.026,,0.04,0.031
828.5,,,0.02,0.027,,0.026,,0.039,0.032
829,,,0.022,0.03,,0.026,,0.038,0.032
829.5,,,0.023,0.029,,0.026,,0.038,0.032
830,,,0.023,0.028,,0.026,,0.038,0.032
830.5,,,0.022,0.025,,0.023,,0.038,0.032
831,,,0.021,0.023,,0.021,,0.037,0.032
831.5,,,0.02,0.02,,0.02,,0.036,0.032
832,,,0.019,0.019,,0.019,,0.036,0.032
832.5,,,0.018,0.022,,0.02,,0.036,0.032
833,,,0.017,0.025,,0.021,,0.036,0.032
833.5,,,0.018,0.026,,0.022,,0.036,0.032
834,,,0.021,0.026,,0.023,,0.035,0.032
834.5,,,0.024,0.026,,0.024,,0.034,0.031
835,,,0.025,0.024,,0.024,,0.033,0.031
835.5,,,0.025,0.023,,0.023,,0.032,0.032
836,,,0.026,0.023,,0.02,,0.032,0.032
836.5,,,0.025,0.022,,0.018,,0.03,0.032
837,,,0.022,0.021,,0.02,,0.03,0.032
837.5,,,0.022,0.022,,0.021,,0.03,0.032
838,,,0.025,0.027,,0.022,,0.028,0.032
838.5,,,0.028,0.029,,0.021,,0.028,0.032
839,,,0.029,0.029,,0.02,,0.028,0.032
839.5,,,0.025,0.029,,0.019,,0.028,0.032
840,,,0.024,0.028,,0.017,,0.028,0.032
840.5,,,0.022,0.028,,0.016,,0.028,0.032
841,,,0.024,0.027,,0.014,,0.027,0.032
841.5,,,0.022,0.029,,0.013,,0.026,0.032
842,,,0.023,0.032,,0.015,,0.026,0.032
842.5,,,0.019,0.032,,0.015,,0.026,0.032
843,,,0.018,0.032,,0.016,,0.026,0.032
843.5,,,0.025,0.03,,0.016,,0.024,0.032
844,,,0.027,0.026,,0.016,,0.024,0.032
844.5,,,0.027,0.024,,0.015,,0.024,0.032
845,,,0.027,0.022,,0.014,,0.024,0.032
845.5,,,0.023,0.02,,0.012,,0.023,0.032
846,,,0.023,0.019,,0.011,,0.022,0.032
846.5,,,0.021,0.019,,0.013,,0.021,0.031
847,,,0.02,0.021,,0.014,,0.02,0.031
847.5,,,0.025,0.023,,0.012,,0.02,0.03
848,,,0.026,0.024,,0.011,,0.018,0.03
848.5,,,0.026,0.023,,0.01,,0.018,0.03
849,,,0.027,0.023,,0.01,,0.018,0.03
849.5,,,0.027,0.022,,0.009,,0.018,0.03
850,,,0.026,0.022,,0.007,,0.018,0.03
850.5,,,0.023,0.02,,0.005,,0.016,0.03
851,,,0.023,0.021,,0.006,,0.014,0.03
851.5,,,0.018,0.023,,0.006,,0.012,0.03
852,,,0.018,0.021,,0.006,,0.008,0.03
852.5,,,0.026,0.019,,0.005,,0.003,0.03
853,,,0.029,0.018,,0.007,,-0.003,0.029
853.5,,,0.028,0.018,,0.008,,-0.009,0.028
854,,,0.026,0.017,,0.008,,-0.015,0.028
854.5,,,0.023,0.015,,0.008,,-0.022,0.028
855,,,0.022,0.013,,0.007,,-0.028,0.028
855.5,,,0.022,0.011,,0.006,,-0.034,0.028
856,,,0.02,0.014,,0.005,,-0.037,0.027
856.5,,,0.021,0.016,,0.001,,-0.04,0.026
857,,,0.025,0.013,,-0.008,,-0.04,0.026
857.5,,,0.025,0.014,,-0.02,,-0.04,0.026
858,,,0.027,0.015,,-0.033,,-0.039,0.026
858.5,,,0.026,0.018,,-0.052,,-0.038,0.026
859,,,0.026,0.017,,-0.07,,-0.038,0.026
859.5,,,0.024,0.017,,-0.083,,-0.036,0.025
860,,,0.021,0.015,,-0.085,,-0.036,0.024
860.5,,,0.02,0.015,,-0.077,,-0.036,0.024
861,,,0.019,0.017,,-0.067,,-0.036,0.024
861.5,,,0.018,0.014,,-0.054,,-0.036,0.024
862,,,0.019,0.01,,-0.043,,-0.034,0.024
862.5,,,0.025,0.011,,-0.036,,-0.032,0.023
863,,,0.027,0.013,,-0.031,,-0.031,0.022
863.5,,,0.025,0.013,,-0.03,,-0.03,0.022
864,,,0.025,0.011,,-0.032,,-0.028,0.022
864.5,,,0.023,0.01,,-0.034,,-0.026,0.022
865,,,0.022,0.008,,-0.031,,-0.024,0.022
865.5,,,0.022,0.01,,-0.026,,-0.023,0.022
866,,,0.024,0.01,,-0.021,,-0.022,0.02
866.5,,,0.025,0.008,,-0.014,,-0.021,0.02
867,,,0.027,0.009,,-0.008,,-0.019,0.02
867.5,,,0.029,0.01,,-0.005,,-0.018,0.02
868,,,0.028,0.012,,-0.005,,-0.017,0.02
868.5,,,0.027,0.013,,-0.005,,-0.016,0.02
869,,,0.024,0.01,,-0.009,,-0.016,0.019
869.5,,,0.023,0.008,,-0.014,,-0.014,0.018
870,,,0.023,0.009,,-0.018,,-0.013,0.018
870.5,,,0.022,0.008,,-0.019,,-0.011,0.017
871,,,0.023,0.007,,-0.02,,-0.009,0.016
871.5,,,0.026,0.005,,-0.019,,-0.005,0.014
872,,,0.027,0.003,,-0.022,,-0.003,0.013
872.5,,,0.028,0.004,,-0.024,,-0.001,0.012
873,,,0.028,0.006,,-0.025,,0.001,
873.5,,,0.026,0.006,,-0.026,,0.003,
874,,,0.024,0.005,,-0.025,,0.005,
874.5,,,0.022,0.003,,-0.021,,0.006,
875,,,0.022,0.002,,-0.015,,0.008,
875.5,,,0.022,-0.002,,-0.009,,0.009,
876,,,0.028,-0.017,,-0.005,,0.011,
876.5,,,0.028,-0.045,,-0.001,,0.013,
877,,,0.027,-0.083,,0.003,,0.015,
877.5,,,0.024,-0.122,,0.003,,0.016,
878,,,0.021,-0.14,,0,,0.018,
878.5,,,0.022,-0.126,,-0.002,,0.018,
879,,,0.02,,,-0.002,,0.018,
879.5,,,0.02,,,0,,0.02,
880,,,0.018,,,0.005,,0.021,
880.5,,,0.019,,,0.009,,0.023,
881,,,0.023,,,0.01,,0.024,
881.5,,,0.022,,,0.009,,0.026,
882,,,0.024,,,0.007,,0.027,
882.5,,,0.024,,,0.007,,0.028,
883,,,0.023,,,0.008,,0.029,
883.5,,,0.021,,,0.012,,0.03,
884,,,0.018,,,0.016,,0.031,
884.5,,,0.019,,,0.02,,0.033,
885,,,0.024,,,0.023,,0.034,
885.5,,,0.027,,,0.024,,0.034,
886,,,0.025,,,0.022,,0.035,
886.5,,,0.024,,,0.021,,0.036,
887,,,0.02,,,0.02,,0.036,
887.5,,,0.018,,,0.021,,0.036,
888,,,0.018,,,0.024,,0.035,
888.5,,,0.018,,,0.026,,0.036,
889,,,0.015,,,0.028,,0.037,
889.5,,,0.014,,,0.028,,0.038,
890,,,0.017,,,0.028,,0.039,
890.5,,,0.016,,,0.027,,0.04,
891,,,0.015,,,0.025,,0.04,
891.5,,,0.016,,,0.023,,0.04,
892,,,0.014,,,0.021,,0.04,
892.5,,,0.013,,,0.023,,0.04,
893,,,0.011,,,0.027,,0.04,
893.5,,,0.011,,,0.029,,0.04,
894,,,0.013,,,0.03,,0.041,
894.5,,,0.018,,,0.028,,0.042,
895,,,0.017,,,0.028,,0.042,
895.5,,,0.016,,,0.027,,0.041,
896,,,0.016,,,0.026,,0.04,
896.5,,,0.013,,,0.024,,0.04,
897,,,0.012,,,0.026,,0.04,
897.5,,,0.011,,,0.027,,0.039,
898,,,0.01,,,0.027,,0.038,
898.5,,,0.009,,,0.027,,0.039,
899,,,0.011,,,0.027,,0.04,
899.5,,,0.012,,,0.027,,0.04,
900,,,0.01,,,0.026,,0.04,
900.5,,,0.01,,,0.024,,0.04,
901,,,0.01,,,0.022,,0.04,
901.5,,,0.009,,,0.021,,0.039,
902,,,0.007,,,0.019,,0.039,
902.5,,,0.003,,,0.022,,0.04,
903,,,0.003,,,0.025,,0.04,
903.5,,,0.006,,,0.026,,0.041,
904,,,0.008,,,0.026,,0.042,
904.5,,,0.008,,,0.025,,0.042,
905,,,0.01,,,0.025,,0.042,
905.5,,,0.009,,,0.023,,0.041,
906,,,0.008,,,0.023,,0.041,
906.5,,,0.007,,,0.024,,0.04,
907,,,,,,0.024,,0.04,
907.5,,,,,,0.026,,0.041,
908,,,,,,0.027,,0.042,
908.5,,,,,,0.026,,0.041,
909,,,,,,0.026,,0.042,
909.5,,,,,,0.024,,0.042,
910,,,,,,0.022,,0.042,
910.5,,,,,,0.021,,0.041,
911,,,,,,0.021,,0.04,
911.5,,,,,,0.023,,0.04,
912,,,,,,0.026,,0.042,
912.5,,,,,,0.027,,0.042,
913,,,,,,0.027,,0.042,
913.5,,,,,,0.026,,0.044,
914,,,,,,0.026,,0.044,
914.5,,,,,,0.026,,0.044,
915,,,,,,0.025,,0.044,
915.5,,,,,,0.024,,0.044,
916,,,,,,0.024,,0.043,
916.5,,,,,,0.026,,0.042,
917,,,,,,0.027,,0.043,
917.5,,,,,,0.027,,0.044,
918,,,,,,0.027,,0.044,
918.5,,,,,,0.025,,0.044,
919,,,,,,0.025,,0.044,
919.5,,,,,,0.023,,0.044,
920,,,,,,0.022,,0.042,
920.5,,,,,,0.021,,0.042,
921,,,,,,0.022,,0.042,
921.5,,,,,,0.024,,0.042,
922,,,,,,0.024,,0.042,
922.5,,,,,,0.026,,0.042,
923,,,,,,0.026,,0.042,
923.5,,,,,,0.025,,0.042,
924,,,,,,0.024,,0.042,
924.5,,,,,,0.022,,0.042,
925,,,,,,,,0.042,
925.5,,,,,,,,0.041,
926,,,,,,,,0.041,
926.5,,,,,,,,0.042,
927,,,,,,,,0.042,
927.5,,,,,,,,0.042,
928,,,,,,,,0.043,
928.5,,,,,,,,0.044,
929,,,,,,,,0.044,
929.5,,,,,,,,0.044,
930,,,,,,,,0.044,
930.5,,,,,,,,0.045,
931,,,,,,,,0.046,
931.5,,,,,,,,0.046,
932,,,,,,,,0.047,
932.5,,,,,,,,0.046,
933,,,,,,,,0.046,
933.5,,,,,,,,0.045,
934,,,,,,,,0.044,
934.5,,,,,,,,0.043,
935,,,,,,,,0.042,
935.5,,,,,,,,0.042,
936,,,,,,,,0.042,
936.5,,,,,,,,0.041,
937,,,,,,,,0.04,
937.5,,,,,,,,0.04,
938,,,,,,,,0.04,
938.5,,,,,,,,0.039,
939,,,,,,,,0.038,
939.5,,,,,,,,0.038,
940,,,,,,,,0.038,
940.5,,,,,,,,0.038,
941,,,,,,,,0.036,
941.5,,,,,,,,0.036,
942,,,,,,,,0.035,
942.5,,,,,,,,0.034,
943,,,,,,,,0.034,
943.5,,,,,,,,0.032,
944,,,,,,,,0.032,
944.5,,,,,,,,0.032,
945,,,,,,,,0.03,
945.5,,,,,,,,0.03,
946,,,,,,,,0.03,
946.5,,,,,,,,0.029,
947,,,,,,,,0.028,
947.5,,,,,,,,0.028,
948,,,,,,,,0.028,
948.5,,,,,,,,0.028,
949,,,,,,,,0.028,
949.5,,,,,,,,0.028,
950,,,,,,,,0.027,
950.5,,,,,,,,0.026,
951,,,,,,,,0.026,
951.5,,,,,,,,0.025,
952,,,,,,,,0.024,
952.5,,,,,,,,0.024,
953,,,,,,,,0.024,
953.5,,,,,,,,0.023,
954,,,,,,,,0.022,
954.5,,,,,,,,0.022,
955,,,,,,,,0.022,
955.5,,,,,,,,0.022,
956,,,,,,,,0.021,
956.5,,,,,,,,0.022,
957,,,,,,,,0.022,
957.5,,,,,,,,0.021,
958,,,,,,,,0.02,
958.5,,,,,,,,0.02,
959,,,,,,,,0.02,
959.5,,,,,,,,0.019,
960,,,,,,,,0.018,
960.5,,,,,,,,0.018,
961,,,,,,,,0.016,
961.5,,,,,,,,0.016,
962,,,,,,,,0.014,
962.5,,,,,,,,0.013,
963,,,,,,,,0.011,
963.5,,,,,,,,0.008,
964,,,,,,,,0.004,
964.5,,,,,,,,-0.002,
965,,,,,,,,-0.007,
965.5,,,,,,,,-0.014,
966,,,,,,,,-0.02,
966.5,,,,,,,,-0.026,
967,,,,,,,,-0.031,
967.5,,,,,,,,-0.035,
968,,,,,,,,-0.038,
968.5,,,,,,,,-0.038,
969,,,,,,,,-0.037,
969.5,,,,,,,,-0.036,
970,,,,,,,,-0.034,
970.5,,,,,,,,-0.033,
971,,,,,,,,-0.031,
971.5,,,,,,,,-0.03,
972,,,,,,,,-0.03,
972.5,,,,,,,,-0.03,
973,,,,,,,,-0.03,
973.5,,,,,,,,-0.029,
974,,,,,,,,-0.028,
974.5,,,,,,,,-0.028,
975,,,,,,,,-0.028,
975.5,,,,,,,,-0.028,
976,,,,,,,,-0.028,
976.5,,,,,,,,-0.028,
977,,,,,,,,-0.027,
977.5,,,,,,,,-0.026,
978,,,,,,,,-0.024,
978.5,,,,,,,,-0.023,
979,,,,,,,,-0.02,
979.5,,,,,,,,-0.017,
980,,,,,,,,-0.015,
980.5,,,,,,,,-0.014,
981,,,,,,,,-0.012,
981.5,,,,,,,,-0.011,
982,,,,,,,,-0.01,
982.5,,,,,,,,-0.007,
983,,,,,,,,-0.005,
983.5,,,,,,,,-0.003,
984,,,,,,,,-0.002,
984.5,,,,,,,,-0.001,
985,,,,,,,,0.001,
985.5,,,,,,,,0.002,
986,,,,,,,,0.003,
986.5,,,,,,,,0.005,
987,,,,,,,,0.008,
987.5,,,,,,,,0.01,
988,,,,,,,,0.013,
988.5,,,,,,,,0.015,
989,,,,,,,,0.017,
989.5,,,,,,,,0.018,
990,,,,,,,,0.019,
990.5,,,,,,,,0.02,
991,,,,,,,,0.022,
991.5,,,,,,,,0.023,
992,,,,,,,,0.024,
992.5,,,,,,,,0.026,
993,,,,,,,,0.026,
993.5,,,,,,,,0.027,
994,,,,,,,,0.028,
994.5,,,,,,,,0.028,
995,,,,,,,,0.028,
995.5,,,,,,,,0.029,
996,,,,,,,,0.03,
996.5,,,,,,,,0.032,
997,,,,,,,,0.033,
997.5,,,,,,,,0.034,
998,,,,,,,,0.034,
998.5,,,,,,,,0.034,
999,,,,,,,,0.035,
999.5,,,,,,,,0.036,
1000,,,,,,,,0.036,
1000.5,,,,,,,,0.037,
1001,,,,,,,,0.038,
1001.5,,,,,,,,0.038,
1002,,,,,,,,0.038,
1002.5,,,,,,,,0.038,
1003,,,,,,,,0.038,
1003.5,,,,,,,,0.038,
1004,,,,,,,,0.038,
1004.5,,,,,,,,0.036,
1005,,,,,,,,0.036,
1005.5,,,,,,,,0.038,
1006,,,,,,,,0.038,
1006.5,,,,,,,,0.038,
1007,,,,,,,,0.038,
1007.5,,,,,,,,0.038,
1008,,,,,,,,0.038,
1008.5,,,,,,,,0.036,
1009,,,,,,,,0.037,
1009.5,,,,,,,,0.038,
1010,,,,,,,,0.038,
1010.5,,,,,,,,0.038,
1011,,,,,,,,0.038,
1011.5,,,,,,,,0.039,
1012,,,,,,,,0.039,
1012.5,,,,,,,,0.038,
1013,,,,,,,,0.038,
1013.5,,,,,,,,0.038,
1014,,,,,,,,0.038,
1014.5,,,,,,,,0.04,
1015,,,,,,,,0.04,
1015.5,,,,,,,,0.04,
1016,,,,,,,,0.04,
1016.5,,,,,,,,0.04,
1017,,,,,,,,0.04,
1017.5,,,,,,,,0.04,
1018,,,,,,,,0.039,
1018.5,,,,,,,,0.04,
1019,,,,,,,,0.04,
1019.5,,,,,,,,0.041,
1020,,,,,,,,0.042,
1020.5,,,,,,,,0.042,
1021,,,,,,,,0.042,
1021.5,,,,,,,,0.042,
1022,,,,,,,,0.042,
1022.5,,,,,,,,0.042,
1023,,,,,,,,0.042,
1023.5,,,,,,,,0.042,
1024,,,,,,,,0.042,
1024.5,,,,,,,,0.042,
1025,,,,,,,,0.042,
1025.5,,,,,,,,0.042,
1026,,,,,,,,0.042,
1026.5,,,,,,,,0.042,
1027,,,,,,,,0.042,
1027.5,,,,,,,,0.041,
1028,,,,,,,,0.041,
1028.5,,,,,,,,0.042,
1029,,,,,,,,0.042,
1029.5,,,,,,,,0.041,
1030,,,,,,,,0.04,
1030.5,,,,,,,,0.04,
1031,,,,,,,,0.04,
1031.5,,,,,,,,0.04,
1032,,,,,,,,0.04,
1032.5,,,,,,,,0.038,
1033,,,,,,,,0.039,
1033.5,,,,,,,,0.04,
1034,,,,,,,,0.04,
1034.5,,,,,,,,0.042,
1035,,,,,,,,0.042,
1035.5,,,,,,,,0.042,
1036,,,,,,,,0.042,
1036.5,,,,,,,,0.042,
1037,,,,,,,,0.042,
1037.5,,,,,,,,0.044,
1038,,,,,,,,0.044,
1038.5,,,,,,,,0.046,
1039,,,,,,,,0.046,
1039.5,,,,,,,,0.046,
1040,,,,,,,,0.046,
1040.5,,,,,,,,0.046,
1041,,,,,,,,0.045,
1041.5,,,,,,,,0.044,
1042,,,,,,,,0.043,
1042.5,,,,,,,,0.042,
1043,,,,,,,,0.042,
1043.5,,,,,,,,0.042,
1044,,,,,,,,0.042,
1044.5,,,,,,,,0.042,
1045,,,,,,,,0.041,
1045.5,,,,,,,,0.04,
1046,,,,,,,,0.04,
1046.5,,,,,,,,0.039,
1047,,,,,,,,0.039,
1047.5,,,,,,,,0.04,
1048,,,,,,,,0.039,
1048.5,,,,,,,,0.038,
1049,,,,,,,,0.038,
1049.5,,,,,,,,0.038,
1050,,,,,,,,0.036,
1050.5,,,,,,,,0.036,
1051,,,,,,,,0.034,
1051.5,,,,,,,,0.034,
1052,,,,,,,,0.034,
1052.5,,,,,,,,0.034,
1053,,,,,,,,0.033,
1053.5,,,,,,,,0.032,
1054,,,,,,,,0.032,
1054.5,,,,,,,,0.032,
1055,,,,,,,,0.032,
1055.5,,,,,,,,0.032,
1056,,,,,,,,0.032,
1056.5,,,,,,,,0.032,
1057,,,,,,,,0.031,
1057.5,,,,,,,,0.03,
1058,,,,,,,,0.03,
1058.5,,,,,,,,0.03,
1059,,,,,,,,0.03,
1059.5,,,,,,,,0.029,
1060,,,,,,,,0.028,
1060.5,,,,,,,,0.027,
1061,,,,,,,,0.026,
1061.5,,,,,,,,0.026,
1062,,,,,,,,0.026,
1062.5,,,,,,,,0.026,
1063,,,,,,,,0.026,
1063.5,,,,,,,,0.026,
1064,,,,,,,,0.024,
1064.5,,,,,,,,0.024,
1065,,,,,,,,0.024,
1065.5,,,,,,,,0.024,
1066,,,,,,,,0.022,
1066.5,,,,,,,,0.022,
1067,,,,,,,,0.022,
1067.5,,,,,,,,0.022,
1068,,,,,,,,0.02,
1068.5,,,,,,,,0.02,
1069,,,,,,,,0.02,
1069.5,,,,,,,,0.018,
1070,,,,,,,,0.018,
1070.5,,,,,,,,0.018,
1071,,,,,,,,0.018,
1071.5,,,,,,,,0.016,
1072,,,,,,,,0.016,
1072.5,,,,,,,,0.016,
1073,,,,,,,,0.016,
1073.5,,,,,,,,0.014,
1074,,,,,,,,0.012,
1074.5,,,,,,,,0.01,
1075,,,,,,,,0.006,
1075.5,,,,,,,,0.001,
1076,,,,,,,,-0.005,
1076.5,,,,,,,,-0.011,
1077,,,,,,,,-0.018,
1077.5,,,,,,,,-0.023,
1078,,,,,,,,-0.028,
1078.5,,,,,,,,-0.032,
1079,,,,,,,,-0.034,
1079.5,,,,,,,,-0.036,
1080,,,,,,,,-0.036,
1080.5,,,,,,,,-0.036,
1081,,,,,,,,-0.034,
1081.5,,,,,,,,-0.034,
1082,,,,,,,,-0.034,
1082.5,,,,,,,,-0.034,
1083,,,,,,,,-0.034,
1083.5,,,,,,,,-0.033,
1084,,,,,,,,-0.032,
1084.5,,,,,,,,-0.032,
1085,,,,,,,,-0.032,
1085.5,,,,,,,,-0.032,
1086,,,,,,,,-0.031,
1086.5,,,,,,,,-0.03,
1087,,,,,,,,-0.029,
1087.5,,,,,,,,-0.028,
1088,,,,,,,,-0.026,
1088.5,,,,,,,,-0.025,
1089,,,,,,,,-0.024,
1089.5,,,,,,,,-0.023,
1090,,,,,,,,-0.021,
1090.5,,,,,,,,-0.019,
1091,,,,,,,,-0.017,
1091.5,,,,,,,,-0.016,
1092,,,,,,,,-0.014,
1092.5,,,,,,,,-0.014,
1093,,,,,,,,-0.013,
1093.5,,,,,,,,-0.012,
1094,,,,,,,,-0.01,
1094.5,,,,,,,,-0.007,
1095,,,,,,,,-0.004,
1095.5,,,,,,,,-0.001,
1096,,,,,,,,0.002,
1096.5,,,,,,,,0.003,
1097,,,,,,,,0.005,
1097.5,,,,,,,,0.006,
1098,,,,,,,,0.008,
1098.5,,,,,,,,0.009,
1099,,,,,,,,0.011,
1099.5,,,,,,,,0.013,
1100,,,,,,,,0.014,
1100.5,,,,,,,,0.015,
1101,,,,,,,,0.016,
1101.5,,,,,,,,0.016,
1102,,,,,,,,0.017,
1102.5,,,,,,,,0.019,
1103,,,,,,,,0.021,
1103.5,,,,,,,,0.023,
1104,,,,,,,,0.024,
1104.5,,,,,,,,0.025,
1105,,,,,,,,0.026,
1105.5,,,,,,,,0.028,
1106,,,,,,,,0.028,
1106.5,,,,,,,,0.029,
1107,,,,,,,,0.03,
1107.5,,,,,,,,0.032,
1108,,,,,,,,0.032,
1108.5,,,,,,,,0.032,
1109,,,,,,,,0.034,
1109.5,,,,,,,,0.034,
1110,,,,,,,,0.034,
1110.5,,,,,,,,0.034,
1111,,,,,,,,0.034,
1111.5,,,,,,,,0.034,
1112,,,,,,,,0.034,
1112.5,,,,,,,,0.036,
1113,,,,,,,,0.036,
1113.5,,,,,,,,0.036,
1114,,,,,,,,0.036,
1114.5,,,,,,,,0.036,
1115,,,,,,,,0.036,
1115.5,,,,,,,,0.037,
1116,,,,,,,,0.038,
1116.5,,,,,,,,0.038,
1117,,,,,,,,0.038,
1117.5,,,,,,,,0.038,
1118,,,,,,,,0.038,
1118.5,,,,,,,,0.038,
1119,,,,,,,,0.038,
1119.5,,,,,,,,0.038,
1120,,,,,,,,0.038,
1120.5,,,,,,,,0.038,
1121,,,,,,,,0.038,
1121.5,,,,,,,,0.038,
1122,,,,,,,,0.04,
1122.5,,,,,,,,0.04,
1123,,,,,,,,0.04,
1123.5,,,,,,,,0.04,
1124,,,,,,,,0.04,
1124.5,,,,,,,,0.04,
1125,,,,,,,,0.04,
1125.5,,,,,,,,0.04,
1126,,,,,,,,0.04,
1126.5,,,,,,,,0.04,
1127,,,,,,,,0.04,
1127.5,,,,,,,,0.04,
1128,,,,,,,,0.04,
1128.5,,,,,,,,0.04,
1129,,,,,,,,0.039,
1129.5,,,,,,,,0.038,
1130,,,,,,,,0.038,
1130.5,,,,,,,,0.038,
1131,,,,,,,,0.038,
1131.5,,,,,,,,0.038,
1132,,,,,,,,0.039,
1132.5,,,,,,,,0.039,
1133,,,,,,,,0.04,
1133.5,,,,,,,,0.04,
1134,,,,,,,,0.04,
1134.5,,,,,,,,0.039,
1135,,,,,,,,0.04,
1135.5,,,,,,,,0.04,
1136,,,,,,,,0.04,
1136.5,,,,,,,,0.041,
1137,,,,,,,,0.042,
1137.5,,,,,,,,0.042,
1138,,,,,,,,0.042,
1138.5,,,,,,,,0.042,
1139,,,,,,,,0.041,
1139.5,,,,,,,,0.04,
1140,,,,,,,,0.04,
1140.5,,,,,,,,0.04,
1141,,,,,,,,0.04,
1141.5,,,,,,,,0.04,
1142,,,,,,,,0.04,
1142.5,,,,,,,,0.042,
1143,,,,,,,,0.041,
1143.5,,,,,,,,0.04,
1144,,,,,,,,0.041,
1144.5,,,,,,,,0.042,
1145,,,,,,,,0.042,
1145.5,,,,,,,,0.042,
1146,,,,,,,,0.042,
1146.5,,,,,,,,0.042,
1147,,,,,,,,0.042,
1147.5,,,,,,,,0.042,
1148,,,,,,,,0.042,
1148.5,,,,,,,,0.042,
1149,,,,,,,,0.042,
1149.5,,,,,,,,0.042,
1150,,,,,,,,0.042,
1150.5,,,,,,,,0.042,
1151,,,,,,,,0.042,
1151.5,,,,,,,,0.042,
1152,,,,,,,,0.042,
1152.5,,,,,,,,0.04,
1153,,,,,,,,0.04,
1153.5,,,,,,,,0.04,
1154,,,,,,,,0.04,
1154.5,,,,,,,,0.04,
1155,,,,,,,,0.04,
1155.5,,,,,,,,0.04,
1156,,,,,,,,0.04,
1156.5,,,,,,,,0.04,
1157,,,,,,,,0.039,
1157.5,,,,,,,,0.038,
1158,,,,,,,,0.038,
1158.5,,,,,,,,0.038,
1159,,,,,,,,0.038,
1159.5,,,,,,,,0.038,
1160,,,,,,,,0.038,
1160.5,,,,,,,,0.038,
1161,,,,,,,,0.038,
1161.5,,,,,,,,0.038,
1162,,,,,,,,0.038,
1162.5,,,,,,,,0.037,
1163,,,,,,,,0.036,
1163.5,,,,,,,,0.036,
1164,,,,,,,,0.036,
1164.5,,,,,,,,0.036,
1165,,,,,,,,0.036,
1165.5,,,,,,,,0.036,
1166,,,,,,,,0.035,
1166.5,,,,,,,,0.034,
1167,,,,,,,,0.033,
1167.5,,,,,,,,0.032,
1168,,,,,,,,0.031,
1168.5,,,,,,,,0.03,
1169,,,,,,,,0.03,
1169.5,,,,,,,,0.029,
1170,,,,,,,,0.028,
1170.5,,,,,,,,0.028,
1171,,,,,,,,0.026,
1171.5,,,,,,,,0.026,
1172,,,,,,,,0.025,
1172.5,,,,,,,,0.024,
1173,,,,,,,,0.024,
1173.5,,,,,,,,0.024,
1174,,,,,,,,0.023,
1174.5,,,,,,,,0.022,
1175,,,,,,,,0.022,
1175.5,,,,,,,,0.022,
1176,,,,,,,,0.021,
1176.5,,,,,,,,0.02,
1177,,,,,,,,0.02,
1177.5,,,,,,,,0.018,
1178,,,,,,,,0.018,
1178.5,,,,,,,,0.018,
1179,,,,,,,,0.018,
1179.5,,,,,,,,0.018,
1180,,,,,,,,0.018,
1180.5,,,,,,,,0.018,
1181,,,,,,,,0.017,
1181.5,,,,,,,,0.016,
1182,,,,,,,,0.016,
1182.5,,,,,,,,0.015,
1183,,,,,,,,0.014,
1183.5,,,,,,,,0.014,
1184,,,,,,,,0.012,
1184.5,,,,,,,,0.012,
1185,,,,,,,,0.011,
1185.5,,,,,,,,0.009,
1186,,,,,,,,0.006,
1186.5,,,,,,,,0.001,
1187,,,,,,,,-0.005,
1187.5,,,,,,,,-0.011,
1188,,,,,,,,-0.018,
1188.5,,,,,,,,-0.025,
1189,,,,,,,,-0.031,
1189.5,,,,,,,,-0.035,
1190,,,,,,,,-0.038,
1190.5,,,,,,,,-0.04,
1191,,,,,,,,-0.042,
1191.5,,,,,,,,-0.041,
1192,,,,,,,,-0.04,
1192.5,,,,,,,,-0.038,
1193,,,,,,,,-0.037,
1193.5,,,,,,,,-0.035,
1194,,,,,,,,-0.034,
1194.5,,,,,,,,-0.032,
1195,,,,,,,,-0.03,
1195.5,,,,,,,,-0.03,
1196,,,,,,,,-0.03,
1196.5,,,,,,,,-0.029,
1197,,,,,,,,-0.027,
1197.5,,,,,,,,-0.026,
1198,,,,,,,,-0.026,
1198.5,,,,,,,,-0.026,
1199,,,,,,,,-0.026,
1199.5,,,,,,,,-0.025,
1200,,,,,,,,-0.024,
1200.5,,,,,,,,-0.024,
1201,,,,,,,,-0.022,
1201.5,,,,,,,,-0.02,
1202,,,,,,,,-0.017,
1202.5,,,,,,,,-0.015,
1203,,,,,,,,-0.012,
1203.5,,,,,,,,-0.009,
1204,,,,,,,,-0.007,
1204.5,,,,,,,,-0.006,
1205,,,,,,,,-0.005,
1205.5,,,,,,,,-0.003,
1206,,,,,,,,-0.002,
1206.5,,,,,,,,-0.001,
1207,,,,,,,,0.002,
1207.5,,,,,,,,0.003,
1208,,,,,,,,0.004,
1208.5,,,,,,,,0.005,
1209,,,,,,,,0.006,
1209.5,,,,,,,,0.008,
1210,,,,,,,,0.01,
1210.5,,,,,,,,0.012,
1211,,,,,,,,0.015,
1211.5,,,,,,,,0.017,
1212,,,,,,,,0.019,
1212.5,,,,,,,,0.02,
1213,,,,,,,,0.022,
1213.5,,,,,,,,0.023,
1214,,,,,,,,0.025,
1214.5,,,,,,,,0.026,
1215,,,,,,,,0.028,
1215.5,,,,,,,,0.029,
1216,,,,,,,,0.03,
1216.5,,,,,,,,0.031,
1217,,,,,,,,0.032,
1217.5,,,,,,,,0.032,
1218,,,,,,,,0.032,
1218.5,,,,,,,,0.032,
1219,,,,,,,,0.032,
1219.5,,,,,,,,0.033,
1220,,,,,,,,0.034,
1220.5,,,,,,,,0.034,
1221,,,,,,,,0.034,
1221.5,,,,,,,,0.035,
1222,,,,,,,,0.034,
1222.5,,,,,,,,0.034,
1223,,,,,,,,0.034,
1223.5,,,,,,,,0.035,
1224,,,,,,,,0.036,
1224.5,,,,,,,,0.036,
1225,,,,,,,,0.036,
1225.5,,,,,,,,0.036,
1226,,,,,,,,0.036,
1226.5,,,,,,,,0.036,
1227,,,,,,,,0.036,
1227.5,,,,,,,,0.035,
1228,,,,,,,,0.034,
1228.5,,,,,,,,0.034,
1229,,,,,,,,0.034,
1229.5,,,,,,,,0.035,
1230,,,,,,,,0.036,
1230.5,,,,,,,,0.036,
1231,,,,,,,,0.036,
1231.5,,,,,,,,0.036,
1232,,,,,,,,0.036,
1232.5,,,,,,,,0.036,
1233,,,,,,,,0.036,
1233.5,,,,,,,,0.036,
1234,,,,,,,,0.037,
1234.5,,,,,,,,0.038,
1235,,,,,,,,0.038,
1235.5,,,,,,,,0.038,
1236,,,,,,,,0.038,
1236.5,,,,,,,,0.038,
1237,,,,,,,,0.038,
1237.5,,,,,,,,0.038,
1238,,,,,,,,0.038,
1238.5,,,,,,,,0.038,
1239,,,,,,,,0.038,
1239.5,,,,,,,,0.038,
1240,,,,,,,,0.038,
1240.5,,,,,,,,0.038,
1241,,,,,,,,0.038,
1241.5,,,,,,,,0.038,
1242,,,,,,,,0.038,
1242.5,,,,,,,,0.039,
1243,,,,,,,,0.04,
1243.5,,,,,,,,0.04,
1244,,,,,,,,0.04,
1244.5,,,,,,,,0.04,
1245,,,,,,,,0.04,
1245.5,,,,,,,,0.04,
1246,,,,,,,,0.04,
1246.5,,,,,,,,0.04,
1247,,,,,,,,0.04,
1247.5,,,,,,,,0.04,
1248,,,,,,,,0.04,
1248.5,,,,,,,,0.041,
1249,,,,,,,,0.042,
1249.5,,,,,,,,0.042,
1250,,,,,,,,0.04,
1250.5,,,,,,,,0.04,
1251,,,,,,,,0.04,
1251.5,,,,,,,,0.04,
1252,,,,,,,,0.04,
1252.5,,,,,,,,0.04,
1253,,,,,,,,0.04,
1253.5,,,,,,,,0.04,
1254,,,,,,,,0.04,
1254.5,,,,,,,,0.04,
1255,,,,,,,,0.04,
1255.5,,,,,,,,0.04,
1256,,,,,,,,0.04,
1256.5,,,,,,,,0.039,
1257,,,,,,,,0.038,
1257.5,,,,,,,,0.038,
1258,,,,,,,,0.039,
1258.5,,,,,,,,0.04,
1259,,,,,,,,0.04,
1259.5,,,,,,,,0.039,
1260,,,,,,,,0.038,
1260.5,,,,,,,,0.038,
1261,,,,,,,,0.039,
1261.5,,,,,,,,0.039,
1262,,,,,,,,0.04,
1262.5,,,,,,,,0.04,
1263,,,,,,,,0.04,
1263.5,,,,,,,,0.04,
1264,,,,,,,,0.04,
1264.5,,,,,,,,0.04,
1265,,,,,,,,0.039,
1265.5,,,,,,,,0.038,
1266,,,,,,,,0.038,
1266.5,,,,,,,,0.038,
1267,,,,,,,,0.038,
1267.5,,,,,,,,0.038,
1268,,,,,,,,0.038,
1268.5,,,,,,,,0.038,
1269,,,,,,,,0.038,
1269.5,,,,,,,,0.037,
1270,,,,,,,,0.036,
1270.5,,,,,,,,0.036,
1271,,,,,,,,0.036,
1271.5,,,,,,,,0.036,
1272,,,,,,,,0.036,
1272.5,,,,,,,,0.036,
1273,,,,,,,,0.034,
1273.5,,,,,,,,0.034,
1274,,,,,,,,0.033,
1274.5,,,,,,,,0.032,
1275,,,,,,,,0.031,
1275.5,,,,,,,,0.03,
1276,,,,,,,,0.03,
1276.5,,,,,,,,0.03,
1277,,,,,,,,0.028,
1277.5,,,,,,,,0.028,
1278,,,,,,,,0.028,
1278.5,,,,,,,,0.028,
1279,,,,,,,,0.026,
1279.5,,,,,,,,0.026,
1280,,,,,,,,0.026,
1280.5,,,,,,,,0.026,
1281,,,,,,,,0.026,
1281.5,,,,,,,,0.026,
1282,,,,,,,,0.026,
1282.5,,,,,,,,0.025,
1283,,,,,,,,0.024,
1283.5,,,,,,,,0.024,
1284,,,,,,,,0.023,
1284.5,,,,,,,,0.022,
1285,,,,,,,,0.022,
1285.5,,,,,,,,0.022,
1286,,,,,,,,0.022,
1286.5,,,,,,,,0.022,
1287,,,,,,,,0.021,
1287.5,,,,,,,,0.02,
1288,,,,,,,,0.02,
1288.5,,,,,,,,0.02,
1289,,,,,,,,0.02,
1289.5,,,,,,,,0.019,
1290,,,,,,,,0.018,
1290.5,,,,,,,,0.018,
1291,,,,,,,,0.018,
1291.5,,,,,,,,0.018,
1292,,,,,,,,0.017,
1292.5,,,,,,,,0.016,
1293,,,,,,,,0.016,
1293.5,,,,,,,,0.014,
1294,,,,,,,,0.014,
1294.5,,,,,,,,0.012,
1295,,,,,,,,0.011,
1295.5,,,,,,,,0.009,
1296,,,,,,,,0.007,
1296.5,,,,,,,,0.005,
1297,,,,,,,,0,
1297.5,,,,,,,,-0.004,
1298,,,,,,,,-0.01,
1298.5,,,,,,,,-0.016,
1299,,,,,,,,-0.023,
1299.5,,,,,,,,-0.028,
1300,,,,,,,,-0.034,
1300.5,,,,,,,,-0.037,
1301,,,,,,,,-0.04,
1301.5,,,,,,,,-0.04,
1302,,,,,,,,-0.039,
1302.5,,,,,,,,-0.038,
1303,,,,,,,,-0.036,
1303.5,,,,,,,,-0.035,
1304,,,,,,,,-0.033,
1304.5,,,,,,,,-0.032,
1305,,,,,,,,-0.03,
1305.5,,,,,,,,-0.03,
1306,,,,,,,,-0.03,
1306.5,,,,,,,,-0.03,
1307,,,,,,,,-0.03,
1307.5,,,,,,,,-0.03,
1308,,,,,,,,-0.03,
1308.5,,,,,,,,-0.031,
1309,,,,,,,,-0.03,
1309.5,,,,,,,,-0.029,
1310,,,,,,,,-0.028,
1310.5,,,,,,,,-0.028,
1311,,,,,,,,-0.026,
