time_s,CF955_flow_ml_min,F50_flow_ml_min,F100_flow_ml_min,F200_flow_ml_min,F350_flow_ml_min,F500_flow_ml_min,F1000_flow_ml_min,F5000_flow_ml_min,F12500_flow_ml_min
0,-0.01,-0.03,0.029,0.012,0.073,0.043,0.046,0.088,0.245
0.5,-0.011,-0.03,0.026,0.011,0.067,0.046,0.042,0.09,0.24
1,-0.01,-0.018,0.028,0.009,0.056,0.046,0.04,0.093,0.233
1.5,-0.01,-0.006,0.025,0.004,0.055,0.044,0.039,0.095,0.227
2,-0.01,-0.012,0.025,0,0.054,0.045,0.038,0.097,0.219
2.5,-0.01,-0.006,0.023,-0.001,0.054,0.037,0.037,0.096,0.207
3,-0.011,-0.009,0.02,0.001,0.05,0.033,0.04,0.092,0.192
3.5,-0.01,-0.015,0.02,0.005,0.057,0.034,0.042,0.09,0.165
4,-0.012,-0.02,0.022,0.004,0.063,0.033,0.04,0.087,0.13
4.5,-0.012,-0.016,0.031,0.003,0.063,0.03,0.032,0.085,0.069
5,-0.011,-0.014,0.03,0,0.061,0.034,0.028,0.086,-0.006
5.5,-0.011,-0.005,0.031,-0.002,0.053,0.033,0.027,0.085,-0.106
6,-0.011,0.007,0.032,-0.003,0.042,0.034,0.027,0.08,-0.159
6.5,-0.012,0.005,0.032,-0.014,0.043,0.033,0.024,0.077,-0.19
7,-0.012,0.011,0.034,-0.031,0.044,0.031,0.02,0.074,-0.202
7.5,-0.013,0.012,0.032,-0.069,0.042,0.025,0.01,0.072,-0.207
8,-0.014,0.013,0.034,-0.123,0.037,0.023,-0.026,0.071,-0.204
8.5,-0.014,0.013,0.031,-0.173,0.042,0.023,-0.106,0.067,-0.198
9,-0.014,0.009,0.03,-0.181,0.044,0.019,-0.222,0.062,-0.188
9.5,-0.012,0.009,0.03,-0.141,0.043,0.017,-0.355,0.056,-0.18
10,-0.012,0.01,0.026,-0.089,0.039,0.012,-0.497,0.047,-0.169
10.5,-0.012,0.017,0.029,-0.058,0.036,-0.004,-0.59,0.032,-0.16
11,-0.011,0.018,0.027,-0.042,0.028,-0.026,-0.571,0.015,-0.151
11.5,-0.012,0.024,0.026,-0.032,0.028,-0.051,-0.479,0.001,-0.141
12,-0.011,0.022,0.025,-0.029,0.029,-0.067,-0.384,-0.013,-0.132
12.5,-0.012,0.018,0.021,-0.021,0.025,-0.06,-0.302,-0.017,-0.122
13,-0.012,0.021,0.024,-0.026,0.023,-0.046,-0.237,-0.015,-0.113
13.5,-0.012,0.017,0.027,-0.027,0.031,-0.034,-0.184,-0.019,-0.105
14,-0.014,0.02,0.034,-0.028,0.034,-0.041,-0.15,-0.021,-0.098
14.5,-0.013,0.025,0.034,-0.031,0.031,-0.053,-0.124,-0.017,-0.089
15,-0.012,0.024,0.032,-0.03,0.028,-0.053,-0.095,-0.016,-0.078
15.5,-0.012,0.029,0.036,-0.027,0.02,-0.045,-0.07,-0.014,-0.07
16,-0.012,0.031,0.034,-0.03,0.018,-0.051,-0.054,-0.006,-0.061
16.5,-0.012,0.032,0.038,-0.035,0.017,-0.072,-0.039,0.002,-0.054
17,-0.012,0.03,0.036,-0.035,0.007,-0.063,-0.028,0.012,-0.047
17.5,-0.013,0.034,0.034,-0.036,-0.021,-0.033,-0.012,0.022,-0.039
18,-0.013,0.027,0.03,-0.035,-0.05,-0.009,0.005,0.03,-0.029
18.5,-0.014,0.025,0.026,-0.03,-0.057,-0.001,0.015,0.038,-0.019
19,-0.014,0.025,0.025,-0.027,-0.044,0,0.02,0.045,-0.011
19.5,-0.013,0.022,0.024,-0.025,-0.049,0.013,0.025,0.049,-0.003
20,-0.012,0.026,0.026,-0.03,-0.049,0.026,0.03,0.054,0.005
20.5,-0.01,0.026,0.024,-0.035,-0.026,0.028,0.033,0.063,0.01
21,-0.011,0.025,0.023,-0.045,-0.019,0.025,0.041,0.068,0.018
21.5,-0.011,0.024,0.026,-0.046,-0.026,0.034,0.047,0.072,0.025
22,-0.011,0.021,0.021,-0.03,-0.034,0.041,0.055,0.075,0.03
22.5,-0.012,0.021,0.023,-0.015,-0.037,0.041,0.062,0.076,0.035
23,-0.012,0.018,0.02,-0.008,-0.029,0.036,0.061,0.077,0.038
23.5,-0.013,0.018,0.024,-0.004,-0.02,0.044,0.062,0.082,0.041
24,-0.014,0.029,0.026,-0.007,-0.032,0.051,0.062,0.088,0.044
24.5,-0.013,0.028,0.027,-0.004,-0.042,0.058,0.058,0.09,0.049
25,-0.012,0.031,0.03,-0.002,-0.033,0.061,0.053,0.093,0.052
25.5,-0.012,0.03,0.029,-0.004,-0.014,0.056,0.052,0.094,0.055
26,-0.012,0.033,0.029,-0.003,0.01,0.052,0.055,0.092,0.057
26.5,-0.012,0.03,0.03,0.004,0.005,0.052,0.059,0.094,0.058
27,-0.013,0.03,0.029,0.009,0.003,0.052,0.061,0.096,0.06
27.5,-0.013,0.029,0.03,0.016,0.019,0.048,0.061,0.098,0.063
28,-0.014,0.025,0.022,0.018,0.03,0.046,0.056,0.096,0.067
28.5,-0.014,0.023,0.022,0.019,0.03,0.052,0.056,0.096,0.07
29,-0.014,0.022,0.021,0.013,0.026,0.059,0.056,0.095,0.072
29.5,-0.012,0.03,0.019,0.004,0.026,0.062,0.055,0.093,0.074
30,-0.012,0.028,0.019,0.006,0.03,0.062,0.05,0.096,0.074
30.5,-0.01,0.024,0.019,0.009,0.036,0.053,0.05,0.098,0.077
31,-0.011,0.026,0.021,0.016,0.035,0.053,0.058,0.098,0.08
31.5,-0.011,0.023,0.018,0.017,0.043,0.054,0.065,0.099,0.082
32,-0.012,0.024,0.016,0.018,0.051,0.052,0.068,0.099,0.084
32.5,-0.011,0.019,0.013,0.019,0.057,0.046,0.065,0.096,0.085
33,-0.012,0.017,0.015,0.017,0.057,0.045,0.061,0.097,0.086
33.5,-0.012,0.018,0.019,0.016,0.048,0.056,0.062,0.101,0.086
34,-0.012,0.026,0.016,0.012,0.051,0.063,0.062,0.103,0.088
34.5,-0.012,0.03,0.018,0.014,0.052,0.065,0.058,0.102,0.091
35,-0.012,0.031,0.015,0.022,0.049,0.063,0.053,0.102,0.092
35.5,-0.012,0.033,0.014,0.023,0.043,0.054,0.053,0.101,0.093
36,-0.012,0.033,0.019,0.028,0.044,0.056,0.058,0.099,0.094
36.5,-0.012,0.029,0.018,0.028,0.052,0.055,0.061,0.102,0.094
37,-0.013,0.033,0.018,0.032,0.056,0.051,0.062,0.105,0.095
37.5,-0.013,0.029,0.015,0.031,0.061,0.045,0.061,0.105,0.097
38,-0.013,0.032,0.011,0.028,0.057,0.046,0.058,0.105,0.101
38.5,-0.014,0.023,0.009,0.025,0.049,0.053,0.056,0.105,0.102
39,-0.013,0.017,0.008,0.019,0.051,0.058,0.057,0.102,0.102
39.5,-0.011,0.022,0.012,0.019,0.051,0.06,0.054,0.1,0.103
40,-0.011,0.023,0.011,0.021,0.046,0.058,0.049,0.103,0.104
40.5,-0.011,0.025,0.013,0.024,0.041,0.048,0.052,0.106,0.106
41,-0.011,0.024,0.013,0.025,0.051,0.049,0.057,0.105,0.109
41.5,-0.011,0.021,0.007,0.021,0.056,0.049,0.064,0.106,0.11
42,-0.011,0.02,0.006,0.021,0.062,0.046,0.067,0.105,0.11
42.5,-0.011,0.018,0.008,0.019,0.068,0.042,0.065,0.102,0.11
43,-0.011,0.017,0.013,0.017,0.061,0.047,0.061,0.104,0.11
43.5,-0.012,0.02,0.015,0.015,0.058,0.055,0.062,0.108,0.111
44,-0.012,0.026,0.014,0.012,0.058,0.06,0.061,0.109,0.114
44.5,-0.012,0.023,0.013,0.019,0.053,0.061,0.058,0.108,0.115
45,-0.012,0.025,0.012,0.023,0.048,0.056,0.052,0.109,0.115
45.5,-0.012,0.031,0.014,0.027,0.042,0.051,0.052,0.106,0.115
46,-0.012,0.028,0.012,0.027,0.046,0.054,0.056,0.104,0.115
46.5,-0.012,0.031,0.011,0.028,0.052,0.054,0.062,0.107,0.114
47,-0.012,0.028,0.012,0.029,0.056,0.051,0.065,0.11,0.115
47.5,-0.013,0.026,0.003,0.026,0.055,0.045,0.065,0.111,0.115
48,-0.013,0.022,-0.001,0.027,0.046,0.047,0.061,0.111,0.115
48.5,-0.012,0.016,0.001,0.023,0.045,0.056,0.061,0.11,0.113
49,-0.012,0.021,0.005,0.017,0.047,0.06,0.061,0.108,0.111
49.5,-0.011,0.023,0.005,0.022,0.046,0.06,0.057,0.111,0.11
50,-0.011,0.025,0.004,0.023,0.041,0.06,0.052,0.115,0.11
50.5,-0.011,0.024,0.002,0.024,0.037,0.058,0.055,0.116,0.108
51,-0.01,0.02,0,0.022,0.048,0.057,0.06,0.116,0.106
51.5,-0.01,0.022,0,0.023,0.059,0.054,0.065,0.116,0.104
52,-0.011,0.019,0.002,0.021,0.061,0.049,0.066,0.114,0.102
52.5,-0.011,0.019,0.005,0.019,0.058,0.045,0.065,0.115,0.1
53,-0.011,0.017,0.003,0.017,0.048,0.051,0.062,0.116,0.098
53.5,-0.012,0.019,-0.001,0.015,0.05,0.057,0.063,0.116,0.097
54,-0.012,0.018,-0.004,0.023,0.055,0.06,0.061,0.114,0.094
54.5,-0.012,0.029,-0.015,0.024,0.052,0.06,0.057,0.11,0.092
55,-0.013,0.035,-0.033,0.026,0.043,0.059,0.052,0.107,0.089
55.5,-0.012,0.024,-0.052,0.028,0.039,0.057,0.053,0.105,0.085
56,-0.013,0.033,-0.053,0.027,0.05,0.057,0.059,0.103,0.08
56.5,-0.012,0.021,-0.041,0.031,0.06,0.054,0.065,0.104,0.07
57,-0.012,0.021,-0.021,0.029,0.062,0.051,0.067,0.102,0.057
57.5,-0.012,0.023,-0.013,0.029,0.06,0.046,0.064,0.096,0.041
58,-0.012,0.023,-0.014,0.028,0.054,0.052,0.063,0.092,0.031
58.5,-0.012,0.022,-0.012,0.022,0.051,0.061,0.063,0.089,0.025
59,-0.011,0.024,-0.01,0.02,0.054,0.067,0.062,0.086,0.02
59.5,-0.011,0.024,-0.012,0.021,0.05,0.069,0.058,0.083,0.018
60,-0.011,0.025,-0.012,0.025,0.043,0.065,0.054,0.081,0.018
60.5,-0.011,0.024,-0.017,0.023,0.04,0.063,0.057,0.076,0.017
61,-0.012,0.025,-0.027,0.022,0.05,0.063,0.063,0.072,0.018
61.5,-0.01,0.021,-0.021,0.021,0.06,0.058,0.068,0.068,0.02
62,-0.011,0.021,-0.016,0.018,0.061,0.053,0.07,0.064,0.021
62.5,-0.011,0.017,-0.021,0.017,0.062,0.05,0.07,0.062,0.023
63,-0.013,0.015,-0.027,0.013,0.057,0.056,0.067,0.056,0.027
63.5,-0.014,0.017,-0.027,0.014,0.057,0.061,0.067,0.045,0.03
64,-0.014,0.023,-0.033,0.021,0.059,0.062,0.064,0.033,0.034
64.5,-0.014,0.029,-0.041,0.022,0.055,0.062,0.061,0.017,0.038
65,-0.013,0.033,-0.042,0.025,0.045,0.059,0.059,-0.001,0.04
65.5,-0.013,0.028,-0.042,0.028,0.039,0.056,0.064,-0.013,0.044
66,-0.013,0.029,-0.036,0.032,0.048,0.054,0.068,-0.017,0.047
66.5,-0.014,0.026,-0.024,0.031,0.058,0.053,0.072,-0.022,0.051
67,-0.014,0.027,-0.017,0.03,0.063,0.049,0.076,-0.027,0.054
67.5,-0.014,0.023,-0.017,0.029,0.062,0.048,0.074,-0.026,0.056
68,-0.014,0.024,-0.021,0.024,0.058,0.059,0.067,-0.024,0.058
68.5,-0.013,0.018,-0.025,0.017,0.056,0.069,0.066,-0.02,0.06
69,-0.013,0.019,-0.028,0.019,0.06,0.072,0.063,-0.011,0.063
69.5,-0.013,0.025,-0.02,0.023,0.055,0.07,0.06,-0.001,0.066
70,-0.014,0.023,-0.022,0.023,0.048,0.058,0.061,0.006,0.069
70.5,-0.014,0.028,-0.022,0.023,0.047,0.059,0.068,0.016,0.071
71,-0.013,0.027,-0.02,0.023,0.055,0.06,0.076,0.022,0.073
71.5,-0.013,0.022,-0.015,0.021,0.062,0.056,0.08,0.03,0.074
72,-0.012,0.019,-0.007,0.019,0.066,0.052,0.079,0.04,0.075
72.5,-0.013,0.014,0,0.017,0.063,0.056,0.071,0.048,0.078
73,-0.016,0.014,0.008,0.015,0.061,0.062,0.066,0.052,0.081
73.5,-0.015,0.019,0.008,0.017,0.058,0.068,0.062,0.057,0.081
74,-0.015,0.026,0.003,0.02,0.057,0.07,0.06,0.058,0.082
74.5,-0.014,0.026,0.002,0.023,0.053,0.064,0.055,0.061,0.083
75,-0.014,0.026,0.006,0.022,0.046,0.058,0.053,0.067,0.083
75.5,-0.014,0.033,0.009,0.025,0.048,0.056,0.053,0.073,0.085
76,-0.014,0.029,0.009,0.027,0.058,0.057,0.053,0.075,0.087
76.5,-0.015,0.029,0.008,0.026,0.066,0.054,0.054,0.078,0.088
77,-0.016,0.029,0.006,0.025,0.067,0.052,0.052,0.079,0.088
77.5,-0.015,0.025,0,0.023,0.065,0.056,0.043,0.078,0.089
78,-0.015,0.026,0,0.02,0.06,0.058,0.04,0.081,0.089
78.5,-0.015,0.02,0.001,0.015,0.058,0.057,0.041,0.086,0.088
79,-0.015,0.023,0.005,0.018,0.058,0.054,0.039,0.088,0.087
79.5,-0.014,0.026,0.011,0.023,0.056,0.047,0.034,0.089,0.09
80,-0.014,0.025,0.01,0.023,0.052,0.039,0.037,0.09,0.093
80.5,-0.015,0.025,0.016,0.023,0.058,0.037,0.04,0.09,0.095
81,-0.014,0.022,0.022,0.02,0.062,0.037,0.041,0.09,0.095
81.5,-0.014,0.022,0.027,0.019,0.064,0.034,0.038,0.093,0.094
82,-0.014,0.019,0.026,0.017,0.065,0.032,0.029,0.094,0.096
82.5,-0.015,0.014,0.025,0.014,0.064,0.037,0.029,0.094,0.097
83,-0.016,0.013,0.024,0.013,0.059,0.04,0.03,0.094,0.098
83.5,-0.016,0.016,0.016,0.014,0.055,0.039,0.03,0.093,0.099
84,-0.016,0.026,0.017,0.023,0.053,0.039,0.028,0.092,0.1
84.5,-0.016,0.024,0.023,0.027,0.049,0.03,0.029,0.093,0.098
85,-0.016,0.034,0.021,0.028,0.047,0.028,0.034,0.096,0.099
85.5,-0.016,0.031,0.022,0.03,0.053,0.028,0.035,0.098,0.1
86,-0.016,0.032,0.021,0.028,0.055,0.028,0.032,0.098,0.102
86.5,-0.016,0.034,0.022,0.03,0.054,0.025,0.025,0.098,0.103
87,-0.016,0.029,0.02,0.027,0.055,0.027,0.019,0.097,0.104
87.5,-0.016,0.035,0.019,0.025,0.048,0.029,0.012,0.096,0.104
88,-0.015,0.026,0.014,0.018,0.036,0.03,-0.002,0.098,0.102
88.5,-0.015,0.02,0.011,0.018,0.036,0.03,-0.028,0.098,0.104
89,-0.015,0.025,0.018,0.026,0.035,0.023,-0.038,0.098,0.106
89.5,-0.016,0.026,0.024,0.025,0.032,0.018,-0.04,0.098,0.108
90,-0.016,0.03,0.028,0.025,0.031,0.013,-0.04,0.096,0.109
90.5,-0.016,0.026,0.03,0.023,0.035,0,-0.038,0.094,0.109
91,-0.018,0.027,0.029,0.02,0.039,-0.027,-0.046,0.095,0.109
91.5,-0.03,0.023,0.029,0.019,0.04,-0.052,-0.051,0.098,0.109
92,-0.031,0.018,0.027,0.016,0.039,-0.062,-0.048,0.099,0.111
92.5,-0.024,0.019,0.028,0.015,0.027,-0.048,-0.043,0.099,0.112
93,-0.022,0.017,0.021,0.012,0.028,-0.042,-0.035,0.1,0.112
93.5,-0.022,0.028,0.016,0.019,0.029,-0.054,-0.037,0.097,0.113
94,-0.021,0.028,0.018,0.026,0.029,-0.05,-0.034,0.096,0.113
94.5,-0.02,0.027,0.02,0.025,0.024,-0.041,-0.027,0.098,0.112
95,-0.02,0.029,0.022,0.032,0.025,-0.031,-0.019,0.102,0.113
95.5,-0.02,0.027,0.02,0.031,0.03,-0.029,-0.018,0.104,0.115
96,-0.021,0.031,0.02,0.032,0.03,-0.047,-0.018,0.102,0.117
96.5,-0.022,0.028,0.019,0.029,0.028,-0.048,-0.014,0.102,0.118
97,-0.026,0.03,0.017,0.027,0.015,-0.037,-0.003,0.101,0.118
97.5,-0.023,0.028,0.016,0.027,0.006,-0.025,0.009,0.101,0.117
98,-0.022,0.021,0.012,0.022,-0.004,-0.027,0.013,0.103,0.117
98.5,-0.022,0.021,0.022,0.023,-0.026,-0.032,0.017,0.106,0.119
99,-0.022,0.022,0.024,0.021,-0.055,-0.027,0.026,0.108,0.121
99.5,-0.024,0.026,0.027,0.022,-0.064,-0.011,0.034,0.108,0.122
100,-0.025,0.026,0.032,0.025,-0.053,0.006,0.038,0.107,0.12
100.5,-0.026,0.025,0.029,0.023,-0.04,0.011,0.038,0.104,0.119
101,-0.026,0.024,0.031,0.023,-0.03,0.021,0.043,0.106,0.118
101.5,-0.024,0.019,0.026,0.02,-0.034,0.03,0.045,0.109,0.118
102,-0.022,0.021,0.028,0.019,-0.028,0.036,0.045,0.111,0.118
102.5,-0.02,0.018,0.023,0.016,-0.022,0.034,0.042,0.112,0.118
103,-0.02,0.019,0.014,0.013,-0.033,0.037,0.046,0.112,0.116
103.5,-0.02,0.024,0.017,0.021,-0.042,0.043,0.053,0.11,0.113
104,-0.02,0.028,0.019,0.024,-0.04,0.046,0.058,0.11,0.111
104.5,-0.02,0.037,0.022,0.028,-0.037,0.044,0.06,0.113,0.109
105,-0.022,0.034,0.022,0.029,-0.03,0.039,0.056,0.114,0.108
105.5,-0.022,0.038,0.021,0.028,-0.022,0.046,0.056,0.115,0.106
106,-0.021,0.031,0.02,0.029,-0.021,0.055,0.056,0.113,0.105
106.5,-0.02,0.03,0.017,0.027,-0.013,0.06,0.056,0.111,0.103
107,-0.02,0.031,0.017,0.03,0.002,0.06,0.052,0.108,0.1
107.5,-0.018,0.022,0.013,0.028,-0.004,0.053,0.05,0.109,0.097
108,-0.018,0.021,0.019,0.029,-0.01,0.051,0.055,0.11,0.096
108.5,-0.019,0.026,0.023,0.028,0.001,0.052,0.059,0.11,0.094
109,-0.019,0.026,0.022,0.026,0.02,0.049,0.062,0.106,0.09
109.5,-0.02,0.027,0.026,0.027,0.032,0.043,0.061,0.102,0.085
110,-0.019,0.024,0.026,0.024,0.039,0.043,0.057,0.098,0.078
110.5,-0.017,0.027,0.028,0.025,0.037,0.053,0.058,0.095,0.068
111,-0.015,0.024,0.026,0.022,0.04,0.061,0.059,0.093,0.054
111.5,-0.014,0.026,0.024,0.02,0.044,0.065,0.057,0.091,0.041
112,-0.014,0.02,0.024,0.019,0.044,0.061,0.052,0.089,0.031
112.5,-0.016,0.018,0.019,0.016,0.041,0.057,0.053,0.085,0.025
113,-0.018,0.028,0.017,0.014,0.039,0.061,0.06,0.082,0.024
113.5,-0.018,0.026,0.019,0.022,0.049,0.06,0.066,0.079,0.023
114,-0.017,0.032,0.023,0.027,0.059,0.052,0.07,0.078,0.022
114.5,-0.014,0.034,0.021,0.029,0.06,0.043,0.067,0.077,0.023
115,-0.013,0.031,0.02,0.027,0.055,0.049,0.063,0.074,0.024
115.5,-0.012,0.029,0.02,0.032,0.044,0.057,0.062,0.069,0.024
116,-0.012,0.03,0.017,0.029,0.046,0.059,0.06,0.066,0.027
116.5,-0.012,0.03,0.017,0.031,0.045,0.061,0.055,0.059,0.029
117,-0.011,0.023,0.014,0.03,0.043,0.054,0.048,0.052,0.032
117.5,-0.012,0.024,0.011,0.028,0.04,0.049,0.048,0.036,0.037
118,-0.012,0.015,0.015,0.029,0.047,0.05,0.053,0.014,0.041
118.5,-0.012,0.015,0.021,0.027,0.054,0.049,0.055,-0.003,0.044
119,-0.013,0.022,0.025,0.028,0.059,0.045,0.057,-0.017,0.047
119.5,-0.013,0.019,0.026,0.024,0.059,0.036,0.055,-0.024,0.049
120,-0.013,0.021,0.027,0.024,0.053,0.042,0.05,-0.026,0.051
120.5,-0.012,0.022,0.028,0.024,0.049,0.055,0.054,-0.024,0.053
121,-0.012,0.02,0.025,0.022,0.052,0.06,0.054,-0.022,0.056
121.5,-0.012,0.017,0.028,0.024,0.05,0.055,0.052,-0.021,0.058
122,-0.013,0.011,0.024,0.019,0.046,0.048,0.046,-0.016,0.06
122.5,-0.014,0.02,0.025,0.02,0.042,0.049,0.045,-0.008,0.062
123,-0.014,0.021,0.021,0.025,0.048,0.054,0.055,-0.003,0.062
123.5,-0.014,0.024,0.022,0.026,0.056,0.053,0.062,0.006,0.065
124,-0.013,0.024,0.024,0.028,0.061,0.048,0.063,0.016,0.068
124.5,-0.012,0.019,0.022,0.028,0.062,0.041,0.06,0.022,0.071
125,-0.012,0.021,0.022,0.031,0.055,0.048,0.057,0.029,0.072
125.5,-0.012,0.018,0.021,0.032,0.052,0.057,0.059,0.033,0.074
126,-0.012,0.021,0.019,0.033,0.052,0.063,0.059,0.039,0.075
126.5,-0.012,0.022,0.018,0.033,0.049,0.061,0.055,0.048,0.077
127,-0.012,0.015,0.014,0.029,0.043,0.056,0.048,0.054,0.08
127.5,-0.012,0.008,0.015,0.03,0.039,0.052,0.05,0.058,0.082
128,-0.012,0.009,0.02,0.028,0.044,0.055,0.058,0.062,0.084
128.5,-0.014,0.012,0.024,0.027,0.053,0.052,0.064,0.064,0.084
129,-0.012,0.011,0.027,0.025,0.057,0.05,0.065,0.065,0.084
129.5,-0.012,0.013,0.025,0.022,0.055,0.039,0.061,0.07,0.085
130,-0.012,0.011,0.028,0.022,0.048,0.05,0.058,0.076,0.087
130.5,-0.012,0.009,0.027,0.02,0.048,0.059,0.059,0.078,0.088
131,-0.013,0.01,0.027,0.021,0.051,0.063,0.059,0.08,0.089
131.5,-0.013,0.007,0.024,0.019,0.05,0.062,0.054,0.082,0.09
132,-0.013,0.006,0.024,0.019,0.045,0.053,0.05,0.082,0.09
132.5,-0.014,0.011,0.024,0.022,0.042,0.055,0.053,0.084,0.09
133,-0.014,0.009,0.018,0.023,0.052,0.057,0.058,0.088,0.09
133.5,-0.014,0.014,0.022,0.029,0.06,0.054,0.065,0.09,0.092
134,-0.012,0.013,0.023,0.029,0.063,0.046,0.067,0.092,0.094
134.5,-0.012,0.014,0.023,0.029,0.062,0.039,0.064,0.092,0.094
135,-0.011,0.015,0.024,0.031,0.053,0.048,0.061,0.092,0.096
135.5,-0.011,0.013,0.019,0.026,0.055,0.062,0.064,0.09,0.096
136,-0.01,0.012,0.02,0.031,0.055,0.065,0.062,0.091,0.096
136.5,-0.012,0.01,0.016,0.03,0.051,0.061,0.057,0.093,0.096
137,-0.012,0.004,0.017,0.03,0.044,0.054,0.049,0.094,0.097
137.5,-0.012,0.003,0.015,0.028,0.04,0.057,0.05,0.094,0.098
138,-0.013,0.007,0.019,0.025,0.05,0.059,0.059,0.094,0.099
138.5,-0.014,0.009,0.023,0.024,0.057,0.054,0.067,0.093,0.1
139,-0.013,0.005,0.023,0.022,0.057,0.045,0.07,0.093,0.1
139.5,-0.012,0.008,0.03,0.024,0.055,0.045,0.065,0.095,0.099
140,-0.012,0.005,0.029,0.021,0.046,0.055,0.061,0.097,0.1
140.5,-0.012,0.002,0.031,0.022,0.048,0.073,0.063,0.097,0.102
141,-0.012,0.003,0.031,0.021,0.052,0.065,0.061,0.097,0.104
141.5,-0.013,0.007,0.028,0.017,0.049,0.059,0.056,0.097,0.104
142,-0.013,0.006,0.03,0.015,0.041,0.054,0.054,0.094,0.105
142.5,-0.014,0.006,0.02,0.019,0.037,0.057,0.059,0.094,0.104
143,-0.014,0.01,0.02,0.022,0.05,0.062,0.065,0.097,0.104
143.5,-0.012,0.007,0.026,0.022,0.062,0.058,0.07,0.098,0.106
144,-0.012,0.005,0.027,0.023,0.062,0.05,0.071,0.096,0.108
144.5,-0.011,0.005,0.025,0.021,0.059,0.058,0.067,0.098,0.109
145,-0.011,0.001,0.023,0.02,0.05,0.061,0.064,0.096,0.11
145.5,-0.011,-0.004,0.023,0.022,0.056,0.066,0.063,0.094,0.11
146,-0.012,-0.025,0.019,0.023,0.057,0.066,0.06,0.096,0.11
146.5,-0.012,-0.039,0.017,0.022,0.051,0.063,0.055,0.099,0.111
147,-0.012,-0.046,0.016,0.02,0.041,0.059,0.056,0.1,0.113
147.5,-0.013,-0.046,0.012,0.015,0.041,0.059,0.063,0.1,0.114
148,-0.013,-0.037,0.022,0.015,0.057,0.056,0.068,0.1,0.114
148.5,-0.014,-0.026,0.023,0.013,0.065,0.051,0.071,0.098,0.115
149,-0.014,-0.023,0.026,0.013,0.064,0.048,0.071,0.097,0.115
149.5,-0.014,-0.018,0.028,0.011,0.059,0.056,0.068,0.1,0.115
150,-0.014,-0.014,0.028,0.011,0.055,0.064,0.066,0.103,0.118
150.5,-0.014,-0.019,0.026,0.011,0.056,0.068,0.063,0.104,0.12
151,-0.014,-0.019,0.023,0.008,0.057,0.068,0.059,0.104,0.121
151.5,-0.014,-0.018,0.026,0.012,0.049,0.067,0.057,0.103,0.121
152,-0.014,-0.016,0.024,0.015,0.044,0.061,0.059,0.101,0.121
152.5,-0.014,-0.016,0.018,0.015,0.051,0.059,0.063,0.101,0.121
153,-0.014,-0.017,0.017,0.015,0.059,0.058,0.066,0.105,0.121
153.5,-0.012,-0.019,0.021,0.011,0.067,0.056,0.066,0.109,0.121
154,-0.012,-0.024,0.025,0.012,0.068,0.059,0.066,0.11,0.121
154.5,-0.012,-0.031,0.023,0.011,0.063,0.065,0.062,0.11,0.12
155,-0.012,-0.037,0.022,0.011,0.06,0.066,0.059,0.108,0.118
155.5,-0.011,-0.039,0.021,0.013,0.06,0.064,0.055,0.108,0.117
156,-0.011,-0.025,0.017,0.01,0.057,0.063,0.051,0.111,0.116
156.5,-0.011,-0.023,0.015,0.009,0.052,0.058,0.052,0.112,0.115
157,-0.012,-0.025,0.012,0.008,0.048,0.052,0.054,0.112,0.114
157.5,-0.013,-0.026,0.013,0.008,0.052,0.049,0.053,0.111,0.111
158,-0.013,-0.029,0.019,0.007,0.063,0.044,0.05,0.11,0.109
158.5,-0.013,-0.017,0.028,0.005,0.07,0.045,0.047,0.107,0.108
159,-0.012,-0.013,0.032,0.003,0.07,0.05,0.045,0.107,0.106
159.5,-0.012,-0.022,0.031,0.004,0.066,0.051,0.043,0.111,0.104
160,-0.011,-0.029,0.033,0.006,0.059,0.054,0.039,0.111,0.103
160.5,-0.012,-0.03,0.029,0.008,0.057,0.055,0.034,0.108,0.101
161,-0.013,-0.032,0.03,0.009,0.055,0.052,0.035,0.108,0.098
161.5,-0.013,-0.029,0.028,0.009,0.051,0.039,0.038,0.105,0.095
162,-0.014,-0.022,0.022,0.006,0.049,0.036,0.038,0.104,0.093
162.5,-0.014,-0.013,0.019,0.008,0.058,0.036,0.036,0.104,0.091
163,-0.014,-0.005,0.022,0.005,0.065,0.035,0.035,0.103,0.088
163.5,-0.013,-0.007,0.029,0.007,0.067,0.03,0.034,0.098,0.081
164,-0.012,-0.018,0.028,0.007,0.066,0.029,0.031,0.094,0.071
164.5,-0.011,-0.018,0.025,0.007,0.051,0.03,0.029,0.091,0.06
165,-0.011,-0.017,0.024,0.008,0.045,0.032,0.028,0.088,0.048
165.5,-0.01,-0.013,0.019,0.003,0.045,0.032,0.028,0.087,0.037
166,-0.011,-0.004,0.019,-0.003,0.043,0.026,0.027,0.086,0.03
166.5,-0.012,-0.001,0.015,-0.011,0.039,0.021,0.026,0.084,0.026
167,-0.012,0.003,0.016,-0.017,0.043,0.022,0.026,0.08,0.023
167.5,-0.011,0.004,0.021,-0.025,0.046,0.022,0.021,0.077,0.022
168,-0.012,0.004,0.026,-0.038,0.048,0.02,0.012,0.073,0.023
168.5,-0.012,0.008,0.031,-0.051,0.047,0.019,-0.011,0.07,0.022
169,-0.012,0.004,0.032,-0.06,0.047,0.025,-0.026,0.068,0.023
169.5,-0.012,0.007,0.036,-0.06,0.036,0.025,-0.036,0.064,0.026
170,-0.012,0.008,0.038,-0.051,0.034,0.019,-0.043,0.058,0.027
170.5,-0.012,0.019,0.031,-0.037,0.033,0.007,-0.049,0.051,0.029
171,-0.012,0.025,0.031,-0.024,0.032,-0.013,-0.047,0.04,0.032
171.5,-0.013,0.025,0.025,-0.016,0.027,-0.03,-0.046,0.026,0.035
172,-0.014,0.028,0.027,-0.011,0.032,-0.053,-0.052,0.012,0.039
172.5,-0.014,0.027,0.025,-0.01,0.034,-0.063,-0.051,0.001,0.043
173,-0.013,0.019,0.024,-0.012,0.033,-0.056,-0.053,-0.012,0.046
173.5,-0.012,0.015,0.027,-0.018,0.031,-0.043,-0.042,-0.016,0.049
174,-0.012,0.019,0.024,-0.028,0.029,-0.036,-0.035,-0.016,0.05
174.5,-0.011,0.026,0.027,-0.039,0.024,-0.034,-0.032,-0.017,0.052
175,-0.012,0.021,0.024,-0.043,0.024,-0.044,-0.032,-0.017,0.055
175.5,-0.012,0.023,0.024,-0.032,0.022,-0.061,-0.035,-0.01,0.059
176,-0.011,0.02,0.022,-0.02,0.023,-0.059,-0.029,-0.007,0.061
176.5,-0.012,0.018,0.019,-0.014,0.027,-0.047,-0.014,-0.001,0.063
177,-0.011,0.015,0.026,-0.019,0.028,-0.04,-0.003,0.007,0.065
177.5,-0.012,0.012,0.028,-0.024,0.027,-0.031,0.002,0.013,0.066
178,-0.012,0.01,0.03,-0.025,0.023,-0.03,0.007,0.02,0.069
178.5,-0.012,0.014,0.032,-0.028,0.018,-0.02,0.016,0.029,0.071
179,-0.012,0.024,0.033,-0.03,0,-0.003,0.025,0.035,0.074
179.5,-0.012,0.02,0.034,-0.035,-0.035,0.006,0.029,0.042,0.076
180,-0.012,0.021,0.03,-0.041,-0.058,0.005,0.032,0.047,0.078
180.5,-0.012,0.024,0.033,-0.042,-0.055,0.009,0.041,0.049,0.079
181,-0.012,0.022,0.03,-0.032,-0.054,0.02,0.05,0.056,0.08
181.5,-0.013,0.025,0.032,-0.023,-0.055,0.029,0.054,0.064,0.082
182,-0.013,0.025,0.022,-0.018,-0.046,0.029,0.054,0.068,0.084
182.5,-0.014,0.022,0.02,-0.018,-0.047,0.032,0.052,0.072,0.085
183,-0.012,0.013,0.024,-0.02,-0.05,0.045,0.054,0.074,0.086
183.5,-0.012,0.013,0.022,-0.025,-0.07,0.053,0.055,0.074,0.087
184,-0.012,0.02,0.023,-0.026,-0.065,0.053,0.052,0.075,0.087
184.5,-0.01,0.021,0.023,-0.023,-0.049,0.043,0.048,0.079,0.087
185,-0.01,0.023,0.022,-0.01,-0.033,0.045,0.053,0.082,0.089
185.5,-0.01,0.02,0.021,0.006,-0.031,0.048,0.058,0.082,0.091
186,-0.01,0.018,0.017,0.004,-0.029,0.045,0.061,0.084,0.092
186.5,-0.009,0.018,0.017,0.002,-0.014,0.039,0.062,0.084,0.094
187,-0.009,0.014,0.022,-0.004,0.001,0.042,0.057,0.083,0.095
187.5,-0.011,0.013,0.027,-0.007,0.014,0.052,0.058,0.086,0.095
188,-0.012,0.01,0.029,-0.003,0.01,0.058,0.058,0.09,0.095
188.5,-0.011,0.013,0.027,-0.001,0.017,0.06,0.056,0.09,0.098
189,-0.01,0.023,0.029,-0.002,0.023,0.054,0.052,0.09,0.098
189.5,-0.011,0.028,0.026,0.003,0.028,0.05,0.046,0.09,0.098
190,-0.012,0.033,0.027,0.01,0.027,0.053,0.052,0.089,0.099
190.5,-0.012,0.029,0.026,0.013,0.032,0.052,0.061,0.089,0.098
191,-0.012,0.031,0.023,0.014,0.04,0.047,0.064,0.091,0.098
191.5,-0.012,0.029,0.018,0.016,0.047,0.04,0.063,0.094,0.1
192,-0.013,0.021,0.011,0.014,0.053,0.044,0.057,0.094,0.102
192.5,-0.014,0.021,0.014,0.011,0.045,0.053,0.058,0.094,0.102
193,-0.013,0.014,0.013,0.008,0.046,0.059,0.059,0.094,0.104
193.5,-0.012,0.018,0.016,0.013,0.047,0.061,0.057,0.092,0.104
194,-0.011,0.022,0.016,0.017,0.046,0.054,0.05,0.093,0.103
194.5,-0.011,0.022,0.015,0.019,0.041,0.053,0.051,0.096,0.103
195,-0.01,0.024,0.016,0.021,0.036,0.054,0.057,0.098,0.106
195.5,-0.01,0.02,0.013,0.019,0.052,0.052,0.062,0.096,0.108
196,-0.011,0.022,0.008,0.018,0.06,0.048,0.064,0.097,0.108
196.5,-0.01,0.018,0.014,0.014,0.059,0.046,0.059,0.096,0.109
197,-0.01,0.015,0.015,0.012,0.051,0.052,0.053,0.093,0.108
197.5,-0.012,0.012,0.018,0.011,0.047,0.057,0.053,0.095,0.108
198,-0.012,0.01,0.017,0.016,0.051,0.062,0.053,0.098,0.11
198.5,-0.012,0.019,0.019,0.023,0.051,0.061,0.051,0.099,0.112
199,-0.012,0.025,0.015,0.025,0.047,0.051,0.046,0.098,0.113
199.5,-0.012,0.031,0.016,0.028,0.039,0.049,0.044,0.098,0.113
200,-0.012,0.027,0.016,0.029,0.045,0.05,0.05,0.096,0.114
200.5,-0.012,0.028,0.013,0.027,0.055,0.047,0.057,0.095,0.113
201,-0.012,0.028,0.006,0.028,0.06,0.043,0.059,0.098,0.114
201.5,-0.012,0.023,0,0.026,0.059,0.042,0.056,0.101,0.116
202,-0.013,0.02,0.004,0.023,0.054,0.05,0.055,0.1,0.118
202.5,-0.012,0.02,0.007,0.023,0.05,0.056,0.057,0.1,0.119
203,-0.012,0.019,0.007,0.017,0.053,0.061,0.057,0.099,0.12
203.5,-0.01,0.014,0.008,0.02,0.052,0.062,0.054,0.096,0.12
204,-0.008,0.014,0.007,0.021,0.048,0.052,0.048,0.097,0.12
204.5,-0.008,0.021,0.008,0.022,0.042,0.055,0.048,0.099,0.123
205,-0.009,0.019,0.005,0.022,0.052,0.055,0.056,0.101,0.124
205.5,-0.009,0.021,0.002,0.021,0.059,0.051,0.062,0.101,0.125
206,-0.009,0.019,0.007,0.019,0.061,0.045,0.062,0.101,0.124
206.5,-0.01,0.016,0.007,0.016,0.062,0.043,0.058,0.1,0.123
207,-0.01,0.016,0.009,0.013,0.05,0.05,0.056,0.099,0.122
207.5,-0.011,0.009,0.007,0.015,0.044,0.054,0.059,0.102,0.123
208,-0.012,0.019,0.009,0.025,0.049,0.056,0.058,0.105,0.123
208.5,-0.01,0.023,0.008,0.026,0.048,0.054,0.054,0.107,0.123
209,-0.01,0.022,0.007,0.027,0.043,0.047,0.047,0.108,0.122
209.5,-0.01,0.024,0.01,0.029,0.036,0.049,0.047,0.106,0.12
210,-0.01,0.027,0.007,0.028,0.043,0.049,0.053,0.105,0.118
210.5,-0.011,0.029,0.003,0.029,0.056,0.047,0.059,0.107,0.118
211,-0.011,0.026,0.001,0.027,0.061,0.041,0.063,0.109,0.116
211.5,-0.012,0.028,0.003,0.025,0.06,0.04,0.063,0.11,0.115
212,-0.012,0.027,0.004,0.022,0.049,0.05,0.06,0.11,0.113
212.5,-0.011,0.018,0.001,0.016,0.048,0.058,0.06,0.108,0.11
213,-0.01,0.013,0,0.021,0.053,0.06,0.06,0.107,0.109
213.5,-0.009,0.016,-0.002,0.026,0.051,0.056,0.055,0.108,0.107
214,-0.01,0.025,-0.002,0.026,0.043,0.051,0.047,0.11,0.105
214.5,-0.008,0.025,-0.005,0.024,0.038,0.056,0.049,0.11,0.103
215,-0.009,0.023,-0.004,0.02,0.051,0.054,0.056,0.109,0.101
215.5,-0.008,0.021,-0.007,0.02,0.061,0.049,0.062,0.106,0.098
216,-0.01,0.018,-0.023,0.017,0.063,0.041,0.066,0.102,0.094
216.5,-0.01,0.018,-0.044,0.015,0.059,0.044,0.066,0.098,0.091
217,-0.011,0.013,-0.057,0.013,0.047,0.055,0.064,0.095,0.086
217.5,-0.012,0.011,-0.051,0.017,0.049,0.063,0.065,0.093,0.078
218,-0.012,0.011,-0.037,0.023,0.052,0.063,0.063,0.09,0.065
218.5,-0.01,0.02,-0.028,0.027,0.049,0.061,0.058,0.086,0.05
219,-0.01,0.026,-0.027,0.031,0.041,0.055,0.056,0.083,0.038
219.5,-0.011,0.028,-0.032,0.031,0.036,0.054,0.059,0.08,0.03
220,-0.01,0.031,-0.035,0.03,0.048,0.054,0.062,0.077,0.025
220.5,-0.011,0.031,-0.033,0.03,0.058,0.05,0.066,0.076,0.024
221,-0.012,0.03,-0.024,0.028,0.058,0.044,0.066,0.074,0.023
221.5,-0.012,0.027,-0.02,0.029,0.055,0.048,0.064,0.069,0.022
222,-0.01,0.024,-0.02,0.02,0.05,0.057,0.061,0.066,0.024
222.5,-0.01,0.017,-0.008,0.017,0.055,0.061,0.06,0.062,0.025
223,-0.01,0.012,-0.001,0.021,0.055,0.064,0.057,0.057,0.026
223.5,-0.01,0.017,-0.012,0.022,0.051,0.064,0.054,0.053,0.029
224,-0.009,0.024,-0.025,0.023,0.042,0.062,0.051,0.043,0.032
224.5,-0.01,0.021,-0.04,0.021,0.038,0.06,0.056,0.026,0.036
225,-0.011,0.024,-0.033,0.02,0.053,0.056,0.064,0.011,0.039
225.5,-0.01,0.019,-0.025,0.018,0.063,0.051,0.069,-0.002,0.041
226,-0.011,0.019,-0.023,0.016,0.062,0.046,0.069,-0.013,0.044
226.5,-0.011,0.017,-0.017,0.013,0.057,0.05,0.065,-0.018,0.047
227,-0.014,0.012,-0.013,0.013,0.054,0.059,0.063,-0.023,0.052
227.5,-0.012,0.011,-0.013,0.02,0.056,0.064,0.064,-0.026,0.055
228,-0.013,0.014,-0.021,0.021,0.055,0.066,0.061,-0.026,0.057
228.5,-0.013,0.024,-0.032,0.024,0.051,0.066,0.058,-0.019,0.06
229,-0.012,0.023,-0.035,0.027,0.042,0.064,0.059,-0.013,0.06
229.5,-0.012,0.028,-0.034,0.026,0.042,0.06,0.066,-0.006,0.063
230,-0.012,0.029,-0.035,0.027,0.056,0.056,0.074,0.005,0.066
230.5,-0.013,0.026,-0.032,0.025,0.06,0.053,0.076,0.014,0.069
231,-0.014,0.028,-0.025,0.025,0.062,0.051,0.074,0.02,0.071
231.5,-0.014,0.025,-0.015,0.021,0.062,0.057,0.069,0.027,0.073
232,-0.013,0.024,-0.015,0.015,0.059,0.064,0.063,0.031,0.074
232.5,-0.012,0.017,-0.015,0.016,0.056,0.067,0.062,0.038,0.075
233,-0.012,0.013,-0.022,0.019,0.055,0.067,0.061,0.046,0.078
233.5,-0.013,0.017,-0.021,0.023,0.05,0.066,0.058,0.052,0.081
234,-0.012,0.02,-0.02,0.022,0.047,0.058,0.057,0.056,0.082
234.5,-0.013,0.023,-0.017,0.021,0.053,0.054,0.063,0.06,0.083
235,-0.012,0.02,-0.011,0.021,0.06,0.053,0.065,0.06,0.084
235.5,-0.012,0.02,-0.003,0.017,0.066,0.049,0.065,0.063,0.084
236,-0.013,0.016,0.002,0.016,0.069,0.05,0.063,0.069,0.084
236.5,-0.016,0.013,0.005,0.012,0.068,0.056,0.057,0.074,0.087
237,-0.016,0.013,0.01,0.012,0.064,0.06,0.051,0.075,0.088
237.5,-0.014,0.01,0.001,0.018,0.061,0.061,0.047,0.076,0.088
238,-0.014,0.016,-0.004,0.022,0.057,0.063,0.045,0.077,0.09
238.5,-0.014,0.023,-0.003,0.027,0.052,0.056,0.043,0.076,0.09
239,-0.014,0.024,-0.002,0.027,0.052,0.049,0.043,0.079,0.09
239.5,-0.014,0.028,0.002,0.028,0.061,0.048,0.044,0.083,0.091
240,-0.014,0.026,0.01,0.026,0.065,0.047,0.044,0.084,0.093
240.5,-0.015,0.029,0.015,0.025,0.065,0.041,0.044,0.085,0.094
241,-0.015,0.028,0.015,0.021,0.062,0.039,0.042,0.087,0.095
241.5,-0.014,0.024,0.013,0.018,0.055,0.042,0.037,0.086,0.096
242,-0.014,0.024,0.012,0.018,0.047,0.043,0.034,0.086,0.095
242.5,-0.014,0.016,0.007,0.021,0.05,0.042,0.033,0.088,0.096
243,-0.014,0.018,0.019,0.025,0.051,0.042,0.03,0.09,0.097
243.5,-0.013,0.023,0.022,0.026,0.05,0.037,0.029,0.089,0.099
244,-0.014,0.022,0.023,0.023,0.048,0.032,0.031,0.09,0.1
244.5,-0.014,0.024,0.03,0.023,0.056,0.031,0.032,0.089,0.1
245,-0.014,0.02,0.029,0.02,0.062,0.028,0.032,0.087,0.101
245.5,-0.015,0.021,0.032,0.018,0.062,0.03,0.032,0.088,0.1
246,-0.016,0.017,0.031,0.014,0.06,0.033,0.028,0.091,0.101
246.5,-0.016,0.017,0.029,0.011,0.045,0.034,0.026,0.093,0.103
247,-0.016,0.014,0.02,0.012,0.042,0.034,0.024,0.092,0.105
247.5,-0.016,0.012,0.018,0.019,0.043,0.031,0.021,0.093,0.106
248,-0.015,0.02,0.025,0.027,0.043,0.026,0.015,0.092,0.107
248.5,-0.015,0.023,0.025,0.029,0.04,0.024,0.007,0.09,0.106
249,-0.015,0.029,0.026,0.031,0.039,0.023,-0.009,0.092,0.106
249.5,-0.016,0.03,0.022,0.029,0.045,0.02,-0.029,0.094,0.108
250,-0.017,0.025,0.018,0.026,0.045,0.024,-0.053,0.094,0.109
250.5,-0.016,0.026,0.018,0.027,0.042,0.021,-0.067,0.096,0.11
251,-0.016,0.024,0.014,0.023,0.039,0.011,-0.057,0.096,0.11
251.5,-0.018,0.028,0.012,0.023,0.029,-0.007,-0.048,0.094,0.108
252,-0.031,0.024,0.01,0.019,0.026,-0.043,-0.04,0.094,0.107
252.5,-0.039,0.027,0.019,0.018,0.027,-0.083,-0.037,0.096,0.108
253,-0.028,0.023,0.023,0.024,0.027,-0.079,-0.041,0.098,0.111
253.5,-0.024,0.02,0.023,0.023,0.023,-0.054,-0.039,0.096,0.112
254,-0.023,0.026,0.027,0.025,0.028,-0.048,-0.032,0.096,0.112
254.5,-0.023,0.022,0.025,0.023,0.033,-0.048,-0.036,0.095,0.114
255,-0.024,0.023,0.026,0.021,0.032,-0.051,-0.044,0.092,0.113
255.5,-0.02,0.021,0.024,0.019,0.03,-0.043,-0.045,0.094,0.114
256,-0.021,0.019,0.024,0.015,0.027,-0.036,-0.034,0.097,0.116
256.5,-0.021,0.019,0.023,0.013,0.022,-0.033,-0.016,0.097,0.118
257,-0.021,0.015,0.012,0.012,0.023,-0.041,-0.004,0.097,0.119
257.5,-0.022,0.025,0.016,0.021,0.021,-0.038,0.001,0.098,0.12
258,-0.022,0.024,0.02,0.026,0.014,-0.024,0.012,0.095,0.12
258.5,-0.021,0.029,0.021,0.026,0.004,-0.018,0.026,0.094,0.12
259,-0.023,0.028,0.021,0.03,-0.009,-0.013,0.033,0.098,0.121
259.5,-0.024,0.028,0.019,0.029,-0.03,-0.007,0.031,0.101,0.123
260,-0.024,0.03,0.021,0.03,-0.053,-0.003,0.033,0.102,0.124
260.5,-0.024,0.027,0.017,0.028,-0.067,0.007,0.037,0.102,0.124
261,-0.024,0.031,0.014,0.026,-0.063,0.022,0.038,0.101,0.124
261.5,-0.023,0.026,0.009,0.026,-0.04,0.024,0.036,0.098,0.122
262,-0.022,0.025,0.008,0.021,-0.022,0.022,0.04,0.1,0.122
262.5,-0.022,0.023,0.023,0.024,-0.019,0.024,0.045,0.104,0.123
263,-0.022,0.024,0.027,0.025,-0.032,0.031,0.051,0.106,0.122
263.5,-0.024,0.026,0.033,0.026,-0.038,0.028,0.054,0.108,0.12
264,-0.025,0.023,0.03,0.025,-0.032,0.03,0.05,0.107,0.118
264.5,-0.026,0.022,0.028,0.023,-0.038,0.043,0.051,0.106,0.116
265,-0.026,0.023,0.028,0.021,-0.05,0.052,0.053,0.106,0.114
265.5,-0.025,0.018,0.021,0.016,-0.061,0.054,0.052,0.107,0.113
266,-0.023,0.022,0.023,0.014,-0.047,0.05,0.049,0.11,0.112
266.5,-0.021,0.018,0.017,0.012,-0.018,0.046,0.045,0.11,0.11
267,-0.02,0.029,0.018,0.015,0.001,0.051,0.05,0.108,0.107
267.5,-0.019,0.03,0.022,0.022,-0.002,0.052,0.058,0.106,0.104
268,-0.02,0.029,0.025,0.023,0.002,0.047,0.062,0.104,0.102
268.5,-0.021,0.031,0.027,0.029,0.015,0.041,0.06,0.104,0.1
269,-0.022,0.03,0.022,0.031,0.027,0.046,0.056,0.104,0.098
269.5,-0.021,0.031,0.023,0.033,0.022,0.054,0.056,0.103,0.095
270,-0.019,0.031,0.019,0.033,0.023,0.058,0.056,0.098,0.091
270.5,-0.018,0.031,0.017,0.029,0.03,0.059,0.054,0.095,0.087
271,-0.017,0.031,0.013,0.032,0.033,0.056,0.05,0.091,0.079
271.5,-0.015,0.029,0.007,0.029,0.03,0.051,0.051,0.089,0.068
272,-0.014,0.032,0.019,0.023,0.037,0.052,0.057,0.087,0.055
272.5,-0.015,0.023,0.022,0.026,0.046,0.051,0.062,0.086,0.041
273,-0.016,0.024,0.025,0.026,0.051,0.046,0.064,0.082,0.03
273.5,-0.016,0.021,0.027,0.03,0.056,0.042,0.063,0.079,0.024
274,-0.016,0.02,0.025,0.027,0.053,0.051,0.059,0.076,0.024
274.5,-0.015,0.02,0.027,0.026,0.047,0.059,0.059,0.073,0.022
275,-0.014,0.017,0.025,0.022,0.05,0.063,0.058,0.071,0.023
275.5,-0.014,0.018,0.022,0.021,0.049,0.062,0.057,0.069,0.024
276,-0.013,0.016,0.02,0.018,0.045,0.055,0.052,0.066,0.025
276.5,-0.012,0.015,0.019,0.017,0.041,0.054,0.052,0.062,0.026
277,-0.012,0.02,0.017,0.026,0.049,0.055,0.055,0.058,0.028
277.5,-0.014,0.018,0.015,0.027,0.055,0.053,0.059,0.049,0.03
278,-0.013,0.02,0.021,0.029,0.062,0.047,0.06,0.04,0.032
278.5,-0.012,0.019,0.023,0.03,0.065,0.043,0.059,0.027,0.035
279,-0.012,0.022,0.021,0.029,0.055,0.051,0.054,0.013,0.039
279.5,-0.01,0.024,0.02,0.03,0.052,0.059,0.054,-0.003,0.041
280,-0.01,0.019,0.017,0.027,0.052,0.06,0.054,-0.006,0.043
280.5,-0.01,0.022,0.016,0.028,0.049,0.057,0.052,-0.009,0.046
281,-0.01,0.02,0.011,0.026,0.042,0.05,0.047,-0.014,0.049
281.5,-0.01,0.023,0.014,0.023,0.04,0.047,0.046,-0.015,0.053
282,-0.012,0.011,0.025,0.02,0.048,0.049,0.053,-0.018,0.057
282.5,-0.013,0.01,0.024,0.02,0.054,0.049,0.06,-0.02,0.059
283,-0.012,0.011,0.028,0.026,0.056,0.043,0.063,-0.013,0.062
283.5,-0.011,0.012,0.027,0.025,0.055,0.043,0.062,-0.006,0.062
284,-0.011,0.015,0.03,0.025,0.047,0.05,0.057,0,0.065
284.5,-0.011,0.012,0.03,0.024,0.049,0.057,0.057,0.012,0.067
285,-0.012,0.014,0.03,0.02,0.051,0.06,0.057,0.018,0.069
285.5,-0.012,0.013,0.028,0.019,0.049,0.059,0.054,0.026,0.071
286,-0.012,0.008,0.021,0.016,0.044,0.051,0.049,0.032,0.073
286.5,-0.013,0.006,0.017,0.017,0.041,0.05,0.05,0.035,0.074
287,-0.014,0.008,0.012,0.023,0.051,0.051,0.054,0.041,0.075
287.5,-0.014,0.011,0.023,0.029,0.059,0.049,0.059,0.048,0.077
288,-0.011,0.015,0.027,0.035,0.059,0.043,0.062,0.055,0.08
288.5,-0.011,0.016,0.024,0.033,0.052,0.039,0.062,0.057,0.082
289,-0.009,0.016,0.024,0.036,0.042,0.049,0.058,0.061,0.082
289.5,-0.008,0.015,0.02,0.033,0.049,0.057,0.057,0.063,0.084
290,-0.009,0.015,0.019,0.032,0.05,0.058,0.056,0.065,0.084
290.5,-0.008,0.013,0.015,0.028,0.046,0.054,0.051,0.069,0.085
291,-0.009,0.006,0.011,0.023,0.04,0.05,0.046,0.074,0.086
291.5,-0.01,0,0.01,0.021,0.042,0.052,0.048,0.076,0.088
292,-0.012,-0.002,0.017,0.024,0.052,0.054,0.054,0.077,0.089
292.5,-0.012,0.005,0.025,0.029,0.059,0.051,0.059,0.079,0.09
293,-0.011,0.006,0.028,0.028,0.061,0.044,0.061,0.078,0.09
293.5,-0.011,0.007,0.031,0.025,0.058,0.042,0.061,0.08,0.09
294,-0.01,0.007,0.031,0.025,0.05,0.052,0.06,0.084,0.091
294.5,-0.011,0.006,0.026,0.021,0.048,0.06,0.06,0.086,0.093
295,-0.012,0.008,0.028,0.023,0.05,0.062,0.058,0.086,0.094
295.5,-0.012,0.006,0.024,0.02,0.047,0.057,0.054,0.086,0.095
296,-0.014,0.001,0.023,0.02,0.042,0.05,0.051,0.086,0.096
296.5,-0.014,0.004,0.016,0.027,0.044,0.054,0.052,0.085,0.096
297,-0.013,0.006,0.017,0.027,0.053,0.056,0.058,0.087,0.096
297.5,-0.011,0.007,0.024,0.031,0.059,0.053,0.063,0.089,0.097
298,-0.011,0.009,0.024,0.031,0.06,0.045,0.065,0.089,0.099
298.5,-0.01,0.011,0.026,0.031,0.055,0.041,0.066,0.088,0.1
299,-0.01,0.009,0.022,0.031,0.052,0.052,0.064,0.088,0.1
299.5,-0.01,0.009,0.019,0.032,0.053,0.06,0.062,0.087,0.101
300,-0.01,0.008,0.017,0.029,0.052,0.064,0.06,0.087,0.101
300.5,-0.01,0.001,0.013,0.022,0.047,0.062,0.057,0.089,0.101
301,-0.01,0.002,0.011,0.021,0.04,0.057,0.055,0.091,0.103
301.5,-0.011,-0.003,0.014,0.016,0.036,0.056,0.058,0.09,0.104
302,-0.013,-0.005,0.024,0.019,0.051,0.054,0.061,0.091,0.105
302.5,-0.011,-0.002,0.028,0.021,0.06,0.05,0.065,0.09,0.106
303,-0.011,0.001,0.028,0.018,0.061,0.052,0.067,0.089,0.106
303.5,-0.011,-0.002,0.031,0.019,0.057,0.041,0.064,0.089,0.104
304,-0.011,-0.005,0.028,0.019,0.053,0.051,0.062,0.092,0.105
304.5,-0.012,-0.015,0.029,0.019,0.055,0.062,0.061,0.093,0.107
305,-0.011,-0.039,0.026,0.017,0.053,0.068,0.06,0.094,0.108
305.5,-0.012,-0.064,0.025,0.013,0.048,0.071,0.059,0.094,0.108
306,-0.013,-0.068,0.019,0.018,0.041,0.065,0.058,0.092,0.109
306.5,-0.014,-0.048,0.015,0.02,0.046,0.062,0.061,0.092,0.108
307,-0.015,-0.025,0.021,0.023,0.054,0.06,0.068,0.093,0.109
307.5,-0.012,-0.019,0.024,0.022,0.06,0.055,0.074,0.094,0.111
308,-0.011,-0.021,0.026,0.021,0.063,0.052,0.075,0.095,0.113
308.5,-0.009,-0.026,0.025,0.021,0.058,0.057,0.075,0.096,0.114
309,-0.01,-0.025,0.019,0.018,0.055,0.06,0.071,0.095,0.114
309.5,-0.01,-0.022,0.02,0.02,0.054,0.064,0.069,0.093,0.114
310,-0.01,-0.029,0.014,0.018,0.052,0.064,0.065,0.093,0.114
310.5,-0.011,-0.034,0.015,0.013,0.046,0.06,0.06,0.096,0.115
311,-0.011,-0.028,0.011,0.01,0.042,0.056,0.058,0.099,0.118
311.5,-0.013,-0.023,0.013,0.009,0.048,0.058,0.061,0.1,0.12
312,-0.013,-0.018,0.021,0.01,0.055,0.056,0.064,0.1,0.12
312.5,-0.012,-0.017,0.024,0.009,0.06,0.051,0.065,0.099,0.12
313,-0.011,-0.02,0.031,0.011,0.062,0.047,0.067,0.097,0.12
313.5,-0.01,-0.02,0.029,0.01,0.062,0.054,0.061,0.098,0.12
314,-0.011,-0.028,0.027,0.009,0.059,0.066,0.057,0.101,0.122
314.5,-0.011,-0.023,0.027,0.009,0.055,0.068,0.056,0.101,0.124
315,-0.012,-0.018,0.024,0.004,0.054,0.066,0.055,0.1,0.124
315.5,-0.012,-0.027,0.025,0.007,0.05,0.056,0.052,0.099,0.123
316,-0.013,-0.034,0.02,0.009,0.046,0.054,0.052,0.097,0.122
316.5,-0.014,-0.035,0.021,0.012,0.053,0.055,0.056,0.097,0.121
317,-0.012,-0.045,0.026,0.013,0.062,0.054,0.059,0.101,0.119
317.5,-0.011,-0.044,0.026,0.01,0.064,0.052,0.06,0.104,0.118
318,-0.01,-0.031,0.026,0.012,0.065,0.052,0.054,0.104,0.117
318.5,-0.009,-0.024,0.023,0.011,0.063,0.057,0.044,0.104,0.114
319,-0.009,-0.017,0.023,0.012,0.062,0.059,0.041,0.103,0.112
319.5,-0.009,-0.035,0.019,0.011,0.059,0.058,0.04,0.1,0.11
320,-0.009,-0.041,0.016,0.008,0.055,0.054,0.04,0.102,0.107
320.5,-0.009,-0.033,0.016,0.004,0.049,0.044,0.035,0.104,0.106
321,-0.01,-0.029,0.014,0.003,0.054,0.039,0.036,0.105,0.105
321.5,-0.01,-0.021,0.024,0.007,0.062,0.039,0.039,0.103,0.102
322,-0.011,-0.013,0.026,0.005,0.064,0.038,0.04,0.101,0.099
322.5,-0.012,-0.009,0.03,0.005,0.063,0.035,0.038,0.099,0.097
323,-0.011,-0.004,0.03,0.005,0.063,0.038,0.034,0.098,0.095
323.5,-0.01,0.002,0.028,0.001,0.058,0.042,0.028,0.098,0.093
324,-0.01,0,0.03,-0.001,0.055,0.041,0.029,0.096,0.09
324.5,-0.01,-0.003,0.026,0.002,0.051,0.04,0.029,0.093,0.084
325,-0.01,-0.001,0.029,0.005,0.051,0.036,0.027,0.089,0.075
325.5,-0.012,0.001,0.028,0.005,0.05,0.029,0.027,0.086,0.064
326,-0.013,0.006,0.026,0.006,0.054,0.028,0.031,0.083,0.052
326.5,-0.013,0.009,0.025,0.007,0.055,0.028,0.032,0.082,0.038
327,-0.01,0.012,0.023,0.004,0.058,0.027,0.031,0.081,0.026
327.5,-0.009,0.017,0.026,0.001,0.06,0.024,0.026,0.078,0.021
328,-0.009,0.016,0.024,-0.003,0.058,0.027,0.02,0.074,0.019
328.5,-0.01,0.007,0.024,-0.011,0.048,0.03,0.014,0.071,0.019
329,-0.008,0.007,0.023,-0.031,0.042,0.029,0.006,0.067,0.018
329.5,-0.009,0.01,0.021,-0.051,0.041,0.027,-0.009,0.064,0.018
330,-0.008,0.013,0.022,-0.054,0.037,0.024,-0.03,0.062,0.02
330.5,-0.008,0.016,0.017,-0.052,0.031,0.021,-0.042,0.058,0.022
331,-0.01,0.019,0.026,-0.044,0.03,0.017,-0.044,0.051,0.023
331.5,-0.012,0.018,0.03,-0.035,0.033,0.011,-0.039,0.042,0.023
332,-0.013,0.015,0.029,-0.029,0.034,-0.001,-0.043,0.029,0.022
332.5,-0.01,0.014,0.029,-0.02,0.035,-0.022,-0.053,0.014,0.022
333,-0.01,0.009,0.027,-0.015,0.028,-0.045,-0.051,0.002,0.024
333.5,-0.009,0.013,0.03,-0.017,0.022,-0.048,-0.042,-0.006,0.025
334,-0.01,0.019,0.029,-0.021,0.025,-0.048,-0.039,-0.012,0.026
334.5,-0.011,0.024,0.031,-0.023,0.026,-0.063,-0.038,-0.012,0.024
335,-0.011,0.026,0.029,-0.027,0.025,-0.05,-0.037,-0.012,0.022
335.5,-0.012,0.028,0.019,-0.026,0.021,-0.043,-0.032,-0.015,0.021
336,-0.013,0.028,0.027,-0.023,0.027,-0.031,-0.022,-0.012,0.018
336.5,-0.013,0.024,0.024,-0.021,0.032,-0.031,-0.018,-0.008,0.016
337,-0.014,0.027,0.027,-0.024,0.03,-0.037,-0.018,-0.005,0.014
337.5,-0.01,0.022,0.026,-0.03,0.024,-0.035,-0.013,-0.001,0.011
338,-0.01,0.012,0.023,-0.038,0.013,-0.031,-0.003,0.007,0.007
338.5,-0.008,0.013,0.023,-0.04,0.017,-0.028,0.007,0.013,0.002
339,-0.008,0.016,0.02,-0.038,0.016,-0.034,0.014,0.021,-0.002
339.5,-0.008,0.02,0.024,-0.027,0.011,-0.034,0.021,0.029,-0.007
340,-0.009,0.018,0.022,-0.027,-0.007,-0.015,0.03,0.035,-0.012
340.5,-0.01,0.02,0.027,-0.028,-0.031,-0.005,0.039,0.04,-0.018
341,-0.009,0.017,0.03,-0.026,-0.057,0.01,0.043,0.045,-0.031
341.5,-0.011,0.015,0.029,-0.022,-0.065,0.013,0.039,0.047,-0.042
342,-0.011,0.014,0.035,-0.019,-0.062,0.016,0.04,0.053,-0.045
342.5,-0.01,0.009,0.033,-0.02,-0.056,0.023,0.042,0.059,-0.044
343,-0.01,0.01,0.037,-0.026,-0.042,0.031,0.042,0.062,-0.042
343.5,-0.009,0.02,0.034,-0.027,-0.035,0.029,0.04,0.065,-0.04
344,-0.01,0.022,0.032,-0.026,-0.039,0.034,0.042,0.067,-0.04
344.5,-0.01,0.025,0.036,-0.024,-0.044,0.041,0.051,0.068,-0.038
345,-0.011,0.024,0.032,-0.021,-0.052,0.043,0.057,0.07,-0.036
345.5,-0.011,0.027,0.027,-0.014,-0.044,0.039,0.058,0.075,-0.034
346,-0.012,0.023,0.021,-0.007,-0.039,0.04,0.053,0.079,-0.033
346.5,-0.013,0.026,0.022,-0.003,-0.03,0.05,0.054,0.081,-0.032
347,-0.01,0.019,0.023,-0.01,-0.032,0.06,0.054,0.083,-0.03
347.5,-0.01,0.018,0.02,-0.015,-0.031,0.065,0.052,0.083,-0.029
348,-0.009,0.013,0.022,-0.014,-0.016,0.06,0.049,0.082,-0.028
348.5,-0.008,0.016,0.019,-0.012,0.004,0.052,0.046,0.085,-0.027
349,-0.009,0.023,0.021,-0.007,0.018,0.055,0.052,0.087,-0.026
349.5,-0.008,0.022,0.02,-0.002,0.023,0.052,0.057,0.086,-0.026
350,-0.009,0.02,0.013,0.003,0.027,0.046,0.059,0.086,-0.024
350.5,-0.008,0.019,0.017,0.006,0.032,0.039,0.058,0.086,-0.024
351,-0.008,0.016,0.017,0.003,0.035,0.044,0.054,0.084,-0.024
351.5,-0.011,0.015,0.018,0.005,0.029,0.052,0.056,0.084,-0.023
352,-0.011,0.013,0.018,0.008,0.034,0.055,0.057,0.087,-0.022
352.5,-0.01,0.013,0.021,0.009,0.04,0.056,0.056,0.088,-0.021
353,-0.009,0.016,0.021,0.01,0.041,0.047,0.052,0.088,-0.02
353.5,-0.01,0.02,0.018,0.016,0.038,0.045,0.05,0.088,-0.02
354,-0.01,0.025,0.022,0.022,0.039,0.05,0.055,0.088,-0.02
354.5,-0.01,0.026,0.02,0.027,0.051,0.05,0.061,0.086,-0.02
355,-0.012,0.028,0.015,0.028,0.057,0.046,0.065,0.088,-0.02
355.5,-0.012,0.027,0.006,0.029,0.058,0.038,0.065,0.091,-0.018
356,-0.013,0.028,0.004,0.022,0.053,0.047,0.059,0.092,-0.01
356.5,-0.013,0.025,0.01,0.017,0.048,0.06,0.059,0.091,-0.013
357,-0.01,0.02,0.01,0.018,0.049,0.062,0.059,0.092,-0.019
357.5,-0.009,0.019,0.011,0.022,0.048,0.061,0.055,0.089,-0.02
358,-0.008,0.014,0.012,0.023,0.045,0.053,0.049,0.089,-0.02
358.5,-0.008,0.021,0.013,0.02,0.04,0.053,0.046,0.091,-0.021
359,-0.007,0.023,0.011,0.02,0.048,0.056,0.05,0.093,-0.021
359.5,-0.008,0.02,0.006,0.018,0.058,0.052,0.058,0.093,-0.017
360,-0.008,0.023,0.004,0.016,0.06,0.045,0.063,0.094,-0.01
360.5,-0.008,0.018,0.008,0.013,0.058,0.039,0.062,0.094,-0.007
361,-0.009,0.018,0.014,0.01,0.048,0.047,0.057,0.091,-0.008
361.5,-0.01,0.015,0.015,0.012,0.047,0.055,0.058,0.091,
362,-0.01,0.012,0.013,0.019,0.049,0.059,0.06,0.093,
362.5,-0.008,0.006,0.016,0.024,0.047,0.054,0.057,0.095,
363,-0.008,0.014,0.012,0.024,0.043,0.05,0.051,0.094,
363.5,-0.009,0.021,0.013,0.024,0.041,0.047,0.051,0.096,
364,-0.009,0.02,0.01,0.026,0.052,0.05,0.056,0.094,
364.5,-0.01,0.02,0.001,0.024,0.06,0.049,0.06,0.092,
365,-0.01,0.024,-0.001,0.025,0.06,0.044,0.06,0.095,
365.5,-0.01,0.023,-0.001,0.021,0.054,0.045,0.059,0.097,
366,-0.01,0.027,0.006,0.015,0.049,0.051,0.053,0.097,
366.5,-0.009,0.025,0.007,0.015,0.053,0.06,0.054,0.097,
367,-0.009,0.026,0.007,0.018,0.053,0.064,0.054,0.097,
367.5,-0.008,0.02,0.008,0.023,0.05,0.06,0.052,0.094,
368,-0.007,0.01,0.007,0.021,0.044,0.049,0.047,0.095,
368.5,-0.006,0.019,0.007,0.022,0.04,0.051,0.043,0.097,
369,-0.006,0.019,0.003,0.02,0.05,0.055,0.053,0.1,
369.5,-0.008,0.022,0.002,0.019,0.056,0.051,0.06,0.1,
370,-0.008,0.019,0.007,0.017,0.055,0.043,0.061,0.1,
370.5,-0.007,0.02,0.008,0.011,0.051,0.038,0.057,0.099,
371,-0.007,0.017,0.012,0.009,0.044,0.048,0.054,0.099,
371.5,-0.007,0.014,0.01,0.013,0.048,0.059,0.058,0.102,
372,-0.008,0.013,0.011,0.023,0.051,0.063,0.058,0.104,
372.5,-0.009,0.006,0.007,0.029,0.048,0.06,0.054,0.105,
373,-0.009,0.018,0.006,0.03,0.041,0.05,0.048,0.104,
373.5,-0.009,0.023,0.005,0.03,0.04,0.05,0.049,0.104,
374,-0.009,0.019,-0.001,0.029,0.051,0.053,0.056,0.102,
374.5,-0.01,0.023,-0.006,0.03,0.059,0.05,0.063,0.103,
375,-0.009,0.022,-0.02,0.024,0.062,0.042,0.065,0.104,
375.5,-0.01,0.028,-0.032,0.021,0.058,0.041,0.061,0.103,
376,-0.009,0.026,-0.047,0.019,0.048,0.052,0.059,0.101,
376.5,-0.008,0.028,-0.056,0.019,0.052,0.061,0.061,0.098,
377,-0.006,0.023,-0.054,0.025,0.054,0.064,0.06,0.094,
377.5,-0.007,0.019,-0.048,0.025,0.049,0.06,0.055,0.093,
378,-0.008,0.017,-0.037,0.024,0.04,0.051,0.048,0.092,
378.5,-0.007,0.023,-0.023,0.022,0.039,0.053,0.051,0.092,
379,-0.008,0.026,-0.02,0.02,0.049,0.053,0.059,0.089,
379.5,-0.008,0.026,-0.017,0.019,0.06,0.048,0.065,0.085,
380,-0.009,0.02,-0.019,0.014,0.062,0.039,0.068,0.082,
380.5,-0.009,0.021,-0.022,0.012,0.061,0.041,0.065,0.079,
381,-0.008,0.017,-0.023,0.016,0.053,0.052,0.062,0.076,
381.5,-0.01,0.016,-0.018,0.024,0.057,0.06,0.064,0.075,
382,-0.01,0.012,-0.028,0.027,0.057,0.061,0.062,0.071,
382.5,-0.01,0.01,-0.035,0.028,0.052,0.058,0.056,0.067,
383,-0.01,0.018,-0.042,0.032,0.043,0.054,0.048,0.063,
383.5,-0.01,0.022,-0.044,0.029,0.047,0.057,0.051,0.059,
384,-0.011,0.024,-0.04,0.03,0.055,0.055,0.061,0.055,
384.5,-0.01,0.024,-0.027,0.025,0.059,0.049,0.068,0.049,
385,-0.01,0.024,-0.024,0.021,0.058,0.045,0.068,0.036,
385.5,-0.01,0.024,-0.03,0.021,0.056,0.05,0.066,0.021,
386,-0.01,0.021,-0.024,0.017,0.047,0.059,0.064,0.007,
386.5,-0.01,0.024,-0.026,0.015,0.052,0.064,0.065,-0.005,
387,-0.009,0.021,-0.02,0.019,0.053,0.062,0.062,-0.012,
387.5,-0.009,0.015,-0.024,0.022,0.047,0.063,0.058,-0.016,
388,-0.008,0.013,-0.037,0.021,0.037,0.06,0.056,-0.016,
388.5,-0.007,0.018,-0.039,0.018,0.039,0.058,0.062,-0.02,
389,-0.008,0.02,-0.029,0.019,0.059,0.055,0.069,-0.02,
389.5,-0.008,0.019,-0.025,0.015,0.065,0.053,0.073,-0.016,
390,-0.009,0.02,-0.023,0.014,0.061,0.052,0.073,-0.013,
390.5,-0.011,0.016,-0.017,0.014,0.052,0.061,0.07,-0.005,
391,-0.014,0.016,-0.018,0.018,0.051,0.065,0.065,0.005,
391.5,-0.013,0.014,-0.022,0.022,0.059,0.065,0.061,0.013,
392,-0.012,0.01,-0.025,0.022,0.055,0.065,0.058,0.02,
392.5,-0.012,0.01,-0.027,0.027,0.047,0.059,0.055,0.027,
393,-0.012,0.012,-0.029,0.029,0.039,0.057,0.056,0.03,
393.5,-0.012,0.021,-0.025,0.028,0.05,0.056,0.06,0.039,
394,-0.012,0.029,-0.016,0.028,0.061,0.052,0.064,0.046,
394.5,-0.012,0.027,-0.007,0.026,0.069,0.052,0.064,0.05,
395,-0.014,0.026,-0.001,0.024,0.065,0.059,0.065,0.053,
395.5,-0.014,0.024,0.006,0.017,0.058,0.063,0.062,0.055,
396,-0.014,0.026,0.01,0.015,0.056,0.065,0.058,0.056,
396.5,-0.014,0.024,0,0.021,0.058,0.066,0.054,0.06,
397,-0.014,0.022,0,0.023,0.056,0.066,0.05,0.065,
397.5,-0.012,0.014,0.005,0.024,0.048,0.062,0.049,0.069,
398,-0.012,0.012,0.008,0.022,0.046,0.055,0.051,0.071,
398.5,-0.012,0.021,0.011,0.022,0.058,0.051,0.05,0.073,
399,-0.012,0.024,0.014,0.019,0.067,0.047,0.048,0.073,
399.5,-0.012,0.026,0.017,0.014,0.068,0.043,0.048,0.073,
400,-0.014,0.021,0.019,0.013,0.065,0.045,0.046,0.077,
400.5,-0.016,0.018,0.014,0.008,0.06,0.044,0.041,0.081,
401,-0.016,0.017,0.011,0.017,0.062,0.046,0.039,0.082,
401.5,-0.014,0.012,0.01,0.023,0.06,0.046,0.036,0.083,
402,-0.014,0.012,0.015,0.029,0.054,0.044,0.034,0.084,
402.5,-0.014,0.009,0.018,0.031,0.049,0.033,0.037,0.082,
403,-0.014,0.015,0.015,0.03,0.048,0.032,0.037,0.083,
403.5,-0.013,0.024,0.02,0.032,0.059,0.034,0.036,0.085,
404,-0.014,0.024,0.016,0.029,0.065,0.032,0.035,0.086,
404.5,-0.015,0.031,0.015,0.03,0.065,0.028,0.034,0.086,
405,-0.015,0.028,0.013,0.023,0.062,0.029,0.031,0.086,
405.5,-0.015,0.026,0.012,0.014,0.057,0.036,0.028,0.086,
406,-0.014,0.027,0.01,0.015,0.051,0.037,0.025,0.085,
406.5,-0.013,0.022,0.019,0.019,0.047,0.035,0.023,0.087,
407,-0.012,0.025,0.022,0.025,0.046,0.024,0.023,0.09,
407.5,-0.013,0.02,0.025,0.025,0.043,0.022,0.024,0.09,
408,-0.013,0.022,0.026,0.021,0.049,0.024,0.021,0.09,
408.5,-0.014,0.02,0.028,0.021,0.053,0.024,0.019,0.091,
409,-0.015,0.022,0.026,0.017,0.051,0.022,0.012,0.089,
409.5,-0.016,0.024,0.029,0.015,0.05,0.021,-0.006,0.089,
410,-0.018,0.02,0.025,0.01,0.045,0.025,-0.026,0.09,
410.5,-0.017,0.021,0.02,0.01,0.033,0.026,-0.038,0.09,
411,-0.016,0.017,0.015,0.02,0.033,0.022,-0.042,0.09,
411.5,-0.016,0.017,0.018,0.023,0.033,0.005,-0.04,0.09,
412,-0.017,0.015,0.022,0.029,0.028,-0.03,-0.042,0.089,
412.5,-0.029,0.012,0.02,0.03,0.029,-0.058,-0.042,0.087,
413,-0.047,0.023,0.021,0.031,0.033,-0.065,-0.039,0.088,
413.5,-0.038,0.024,0.02,0.03,0.033,-0.062,-0.038,0.091,
414,-0.024,0.031,0.019,0.028,0.032,-0.053,-0.043,0.091,
414.5,-0.021,0.028,0.018,0.027,0.033,-0.045,-0.045,0.091,
415,-0.02,0.028,0.012,0.02,0.029,-0.043,-0.037,0.092,
415.5,-0.02,0.03,0.014,0.017,0.026,-0.046,-0.032,0.09,
416,-0.02,0.025,0.022,0.017,0.025,-0.048,-0.03,0.089,
416.5,-0.021,0.028,0.025,0.023,0.025,-0.064,-0.028,0.092,
417,-0.022,0.027,0.024,0.024,0.024,-0.049,-0.025,0.094,
417.5,-0.024,0.028,0.025,0.022,0.028,-0.033,-0.013,0.094,
418,-0.025,0.026,0.027,0.021,0.026,-0.025,0.001,0.094,
418.5,-0.026,0.021,0.026,0.017,0.024,-0.016,0.012,0.094,
419,-0.027,0.024,0.028,0.016,0.022,-0.017,0.017,0.092,
419.5,-0.026,0.022,0.025,0.013,0.017,-0.014,0.025,0.093,
420,-0.023,0.024,0.024,0.009,0.005,0,0.029,0.095,
420.5,-0.024,0.023,0.015,0.014,-0.01,0.006,0.031,0.097,
421,-0.024,0.018,0.017,0.02,-0.027,0.002,0.032,0.098,
421.5,-0.024,0.018,0.023,0.027,-0.037,0.006,0.037,0.098,
422,-0.026,0.016,0.022,0.028,-0.044,0.017,0.044,0.097,
422.5,-0.024,0.02,0.022,0.029,-0.034,0.025,0.052,0.096,
423,-0.023,0.027,0.021,0.029,-0.017,0.029,0.053,0.098,
423.5,-0.026,0.025,0.018,0.026,-0.018,0.033,0.048,0.101,
424,-0.026,0.027,0.018,0.029,-0.042,0.044,0.052,0.103,
424.5,-0.026,0.027,0.016,0.024,-0.058,0.051,0.054,0.103,
425,-0.024,0.031,0.015,0.021,-0.055,0.052,0.053,0.102,
425.5,-0.024,0.03,0.021,0.019,-0.048,0.045,0.047,0.1,
426,-0.022,0.032,0.025,0.022,-0.035,0.047,0.047,0.101,
426.5,-0.021,0.028,0.026,0.025,-0.048,0.049,0.054,0.103,
427,-0.021,0.026,0.024,0.025,-0.049,0.047,0.059,0.105,
427.5,-0.023,0.029,0.031,0.026,-0.035,0.04,0.062,0.104,
428,-0.024,0.023,0.032,0.021,-0.018,0.042,0.057,0.102,
428.5,-0.024,0.024,0.034,0.02,-0.024,0.053,0.055,0.099,
429,-0.023,0.024,0.032,0.018,-0.028,0.059,0.056,0.098,
429.5,-0.022,0.021,0.028,0.014,-0.014,0.06,0.055,0.098,
430,-0.018,0.02,0.021,0.013,0.006,0.052,0.051,0.098,
430.5,-0.016,0.019,0.016,0.017,0.022,0.047,0.046,,
431,-0.015,0.021,0.023,0.025,0.019,0.05,0.049,,
431.5,-0.016,0.018,0.024,0.028,0.027,0.049,0.058,,
432,-0.015,0.02,0.022,0.029,0.04,0.044,0.063,,
432.5,-0.016,0.026,0.022,0.03,0.05,0.038,0.063,,
433,-0.016,0.025,0.019,0.028,0.048,0.044,0.056,,
433.5,-0.014,0.029,0.019,0.03,0.043,0.053,0.054,,
434,-0.012,0.024,0.015,0.028,0.048,0.058,0.055,,
434.5,-0.009,0.029,0.012,0.027,0.049,0.057,0.054,,
435,-0.008,0.028,0.009,0.027,0.045,0.051,0.05,,
435.5,-0.008,0.028,0.013,0.025,0.037,0.053,0.048,,
436,-0.008,0.029,0.018,0.027,0.042,0.053,0.053,,
436.5,-0.009,0.024,0.018,0.023,0.054,0.05,0.059,,
437,-0.013,0.022,0.02,0.025,0.06,0.045,0.062,,
437.5,-0.011,0.011,0.023,0.023,0.057,0.042,0.059,,
438,-0.011,0.015,0.023,0.02,0.052,0.051,0.053,,
438.5,-0.011,0.017,0.024,0.021,0.047,0.058,0.053,,
439,-0.011,0.015,0.022,0.019,0.05,0.061,0.054,,
439.5,-0.01,0.015,0.024,0.019,0.051,0.059,0.052,,
440,-0.011,0.015,0.013,0.023,0.046,0.05,0.048,,
440.5,-0.011,0.016,0.012,0.025,0.041,0.049,0.045,,
441,-0.013,0.017,0.018,0.027,0.049,0.05,0.05,,
441.5,-0.014,0.009,0.02,0.028,0.057,0.047,0.056,,
442,-0.012,0.015,0.022,0.032,0.06,0.041,0.06,,
442.5,-0.009,0.015,0.019,0.03,0.059,0.039,0.06,,
443,-0.01,0.018,0.019,0.03,0.049,0.047,0.056,,
443.5,-0.008,0.017,0.018,0.032,0.051,0.053,0.057,,
444,-0.008,0.017,0.014,0.029,0.054,0.058,0.056,,
444.5,-0.008,0.014,0.014,0.028,0.051,0.058,0.053,,
445,-0.008,0.016,0.01,0.022,0.043,0.051,0.049,,
445.5,-0.008,0.02,0.017,0.025,0.041,0.05,0.048,,
446,-0.01,0.016,0.023,0.026,0.051,0.053,0.053,,
446.5,-0.011,0.014,0.027,0.024,0.062,0.051,0.058,,
447,-0.011,0.007,0.028,0.023,0.064,0.042,0.06,,
447.5,-0.01,0.004,0.026,0.021,0.057,0.04,0.06,,
448,-0.009,0.008,0.028,0.022,0.044,0.048,0.056,,
448.5,-0.01,0.007,0.025,0.022,0.046,0.053,0.056,,
449,-0.01,0.009,0.025,0.021,0.048,0.061,0.057,,
449.5,-0.01,0.011,0.021,0.025,0.043,0.062,0.054,,
450,-0.011,0.01,0.012,0.026,0.038,0.055,0.049,,
450.5,-0.012,0.006,0.019,0.032,0.039,0.056,0.049,,
451,-0.013,0.002,0.023,0.033,0.051,0.056,0.054,,
451.5,-0.014,0.005,0.026,0.032,0.059,0.052,0.059,,
452,-0.011,0.006,0.024,0.032,0.06,0.045,0.064,,
452.5,-0.01,0.01,0.022,0.032,0.052,0.045,0.066,,
453,-0.009,0.009,0.02,0.03,0.043,0.053,0.061,,
453.5,-0.009,0.006,0.016,0.03,0.047,0.058,0.061,,
454,-0.009,0.009,0.015,0.034,0.049,0.058,0.06,,
454.5,-0.008,0.007,0.011,0.033,0.046,0.055,0.056,,
455,-0.009,0.01,0.013,0.031,0.038,0.049,0.051,,
455.5,-0.008,0.009,0.022,0.027,0.039,0.051,0.052,,
456,-0.009,0.007,0.022,0.022,0.051,0.051,0.056,,
456.5,-0.011,0.004,0.028,0.024,0.058,0.046,0.058,,
457,-0.01,0,0.029,0.023,0.06,0.04,0.059,,
457.5,-0.01,0.002,0.029,0.022,0.053,0.038,0.059,,
458,-0.009,0.002,0.03,0.021,0.047,0.052,0.057,,
458.5,-0.01,0.004,0.026,0.018,0.053,0.06,0.056,,
459,-0.01,0.004,0.026,0.019,0.052,0.061,0.054,,
459.5,-0.01,0,0.023,0.021,0.045,0.057,0.051,,
460,-0.011,0.001,0.02,0.023,0.038,0.05,0.047,,
460.5,-0.012,-0.002,0.017,0.023,0.043,0.055,0.049,,
461,-0.012,0.003,0.019,0.023,0.054,0.056,0.056,,
461.5,-0.01,0.005,0.023,0.024,0.059,0.05,0.062,,
462,-0.009,0.005,0.021,0.023,0.059,0.041,0.064,,
462.5,-0.008,0.006,0.023,0.025,0.055,0.042,0.063,,
463,-0.008,0.005,0.019,0.023,0.053,0.055,0.06,,
463.5,-0.009,0.007,0.019,0.025,0.055,0.064,0.061,,
464,-0.008,0.004,0.018,0.025,0.05,0.065,0.059,,
464.5,-0.008,0,0.014,0.015,0.046,0.061,0.056,,
465,-0.008,-0.007,0.014,0.014,0.041,0.056,0.053,,
465.5,-0.008,-0.029,0.021,0.014,0.048,0.056,0.057,,
466,-0.01,-0.055,0.025,0.017,0.057,0.055,0.064,,
466.5,-0.012,-0.052,0.026,0.017,0.059,0.051,0.069,,
467,-0.011,-0.035,0.029,0.017,0.057,0.046,0.07,,
467.5,-0.01,-0.024,0.029,0.016,0.057,0.05,0.069,,
468,-0.01,-0.019,0.026,0.014,0.054,0.06,0.066,,
468.5,-0.01,-0.018,0.026,0.013,0.055,0.064,0.065,,
469,-0.01,-0.017,0.025,0.01,0.053,0.064,0.062,,
469.5,-0.011,-0.017,0.028,0.013,0.046,0.064,0.059,,
470,-0.011,-0.02,0.025,0.016,0.042,0.063,0.058,,
470.5,-0.012,-0.027,0.024,0.017,0.049,0.059,0.062,,
471,-0.012,-0.034,0.026,0.021,0.057,0.056,0.066,,
471.5,-0.011,-0.033,0.024,0.019,0.063,0.053,0.069,,
472,-0.009,-0.042,0.024,0.019,0.066,0.049,0.07,,
472.5,-0.008,-0.026,0.022,0.017,0.063,0.056,0.068,,
473,-0.008,-0.025,0.02,0.015,0.059,0.063,0.065,,
473.5,-0.006,-0.036,0.017,0.012,0.059,0.066,0.061,,
474,-0.006,-0.044,0.014,0.002,0.054,0.068,0.059,,
474.5,-0.007,-0.052,0.013,0.004,0.048,0.067,0.055,,
475,-0.006,-0.048,0.01,0.006,0.048,0.062,0.053,,
475.5,-0.008,-0.043,0.021,0.01,0.055,0.059,0.059,,
476,-0.009,-0.038,0.027,0.01,0.058,0.056,0.063,,
476.5,-0.012,-0.029,0.024,0.007,0.059,0.052,0.064,,
477,-0.009,-0.017,0.028,0.009,0.059,0.052,0.063,,
477.5,-0.009,-0.02,0.027,0.008,0.057,0.058,0.058,,
478,-0.009,-0.012,0.03,0.008,0.053,0.06,0.052,,
478.5,-0.008,-0.017,0.028,0.003,0.052,0.063,0.048,,
479,-0.009,-0.028,0.024,0.004,0.051,0.063,0.046,,
479.5,-0.009,-0.033,0.028,0.008,0.049,0.053,0.041,,
480,-0.01,-0.026,0.024,0.01,0.049,0.045,0.041,,
480.5,-0.012,-0.023,0.028,0.014,0.059,0.043,0.044,,
481,-0.012,-0.02,0.024,0.013,0.068,0.043,0.047,,
481.5,-0.011,-0.01,0.024,0.012,0.068,0.039,0.046,,
482,-0.01,-0.006,0.025,0.011,0.066,0.041,0.042,,
482.5,-0.009,-0.008,0.02,0.008,0.054,0.044,0.033,,
483,-0.008,-0.017,0.021,0.006,0.055,0.043,0.03,,
483.5,-0.009,-0.017,0.019,0.003,0.053,0.044,0.03,,
484,-0.008,-0.011,0.019,-0.001,0.049,0.042,0.029,,
484.5,-0.007,-0.01,0.015,-0.003,0.047,0.034,0.027,,
485,-0.008,0.007,0.022,0,0.052,0.031,0.029,,
485.5,-0.008,0.011,0.026,0.003,0.059,0.031,0.03,,
486,-0.01,0.007,0.026,0.002,0.065,0.029,0.03,,
486.5,-0.012,0.004,0.03,0.003,0.064,0.027,0.03,,
487,-0.011,-0.005,0.029,0.001,0.058,0.029,0.027,,
487.5,-0.009,-0.007,0.033,-0.004,0.047,0.031,0.024,,
488,-0.008,-0.005,0.031,-0.009,0.045,0.031,0.022,,
488.5,-0.009,0.003,0.027,-0.013,0.046,0.031,0.019,,
489,-0.009,0.011,0.028,-0.022,0.045,0.028,0.012,,
489.5,-0.009,0.015,0.026,-0.038,0.04,0.024,0.004,,
490,-0.012,0.022,0.027,-0.051,0.045,0.023,-0.01,,
490.5,-0.012,0.023,0.025,-0.059,0.047,0.022,-0.025,,
491,-0.012,0.022,0.022,-0.057,0.045,0.018,-0.046,,
491.5,-0.011,0.022,0.024,-0.044,0.042,0.019,-0.062,,
492,-0.009,0.021,0.021,-0.036,0.04,0.02,-0.062,,
492.5,-0.008,0.021,0.023,-0.035,0.031,0.018,-0.049,,
493,-0.007,0.018,0.021,-0.035,0.028,0.005,-0.034,,
493.5,-0.007,0.015,0.018,-0.029,0.029,-0.027,-0.03,,
494,-0.007,0.014,0.017,-0.022,0.026,-0.06,-0.035,,
494.5,-0.007,0.016,0.018,-0.018,0.023,-0.058,-0.032,,
495,-0.007,0.02,0.027,-0.017,0.031,-0.042,-0.022,,
495.5,-0.008,0.018,0.027,-0.018,0.034,-0.032,-0.017,,
496,-0.011,0.019,0.03,-0.019,0.032,-0.041,-0.028,,
496.5,-0.011,0.016,0.028,-0.021,0.032,-0.045,-0.034,,
497,-0.009,0.014,0.026,-0.016,0.023,-0.044,-0.028,,
497.5,-0.007,0.011,0.03,-0.018,0.021,-0.043,-0.017,,
498,-0.007,0.015,0.029,-0.026,0.023,-0.06,-0.009,,
498.5,-0.008,0.024,0.033,-0.03,0.022,-0.077,-0.005,,
499,-0.009,0.021,0.029,-0.03,0.017,-0.052,0,,
499.5,-0.01,0.025,0.027,-0.028,0.014,-0.029,0.012,,
500,-0.011,0.026,0.026,-0.028,0.004,-0.016,0.021,,
500.5,-0.012,0.024,0.022,-0.026,-0.019,-0.018,,,
501,-0.013,0.026,0.025,-0.024,-0.054,-0.01,,,
501.5,-0.01,0.022,0.024,-0.036,-0.076,0.004,,,
502,-0.008,0.025,0.024,-0.043,-0.052,0.016,,,
502.5,-0.007,0.018,0.022,-0.047,-0.028,0.012,,,
503,-0.006,0.012,0.019,-0.039,-0.023,0.018,,,
503.5,-0.006,0.02,0.021,-0.051,-0.024,0.029,,,
504,-0.006,0.018,0.016,-0.029,-0.032,0.03,,,
504.5,-0.007,0.021,0.024,-0.017,-0.031,0.024,,,
505,-0.007,0.019,0.026,-0.013,-0.028,0.028,,,
505.5,-0.008,0.018,0.025,-0.004,-0.038,0.041,,,
506,-0.008,0.018,0.029,-0.001,-0.057,0.05,,,
506.5,-0.009,0.012,0.027,-0.01,-0.058,0.054,,,
507,-0.009,0.013,0.029,-0.016,-0.03,0.053,,,
507.5,-0.009,0.01,0.027,-0.011,-0.01,0.047,,,
508,-0.008,0.015,0.028,-0.007,-0.007,0.049,,,
508.5,-0.008,0.021,0.029,0,-0.023,0.05,,,
509,-0.009,0.025,0.024,0.006,-0.017,0.047,,,
509.5,-0.009,0.029,0.026,0.014,0.007,0.042,,,
510,-0.009,0.027,0.021,0.013,0.019,0.048,,,
510.5,-0.011,0.029,0.023,0.003,0.011,0.053,,,
511,-0.011,0.027,0.022,-0.001,0.009,0.058,,,
511.5,-0.009,0.023,0.017,0,0.013,0.059,,,
512,-0.007,0.022,0.019,0.005,0.025,0.053,,,
512.5,-0.006,0.014,0.016,0.009,0.029,0.049,,,
513,-0.006,0.016,0.017,0.014,0.03,0.05,,,
513.5,-0.006,0.019,0.016,0.016,0.042,0.049,,,
514,-0.007,0.021,0.023,0.015,0.05,0.045,,,
514.5,-0.006,0.022,0.022,0.014,0.052,0.039,,,
515,-0.007,0.017,0.019,0.01,0.045,0.045,,,
515.5,-0.007,0.019,0.02,0.01,0.045,0.057,,,
516,-0.006,0.016,0.018,0.018,0.049,0.061,,,
516.5,-0.008,0.016,0.017,0.021,0.048,0.062,,,
517,-0.006,0.012,0.019,0.025,0.043,0.053,,,
517.5,-0.007,0.015,0.016,0.025,0.041,0.051,,,
518,-0.008,0.022,0.018,0.027,0.05,0.055,,,
518.5,-0.008,0.021,0.013,0.026,0.053,0.05,,,
519,-0.008,0.026,0.012,0.027,0.058,0.044,,,
519.5,-0.009,0.027,0.014,0.022,0.056,0.045,,,
520,-0.009,0.028,0.01,0.012,0.048,0.051,,,
520.5,-0.01,0.024,0.009,0.015,0.05,0.058,,,
521,-0.011,0.022,0.006,0.019,0.05,0.059,,,
521.5,-0.008,0.024,0.01,0.022,0.046,0.056,,,
522,-0.006,0.018,0.01,0.021,0.039,0.044,,,
522.5,-0.007,0.01,0.01,0.02,0.044,0.044,,,
523,-0.005,0.011,0.01,0.02,0.051,0.046,,,
523.5,-0.006,0.014,0.013,0.015,0.059,0.044,,,
524,-0.004,0.015,0.013,0.015,0.064,0.039,,,
524.5,-0.005,0.014,0.009,0.011,0.06,0.041,,,
525,-0.007,0.017,0.012,0.012,0.055,0.048,,,
525.5,-0.005,0.015,0.012,0.02,0.056,0.055,,,
526,-0.006,0.014,0.011,0.022,0.053,0.057,,,
526.5,-0.006,0.013,0.011,0.026,0.049,0.056,,,
527,-0.006,0.009,0.01,0.026,0.043,0.049,,,
527.5,-0.007,0.016,0.011,0.027,0.049,0.05,,,
528,-0.008,0.019,0.009,0.026,0.056,0.052,,,
528.5,-0.008,0.022,0.002,0.024,0.057,0.048,,,
529,-0.007,0.024,0.003,0.022,0.055,0.043,,,
529.5,-0.008,0.025,0.003,0.017,0.046,0.04,,,
530,-0.008,0.024,0.008,0.018,0.041,0.051,,,
530.5,-0.01,0.022,0.007,0.021,0.045,0.058,,,
531,-0.007,0.025,0.009,0.024,0.045,0.058,,,
531.5,-0.005,0.022,0.007,0.023,0.041,0.056,,,
532,-0.006,0.021,0.005,0.019,0.034,0.054,,,
532.5,-0.004,0.014,0.005,0.019,0.042,0.054,,,
533,-0.004,0.014,0.003,0.016,0.054,0.053,,,
533.5,-0.006,0.022,0.005,0.016,0.058,0.048,,,
534,-0.005,0.021,0.006,0.013,0.058,0.043,,,
534.5,-0.006,0.021,0.008,0.012,0.049,0.045,,,
535,-0.004,0.021,0.008,0.019,0.047,0.051,,,
535.5,-0.004,0.015,0.005,0.023,0.053,0.055,,,
536,-0.004,0.016,0.006,0.028,0.05,0.057,,,
536.5,-0.007,0.012,-0.001,0.028,0.044,0.056,,,
537,-0.009,0.012,-0.018,0.029,0.036,0.053,,,
537.5,-0.009,0.008,-0.051,0.028,0.045,0.054,,,
538,-0.01,0.021,-0.066,0.026,0.058,0.053,,,
538.5,-0.009,0.022,-0.059,0.025,0.061,0.05,,,
539,-0.008,0.022,-0.044,0.02,0.059,0.045,,,
539.5,-0.009,0.027,-0.03,0.016,0.053,0.046,,,
540,-0.009,0.025,-0.023,0.02,0.048,0.055,,,
540.5,-0.009,0.025,-0.023,0.023,0.052,0.061,,,
541,-0.007,0.024,-0.021,0.024,0.051,0.064,,,
541.5,-0.006,0.019,-0.022,0.022,0.044,,,,
542,-0.007,0.022,-0.024,0.023,0.037,,,,
542.5,-0.006,0.02,-0.022,0.021,0.047,,,,
543,-0.007,0.02,-0.016,0.02,0.055,,,,
543.5,-0.005,0.022,-0.015,0.017,0.059,,,,
544,-0.006,0.022,-0.023,0.011,0.06,,,,
544.5,-0.005,0.02,-0.027,0.019,0.055,,,,
545,-0.006,0.018,-0.031,0.022,0.055,,,,
545.5,-0.009,0.019,-0.042,0.023,0.058,,,,
546,-0.011,0.014,-0.043,0.024,0.053,,,,
546.5,-0.01,0.014,-0.036,0.025,0.045,,,,
547,-0.009,0.014,-0.035,0.028,0.036,,,,
547.5,-0.008,0.015,-0.015,0.028,0.041,,,,
548,-0.009,0.022,-0.016,0.028,0.053,,,,
548.5,-0.009,0.02,-0.024,0.025,0.061,,,,
549,-0.01,0.024,-0.026,0.019,0.062,,,,
549.5,-0.01,0.024,-0.023,0.013,0.058,,,,
550,-0.012,0.026,-0.022,0.015,0.055,,,,
550.5,-0.011,0.025,-0.03,0.02,0.058,,,,
551,-0.011,0.022,-0.032,0.021,0.055,,,,
551.5,-0.01,0.023,-0.037,0.021,0.048,,,,
552,-0.009,0.018,-0.034,0.021,0.043,,,,
552.5,-0.01,0.019,-0.028,0.018,0.052,,,,
553,-0.009,0.019,-0.025,0.017,0.059,,,,
553.5,-0.01,0.019,-0.021,0.013,0.064,,,,
554,-0.01,0.023,-0.014,0.01,0.063,,,,
554.5,-0.009,0.018,-0.017,0.017,0.058,,,,
555,-0.01,0.02,-0.02,0.023,0.054,,,,
555.5,-0.011,0.018,-0.023,0.023,0.058,,,,
556,-0.012,0.017,-0.023,0.022,0.054,,,,
556.5,-0.012,0.016,-0.022,0.026,0.046,,,,
557,-0.011,0.013,-0.01,0.028,0.044,,,,
557.5,-0.012,0.016,0.003,0.031,0.052,,,,
558,-0.011,0.023,0.005,0.029,0.061,,,,
558.5,-0.012,0.023,0.005,0.026,0.065,,,,
559,-0.012,0.026,0.004,0.021,0.064,,,,
559.5,-0.012,0.029,0,0.019,0.06,,,,
560,-0.011,0.028,0.001,0.025,0.058,,,,
560.5,-0.011,0.026,0.006,0.026,0.057,,,,
561,-0.011,0.031,0.007,0.024,0.055,,,,
561.5,-0.011,0.026,0.01,0.023,0.051,,,,
562,-0.011,0.023,0.014,0.02,0.054,,,,
562.5,-0.011,0.019,0.021,0.02,0.064,,,,
563,-0.011,0.023,0.021,0.016,0.063,,,,
563.5,-0.012,0.026,0.024,0.012,0.063,,,,
564,-0.012,0.025,0.021,0.013,0.063,,,,
564.5,-0.013,0.022,0.019,0.021,0.06,,,,
565,-0.013,0.021,0.018,0.026,0.057,,,,
565.5,-0.013,0.017,0.015,0.026,0.056,,,,
566,-0.014,0.018,0.02,0.029,0.052,,,,
566.5,-0.014,0.016,0.021,0.026,0.046,,,,
567,-0.014,0.015,0.02,0.025,0.054,,,,
567.5,-0.013,0.017,0.02,0.025,0.061,,,,
568,-0.013,0.02,0.017,0.023,0.059,,,,
568.5,-0.013,0.024,0.016,0.022,0.06,,,,
569,-0.013,0.023,0.012,0.014,0.055,,,,
569.5,-0.013,0.028,0.013,0.017,0.042,,,,
570,-0.013,0.025,0.023,0.023,0.039,,,,
570.5,-0.014,0.024,0.024,0.022,0.039,,,,
571,-0.014,0.024,0.028,0.022,0.036,,,,
571.5,-0.018,0.021,0.027,0.019,0.034,,,,
572,-0.041,0.023,0.03,0.018,0.037,,,,
572.5,-0.051,0.014,0.028,0.016,0.04,,,,
573,-0.033,0.019,0.026,0.013,0.043,,,,
573.5,-0.028,0.022,0.026,0.012,0.045,,,,
574,-0.026,0.019,0.021,0.01,0.034,,,,
574.5,-0.023,0.021,0.017,0.018,0.028,,,,
575,-0.021,0.019,0.018,0.023,0.029,,,,
575.5,-0.022,0.02,0.023,0.028,0.032,,,,
576,-0.022,0.017,0.024,0.031,0.028,,,,
576.5,-0.024,0.015,0.021,0.028,0.024,,,,
577,-0.026,0.014,0.022,0.029,0.028,,,,
577.5,-0.025,0.017,0.018,0.026,0.03,,,,
578,-0.025,0.027,0.017,0.025,0.03,,,,
578.5,-0.027,0.03,0.014,0.02,0.026,,,,
579,-0.025,0.033,0.011,0.014,0.015,,,,
579.5,-0.023,0.035,0.014,0.019,0.017,,,,
580,-0.024,0.029,0.022,0.025,0.017,,,,
580.5,-0.025,0.031,0.026,0.027,0.012,,,,
581,-0.023,0.029,0.03,0.026,-0.004,,,,
581.5,-0.024,0.027,0.029,0.022,-0.021,,,,
582,-0.025,0.016,0.029,0.021,-0.056,,,,
582.5,-0.026,0.018,0.025,0.015,-0.075,,,,
583,-0.027,0.025,0.029,0.014,-0.068,,,,
583.5,-0.027,0.023,0.026,0.01,-0.041,,,,
584,-0.023,0.025,0.021,0.01,-0.02,,,,
584.5,-0.023,0.023,0.015,0.021,-0.024,,,,
585,-0.024,0.02,0.018,0.023,-0.033,,,,
585.5,-0.022,0.019,0.025,0.031,-0.035,,,,
586,-0.022,0.017,0.022,0.03,-0.038,,,,
586.5,-0.021,0.019,0.024,0.032,-0.038,,,,
587,-0.02,0.018,0.021,0.032,-0.035,,,,
587.5,-0.02,0.029,0.019,0.029,-0.038,,,,
588,-0.024,0.027,0.017,0.026,-0.045,,,,
588.5,-0.021,0.029,0.013,0.021,-0.026,,,,
589,-0.02,0.034,0.016,0.023,-0.01,,,,
589.5,-0.02,0.028,0.022,0.021,-0.02,,,,
590,-0.019,0.032,0.025,0.023,-0.017,,,,
590.5,-0.017,0.028,0.026,0.026,-0.005,,,,
591,-0.016,0.022,0.028,0.024,0.011,,,,
591.5,-0.016,0.021,0.031,0.024,0.023,,,,
592,-0.016,0.017,0.028,0.02,0.027,,,,
592.5,-0.016,0.019,0.03,0.018,0.023,,,,
593,-0.016,0.022,0.028,0.016,0.03,,,,
593.5,-0.015,0.025,0.021,0.01,0.038,,,,
594,-0.013,0.022,0.014,0.016,0.039,,,,
594.5,-0.011,0.021,0.013,0.024,0.035,,,,
595,-0.01,0.022,0.021,0.029,0.041,,,,
595.5,-0.01,0.017,0.021,0.029,0.05,,,,
596,-0.012,0.019,0.02,0.029,0.056,,,,
596.5,-0.013,0.021,0.019,0.031,0.057,,,,
597,-0.01,0.025,0.016,0.028,0.048,,,,
597.5,-0.006,0.024,0.016,0.028,0.044,,,,
598,-0.007,0.023,0.012,0.027,0.046,,,,
598.5,-0.006,0.028,0.01,0.03,0.045,,,,
599,-0.006,0.024,0.007,0.029,0.041,,,,
599.5,-0.007,0.025,0.014,0.026,0.04,,,,
600,-0.007,0.024,0.021,0.026,0.048,,,,
600.5,-0.007,0.019,0.026,0.024,0.056,,,,
601,-0.01,0.022,0.028,0.026,0.059,,,,
601.5,-0.01,0.01,0.026,0.024,0.057,,,,
602,-0.009,0.013,0.025,0.022,0.048,,,,
602.5,-0.008,0.013,0.025,0.021,0.049,,,,
603,-0.009,0.011,0.018,0.015,0.049,,,,
603.5,-0.008,0.012,0.018,0.015,0.046,,,,
604,-0.01,0.013,0.014,0.019,0.041,,,,
604.5,-0.009,0.013,0.017,0.026,0.043,,,,
605,-0.011,0.011,0.024,0.029,0.053,,,,
605.5,-0.012,0.011,0.024,0.027,0.06,,,,
606,-0.012,0.006,0.023,0.029,0.061,,,,
606.5,-0.009,0.009,0.02,0.028,0.056,,,,
607,-0.008,0.013,0.021,0.032,0.052,,,,
607.5,-0.008,0.013,0.018,0.031,0.053,,,,
608,-0.007,0.016,0.017,0.029,0.053,,,,
608.5,-0.006,0.016,0.013,0.029,0.049,,,,
609,-0.007,0.01,0.006,0.028,0.042,,,,
609.5,-0.007,0.015,0.018,0.029,0.044,,,,
610,-0.006,0.012,0.024,0.026,0.051,,,,
610.5,-0.009,0.013,0.03,0.026,0.055,,,,
611,-0.008,0.005,0.031,0.024,0.054,,,,
611.5,-0.009,0,0.027,0.022,0.051,,,,
612,-0.009,0.002,0.026,0.024,0.044,,,,
612.5,-0.009,0.004,0.025,0.021,0.049,,,,
613,-0.008,0.007,0.024,0.021,0.049,,,,
613.5,-0.008,0.006,0.02,0.025,0.045,,,,
614,-0.009,0.008,0.015,0.029,0.04,,,,
614.5,-0.008,0.007,0.018,0.031,0.045,,,,
615,-0.01,0.002,0.022,0.03,0.057,,,,
615.5,-0.011,0.002,0.025,0.033,0.063,,,,
616,-0.011,0.004,0.023,0.032,0.062,,,,
616.5,-0.008,0.007,0.022,0.032,0.055,,,,
617,-0.006,0.008,0.021,0.032,0.05,,,,
617.5,-0.006,0.01,0.016,0.029,0.054,,,,
618,-0.005,0.007,0.016,0.03,0.052,,,,
618.5,-0.007,0.007,0.01,0.025,0.047,,,,
619,-0.006,0.009,0.012,0.022,0.039,,,,
619.5,-0.006,0.007,0.02,0.023,0.045,,,,
620,-0.007,0.007,0.024,0.024,0.054,,,,
620.5,-0.007,0,0.025,0.022,0.055,,,,
621,-0.008,-0.004,0.027,0.02,0.054,,,,
621.5,-0.008,0.001,0.03,0.021,0.049,,,,
622,-0.007,0.001,0.027,0.018,0.046,,,,
622.5,-0.007,0.002,0.026,0.018,0.05,,,,
623,-0.007,0.002,0.027,0.019,0.049,,,,
623.5,-0.008,0.001,0.023,0.021,0.043,,,,
624,-0.007,-0.002,0.021,0.025,0.034,,,,
624.5,-0.009,-0.009,0.02,0.024,0.041,,,,
625,-0.01,-0.014,0.024,0.026,0.058,,,,
625.5,-0.01,-0.036,0.024,0.025,0.061,,,,
626,-0.011,-0.061,0.024,0.022,0.058,,,,
626.5,-0.008,-0.065,0.022,0.026,0.051,,,,
627,-0.007,-0.044,0.018,0.024,0.051,,,,
627.5,-0.006,-0.022,0.018,0.025,0.057,,,,
628,-0.006,-0.018,0.012,0.021,0.053,,,,
628.5,-0.006,-0.027,0.011,0.016,0.045,,,,
629,-0.006,-0.033,0.014,0.016,0.038,,,,
629.5,-0.007,-0.034,0.02,0.013,0.048,,,,
630,-0.007,-0.023,0.025,0.015,0.059,,,,
630.5,-0.007,-0.01,0.025,0.016,0.066,,,,
631,-0.011,-0.021,0.031,0.015,0.061,,,,
631.5,-0.011,-0.031,0.032,0.014,0.056,,,,
632,-0.009,-0.024,0.03,0.009,0.053,,,,
632.5,-0.008,-0.023,0.03,0.01,0.055,,,,
633,-0.007,-0.014,0.026,0.011,0.052,,,,
633.5,-0.007,-0.028,0.028,0.012,0.045,,,,
634,-0.008,-0.035,0.021,0.013,0.045,,,,
634.5,-0.009,-0.037,0.025,0.013,0.053,,,,
635,-0.009,-0.034,0.028,0.013,0.061,,,,
635.5,-0.01,-0.032,0.025,0.011,0.066,,,,
636,-0.008,-0.029,0.028,0.014,0.064,,,,
636.5,-0.007,-0.025,0.024,0.014,0.058,,,,
637,-0.008,-0.023,0.023,0.013,0.057,,,,
637.5,-0.006,-0.023,0.019,0.011,0.057,,,,
638,-0.005,-0.032,0.014,0.008,0.051,,,,
638.5,-0.004,-0.039,0.016,0.007,0.047,,,,
639,-0.006,-0.039,0.021,0.006,0.048,,,,
639.5,-0.006,-0.04,0.029,0.008,0.059,,,,
640,-0.005,-0.04,0.026,0.007,0.067,,,,
640.5,-0.007,-0.031,0.026,0.007,0.069,,,,
641,-0.008,-0.021,0.03,0.007,0.067,,,,
641.5,-0.009,-0.013,0.026,0.004,0.057,,,,
642,-0.007,-0.01,0.028,0.004,0.056,,,,
642.5,-0.007,-0.007,0.025,0.007,0.055,,,,
643,-0.008,-0.014,0.026,0.01,0.052,,,,
643.5,-0.007,-0.017,0.022,0.012,0.048,,,,
644,-0.008,-0.015,0.014,0.01,0.053,,,,
644.5,-0.008,-0.005,0.022,0.012,0.061,,,,
645,-0.009,0,0.023,0.01,0.066,,,,
645.5,-0.011,0.004,0.026,0.01,0.065,,,,
646,-0.009,0.009,0.025,0.008,0.063,,,,
646.5,-0.008,0.012,0.02,0.007,0.048,,,,
647,-0.006,0.011,0.02,0.007,0.048,,,,
647.5,-0.006,0.001,0.015,0.001,0.047,,,,
648,-0.004,-0.004,0.015,-0.003,0.045,,,,
648.5,-0.005,0,0.013,-0.001,0.042,,,,
649,-0.005,0.008,0.02,0.002,0.049,,,,
649.5,-0.006,0.01,0.027,0.001,0.05,,,,
650,-0.007,0.014,0.031,-0.002,0.052,,,,
650.5,-0.008,0.016,0.035,-0.004,0.052,,,,
651,-0.007,0.013,0.031,-0.01,0.044,,,,
651.5,-0.009,0.016,0.033,-0.016,0.036,,,,
652,-0.006,0.01,0.031,-0.025,0.036,,,,
652.5,-0.006,0.006,0.024,-0.043,0.035,,,,
653,-0.006,0.015,0.024,-0.057,0.031,,,,
653.5,-0.006,0.018,0.017,-0.055,0.032,,,,
654,-0.007,0.023,0.023,-0.044,0.036,,,,
654.5,-0.008,0.024,0.028,-0.037,0.034,,,,
655,-0.009,0.028,0.027,-0.038,0.031,,,,
655.5,-0.009,0.024,0.026,-0.041,0.032,,,,
656,-0.01,0.024,0.022,-0.041,0.028,,,,
656.5,-0.007,0.027,0.022,-0.038,0.026,,,,
657,-0.005,0.015,0.019,-0.023,0.025,,,,
657.5,-0.007,0.015,0.02,-0.02,0.022,,,,
658,-0.003,0.019,0.02,-0.022,0.026,,,,
658.5,-0.005,0.02,0.023,-0.023,0.029,,,,
659,-0.004,0.02,0.029,-0.016,0.03,,,,
659.5,-0.004,0.019,0.029,-0.015,0.028,,,,
660,-0.006,0.02,0.036,-0.018,0.024,,,,
660.5,-0.007,0.016,0.036,-0.026,0.021,,,,
661,-0.008,0.017,0.034,-0.029,0.014,,,,
661.5,-0.008,0.011,0.034,-0.028,0.007,,,,
662,-0.007,0.008,0.029,-0.027,-0.006,,,,
662.5,-0.005,0.015,0.027,-0.027,-0.029,,,,
663,-0.006,0.021,0.025,-0.033,-0.063,,,,
663.5,-0.007,0.026,0.023,-0.029,-0.073,,,,
664,-0.006,0.028,0.022,-0.039,-0.055,,,,
664.5,-0.008,0.029,0.023,-0.04,-0.045,,,,
665,-0.008,0.03,0.025,-0.04,-0.059,,,,
665.5,-0.009,0.029,0.02,-0.04,-0.071,,,,
666,-0.009,0.03,0.023,-0.028,-0.054,,,,
666.5,-0.006,0.022,0.022,-0.013,-0.047,,,,
667,-0.005,0.013,0.02,-0.008,-0.036,,,,
667.5,-0.004,0.017,0.018,-0.006,-0.042,,,,
668,-0.004,0.02,0.019,-0.01,-0.041,,,,
668.5,-0.004,0.025,0.028,-0.016,-0.025,,,,
669,-0.004,0.022,0.027,-0.012,-0.003,,,,
669.5,-0.004,0.023,0.03,-0.011,-0.003,,,,
670,-0.003,0.021,0.03,-0.011,-0.006,,,,
670.5,-0.005,0.017,0.024,-0.008,-0.002,,,,
671,-0.007,0.015,0.026,-0.003,0.012,,,,
671.5,-0.007,0.01,0.026,0.002,0.021,,,,
672,-0.006,0.012,0.027,0.008,0.023,,,,
672.5,-0.005,0.02,0.024,0.013,0.025,,,,
673,-0.006,0.024,0.016,0.012,0.032,,,,
673.5,-0.005,0.025,0.016,0.011,0.043,,,,
674,-0.007,0.022,0.016,0.004,0.046,,,,
674.5,-0.008,0.022,0.018,0.007,0.04,,,,
675,-0.009,0.023,0.018,0.011,0.044,,,,
675.5,-0.009,0.028,0.018,0.015,0.046,,,,
676,-0.007,0.025,0.017,0.015,0.043,,,,
676.5,-0.006,0.02,0.013,0.013,0.033,,,,
677,-0.003,0.013,0.014,0.011,0.04,,,,
677.5,-0.004,0.013,0.009,0.008,0.057,,,,
678,-0.003,0.021,0.015,0.01,0.06,,,,
678.5,-0.001,0.022,0.017,0.009,0.055,,,,
679,-0.002,0.021,0.016,0.014,0.047,,,,
679.5,-0.001,0.02,0.018,0.02,0.047,,,,
680,-0.002,0.017,0.015,0.02,0.051,,,,
680.5,-0.003,0.017,0.018,0.025,0.048,,,,
681,-0.007,0.012,0.017,0.025,0.042,,,,
681.5,-0.006,0.007,0.017,0.025,0.04,,,,
682,-0.004,0.005,0.016,0.025,0.051,,,,
682.5,-0.004,0.016,0.009,0.025,0.057,,,,
683,-0.004,0.024,0.007,0.025,0.058,,,,
683.5,-0.004,0.025,0.007,0.018,0.054,,,,
684,-0.005,0.026,0.009,0.019,0.05,,,,
684.5,-0.005,0.025,0.008,0.022,0.05,,,,
685,-0.007,0.027,0.007,0.021,0.053,,,,
685.5,-0.006,0.021,0.008,0.022,0.049,,,,
686,-0.004,0.018,0.003,0.02,0.041,,,,
686.5,-0.004,0.015,0.001,0.02,0.044,,,,
687,-0.004,0.01,0.008,0.018,0.055,,,,
687.5,-0.004,0.016,0.01,0.015,0.06,,,,
688,-0.002,0.023,0.01,0.013,0.064,,,,
688.5,-0.002,0.022,0.01,0.009,0.058,,,,
689,-0.003,0.024,0.012,0.019,0.046,,,,
689.5,-0.003,0.019,0.01,0.024,0.049,,,,
690,-0.004,0.019,0.011,0.027,0.049,,,,
690.5,-0.004,0.017,0.012,0.03,0.044,,,,
691,-0.007,0.013,0.01,0.027,0.036,,,,
691.5,-0.004,0.007,0.01,0.028,0.037,,,,
692,-0.005,0.014,0.001,0.026,0.052,,,,
692.5,-0.005,0.024,0.002,0.025,0.058,,,,
693,-0.005,0.022,0.004,0.019,0.057,,,,
693.5,-0.005,0.026,0.005,0.015,0.05,,,,
694,-0.005,0.028,0.004,0.019,0.044,,,,
694.5,-0.006,0.026,0.002,0.019,0.051,,,,
695,-0.006,0.029,0.003,0.021,0.051,,,,
695.5,-0.007,0.023,-0.002,0.02,0.046,,,,
696,-0.005,0.021,0.003,0.019,0.037,,,,
696.5,-0.003,0.021,0.003,0.018,0.043,,,,
697,-0.002,0.018,0.002,0.016,0.056,,,,
697.5,-0.001,0.013,0.003,0.015,0.061,,,,
698,-0.002,0.017,0,0.015,0.06,,,,
698.5,-0.002,0.025,-0.004,0.021,0.05,,,,
699,-0.002,0.022,-0.015,0.024,0.047,,,,
699.5,-0.004,0.021,-0.029,0.026,0.051,,,,
700,-0.006,0.017,-0.06,0.03,0.049,,,,
700.5,-0.008,0.013,-0.086,0.029,0.044,,,,
701,-0.007,0.014,-0.073,0.029,0.035,,,,
701.5,-0.005,0.008,-0.041,0.027,0.041,,,,
702,-0.005,0.02,-0.021,0.027,0.055,,,,
702.5,-0.004,0.024,-0.014,0.02,0.058,,,,
703,-0.004,0.022,-0.012,0.013,0.055,,,,
703.5,-0.004,0.027,-0.015,0.017,0.049,,,,
704,-0.005,0.027,-0.018,0.021,0.051,,,,
704.5,-0.009,0.028,-0.013,0.022,0.055,,,,
705,-0.007,0.026,-0.013,0.022,0.052,,,,
705.5,-0.005,0.03,-0.023,0.019,0.043,,,,
706,-0.005,0.023,-0.027,0.019,0.036,,,,
706.5,-0.004,0.018,-0.03,0.016,0.046,,,,
707,-0.004,0.014,-0.031,0.015,0.06,,,,
707.5,-0.005,0.018,-0.028,0.014,0.062,,,,
708,-0.005,0.026,-0.028,0.019,0.057,,,,
708.5,-0.004,0.026,-0.027,0.021,0.052,,,,
709,-0.006,0.021,-0.029,0.022,0.053,,,,
709.5,-0.006,0.02,-0.034,0.026,0.056,,,,
710,-0.009,0.016,-0.042,0.027,0.052,,,,
710.5,-0.012,0.014,-0.045,0.026,0.044,,,,
711,-0.01,0.013,-0.045,0.025,0.037,,,,
711.5,-0.009,0.01,-0.038,0.023,0.049,,,,
712,-0.008,0.008,-0.032,0.022,0.056,,,,
712.5,-0.008,0.019,-0.024,0.015,0.061,,,,
713,-0.009,0.023,-0.015,0.014,0.06,,,,
713.5,-0.009,0.025,-0.009,0.019,0.057,,,,
714,-0.011,0.032,-0.016,0.021,0.055,,,,
714.5,-0.011,0.031,-0.022,0.022,0.055,,,,
715,-0.009,0.024,-0.024,0.02,0.051,,,,
715.5,-0.008,0.027,-0.024,0.02,0.045,,,,
716,-0.008,0.021,-0.013,0.017,0.047,,,,
716.5,-0.008,0.022,-0.006,0.016,0.056,,,,
717,-0.008,0.016,-0.001,0.014,0.063,,,,
717.5,-0.008,0.018,0.008,0.011,0.067,,,,
718,-0.008,0.026,0.013,0.018,0.068,,,,
718.5,-0.008,0.022,0,0.022,0.064,,,,
719,-0.009,0.024,-0.005,0.026,0.059,,,,
719.5,-0.012,0.021,-0.007,0.027,0.057,,,,
720,-0.013,0.017,-0.004,0.026,0.052,,,,
720.5,-0.012,0.016,-0.001,0.028,0.049,,,,
721,-0.011,0.011,0,0.025,0.056,,,,
721.5,-0.01,0.012,0.004,0.026,0.063,,,,
722,-0.01,0.015,0.006,0.024,0.065,,,,
722.5,-0.01,0.027,0.007,0.022,0.064,,,,
723,-0.011,0.024,0.008,0.02,0.061,,,,
723.5,-0.012,0.027,0.001,0.021,0.054,,,,
724,-0.012,0.029,0.007,0.024,0.049,,,,
724.5,-0.012,0.026,0.014,0.021,0.049,,,,
725,-0.012,0.029,0.02,0.021,0.048,,,,
725.5,-0.01,0.026,0.02,0.02,0.045,,,,
726,-0.01,0.024,0.02,0.017,0.051,,,,
726.5,-0.01,0.017,0.023,0.017,0.063,,,,
727,-0.01,0.016,0.022,0.014,0.065,,,,
727.5,-0.01,0.023,0.026,0.014,0.063,,,,
728,-0.011,0.023,0.014,0.022,0.054,,,,
728.5,-0.011,0.025,0.01,0.023,0.046,,,,
729,-0.013,0.021,0.015,0.025,0.047,,,,
729.5,-0.014,0.017,0.019,0.024,0.046,,,,
730,-0.014,0.017,0.022,0.027,0.045,,,,
730.5,-0.013,0.012,0.021,0.026,0.042,,,,
731,-0.014,0.013,0.021,0.026,0.046,,,,
731.5,-0.015,0.011,0.02,0.023,0.049,,,,
732,-0.02,0.019,0.015,0.021,0.046,,,,
732.5,-0.036,0.022,0.013,0.021,0.045,,,,
733,-0.051,0.025,0.008,0.018,0.038,,,,
733.5,-0.038,0.031,0.009,0.023,0.029,,,,
734,-0.024,0.028,0.022,0.023,0.029,,,,
734.5,-0.02,0.03,0.026,0.022,0.029,,,,
735,-0.019,0.028,0.03,0.021,0.027,,,,
735.5,-0.017,0.025,0.027,0.019,0.027,,,,
736,-0.016,0.026,0.029,0.019,0.034,,,,
736.5,-0.017,0.019,0.028,0.017,0.034,,,,
737,-0.022,0.023,0.025,0.014,0.032,,,,
737.5,-0.026,0.024,0.021,0.013,0.03,,,,
738,-0.028,0.026,0.015,0.019,0.026,,,,
738.5,-0.032,0.024,0.016,0.025,0.024,,,,
739,-0.029,0.02,0.019,0.025,0.024,,,,
739.5,-0.026,0.021,0.025,0.031,0.022,,,,
740,-0.026,0.018,0.024,0.03,0.016,,,,
740.5,-0.026,0.018,0.02,0.027,0.017,,,,
741,-0.024,0.019,0.019,0.03,0.018,,,,
741.5,-0.021,0.019,0.015,0.028,0.013,,,,
742,-0.025,0.025,0.015,0.029,-0.013,,,,
742.5,-0.027,0.026,0.011,0.02,-0.055,,,,
743,-0.028,0.034,0.01,0.024,-0.069,,,,
743.5,-0.028,0.03,0.021,0.028,-0.047,,,,
744,-0.026,0.032,0.022,0.025,-0.027,,,,
744.5,-0.024,0.028,0.03,0.026,-0.024,,,,
745,-0.025,0.027,0.029,0.023,-0.027,,,,
745.5,-0.023,0.03,0.031,0.022,-0.031,,,,
746,-0.021,0.028,0.029,0.018,-0.032,,,,
746.5,-0.023,0.025,0.026,0.015,-0.049,,,,
747,-0.025,0.023,0.022,0.014,-0.071,,,,
747.5,-0.026,0.023,0.021,0.015,-0.055,,,,
748,-0.024,0.026,0.022,0.025,-0.036,,,,
748.5,-0.02,0.023,0.018,0.024,-0.018,,,,
749,-0.017,0.024,0.02,0.025,-0.01,,,,
749.5,-0.018,0.023,0.024,0.029,-0.014,,,,
750,-0.019,0.023,0.022,0.026,-0.012,,,,
750.5,-0.016,0.023,0.023,0.026,0.004,,,,
751,-0.018,0.022,0.02,0.024,0.012,,,,
751.5,-0.018,0.03,0.019,0.025,0.007,,,,
752,-0.018,0.029,0.016,0.023,0.011,,,,
752.5,-0.02,0.027,0.011,0.017,0.023,,,,
753,-0.018,0.027,0.02,0.02,0.026,,,,
753.5,-0.016,0.025,0.021,0.022,0.025,,,,
754,-0.014,0.027,0.022,0.024,0.03,,,,
754.5,-0.011,0.023,0.028,0.023,0.039,,,,
755,-0.01,0.026,0.027,0.019,0.049,,,,
755.5,-0.006,0.026,0.027,0.019,0.05,,,,
756,-0.008,0.017,0.025,0.015,0.045,,,,
756.5,-0.009,0.023,0.026,0.014,0.047,,,,
757,-0.008,0.018,0.021,0.014,0.048,,,,
757.5,-0.009,0.019,0.015,0.016,0.045,,,,
758,-0.007,0.018,0.008,0.023,0.04,,,,
758.5,-0.008,0.017,0.015,0.024,0.044,,,,
759,-0.007,0.013,0.023,0.032,0.053,,,,
759.5,-0.009,0.014,0.022,0.032,0.059,,,,
760,-0.01,0.018,0.022,0.031,0.062,,,,
760.5,-0.01,0.016,0.02,0.03,0.058,,,,
761,-0.011,0.021,0.019,0.027,0.05,,,,
761.5,-0.007,0.021,0.015,0.027,0.052,,,,
762,-0.006,0.017,0.011,0.021,0.05,,,,
762.5,-0.005,0.021,0.01,0.02,0.044,,,,
763,-0.003,0.02,0.012,0.024,0.039,,,,
763.5,-0.003,0.025,0.022,0.027,0.043,,,,
764,-0.003,0.022,0.026,0.027,0.048,,,,
764.5,-0.004,0.021,0.026,0.023,0.054,,,,
765,-0.004,0.02,0.032,0.023,0.055,,,,
765.5,-0.008,0.012,0.028,0.019,0.048,,,,
766,-0.008,0.005,0.031,0.018,0.046,,,,
766.5,-0.006,0.006,0.029,0.018,0.049,,,,
767,-0.007,0.01,0.025,0.017,0.048,,,,
767.5,-0.006,0.011,0.015,0.025,0.043,,,,
768,-0.006,0.008,0.012,0.027,0.039,,,,
768.5,-0.007,0.011,0.017,0.032,0.047,,,,
769,-0.008,0.008,0.023,0.034,0.059,,,,
769.5,-0.009,0.008,0.025,0.034,0.062,,,,
770,-0.011,0.005,0.024,0.034,0.059,,,,
770.5,-0.012,0.002,0.018,0.03,0.046,,,,
771,-0.008,0.006,0.019,0.03,0.046,,,,
771.5,-0.006,0.004,0.014,0.026,0.048,,,,
772,-0.007,0.007,0.011,0.026,0.046,,,,
772.5,-0.005,0.007,0.009,0.024,0.041,,,,
773,-0.006,0.011,0.016,0.022,0.039,,,,
773.5,-0.005,0.008,0.024,0.025,0.048,,,,
774,-0.005,0.007,0.026,0.024,0.056,,,,
774.5,-0.005,0.008,0.032,0.026,0.059,,,,
775,-0.006,0.004,0.029,0.022,0.056,,,,
775.5,-0.009,-0.004,0.029,0.022,0.051,,,,
776,-0.008,-0.002,0.027,0.021,0.047,,,,
776.5,-0.006,0,0.024,0.019,0.049,,,,
777,-0.005,0.004,0.021,0.028,0.048,,,,
777.5,-0.005,0.002,0.014,0.028,0.043,,,,
778,-0.007,0.003,0.016,0.03,0.04,,,,
778.5,-0.006,0.001,0.02,0.034,0.048,,,,
779,-0.008,0.002,0.021,0.032,0.057,,,,
779.5,-0.009,-0.002,0.022,0.032,0.061,,,,
780,-0.01,-0.002,0.019,0.029,0.058,,,,
780.5,-0.01,0.003,0.019,0.029,0.051,,,,
781,-0.008,0.005,0.016,0.028,0.05,,,,
781.5,-0.006,0.007,0.013,0.025,0.051,,,,
782,-0.003,0.007,0.011,0.023,0.048,,,,
782.5,-0.002,0.002,0.007,0.02,0.042,,,,
783,-0.001,0.002,0.016,0.022,0.035,,,,
783.5,-0.003,-0.003,0.023,0.021,0.045,,,,
784,-0.003,-0.01,0.027,0.021,0.056,,,,
784.5,-0.003,-0.031,0.03,0.023,0.058,,,,
785,-0.006,-0.06,0.027,0.018,0.057,,,,
785.5,-0.008,-0.08,0.028,0.019,0.053,,,,
786,-0.008,-0.059,0.024,0.015,0.053,,,,
786.5,-0.007,-0.037,0.025,0.017,0.052,,,,
787,-0.005,-0.026,0.021,0.023,0.049,,,,
787.5,-0.006,-0.027,0.015,0.024,0.042,,,,
788,-0.006,-0.023,0.02,0.025,0.042,,,,
788.5,-0.007,-0.02,0.024,0.024,0.051,,,,
789,-0.007,-0.017,0.026,0.024,0.056,,,,
789.5,-0.01,-0.018,0.024,0.024,0.06,,,,
790,-0.011,-0.016,0.023,0.023,0.058,,,,
790.5,-0.01,-0.018,0.02,0.022,0.054,,,,
791,-0.007,-0.023,0.015,0.017,0.053,,,,
791.5,-0.004,-0.025,0.014,0.014,0.052,,,,
792,-0.004,-0.024,0.011,0.01,0.048,,,,
792.5,-0.003,-0.022,0.013,0.012,0.041,,,,
793,-0.002,-0.035,0.022,0.013,0.043,,,,
793.5,-0.003,-0.045,0.025,0.012,0.052,,,,
794,-0.002,-0.049,0.027,0.013,0.056,,,,
794.5,-0.005,-0.048,0.026,0.012,0.061,,,,
795,-0.005,-0.039,0.027,0.011,0.061,,,,
795.5,-0.006,-0.031,0.028,0.005,0.058,,,,
796,-0.007,-0.027,0.027,0.01,0.055,,,,
796.5,-0.006,-0.028,0.027,0.014,0.052,,,,
797,-0.006,-0.033,0.024,0.013,0.05,,,,
797.5,-0.004,-0.033,0.026,0.017,0.046,,,,
798,-0.004,-0.021,0.023,0.016,0.049,,,,
798.5,-0.006,-0.032,0.026,0.014,0.058,,,,
799,-0.005,-0.033,0.024,0.012,0.062,,,,
799.5,-0.007,-0.027,0.022,0.012,0.062,,,,
800,-0.008,-0.022,0.022,0.015,0.063,,,,
800.5,-0.008,-0.018,0.018,0.008,0.063,,,,
801,-0.005,-0.009,0.019,0.002,0.058,,,,
801.5,-0.006,-0.005,0.017,0.003,0.054,,,,
802,-0.005,-0.004,0.015,0.004,0.05,,,,
802.5,-0.002,-0.01,0.024,0.005,0.047,,,,
803,-0.002,-0.015,0.023,0.006,0.06,,,,
803.5,-0.002,-0.011,0.028,0.007,0.062,,,,
804,-0.002,-0.008,0.029,0.005,0.062,,,,
804.5,-0.003,-0.003,0.031,0.004,0.064,,,,
805,-0.003,0.002,0.03,0,0.059,,,,
805.5,-0.008,0.01,0.027,0.004,0.055,,,,
806,-0.007,0.009,0.026,0.007,0.055,,,,
806.5,-0.004,0.008,0.024,0.006,0.051,,,,
807,-0.003,0.008,0.024,0.008,0.05,,,,
807.5,-0.007,-0.001,0.026,0.006,0.052,,,,
808,-0.01,0.009,0.023,0.005,0.055,,,,
808.5,-0.005,0.016,0.025,0.006,0.059,,,,
809,-0.006,0.019,0.024,0.005,0.064,,,,
809.5,-0.008,0.026,0.024,0.006,0.063,,,,
810,-0.009,0.023,0.021,0.003,0.056,,,,
810.5,-0.011,0.027,0.021,0.001,0.048,,,,
811,-0.006,0.023,0.019,0.001,0.045,,,,
811.5,-0.004,0.019,0.016,0,0.042,,,,
812,-0.002,0.013,0.024,-0.001,0.036,,,,
812.5,-0.002,0.009,0.026,-0.006,0.033,,,,
813,-0.002,0.014,0.031,-0.011,0.034,,,,
813.5,-0.002,0.018,0.031,-0.016,0.037,,,,
814,-0.003,0.018,0.03,-0.029,0.038,,,,
814.5,-0.002,0.019,0.031,-0.044,0.037,,,,
815,-0.005,0.017,0.03,-0.058,0.024,,,,
815.5,-0.008,0.017,0.035,-0.058,0.024,,,,
816,-0.008,0.012,0.03,-0.048,0.027,,,,
816.5,-0.006,0.01,0.031,-0.031,0.027,,,,
817,-0.004,0.01,0.031,-0.021,0.024,,,,
817.5,-0.005,0.021,0.025,-0.02,0.024,,,,
818,-0.003,0.025,0.027,-0.022,0.032,,,,
818.5,-0.004,0.023,0.025,-0.028,0.032,,,,
819,-0.006,0.027,0.026,-0.034,0.029,,,,
819.5,-0.007,0.027,0.023,-0.039,0.019,,,,
820,-0.009,0.026,0.02,-0.04,0.017,,,,
820.5,-0.009,0.026,0.02,-0.029,0.02,,,,
821,-0.005,0.02,0.019,-0.026,0.019,,,,
821.5,-0.004,0.019,0.024,-0.027,0.015,,,,
822,-0.003,0.013,0.027,-0.017,0.01,,,,
822.5,-0.002,0.021,0.025,-0.005,0.01,,,,
823,-0.001,0.02,0.026,-0.021,-0.005,,,,
823.5,-0.002,0.02,0.024,-0.024,-0.05,,,,
824,-0.001,0.021,0.027,-0.031,-0.076,,,,
824.5,-0.003,0.016,0.026,-0.032,-0.066,,,,
825,-0.005,0.018,0.029,-0.029,-0.037,,,,
825.5,-0.007,0.015,0.028,-0.024,-0.03,,,,
826,-0.007,0.014,0.025,-0.019,-0.034,,,,
826.5,-0.004,0.009,0.027,-0.016,-0.042,,,,
827,-0.005,0.014,0.015,-0.016,-0.046,,,,
827.5,-0.005,0.022,0.019,-0.02,-0.049,,,,
828,-0.004,0.022,0.02,-0.027,-0.045,,,,
828.5,-0.006,0.026,0.021,-0.027,-0.044,,,,
829,-0.006,0.027,0.023,-0.027,-0.049,,,,
829.5,-0.008,0.025,0.019,-0.025,-0.03,,,,
830,-0.009,0.028,0.022,-0.022,-0.015,,,,
830.5,-0.008,0.024,0.02,-0.017,-0.006,,,,
831,-0.005,0.025,0.02,-0.011,-0.001,,,,
831.5,-0.002,0.016,0.018,-0.009,0.003,,,,
832,-0.002,0.016,0.019,-0.011,0.017,,,,
832.5,-0.001,0.021,0.026,-0.01,0.028,,,,
833,-0.003,0.021,0.026,-0.009,0.028,,,,
833.5,-0.003,0.021,0.028,-0.008,0.021,,,,
834,-0.002,0.02,0.028,-0.004,0.023,,,,
834.5,-0.003,0.02,0.026,0,0.027,,,,
835,-0.003,0.019,0.025,0.008,0.029,,,,
835.5,-0.006,0.015,0.023,0.008,0.032,,,,
836,-0.004,0.015,0.015,0.011,0.043,,,,
836.5,-0.003,0.015,0.008,0.013,0.051,,,,
837,-0.003,0.026,0.012,0.006,0.053,,,,
837.5,-0.003,0.022,0.015,0.004,0.051,,,,
838,-0.004,0.023,0.008,0.005,0.043,,,,
838.5,-0.004,0.025,0.014,0.011,0.047,,,,
839,-0.005,0.024,0.012,0.015,0.048,,,,
839.5,-0.006,0.028,0.015,0.017,0.046,,,,
840,-0.006,0.024,0.013,0.017,0.04,,,,
840.5,-0.005,0.025,0.01,0.015,0.045,,,,
841,-0.002,0.024,0.007,0.015,0.053,,,,
841.5,-0.001,0.01,0.01,0.012,0.057,,,,
842,-0.003,0.013,0.013,0.011,0.058,,,,
842.5,-0.002,0.016,0.015,0.017,0.051,,,,
843,-0.002,0.02,0.014,0.022,0.046,,,,
843.5,-0.001,0.02,0.016,0.026,0.047,,,,
844,-0.002,0.016,0.012,0.028,0.046,,,,
844.5,-0.001,0.018,0.014,0.031,0.043,,,,
845,-0.003,0.015,0.011,0.031,0.037,,,,
845.5,-0.002,0.015,0.009,0.031,0.044,,,,
846,-0.002,0.012,0.009,0.031,0.056,,,,
846.5,-0.003,0.013,0.001,0.019,0.059,,,,
847,-0.002,0.02,0.001,0.019,0.055,,,,
847.5,-0.003,0.021,0.004,0.022,0.048,,,,
848,-0.003,0.026,0.008,0.026,0.049,,,,
848.5,-0.004,0.024,0.009,0.026,0.051,,,,
849,-0.004,0.029,0.009,0.021,0.05,,,,
849.5,-0.005,0.031,0.006,0.019,0.045,,,,
850,-0.002,0.025,0.003,0.016,0.04,,,,
850.5,0,0.028,0.001,0.015,0.05,,,,
851,0.001,0.023,0.005,0.012,0.058,,,,
851.5,-0.001,0.016,0.008,0.01,0.057,,,,
852,0,0.018,0.012,0.02,0.053,,,,
852.5,-0.002,0.024,0.01,0.022,0.043,,,,
853,0,0.021,0.011,0.025,0.044,,,,
853.5,0.001,0.02,0.009,0.025,0.049,,,,
854,-0.002,0.022,0.008,0.025,0.048,,,,
854.5,-0.004,0.017,0.006,0.024,0.041,,,,
855,-0.003,0.017,0.007,0.024,0.037,,,,
855.5,-0.001,0.015,0.004,0.024,0.046,,,,
856,-0.002,0.009,-0.003,0.02,0.056,,,,
856.5,-0.003,0.013,-0.001,0.013,0.06,,,,
857,-0.002,0.018,-0.002,0.015,0.058,,,,
857.5,-0.004,0.023,-0.002,0.02,0.048,,,,
858,-0.003,0.021,-0.004,0.023,0.049,,,,
858.5,-0.005,0.023,-0.016,0.02,0.051,,,,
859,-0.004,0.021,-0.035,0.022,0.048,,,,
859.5,-0.003,0.021,-0.056,0.019,0.041,,,,
860,-0.002,0.023,-0.07,0.018,0.036,,,,
860.5,-0.001,0.02,-0.068,0.015,0.047,,,,
861,-0.002,0.021,-0.051,0.009,0.059,,,,
861.5,-0.001,0.013,-0.03,0.011,0.061,,,,
862,-0.001,0.013,-0.021,0.02,0.059,,,,
862.5,0,0.021,-0.017,0.028,0.052,,,,
863,-0.002,0.019,-0.017,0.03,0.055,,,,
863.5,-0.002,0.02,-0.028,0.03,0.056,,,,
864,0,0.018,-0.038,0.03,0.051,,,,
864.5,-0.002,0.016,-0.043,0.026,0.044,,,,
865,-0.004,0.015,-0.046,0.025,0.041,,,,
865.5,-0.004,0.011,-0.035,0.021,0.053,,,,
866,-0.006,0.011,-0.023,0.017,0.057,,,,
866.5,-0.005,0.011,-0.021,0.017,0.057,,,,
867,-0.006,0.023,-0.023,0.021,0.054,,,,
867.5,-0.006,0.024,-0.023,0.025,0.046,,,,
868,-0.008,0.025,-0.021,0.024,0.05,,,,
868.5,-0.008,0.028,-0.023,0.023,0.052,,,,
869,-0.009,0.025,-0.032,0.022,0.046,,,,
869.5,-0.009,0.027,-0.039,0.019,0.038,,,,
870,-0.008,0.024,-0.035,0.016,0.033,,,,
870.5,-0.008,0.022,-0.034,0.012,0.051,,,,
871,-0.006,0.017,-0.032,0.009,0.062,,,,
871.5,-0.005,0.013,-0.026,0.017,0.061,,,,
872,-0.007,0.023,-0.022,0.022,0.054,,,,
872.5,-0.006,0.024,-0.027,0.024,0.049,,,,
873,-0.007,0.025,-0.035,0.023,0.055,,,,
873.5,-0.006,0.021,-0.038,0.025,0.056,,,,
874,-0.009,0.018,-0.036,0.025,0.049,,,,
874.5,-0.013,0.018,-0.031,0.026,0.038,,,,
875,-0.012,0.013,-0.025,0.021,0.044,,,,
875.5,-0.011,0.014,-0.014,0.019,0.058,,,,
876,-0.009,0.006,-0.001,0.021,0.064,,,,
876.5,-0.008,0.016,0.005,0.015,0.062,,,,
877,-0.007,0.025,0.005,0.017,0.056,,,,
877.5,-0.007,0.023,0.001,0.022,0.053,,,,
878,-0.009,0.03,-0.004,0.022,0.057,,,,
878.5,-0.01,0.029,-0.01,0.021,0.056,,,,
879,-0.013,0.031,-0.006,0.019,0.049,,,,
879.5,-0.01,0.026,0.004,0.019,0.043,,,,
880,-0.01,0.022,0.008,0.015,0.053,,,,
880.5,-0.008,0.026,0.013,0.012,0.062,,,,
881,-0.007,0.023,0.014,0.015,0.067,,,,
881.5,-0.007,0.021,0.016,0.022,0.065,,,,
882,-0.007,0.019,0.005,0.025,0.059,,,,
882.5,-0.008,0.018,-0.001,0.025,0.058,,,,
883,-0.01,0.024,0.003,0.028,0.06,,,,
883.5,-0.014,0.02,0.009,0.028,0.054,,,,
884,-0.016,0.021,0.011,0.03,0.049,,,,
884.5,-0.015,,0.014,0.031,0.045,,,,
885,-0.013,,0.013,0.025,0.056,,,,
885.5,-0.011,,0.018,0.022,0.064,,,,
886,-0.01,,0.014,0.014,0.066,,,,
886.5,-0.011,,0.013,0.015,0.064,,,,
887,-0.01,,0.006,0.025,0.06,,,,
887.5,-0.011,,0.01,0.025,0.054,,,,
888,-0.012,,0.019,0.025,0.049,,,,
888.5,-0.014,,0.023,0.022,0.047,,,,
889,-0.012,,0.026,0.021,0.045,,,,
889.5,-0.012,,0.025,0.018,0.05,,,,
890,-0.011,,0.027,0.013,0.056,,,,
890.5,-0.011,,0.025,0.011,0.057,,,,
891,-0.016,,0.02,0.007,0.055,,,,
891.5,-0.044,,0.02,0.019,0.053,,,,
892,-0.058,,0.016,0.022,0.04,,,,
892.5,-0.036,,0.02,0.031,0.036,,,,
893,-0.027,,0.023,0.032,0.035,,,,
893.5,-0.025,,0.021,0.028,0.033,,,,
894,-0.024,,0.021,0.028,0.03,,,,
894.5,-0.019,,0.017,0.024,0.034,,,,
895,-0.019,,0.018,0.026,0.036,,,,
895.5,-0.022,,0.015,0.022,0.035,,,,
896,-0.024,,0.013,0.015,0.035,,,,
896.5,-0.027,,0.009,0.019,0.033,,,,
897,-0.029,,0.015,0.022,0.027,,,,
897.5,-0.029,,0.023,0.026,0.026,,,,
898,-0.028,,0.023,0.023,0.026,,,,
898.5,-0.026,,0.028,0.022,0.024,,,,
899,-0.026,,0.026,0.02,0.028,,,,
899.5,-0.03,,0.025,0.015,0.028,,,,
900,-0.031,,0.026,0.014,0.028,,,,
900.5,-0.032,,0.022,0.01,0.025,,,,
901,-0.031,,0.022,0.017,0.023,,,,
901.5,-0.027,,0.014,0.025,0.021,,,,
902,-0.027,,0.015,0.025,0.018,,,,
902.5,-0.03,,0.02,0.03,0.014,,,,
903,-0.03,,0.02,0.028,0.008,,,,
903.5,-0.026,,0.023,0.03,0,,,,
904,-0.025,,0.019,0.027,-0.023,,,,
904.5,-0.024,,0.02,0.027,-0.041,,,,
905,-0.022,,0.018,0.026,-0.034,,,,
905.5,-0.021,,0.014,0.018,-0.037,,,,
906,-0.019,,0.014,0.017,-0.051,,,,
906.5,-0.019,,0.013,0.021,-0.056,,,,
907,-0.021,,0.025,0.026,-0.041,,,,
907.5,-0.022,,0.025,0.026,-0.025,,,,
908,,,0.025,0.023,-0.04,,,,
908.5,,,0.026,0.021,-0.064,,,,
909,,,0.028,0.017,-0.055,,,,
909.5,,,0.03,0.016,-0.039,,,,
910,,,0.027,0.013,-0.035,,,,
910.5,,,0.028,0.009,-0.048,,,,
911,,,0.022,0.017,-0.049,,,,
911.5,,,0.013,0.02,-0.03,,,,
912,,,0.022,0.027,-0.005,,,,
912.5,,,0.022,0.03,0.004,,,,
913,,,0.025,0.03,0.008,,,,
913.5,,,0.023,0.028,0.021,,,,
914,,,0.02,0.027,0.033,,,,
914.5,,,0.02,0.026,0.037,,,,
915,,,0.016,0.021,0.031,,,,
915.5,,,0.015,0.021,0.037,,,,
916,,,0.01,0.022,0.043,,,,
916.5,,,0.019,0.024,0.044,,,,
917,,,0.021,0.026,0.037,,,,
917.5,,,0.019,0.024,0.037,,,,
918,,,0.023,0.025,0.048,,,,
918.5,,,0.024,0.02,0.056,,,,
919,,,0.027,0.018,0.057,,,,
919.5,,,0.028,0.017,0.052,,,,
920,,,0.025,0.014,0.047,,,,
920.5,,,0.027,0.017,0.05,,,,
921,,,0.017,0.021,0.05,,,,
921.5,,,0.017,0.027,0.046,,,,
922,,,0.023,0.03,0.04,,,,
922.5,,,0.025,0.029,0.046,,,,
923,,,0.023,0.029,0.054,,,,
923.5,,,0.02,0.028,0.059,,,,
924,,,0.02,0.03,0.058,,,,
924.5,,,0.017,0.027,0.047,,,,
925,,,0.016,0.027,0.047,,,,
925.5,,,0.013,0.027,0.052,,,,
926,,,0.01,0.024,0.051,,,,
926.5,,,0.02,0.025,0.046,,,,
927,,,0.021,0.024,0.038,,,,
927.5,,,0.025,0.024,0.047,,,,
928,,,0.027,0.024,0.059,,,,
928.5,,,0.025,0.023,0.062,,,,
929,,,0.024,0.021,0.061,,,,
929.5,,,0.023,0.016,0.049,,,,
930,,,0.024,0.013,0.048,,,,
930.5,,,0.02,0.023,0.05,,,,
931,,,0.011,0.03,0.047,,,,
931.5,,,0.016,0.031,0.04,,,,
932,,,0.018,0.028,0.036,,,,
932.5,,,0.022,0.031,0.045,,,,
933,,,0.02,0.028,0.056,,,,
933.5,,,0.02,0.031,0.058,,,,
934,,,0.018,0.033,0.053,,,,
934.5,,,0.015,0.03,0.041,,,,
935,,,0.013,0.029,0.043,,,,
935.5,,,0.009,0.022,0.046,,,,
936,,,0.01,0.023,0.045,,,,
936.5,,,0.018,0.023,0.038,,,,
937,,,0.026,0.024,0.037,,,,
937.5,,,0.03,0.023,0.049,,,,
938,,,0.025,0.02,0.058,,,,
938.5,,,0.028,0.022,0.06,,,,
939,,,0.025,0.021,0.052,,,,
939.5,,,0.027,0.023,0.044,,,,
940,,,0.026,0.029,0.051,,,,
940.5,,,0.02,0.028,0.052,,,,
941,,,0.014,0.031,0.047,,,,
941.5,,,0.015,0.032,0.039,,,,
942,,,0.025,0.035,0.04,,,,
942.5,,,0.025,0.035,0.05,,,,
943,,,0.025,0.032,0.057,,,,
943.5,,,0.021,0.03,0.057,,,,
944,,,0.017,0.031,0.056,,,,
944.5,,,0.016,0.032,0.051,,,,
945,,,0.011,0.024,0.052,,,,
945.5,,,0.011,0.022,0.05,,,,
946,,,0.01,0.023,0.046,,,,
946.5,,,0.019,0.02,0.04,,,,
947,,,0.025,0.022,0.045,,,,
947.5,,,0.027,0.019,0.054,,,,
948,,,0.031,0.02,0.058,,,,
948.5,,,0.028,0.02,0.056,,,,
949,,,0.029,0.017,0.055,,,,
949.5,,,0.027,0.015,0.052,,,,
950,,,0.023,0.017,0.053,,,,
950.5,,,0.022,0.018,0.052,,,,
951,,,0.02,0.017,0.047,,,,
951.5,,,0.021,0.018,0.041,,,,
952,,,0.022,0.02,0.044,,,,
952.5,,,0.023,0.018,0.054,,,,
953,,,0.025,0.019,0.061,,,,
953.5,,,0.021,0.018,0.064,,,,
954,,,0.019,0.018,0.062,,,,
954.5,,,0.017,0.008,0.056,,,,
955,,,0.013,0.002,0.058,,,,
955.5,,,0.012,0.007,0.053,,,,
956,,,0.008,0.008,0.048,,,,
956.5,,,0.024,0.01,0.044,,,,
957,,,0.025,0.01,0.052,,,,
957.5,,,0.026,0.01,0.057,,,,
958,,,0.03,0.011,0.058,,,,
958.5,,,0.027,0.008,0.057,,,,
959,,,0.03,0.003,0.054,,,,
959.5,,,0.025,0.006,0.05,,,,
960,,,0.029,0.011,0.052,,,,
960.5,,,0.026,0.013,0.05,,,,
961,,,0.025,0.013,0.046,,,,
961.5,,,0.026,0.015,0.046,,,,
962,,,0.024,0.012,0.054,,,,
962.5,,,0.026,0.012,0.064,,,,
963,,,0.024,0.011,0.066,,,,
963.5,,,0.025,0.006,0.065,,,,
964,,,0.021,-0.001,0.056,,,,
964.5,,,0.016,-0.002,0.055,,,,
965,,,0.016,0.004,0.056,,,,
965.5,,,0.012,0.004,0.052,,,,
966,,,0.017,0.006,0.049,,,,
966.5,,,0.022,0.006,0.049,,,,
967,,,0.023,0.006,0.056,,,,
967.5,,,0.027,0.006,0.064,,,,
968,,,0.025,0.003,0.066,,,,
968.5,,,0.03,0,0.062,,,,
969,,,0.028,0.004,0.052,,,,
969.5,,,0.027,0.006,0.048,,,,
970,,,0.028,0.01,0.05,,,,
970.5,,,0.026,0.01,0.051,,,,
971,,,0.029,0.01,0.046,,,,
971.5,,,0.026,0.007,0.048,,,,
972,,,0.025,0.004,0.052,,,,
972.5,,,0.024,0.002,0.052,,,,
973,,,0.02,-0.005,0.047,,,,
973.5,,,0.024,-0.015,0.045,,,,
974,,,0.022,-0.037,0.036,,,,
974.5,,,0.021,-0.051,0.032,,,,
975,,,0.018,-0.058,0.031,,,,
975.5,,,0.017,-0.055,0.031,,,,
976,,,0.025,-0.046,0.027,,,,
976.5,,,0.027,-0.037,0.032,,,,
977,,,0.032,-0.03,0.036,,,,
977.5,,,0.029,-0.023,0.035,,,,
978,,,0.031,-0.022,0.034,,,,
978.5,,,0.031,-0.021,0.027,,,,
979,,,0.028,-0.02,0.021,,,,
979.5,,,0.032,-0.023,0.023,,,,
980,,,0.028,-0.024,0.024,,,,
980.5,,,0.03,-0.021,0.021,,,,
981,,,0.026,-0.024,0.02,,,,
981.5,,,0.023,-0.034,0.024,,,,
982,,,0.024,-0.043,0.025,,,,
982.5,,,0.022,-0.045,0.021,,,,
983,,,0.024,-0.044,0.008,,,,
983.5,,,0.023,-0.032,-0.025,,,,
984,,,0.021,-0.03,-0.043,,,,
984.5,,,0.02,-0.032,-0.052,,,,
985,,,0.017,-0.023,-0.057,,,,
985.5,,,0.023,-0.025,-0.053,,,,
986,,,0.026,-0.02,-0.037,,,,
986.5,,,0.029,-0.022,-0.028,,,,
987,,,0.029,-0.031,-0.03,,,,
987.5,,,0.028,-0.036,-0.052,,,,
988,,,0.029,-0.029,-0.063,,,,
988.5,,,0.027,-0.024,-0.039,,,,
989,,,0.032,-0.019,-0.023,,,,
989.5,,,0.031,-0.014,-0.014,,,,
990,,,0.028,-0.01,-0.035,,,,
990.5,,,0.023,-0.012,-0.037,,,,
991,,,0.02,-0.019,-0.021,,,,
991.5,,,0.022,-0.021,-0.007,,,,
992,,,0.02,-0.021,-0.015,,,,
992.5,,,0.022,-0.021,-0.021,,,,
993,,,0.022,-0.014,-0.016,,,,
993.5,,,0.018,-0.006,0.005,,,,
994,,,0.018,0,0.022,,,,
994.5,,,0.015,0.006,0.024,,,,
995,,,0.019,0.011,0.027,,,,
995.5,,,0.024,0.006,0.034,,,,
996,,,0.023,0.004,0.042,,,,
996.5,,,0.021,0.007,0.041,,,,
997,,,0.018,0.009,0.04,,,,
997.5,,,0.019,0.011,0.044,,,,
998,,,0.02,0.015,0.044,,,,
998.5,,,0.024,0.018,0.041,,,,
999,,,0.023,0.02,0.037,,,,
999.5,,,0.017,0.017,0.047,,,,
1000,,,0.019,0.016,0.051,,,,
1000.5,,,0.012,0.012,0.056,,,,
1001,,,0.013,0.016,0.057,,,,
1001.5,,,0.013,0.019,0.048,,,,
1002,,,0.014,0.017,0.046,,,,
1002.5,,,0.014,0.02,0.047,,,,
1003,,,0.011,0.018,0.045,,,,
1003.5,,,0.013,0.018,0.04,,,,
1004,,,0.008,0.015,0.042,,,,
1004.5,,,0.007,0.014,0.05,,,,
1005,,,0.013,0.01,0.055,,,,
1005.5,,,0.013,0.013,0.061,,,,
1006,,,0.016,0.021,0.059,,,,
1006.5,,,0.013,0.024,0.053,,,,
1007,,,0.012,0.026,0.055,,,,
1007.5,,,0.012,0.027,0.052,,,,
1008,,,0.011,0.026,0.046,,,,
1008.5,,,0.013,0.028,0.04,,,,
1009,,,0.01,0.025,0.047,,,,
1009.5,,,0.009,0.022,0.053,,,,
1010,,,0.001,0.015,0.057,,,,
1010.5,,,0.002,0.019,0.057,,,,
1011,,,0.005,0.022,0.05,,,,
1011.5,,,0.003,0.02,0.045,,,,
1012,,,0.006,0.021,0.047,,,,
1012.5,,,0.004,0.019,0.045,,,,
1013,,,0.005,0.02,0.041,,,,
1013.5,,,0.003,0.019,0.033,,,,
1014,,,-0.002,0.014,0.038,,,,
1014.5,,,0.004,0.013,0.052,,,,
1015,,,0.005,0.02,0.056,,,,
1015.5,,,0.008,0.023,0.055,,,,
1016,,,0.009,0.024,0.047,,,,
1016.5,,,0.009,0.025,0.044,,,,
1017,,,0.007,0.026,0.049,,,,
1017.5,,,0.005,0.026,0.05,,,,
1018,,,0.007,0.027,0.045,,,,
1018.5,,,0.002,0.026,0.037,,,,
1019,,,-0.003,0.025,0.044,,,,
1019.5,,,-0.003,0.018,0.055,,,,
1020,,,-0.005,0.016,0.059,,,,
1020.5,,,-0.008,0.022,0.059,,,,
1021,,,-0.016,0.022,0.054,,,,
1021.5,,,-0.031,0.022,0.048,,,,
1022,,,-0.051,0.021,0.049,,,,
1022.5,,,-0.066,0.019,0.049,,,,
1023,,,-0.065,0.018,0.043,,,,
1023.5,,,-0.041,0.016,0.035,,,,
1024,,,-0.018,0.014,0.045,,,,
1024.5,,,-0.011,0.018,0.055,,,,
1025,,,-0.009,0.025,0.059,,,,
1025.5,,,-0.012,0.026,0.058,,,,
1026,,,-0.017,0.024,0.052,,,,
1026.5,,,-0.026,0.031,0.051,,,,
1027,,,-0.031,0.032,0.057,,,,
1027.5,,,-0.037,0.033,0.052,,,,
1028,,,-0.041,0.034,0.045,,,,
1028.5,,,-0.027,0.03,0.04,,,,
1029,,,-0.022,0.023,0.037,,,,
1029.5,,,-0.021,0.016,0.05,,,,
1030,,,-0.02,0.02,0.058,,,,
1030.5,,,-0.023,0.023,0.059,,,,
1031,,,-0.029,0.022,0.057,,,,
1031.5,,,-0.032,0.022,0.052,,,,
1032,,,-0.032,0.019,0.057,,,,
1032.5,,,-0.035,0.018,0.054,,,,
1033,,,-0.037,0.014,0.048,,,,
1033.5,,,-0.03,0.012,0.041,,,,
1034,,,-0.028,0.009,0.046,,,,
1034.5,,,-0.027,0.013,0.055,,,,
1035,,,-0.022,0.018,0.062,,,,
1035.5,,,-0.021,0.018,0.061,,,,
1036,,,-0.018,0.021,0.057,,,,
1036.5,,,-0.017,0.023,0.053,,,,
1037,,,-0.02,0.022,0.056,,,,
1037.5,,,-0.007,0.024,0.053,,,,
1038,,,0.007,0.022,0.045,,,,
1038.5,,,0.007,0.023,0.04,,,,
1039,,,-0.003,0.014,0.05,,,,
1039.5,,,-0.01,0.012,0.058,,,,
1040,,,-0.015,0.018,0.062,,,,
1040.5,,,-0.011,0.02,0.061,,,,
1041,,,-0.014,0.021,0.057,,,,
1041.5,,,-0.022,0.019,0.055,,,,
1042,,,-0.002,0.02,0.055,,,,
1042.5,,,-0.001,0.018,0.053,,,,
1043,,,0.005,0.015,0.049,,,,
1043.5,,,0.007,0.013,0.047,,,,
1044,,,0.007,0.01,0.058,,,,
1044.5,,,0.01,0.018,0.066,,,,
1045,,,0.01,0.021,0.066,,,,
1045.5,,,0.011,0.026,0.063,,,,
1046,,,0.005,0.029,0.061,,,,
1046.5,,,0.011,0.027,0.056,,,,
1047,,,0.018,0.028,0.054,,,,
1047.5,,,0.018,0.025,0.053,,,,
1048,,,0.021,0.025,0.049,,,,
1048.5,,,0.018,0.02,0.056,,,,
1049,,,0.017,0.013,0.062,,,,
1049.5,,,0.016,0.019,0.062,,,,
1050,,,0.011,0.022,0.063,,,,
1050.5,,,0.011,0.025,0.059,,,,
1051,,,0.009,0.024,0.048,,,,
1051.5,,,0.021,0.021,0.044,,,,
1052,,,0.024,0.021,0.042,,,,
1052.5,,,0.026,0.017,0.042,,,,
1053,,,0.03,0.015,0.038,,,,
1053.5,,,0.026,0.011,0.04,,,,
1054,,,0.027,0.013,0.045,,,,
1054.5,,,0.026,0.021,0.048,,,,
1055,,,0.022,0.023,0.05,,,,
1055.5,,,0.015,0.028,0.042,,,,
1056,,,0.013,0.029,0.03,,,,
1056.5,,,0.02,0.03,0.031,,,,
1057,,,0.02,0.028,0.033,,,,
1057.5,,,0.019,0.027,0.03,,,,
1058,,,0.019,0.026,0.024,,,,
1058.5,,,0.017,0.022,0.027,,,,
1059,,,0.017,0.02,0.028,,,,
1059.5,,,0.015,0.017,0.03,,,,
1060,,,0.013,0.018,0.029,,,,
1060.5,,,0.017,0.022,0.016,,,,
1061,,,0.021,0.022,0.017,,,,
1061.5,,,0.025,0.023,0.02,,,,
1062,,,0.026,0.019,0.02,,,,
1062.5,,,0.029,0.019,0.016,,,,
1063,,,0.027,0.017,0.018,,,,
1063.5,,,0.025,0.014,0.023,,,,
1064,,,0.026,0.014,0.015,,,,
1064.5,,,0.021,0.018,-0.005,,,,
1065,,,0.014,0.024,-0.045,,,,
1065.5,,,0.012,0.025,-0.056,,,,
1066,,,0.018,0.027,-0.057,,,,
1066.5,,,0.02,0.029,-0.049,,,,
1067,,,0.018,0.026,-0.04,,,,
1067.5,,,0.02,0.026,-0.032,,,,
1068,,,0.017,0.025,-0.032,,,,
1068.5,,,0.017,0.026,-0.035,,,,
1069,,,0.015,0.026,-0.039,,,,
1069.5,,,0.012,0.024,-0.052,,,,
1070,,,0.015,0.026,-0.048,,,,
1070.5,,,0.022,0.024,-0.027,,,,
1071,,,0.025,0.025,-0.034,,,,
1071.5,,,0.025,0.022,-0.039,,,,
1072,,,0.029,0.02,-0.029,,,,
1072.5,,,0.028,0.018,-0.018,,,,
1073,,,0.025,0.014,-0.007,,,,
1073.5,,,0.029,0.013,0.004,,,,
1074,,,0.026,0.01,0.005,,,,
1074.5,,,0.022,0.019,0.01,,,,
1075,,,0.016,0.025,0.022,,,,
1075.5,,,0.018,0.025,0.024,,,,
1076,,,0.023,0.028,0.024,,,,
1076.5,,,0.022,0.027,0.027,,,,
1077,,,0.023,0.028,0.041,,,,
1077.5,,,0.02,0.027,0.051,,,,
1078,,,0.019,0.026,0.055,,,,
1078.5,,,0.017,0.026,0.046,,,,
1079,,,0.012,0.025,0.041,,,,
1079.5,,,0.011,0.027,0.044,,,,
1080,,,0.01,0.024,0.043,,,,
1080.5,,,0.02,0.025,0.041,,,,
1081,,,0.024,0.023,0.038,,,,
1081.5,,,0.022,0.02,0.047,,,,
1082,,,0.024,0.021,0.054,,,,
1082.5,,,0.023,0.019,0.056,,,,
1083,,,0.025,0.019,0.055,,,,
1083.5,,,0.024,0.016,0.047,,,,
1084,,,0.023,0.021,0.048,,,,
1084.5,,,0.021,0.024,0.049,,,,
1085,,,0.016,0.026,0.046,,,,
1085.5,,,0.02,0.028,0.041,,,,
1086,,,0.021,0.028,0.038,,,,
1086.5,,,0.021,0.03,0.047,,,,
1087,,,0.022,0.03,0.055,,,,
1087.5,,,0.018,0.026,0.058,,,,
1088,,,0.018,0.028,0.056,,,,
1088.5,,,0.015,0.025,0.05,,,,
1089,,,0.014,0.027,0.05,,,,
1089.5,,,0.013,0.027,0.049,,,,
1090,,,0.019,0.024,0.047,,,,
1090.5,,,0.023,0.022,0.042,,,,
1091,,,0.022,0.02,0.045,,,,
1091.5,,,0.026,0.022,0.052,,,,
1092,,,0.025,0.02,0.059,,,,
1092.5,,,0.027,0.018,0.059,,,,
1093,,,0.026,0.019,0.052,,,,
1093.5,,,0.021,0.019,0.043,,,,
1094,,,0.023,0.026,0.046,,,,
1094.5,,,0.021,0.026,0.047,,,,
1095,,,0.017,0.028,0.044,,,,
1095.5,,,0.02,0.028,0.039,,,,
1096,,,0.024,0.028,0.042,,,,
1096.5,,,0.023,0.029,0.052,,,,
1097,,,0.021,0.029,0.059,,,,
1097.5,,,0.021,0.031,0.061,,,,
1098,,,0.018,0.027,0.054,,,,
1098.5,,,0.016,0.028,0.049,,,,
1099,,,0.015,0.028,0.053,,,,
1099.5,,,0.01,0.023,0.052,,,,
1100,,,0.02,0.025,0.047,,,,
1100.5,,,0.022,0.024,0.037,,,,
1101,,,0.026,0.024,0.041,,,,
1101.5,,,0.03,0.023,0.053,,,,
1102,,,0.03,0.02,0.055,,,,
1102.5,,,0.029,0.019,0.054,,,,
1103,,,0.027,0.017,0.048,,,,
1103.5,,,0.028,0.024,0.042,,,,
1104,,,0.025,0.025,0.047,,,,
1104.5,,,0.024,0.026,0.047,,,,
1105,,,0.02,0.029,0.043,,,,
1105.5,,,0.021,0.026,0.035,,,,
1106,,,0.025,0.027,0.039,,,,
1106.5,,,0.023,0.026,0.053,,,,
1107,,,0.023,0.029,0.059,,,,
1107.5,,,0.02,0.031,0.058,,,,
1108,,,0.018,0.026,0.05,,,,
1108.5,,,0.016,0.026,0.048,,,,
1109,,,0.012,0.022,0.054,,,,
1109.5,,,0.012,0.022,0.051,,,,
1110,,,0.02,0.022,0.044,,,,
1110.5,,,0.025,0.018,0.034,,,,
1111,,,0.025,0.02,0.043,,,,
1111.5,,,0.025,0.016,0.057,,,,
1112,,,0.027,0.016,0.064,,,,
1112.5,,,0.025,0.017,0.062,,,,
1113,,,0.025,0.022,0.053,,,,
1113.5,,,0.024,0.023,0.05,,,,
1114,,,0.021,0.019,0.054,,,,
1114.5,,,0.017,0.02,0.051,,,,
1115,,,0.014,0.018,0.043,,,,
1115.5,,,0.023,0.017,0.041,,,,
1116,,,0.023,0.018,0.05,,,,
1116.5,,,0.022,0.018,0.06,,,,
1117,,,0.022,0.017,0.065,,,,
1117.5,,,0.019,0.013,0.062,,,,
1118,,,0.017,0.014,0.054,,,,
1118.5,,,0.013,0.013,0.055,,,,
1119,,,0.011,0.011,0.057,,,,
1119.5,,,0.01,0.009,0.051,,,,
1120,,,0.017,0.007,0.044,,,,
1120.5,,,0.025,0.009,0.042,,,,
1121,,,0.029,0.009,0.053,,,,
1121.5,,,0.032,0.009,0.063,,,,
1122,,,0.03,0.012,0.067,,,,
1122.5,,,0.029,0.012,0.066,,,,
1123,,,0.03,0.012,0.057,,,,
1123.5,,,0.024,0.01,0.055,,,,
1124,,,0.023,0.011,0.055,,,,
1124.5,,,0.018,0.011,0.052,,,,
1125,,,0.021,0.01,0.048,,,,
1125.5,,,0.028,0.011,0.049,,,,
1126,,,0.024,0.009,0.06,,,,
1126.5,,,0.025,0.011,0.066,,,,
1127,,,0.02,0.008,0.065,,,,
1127.5,,,0.02,0.003,0.061,,,,
1128,,,0.016,0.003,0.051,,,,
1128.5,,,0.013,0.003,0.05,,,,
1129,,,0.011,0.007,0.049,,,,
1129.5,,,0.015,0.006,0.046,,,,
1130,,,0.028,0.007,0.042,,,,
1130.5,,,0.029,0.005,0.05,,,,
1131,,,0.032,0.004,0.056,,,,
1131.5,,,0.032,0.003,0.057,,,,
1132,,,0.029,0.003,0.056,,,,
1132.5,,,0.033,0.005,0.051,,,,
1133,,,0.027,0.005,0.042,,,,
1133.5,,,0.026,0.007,0.041,,,,
1134,,,0.023,0.006,0.038,,,,
1134.5,,,0.022,0.003,0.036,,,,
1135,,,0.024,0.003,0.034,,,,
1135.5,,,0.024,-0.004,0.039,,,,
1136,,,0.027,-0.02,0.038,,,,
1136.5,,,0.025,-0.047,0.035,,,,
1137,,,0.023,-0.057,0.035,,,,
1137.5,,,0.02,-0.054,0.033,,,,
1138,,,0.017,-0.047,0.028,,,,
1138.5,,,0.02,-0.036,0.027,,,,
1139,,,0.023,-0.029,0.024,,,,
1139.5,,,0.029,-0.026,0.027,,,,
1140,,,0.029,-0.024,0.03,,,,
1140.5,,,0.028,-0.024,0.032,,,,
1141,,,0.033,-0.026,0.031,,,,
1141.5,,,0.031,-0.023,0.026,,,,
1142,,,0.034,-0.019,0.022,,,,
1142.5,,,0.03,-0.017,0.019,,,,
1143,,,0.029,-0.02,0.019,,,,
1143.5,,,0.028,-0.026,0.022,,,,
1144,,,0.023,-0.033,0.018,,,,
1144.5,,,0.024,-0.04,0.009,,,,
1145,,,0.023,-0.041,-0.015,,,,
1145.5,,,0.023,-0.039,-0.05,,,,
1146,,,0.024,-0.036,-0.067,,,,
1146.5,,,0.02,-0.016,-0.071,,,,
1147,,,0.024,-0.017,-0.073,,,,
1147.5,,,0.02,-0.023,-0.049,,,,
1148,,,0.02,-0.025,-0.044,,,,
1148.5,,,0.02,-0.02,-0.049,,,,
1149,,,0.021,-0.022,-0.048,,,,
1149.5,,,0.025,-0.028,-0.051,,,,
1150,,,0.026,-0.03,-0.04,,,,
1150.5,,,0.031,-0.036,-0.024,,,,
1151,,,0.03,-0.032,-0.02,,,,
1151.5,,,0.03,-0.027,-0.032,,,,
1152,,,0.028,-0.025,-0.023,,,,
1152.5,,,0.025,-0.02,-0.01,,,,
1153,,,0.028,-0.014,-0.007,,,,
1153.5,,,0.023,-0.014,0.001,,,,
1154,,,0.02,-0.02,0.004,,,,
1154.5,,,0.02,-0.023,0.012,,,,
1155,,,0.017,-0.019,0.024,,,,
1155.5,,,0.018,-0.012,0.036,,,,
1156,,,0.018,-0.011,0.029,,,,
1156.5,,,0.021,0.001,0.032,,,,
1157,,,0.019,0.001,0.038,,,,
1157.5,,,0.017,0.002,0.04,,,,
1158,,,0.011,-0.001,0.034,,,,
1158.5,,,0.017,-0.002,0.035,,,,
1159,,,0.022,0.006,0.05,,,,
1159.5,,,0.022,0.007,0.057,,,,
1160,,,0.024,0.009,0.055,,,,
1160.5,,,0.023,0.012,0.047,,,,
1161,,,0.018,0.014,0.046,,,,
1161.5,,,0.021,0.02,0.05,,,,
1162,,,0.019,0.021,0.048,,,,
1162.5,,,0.019,0.023,0.042,,,,
1163,,,0.011,0.021,0.036,,,,
1163.5,,,0.005,0.019,0.046,,,,
1164,,,0.007,0.017,0.056,,,,
1164.5,,,0.007,0.017,0.058,,,,
1165,,,0.009,0.02,0.054,,,,
1165.5,,,0.009,0.02,0.048,,,,
1166,,,0.01,0.021,0.046,,,,
1166.5,,,0.009,0.019,0.049,,,,
1167,,,0.005,0.016,0.048,,,,
1167.5,,,0.004,0.015,0.041,,,,
1168,,,0.008,0.011,0.043,,,,
1168.5,,,0.011,0.017,0.054,,,,
1169,,,0.011,0.023,0.06,,,,
1169.5,,,0.011,0.024,0.06,,,,
1170,,,0.01,0.027,0.056,,,,
1170.5,,,0.009,0.027,0.047,,,,
1171,,,0.012,0.029,0.052,,,,
1171.5,,,0.012,0.027,0.052,,,,
1172,,,0.013,0.026,0.047,,,,
1172.5,,,0.006,0.025,0.038,,,,
1173,,,0.001,0.019,0.036,,,,
1173.5,,,0.005,0.016,0.047,,,,
1174,,,0.005,0.021,0.055,,,,
1174.5,,,0.006,0.023,0.055,,,,
1175,,,0.005,0.024,0.05,,,,
1175.5,,,0.004,0.021,0.041,,,,
1176,,,0.004,0.021,0.045,,,,
1176.5,,,0,0.018,0.048,,,,
1177,,,0.004,0.016,0.043,,,,
1177.5,,,0.006,0.013,0.035,,,,
1178,,,0.008,0.011,0.042,,,,
1178.5,,,0.008,0.017,0.054,,,,
1179,,,0.005,0.021,0.061,,,,
1179.5,,,0.007,0.027,0.059,,,,
1180,,,0.005,0.029,0.049,,,,
1180.5,,,0.004,0.029,0.043,,,,
1181,,,0.003,0.028,0.05,,,,
1181.5,,,-0.005,0.025,0.05,,,,
1182,,,-0.02,0.027,0.045,,,,
1182.5,,,-0.044,0.024,0.034,,,,
1183,,,-0.053,0.018,0.039,,,,
1183.5,,,-0.057,0.018,0.051,,,,
1184,,,-0.053,0.021,0.056,,,,
1184.5,,,-0.039,0.023,0.054,,,,
1185,,,-0.018,0.022,0.049,,,,
1185.5,,,-0.008,0.022,0.049,,,,
1186,,,-0.009,0.019,0.053,,,,
1186.5,,,-0.014,0.019,0.05,,,,
1187,,,-0.015,0.017,0.043,,,,
1187.5,,,-0.017,0.012,0.035,,,,
1188,,,-0.017,0.018,0.042,,,,
1188.5,,,-0.015,0.022,0.057,,,,
1189,,,-0.008,0.025,0.059,,,,
1189.5,,,-0.008,0.029,0.056,,,,
1190,,,-0.018,0.029,0.051,,,,
1190.5,,,-0.033,0.03,0.051,,,,
1191,,,-0.034,0.028,0.053,,,,
1191.5,,,-0.035,0.029,0.05,,,,
1192,,,-0.035,0.024,0.043,,,,
1192.5,,,-0.03,0.017,0.035,,,,
1193,,,-0.025,0.014,0.046,,,,
1193.5,,,-0.021,0.018,0.055,,,,
1194,,,-0.015,0.023,0.059,,,,
1194.5,,,-0.023,0.021,0.06,,,,
1195,,,-0.027,0.019,0.056,,,,
1195.5,,,-0.029,0.018,0.052,,,,
1196,,,-0.058,0.015,0.055,,,,
1196.5,,,-0.045,0.015,0.05,,,,
1197,,,-0.036,0.012,0.042,,,,
1197.5,,,-0.033,0.009,0.041,,,,
1198,,,-0.028,0.011,0.051,,,,
1198.5,,,-0.022,0.016,0.059,,,,
1199,,,-0.02,0.024,0.064,,,,
1199.5,,,-0.025,0.026,0.064,,,,
1200,,,-0.023,0.026,0.062,,,,
1200.5,,,-0.024,0.024,0.058,,,,
1201,,,-0.028,0.025,0.056,,,,
1201.5,,,-0.025,0.022,0.052,,,,
1202,,,-0.016,0.018,0.049,,,,
1202.5,,,-0.007,0.018,0.051,,,,
1203,,,-0.001,0.014,0.059,,,,
1203.5,,,0.002,0.02,0.061,,,,
1204,,,-0.003,0.024,0.061,,,,
1204.5,,,0.002,0.023,0.06,,,,
1205,,,0.007,0.023,0.054,,,,
1205.5,,,0.007,0.02,0.051,,,,
1206,,,0.01,0.02,0.051,,,,
1206.5,,,0.014,0.016,0.049,,,,
1207,,,0.023,0.014,0.047,,,,
1207.5,,,0.026,0.01,0.048,,,,
1208,,,0.027,0.011,0.059,,,,
1208.5,,,0.024,0.022,0.064,,,,
1209,,,0.013,0.026,0.064,,,,
1209.5,,,0.017,0.03,0.058,,,,
1210,,,0.019,0.028,0.047,,,,
1210.5,,,0.02,0.026,0.05,,,,
1211,,,0.023,0.027,0.05,,,,
1211.5,,,0.018,0.023,0.049,,,,
1212,,,0.018,0.022,0.045,,,,
1212.5,,,0.015,0.016,0.049,,,,
1213,,,0.012,0.016,0.055,,,,
1213.5,,,0.008,0.022,0.052,,,,
1214,,,0.009,0.023,0.05,,,,
1214.5,,,0.023,0.025,0.044,,,,
1215,,,0.022,0.021,0.034,,,,
1215.5,,,0.025,0.02,0.032,,,,
1216,,,0.023,0.018,0.032,,,,
1216.5,,,0.023,0.015,0.031,,,,
1217,,,0.024,0.014,0.028,,,,
1217.5,,,0.022,0.008,0.036,,,,
1218,,,0.026,0.017,0.037,,,,
1218.5,,,0.014,0.023,0.034,,,,
1219,,,0.013,0.024,0.034,,,,
1219.5,,,0.018,0.027,0.029,,,,
1220,,,0.019,0.027,0.024,,,,
1220.5,,,0.022,0.03,0.024,,,,
1221,,,0.019,0.027,0.024,,,,
1221.5,,,0.021,0.027,0.02,,,,
1222,,,0.018,0.026,0.019,,,,
1222.5,,,0.014,0.02,0.024,,,,
1223,,,0.011,0.019,0.025,,,,
1223.5,,,0.004,0.021,0.022,,,,
1224,,,0.015,0.026,0.016,,,,
1224.5,,,0.023,0.024,0.001,,,,
1225,,,0.026,0.022,-0.016,,,,
1225.5,,,0.028,0.021,-0.034,,,,
1226,,,0.025,0.017,-0.045,,,,
1226.5,,,0.028,0.016,-0.045,,,,
1227,,,0.023,0.012,-0.035,,,,
1227.5,,,0.022,0.011,-0.026,,,,
1228,,,0.018,0.018,-0.031,,,,
1228.5,,,0.013,0.021,-0.052,,,,
1229,,,0.019,0.026,-0.06,,,,
1229.5,,,0.023,0.028,-0.045,,,,
1230,,,0.026,0.029,-0.032,,,,
1230.5,,,0.023,0.03,-0.019,,,,
1231,,,0.021,0.028,-0.025,,,,
1231.5,,,0.019,0.03,-0.029,,,,
1232,,,0.015,0.026,-0.023,,,,
1232.5,,,0.013,0.022,-0.016,,,,
1233,,,0.009,0.024,-0.02,,,,
1233.5,,,0.017,0.027,-0.022,,,,
1234,,,0.024,0.029,-0.009,,,,
1234.5,,,0.022,0.026,0.013,,,,
1235,,,0.029,0.027,0.02,,,,
1235.5,,,0.027,0.024,0.022,,,,
1236,,,0.029,0.021,0.025,,,,
1236.5,,,0.029,0.018,0.03,,,,
1237,,,0.025,0.015,0.035,,,,
1237.5,,,0.022,0.018,0.04,,,,
1238,,,0.021,0.024,0.04,,,,
1238.5,,,0.017,0.028,0.042,,,,
1239,,,0.013,0.026,0.042,,,,
1239.5,,,0.019,0.029,0.04,,,,
1240,,,0.022,0.03,0.037,,,,
1240.5,,,0.018,0.024,0.048,,,,
1241,,,0.019,0.026,0.055,,,,
1241.5,,,0.015,0.023,0.061,,,,
1242,,,0.014,0.024,0.061,,,,
1242.5,,,0.011,0.018,0.049,,,,
1243,,,0.009,0.018,0.049,,,,
1243.5,,,0.019,0.024,0.049,,,,
1244,,,0.022,0.023,0.045,,,,
1244.5,,,0.026,0.025,0.039,,,,
1245,,,0.026,0.022,0.04,,,,
1245.5,,,0.026,0.02,0.046,,,,
1246,,,0.027,0.017,0.05,,,,
1246.5,,,0.025,0.014,0.052,,,,
1247,,,0.027,0.014,0.048,,,,
1247.5,,,0.019,0.015,0.042,,,,
1248,,,0.014,0.024,0.047,,,,
1248.5,,,0.011,0.03,0.048,,,,
1249,,,0.021,0.032,0.044,,,,
1249.5,,,0.025,0.033,0.038,,,,
1250,,,0.023,0.03,0.042,,,,
1250.5,,,0.023,0.032,0.055,,,,
1251,,,0.019,0.027,0.06,,,,
1251.5,,,0.018,0.024,0.06,,,,
1252,,,0.014,0.021,0.049,,,,
1252.5,,,0.01,0.018,0.046,,,,
1253,,,0.008,0.026,0.051,,,,
1253.5,,,0.014,0.027,0.048,,,,
1254,,,0.023,0.027,0.042,,,,
1254.5,,,0.029,0.025,0.035,,,,
1255,,,0.029,0.022,0.043,,,,
1255.5,,,0.029,0.021,0.052,,,,
1256,,,0.026,0.017,0.056,,,,
1256.5,,,0.027,0.017,0.055,,,,
1257,,,0.025,0.023,0.051,,,,
1257.5,,,0.022,0.028,0.043,,,,
1258,,,0.015,0.028,0.046,,,,
1258.5,,,0.015,0.031,0.048,,,,
1259,,,0.023,0.036,0.044,,,,
1259.5,,,0.024,0.034,0.039,,,,
1260,,,0.025,0.035,0.047,,,,
1260.5,,,0.021,0.033,0.053,,,,
1261,,,0.017,0.025,0.058,,,,
1261.5,,,0.016,0.026,0.058,,,,
1262,,,0.011,0.024,0.052,,,,
1262.5,,,0.011,0.023,0.048,,,,
1263,,,0.014,0.025,0.05,,,,
1263.5,,,0.024,0.024,0.048,,,,
1264,,,0.026,0.024,0.043,,,,
1264.5,,,0.028,0.022,0.036,,,,
1265,,,0.031,0.023,0.04,,,,
1265.5,,,0.027,0.02,0.052,,,,
1266,,,0.028,0.02,0.057,,,,
1266.5,,,0.024,0.018,0.056,,,,
1267,,,0.023,0.025,0.052,,,,
1267.5,,,0.018,0.028,0.049,,,,
1268,,,0.014,0.028,0.05,,,,
1268.5,,,0.019,0.03,0.048,,,,
1269,,,0.024,0.029,0.042,,,,
1269.5,,,0.025,0.024,0.038,,,,
1270,,,0.022,0.028,0.048,,,,
1270.5,,,0.018,0.026,0.054,,,,
1271,,,0.018,0.026,0.058,,,,
1271.5,,,0.014,0.022,0.057,,,,
1272,,,0.012,0.016,0.052,,,,
1272.5,,,0.011,0.018,0.051,,,,
1273,,,0.009,0.016,0.051,,,,
1273.5,,,0.02,0.018,0.047,,,,
1274,,,0.022,0.019,0.04,,,,
1274.5,,,0.031,0.018,0.038,,,,
1275,,,0.03,0.016,0.049,,,,
1275.5,,,0.025,0.014,0.053,,,,
1276,,,0.025,0.013,0.059,,,,
1276.5,,,0.022,0.014,0.059,,,,
1277,,,0.022,0.018,0.056,,,,
1277.5,,,0.02,0.018,0.054,,,,
1278,,,0.019,0.018,0.053,,,,
1278.5,,,0.026,0.018,0.049,,,,
1279,,,0.025,0.016,0.045,,,,
1279.5,,,0.026,0.019,0.043,,,,
1280,,,0.023,0.018,0.053,,,,
1280.5,,,0.022,0.017,0.059,,,,
1281,,,0.018,0.014,0.06,,,,
1281.5,,,0.013,0.007,0.061,,,,
1282,,,0.013,0.009,0.059,,,,
1282.5,,,0.01,0.008,0.058,,,,
1283,,,0.02,0.008,0.054,,,,
1283.5,,,0.026,0.009,0.051,,,,
1284,,,0.027,0.006,0.047,,,,
1284.5,,,0.032,,0.054,,,,
1285,,,0.028,,0.058,,,,
1285.5,,,0.029,,0.061,,,,
1286,,,0.024,,0.063,,,,
1286.5,,,0.024,,0.06,,,,
1287,,,0.023,,0.054,,,,
1287.5,,,0.021,,0.054,,,,
1288,,,0.023,,0.051,,,,
1288.5,,,0.023,,0.051,,,,
1289,,,0.027,,0.052,,,,
1289.5,,,0.025,,0.055,,,,
1290,,,0.022,,0.058,,,,
1290.5,,,0.021,,0.064,,,,
1291,,,0.017,,0.064,,,,
1291.5,,,0.017,,0.062,,,,
1292,,,0.015,,0.053,,,,
1292.5,,,0.018,,0.048,,,,
1293,,,0.026,,0.045,,,,
1293.5,,,0.025,,0.041,,,,
1294,,,0.03,,0.036,,,,
1294.5,,,0.027,,0.039,,,,
1295,,,0.03,,0.041,,,,
1295.5,,,0.029,,0.042,,,,
1296,,,0.028,,0.043,,,,
1296.5,,,0.028,,0.032,,,,
1297,,,0.022,,0.026,,,,
1297.5,,,0.024,,0.028,,,,
1298,,,0.025,,0.029,,,,
1298.5,,,0.025,,0.026,,,,
1299,,,0.025,,0.024,,,,
1299.5,,,0.02,,0.03,,,,
1300,,,0.023,,0.034,,,,
1300.5,,,0.018,,0.033,,,,
1301,,,0.021,,0.026,,,,
1301.5,,,0.018,,0.017,,,,
1302,,,0.02,,0.021,,,,
1302.5,,,0.028,,0.022,,,,
1303,,,0.028,,0.022,,,,
1303.5,,,0.032,,0.017,,,,
1304,,,0.032,,0.019,,,,
1304.5,,,0.033,,0.024,,,,
1305,,,0.035,,0.02,,,,
1305.5,,,0.03,,0.002,,,,
1306,,,0.035,,-0.036,,,,
1306.5,,,0.033,,-0.064,,,,
1307,,,0.034,,-0.054,,,,
1307.5,,,0.03,,-0.048,,,,
1308,,,0.023,,-0.047,,,,
1308.5,,,0.026,,-0.037,,,,
1309,,,0.024,,-0.035,,,,
1309.5,,,0.025,,-0.046,,,,
1310,,,0.022,,-0.045,,,,
1310.5,,,0.022,,-0.05,,,,
1311,,,0.02,,-0.042,,,,
1311.5,,,0.015,,-0.027,,,,
1312,,,0.022,,-0.023,,,,
1312.5,,,0.025,,-0.016,,,,
1313,,,0.028,,-0.018,,,,
1313.5,,,0.026,,-0.014,,,,
1314,,,0.025,,-0.003,,,,
1314.5,,,0.027,,0.014,,,,
1315,,,0.024,,0.019,,,,
1315.5,,,0.027,,0.01,,,,
1316,,,0.026,,0.01,,,,
1316.5,,,0.022,,0.021,,,,
1317,,,0.012,,0.024,,,,
1317.5,,,0.012,,0.026,,,,
1318,,,0.016,,0.035,,,,
1318.5,,,0.015,,0.045,,,,
1319,,,0.017,,0.05,,,,
1319.5,,,0.017,,0.044,,,,
1320,,,0.015,,0.039,,,,
1320.5,,,0.017,,0.042,,,,
1321,,,0.013,,,,,,
1321.5,,,0.01,,,,,,
1322,,,0.015,,,,,,
1322.5,,,0.017,,,,,,
1323,,,0.02,,,,,,
1323.5,,,0.018,,,,,,
1324,,,0.02,,,,,,
1324.5,,,0.019,,,,,,
1325,,,0.02,,,,,,
1325.5,,,0.019,,,,,,
1326,,,0.01,,,,,,
1326.5,,,0.005,,,,,,
1327,,,0.003,,,,,,
1327.5,,,0.009,,,,,,
1328,,,0.012,,,,,,
1328.5,,,0.009,,,,,,
1329,,,0.01,,,,,,
1329.5,,,0.01,,,,,,
1330,,,0.009,,,,,,
1330.5,,,0.007,,,,,,
1331,,,0.004,,,,,,
1331.5,,,0.008,,,,,,
1332,,,0.009,,,,,,
1332.5,,,0.014,,,,,,
1333,,,0.013,,,,,,
1333.5,,,0.014,,,,,,
1334,,,0.011,,,,,,
1334.5,,,0.008,,,,,,
1335,,,0.01,,,,,,
1335.5,,,0.006,,,,,,
1336,,,0.005,,,,,,
1336.5,,,-0.001,,,,,,
1337,,,-0.001,,,,,,
1337.5,,,0.002,,,,,,
1338,,,0.002,,,,,,
1338.5,,,0.004,,,,,,
1339,,,0.003,,,,,,
1339.5,,,0.003,,,,,,
1340,,,0,,,,,,
1340.5,,,-0.003,,,,,,
1341,,,0.003,,,,,,
1341.5,,,0.003,,,,,,
1342,,,0.004,,,,,,
1342.5,,,0.003,,,,,,
1343,,,-0.002,,,,,,
1343.5,,,-0.013,,,,,,
1344,,,-0.034,,,,,,
1344.5,,,-0.053,,,,,,
1345,,,-0.073,,,,,,
1345.5,,,-0.057,,,,,,
1346,,,-0.034,,,,,,
1346.5,,,-0.016,,,,,,
1347,,,-0.01,,,,,,
1347.5,,,-0.011,,,,,,
1348,,,-0.014,,,,,,
1348.5,,,-0.018,,,,,,
1349,,,-0.017,,,,,,
1349.5,,,-0.023,,,,,,
1350,,,-0.024,,,,,,
1350.5,,,-0.021,,,,,,
1351,,,-0.02,,,,,,
1351.5,,,-0.026,,,,,,
1352,,,-0.026,,,,,,
1352.5,,,-0.024,,,,,,
1353,,,-0.028,,,,,,
1353.5,,,-0.041,,,,,,
1354,,,-0.045,,,,,,
1354.5,,,-0.047,,,,,,
1355,,,-0.045,,,,,,
1355.5,,,-0.039,,,,,,
1356,,,-0.028,,,,,,
1356.5,,,-0.017,,,,,,
1357,,,-0.008,,,,,,
1357.5,,,-0.005,,,,,,
1358,,,-0.043,,,,,,
1358.5,,,-0.03,,,,,,
1359,,,-0.029,,,,,,
1359.5,,,-0.025,,,,,,
1360,,,-0.016,,,,,,
1360.5,,,-0.008,,,,,,
1361,,,-0.005,,,,,,
1361.5,,,0,,,,,,
1362,,,-0.004,,,,,,
1362.5,,,-0.008,,,,,,
1363,,,-0.011,,,,,,
1363.5,,,-0.011,,,,,,
1364,,,-0.019,,,,,,
1364.5,,,-0.017,,,,,,
1365,,,-0.002,,,,,,
1365.5,,,0.002,,,,,,
1366,,,0.006,,,,,,
1366.5,,,0.01,,,,,,
1367,,,0.011,,,,,,
1367.5,,,0.002,,,,,,
1368,,,0.005,,,,,,
1368.5,,,0.01,,,,,,
1369,,,0.012,,,,,,
1369.5,,,0.016,,,,,,
1370,,,0.021,,,,,,
1370.5,,,0.022,,,,,,
1371,,,0.024,,,,,,
1371.5,,,0.022,,,,,,
1372,,,0.014,,,,,,
1372.5,,,0.014,,,,,,
1373,,,0.018,,,,,,
1373.5,,,0.022,,,,,,
1374,,,0.019,,,,,,
1374.5,,,0.02,,,,,,
1375,,,0.019,,,,,,
1375.5,,,0.017,,,,,,
1376,,,0.016,,,,,,
1376.5,,,0.012,,,,,,
1377,,,0.016,,,,,,
1377.5,,,0.022,,,,,,
1378,,,0.021,,,,,,
1378.5,,,0.024,,,,,,
1379,,,0.024,,,,,,
1379.5,,,0.027,,,,,,
1380,,,0.026,,,,,,
1380.5,,,0.026,,,,,,
1381,,,0.023,,,,,,
1381.5,,,0.017,,,,,,
1382,,,0.015,,,,,,
1382.5,,,0.017,,,,,,
1383,,,0.023,,,,,,
1383.5,,,0.021,,,,,,
1384,,,0.02,,,,,,
1384.5,,,0.019,,,,,,
1385,,,0.016,,,,,,
1385.5,,,0.017,,,,,,
1386,,,0.014,,,,,,
1386.5,,,0.015,,,,,,
1387,,,0.023,,,,,,
1387.5,,,0.022,,,,,,
1388,,,0.026,,,,,,
1388.5,,,0.025,,,,,,
1389,,,0.031,,,,,,
1389.5,,,0.031,,,,,,
1390,,,0.029,,,,,,
1390.5,,,0.029,,,,,,
1391,,,0.023,,,,,,
1391.5,,,0.016,,,,,,
1392,,,0.021,,,,,,
1392.5,,,0.024,,,,,,
1393,,,0.024,,,,,,
1393.5,,,0.021,,,,,,
1394,,,0.022,,,,,,
1394.5,,,0.018,,,,,,
1395,,,0.017,,,,,,
1395.5,,,0.015,,,,,,
1396,,,0.011,,,,,,
1396.5,,,0.018,,,,,,
1397,,,0.02,,,,,,
1397.5,,,0.023,,,,,,
1398,,,0.023,,,,,,
1398.5,,,0.026,,,,,,
1399,,,0.026,,,,,,
1399.5,,,0.023,,,,,,
1400,,,0.025,,,,,,
1400.5,,,0.023,,,,,,
1401,,,0.013,,,,,,
1401.5,,,0.012,,,,,,
1402,,,0.014,,,,,,
1402.5,,,0.02,,,,,,
1403,,,0.018,,,,,,
1403.5,,,0.02,,,,,,
1404,,,0.016,,,,,,
1404.5,,,0.016,,,,,,
1405,,,0.013,,,,,,
1405.5,,,0.01,,,,,,
1406,,,0.009,,,,,,
1406.5,,,0.013,,,,,,
1407,,,0.02,,,,,,
1407.5,,,0.027,,,,,,
1408,,,0.026,,,,,,
1408.5,,,0.028,,,,,,
1409,,,0.025,,,,,,
1409.5,,,0.027,,,,,,
1410,,,0.024,,,,,,
1410.5,,,0.02,,,,,,
1411,,,0.012,,,,,,
1411.5,,,0.014,,,,,,
1412,,,0.023,,,,,,
1412.5,,,0.024,,,,,,
1413,,,0.023,,,,,,
1413.5,,,0.023,,,,,,
1414,,,0.017,,,,,,
1414.5,,,0.02,,,,,,
1415,,,0.015,,,,,,
1415.5,,,0.011,,,,,,
1416,,,0.009,,,,,,
1416.5,,,0.021,,,,,,
1417,,,0.024,,,,,,
1417.5,,,0.025,,,,,,
1418,,,0.03,,,,,,
1418.5,,,0.027,,,,,,
1419,,,0.028,,,,,,
1419.5,,,0.028,,,,,,
1420,,,0.024,,,,,,
1420.5,,,0.024,,,,,,
1421,,,0.019,,,,,,
1421.5,,,0.017,,,,,,
1422,,,0.017,,,,,,
1422.5,,,0.02,,,,,,
1423,,,0.023,,,,,,
1423.5,,,0.02,,,,,,
1424,,,0.021,,,,,,
1424.5,,,0.018,,,,,,
1425,,,0.015,,,,,,
1425.5,,,0.013,,,,,,
1426,,,0.01,,,,,,
1426.5,,,0.023,,,,,,
1427,,,0.023,,,,,,
1427.5,,,0.025,,,,,,
1428,,,0.026,,,,,,
1428.5,,,0.027,,,,,,
1429,,,0.029,,,,,,
1429.5,,,0.023,,,,,,
1430,,,0.022,,,,,,
1430.5,,,0.024,,,,,,
1431,,,0.022,,,,,,
1431.5,,,0.024,,,,,,
1432,,,0.022,,,,,,
1432.5,,,0.024,,,,,,
1433,,,0.022,,,,,,
1433.5,,,0.022,,,,,,
1434,,,0.019,,,,,,
1434.5,,,0.015,,,,,,
1435,,,0.015,,,,,,
1435.5,,,0.011,,,,,,
1436,,,0.01,,,,,,
1436.5,,,0.017,,,,,,
1437,,,0.023,,,,,,
1437.5,,,0.026,,,,,,
1438,,,0.027,,,,,,
1438.5,,,0.03,,,,,,
1439,,,0.026,,,,,,
1439.5,,,0.027,,,,,,
1440,,,0.026,,,,,,
1440.5,,,0.022,,,,,,
1441,,,0.024,,,,,,
1441.5,,,0.022,,,,,,
1442,,,0.025,,,,,,
1442.5,,,0.024,,,,,,
1443,,,0.022,,,,,,
1443.5,,,0.022,,,,,,
1444,,,0.018,,,,,,
1444.5,,,0.018,,,,,,
1445,,,0.015,,,,,,
1445.5,,,0.014,,,,,,
1446,,,0.02,,,,,,
1446.5,,,0.022,,,,,,
1447,,,0.026,,,,,,
1447.5,,,0.025,,,,,,
1448,,,0.029,,,,,,
1448.5,,,0.03,,,,,,
1449,,,0.027,,,,,,
1449.5,,,0.028,,,,,,
1450,,,0.024,,,,,,
1450.5,,,0.026,,,,,,
1451,,,0.024,,,,,,
1451.5,,,0.023,,,,,,
1452,,,0.023,,,,,,
1452.5,,,0.004,,,,,,
1453,,,-0.019,,,,,,
