time_s,s1_flow_ml_min,s1_temp_c,s2_flow_ml_min,s2_temp_c,s3_flow_ml_min,s3_temp_c,s4_flow_ml_min,s4_temp_c
0.0,-0.015,31.8,-0.016,31.8,-0.017,31.7,-0.015,31.7
0.5,-0.021,31.8,-0.022,31.8,-0.021,31.8,-0.021,31.8
1.0,-0.026,31.9,-0.026,31.9,-0.026,31.8,-0.026,31.8
1.5,-0.028,31.9,-0.027,31.9,-0.029,31.9,-0.028,31.9
2.0,-0.025,31.9,-0.025,31.9,-0.026,32.0,-0.026,31.9
2.5,-0.019,32.0,-0.020,31.9,-0.018,32.0,-0.020,32.0
3.0,-0.017,32.0,-0.017,32.0,-0.018,32.0,-0.017,32.0
3.5,-0.014,32.0,-0.014,32.0,-0.014,32.0,-0.014,32.0
4.0,-0.010,32.1,-0.012,32.1,-0.010,32.1,-0.010,32.1
4.5,-0.007,32.1,-0.007,32.1,-0.007,32.1,-0.007,32.1
5.0,-0.004,32.1,-0.005,32.1,-0.008,32.1,-0.005,32.1
5.5,0.005,32.1,0.005,32.2,0.002,32.1,0.006,32.2
6.0,0.011,32.2,0.011,32.2,0.010,32.1,0.011,32.2
6.5,0.010,32.2,0.010,32.2,0.008,32.2,0.009,32.2
7.0,0.015,32.2,0.016,32.1,0.015,32.2,0.013,32.2
7.5,0.018,32.2,0.018,32.2,0.017,32.2,0.017,32.2
8.0,0.020,32.2,0.020,32.2,0.021,32.2,0.019,32.2
8.5,0.020,32.2,0.021,32.2,0.020,32.2,0.020,32.2
9.0,0.023,32.2,0.023,32.2,0.024,32.2,0.022,32.2
9.5,0.025,32.2,0.025,32.3,0.026,32.2,0.023,32.2
10.0,0.028,32.2,0.029,32.2,0.028,32.2,0.026,32.2
10.5,0.034,32.2,0.034,32.2,0.032,32.2,0.034,32.2
11.0,0.035,32.2,0.035,32.2,0.036,32.2,0.036,32.2
11.5,0.037,32.1,0.036,32.2,0.036,32.2,0.036,32.1
12.0,0.036,32.2,0.037,32.1,0.036,32.2,0.036,32.2
12.5,0.035,32.1,0.036,32.1,0.036,32.1,0.036,32.1
13.0,0.037,32.1,0.038,32.1,0.038,32.1,0.038,32.1
13.5,0.038,32.1,0.038,32.1,0.038,32.1,0.041,32.1
14.0,0.039,32.1,0.040,32.1,0.040,32.1,0.039,32.1
14.5,0.040,32.1,0.040,32.1,0.040,32.1,0.040,32.1
15.0,0.038,32.1,0.039,32.1,0.038,32.1,0.039,32.1
15.5,0.036,32.1,0.037,32.1,0.038,32.1,0.037,32.0
16.0,0.032,32.1,0.032,32.1,0.033,32.1,0.031,32.1
16.5,0.033,32.1,0.034,32.1,0.034,32.1,0.034,32.1
17.0,0.034,32.1,0.033,32.1,0.034,32.1,0.033,32.1
17.5,0.033,32.1,0.034,32.1,0.034,32.1,0.033,32.1
18.0,0.034,32.1,0.033,32.1,0.034,32.1,0.034,32.1
18.5,0.034,32.1,0.035,32.1,0.034,32.1,0.033,32.1
19.0,0.037,32.1,0.036,32.1,0.038,32.1,0.037,32.1
19.5,0.038,32.1,0.038,32.1,0.038,32.1,0.039,32.1
20.0,0.041,32.1,0.040,32.1,0.041,32.1,0.041,32.1
20.5,0.041,32.1,0.042,32.1,0.042,32.1,0.041,32.1
21.0,0.041,32.1,0.040,32.0,0.040,32.1,0.041,32.1
21.5,0.040,32.1,0.041,32.1,0.042,32.1,0.040,32.1
22.0,0.040,32.1,0.039,32.1,0.039,32.1,0.039,32.1
22.5,0.042,32.1,0.042,32.1,0.038,32.1,0.042,32.1
23.0,0.043,32.1,0.043,32.1,0.038,32.1,0.043,32.1
23.5,0.043,32.1,0.043,32.1,0.043,32.1,0.041,32.1
24.0,0.040,32.1,0.041,32.1,0.042,32.1,0.042,32.1
24.5,0.038,32.1,0.038,32.1,0.041,32.1,0.038,32.0
25.0,0.036,32.1,0.038,32.1,0.036,32.1,0.036,32.1
25.5,0.032,32.1,0.031,32.1,0.031,32.1,0.033,32.0
26.0,0.032,32.1,0.032,32.1,0.031,32.1,0.033,32.1
26.5,0.032,32.1,0.033,32.1,0.033,32.1,0.032,32.1
27.0,0.033,32.1,0.034,32.1,0.032,32.1,0.034,32.1
27.5,0.034,32.1,0.034,32.1,0.032,32.1,0.034,32.1
28.0,0.034,32.1,0.035,32.1,0.034,32.1,0.034,32.2
28.5,0.038,32.1,0.038,32.1,0.037,32.1,0.038,32.1
29.0,0.039,32.1,0.039,32.1,0.040,32.1,0.039,32.1
29.5,0.040,32.1,0.039,32.1,0.040,32.1,0.039,32.1
30.0,0.040,32.1,0.042,32.1,0.040,32.1,0.041,32.1
30.5,0.040,32.1,0.040,32.1,0.042,32.1,0.041,32.1
31.0,0.041,32.1,0.041,32.1,0.042,32.1,0.039,32.1
31.5,0.040,32.1,0.040,32.1,0.039,32.1,0.039,32.1
32.0,0.041,32.1,0.042,32.1,0.039,32.1,0.041,32.1
32.5,0.042,32.1,0.043,32.1,0.041,32.1,0.043,32.1
33.0,0.041,32.1,0.040,32.1,0.040,32.1,0.041,32.1
33.5,0.040,32.1,0.041,32.1,0.041,32.1,0.042,32.1
34.0,0.039,32.1,0.038,32.1,0.040,32.1,0.042,32.1
34.5,0.039,32.1,0.038,32.1,0.039,32.1,0.038,32.1
35.0,0.035,32.1,0.034,32.1,0.038,32.1,0.035,32.2
35.5,0.033,32.1,0.033,32.1,0.037,32.1,0.033,32.1
36.0,0.035,32.1,0.035,32.1,0.035,32.1,0.035,32.2
36.5,0.035,32.1,0.035,32.2,0.034,32.1,0.037,32.1
37.0,0.039,32.1,0.038,32.2,0.038,32.2,0.039,32.1
37.5,0.040,32.1,0.039,32.1,0.040,32.2,0.039,32.1
38.0,0.040,32.2,0.039,32.2,0.041,32.2,0.041,32.2
38.5,0.040,32.2,0.039,32.2,0.042,32.2,0.039,32.2
39.0,0.038,32.2,0.038,32.2,0.040,32.2,0.038,32.2
39.5,0.038,32.1,0.039,32.1,0.039,32.1,0.039,32.1
40.0,0.036,32.2,0.037,32.1,0.038,32.2,0.036,32.1
40.5,0.035,32.2,0.035,32.2,0.036,32.2,0.039,32.2
41.0,0.031,32.2,0.032,32.2,0.031,32.2,0.032,32.2
41.5,0.027,32.2,0.028,32.2,0.028,32.1,0.028,32.2
42.0,0.024,32.2,0.023,32.2,0.026,32.2,0.023,32.2
42.5,0.022,32.2,0.022,32.2,0.023,32.3,0.022,32.2
43.0,0.022,32.2,0.023,32.2,0.024,32.3,0.021,32.2
43.5,0.024,32.3,0.025,32.3,0.025,32.2,0.021,32.3
44.0,0.025,32.3,0.025,32.3,0.026,32.2,0.025,32.3
44.5,0.026,32.3,0.025,32.3,0.028,32.2,0.027,32.3
45.0,0.026,32.3,0.026,32.3,0.026,32.3,0.030,32.3
45.5,0.028,32.3,0.027,32.3,0.027,32.3,0.028,32.3
46.0,0.027,32.3,0.027,32.3,0.026,32.3,0.028,32.3
46.5,0.027,32.3,0.027,32.3,0.026,32.3,0.029,32.3
47.0,0.028,32.3,0.028,32.3,0.027,32.3,0.031,32.3
47.5,0.029,32.3,0.029,32.3,0.028,32.3,0.030,32.3
48.0,0.031,32.3,0.031,32.3,0.031,32.3,0.032,32.3
48.5,0.031,32.3,0.030,32.3,0.033,32.3,0.032,32.3
49.0,0.032,32.3,0.032,32.3,0.033,32.4,0.032,32.4
49.5,0.030,32.3,0.031,32.3,0.031,32.4,0.032,32.3
50.0,0.028,32.3,0.029,32.3,0.029,32.3,0.032,32.3
50.5,0.026,32.3,0.026,32.3,0.026,32.3,0.026,32.3
51.0,0.024,32.3,0.024,32.3,0.024,32.3,0.025,32.3
51.5,0.022,32.4,0.022,32.3,0.023,32.3,0.024,32.3
52.0,0.018,32.4,0.019,32.4,0.019,32.4,0.021,32.3
52.5,0.016,32.4,0.016,32.4,0.016,32.4,0.017,32.4
53.0,0.016,32.4,0.015,32.4,0.016,32.4,0.016,32.4
53.5,0.016,32.4,0.016,32.4,0.016,32.4,0.016,32.4
54.0,0.016,32.4,0.017,32.4,0.016,32.5,0.017,32.4
54.5,0.014,32.4,0.014,32.5,0.014,32.4,0.014,32.5
55.0,0.017,32.5,0.016,32.4,0.017,32.5,0.014,32.5
55.5,0.016,32.5,0.016,32.5,0.018,32.5,0.018,32.5
56.0,0.015,32.5,0.015,32.5,0.016,32.5,0.015,32.5
56.5,0.013,32.5,0.013,32.5,0.014,32.5,0.015,32.5
57.0,0.012,32.5,0.014,32.5,0.015,32.5,0.014,32.5
57.5,0.013,32.5,0.013,32.5,0.013,32.5,0.012,32.5
58.0,0.013,32.6,0.013,32.6,0.013,32.6,0.013,32.6
58.5,0.013,32.6,0.013,32.5,0.014,32.6,0.014,32.6
59.0,0.012,32.6,0.012,32.6,0.013,32.6,0.013,32.6
59.5,0.012,32.6,0.012,32.6,0.012,32.6,0.012,32.6
60.0,0.012,32.6,0.012,32.6,0.013,32.6,0.013,32.6
60.5,0.011,32.6,0.011,32.6,0.010,32.7,0.011,32.6
61.0,0.008,32.6,0.009,32.6,0.008,32.6,0.009,32.6
61.5,0.005,32.7,0.005,32.6,0.008,32.7,0.007,32.6
62.0,0.003,32.7,0.003,32.7,0.007,32.7,0.004,32.7
62.5,0.006,32.7,0.005,32.7,0.006,32.7,0.005,32.6
63.0,0.006,32.7,0.006,32.7,0.006,32.7,0.005,32.7
63.5,0.006,32.7,0.006,32.7,0.006,32.7,0.007,32.7
64.0,0.006,32.7,0.006,32.7,0.008,32.7,0.006,32.7
64.5,0.007,32.7,0.007,32.7,0.006,32.7,0.005,32.7
65.0,0.008,32.7,0.009,32.7,0.007,32.7,0.007,32.7
65.5,0.006,32.8,0.007,32.7,0.007,32.7,0.008,32.8
66.0,0.006,32.8,0.007,32.8,0.006,32.8,0.008,32.8
66.5,0.004,32.8,0.004,32.8,0.006,32.8,0.006,32.7
67.0,0.004,32.8,0.005,32.8,0.004,32.8,0.006,32.8
67.5,0.002,32.8,0.001,32.8,0.002,32.8,0.003,32.8
68.0,-0.005,32.8,-0.005,32.8,-0.005,32.8,-0.003,32.8
68.5,-0.019,32.8,-0.018,32.8,-0.017,32.8,-0.019,32.8
69.0,-0.045,32.8,-0.044,32.8,-0.037,32.9,-0.042,32.8
69.5,-0.078,32.9,-0.080,32.8,-0.076,32.9,-0.062,32.8
70.0,-0.126,32.9,-0.121,32.9,-0.115,32.8,-0.123,32.9
70.5,-0.171,32.8,-0.169,32.8,-0.159,32.8,-0.157,32.8
71.0,-0.233,32.6,-0.232,32.6,-0.216,32.7,-0.221,32.6
71.5,-0.299,32.3,-0.297,32.3,-0.276,32.4,-0.294,32.3
72.0,-0.303,32.0,-0.305,32.0,-0.314,32.3,-0.303,32.0
72.5,-0.244,31.8,-0.245,31.8,-0.262,31.9,-0.259,31.9
73.0,-0.185,31.7,-0.189,31.7,-0.204,31.7,-0.192,31.7
73.5,-0.139,31.7,-0.140,31.7,-0.148,31.7,-0.159,31.7
74.0,-0.109,31.8,-0.110,31.8,-0.122,31.8,-0.117,31.8
74.5,-0.090,31.9,-0.090,31.9,-0.097,31.9,-0.093,31.9
75.0,-0.072,32.0,-0.071,31.9,-0.084,31.9,-0.077,32.0
75.5,-0.057,32.1,-0.058,32.0,-0.065,32.0,-0.058,32.0
76.0,-0.049,32.1,-0.050,32.1,-0.049,32.1,-0.049,32.1
76.5,-0.045,32.2,-0.046,32.2,-0.046,32.2,-0.046,32.2
77.0,-0.042,32.3,-0.044,32.3,-0.044,32.2,-0.044,32.3
77.5,-0.033,32.3,-0.034,32.4,-0.036,32.3,-0.041,32.3
78.0,-0.028,32.4,-0.029,32.4,-0.028,32.4,-0.027,32.4
78.5,-0.028,32.5,-0.029,32.5,-0.029,32.5,-0.027,32.5
79.0,-0.029,32.5,-0.030,32.5,-0.030,32.5,-0.028,32.5
79.5,-0.028,32.6,-0.028,32.6,-0.028,32.6,-0.029,32.6
80.0,-0.024,32.6,-0.024,32.6,-0.024,32.6,-0.025,32.6
80.5,-0.022,32.7,-0.022,32.7,-0.023,32.7,-0.022,32.7
81.0,-0.015,32.7,-0.016,32.7,-0.016,32.7,-0.016,32.7
81.5,-0.010,32.8,-0.011,32.7,-0.013,32.7,-0.011,32.8
82.0,-0.013,32.8,-0.013,32.8,-0.014,32.8,-0.014,32.8
82.5,-0.016,32.8,-0.016,32.8,-0.016,32.8,-0.015,32.8
83.0,-0.023,32.8,-0.022,32.9,-0.023,32.8,-0.021,32.8
83.5,-0.027,32.8,-0.028,32.9,-0.027,32.8,-0.026,32.9
84.0,-0.027,32.9,-0.026,32.9,-0.031,32.9,-0.029,32.9
84.5,-0.017,32.9,-0.016,32.9,-0.017,32.9,-0.019,32.9
85.0,-0.006,32.9,-0.007,32.9,-0.006,32.9,-0.014,33.0
85.5,0.000,33.0,-0.001,33.0,-0.002,33.0,0.000,33.0
86.0,0.005,33.0,0.006,33.0,0.003,33.0,0.005,32.9
86.5,0.010,33.0,0.010,33.0,0.007,33.0,0.011,33.0
87.0,0.014,33.0,0.015,33.0,0.014,33.0,0.014,33.0
87.5,0.019,33.0,0.019,33.0,0.020,33.0,0.017,33.0
88.0,0.020,33.0,0.021,33.0,0.021,33.0,0.021,33.0
88.5,0.022,33.0,0.022,33.0,0.022,33.0,0.022,33.0
89.0,0.023,33.0,0.023,33.0,0.024,33.0,0.023,33.0
89.5,0.024,32.9,0.024,32.9,0.024,32.9,0.022,32.9
90.0,0.025,32.9,0.026,32.9,0.025,32.9,0.023,32.9
90.5,0.027,32.9,0.026,32.9,0.026,32.9,0.027,32.9
91.0,0.030,32.9,0.030,32.9,0.029,32.9,0.031,32.9
91.5,0.035,32.9,0.034,32.8,0.035,32.9,0.035,32.9
92.0,0.036,32.8,0.035,32.8,0.036,32.9,0.034,32.8
92.5,0.036,32.8,0.037,32.8,0.038,32.8,0.036,32.8
93.0,0.033,32.8,0.032,32.8,0.034,32.8,0.032,32.8
93.5,0.028,32.8,0.029,32.8,0.029,32.7,0.029,32.8
94.0,0.028,32.8,0.028,32.8,0.029,32.8,0.028,32.8
94.5,0.029,32.8,0.029,32.8,0.030,32.8,0.028,32.7
95.0,0.028,32.8,0.029,32.8,0.028,32.7,0.028,32.7
95.5,0.027,32.8,0.028,32.8,0.026,32.7,0.027,32.7
96.0,0.031,32.7,0.031,32.7,0.030,32.7,0.030,32.7
96.5,0.033,32.7,0.032,32.7,0.032,32.7,0.034,32.7
97.0,0.035,32.7,0.035,32.7,0.035,32.8,0.035,32.7
97.5,0.037,32.7,0.037,32.7,0.039,32.7,0.038,32.7
98.0,0.036,32.7,0.035,32.7,0.039,32.7,0.037,32.7
98.5,0.036,32.7,0.036,32.7,0.037,32.7,0.037,32.7
99.0,0.035,32.7,0.035,32.7,0.036,32.7,0.035,32.7
99.5,0.034,32.6,0.034,32.7,0.036,32.7,0.034,32.7
100.0,0.034,32.6,0.033,32.6,0.035,32.7,0.036,32.6
100.5,0.034,32.6,0.034,32.6,0.036,32.6,0.035,32.7
101.0,0.036,32.6,0.037,32.6,0.037,32.6,0.037,32.6
101.5,0.036,32.6,0.037,32.6,0.039,32.6,0.036,32.6
102.0,0.036,32.6,0.038,32.6,0.037,32.6,0.040,32.6
102.5,0.033,32.6,0.034,32.6,0.033,32.6,0.036,32.6
103.0,0.029,32.6,0.030,32.6,0.028,32.6,0.028,32.6
103.5,0.030,32.6,0.030,32.6,0.028,32.5,0.030,32.6
104.0,0.031,32.6,0.032,32.6,0.030,32.6,0.031,32.6
104.5,0.033,32.6,0.033,32.6,0.033,32.6,0.034,32.6
105.0,0.033,32.6,0.034,32.6,0.037,32.6,0.034,32.6
105.5,0.035,32.6,0.035,32.6,0.036,32.6,0.035,32.6
106.0,0.039,32.6,0.039,32.6,0.038,32.6,0.039,32.6
106.5,0.039,32.6,0.039,32.6,0.039,32.6,0.039,32.6
107.0,0.040,32.6,0.040,32.6,0.041,32.6,0.042,32.6
107.5,0.039,32.5,0.038,32.6,0.039,32.5,0.042,32.6
108.0,0.038,32.5,0.039,32.5,0.040,32.5,0.038,32.6
108.5,0.036,32.5,0.036,32.5,0.040,32.5,0.036,32.5
109.0,0.036,32.5,0.035,32.5,0.037,32.5,0.036,32.5
109.5,0.037,32.5,0.038,32.5,0.037,32.5,0.036,32.5
110.0,0.037,32.5,0.037,32.5,0.036,32.5,0.041,32.5
110.5,0.037,32.5,0.038,32.5,0.037,32.5,0.037,32.5
111.0,0.035,32.5,0.035,32.5,0.035,32.5,0.034,32.5
111.5,0.032,32.5,0.033,32.5,0.031,32.5,0.032,32.5
112.0,0.027,32.5,0.027,32.5,0.027,32.5,0.028,32.5
112.5,0.024,32.5,0.023,32.5,0.022,32.5,0.026,32.5
113.0,0.027,32.6,0.027,32.6,0.026,32.5,0.027,32.5
113.5,0.030,32.6,0.031,32.6,0.032,32.6,0.030,32.6
114.0,0.036,32.6,0.036,32.6,0.034,32.6,0.036,32.6
114.5,0.036,32.6,0.037,32.6,0.035,32.6,0.036,32.6
115.0,0.037,32.6,0.039,32.6,0.035,32.6,0.036,32.6
115.5,0.040,32.5,0.040,32.6,0.040,32.6,0.039,32.5
116.0,0.040,32.5,0.039,32.5,0.039,32.6,0.039,32.6
116.5,0.042,32.5,0.041,32.5,0.039,32.5,0.041,32.5
117.0,0.042,32.5,0.043,32.5,0.041,32.5,0.041,32.5
117.5,0.042,32.5,0.042,32.5,0.042,32.5,0.040,32.5
118.0,0.042,32.5,0.043,32.5,0.042,32.5,0.040,32.5
118.5,0.039,32.5,0.041,32.5,0.040,32.4,0.040,32.5
119.0,0.040,32.5,0.039,32.5,0.040,32.4,0.041,32.5
119.5,0.035,32.5,0.035,32.5,0.036,32.4,0.036,32.5
120.0,0.034,32.5,0.032,32.5,0.034,32.4,0.033,32.5
120.5,0.034,32.5,0.033,32.5,0.033,32.5,0.035,32.5
121.0,0.032,32.5,0.034,32.5,0.033,32.5,0.034,32.5
121.5,0.032,32.5,0.031,32.5,0.033,32.5,0.034,32.5
122.0,0.028,32.5,0.029,32.5,0.030,32.5,0.028,32.5
122.5,0.029,32.5,0.029,32.5,0.030,32.5,0.028,32.5
123.0,0.026,32.5,0.026,32.5,0.027,32.5,0.028,32.5
123.5,0.025,32.5,0.025,32.5,0.026,32.5,0.026,32.5
124.0,0.026,32.5,0.026,32.5,0.026,32.5,0.026,32.5
124.5,0.025,32.6,0.026,32.6,0.026,32.5,0.026,32.6
125.0,0.025,32.5,0.026,32.5,0.026,32.5,0.026,32.6
125.5,0.025,32.6,0.025,32.6,0.023,32.5,0.024,32.6
126.0,0.025,32.6,0.025,32.6,0.024,32.5,0.023,32.5
126.5,0.024,32.6,0.025,32.6,0.025,32.6,0.024,32.6
127.0,0.023,32.6,0.024,32.6,0.024,32.5,0.023,32.6
127.5,0.022,32.6,0.024,32.6,0.021,32.5,0.023,32.6
128.0,0.021,32.6,0.021,32.6,0.022,32.6,0.021,32.6
128.5,0.018,32.6,0.018,32.6,0.021,32.6,0.018,32.6
129.0,0.016,32.6,0.017,32.6,0.016,32.6,0.016,32.6
129.5,0.014,32.6,0.014,32.6,0.014,32.6,0.014,32.6
130.0,0.015,32.7,0.015,32.7,0.013,32.7,0.015,32.6
130.5,0.016,32.7,0.016,32.7,0.013,32.7,0.016,32.7
131.0,0.016,32.7,0.016,32.7,0.016,32.6,0.016,32.7
131.5,0.015,32.7,0.016,32.7,0.015,32.7,0.014,32.7
132.0,0.015,32.7,0.015,32.8,0.015,32.7,0.015,32.7
132.5,0.015,32.7,0.015,32.7,0.014,32.7,0.016,32.8
133.0,0.016,32.8,0.017,32.8,0.015,32.7,0.016,32.8
133.5,0.016,32.7,0.016,32.8,0.016,32.7,0.018,32.8
134.0,0.014,32.7,0.013,32.7,0.016,32.7,0.014,32.7
134.5,0.016,32.8,0.016,32.7,0.015,32.7,0.015,32.8
135.0,0.016,32.8,0.016,32.8,0.018,32.8,0.016,32.8
135.5,0.016,32.8,0.016,32.8,0.018,32.8,0.017,32.8
136.0,0.016,32.8,0.016,32.8,0.018,32.7,0.015,32.8
136.5,0.014,32.8,0.015,32.8,0.018,32.7,0.014,32.8
137.0,0.014,32.8,0.015,32.8,0.017,32.8,0.016,32.8
137.5,0.014,32.8,0.014,32.8,0.016,32.8,0.015,32.8
138.0,0.012,32.8,0.015,32.8,0.014,32.8,0.014,32.9
138.5,0.010,32.8,0.010,32.8,0.010,32.8,0.011,32.8
139.0,0.008,32.8,0.008,32.9,0.007,32.8,0.010,32.8
139.5,0.009,32.9,0.009,32.8,0.008,32.9,0.010,32.8
140.0,0.008,32.8,0.008,32.8,0.007,32.9,0.009,32.8
140.5,0.008,32.9,0.007,32.9,0.008,32.8,0.008,32.8
141.0,0.009,32.9,0.008,32.9,0.010,32.9,0.009,32.9
141.5,0.009,32.9,0.009,32.9,0.011,32.9,0.010,32.9
142.0,0.009,32.9,0.009,32.9,0.011,32.9,0.010,32.9
142.5,0.011,32.9,0.011,32.9,0.012,32.9,0.011,32.9
143.0,0.012,32.9,0.012,32.9,0.012,32.9,0.013,32.9
143.5,0.012,32.9,0.012,32.9,0.012,32.9,0.012,32.9
144.0,0.012,32.9,0.013,32.9,0.012,32.9,0.012,32.9
144.5,0.012,32.9,0.012,32.9,0.012,32.9,0.013,32.9
145.0,0.010,32.9,0.011,32.9,0.010,32.9,0.012,32.9
145.5,0.008,32.9,0.008,32.9,0.008,32.9,0.009,32.9
146.0,0.005,33.0,0.004,32.9,0.006,33.0,0.006,33.0
146.5,0.003,33.0,0.003,32.9,0.003,32.9,0.005,32.9
147.0,-0.002,33.0,-0.003,32.9,-0.002,33.0,-0.001,32.9
147.5,-0.014,33.0,-0.015,33.0,-0.014,33.0,-0.004,32.9
148.0,-0.034,33.0,-0.034,33.0,-0.025,33.1,-0.030,33.0
148.5,-0.062,33.0,-0.062,33.0,-0.057,33.0,-0.055,33.0
149.0,-0.092,33.0,-0.091,33.0,-0.082,33.0,-0.082,33.0
149.5,-0.118,33.0,-0.113,33.0,-0.116,33.1,-0.117,33.0
150.0,-0.125,32.9,-0.126,32.9,-0.125,33.0,-0.125,33.0
150.5,-0.112,32.9,-0.113,32.9,-0.114,32.9,-0.114,32.9
151.0,-0.095,32.8,-0.095,32.8,-0.099,32.9,-0.102,32.8
151.5,-0.082,32.8,-0.083,32.8,-0.084,32.8,-0.084,32.9
152.0,-0.065,32.8,-0.066,32.8,-0.070,32.8,-0.066,32.9
152.5,-0.053,32.8,-0.052,32.8,-0.054,32.8,-0.054,32.8
153.0,-0.044,32.9,-0.045,32.9,-0.045,32.9,-0.045,32.8
153.5,-0.037,32.9,-0.037,32.9,-0.039,32.9,-0.037,32.9
154.0,-0.028,33.0,-0.027,33.0,-0.031,32.9,-0.028,32.9
154.5,-0.028,33.0,-0.028,33.0,-0.029,33.0,-0.028,33.0
155.0,-0.032,33.1,-0.032,33.0,-0.030,33.0,-0.032,33.1
155.5,-0.036,33.1,-0.036,33.1,-0.034,33.1,-0.035,33.1
156.0,-0.034,33.1,-0.034,33.1,-0.034,33.1,-0.035,33.1
156.5,-0.028,33.1,-0.029,33.1,-0.028,33.1,-0.028,33.1
157.0,-0.030,33.2,-0.028,33.2,-0.030,33.1,-0.027,33.2
157.5,-0.035,33.1,-0.033,33.2,-0.036,33.1,-0.032,33.2
158.0,-0.036,33.2,-0.037,33.2,-0.035,33.1,-0.036,33.2
158.5,-0.031,33.2,-0.031,33.2,-0.031,33.2,-0.031,33.2
159.0,-0.021,33.2,-0.020,33.2,-0.022,33.2,-0.022,33.2
159.5,-0.012,33.2,-0.012,33.2,-0.012,33.2,-0.014,33.2
160.0,-0.014,33.3,-0.013,33.3,-0.015,33.3,-0.013,33.2
160.5,-0.020,33.3,-0.020,33.3,-0.018,33.3,-0.018,33.3
161.0,-0.027,33.3,-0.028,33.3,-0.026,33.3,-0.028,33.2
161.5,-0.034,33.3,-0.035,33.3,-0.034,33.3,-0.034,33.3
162.0,-0.031,33.3,-0.031,33.3,-0.032,33.3,-0.033,33.2
162.5,-0.022,33.3,-0.023,33.3,-0.019,33.3,-0.024,33.3
163.0,-0.017,33.3,-0.017,33.3,-0.016,33.4,-0.017,33.3
163.5,-0.009,33.3,-0.010,33.3,-0.011,33.3,-0.010,33.3
164.0,-0.003,33.3,-0.003,33.3,-0.005,33.3,-0.004,33.3
164.5,0.005,33.4,0.003,33.3,0.004,33.4,0.004,33.4
165.0,0.013,33.4,0.014,33.4,0.013,33.3,0.008,33.4
165.5,0.018,33.4,0.018,33.4,0.018,33.3,0.019,33.4
166.0,0.021,33.3,0.021,33.4,0.020,33.3,0.022,33.3
166.5,0.022,33.3,0.022,33.3,0.021,33.4,0.023,33.3
167.0,0.023,33.3,0.024,33.3,0.024,33.3,0.022,33.3
167.5,0.022,33.3,0.022,33.3,0.024,33.2,0.023,33.3
168.0,0.021,33.3,0.020,33.3,0.021,33.3,0.018,33.3
168.5,0.025,33.2,0.024,33.2,0.023,33.2,0.023,33.2
169.0,0.029,33.2,0.030,33.2,0.027,33.2,0.028,33.2
169.5,0.032,33.2,0.033,33.2,0.032,33.2,0.031,33.2
170.0,0.032,33.2,0.032,33.2,0.030,33.2,0.032,33.2
170.5,0.030,33.1,0.030,33.1,0.030,33.1,0.030,33.1
171.0,0.028,33.1,0.029,33.0,0.028,33.1,0.028,33.1
171.5,0.028,33.1,0.029,33.1,0.028,33.1,0.030,33.0
172.0,0.028,33.1,0.027,33.1,0.027,33.1,0.027,33.0
172.5,0.028,33.0,0.027,33.0,0.027,33.0,0.027,33.0
173.0,0.030,33.0,0.032,33.0,0.030,33.0,0.032,33.0
173.5,0.034,33.0,0.034,33.0,0.034,33.0,0.036,33.0
174.0,0.034,33.0,0.034,33.0,0.034,33.0,0.038,33.0
174.5,0.035,33.0,0.036,32.9,0.035,33.0,0.036,33.0
175.0,0.035,32.9,0.036,32.9,0.039,33.0,0.035,32.9
175.5,0.038,32.9,0.039,32.9,0.038,32.9,0.040,32.9
176.0,0.038,32.9,0.038,32.9,0.040,32.9,0.040,32.9
176.5,0.037,32.9,0.038,32.9,0.036,32.9,0.038,32.9
177.0,0.036,32.8,0.036,32.8,0.036,32.9,0.035,32.8
177.5,0.033,32.8,0.033,32.8,0.034,32.8,0.033,32.8
178.0,0.034,32.8,0.033,32.8,0.037,32.8,0.034,32.8
178.5,0.035,32.8,0.034,32.8,0.034,32.8,0.034,32.8
179.0,0.036,32.8,0.037,32.8,0.035,32.8,0.035,32.8
179.5,0.036,32.8,0.037,32.8,0.036,32.8,0.036,32.8
180.0,0.032,32.8,0.034,32.8,0.034,32.8,0.033,32.8
180.5,0.030,32.8,0.029,32.8,0.031,32.8,0.033,32.8
181.0,0.029,32.8,0.030,32.8,0.030,32.7,0.033,32.8
181.5,0.027,32.8,0.027,32.8,0.030,32.8,0.028,32.8
182.0,0.024,32.8,0.024,32.8,0.027,32.8,0.023,32.8
182.5,0.022,32.8,0.022,32.8,0.022,32.8,0.021,32.8
183.0,0.025,32.8,0.024,32.8,0.022,32.8,0.024,32.8
183.5,0.028,32.8,0.027,32.8,0.028,32.8,0.029,32.8
184.0,0.032,32.8,0.033,32.8,0.030,32.8,0.034,32.8
184.5,0.035,32.8,0.034,32.8,0.034,32.7,0.033,32.8
185.0,0.037,32.8,0.037,32.8,0.036,32.7,0.037,32.8
185.5,0.038,32.8,0.039,32.8,0.039,32.8,0.039,32.7
186.0,0.038,32.7,0.039,32.7,0.036,32.8,0.039,32.7
186.5,0.038,32.7,0.038,32.7,0.036,32.7,0.037,32.7
187.0,0.035,32.7,0.037,32.7,0.036,32.8,0.036,32.7
187.5,0.037,32.7,0.039,32.7,0.037,32.7,0.039,32.7
188.0,0.038,32.7,0.039,32.7,0.039,32.7,0.039,32.7
188.5,0.038,32.7,0.038,32.7,0.039,32.7,0.038,32.7
189.0,0.038,32.7,0.038,32.7,0.037,32.6,0.039,32.7
189.5,0.036,32.7,0.036,32.7,0.035,32.7,0.035,32.7
190.0,0.033,32.7,0.033,32.7,0.033,32.6,0.035,32.7
190.5,0.032,32.6,0.031,32.6,0.032,32.6,0.035,32.7
191.0,0.030,32.7,0.030,32.7,0.030,32.6,0.030,32.6
191.5,0.029,32.7,0.029,32.7,0.028,32.6,0.031,32.7
192.0,0.029,32.6,0.029,32.7,0.029,32.7,0.031,32.6
192.5,0.032,32.7,0.033,32.7,0.031,32.7,0.033,32.7
193.0,0.034,32.7,0.034,32.7,0.034,32.7,0.034,32.7
193.5,0.036,32.6,0.036,32.7,0.036,32.7,0.038,32.6
194.0,0.038,32.6,0.038,32.7,0.039,32.6,0.039,32.6
194.5,0.038,32.6,0.038,32.6,0.039,32.6,0.037,32.6
195.0,0.038,32.6,0.039,32.6,0.039,32.6,0.039,32.6
195.5,0.037,32.6,0.038,32.6,0.038,32.6,0.040,32.6
196.0,0.037,32.6,0.037,32.6,0.037,32.6,0.037,32.6
196.5,0.035,32.6,0.034,32.6,0.036,32.6,0.037,32.6
197.0,0.033,32.6,0.032,32.6,0.032,32.6,0.035,32.6
197.5,0.031,32.6,0.031,32.6,0.032,32.6,0.032,32.6
198.0,0.030,32.6,0.029,32.6,0.030,32.6,0.031,32.6
198.5,0.031,32.6,0.031,32.6,0.031,32.6,0.031,32.6
199.0,0.032,32.6,0.035,32.6,0.032,32.6,0.035,32.6
199.5,0.032,32.6,0.032,32.6,0.034,32.6,0.032,32.6
200.0,0.033,32.6,0.033,32.6,0.033,32.6,0.034,32.6
200.5,0.034,32.6,0.034,32.6,0.034,32.6,0.036,32.6
201.0,0.033,32.6,0.033,32.6,0.034,32.6,0.033,32.6
201.5,0.029,32.6,0.030,32.6,0.032,32.6,0.033,32.6
202.0,0.031,32.6,0.033,32.6,0.031,32.6,0.032,32.6
202.5,0.031,32.6,0.032,32.6,0.030,32.6,0.031,32.6
203.0,0.030,32.6,0.031,32.6,0.031,32.6,0.030,32.6
203.5,0.031,32.6,0.029,32.6,0.030,32.6,0.032,32.6
204.0,0.030,32.6,0.029,32.6,0.031,32.6,0.031,32.6
204.5,0.029,32.6,0.030,32.6,0.029,32.6,0.029,32.6
205.0,0.026,32.6,0.027,32.6,0.028,32.6,0.027,32.6
205.5,0.023,32.6,0.023,32.6,0.023,32.6,0.024,32.6
206.0,0.021,32.6,0.021,32.6,0.022,32.6,0.020,32.6
206.5,0.019,32.6,0.019,32.6,0.019,32.6,0.017,32.6
207.0,0.019,32.7,0.020,32.7,0.020,32.7,0.018,32.7
207.5,0.018,32.7,0.018,32.7,0.016,32.7,0.017,32.7
208.0,0.018,32.7,0.019,32.7,0.019,32.7,0.018,32.7
208.5,0.018,32.7,0.018,32.7,0.018,32.8,0.017,32.7
209.0,0.018,32.7,0.017,32.7,0.016,32.8,0.017,32.7
209.5,0.018,32.7,0.017,32.7,0.016,32.7,0.018,32.7
210.0,0.018,32.7,0.017,32.7,0.018,32.7,0.018,32.7
210.5,0.018,32.7,0.019,32.8,0.019,32.7,0.018,32.7
211.0,0.018,32.8,0.018,32.8,0.018,32.7,0.018,32.8
211.5,0.017,32.8,0.018,32.8,0.018,32.8,0.016,32.8
212.0,0.019,32.8,0.019,32.8,0.020,32.8,0.019,32.8
212.5,0.019,32.7,0.017,32.8,0.021,32.8,0.020,32.8
213.0,0.020,32.8,0.019,32.8,0.020,32.7,0.020,32.8
213.5,0.020,32.8,0.019,32.8,0.020,32.8,0.020,32.8
214.0,0.020,32.8,0.019,32.7,0.020,32.8,0.020,32.7
214.5,0.019,32.8,0.020,32.8,0.018,32.8,0.020,32.7
215.0,0.018,32.8,0.017,32.8,0.018,32.8,0.017,32.7
215.5,0.016,32.8,0.017,32.8,0.018,32.8,0.016,32.8
216.0,0.013,32.8,0.014,32.8,0.013,32.8,0.014,32.8
216.5,0.011,32.8,0.011,32.8,0.010,32.8,0.011,32.8
217.0,0.009,32.8,0.008,32.8,0.008,32.8,0.009,32.8
217.5,0.010,32.8,0.009,32.8,0.008,32.9,0.010,32.8
218.0,0.010,32.8,0.011,32.8,0.009,32.8,0.011,32.8
218.5,0.010,32.9,0.011,32.9,0.009,32.9,0.011,32.9
219.0,0.010,32.9,0.011,32.9,0.008,32.9,0.011,32.8
219.5,0.009,32.9,0.009,32.9,0.008,32.9,0.010,32.9
220.0,0.011,32.9,0.009,32.9,0.011,32.9,0.013,32.9
220.5,0.013,32.9,0.013,32.9,0.013,32.9,0.012,32.9
221.0,0.012,32.9,0.012,32.9,0.012,32.9,0.013,32.9
221.5,0.011,32.9,0.012,32.9,0.011,32.9,0.010,32.9
222.0,0.010,32.9,0.010,32.9,0.012,32.9,0.009,32.9
222.5,0.010,32.9,0.011,32.9,0.012,32.9,0.010,32.9
223.0,0.009,32.9,0.009,32.9,0.010,32.9,0.009,32.9
223.5,0.007,32.9,0.007,32.9,0.009,32.9,0.006,32.9
224.0,0.006,33.0,0.006,32.9,0.007,32.9,0.005,33.0
224.5,0.005,33.0,0.005,32.9,0.004,32.9,0.005,33.0
225.0,0.004,32.9,0.004,32.9,0.004,32.9,0.005,32.9
225.5,-0.000,33.0,0.000,33.0,0.002,32.9,0.001,33.0
226.0,-0.007,33.0,-0.006,33.0,-0.006,32.9,-0.006,33.0
226.5,-0.022,33.0,-0.021,33.0,-0.020,33.0,-0.021,33.0
227.0,-0.041,33.0,-0.041,33.0,-0.032,33.0,-0.042,33.0
227.5,-0.067,33.0,-0.067,33.0,-0.063,33.0,-0.065,33.0
228.0,-0.095,33.1,-0.093,33.1,-0.088,33.0,-0.092,33.0
228.5,-0.116,33.0,-0.116,33.1,-0.115,33.1,-0.107,33.1
229.0,-0.123,33.0,-0.122,33.0,-0.122,33.0,-0.121,33.0
229.5,-0.112,32.9,-0.111,32.9,-0.113,32.9,-0.114,32.9
230.0,-0.090,32.9,-0.090,32.9,-0.092,32.8,-0.093,32.9
230.5,-0.070,32.8,-0.071,32.9,-0.076,32.8,-0.075,32.9
231.0,-0.054,32.9,-0.053,32.9,-0.056,32.9,-0.056,32.9
231.5,-0.041,32.9,-0.040,32.9,-0.045,32.9,-0.043,32.9
232.0,-0.029,33.0,-0.029,33.0,-0.030,33.0,-0.031,32.9
232.5,-0.025,33.0,-0.025,33.0,-0.024,33.0,-0.024,33.0
233.0,-0.023,33.0,-0.025,33.0,-0.024,33.0,-0.024,33.0
233.5,-0.022,33.1,-0.021,33.1,-0.022,33.0,-0.023,33.0
234.0,-0.020,33.1,-0.020,33.1,-0.021,33.1,-0.023,33.0
234.5,-0.025,33.1,-0.025,33.1,-0.025,33.2,-0.022,33.1
235.0,-0.029,33.1,-0.029,33.1,-0.029,33.1,-0.028,33.2
235.5,-0.031,33.2,-0.030,33.2,-0.031,33.2,-0.029,33.2
236.0,-0.036,33.2,-0.034,33.2,-0.033,33.2,-0.035,33.2
236.5,-0.031,33.2,-0.032,33.2,-0.033,33.2,-0.033,33.2
237.0,-0.021,33.2,-0.022,33.2,-0.024,33.3,-0.021,33.2
237.5,-0.018,33.3,-0.018,33.3,-0.021,33.3,-0.018,33.2
238.0,-0.022,33.3,-0.022,33.3,-0.022,33.3,-0.021,33.3
238.5,-0.031,33.3,-0.031,33.3,-0.031,33.3,-0.029,33.3
239.0,-0.039,33.3,-0.039,33.3,-0.039,33.3,-0.038,33.3
239.5,-0.043,33.3,-0.044,33.3,-0.043,33.3,-0.042,33.3
240.0,-0.041,33.3,-0.040,33.3,-0.041,33.3,-0.039,33.3
240.5,-0.040,33.3,-0.040,33.3,-0.039,33.3,-0.038,33.3
241.0,-0.035,33.3,-0.036,33.3,-0.035,33.3,-0.035,33.3
241.5,-0.034,33.3,-0.035,33.3,-0.035,33.3,-0.034,33.3
242.0,-0.032,33.3,-0.032,33.3,-0.034,33.3,-0.033,33.4
242.5,-0.025,33.3,-0.026,33.3,-0.027,33.3,-0.028,33.4
243.0,-0.019,33.3,-0.019,33.3,-0.018,33.4,-0.020,33.3
243.5,-0.013,33.3,-0.013,33.3,-0.014,33.3,-0.013,33.3
244.0,-0.006,33.4,-0.005,33.4,-0.008,33.3,-0.005,33.4
244.5,0.001,33.4,-0.000,33.4,0.001,33.4,-0.001,33.4
245.0,0.005,33.4,0.006,33.4,0.004,33.4,0.004,33.4
245.5,0.009,33.4,0.009,33.4,0.008,33.4,0.010,33.4
246.0,0.013,33.4,0.012,33.4,0.008,33.4,0.015,33.4
246.5,0.020,33.4,0.019,33.4,0.020,33.4,0.020,33.4
247.0,0.026,33.4,0.025,33.3,0.025,33.4,0.025,33.4
247.5,0.025,33.3,0.025,33.3,0.024,33.3,0.028,33.3
248.0,0.024,33.3,0.024,33.3,0.024,33.3,0.024,33.3
248.5,0.020,33.3,0.022,33.3,0.021,33.3,0.021,33.3
249.0,0.019,33.3,0.021,33.3,0.018,33.3,0.023,33.3
249.5,0.020,33.2,0.022,33.3,0.020,33.3,0.021,33.3
250.0,0.022,33.2,0.024,33.2,0.021,33.2,0.023,33.2
250.5,0.026,33.2,0.027,33.2,0.026,33.2,0.022,33.2
251.0,0.030,33.2,0.031,33.2,0.028,33.2,0.028,33.2
251.5,0.034,33.1,0.035,33.1,0.032,33.1,0.033,33.1
252.0,0.036,33.1,0.036,33.1,0.037,33.1,0.036,33.1
252.5,0.037,33.1,0.036,33.1,0.039,33.1,0.038,33.1
253.0,0.039,33.0,0.038,33.0,0.039,33.0,0.036,33.0
253.5,0.038,33.0,0.037,33.0,0.039,33.0,0.038,33.0
254.0,0.038,33.0,0.038,33.0,0.038,33.0,0.041,33.0
254.5,0.036,33.0,0.037,33.0,0.036,33.0,0.037,33.0
255.0,0.035,32.9,0.034,32.9,0.035,32.9,0.034,32.9
255.5,0.034,32.9,0.036,32.9,0.034,32.9,0.035,33.0
256.0,0.036,32.9,0.038,32.9,0.036,32.9,0.036,32.9
256.5,0.040,32.9,0.040,32.9,0.039,32.9,0.037,32.9
257.0,0.039,32.9,0.040,32.9,0.039,32.8,0.038,32.9
257.5,0.037,32.8,0.038,32.9,0.037,32.8,0.039,32.9
258.0,0.033,32.8,0.033,32.8,0.035,32.8,0.034,32.8
258.5,0.032,32.8,0.030,32.8,0.030,32.8,0.030,32.8
259.0,0.031,32.8,0.030,32.8,0.031,32.8,0.031,32.8
259.5,0.028,32.8,0.028,32.8,0.028,32.8,0.029,32.8
260.0,0.025,32.8,0.026,32.8,0.028,32.8,0.026,32.8
260.5,0.026,32.8,0.027,32.8,0.025,32.8,0.027,32.8
261.0,0.030,32.8,0.029,32.8,0.030,32.8,0.030,32.8
261.5,0.032,32.8,0.031,32.8,0.033,32.8,0.032,32.8
262.0,0.034,32.8,0.033,32.8,0.033,32.8,0.034,32.8
262.5,0.036,32.8,0.036,32.8,0.035,32.8,0.038,32.8
263.0,0.035,32.8,0.036,32.8,0.035,32.8,0.038,32.8
263.5,0.036,32.8,0.038,32.8,0.035,32.8,0.036,32.8
264.0,0.034,32.7,0.035,32.8,0.034,32.7,0.034,32.8
264.5,0.033,32.7,0.033,32.8,0.033,32.8,0.033,32.8
265.0,0.032,32.7,0.032,32.8,0.032,32.8,0.034,32.7
265.5,0.032,32.7,0.032,32.7,0.032,32.7,0.032,32.7
266.0,0.034,32.7,0.035,32.7,0.033,32.7,0.035,32.7
266.5,0.035,32.7,0.034,32.7,0.035,32.7,0.034,32.7
267.0,0.034,32.7,0.034,32.7,0.035,32.7,0.034,32.7
267.5,0.032,32.7,0.032,32.7,0.033,32.7,0.033,32.7
268.0,0.030,32.7,0.029,32.7,0.029,32.7,0.030,32.7
268.5,0.030,32.7,0.029,32.7,0.029,32.7,0.031,32.7
269.0,0.027,32.7,0.027,32.7,0.026,32.7,0.028,32.7
269.5,0.026,32.7,0.027,32.7,0.027,32.7,0.025,32.7
270.0,0.026,32.7,0.028,32.7,0.027,32.8,0.026,32.7
270.5,0.029,32.7,0.029,32.7,0.027,32.8,0.029,32.7
271.0,0.033,32.7,0.034,32.7,0.035,32.7,0.033,32.7
271.5,0.034,32.7,0.035,32.7,0.036,32.7,0.035,32.7
272.0,0.036,32.7,0.036,32.7,0.037,32.7,0.036,32.7
272.5,0.036,32.7,0.036,32.7,0.036,32.7,0.037,32.7
273.0,0.036,32.7,0.036,32.7,0.034,32.7,0.038,32.7
273.5,0.035,32.7,0.033,32.7,0.035,32.6,0.036,32.7
274.0,0.033,32.6,0.033,32.6,0.034,32.6,0.033,32.6
274.5,0.034,32.7,0.033,32.6,0.034,32.7,0.034,32.7
275.0,0.030,32.6,0.030,32.6,0.034,32.6,0.032,32.6
275.5,0.029,32.7,0.029,32.7,0.030,32.7,0.030,32.6
276.0,0.030,32.6,0.030,32.7,0.032,32.6,0.030,32.6
276.5,0.030,32.7,0.032,32.7,0.033,32.7,0.032,32.7
277.0,0.030,32.6,0.031,32.6,0.034,32.7,0.030,32.6
277.5,0.029,32.6,0.029,32.6,0.029,32.6,0.029,32.6
278.0,0.028,32.7,0.030,32.6,0.030,32.6,0.031,32.7
278.5,0.027,32.7,0.027,32.7,0.030,32.7,0.028,32.7
279.0,0.026,32.7,0.028,32.7,0.028,32.7,0.027,32.7
279.5,0.028,32.7,0.028,32.7,0.027,32.6,0.028,32.7
280.0,0.029,32.7,0.030,32.7,0.029,32.6,0.028,32.7
280.5,0.030,32.6,0.031,32.7,0.031,32.6,0.029,32.6
281.0,0.031,32.6,0.030,32.6,0.031,32.7,0.029,32.6
281.5,0.032,32.6,0.030,32.6,0.032,32.7,0.031,32.6
282.0,0.032,32.7,0.030,32.6,0.032,32.7,0.032,32.6
282.5,0.031,32.6,0.030,32.7,0.030,32.6,0.031,32.7
283.0,0.031,32.6,0.032,32.6,0.031,32.6,0.032,32.6
283.5,0.028,32.7,0.028,32.6,0.029,32.7,0.029,32.6
284.0,0.025,32.6,0.025,32.6,0.025,32.6,0.027,32.6
284.5,0.022,32.6,0.021,32.6,0.021,32.6,0.023,32.6
285.0,0.020,32.7,0.020,32.7,0.020,32.7,0.020,32.7
285.5,0.020,32.7,0.020,32.7,0.020,32.7,0.019,32.7
286.0,0.021,32.7,0.021,32.7,0.021,32.7,0.019,32.7
286.5,0.022,32.7,0.022,32.7,0.022,32.7,0.022,32.7
287.0,0.021,32.7,0.022,32.7,0.022,32.7,0.023,32.7
287.5,0.021,32.7,0.023,32.7,0.022,32.7,0.021,32.7
288.0,0.023,32.7,0.023,32.7,0.022,32.7,0.022,32.7
288.5,0.022,32.7,0.022,32.7,0.022,32.8,0.022,32.7
289.0,0.021,32.7,0.020,32.7,0.021,32.7,0.021,32.7
289.5,0.018,32.7,0.018,32.7,0.018,32.7,0.022,32.8
290.0,0.018,32.8,0.018,32.7,0.019,32.8,0.019,32.8
290.5,0.016,32.8,0.016,32.8,0.017,32.7,0.017,32.8
291.0,0.014,32.8,0.014,32.8,0.014,32.7,0.016,32.7
291.5,0.014,32.8,0.016,32.8,0.015,32.8,0.015,32.8
292.0,0.014,32.8,0.015,32.8,0.015,32.8,0.015,32.8
292.5,0.015,32.8,0.016,32.8,0.016,32.8,0.015,32.8
293.0,0.014,32.8,0.015,32.8,0.014,32.8,0.013,32.8
293.5,0.012,32.8,0.012,32.8,0.012,32.8,0.011,32.8
294.0,0.010,32.8,0.011,32.9,0.010,32.9,0.011,32.9
294.5,0.008,32.9,0.007,32.9,0.008,32.9,0.008,32.9
295.0,0.008,32.9,0.009,32.9,0.008,32.9,0.006,32.8
295.5,0.008,32.9,0.009,32.9,0.007,32.9,0.007,32.9
296.0,0.010,32.9,0.011,32.9,0.012,32.9,0.009,32.9
296.5,0.011,32.9,0.010,32.9,0.012,32.9,0.011,32.9
297.0,0.010,32.9,0.010,32.9,0.011,32.9,0.011,32.9
297.5,0.012,32.9,0.011,32.9,0.009,32.9,0.013,32.9
298.0,0.012,32.9,0.011,33.0,0.013,32.9,0.012,32.9
298.5,0.012,32.9,0.013,32.9,0.014,32.9,0.012,32.9
299.0,0.011,32.9,0.013,32.9,0.011,33.0,0.011,32.9
299.5,0.011,32.9,0.012,33.0,0.009,33.0,0.012,32.9
300.0,0.012,33.0,0.012,33.0,0.011,33.0,0.011,32.9
300.5,0.012,32.9,0.013,33.0,0.013,32.9,0.013,32.9
301.0,0.011,32.9,0.012,33.0,0.012,33.0,0.012,32.9
301.5,0.009,33.0,0.010,33.0,0.009,33.0,0.008,32.9
302.0,0.009,33.0,0.009,32.9,0.009,33.0,0.007,33.0
302.5,0.007,33.0,0.007,33.0,0.008,33.0,0.008,33.0
303.0,0.006,33.0,0.007,33.0,0.005,33.0,0.007,33.0
303.5,0.004,33.0,0.004,33.0,0.004,32.9,0.005,33.0
304.0,0.001,33.0,0.003,33.0,0.004,33.0,0.004,33.0
304.5,-0.000,33.0,-0.001,33.0,0.000,33.0,0.002,33.0
305.0,-0.001,33.0,-0.002,33.0,-0.001,33.0,0.002,33.1
305.5,-0.008,33.1,-0.006,33.1,-0.005,33.1,-0.004,33.1
306.0,-0.024,33.1,-0.024,33.1,-0.021,33.1,-0.018,33.1
306.5,-0.056,33.1,-0.055,33.1,-0.052,33.1,-0.031,33.1
307.0,-0.093,33.1,-0.089,33.1,-0.079,33.1,-0.090,33.1
307.5,-0.122,33.1,-0.121,33.1,-0.120,33.1,-0.115,33.1
308.0,-0.128,33.0,-0.127,33.0,-0.128,33.0,-0.125,33.1
308.5,-0.118,33.0,-0.118,33.0,-0.119,33.0,-0.121,33.0
309.0,-0.101,32.9,-0.100,32.9,-0.102,32.9,-0.116,33.0
309.5,-0.082,32.9,-0.083,32.9,-0.086,32.9,-0.088,32.9
310.0,-0.065,32.9,-0.064,32.9,-0.066,32.9,-0.067,32.9
310.5,-0.054,32.9,-0.053,33.0,-0.054,33.0,-0.055,32.9
311.0,-0.047,33.0,-0.047,33.0,-0.048,33.0,-0.048,33.0
311.5,-0.044,33.0,-0.045,33.0,-0.045,33.0,-0.046,33.0
312.0,-0.042,33.1,-0.042,33.1,-0.043,33.1,-0.042,33.0
312.5,-0.038,33.1,-0.037,33.1,-0.038,33.1,-0.037,33.1
313.0,-0.031,33.1,-0.031,33.1,-0.032,33.1,-0.034,33.1
313.5,-0.027,33.2,-0.027,33.2,-0.028,33.2,-0.030,33.1
314.0,-0.024,33.2,-0.025,33.2,-0.028,33.2,-0.024,33.2
314.5,-0.023,33.2,-0.024,33.2,-0.028,33.2,-0.024,33.2
315.0,-0.024,33.3,-0.025,33.2,-0.026,33.2,-0.024,33.2
315.5,-0.029,33.3,-0.029,33.3,-0.029,33.3,-0.028,33.2
316.0,-0.033,33.3,-0.033,33.3,-0.033,33.3,-0.031,33.3
316.5,-0.035,33.3,-0.035,33.3,-0.035,33.3,-0.034,33.3
317.0,-0.031,33.3,-0.031,33.3,-0.031,33.3,-0.032,33.3
317.5,-0.023,33.3,-0.022,33.3,-0.025,33.3,-0.023,33.4
318.0,-0.021,33.4,-0.021,33.4,-0.020,33.3,-0.022,33.4
318.5,-0.022,33.4,-0.021,33.4,-0.021,33.4,-0.022,33.4
319.0,-0.022,33.4,-0.022,33.4,-0.024,33.4,-0.022,33.4
319.5,-0.022,33.4,-0.021,33.4,-0.024,33.4,-0.022,33.4
320.0,-0.024,33.4,-0.025,33.5,-0.022,33.4,-0.021,33.4
320.5,-0.026,33.4,-0.025,33.4,-0.024,33.4,-0.024,33.4
321.0,-0.023,33.4,-0.023,33.5,-0.025,33.4,-0.022,33.5
321.5,-0.020,33.5,-0.020,33.5,-0.020,33.5,-0.020,33.5
322.0,-0.012,33.5,-0.012,33.5,-0.014,33.4,-0.011,33.5
322.5,-0.008,33.5,-0.008,33.5,-0.008,33.5,-0.009,33.5
323.0,-0.010,33.5,-0.010,33.5,-0.010,33.4,-0.010,33.5
323.5,-0.008,33.5,-0.007,33.5,-0.008,33.5,-0.007,33.5
324.0,-0.001,33.5,-0.001,33.5,-0.001,33.5,-0.003,33.5
324.5,0.009,33.5,0.009,33.5,0.009,33.5,0.007,33.5
325.0,0.017,33.5,0.017,33.5,0.017,33.5,0.015,33.5
325.5,0.020,33.5,0.020,33.5,0.018,33.6,0.019,33.5
326.0,0.019,33.5,0.020,33.5,0.018,33.5,0.019,33.5
326.5,0.019,33.4,0.019,33.5,0.019,33.5,0.019,33.5
327.0,0.020,33.4,0.020,33.5,0.022,33.5,0.019,33.4
327.5,0.023,33.4,0.023,33.4,0.023,33.4,0.023,33.4
328.0,0.024,33.4,0.025,33.4,0.024,33.4,0.024,33.4
328.5,0.027,33.3,0.027,33.3,0.028,33.4,0.024,33.4
329.0,0.031,33.3,0.032,33.3,0.031,33.3,0.031,33.3
329.5,0.034,33.3,0.034,33.3,0.034,33.3,0.036,33.3
330.0,0.035,33.3,0.036,33.2,0.034,33.2,0.038,33.3
330.5,0.035,33.2,0.035,33.2,0.036,33.2,0.037,33.3
331.0,0.036,33.2,0.036,33.2,0.036,33.2,0.035,33.2
331.5,0.034,33.1,0.036,33.1,0.037,33.2,0.034,33.1
332.0,0.033,33.1,0.034,33.1,0.032,33.2,0.033,33.1
332.5,0.032,33.1,0.033,33.1,0.033,33.1,0.034,33.1
333.0,0.030,33.1,0.031,33.1,0.030,33.1,0.030,33.1
333.5,0.031,33.1,0.031,33.1,0.030,33.1,0.032,33.1
334.0,0.031,33.1,0.031,33.1,0.031,33.1,0.030,33.0
334.5,0.032,33.1,0.033,33.1,0.032,33.1,0.033,33.1
335.0,0.031,33.0,0.030,33.1,0.031,33.0,0.032,33.1
335.5,0.028,33.0,0.027,33.0,0.030,33.0,0.028,33.0
336.0,0.028,33.0,0.029,33.0,0.026,33.0,0.028,33.0
336.5,0.028,33.0,0.028,33.0,0.028,33.0,0.028,33.0
337.0,0.028,33.0,0.028,33.0,0.028,33.0,0.028,33.1
337.5,0.027,33.0,0.027,33.0,0.026,33.0,0.027,33.0
338.0,0.026,33.0,0.027,33.0,0.026,33.0,0.025,33.0
338.5,0.029,33.0,0.029,33.0,0.028,33.0,0.028,33.0
339.0,0.030,33.0,0.030,33.0,0.029,33.0,0.030,33.0
339.5,0.035,33.0,0.035,33.0,0.032,33.0,0.036,33.0
340.0,0.038,33.0,0.037,33.0,0.039,33.0,0.037,33.0
340.5,0.040,32.9,0.042,33.0,0.043,33.0,0.040,32.9
341.0,0.040,32.9,0.039,32.9,0.042,32.9,0.039,32.9
341.5,0.039,32.9,0.038,32.9,0.039,32.9,0.039,32.9
342.0,0.038,32.9,0.039,32.9,0.040,32.9,0.038,32.9
342.5,0.035,32.9,0.036,32.9,0.037,32.9,0.035,32.9
343.0,0.035,32.9,0.036,32.9,0.036,32.9,0.034,32.9
343.5,0.034,32.9,0.034,32.9,0.033,32.9,0.034,32.9
344.0,0.036,32.9,0.037,32.8,0.035,32.9,0.036,32.9
344.5,0.037,32.9,0.038,32.9,0.040,32.8,0.036,32.9
345.0,0.033,32.8,0.034,32.8,0.035,32.8,0.033,32.8
345.5,0.029,32.8,0.030,32.8,0.030,32.8,0.031,32.9
346.0,0.027,32.9,0.029,32.9,0.026,32.8,0.028,32.9
346.5,0.026,32.9,0.026,32.9,0.026,32.9,0.026,32.9
347.0,0.026,32.9,0.027,32.9,0.026,32.8,0.027,32.9
347.5,0.026,32.9,0.026,32.9,0.026,32.9,0.026,32.9
348.0,0.027,32.9,0.026,32.9,0.026,32.9,0.027,32.9
348.5,0.028,32.9,0.028,32.9,0.028,32.9,0.028,32.9
349.0,0.030,32.9,0.031,32.9,0.030,32.9,0.028,32.9
349.5,0.031,32.9,0.032,32.9,0.032,32.9,0.029,32.9
350.0,0.032,32.9,0.033,32.9,0.032,32.9,0.033,32.9
350.5,0.033,32.9,0.033,32.9,0.032,32.9,0.035,32.9
351.0,0.032,32.9,0.033,32.9,0.031,32.9,0.032,32.9
351.5,0.032,32.9,0.033,32.8,0.032,32.9,0.032,32.9
352.0,0.031,32.9,0.032,32.8,0.033,32.9,0.031,32.9
352.5,0.033,32.8,0.031,32.8,0.034,32.9,0.031,32.9
353.0,0.034,32.8,0.034,32.8,0.035,32.8,0.033,32.9
353.5,0.032,32.8,0.033,32.9,0.034,32.9,0.033,32.9
354.0,0.032,32.8,0.032,32.8,0.033,32.9,0.032,32.8
354.5,0.030,32.8,0.031,32.8,0.031,32.8,0.029,32.8
355.0,0.029,32.8,0.028,32.8,0.029,32.8,0.028,32.8
355.5,0.027,32.8,0.027,32.9,0.028,32.9,0.026,32.8
356.0,0.026,32.8,0.026,32.8,0.026,32.8,0.026,32.8
356.5,0.027,32.8,0.027,32.8,0.026,32.8,0.027,32.9
357.0,0.026,32.8,0.026,32.8,0.025,32.9,0.025,32.8
357.5,0.028,32.9,0.028,32.9,0.027,32.9,0.028,32.8
358.0,0.029,32.9,0.029,32.9,0.029,32.9,0.031,32.9
358.5,0.031,32.9,0.031,32.8,0.030,32.9,0.031,32.9
359.0,0.032,32.8,0.033,32.8,0.032,32.8,0.031,32.8
359.5,0.032,32.9,0.032,32.8,0.033,32.8,0.032,32.9
360.0,0.032,32.9,0.033,32.8,0.031,32.8,0.034,32.8
360.5,0.031,32.8,0.032,32.8,0.030,32.8,0.033,32.8
361.0,0.030,32.8,0.029,32.8,0.030,32.8,0.030,32.8
361.5,0.027,32.8,0.028,32.8,0.028,32.8,0.029,32.8
362.0,0.024,32.8,0.025,32.8,0.025,32.8,0.026,32.8
362.5,0.022,32.8,0.022,32.8,0.022,32.8,0.026,32.8
363.0,0.022,32.8,0.022,32.8,0.021,32.8,0.026,32.8
363.5,0.024,32.9,0.024,32.9,0.027,32.8,0.024,32.8
364.0,0.025,32.9,0.026,32.9,0.025,32.9,0.026,32.8
364.5,0.024,32.9,0.024,32.9,0.025,32.9,0.025,32.9
365.0,0.024,32.9,0.024,32.9,0.025,32.9,0.023,32.9
365.5,0.023,32.9,0.025,32.9,0.023,32.9,0.024,32.9
366.0,0.024,32.9,0.024,32.9,0.023,32.9,0.024,32.9
366.5,0.022,32.9,0.021,32.9,0.024,32.9,0.026,32.9
367.0,0.020,32.9,0.021,32.9,0.023,32.9,0.020,32.9
367.5,0.020,32.9,0.021,32.9,0.020,32.9,0.020,32.9
368.0,0.019,32.9,0.019,32.9,0.019,32.9,0.020,32.9
368.5,0.018,32.9,0.019,32.9,0.018,33.0,0.019,32.9
369.0,0.017,32.9,0.018,33.0,0.018,33.0,0.018,33.0
369.5,0.017,33.0,0.018,32.9,0.017,33.0,0.019,33.0
370.0,0.016,33.0,0.016,33.0,0.017,32.9,0.017,32.9
370.5,0.015,33.0,0.014,33.0,0.015,32.9,0.016,33.0
371.0,0.014,33.0,0.014,33.0,0.013,32.9,0.016,33.0
371.5,0.011,33.0,0.010,33.0,0.014,33.0,0.011,33.0
372.0,0.010,33.0,0.010,33.0,0.014,33.0,0.009,33.0
372.5,0.009,33.0,0.009,33.0,0.011,33.0,0.009,33.0
373.0,0.010,33.1,0.010,33.1,0.010,33.1,0.012,33.1
373.5,0.012,33.1,0.012,33.0,0.014,33.1,0.013,33.1
374.0,0.012,33.1,0.012,33.1,0.013,33.1,0.011,33.1
374.5,0.012,33.1,0.012,33.1,0.017,33.1,0.013,33.1
375.0,0.012,33.1,0.012,33.1,0.015,33.1,0.011,33.1
375.5,0.017,33.1,0.016,33.1,0.014,33.2,0.018,33.1
376.0,0.016,33.1,0.016,33.1,0.014,33.2,0.019,33.1
376.5,0.014,33.1,0.015,33.1,0.013,33.1,0.018,33.1
377.0,0.013,33.1,0.013,33.1,0.012,33.1,0.014,33.1
377.5,0.012,33.1,0.011,33.1,0.011,33.1,0.013,33.1
378.0,0.012,33.1,0.013,33.1,0.011,33.1,0.014,33.1
378.5,0.010,33.1,0.011,33.1,0.010,33.1,0.010,33.1
379.0,0.008,33.1,0.010,33.1,0.009,33.1,0.008,33.1
379.5,0.008,33.2,0.007,33.2,0.007,33.2,0.008,33.1
380.0,0.006,33.2,0.006,33.2,0.007,33.1,0.006,33.2
380.5,0.006,33.2,0.006,33.2,0.005,33.2,0.005,33.2
381.0,0.003,33.2,0.004,33.1,0.003,33.2,0.003,33.2
381.5,0.002,33.2,0.001,33.2,0.001,33.2,0.002,33.2
382.0,0.001,33.2,0.002,33.2,0.001,33.2,-0.000,33.2
382.5,0.002,33.2,0.003,33.2,0.001,33.2,0.002,33.3
383.0,0.003,33.2,0.003,33.2,0.003,33.2,0.004,33.3
383.5,0.002,33.3,0.002,33.3,0.004,33.3,0.001,33.3
384.0,0.003,33.3,0.003,33.3,0.004,33.3,0.001,33.3
384.5,0.000,33.3,0.001,33.3,0.002,33.3,0.001,33.3
385.0,-0.002,33.3,-0.001,33.3,-0.002,33.3,-0.001,33.3
385.5,-0.006,33.3,-0.004,33.3,-0.004,33.3,-0.005,33.3
386.0,-0.018,33.3,-0.015,33.3,-0.011,33.4,-0.017,33.4
386.5,-0.036,33.3,-0.035,33.4,-0.029,33.4,-0.029,33.4
387.0,-0.068,33.4,-0.067,33.4,-0.068,33.4,-0.059,33.4
387.5,-0.101,33.4,-0.102,33.4,-0.099,33.4,-0.093,33.4
388.0,-0.132,33.3,-0.132,33.3,-0.132,33.3,-0.112,33.4
388.5,-0.134,33.3,-0.134,33.2,-0.133,33.3,-0.120,33.4
389.0,-0.114,33.2,-0.116,33.2,-0.117,33.2,-0.116,33.2
389.5,-0.093,33.2,-0.092,33.2,-0.095,33.2,-0.095,33.2
390.0,-0.075,33.2,-0.075,33.2,-0.078,33.1,-0.076,33.2
390.5,-0.062,33.1,-0.062,33.1,-0.065,33.2,-0.063,33.1
391.0,-0.054,33.2,-0.054,33.2,-0.056,33.2,-0.055,33.2
391.5,-0.046,33.2,-0.045,33.2,-0.046,33.2,-0.047,33.3
392.0,-0.038,33.3,-0.038,33.3,-0.038,33.3,-0.037,33.3
392.5,-0.035,33.3,-0.035,33.3,-0.035,33.3,-0.034,33.3
393.0,-0.035,33.4,-0.035,33.4,-0.033,33.4,-0.034,33.3
393.5,-0.036,33.4,-0.036,33.4,-0.035,33.4,-0.036,33.4
394.0,-0.037,33.4,-0.037,33.4,-0.037,33.4,-0.037,33.4
394.5,-0.035,33.5,-0.034,33.5,-0.035,33.4,-0.036,33.4
395.0,-0.027,33.5,-0.027,33.5,-0.028,33.5,-0.028,33.5
395.5,-0.021,33.5,-0.021,33.5,-0.022,33.5,-0.025,33.5
396.0,-0.021,33.5,-0.021,33.5,-0.019,33.5,-0.021,33.5
396.5,-0.024,33.5,-0.023,33.6,-0.024,33.5,-0.024,33.5
397.0,-0.027,33.6,-0.026,33.6,-0.025,33.6,-0.027,33.6
397.5,-0.024,33.6,-0.023,33.6,-0.025,33.6,-0.025,33.6
398.0,-0.022,33.6,-0.021,33.6,-0.020,33.6,-0.023,33.6
398.5,-0.025,33.6,-0.025,33.6,-0.024,33.6,-0.025,33.6
399.0,-0.028,33.7,-0.027,33.6,-0.027,33.6,-0.028,33.6
399.5,-0.026,33.6,-0.027,33.6,-0.027,33.6,-0.026,33.7
400.0,-0.021,33.7,-0.022,33.7,-0.020,33.7,-0.022,33.7
400.5,-0.017,33.7,-0.016,33.7,-0.016,33.7,-0.018,33.7
401.0,-0.016,33.7,-0.015,33.7,-0.016,33.7,-0.015,33.7
401.5,-0.016,33.7,-0.015,33.7,-0.016,33.7,-0.016,33.7
402.0,-0.011,33.7,-0.011,33.7,-0.011,33.7,-0.015,33.6
402.5,-0.007,33.7,-0.007,33.7,-0.009,33.7,-0.007,33.7
403.0,-0.007,33.7,-0.007,33.7,-0.008,33.7,-0.007,33.7
403.5,-0.008,33.7,-0.007,33.7,-0.009,33.7,-0.008,33.8
404.0,-0.002,33.7,-0.004,33.7,-0.004,33.7,-0.006,33.8
404.5,0.006,33.8,0.005,33.8,0.006,33.7,0.001,33.8
405.0,0.009,33.8,0.008,33.8,0.009,33.8,0.008,33.8
405.5,0.011,33.8,0.012,33.8,0.012,33.8,0.011,33.8
406.0,0.012,33.8,0.012,33.8,0.014,33.7,0.014,33.8
406.5,0.013,33.7,0.013,33.7,0.013,33.7,0.016,33.7
407.0,0.016,33.7,0.017,33.7,0.019,33.7,0.017,33.7
407.5,0.022,33.7,0.022,33.7,0.023,33.7,0.020,33.7
408.0,0.027,33.7,0.027,33.7,0.027,33.7,0.025,33.7
408.5,0.032,33.6,0.031,33.7,0.030,33.7,0.032,33.7
409.0,0.033,33.6,0.033,33.6,0.032,33.6,0.033,33.6
409.5,0.034,33.6,0.034,33.5,0.034,33.6,0.034,33.6
410.0,0.033,33.5,0.034,33.5,0.033,33.5,0.034,33.5
410.5,0.034,33.5,0.034,33.5,0.034,33.5,0.033,33.5
411.0,0.035,33.5,0.035,33.5,0.032,33.5,0.034,33.5
411.5,0.038,33.4,0.039,33.4,0.037,33.4,0.038,33.4
412.0,0.040,33.4,0.040,33.4,0.041,33.4,0.041,33.4
412.5,0.038,33.4,0.040,33.4,0.039,33.4,0.040,33.4
413.0,0.036,33.3,0.037,33.3,0.036,33.3,0.038,33.4
413.5,0.033,33.3,0.033,33.3,0.032,33.3,0.033,33.3
414.0,0.032,33.3,0.031,33.3,0.032,33.2,0.031,33.3
414.5,0.028,33.3,0.029,33.3,0.029,33.3,0.029,33.3
415.0,0.026,33.3,0.027,33.3,0.027,33.3,0.028,33.3
415.5,0.026,33.3,0.027,33.3,0.028,33.3,0.027,33.3
416.0,0.028,33.3,0.029,33.3,0.028,33.3,0.028,33.3
416.5,0.032,33.3,0.032,33.3,0.032,33.3,0.034,33.3
417.0,0.034,33.3,0.036,33.3,0.035,33.2,0.035,33.3
417.5,0.035,33.3,0.036,33.3,0.035,33.3,0.036,33.3
418.0,0.036,33.2,0.036,33.3,0.034,33.2,0.036,33.2
418.5,0.034,33.3,0.032,33.3,0.033,33.2,0.033,33.3
419.0,0.033,33.2,0.033,33.2,0.033,33.2,0.032,33.2
419.5,0.030,33.2,0.031,33.2,0.032,33.2,0.031,33.2
420.0,0.030,33.2,0.030,33.2,0.032,33.2,0.031,33.2
420.5,0.033,33.2,0.033,33.2,0.034,33.2,0.034,33.2
421.0,0.034,33.2,0.034,33.2,0.034,33.3,0.034,33.2
421.5,0.034,33.2,0.034,33.2,0.035,33.2,0.036,33.2
422.0,0.032,33.2,0.033,33.2,0.034,33.2,0.033,33.2
422.5,0.031,33.2,0.030,33.2,0.031,33.2,0.032,33.2
423.0,0.026,33.2,0.026,33.2,0.027,33.2,0.028,33.2
423.5,0.024,33.2,0.024,33.2,0.024,33.2,0.024,33.2
424.0,0.022,33.2,0.022,33.2,0.022,33.2,0.023,33.2
424.5,0.022,33.2,0.021,33.2,0.022,33.2,0.022,33.2
425.0,0.022,33.2,0.023,33.2,0.024,33.2,0.023,33.2
425.5,0.024,33.2,0.024,33.2,0.023,33.3,0.025,33.2
426.0,0.028,33.2,0.028,33.2,0.027,33.2,0.028,33.2
426.5,0.030,33.2,0.030,33.2,0.029,33.2,0.029,33.2
427.0,0.030,33.2,0.032,33.2,0.030,33.3,0.030,33.2
427.5,0.032,33.2,0.033,33.2,0.030,33.2,0.034,33.2
428.0,0.033,33.2,0.033,33.2,0.033,33.2,0.030,33.2
428.5,0.034,33.2,0.035,33.2,0.035,33.2,0.034,33.2
429.0,0.034,33.2,0.033,33.2,0.034,33.2,0.032,33.2
429.5,0.032,33.2,0.033,33.2,0.035,33.2,0.033,33.2
430.0,0.033,33.2,0.032,33.2,0.036,33.2,0.034,33.1
430.5,0.035,33.2,0.033,33.1,0.033,33.2,0.033,33.1
431.0,0.036,33.2,0.036,33.2,0.038,33.2,0.036,33.2
431.5,0.036,33.1,0.035,33.1,0.035,33.1,0.037,33.2
432.0,0.034,33.1,0.032,33.1,0.033,33.1,0.034,33.2
432.5,0.031,33.1,0.031,33.1,0.030,33.1,0.031,33.2
433.0,0.026,33.1,0.026,33.1,0.027,33.1,0.028,33.1
433.5,0.026,33.2,0.026,33.2,0.026,33.1,0.027,33.2
434.0,0.025,33.2,0.025,33.2,0.027,33.1,0.026,33.2
434.5,0.028,33.2,0.029,33.1,0.027,33.1,0.028,33.2
435.0,0.031,33.2,0.031,33.2,0.031,33.2,0.029,33.2
435.5,0.032,33.2,0.032,33.2,0.030,33.2,0.033,33.1
436.0,0.034,33.1,0.035,33.1,0.035,33.1,0.035,33.1
436.5,0.034,33.1,0.033,33.1,0.034,33.1,0.036,33.1
437.0,0.035,33.1,0.033,33.1,0.033,33.1,0.034,33.1
437.5,0.033,33.1,0.034,33.2,0.036,33.1,0.031,33.1
438.0,0.033,33.1,0.033,33.1,0.033,33.1,0.032,33.1
438.5,0.032,33.1,0.032,33.1,0.033,33.1,0.031,33.1
439.0,0.028,33.1,0.028,33.1,0.030,33.1,0.029,33.1
439.5,0.025,33.1,0.025,33.1,0.025,33.1,0.026,33.1
440.0,0.023,33.1,0.024,33.1,0.022,33.1,0.026,33.1
440.5,0.024,33.1,0.026,33.2,0.025,33.1,0.025,33.1
441.0,0.026,33.1,0.028,33.1,0.026,33.1,0.027,33.1
441.5,0.026,33.1,0.027,33.1,0.026,33.1,0.028,33.1
442.0,0.026,33.2,0.028,33.1,0.027,33.1,0.026,33.2
442.5,0.024,33.2,0.025,33.2,0.025,33.1,0.026,33.2
443.0,0.025,33.2,0.027,33.1,0.024,33.1,0.028,33.2
443.5,0.024,33.2,0.024,33.2,0.024,33.2,0.025,33.2
444.0,0.022,33.2,0.022,33.2,0.023,33.2,0.023,33.2
444.5,0.023,33.2,0.024,33.2,0.024,33.2,0.024,33.2
445.0,0.023,33.2,0.023,33.2,0.023,33.2,0.024,33.2
445.5,0.023,33.2,0.024,33.2,0.023,33.2,0.023,33.2
446.0,0.022,33.2,0.023,33.2,0.025,33.2,0.022,33.2
446.5,0.021,33.2,0.020,33.2,0.023,33.2,0.019,33.2
447.0,0.020,33.2,0.020,33.2,0.020,33.2,0.019,33.2
447.5,0.019,33.2,0.020,33.2,0.019,33.2,0.019,33.2
448.0,0.019,33.2,0.020,33.2,0.019,33.2,0.019,33.2
448.5,0.017,33.3,0.017,33.3,0.016,33.3,0.018,33.2
449.0,0.015,33.3,0.014,33.3,0.014,33.2,0.015,33.3
449.5,0.012,33.3,0.012,33.3,0.012,33.3,0.012,33.3
450.0,0.011,33.3,0.012,33.3,0.011,33.3,0.012,33.3
450.5,0.013,33.3,0.013,33.3,0.010,33.3,0.013,33.3
451.0,0.013,33.3,0.013,33.3,0.012,33.3,0.012,33.3
451.5,0.013,33.3,0.012,33.3,0.014,33.3,0.013,33.3
452.0,0.013,33.3,0.013,33.3,0.013,33.3,0.013,33.4
452.5,0.010,33.4,0.011,33.4,0.011,33.4,0.011,33.4
453.0,0.011,33.4,0.011,33.4,0.012,33.4,0.011,33.4
453.5,0.012,33.4,0.012,33.4,0.012,33.4,0.012,33.3
454.0,0.012,33.4,0.012,33.4,0.012,33.4,0.012,33.4
454.5,0.011,33.4,0.013,33.4,0.012,33.4,0.011,33.4
455.0,0.014,33.4,0.013,33.4,0.012,33.4,0.012,33.4
455.5,0.013,33.4,0.011,33.4,0.013,33.4,0.011,33.4
456.0,0.012,33.4,0.011,33.4,0.013,33.4,0.011,33.4
456.5,0.011,33.4,0.012,33.4,0.013,33.4,0.011,33.4
457.0,0.010,33.4,0.009,33.4,0.012,33.4,0.012,33.5
457.5,0.010,33.4,0.009,33.4,0.010,33.5,0.008,33.4
458.0,0.008,33.4,0.009,33.4,0.009,33.4,0.008,33.5
458.5,0.007,33.5,0.008,33.4,0.008,33.5,0.006,33.5
459.0,0.006,33.5,0.006,33.5,0.007,33.5,0.006,33.5
459.5,0.004,33.5,0.004,33.5,0.003,33.5,0.005,33.5
460.0,0.004,33.5,0.004,33.5,0.004,33.5,0.003,33.5
460.5,0.005,33.5,0.004,33.5,0.006,33.6,0.005,33.5
461.0,0.006,33.5,0.006,33.5,0.007,33.6,0.006,33.5
461.5,0.005,33.5,0.005,33.6,0.006,33.5,0.006,33.5
462.0,0.004,33.5,0.005,33.6,0.003,33.6,0.004,33.5
462.5,0.006,33.6,0.007,33.6,0.007,33.6,0.006,33.5
463.0,0.006,33.6,0.007,33.6,0.007,33.5,0.007,33.5
463.5,0.007,33.6,0.007,33.6,0.007,33.6,0.007,33.6
464.0,0.005,33.6,0.004,33.5,0.005,33.5,0.005,33.6
464.5,0.002,33.6,0.002,33.6,0.002,33.6,0.002,33.6
465.0,-0.007,33.6,-0.006,33.6,-0.006,33.6,-0.003,33.6
465.5,-0.025,33.6,-0.023,33.6,-0.025,33.6,-0.022,33.7
466.0,-0.059,33.7,-0.059,33.7,-0.041,33.7,-0.057,33.7
466.5,-0.100,33.7,-0.093,33.7,-0.094,33.7,-0.096,33.7
467.0,-0.127,33.7,-0.128,33.7,-0.123,33.7,-0.124,33.6
467.5,-0.129,33.6,-0.130,33.6,-0.127,33.6,-0.130,33.6
468.0,-0.115,33.5,-0.115,33.5,-0.116,33.5,-0.117,33.5
468.5,-0.090,33.5,-0.091,33.5,-0.094,33.5,-0.093,33.5
469.0,-0.066,33.5,-0.066,33.5,-0.072,33.5,-0.069,33.5
469.5,-0.050,33.5,-0.050,33.5,-0.054,33.5,-0.057,33.5
470.0,-0.038,33.6,-0.038,33.5,-0.039,33.6,-0.044,33.6
470.5,-0.034,33.6,-0.034,33.6,-0.034,33.6,-0.034,33.6
471.0,-0.036,33.6,-0.036,33.7,-0.035,33.6,-0.034,33.6
471.5,-0.040,33.7,-0.040,33.7,-0.035,33.7,-0.037,33.6
472.0,-0.039,33.7,-0.040,33.7,-0.040,33.7,-0.039,33.7
472.5,-0.038,33.8,-0.038,33.8,-0.038,33.7,-0.037,33.8
473.0,-0.038,33.8,-0.037,33.8,-0.035,33.8,-0.039,33.8
473.5,-0.039,33.8,-0.039,33.8,-0.037,33.8,-0.039,33.8
474.0,-0.039,33.8,-0.040,33.8,-0.040,33.8,-0.040,33.7
474.5,-0.041,33.8,-0.039,33.8,-0.041,33.8,-0.040,33.8
475.0,-0.041,33.8,-0.040,33.8,-0.041,33.8,-0.040,33.8
475.5,-0.037,33.8,-0.037,33.8,-0.038,33.9,-0.037,33.8
476.0,-0.032,33.9,-0.032,33.9,-0.034,33.8,-0.033,33.9
476.5,-0.026,33.9,-0.026,33.9,-0.027,33.9,-0.028,33.9
477.0,-0.025,33.9,-0.025,33.9,-0.025,33.9,-0.024,33.9
477.5,-0.023,33.9,-0.023,33.9,-0.023,33.9,-0.025,33.9
478.0,-0.020,33.9,-0.018,34.0,-0.021,33.9,-0.019,34.0
478.5,-0.018,34.0,-0.018,34.0,-0.017,34.0,-0.017,34.0
479.0,-0.017,34.0,-0.017,33.9,-0.016,34.0,-0.018,34.0
479.5,-0.016,34.0,-0.016,34.0,-0.015,34.0,-0.018,34.0
480.0,-0.016,34.0,-0.014,34.0,-0.015,34.0,-0.016,34.0
480.5,-0.017,34.0,-0.017,34.1,-0.017,34.0,-0.017,34.0
481.0,-0.020,34.1,-0.021,34.1,-0.020,34.1,-0.019,34.1
481.5,-0.020,34.1,-0.021,34.1,-0.019,34.1,-0.020,34.1
482.0,-0.014,34.0,-0.015,34.0,-0.015,34.0,-0.014,34.1
482.5,-0.006,34.1,-0.006,34.1,-0.009,34.1,-0.005,34.0
483.0,0.002,34.1,0.003,34.1,0.002,34.1,0.003,34.1
483.5,0.006,34.1,0.005,34.1,0.004,34.1,0.005,34.1
484.0,0.008,34.1,0.008,34.1,0.008,34.1,0.008,34.1
484.5,0.012,34.1,0.013,34.1,0.011,34.1,0.010,34.1
485.0,0.016,34.1,0.017,34.1,0.016,34.1,0.016,34.1
485.5,0.019,34.0,0.019,34.0,0.018,34.0,0.018,34.1
486.0,0.020,34.0,0.021,34.0,0.018,34.0,0.022,34.0
486.5,0.022,34.0,0.021,34.0,0.021,34.0,0.021,34.0
487.0,0.022,34.0,0.022,34.0,0.023,34.0,0.022,34.0
487.5,0.024,34.0,0.023,34.0,0.024,33.9,0.026,34.0
488.0,0.026,33.9,0.027,33.9,0.026,33.9,0.025,33.9
488.5,0.029,33.9,0.028,33.9,0.028,33.9,0.028,33.9
489.0,0.034,33.8,0.034,33.8,0.032,33.9,0.035,33.8
489.5,0.034,33.8,0.034,33.8,0.033,33.9,0.033,33.8
490.0,0.034,33.8,0.034,33.8,0.035,33.8,0.033,33.7
490.5,0.032,33.7,0.032,33.7,0.033,33.7,0.034,33.7
491.0,0.029,33.7,0.029,33.7,0.029,33.7,0.029,33.7
491.5,0.029,33.7,0.031,33.7,0.029,33.7,0.029,33.8
492.0,0.028,33.7,0.027,33.7,0.029,33.7,0.028,33.7
492.5,0.027,33.7,0.027,33.7,0.027,33.6,0.027,33.7
493.0,0.027,33.6,0.027,33.7,0.026,33.7,0.029,33.7
493.5,0.028,33.6,0.028,33.6,0.027,33.6,0.029,33.6
494.0,0.030,33.6,0.030,33.6,0.029,33.6,0.029,33.6
494.5,0.030,33.6,0.031,33.6,0.030,33.6,0.031,33.6
495.0,0.032,33.6,0.032,33.6,0.033,33.6,0.032,33.6
495.5,0.032,33.6,0.033,33.6,0.032,33.6,0.033,33.6
496.0,0.033,33.6,0.034,33.6,0.034,33.6,0.033,33.6
496.5,0.032,33.5,0.032,33.5,0.033,33.6,0.031,33.5
497.0,0.030,33.5,0.030,33.5,0.033,33.6,0.030,33.6
497.5,0.030,33.5,0.030,33.5,0.032,33.5,0.030,33.5
498.0,0.031,33.5,0.030,33.5,0.031,33.5,0.031,33.5
498.5,0.032,33.5,0.032,33.5,0.032,33.5,0.033,33.5
499.0,0.033,33.5,0.033,33.5,0.035,33.5,0.033,33.5
499.5,0.031,33.5,0.033,33.5,0.032,33.5,0.032,33.5
500.0,0.028,33.5,0.029,33.5,0.031,33.5,0.029,33.5
500.5,0.025,33.5,0.025,33.5,0.030,33.4,0.026,33.5
501.0,0.026,33.5,0.025,33.5,0.026,33.5,0.027,33.5
501.5,0.025,33.5,0.025,33.5,0.024,33.4,0.025,33.5
502.0,0.026,33.5,0.026,33.5,0.026,33.5,0.025,33.5
502.5,0.027,33.5,0.027,33.5,0.026,33.5,0.029,33.5
503.0,0.030,33.5,0.031,33.5,0.030,33.5,0.031,33.5
503.5,0.034,33.5,0.035,33.5,0.035,33.5,0.035,33.5
504.0,0.035,33.4,0.036,33.4,0.034,33.4,0.035,33.4
504.5,0.039,33.4,0.039,33.4,0.037,33.4,0.038,33.4
505.0,0.040,33.4,0.039,33.4,0.039,33.4,0.040,33.4
505.5,0.041,33.4,0.041,33.4,0.042,33.4,0.041,33.4
506.0,0.043,33.4,0.044,33.4,0.042,33.4,0.043,33.4
506.5,0.042,33.4,0.042,33.3,0.042,33.4,0.042,33.4
507.0,0.042,33.3,0.042,33.3,0.041,33.3,0.042,33.3
507.5,0.041,33.3,0.043,33.3,0.042,33.3,0.041,33.3
508.0,0.041,33.3,0.041,33.3,0.042,33.3,0.039,33.3
508.5,0.040,33.3,0.039,33.3,0.043,33.3,0.040,33.3
509.0,0.036,33.2,0.037,33.2,0.038,33.2,0.038,33.3
509.5,0.034,33.2,0.034,33.3,0.035,33.3,0.038,33.3
510.0,0.029,33.3,0.029,33.2,0.029,33.2,0.031,33.3
510.5,0.028,33.3,0.029,33.3,0.028,33.2,0.030,33.2
511.0,0.026,33.3,0.026,33.3,0.026,33.3,0.027,33.3
511.5,0.024,33.3,0.024,33.3,0.025,33.3,0.027,33.3
512.0,0.023,33.3,0.023,33.3,0.023,33.3,0.024,33.3
512.5,0.025,33.3,0.026,33.3,0.025,33.3,0.025,33.3
513.0,0.028,33.3,0.028,33.3,0.028,33.3,0.026,33.3
513.5,0.029,33.3,0.029,33.3,0.028,33.4,0.029,33.3
514.0,0.030,33.3,0.030,33.3,0.032,33.3,0.031,33.3
514.5,0.031,33.3,0.032,33.3,0.032,33.4,0.032,33.3
515.0,0.030,33.3,0.030,33.3,0.030,33.3,0.031,33.3
515.5,0.031,33.3,0.029,33.3,0.031,33.3,0.030,33.3
516.0,0.029,33.3,0.029,33.3,0.029,33.3,0.029,33.3
516.5,0.028,33.3,0.028,33.3,0.027,33.3,0.030,33.3
517.0,0.028,33.3,0.028,33.3,0.028,33.3,0.031,33.4
517.5,0.026,33.3,0.026,33.3,0.027,33.3,0.032,33.3
518.0,0.025,33.3,0.025,33.3,0.023,33.3,0.027,33.3
518.5,0.025,33.3,0.025,33.3,0.023,33.3,0.026,33.3
519.0,0.026,33.3,0.026,33.3,0.026,33.3,0.024,33.3
519.5,0.025,33.3,0.026,33.3,0.026,33.3,0.024,33.3
520.0,0.024,33.3,0.024,33.3,0.026,33.3,0.024,33.3
520.5,0.024,33.3,0.026,33.3,0.025,33.3,0.024,33.4
521.0,0.023,33.3,0.024,33.3,0.024,33.3,0.022,33.3
521.5,0.023,33.3,0.023,33.4,0.024,33.3,0.022,33.3
522.0,0.021,33.3,0.022,33.3,0.023,33.3,0.022,33.3
522.5,0.024,33.3,0.024,33.3,0.025,33.4,0.023,33.3
523.0,0.024,33.3,0.025,33.3,0.024,33.3,0.023,33.3
523.5,0.024,33.3,0.025,33.3,0.025,33.4,0.023,33.3
524.0,0.025,33.4,0.024,33.4,0.024,33.3,0.026,33.3
524.5,0.025,33.3,0.023,33.4,0.024,33.3,0.025,33.3
525.0,0.024,33.3,0.026,33.3,0.026,33.3,0.024,33.3
525.5,0.024,33.3,0.025,33.3,0.025,33.3,0.024,33.4
526.0,0.021,33.3,0.022,33.3,0.021,33.3,0.021,33.3
526.5,0.018,33.3,0.019,33.3,0.020,33.3,0.019,33.3
527.0,0.013,33.4,0.014,33.4,0.016,33.3,0.014,33.3
527.5,0.012,33.4,0.012,33.4,0.012,33.4,0.011,33.4
528.0,0.013,33.4,0.014,33.4,0.014,33.3,0.013,33.4
528.5,0.016,33.4,0.015,33.3,0.017,33.4,0.015,33.4
529.0,0.017,33.4,0.017,33.4,0.019,33.4,0.017,33.4
529.5,0.017,33.4,0.018,33.4,0.017,33.4,0.017,33.4
530.0,0.016,33.4,0.018,33.4,0.016,33.4,0.018,33.4
530.5,0.016,33.4,0.016,33.4,0.016,33.4,0.018,33.4
531.0,0.016,33.4,0.016,33.4,0.019,33.4,0.016,33.5
531.5,0.014,33.5,0.015,33.4,0.014,33.5,0.014,33.5
532.0,0.014,33.5,0.015,33.5,0.014,33.5,0.013,33.5
532.5,0.014,33.5,0.013,33.5,0.014,33.4,0.013,33.4
533.0,0.012,33.4,0.012,33.4,0.013,33.5,0.012,33.5
533.5,0.012,33.5,0.012,33.5,0.011,33.4,0.014,33.5
534.0,0.011,33.4,0.012,33.5,0.012,33.5,0.012,33.4
534.5,0.011,33.5,0.010,33.4,0.011,33.5,0.011,33.5
535.0,0.011,33.5,0.011,33.5,0.012,33.5,0.010,33.5
535.5,0.011,33.5,0.011,33.5,0.012,33.5,0.010,33.5
536.0,0.010,33.5,0.010,33.5,0.010,33.5,0.009,33.5
536.5,0.008,33.5,0.008,33.5,0.007,33.5,0.009,33.5
537.0,0.008,33.5,0.008,33.5,0.007,33.5,0.007,33.5
537.5,0.008,33.5,0.007,33.5,0.009,33.5,0.009,33.5
538.0,0.006,33.5,0.007,33.5,0.006,33.5,0.010,33.5
538.5,0.006,33.5,0.007,33.5,0.006,33.5,0.008,33.5
539.0,0.005,33.5,0.005,33.5,0.005,33.5,0.007,33.5
539.5,0.005,33.6,0.005,33.6,0.005,33.6,0.006,33.5
540.0,0.006,33.6,0.007,33.6,0.006,33.6,0.006,33.6
540.5,0.010,33.6,0.009,33.6,0.008,33.6,0.009,33.6
541.0,0.010,33.6,0.010,33.6,0.011,33.6,0.011,33.6
541.5,0.008,33.6,0.008,33.6,0.007,33.6,0.009,33.6
542.0,0.007,33.6,0.009,33.6,0.006,33.6,0.008,33.6
542.5,0.005,33.6,0.007,33.6,0.005,33.6,0.006,33.6
543.0,0.004,33.6,0.005,33.6,0.005,33.6,0.006,33.6
543.5,0.002,33.6,0.003,33.6,0.002,33.6,0.003,33.6
544.0,-0.003,33.6,-0.005,33.6,-0.004,33.6,-0.003,33.6
544.5,-0.014,33.6,-0.014,33.6,-0.010,33.6,-0.011,33.6
545.0,-0.036,33.6,-0.036,33.6,-0.030,33.6,-0.033,33.6
545.5,-0.056,33.7,-0.055,33.7,-0.046,33.7,-0.055,33.7
546.0,-0.084,33.7,-0.075,33.7,-0.081,33.7,-0.081,33.7
546.5,-0.102,33.7,-0.104,33.7,-0.100,33.7,-0.101,33.7
547.0,-0.118,33.6,-0.118,33.7,-0.120,33.7,-0.117,33.6
547.5,-0.110,33.6,-0.110,33.6,-0.112,33.6,-0.118,33.7
548.0,-0.084,33.5,-0.086,33.5,-0.085,33.6,-0.113,33.6
548.5,-0.066,33.5,-0.068,33.5,-0.076,33.6,-0.074,33.5
549.0,-0.057,33.5,-0.057,33.5,-0.060,33.6,-0.058,33.5
549.5,-0.050,33.6,-0.050,33.6,-0.050,33.6,-0.052,33.6
550.0,-0.043,33.6,-0.044,33.6,-0.046,33.6,-0.044,33.6
550.5,-0.039,33.6,-0.039,33.6,-0.039,33.6,-0.039,33.6
551.0,-0.031,33.7,-0.032,33.6,-0.030,33.7,-0.032,33.7
551.5,-0.027,33.7,-0.026,33.7,-0.027,33.7,-0.029,33.7
552.0,-0.031,33.7,-0.031,33.7,-0.031,33.7,-0.026,33.7
552.5,-0.036,33.8,-0.035,33.8,-0.035,33.8,-0.027,33.7
553.0,-0.035,33.8,-0.034,33.8,-0.036,33.8,-0.032,33.8
553.5,-0.033,33.8,-0.033,33.8,-0.036,33.8,-0.033,33.8
554.0,-0.029,33.8,-0.029,33.8,-0.030,33.8,-0.030,33.8
554.5,-0.028,33.8,-0.029,33.8,-0.029,33.8,-0.028,33.8
555.0,-0.028,33.9,-0.027,33.9,-0.028,33.9,-0.028,33.9
555.5,-0.027,33.9,-0.027,33.9,-0.028,33.8,-0.028,33.9
556.0,-0.028,33.9,-0.029,33.9,-0.026,33.9,-0.028,33.9
556.5,-0.026,33.9,-0.027,33.9,-0.026,33.9,-0.025,33.9
557.0,-0.024,33.9,-0.025,33.9,-0.026,33.9,-0.025,33.9
557.5,-0.022,33.9,-0.022,33.9,-0.023,33.9,-0.024,33.9
558.0,-0.024,33.9,-0.024,33.9,-0.026,33.9,-0.024,33.9
558.5,-0.028,33.9,-0.029,34.0,-0.028,33.9,-0.027,33.9
559.0,-0.032,33.9,-0.032,33.9,-0.031,33.9,-0.032,33.9
559.5,-0.032,34.0,-0.031,34.0,-0.031,33.9,-0.032,34.0
560.0,-0.027,34.0,-0.026,34.0,-0.027,33.9,-0.027,34.0
560.5,-0.020,34.0,-0.020,34.0,-0.021,34.0,-0.022,34.0
561.0,-0.015,34.0,-0.016,34.0,-0.015,34.0,-0.016,34.0
561.5,-0.011,34.0,-0.011,34.0,-0.013,34.0,-0.012,34.0
562.0,-0.006,34.0,-0.006,34.0,-0.008,34.0,-0.007,34.0
562.5,0.002,34.0,0.001,34.0,0.001,34.0,0.001,34.0
563.0,0.009,34.0,0.010,34.0,0.005,34.0,0.009,34.0
563.5,0.014,34.0,0.015,34.0,0.014,34.0,0.013,34.0
564.0,0.016,34.0,0.017,34.0,0.017,34.0,0.016,34.0
564.5,0.017,34.0,0.016,34.0,0.018,34.0,0.016,34.0
565.0,0.018,34.0,0.018,34.0,0.018,33.9,0.019,34.0
565.5,0.020,33.9,0.019,33.9,0.020,34.0,0.020,33.9
566.0,0.022,33.9,0.022,33.9,0.020,34.0,0.023,33.9
566.5,0.023,33.9,0.022,33.9,0.022,33.9,0.024,33.9
567.0,0.025,33.9,0.025,33.9,0.026,33.9,0.025,33.9
567.5,0.028,33.8,0.027,33.8,0.028,33.8,0.028,33.9
568.0,0.028,33.8,0.027,33.8,0.027,33.8,0.031,33.8
568.5,0.027,33.8,0.027,33.8,0.027,33.7,0.029,33.8
569.0,0.024,33.7,0.023,33.7,0.024,33.7,0.024,33.7
569.5,0.025,33.7,0.025,33.7,0.024,33.8,0.027,33.7
570.0,0.026,33.7,0.027,33.7,0.026,33.7,0.026,33.7
570.5,0.026,33.7,0.026,33.7,0.027,33.7,0.025,33.7
571.0,0.028,33.7,0.028,33.7,0.029,33.7,0.028,33.7
571.5,0.029,33.6,0.031,33.6,0.028,33.6,0.028,33.6
572.0,0.031,33.6,0.032,33.6,0.032,33.6,0.031,33.6
572.5,0.033,33.6,0.032,33.6,0.033,33.6,0.031,33.6
573.0,0.035,33.5,0.036,33.5,0.035,33.5,0.033,33.6
573.5,0.036,33.5,0.038,33.5,0.036,33.5,0.037,33.5
574.0,0.034,33.5,0.034,33.5,0.035,33.5,0.033,33.5
574.5,0.034,33.5,0.034,33.5,0.035,33.5,0.034,33.5
575.0,0.032,33.5,0.033,33.5,0.032,33.4,0.031,33.5
575.5,0.033,33.4,0.034,33.4,0.034,33.4,0.032,33.5
576.0,0.035,33.4,0.035,33.4,0.034,33.4,0.035,33.4
576.5,0.036,33.4,0.036,33.4,0.035,33.4,0.034,33.4
577.0,0.034,33.4,0.035,33.4,0.035,33.4,0.034,33.4
577.5,0.032,33.4,0.031,33.4,0.034,33.3,0.032,33.4
578.0,0.031,33.4,0.030,33.4,0.030,33.4,0.032,33.3
578.5,0.028,33.3,0.027,33.3,0.028,33.3,0.029,33.4
579.0,0.028,33.4,0.030,33.3,0.028,33.3,0.030,33.4
579.5,0.028,33.3,0.028,33.3,0.027,33.3,0.028,33.4
580.0,0.027,33.3,0.028,33.3,0.027,33.4,0.027,33.3
580.5,0.028,33.3,0.027,33.3,0.027,33.3,0.027,33.3
581.0,0.031,33.3,0.030,33.3,0.030,33.3,0.030,33.3
581.5,0.034,33.3,0.033,33.3,0.033,33.3,0.031,33.3
582.0,0.035,33.3,0.035,33.3,0.035,33.3,0.036,33.3
582.5,0.034,33.3,0.034,33.3,0.032,33.3,0.035,33.3
583.0,0.035,33.3,0.035,33.3,0.035,33.4,0.036,33.3
583.5,0.033,33.3,0.034,33.3,0.033,33.3,0.033,33.3
584.0,0.033,33.2,0.033,33.2,0.034,33.2,0.032,33.2
584.5,0.032,33.3,0.033,33.3,0.033,33.2,0.032,33.3
585.0,0.032,33.3,0.033,33.3,0.030,33.2,0.032,33.3
585.5,0.034,33.2,0.034,33.2,0.033,33.2,0.035,33.2
586.0,0.033,33.2,0.035,33.2,0.033,33.2,0.040,33.3
586.5,0.034,33.2,0.036,33.2,0.035,33.2,0.035,33.2
587.0,0.032,33.2,0.032,33.2,0.031,33.2,0.033,33.2
587.5,0.029,33.2,0.029,33.2,0.028,33.2,0.031,33.2
588.0,0.027,33.2,0.026,33.2,0.029,33.2,0.028,33.2
588.5,0.025,33.2,0.026,33.2,0.024,33.3,0.026,33.2
589.0,0.026,33.2,0.026,33.2,0.025,33.2,0.028,33.3
589.5,0.026,33.2,0.026,33.2,0.024,33.2,0.027,33.3
590.0,0.029,33.2,0.029,33.2,0.029,33.2,0.028,33.2
590.5,0.031,33.2,0.031,33.2,0.030,33.2,0.030,33.2
591.0,0.033,33.2,0.033,33.2,0.033,33.2,0.030,33.3
591.5,0.033,33.2,0.034,33.2,0.030,33.2,0.032,33.2
592.0,0.031,33.2,0.033,33.2,0.032,33.2,0.032,33.2
592.5,0.033,33.2,0.033,33.2,0.034,33.2,0.034,33.2
593.0,0.033,33.2,0.034,33.2,0.034,33.2,0.034,33.2
593.5,0.033,33.2,0.034,33.2,0.033,33.2,0.033,33.2
594.0,0.033,33.1,0.032,33.1,0.033,33.1,0.034,33.1
594.5,0.030,33.1,0.031,33.1,0.032,33.2,0.032,33.2
595.0,0.032,33.1,0.032,33.1,0.033,33.1,0.032,33.2
595.5,0.031,33.1,0.030,33.1,0.031,33.1,0.030,33.2
596.0,0.030,33.1,0.030,33.1,0.032,33.2,0.029,33.1
596.5,0.030,33.1,0.031,33.1,0.031,33.2,0.029,33.1
597.0,0.027,33.1,0.028,33.1,0.028,33.1,0.028,33.1
597.5,0.026,33.1,0.025,33.1,0.026,33.1,0.028,33.2
598.0,0.025,33.1,0.025,33.1,0.027,33.1,0.027,33.1
598.5,0.025,33.1,0.025,33.1,0.026,33.1,0.027,33.1
599.0,0.023,33.1,0.026,33.1,0.025,33.1,0.024,33.1
599.5,0.025,33.2,0.025,33.2,0.026,33.1,0.023,33.2
600.0,0.027,33.2,0.027,33.2,0.027,33.2,0.025,33.2
600.5,0.026,33.2,0.026,33.2,0.027,33.1,0.026,33.1
601.0,0.026,33.1,0.025,33.1,0.027,33.1,0.028,33.2
601.5,0.026,33.1,0.026,33.1,0.025,33.1,0.027,33.1
602.0,0.026,33.1,0.027,33.1,0.025,33.1,0.026,33.1
602.5,0.026,33.1,0.026,33.1,0.027,33.1,0.025,33.1
603.0,0.024,33.1,0.023,33.1,0.023,33.2,0.024,33.1
603.5,0.022,33.1,0.023,33.2,0.024,33.1,0.022,33.1
604.0,0.019,33.1,0.019,33.2,0.021,33.1,0.021,33.2
604.5,0.017,33.2,0.018,33.2,0.016,33.2,0.018,33.2
605.0,0.015,33.2,0.015,33.2,0.015,33.2,0.015,33.2
605.5,0.014,33.2,0.015,33.2,0.016,33.2,0.014,33.2
606.0,0.016,33.2,0.015,33.2,0.017,33.2,0.016,33.2
606.5,0.015,33.2,0.015,33.2,0.017,33.2,0.014,33.2
607.0,0.014,33.2,0.016,33.2,0.015,33.2,0.016,33.2
607.5,0.014,33.3,0.016,33.3,0.016,33.2,0.015,33.3
608.0,0.015,33.2,0.015,33.2,0.016,33.3,0.016,33.2
608.5,0.014,33.2,0.014,33.2,0.016,33.3,0.014,33.3
609.0,0.012,33.3,0.013,33.2,0.012,33.3,0.012,33.3
609.5,0.013,33.3,0.014,33.3,0.011,33.2,0.013,33.3
610.0,0.013,33.3,0.014,33.3,0.012,33.3,0.013,33.3
610.5,0.014,33.3,0.014,33.3,0.013,33.3,0.011,33.3
611.0,0.013,33.3,0.012,33.3,0.012,33.3,0.012,33.3
611.5,0.012,33.3,0.013,33.3,0.012,33.3,0.012,33.3
612.0,0.013,33.3,0.013,33.3,0.013,33.3,0.014,33.3
612.5,0.013,33.3,0.013,33.3,0.013,33.3,0.012,33.3
613.0,0.011,33.3,0.011,33.3,0.011,33.3,0.012,33.3
613.5,0.009,33.3,0.009,33.3,0.011,33.3,0.010,33.3
614.0,0.007,33.3,0.007,33.3,0.008,33.3,0.008,33.4
614.5,0.004,33.3,0.005,33.3,0.007,33.3,0.004,33.3
615.0,0.003,33.4,0.004,33.3,0.004,33.3,0.002,33.3
615.5,0.005,33.4,0.006,33.4,0.005,33.4,0.005,33.3
616.0,0.006,33.4,0.005,33.4,0.005,33.4,0.006,33.4
616.5,0.008,33.4,0.007,33.4,0.007,33.4,0.009,33.4
617.0,0.008,33.4,0.008,33.4,0.011,33.4,0.009,33.4
617.5,0.010,33.4,0.011,33.4,0.012,33.4,0.011,33.4
618.0,0.012,33.4,0.012,33.4,0.011,33.4,0.013,33.4
618.5,0.010,33.4,0.012,33.4,0.013,33.4,0.011,33.4
619.0,0.009,33.4,0.010,33.4,0.009,33.4,0.010,33.4
619.5,0.009,33.4,0.009,33.4,0.007,33.4,0.009,33.4
620.0,0.010,33.4,0.010,33.4,0.008,33.4,0.008,33.4
620.5,0.010,33.4,0.010,33.4,0.009,33.4,0.009,33.4
621.0,0.007,33.4,0.007,33.4,0.007,33.4,0.009,33.4
621.5,0.006,33.4,0.006,33.4,0.007,33.4,0.006,33.4
622.0,0.005,33.4,0.003,33.4,0.006,33.5,0.003,33.4
622.5,0.003,33.4,0.003,33.4,0.003,33.5,0.003,33.4
623.0,0.001,33.4,0.001,33.4,0.000,33.4,0.000,33.5
623.5,-0.007,33.5,-0.005,33.4,-0.006,33.5,-0.002,33.4
624.0,-0.021,33.5,-0.020,33.5,-0.019,33.4,-0.018,33.5
624.5,-0.045,33.5,-0.044,33.5,-0.042,33.5,-0.038,33.5
625.0,-0.073,33.5,-0.072,33.5,-0.071,33.5,-0.071,33.6
625.5,-0.103,33.5,-0.102,33.5,-0.096,33.5,-0.101,33.5
626.0,-0.116,33.5,-0.116,33.5,-0.113,33.5,-0.114,33.5
626.5,-0.112,33.4,-0.112,33.4,-0.113,33.5,-0.113,33.5
627.0,-0.100,33.4,-0.098,33.4,-0.100,33.4,-0.101,33.4
627.5,-0.084,33.4,-0.085,33.3,-0.086,33.4,-0.086,33.4
628.0,-0.060,33.3,-0.062,33.4,-0.059,33.4,-0.074,33.4
628.5,-0.050,33.4,-0.051,33.4,-0.051,33.4,-0.056,33.4
629.0,-0.043,33.4,-0.042,33.4,-0.043,33.4,-0.044,33.4
629.5,-0.036,33.4,-0.036,33.4,-0.038,33.5,-0.036,33.4
630.0,-0.031,33.5,-0.031,33.5,-0.032,33.5,-0.033,33.5
630.5,-0.030,33.5,-0.030,33.5,-0.031,33.5,-0.031,33.5
631.0,-0.037,33.5,-0.036,33.5,-0.035,33.5,-0.035,33.5
631.5,-0.040,33.6,-0.038,33.6,-0.038,33.6,-0.038,33.5
632.0,-0.038,33.6,-0.037,33.6,-0.039,33.6,-0.037,33.5
632.5,-0.034,33.6,-0.034,33.6,-0.033,33.6,-0.034,33.6
633.0,-0.028,33.6,-0.027,33.6,-0.028,33.6,-0.031,33.6
633.5,-0.025,33.7,-0.024,33.7,-0.025,33.7,-0.024,33.6
634.0,-0.031,33.7,-0.030,33.7,-0.028,33.7,-0.030,33.7
634.5,-0.032,33.7,-0.031,33.7,-0.032,33.7,-0.032,33.7
635.0,-0.029,33.7,-0.029,33.7,-0.028,33.7,-0.030,33.7
635.5,-0.026,33.7,-0.026,33.7,-0.026,33.7,-0.026,33.7
636.0,-0.025,33.7,-0.026,33.7,-0.026,33.7,-0.026,33.7
636.5,-0.029,33.7,-0.028,33.7,-0.027,33.7,-0.028,33.7
637.0,-0.032,33.8,-0.031,33.8,-0.029,33.7,-0.032,33.7
637.5,-0.032,33.8,-0.033,33.8,-0.029,33.8,-0.033,33.8
638.0,-0.028,33.8,-0.029,33.8,-0.028,33.8,-0.027,33.8
638.5,-0.022,33.8,-0.022,33.8,-0.022,33.8,-0.023,33.8
639.0,-0.018,33.8,-0.018,33.8,-0.018,33.8,-0.018,33.8
639.5,-0.014,33.8,-0.013,33.8,-0.013,33.8,-0.015,33.8
640.0,-0.011,33.8,-0.010,33.8,-0.009,33.8,-0.011,33.8
640.5,-0.007,33.8,-0.006,33.8,-0.008,33.9,-0.008,33.8
641.0,-0.003,33.8,-0.003,33.8,-0.002,33.8,-0.004,33.8
641.5,0.001,33.8,-0.001,33.8,0.000,33.8,-0.001,33.8
642.0,0.003,33.8,0.003,33.8,0.005,33.8,0.001,33.9
642.5,0.006,33.8,0.006,33.8,0.004,33.8,0.007,33.8
643.0,0.008,33.8,0.008,33.8,0.007,33.8,0.007,33.8
643.5,0.010,33.8,0.010,33.8,0.010,33.8,0.012,33.8
644.0,0.013,33.8,0.013,33.8,0.012,33.8,0.015,33.8
644.5,0.018,33.8,0.018,33.8,0.016,33.8,0.018,33.8
645.0,0.021,33.7,0.022,33.8,0.021,33.8,0.021,33.7
645.5,0.022,33.7,0.022,33.7,0.022,33.7,0.023,33.7
646.0,0.022,33.7,0.022,33.7,0.022,33.7,0.023,33.7
646.5,0.022,33.7,0.022,33.7,0.024,33.7,0.023,33.7
647.0,0.023,33.6,0.023,33.6,0.024,33.7,0.023,33.6
647.5,0.023,33.6,0.024,33.6,0.023,33.6,0.023,33.6
648.0,0.024,33.6,0.024,33.6,0.024,33.6,0.025,33.6
648.5,0.024,33.6,0.024,33.6,0.025,33.6,0.025,33.6
649.0,0.025,33.6,0.026,33.6,0.025,33.6,0.024,33.6
649.5,0.028,33.5,0.027,33.5,0.026,33.5,0.027,33.5
650.0,0.031,33.5,0.030,33.5,0.030,33.5,0.030,33.5
650.5,0.034,33.5,0.033,33.5,0.035,33.5,0.035,33.5
651.0,0.034,33.4,0.036,33.4,0.033,33.4,0.034,33.4
651.5,0.035,33.4,0.035,33.4,0.032,33.4,0.036,33.4
652.0,0.033,33.4,0.032,33.4,0.033,33.3,0.033,33.4
652.5,0.032,33.3,0.030,33.4,0.031,33.3,0.032,33.3
653.0,0.032,33.3,0.032,33.3,0.031,33.3,0.032,33.3
653.5,0.031,33.3,0.031,33.3,0.031,33.3,0.031,33.3
654.0,0.034,33.3,0.033,33.3,0.034,33.3,0.034,33.3
654.5,0.034,33.3,0.035,33.2,0.034,33.3,0.038,33.3
655.0,0.033,33.2,0.033,33.3,0.035,33.3,0.035,33.2
655.5,0.030,33.2,0.031,33.2,0.031,33.3,0.032,33.2
656.0,0.026,33.2,0.026,33.2,0.026,33.2,0.026,33.2
656.5,0.024,33.2,0.025,33.2,0.024,33.2,0.024,33.2
657.0,0.025,33.2,0.025,33.2,0.024,33.2,0.025,33.2
657.5,0.027,33.2,0.027,33.2,0.027,33.2,0.026,33.2
658.0,0.026,33.2,0.026,33.2,0.026,33.2,0.028,33.2
658.5,0.028,33.2,0.028,33.2,0.027,33.2,0.030,33.2
659.0,0.030,33.2,0.030,33.2,0.029,33.2,0.031,33.2
659.5,0.032,33.2,0.031,33.2,0.030,33.2,0.031,33.2
660.0,0.036,33.2,0.037,33.2,0.034,33.2,0.036,33.2
660.5,0.037,33.2,0.035,33.2,0.037,33.2,0.036,33.1
661.0,0.037,33.1,0.036,33.1,0.038,33.1,0.037,33.1
661.5,0.036,33.1,0.034,33.1,0.038,33.1,0.037,33.1
662.0,0.034,33.1,0.034,33.1,0.038,33.1,0.034,33.0
662.5,0.033,33.1,0.033,33.1,0.035,33.1,0.034,33.0
663.0,0.033,33.1,0.032,33.1,0.034,33.1,0.033,33.0
663.5,0.035,33.1,0.034,33.0,0.035,33.0,0.036,33.1
664.0,0.036,33.1,0.035,33.1,0.038,33.1,0.036,33.1
664.5,0.035,33.1,0.035,33.1,0.036,33.1,0.034,33.0
665.0,0.032,33.0,0.033,33.1,0.032,33.0,0.034,33.0
665.5,0.029,33.0,0.029,33.0,0.028,33.1,0.031,33.0
666.0,0.028,33.0,0.028,33.0,0.027,33.0,0.026,33.0
666.5,0.026,33.0,0.026,33.0,0.027,33.1,0.027,33.0
667.0,0.026,33.0,0.026,33.0,0.026,33.0,0.026,33.0
667.5,0.027,33.0,0.028,33.0,0.028,33.0,0.026,33.0
668.0,0.028,33.0,0.028,33.0,0.026,33.0,0.024,33.0
668.5,0.031,33.0,0.031,33.1,0.030,33.1,0.030,33.0
669.0,0.033,33.0,0.034,33.0,0.034,33.0,0.032,33.1
669.5,0.035,33.0,0.033,33.0,0.035,33.1,0.035,33.0
670.0,0.034,33.0,0.035,33.0,0.037,33.0,0.034,33.0
670.5,0.034,33.0,0.035,33.0,0.036,33.0,0.035,32.9
671.0,0.033,33.0,0.036,33.0,0.034,33.0,0.034,32.9
671.5,0.031,33.0,0.032,33.0,0.032,33.0,0.031,33.0
672.0,0.032,33.0,0.032,33.0,0.033,32.9,0.030,32.9
672.5,0.032,33.0,0.032,33.0,0.032,33.0,0.033,33.0
673.0,0.033,33.0,0.033,33.0,0.035,33.0,0.033,33.0
673.5,0.032,32.9,0.032,33.0,0.038,32.9,0.032,33.0
674.0,0.031,32.9,0.030,32.9,0.032,32.9,0.029,33.0
674.5,0.029,32.9,0.029,32.9,0.028,33.0,0.029,32.9
675.0,0.026,32.9,0.025,32.9,0.026,33.0,0.026,32.9
675.5,0.024,33.0,0.025,32.9,0.025,33.0,0.024,32.9
676.0,0.023,32.9,0.024,32.9,0.024,32.9,0.024,32.9
676.5,0.023,33.0,0.023,33.0,0.023,33.0,0.024,32.9
677.0,0.025,33.0,0.026,33.0,0.025,33.0,0.025,33.0
677.5,0.026,33.0,0.026,33.0,0.026,33.0,0.027,33.0
678.0,0.028,33.0,0.029,33.0,0.028,33.0,0.029,33.0
678.5,0.030,32.9,0.029,32.9,0.031,33.0,0.030,32.9
679.0,0.030,33.0,0.029,33.0,0.031,33.0,0.032,32.9
679.5,0.031,32.9,0.032,32.9,0.032,32.9,0.032,32.9
680.0,0.029,32.9,0.030,32.9,0.030,32.9,0.030,32.9
680.5,0.028,32.9,0.029,32.9,0.030,32.9,0.029,32.9
681.0,0.027,32.9,0.027,32.9,0.028,32.9,0.028,33.0
681.5,0.025,32.9,0.025,32.9,0.026,32.9,0.025,32.9
682.0,0.024,32.9,0.023,32.9,0.025,32.9,0.025,33.0
682.5,0.021,32.9,0.020,32.9,0.021,32.9,0.022,32.9
683.0,0.020,32.9,0.020,32.9,0.020,32.9,0.021,33.0
683.5,0.020,33.0,0.020,32.9,0.020,33.0,0.020,32.9
684.0,0.020,32.9,0.020,32.9,0.020,32.9,0.020,33.0
684.5,0.020,33.0,0.020,33.0,0.021,33.0,0.020,33.0
685.0,0.020,33.0,0.020,32.9,0.022,33.0,0.018,33.0
685.5,0.022,33.0,0.020,32.9,0.024,33.0,0.020,33.0
686.0,0.019,33.0,0.018,33.0,0.022,33.0,0.020,33.0
686.5,0.018,33.0,0.017,33.0,0.019,33.0,0.019,33.0
687.0,0.017,33.0,0.018,33.0,0.018,33.0,0.018,33.0
687.5,0.017,33.0,0.017,33.0,0.018,33.0,0.017,33.0
688.0,0.017,33.0,0.018,33.0,0.018,33.0,0.019,33.0
688.5,0.016,33.0,0.018,33.0,0.018,33.0,0.019,33.0
689.0,0.016,33.0,0.018,33.0,0.016,33.0,0.017,33.0
689.5,0.015,33.0,0.015,33.0,0.014,33.0,0.017,33.0
690.0,0.015,33.0,0.014,33.0,0.014,33.0,0.014,33.0
690.5,0.014,33.1,0.015,33.0,0.014,33.1,0.015,33.0
691.0,0.012,33.1,0.013,33.1,0.013,33.1,0.013,33.0
691.5,0.012,33.1,0.012,33.1,0.011,33.1,0.014,33.1
692.0,0.009,33.1,0.008,33.1,0.008,33.1,0.012,33.1
692.5,0.007,33.1,0.007,33.1,0.007,33.1,0.009,33.1
693.0,0.008,33.1,0.008,33.1,0.007,33.1,0.009,33.1
693.5,0.008,33.1,0.008,33.1,0.007,33.1,0.009,33.1
694.0,0.009,33.1,0.010,33.2,0.009,33.1,0.010,33.1
694.5,0.007,33.1,0.009,33.2,0.007,33.1,0.008,33.2
695.0,0.006,33.2,0.006,33.2,0.006,33.1,0.006,33.2
695.5,0.007,33.2,0.006,33.2,0.007,33.1,0.007,33.2
696.0,0.008,33.2,0.007,33.1,0.008,33.2,0.008,33.2
696.5,0.008,33.2,0.007,33.2,0.007,33.2,0.009,33.2
697.0,0.007,33.2,0.007,33.2,0.007,33.2,0.006,33.2
697.5,0.009,33.2,0.008,33.2,0.009,33.2,0.010,33.2
698.0,0.007,33.2,0.007,33.2,0.008,33.2,0.007,33.2
698.5,0.006,33.2,0.007,33.2,0.008,33.2,0.007,33.2
699.0,0.005,33.2,0.006,33.2,0.006,33.2,0.004,33.2
699.5,0.005,33.2,0.005,33.2,0.004,33.2,0.003,33.2
700.0,0.004,33.2,0.006,33.2,0.005,33.2,0.004,33.2
700.5,0.002,33.3,0.003,33.3,0.000,33.3,0.003,33.2
701.0,0.002,33.3,0.002,33.3,0.000,33.3,0.004,33.2
701.5,0.000,33.3,-0.000,33.3,0.000,33.3,0.003,33.2
702.0,-0.002,33.3,-0.001,33.2,-0.001,33.2,-0.002,33.3
702.5,-0.003,33.3,-0.003,33.3,0.000,33.3,-0.003,33.3
703.0,-0.009,33.3,-0.009,33.3,-0.008,33.3,-0.008,33.2
703.5,-0.017,33.3,-0.016,33.3,-0.016,33.3,-0.016,33.3
704.0,-0.034,33.3,-0.034,33.3,-0.033,33.3,-0.024,33.3
704.5,-0.054,33.4,-0.054,33.4,-0.044,33.4,-0.050,33.3
705.0,-0.085,33.4,-0.083,33.3,-0.079,33.4,-0.081,33.4
705.5,-0.102,33.3,-0.099,33.3,-0.103,33.4,-0.094,33.3
706.0,-0.108,33.3,-0.109,33.3,-0.107,33.4,-0.108,33.3
706.5,-0.099,33.2,-0.100,33.2,-0.099,33.2,-0.108,33.3
707.0,-0.080,33.2,-0.081,33.2,-0.084,33.2,-0.088,33.2
707.5,-0.067,33.2,-0.066,33.2,-0.068,33.2,-0.070,33.2
708.0,-0.052,33.2,-0.053,33.2,-0.052,33.2,-0.058,33.2
708.5,-0.039,33.2,-0.044,33.2,-0.040,33.2,-0.046,33.2
709.0,-0.035,33.3,-0.035,33.3,-0.035,33.3,-0.035,33.2
709.5,-0.034,33.3,-0.033,33.3,-0.034,33.3,-0.033,33.3
710.0,-0.032,33.3,-0.031,33.4,-0.032,33.3,-0.032,33.4
710.5,-0.025,33.4,-0.026,33.4,-0.026,33.4,-0.027,33.4
711.0,-0.022,33.4,-0.022,33.4,-0.022,33.4,-0.024,33.4
711.5,-0.020,33.4,-0.021,33.5,-0.020,33.4,-0.020,33.4
712.0,-0.019,33.4,-0.018,33.4,-0.019,33.4,-0.019,33.5
712.5,-0.023,33.5,-0.023,33.5,-0.022,33.5,-0.023,33.5
713.0,-0.019,33.5,-0.018,33.5,-0.020,33.5,-0.020,33.5
713.5,-0.020,33.5,-0.020,33.5,-0.019,33.5,-0.020,33.5
714.0,-0.026,33.5,-0.027,33.5,-0.025,33.6,-0.024,33.5
714.5,-0.037,33.5,-0.037,33.5,-0.036,33.5,-0.032,33.6
715.0,-0.045,33.5,-0.045,33.5,-0.042,33.5,-0.044,33.5
715.5,-0.043,33.6,-0.043,33.6,-0.043,33.6,-0.043,33.5
716.0,-0.036,33.6,-0.036,33.6,-0.036,33.6,-0.037,33.6
716.5,-0.034,33.6,-0.035,33.6,-0.035,33.5,-0.034,33.6
717.0,-0.035,33.6,-0.034,33.6,-0.035,33.6,-0.034,33.6
717.5,-0.037,33.6,-0.037,33.6,-0.036,33.6,-0.038,33.6
718.0,-0.036,33.6,-0.035,33.6,-0.037,33.6,-0.036,33.6
718.5,-0.030,33.6,-0.030,33.6,-0.036,33.6,-0.030,33.6
719.0,-0.027,33.6,-0.027,33.6,-0.029,33.6,-0.028,33.6
719.5,-0.021,33.6,-0.022,33.6,-0.023,33.6,-0.022,33.6
720.0,-0.015,33.6,-0.015,33.6,-0.017,33.6,-0.014,33.6
720.5,-0.008,33.6,-0.008,33.6,-0.010,33.7,-0.010,33.6
721.0,-0.004,33.6,-0.005,33.6,-0.004,33.6,-0.005,33.6
721.5,-0.002,33.6,-0.001,33.6,-0.002,33.6,0.000,33.6
722.0,0.004,33.6,0.004,33.7,0.004,33.6,0.004,33.6
722.5,0.010,33.7,0.011,33.7,0.008,33.6,0.009,33.7
723.0,0.017,33.6,0.017,33.6,0.016,33.6,0.016,33.6
723.5,0.017,33.6,0.018,33.6,0.017,33.6,0.016,33.6
724.0,0.016,33.6,0.016,33.6,0.015,33.6,0.016,33.6
724.5,0.015,33.6,0.016,33.6,0.015,33.6,0.016,33.6
725.0,0.017,33.6,0.017,33.6,0.017,33.6,0.016,33.6
725.5,0.019,33.5,0.019,33.5,0.019,33.5,0.019,33.6
726.0,0.021,33.5,0.021,33.5,0.021,33.5,0.021,33.5
726.5,0.024,33.5,0.025,33.5,0.022,33.5,0.024,33.5
727.0,0.026,33.5,0.026,33.5,0.025,33.5,0.026,33.5
727.5,0.028,33.4,0.028,33.4,0.027,33.4,0.028,33.4
728.0,0.029,33.4,0.031,33.4,0.029,33.4,0.031,33.4
728.5,0.032,33.4,0.030,33.3,0.031,33.4,0.031,33.4
729.0,0.032,33.4,0.032,33.3,0.032,33.3,0.032,33.4
729.5,0.031,33.3,0.031,33.3,0.031,33.3,0.031,33.3
730.0,0.031,33.3,0.030,33.3,0.031,33.3,0.030,33.3
730.5,0.031,33.2,0.031,33.3,0.032,33.3,0.029,33.3
731.0,0.033,33.2,0.033,33.2,0.032,33.2,0.033,33.2
731.5,0.033,33.2,0.032,33.2,0.034,33.2,0.033,33.2
732.0,0.034,33.2,0.032,33.2,0.034,33.1,0.034,33.1
732.5,0.033,33.2,0.032,33.2,0.034,33.1,0.035,33.2
733.0,0.030,33.1,0.029,33.1,0.029,33.1,0.029,33.1
733.5,0.026,33.1,0.028,33.1,0.027,33.1,0.025,33.1
734.0,0.025,33.1,0.027,33.1,0.025,33.1,0.024,33.1
734.5,0.026,33.1,0.027,33.1,0.027,33.1,0.025,33.1
735.0,0.028,33.1,0.028,33.1,0.027,33.1,0.027,33.1
735.5,0.028,33.1,0.027,33.1,0.029,33.1,0.029,33.1
736.0,0.031,33.1,0.030,33.1,0.031,33.1,0.033,33.1
736.5,0.031,33.1,0.032,33.0,0.033,33.0,0.032,33.1
737.0,0.033,33.0,0.032,33.0,0.033,33.1,0.033,33.1
737.5,0.035,33.0,0.037,33.0,0.035,33.0,0.035,33.1
738.0,0.036,33.0,0.037,33.0,0.035,33.0,0.037,33.0
738.5,0.036,33.0,0.035,33.0,0.036,33.0,0.036,33.0
739.0,0.033,33.0,0.037,33.0,0.033,33.0,0.034,33.0
739.5,0.032,33.0,0.032,33.0,0.035,32.9,0.032,32.9
740.0,0.033,32.9,0.032,33.0,0.034,33.0,0.032,33.0
740.5,0.033,32.9,0.033,32.9,0.035,32.9,0.034,32.9
741.0,0.033,32.9,0.033,32.9,0.034,32.9,0.033,32.9
741.5,0.031,32.9,0.031,32.9,0.030,32.9,0.031,32.9
742.0,0.030,32.9,0.030,33.0,0.031,32.9,0.031,32.9
742.5,0.028,32.9,0.029,32.9,0.028,32.9,0.028,32.9
743.0,0.025,32.9,0.025,32.9,0.026,32.9,0.026,32.9
743.5,0.022,32.9,0.022,32.9,0.023,32.9,0.023,32.9
744.0,0.023,32.9,0.022,32.9,0.025,32.9,0.024,32.9
744.5,0.028,32.9,0.028,32.9,0.028,33.0,0.028,33.0
745.0,0.028,32.9,0.029,32.9,0.029,32.9,0.029,32.9
745.5,0.030,32.9,0.032,32.9,0.031,32.9,0.031,32.9
746.0,0.032,32.9,0.032,32.9,0.032,32.9,0.030,32.9
746.5,0.032,32.9,0.032,32.9,0.032,32.9,0.032,32.9
747.0,0.034,32.9,0.035,32.8,0.035,32.9,0.034,32.9
747.5,0.033,32.9,0.036,32.9,0.037,32.9,0.034,32.9
748.0,0.034,32.8,0.035,32.9,0.034,32.9,0.034,32.8
748.5,0.032,32.8,0.032,32.9,0.034,32.9,0.032,32.8
749.0,0.030,32.8,0.029,32.8,0.030,32.8,0.031,32.8
749.5,0.032,32.8,0.030,32.9,0.033,32.8,0.031,32.8
750.0,0.032,32.8,0.032,32.8,0.031,32.8,0.033,32.8
750.5,0.033,32.8,0.033,32.8,0.032,32.8,0.034,32.8
751.0,0.031,32.8,0.030,32.8,0.031,32.8,0.031,32.8
751.5,0.031,32.8,0.030,32.8,0.030,32.8,0.031,32.8
752.0,0.029,32.8,0.029,32.8,0.029,32.8,0.030,32.8
752.5,0.026,32.8,0.027,32.8,0.028,32.8,0.028,32.8
753.0,0.026,32.8,0.027,32.8,0.028,32.8,0.026,32.8
753.5,0.026,32.8,0.026,32.8,0.027,32.8,0.024,32.8
754.0,0.027,32.8,0.028,32.8,0.027,32.8,0.028,32.8
754.5,0.030,32.8,0.031,32.8,0.030,32.8,0.030,32.8
755.0,0.032,32.8,0.033,32.8,0.031,32.8,0.029,32.8
755.5,0.033,32.8,0.034,32.8,0.032,32.8,0.032,32.8
756.0,0.032,32.8,0.033,32.8,0.033,32.8,0.032,32.8
756.5,0.033,32.8,0.033,32.8,0.033,32.7,0.034,32.8
757.0,0.031,32.8,0.031,32.7,0.031,32.7,0.032,32.8
757.5,0.031,32.8,0.030,32.8,0.030,32.8,0.032,32.8
758.0,0.030,32.8,0.030,32.8,0.031,32.8,0.030,32.7
758.5,0.028,32.7,0.027,32.7,0.029,32.8,0.029,32.7
759.0,0.027,32.8,0.027,32.7,0.027,32.8,0.027,32.8
759.5,0.023,32.8,0.024,32.8,0.022,32.8,0.025,32.8
760.0,0.022,32.8,0.022,32.7,0.023,32.7,0.024,32.7
760.5,0.022,32.8,0.022,32.8,0.022,32.7,0.024,32.8
761.0,0.020,32.8,0.020,32.8,0.021,32.8,0.021,32.8
761.5,0.020,32.8,0.020,32.8,0.020,32.7,0.021,32.8
762.0,0.019,32.8,0.019,32.8,0.018,32.8,0.018,32.8
762.5,0.018,32.8,0.019,32.8,0.018,32.8,0.017,32.8
763.0,0.018,32.8,0.019,32.8,0.018,32.8,0.018,32.8
763.5,0.018,32.9,0.018,32.8,0.018,32.8,0.018,32.9
764.0,0.018,32.8,0.017,32.8,0.017,32.8,0.018,32.8
764.5,0.018,32.8,0.019,32.8,0.017,32.8,0.019,32.8
765.0,0.018,32.9,0.019,32.9,0.019,32.8,0.020,32.8
765.5,0.018,32.8,0.019,32.9,0.017,32.8,0.020,32.8
766.0,0.019,32.9,0.019,32.9,0.018,32.9,0.020,32.8
766.5,0.019,32.9,0.018,32.9,0.020,32.9,0.020,32.9
767.0,0.019,32.9,0.017,32.9,0.019,32.8,0.019,32.9
767.5,0.017,32.9,0.018,32.9,0.020,32.8,0.020,32.9
768.0,0.016,32.9,0.017,32.9,0.018,32.9,0.017,32.9
768.5,0.016,32.9,0.017,32.9,0.015,32.9,0.016,32.9
769.0,0.014,32.9,0.015,32.9,0.014,32.9,0.014,32.9
769.5,0.010,32.9,0.009,32.9,0.010,32.8,0.012,32.9
770.0,0.008,32.9,0.008,32.9,0.010,32.8,0.010,32.9
770.5,0.008,32.9,0.008,32.9,0.010,32.9,0.009,32.9
771.0,0.009,32.9,0.009,32.9,0.010,32.9,0.011,32.9
771.5,0.009,32.9,0.009,33.0,0.009,32.9,0.010,32.9
772.0,0.009,33.0,0.010,33.0,0.008,32.9,0.009,33.0
772.5,0.009,33.0,0.010,33.0,0.008,32.9,0.010,33.0
773.0,0.011,33.0,0.011,33.0,0.011,33.0,0.012,33.0
773.5,0.011,33.0,0.012,33.0,0.012,33.0,0.016,33.1
774.0,0.010,33.0,0.009,33.0,0.011,33.0,0.015,33.1
774.5,0.010,33.0,0.009,33.0,0.010,33.0,0.011,33.0
775.0,0.010,33.0,0.009,33.0,0.011,33.0,0.010,33.0
775.5,0.009,33.0,0.009,33.0,0.011,33.0,0.009,33.0
776.0,0.008,33.0,0.007,33.0,0.009,33.0,0.009,33.1
776.5,0.007,33.0,0.006,33.1,0.008,33.0,0.007,33.0
777.0,0.006,33.0,0.005,33.1,0.008,33.0,0.006,33.0
777.5,0.006,33.0,0.006,33.0,0.007,33.0,0.006,33.0
778.0,0.006,33.0,0.006,33.0,0.006,33.0,0.007,33.0
778.5,0.005,33.1,0.006,33.0,0.007,33.1,0.006,33.0
779.0,0.003,33.1,0.004,33.1,0.005,33.1,0.002,33.1
779.5,0.003,33.1,0.003,33.1,0.003,33.1,0.003,33.1
780.0,0.003,33.1,0.004,33.1,0.005,33.1,0.004,33.1
780.5,0.004,33.1,0.004,33.1,0.004,33.0,0.003,33.1
781.0,0.003,33.1,0.002,33.1,0.004,33.1,0.002,33.1
781.5,0.002,33.1,0.003,33.1,0.002,33.1,0.003,33.1
782.0,0.002,33.1,0.005,33.1,0.002,33.1,0.004,33.1
782.5,0.002,33.1,0.003,33.1,0.003,33.1,0.002,33.1
783.0,-0.001,33.1,-0.001,33.1,0.000,33.1,0.001,33.1
783.5,-0.008,33.1,-0.009,33.1,-0.008,33.1,-0.006,33.2
784.0,-0.023,33.2,-0.023,33.2,-0.020,33.1,-0.020,33.2
784.5,-0.044,33.2,-0.044,33.2,-0.040,33.2,-0.038,33.1
785.0,-0.070,33.2,-0.071,33.2,-0.065,33.2,-0.055,33.2
785.5,-0.100,33.2,-0.101,33.2,-0.095,33.2,-0.096,33.2
786.0,-0.118,33.2,-0.120,33.2,-0.119,33.2,-0.115,33.2
786.5,-0.115,33.1,-0.116,33.1,-0.115,33.1,-0.116,33.1
787.0,-0.096,33.0,-0.096,33.0,-0.100,33.1,-0.109,33.1
787.5,-0.082,33.0,-0.083,33.0,-0.083,33.0,-0.085,33.0
788.0,-0.070,33.0,-0.072,33.0,-0.070,33.0,-0.071,33.0
788.5,-0.062,33.0,-0.061,33.0,-0.062,33.0,-0.067,33.0
789.0,-0.049,33.0,-0.049,33.0,-0.050,33.1,-0.053,33.0
789.5,-0.040,33.1,-0.040,33.1,-0.041,33.1,-0.046,33.1
790.0,-0.033,33.1,-0.036,33.1,-0.034,33.1,-0.036,33.1
790.5,-0.033,33.2,-0.033,33.2,-0.033,33.2,-0.032,33.2
791.0,-0.038,33.2,-0.038,33.2,-0.037,33.2,-0.037,33.2
791.5,-0.042,33.2,-0.042,33.2,-0.041,33.2,-0.041,33.2
792.0,-0.040,33.2,-0.040,33.2,-0.041,33.2,-0.041,33.2
792.5,-0.029,33.2,-0.029,33.2,-0.031,33.2,-0.028,33.2
793.0,-0.024,33.2,-0.024,33.2,-0.026,33.2,-0.024,33.2
793.5,-0.029,33.3,-0.028,33.3,-0.029,33.3,-0.027,33.3
794.0,-0.035,33.3,-0.034,33.3,-0.035,33.3,-0.034,33.3
794.5,-0.036,33.3,-0.036,33.3,-0.033,33.3,-0.036,33.3
795.0,-0.029,33.3,-0.031,33.4,-0.029,33.4,-0.030,33.3
795.5,-0.030,33.4,-0.030,33.4,-0.030,33.3,-0.031,33.3
796.0,-0.035,33.4,-0.035,33.4,-0.035,33.4,-0.035,33.4
796.5,-0.037,33.4,-0.037,33.4,-0.037,33.4,-0.038,33.4
797.0,-0.030,33.4,-0.031,33.4,-0.030,33.4,-0.030,33.4
797.5,-0.020,33.4,-0.021,33.4,-0.024,33.4,-0.021,33.4
798.0,-0.013,33.4,-0.014,33.4,-0.015,33.4,-0.014,33.4
798.5,-0.011,33.4,-0.011,33.4,-0.011,33.4,-0.010,33.4
799.0,-0.011,33.4,-0.011,33.4,-0.012,33.4,-0.011,33.5
799.5,-0.010,33.4,-0.010,33.4,-0.009,33.5,-0.010,33.4
800.0,-0.006,33.5,-0.005,33.5,-0.006,33.5,-0.006,33.5
800.5,-0.002,33.5,-0.001,33.4,-0.002,33.5,-0.002,33.4
801.0,0.001,33.5,0.002,33.5,0.002,33.4,0.000,33.5
801.5,0.005,33.5,0.006,33.5,0.005,33.5,0.006,33.5
802.0,0.010,33.5,0.010,33.5,0.010,33.5,0.010,33.4
802.5,0.015,33.5,0.017,33.5,0.015,33.5,0.015,33.5
803.0,0.016,33.4,0.017,33.5,0.015,33.5,0.015,33.4
803.5,0.018,33.4,0.018,33.4,0.017,33.4,0.015,33.4
804.0,0.022,33.4,0.021,33.4,0.023,33.4,0.022,33.4
804.5,0.025,33.4,0.025,33.4,0.026,33.4,0.022,33.4
805.0,0.026,33.3,0.026,33.3,0.026,33.4,0.026,33.4
805.5,0.026,33.3,0.026,33.3,0.025,33.3,0.028,33.3
806.0,0.026,33.3,0.026,33.3,0.027,33.2,0.027,33.3
806.5,0.026,33.2,0.025,33.2,0.027,33.2,0.026,33.2
807.0,0.027,33.2,0.026,33.2,0.027,33.2,0.028,33.2
807.5,0.026,33.2,0.026,33.2,0.030,33.2,0.027,33.2
808.0,0.025,33.2,0.025,33.2,0.027,33.2,0.025,33.2
808.5,0.028,33.1,0.028,33.1,0.027,33.1,0.027,33.2
809.0,0.029,33.1,0.029,33.1,0.028,33.1,0.029,33.1
809.5,0.030,33.1,0.031,33.1,0.030,33.1,0.030,33.1
810.0,0.029,33.1,0.029,33.1,0.030,33.1,0.029,33.1
810.5,0.028,33.1,0.028,33.1,0.028,33.0,0.030,33.1
811.0,0.025,33.0,0.025,33.0,0.025,33.0,0.026,33.0
811.5,0.024,33.0,0.024,33.0,0.023,33.0,0.024,33.0
812.0,0.024,33.0,0.024,33.0,0.025,33.1,0.024,33.0
812.5,0.022,33.0,0.022,33.0,0.022,33.0,0.023,33.0
813.0,0.023,33.0,0.025,33.0,0.023,33.0,0.022,33.0
813.5,0.026,33.0,0.026,33.0,0.026,33.0,0.025,33.0
814.0,0.028,33.0,0.027,33.0,0.028,33.0,0.027,32.9
814.5,0.029,33.0,0.029,33.0,0.028,33.0,0.029,33.0
815.0,0.030,33.0,0.029,33.0,0.030,33.0,0.030,33.0
815.5,0.031,32.9,0.031,32.9,0.031,32.9,0.033,33.0
816.0,0.031,32.9,0.030,32.9,0.031,33.0,0.031,32.9
816.5,0.031,32.9,0.031,32.9,0.030,32.9,0.031,32.9
817.0,0.030,32.9,0.030,32.9,0.030,32.9,0.030,32.9
817.5,0.030,32.9,0.031,32.9,0.029,32.9,0.029,32.9
818.0,0.033,32.9,0.033,32.9,0.033,32.9,0.031,32.9
818.5,0.033,32.9,0.033,32.9,0.032,32.9,0.033,32.9
819.0,0.036,32.8,0.035,32.8,0.036,32.8,0.036,32.9
819.5,0.034,32.8,0.034,32.8,0.034,32.8,0.036,32.8
820.0,0.031,32.8,0.030,32.8,0.029,32.8,0.031,32.8
820.5,0.026,32.8,0.025,32.8,0.028,32.9,0.027,32.8
821.0,0.025,32.8,0.025,32.8,0.027,32.9,0.026,32.8
821.5,0.028,32.8,0.027,32.8,0.028,32.8,0.027,32.8
822.0,0.029,32.8,0.030,32.8,0.028,32.8,0.030,32.8
822.5,0.030,32.8,0.030,32.8,0.028,32.8,0.029,32.8
823.0,0.031,32.8,0.032,32.8,0.030,32.8,0.029,32.8
823.5,0.032,32.8,0.033,32.8,0.033,32.8,0.031,32.8
824.0,0.034,32.8,0.034,32.8,0.033,32.8,0.034,32.8
824.5,0.033,32.7,0.033,32.7,0.033,32.8,0.034,32.7
825.0,0.035,32.7,0.036,32.7,0.036,32.8,0.036,32.7
825.5,0.035,32.7,0.036,32.7,0.036,32.8,0.035,32.7
826.0,0.034,32.7,0.034,32.7,0.034,32.7,0.035,32.7
826.5,0.035,32.7,0.034,32.7,0.034,32.7,0.036,32.7
827.0,0.035,32.7,0.034,32.7,0.034,32.7,0.037,32.7
827.5,0.036,32.7,0.036,32.7,0.037,32.7,0.036,32.7
828.0,0.035,32.7,0.035,32.7,0.035,32.7,0.037,32.7
828.5,0.035,32.6,0.036,32.7,0.035,32.6,0.034,32.7
829.0,0.034,32.7,0.033,32.7,0.036,32.7,0.031,32.6
829.5,0.031,32.6,0.033,32.7,0.032,32.6,0.032,32.6
830.0,0.029,32.7,0.028,32.6,0.029,32.6,0.029,32.7
830.5,0.028,32.7,0.028,32.7,0.027,32.7,0.028,32.7
831.0,0.030,32.7,0.029,32.7,0.029,32.7,0.029,32.7
831.5,0.031,32.6,0.032,32.7,0.032,32.7,0.032,32.7
832.0,0.032,32.6,0.032,32.7,0.032,32.6,0.032,32.6
832.5,0.034,32.6,0.034,32.6,0.032,32.6,0.033,32.6
833.0,0.032,32.6,0.035,32.6,0.031,32.6,0.032,32.7
833.5,0.033,32.6,0.034,32.6,0.032,32.6,0.032,32.6
834.0,0.033,32.6,0.031,32.6,0.032,32.7,0.032,32.6
834.5,0.031,32.6,0.031,32.6,0.032,32.7,0.032,32.6
835.0,0.030,32.6,0.031,32.6,0.031,32.6,0.032,32.7
835.5,0.030,32.6,0.029,32.6,0.030,32.6,0.029,32.6
836.0,0.029,32.6,0.028,32.6,0.030,32.6,0.029,32.6
836.5,0.027,32.6,0.028,32.6,0.027,32.6,0.026,32.6
837.0,0.026,32.6,0.027,32.7,0.026,32.6,0.025,32.6
837.5,0.022,32.7,0.023,32.6,0.024,32.7,0.023,32.6
838.0,0.021,32.7,0.022,32.6,0.021,32.7,0.020,32.7
838.5,0.023,32.7,0.024,32.7,0.022,32.7,0.022,32.7
839.0,0.023,32.6,0.023,32.7,0.023,32.6,0.023,32.6
839.5,0.024,32.7,0.023,32.7,0.024,32.6,0.026,32.7
840.0,0.022,32.7,0.023,32.7,0.022,32.7,0.023,32.7
840.5,0.022,32.7,0.023,32.7,0.023,32.7,0.022,32.6
841.0,0.024,32.7,0.023,32.7,0.023,32.7,0.026,32.7
841.5,0.023,32.7,0.022,32.7,0.022,32.7,0.023,32.7
842.0,0.023,32.7,0.023,32.7,0.022,32.7,0.022,32.7
842.5,0.023,32.7,0.022,32.7,0.022,32.7,0.022,32.7
843.0,0.023,32.7,0.021,32.7,0.024,32.7,0.023,32.7
843.5,0.024,32.7,0.023,32.7,0.024,32.7,0.022,32.7
844.0,0.023,32.7,0.024,32.7,0.025,32.7,0.024,32.7
844.5,0.021,32.7,0.021,32.7,0.022,32.7,0.024,32.7
845.0,0.019,32.7,0.018,32.7,0.017,32.7,0.018,32.7
845.5,0.018,32.7,0.019,32.7,0.018,32.7,0.018,32.7
846.0,0.017,32.7,0.018,32.7,0.017,32.7,0.019,32.7
846.5,0.013,32.7,0.013,32.7,0.014,32.8,0.014,32.7
847.0,0.012,32.8,0.013,32.8,0.013,32.8,0.013,32.8
847.5,0.011,32.8,0.013,32.8,0.011,32.8,0.012,32.8
848.0,0.012,32.8,0.012,32.8,0.011,32.8,0.012,32.8
848.5,0.011,32.8,0.011,32.8,0.010,32.8,0.012,32.7
849.0,0.011,32.8,0.010,32.8,0.010,32.8,0.010,32.8
849.5,0.010,32.8,0.009,32.8,0.010,32.8,0.010,32.8
850.0,0.010,32.8,0.010,32.9,0.010,32.9,0.011,32.8
850.5,0.013,32.9,0.013,32.9,0.013,32.8,0.012,32.8
851.0,0.013,32.9,0.012,32.9,0.014,32.9,0.014,32.9
851.5,0.012,32.9,0.013,32.9,0.015,32.9,0.014,32.9
852.0,0.012,32.9,0.013,32.9,0.013,32.9,0.014,32.9
852.5,0.012,32.9,0.014,32.9,0.013,32.9,0.014,32.9
853.0,0.013,32.9,0.013,32.9,0.015,32.9,0.014,32.9
853.5,0.011,32.9,0.012,32.9,0.012,32.9,0.012,32.9
854.0,0.010,32.9,0.009,32.9,0.010,32.9,0.011,32.9
854.5,0.009,32.9,0.009,32.9,0.010,32.9,0.008,32.9
855.0,0.008,32.9,0.008,32.9,0.008,32.9,0.008,32.9
855.5,0.008,32.9,0.008,32.9,0.008,32.9,0.008,32.9
856.0,0.006,32.9,0.006,32.9,0.006,32.9,0.006,33.0
856.5,0.005,33.0,0.006,33.0,0.005,33.0,0.006,33.0
857.0,0.003,33.0,0.002,33.0,0.002,33.0,0.002,33.0
857.5,0.001,33.0,-0.001,33.0,0.001,33.0,0.001,33.0
858.0,0.001,33.0,-0.000,33.0,0.000,33.0,-0.001,33.0
858.5,0.001,33.0,0.001,33.0,0.002,33.0,0.002,32.9
859.0,0.002,33.0,0.002,33.0,0.002,33.0,0.002,33.0
859.5,0.002,33.0,0.003,33.0,0.002,33.0,0.002,33.0
860.0,0.009,33.0,0.009,33.0,0.004,33.0,0.006,33.0
860.5,0.009,33.0,0.009,33.0,0.009,33.0,0.009,33.0
861.0,0.007,33.0,0.006,33.0,0.007,33.1,0.007,33.0
861.5,0.005,33.0,0.006,33.0,0.007,33.1,0.006,33.0
862.0,0.004,33.1,0.006,33.1,0.004,33.1,0.003,33.1
862.5,0.001,33.1,0.000,33.0,0.000,33.1,0.001,33.1
863.0,-0.006,33.1,-0.006,33.0,-0.006,33.1,-0.005,33.0
863.5,-0.019,33.1,-0.019,33.1,-0.012,33.1,-0.016,33.0
864.0,-0.042,33.1,-0.041,33.1,-0.030,33.1,-0.039,33.1
864.5,-0.074,33.1,-0.074,33.2,-0.069,33.1,-0.063,33.1
865.0,-0.103,33.1,-0.103,33.1,-0.100,33.1,-0.090,33.1
865.5,-0.116,33.1,-0.114,33.1,-0.115,33.1,-0.098,33.1
866.0,-0.116,33.0,-0.116,33.0,-0.115,33.0,-0.116,33.1
866.5,-0.106,33.0,-0.106,33.0,-0.106,33.0,-0.109,33.0
867.0,-0.085,32.9,-0.084,32.9,-0.094,33.0,-0.085,32.9
867.5,-0.063,32.9,-0.063,33.0,-0.066,32.9,-0.067,32.9
868.0,-0.047,33.0,-0.047,33.0,-0.050,32.9,-0.056,32.9
868.5,-0.038,33.0,-0.038,33.0,-0.041,33.0,-0.038,33.0
869.0,-0.036,33.0,-0.035,33.1,-0.036,33.0,-0.036,33.0
869.5,-0.041,33.1,-0.040,33.1,-0.040,33.1,-0.041,33.1
870.0,-0.041,33.1,-0.040,33.1,-0.040,33.1,-0.040,33.1
870.5,-0.037,33.1,-0.036,33.1,-0.039,33.1,-0.037,33.1
871.0,-0.031,33.2,-0.032,33.2,-0.031,33.1,-0.034,33.1
871.5,-0.029,33.2,-0.029,33.2,-0.029,33.2,-0.030,33.2
872.0,-0.034,33.2,-0.034,33.2,-0.033,33.2,-0.033,33.2
872.5,-0.034,33.3,-0.035,33.3,-0.035,33.2,-0.035,33.3
873.0,-0.027,33.3,-0.027,33.3,-0.026,33.3,-0.028,33.3
873.5,-0.022,33.3,-0.021,33.3,-0.022,33.3,-0.020,33.3
874.0,-0.022,33.3,-0.022,33.3,-0.022,33.3,-0.022,33.3
874.5,-0.024,33.3,-0.024,33.3,-0.024,33.4,-0.024,33.3
875.0,-0.025,33.4,-0.025,33.4,-0.023,33.4,-0.026,33.4
875.5,-0.021,33.4,-0.020,33.4,-0.024,33.4,-0.019,33.4
876.0,-0.019,33.4,-0.019,33.4,-0.020,33.4,-0.019,33.4
876.5,-0.018,33.4,-0.017,33.4,-0.018,33.4,-0.018,33.4
877.0,-0.013,33.4,-0.013,33.4,-0.013,33.4,-0.014,33.4
877.5,-0.010,33.4,-0.009,33.4,-0.009,33.4,-0.011,33.4
878.0,-0.011,33.4,-0.010,33.4,-0.011,33.4,-0.011,33.4
878.5,-0.018,33.5,-0.018,33.5,-0.018,33.5,-0.017,33.5
879.0,-0.026,33.4,-0.026,33.4,-0.023,33.4,-0.025,33.4
879.5,-0.029,33.5,-0.029,33.5,-0.029,33.4,-0.029,33.5
880.0,-0.021,33.5,-0.022,33.5,-0.022,33.5,-0.022,33.5
880.5,-0.010,33.5,-0.010,33.5,-0.014,33.5,-0.010,33.5
881.0,-0.003,33.5,-0.002,33.5,-0.003,33.5,-0.002,33.5
881.5,0.003,33.5,0.003,33.5,0.002,33.5,0.003,33.5
882.0,0.008,33.5,0.007,33.5,0.008,33.5,0.009,33.5
882.5,0.012,33.5,0.011,33.5,0.012,33.5,0.012,33.5
883.0,0.017,33.5,0.017,33.5,0.018,33.5,0.017,33.5
883.5,0.020,33.4,0.020,33.4,0.020,33.4,0.018,33.5
884.0,0.020,33.4,0.020,33.4,0.020,33.4,0.020,33.4
884.5,0.022,33.4,0.021,33.4,0.021,33.4,0.022,33.4
885.0,0.023,33.4,0.023,33.4,0.023,33.4,0.022,33.4
885.5,0.024,33.3,0.025,33.4,0.023,33.4,0.023,33.4
886.0,0.025,33.3,0.028,33.3,0.023,33.4,0.025,33.3
886.5,0.029,33.3,0.030,33.3,0.029,33.4,0.028,33.3
887.0,0.031,33.3,0.032,33.2,0.031,33.3,0.032,33.2
887.5,0.031,33.2,0.031,33.2,0.031,33.2,0.031,33.2
888.0,0.029,33.2,0.029,33.2,0.029,33.2,0.030,33.2
888.5,0.028,33.2,0.029,33.1,0.029,33.1,0.029,33.2
889.0,0.028,33.2,0.029,33.1,0.029,33.2,0.029,33.2
889.5,0.027,33.1,0.026,33.1,0.028,33.1,0.029,33.1
890.0,0.027,33.1,0.028,33.1,0.025,33.1,0.026,33.1
890.5,0.026,33.1,0.027,33.1,0.025,33.1,0.026,33.1
891.0,0.026,33.1,0.028,33.1,0.026,33.1,0.027,33.1
891.5,0.030,33.1,0.031,33.1,0.028,33.1,0.030,33.1
892.0,0.031,33.0,0.031,33.1,0.032,33.0,0.031,33.0
892.5,0.032,33.0,0.032,33.0,0.031,33.0,0.031,33.0
893.0,0.032,33.0,0.032,33.0,0.033,33.0,0.032,33.0
893.5,0.032,33.0,0.032,33.0,0.031,33.0,0.032,33.0
894.0,0.031,33.0,0.031,33.0,0.032,33.0,0.031,33.0
894.5,0.028,33.0,0.029,33.0,0.031,33.0,0.030,33.0
895.0,0.028,32.9,0.027,32.9,0.028,32.9,0.028,33.0
895.5,0.029,32.9,0.029,32.9,0.029,32.9,0.028,32.9
896.0,0.032,32.9,0.032,32.9,0.033,32.9,0.031,33.0
896.5,0.034,33.0,0.034,32.9,0.037,32.9,0.032,32.9
897.0,0.032,32.9,0.032,32.9,0.035,32.9,0.035,32.9
897.5,0.030,32.9,0.030,32.9,0.031,32.9,0.033,32.9
898.0,0.026,32.9,0.026,32.9,0.026,32.9,0.026,32.9
898.5,0.026,32.9,0.028,32.9,0.026,32.9,0.026,32.9
899.0,0.025,32.9,0.026,32.9,0.024,32.9,0.025,32.9
899.5,0.024,32.9,0.024,32.9,0.024,32.9,0.024,32.9
900.0,0.024,32.9,0.023,32.9,0.023,32.9,0.022,32.9
900.5,0.024,32.9,0.024,32.9,0.022,32.9,0.023,32.9
901.0,0.028,32.9,0.028,32.9,0.026,32.9,0.027,32.9
901.5,0.030,32.9,0.031,32.9,0.029,32.9,0.028,32.9
902.0,0.031,32.9,0.030,32.9,0.032,32.9,0.029,32.9
902.5,0.032,32.9,0.032,32.9,0.034,32.9,0.031,32.9
903.0,0.032,32.9,0.032,32.8,0.034,32.9,0.033,32.9
903.5,0.034,32.9,0.034,32.9,0.035,32.9,0.035,32.9
904.0,0.032,32.9,0.032,32.9,0.035,32.9,0.033,32.8
904.5,0.033,32.9,0.033,32.9,0.032,32.9,0.031,32.9
905.0,0.035,32.8,0.036,32.8,0.035,32.8,0.034,32.8
905.5,0.036,32.8,0.036,32.8,0.034,32.8,0.036,32.8
906.0,0.036,32.8,0.037,32.8,0.037,32.8,0.036,32.7
906.5,0.035,32.8,0.035,32.8,0.040,32.8,0.036,32.8
907.0,0.032,32.8,0.032,32.8,0.034,32.8,0.033,32.8
907.5,0.028,32.8,0.029,32.8,0.029,32.8,0.030,32.8
908.0,0.026,32.8,0.026,32.8,0.024,32.8,0.027,32.8
908.5,0.024,32.8,0.026,32.8,0.024,32.7,0.026,32.8
909.0,0.024,32.8,0.026,32.8,0.024,32.8,0.026,32.7
909.5,0.027,32.8,0.028,32.8,0.027,32.8,0.028,32.8
910.0,0.029,32.8,0.030,32.8,0.029,32.8,0.032,32.8
910.5,0.031,32.8,0.032,32.8,0.031,32.8,0.031,32.8
911.0,0.032,32.8,0.033,32.8,0.033,32.8,0.031,32.8
911.5,0.032,32.8,0.032,32.8,0.033,32.8,0.032,32.8
912.0,0.033,32.8,0.034,32.8,0.036,32.8,0.033,32.8
912.5,0.031,32.8,0.032,32.8,0.031,32.8,0.031,32.8
913.0,0.032,32.8,0.032,32.8,0.034,32.8,0.030,32.8
913.5,0.030,32.7,0.030,32.7,0.031,32.8,0.031,32.8
914.0,0.030,32.7,0.031,32.8,0.032,32.8,0.030,32.7
914.5,0.027,32.8,0.029,32.8,0.028,32.8,0.026,32.7
915.0,0.024,32.8,0.024,32.8,0.024,32.7,0.023,32.7
915.5,0.025,32.8,0.027,32.8,0.026,32.7,0.025,32.8
916.0,0.027,32.8,0.027,32.8,0.024,32.7,0.028,32.8
916.5,0.028,32.8,0.028,32.8,0.025,32.7,0.028,32.7
917.0,0.028,32.8,0.028,32.8,0.028,32.8,0.028,32.8
917.5,0.027,32.8,0.028,32.8,0.029,32.8,0.028,32.8
918.0,0.027,32.8,0.028,32.8,0.028,32.8,0.029,32.8
918.5,0.024,32.8,0.024,32.8,0.026,32.8,0.024,32.8
919.0,0.026,32.8,0.026,32.8,0.026,32.8,0.027,32.8
919.5,0.026,32.8,0.027,32.8,0.024,32.8,0.027,32.8
920.0,0.025,32.8,0.026,32.8,0.024,32.8,0.025,32.8
920.5,0.026,32.8,0.027,32.8,0.025,32.8,0.027,32.8
921.0,0.025,32.8,0.026,32.8,0.024,32.8,0.025,32.8
921.5,0.024,32.8,0.024,32.8,0.024,32.8,0.025,32.8
922.0,0.022,32.8,0.021,32.8,0.023,32.8,0.023,32.8
922.5,0.021,32.8,0.020,32.8,0.021,32.8,0.022,32.8
923.0,0.019,32.8,0.019,32.8,0.019,32.8,0.021,32.8
923.5,0.017,32.8,0.017,32.8,0.018,32.8,0.016,32.8
924.0,0.016,32.9,0.016,32.9,0.016,32.9,0.015,32.8
924.5,0.012,32.9,0.011,32.9,0.013,32.8,0.011,32.9
925.0,0.009,32.9,0.009,32.9,0.010,32.9,0.009,32.9
925.5,0.008,32.9,0.010,32.9,0.008,32.9,0.008,32.9
926.0,0.008,32.9,0.010,32.9,0.007,32.9,0.010,32.9
926.5,0.011,32.9,0.012,33.0,0.011,32.9,0.010,32.9
927.0,0.011,33.0,0.012,33.0,0.014,32.9,0.012,33.0
927.5,0.013,33.0,0.014,33.0,0.014,32.9,0.012,33.0
928.0,0.015,33.0,0.014,33.0,0.015,33.0,0.014,33.0
928.5,0.014,33.0,0.013,33.0,0.016,33.0,0.014,33.0
929.0,0.013,33.0,0.014,33.0,0.015,33.0,0.014,33.0
929.5,0.013,33.0,0.013,33.0,0.012,33.0,0.013,33.0
930.0,0.014,33.0,0.014,33.0,0.014,33.0,0.014,33.0
930.5,0.013,33.0,0.015,33.0,0.013,33.0,0.013,33.0
931.0,0.015,33.0,0.016,33.0,0.013,33.0,0.015,33.0
931.5,0.013,33.0,0.014,33.0,0.013,33.0,0.016,33.0
932.0,0.012,33.0,0.012,33.0,0.012,33.0,0.016,33.0
932.5,0.012,33.0,0.013,33.0,0.012,33.0,0.014,33.0
933.0,0.011,33.0,0.012,33.0,0.013,33.0,0.012,33.0
933.5,0.010,33.0,0.011,33.0,0.013,33.0,0.009,33.0
934.0,0.008,33.1,0.008,33.1,0.010,33.1,0.008,33.0
934.5,0.006,33.1,0.006,33.1,0.009,33.1,0.006,33.1
935.0,0.006,33.1,0.006,33.1,0.007,33.0,0.007,33.1
935.5,0.006,33.1,0.007,33.1,0.008,33.1,0.006,33.1
936.0,0.006,33.1,0.006,33.1,0.011,33.2,0.007,33.1
936.5,0.006,33.1,0.006,33.1,0.006,33.1,0.009,33.1
937.0,0.006,33.1,0.007,33.1,0.007,33.1,0.008,33.1
937.5,0.008,33.1,0.009,33.1,0.006,33.1,0.009,33.1
938.0,0.010,33.1,0.010,33.1,0.008,33.1,0.009,33.1
938.5,0.010,33.1,0.012,33.1,0.011,33.1,0.012,33.2
939.0,0.009,33.1,0.007,33.1,0.009,33.1,0.012,33.1
939.5,0.008,33.2,0.009,33.2,0.007,33.2,0.011,33.2
940.0,0.008,33.2,0.009,33.2,0.008,33.2,0.009,33.1
940.5,0.006,33.2,0.006,33.2,0.007,33.2,0.006,33.1
941.0,0.003,33.2,0.002,33.2,0.004,33.2,0.002,33.2
941.5,-0.005,33.2,-0.001,33.2,-0.002,33.2,-0.006,33.2
942.0,-0.019,33.2,-0.018,33.2,-0.017,33.2,-0.010,33.2
942.5,-0.044,33.2,-0.045,33.2,-0.038,33.2,-0.031,33.2
943.0,-0.074,33.3,-0.073,33.3,-0.059,33.3,-0.071,33.2
943.5,-0.102,33.3,-0.101,33.3,-0.098,33.3,-0.097,33.2
944.0,-0.116,33.2,-0.116,33.3,-0.113,33.3,-0.116,33.2
944.5,-0.120,33.2,-0.117,33.2,-0.114,33.3,-0.118,33.2
945.0,-0.108,33.1,-0.109,33.1,-0.109,33.2,-0.113,33.2
945.5,-0.090,33.1,-0.091,33.1,-0.092,33.1,-0.095,33.1
946.0,-0.073,33.1,-0.072,33.1,-0.075,33.1,-0.079,33.1
946.5,-0.065,33.1,-0.064,33.1,-0.065,33.1,-0.065,33.1
947.0,-0.053,33.1,-0.053,33.1,-0.056,33.2,-0.056,33.1
947.5,-0.037,33.2,-0.038,33.2,-0.044,33.2,-0.037,33.2
948.0,-0.027,33.2,-0.027,33.2,-0.030,33.2,-0.026,33.2
948.5,-0.025,33.2,-0.024,33.2,-0.026,33.2,-0.025,33.3
949.0,-0.026,33.3,-0.026,33.3,-0.026,33.3,-0.027,33.3
949.5,-0.023,33.3,-0.023,33.3,-0.022,33.4,-0.024,33.4
950.0,-0.024,33.4,-0.024,33.4,-0.023,33.4,-0.024,33.4
950.5,-0.028,33.4,-0.029,33.4,-0.027,33.4,-0.028,33.4
951.0,-0.032,33.5,-0.032,33.5,-0.034,33.4,-0.031,33.4
951.5,-0.032,33.5,-0.032,33.4,-0.033,33.5,-0.032,33.5
952.0,-0.027,33.5,-0.028,33.5,-0.028,33.4,-0.028,33.4
952.5,-0.026,33.5,-0.026,33.5,-0.027,33.4,-0.022,33.5
953.0,-0.028,33.5,-0.029,33.5,-0.028,33.5,-0.027,33.5
953.5,-0.029,33.5,-0.030,33.5,-0.029,33.5,-0.028,33.5
954.0,-0.023,33.5,-0.024,33.5,-0.022,33.6,-0.023,33.5
954.5,-0.017,33.5,-0.018,33.5,-0.017,33.6,-0.018,33.5
955.0,-0.015,33.6,-0.015,33.6,-0.015,33.6,-0.017,33.6
955.5,-0.019,33.6,-0.018,33.6,-0.017,33.6,-0.017,33.6
956.0,-0.026,33.6,-0.026,33.6,-0.025,33.6,-0.025,33.6
956.5,-0.035,33.6,-0.034,33.6,-0.032,33.6,-0.032,33.6
957.0,-0.035,33.6,-0.035,33.6,-0.035,33.6,-0.036,33.6
957.5,-0.029,33.6,-0.029,33.6,-0.028,33.6,-0.029,33.6
958.0,-0.025,33.6,-0.024,33.7,-0.024,33.6,-0.024,33.6
958.5,-0.020,33.7,-0.020,33.7,-0.021,33.6,-0.021,33.6
959.0,-0.016,33.7,-0.017,33.7,-0.016,33.7,-0.017,33.7
959.5,-0.011,33.7,-0.010,33.7,-0.012,33.7,-0.011,33.7
960.0,-0.001,33.7,-0.002,33.7,-0.002,33.7,-0.006,33.7
960.5,0.009,33.7,0.009,33.7,0.008,33.7,0.007,33.7
961.0,0.011,33.7,0.011,33.7,0.013,33.7,0.012,33.7
961.5,0.012,33.7,0.012,33.7,0.011,33.7,0.012,33.7
962.0,0.011,33.7,0.011,33.7,0.011,33.7,0.011,33.7
962.5,0.013,33.7,0.013,33.7,0.012,33.7,0.014,33.7
963.0,0.014,33.7,0.015,33.6,0.015,33.7,0.014,33.7
963.5,0.017,33.6,0.017,33.6,0.017,33.6,0.015,33.6
964.0,0.022,33.6,0.023,33.6,0.022,33.6,0.020,33.6
964.5,0.027,33.6,0.026,33.6,0.025,33.5,0.025,33.6
965.0,0.028,33.5,0.030,33.6,0.028,33.5,0.030,33.5
965.5,0.027,33.5,0.028,33.5,0.028,33.5,0.028,33.5
966.0,0.024,33.5,0.025,33.5,0.026,33.5,0.025,33.5
966.5,0.022,33.4,0.024,33.5,0.022,33.4,0.023,33.5
967.0,0.022,33.4,0.023,33.4,0.021,33.5,0.023,33.4
967.5,0.024,33.4,0.023,33.4,0.023,33.4,0.023,33.4
968.0,0.023,33.4,0.023,33.4,0.026,33.4,0.023,33.4
968.5,0.024,33.4,0.024,33.4,0.024,33.4,0.024,33.4
969.0,0.025,33.4,0.026,33.4,0.023,33.4,0.026,33.4
969.5,0.029,33.4,0.030,33.4,0.027,33.4,0.028,33.4
970.0,0.032,33.3,0.033,33.3,0.032,33.3,0.030,33.3
970.5,0.031,33.3,0.032,33.3,0.031,33.3,0.031,33.3
971.0,0.032,33.3,0.033,33.3,0.033,33.3,0.031,33.3
971.5,0.031,33.3,0.032,33.3,0.031,33.3,0.031,33.2
972.0,0.030,33.2,0.031,33.3,0.030,33.3,0.030,33.2
972.5,0.031,33.2,0.031,33.2,0.030,33.2,0.031,33.2
973.0,0.031,33.2,0.029,33.2,0.031,33.2,0.031,33.2
973.5,0.031,33.2,0.031,33.2,0.032,33.2,0.031,33.2
974.0,0.032,33.1,0.032,33.1,0.032,33.1,0.032,33.1
974.5,0.032,33.2,0.032,33.2,0.032,33.1,0.031,33.2
975.0,0.029,33.2,0.029,33.2,0.029,33.1,0.028,33.2
975.5,0.025,33.2,0.025,33.2,0.026,33.1,0.025,33.2
976.0,0.025,33.2,0.025,33.2,0.025,33.2,0.023,33.2
976.5,0.026,33.2,0.025,33.1,0.028,33.2,0.026,33.2
977.0,0.026,33.2,0.028,33.2,0.027,33.1,0.027,33.2
977.5,0.025,33.2,0.027,33.2,0.027,33.1,0.028,33.2
978.0,0.026,33.2,0.025,33.2,0.024,33.2,0.026,33.2
978.5,0.026,33.1,0.027,33.1,0.028,33.1,0.025,33.1
979.0,0.027,33.1,0.027,33.1,0.027,33.1,0.028,33.1
979.5,0.031,33.1,0.031,33.1,0.032,33.2,0.030,33.1
980.0,0.033,33.1,0.032,33.1,0.031,33.2,0.032,33.1
980.5,0.034,33.1,0.034,33.1,0.033,33.1,0.036,33.1
981.0,0.032,33.1,0.032,33.1,0.033,33.1,0.034,33.1
981.5,0.032,33.1,0.032,33.1,0.033,33.1,0.032,33.1
982.0,0.033,33.1,0.034,33.1,0.036,33.1,0.035,33.1
982.5,0.033,33.1,0.032,33.1,0.034,33.0,0.035,33.1
983.0,0.034,33.0,0.033,33.0,0.033,33.0,0.034,33.1
983.5,0.034,33.1,0.034,33.1,0.038,33.1,0.034,33.0
984.0,0.031,33.0,0.032,33.0,0.033,33.0,0.031,33.1
984.5,0.028,33.0,0.029,33.0,0.029,33.0,0.028,33.0
985.0,0.024,33.0,0.026,33.1,0.024,33.0,0.025,33.0
985.5,0.022,33.0,0.023,33.0,0.021,33.1,0.023,33.0
986.0,0.023,33.1,0.023,33.0,0.023,33.1,0.023,33.0
986.5,0.027,33.1,0.027,33.1,0.026,33.1,0.026,33.1
987.0,0.029,33.1,0.028,33.1,0.028,33.1,0.029,33.1
987.5,0.029,33.1,0.030,33.1,0.028,33.1,0.028,33.1
988.0,0.030,33.1,0.032,33.1,0.032,33.1,0.031,33.1
988.5,0.031,33.1,0.031,33.1,0.030,33.1,0.030,33.0
989.0,0.032,33.1,0.031,33.1,0.031,33.1,0.031,33.0
989.5,0.031,33.0,0.031,33.0,0.031,33.0,0.032,33.0
990.0,0.031,33.0,0.032,33.0,0.031,33.1,0.032,33.0
990.5,0.032,33.0,0.033,33.0,0.032,33.0,0.032,33.0
991.0,0.032,33.0,0.032,33.0,0.032,33.0,0.031,33.0
991.5,0.032,33.0,0.033,33.0,0.032,33.0,0.033,33.0
992.0,0.031,33.0,0.032,33.0,0.031,33.0,0.033,33.0
992.5,0.032,33.0,0.035,33.0,0.036,33.0,0.034,33.0
993.0,0.029,33.0,0.031,33.0,0.031,33.0,0.033,33.0
993.5,0.028,33.0,0.029,33.0,0.028,33.0,0.030,33.0
994.0,0.028,33.0,0.028,33.0,0.027,33.0,0.032,33.0
994.5,0.026,33.0,0.028,33.0,0.026,33.0,0.026,33.0
995.0,0.026,33.0,0.025,33.0,0.026,33.0,0.026,33.0
995.5,0.025,33.0,0.026,33.0,0.025,33.0,0.027,33.0
996.0,0.025,33.0,0.027,33.0,0.025,33.0,0.027,33.0
996.5,0.026,33.0,0.025,33.0,0.026,33.0,0.027,33.0
997.0,0.026,33.1,0.026,33.1,0.027,33.1,0.027,33.1
997.5,0.027,33.0,0.030,33.0,0.027,33.0,0.027,33.0
998.0,0.027,33.0,0.028,33.0,0.026,33.0,0.028,33.0
998.5,0.027,33.0,0.028,33.0,0.029,33.1,0.029,33.0
999.0,0.027,33.0,0.028,33.0,0.030,33.1,0.029,33.0
999.5,0.026,33.1,0.027,33.1,0.027,33.1,0.027,33.0
1000.0,0.026,33.1,0.026,33.1,0.024,33.1,0.025,33.1
1000.5,0.024,33.1,0.025,33.0,0.025,33.0,0.023,33.1
1001.0,0.023,33.0,0.022,33.0,0.024,33.1,0.022,33.1
1001.5,0.020,33.1,0.019,33.1,0.020,33.1,0.020,33.1
1002.0,0.017,33.1,0.018,33.1,0.017,33.1,0.017,33.1
1002.5,0.017,33.1,0.017,33.1,0.018,33.1,0.018,33.1
1003.0,0.018,33.1,0.018,33.1,0.018,33.1,0.018,33.1
1003.5,0.018,33.1,0.018,33.1,0.019,33.1,0.018,33.1
1004.0,0.019,33.1,0.019,33.1,0.019,33.2,0.018,33.1
1004.5,0.018,33.1,0.019,33.2,0.019,33.1,0.017,33.2
1005.0,0.018,33.2,0.020,33.2,0.019,33.1,0.018,33.2
1005.5,0.020,33.2,0.021,33.2,0.020,33.2,0.020,33.2
1006.0,0.020,33.2,0.020,33.2,0.020,33.2,0.020,33.2
1006.5,0.017,33.2,0.016,33.2,0.020,33.2,0.017,33.2
1007.0,0.017,33.2,0.017,33.2,0.017,33.2,0.016,33.2
1007.5,0.016,33.2,0.016,33.2,0.015,33.2,0.018,33.2
1008.0,0.015,33.2,0.015,33.2,0.015,33.2,0.015,33.2
1008.5,0.013,33.2,0.013,33.2,0.015,33.2,0.014,33.2
1009.0,0.011,33.2,0.011,33.2,0.014,33.2,0.013,33.2
1009.5,0.012,33.2,0.011,33.2,0.011,33.2,0.010,33.3
1010.0,0.011,33.2,0.010,33.2,0.012,33.2,0.010,33.2
1010.5,0.009,33.3,0.009,33.2,0.010,33.2,0.009,33.2
1011.0,0.005,33.3,0.005,33.3,0.007,33.3,0.005,33.2
1011.5,0.002,33.3,0.002,33.3,0.003,33.3,0.002,33.3
1012.0,0.002,33.3,0.003,33.3,0.002,33.3,0.002,33.3
1012.5,0.003,33.3,0.004,33.3,-0.000,33.3,0.002,33.3
1013.0,0.006,33.4,0.006,33.4,0.006,33.4,0.006,33.4
1013.5,0.006,33.4,0.006,33.4,0.009,33.4,0.007,33.4
1014.0,0.006,33.4,0.006,33.4,0.007,33.4,0.007,33.4
1014.5,0.006,33.4,0.005,33.4,0.005,33.4,0.007,33.4
1015.0,0.005,33.4,0.004,33.4,0.005,33.4,0.006,33.4
1015.5,0.006,33.4,0.006,33.4,0.006,33.4,0.006,33.4
1016.0,0.007,33.4,0.006,33.4,0.005,33.4,0.007,33.4
1016.5,0.008,33.4,0.008,33.4,0.007,33.4,0.008,33.5
1017.0,0.009,33.4,0.009,33.4,0.009,33.4,0.010,33.5
1017.5,0.009,33.4,0.009,33.4,0.009,33.4,0.009,33.5
1018.0,0.009,33.4,0.009,33.4,0.007,33.4,0.009,33.5
1018.5,0.010,33.5,0.011,33.5,0.008,33.5,0.009,33.5
1019.0,0.009,33.5,0.009,33.4,0.010,33.5,0.009,33.5
1019.5,0.007,33.5,0.008,33.4,0.009,33.5,0.008,33.5
1020.0,0.005,33.5,0.004,33.5,0.006,33.5,0.005,33.4
1020.5,0.003,33.5,0.003,33.5,0.003,33.5,0.002,33.5
1021.0,-0.001,33.5,-0.001,33.5,-0.001,33.5,0.000,33.5
1021.5,-0.006,33.5,-0.007,33.5,-0.005,33.5,-0.005,33.5
1022.0,-0.020,33.5,-0.020,33.5,-0.016,33.5,-0.018,33.5
1022.5,-0.038,33.5,-0.039,33.5,-0.023,33.5,-0.031,33.5
1023.0,-0.069,33.6,-0.064,33.6,-0.058,33.6,-0.065,33.6
1023.5,-0.095,33.6,-0.095,33.6,-0.072,33.6,-0.088,33.6
1024.0,-0.112,33.6,-0.111,33.6,-0.104,33.6,-0.112,33.6
1024.5,-0.112,33.5,-0.113,33.5,-0.111,33.5,-0.113,33.5
1025.0,-0.095,33.5,-0.094,33.5,-0.098,33.4,-0.100,33.5
1025.5,-0.074,33.4,-0.074,33.4,-0.080,33.4,-0.082,33.5
1026.0,-0.057,33.4,-0.055,33.4,-0.062,33.5,-0.063,33.4
1026.5,-0.044,33.5,-0.045,33.4,-0.046,33.5,-0.050,33.4
1027.0,-0.035,33.5,-0.035,33.5,-0.040,33.5,-0.038,33.5
1027.5,-0.029,33.6,-0.029,33.6,-0.033,33.5,-0.030,33.5
1028.0,-0.026,33.6,-0.025,33.6,-0.027,33.6,-0.025,33.6
1028.5,-0.024,33.6,-0.025,33.6,-0.025,33.6,-0.024,33.6
1029.0,-0.026,33.7,-0.026,33.6,-0.025,33.7,-0.026,33.6
1029.5,-0.024,33.7,-0.024,33.7,-0.025,33.7,-0.024,33.7
1030.0,-0.025,33.7,-0.025,33.8,-0.024,33.8,-0.025,33.7
1030.5,-0.024,33.8,-0.024,33.8,-0.025,33.8,-0.024,33.7
1031.0,-0.020,33.8,-0.020,33.8,-0.020,33.8,-0.021,33.7
1031.5,-0.020,33.8,-0.020,33.8,-0.019,33.8,-0.019,33.8
1032.0,-0.019,33.8,-0.019,33.8,-0.019,33.8,-0.019,33.8
1032.5,-0.021,33.8,-0.021,33.9,-0.021,33.8,-0.021,33.8
1033.0,-0.028,33.9,-0.028,33.8,-0.027,33.8,-0.027,33.9
1033.5,-0.035,33.9,-0.033,33.9,-0.034,33.9,-0.030,33.9
1034.0,-0.041,33.9,-0.040,33.9,-0.038,33.9,-0.038,33.9
1034.5,-0.035,33.9,-0.036,33.9,-0.038,33.8,-0.036,33.9
1035.0,-0.030,33.9,-0.031,33.9,-0.031,33.9,-0.032,33.9
1035.5,-0.030,33.9,-0.029,33.9,-0.030,33.9,-0.030,33.9
1036.0,-0.028,33.9,-0.027,33.9,-0.028,33.9,-0.029,34.0
1036.5,-0.022,33.9,-0.021,33.9,-0.022,33.9,-0.022,33.9
1037.0,-0.020,33.9,-0.021,33.9,-0.020,34.0,-0.017,33.9
1037.5,-0.022,34.0,-0.022,33.9,-0.022,33.9,-0.018,34.0
1038.0,-0.020,34.0,-0.020,33.9,-0.021,33.9,-0.019,34.0
1038.5,-0.016,34.0,-0.015,33.9,-0.016,34.0,-0.017,34.0
1039.0,-0.011,34.0,-0.010,34.0,-0.014,34.0,-0.011,34.0
1039.5,-0.006,34.0,-0.005,34.0,-0.014,34.0,-0.006,34.0
1040.0,-0.005,34.0,-0.005,34.0,-0.006,34.0,-0.003,34.0
1040.5,-0.006,34.0,-0.005,34.0,-0.006,34.0,-0.005,34.0
1041.0,0.002,34.0,0.001,34.0,0.002,34.0,-0.001,34.0
1041.5,0.011,34.0,0.010,34.0,0.008,34.0,0.011,34.0
1042.0,0.018,34.0,0.019,34.0,0.018,34.0,0.018,34.0
1042.5,0.021,34.0,0.021,34.0,0.021,34.0,0.022,33.9
1043.0,0.020,34.0,0.020,33.9,0.019,34.0,0.021,34.0
1043.5,0.018,33.9,0.019,33.9,0.018,33.9,0.017,33.9
1044.0,0.019,33.9,0.020,33.9,0.020,33.9,0.017,33.9
1044.5,0.020,33.9,0.020,33.9,0.020,33.9,0.020,33.9
1045.0,0.020,33.9,0.020,33.9,0.019,33.9,0.020,33.8
1045.5,0.021,33.8,0.022,33.8,0.021,33.8,0.020,33.8
1046.0,0.025,33.8,0.025,33.8,0.023,33.8,0.025,33.8
1046.5,0.028,33.8,0.028,33.8,0.026,33.7,0.027,33.8
1047.0,0.030,33.7,0.030,33.8,0.030,33.8,0.032,33.7
1047.5,0.031,33.7,0.031,33.7,0.032,33.7,0.032,33.7
1048.0,0.033,33.7,0.033,33.7,0.033,33.7,0.034,33.6
1048.5,0.034,33.6,0.033,33.7,0.035,33.7,0.035,33.6
1049.0,0.034,33.6,0.035,33.6,0.035,33.6,0.034,33.6
1049.5,0.033,33.6,0.033,33.5,0.033,33.5,0.033,33.6
1050.0,0.031,33.5,0.031,33.6,0.031,33.5,0.032,33.5
1050.5,0.031,33.5,0.032,33.5,0.031,33.5,0.030,33.5
1051.0,0.031,33.5,0.032,33.5,0.033,33.5,0.029,33.5
1051.5,0.032,33.5,0.032,33.5,0.034,33.5,0.033,33.5
1052.0,0.032,33.5,0.031,33.5,0.034,33.5,0.033,33.4
1052.5,0.029,33.5,0.029,33.5,0.029,33.5,0.029,33.5
1053.0,0.025,33.5,0.025,33.5,0.027,33.5,0.027,33.4
1053.5,0.023,33.4,0.025,33.4,0.024,33.5,0.023,33.5
1054.0,0.025,33.4,0.025,33.5,0.022,33.4,0.026,33.5
1054.5,0.026,33.5,0.026,33.4,0.022,33.4,0.026,33.5
1055.0,0.025,33.5,0.025,33.4,0.024,33.5,0.025,33.4
1055.5,0.025,33.5,0.026,33.5,0.025,33.5,0.024,33.5
1056.0,0.026,33.4,0.025,33.4,0.025,33.4,0.025,33.5
1056.5,0.028,33.4,0.027,33.4,0.028,33.4,0.028,33.4
1057.0,0.029,33.4,0.030,33.4,0.031,33.4,0.028,33.4
1057.5,0.030,33.4,0.030,33.4,0.032,33.4,0.029,33.4
1058.0,0.030,33.4,0.030,33.4,0.032,33.4,0.028,33.5
1058.5,0.029,33.4,0.028,33.4,0.032,33.4,0.028,33.4
1059.0,0.030,33.4,0.031,33.4,0.028,33.4,0.030,33.4
1059.5,0.029,33.4,0.029,33.4,0.029,33.4,0.029,33.4
1060.0,0.029,33.4,0.031,33.4,0.029,33.4,0.030,33.4
1060.5,0.032,33.4,0.032,33.4,0.032,33.4,0.033,33.4
1061.0,0.033,33.3,0.032,33.4,0.032,33.4,0.035,33.4
1061.5,0.033,33.3,0.033,33.4,0.033,33.4,0.036,33.4
1062.0,0.030,33.3,0.032,33.3,0.030,33.3,0.030,33.3
1062.5,0.027,33.3,0.028,33.3,0.027,33.3,0.030,33.3
1063.0,0.023,33.3,0.023,33.3,0.023,33.3,0.024,33.3
1063.5,0.022,33.3,0.022,33.3,0.022,33.3,0.021,33.3
1064.0,0.023,33.3,0.022,33.3,0.024,33.3,0.024,33.3
1064.5,0.023,33.4,0.023,33.3,0.023,33.4,0.023,33.4
1065.0,0.024,33.4,0.023,33.4,0.023,33.4,0.024,33.4
1065.5,0.026,33.4,0.025,33.4,0.026,33.4,0.025,33.4
1066.0,0.029,33.4,0.027,33.4,0.031,33.4,0.028,33.3
1066.5,0.030,33.3,0.032,33.3,0.031,33.3,0.029,33.4
1067.0,0.030,33.3,0.030,33.3,0.029,33.3,0.030,33.4
1067.5,0.030,33.3,0.032,33.3,0.031,33.3,0.033,33.4
1068.0,0.029,33.3,0.030,33.4,0.030,33.3,0.030,33.3
1068.5,0.030,33.3,0.031,33.3,0.030,33.3,0.030,33.3
1069.0,0.029,33.3,0.030,33.3,0.030,33.3,0.029,33.3
1069.5,0.031,33.3,0.031,33.3,0.028,33.3,0.032,33.3
1070.0,0.034,33.3,0.034,33.3,0.030,33.3,0.033,33.3
1070.5,0.031,33.3,0.030,33.3,0.033,33.3,0.033,33.3
1071.0,0.030,33.3,0.031,33.3,0.029,33.3,0.032,33.3
1071.5,0.029,33.3,0.029,33.3,0.029,33.3,0.029,33.3
1072.0,0.028,33.3,0.030,33.3,0.029,33.3,0.027,33.3
1072.5,0.025,33.2,0.025,33.3,0.026,33.3,0.026,33.3
1073.0,0.025,33.3,0.026,33.3,0.024,33.3,0.026,33.3
1073.5,0.027,33.3,0.027,33.3,0.026,33.2,0.025,33.3
1074.0,0.028,33.3,0.028,33.3,0.026,33.2,0.027,33.3
1074.5,0.030,33.3,0.029,33.3,0.028,33.3,0.030,33.3
1075.0,0.030,33.3,0.031,33.3,0.031,33.2,0.030,33.2
1075.5,0.029,33.3,0.029,33.2,0.029,33.3,0.029,33.2
1076.0,0.030,33.3,0.029,33.2,0.030,33.3,0.029,33.2
1076.5,0.029,33.2,0.029,33.2,0.029,33.2,0.028,33.2
1077.0,0.028,33.3,0.028,33.3,0.028,33.2,0.028,33.3
1077.5,0.026,33.2,0.027,33.2,0.027,33.3,0.026,33.2
1078.0,0.025,33.2,0.025,33.2,0.023,33.2,0.027,33.3
1078.5,0.022,33.3,0.023,33.2,0.021,33.2,0.026,33.3
1079.0,0.019,33.3,0.019,33.3,0.021,33.2,0.022,33.3
1079.5,0.017,33.3,0.017,33.3,0.016,33.3,0.022,33.3
1080.0,0.014,33.3,0.015,33.3,0.014,33.3,0.015,33.3
1080.5,0.016,33.3,0.016,33.3,0.016,33.3,0.016,33.3
1081.0,0.017,33.3,0.018,33.3,0.016,33.3,0.019,33.3
1081.5,0.018,33.3,0.018,33.4,0.017,33.3,0.019,33.3
1082.0,0.019,33.3,0.018,33.3,0.018,33.3,0.019,33.3
1082.5,0.020,33.3,0.020,33.3,0.020,33.4,0.022,33.3
1083.0,0.019,33.4,0.021,33.4,0.022,33.4,0.020,33.3
1083.5,0.019,33.4,0.019,33.4,0.020,33.4,0.019,33.4
1084.0,0.019,33.4,0.019,33.4,0.019,33.4,0.019,33.4
1084.5,0.020,33.4,0.020,33.4,0.021,33.3,0.021,33.4
1085.0,0.020,33.4,0.020,33.4,0.022,33.3,0.020,33.4
1085.5,0.020,33.4,0.022,33.4,0.021,33.3,0.021,33.3
1086.0,0.019,33.4,0.020,33.3,0.021,33.3,0.019,33.4
1086.5,0.018,33.4,0.018,33.3,0.017,33.4,0.018,33.4
1087.0,0.018,33.4,0.017,33.3,0.018,33.4,0.019,33.4
1087.5,0.017,33.4,0.018,33.3,0.018,33.4,0.017,33.4
1088.0,0.015,33.4,0.016,33.4,0.014,33.4,0.014,33.4
1088.5,0.011,33.4,0.010,33.4,0.009,33.4,0.011,33.4
1089.0,0.008,33.4,0.008,33.4,0.010,33.4,0.008,33.4
1089.5,0.009,33.4,0.008,33.4,0.010,33.4,0.008,33.4
1090.0,0.010,33.4,0.011,33.4,0.010,33.4,0.009,33.5
1090.5,0.012,33.5,0.012,33.4,0.011,33.5,0.010,33.5
1091.0,0.012,33.5,0.012,33.5,0.011,33.5,0.012,33.5
1091.5,0.012,33.5,0.013,33.5,0.011,33.5,0.012,33.4
1092.0,0.012,33.5,0.010,33.5,0.012,33.5,0.012,33.4
1092.5,0.013,33.5,0.013,33.5,0.013,33.5,0.014,33.5
1093.0,0.012,33.5,0.012,33.5,0.013,33.5,0.013,33.5
1093.5,0.009,33.5,0.009,33.5,0.010,33.5,0.008,33.4
1094.0,0.008,33.5,0.009,33.5,0.010,33.5,0.009,33.5
1094.5,0.008,33.5,0.008,33.5,0.008,33.5,0.008,33.5
1095.0,0.007,33.5,0.006,33.5,0.007,33.5,0.007,33.5
1095.5,0.006,33.5,0.006,33.5,0.006,33.5,0.007,33.5
1096.0,0.006,33.6,0.006,33.6,0.004,33.5,0.006,33.5
1096.5,0.006,33.6,0.007,33.5,0.005,33.5,0.008,33.5
1097.0,0.006,33.6,0.005,33.6,0.005,33.5,0.008,33.5
1097.5,0.004,33.6,0.004,33.5,0.004,33.6,0.007,33.6
1098.0,0.003,33.6,0.002,33.6,0.002,33.5,0.002,33.6
1098.5,0.002,33.6,0.001,33.6,0.002,33.6,0.005,33.6
1099.0,0.001,33.6,-0.000,33.6,0.002,33.6,0.001,33.6
1099.5,-0.003,33.6,-0.002,33.6,0.001,33.6,-0.002,33.6
1100.0,-0.006,33.7,-0.006,33.6,-0.006,33.6,-0.005,33.6
1100.5,-0.008,33.6,-0.008,33.6,-0.008,33.7,-0.007,33.6
1101.0,-0.010,33.7,-0.009,33.7,-0.009,33.7,-0.009,33.6
1101.5,-0.015,33.7,-0.015,33.7,-0.014,33.7,-0.013,33.7
1102.0,-0.033,33.7,-0.032,33.7,-0.031,33.7,-0.031,33.7
1102.5,-0.054,33.7,-0.054,33.7,-0.050,33.7,-0.051,33.8
1103.0,-0.077,33.8,-0.075,33.7,-0.077,33.8,-0.074,33.8
1103.5,-0.099,33.8,-0.098,33.8,-0.098,33.8,-0.096,33.7
1104.0,-0.107,33.7,-0.108,33.7,-0.107,33.7,-0.107,33.7
1104.5,-0.106,33.6,-0.107,33.6,-0.106,33.7,-0.106,33.6
1105.0,-0.096,33.6,-0.097,33.6,-0.098,33.6,-0.097,33.6
1105.5,-0.075,33.5,-0.075,33.5,-0.076,33.6,-0.077,33.5
1106.0,-0.059,33.5,-0.059,33.5,-0.059,33.5,-0.062,33.5
1106.5,-0.048,33.6,-0.048,33.6,-0.048,33.6,-0.053,33.6
1107.0,-0.040,33.6,-0.039,33.6,-0.039,33.6,-0.042,33.6
1107.5,-0.032,33.7,-0.033,33.6,-0.032,33.7,-0.035,33.6
1108.0,-0.030,33.7,-0.030,33.7,-0.029,33.7,-0.030,33.7
1108.5,-0.029,33.7,-0.029,33.7,-0.028,33.7,-0.029,33.7
1109.0,-0.026,33.8,-0.026,33.8,-0.028,33.7,-0.026,33.8
1109.5,-0.022,33.8,-0.021,33.8,-0.026,33.8,-0.023,33.8
1110.0,-0.022,33.8,-0.023,33.8,-0.024,33.8,-0.023,33.8
1110.5,-0.026,33.9,-0.026,33.9,-0.024,33.8,-0.026,33.8
1111.0,-0.031,33.9,-0.032,33.8,-0.030,33.9,-0.031,33.8
1111.5,-0.034,33.9,-0.034,33.9,-0.034,33.9,-0.034,33.8
1112.0,-0.033,33.9,-0.034,33.9,-0.033,33.9,-0.034,33.9
1112.5,-0.026,33.9,-0.025,33.9,-0.025,33.9,-0.025,33.9
1113.0,-0.024,33.9,-0.024,33.9,-0.024,33.9,-0.024,33.9
1113.5,-0.024,33.9,-0.024,33.9,-0.024,33.9,-0.024,33.9
1114.0,-0.024,34.0,-0.024,34.0,-0.025,33.9,-0.024,34.0
1114.5,-0.022,34.0,-0.022,34.0,-0.021,33.9,-0.022,34.0
1115.0,-0.023,34.0,-0.024,34.0,-0.023,34.0,-0.021,34.0
1115.5,-0.028,34.0,-0.028,34.0,-0.027,34.0,-0.025,34.0
1116.0,-0.031,34.0,-0.031,34.0,-0.030,34.0,-0.029,34.0
1116.5,-0.026,34.0,-0.027,34.0,-0.026,34.0,-0.026,34.0
1117.0,-0.022,34.0,-0.022,34.0,-0.022,34.0,-0.022,34.0
1117.5,-0.021,34.0,-0.020,34.0,-0.021,34.1,-0.020,34.1
1118.0,-0.017,34.0,-0.017,34.1,-0.017,34.0,-0.016,34.0
1118.5,-0.014,34.0,-0.015,34.1,-0.015,34.0,-0.015,34.0
1119.0,-0.009,34.1,-0.009,34.1,-0.009,34.1,-0.010,34.1
1119.5,-0.002,34.1,-0.003,34.1,-0.001,34.0,-0.001,34.1
1120.0,0.002,34.1,0.002,34.1,0.001,34.1,0.002,34.1
1120.5,0.006,34.1,0.006,34.1,0.005,34.1,0.006,34.0
1121.0,0.007,34.1,0.006,34.1,0.007,34.1,0.008,34.1
1121.5,0.012,34.0,0.012,34.0,0.010,34.0,0.010,34.1
1122.0,0.015,34.0,0.015,34.0,0.015,34.0,0.016,34.1
1122.5,0.018,34.0,0.018,34.0,0.019,34.0,0.019,34.0
1123.0,0.019,34.0,0.019,34.0,0.018,34.0,0.019,34.0
1123.5,0.020,34.0,0.020,34.0,0.020,34.0,0.019,34.0
1124.0,0.023,33.9,0.022,33.9,0.021,34.0,0.023,34.0
1124.5,0.024,33.9,0.023,33.9,0.024,33.9,0.024,33.9
1125.0,0.026,33.9,0.023,33.9,0.025,33.9,0.026,33.9
1125.5,0.029,33.9,0.030,33.9,0.029,33.8,0.030,33.8
1126.0,0.030,33.8,0.030,33.8,0.030,33.8,0.029,33.8
1126.5,0.030,33.8,0.031,33.8,0.034,33.8,0.030,33.8
1127.0,0.029,33.7,0.029,33.7,0.032,33.8,0.032,33.7
1127.5,0.028,33.7,0.030,33.7,0.029,33.7,0.028,33.7
1128.0,0.030,33.7,0.030,33.7,0.031,33.7,0.032,33.7
1128.5,0.033,33.6,0.033,33.6,0.030,33.6,0.033,33.6
1129.0,0.035,33.6,0.037,33.6,0.034,33.6,0.036,33.7
1129.5,0.034,33.6,0.034,33.6,0.032,33.6,0.035,33.6
1130.0,0.033,33.6,0.035,33.6,0.032,33.6,0.035,33.6
1130.5,0.028,33.6,0.028,33.6,0.030,33.6,0.029,33.6
1131.0,0.025,33.5,0.024,33.5,0.024,33.6,0.027,33.5
1131.5,0.024,33.5,0.025,33.6,0.024,33.6,0.025,33.5
1132.0,0.023,33.5,0.023,33.5,0.022,33.5,0.024,33.5
1132.5,0.024,33.5,0.026,33.5,0.024,33.5,0.025,33.5
1133.0,0.026,33.5,0.027,33.5,0.026,33.5,0.027,33.5
1133.5,0.030,33.5,0.028,33.5,0.032,33.5,0.030,33.5
1134.0,0.032,33.5,0.031,33.5,0.033,33.5,0.031,33.5
1134.5,0.034,33.5,0.034,33.5,0.035,33.5,0.035,33.5
1135.0,0.035,33.5,0.035,33.5,0.035,33.5,0.035,33.5
1135.5,0.033,33.5,0.034,33.5,0.036,33.5,0.035,33.5
1136.0,0.032,33.4,0.034,33.5,0.033,33.5,0.034,33.4
1136.5,0.032,33.4,0.029,33.4,0.033,33.4,0.031,33.4
1137.0,0.031,33.4,0.033,33.4,0.031,33.4,0.032,33.4
1137.5,0.032,33.4,0.031,33.4,0.031,33.4,0.032,33.4
1138.0,0.031,33.4,0.032,33.4,0.030,33.4,0.032,33.4
1138.5,0.032,33.4,0.033,33.4,0.032,33.4,0.031,33.4
1139.0,0.031,33.4,0.031,33.4,0.034,33.4,0.031,33.4
1139.5,0.029,33.4,0.029,33.4,0.030,33.4,0.030,33.4
1140.0,0.024,33.3,0.025,33.4,0.023,33.3,0.023,33.4
1140.5,0.022,33.3,0.022,33.4,0.020,33.3,0.023,33.4
1141.0,0.024,33.4,0.025,33.4,0.022,33.4,0.025,33.3
1141.5,0.025,33.4,0.025,33.4,0.025,33.4,0.025,33.4
1142.0,0.026,33.4,0.027,33.4,0.026,33.4,0.025,33.4
1142.5,0.026,33.4,0.026,33.4,0.027,33.4,0.025,33.4
1143.0,0.029,33.4,0.030,33.4,0.029,33.4,0.027,33.4
1143.5,0.031,33.3,0.031,33.3,0.032,33.3,0.030,33.4
1144.0,0.031,33.3,0.030,33.3,0.031,33.4,0.036,33.3
1144.5,0.033,33.3,0.032,33.4,0.034,33.4,0.035,33.3
1145.0,0.033,33.3,0.031,33.3,0.034,33.3,0.033,33.3
1145.5,0.033,33.3,0.033,33.3,0.034,33.4,0.032,33.3
1146.0,0.032,33.3,0.032,33.3,0.031,33.3,0.031,33.3
1146.5,0.030,33.3,0.030,33.3,0.028,33.3,0.030,33.3
1147.0,0.030,33.3,0.030,33.3,0.028,33.2,0.030,33.3
1147.5,0.029,33.3,0.029,33.3,0.029,33.3,0.030,33.3
1148.0,0.030,33.3,0.030,33.3,0.030,33.3,0.031,33.2
1148.5,0.028,33.3,0.029,33.3,0.028,33.3,0.032,33.3
1149.0,0.027,33.3,0.027,33.3,0.026,33.3,0.032,33.3
1149.5,0.026,33.3,0.026,33.3,0.026,33.3,0.029,33.3
1150.0,0.024,33.3,0.023,33.3,0.024,33.3,0.026,33.3
1150.5,0.024,33.3,0.024,33.3,0.023,33.3,0.023,33.3
1151.0,0.023,33.3,0.022,33.3,0.023,33.3,0.022,33.3
1151.5,0.022,33.3,0.023,33.3,0.023,33.3,0.022,33.3
1152.0,0.025,33.3,0.024,33.3,0.025,33.3,0.025,33.3
1152.5,0.026,33.3,0.024,33.3,0.025,33.2,0.028,33.3
1153.0,0.028,33.3,0.027,33.3,0.026,33.3,0.029,33.3
1153.5,0.028,33.3,0.029,33.3,0.028,33.3,0.028,33.3
1154.0,0.030,33.3,0.031,33.3,0.031,33.3,0.029,33.3
1154.5,0.030,33.3,0.030,33.2,0.031,33.3,0.031,33.2
1155.0,0.030,33.3,0.030,33.2,0.029,33.2,0.030,33.2
1155.5,0.030,33.3,0.030,33.3,0.029,33.2,0.029,33.2
1156.0,0.027,33.2,0.027,33.2,0.027,33.2,0.028,33.2
1156.5,0.023,33.2,0.023,33.2,0.024,33.2,0.024,33.2
1157.0,0.020,33.2,0.020,33.2,0.021,33.2,0.019,33.3
1157.5,0.023,33.3,0.022,33.2,0.021,33.2,0.022,33.3
1158.0,0.025,33.2,0.024,33.2,0.022,33.2,0.025,33.3
1158.5,0.024,33.2,0.024,33.2,0.024,33.2,0.025,33.2
1159.0,0.024,33.3,0.025,33.2,0.023,33.2,0.025,33.3
1159.5,0.022,33.2,0.022,33.2,0.022,33.3,0.024,33.3
1160.0,0.023,33.2,0.023,33.2,0.024,33.3,0.024,33.3
1160.5,0.024,33.2,0.024,33.2,0.023,33.3,0.023,33.3
1161.0,0.021,33.3,0.023,33.3,0.020,33.2,0.022,33.3
1161.5,0.020,33.2,0.022,33.3,0.020,33.2,0.022,33.3
1162.0,0.020,33.3,0.021,33.3,0.022,33.2,0.021,33.3
1162.5,0.020,33.3,0.021,33.3,0.020,33.3,0.019,33.3
1163.0,0.019,33.3,0.019,33.2,0.018,33.3,0.018,33.3
1163.5,0.019,33.3,0.018,33.3,0.018,33.3,0.018,33.3
1164.0,0.018,33.3,0.018,33.3,0.018,33.3,0.019,33.3
1164.5,0.017,33.3,0.017,33.3,0.017,33.3,0.017,33.3
1165.0,0.016,33.3,0.016,33.3,0.017,33.3,0.017,33.3
1165.5,0.014,33.3,0.014,33.3,0.014,33.3,0.014,33.3
1166.0,0.013,33.3,0.014,33.3,0.014,33.3,0.013,33.3
1166.5,0.010,33.3,0.012,33.3,0.011,33.3,0.010,33.3
1167.0,0.010,33.3,0.010,33.3,0.009,33.3,0.010,33.3
1167.5,0.011,33.4,0.012,33.3,0.008,33.4,0.012,33.4
1168.0,0.012,33.4,0.013,33.3,0.012,33.4,0.012,33.4
1168.5,0.014,33.4,0.013,33.4,0.014,33.3,0.012,33.4
1169.0,0.012,33.4,0.013,33.4,0.012,33.4,0.014,33.3
1169.5,0.011,33.4,0.011,33.4,0.012,33.4,0.012,33.3
1170.0,0.012,33.4,0.012,33.4,0.015,33.4,0.010,33.4
