time_s,s1_flow_ml_min,s1_temp_c,s2_flow_ml_min,s2_temp_c,s3_flow_ml_min,s3_temp_c,s4_flow_ml_min,s4_temp_c
0.0,0.061,29.3,0.062,29.3,0.062,29.3,0.064,29.3
0.5,0.058,29.3,0.059,29.3,0.060,29.3,0.059,29.3
1.0,0.056,29.3,0.057,29.3,0.057,29.3,0.058,29.3
1.5,0.054,29.3,0.054,29.3,0.055,29.3,0.055,29.3
2.0,0.054,29.4,0.054,29.3,0.055,29.4,0.054,29.4
2.5,0.054,29.4,0.054,29.4,0.054,29.4,0.054,29.4
3.0,0.054,29.4,0.054,29.4,0.053,29.4,0.055,29.4
3.5,0.054,29.5,0.053,29.5,0.054,29.4,0.054,29.4
4.0,0.054,29.5,0.054,29.5,0.052,29.5,0.055,29.5
4.5,0.054,29.5,0.054,29.5,0.054,29.5,0.055,29.5
5.0,0.054,29.5,0.053,29.5,0.054,29.5,0.054,29.5
5.5,0.054,29.5,0.054,29.5,0.052,29.6,0.053,29.5
6.0,0.053,29.5,0.053,29.5,0.053,29.5,0.053,29.5
6.5,0.052,29.6,0.052,29.6,0.052,29.5,0.052,29.6
7.0,0.052,29.6,0.052,29.6,0.054,29.6,0.051,29.6
7.5,0.053,29.6,0.052,29.6,0.055,29.6,0.051,29.5
8.0,0.051,29.6,0.051,29.6,0.054,29.6,0.051,29.6
8.5,0.052,29.6,0.052,29.6,0.053,29.6,0.050,29.6
9.0,0.050,29.6,0.051,29.6,0.051,29.7,0.049,29.6
9.5,0.048,29.7,0.047,29.6,0.048,29.7,0.048,29.7
10.0,0.047,29.7,0.046,29.7,0.048,29.7,0.048,29.7
10.5,0.046,29.7,0.046,29.7,0.046,29.7,0.047,29.7
11.0,0.045,29.7,0.046,29.7,0.044,29.7,0.046,29.7
11.5,0.044,29.7,0.045,29.7,0.043,29.7,0.045,29.7
12.0,0.044,29.8,0.044,29.8,0.045,29.7,0.044,29.7
12.5,0.044,29.8,0.044,29.7,0.046,29.7,0.043,29.8
13.0,0.044,29.8,0.046,29.8,0.045,29.8,0.045,29.8
13.5,0.044,29.8,0.044,29.8,0.045,29.8,0.046,29.8
14.0,0.044,29.8,0.044,29.8,0.042,29.8,0.046,29.8
14.5,0.045,29.8,0.046,29.8,0.044,29.8,0.045,29.8
15.0,0.044,29.9,0.043,29.9,0.045,29.9,0.043,29.8
15.5,0.044,29.8,0.045,29.9,0.046,29.9,0.044,29.8
16.0,0.044,29.9,0.044,29.9,0.043,29.9,0.044,29.8
16.5,0.044,29.9,0.044,29.9,0.044,29.9,0.045,29.8
17.0,0.042,29.9,0.043,29.9,0.042,29.9,0.044,29.9
17.5,0.042,29.9,0.043,29.9,0.043,29.9,0.043,29.9
18.0,0.042,29.9,0.042,29.9,0.042,29.9,0.042,29.9
18.5,0.040,29.9,0.041,30.0,0.040,29.9,0.040,29.9
19.0,0.040,30.0,0.039,30.0,0.039,30.0,0.040,30.0
19.5,0.038,30.0,0.037,30.0,0.038,30.1,0.038,29.9
20.0,0.037,30.0,0.037,30.0,0.036,30.0,0.037,30.0
20.5,0.036,30.0,0.037,30.0,0.035,30.0,0.038,30.1
21.0,0.037,30.0,0.036,30.0,0.038,30.0,0.037,30.1
21.5,0.038,30.0,0.038,30.0,0.036,30.0,0.037,30.0
22.0,0.038,30.1,0.037,30.1,0.040,30.0,0.037,30.1
22.5,0.038,30.1,0.039,30.1,0.039,30.0,0.039,30.1
23.0,0.038,30.1,0.038,30.1,0.039,30.1,0.040,30.1
23.5,0.038,30.1,0.039,30.1,0.037,30.1,0.039,30.1
24.0,0.038,30.1,0.039,30.1,0.036,30.1,0.038,30.1
24.5,0.038,30.1,0.038,30.1,0.036,30.1,0.038,30.2
25.0,0.038,30.1,0.037,30.1,0.037,30.1,0.037,30.2
25.5,0.036,30.2,0.037,30.2,0.037,30.2,0.037,30.2
26.0,0.036,30.2,0.037,30.2,0.036,30.2,0.037,30.2
26.5,0.036,30.2,0.036,30.2,0.037,30.2,0.036,30.2
27.0,0.036,30.2,0.036,30.2,0.036,30.1,0.035,30.2
27.5,0.036,30.2,0.037,30.2,0.038,30.2,0.035,30.2
28.0,0.034,30.2,0.033,30.2,0.038,30.2,0.035,30.2
28.5,0.034,30.2,0.033,30.3,0.036,30.2,0.033,30.2
29.0,0.032,30.2,0.032,30.3,0.031,30.2,0.032,30.2
29.5,0.030,30.3,0.031,30.2,0.028,30.3,0.032,30.3
30.0,0.030,30.3,0.030,30.3,0.030,30.3,0.032,30.3
30.5,0.030,30.3,0.030,30.3,0.030,30.3,0.031,30.3
31.0,0.030,30.3,0.029,30.3,0.030,30.2,0.030,30.3
31.5,0.030,30.3,0.029,30.3,0.030,30.3,0.029,30.3
32.0,0.030,30.4,0.029,30.4,0.028,30.4,0.029,30.4
32.5,0.028,30.4,0.029,30.4,0.028,30.4,0.030,30.4
33.0,0.028,30.4,0.029,30.4,0.029,30.4,0.028,30.4
33.5,0.028,30.4,0.029,30.4,0.028,30.4,0.028,30.4
34.0,0.028,30.4,0.028,30.4,0.029,30.4,0.026,30.4
34.5,0.028,30.4,0.027,30.4,0.028,30.4,0.028,30.4
35.0,0.026,30.5,0.026,30.5,0.028,30.5,0.028,30.3
35.5,0.027,30.5,0.026,30.5,0.026,30.5,0.028,30.4
36.0,0.026,30.5,0.026,30.5,0.026,30.5,0.026,30.5
36.5,0.026,30.5,0.027,30.5,0.026,30.5,0.026,30.5
37.0,0.025,30.5,0.025,30.5,0.024,30.5,0.026,30.5
37.5,0.024,30.5,0.024,30.5,0.025,30.5,0.024,30.5
38.0,0.024,30.6,0.024,30.6,0.026,30.5,0.024,30.6
38.5,0.022,30.5,0.023,30.6,0.023,30.5,0.023,30.6
39.0,0.022,30.6,0.023,30.6,0.022,30.6,0.023,30.6
39.5,0.022,30.6,0.023,30.6,0.022,30.6,0.022,30.6
40.0,0.022,30.6,0.022,30.6,0.022,30.6,0.022,30.6
40.5,0.022,30.6,0.021,30.6,0.022,30.6,0.021,30.7
41.0,0.021,30.7,0.020,30.6,0.022,30.7,0.021,30.7
41.5,0.021,30.7,0.021,30.7,0.021,30.7,0.021,30.7
42.0,0.020,30.7,0.020,30.7,0.020,30.7,0.021,30.7
42.5,0.020,30.7,0.020,30.7,0.021,30.7,0.020,30.7
43.0,0.020,30.7,0.020,30.7,0.021,30.7,0.021,30.7
43.5,0.020,30.7,0.020,30.7,0.020,30.7,0.020,30.7
44.0,0.020,30.8,0.019,30.8,0.020,30.8,0.020,30.8
44.5,0.020,30.8,0.019,30.8,0.019,30.8,0.018,30.8
45.0,0.018,30.8,0.019,30.8,0.019,30.8,0.017,30.8
45.5,0.018,30.8,0.018,30.8,0.020,30.8,0.019,30.8
46.0,0.018,30.8,0.018,30.8,0.019,30.8,0.020,30.8
46.5,0.018,30.8,0.019,30.8,0.018,30.9,0.018,30.8
47.0,0.016,30.8,0.017,30.9,0.015,30.9,0.016,30.8
47.5,0.015,30.9,0.015,30.9,0.015,30.9,0.015,30.8
48.0,0.014,30.9,0.014,30.9,0.014,30.9,0.013,30.9
48.5,0.014,30.9,0.014,30.9,0.013,30.9,0.012,30.9
49.0,0.013,30.9,0.015,30.9,0.013,30.9,0.013,30.9
49.5,0.012,30.9,0.014,31.0,0.010,31.0,0.013,30.9
50.0,0.012,31.0,0.012,31.0,0.012,31.0,0.013,30.9
50.5,0.012,30.9,0.011,31.0,0.010,30.9,0.012,30.9
51.0,0.010,31.0,0.010,31.0,0.009,31.0,0.011,31.0
51.5,0.009,31.0,0.009,31.0,0.008,31.0,0.008,31.0
52.0,0.007,31.0,0.007,31.0,0.006,31.0,0.007,31.0
52.5,0.004,31.1,0.005,31.0,0.005,31.0,0.003,31.0
53.0,0.000,31.1,0.001,31.1,0.003,31.0,-0.001,31.1
53.5,-0.003,31.1,-0.004,31.1,-0.002,31.2,-0.003,31.1
54.0,-0.008,31.1,-0.009,31.1,-0.006,31.2,-0.008,31.1
54.5,-0.015,31.2,-0.015,31.1,-0.009,31.2,-0.015,31.2
55.0,-0.025,31.2,-0.025,31.2,-0.020,31.2,-0.022,31.2
55.5,-0.038,31.2,-0.038,31.2,-0.036,31.2,-0.035,31.2
56.0,-0.052,31.3,-0.053,31.3,-0.050,31.2,-0.042,31.2
56.5,-0.067,31.3,-0.068,31.3,-0.062,31.3,-0.062,31.3
57.0,-0.082,31.3,-0.082,31.3,-0.070,31.3,-0.081,31.3
57.5,-0.096,31.3,-0.096,31.3,-0.084,31.3,-0.093,31.3
58.0,-0.109,31.2,-0.108,31.2,-0.107,31.2,-0.105,31.2
58.5,-0.124,31.2,-0.124,31.2,-0.119,31.2,-0.117,31.2
59.0,-0.138,31.1,-0.137,31.1,-0.137,31.1,-0.133,31.1
59.5,-0.150,31.0,-0.148,31.0,-0.150,31.0,-0.149,31.1
60.0,-0.158,30.9,-0.153,31.0,-0.155,31.0,-0.156,30.9
60.5,-0.160,30.9,-0.160,30.8,-0.158,30.9,-0.158,30.9
61.0,-0.156,30.8,-0.156,30.8,-0.156,30.8,-0.156,30.8
61.5,-0.152,30.7,-0.151,30.7,-0.151,30.7,-0.154,30.7
62.0,-0.146,30.7,-0.146,30.7,-0.147,30.7,-0.147,30.7
62.5,-0.143,30.6,-0.142,30.6,-0.143,30.7,-0.143,30.7
63.0,-0.138,30.6,-0.139,30.6,-0.139,30.6,-0.138,30.6
63.5,-0.135,30.7,-0.135,30.7,-0.137,30.6,-0.134,30.7
64.0,-0.129,30.6,-0.129,30.7,-0.130,30.6,-0.128,30.7
64.5,-0.123,30.7,-0.122,30.7,-0.126,30.6,-0.121,30.7
65.0,-0.117,30.6,-0.117,30.6,-0.118,30.6,-0.117,30.6
65.5,-0.110,30.7,-0.111,30.7,-0.108,30.6,-0.112,30.7
66.0,-0.106,30.7,-0.108,30.7,-0.107,30.6,-0.107,30.7
66.5,-0.101,30.7,-0.102,30.7,-0.102,30.7,-0.103,30.7
67.0,-0.096,30.7,-0.098,30.7,-0.097,30.7,-0.096,30.7
67.5,-0.092,30.8,-0.092,30.8,-0.093,30.8,-0.092,30.8
68.0,-0.087,30.8,-0.088,30.8,-0.087,30.8,-0.088,30.8
68.5,-0.081,30.8,-0.081,30.8,-0.083,30.8,-0.085,30.8
69.0,-0.076,30.9,-0.077,30.9,-0.082,30.8,-0.079,30.8
69.5,-0.071,30.9,-0.071,30.9,-0.076,30.9,-0.070,30.9
70.0,-0.065,30.9,-0.066,30.9,-0.068,30.9,-0.067,30.9
70.5,-0.060,31.0,-0.060,31.0,-0.061,30.9,-0.061,31.0
71.0,-0.056,31.0,-0.056,31.0,-0.057,31.0,-0.056,31.0
71.5,-0.052,31.0,-0.051,31.1,-0.055,31.0,-0.051,31.1
72.0,-0.048,31.1,-0.047,31.1,-0.048,31.1,-0.050,31.1
72.5,-0.044,31.1,-0.043,31.1,-0.044,31.2,-0.045,31.1
73.0,-0.039,31.2,-0.039,31.1,-0.040,31.2,-0.039,31.1
73.5,-0.035,31.2,-0.035,31.2,-0.035,31.2,-0.034,31.2
74.0,-0.031,31.3,-0.031,31.3,-0.032,31.3,-0.030,31.3
74.5,-0.027,31.3,-0.028,31.3,-0.027,31.3,-0.029,31.3
75.0,-0.024,31.4,-0.024,31.4,-0.026,31.4,-0.024,31.3
75.5,-0.019,31.4,-0.019,31.4,-0.019,31.4,-0.021,31.4
76.0,-0.016,31.4,-0.015,31.5,-0.016,31.4,-0.017,31.5
76.5,-0.012,31.5,-0.012,31.5,-0.012,31.4,-0.012,31.5
77.0,-0.009,31.5,-0.009,31.5,-0.008,31.5,-0.008,31.5
77.5,-0.005,31.5,-0.006,31.5,-0.005,31.5,-0.005,31.5
78.0,-0.003,31.6,-0.002,31.6,-0.003,31.6,-0.000,31.5
78.5,0.001,31.6,0.002,31.6,-0.002,31.6,0.003,31.6
79.0,0.004,31.6,0.005,31.6,0.003,31.6,0.005,31.6
79.5,0.007,31.6,0.008,31.6,0.006,31.6,0.008,31.6
80.0,0.010,31.7,0.011,31.7,0.012,31.7,0.010,31.7
80.5,0.012,31.7,0.011,31.7,0.011,31.7,0.012,31.7
81.0,0.014,31.7,0.013,31.7,0.012,31.7,0.014,31.7
81.5,0.015,31.7,0.015,31.7,0.016,31.7,0.015,31.7
82.0,0.017,31.7,0.016,31.7,0.018,31.7,0.016,31.7
82.5,0.018,31.7,0.018,31.7,0.019,31.7,0.017,31.7
83.0,0.019,31.7,0.019,31.7,0.020,31.7,0.018,31.8
83.5,0.020,31.7,0.020,31.7,0.020,31.7,0.020,31.7
84.0,0.021,31.7,0.020,31.7,0.021,31.7,0.021,31.7
84.5,0.022,31.7,0.022,31.7,0.022,31.7,0.021,31.7
85.0,0.022,31.7,0.023,31.7,0.023,31.7,0.023,31.7
85.5,0.024,31.7,0.023,31.7,0.024,31.7,0.025,31.7
86.0,0.024,31.7,0.024,31.7,0.024,31.7,0.024,31.7
86.5,0.024,31.7,0.025,31.7,0.025,31.7,0.025,31.8
87.0,0.026,31.7,0.025,31.7,0.026,31.7,0.026,31.7
87.5,0.027,31.7,0.027,31.7,0.026,31.7,0.026,31.7
88.0,0.028,31.7,0.029,31.7,0.029,31.7,0.028,31.7
88.5,0.029,31.7,0.030,31.7,0.029,31.7,0.030,31.7
89.0,0.030,31.7,0.031,31.7,0.030,31.7,0.031,31.7
89.5,0.032,31.7,0.032,31.7,0.031,31.7,0.032,31.7
90.0,0.032,31.7,0.032,31.7,0.031,31.7,0.032,31.7
90.5,0.032,31.7,0.031,31.7,0.032,31.7,0.030,31.7
91.0,0.032,31.6,0.032,31.6,0.032,31.7,0.030,31.7
91.5,0.032,31.7,0.033,31.7,0.032,31.6,0.032,31.7
92.0,0.032,31.6,0.033,31.7,0.031,31.7,0.032,31.6
92.5,0.032,31.6,0.034,31.6,0.033,31.7,0.034,31.6
93.0,0.032,31.6,0.033,31.6,0.034,31.6,0.034,31.7
93.5,0.032,31.6,0.031,31.6,0.032,31.6,0.034,31.6
94.0,0.032,31.6,0.033,31.6,0.034,31.6,0.033,31.6
94.5,0.032,31.6,0.033,31.6,0.032,31.6,0.032,31.6
95.0,0.032,31.6,0.032,31.6,0.030,31.6,0.032,31.6
95.5,0.032,31.6,0.032,31.6,0.033,31.6,0.032,31.6
96.0,0.032,31.6,0.033,31.6,0.033,31.6,0.032,31.6
96.5,0.032,31.6,0.034,31.6,0.033,31.7,0.032,31.6
97.0,0.034,31.6,0.035,31.6,0.036,31.7,0.034,31.6
97.5,0.034,31.6,0.034,31.6,0.036,31.7,0.035,31.6
98.0,0.034,31.6,0.034,31.6,0.033,31.6,0.035,31.6
98.5,0.034,31.6,0.033,31.6,0.034,31.6,0.035,31.6
99.0,0.034,31.6,0.034,31.6,0.036,31.6,0.034,31.6
99.5,0.035,31.6,0.035,31.6,0.038,31.6,0.034,31.6
100.0,0.035,31.6,0.035,31.6,0.036,31.6,0.036,31.6
100.5,0.035,31.6,0.035,31.6,0.037,31.6,0.035,31.6
101.0,0.034,31.6,0.035,31.6,0.034,31.6,0.035,31.6
101.5,0.034,31.6,0.036,31.6,0.035,31.6,0.036,31.6
102.0,0.035,31.6,0.034,31.6,0.034,31.6,0.036,31.6
102.5,0.034,31.6,0.035,31.6,0.034,31.6,0.036,31.6
103.0,0.034,31.6,0.034,31.7,0.038,31.6,0.036,31.7
103.5,0.032,31.6,0.033,31.6,0.034,31.6,0.036,31.7
104.0,0.032,31.6,0.032,31.6,0.032,31.6,0.034,31.6
104.5,0.032,31.6,0.033,31.6,0.034,31.7,0.033,31.6
105.0,0.032,31.6,0.032,31.6,0.032,31.6,0.032,31.6
105.5,0.033,31.7,0.033,31.6,0.035,31.6,0.034,31.6
106.0,0.032,31.6,0.032,31.6,0.034,31.6,0.033,31.6
106.5,0.032,31.6,0.033,31.6,0.033,31.6,0.032,31.6
107.0,0.032,31.6,0.033,31.6,0.032,31.6,0.033,31.6
107.5,0.032,31.6,0.033,31.6,0.033,31.6,0.033,31.7
108.0,0.033,31.7,0.032,31.7,0.032,31.6,0.033,31.7
108.5,0.032,31.7,0.032,31.6,0.032,31.7,0.032,31.7
109.0,0.032,31.7,0.033,31.6,0.032,31.7,0.030,31.6
109.5,0.032,31.7,0.032,31.7,0.034,31.7,0.032,31.6
110.0,0.032,31.7,0.033,31.7,0.033,31.7,0.032,31.7
110.5,0.032,31.7,0.031,31.7,0.030,31.7,0.032,31.7
111.0,0.032,31.7,0.032,31.7,0.031,31.7,0.032,31.6
111.5,0.031,31.7,0.031,31.7,0.030,31.7,0.032,31.7
112.0,0.030,31.7,0.030,31.7,0.030,31.7,0.031,31.7
112.5,0.029,31.7,0.030,31.7,0.030,31.7,0.030,31.7
113.0,0.028,31.7,0.028,31.7,0.029,31.7,0.028,31.7
113.5,0.028,31.7,0.027,31.7,0.028,31.7,0.028,31.7
114.0,0.028,31.7,0.028,31.7,0.028,31.8,0.027,31.7
114.5,0.028,31.7,0.027,31.7,0.026,31.8,0.028,31.7
115.0,0.028,31.7,0.028,31.7,0.029,31.7,0.028,31.7
115.5,0.028,31.7,0.028,31.7,0.028,31.7,0.027,31.7
116.0,0.028,31.7,0.026,31.7,0.027,31.7,0.028,31.7
116.5,0.028,31.8,0.027,31.8,0.028,31.8,0.028,31.8
117.0,0.028,31.8,0.028,31.8,0.027,31.8,0.028,31.8
117.5,0.026,31.8,0.027,31.8,0.027,31.8,0.027,31.8
118.0,0.026,31.8,0.027,31.8,0.027,31.8,0.028,31.8
118.5,0.026,31.8,0.027,31.8,0.026,31.8,0.027,31.8
119.0,0.024,31.8,0.025,31.8,0.024,31.8,0.026,31.8
119.5,0.024,31.8,0.025,31.8,0.026,31.8,0.024,31.8
120.0,0.024,31.8,0.025,31.8,0.025,31.8,0.025,31.8
120.5,0.024,31.8,0.024,31.8,0.025,31.8,0.025,31.8
121.0,0.024,31.8,0.023,31.8,0.024,31.8,0.023,31.8
121.5,0.023,31.8,0.023,31.8,0.024,31.8,0.023,31.8
122.0,0.022,31.8,0.024,31.8,0.022,31.8,0.023,31.9
122.5,0.022,31.8,0.021,31.8,0.022,31.8,0.023,31.9
123.0,0.021,31.9,0.021,31.9,0.021,31.8,0.022,31.9
123.5,0.020,31.9,0.021,31.9,0.021,31.9,0.021,31.9
124.0,0.020,31.9,0.021,31.9,0.021,31.9,0.022,31.9
124.5,0.020,31.9,0.021,31.9,0.022,31.9,0.021,31.9
125.0,0.020,31.9,0.020,31.9,0.021,31.9,0.020,31.9
125.5,0.020,31.9,0.021,31.9,0.022,31.9,0.020,31.9
126.0,0.020,31.9,0.021,31.9,0.022,31.9,0.021,31.9
126.5,0.020,31.9,0.020,31.9,0.021,31.9,0.021,31.9
127.0,0.020,31.9,0.020,31.9,0.021,31.9,0.022,31.9
127.5,0.020,31.9,0.020,31.9,0.021,31.9,0.021,31.9
128.0,0.020,32.0,0.020,31.9,0.021,32.0,0.019,31.9
128.5,0.020,31.9,0.020,31.9,0.020,32.0,0.019,31.9
129.0,0.020,32.0,0.020,31.9,0.019,32.0,0.020,31.9
129.5,0.020,32.0,0.021,32.0,0.018,32.0,0.018,31.9
130.0,0.020,32.0,0.020,31.9,0.019,32.0,0.019,31.9
130.5,0.018,32.0,0.020,32.0,0.019,31.9,0.019,32.0
131.0,0.019,32.0,0.020,32.0,0.019,32.0,0.020,32.0
131.5,0.018,32.0,0.019,32.0,0.020,32.0,0.018,32.0
132.0,0.018,32.0,0.018,32.0,0.020,32.0,0.017,32.0
132.5,0.016,32.0,0.017,32.0,0.018,32.0,0.017,31.9
133.0,0.016,32.0,0.017,32.0,0.016,32.0,0.016,31.9
133.5,0.016,32.0,0.016,32.0,0.015,32.0,0.016,32.0
134.0,0.015,32.0,0.014,32.0,0.016,32.0,0.015,32.1
134.5,0.014,32.0,0.014,32.1,0.014,32.0,0.014,32.1
135.0,0.012,32.0,0.012,32.1,0.013,32.0,0.013,32.0
135.5,0.008,32.1,0.008,32.1,0.009,32.1,0.008,32.1
136.0,0.003,32.1,0.002,32.1,0.003,32.1,0.003,32.1
136.5,0.005,32.1,0.004,32.1,0.004,32.1,0.004,32.1
137.0,-0.003,32.1,-0.003,32.1,-0.002,32.1,-0.001,32.1
137.5,-0.026,32.1,-0.023,32.2,-0.018,32.2,-0.025,32.1
138.0,-0.046,32.2,-0.046,32.1,-0.039,32.1,-0.042,32.2
138.5,-0.055,32.2,-0.055,32.2,-0.054,32.2,-0.050,32.2
139.0,-0.056,32.2,-0.056,32.2,-0.058,32.2,-0.053,32.2
139.5,-0.056,32.2,-0.056,32.2,-0.058,32.2,-0.055,32.2
140.0,-0.058,32.2,-0.057,32.2,-0.056,32.2,-0.058,32.2
140.5,-0.078,32.2,-0.076,32.2,-0.077,32.3,-0.075,32.2
141.0,-0.077,32.2,-0.079,32.2,-0.079,32.3,-0.081,32.2
141.5,-0.036,32.2,-0.036,32.2,-0.044,32.2,-0.044,32.2
142.0,0.051,32.3,0.050,32.3,0.046,32.3,0.048,32.2
142.5,0.068,32.3,0.069,32.3,0.073,32.3,0.067,32.3
143.0,0.050,32.2,0.052,32.3,0.058,32.2,0.054,32.2
143.5,0.036,32.2,0.036,32.2,0.046,32.2,0.035,32.2
144.0,0.006,32.2,0.005,32.2,0.046,32.2,0.009,32.2
144.5,0.049,32.2,0.032,32.2,0.056,32.2,0.042,32.2
145.0,0.003,32.2,0.008,32.2,0.014,32.2,0.021,32.2
145.5,-0.036,32.2,-0.037,32.2,-0.021,32.2,-0.034,32.2
146.0,-0.029,32.2,-0.029,32.2,-0.029,32.2,-0.031,32.2
146.5,-0.018,32.3,-0.020,32.3,-0.019,32.3,-0.018,32.3
147.0,-0.018,32.3,-0.018,32.3,-0.016,32.3,-0.017,32.3
147.5,-0.017,32.3,-0.017,32.3,-0.016,32.3,-0.018,32.3
148.0,-0.015,32.4,-0.014,32.4,-0.015,32.4,-0.015,32.4
148.5,-0.012,32.4,-0.011,32.4,-0.014,32.4,-0.013,32.4
149.0,-0.009,32.4,-0.009,32.4,-0.012,32.4,-0.010,32.4
149.5,-0.005,32.4,-0.005,32.4,-0.006,32.4,-0.007,32.4
150.0,-0.003,32.4,-0.002,32.4,-0.003,32.4,-0.002,32.4
150.5,0.001,32.4,0.000,32.5,-0.001,32.4,-0.000,32.4
151.0,0.006,32.4,0.005,32.4,0.001,32.4,0.005,32.5
151.5,0.011,32.5,0.011,32.4,0.010,32.5,0.006,32.5
152.0,0.016,32.5,0.015,32.5,0.015,32.5,0.014,32.5
152.5,0.019,32.5,0.019,32.5,0.020,32.5,0.018,32.4
153.0,0.021,32.4,0.020,32.4,0.022,32.5,0.019,32.4
153.5,0.022,32.4,0.021,32.4,0.025,32.5,0.021,32.4
154.0,0.023,32.4,0.023,32.4,0.025,32.5,0.024,32.4
154.5,0.024,32.4,0.023,32.4,0.024,32.4,0.025,32.4
155.0,0.024,32.4,0.024,32.4,0.024,32.4,0.024,32.4
155.5,0.024,32.4,0.024,32.3,0.025,32.4,0.024,32.4
156.0,0.026,32.4,0.026,32.3,0.026,32.4,0.025,32.4
156.5,0.027,32.3,0.026,32.3,0.027,32.3,0.027,32.3
157.0,0.029,32.3,0.030,32.3,0.028,32.3,0.029,32.3
157.5,0.031,32.3,0.032,32.3,0.030,32.3,0.032,32.3
158.0,0.032,32.3,0.032,32.3,0.032,32.3,0.032,32.3
158.5,0.033,32.3,0.033,32.3,0.032,32.3,0.032,32.2
159.0,0.034,32.3,0.033,32.3,0.033,32.3,0.033,32.2
159.5,0.034,32.2,0.033,32.2,0.035,32.2,0.033,32.2
160.0,0.035,32.2,0.036,32.2,0.036,32.2,0.034,32.2
160.5,0.035,32.2,0.035,32.2,0.035,32.2,0.036,32.1
161.0,0.035,32.2,0.034,32.2,0.037,32.1,0.036,32.2
161.5,0.035,32.2,0.036,32.2,0.037,32.1,0.036,32.2
162.0,0.035,32.1,0.036,32.1,0.035,32.2,0.036,32.1
162.5,0.035,32.1,0.035,32.1,0.033,32.1,0.035,32.1
163.0,0.034,32.1,0.034,32.1,0.036,32.1,0.035,32.2
163.5,0.034,32.1,0.035,32.1,0.035,32.1,0.035,32.1
164.0,0.034,32.1,0.035,32.1,0.034,32.1,0.034,32.1
164.5,0.034,32.1,0.033,32.1,0.035,32.1,0.035,32.1
165.0,0.034,32.1,0.034,32.1,0.035,32.1,0.032,32.1
165.5,0.035,32.1,0.036,32.1,0.032,32.1,0.034,32.1
166.0,0.036,32.1,0.036,32.1,0.035,32.1,0.036,32.1
166.5,0.036,32.0,0.035,32.0,0.038,32.0,0.036,32.0
167.0,0.037,32.0,0.038,32.0,0.038,32.0,0.038,32.0
167.5,0.039,32.0,0.040,32.1,0.039,32.0,0.039,32.0
168.0,0.040,32.0,0.039,32.0,0.038,32.0,0.039,32.1
168.5,0.040,32.0,0.042,32.0,0.039,32.0,0.038,32.1
169.0,0.042,32.0,0.043,32.0,0.042,32.0,0.042,32.0
169.5,0.042,32.0,0.043,32.0,0.041,32.0,0.042,32.0
170.0,0.043,32.0,0.042,32.0,0.043,32.0,0.041,32.0
170.5,0.044,32.0,0.044,32.0,0.044,32.0,0.042,32.0
171.0,0.044,32.0,0.043,32.0,0.045,32.0,0.042,32.0
171.5,0.044,32.0,0.044,31.9,0.046,32.0,0.043,32.0
172.0,0.044,31.9,0.044,31.9,0.046,32.0,0.044,32.0
172.5,0.044,32.0,0.043,31.9,0.044,32.0,0.043,31.9
173.0,0.043,31.9,0.043,31.9,0.043,31.9,0.044,31.9
173.5,0.042,31.9,0.042,31.9,0.043,31.9,0.044,31.9
174.0,0.042,31.9,0.040,31.9,0.042,31.9,0.042,31.9
174.5,0.041,31.9,0.041,31.9,0.040,31.9,0.041,31.9
175.0,0.040,31.9,0.041,31.9,0.039,31.9,0.041,31.9
175.5,0.040,31.9,0.041,31.9,0.041,31.9,0.040,31.9
176.0,0.040,31.9,0.040,31.9,0.041,31.9,0.041,31.9
176.5,0.040,31.9,0.040,31.9,0.042,31.9,0.040,31.9
177.0,0.040,31.9,0.041,31.9,0.041,31.8,0.039,31.9
177.5,0.040,31.9,0.041,31.8,0.040,31.9,0.038,31.8
178.0,0.040,31.9,0.041,31.9,0.041,31.9,0.038,31.8
178.5,0.040,31.9,0.039,31.9,0.040,31.8,0.038,31.9
179.0,0.040,31.9,0.038,31.9,0.039,31.9,0.039,31.9
179.5,0.040,31.9,0.039,31.9,0.039,31.9,0.038,31.9
180.0,0.040,31.9,0.040,31.9,0.041,31.9,0.039,31.9
180.5,0.038,31.9,0.039,31.9,0.042,31.9,0.040,31.9
181.0,0.038,31.9,0.039,31.9,0.039,31.9,0.039,31.9
181.5,0.038,31.9,0.037,31.9,0.040,31.9,0.037,31.9
182.0,0.038,31.9,0.037,31.9,0.039,31.9,0.039,31.9
182.5,0.036,31.9,0.037,31.9,0.037,31.9,0.036,31.9
183.0,0.035,31.9,0.036,31.9,0.036,31.9,0.036,31.9
183.5,0.034,31.9,0.035,31.9,0.036,31.9,0.034,31.9
184.0,0.034,31.9,0.033,31.9,0.035,31.8,0.034,31.9
184.5,0.034,31.9,0.034,31.9,0.032,31.8,0.035,31.9
185.0,0.033,31.9,0.033,31.9,0.032,31.9,0.034,31.9
185.5,0.032,31.9,0.033,31.9,0.032,31.9,0.034,31.9
186.0,0.032,31.9,0.032,31.9,0.032,31.9,0.032,31.9
186.5,0.032,31.9,0.032,31.9,0.033,31.9,0.032,31.9
187.0,0.032,31.9,0.032,31.9,0.033,31.9,0.031,31.9
187.5,0.031,31.9,0.032,31.9,0.031,31.9,0.030,31.9
188.0,0.030,31.9,0.032,31.9,0.030,31.9,0.030,31.9
188.5,0.030,31.9,0.030,31.9,0.030,31.9,0.030,31.9
189.0,0.030,31.9,0.030,31.9,0.032,31.9,0.030,31.9
189.5,0.030,31.9,0.030,31.9,0.030,31.9,0.030,31.9
190.0,0.030,31.9,0.029,31.9,0.030,31.9,0.030,31.9
190.5,0.029,31.9,0.028,32.0,0.028,31.9,0.029,31.9
191.0,0.028,31.9,0.027,32.0,0.027,31.9,0.027,31.9
191.5,0.026,32.0,0.027,32.0,0.027,32.0,0.026,31.9
192.0,0.025,32.0,0.025,32.0,0.026,32.0,0.026,31.9
192.5,0.024,32.0,0.025,32.0,0.026,32.0,0.024,32.0
193.0,0.025,32.0,0.026,32.0,0.025,32.0,0.025,32.0
193.5,0.024,32.0,0.024,32.0,0.024,32.0,0.023,32.0
194.0,0.026,32.0,0.026,32.0,0.027,32.0,0.025,31.9
194.5,0.025,32.0,0.027,31.9,0.030,32.0,0.025,32.0
195.0,0.024,32.0,0.024,32.0,0.027,32.0,0.024,32.0
195.5,0.024,32.0,0.023,32.0,0.022,32.0,0.024,32.0
196.0,0.023,32.0,0.023,32.0,0.022,32.0,0.024,32.0
196.5,0.022,32.0,0.023,32.0,0.024,32.0,0.023,32.0
197.0,0.022,32.0,0.023,32.0,0.022,32.0,0.022,32.0
197.5,0.022,32.0,0.023,32.0,0.022,32.0,0.021,32.0
198.0,0.022,32.0,0.022,32.0,0.022,32.0,0.022,32.1
198.5,0.022,32.1,0.022,32.1,0.021,32.0,0.021,32.1
199.0,0.022,32.0,0.022,32.1,0.023,32.0,0.023,32.0
199.5,0.021,32.1,0.021,32.1,0.020,32.1,0.021,32.1
200.0,0.020,32.1,0.021,32.1,0.021,32.1,0.022,32.1
200.5,0.020,32.1,0.021,32.1,0.019,32.0,0.021,32.1
201.0,0.020,32.1,0.021,32.1,0.019,32.1,0.020,32.1
201.5,0.020,32.1,0.019,32.1,0.020,32.1,0.019,32.1
202.0,0.018,32.1,0.019,32.1,0.018,32.1,0.018,32.1
202.5,0.018,32.1,0.016,32.1,0.017,32.1,0.019,32.1
203.0,0.018,32.1,0.017,32.1,0.018,32.2,0.018,32.1
203.5,0.018,32.1,0.019,32.1,0.019,32.1,0.020,32.2
204.0,0.018,32.1,0.018,32.1,0.018,32.2,0.018,32.1
204.5,0.019,32.1,0.018,32.1,0.017,32.2,0.019,32.1
205.0,0.019,32.1,0.018,32.1,0.018,32.1,0.018,32.1
205.5,0.018,32.1,0.019,32.2,0.019,32.2,0.019,32.2
206.0,0.018,32.2,0.019,32.2,0.018,32.1,0.018,32.2
206.5,0.018,32.2,0.018,32.1,0.018,32.1,0.018,32.2
207.0,0.017,32.2,0.018,32.2,0.017,32.1,0.018,32.2
207.5,0.016,32.2,0.016,32.2,0.016,32.2,0.017,32.2
208.0,0.016,32.2,0.015,32.2,0.016,32.2,0.014,32.2
208.5,0.014,32.2,0.014,32.2,0.015,32.2,0.013,32.2
209.0,0.012,32.2,0.012,32.2,0.014,32.2,0.012,32.2
209.5,0.011,32.2,0.011,32.2,0.011,32.2,0.011,32.2
210.0,0.008,32.2,0.009,32.2,0.011,32.2,0.009,32.2
210.5,0.006,32.2,0.005,32.2,0.010,32.2,0.005,32.2
211.0,0.002,32.3,0.002,32.2,0.004,32.2,0.002,32.2
211.5,-0.002,32.3,-0.001,32.3,-0.000,32.3,-0.001,32.3
212.0,-0.004,32.3,-0.003,32.3,-0.003,32.2,-0.002,32.3
212.5,-0.008,32.3,-0.007,32.3,-0.005,32.3,-0.006,32.3
213.0,-0.012,32.3,-0.013,32.3,-0.011,32.3,-0.011,32.3
213.5,-0.016,32.4,-0.017,32.4,-0.016,32.3,-0.015,32.4
214.0,-0.021,32.4,-0.021,32.4,-0.019,32.3,-0.019,32.4
214.5,-0.026,32.4,-0.026,32.4,-0.022,32.3,-0.026,32.4
215.0,-0.032,32.4,-0.031,32.4,-0.031,32.4,-0.032,32.4
215.5,-0.037,32.4,-0.037,32.4,-0.037,32.4,-0.038,32.4
216.0,-0.041,32.4,-0.041,32.4,-0.040,32.5,-0.042,32.4
216.5,-0.045,32.5,-0.045,32.5,-0.045,32.5,-0.046,32.4
217.0,-0.046,32.5,-0.047,32.5,-0.048,32.5,-0.047,32.4
217.5,-0.047,32.5,-0.047,32.5,-0.048,32.5,-0.047,32.5
218.0,-0.048,32.5,-0.046,32.5,-0.048,32.5,-0.048,32.5
218.5,-0.048,32.5,-0.048,32.5,-0.048,32.5,-0.048,32.5
219.0,-0.048,32.5,-0.048,32.5,-0.048,32.5,-0.046,32.5
219.5,-0.047,32.5,-0.047,32.5,-0.047,32.5,-0.045,32.5
220.0,-0.046,32.5,-0.045,32.5,-0.045,32.5,-0.045,32.5
220.5,-0.045,32.5,-0.044,32.5,-0.044,32.6,-0.044,32.5
221.0,-0.043,32.5,-0.044,32.5,-0.043,32.5,-0.042,32.5
221.5,-0.041,32.5,-0.042,32.6,-0.042,32.5,-0.039,32.6
222.0,-0.040,32.6,-0.041,32.5,-0.042,32.5,-0.040,32.6
222.5,-0.041,32.6,-0.041,32.6,-0.042,32.6,-0.041,32.6
223.0,-0.042,32.6,-0.043,32.6,-0.042,32.6,-0.040,32.6
223.5,-0.040,32.6,-0.041,32.6,-0.040,32.5,-0.040,32.6
224.0,-0.038,32.6,-0.037,32.6,-0.039,32.6,-0.038,32.6
224.5,-0.036,32.6,-0.037,32.6,-0.036,32.6,-0.037,32.6
225.0,-0.034,32.6,-0.034,32.6,-0.034,32.6,-0.034,32.6
225.5,-0.031,32.6,-0.030,32.6,-0.032,32.6,-0.031,32.6
226.0,-0.027,32.6,-0.027,32.6,-0.030,32.6,-0.028,32.6
226.5,-0.023,32.6,-0.024,32.6,-0.024,32.6,-0.024,32.6
227.0,-0.019,32.6,-0.019,32.6,-0.021,32.6,-0.018,32.6
227.5,-0.016,32.7,-0.016,32.6,-0.016,32.6,-0.018,32.6
228.0,-0.013,32.7,-0.012,32.7,-0.014,32.7,-0.013,32.7
228.5,-0.010,32.7,-0.008,32.7,-0.009,32.7,-0.010,32.7
229.0,-0.007,32.7,-0.006,32.7,-0.007,32.7,-0.005,32.7
229.5,-0.004,32.7,-0.004,32.7,-0.004,32.7,-0.003,32.7
230.0,-0.001,32.7,-0.001,32.7,-0.002,32.7,-0.002,32.7
230.5,0.002,32.7,0.002,32.7,0.002,32.7,0.000,32.7
231.0,0.004,32.7,0.005,32.7,0.004,32.7,0.003,32.7
231.5,0.006,32.7,0.006,32.7,0.006,32.7,0.005,32.7
232.0,0.007,32.7,0.008,32.7,0.009,32.7,0.007,32.7
232.5,0.009,32.7,0.010,32.7,0.010,32.7,0.009,32.7
233.0,0.011,32.7,0.012,32.7,0.011,32.7,0.012,32.7
233.5,0.014,32.7,0.013,32.7,0.014,32.6,0.015,32.7
234.0,0.016,32.7,0.016,32.7,0.018,32.7,0.017,32.7
234.5,0.019,32.6,0.019,32.7,0.019,32.6,0.019,32.7
235.0,0.022,32.6,0.022,32.6,0.021,32.6,0.020,32.7
235.5,0.025,32.6,0.025,32.6,0.025,32.6,0.024,32.6
236.0,0.027,32.6,0.029,32.6,0.026,32.6,0.027,32.6
236.5,0.028,32.6,0.029,32.5,0.028,32.5,0.028,32.6
237.0,0.028,32.6,0.028,32.5,0.029,32.5,0.028,32.6
237.5,0.029,32.5,0.028,32.5,0.028,32.5,0.028,32.5
238.0,0.029,32.5,0.029,32.5,0.028,32.5,0.029,32.5
238.5,0.030,32.5,0.031,32.4,0.030,32.5,0.029,32.5
239.0,0.030,32.4,0.030,32.4,0.030,32.4,0.031,32.4
239.5,0.030,32.4,0.030,32.4,0.031,32.4,0.029,32.4
240.0,0.030,32.4,0.030,32.4,0.031,32.3,0.030,32.4
240.5,0.030,32.4,0.031,32.4,0.031,32.4,0.032,32.4
241.0,0.031,32.4,0.031,32.3,0.031,32.4,0.032,32.4
241.5,0.032,32.3,0.030,32.3,0.031,32.3,0.031,32.4
242.0,0.032,32.3,0.031,32.3,0.031,32.3,0.031,32.3
242.5,0.032,32.3,0.033,32.3,0.032,32.3,0.032,32.3
243.0,0.034,32.3,0.033,32.3,0.034,32.3,0.032,32.3
243.5,0.034,32.3,0.035,32.3,0.035,32.3,0.036,32.3
244.0,0.036,32.3,0.035,32.2,0.036,32.2,0.036,32.3
244.5,0.037,32.3,0.037,32.2,0.034,32.3,0.037,32.2
245.0,0.038,32.2,0.038,32.2,0.035,32.2,0.039,32.2
245.5,0.038,32.2,0.039,32.2,0.036,32.2,0.039,32.2
246.0,0.040,32.2,0.040,32.2,0.038,32.2,0.040,32.2
246.5,0.040,32.2,0.040,32.1,0.039,32.2,0.040,32.2
247.0,0.040,32.1,0.042,32.2,0.040,32.2,0.041,32.1
247.5,0.040,32.1,0.041,32.1,0.040,32.1,0.040,32.1
248.0,0.040,32.1,0.040,32.1,0.039,32.1,0.041,32.1
248.5,0.039,32.1,0.038,32.1,0.039,32.1,0.040,32.1
249.0,0.038,32.1,0.038,32.1,0.039,32.1,0.036,32.1
249.5,0.037,32.1,0.038,32.1,0.038,32.1,0.036,32.1
250.0,0.036,32.1,0.036,32.1,0.036,32.1,0.036,32.1
250.5,0.034,32.1,0.034,32.1,0.036,32.1,0.034,32.1
251.0,0.034,32.1,0.033,32.1,0.034,32.1,0.033,32.1
251.5,0.034,32.1,0.035,32.1,0.035,32.1,0.032,32.1
252.0,0.035,32.1,0.036,32.0,0.037,32.1,0.034,32.1
252.5,0.036,32.1,0.036,32.0,0.037,32.0,0.037,32.1
253.0,0.037,32.1,0.037,32.0,0.039,32.1,0.037,32.1
253.5,0.038,32.0,0.040,32.0,0.039,32.0,0.038,32.1
254.0,0.040,32.0,0.040,32.0,0.042,32.0,0.040,32.0
254.5,0.040,32.0,0.041,32.0,0.044,32.0,0.040,32.0
255.0,0.042,32.0,0.042,32.0,0.042,32.0,0.041,32.0
255.5,0.042,32.0,0.043,32.0,0.040,32.0,0.042,32.0
256.0,0.043,32.0,0.043,31.9,0.044,31.9,0.045,32.0
256.5,0.044,31.9,0.044,32.0,0.044,32.0,0.046,32.0
257.0,0.044,32.0,0.045,32.0,0.046,32.0,0.043,32.0
257.5,0.044,31.9,0.044,31.9,0.044,31.9,0.044,31.9
258.0,0.044,31.9,0.043,31.9,0.045,31.9,0.043,31.9
258.5,0.042,31.9,0.043,31.9,0.046,31.9,0.043,31.9
259.0,0.042,31.9,0.043,31.9,0.045,31.9,0.044,31.9
259.5,0.042,31.9,0.042,31.9,0.041,31.9,0.041,31.9
260.0,0.041,31.9,0.040,31.9,0.039,31.9,0.039,31.9
260.5,0.040,31.9,0.040,31.9,0.039,31.9,0.039,31.9
261.0,0.040,31.9,0.039,31.9,0.039,31.9,0.040,31.9
261.5,0.037,31.8,0.037,31.9,0.038,31.8,0.038,31.9
262.0,0.035,31.9,0.035,31.9,0.036,31.7,0.034,31.8
262.5,0.035,31.9,0.036,31.9,0.035,31.9,0.035,31.9
263.0,0.034,31.9,0.035,31.9,0.035,31.8,0.032,31.9
263.5,0.034,31.9,0.035,31.9,0.036,31.9,0.034,31.8
264.0,0.034,31.9,0.034,31.9,0.033,31.9,0.035,31.9
264.5,0.032,31.9,0.033,31.9,0.033,31.9,0.035,31.9
265.0,0.033,31.9,0.032,31.9,0.030,31.9,0.032,31.9
265.5,0.032,31.9,0.033,31.9,0.036,31.9,0.032,31.9
266.0,0.032,31.9,0.034,31.9,0.032,31.9,0.031,31.9
266.5,0.032,31.9,0.031,31.9,0.030,31.9,0.031,31.9
267.0,0.032,31.9,0.032,31.9,0.033,31.9,0.031,31.9
267.5,0.032,31.9,0.032,31.9,0.032,31.9,0.031,31.9
268.0,0.030,31.9,0.031,31.9,0.032,31.9,0.031,31.9
268.5,0.030,31.9,0.030,31.8,0.031,31.9,0.031,31.9
269.0,0.029,31.9,0.029,31.9,0.030,31.9,0.029,31.9
269.5,0.028,31.9,0.028,31.9,0.029,31.9,0.029,31.9
270.0,0.027,31.9,0.028,31.9,0.027,31.9,0.029,31.9
270.5,0.026,31.9,0.027,31.9,0.025,31.9,0.026,31.9
271.0,0.026,31.9,0.025,31.9,0.026,31.9,0.027,31.9
271.5,0.024,31.9,0.025,31.9,0.024,31.9,0.025,31.9
272.0,0.024,31.9,0.025,31.9,0.024,31.9,0.024,31.9
272.5,0.024,32.0,0.027,32.0,0.024,32.0,0.025,32.0
273.0,0.024,31.9,0.025,32.0,0.024,31.9,0.026,32.0
273.5,0.024,32.0,0.025,32.0,0.024,31.9,0.025,32.0
274.0,0.024,32.0,0.024,32.0,0.024,31.9,0.024,32.0
274.5,0.024,32.0,0.024,32.0,0.023,32.0,0.024,32.0
275.0,0.024,32.0,0.024,32.0,0.020,32.0,0.023,32.0
275.5,0.023,32.0,0.024,32.0,0.023,32.0,0.023,32.0
276.0,0.022,32.0,0.022,32.0,0.022,32.0,0.021,32.0
276.5,0.022,32.0,0.023,32.0,0.020,32.0,0.023,32.0
277.0,0.022,32.0,0.022,32.0,0.021,32.0,0.021,32.0
277.5,0.021,32.0,0.021,32.0,0.022,32.0,0.021,32.0
278.0,0.021,32.0,0.021,32.0,0.021,32.0,0.021,32.0
278.5,0.020,32.0,0.020,32.0,0.020,32.0,0.020,32.0
279.0,0.020,32.0,0.019,32.0,0.019,32.0,0.020,32.0
279.5,0.018,32.0,0.018,32.1,0.019,32.0,0.020,32.0
280.0,0.018,32.0,0.018,32.0,0.018,32.0,0.020,32.0
280.5,0.018,32.0,0.018,32.0,0.017,32.0,0.018,32.1
281.0,0.018,32.1,0.018,32.0,0.017,32.1,0.018,32.0
281.5,0.018,32.0,0.018,32.0,0.018,32.1,0.018,32.0
282.0,0.018,32.1,0.017,32.1,0.017,32.1,0.018,32.1
282.5,0.018,32.1,0.019,32.1,0.018,32.1,0.020,32.1
283.0,0.018,32.1,0.018,32.1,0.018,32.1,0.019,32.1
283.5,0.018,32.1,0.018,32.0,0.018,32.1,0.018,32.1
284.0,0.017,32.1,0.018,32.1,0.016,32.1,0.017,32.1
284.5,0.018,32.1,0.018,32.1,0.016,32.1,0.018,32.1
285.0,0.018,32.1,0.018,32.1,0.018,32.1,0.019,32.1
285.5,0.018,32.1,0.018,32.1,0.018,32.1,0.020,32.1
286.0,0.017,32.1,0.018,32.1,0.017,32.1,0.018,32.1
286.5,0.016,32.1,0.017,32.1,0.016,32.2,0.017,32.1
287.0,0.016,32.1,0.017,32.1,0.014,32.1,0.017,32.1
287.5,0.016,32.1,0.018,32.1,0.016,32.1,0.014,32.1
288.0,0.016,32.1,0.016,32.1,0.015,32.1,0.014,32.1
288.5,0.016,32.1,0.015,32.1,0.016,32.1,0.016,32.1
289.0,0.014,32.1,0.016,32.1,0.015,32.1,0.014,32.1
289.5,0.014,32.1,0.013,32.1,0.014,32.2,0.014,32.1
290.0,0.014,32.1,0.013,32.1,0.013,32.1,0.014,32.1
290.5,0.014,32.1,0.013,32.2,0.013,32.1,0.016,32.2
291.0,0.014,32.1,0.014,32.1,0.013,32.1,0.014,32.1
291.5,0.012,32.1,0.012,32.1,0.013,32.1,0.012,32.1
292.0,0.012,32.2,0.012,32.1,0.012,32.2,0.014,32.2
292.5,0.012,32.2,0.012,32.2,0.011,32.2,0.014,32.2
293.0,0.012,32.2,0.012,32.2,0.012,32.2,0.012,32.2
293.5,0.012,32.2,0.012,32.2,0.012,32.2,0.011,32.1
294.0,0.011,32.2,0.010,32.1,0.010,32.2,0.011,32.1
294.5,0.013,32.2,0.013,32.2,0.012,32.2,0.011,32.1
295.0,0.015,32.2,0.016,32.2,0.014,32.2,0.015,32.2
295.5,0.015,32.2,0.015,32.2,0.016,32.2,0.015,32.2
296.0,0.017,32.2,0.016,32.2,0.017,32.2,0.016,32.2
296.5,0.018,32.2,0.017,32.2,0.017,32.2,0.018,32.2
297.0,0.018,32.2,0.018,32.2,0.017,32.2,0.018,32.2
297.5,0.018,32.2,0.019,32.2,0.018,32.2,0.017,32.2
298.0,0.017,32.2,0.018,32.2,0.018,32.2,0.017,32.2
298.5,0.016,32.2,0.017,32.2,0.016,32.2,0.016,32.2
299.0,0.012,32.2,0.012,32.2,0.014,32.2,0.013,32.2
299.5,0.006,32.2,0.006,32.2,0.008,32.2,0.008,32.2
300.0,0.006,32.2,0.007,32.2,0.006,32.1,0.006,32.2
300.5,0.006,32.2,0.006,32.1,0.006,32.2,0.006,32.2
301.0,0.006,32.2,0.007,32.2,0.006,32.2,0.006,32.2
301.5,0.004,32.2,0.006,32.2,0.005,32.2,0.006,32.2
302.0,0.002,32.2,0.003,32.2,0.002,32.2,0.005,32.2
302.5,-0.001,32.2,0.000,32.3,0.002,32.2,0.001,32.3
303.0,-0.002,32.3,-0.002,32.3,-0.001,32.3,-0.002,32.3
303.5,-0.004,32.3,-0.003,32.3,-0.003,32.2,-0.004,32.3
304.0,-0.005,32.3,-0.004,32.3,-0.004,32.2,-0.004,32.3
304.5,-0.007,32.3,-0.007,32.3,-0.007,32.3,-0.006,32.3
305.0,-0.008,32.3,-0.005,32.3,-0.007,32.3,-0.006,32.3
305.5,-0.008,32.3,-0.007,32.3,-0.007,32.3,-0.006,32.3
306.0,-0.008,32.4,-0.008,32.3,-0.008,32.4,-0.006,32.3
306.5,-0.008,32.4,-0.008,32.4,-0.009,32.4,-0.007,32.4
307.0,-0.009,32.4,-0.009,32.4,-0.010,32.3,-0.009,32.4
307.5,-0.009,32.4,-0.009,32.3,-0.010,32.3,-0.009,32.4
308.0,-0.009,32.4,-0.009,32.4,-0.009,32.4,-0.008,32.4
308.5,-0.010,32.4,-0.009,32.4,-0.007,32.4,-0.008,32.4
309.0,-0.010,32.4,-0.009,32.4,-0.009,32.4,-0.010,32.4
309.5,-0.009,32.4,-0.008,32.4,-0.009,32.4,-0.008,32.4
310.0,-0.007,32.4,-0.006,32.4,-0.007,32.4,-0.007,32.4
310.5,-0.006,32.4,-0.007,32.4,-0.006,32.5,-0.006,32.4
311.0,-0.005,32.4,-0.005,32.4,-0.005,32.5,-0.006,32.4
311.5,-0.003,32.4,-0.002,32.4,-0.003,32.4,-0.005,32.5
312.0,-0.001,32.4,-0.001,32.5,-0.002,32.4,-0.002,32.5
312.5,0.002,32.4,0.001,32.4,0.001,32.4,0.001,32.5
313.0,0.004,32.4,0.006,32.4,0.004,32.4,0.004,32.4
313.5,0.006,32.5,0.006,32.4,0.006,32.5,0.007,32.4
314.0,0.007,32.5,0.008,32.5,0.007,32.5,0.008,32.5
314.5,0.009,32.5,0.008,32.5,0.009,32.5,0.009,32.5
315.0,0.010,32.4,0.010,32.4,0.011,32.5,0.009,32.4
315.5,0.010,32.4,0.010,32.4,0.011,32.4,0.009,32.4
316.0,0.011,32.4,0.012,32.4,0.010,32.4,0.013,32.4
316.5,0.013,32.4,0.013,32.4,0.012,32.4,0.014,32.4
317.0,0.015,32.4,0.017,32.4,0.013,32.4,0.016,32.4
317.5,0.016,32.4,0.017,32.4,0.014,32.4,0.017,32.4
318.0,0.018,32.4,0.019,32.4,0.019,32.4,0.018,32.4
318.5,0.020,32.4,0.020,32.3,0.019,32.3,0.020,32.4
319.0,0.022,32.3,0.022,32.4,0.021,32.3,0.023,32.3
319.5,0.024,32.3,0.024,32.3,0.023,32.3,0.023,32.3
320.0,0.025,32.3,0.024,32.3,0.025,32.3,0.025,32.3
320.5,0.026,32.3,0.027,32.3,0.026,32.3,0.026,32.3
321.0,0.027,32.3,0.027,32.3,0.027,32.3,0.026,32.3
321.5,0.028,32.2,0.030,32.2,0.029,32.2,0.029,32.3
322.0,0.028,32.2,0.029,32.2,0.028,32.2,0.029,32.2
322.5,0.030,32.2,0.029,32.2,0.029,32.2,0.031,32.2
323.0,0.031,32.2,0.033,32.2,0.030,32.2,0.032,32.2
323.5,0.032,32.2,0.032,32.2,0.033,32.2,0.032,32.2
324.0,0.032,32.1,0.033,32.1,0.033,32.2,0.033,32.1
324.5,0.033,32.1,0.033,32.1,0.034,32.1,0.034,32.1
325.0,0.033,32.1,0.032,32.1,0.033,32.1,0.034,32.1
325.5,0.032,32.1,0.033,32.1,0.032,32.1,0.032,32.1
326.0,0.032,32.1,0.034,32.1,0.032,32.1,0.033,32.1
326.5,0.032,32.1,0.032,32.1,0.032,32.1,0.034,32.1
327.0,0.032,32.1,0.031,32.0,0.034,32.1,0.033,32.1
327.5,0.034,32.1,0.033,32.1,0.033,32.1,0.034,32.1
328.0,0.035,32.0,0.035,32.0,0.035,32.0,0.036,32.0
328.5,0.036,32.0,0.037,32.0,0.037,32.0,0.036,32.0
329.0,0.037,32.0,0.038,32.0,0.040,32.0,0.037,32.0
329.5,0.037,32.0,0.037,32.0,0.042,32.0,0.039,32.0
330.0,0.038,32.0,0.038,32.0,0.037,32.0,0.038,32.0
330.5,0.038,32.0,0.039,32.0,0.038,32.0,0.040,31.9
331.0,0.039,31.9,0.040,32.0,0.041,32.0,0.040,31.9
331.5,0.040,31.9,0.041,31.9,0.038,32.0,0.039,31.9
332.0,0.040,31.9,0.040,31.9,0.040,31.9,0.039,31.9
332.5,0.040,31.9,0.040,31.9,0.039,31.9,0.042,31.9
333.0,0.040,31.9,0.040,31.9,0.040,31.9,0.041,31.9
333.5,0.040,31.9,0.040,31.9,0.042,31.9,0.040,31.8
334.0,0.040,31.9,0.040,31.8,0.041,31.8,0.040,31.9
334.5,0.039,31.8,0.038,31.8,0.039,31.8,0.040,31.8
335.0,0.038,31.8,0.038,31.8,0.037,31.9,0.040,31.8
335.5,0.038,31.8,0.037,31.8,0.038,31.8,0.038,31.8
336.0,0.036,31.8,0.036,31.8,0.038,31.8,0.037,31.8
336.5,0.036,31.8,0.036,31.8,0.038,31.8,0.035,31.8
337.0,0.036,31.8,0.036,31.8,0.038,31.8,0.038,31.8
337.5,0.038,31.8,0.038,31.8,0.039,31.8,0.039,31.8
338.0,0.039,31.8,0.039,31.8,0.039,31.8,0.041,31.8
338.5,0.040,31.8,0.039,31.8,0.040,31.8,0.039,31.8
339.0,0.040,31.8,0.040,31.8,0.040,31.8,0.040,31.8
339.5,0.040,31.8,0.041,31.7,0.040,31.8,0.041,31.7
340.0,0.040,31.8,0.041,31.7,0.042,31.8,0.041,31.8
340.5,0.041,31.8,0.040,31.8,0.043,31.8,0.042,31.8
341.0,0.040,31.8,0.042,31.7,0.042,31.7,0.043,31.7
341.5,0.040,31.7,0.041,31.7,0.041,31.7,0.041,31.8
342.0,0.040,31.7,0.041,31.7,0.041,31.8,0.040,31.7
342.5,0.040,31.7,0.041,31.7,0.040,31.7,0.040,31.7
343.0,0.040,31.7,0.039,31.7,0.040,31.7,0.040,31.7
343.5,0.040,31.7,0.040,31.7,0.039,31.7,0.040,31.7
344.0,0.038,31.7,0.040,31.7,0.037,31.7,0.040,31.8
344.5,0.038,31.7,0.039,31.7,0.036,31.7,0.039,31.8
345.0,0.038,31.7,0.037,31.7,0.037,31.7,0.040,31.7
345.5,0.036,31.7,0.036,31.7,0.036,31.7,0.037,31.7
346.0,0.036,31.7,0.036,31.7,0.036,31.7,0.036,31.7
346.5,0.036,31.7,0.036,31.7,0.034,31.7,0.038,31.8
347.0,0.036,31.7,0.035,31.7,0.037,31.7,0.037,31.7
347.5,0.036,31.7,0.037,31.7,0.037,31.7,0.036,31.7
348.0,0.036,31.7,0.036,31.7,0.036,31.7,0.035,31.7
348.5,0.036,31.7,0.036,31.7,0.038,31.7,0.039,31.8
349.0,0.036,31.7,0.036,31.7,0.037,31.7,0.037,31.7
349.5,0.035,31.7,0.036,31.7,0.036,31.7,0.036,31.7
350.0,0.034,31.7,0.036,31.7,0.034,31.7,0.034,31.7
350.5,0.034,31.7,0.034,31.7,0.036,31.7,0.034,31.7
351.0,0.034,31.7,0.032,31.7,0.033,31.7,0.033,31.7
351.5,0.033,31.7,0.032,31.7,0.033,31.7,0.032,31.7
352.0,0.032,31.7,0.031,31.7,0.032,31.7,0.034,31.7
352.5,0.031,31.7,0.032,31.7,0.031,31.7,0.032,31.7
353.0,0.030,31.7,0.030,31.7,0.029,31.7,0.029,31.7
353.5,0.029,31.7,0.030,31.7,0.028,31.7,0.030,31.7
354.0,0.028,31.7,0.028,31.7,0.028,31.7,0.030,31.7
354.5,0.028,31.7,0.028,31.7,0.027,31.7,0.026,31.7
355.0,0.026,31.7,0.026,31.7,0.026,31.7,0.026,31.7
355.5,0.026,31.8,0.025,31.7,0.027,31.7,0.026,31.8
356.0,0.025,31.8,0.026,31.8,0.026,31.8,0.026,31.8
356.5,0.024,31.8,0.025,31.8,0.024,31.7,0.026,31.8
357.0,0.024,31.7,0.024,31.7,0.025,31.8,0.024,31.7
357.5,0.024,31.8,0.023,31.8,0.025,31.7,0.023,31.7
358.0,0.023,31.7,0.024,31.7,0.026,31.8,0.023,31.7
358.5,0.023,31.8,0.023,31.7,0.024,31.8,0.023,31.8
359.0,0.022,31.8,0.023,31.8,0.023,31.8,0.024,31.8
359.5,0.022,31.8,0.024,31.8,0.023,31.8,0.022,31.8
360.0,0.022,31.8,0.022,31.8,0.024,31.8,0.022,31.8
360.5,0.022,31.8,0.022,31.8,0.022,31.8,0.022,31.8
361.0,0.022,31.8,0.022,31.8,0.022,31.8,0.023,31.8
361.5,0.022,31.8,0.021,31.8,0.022,31.9,0.022,31.8
362.0,0.021,31.8,0.021,31.8,0.022,31.8,0.022,31.8
362.5,0.020,31.8,0.020,31.8,0.021,31.8,0.021,31.8
363.0,0.020,31.8,0.021,31.8,0.020,31.8,0.022,31.9
363.5,0.020,31.8,0.020,31.8,0.020,31.9,0.020,31.8
364.0,0.019,31.9,0.020,31.9,0.020,31.9,0.019,31.8
364.5,0.018,31.9,0.019,31.9,0.019,31.9,0.020,31.8
365.0,0.018,31.9,0.017,31.9,0.017,31.9,0.018,31.9
365.5,0.017,31.8,0.018,31.9,0.017,31.9,0.017,31.8
366.0,0.016,31.9,0.017,31.9,0.018,31.9,0.016,31.8
366.5,0.016,31.9,0.017,31.9,0.016,31.9,0.017,31.9
367.0,0.016,31.9,0.017,31.9,0.016,31.8,0.018,31.9
367.5,0.016,31.9,0.017,31.9,0.018,31.9,0.017,31.9
368.0,0.016,31.9,0.017,31.9,0.017,31.9,0.016,31.9
368.5,0.016,31.9,0.017,31.9,0.019,31.9,0.015,31.9
369.0,0.016,31.9,0.016,31.9,0.018,31.9,0.016,31.9
369.5,0.016,31.9,0.016,31.9,0.017,31.9,0.016,31.9
370.0,0.016,31.9,0.016,31.9,0.018,31.9,0.016,31.9
370.5,0.016,31.9,0.015,32.0,0.015,31.9,0.017,32.0
371.0,0.016,31.9,0.015,31.9,0.018,31.9,0.017,31.9
371.5,0.014,32.0,0.015,32.0,0.017,31.9,0.014,31.9
372.0,0.014,31.9,0.014,31.9,0.015,31.9,0.014,32.0
372.5,0.014,32.0,0.015,32.0,0.013,31.9,0.013,31.9
373.0,0.014,32.0,0.013,32.0,0.013,32.0,0.014,32.0
373.5,0.012,32.0,0.011,32.0,0.014,32.0,0.013,32.0
374.0,0.012,32.0,0.013,32.0,0.011,32.0,0.014,32.0
374.5,0.012,32.0,0.013,32.0,0.012,32.0,0.012,32.0
375.0,0.011,32.0,0.011,32.0,0.012,32.0,0.013,31.9
375.5,0.010,32.0,0.010,32.0,0.012,32.0,0.012,31.9
376.0,0.010,32.0,0.010,32.0,0.011,32.0,0.009,32.0
376.5,0.010,32.0,0.010,32.0,0.011,32.0,0.010,32.0
377.0,0.010,32.0,0.011,32.0,0.010,32.0,0.010,32.0
377.5,0.010,32.0,0.011,32.0,0.013,32.0,0.009,32.0
378.0,0.011,32.0,0.012,32.0,0.010,32.0,0.011,32.0
378.5,0.012,32.0,0.012,32.0,0.012,32.1,0.012,32.0
379.0,0.013,32.0,0.014,32.0,0.013,32.0,0.012,32.0
379.5,0.014,32.0,0.012,32.0,0.014,32.1,0.012,32.0
380.0,0.013,32.0,0.012,32.0,0.013,32.0,0.012,32.0
380.5,0.012,32.0,0.014,32.0,0.014,32.0,0.012,32.0
381.0,0.012,32.0,0.013,32.0,0.013,32.0,0.013,32.0
381.5,0.012,32.1,0.012,32.0,0.012,32.0,0.011,32.0
382.0,0.012,32.1,0.011,32.1,0.012,32.0,0.010,32.1
382.5,0.010,32.0,0.012,32.0,0.012,32.0,0.010,32.0
383.0,0.009,32.1,0.010,32.1,0.009,32.0,0.010,32.1
383.5,0.007,32.1,0.008,32.1,0.007,32.1,0.007,32.1
384.0,0.004,32.1,0.004,32.1,0.007,32.1,0.004,32.1
384.5,0.001,32.1,0.001,32.1,0.002,32.1,0.003,32.1
385.0,-0.002,32.1,-0.003,32.1,-0.003,32.1,-0.001,32.1
385.5,-0.003,32.1,-0.003,32.1,-0.004,32.1,-0.004,32.1
386.0,-0.005,32.1,-0.005,32.1,-0.004,32.1,-0.006,32.1
386.5,-0.007,32.1,-0.006,32.1,-0.006,32.1,-0.007,32.1
387.0,-0.009,32.1,-0.009,32.2,-0.007,32.1,-0.010,32.2
387.5,-0.011,32.2,-0.011,32.2,-0.011,32.2,-0.011,32.2
388.0,-0.011,32.2,-0.011,32.2,-0.011,32.2,-0.012,32.2
388.5,-0.011,32.2,-0.011,32.2,-0.010,32.2,-0.011,32.2
389.0,-0.010,32.2,-0.010,32.2,-0.009,32.2,-0.010,32.2
389.5,-0.010,32.2,-0.010,32.2,-0.009,32.2,-0.012,32.2
390.0,-0.010,32.2,-0.010,32.3,-0.010,32.2,-0.010,32.2
390.5,-0.009,32.3,-0.010,32.3,-0.009,32.3,-0.009,32.2
391.0,-0.008,32.3,-0.007,32.3,-0.009,32.3,-0.008,32.3
391.5,-0.008,32.3,-0.007,32.3,-0.007,32.3,-0.007,32.3
392.0,-0.008,32.3,-0.007,32.3,-0.006,32.3,-0.006,32.3
392.5,-0.008,32.3,-0.006,32.3,-0.007,32.3,-0.004,32.3
393.0,-0.007,32.3,-0.007,32.3,-0.006,32.3,-0.008,32.3
393.5,-0.007,32.3,-0.006,32.3,-0.006,32.3,-0.007,32.3
394.0,-0.006,32.3,-0.007,32.3,-0.007,32.3,-0.007,32.3
394.5,-0.006,32.3,-0.006,32.3,-0.005,32.3,-0.007,32.3
395.0,-0.006,32.3,-0.006,32.3,-0.006,32.3,-0.007,32.3
395.5,-0.004,32.3,-0.005,32.3,-0.002,32.3,-0.005,32.4
396.0,-0.003,32.3,-0.003,32.3,-0.003,32.4,-0.003,32.3
396.5,-0.002,32.3,-0.001,32.3,-0.003,32.3,-0.001,32.3
397.0,0.000,32.3,0.001,32.3,-0.001,32.3,0.003,32.3
397.5,0.003,32.3,0.003,32.3,0.002,32.3,0.003,32.3
398.0,0.005,32.3,0.005,32.4,0.004,32.3,0.005,32.4
398.5,0.008,32.3,0.009,32.3,0.008,32.3,0.008,32.3
399.0,0.010,32.3,0.011,32.3,0.009,32.4,0.011,32.3
399.5,0.012,32.4,0.012,32.3,0.011,32.4,0.011,32.3
400.0,0.013,32.3,0.012,32.3,0.013,32.3,0.014,32.3
400.5,0.015,32.3,0.015,32.3,0.014,32.3,0.015,32.3
401.0,0.016,32.3,0.017,32.3,0.016,32.2,0.016,32.3
401.5,0.017,32.3,0.017,32.3,0.016,32.2,0.017,32.3
402.0,0.018,32.3,0.017,32.3,0.018,32.3,0.018,32.2
402.5,0.018,32.2,0.018,32.3,0.019,32.2,0.016,32.3
403.0,0.020,32.2,0.021,32.2,0.020,32.2,0.019,32.3
403.5,0.021,32.2,0.021,32.2,0.021,32.3,0.021,32.2
404.0,0.022,32.2,0.022,32.2,0.022,32.2,0.023,32.2
404.5,0.024,32.2,0.024,32.2,0.024,32.2,0.024,32.2
405.0,0.026,32.2,0.026,32.2,0.024,32.2,0.025,32.2
405.5,0.027,32.2,0.027,32.2,0.026,32.1,0.027,32.2
406.0,0.028,32.2,0.028,32.2,0.028,32.2,0.030,32.1
406.5,0.029,32.1,0.029,32.1,0.029,32.1,0.030,32.1
407.0,0.030,32.1,0.031,32.1,0.030,32.1,0.031,32.1
407.5,0.032,32.1,0.031,32.1,0.032,32.1,0.032,32.1
408.0,0.032,32.1,0.031,32.1,0.033,32.1,0.032,32.1
408.5,0.032,32.0,0.032,32.0,0.032,32.0,0.034,32.0
409.0,0.033,32.0,0.032,32.0,0.034,32.0,0.035,32.0
409.5,0.034,32.0,0.034,32.0,0.033,32.0,0.036,31.9
410.0,0.033,32.0,0.034,32.0,0.032,32.0,0.032,32.0
410.5,0.033,31.9,0.034,32.0,0.033,32.0,0.032,32.0
411.0,0.032,32.0,0.032,31.9,0.034,32.0,0.034,31.9
411.5,0.032,31.9,0.033,31.9,0.035,32.0,0.033,31.9
412.0,0.032,31.9,0.033,31.9,0.031,31.9,0.034,31.9
412.5,0.033,31.9,0.032,31.9,0.030,32.0,0.033,31.9
413.0,0.034,31.9,0.032,31.9,0.033,31.9,0.035,31.9
413.5,0.034,31.9,0.032,31.9,0.034,31.9,0.034,31.9
414.0,0.034,31.9,0.035,31.9,0.034,32.0,0.036,31.9
414.5,0.035,31.9,0.035,31.9,0.035,31.9,0.035,31.9
415.0,0.036,31.9,0.035,31.9,0.036,31.8,0.039,31.9
415.5,0.036,31.9,0.037,31.9,0.038,31.9,0.039,31.9
416.0,0.038,31.9,0.038,31.8,0.038,31.9,0.037,31.8
416.5,0.038,31.8,0.037,31.8,0.039,31.8,0.039,31.8
417.0,0.038,31.8,0.038,31.8,0.037,31.8,0.040,31.8
417.5,0.039,31.8,0.039,31.8,0.039,31.8,0.040,31.8
418.0,0.040,31.8,0.040,31.8,0.040,31.8,0.040,31.8
418.5,0.039,31.8,0.039,31.8,0.042,31.8,0.040,31.8
419.0,0.038,31.7,0.038,31.7,0.040,31.8,0.039,31.8
419.5,0.038,31.7,0.038,31.8,0.039,31.8,0.038,31.8
420.0,0.037,31.7,0.038,31.7,0.041,31.7,0.038,31.7
420.5,0.036,31.7,0.036,31.7,0.037,31.7,0.035,31.7
421.0,0.036,31.7,0.036,31.7,0.037,31.7,0.036,31.7
421.5,0.036,31.7,0.035,31.7,0.036,31.7,0.037,31.7
422.0,0.036,31.7,0.036,31.7,0.036,31.7,0.036,31.7
422.5,0.036,31.7,0.036,31.7,0.036,31.7,0.037,31.7
423.0,0.036,31.7,0.037,31.7,0.037,31.7,0.036,31.7
423.5,0.036,31.7,0.036,31.7,0.036,31.7,0.036,31.8
424.0,0.036,31.7,0.037,31.7,0.036,31.6,0.037,31.7
424.5,0.036,31.7,0.036,31.6,0.037,31.6,0.037,31.7
425.0,0.036,31.7,0.038,31.7,0.035,31.7,0.038,31.7
425.5,0.036,31.7,0.036,31.7,0.036,31.7,0.037,31.6
426.0,0.036,31.7,0.038,31.7,0.038,31.7,0.038,31.7
426.5,0.036,31.6,0.038,31.6,0.037,31.6,0.036,31.6
427.0,0.036,31.6,0.037,31.6,0.039,31.6,0.037,31.6
427.5,0.036,31.6,0.036,31.6,0.037,31.6,0.037,31.6
428.0,0.036,31.6,0.035,31.6,0.037,31.6,0.036,31.6
428.5,0.036,31.6,0.036,31.6,0.037,31.6,0.035,31.6
429.0,0.034,31.6,0.035,31.6,0.034,31.6,0.034,31.7
429.5,0.034,31.6,0.033,31.6,0.033,31.6,0.033,31.7
430.0,0.032,31.6,0.033,31.6,0.033,31.6,0.033,31.6
430.5,0.032,31.6,0.032,31.6,0.032,31.6,0.032,31.6
431.0,0.032,31.6,0.032,31.6,0.032,31.6,0.032,31.6
431.5,0.032,31.6,0.032,31.6,0.030,31.6,0.032,31.6
432.0,0.032,31.6,0.031,31.6,0.031,31.6,0.031,31.6
432.5,0.032,31.6,0.032,31.6,0.032,31.6,0.032,31.6
433.0,0.032,31.6,0.032,31.6,0.034,31.6,0.032,31.6
433.5,0.032,31.6,0.032,31.6,0.032,31.6,0.032,31.7
434.0,0.032,31.6,0.032,31.6,0.032,31.6,0.033,31.6
434.5,0.032,31.6,0.032,31.6,0.032,31.6,0.031,31.6
435.0,0.032,31.6,0.032,31.6,0.032,31.6,0.033,31.6
435.5,0.032,31.6,0.033,31.6,0.032,31.6,0.033,31.6
436.0,0.032,31.6,0.031,31.6,0.032,31.6,0.031,31.6
436.5,0.031,31.6,0.031,31.6,0.032,31.6,0.030,31.6
437.0,0.030,31.6,0.031,31.6,0.032,31.6,0.031,31.6
437.5,0.030,31.6,0.030,31.6,0.031,31.6,0.028,31.6
438.0,0.030,31.6,0.029,31.6,0.029,31.6,0.030,31.6
438.5,0.028,31.6,0.028,31.6,0.029,31.6,0.029,31.6
439.0,0.028,31.6,0.029,31.6,0.027,31.6,0.028,31.6
439.5,0.027,31.6,0.027,31.6,0.027,31.6,0.027,31.6
440.0,0.026,31.6,0.027,31.6,0.027,31.6,0.028,31.6
440.5,0.026,31.6,0.026,31.6,0.026,31.5,0.027,31.6
441.0,0.026,31.6,0.026,31.6,0.026,31.6,0.026,31.6
441.5,0.026,31.6,0.026,31.6,0.026,31.6,0.026,31.6
442.0,0.026,31.6,0.027,31.6,0.026,31.6,0.026,31.6
442.5,0.025,31.6,0.025,31.6,0.027,31.6,0.025,31.6
443.0,0.024,31.6,0.026,31.6,0.026,31.6,0.024,31.6
443.5,0.024,31.6,0.024,31.6,0.025,31.6,0.024,31.6
444.0,0.024,31.6,0.023,31.6,0.023,31.6,0.025,31.7
444.5,0.024,31.6,0.024,31.6,0.023,31.6,0.026,31.7
445.0,0.022,31.6,0.023,31.6,0.025,31.6,0.024,31.6
445.5,0.022,31.6,0.023,31.6,0.022,31.6,0.023,31.6
446.0,0.022,31.6,0.022,31.6,0.024,31.6,0.022,31.6
446.5,0.022,31.6,0.022,31.6,0.023,31.6,0.021,31.7
447.0,0.021,31.7,0.022,31.6,0.021,31.7,0.022,31.7
447.5,0.020,31.7,0.020,31.7,0.020,31.7,0.021,31.7
448.0,0.020,31.7,0.019,31.7,0.020,31.6,0.018,31.6
448.5,0.018,31.6,0.018,31.7,0.021,31.6,0.018,31.7
449.0,0.018,31.7,0.019,31.7,0.020,31.6,0.018,31.7
449.5,0.018,31.7,0.019,31.7,0.018,31.6,0.018,31.7
450.0,0.018,31.7,0.018,31.7,0.018,31.7,0.017,31.7
450.5,0.018,31.7,0.017,31.7,0.019,31.7,0.018,31.7
451.0,0.018,31.7,0.018,31.7,0.018,31.7,0.020,31.7
451.5,0.018,31.7,0.017,31.7,0.019,31.7,0.018,31.7
452.0,0.017,31.7,0.018,31.7,0.017,31.7,0.017,31.7
452.5,0.016,31.7,0.016,31.7,0.016,31.7,0.017,31.7
453.0,0.017,31.7,0.017,31.7,0.017,31.7,0.017,31.7
453.5,0.017,31.7,0.017,31.7,0.019,31.7,0.017,31.7
454.0,0.016,31.7,0.017,31.7,0.017,31.7,0.018,31.7
454.5,0.016,31.7,0.015,31.8,0.017,31.7,0.018,31.7
455.0,0.016,31.7,0.016,31.8,0.016,31.8,0.017,31.7
455.5,0.016,31.7,0.016,31.7,0.015,31.7,0.016,31.7
456.0,0.016,31.7,0.016,31.7,0.016,31.7,0.016,31.7
456.5,0.015,31.7,0.014,31.7,0.015,31.7,0.015,31.7
457.0,0.014,31.7,0.014,31.7,0.016,31.7,0.015,31.8
457.5,0.014,31.8,0.013,31.8,0.014,31.8,0.014,31.8
458.0,0.012,31.7,0.012,31.8,0.013,31.8,0.013,31.7
458.5,0.012,31.8,0.011,31.8,0.012,31.8,0.014,31.7
459.0,0.012,31.8,0.010,31.8,0.013,31.7,0.012,31.8
459.5,0.010,31.8,0.010,31.8,0.012,31.8,0.010,31.8
460.0,0.010,31.8,0.010,31.8,0.011,31.8,0.010,31.8
460.5,0.010,31.8,0.011,31.8,0.014,31.7,0.010,31.8
461.0,0.010,31.8,0.011,31.8,0.011,31.8,0.010,31.8
461.5,0.010,31.8,0.010,31.8,0.011,31.8,0.012,31.8
462.0,0.010,31.8,0.011,31.8,0.011,31.8,0.013,31.8
462.5,0.011,31.8,0.011,31.8,0.011,31.8,0.012,31.8
463.0,0.010,31.8,0.011,31.8,0.011,31.8,0.012,31.8
463.5,0.010,31.8,0.011,31.8,0.010,31.8,0.011,31.8
464.0,0.010,31.8,0.010,31.8,0.010,31.8,0.010,31.8
464.5,0.008,31.8,0.009,31.8,0.008,31.8,0.010,31.8
465.0,0.007,31.8,0.007,31.8,0.008,31.8,0.008,31.8
465.5,0.006,31.8,0.006,31.8,0.006,31.8,0.005,31.8
466.0,0.004,31.9,0.003,31.9,0.004,31.8,0.004,31.8
466.5,0.002,31.9,0.002,31.8,0.002,31.8,0.001,31.9
467.0,0.000,31.9,0.001,31.9,-0.001,31.9,-0.001,31.9
467.5,-0.002,31.9,0.000,31.9,-0.002,31.9,-0.002,31.9
468.0,-0.003,31.9,-0.003,31.9,-0.002,31.9,-0.003,31.9
468.5,-0.005,31.9,-0.006,31.9,-0.005,31.9,-0.005,31.9
469.0,-0.007,31.9,-0.007,31.9,-0.006,32.0,-0.007,31.9
469.5,-0.009,31.9,-0.009,31.9,-0.008,32.0,-0.009,31.9
470.0,-0.010,31.9,-0.010,31.9,-0.010,31.9,-0.010,31.9
470.5,-0.011,32.0,-0.012,32.0,-0.012,31.9,-0.010,32.0
471.0,-0.012,32.0,-0.011,31.9,-0.012,31.9,-0.010,31.9
471.5,-0.012,32.0,-0.012,32.0,-0.011,32.0,-0.012,32.0
472.0,-0.012,32.0,-0.012,32.0,-0.010,32.0,-0.011,32.0
472.5,-0.012,32.0,-0.012,32.0,-0.011,32.0,-0.011,32.0
473.0,-0.010,32.0,-0.011,32.0,-0.011,32.0,-0.010,32.1
473.5,-0.010,32.1,-0.011,32.0,-0.011,32.0,-0.010,32.1
474.0,-0.009,32.1,-0.009,32.1,-0.010,32.1,-0.011,32.0
474.5,-0.007,32.0,-0.008,32.0,-0.010,32.1,-0.009,32.1
475.0,-0.005,32.1,-0.006,32.1,-0.007,32.1,-0.007,32.1
475.5,-0.004,32.1,-0.003,32.1,-0.005,32.1,-0.003,32.1
476.0,-0.003,32.1,-0.002,32.1,-0.002,32.1,-0.002,32.1
476.5,-0.002,32.1,-0.002,32.1,-0.001,32.1,-0.001,32.1
477.0,-0.002,32.1,-0.002,32.1,-0.002,32.1,0.000,32.1
477.5,-0.002,32.1,-0.002,32.1,0.000,32.1,-0.001,32.1
478.0,-0.002,32.1,-0.002,32.1,-0.004,32.1,-0.002,32.1
478.5,-0.002,32.1,-0.002,32.1,-0.004,32.1,-0.002,32.1
479.0,-0.002,32.1,0.000,32.1,-0.002,32.1,-0.002,32.1
479.5,0.001,32.1,0.001,32.1,0.000,32.1,-0.000,32.1
480.0,0.002,32.1,0.002,32.1,0.000,32.1,0.002,32.1
480.5,0.005,32.1,0.006,32.1,0.003,32.1,0.005,32.1
481.0,0.007,32.1,0.008,32.1,0.007,32.1,0.006,32.1
481.5,0.009,32.1,0.010,32.1,0.010,32.1,0.010,32.1
482.0,0.011,32.1,0.011,32.1,0.012,32.1,0.011,32.1
482.5,0.013,32.1,0.013,32.1,0.014,32.1,0.011,32.1
483.0,0.015,32.1,0.016,32.1,0.016,32.0,0.014,32.1
483.5,0.016,32.1,0.017,32.1,0.016,32.1,0.016,32.1
484.0,0.017,32.1,0.018,32.1,0.017,32.1,0.018,32.1
484.5,0.019,32.0,0.020,32.0,0.019,32.0,0.018,32.0
485.0,0.020,32.0,0.020,32.0,0.019,32.0,0.019,32.0
485.5,0.021,32.0,0.022,32.0,0.020,32.0,0.021,32.0
486.0,0.022,32.0,0.023,32.0,0.022,32.0,0.021,32.0
486.5,0.022,32.0,0.023,32.0,0.022,32.0,0.021,32.0
487.0,0.022,32.0,0.022,32.0,0.022,32.0,0.024,32.0
487.5,0.022,31.9,0.022,31.9,0.023,31.9,0.023,32.0
488.0,0.023,31.9,0.023,31.9,0.024,31.9,0.022,32.0
488.5,0.024,31.9,0.024,31.9,0.024,32.0,0.025,31.9
489.0,0.026,31.9,0.026,31.9,0.025,31.9,0.025,31.9
489.5,0.027,31.9,0.027,31.9,0.027,31.9,0.028,31.9
490.0,0.028,31.9,0.028,31.9,0.028,31.9,0.029,31.9
490.5,0.029,31.9,0.029,31.9,0.030,31.9,0.030,31.9
491.0,0.030,31.8,0.030,31.9,0.030,31.9,0.030,31.8
491.5,0.031,31.8,0.031,31.9,0.032,31.9,0.030,31.8
492.0,0.032,31.8,0.031,31.8,0.032,31.8,0.032,31.9
492.5,0.032,31.8,0.033,31.8,0.034,31.8,0.033,31.8
493.0,0.034,31.8,0.033,31.8,0.034,31.8,0.034,31.8
493.5,0.034,31.8,0.034,31.8,0.032,31.7,0.035,31.8
494.0,0.034,31.7,0.035,31.7,0.035,31.7,0.033,31.7
494.5,0.034,31.7,0.035,31.7,0.038,31.7,0.034,31.7
495.0,0.034,31.7,0.034,31.7,0.035,31.7,0.034,31.7
495.5,0.034,31.7,0.035,31.7,0.035,31.7,0.035,31.7
496.0,0.034,31.7,0.034,31.7,0.036,31.7,0.033,31.7
496.5,0.034,31.7,0.033,31.7,0.035,31.7,0.034,31.6
497.0,0.033,31.7,0.033,31.7,0.034,31.7,0.033,31.7
497.5,0.032,31.7,0.034,31.7,0.034,31.7,0.033,31.7
498.0,0.033,31.6,0.033,31.6,0.034,31.6,0.034,31.7
498.5,0.034,31.6,0.034,31.6,0.033,31.6,0.034,31.7
499.0,0.034,31.7,0.034,31.7,0.034,31.6,0.033,31.7
499.5,0.035,31.6,0.035,31.6,0.034,31.6,0.034,31.6
500.0,0.036,31.6,0.038,31.7,0.036,31.6,0.035,31.6
500.5,0.036,31.6,0.036,31.6,0.037,31.7,0.035,31.6
501.0,0.036,31.6,0.035,31.6,0.038,31.6,0.037,31.6
501.5,0.037,31.6,0.036,31.6,0.038,31.6,0.036,31.6
502.0,0.038,31.6,0.036,31.6,0.037,31.6,0.037,31.6
502.5,0.038,31.6,0.038,31.5,0.036,31.6,0.037,31.6
503.0,0.038,31.6,0.038,31.5,0.039,31.6,0.037,31.6
503.5,0.038,31.6,0.038,31.5,0.039,31.5,0.036,31.6
504.0,0.038,31.6,0.038,31.6,0.038,31.5,0.038,31.6
504.5,0.038,31.6,0.038,31.5,0.038,31.5,0.037,31.6
505.0,0.036,31.5,0.036,31.5,0.038,31.6,0.037,31.6
505.5,0.036,31.5,0.036,31.5,0.038,31.5,0.034,31.6
506.0,0.034,31.5,0.036,31.5,0.034,31.5,0.034,31.6
506.5,0.034,31.5,0.035,31.5,0.034,31.5,0.035,31.5
507.0,0.034,31.5,0.034,31.5,0.033,31.5,0.035,31.6
507.5,0.034,31.5,0.034,31.5,0.034,31.5,0.035,31.5
508.0,0.035,31.5,0.034,31.6,0.035,31.5,0.036,31.5
508.5,0.036,31.5,0.036,31.5,0.037,31.6,0.035,31.5
509.0,0.036,31.5,0.037,31.5,0.038,31.5,0.038,31.5
509.5,0.036,31.5,0.036,31.5,0.035,31.5,0.038,31.6
510.0,0.036,31.5,0.037,31.5,0.036,31.5,0.038,31.5
510.5,0.036,31.6,0.036,31.5,0.036,31.6,0.038,31.5
511.0,0.036,31.5,0.035,31.5,0.036,31.5,0.035,31.5
511.5,0.036,31.5,0.036,31.5,0.036,31.5,0.036,31.5
512.0,0.036,31.5,0.037,31.5,0.036,31.4,0.035,31.5
512.5,0.036,31.5,0.036,31.5,0.035,31.5,0.036,31.5
513.0,0.036,31.5,0.035,31.5,0.035,31.5,0.035,31.5
513.5,0.034,31.5,0.035,31.5,0.037,31.5,0.036,31.5
514.0,0.034,31.5,0.035,31.5,0.034,31.5,0.035,31.5
514.5,0.033,31.5,0.033,31.5,0.031,31.5,0.034,31.5
515.0,0.032,31.5,0.032,31.5,0.031,31.5,0.030,31.5
515.5,0.031,31.5,0.031,31.5,0.029,31.5,0.031,31.5
516.0,0.030,31.5,0.030,31.5,0.029,31.5,0.030,31.5
516.5,0.030,31.5,0.030,31.5,0.030,31.5,0.028,31.5
517.0,0.030,31.5,0.032,31.5,0.031,31.5,0.030,31.5
517.5,0.030,31.5,0.029,31.5,0.030,31.6,0.030,31.5
518.0,0.030,31.5,0.030,31.5,0.030,31.6,0.030,31.5
518.5,0.030,31.5,0.030,31.6,0.031,31.5,0.031,31.5
519.0,0.030,31.5,0.031,31.6,0.031,31.6,0.030,31.5
519.5,0.030,31.5,0.030,31.5,0.030,31.6,0.030,31.6
520.0,0.030,31.5,0.029,31.5,0.030,31.5,0.028,31.5
520.5,0.030,31.6,0.030,31.6,0.030,31.6,0.031,31.6
521.0,0.030,31.6,0.029,31.6,0.030,31.6,0.029,31.6
521.5,0.030,31.6,0.029,31.6,0.030,31.6,0.030,31.6
522.0,0.028,31.6,0.028,31.6,0.030,31.5,0.029,31.6
522.5,0.028,31.6,0.028,31.6,0.029,31.5,0.028,31.6
523.0,0.028,31.6,0.027,31.6,0.028,31.6,0.028,31.5
523.5,0.027,31.6,0.028,31.6,0.028,31.6,0.027,31.6
524.0,0.026,31.6,0.027,31.6,0.027,31.6,0.027,31.7
524.5,0.025,31.6,0.026,31.6,0.026,31.6,0.027,31.6
525.0,0.024,31.6,0.026,31.6,0.022,31.6,0.025,31.6
525.5,0.024,31.6,0.024,31.6,0.024,31.6,0.023,31.6
526.0,0.024,31.6,0.024,31.6,0.024,31.7,0.022,31.6
526.5,0.024,31.6,0.024,31.6,0.022,31.7,0.023,31.6
527.0,0.022,31.6,0.023,31.6,0.022,31.6,0.022,31.6
527.5,0.022,31.7,0.022,31.7,0.022,31.7,0.023,31.7
528.0,0.022,31.7,0.022,31.7,0.021,31.7,0.022,31.7
528.5,0.022,31.7,0.021,31.7,0.021,31.7,0.022,31.7
529.0,0.022,31.7,0.020,31.7,0.021,31.7,0.021,31.7
529.5,0.021,31.7,0.021,31.7,0.019,31.7,0.021,31.7
530.0,0.020,31.7,0.021,31.7,0.020,31.8,0.021,31.7
530.5,0.020,31.7,0.021,31.7,0.020,31.7,0.021,31.7
531.0,0.020,31.7,0.020,31.8,0.021,31.7,0.022,31.7
531.5,0.020,31.7,0.020,31.7,0.020,31.7,0.022,31.7
532.0,0.020,31.7,0.020,31.7,0.018,31.7,0.021,31.7
532.5,0.018,31.7,0.020,31.7,0.019,31.8,0.020,31.7
533.0,0.018,31.7,0.018,31.8,0.018,31.8,0.020,31.8
533.5,0.018,31.8,0.018,31.8,0.017,31.8,0.019,31.8
534.0,0.016,31.8,0.017,31.8,0.018,31.8,0.017,31.7
534.5,0.016,31.8,0.017,31.8,0.016,31.8,0.016,31.7
535.0,0.016,31.8,0.016,31.8,0.016,31.8,0.017,31.8
535.5,0.016,31.8,0.015,31.8,0.017,31.8,0.016,31.8
536.0,0.016,31.8,0.016,31.8,0.017,31.8,0.015,31.8
536.5,0.016,31.8,0.016,31.8,0.014,31.8,0.015,31.8
537.0,0.016,31.8,0.016,31.9,0.013,31.8,0.015,31.9
537.5,0.016,31.8,0.015,31.9,0.015,31.8,0.016,31.8
538.0,0.015,31.9,0.015,31.9,0.015,31.8,0.015,31.9
538.5,0.014,31.9,0.015,31.9,0.016,31.8,0.014,31.9
539.0,0.014,31.9,0.015,31.9,0.014,31.8,0.015,31.9
539.5,0.014,31.9,0.014,31.9,0.016,31.8,0.015,31.9
540.0,0.014,31.9,0.013,31.9,0.015,31.8,0.015,31.9
540.5,0.012,31.9,0.012,31.9,0.013,31.9,0.013,31.9
541.0,0.012,31.9,0.013,31.9,0.014,31.9,0.012,31.9
541.5,0.010,31.9,0.012,31.9,0.013,31.9,0.012,31.9
542.0,0.010,31.9,0.010,31.9,0.010,31.9,0.011,31.9
542.5,0.008,31.9,0.008,31.9,0.009,31.9,0.010,31.9
543.0,0.008,31.9,0.009,31.9,0.008,31.9,0.009,31.9
543.5,0.008,32.0,0.008,31.9,0.008,32.0,0.009,32.0
544.0,0.008,32.0,0.008,31.9,0.007,32.0,0.008,32.0
544.5,0.007,32.0,0.008,32.0,0.008,31.9,0.009,31.9
545.0,0.006,32.0,0.007,32.0,0.008,32.0,0.008,32.0
545.5,0.006,32.0,0.006,32.0,0.008,32.0,0.006,32.0
546.0,0.004,32.0,0.004,32.0,0.008,32.0,0.005,32.0
546.5,0.003,32.0,0.003,32.0,0.004,32.0,0.004,32.0
547.0,0.002,32.0,0.002,32.0,0.002,32.1,0.002,32.0
547.5,0.000,32.0,0.001,32.0,0.001,32.1,0.001,32.0
548.0,-0.002,32.1,-0.001,32.1,-0.001,32.1,0.002,32.1
548.5,-0.002,32.1,-0.001,32.1,-0.002,32.0,0.000,32.1
549.0,-0.003,32.1,-0.003,32.1,-0.003,32.1,-0.004,32.1
549.5,-0.004,32.1,-0.003,32.1,-0.004,32.1,-0.004,32.1
550.0,-0.006,32.1,-0.004,32.1,-0.004,32.1,-0.006,32.1
550.5,-0.007,32.1,-0.007,32.1,-0.005,32.2,-0.007,32.1
551.0,-0.008,32.1,-0.008,32.2,-0.008,32.2,-0.007,32.1
551.5,-0.010,32.2,-0.009,32.2,-0.010,32.2,-0.009,32.2
552.0,-0.011,32.2,-0.011,32.2,-0.010,32.1,-0.009,32.2
552.5,-0.012,32.2,-0.012,32.2,-0.014,32.2,-0.010,32.2
553.0,-0.012,32.2,-0.011,32.2,-0.014,32.2,-0.012,32.2
553.5,-0.013,32.2,-0.013,32.2,-0.014,32.2,-0.013,32.2
554.0,-0.014,32.2,-0.014,32.2,-0.013,32.2,-0.012,32.2
554.5,-0.015,32.3,-0.016,32.3,-0.014,32.2,-0.014,32.2
555.0,-0.016,32.3,-0.016,32.3,-0.017,32.3,-0.016,32.3
555.5,-0.016,32.3,-0.016,32.3,-0.017,32.3,-0.018,32.3
556.0,-0.016,32.3,-0.016,32.3,-0.015,32.3,-0.017,32.3
556.5,-0.014,32.3,-0.015,32.3,-0.013,32.3,-0.015,32.3
557.0,-0.013,32.3,-0.013,32.3,-0.013,32.4,-0.013,32.3
557.5,-0.012,32.3,-0.011,32.3,-0.010,32.3,-0.012,32.3
558.0,-0.010,32.3,-0.012,32.4,-0.010,32.3,-0.010,32.3
558.5,-0.007,32.4,-0.008,32.4,-0.008,32.3,-0.008,32.4
559.0,-0.005,32.4,-0.005,32.4,-0.004,32.4,-0.006,32.4
559.5,-0.004,32.4,-0.004,32.4,-0.004,32.4,-0.005,32.4
560.0,-0.002,32.4,-0.003,32.4,-0.002,32.4,-0.003,32.4
560.5,-0.002,32.4,-0.002,32.4,-0.002,32.4,-0.002,32.3
561.0,-0.002,32.4,-0.000,32.4,0.001,32.4,0.000,32.4
561.5,-0.000,32.4,-0.001,32.4,0.001,32.3,0.000,32.4
562.0,0.001,32.4,-0.000,32.4,0.002,32.3,0.001,32.4
562.5,0.002,32.4,0.002,32.4,0.003,32.4,0.002,32.4
563.0,0.003,32.4,0.004,32.4,0.003,32.4,0.003,32.4
563.5,0.005,32.4,0.004,32.4,0.005,32.4,0.006,32.4
564.0,0.006,32.4,0.007,32.4,0.009,32.4,0.006,32.4
564.5,0.008,32.4,0.008,32.4,0.010,32.4,0.008,32.4
565.0,0.010,32.4,0.010,32.4,0.010,32.3,0.010,32.3
565.5,0.012,32.4,0.013,32.4,0.012,32.4,0.010,32.4
566.0,0.015,32.4,0.015,32.4,0.015,32.4,0.014,32.4
566.5,0.017,32.4,0.016,32.4,0.017,32.4,0.016,32.4
567.0,0.018,32.4,0.018,32.4,0.019,32.4,0.018,32.4
567.5,0.020,32.3,0.021,32.3,0.019,32.4,0.018,32.3
568.0,0.021,32.3,0.021,32.3,0.018,32.3,0.020,32.3
568.5,0.023,32.3,0.023,32.3,0.020,32.3,0.023,32.3
569.0,0.024,32.3,0.024,32.3,0.024,32.3,0.025,32.3
569.5,0.026,32.3,0.026,32.3,0.024,32.3,0.026,32.3
570.0,0.026,32.3,0.026,32.3,0.026,32.2,0.027,32.3
570.5,0.026,32.2,0.027,32.2,0.027,32.2,0.026,32.3
571.0,0.026,32.2,0.026,32.2,0.028,32.3,0.026,32.3
571.5,0.026,32.2,0.026,32.2,0.028,32.3,0.026,32.2
572.0,0.026,32.2,0.026,32.2,0.026,32.2,0.027,32.2
572.5,0.026,32.2,0.027,32.2,0.028,32.2,0.026,32.2
573.0,0.028,32.2,0.027,32.2,0.026,32.2,0.028,32.2
573.5,0.028,32.2,0.029,32.2,0.029,32.2,0.027,32.2
574.0,0.029,32.2,0.029,32.2,0.029,32.2,0.029,32.2
574.5,0.030,32.2,0.030,32.2,0.032,32.2,0.030,32.1
575.0,0.032,32.1,0.031,32.2,0.032,32.1,0.030,32.1
575.5,0.032,32.1,0.032,32.1,0.032,32.1,0.031,32.1
576.0,0.033,32.1,0.033,32.1,0.032,32.1,0.031,32.2
576.5,0.034,32.1,0.034,32.1,0.033,32.1,0.033,32.1
577.0,0.034,32.1,0.036,32.0,0.034,32.1,0.034,32.1
577.5,0.034,32.1,0.034,32.1,0.033,32.1,0.032,32.0
578.0,0.034,32.1,0.035,32.0,0.034,32.0,0.035,32.1
578.5,0.036,32.1,0.036,32.1,0.034,32.0,0.035,32.0
579.0,0.036,32.0,0.035,32.0,0.036,32.0,0.034,32.0
579.5,0.036,32.0,0.037,32.0,0.035,32.0,0.036,32.0
580.0,0.036,32.0,0.036,32.1,0.035,32.0,0.037,32.0
580.5,0.036,32.0,0.036,32.0,0.036,32.0,0.035,32.0
581.0,0.034,32.0,0.035,32.0,0.037,32.0,0.034,32.0
581.5,0.034,32.0,0.034,32.0,0.035,32.0,0.035,32.0
582.0,0.034,32.0,0.033,32.0,0.034,32.0,0.034,32.0
582.5,0.034,32.0,0.034,32.0,0.034,32.0,0.035,32.0
583.0,0.035,32.0,0.036,32.0,0.034,32.0,0.037,32.0
583.5,0.036,32.0,0.035,32.0,0.036,32.0,0.035,32.0
584.0,0.036,32.0,0.036,32.0,0.035,32.0,0.034,32.0
584.5,0.036,31.9,0.037,31.9,0.037,32.0,0.036,32.0
585.0,0.037,31.9,0.037,31.9,0.038,32.0,0.037,31.9
585.5,0.037,31.9,0.038,31.9,0.038,32.0,0.039,31.9
586.0,0.038,32.0,0.037,32.0,0.039,31.9,0.038,31.9
586.5,0.038,31.9,0.038,31.9,0.038,32.0,0.038,31.9
587.0,0.038,32.0,0.037,31.9,0.038,32.0,0.037,32.0
587.5,0.038,31.9,0.037,31.9,0.038,31.9,0.038,31.9
588.0,0.038,31.9,0.039,31.9,0.038,31.9,0.039,31.9
588.5,0.038,31.9,0.038,31.9,0.039,31.9,0.037,31.9
589.0,0.038,31.9,0.037,31.9,0.038,31.9,0.038,31.9
589.5,0.037,31.9,0.038,31.9,0.038,31.9,0.037,31.9
590.0,0.036,31.9,0.037,31.9,0.037,32.0,0.037,31.9
590.5,0.036,31.9,0.036,31.9,0.036,31.9,0.036,31.9
591.0,0.036,31.9,0.036,31.9,0.036,31.9,0.036,31.9
591.5,0.036,31.9,0.035,31.9,0.036,31.9,0.035,31.9
592.0,0.036,31.9,0.037,31.9,0.036,31.9,0.035,31.9
592.5,0.036,31.9,0.037,31.9,0.037,31.9,0.034,31.9
593.0,0.036,31.9,0.037,31.9,0.036,31.9,0.038,31.9
593.5,0.037,31.9,0.037,31.9,0.037,31.9,0.037,31.9
594.0,0.038,31.9,0.037,31.9,0.038,31.9,0.036,31.9
594.5,0.038,31.9,0.037,31.9,0.038,31.9,0.039,31.9
595.0,0.038,31.9,0.038,31.9,0.037,31.9,0.038,31.9
595.5,0.038,31.9,0.038,31.9,0.038,31.8,0.038,31.9
596.0,0.038,31.8,0.038,31.9,0.036,31.8,0.038,31.8
596.5,0.038,31.9,0.038,31.9,0.038,31.9,0.036,31.9
597.0,0.037,31.9,0.037,31.9,0.039,31.9,0.036,31.9
597.5,0.036,31.8,0.036,31.8,0.036,31.9,0.038,31.8
598.0,0.036,31.9,0.036,31.9,0.036,31.9,0.037,31.9
598.5,0.036,31.9,0.036,31.9,0.036,31.9,0.036,31.9
599.0,0.035,31.9,0.035,31.9,0.035,31.9,0.035,31.9
599.5,0.034,31.9,0.035,31.9,0.035,31.9,0.033,31.9
600.0,0.032,31.9,0.034,31.9,0.033,31.9,0.031,31.9
600.5,0.032,31.9,0.033,31.9,0.031,31.9,0.031,31.9
601.0,0.030,31.9,0.030,31.8,0.032,31.9,0.031,31.9
601.5,0.030,31.9,0.029,31.9,0.032,31.9,0.031,31.9
602.0,0.030,31.9,0.031,31.9,0.030,32.0,0.031,31.9
602.5,0.030,31.9,0.030,31.9,0.032,32.0,0.030,31.9
603.0,0.030,31.9,0.030,31.9,0.029,31.9,0.030,31.9
603.5,0.030,31.9,0.030,31.9,0.030,31.9,0.031,31.9
604.0,0.030,31.9,0.031,32.0,0.030,31.9,0.031,31.9
604.5,0.030,31.9,0.030,31.9,0.031,31.9,0.032,31.9
605.0,0.030,31.9,0.029,31.9,0.030,31.9,0.030,31.9
605.5,0.029,32.0,0.029,32.0,0.028,32.0,0.029,32.0
606.0,0.028,31.9,0.030,32.0,0.028,32.0,0.031,31.9
606.5,0.028,32.0,0.028,31.9,0.026,32.0,0.029,32.0
607.0,0.028,31.9,0.027,31.9,0.027,32.0,0.027,31.9
607.5,0.027,32.0,0.028,32.0,0.027,32.0,0.027,32.0
608.0,0.026,32.0,0.027,32.0,0.026,31.9,0.027,32.0
608.5,0.026,32.0,0.026,32.0,0.027,32.0,0.026,32.0
609.0,0.026,32.0,0.027,32.0,0.028,32.0,0.025,31.9
609.5,0.024,32.0,0.024,32.0,0.027,32.0,0.024,32.0
610.0,0.023,32.0,0.023,32.0,0.024,32.0,0.024,32.0
610.5,0.022,32.0,0.024,32.0,0.022,32.0,0.023,32.0
611.0,0.022,32.0,0.022,32.0,0.023,32.0,0.022,32.0
611.5,0.022,32.0,0.023,32.0,0.024,32.0,0.022,32.0
612.0,0.022,32.0,0.022,32.0,0.023,32.1,0.022,32.0
612.5,0.022,32.0,0.021,32.0,0.021,32.1,0.021,32.0
613.0,0.022,32.1,0.022,32.1,0.020,32.1,0.021,32.0
613.5,0.022,32.1,0.020,32.1,0.021,32.1,0.020,32.1
614.0,0.020,32.1,0.020,32.1,0.022,32.1,0.020,32.1
614.5,0.020,32.1,0.020,32.1,0.021,32.1,0.021,32.1
615.0,0.020,32.1,0.021,32.1,0.020,32.1,0.021,32.1
615.5,0.020,32.1,0.020,32.1,0.020,32.1,0.020,32.1
616.0,0.020,32.1,0.019,32.1,0.020,32.1,0.019,32.1
616.5,0.019,32.1,0.019,32.1,0.019,32.1,0.019,32.1
617.0,0.018,32.1,0.019,32.1,0.018,32.1,0.019,32.1
617.5,0.018,32.2,0.017,32.2,0.017,32.2,0.018,32.2
618.0,0.018,32.2,0.018,32.2,0.017,32.2,0.018,32.2
618.5,0.017,32.2,0.018,32.2,0.017,32.2,0.018,32.2
619.0,0.016,32.2,0.017,32.2,0.016,32.2,0.017,32.2
619.5,0.016,32.2,0.015,32.2,0.015,32.2,0.015,32.2
620.0,0.014,32.2,0.016,32.2,0.014,32.2,0.015,32.2
620.5,0.014,32.2,0.014,32.2,0.014,32.2,0.015,32.2
621.0,0.014,32.2,0.015,32.2,0.017,32.2,0.014,32.2
621.5,0.014,32.2,0.014,32.2,0.016,32.2,0.015,32.2
622.0,0.014,32.2,0.014,32.2,0.014,32.2,0.014,32.2
622.5,0.014,32.3,0.015,32.3,0.015,32.2,0.015,32.3
623.0,0.014,32.3,0.013,32.3,0.014,32.2,0.015,32.3
623.5,0.013,32.3,0.013,32.3,0.013,32.3,0.015,32.3
624.0,0.012,32.3,0.013,32.3,0.013,32.3,0.013,32.4
624.5,0.011,32.3,0.011,32.3,0.011,32.3,0.011,32.3
625.0,0.010,32.3,0.011,32.3,0.009,32.3,0.010,32.3
625.5,0.009,32.3,0.010,32.3,0.008,32.3,0.011,32.3
626.0,0.008,32.3,0.009,32.3,0.008,32.3,0.009,32.3
626.5,0.008,32.4,0.007,32.4,0.009,32.3,0.006,32.4
627.0,0.007,32.4,0.007,32.4,0.006,32.4,0.007,32.4
627.5,0.006,32.4,0.007,32.4,0.006,32.4,0.007,32.4
628.0,0.006,32.4,0.005,32.4,0.006,32.4,0.006,32.4
628.5,0.004,32.4,0.004,32.4,0.006,32.4,0.004,32.4
629.0,0.003,32.4,0.004,32.4,0.004,32.4,0.005,32.4
629.5,0.002,32.4,0.003,32.4,0.002,32.4,0.004,32.4
630.0,-0.001,32.5,0.001,32.4,-0.000,32.4,0.000,32.4
630.5,-0.002,32.5,-0.001,32.5,-0.001,32.4,-0.002,32.5
631.0,-0.003,32.5,-0.002,32.5,-0.002,32.5,-0.002,32.5
631.5,-0.005,32.5,-0.004,32.5,-0.002,32.5,-0.004,32.5
632.0,-0.007,32.5,-0.006,32.5,-0.005,32.6,-0.007,32.5
632.5,-0.008,32.6,-0.008,32.6,-0.007,32.6,-0.008,32.5
633.0,-0.009,32.6,-0.010,32.6,-0.010,32.6,-0.008,32.5
633.5,-0.011,32.6,-0.011,32.6,-0.012,32.5,-0.011,32.6
634.0,-0.013,32.6,-0.013,32.6,-0.013,32.6,-0.012,32.6
634.5,-0.014,32.6,-0.013,32.6,-0.015,32.6,-0.014,32.6
635.0,-0.014,32.6,-0.013,32.6,-0.015,32.6,-0.015,32.6
635.5,-0.016,32.7,-0.016,32.7,-0.015,32.7,-0.014,32.7
636.0,-0.016,32.7,-0.015,32.7,-0.016,32.7,-0.016,32.7
636.5,-0.016,32.7,-0.016,32.7,-0.016,32.7,-0.017,32.7
637.0,-0.016,32.7,-0.016,32.7,-0.016,32.7,-0.016,32.7
637.5,-0.017,32.7,-0.018,32.8,-0.017,32.8,-0.017,32.7
638.0,-0.018,32.7,-0.018,32.7,-0.017,32.8,-0.017,32.8
638.5,-0.018,32.8,-0.018,32.8,-0.019,32.8,-0.018,32.8
639.0,-0.018,32.8,-0.018,32.8,-0.019,32.8,-0.018,32.8
639.5,-0.018,32.8,-0.015,32.8,-0.018,32.8,-0.016,32.8
640.0,-0.016,32.8,-0.017,32.8,-0.015,32.8,-0.016,32.8
640.5,-0.015,32.8,-0.015,32.8,-0.015,32.8,-0.014,32.8
641.0,-0.013,32.8,-0.013,32.8,-0.014,32.8,-0.012,32.8
641.5,-0.011,32.9,-0.010,32.9,-0.011,32.8,-0.012,32.8
642.0,-0.009,32.9,-0.009,32.9,-0.008,32.9,-0.009,32.9
642.5,-0.007,32.9,-0.006,32.8,-0.007,32.9,-0.007,32.9
643.0,-0.005,32.9,-0.005,32.9,-0.007,32.9,-0.004,32.8
643.5,-0.003,32.9,-0.004,32.9,-0.004,32.9,-0.003,32.9
644.0,-0.002,32.9,-0.002,32.9,-0.002,32.9,-0.003,32.9
644.5,0.000,32.9,0.001,32.9,0.002,32.9,-0.003,32.9
645.0,0.002,32.9,0.002,32.9,0.002,32.9,-0.000,32.9
645.5,0.004,32.9,0.006,32.9,0.002,32.9,0.001,32.9
646.0,0.006,32.9,0.006,32.9,0.004,32.9,0.006,32.9
646.5,0.006,32.9,0.006,32.9,0.006,32.9,0.008,32.9
647.0,0.008,32.9,0.008,32.9,0.007,32.9,0.006,32.9
647.5,0.008,32.9,0.008,32.9,0.009,32.9,0.008,32.9
648.0,0.010,32.9,0.009,32.9,0.010,32.9,0.009,32.9
648.5,0.011,32.9,0.013,32.9,0.010,32.9,0.010,32.9
649.0,0.013,32.9,0.013,32.9,0.012,32.9,0.012,32.9
649.5,0.014,32.9,0.014,32.9,0.014,32.9,0.014,32.8
650.0,0.015,32.9,0.016,32.9,0.014,32.9,0.017,32.8
650.5,0.017,32.9,0.017,32.9,0.015,32.8,0.018,32.9
651.0,0.018,32.8,0.018,32.9,0.019,32.8,0.018,32.8
651.5,0.020,32.8,0.020,32.8,0.019,32.8,0.020,32.8
652.0,0.021,32.8,0.021,32.8,0.022,32.8,0.020,32.8
652.5,0.022,32.8,0.023,32.8,0.022,32.8,0.021,32.8
653.0,0.022,32.8,0.024,32.8,0.022,32.8,0.025,32.8
653.5,0.024,32.8,0.024,32.8,0.024,32.8,0.023,32.8
654.0,0.024,32.7,0.025,32.7,0.024,32.8,0.025,32.8
654.5,0.026,32.8,0.025,32.8,0.024,32.8,0.024,32.8
655.0,0.026,32.8,0.028,32.8,0.025,32.8,0.028,32.8
655.5,0.026,32.7,0.027,32.7,0.026,32.7,0.027,32.7
656.0,0.026,32.7,0.026,32.7,0.026,32.7,0.027,32.7
656.5,0.026,32.7,0.027,32.7,0.028,32.7,0.027,32.7
657.0,0.026,32.7,0.025,32.7,0.027,32.7,0.026,32.7
657.5,0.027,32.7,0.027,32.7,0.027,32.7,0.027,32.7
658.0,0.028,32.7,0.028,32.7,0.028,32.7,0.029,32.7
658.5,0.028,32.7,0.030,32.6,0.030,32.7,0.031,32.6
659.0,0.030,32.7,0.029,32.6,0.030,32.7,0.029,32.7
659.5,0.030,32.6,0.030,32.6,0.030,32.6,0.029,32.7
660.0,0.031,32.6,0.030,32.6,0.032,32.7,0.029,32.6
660.5,0.032,32.6,0.032,32.6,0.031,32.6,0.031,32.6
661.0,0.032,32.6,0.033,32.6,0.032,32.6,0.034,32.6
661.5,0.033,32.6,0.032,32.6,0.032,32.6,0.033,32.6
662.0,0.034,32.6,0.033,32.6,0.035,32.6,0.034,32.6
662.5,0.034,32.6,0.034,32.6,0.035,32.6,0.035,32.6
663.0,0.035,32.6,0.035,32.6,0.035,32.6,0.035,32.6
663.5,0.036,32.6,0.035,32.6,0.036,32.6,0.034,32.5
664.0,0.036,32.5,0.037,32.6,0.036,32.6,0.035,32.6
664.5,0.036,32.5,0.036,32.6,0.036,32.5,0.035,32.5
665.0,0.036,32.5,0.036,32.5,0.036,32.6,0.036,32.5
665.5,0.034,32.5,0.035,32.5,0.036,32.6,0.036,32.5
666.0,0.034,32.6,0.034,32.5,0.035,32.6,0.035,32.5
666.5,0.034,32.5,0.035,32.5,0.034,32.5,0.035,32.5
667.0,0.034,32.5,0.035,32.5,0.034,32.5,0.032,32.6
667.5,0.034,32.5,0.035,32.5,0.033,32.5,0.034,32.5
668.0,0.035,32.5,0.034,32.5,0.035,32.5,0.036,32.5
668.5,0.036,32.5,0.036,32.5,0.034,32.5,0.035,32.5
669.0,0.036,32.5,0.036,32.5,0.035,32.5,0.036,32.5
669.5,0.037,32.5,0.037,32.5,0.037,32.5,0.037,32.5
670.0,0.038,32.5,0.037,32.5,0.038,32.5,0.038,32.4
670.5,0.038,32.5,0.039,32.5,0.037,32.5,0.038,32.5
671.0,0.039,32.5,0.040,32.5,0.038,32.5,0.038,32.5
671.5,0.040,32.5,0.040,32.5,0.038,32.5,0.040,32.5
672.0,0.040,32.5,0.041,32.5,0.040,32.4,0.039,32.5
672.5,0.040,32.5,0.040,32.5,0.038,32.5,0.039,32.5
673.0,0.040,32.4,0.039,32.4,0.040,32.5,0.040,32.4
673.5,0.040,32.4,0.040,32.4,0.040,32.5,0.040,32.4
674.0,0.039,32.4,0.040,32.4,0.040,32.4,0.040,32.4
674.5,0.038,32.4,0.038,32.4,0.037,32.4,0.039,32.4
675.0,0.037,32.4,0.038,32.4,0.036,32.4,0.039,32.4
675.5,0.036,32.4,0.036,32.4,0.036,32.4,0.036,32.5
676.0,0.036,32.4,0.035,32.4,0.037,32.4,0.037,32.5
676.5,0.034,32.5,0.033,32.5,0.035,32.5,0.034,32.4
677.0,0.034,32.4,0.033,32.5,0.035,32.5,0.035,32.5
677.5,0.034,32.4,0.035,32.5,0.036,32.5,0.034,32.5
678.0,0.034,32.5,0.034,32.4,0.034,32.5,0.035,32.4
678.5,0.034,32.5,0.035,32.4,0.035,32.5,0.034,32.5
679.0,0.034,32.4,0.035,32.5,0.035,32.4,0.035,32.4
679.5,0.034,32.5,0.034,32.5,0.036,32.4,0.035,32.4
680.0,0.034,32.5,0.034,32.4,0.035,32.4,0.036,32.4
680.5,0.034,32.4,0.033,32.4,0.034,32.5,0.036,32.4
681.0,0.033,32.4,0.033,32.5,0.035,32.5,0.036,32.4
681.5,0.032,32.4,0.034,32.5,0.034,32.5,0.035,32.5
682.0,0.032,32.5,0.032,32.5,0.032,32.5,0.031,32.5
682.5,0.032,32.5,0.032,32.4,0.032,32.4,0.032,32.4
683.0,0.032,32.5,0.033,32.4,0.034,32.5,0.034,32.5
683.5,0.031,32.5,0.031,32.5,0.031,32.5,0.031,32.5
684.0,0.030,32.5,0.030,32.5,0.029,32.4,0.030,32.5
684.5,0.029,32.5,0.029,32.5,0.028,32.5,0.031,32.5
685.0,0.028,32.5,0.027,32.5,0.029,32.5,0.030,32.5
685.5,0.028,32.5,0.027,32.5,0.027,32.5,0.028,32.5
686.0,0.028,32.5,0.028,32.5,0.026,32.5,0.027,32.5
686.5,0.027,32.5,0.027,32.5,0.028,32.5,0.030,32.5
687.0,0.026,32.5,0.026,32.5,0.027,32.5,0.027,32.5
687.5,0.026,32.5,0.026,32.5,0.027,32.5,0.026,32.5
688.0,0.026,32.5,0.027,32.6,0.027,32.5,0.027,32.6
688.5,0.026,32.5,0.026,32.6,0.027,32.5,0.027,32.5
689.0,0.026,32.5,0.027,32.5,0.026,32.6,0.028,32.5
689.5,0.026,32.5,0.026,32.5,0.028,32.5,0.026,32.5
690.0,0.026,32.5,0.026,32.6,0.027,32.5,0.026,32.5
690.5,0.026,32.6,0.025,32.6,0.024,32.6,0.025,32.6
691.0,0.025,32.6,0.025,32.6,0.023,32.6,0.025,32.5
691.5,0.024,32.6,0.026,32.6,0.024,32.6,0.025,32.5
692.0,0.024,32.6,0.024,32.6,0.022,32.5,0.024,32.6
692.5,0.024,32.6,0.024,32.6,0.022,32.6,0.023,32.6
693.0,0.023,32.6,0.023,32.6,0.023,32.6,0.022,32.6
693.5,0.022,32.6,0.021,32.6,0.023,32.6,0.021,32.6
694.0,0.022,32.6,0.022,32.6,0.022,32.6,0.024,32.6
694.5,0.022,32.6,0.022,32.6,0.021,32.6,0.024,32.6
695.0,0.022,32.6,0.021,32.6,0.021,32.6,0.022,32.6
695.5,0.021,32.6,0.021,32.6,0.021,32.6,0.022,32.6
696.0,0.020,32.7,0.022,32.7,0.021,32.6,0.020,32.7
696.5,0.020,32.6,0.020,32.6,0.022,32.6,0.020,32.7
697.0,0.020,32.7,0.021,32.7,0.022,32.7,0.021,32.7
697.5,0.020,32.7,0.020,32.7,0.020,32.7,0.020,32.6
698.0,0.020,32.7,0.019,32.7,0.020,32.7,0.020,32.7
698.5,0.019,32.7,0.019,32.7,0.019,32.7,0.018,32.8
699.0,0.018,32.7,0.019,32.7,0.019,32.7,0.018,32.8
699.5,0.018,32.7,0.018,32.7,0.019,32.7,0.019,32.7
700.0,0.018,32.7,0.018,32.7,0.019,32.7,0.019,32.7
700.5,0.018,32.7,0.018,32.7,0.019,32.7,0.016,32.8
701.0,0.016,32.7,0.017,32.7,0.016,32.7,0.017,32.8
701.5,0.016,32.7,0.016,32.8,0.016,32.8,0.017,32.7
702.0,0.016,32.8,0.016,32.8,0.015,32.7,0.016,32.8
702.5,0.016,32.8,0.015,32.8,0.016,32.8,0.016,32.7
703.0,0.014,32.8,0.015,32.8,0.016,32.8,0.015,32.7
703.5,0.014,32.8,0.014,32.8,0.015,32.8,0.014,32.7
704.0,0.012,32.8,0.013,32.8,0.013,32.8,0.015,32.8
704.5,0.012,32.8,0.013,32.8,0.013,32.8,0.014,32.8
705.0,0.012,32.8,0.013,32.8,0.013,32.8,0.012,32.8
705.5,0.012,32.8,0.013,32.8,0.012,32.9,0.012,32.8
706.0,0.012,32.8,0.012,32.8,0.011,32.8,0.011,32.8
706.5,0.011,32.9,0.012,32.9,0.011,32.8,0.011,32.9
707.0,0.010,32.9,0.011,32.9,0.010,32.8,0.012,32.8
707.5,0.010,32.9,0.010,32.9,0.010,32.9,0.011,32.9
708.0,0.009,32.9,0.009,32.9,0.010,32.9,0.010,32.9
708.5,0.008,32.9,0.009,32.9,0.009,32.9,0.009,32.9
709.0,0.007,32.9,0.008,32.9,0.008,32.9,0.008,32.9
709.5,0.006,32.9,0.006,32.9,0.006,32.9,0.007,32.9
710.0,0.005,32.9,0.004,32.9,0.005,33.0,0.005,32.9
710.5,0.004,32.9,0.004,32.9,0.004,33.0,0.005,33.0
711.0,0.002,33.0,0.003,33.0,0.003,33.0,0.006,33.0
711.5,0.000,33.0,0.001,32.9,0.001,33.0,0.003,33.0
712.0,-0.002,33.0,-0.002,33.0,-0.002,33.0,0.000,33.0
712.5,-0.002,33.0,-0.002,33.0,-0.001,33.0,-0.002,33.0
713.0,-0.003,33.0,-0.003,33.0,-0.002,33.0,-0.003,33.0
713.5,-0.004,33.0,-0.004,33.0,-0.004,33.0,-0.003,33.0
714.0,-0.005,33.1,-0.004,33.1,-0.005,33.1,-0.003,33.1
714.5,-0.007,33.1,-0.006,33.1,-0.008,33.1,-0.005,33.1
715.0,-0.009,33.1,-0.009,33.1,-0.010,33.1,-0.009,33.1
715.5,-0.010,33.1,-0.010,33.1,-0.010,33.1,-0.012,33.1
716.0,-0.012,33.1,-0.012,33.1,-0.012,33.1,-0.012,33.1
716.5,-0.013,33.1,-0.012,33.1,-0.012,33.1,-0.012,33.1
717.0,-0.014,33.2,-0.013,33.1,-0.015,33.2,-0.014,33.2
717.5,-0.014,33.2,-0.014,33.2,-0.015,33.2,-0.014,33.2
718.0,-0.016,33.2,-0.016,33.2,-0.015,33.2,-0.017,33.2
718.5,-0.017,33.2,-0.016,33.2,-0.017,33.2,-0.018,33.2
719.0,-0.018,33.2,-0.017,33.2,-0.018,33.2,-0.020,33.2
719.5,-0.020,33.3,-0.019,33.2,-0.018,33.2,-0.021,33.2
720.0,-0.020,33.3,-0.020,33.3,-0.019,33.3,-0.021,33.3
720.5,-0.018,33.3,-0.019,33.2,-0.018,33.3,-0.019,33.2
721.0,-0.018,33.3,-0.017,33.3,-0.018,33.3,-0.017,33.3
721.5,-0.016,33.3,-0.017,33.3,-0.017,33.3,-0.017,33.3
722.0,-0.016,33.3,-0.015,33.3,-0.016,33.3,-0.018,33.3
722.5,-0.016,33.3,-0.016,33.3,-0.015,33.3,-0.016,33.3
723.0,-0.015,33.3,-0.015,33.3,-0.014,33.3,-0.015,33.3
723.5,-0.014,33.3,-0.014,33.3,-0.014,33.3,-0.016,33.3
724.0,-0.014,33.3,-0.014,33.4,-0.013,33.3,-0.014,33.3
724.5,-0.013,33.4,-0.013,33.4,-0.011,33.4,-0.014,33.4
725.0,-0.011,33.4,-0.010,33.4,-0.011,33.4,-0.012,33.4
725.5,-0.009,33.4,-0.009,33.3,-0.007,33.4,-0.010,33.4
726.0,-0.007,33.4,-0.006,33.4,-0.007,33.4,-0.006,33.4
726.5,-0.004,33.4,-0.004,33.4,-0.004,33.4,-0.004,33.4
727.0,-0.002,33.4,-0.003,33.4,-0.003,33.4,-0.003,33.4
727.5,-0.002,33.4,-0.002,33.4,-0.002,33.4,-0.002,33.4
728.0,-0.001,33.4,-0.000,33.4,-0.001,33.4,-0.001,33.4
728.5,0.000,33.4,0.000,33.4,0.001,33.4,0.000,33.3
729.0,0.002,33.4,0.001,33.4,0.002,33.4,0.002,33.4
729.5,0.004,33.4,0.004,33.4,0.006,33.4,0.004,33.4
730.0,0.006,33.4,0.006,33.4,0.007,33.4,0.006,33.4
730.5,0.008,33.4,0.008,33.4,0.007,33.4,0.008,33.4
731.0,0.010,33.4,0.009,33.4,0.010,33.4,0.010,33.3
731.5,0.011,33.4,0.012,33.4,0.013,33.4,0.009,33.4
732.0,0.012,33.4,0.013,33.4,0.013,33.3,0.013,33.4
732.5,0.013,33.4,0.013,33.4,0.013,33.3,0.015,33.4
733.0,0.014,33.4,0.013,33.4,0.014,33.3,0.014,33.3
733.5,0.014,33.4,0.016,33.4,0.015,33.3,0.015,33.3
734.0,0.016,33.3,0.016,33.3,0.017,33.4,0.016,33.4
734.5,0.018,33.3,0.018,33.3,0.019,33.3,0.018,33.3
735.0,0.020,33.3,0.020,33.3,0.019,33.3,0.019,33.3
735.5,0.022,33.3,0.022,33.3,0.020,33.3,0.021,33.3
736.0,0.023,33.3,0.023,33.3,0.022,33.3,0.024,33.3
736.5,0.024,33.3,0.025,33.3,0.025,33.3,0.024,33.3
737.0,0.026,33.2,0.025,33.3,0.028,33.3,0.025,33.2
737.5,0.026,33.2,0.026,33.3,0.026,33.3,0.026,33.2
738.0,0.027,33.2,0.027,33.2,0.028,33.2,0.026,33.2
738.5,0.028,33.2,0.028,33.2,0.028,33.2,0.028,33.2
739.0,0.028,33.2,0.029,33.2,0.028,33.2,0.029,33.2
739.5,0.029,33.2,0.031,33.2,0.030,33.2,0.029,33.2
740.0,0.030,33.1,0.029,33.1,0.030,33.2,0.030,33.2
740.5,0.030,33.1,0.031,33.1,0.031,33.2,0.031,33.1
741.0,0.030,33.1,0.030,33.1,0.030,33.1,0.030,33.1
741.5,0.030,33.1,0.030,33.1,0.029,33.1,0.031,33.1
742.0,0.030,33.1,0.029,33.1,0.030,33.1,0.031,33.1
742.5,0.029,33.1,0.030,33.1,0.029,33.1,0.031,33.1
743.0,0.029,33.1,0.030,33.1,0.029,33.1,0.029,33.1
743.5,0.030,33.1,0.030,33.1,0.029,33.1,0.029,33.1
744.0,0.031,33.0,0.031,33.0,0.031,33.0,0.031,33.0
744.5,0.032,33.0,0.031,33.0,0.033,33.0,0.032,33.0
745.0,0.033,33.0,0.032,33.0,0.031,33.0,0.032,33.0
745.5,0.034,33.0,0.034,33.0,0.030,33.0,0.034,33.0
746.0,0.034,33.0,0.033,33.0,0.036,33.1,0.034,33.0
746.5,0.034,33.0,0.035,33.0,0.035,33.0,0.035,33.0
747.0,0.036,33.0,0.035,33.0,0.036,33.0,0.035,33.0
747.5,0.036,33.0,0.036,33.0,0.034,33.0,0.035,33.0
748.0,0.036,33.0,0.036,32.9,0.036,32.9,0.037,33.0
748.5,0.036,32.9,0.036,33.0,0.036,33.0,0.037,32.9
749.0,0.036,32.9,0.036,32.9,0.036,32.9,0.037,32.9
749.5,0.036,32.9,0.037,32.9,0.036,32.9,0.035,32.9
750.0,0.036,32.9,0.035,32.9,0.036,32.9,0.036,32.9
750.5,0.036,32.9,0.035,32.9,0.036,32.9,0.036,32.9
751.0,0.035,32.9,0.034,32.9,0.035,32.9,0.035,32.9
751.5,0.034,32.9,0.035,32.9,0.034,32.9,0.035,33.0
752.0,0.034,32.9,0.034,32.9,0.034,32.9,0.034,32.9
752.5,0.034,32.9,0.034,32.9,0.035,32.9,0.033,32.9
753.0,0.034,32.9,0.034,32.9,0.035,32.9,0.033,32.9
753.5,0.034,32.9,0.035,32.9,0.036,32.9,0.034,33.0
754.0,0.036,32.9,0.036,32.9,0.036,32.9,0.035,32.9
754.5,0.038,32.9,0.038,32.9,0.037,32.9,0.037,32.9
755.0,0.038,32.9,0.038,32.9,0.040,32.9,0.038,32.9
755.5,0.038,32.9,0.038,32.9,0.039,32.9,0.037,32.9
756.0,0.038,32.9,0.040,32.9,0.038,32.9,0.040,32.8
756.5,0.038,32.8,0.040,32.8,0.038,32.8,0.041,32.8
757.0,0.038,32.8,0.038,32.8,0.038,32.8,0.038,32.8
757.5,0.038,32.8,0.037,32.8,0.038,32.9,0.037,32.8
758.0,0.037,32.8,0.037,32.8,0.038,32.8,0.037,32.9
758.5,0.036,32.8,0.036,32.8,0.038,32.9,0.037,32.8
759.0,0.036,32.8,0.037,32.8,0.036,32.9,0.038,32.9
759.5,0.036,32.8,0.036,32.8,0.034,32.8,0.036,32.8
760.0,0.034,32.8,0.034,32.8,0.033,32.8,0.033,32.8
760.5,0.034,32.8,0.033,32.8,0.034,32.9,0.035,32.8
761.0,0.032,32.8,0.033,32.9,0.033,32.8,0.035,32.8
761.5,0.032,32.8,0.033,32.8,0.032,32.8,0.032,32.8
762.0,0.032,32.8,0.033,32.8,0.031,32.9,0.031,32.8
762.5,0.032,32.8,0.033,32.8,0.030,32.9,0.034,32.8
763.0,0.032,32.9,0.031,32.9,0.033,32.8,0.032,32.8
763.5,0.032,32.9,0.032,32.8,0.032,32.9,0.031,32.9
764.0,0.032,32.9,0.032,32.8,0.033,32.9,0.032,32.9
764.5,0.032,32.8,0.033,32.8,0.033,32.8,0.032,32.9
765.0,0.032,32.8,0.032,32.8,0.033,32.9,0.031,32.9
765.5,0.032,32.8,0.032,32.8,0.032,32.9,0.032,32.9
766.0,0.032,32.8,0.032,32.8,0.031,32.8,0.031,32.9
766.5,0.032,32.9,0.031,32.8,0.032,32.8,0.030,32.8
767.0,0.030,32.8,0.030,32.8,0.033,32.9,0.030,32.8
767.5,0.030,32.9,0.031,32.9,0.030,32.8,0.030,32.9
768.0,0.030,32.9,0.030,32.9,0.030,32.9,0.029,32.9
768.5,0.030,32.8,0.030,32.8,0.030,32.8,0.028,32.8
769.0,0.028,32.9,0.028,32.9,0.030,32.9,0.029,32.9
769.5,0.028,32.9,0.028,32.9,0.028,32.8,0.028,32.9
770.0,0.026,32.9,0.026,32.9,0.026,32.9,0.027,32.9
770.5,0.026,32.9,0.025,32.9,0.028,32.9,0.027,32.9
771.0,0.026,32.9,0.026,32.9,0.027,32.9,0.026,32.9
771.5,0.024,32.9,0.025,32.9,0.025,32.9,0.026,32.9
772.0,0.024,32.9,0.025,32.9,0.026,32.9,0.025,32.9
772.5,0.024,32.9,0.024,32.9,0.026,32.9,0.025,32.9
773.0,0.024,32.9,0.024,32.9,0.025,32.9,0.022,32.9
773.5,0.024,32.9,0.024,32.9,0.023,32.9,0.023,32.9
774.0,0.024,32.9,0.023,32.9,0.024,33.0,0.025,32.9
774.5,0.023,32.9,0.024,32.9,0.024,33.0,0.024,32.9
775.0,0.022,33.0,0.023,32.9,0.023,33.0,0.025,33.0
775.5,0.022,33.0,0.023,33.0,0.023,33.0,0.024,33.0
776.0,0.022,33.0,0.023,33.0,0.021,33.0,0.022,33.0
776.5,0.022,33.0,0.022,33.0,0.020,33.0,0.022,33.0
777.0,0.022,33.0,0.022,32.9,0.021,33.0,0.022,33.0
777.5,0.021,33.0,0.021,33.0,0.021,33.0,0.022,33.0
778.0,0.020,33.0,0.020,33.0,0.021,33.0,0.021,33.0
778.5,0.020,33.0,0.021,33.0,0.020,33.0,0.021,33.0
779.0,0.020,33.0,0.020,33.0,0.020,33.0,0.020,33.0
779.5,0.018,33.0,0.019,33.0,0.019,33.0,0.019,33.0
780.0,0.018,33.0,0.019,33.0,0.017,33.0,0.019,33.0
780.5,0.018,33.0,0.018,33.1,0.019,33.0,0.018,33.0
781.0,0.018,33.0,0.017,33.0,0.018,33.0,0.017,33.0
781.5,0.018,33.0,0.018,33.0,0.018,33.0,0.018,33.0
782.0,0.018,33.1,0.016,33.0,0.018,33.0,0.019,33.0
782.5,0.017,33.1,0.017,33.1,0.020,33.0,0.017,33.1
783.0,0.016,33.1,0.016,33.1,0.019,33.0,0.015,33.1
783.5,0.016,33.1,0.016,33.1,0.017,33.1,0.016,33.1
784.0,0.016,33.1,0.017,33.1,0.016,33.1,0.017,33.1
784.5,0.016,33.1,0.016,33.1,0.016,33.1,0.016,33.1
785.0,0.016,33.1,0.015,33.1,0.016,33.1,0.016,33.1
785.5,0.016,33.1,0.015,33.1,0.015,33.1,0.017,33.1
786.0,0.015,33.1,0.015,33.1,0.013,33.1,0.016,33.1
786.5,0.014,33.1,0.014,33.1,0.012,33.1,0.015,33.1
787.0,0.014,33.1,0.013,33.1,0.014,33.1,0.013,33.1
787.5,0.013,33.1,0.014,33.1,0.014,33.1,0.014,33.1
788.0,0.012,33.2,0.013,33.2,0.014,33.2,0.015,33.1
788.5,0.012,33.2,0.012,33.2,0.015,33.2,0.012,33.2
789.0,0.012,33.2,0.013,33.2,0.013,33.2,0.011,33.2
789.5,0.012,33.2,0.013,33.2,0.014,33.2,0.012,33.2
790.0,0.012,33.2,0.012,33.2,0.014,33.2,0.012,33.2
790.5,0.011,33.2,0.012,33.2,0.013,33.2,0.011,33.2
791.0,0.010,33.2,0.011,33.2,0.012,33.2,0.011,33.2
791.5,0.010,33.2,0.010,33.2,0.011,33.2,0.010,33.2
792.0,0.009,33.2,0.009,33.2,0.009,33.2,0.008,33.3
792.5,0.008,33.2,0.008,33.2,0.009,33.2,0.008,33.2
793.0,0.008,33.2,0.008,33.2,0.011,33.2,0.007,33.2
793.5,0.007,33.2,0.007,33.2,0.007,33.2,0.008,33.2
794.0,0.006,33.2,0.006,33.3,0.006,33.2,0.006,33.3
794.5,0.004,33.3,0.004,33.3,0.004,33.3,0.003,33.2
795.0,0.002,33.3,0.002,33.2,0.002,33.3,0.003,33.2
795.5,-0.000,33.3,-0.001,33.3,0.001,33.3,0.001,33.3
796.0,-0.002,33.3,-0.001,33.3,-0.002,33.3,-0.001,33.3
796.5,-0.003,33.3,-0.002,33.3,-0.004,33.3,-0.002,33.3
797.0,-0.004,33.3,-0.004,33.3,-0.004,33.3,-0.004,33.3
797.5,-0.006,33.3,-0.005,33.3,-0.005,33.3,-0.006,33.3
798.0,-0.006,33.4,-0.006,33.4,-0.008,33.4,-0.006,33.4
798.5,-0.007,33.4,-0.007,33.4,-0.008,33.4,-0.006,33.4
799.0,-0.008,33.4,-0.006,33.4,-0.009,33.4,-0.008,33.4
799.5,-0.010,33.4,-0.009,33.4,-0.009,33.4,-0.008,33.4
800.0,-0.012,33.4,-0.012,33.4,-0.010,33.4,-0.010,33.4
800.5,-0.014,33.4,-0.013,33.4,-0.014,33.4,-0.012,33.4
801.0,-0.016,33.4,-0.016,33.4,-0.016,33.4,-0.016,33.4
801.5,-0.018,33.4,-0.016,33.5,-0.017,33.4,-0.016,33.4
802.0,-0.018,33.5,-0.018,33.5,-0.017,33.5,-0.018,33.5
802.5,-0.018,33.5,-0.017,33.5,-0.020,33.5,-0.019,33.5
803.0,-0.018,33.5,-0.018,33.5,-0.018,33.5,-0.017,33.5
803.5,-0.017,33.5,-0.016,33.5,-0.016,33.5,-0.016,33.5
804.0,-0.015,33.5,-0.015,33.5,-0.016,33.5,-0.014,33.5
804.5,-0.014,33.5,-0.014,33.5,-0.015,33.5,-0.013,33.5
805.0,-0.014,33.6,-0.013,33.5,-0.013,33.5,-0.013,33.6
805.5,-0.012,33.6,-0.011,33.6,-0.013,33.6,-0.012,33.5
806.0,-0.012,33.6,-0.012,33.6,-0.011,33.5,-0.012,33.5
806.5,-0.012,33.6,-0.011,33.6,-0.012,33.6,-0.011,33.6
807.0,-0.010,33.6,-0.010,33.6,-0.009,33.6,-0.012,33.6
807.5,-0.010,33.6,-0.010,33.6,-0.008,33.5,-0.010,33.6
808.0,-0.008,33.6,-0.009,33.6,-0.008,33.6,-0.010,33.5
808.5,-0.008,33.6,-0.008,33.6,-0.008,33.6,-0.008,33.6
809.0,-0.006,33.6,-0.006,33.6,-0.006,33.6,-0.007,33.6
809.5,-0.006,33.6,-0.007,33.6,-0.005,33.6,-0.007,33.6
810.0,-0.005,33.6,-0.004,33.6,-0.004,33.6,-0.005,33.6
810.5,-0.002,33.6,-0.002,33.6,-0.005,33.6,-0.003,33.6
811.0,-0.002,33.6,-0.002,33.6,-0.002,33.6,-0.002,33.6
811.5,-0.002,33.6,-0.001,33.6,0.002,33.6,-0.002,33.6
812.0,-0.001,33.6,-0.000,33.6,0.000,33.6,-0.001,33.6
812.5,-0.001,33.6,0.000,33.6,0.000,33.6,-0.000,33.6
813.0,0.002,33.6,0.002,33.6,0.002,33.6,0.002,33.6
813.5,0.004,33.6,0.005,33.6,0.003,33.7,0.004,33.6
814.0,0.006,33.6,0.005,33.6,0.006,33.6,0.006,33.6
814.5,0.007,33.6,0.006,33.6,0.006,33.6,0.007,33.6
815.0,0.009,33.6,0.011,33.6,0.009,33.6,0.010,33.6
815.5,0.011,33.6,0.012,33.6,0.010,33.6,0.011,33.6
816.0,0.012,33.6,0.013,33.6,0.011,33.6,0.012,33.6
816.5,0.014,33.6,0.014,33.5,0.014,33.6,0.013,33.5
817.0,0.014,33.5,0.013,33.5,0.013,33.5,0.015,33.6
817.5,0.015,33.5,0.015,33.5,0.015,33.5,0.015,33.5
818.0,0.016,33.5,0.017,33.5,0.018,33.5,0.016,33.6
818.5,0.017,33.5,0.018,33.5,0.018,33.5,0.017,33.5
819.0,0.018,33.5,0.019,33.5,0.019,33.5,0.019,33.5
819.5,0.020,33.5,0.020,33.5,0.019,33.5,0.020,33.5
820.0,0.021,33.5,0.022,33.5,0.020,33.4,0.022,33.5
820.5,0.022,33.5,0.023,33.5,0.022,33.5,0.024,33.5
821.0,0.023,33.4,0.022,33.4,0.023,33.5,0.023,33.4
821.5,0.024,33.4,0.024,33.4,0.024,33.5,0.024,33.4
822.0,0.027,33.4,0.027,33.4,0.026,33.4,0.026,33.4
822.5,0.028,33.4,0.028,33.4,0.029,33.4,0.029,33.4
823.0,0.028,33.4,0.027,33.3,0.029,33.4,0.028,33.4
823.5,0.028,33.4,0.028,33.4,0.028,33.3,0.028,33.4
824.0,0.028,33.3,0.029,33.3,0.027,33.3,0.029,33.3
824.5,0.028,33.3,0.029,33.3,0.030,33.3,0.031,33.3
825.0,0.028,33.3,0.028,33.3,0.029,33.3,0.030,33.3
825.5,0.029,33.3,0.029,33.3,0.030,33.3,0.028,33.3
826.0,0.028,33.3,0.029,33.2,0.029,33.3,0.029,33.3
826.5,0.028,33.3,0.029,33.3,0.027,33.3,0.030,33.3
827.0,0.028,33.2,0.029,33.2,0.028,33.3,0.029,33.2
827.5,0.028,33.2,0.028,33.2,0.028,33.2,0.028,33.2
828.0,0.030,33.2,0.029,33.2,0.030,33.2,0.029,33.2
828.5,0.030,33.2,0.030,33.2,0.031,33.2,0.030,33.2
829.0,0.031,33.2,0.031,33.2,0.031,33.2,0.031,33.2
829.5,0.032,33.2,0.033,33.2,0.031,33.2,0.031,33.2
830.0,0.032,33.2,0.032,33.2,0.033,33.2,0.031,33.2
830.5,0.034,33.2,0.033,33.2,0.034,33.2,0.034,33.2
831.0,0.034,33.1,0.036,33.1,0.035,33.1,0.035,33.2
831.5,0.035,33.2,0.037,33.1,0.037,33.1,0.035,33.1
832.0,0.036,33.1,0.034,33.1,0.035,33.1,0.036,33.1
832.5,0.036,33.1,0.036,33.1,0.034,33.1,0.036,33.0
833.0,0.036,33.1,0.037,33.1,0.037,33.1,0.037,33.1
833.5,0.036,33.1,0.037,33.1,0.036,33.0,0.036,33.1
834.0,0.036,33.0,0.036,33.1,0.037,33.1,0.035,33.1
834.5,0.036,33.0,0.037,33.0,0.037,33.0,0.037,33.0
835.0,0.036,33.0,0.035,33.0,0.036,33.0,0.036,33.1
835.5,0.034,33.0,0.036,33.0,0.036,33.0,0.034,33.0
836.0,0.034,33.0,0.034,33.0,0.034,33.0,0.033,33.0
836.5,0.034,33.0,0.033,33.0,0.034,33.0,0.034,33.0
837.0,0.033,33.0,0.033,33.0,0.031,33.0,0.034,33.0
837.5,0.033,33.0,0.033,33.0,0.034,32.9,0.033,33.0
838.0,0.033,33.0,0.033,33.0,0.033,33.0,0.033,33.0
838.5,0.034,33.0,0.035,33.0,0.032,33.0,0.034,33.0
839.0,0.034,33.0,0.032,33.0,0.034,33.0,0.034,33.0
839.5,0.034,33.0,0.034,33.0,0.033,33.0,0.035,33.0
840.0,0.034,33.0,0.034,33.0,0.035,33.0,0.037,33.0
840.5,0.034,33.0,0.035,33.0,0.035,33.0,0.034,33.0
841.0,0.034,33.0,0.035,33.0,0.034,33.0,0.034,32.9
841.5,0.034,33.0,0.035,33.0,0.034,33.0,0.034,33.0
842.0,0.034,33.0,0.034,33.0,0.034,33.0,0.034,33.0
842.5,0.034,32.9,0.034,33.0,0.034,33.0,0.032,33.0
843.0,0.034,32.9,0.034,32.9,0.035,32.9,0.033,32.9
843.5,0.034,33.0,0.033,33.0,0.036,32.9,0.034,33.0
844.0,0.034,32.9,0.034,32.9,0.034,32.9,0.034,33.0
844.5,0.034,32.9,0.033,32.9,0.032,32.9,0.033,32.9
845.0,0.032,32.9,0.033,32.9,0.033,32.9,0.034,32.9
845.5,0.031,32.9,0.032,32.9,0.033,32.9,0.033,32.9
846.0,0.030,32.9,0.032,32.9,0.030,32.9,0.032,32.9
846.5,0.030,32.9,0.031,32.9,0.030,32.9,0.032,32.9
847.0,0.030,32.9,0.031,32.9,0.030,32.9,0.031,32.9
847.5,0.030,32.9,0.031,32.9,0.031,32.9,0.031,32.9
848.0,0.031,32.9,0.032,32.9,0.031,32.9,0.031,33.0
848.5,0.032,32.9,0.032,32.9,0.034,32.9,0.030,33.0
849.0,0.032,32.9,0.032,32.9,0.033,32.9,0.032,32.9
849.5,0.032,32.9,0.032,32.9,0.032,32.9,0.033,32.9
850.0,0.032,32.9,0.032,32.9,0.031,32.9,0.033,32.9
850.5,0.032,32.9,0.032,32.9,0.031,32.9,0.032,32.9
851.0,0.032,32.9,0.033,32.9,0.032,32.9,0.031,32.9
851.5,0.032,32.9,0.032,32.9,0.031,32.9,0.031,32.9
852.0,0.030,32.9,0.032,32.9,0.031,32.9,0.032,32.8
852.5,0.030,32.9,0.031,32.9,0.031,32.9,0.030,32.9
853.0,0.030,32.9,0.029,32.9,0.029,32.9,0.030,32.9
853.5,0.029,32.9,0.029,32.9,0.030,32.9,0.029,32.9
854.0,0.028,32.9,0.028,32.9,0.029,32.9,0.027,32.9
854.5,0.027,32.9,0.028,32.9,0.028,32.9,0.026,32.9
855.0,0.026,32.9,0.026,32.9,0.026,32.9,0.026,32.9
855.5,0.026,32.9,0.025,32.9,0.027,33.0,0.026,32.9
856.0,0.024,32.9,0.025,32.9,0.025,32.9,0.025,32.9
856.5,0.024,32.9,0.025,32.9,0.025,32.9,0.028,32.9
857.0,0.024,32.9,0.025,33.0,0.025,32.9,0.025,32.9
857.5,0.024,32.9,0.025,32.9,0.024,32.9,0.024,32.9
858.0,0.024,32.9,0.024,32.9,0.023,33.0,0.024,33.0
858.5,0.024,32.9,0.023,32.9,0.022,32.9,0.023,32.9
859.0,0.024,32.9,0.023,32.9,0.022,33.0,0.024,33.0
859.5,0.022,33.0,0.023,33.0,0.024,33.0,0.023,33.0
860.0,0.022,32.9,0.022,33.0,0.024,33.0,0.023,32.9
860.5,0.022,32.9,0.021,32.9,0.023,32.9,0.024,32.9
861.0,0.022,32.9,0.023,32.9,0.023,32.9,0.024,32.9
861.5,0.022,32.9,0.022,32.9,0.022,32.9,0.024,32.9
862.0,0.021,32.9,0.022,33.0,0.021,33.0,0.023,33.0
862.5,0.020,33.0,0.020,33.0,0.020,33.0,0.020,32.9
863.0,0.020,33.0,0.020,33.0,0.020,33.0,0.020,33.0
863.5,0.020,33.0,0.019,33.0,0.021,33.0,0.020,33.0
864.0,0.018,33.0,0.018,33.0,0.018,33.0,0.020,33.0
864.5,0.018,33.0,0.018,33.0,0.018,33.0,0.019,33.0
865.0,0.018,33.0,0.018,33.0,0.019,33.0,0.019,33.0
865.5,0.017,33.0,0.017,33.0,0.017,33.0,0.017,33.0
866.0,0.017,33.0,0.016,33.0,0.016,33.0,0.018,33.0
866.5,0.017,33.0,0.017,33.0,0.016,33.0,0.017,33.0
867.0,0.017,33.0,0.016,33.0,0.017,33.0,0.016,33.0
867.5,0.017,33.0,0.017,33.0,0.017,33.0,0.017,33.0
868.0,0.016,33.0,0.017,33.0,0.018,33.0,0.016,33.0
868.5,0.016,33.0,0.016,33.0,0.017,33.0,0.014,33.0
869.0,0.016,33.0,0.017,33.1,0.017,33.1,0.016,33.0
869.5,0.016,33.0,0.016,33.1,0.017,33.1,0.015,33.0
870.0,0.016,33.0,0.016,33.0,0.018,33.1,0.015,33.0
870.5,0.016,33.0,0.016,33.0,0.015,33.1,0.014,33.0
871.0,0.015,33.0,0.015,33.0,0.015,33.1,0.014,33.0
871.5,0.014,33.0,0.014,33.0,0.014,33.0,0.014,33.0
872.0,0.014,33.1,0.014,33.1,0.015,33.0,0.013,33.1
872.5,0.014,33.1,0.014,33.1,0.013,33.1,0.014,33.1
873.0,0.012,33.1,0.013,33.0,0.012,33.1,0.011,33.1
873.5,0.012,33.1,0.011,33.0,0.013,33.0,0.011,33.1
874.0,0.010,33.1,0.010,33.1,0.010,33.1,0.011,33.1
874.5,0.010,33.1,0.010,33.1,0.010,33.1,0.009,33.1
875.0,0.008,33.1,0.009,33.1,0.008,33.1,0.009,33.1
875.5,0.008,33.1,0.009,33.1,0.008,33.1,0.009,33.1
876.0,0.008,33.1,0.009,33.1,0.008,33.1,0.008,33.1
876.5,0.006,33.1,0.006,33.1,0.008,33.1,0.008,33.1
877.0,0.005,33.1,0.005,33.1,0.007,33.2,0.007,33.2
877.5,0.004,33.1,0.004,33.1,0.005,33.1,0.005,33.1
878.0,0.002,33.1,0.002,33.1,0.003,33.1,0.002,33.1
878.5,-0.001,33.2,0.000,33.2,0.000,33.1,-0.001,33.1
879.0,-0.002,33.2,-0.002,33.2,-0.002,33.2,-0.002,33.1
879.5,-0.003,33.2,-0.003,33.2,-0.002,33.2,-0.002,33.1
880.0,-0.005,33.2,-0.004,33.2,-0.003,33.2,-0.004,33.2
880.5,-0.006,33.2,-0.006,33.2,-0.005,33.2,-0.007,33.2
881.0,-0.007,33.2,-0.007,33.2,-0.006,33.2,-0.006,33.2
881.5,-0.008,33.2,-0.009,33.2,-0.007,33.2,-0.008,33.2
882.0,-0.009,33.2,-0.008,33.2,-0.009,33.2,-0.008,33.2
882.5,-0.010,33.3,-0.010,33.2,-0.010,33.2,-0.008,33.2
883.0,-0.012,33.3,-0.011,33.3,-0.009,33.3,-0.011,33.3
883.5,-0.012,33.3,-0.013,33.3,-0.014,33.3,-0.011,33.3
884.0,-0.013,33.3,-0.013,33.3,-0.014,33.3,-0.012,33.3
884.5,-0.014,33.3,-0.014,33.3,-0.014,33.3,-0.014,33.3
885.0,-0.016,33.3,-0.016,33.3,-0.014,33.3,-0.015,33.3
885.5,-0.016,33.3,-0.015,33.3,-0.017,33.3,-0.017,33.3
886.0,-0.016,33.3,-0.017,33.3,-0.015,33.4,-0.017,33.3
886.5,-0.018,33.4,-0.018,33.4,-0.016,33.3,-0.017,33.3
887.0,-0.018,33.4,-0.017,33.4,-0.017,33.3,-0.017,33.3
887.5,-0.017,33.4,-0.017,33.3,-0.017,33.4,-0.017,33.4
888.0,-0.014,33.4,-0.015,33.4,-0.014,33.4,-0.016,33.4
888.5,-0.014,33.4,-0.014,33.4,-0.013,33.4,-0.015,33.4
889.0,-0.014,33.4,-0.014,33.4,-0.012,33.3,-0.014,33.4
889.5,-0.013,33.4,-0.013,33.4,-0.011,33.4,-0.012,33.3
890.0,-0.012,33.4,-0.013,33.4,-0.012,33.4,-0.012,33.3
890.5,-0.010,33.4,-0.011,33.4,-0.011,33.4,-0.009,33.4
891.0,-0.010,33.4,-0.009,33.4,-0.008,33.4,-0.010,33.4
891.5,-0.009,33.4,-0.008,33.4,-0.008,33.4,-0.009,33.4
892.0,-0.008,33.4,-0.008,33.4,-0.008,33.4,-0.008,33.4
892.5,-0.006,33.4,-0.007,33.4,-0.007,33.4,-0.007,33.4
893.0,-0.006,33.4,-0.005,33.4,-0.005,33.4,-0.006,33.4
893.5,-0.005,33.4,-0.006,33.4,-0.006,33.4,-0.005,33.4
894.0,-0.004,33.4,-0.004,33.4,-0.005,33.4,-0.005,33.4
894.5,-0.003,33.4,-0.002,33.4,-0.003,33.4,-0.003,33.4
895.0,-0.002,33.4,-0.002,33.4,-0.002,33.4,-0.003,33.4
895.5,-0.002,33.4,-0.001,33.4,-0.002,33.4,-0.003,33.4
896.0,-0.002,33.4,-0.001,33.4,-0.002,33.4,-0.002,33.4
896.5,-0.000,33.4,0.000,33.4,-0.002,33.4,0.000,33.4
897.0,0.003,33.4,0.004,33.4,0.003,33.4,0.003,33.4
897.5,0.005,33.4,0.005,33.4,0.003,33.4,0.004,33.4
898.0,0.007,33.4,0.008,33.4,0.007,33.4,0.007,33.4
898.5,0.009,33.4,0.010,33.4,0.007,33.4,0.009,33.3
899.0,0.010,33.4,0.011,33.4,0.010,33.4,0.010,33.4
899.5,0.012,33.3,0.011,33.3,0.010,33.3,0.011,33.3
900.0,0.013,33.3,0.013,33.4,0.013,33.3,0.014,33.3
900.5,0.014,33.3,0.014,33.3,0.014,33.3,0.014,33.2
901.0,0.015,33.3,0.016,33.3,0.014,33.3,0.014,33.2
901.5,0.016,33.3,0.016,33.3,0.016,33.3,0.014,33.2
902.0,0.016,33.3,0.015,33.3,0.015,33.3,0.016,33.3
902.5,0.016,33.3,0.017,33.3,0.017,33.3,0.016,33.3
903.0,0.017,33.3,0.016,33.3,0.017,33.3,0.017,33.3
903.5,0.018,33.3,0.018,33.3,0.016,33.2,0.018,33.3
904.0,0.020,33.3,0.020,33.3,0.020,33.2,0.018,33.3
904.5,0.020,33.2,0.020,33.2,0.020,33.2,0.020,33.3
905.0,0.021,33.2,0.021,33.2,0.020,33.2,0.020,33.3
905.5,0.022,33.2,0.021,33.2,0.021,33.2,0.021,33.2
906.0,0.023,33.2,0.023,33.2,0.022,33.2,0.025,33.2
906.5,0.024,33.2,0.024,33.2,0.023,33.2,0.023,33.2
907.0,0.024,33.1,0.025,33.1,0.026,33.1,0.024,33.2
907.5,0.025,33.1,0.027,33.1,0.026,33.1,0.025,33.2
908.0,0.026,33.1,0.027,33.1,0.026,33.1,0.024,33.1
908.5,0.026,33.1,0.026,33.1,0.024,33.1,0.025,33.1
909.0,0.026,33.1,0.027,33.1,0.026,33.1,0.028,33.1
909.5,0.027,33.1,0.028,33.1,0.027,33.0,0.027,33.1
910.0,0.027,33.1,0.028,33.1,0.027,33.1,0.027,33.1
910.5,0.026,33.0,0.027,33.0,0.028,33.0,0.028,33.0
911.0,0.026,33.0,0.026,33.0,0.026,33.0,0.028,33.0
911.5,0.027,33.0,0.027,33.0,0.027,33.0,0.027,33.0
912.0,0.028,33.0,0.027,33.0,0.028,33.0,0.026,33.0
912.5,0.028,33.0,0.028,33.0,0.028,33.0,0.026,33.0
913.0,0.028,33.0,0.028,33.0,0.028,33.0,0.027,33.0
913.5,0.030,33.0,0.031,33.0,0.030,33.0,0.030,32.9
914.0,0.031,33.0,0.033,33.0,0.032,33.0,0.032,32.9
914.5,0.032,32.9,0.033,32.9,0.031,32.9,0.032,33.0
915.0,0.033,32.9,0.034,32.9,0.034,32.9,0.033,32.9
915.5,0.034,32.9,0.034,32.9,0.036,32.9,0.036,32.9
916.0,0.034,32.9,0.034,32.9,0.034,32.9,0.034,32.9
916.5,0.035,32.9,0.035,32.8,0.036,32.9,0.033,32.9
917.0,0.036,32.9,0.036,32.9,0.035,32.8,0.035,32.8
917.5,0.036,32.8,0.037,32.9,0.034,32.8,0.037,32.9
918.0,0.036,32.8,0.036,32.8,0.035,32.8,0.038,32.8
918.5,0.036,32.8,0.035,32.8,0.035,32.8,0.036,32.8
919.0,0.036,32.8,0.035,32.8,0.035,32.8,0.035,32.8
919.5,0.034,32.8,0.036,32.8,0.036,32.8,0.035,32.8
920.0,0.034,32.8,0.034,32.8,0.035,32.8,0.035,32.7
920.5,0.034,32.8,0.035,32.7,0.035,32.8,0.034,32.7
921.0,0.034,32.8,0.033,32.7,0.034,32.8,0.033,32.7
921.5,0.034,32.8,0.033,32.8,0.033,32.8,0.034,32.8
922.0,0.033,32.8,0.034,32.7,0.032,32.8,0.033,32.7
922.5,0.033,32.7,0.033,32.8,0.033,32.7,0.035,32.7
923.0,0.033,32.7,0.034,32.7,0.035,32.7,0.033,32.7
923.5,0.034,32.7,0.034,32.7,0.034,32.7,0.034,32.7
924.0,0.034,32.7,0.035,32.7,0.036,32.7,0.035,32.7
924.5,0.034,32.7,0.036,32.7,0.036,32.7,0.036,32.7
925.0,0.036,32.7,0.036,32.7,0.035,32.7,0.035,32.7
925.5,0.035,32.7,0.037,32.7,0.034,32.7,0.036,32.7
926.0,0.035,32.7,0.036,32.7,0.035,32.7,0.035,32.7
926.5,0.035,32.7,0.036,32.7,0.036,32.6,0.036,32.7
927.0,0.034,32.7,0.035,32.7,0.035,32.7,0.036,32.7
927.5,0.034,32.7,0.034,32.7,0.034,32.7,0.035,32.7
928.0,0.034,32.7,0.035,32.7,0.034,32.7,0.036,32.7
928.5,0.034,32.7,0.034,32.7,0.033,32.7,0.034,32.7
929.0,0.032,32.7,0.033,32.7,0.034,32.7,0.033,32.7
929.5,0.032,32.6,0.032,32.6,0.032,32.7,0.034,32.6
930.0,0.032,32.6,0.032,32.6,0.031,32.6,0.033,32.7
930.5,0.032,32.6,0.031,32.6,0.031,32.6,0.032,32.7
931.0,0.030,32.6,0.031,32.6,0.032,32.6,0.033,32.6
931.5,0.030,32.6,0.031,32.6,0.032,32.6,0.031,32.6
932.0,0.030,32.6,0.031,32.6,0.031,32.6,0.030,32.6
932.5,0.030,32.6,0.030,32.6,0.030,32.6,0.031,32.6
933.0,0.030,32.6,0.030,32.6,0.030,32.7,0.031,32.6
933.5,0.030,32.6,0.031,32.6,0.030,32.7,0.031,32.6
934.0,0.030,32.6,0.031,32.6,0.030,32.7,0.031,32.6
934.5,0.030,32.6,0.029,32.6,0.029,32.7,0.029,32.6
935.0,0.030,32.6,0.029,32.6,0.029,32.6,0.029,32.6
935.5,0.030,32.6,0.029,32.6,0.030,32.6,0.031,32.6
936.0,0.030,32.6,0.029,32.6,0.032,32.7,0.030,32.6
936.5,0.029,32.6,0.029,32.6,0.030,32.6,0.028,32.6
937.0,0.028,32.6,0.028,32.6,0.028,32.6,0.028,32.6
937.5,0.028,32.6,0.028,32.6,0.028,32.6,0.028,32.6
938.0,0.028,32.6,0.028,32.6,0.028,32.6,0.027,32.6
938.5,0.027,32.6,0.027,32.6,0.028,32.6,0.027,32.6
939.0,0.026,32.6,0.026,32.6,0.026,32.6,0.027,32.6
939.5,0.026,32.6,0.026,32.6,0.026,32.6,0.026,32.6
940.0,0.024,32.6,0.025,32.6,0.025,32.6,0.026,32.6
940.5,0.024,32.6,0.024,32.6,0.024,32.6,0.026,32.6
941.0,0.024,32.6,0.024,32.6,0.026,32.6,0.025,32.6
941.5,0.024,32.6,0.024,32.6,0.026,32.6,0.026,32.6
942.0,0.024,32.6,0.024,32.6,0.025,32.7,0.025,32.6
942.5,0.024,32.6,0.023,32.6,0.025,32.6,0.024,32.6
943.0,0.024,32.6,0.024,32.6,0.024,32.6,0.023,32.6
943.5,0.023,32.6,0.023,32.6,0.024,32.7,0.022,32.6
944.0,0.022,32.6,0.022,32.6,0.022,32.7,0.023,32.6
944.5,0.022,32.6,0.023,32.6,0.022,32.6,0.024,32.6
945.0,0.022,32.6,0.023,32.6,0.023,32.6,0.023,32.7
945.5,0.022,32.6,0.023,32.7,0.024,32.7,0.022,32.7
946.0,0.022,32.7,0.022,32.7,0.021,32.6,0.022,32.7
946.5,0.021,32.7,0.020,32.7,0.022,32.7,0.023,32.6
947.0,0.020,32.7,0.021,32.6,0.020,32.7,0.024,32.6
947.5,0.020,32.7,0.020,32.7,0.021,32.7,0.024,32.6
948.0,0.020,32.7,0.020,32.7,0.021,32.7,0.021,32.6
948.5,0.019,32.6,0.019,32.7,0.020,32.7,0.017,32.7
949.0,0.018,32.7,0.018,32.7,0.019,32.7,0.016,32.7
949.5,0.018,32.6,0.018,32.7,0.017,32.7,0.018,32.6
950.0,0.017,32.7,0.017,32.7,0.017,32.7,0.018,32.7
950.5,0.017,32.7,0.018,32.7,0.017,32.7,0.017,32.7
951.0,0.016,32.7,0.018,32.7,0.016,32.7,0.018,32.7
951.5,0.016,32.7,0.017,32.7,0.016,32.7,0.016,32.7
952.0,0.016,32.7,0.017,32.7,0.016,32.7,0.018,32.7
952.5,0.016,32.7,0.017,32.7,0.017,32.7,0.017,32.7
953.0,0.016,32.7,0.017,32.7,0.018,32.7,0.018,32.7
953.5,0.016,32.7,0.016,32.7,0.016,32.7,0.017,32.7
954.0,0.016,32.7,0.016,32.7,0.015,32.7,0.017,32.7
954.5,0.015,32.7,0.017,32.8,0.016,32.7,0.015,32.7
955.0,0.014,32.7,0.015,32.7,0.014,32.7,0.015,32.7
955.5,0.014,32.7,0.014,32.7,0.015,32.7,0.016,32.7
956.0,0.014,32.7,0.013,32.7,0.015,32.8,0.014,32.7
956.5,0.014,32.7,0.013,32.7,0.016,32.8,0.014,32.7
957.0,0.013,32.8,0.013,32.8,0.016,32.8,0.012,32.8
957.5,0.012,32.7,0.015,32.7,0.013,32.7,0.012,32.7
958.0,0.012,32.7,0.012,32.7,0.013,32.7,0.012,32.7
958.5,0.010,32.7,0.010,32.7,0.010,32.7,0.011,32.7
959.0,0.009,32.8,0.008,32.8,0.009,32.7,0.009,32.7
959.5,0.008,32.8,0.008,32.7,0.008,32.8,0.008,32.7
960.0,0.007,32.8,0.008,32.8,0.008,32.8,0.008,32.8
960.5,0.006,32.8,0.007,32.8,0.007,32.8,0.008,32.8
961.0,0.005,32.8,0.006,32.8,0.004,32.8,0.007,32.8
961.5,0.004,32.8,0.005,32.8,0.004,32.8,0.006,32.8
962.0,0.002,32.8,0.004,32.8,0.005,32.8,0.004,32.8
962.5,0.001,32.8,0.002,32.8,0.002,32.8,0.002,32.8
963.0,-0.001,32.8,0.000,32.8,0.000,32.8,0.001,32.8
963.5,-0.002,32.8,-0.003,32.8,-0.002,32.9,-0.001,32.8
964.0,-0.005,32.9,-0.004,32.8,-0.006,32.9,-0.004,32.8
964.5,-0.007,32.9,-0.006,32.8,-0.006,32.8,-0.006,32.9
965.0,-0.008,32.9,-0.008,32.9,-0.009,32.9,-0.008,32.9
965.5,-0.010,32.9,-0.009,32.9,-0.009,32.9,-0.008,32.8
966.0,-0.011,32.9,-0.011,32.9,-0.011,32.9,-0.011,32.9
966.5,-0.012,32.9,-0.012,33.0,-0.010,32.9,-0.011,32.9
967.0,-0.012,32.9,-0.011,33.0,-0.011,32.9,-0.013,32.9
967.5,-0.013,33.0,-0.012,32.9,-0.012,32.9,-0.014,33.0
968.0,-0.014,32.9,-0.014,32.9,-0.014,32.9,-0.014,32.9
968.5,-0.016,33.0,-0.016,33.0,-0.016,33.0,-0.013,32.9
969.0,-0.018,33.0,-0.018,33.0,-0.016,33.0,-0.016,32.9
969.5,-0.020,33.0,-0.020,33.0,-0.019,33.0,-0.020,33.0
970.0,-0.022,33.0,-0.021,33.0,-0.020,33.0,-0.021,33.0
970.5,-0.022,33.0,-0.022,33.0,-0.021,33.0,-0.021,33.0
971.0,-0.022,33.0,-0.023,33.0,-0.023,33.0,-0.023,33.0
971.5,-0.023,33.0,-0.024,33.0,-0.023,33.1,-0.023,33.0
972.0,-0.022,33.1,-0.022,33.1,-0.023,33.1,-0.024,33.1
972.5,-0.022,33.1,-0.022,33.1,-0.022,33.1,-0.023,33.1
973.0,-0.020,33.1,-0.019,33.1,-0.024,33.1,-0.022,33.1
973.5,-0.020,33.1,-0.019,33.1,-0.019,33.1,-0.021,33.1
974.0,-0.019,33.1,-0.019,33.1,-0.020,33.1,-0.020,33.1
974.5,-0.018,33.1,-0.018,33.1,-0.018,33.1,-0.019,33.1
975.0,-0.016,33.1,-0.017,33.1,-0.018,33.0,-0.016,33.1
975.5,-0.014,33.1,-0.015,33.1,-0.014,33.1,-0.015,33.1
976.0,-0.012,33.1,-0.011,33.1,-0.011,33.1,-0.012,33.1
976.5,-0.010,33.1,-0.010,33.1,-0.008,33.1,-0.011,33.0
977.0,-0.008,33.1,-0.009,33.1,-0.009,33.1,-0.008,33.1
977.5,-0.008,33.1,-0.007,33.1,-0.007,33.1,-0.007,33.1
978.0,-0.007,33.1,-0.006,33.1,-0.007,33.1,-0.008,33.1
978.5,-0.006,33.1,-0.007,33.1,-0.006,33.1,-0.008,33.1
979.0,-0.005,33.1,-0.005,33.1,-0.004,33.1,-0.005,33.1
979.5,-0.003,33.1,-0.004,33.1,-0.004,33.1,-0.003,33.1
980.0,-0.002,33.1,-0.002,33.1,-0.001,33.1,-0.002,33.1
980.5,0.001,33.1,0.001,33.1,0.001,33.1,0.001,33.1
981.0,0.003,33.1,0.004,33.1,0.004,33.1,0.004,33.1
981.5,0.005,33.1,0.006,33.1,0.007,33.1,0.005,33.1
982.0,0.007,33.1,0.008,33.1,0.007,33.1,0.007,33.1
982.5,0.009,33.1,0.009,33.1,0.010,33.1,0.009,33.1
983.0,0.011,33.1,0.012,33.1,0.011,33.1,0.011,33.1
983.5,0.012,33.1,0.012,33.1,0.011,33.1,0.011,33.1
984.0,0.014,33.0,0.013,33.0,0.013,33.1,0.013,33.0
984.5,0.015,33.0,0.014,33.0,0.014,33.0,0.014,33.0
985.0,0.016,33.0,0.018,33.0,0.017,33.0,0.018,33.0
985.5,0.018,33.0,0.018,33.0,0.018,33.0,0.018,33.0
986.0,0.018,33.0,0.018,33.0,0.019,33.0,0.018,33.0
986.5,0.019,32.9,0.019,32.9,0.018,32.9,0.020,33.0
987.0,0.020,32.9,0.019,32.9,0.018,32.9,0.019,32.9
987.5,0.020,32.9,0.021,32.9,0.020,32.9,0.019,32.9
988.0,0.021,32.9,0.021,32.9,0.021,32.9,0.020,32.9
988.5,0.022,32.9,0.023,32.9,0.021,32.9,0.022,32.9
989.0,0.024,32.9,0.023,32.9,0.021,32.8,0.023,32.8
989.5,0.024,32.8,0.025,32.8,0.024,32.8,0.022,32.9
990.0,0.026,32.8,0.027,32.8,0.026,32.8,0.025,32.8
990.5,0.026,32.8,0.027,32.8,0.028,32.8,0.026,32.8
991.0,0.027,32.8,0.028,32.8,0.028,32.8,0.026,32.8
991.5,0.028,32.8,0.028,32.8,0.029,32.8,0.028,32.8
992.0,0.028,32.7,0.030,32.7,0.029,32.7,0.029,32.7
992.5,0.029,32.7,0.029,32.7,0.031,32.6,0.029,32.7
993.0,0.030,32.7,0.030,32.7,0.030,32.7,0.029,32.7
993.5,0.030,32.7,0.032,32.7,0.030,32.7,0.030,32.7
994.0,0.031,32.7,0.030,32.7,0.030,32.7,0.032,32.7
994.5,0.031,32.6,0.031,32.6,0.032,32.6,0.032,32.7
995.0,0.032,32.6,0.031,32.6,0.031,32.6,0.034,32.7
995.5,0.032,32.6,0.032,32.6,0.032,32.6,0.031,32.6
996.0,0.031,32.6,0.032,32.6,0.032,32.6,0.030,32.5
996.5,0.030,32.6,0.031,32.6,0.031,32.5,0.030,32.6
997.0,0.030,32.6,0.029,32.6,0.028,32.5,0.030,32.6
997.5,0.030,32.6,0.030,32.6,0.028,32.6,0.032,32.5
998.0,0.030,32.5,0.031,32.5,0.030,32.5,0.030,32.5
998.5,0.032,32.5,0.032,32.5,0.031,32.5,0.028,32.6
999.0,0.032,32.5,0.032,32.5,0.032,32.6,0.029,32.5
999.5,0.033,32.5,0.033,32.5,0.034,32.5,0.032,32.5
1000.0,0.034,32.5,0.034,32.5,0.036,32.5,0.034,32.5
1000.5,0.034,32.5,0.033,32.5,0.035,32.5,0.034,32.5
1001.0,0.035,32.5,0.035,32.5,0.034,32.5,0.036,32.5
1001.5,0.036,32.5,0.036,32.5,0.035,32.4,0.035,32.5
1002.0,0.036,32.5,0.036,32.5,0.035,32.5,0.035,32.5
1002.5,0.036,32.4,0.036,32.4,0.036,32.4,0.035,32.4
1003.0,0.036,32.4,0.036,32.4,0.036,32.4,0.036,32.4
1003.5,0.036,32.4,0.035,32.4,0.036,32.5,0.035,32.4
1004.0,0.034,32.4,0.036,32.4,0.035,32.4,0.035,32.4
1004.5,0.034,32.4,0.034,32.4,0.036,32.4,0.034,32.4
1005.0,0.034,32.4,0.034,32.4,0.036,32.4,0.035,32.4
1005.5,0.033,32.4,0.032,32.4,0.034,32.4,0.034,32.4
1006.0,0.032,32.4,0.031,32.4,0.034,32.3,0.032,32.4
1006.5,0.032,32.4,0.032,32.3,0.032,32.4,0.030,32.4
1007.0,0.032,32.4,0.033,32.3,0.032,32.4,0.030,32.4
1007.5,0.032,32.4,0.032,32.4,0.032,32.4,0.031,32.4
1008.0,0.033,32.4,0.032,32.4,0.034,32.3,0.032,32.4
1008.5,0.034,32.4,0.034,32.3,0.035,32.4,0.032,32.4
1009.0,0.034,32.3,0.034,32.3,0.035,32.4,0.034,32.3
1009.5,0.034,32.3,0.034,32.4,0.036,32.3,0.034,32.3
1010.0,0.034,32.3,0.035,32.3,0.036,32.3,0.035,32.3
1010.5,0.034,32.3,0.035,32.3,0.034,32.3,0.035,32.3
1011.0,0.034,32.3,0.035,32.3,0.033,32.3,0.035,32.3
1011.5,0.034,32.3,0.035,32.3,0.034,32.3,0.036,32.3
1012.0,0.034,32.3,0.035,32.3,0.032,32.3,0.033,32.3
1012.5,0.033,32.3,0.034,32.3,0.032,32.3,0.035,32.3
1013.0,0.032,32.3,0.032,32.3,0.031,32.3,0.032,32.3
1013.5,0.032,32.3,0.032,32.3,0.031,32.3,0.031,32.3
1014.0,0.031,32.3,0.031,32.3,0.031,32.3,0.029,32.3
1014.5,0.030,32.3,0.031,32.3,0.031,32.3,0.031,32.2
1015.0,0.030,32.3,0.031,32.3,0.030,32.2,0.030,32.2
1015.5,0.030,32.3,0.028,32.3,0.028,32.2,0.028,32.3
1016.0,0.029,32.3,0.028,32.3,0.029,32.2,0.028,32.3
1016.5,0.029,32.3,0.029,32.3,0.029,32.3,0.031,32.3
1017.0,0.029,32.3,0.029,32.2,0.029,32.3,0.029,32.3
1017.5,0.029,32.3,0.029,32.3,0.028,32.3,0.029,32.3
1018.0,0.029,32.3,0.031,32.3,0.031,32.3,0.029,32.3
1018.5,0.029,32.3,0.029,32.3,0.030,32.3,0.028,32.3
1019.0,0.029,32.2,0.029,32.3,0.030,32.3,0.029,32.3
1019.5,0.029,32.3,0.029,32.3,0.030,32.2,0.029,32.3
1020.0,0.028,32.3,0.029,32.3,0.030,32.3,0.030,32.3
1020.5,0.028,32.3,0.028,32.3,0.030,32.2,0.030,32.3
1021.0,0.028,32.3,0.028,32.3,0.028,32.3,0.028,32.3
1021.5,0.028,32.3,0.028,32.2,0.027,32.3,0.029,32.3
1022.0,0.027,32.2,0.028,32.2,0.029,32.2,0.026,32.2
1022.5,0.026,32.3,0.028,32.2,0.026,32.2,0.026,32.2
1023.0,0.026,32.3,0.027,32.3,0.026,32.2,0.026,32.3
1023.5,0.026,32.3,0.025,32.3,0.026,32.3,0.027,32.3
1024.0,0.024,32.3,0.024,32.3,0.026,32.3,0.026,32.3
1024.5,0.024,32.3,0.025,32.2,0.025,32.3,0.025,32.2
1025.0,0.024,32.2,0.024,32.2,0.025,32.3,0.024,32.3
1025.5,0.022,32.3,0.024,32.2,0.023,32.3,0.024,32.3
1026.0,0.022,32.3,0.022,32.3,0.022,32.3,0.022,32.3
1026.5,0.022,32.3,0.022,32.2,0.022,32.3,0.022,32.3
1027.0,0.022,32.3,0.023,32.3,0.022,32.2,0.022,32.3
1027.5,0.022,32.3,0.022,32.3,0.021,32.3,0.022,32.3
1028.0,0.021,32.3,0.022,32.3,0.022,32.3,0.020,32.3
1028.5,0.021,32.3,0.020,32.3,0.021,32.3,0.020,32.3
1029.0,0.020,32.3,0.020,32.3,0.022,32.3,0.020,32.3
1029.5,0.020,32.3,0.020,32.3,0.021,32.3,0.019,32.3
1030.0,0.020,32.3,0.020,32.3,0.018,32.3,0.019,32.3
1030.5,0.020,32.3,0.021,32.3,0.019,32.3,0.020,32.3
1031.0,0.020,32.3,0.020,32.3,0.018,32.3,0.020,32.3
1031.5,0.019,32.3,0.020,32.3,0.019,32.3,0.019,32.3
1032.0,0.018,32.3,0.019,32.3,0.018,32.3,0.018,32.3
1032.5,0.018,32.3,0.019,32.3,0.018,32.4,0.018,32.3
1033.0,0.018,32.3,0.017,32.3,0.018,32.3,0.018,32.3
1033.5,0.017,32.3,0.016,32.3,0.017,32.3,0.016,32.3
1034.0,0.016,32.3,0.016,32.3,0.017,32.3,0.016,32.3
1034.5,0.016,32.4,0.016,32.3,0.016,32.4,0.016,32.4
1035.0,0.016,32.3,0.017,32.3,0.017,32.3,0.016,32.3
1035.5,0.016,32.4,0.017,32.4,0.015,32.4,0.017,32.4
1036.0,0.016,32.4,0.016,32.4,0.017,32.4,0.015,32.4
1036.5,0.016,32.4,0.015,32.4,0.016,32.4,0.014,32.4
1037.0,0.016,32.4,0.016,32.4,0.018,32.4,0.015,32.3
1037.5,0.014,32.4,0.013,32.4,0.016,32.4,0.016,32.3
1038.0,0.014,32.4,0.014,32.4,0.014,32.3,0.013,32.4
1038.5,0.014,32.4,0.013,32.4,0.017,32.4,0.012,32.4
1039.0,0.012,32.4,0.013,32.4,0.017,32.4,0.012,32.4
1039.5,0.012,32.4,0.013,32.4,0.013,32.4,0.012,32.3
1040.0,0.012,32.4,0.013,32.4,0.012,32.4,0.013,32.3
1040.5,0.012,32.4,0.012,32.4,0.010,32.4,0.013,32.4
1041.0,0.010,32.4,0.011,32.4,0.010,32.4,0.010,32.4
1041.5,0.010,32.4,0.010,32.4,0.010,32.4,0.010,32.4
1042.0,0.009,32.4,0.011,32.4,0.009,32.4,0.010,32.4
1042.5,0.008,32.4,0.009,32.4,0.008,32.4,0.010,32.4
1043.0,0.008,32.4,0.008,32.4,0.008,32.5,0.006,32.4
1043.5,0.006,32.4,0.008,32.4,0.007,32.4,0.005,32.4
1044.0,0.006,32.4,0.007,32.4,0.008,32.4,0.006,32.5
1044.5,0.005,32.5,0.005,32.5,0.007,32.4,0.005,32.4
1045.0,0.004,32.4,0.003,32.4,0.004,32.5,0.004,32.4
1045.5,0.003,32.4,0.004,32.4,0.004,32.4,0.003,32.4
1046.0,0.001,32.5,0.002,32.5,0.003,32.5,0.002,32.5
1046.5,-0.001,32.5,0.001,32.5,0.002,32.5,-0.001,32.5
1047.0,-0.002,32.5,-0.002,32.5,0.000,32.5,-0.002,32.5
1047.5,-0.004,32.5,-0.004,32.5,-0.004,32.5,-0.004,32.5
1048.0,-0.005,32.5,-0.005,32.5,-0.007,32.5,-0.005,32.5
1048.5,-0.008,32.5,-0.007,32.5,-0.007,32.5,-0.006,32.5
1049.0,-0.009,32.5,-0.008,32.5,-0.006,32.5,-0.008,32.5
1049.5,-0.010,32.6,-0.009,32.5,-0.009,32.6,-0.010,32.6
1050.0,-0.011,32.6,-0.010,32.6,-0.010,32.6,-0.011,32.6
1050.5,-0.012,32.6,-0.012,32.6,-0.010,32.6,-0.012,32.6
1051.0,-0.012,32.6,-0.012,32.6,-0.013,32.6,-0.010,32.6
1051.5,-0.014,32.6,-0.014,32.6,-0.012,32.6,-0.013,32.6
1052.0,-0.014,32.6,-0.015,32.6,-0.014,32.6,-0.015,32.6
1052.5,-0.016,32.6,-0.018,32.6,-0.016,32.6,-0.015,32.7
1053.0,-0.018,32.6,-0.019,32.6,-0.017,32.7,-0.017,32.6
1053.5,-0.020,32.6,-0.019,32.6,-0.019,32.6,-0.020,32.6
1054.0,-0.021,32.7,-0.021,32.7,-0.019,32.7,-0.022,32.7
1054.5,-0.022,32.7,-0.022,32.7,-0.018,32.7,-0.021,32.7
1055.0,-0.022,32.7,-0.021,32.7,-0.020,32.6,-0.019,32.7
1055.5,-0.022,32.7,-0.022,32.7,-0.021,32.7,-0.020,32.7
1056.0,-0.021,32.7,-0.020,32.7,-0.020,32.7,-0.020,32.7
1056.5,-0.019,32.7,-0.019,32.7,-0.019,32.7,-0.018,32.7
1057.0,-0.018,32.7,-0.018,32.7,-0.018,32.7,-0.019,32.7
1057.5,-0.018,32.7,-0.018,32.7,-0.018,32.7,-0.018,32.7
1058.0,-0.018,32.7,-0.018,32.7,-0.017,32.7,-0.018,32.8
1058.5,-0.018,32.8,-0.018,32.8,-0.017,32.7,-0.019,32.8
1059.0,-0.017,32.8,-0.017,32.8,-0.017,32.8,-0.017,32.8
1059.5,-0.016,32.8,-0.015,32.7,-0.016,32.8,-0.014,32.7
1060.0,-0.014,32.8,-0.014,32.8,-0.012,32.8,-0.015,32.8
1060.5,-0.012,32.8,-0.012,32.8,-0.012,32.7,-0.013,32.8
1061.0,-0.011,32.8,-0.011,32.8,-0.012,32.8,-0.010,32.7
1061.5,-0.009,32.8,-0.010,32.8,-0.009,32.8,-0.009,32.7
1062.0,-0.008,32.8,-0.007,32.8,-0.007,32.8,-0.007,32.7
1062.5,-0.007,32.8,-0.006,32.8,-0.006,32.7,-0.005,32.8
1063.0,-0.005,32.8,-0.005,32.7,-0.005,32.8,-0.005,32.7
1063.5,-0.003,32.8,-0.003,32.7,-0.003,32.7,-0.005,32.7
1064.0,-0.002,32.8,-0.001,32.8,-0.002,32.8,-0.002,32.8
1064.5,0.000,32.8,0.000,32.8,0.001,32.7,0.001,32.8
1065.0,0.003,32.8,0.003,32.8,0.004,32.8,0.002,32.8
1065.5,0.005,32.7,0.007,32.7,0.004,32.7,0.005,32.7
1066.0,0.008,32.8,0.009,32.8,0.008,32.8,0.010,32.7
1066.5,0.011,32.7,0.010,32.7,0.010,32.8,0.011,32.7
1067.0,0.013,32.7,0.012,32.7,0.013,32.7,0.012,32.7
1067.5,0.014,32.7,0.014,32.7,0.014,32.7,0.014,32.7
1068.0,0.016,32.7,0.017,32.7,0.016,32.7,0.015,32.7
1068.5,0.018,32.7,0.018,32.7,0.018,32.7,0.016,32.6
1069.0,0.018,32.6,0.019,32.6,0.019,32.6,0.020,32.6
1069.5,0.020,32.6,0.020,32.6,0.020,32.6,0.020,32.6
1070.0,0.020,32.6,0.020,32.6,0.021,32.6,0.020,32.6
1070.5,0.020,32.6,0.020,32.6,0.020,32.6,0.022,32.6
1071.0,0.021,32.6,0.021,32.6,0.021,32.5,0.021,32.6
1071.5,0.022,32.6,0.021,32.6,0.021,32.6,0.021,32.6
1072.0,0.022,32.5,0.021,32.5,0.020,32.6,0.021,32.5
1072.5,0.022,32.6,0.022,32.5,0.022,32.6,0.024,32.5
1073.0,0.023,32.5,0.024,32.5,0.023,32.6,0.025,32.5
1073.5,0.024,32.5,0.025,32.5,0.025,32.5,0.024,32.5
1074.0,0.025,32.5,0.025,32.5,0.025,32.4,0.025,32.5
1074.5,0.027,32.5,0.027,32.5,0.028,32.4,0.026,32.5
1075.0,0.028,32.5,0.027,32.5,0.028,32.4,0.027,32.5
1075.5,0.029,32.4,0.030,32.4,0.030,32.4,0.029,32.4
1076.0,0.030,32.4,0.031,32.4,0.031,32.4,0.030,32.4
1076.5,0.031,32.4,0.031,32.4,0.032,32.4,0.031,32.4
1077.0,0.032,32.4,0.033,32.4,0.031,32.4,0.034,32.4
1077.5,0.032,32.3,0.033,32.3,0.032,32.4,0.032,32.3
1078.0,0.034,32.3,0.033,32.3,0.033,32.3,0.034,32.3
1078.5,0.034,32.3,0.034,32.3,0.034,32.3,0.034,32.3
1079.0,0.034,32.3,0.034,32.3,0.035,32.3,0.033,32.3
1079.5,0.034,32.3,0.033,32.3,0.035,32.3,0.033,32.3
1080.0,0.034,32.2,0.033,32.3,0.036,32.3,0.033,32.3
1080.5,0.033,32.2,0.034,32.2,0.034,32.2,0.032,32.3
1081.0,0.032,32.2,0.035,32.3,0.032,32.2,0.033,32.2
1081.5,0.032,32.2,0.031,32.2,0.033,32.1,0.031,32.2
1082.0,0.032,32.2,0.032,32.2,0.034,32.1,0.032,32.2
1082.5,0.032,32.2,0.033,32.2,0.033,32.2,0.031,32.2
1083.0,0.032,32.2,0.033,32.2,0.031,32.2,0.032,32.2
1083.5,0.032,32.2,0.033,32.2,0.032,32.2,0.032,32.2
1084.0,0.033,32.2,0.033,32.2,0.033,32.2,0.033,32.2
1084.5,0.034,32.1,0.035,32.2,0.035,32.1,0.036,32.2
1085.0,0.034,32.1,0.034,32.1,0.035,32.1,0.036,32.1
1085.5,0.034,32.1,0.035,32.1,0.036,32.2,0.036,32.1
1086.0,0.034,32.1,0.033,32.1,0.036,32.2,0.035,32.1
1086.5,0.034,32.1,0.034,32.1,0.036,32.2,0.035,32.1
1087.0,0.034,32.1,0.036,32.1,0.035,32.1,0.036,32.1
1087.5,0.034,32.1,0.035,32.1,0.036,32.1,0.035,32.1
1088.0,0.034,32.1,0.034,32.1,0.034,32.1,0.035,32.0
1088.5,0.034,32.1,0.035,32.0,0.033,32.0,0.035,32.1
1089.0,0.034,32.1,0.036,32.1,0.034,32.1,0.037,32.1
1089.5,0.034,32.0,0.035,32.1,0.035,32.1,0.038,32.1
1090.0,0.034,32.0,0.035,32.0,0.035,32.0,0.036,32.1
1090.5,0.032,32.0,0.033,32.0,0.032,32.1,0.035,32.0
1091.0,0.032,32.0,0.032,32.0,0.030,32.0,0.032,32.0
1091.5,0.032,32.0,0.033,32.0,0.033,32.0,0.032,32.0
1092.0,0.032,32.0,0.034,32.0,0.033,32.0,0.034,32.0
1092.5,0.033,32.0,0.033,32.0,0.033,32.0,0.034,32.0
1093.0,0.034,32.0,0.034,32.0,0.032,31.9,0.034,32.0
1093.5,0.034,32.0,0.034,32.0,0.034,32.0,0.033,32.0
1094.0,0.035,32.0,0.036,32.0,0.032,32.0,0.033,32.0
1094.5,0.036,32.0,0.035,32.0,0.033,32.0,0.035,32.0
1095.0,0.036,32.0,0.037,32.0,0.035,31.9,0.036,32.0
1095.5,0.036,32.0,0.036,32.0,0.037,32.0,0.036,32.0
1096.0,0.035,32.0,0.035,32.0,0.036,32.0,0.036,32.0
1096.5,0.034,32.0,0.034,31.9,0.037,32.0,0.035,31.9
1097.0,0.034,32.0,0.035,32.0,0.034,31.9,0.034,31.9
1097.5,0.034,32.0,0.034,32.0,0.034,31.9,0.036,32.0
1098.0,0.034,31.9,0.034,31.9,0.034,32.0,0.034,32.0
1098.5,0.034,31.9,0.034,31.9,0.033,31.9,0.034,31.9
1099.0,0.032,31.9,0.033,32.0,0.033,31.9,0.034,31.9
1099.5,0.032,31.9,0.032,32.0,0.034,31.9,0.032,32.0
1100.0,0.032,31.9,0.031,32.0,0.032,31.9,0.032,32.0
1100.5,0.031,31.9,0.030,31.9,0.033,31.9,0.032,31.9
1101.0,0.030,31.9,0.030,31.9,0.033,31.9,0.031,31.9
1101.5,0.030,31.9,0.031,31.9,0.034,31.9,0.032,31.9
1102.0,0.030,31.9,0.030,31.9,0.030,31.9,0.031,31.9
1102.5,0.030,31.9,0.031,31.9,0.030,31.9,0.031,31.9
1103.0,0.030,32.0,0.030,32.0,0.030,32.0,0.030,31.9
1103.5,0.030,31.9,0.030,31.9,0.030,32.0,0.030,31.9
1104.0,0.030,31.9,0.030,31.9,0.029,31.9,0.033,31.9
1104.5,0.030,31.9,0.030,32.0,0.031,32.0,0.030,31.9
1105.0,0.029,31.9,0.029,31.9,0.029,31.9,0.030,31.9
1105.5,0.028,31.9,0.027,31.9,0.029,31.9,0.030,31.9
1106.0,0.028,31.9,0.028,31.9,0.028,31.9,0.029,31.9
1106.5,0.027,31.9,0.028,31.9,0.027,31.9,0.028,31.9
1107.0,0.026,31.9,0.026,32.0,0.026,31.9,0.028,31.9
1107.5,0.026,31.9,0.026,31.9,0.026,31.9,0.027,31.9
1108.0,0.026,31.9,0.026,31.9,0.026,31.9,0.026,31.9
1108.5,0.026,31.9,0.025,31.9,0.026,31.9,0.025,31.9
1109.0,0.024,31.9,0.024,32.0,0.025,31.9,0.024,31.9
1109.5,0.024,31.9,0.024,31.9,0.027,31.9,0.023,32.0
1110.0,0.024,31.9,0.023,31.9,0.025,31.9,0.024,32.0
1110.5,0.023,31.9,0.023,32.0,0.024,31.9,0.024,32.0
1111.0,0.023,32.0,0.022,32.0,0.024,31.9,0.023,31.9
