time_s,s1_flow_ml_min,s1_temp_c,s2_flow_ml_min,s2_temp_c,s3_flow_ml_min,s3_temp_c,s4_flow_ml_min,s4_temp_c
0.0,0.033,29.3,0.033,29.3,0.039,29.3,0.032,29.3
0.5,0.034,29.3,0.034,29.3,0.035,29.3,0.037,29.3
1.0,0.031,29.3,0.033,29.3,0.035,29.3,0.034,29.3
1.5,0.024,29.3,0.024,29.3,0.025,29.4,0.027,29.3
2.0,0.022,29.4,0.022,29.4,0.023,29.4,0.023,29.4
2.5,0.028,29.4,0.029,29.4,0.028,29.4,0.026,29.4
3.0,0.033,29.4,0.033,29.4,0.031,29.4,0.032,29.4
3.5,0.034,29.4,0.032,29.4,0.034,29.4,0.032,29.4
4.0,0.031,29.4,0.032,29.4,0.033,29.4,0.030,29.5
4.5,0.031,29.5,0.032,29.5,0.033,29.4,0.030,29.4
5.0,0.030,29.5,0.031,29.5,0.029,29.5,0.031,29.5
5.5,0.032,29.5,0.033,29.5,0.030,29.5,0.034,29.4
6.0,0.031,29.5,0.033,29.5,0.032,29.5,0.032,29.5
6.5,0.030,29.5,0.030,29.5,0.030,29.5,0.031,29.5
7.0,0.028,29.5,0.028,29.5,0.029,29.5,0.028,29.5
7.5,0.026,29.6,0.027,29.6,0.028,29.5,0.027,29.6
8.0,0.026,29.6,0.026,29.5,0.028,29.5,0.027,29.6
8.5,0.025,29.6,0.026,29.6,0.030,29.5,0.025,29.6
9.0,0.024,29.6,0.024,29.6,0.026,29.6,0.026,29.6
9.5,0.024,29.6,0.024,29.6,0.024,29.6,0.024,29.6
10.0,0.024,29.6,0.023,29.6,0.025,29.6,0.024,29.6
10.5,0.024,29.7,0.023,29.7,0.025,29.7,0.026,29.6
11.0,0.018,29.7,0.018,29.7,0.018,29.7,0.018,29.7
11.5,0.019,29.7,0.020,29.7,0.019,29.7,0.018,29.7
12.0,0.019,29.7,0.019,29.7,0.019,29.7,0.020,29.7
12.5,0.025,29.8,0.025,29.7,0.022,29.8,0.024,29.7
13.0,0.028,29.8,0.029,29.8,0.027,29.7,0.029,29.8
13.5,0.027,29.8,0.028,29.8,0.026,29.8,0.029,29.8
14.0,0.030,29.8,0.031,29.8,0.030,29.8,0.030,29.8
14.5,0.031,29.8,0.032,29.8,0.030,29.8,0.030,29.8
15.0,0.032,29.8,0.031,29.7,0.028,29.8,0.033,29.8
15.5,0.030,29.8,0.030,29.8,0.029,29.8,0.032,29.8
16.0,0.028,29.8,0.027,29.8,0.027,29.8,0.032,29.8
16.5,0.027,29.8,0.027,29.8,0.026,29.8,0.027,29.8
17.0,0.023,29.8,0.024,29.8,0.024,29.9,0.024,29.8
17.5,0.022,29.9,0.024,29.9,0.024,29.8,0.022,29.9
18.0,0.021,29.8,0.021,29.9,0.019,29.8,0.022,29.9
18.5,0.020,29.9,0.020,29.9,0.018,29.9,0.021,29.9
19.0,0.021,29.9,0.021,29.9,0.019,29.9,0.022,29.9
19.5,0.018,29.9,0.018,29.9,0.018,29.9,0.019,29.9
20.0,0.017,30.0,0.017,29.9,0.017,29.9,0.017,29.9
20.5,0.013,30.0,0.014,30.0,0.014,30.0,0.017,29.9
21.0,0.014,30.0,0.014,30.0,0.013,30.0,0.015,30.0
21.5,0.012,30.0,0.012,30.0,0.014,30.0,0.014,30.0
22.0,0.010,30.1,0.011,30.0,0.012,30.0,0.010,30.0
22.5,0.011,30.1,0.009,30.1,0.010,30.1,0.010,30.1
23.0,0.010,30.1,0.010,30.1,0.010,30.1,0.010,30.1
23.5,0.013,30.1,0.014,30.1,0.012,30.1,0.014,30.1
24.0,0.014,30.1,0.014,30.1,0.016,30.1,0.015,30.1
24.5,0.014,30.1,0.015,30.2,0.015,30.1,0.014,30.1
25.0,0.013,30.2,0.015,30.2,0.014,30.2,0.012,30.2
25.5,0.013,30.2,0.012,30.2,0.013,30.2,0.012,30.2
26.0,0.013,30.2,0.013,30.2,0.012,30.2,0.012,30.2
26.5,0.010,30.2,0.011,30.2,0.012,30.2,0.011,30.2
27.0,0.007,30.2,0.007,30.2,0.010,30.2,0.008,30.3
27.5,0.004,30.2,0.007,30.2,0.006,30.2,0.006,30.3
28.0,0.004,30.3,0.005,30.3,0.006,30.3,0.007,30.2
28.5,0.007,30.3,0.008,30.3,0.007,30.3,0.007,30.3
29.0,0.008,30.3,0.009,30.3,0.013,30.3,0.008,30.3
29.5,0.009,30.3,0.010,30.3,0.013,30.3,0.008,30.3
30.0,0.008,30.4,0.010,30.4,0.007,30.4,0.008,30.3
30.5,0.007,30.4,0.008,30.4,0.007,30.4,0.007,30.4
31.0,0.010,30.4,0.011,30.3,0.010,30.4,0.010,30.4
31.5,0.009,30.4,0.010,30.4,0.007,30.4,0.010,30.4
32.0,0.008,30.4,0.008,30.4,0.009,30.4,0.009,30.4
32.5,0.007,30.4,0.008,30.4,0.009,30.4,0.007,30.4
33.0,0.008,30.5,0.009,30.5,0.007,30.5,0.008,30.4
33.5,0.007,30.5,0.006,30.5,0.006,30.5,0.008,30.5
34.0,0.004,30.5,0.004,30.5,0.006,30.5,0.006,30.5
34.5,0.005,30.5,0.004,30.5,0.005,30.5,0.005,30.5
35.0,0.005,30.5,0.004,30.5,0.006,30.5,0.008,30.5
35.5,0.005,30.5,0.006,30.5,0.006,30.5,0.005,30.5
36.0,0.002,30.6,0.003,30.6,0.002,30.6,0.002,30.5
36.5,0.002,30.6,0.002,30.5,0.000,30.5,0.002,30.6
37.0,0.002,30.6,0.001,30.6,0.003,30.6,0.002,30.6
37.5,-0.001,30.6,-0.002,30.6,-0.001,30.6,-0.000,30.6
38.0,-0.005,30.6,-0.004,30.6,-0.005,30.6,-0.006,30.6
38.5,-0.010,30.7,-0.010,30.7,-0.009,30.6,-0.009,30.6
39.0,-0.023,30.7,-0.022,30.7,-0.020,30.6,-0.020,30.7
39.5,-0.054,30.7,-0.052,30.7,-0.045,30.7,-0.034,30.7
40.0,-0.104,30.7,-0.097,30.7,-0.079,30.7,-0.103,30.7
40.5,-0.142,30.6,-0.141,30.7,-0.119,30.7,-0.143,30.6
41.0,-0.129,30.5,-0.130,30.5,-0.132,30.5,-0.131,30.5
41.5,-0.100,30.4,-0.101,30.4,-0.106,30.4,-0.102,30.5
42.0,-0.061,30.4,-0.068,30.4,-0.072,30.4,-0.064,30.4
42.5,-0.040,30.4,-0.040,30.4,-0.056,30.4,-0.042,30.4
43.0,-0.031,30.5,-0.032,30.5,-0.033,30.5,-0.032,30.5
43.5,-0.025,30.5,-0.025,30.5,-0.027,30.5,-0.026,30.5
44.0,-0.014,30.6,-0.013,30.6,-0.014,30.6,-0.016,30.6
44.5,-0.016,30.7,-0.016,30.7,-0.010,30.7,-0.016,30.7
45.0,-0.021,30.7,-0.021,30.7,-0.017,30.7,-0.023,30.7
45.5,-0.025,30.7,-0.025,30.7,-0.024,30.7,-0.025,30.7
46.0,-0.021,30.8,-0.020,30.8,-0.021,30.8,-0.021,30.7
46.5,-0.020,30.8,-0.019,30.8,-0.019,30.8,-0.020,30.8
47.0,-0.017,30.8,-0.017,30.8,-0.018,30.9,-0.019,30.8
47.5,-0.012,30.9,-0.011,30.9,-0.017,30.8,-0.013,30.8
48.0,-0.007,30.9,-0.007,30.9,-0.012,30.9,-0.005,30.9
48.5,-0.013,30.9,-0.012,30.9,-0.009,31.0,-0.011,30.9
49.0,-0.027,31.0,-0.025,31.0,-0.017,31.0,-0.025,30.9
49.5,-0.039,31.0,-0.039,31.0,-0.028,31.0,-0.035,31.0
50.0,-0.046,31.0,-0.045,31.0,-0.047,31.0,-0.045,31.0
50.5,-0.031,31.0,-0.031,31.0,-0.037,31.0,-0.033,31.0
51.0,-0.020,31.0,-0.020,31.0,-0.019,31.0,-0.028,31.0
51.5,-0.016,31.0,-0.016,31.0,-0.015,31.0,-0.027,31.0
52.0,-0.018,31.1,-0.017,31.0,-0.019,31.1,-0.018,31.1
52.5,-0.014,31.1,-0.012,31.1,-0.015,31.1,-0.016,31.1
53.0,-0.014,31.1,-0.013,31.1,-0.015,31.1,-0.010,31.1
53.5,-0.023,31.1,-0.023,31.1,-0.020,31.1,-0.021,31.1
54.0,-0.031,31.1,-0.030,31.1,-0.028,31.2,-0.031,31.1
54.5,-0.028,31.1,-0.029,31.1,-0.028,31.2,-0.029,31.1
55.0,-0.022,31.2,-0.023,31.1,-0.023,31.1,-0.023,31.2
55.5,-0.017,31.2,-0.018,31.2,-0.017,31.2,-0.018,31.2
56.0,-0.021,31.2,-0.021,31.2,-0.020,31.1,-0.018,31.2
56.5,-0.024,31.2,-0.023,31.2,-0.023,31.2,-0.022,31.2
57.0,-0.015,31.2,-0.015,31.2,-0.016,31.2,-0.018,31.2
57.5,-0.005,31.2,-0.006,31.2,-0.005,31.2,-0.008,31.2
58.0,-0.000,31.2,-0.001,31.2,-0.001,31.2,-0.002,31.2
58.5,0.009,31.3,0.009,31.3,0.009,31.2,0.002,31.2
59.0,0.013,31.2,0.013,31.3,0.014,31.2,0.009,31.3
59.5,0.012,31.2,0.013,31.2,0.014,31.2,0.012,31.2
60.0,0.016,31.2,0.016,31.2,0.016,31.2,0.016,31.2
60.5,0.018,31.2,0.018,31.2,0.018,31.2,0.019,31.2
61.0,0.018,31.2,0.017,31.2,0.018,31.2,0.018,31.2
61.5,0.017,31.2,0.016,31.2,0.014,31.2,0.017,31.2
62.0,0.020,31.2,0.021,31.2,0.017,31.1,0.016,31.1
62.5,0.023,31.1,0.024,31.1,0.024,31.1,0.020,31.1
63.0,0.026,31.1,0.026,31.1,0.027,31.1,0.024,31.1
63.5,0.028,31.1,0.028,31.1,0.028,31.1,0.028,31.1
64.0,0.028,31.1,0.029,31.1,0.028,31.1,0.028,31.1
64.5,0.029,31.0,0.030,31.0,0.029,31.0,0.029,31.0
65.0,0.027,31.0,0.027,31.0,0.027,31.0,0.027,31.0
65.5,0.027,31.0,0.028,31.0,0.024,31.0,0.026,31.0
66.0,0.030,30.9,0.029,30.9,0.027,31.0,0.028,31.0
66.5,0.030,30.9,0.029,30.9,0.030,30.9,0.031,31.0
67.0,0.030,30.9,0.029,30.9,0.032,30.9,0.031,30.9
67.5,0.030,30.9,0.030,30.9,0.030,30.9,0.031,30.9
68.0,0.031,30.9,0.032,30.9,0.031,30.9,0.030,30.9
68.5,0.028,30.9,0.030,30.9,0.028,30.9,0.028,30.8
69.0,0.024,30.9,0.025,30.9,0.024,30.8,0.028,30.9
69.5,0.024,30.9,0.023,30.9,0.024,30.9,0.023,30.9
70.0,0.022,30.9,0.022,30.9,0.023,30.9,0.023,30.9
70.5,0.024,30.9,0.025,30.9,0.024,30.9,0.025,30.9
71.0,0.024,30.9,0.026,30.9,0.024,30.9,0.022,30.9
71.5,0.027,30.9,0.027,30.9,0.027,30.8,0.024,30.9
72.0,0.029,30.9,0.029,30.9,0.030,30.8,0.027,30.9
72.5,0.030,30.9,0.031,30.9,0.031,30.9,0.031,30.9
73.0,0.032,30.9,0.031,30.9,0.032,30.9,0.033,30.9
73.5,0.031,30.9,0.031,30.9,0.033,30.8,0.031,30.9
74.0,0.031,30.8,0.034,30.8,0.033,30.8,0.034,30.8
74.5,0.029,30.8,0.030,30.8,0.030,30.8,0.036,30.8
75.0,0.028,30.8,0.027,30.8,0.027,30.8,0.036,30.8
75.5,0.032,30.8,0.032,30.8,0.031,30.8,0.033,30.8
76.0,0.032,30.8,0.033,30.8,0.031,30.8,0.032,30.8
76.5,0.031,30.8,0.032,30.8,0.032,30.8,0.030,30.8
77.0,0.031,30.8,0.031,30.7,0.030,30.8,0.030,30.8
77.5,0.029,30.8,0.030,30.8,0.031,30.8,0.030,30.8
78.0,0.027,30.8,0.029,30.8,0.029,30.8,0.027,30.8
78.5,0.022,30.8,0.023,30.8,0.024,30.8,0.024,30.8
79.0,0.021,30.8,0.023,30.8,0.020,30.8,0.024,30.8
79.5,0.023,30.8,0.024,30.8,0.023,30.8,0.025,30.8
80.0,0.026,30.8,0.026,30.8,0.026,30.8,0.027,30.8
80.5,0.027,30.8,0.027,30.8,0.028,30.8,0.027,30.8
81.0,0.028,30.8,0.027,30.8,0.029,30.8,0.026,30.8
81.5,0.032,30.8,0.031,30.8,0.029,30.8,0.029,30.8
82.0,0.030,30.8,0.034,30.8,0.029,30.8,0.032,30.8
82.5,0.031,30.8,0.030,30.8,0.028,30.8,0.031,30.8
83.0,0.030,30.8,0.031,30.8,0.030,30.8,0.032,30.8
83.5,0.031,30.8,0.031,30.8,0.031,30.8,0.028,30.8
84.0,0.030,30.8,0.029,30.8,0.031,30.8,0.029,30.8
84.5,0.027,30.8,0.028,30.8,0.029,30.8,0.028,30.9
85.0,0.031,30.8,0.029,30.8,0.030,30.8,0.031,30.8
85.5,0.033,30.8,0.033,30.8,0.030,30.7,0.033,30.8
86.0,0.030,30.8,0.031,30.8,0.030,30.7,0.029,30.8
86.5,0.030,30.8,0.030,30.8,0.030,30.8,0.029,30.8
87.0,0.027,30.8,0.026,30.8,0.026,30.8,0.030,30.8
87.5,0.027,30.8,0.028,30.8,0.030,30.8,0.027,30.8
88.0,0.022,30.8,0.022,30.8,0.023,30.8,0.025,30.8
88.5,0.025,30.8,0.024,30.8,0.025,30.8,0.025,30.8
89.0,0.026,30.8,0.027,30.8,0.026,30.8,0.027,30.8
89.5,0.028,30.8,0.030,30.8,0.029,30.8,0.028,30.8
90.0,0.030,30.8,0.030,30.8,0.030,30.8,0.029,30.8
90.5,0.030,30.8,0.030,30.8,0.029,30.8,0.028,30.8
91.0,0.031,30.8,0.032,30.8,0.032,30.8,0.032,30.8
91.5,0.029,30.8,0.030,30.8,0.032,30.8,0.029,30.8
92.0,0.028,30.8,0.027,30.8,0.028,30.8,0.028,30.8
92.5,0.027,30.8,0.027,30.8,0.029,30.8,0.029,30.8
93.0,0.026,30.8,0.026,30.8,0.025,30.8,0.027,30.8
93.5,0.025,30.8,0.025,30.8,0.025,30.8,0.026,30.8
94.0,0.021,30.8,0.020,30.8,0.023,30.8,0.022,30.8
94.5,0.019,30.8,0.018,30.8,0.018,30.8,0.018,30.8
95.0,0.015,30.8,0.015,30.8,0.015,30.8,0.016,30.9
95.5,0.013,30.9,0.013,30.9,0.013,30.8,0.016,30.8
96.0,0.016,30.9,0.016,30.9,0.016,30.8,0.015,30.9
96.5,0.015,30.9,0.017,30.9,0.017,30.9,0.016,30.9
97.0,0.018,30.9,0.018,30.9,0.019,30.9,0.019,30.9
97.5,0.018,30.9,0.018,31.0,0.018,30.9,0.019,30.9
98.0,0.020,31.0,0.020,31.0,0.019,31.0,0.022,30.9
98.5,0.021,31.0,0.022,31.0,0.020,31.0,0.022,30.9
99.0,0.019,30.9,0.019,30.9,0.017,31.0,0.019,31.0
99.5,0.020,30.9,0.020,30.9,0.023,30.9,0.019,30.9
100.0,0.020,31.0,0.019,31.0,0.023,30.9,0.021,30.9
100.5,0.022,31.0,0.022,31.0,0.020,31.0,0.020,31.0
101.0,0.024,31.0,0.023,31.0,0.024,31.0,0.022,31.0
101.5,0.023,30.9,0.024,31.0,0.022,30.9,0.023,30.9
102.0,0.024,30.9,0.023,30.9,0.023,30.9,0.024,31.0
102.5,0.022,30.9,0.022,30.9,0.021,30.9,0.022,31.0
103.0,0.020,30.9,0.021,30.9,0.020,30.9,0.020,31.0
103.5,0.018,31.0,0.018,31.0,0.018,31.0,0.018,31.0
104.0,0.015,31.0,0.015,31.0,0.017,31.0,0.016,30.9
104.5,0.014,31.0,0.015,31.0,0.016,31.0,0.016,31.0
105.0,0.009,31.0,0.011,31.0,0.011,31.0,0.011,31.0
105.5,0.009,31.0,0.008,31.0,0.010,31.0,0.009,31.0
106.0,0.009,31.0,0.008,31.0,0.009,31.0,0.012,31.0
106.5,0.010,31.0,0.010,31.1,0.011,31.0,0.009,31.1
107.0,0.008,31.1,0.010,31.1,0.006,31.0,0.010,31.1
107.5,0.008,31.1,0.010,31.1,0.009,31.1,0.011,31.1
108.0,0.010,31.1,0.010,31.1,0.013,31.1,0.009,31.1
108.5,0.009,31.1,0.009,31.1,0.009,31.1,0.009,31.1
109.0,0.007,31.1,0.007,31.1,0.006,31.1,0.009,31.1
109.5,0.007,31.1,0.007,31.1,0.006,31.1,0.008,31.2
110.0,0.007,31.1,0.007,31.1,0.005,31.1,0.008,31.1
110.5,0.007,31.2,0.008,31.2,0.006,31.2,0.007,31.1
111.0,0.007,31.2,0.007,31.2,0.007,31.2,0.008,31.2
111.5,0.009,31.2,0.012,31.2,0.008,31.2,0.010,31.2
112.0,0.007,31.2,0.007,31.2,0.010,31.2,0.008,31.2
112.5,0.007,31.2,0.007,31.2,0.007,31.2,0.008,31.2
113.0,0.006,31.2,0.007,31.2,0.008,31.2,0.007,31.2
113.5,0.004,31.2,0.004,31.2,0.006,31.2,0.006,31.2
114.0,0.001,31.2,0.001,31.2,0.001,31.2,0.000,31.2
114.5,-0.002,31.3,-0.002,31.3,-0.002,31.2,0.001,31.3
115.0,-0.001,31.3,-0.000,31.3,-0.001,31.3,0.001,31.3
115.5,0.002,31.3,0.002,31.3,0.001,31.2,0.003,31.3
116.0,0.003,31.3,0.003,31.3,0.002,31.3,0.004,31.3
116.5,0.002,31.3,0.003,31.3,0.003,31.3,0.004,31.3
117.0,0.001,31.3,0.002,31.4,-0.000,31.3,0.002,31.3
117.5,0.003,31.3,0.004,31.3,0.000,31.3,0.003,31.3
118.0,0.003,31.3,0.003,31.3,0.002,31.4,0.004,31.3
118.5,0.002,31.3,0.003,31.3,0.002,31.3,0.002,31.3
119.0,0.000,31.3,-0.000,31.3,-0.000,31.3,-0.001,31.4
119.5,-0.005,31.4,-0.004,31.4,-0.005,31.3,-0.007,31.4
120.0,-0.016,31.4,-0.015,31.4,-0.014,31.4,-0.010,31.4
120.5,-0.052,31.4,-0.050,31.4,-0.052,31.4,-0.039,31.4
121.0,-0.093,31.4,-0.093,31.4,-0.074,31.4,-0.087,31.4
121.5,-0.143,31.4,-0.141,31.4,-0.108,31.4,-0.138,31.4
122.0,-0.152,31.2,-0.153,31.3,-0.152,31.2,-0.147,31.3
122.5,-0.117,31.1,-0.119,31.1,-0.117,31.1,-0.123,31.2
123.0,-0.077,31.1,-0.079,31.1,-0.093,31.2,-0.079,31.1
123.5,-0.054,31.1,-0.054,31.1,-0.059,31.1,-0.059,31.1
124.0,-0.039,31.1,-0.039,31.1,-0.044,31.2,-0.039,31.1
124.5,-0.030,31.2,-0.029,31.2,-0.036,31.2,-0.031,31.2
125.0,-0.017,31.2,-0.018,31.2,-0.020,31.3,-0.019,31.3
125.5,-0.012,31.3,-0.012,31.3,-0.014,31.3,-0.010,31.3
126.0,-0.018,31.4,-0.019,31.3,-0.020,31.4,-0.018,31.4
126.5,-0.024,31.4,-0.025,31.4,-0.025,31.4,-0.022,31.4
127.0,-0.032,31.4,-0.031,31.4,-0.028,31.4,-0.026,31.4
127.5,-0.032,31.5,-0.031,31.5,-0.033,31.5,-0.026,31.5
128.0,-0.023,31.5,-0.023,31.5,-0.023,31.5,-0.024,31.5
128.5,-0.022,31.5,-0.021,31.5,-0.021,31.5,-0.024,31.5
129.0,-0.024,31.5,-0.023,31.6,-0.023,31.5,-0.024,31.5
129.5,-0.026,31.6,-0.026,31.6,-0.027,31.6,-0.026,31.6
130.0,-0.022,31.6,-0.022,31.6,-0.023,31.6,-0.025,31.6
130.5,-0.018,31.6,-0.018,31.6,-0.018,31.6,-0.020,31.6
131.0,-0.021,31.6,-0.022,31.6,-0.019,31.6,-0.019,31.7
131.5,-0.024,31.6,-0.024,31.6,-0.021,31.7,-0.024,31.7
132.0,-0.027,31.7,-0.026,31.7,-0.022,31.6,-0.025,31.7
132.5,-0.022,31.7,-0.022,31.7,-0.023,31.6,-0.022,31.7
133.0,-0.018,31.7,-0.017,31.7,-0.020,31.7,-0.018,31.7
133.5,-0.015,31.7,-0.014,31.7,-0.016,31.7,-0.015,31.7
134.0,-0.005,31.7,-0.006,31.7,-0.007,31.7,-0.010,31.7
134.5,-0.005,31.7,-0.005,31.7,-0.005,31.7,-0.005,31.7
135.0,-0.016,31.7,-0.015,31.7,-0.011,31.7,-0.015,31.7
135.5,-0.027,31.8,-0.028,31.8,-0.019,31.7,-0.027,31.8
136.0,-0.032,31.8,-0.031,31.8,-0.031,31.7,-0.031,31.8
136.5,-0.029,31.7,-0.030,31.7,-0.030,31.7,-0.028,31.7
137.0,-0.025,31.8,-0.026,31.8,-0.027,31.8,-0.026,31.7
137.5,-0.013,31.8,-0.013,31.8,-0.019,31.8,-0.012,31.8
138.0,-0.004,31.8,-0.004,31.8,-0.006,31.8,-0.005,31.8
138.5,0.001,31.8,0.001,31.8,-0.000,31.8,-0.002,31.8
139.0,0.005,31.8,0.005,31.8,0.004,31.8,0.001,31.8
139.5,0.007,31.8,0.008,31.8,0.004,31.8,0.008,31.8
140.0,0.013,31.8,0.012,31.7,0.011,31.8,0.013,31.8
140.5,0.017,31.8,0.017,31.8,0.015,31.8,0.017,31.8
141.0,0.018,31.7,0.018,31.8,0.019,31.7,0.018,31.8
141.5,0.019,31.7,0.020,31.7,0.020,31.7,0.020,31.7
142.0,0.019,31.7,0.019,31.7,0.021,31.7,0.020,31.7
142.5,0.020,31.7,0.020,31.6,0.024,31.7,0.020,31.7
143.0,0.021,31.7,0.020,31.6,0.021,31.7,0.020,31.7
143.5,0.023,31.6,0.022,31.6,0.021,31.7,0.021,31.6
144.0,0.028,31.6,0.029,31.6,0.022,31.7,0.028,31.6
144.5,0.030,31.5,0.030,31.5,0.029,31.6,0.030,31.6
145.0,0.029,31.5,0.031,31.5,0.028,31.5,0.030,31.5
145.5,0.026,31.5,0.026,31.5,0.029,31.5,0.026,31.5
146.0,0.020,31.5,0.020,31.5,0.023,31.5,0.022,31.5
146.5,0.020,31.5,0.020,31.5,0.020,31.5,0.021,31.4
147.0,0.022,31.4,0.022,31.5,0.021,31.4,0.022,31.4
147.5,0.022,31.5,0.023,31.5,0.021,31.4,0.024,31.4
148.0,0.020,31.5,0.022,31.5,0.022,31.5,0.019,31.4
148.5,0.023,31.4,0.022,31.4,0.024,31.5,0.022,31.4
149.0,0.026,31.4,0.026,31.4,0.026,31.5,0.025,31.4
149.5,0.026,31.4,0.026,31.4,0.026,31.4,0.026,31.4
150.0,0.029,31.4,0.030,31.4,0.028,31.4,0.028,31.4
150.5,0.029,31.4,0.028,31.4,0.029,31.4,0.031,31.4
151.0,0.028,31.3,0.026,31.4,0.029,31.4,0.030,31.4
151.5,0.028,31.3,0.027,31.3,0.029,31.4,0.027,31.4
152.0,0.024,31.3,0.024,31.3,0.025,31.3,0.023,31.3
152.5,0.026,31.3,0.025,31.3,0.025,31.3,0.024,31.3
153.0,0.027,31.3,0.026,31.3,0.028,31.3,0.025,31.3
153.5,0.028,31.3,0.028,31.3,0.029,31.3,0.027,31.3
154.0,0.031,31.3,0.031,31.3,0.032,31.3,0.030,31.3
154.5,0.029,31.3,0.029,31.3,0.030,31.3,0.029,31.3
155.0,0.027,31.3,0.027,31.3,0.028,31.2,0.028,31.3
155.5,0.022,31.3,0.022,31.2,0.023,31.2,0.022,31.3
156.0,0.022,31.3,0.021,31.3,0.020,31.2,0.022,31.3
156.5,0.024,31.3,0.024,31.3,0.024,31.3,0.027,31.3
157.0,0.025,31.3,0.025,31.3,0.025,31.3,0.030,31.3
157.5,0.027,31.3,0.028,31.3,0.027,31.3,0.027,31.3
158.0,0.026,31.3,0.027,31.3,0.026,31.2,0.025,31.3
158.5,0.030,31.2,0.030,31.2,0.026,31.2,0.030,31.2
159.0,0.032,31.2,0.032,31.3,0.033,31.3,0.033,31.2
159.5,0.032,31.2,0.033,31.2,0.030,31.2,0.035,31.2
160.0,0.032,31.2,0.032,31.2,0.030,31.2,0.036,31.2
160.5,0.028,31.2,0.028,31.2,0.030,31.2,0.029,31.2
161.0,0.028,31.2,0.029,31.2,0.028,31.2,0.028,31.1
161.5,0.027,31.2,0.026,31.2,0.026,31.2,0.029,31.2
162.0,0.029,31.2,0.029,31.2,0.029,31.2,0.032,31.1
162.5,0.030,31.2,0.032,31.2,0.030,31.2,0.033,31.2
163.0,0.028,31.2,0.029,31.2,0.030,31.1,0.028,31.2
163.5,0.029,31.2,0.028,31.1,0.032,31.2,0.028,31.2
164.0,0.026,31.2,0.026,31.2,0.028,31.1,0.025,31.2
164.5,0.023,31.2,0.022,31.2,0.026,31.1,0.023,31.2
165.0,0.017,31.2,0.017,31.2,0.019,31.1,0.019,31.2
165.5,0.017,31.2,0.017,31.2,0.019,31.2,0.017,31.2
166.0,0.023,31.2,0.024,31.2,0.021,31.2,0.020,31.2
166.5,0.028,31.2,0.029,31.2,0.027,31.2,0.027,31.2
167.0,0.029,31.2,0.029,31.2,0.030,31.2,0.028,31.2
167.5,0.028,31.2,0.028,31.2,0.031,31.1,0.028,31.2
168.0,0.030,31.2,0.031,31.2,0.030,31.2,0.029,31.2
168.5,0.033,31.2,0.034,31.2,0.033,31.1,0.031,31.2
169.0,0.033,31.2,0.034,31.2,0.035,31.2,0.033,31.2
169.5,0.035,31.1,0.034,31.1,0.036,31.1,0.033,31.1
170.0,0.032,31.1,0.032,31.1,0.033,31.1,0.033,31.1
170.5,0.033,31.1,0.033,31.1,0.038,31.1,0.032,31.1
171.0,0.031,31.1,0.032,31.1,0.034,31.1,0.031,31.1
171.5,0.031,31.1,0.031,31.0,0.031,31.1,0.027,31.1
172.0,0.027,31.1,0.025,31.1,0.027,31.1,0.028,31.1
172.5,0.024,31.1,0.023,31.1,0.024,31.1,0.024,31.1
173.0,0.025,31.1,0.025,31.1,0.023,31.1,0.025,31.1
173.5,0.025,31.1,0.026,31.1,0.024,31.1,0.025,31.1
174.0,0.024,31.1,0.025,31.1,0.025,31.0,0.024,31.1
174.5,0.023,31.1,0.024,31.1,0.023,31.1,0.025,31.1
175.0,0.021,31.1,0.021,31.1,0.022,31.1,0.022,31.1
175.5,0.022,31.1,0.021,31.1,0.022,31.1,0.021,31.1
176.0,0.018,31.1,0.019,31.1,0.021,31.1,0.019,31.1
176.5,0.019,31.1,0.020,31.2,0.020,31.1,0.018,31.2
177.0,0.019,31.2,0.020,31.1,0.020,31.2,0.020,31.2
177.5,0.019,31.2,0.018,31.2,0.019,31.2,0.019,31.2
178.0,0.019,31.2,0.019,31.2,0.018,31.2,0.021,31.2
178.5,0.018,31.2,0.018,31.2,0.018,31.2,0.017,31.2
179.0,0.018,31.2,0.019,31.2,0.020,31.2,0.018,31.2
179.5,0.017,31.2,0.018,31.2,0.020,31.2,0.018,31.2
180.0,0.017,31.2,0.016,31.2,0.016,31.2,0.015,31.2
180.5,0.016,31.2,0.016,31.3,0.017,31.2,0.015,31.2
181.0,0.012,31.2,0.013,31.2,0.013,31.2,0.018,31.3
181.5,0.009,31.2,0.010,31.2,0.012,31.2,0.011,31.2
182.0,0.008,31.3,0.008,31.3,0.010,31.3,0.009,31.3
182.5,0.010,31.3,0.009,31.3,0.008,31.3,0.010,31.3
183.0,0.012,31.3,0.011,31.3,0.011,31.3,0.013,31.3
183.5,0.011,31.3,0.011,31.3,0.010,31.3,0.011,31.3
184.0,0.011,31.3,0.011,31.3,0.012,31.3,0.013,31.3
184.5,0.009,31.3,0.009,31.3,0.010,31.4,0.010,31.3
185.0,0.010,31.4,0.010,31.3,0.009,31.3,0.011,31.4
185.5,0.012,31.3,0.012,31.3,0.012,31.3,0.013,31.4
186.0,0.010,31.3,0.010,31.4,0.010,31.4,0.010,31.4
186.5,0.010,31.4,0.010,31.4,0.008,31.3,0.010,31.4
187.0,0.009,31.4,0.009,31.4,0.008,31.3,0.008,31.4
187.5,0.011,31.4,0.011,31.4,0.012,31.4,0.011,31.4
188.0,0.011,31.4,0.009,31.4,0.010,31.3,0.012,31.4
188.5,0.010,31.4,0.010,31.4,0.011,31.4,0.010,31.4
189.0,0.010,31.4,0.010,31.4,0.010,31.3,0.009,31.4
189.5,0.009,31.4,0.009,31.4,0.009,31.4,0.009,31.4
190.0,0.009,31.4,0.010,31.4,0.010,31.4,0.009,31.4
190.5,0.007,31.4,0.006,31.4,0.007,31.4,0.007,31.4
191.0,0.004,31.4,0.004,31.4,0.004,31.4,0.005,31.4
191.5,0.003,31.4,0.004,31.5,0.004,31.4,0.003,31.4
192.0,0.004,31.5,0.005,31.4,0.002,31.4,0.003,31.5
192.5,0.006,31.5,0.007,31.5,0.008,31.5,0.008,31.5
193.0,0.005,31.4,0.006,31.4,0.010,31.5,0.005,31.4
193.5,0.006,31.5,0.006,31.5,0.010,31.5,0.006,31.5
194.0,0.005,31.5,0.005,31.5,0.007,31.5,0.007,31.5
194.5,0.006,31.5,0.006,31.5,0.004,31.4,0.007,31.5
195.0,0.009,31.5,0.011,31.5,0.008,31.5,0.010,31.5
195.5,0.008,31.5,0.009,31.5,0.008,31.5,0.008,31.5
196.0,0.008,31.5,0.009,31.5,0.011,31.5,0.008,31.5
196.5,0.007,31.5,0.006,31.5,0.008,31.5,0.009,31.5
197.0,0.008,31.5,0.009,31.5,0.009,31.5,0.008,31.5
197.5,0.007,31.5,0.006,31.5,0.007,31.5,0.007,31.5
198.0,0.004,31.5,0.005,31.5,0.003,31.5,0.004,31.5
198.5,0.002,31.5,0.002,31.6,0.002,31.6,0.004,31.5
199.0,-0.001,31.5,-0.001,31.5,-0.002,31.5,0.002,31.6
199.5,-0.005,31.5,-0.005,31.5,-0.003,31.5,-0.005,31.5
200.0,-0.022,31.6,-0.022,31.6,-0.016,31.5,-0.021,31.6
200.5,-0.058,31.6,-0.060,31.6,-0.055,31.6,-0.037,31.6
201.0,-0.104,31.6,-0.104,31.6,-0.099,31.6,-0.069,31.6
201.5,-0.129,31.6,-0.128,31.6,-0.122,31.6,-0.128,31.6
202.0,-0.133,31.5,-0.133,31.5,-0.134,31.6,-0.133,31.5
202.5,-0.111,31.4,-0.111,31.4,-0.127,31.4,-0.113,31.4
203.0,-0.076,31.3,-0.078,31.4,-0.076,31.3,-0.084,31.3
203.5,-0.059,31.3,-0.058,31.4,-0.061,31.3,-0.060,31.3
204.0,-0.053,31.4,-0.053,31.4,-0.052,31.4,-0.054,31.3
204.5,-0.040,31.4,-0.041,31.4,-0.042,31.4,-0.042,31.4
205.0,-0.024,31.5,-0.025,31.5,-0.025,31.4,-0.026,31.5
205.5,-0.023,31.5,-0.023,31.5,-0.024,31.5,-0.024,31.5
206.0,-0.026,31.6,-0.025,31.6,-0.026,31.5,-0.024,31.5
206.5,-0.024,31.6,-0.023,31.6,-0.025,31.6,-0.024,31.6
207.0,-0.020,31.6,-0.021,31.6,-0.021,31.6,-0.021,31.6
207.5,-0.026,31.7,-0.025,31.7,-0.024,31.7,-0.026,31.7
208.0,-0.034,31.7,-0.033,31.7,-0.035,31.7,-0.034,31.7
208.5,-0.034,31.7,-0.034,31.7,-0.034,31.7,-0.033,31.8
209.0,-0.030,31.8,-0.029,31.8,-0.034,31.8,-0.030,31.8
209.5,-0.023,31.8,-0.023,31.8,-0.024,31.7,-0.024,31.8
210.0,-0.027,31.8,-0.027,31.8,-0.023,31.7,-0.026,31.8
210.5,-0.035,31.8,-0.033,31.8,-0.035,31.8,-0.032,31.8
211.0,-0.035,31.8,-0.034,31.8,-0.037,31.8,-0.033,31.8
211.5,-0.022,31.8,-0.022,31.9,-0.028,31.8,-0.021,31.8
212.0,-0.014,31.9,-0.014,31.9,-0.016,31.8,-0.015,31.8
212.5,-0.014,31.9,-0.014,31.8,-0.015,31.8,-0.015,31.9
213.0,-0.022,31.9,-0.023,31.9,-0.021,31.9,-0.016,31.9
213.5,-0.031,31.9,-0.029,31.9,-0.029,31.9,-0.023,31.9
214.0,-0.039,31.9,-0.039,31.9,-0.035,31.9,-0.038,31.9
214.5,-0.034,31.9,-0.035,31.9,-0.034,31.9,-0.037,31.9
215.0,-0.020,31.9,-0.020,31.9,-0.022,31.9,-0.023,31.9
215.5,-0.015,31.9,-0.015,31.9,-0.016,31.9,-0.016,32.0
216.0,-0.012,31.9,-0.012,31.9,-0.013,31.9,-0.011,32.0
216.5,-0.012,32.0,-0.012,32.0,-0.012,31.9,-0.009,31.9
217.0,-0.008,32.0,-0.007,32.0,-0.007,31.9,-0.009,31.9
217.5,0.006,32.0,0.005,32.0,0.002,32.0,0.007,31.9
218.0,0.012,32.0,0.012,32.0,0.011,32.0,0.013,32.0
218.5,0.014,31.9,0.015,32.0,0.014,32.0,0.016,31.9
219.0,0.016,31.9,0.016,31.9,0.014,32.0,0.018,31.9
219.5,0.017,31.9,0.018,32.0,0.015,32.0,0.017,31.9
220.0,0.016,31.9,0.016,31.9,0.016,31.9,0.017,31.9
220.5,0.015,31.9,0.013,31.9,0.015,31.9,0.014,31.9
221.0,0.018,31.8,0.018,31.8,0.020,31.9,0.016,31.9
221.5,0.023,31.9,0.023,31.9,0.023,31.9,0.022,31.9
222.0,0.024,31.8,0.022,31.8,0.024,31.8,0.026,31.8
222.5,0.025,31.8,0.024,31.8,0.025,31.8,0.024,31.8
223.0,0.021,31.7,0.021,31.8,0.022,31.8,0.021,31.8
223.5,0.020,31.7,0.021,31.7,0.020,31.7,0.019,31.7
224.0,0.022,31.7,0.022,31.7,0.020,31.7,0.020,31.7
224.5,0.021,31.7,0.021,31.7,0.020,31.7,0.021,31.7
225.0,0.023,31.7,0.022,31.7,0.023,31.7,0.023,31.7
225.5,0.025,31.7,0.025,31.7,0.023,31.7,0.022,31.6
226.0,0.028,31.6,0.030,31.6,0.029,31.6,0.030,31.6
226.5,0.028,31.6,0.029,31.6,0.030,31.6,0.029,31.6
227.0,0.029,31.6,0.031,31.6,0.030,31.6,0.029,31.6
227.5,0.029,31.6,0.032,31.6,0.031,31.5,0.028,31.5
228.0,0.030,31.5,0.030,31.5,0.029,31.5,0.030,31.5
228.5,0.031,31.5,0.030,31.5,0.028,31.4,0.034,31.5
229.0,0.028,31.5,0.028,31.5,0.026,31.5,0.029,31.5
229.5,0.028,31.5,0.027,31.5,0.025,31.5,0.026,31.5
230.0,0.026,31.4,0.026,31.4,0.028,31.5,0.026,31.4
230.5,0.028,31.4,0.029,31.5,0.029,31.4,0.028,31.5
231.0,0.030,31.4,0.031,31.4,0.031,31.4,0.029,31.4
231.5,0.028,31.4,0.028,31.4,0.027,31.4,0.029,31.4
232.0,0.028,31.4,0.028,31.4,0.026,31.4,0.027,31.4
232.5,0.025,31.4,0.025,31.4,0.026,31.4,0.025,31.4
233.0,0.022,31.4,0.022,31.4,0.026,31.4,0.020,31.4
233.5,0.024,31.4,0.025,31.4,0.024,31.4,0.023,31.4
234.0,0.021,31.4,0.022,31.4,0.022,31.4,0.020,31.4
234.5,0.017,31.4,0.018,31.4,0.019,31.4,0.017,31.4
235.0,0.016,31.4,0.017,31.4,0.017,31.4,0.016,31.4
235.5,0.021,31.4,0.021,31.4,0.021,31.4,0.018,31.4
236.0,0.024,31.4,0.025,31.4,0.022,31.4,0.024,31.4
236.5,0.027,31.4,0.028,31.4,0.025,31.4,0.028,31.4
237.0,0.030,31.4,0.029,31.4,0.030,31.4,0.029,31.4
237.5,0.029,31.4,0.029,31.4,0.029,31.3,0.030,31.3
238.0,0.031,31.3,0.031,31.4,0.028,31.3,0.030,31.3
238.5,0.031,31.3,0.031,31.3,0.032,31.3,0.031,31.3
239.0,0.030,31.3,0.031,31.3,0.033,31.3,0.029,31.3
239.5,0.029,31.3,0.028,31.3,0.030,31.3,0.029,31.3
240.0,0.027,31.3,0.027,31.3,0.026,31.3,0.030,31.3
240.5,0.033,31.3,0.033,31.3,0.028,31.3,0.036,31.3
241.0,0.030,31.3,0.029,31.3,0.031,31.3,0.030,31.3
241.5,0.029,31.3,0.030,31.3,0.029,31.3,0.028,31.3
242.0,0.028,31.2,0.027,31.2,0.029,31.3,0.028,31.3
242.5,0.023,31.2,0.024,31.2,0.024,31.2,0.024,31.2
243.0,0.024,31.3,0.023,31.3,0.023,31.3,0.022,31.3
243.5,0.023,31.2,0.024,31.3,0.024,31.2,0.022,31.2
244.0,0.023,31.2,0.024,31.2,0.023,31.3,0.023,31.2
244.5,0.024,31.3,0.025,31.2,0.023,31.3,0.026,31.3
245.0,0.028,31.3,0.028,31.3,0.029,31.3,0.027,31.3
245.5,0.029,31.3,0.029,31.2,0.029,31.3,0.033,31.2
246.0,0.029,31.2,0.030,31.2,0.029,31.3,0.030,31.2
246.5,0.032,31.3,0.032,31.2,0.032,31.3,0.028,31.2
247.0,0.031,31.2,0.032,31.2,0.034,31.2,0.033,31.2
247.5,0.032,31.2,0.033,31.2,0.035,31.2,0.031,31.2
248.0,0.032,31.2,0.033,31.2,0.033,31.2,0.028,31.2
248.5,0.029,31.2,0.030,31.2,0.032,31.2,0.028,31.2
249.0,0.028,31.2,0.029,31.2,0.029,31.2,0.029,31.2
249.5,0.025,31.2,0.026,31.2,0.028,31.2,0.027,31.2
250.0,0.023,31.2,0.023,31.2,0.025,31.2,0.022,31.2
250.5,0.024,31.2,0.026,31.2,0.023,31.2,0.028,31.2
251.0,0.026,31.2,0.024,31.2,0.024,31.2,0.028,31.2
251.5,0.027,31.2,0.027,31.2,0.029,31.2,0.028,31.2
252.0,0.025,31.2,0.024,31.2,0.025,31.2,0.025,31.2
252.5,0.027,31.2,0.028,31.2,0.025,31.2,0.031,31.2
253.0,0.028,31.2,0.029,31.2,0.031,31.2,0.029,31.2
253.5,0.025,31.2,0.025,31.2,0.027,31.2,0.025,31.2
254.0,0.025,31.2,0.024,31.2,0.024,31.2,0.024,31.2
254.5,0.024,31.2,0.024,31.2,0.021,31.2,0.025,31.2
255.0,0.025,31.2,0.026,31.2,0.024,31.1,0.026,31.2
255.5,0.024,31.2,0.025,31.2,0.024,31.2,0.025,31.2
256.0,0.025,31.2,0.026,31.2,0.028,31.2,0.024,31.2
256.5,0.025,31.2,0.026,31.2,0.026,31.2,0.024,31.2
257.0,0.022,31.2,0.022,31.2,0.022,31.2,0.023,31.2
257.5,0.020,31.2,0.021,31.2,0.026,31.2,0.020,31.2
258.0,0.016,31.2,0.016,31.2,0.016,31.2,0.019,31.2
258.5,0.014,31.2,0.014,31.2,0.014,31.2,0.015,31.2
259.0,0.013,31.2,0.014,31.2,0.015,31.2,0.015,31.2
259.5,0.014,31.2,0.016,31.2,0.016,31.2,0.015,31.2
260.0,0.014,31.3,0.014,31.3,0.015,31.3,0.014,31.2
260.5,0.013,31.3,0.013,31.3,0.016,31.3,0.014,31.3
261.0,0.015,31.3,0.016,31.3,0.017,31.3,0.014,31.3
261.5,0.014,31.3,0.014,31.3,0.014,31.3,0.015,31.3
262.0,0.014,31.3,0.014,31.3,0.014,31.3,0.015,31.3
262.5,0.016,31.3,0.015,31.3,0.014,31.3,0.017,31.3
263.0,0.014,31.3,0.014,31.4,0.016,31.3,0.016,31.3
263.5,0.014,31.3,0.014,31.3,0.014,31.3,0.018,31.3
264.0,0.013,31.3,0.015,31.3,0.014,31.3,0.014,31.4
264.5,0.016,31.4,0.016,31.3,0.015,31.4,0.016,31.4
265.0,0.016,31.4,0.016,31.4,0.015,31.4,0.019,31.4
265.5,0.017,31.3,0.017,31.4,0.018,31.3,0.019,31.4
266.0,0.018,31.3,0.019,31.3,0.017,31.3,0.019,31.4
266.5,0.016,31.4,0.016,31.4,0.016,31.3,0.016,31.3
267.0,0.015,31.4,0.015,31.4,0.015,31.3,0.015,31.4
267.5,0.013,31.4,0.012,31.4,0.014,31.4,0.014,31.4
268.0,0.011,31.4,0.010,31.4,0.011,31.4,0.011,31.4
268.5,0.007,31.4,0.008,31.4,0.008,31.3,0.007,31.4
269.0,0.004,31.4,0.005,31.4,0.005,31.4,0.004,31.4
269.5,0.005,31.4,0.006,31.4,0.004,31.4,0.004,31.4
270.0,0.006,31.4,0.006,31.4,0.006,31.4,0.008,31.4
270.5,0.009,31.4,0.010,31.4,0.007,31.4,0.008,31.4
271.0,0.008,31.4,0.009,31.4,0.008,31.4,0.008,31.4
271.5,0.007,31.4,0.006,31.5,0.007,31.5,0.008,31.5
272.0,0.006,31.5,0.007,31.5,0.008,31.5,0.004,31.5
272.5,0.009,31.5,0.009,31.5,0.006,31.5,0.008,31.5
273.0,0.009,31.5,0.009,31.5,0.009,31.5,0.011,31.5
273.5,0.006,31.5,0.007,31.5,0.008,31.5,0.006,31.5
274.0,0.007,31.5,0.006,31.5,0.003,31.5,0.006,31.5
274.5,0.007,31.5,0.006,31.5,0.006,31.5,0.007,31.5
275.0,0.005,31.5,0.004,31.5,0.007,31.5,0.007,31.5
275.5,0.004,31.5,0.005,31.5,0.006,31.5,0.005,31.5
276.0,0.003,31.5,0.003,31.5,0.002,31.5,0.003,31.6
276.5,0.003,31.6,0.002,31.6,0.000,31.6,0.004,31.6
277.0,0.002,31.5,0.004,31.6,0.002,31.5,0.002,31.6
277.5,0.002,31.6,0.002,31.6,0.002,31.6,-0.000,31.6
278.0,-0.001,31.6,-0.000,31.6,-0.001,31.6,-0.000,31.6
278.5,-0.006,31.6,-0.005,31.6,-0.004,31.6,-0.005,31.6
279.0,-0.014,31.6,-0.014,31.6,-0.014,31.6,-0.010,31.6
279.5,-0.037,31.6,-0.038,31.6,-0.028,31.7,-0.036,31.6
280.0,-0.071,31.7,-0.068,31.7,-0.061,31.7,-0.069,31.6
280.5,-0.109,31.7,-0.106,31.6,-0.092,31.7,-0.110,31.7
281.0,-0.135,31.6,-0.132,31.6,-0.134,31.6,-0.133,31.7
281.5,-0.135,31.5,-0.134,31.5,-0.136,31.5,-0.138,31.5
282.0,-0.103,31.4,-0.103,31.4,-0.120,31.4,-0.114,31.4
282.5,-0.069,31.4,-0.069,31.4,-0.072,31.4,-0.085,31.4
283.0,-0.045,31.4,-0.044,31.4,-0.055,31.4,-0.048,31.4
283.5,-0.029,31.4,-0.029,31.4,-0.036,31.4,-0.031,31.4
284.0,-0.017,31.5,-0.017,31.5,-0.021,31.5,-0.022,31.5
284.5,-0.011,31.5,-0.011,31.6,-0.012,31.5,-0.010,31.6
285.0,-0.010,31.6,-0.010,31.6,-0.009,31.6,-0.008,31.6
285.5,-0.013,31.6,-0.013,31.6,-0.014,31.6,-0.010,31.7
286.0,-0.016,31.7,-0.016,31.7,-0.016,31.7,-0.016,31.7
286.5,-0.017,31.7,-0.017,31.7,-0.017,31.7,-0.017,31.7
287.0,-0.018,31.7,-0.017,31.8,-0.018,31.7,-0.017,31.7
287.5,-0.031,31.8,-0.031,31.8,-0.025,31.7,-0.027,31.8
288.0,-0.033,31.8,-0.033,31.8,-0.026,31.7,-0.032,31.8
288.5,-0.025,31.8,-0.024,31.8,-0.024,31.7,-0.025,31.8
289.0,-0.019,31.8,-0.018,31.9,-0.019,31.8,-0.018,31.9
289.5,-0.018,31.8,-0.018,31.8,-0.018,31.9,-0.015,31.8
290.0,-0.024,31.9,-0.022,31.8,-0.022,31.8,-0.019,31.9
290.5,-0.032,31.9,-0.031,31.9,-0.030,31.9,-0.030,31.9
291.0,-0.044,31.9,-0.045,31.9,-0.043,31.9,-0.039,32.0
291.5,-0.038,31.9,-0.037,31.9,-0.041,31.9,-0.040,31.9
292.0,-0.039,31.9,-0.039,31.9,-0.038,31.9,-0.039,31.9
292.5,-0.042,31.9,-0.041,31.9,-0.042,32.0,-0.042,31.9
293.0,-0.035,31.9,-0.034,31.9,-0.036,31.9,-0.036,31.9
293.5,-0.031,31.9,-0.032,31.9,-0.032,32.0,-0.030,31.9
294.0,-0.033,31.9,-0.034,31.9,-0.032,31.9,-0.031,31.9
294.5,-0.033,31.9,-0.034,31.9,-0.033,31.9,-0.034,31.9
295.0,-0.027,31.9,-0.027,31.9,-0.028,31.9,-0.028,31.9
295.5,-0.017,31.9,-0.018,31.9,-0.026,32.0,-0.018,32.0
296.0,-0.012,32.0,-0.011,32.0,-0.013,32.0,-0.011,32.0
296.5,-0.008,32.0,-0.007,32.0,-0.006,32.0,-0.009,32.0
297.0,-0.007,32.0,-0.007,32.0,-0.007,32.0,-0.007,32.0
297.5,-0.010,32.0,-0.009,32.0,-0.008,32.1,-0.007,32.0
298.0,-0.015,32.0,-0.014,32.0,-0.014,32.1,-0.014,32.0
298.5,-0.010,32.0,-0.010,32.1,-0.013,32.1,-0.010,32.0
299.0,0.000,32.0,0.000,32.0,-0.003,32.0,0.002,32.0
299.5,0.013,32.0,0.014,32.0,0.013,31.9,0.012,32.1
300.0,0.017,32.0,0.017,32.0,0.016,32.0,0.017,32.0
300.5,0.014,32.0,0.014,32.0,0.015,32.0,0.013,32.0
301.0,0.011,32.0,0.011,32.0,0.016,32.0,0.010,32.0
301.5,0.014,32.0,0.013,32.0,0.014,32.0,0.012,32.0
302.0,0.018,31.9,0.017,31.9,0.016,31.9,0.018,31.9
302.5,0.019,31.9,0.018,31.9,0.021,31.9,0.020,31.9
303.0,0.024,31.9,0.024,31.9,0.022,31.9,0.025,31.9
303.5,0.029,31.9,0.029,31.8,0.030,31.9,0.029,31.9
304.0,0.032,31.8,0.032,31.8,0.032,31.8,0.032,31.8
304.5,0.033,31.8,0.033,31.8,0.031,31.8,0.034,31.8
305.0,0.029,31.7,0.030,31.7,0.029,31.7,0.031,31.7
305.5,0.032,31.7,0.032,31.7,0.031,31.7,0.030,31.7
306.0,0.031,31.6,0.032,31.6,0.031,31.7,0.030,31.6
306.5,0.029,31.6,0.028,31.6,0.029,31.6,0.030,31.6
307.0,0.028,31.6,0.028,31.6,0.030,31.6,0.028,31.6
307.5,0.026,31.6,0.028,31.6,0.028,31.6,0.024,31.5
308.0,0.028,31.5,0.029,31.5,0.028,31.5,0.025,31.5
308.5,0.032,31.6,0.029,31.5,0.032,31.5,0.031,31.6
309.0,0.033,31.5,0.034,31.5,0.031,31.6,0.034,31.5
309.5,0.031,31.5,0.031,31.5,0.034,31.5,0.032,31.5
310.0,0.027,31.5,0.026,31.5,0.028,31.5,0.026,31.5
310.5,0.025,31.5,0.025,31.4,0.026,31.4,0.027,31.5
311.0,0.023,31.5,0.024,31.4,0.024,31.4,0.025,31.5
311.5,0.023,31.5,0.024,31.5,0.025,31.4,0.024,31.4
312.0,0.021,31.5,0.021,31.5,0.021,31.5,0.021,31.5
312.5,0.021,31.5,0.021,31.5,0.020,31.5,0.022,31.4
313.0,0.026,31.5,0.027,31.5,0.022,31.5,0.026,31.4
313.5,0.028,31.5,0.029,31.5,0.027,31.5,0.028,31.5
314.0,0.030,31.5,0.029,31.5,0.029,31.4,0.030,31.5
314.5,0.030,31.4,0.032,31.4,0.034,31.4,0.031,31.4
315.0,0.030,31.4,0.028,31.4,0.034,31.4,0.030,31.4
315.5,0.031,31.4,0.030,31.4,0.030,31.4,0.032,31.4
316.0,0.030,31.4,0.030,31.4,0.031,31.4,0.033,31.3
316.5,0.028,31.4,0.027,31.4,0.029,31.4,0.028,31.4
317.0,0.025,31.4,0.026,31.4,0.025,31.4,0.024,31.4
317.5,0.026,31.3,0.025,31.3,0.026,31.4,0.023,31.4
318.0,0.029,31.4,0.027,31.4,0.026,31.4,0.028,31.4
318.5,0.027,31.4,0.027,31.3,0.024,31.3,0.027,31.4
319.0,0.028,31.3,0.028,31.3,0.026,31.4,0.030,31.4
319.5,0.025,31.3,0.025,31.3,0.027,31.3,0.026,31.3
320.0,0.024,31.3,0.024,31.3,0.026,31.3,0.025,31.3
320.5,0.024,31.3,0.024,31.4,0.025,31.3,0.024,31.3
321.0,0.024,31.3,0.023,31.4,0.023,31.3,0.024,31.3
321.5,0.022,31.3,0.021,31.4,0.020,31.3,0.023,31.4
322.0,0.019,31.3,0.019,31.3,0.020,31.3,0.022,31.4
322.5,0.024,31.4,0.025,31.3,0.024,31.4,0.023,31.4
323.0,0.026,31.4,0.027,31.4,0.026,31.4,0.026,31.4
323.5,0.029,31.4,0.027,31.4,0.026,31.3,0.029,31.3
324.0,0.029,31.3,0.029,31.3,0.030,31.3,0.028,31.3
324.5,0.029,31.3,0.029,31.3,0.028,31.3,0.028,31.3
325.0,0.031,31.3,0.032,31.3,0.031,31.3,0.032,31.3
325.5,0.028,31.3,0.029,31.3,0.029,31.3,0.029,31.3
326.0,0.029,31.3,0.028,31.3,0.026,31.3,0.028,31.3
326.5,0.028,31.3,0.030,31.3,0.028,31.3,0.028,31.2
327.0,0.029,31.3,0.029,31.3,0.030,31.3,0.028,31.3
327.5,0.026,31.3,0.028,31.3,0.027,31.3,0.026,31.3
328.0,0.024,31.3,0.027,31.2,0.027,31.3,0.024,31.3
328.5,0.026,31.3,0.026,31.3,0.027,31.2,0.026,31.3
329.0,0.026,31.3,0.026,31.3,0.026,31.3,0.026,31.3
329.5,0.025,31.2,0.026,31.3,0.025,31.3,0.026,31.2
330.0,0.023,31.2,0.024,31.2,0.023,31.2,0.022,31.2
330.5,0.021,31.3,0.021,31.3,0.022,31.2,0.021,31.2
331.0,0.022,31.3,0.021,31.3,0.023,31.2,0.022,31.2
331.5,0.022,31.3,0.021,31.3,0.024,31.3,0.023,31.3
332.0,0.027,31.3,0.027,31.3,0.028,31.3,0.029,31.3
332.5,0.026,31.3,0.027,31.3,0.028,31.3,0.026,31.3
333.0,0.027,31.3,0.028,31.3,0.028,31.3,0.028,31.3
333.5,0.029,31.3,0.028,31.3,0.027,31.3,0.030,31.3
334.0,0.026,31.3,0.026,31.3,0.032,31.3,0.028,31.3
334.5,0.028,31.3,0.027,31.3,0.032,31.3,0.027,31.2
335.0,0.026,31.2,0.027,31.3,0.028,31.2,0.027,31.3
335.5,0.026,31.2,0.026,31.2,0.024,31.2,0.026,31.2
336.0,0.022,31.2,0.021,31.3,0.022,31.2,0.022,31.3
336.5,0.017,31.3,0.016,31.3,0.021,31.3,0.016,31.3
337.0,0.017,31.3,0.016,31.3,0.017,31.3,0.015,31.3
337.5,0.016,31.3,0.016,31.3,0.016,31.3,0.019,31.2
338.0,0.019,31.3,0.021,31.3,0.019,31.3,0.018,31.3
338.5,0.020,31.3,0.019,31.3,0.018,31.3,0.020,31.3
339.0,0.020,31.3,0.019,31.3,0.019,31.3,0.018,31.3
339.5,0.019,31.3,0.020,31.3,0.019,31.3,0.019,31.3
340.0,0.020,31.3,0.021,31.3,0.020,31.3,0.020,31.3
340.5,0.021,31.3,0.021,31.3,0.020,31.3,0.022,31.3
341.0,0.018,31.3,0.018,31.3,0.019,31.3,0.017,31.3
341.5,0.015,31.3,0.015,31.3,0.020,31.3,0.017,31.4
342.0,0.017,31.3,0.016,31.3,0.017,31.3,0.018,31.4
342.5,0.015,31.3,0.017,31.3,0.018,31.4,0.018,31.3
343.0,0.015,31.3,0.016,31.3,0.014,31.3,0.017,31.3
343.5,0.012,31.4,0.013,31.4,0.012,31.3,0.012,31.4
344.0,0.013,31.4,0.014,31.4,0.013,31.4,0.013,31.4
344.5,0.013,31.4,0.013,31.4,0.011,31.4,0.016,31.4
345.0,0.012,31.4,0.012,31.4,0.014,31.4,0.014,31.4
345.5,0.008,31.4,0.008,31.4,0.016,31.4,0.010,31.4
346.0,0.005,31.4,0.004,31.4,0.006,31.4,0.007,31.4
346.5,0.004,31.4,0.004,31.4,0.005,31.4,0.007,31.4
347.0,0.005,31.4,0.005,31.4,0.004,31.4,0.006,31.4
347.5,0.009,31.5,0.008,31.5,0.007,31.4,0.010,31.5
348.0,0.010,31.5,0.010,31.5,0.012,31.4,0.012,31.5
348.5,0.008,31.5,0.009,31.5,0.009,31.5,0.013,31.5
349.0,0.008,31.5,0.008,31.5,0.008,31.5,0.009,31.5
349.5,0.009,31.5,0.009,31.5,0.011,31.5,0.009,31.5
350.0,0.012,31.5,0.012,31.5,0.012,31.4,0.011,31.5
350.5,0.011,31.5,0.011,31.5,0.012,31.4,0.012,31.5
351.0,0.009,31.5,0.011,31.5,0.008,31.5,0.010,31.5
351.5,0.009,31.5,0.010,31.5,0.008,31.5,0.008,31.5
352.0,0.009,31.5,0.008,31.5,0.008,31.5,0.008,31.5
352.5,0.011,31.5,0.010,31.5,0.009,31.5,0.011,31.5
353.0,0.008,31.5,0.008,31.5,0.008,31.5,0.010,31.6
353.5,0.007,31.5,0.008,31.5,0.004,31.5,0.009,31.5
354.0,0.008,31.5,0.009,31.5,0.006,31.5,0.007,31.5
354.5,0.005,31.5,0.006,31.5,0.006,31.5,0.006,31.5
355.0,0.003,31.5,0.002,31.5,0.005,31.5,0.005,31.5
355.5,-0.000,31.5,0.001,31.6,0.003,31.5,0.000,31.5
356.0,-0.001,31.6,-0.002,31.6,0.000,31.5,0.002,31.5
356.5,-0.000,31.6,-0.001,31.6,-0.001,31.6,-0.000,31.6
357.0,0.001,31.6,0.001,31.6,0.000,31.6,0.002,31.6
357.5,0.002,31.6,0.002,31.6,0.002,31.6,0.002,31.6
358.0,-0.001,31.6,-0.001,31.6,-0.000,31.6,-0.001,31.6
358.5,-0.004,31.6,-0.003,31.6,-0.003,31.6,-0.004,31.6
359.0,-0.012,31.7,-0.011,31.6,-0.012,31.6,-0.009,31.7
359.5,-0.031,31.7,-0.030,31.7,-0.031,31.6,-0.026,31.7
360.0,-0.062,31.7,-0.059,31.7,-0.060,31.7,-0.032,31.7
360.5,-0.103,31.7,-0.101,31.7,-0.074,31.7,-0.066,31.7
361.0,-0.136,31.6,-0.135,31.7,-0.082,31.7,-0.133,31.7
361.5,-0.145,31.5,-0.144,31.5,-0.143,31.5,-0.144,31.6
362.0,-0.121,31.4,-0.122,31.4,-0.126,31.4,-0.124,31.4
362.5,-0.083,31.4,-0.082,31.4,-0.102,31.4,-0.092,31.4
363.0,-0.054,31.4,-0.055,31.3,-0.080,31.4,-0.056,31.4
363.5,-0.040,31.4,-0.040,31.4,-0.043,31.4,-0.041,31.4
364.0,-0.039,31.5,-0.036,31.5,-0.040,31.5,-0.038,31.5
364.5,-0.039,31.5,-0.034,31.5,-0.039,31.5,-0.038,31.5
365.0,-0.029,31.6,-0.029,31.5,-0.034,31.5,-0.032,31.6
365.5,-0.025,31.6,-0.024,31.6,-0.028,31.6,-0.025,31.6
366.0,-0.024,31.6,-0.023,31.7,-0.023,31.6,-0.023,31.6
366.5,-0.020,31.7,-0.017,31.7,-0.019,31.7,-0.022,31.7
367.0,-0.018,31.7,-0.016,31.7,-0.018,31.7,-0.017,31.7
367.5,-0.021,31.8,-0.020,31.7,-0.021,31.7,-0.020,31.7
368.0,-0.026,31.8,-0.026,31.8,-0.026,31.8,-0.024,31.7
368.5,-0.031,31.8,-0.031,31.8,-0.030,31.8,-0.030,31.8
369.0,-0.030,31.8,-0.030,31.8,-0.030,31.8,-0.030,31.8
369.5,-0.022,31.8,-0.023,31.8,-0.023,31.8,-0.022,31.8
370.0,-0.020,31.9,-0.020,31.9,-0.020,31.9,-0.020,31.9
370.5,-0.025,31.9,-0.024,31.9,-0.023,31.9,-0.024,31.9
371.0,-0.025,31.9,-0.026,31.9,-0.024,31.9,-0.027,31.9
371.5,-0.020,31.9,-0.021,31.9,-0.021,31.9,-0.021,31.9
372.0,-0.014,31.9,-0.016,32.0,-0.015,31.9,-0.015,31.9
372.5,-0.024,31.9,-0.023,32.0,-0.021,31.9,-0.023,32.0
373.0,-0.029,32.0,-0.029,32.0,-0.029,31.9,-0.024,32.0
373.5,-0.029,32.0,-0.028,32.0,-0.029,31.9,-0.030,32.0
374.0,-0.020,31.9,-0.020,32.0,-0.022,31.9,-0.028,32.0
374.5,-0.013,32.0,-0.013,32.0,-0.011,32.0,-0.016,32.0
375.0,-0.016,32.0,-0.017,32.0,-0.016,32.0,-0.014,32.0
375.5,-0.014,32.0,-0.015,32.0,-0.015,32.0,-0.014,32.0
376.0,-0.009,32.0,-0.010,32.0,-0.008,32.0,-0.008,32.0
376.5,-0.006,32.0,-0.006,32.0,-0.008,32.0,-0.005,32.0
377.0,-0.013,32.0,-0.011,32.0,-0.013,32.0,-0.009,32.0
377.5,-0.016,32.0,-0.016,32.0,-0.015,32.0,-0.014,32.0
378.0,-0.015,32.1,-0.015,32.0,-0.017,32.0,-0.014,32.0
378.5,-0.010,32.0,-0.011,32.1,-0.012,32.0,-0.013,32.1
379.0,0.004,32.0,0.001,32.0,0.002,32.0,0.002,32.1
379.5,0.013,32.0,0.012,32.0,0.013,32.1,0.012,32.1
380.0,0.015,32.0,0.015,32.0,0.016,32.1,0.015,32.0
380.5,0.021,32.0,0.022,32.0,0.021,32.0,0.021,32.0
381.0,0.023,32.0,0.025,32.0,0.021,32.0,0.022,32.0
381.5,0.023,31.9,0.023,31.9,0.021,32.0,0.022,31.9
382.0,0.026,31.9,0.027,31.9,0.025,31.9,0.024,31.9
382.5,0.029,31.9,0.029,31.9,0.028,31.9,0.029,31.9
383.0,0.029,31.8,0.028,31.9,0.029,31.8,0.030,31.8
383.5,0.028,31.8,0.027,31.8,0.027,31.8,0.026,31.8
384.0,0.027,31.7,0.029,31.7,0.031,31.8,0.027,31.8
384.5,0.023,31.7,0.027,31.7,0.022,31.7,0.023,31.8
385.0,0.024,31.7,0.025,31.7,0.027,31.7,0.022,31.7
385.5,0.025,31.7,0.025,31.6,0.027,31.7,0.023,31.6
386.0,0.027,31.7,0.029,31.7,0.028,31.7,0.026,31.7
386.5,0.029,31.7,0.030,31.7,0.031,31.7,0.030,31.6
387.0,0.027,31.6,0.027,31.7,0.028,31.6,0.027,31.6
387.5,0.024,31.6,0.024,31.6,0.025,31.6,0.024,31.5
388.0,0.025,31.6,0.024,31.6,0.024,31.6,0.025,31.6
388.5,0.025,31.6,0.026,31.6,0.024,31.6,0.025,31.6
389.0,0.023,31.6,0.023,31.5,0.022,31.6,0.022,31.6
389.5,0.021,31.6,0.021,31.5,0.020,31.6,0.021,31.6
390.0,0.023,31.6,0.024,31.5,0.021,31.6,0.024,31.6
390.5,0.025,31.6,0.025,31.6,0.024,31.6,0.024,31.6
391.0,0.028,31.5,0.028,31.5,0.025,31.6,0.031,31.6
391.5,0.028,31.5,0.029,31.5,0.027,31.5,0.033,31.6
392.0,0.031,31.5,0.032,31.5,0.030,31.5,0.032,31.5
392.5,0.034,31.5,0.037,31.5,0.033,31.5,0.036,31.5
393.0,0.032,31.4,0.032,31.5,0.033,31.5,0.034,31.4
393.5,0.032,31.4,0.032,31.4,0.034,31.4,0.032,31.4
394.0,0.031,31.4,0.031,31.4,0.031,31.4,0.031,31.4
394.5,0.029,31.4,0.029,31.4,0.026,31.4,0.030,31.4
395.0,0.028,31.4,0.029,31.4,0.027,31.4,0.028,31.4
395.5,0.028,31.4,0.030,31.4,0.027,31.4,0.027,31.4
396.0,0.031,31.4,0.032,31.4,0.032,31.4,0.032,31.4
396.5,0.028,31.4,0.027,31.4,0.029,31.4,0.034,31.4
397.0,0.026,31.4,0.026,31.4,0.028,31.4,0.028,31.4
397.5,0.023,31.3,0.023,31.4,0.025,31.3,0.024,31.3
398.0,0.024,31.4,0.023,31.4,0.024,31.4,0.024,31.4
398.5,0.023,31.4,0.024,31.4,0.024,31.4,0.024,31.4
399.0,0.023,31.4,0.023,31.4,0.024,31.4,0.025,31.3
399.5,0.024,31.4,0.023,31.3,0.023,31.4,0.023,31.4
400.0,0.025,31.4,0.025,31.4,0.024,31.4,0.022,31.4
400.5,0.027,31.4,0.027,31.4,0.028,31.4,0.027,31.4
401.0,0.027,31.4,0.027,31.4,0.027,31.4,0.029,31.3
401.5,0.026,31.3,0.028,31.4,0.025,31.4,0.027,31.4
402.0,0.029,31.3,0.029,31.4,0.029,31.3,0.028,31.3
402.5,0.028,31.4,0.026,31.4,0.028,31.3,0.029,31.4
403.0,0.028,31.3,0.028,31.4,0.027,31.3,0.028,31.4
403.5,0.026,31.3,0.025,31.4,0.028,31.3,0.025,31.4
404.0,0.025,31.3,0.026,31.3,0.026,31.4,0.025,31.4
404.5,0.030,31.3,0.030,31.3,0.028,31.4,0.031,31.3
405.0,0.030,31.3,0.031,31.3,0.031,31.3,0.031,31.3
405.5,0.031,31.3,0.032,31.3,0.030,31.3,0.034,31.3
406.0,0.028,31.3,0.028,31.3,0.030,31.3,0.029,31.3
406.5,0.025,31.3,0.026,31.3,0.026,31.3,0.027,31.3
407.0,0.023,31.3,0.024,31.3,0.023,31.3,0.024,31.3
407.5,0.021,31.3,0.021,31.3,0.021,31.3,0.021,31.3
408.0,0.022,31.3,0.023,31.3,0.022,31.3,0.024,31.3
408.5,0.022,31.3,0.023,31.4,0.022,31.3,0.023,31.3
409.0,0.024,31.3,0.022,31.3,0.021,31.3,0.024,31.3
409.5,0.027,31.3,0.027,31.3,0.026,31.3,0.025,31.3
410.0,0.027,31.3,0.028,31.3,0.025,31.3,0.025,31.3
410.5,0.029,31.3,0.029,31.3,0.029,31.4,0.028,31.3
411.0,0.028,31.3,0.028,31.3,0.028,31.4,0.028,31.3
411.5,0.030,31.3,0.029,31.3,0.029,31.3,0.028,31.3
412.0,0.029,31.3,0.030,31.3,0.031,31.3,0.029,31.3
412.5,0.027,31.3,0.027,31.3,0.028,31.3,0.026,31.3
413.0,0.026,31.3,0.026,31.3,0.025,31.3,0.025,31.3
413.5,0.020,31.3,0.019,31.3,0.024,31.3,0.020,31.3
414.0,0.020,31.3,0.020,31.3,0.022,31.3,0.019,31.3
414.5,0.018,31.3,0.019,31.3,0.019,31.3,0.020,31.3
415.0,0.022,31.3,0.022,31.3,0.021,31.3,0.020,31.3
415.5,0.025,31.3,0.025,31.3,0.025,31.3,0.024,31.3
416.0,0.024,31.3,0.023,31.3,0.023,31.3,0.024,31.3
416.5,0.023,31.3,0.024,31.3,0.022,31.3,0.028,31.3
417.0,0.022,31.3,0.022,31.3,0.023,31.4,0.023,31.3
417.5,0.023,31.3,0.026,31.3,0.023,31.3,0.024,31.3
418.0,0.021,31.3,0.021,31.3,0.022,31.3,0.020,31.3
418.5,0.019,31.3,0.018,31.3,0.019,31.3,0.019,31.3
419.0,0.019,31.3,0.020,31.3,0.019,31.3,0.020,31.3
419.5,0.019,31.3,0.019,31.3,0.018,31.4,0.020,31.3
420.0,0.019,31.4,0.020,31.3,0.017,31.4,0.020,31.4
420.5,0.018,31.3,0.018,31.3,0.017,31.3,0.018,31.4
421.0,0.018,31.3,0.019,31.3,0.018,31.3,0.014,31.3
421.5,0.019,31.4,0.019,31.4,0.018,31.3,0.019,31.4
422.0,0.015,31.4,0.015,31.4,0.014,31.4,0.014,31.4
422.5,0.014,31.4,0.015,31.4,0.015,31.3,0.015,31.4
423.0,0.012,31.4,0.013,31.4,0.013,31.4,0.013,31.4
423.5,0.009,31.4,0.011,31.4,0.012,31.4,0.009,31.4
424.0,0.009,31.4,0.009,31.4,0.010,31.4,0.008,31.4
424.5,0.008,31.4,0.009,31.4,0.010,31.4,0.008,31.5
425.0,0.011,31.4,0.010,31.5,0.012,31.4,0.012,31.4
425.5,0.010,31.5,0.010,31.4,0.011,31.5,0.012,31.4
426.0,0.013,31.5,0.012,31.5,0.014,31.5,0.011,31.4
426.5,0.011,31.5,0.012,31.5,0.011,31.5,0.011,31.5
427.0,0.015,31.5,0.015,31.5,0.008,31.5,0.015,31.5
427.5,0.016,31.5,0.016,31.5,0.018,31.5,0.017,31.5
428.0,0.011,31.5,0.011,31.5,0.016,31.5,0.014,31.5
428.5,0.010,31.5,0.010,31.5,0.010,31.4,0.010,31.5
429.0,0.011,31.5,0.011,31.5,0.012,31.5,0.010,31.5
429.5,0.012,31.5,0.010,31.5,0.012,31.5,0.011,31.5
430.0,0.010,31.5,0.011,31.5,0.011,31.5,0.012,31.4
430.5,0.007,31.5,0.007,31.5,0.008,31.5,0.008,31.5
431.0,0.008,31.5,0.007,31.5,0.008,31.5,0.008,31.5
431.5,0.006,31.5,0.007,31.5,0.004,31.5,0.006,31.5
432.0,0.006,31.6,0.006,31.6,0.006,31.5,0.007,31.6
432.5,0.005,31.5,0.005,31.5,0.004,31.6,0.006,31.5
433.0,0.003,31.6,0.003,31.6,0.004,31.6,0.004,31.6
433.5,0.003,31.6,0.003,31.6,0.002,31.6,0.003,31.6
434.0,0.001,31.6,0.002,31.5,0.000,31.6,0.003,31.6
434.5,0.003,31.6,0.004,31.6,0.001,31.6,0.003,31.7
435.0,0.003,31.6,0.003,31.6,0.002,31.6,0.003,31.6
435.5,0.003,31.6,0.004,31.6,0.002,31.6,0.004,31.6
436.0,0.002,31.6,0.004,31.7,0.000,31.6,0.005,31.6
436.5,0.002,31.7,0.003,31.7,0.003,31.7,0.006,31.7
437.0,0.008,31.7,0.009,31.6,0.007,31.7,0.008,31.7
437.5,0.006,31.7,0.007,31.7,0.007,31.7,0.006,31.6
438.0,0.005,31.7,0.004,31.7,0.005,31.7,0.006,31.7
438.5,0.004,31.7,0.003,31.7,0.005,31.7,0.005,31.7
439.0,0.002,31.7,0.002,31.7,0.002,31.7,0.003,31.7
439.5,-0.009,31.7,-0.008,31.7,-0.007,31.7,-0.005,31.7
440.0,-0.037,31.7,-0.036,31.7,-0.034,31.7,-0.033,31.7
440.5,-0.084,31.7,-0.080,31.7,-0.084,31.7,-0.078,31.7
441.0,-0.140,31.7,-0.139,31.7,-0.138,31.7,-0.133,31.7
441.5,-0.160,31.6,-0.160,31.6,-0.160,31.6,-0.159,31.7
442.0,-0.140,31.5,-0.140,31.5,-0.143,31.5,-0.144,31.5
442.5,-0.104,31.4,-0.102,31.4,-0.108,31.4,-0.110,31.4
443.0,-0.077,31.4,-0.076,31.4,-0.081,31.4,-0.082,31.4
443.5,-0.054,31.4,-0.057,31.4,-0.054,31.4,-0.061,31.4
444.0,-0.044,31.5,-0.044,31.5,-0.045,31.4,-0.045,31.4
444.5,-0.034,31.5,-0.035,31.5,-0.036,31.5,-0.036,31.5
445.0,-0.027,31.6,-0.026,31.6,-0.026,31.6,-0.028,31.5
445.5,-0.027,31.6,-0.027,31.6,-0.028,31.6,-0.027,31.6
446.0,-0.032,31.7,-0.029,31.7,-0.031,31.6,-0.031,31.6
446.5,-0.031,31.7,-0.031,31.7,-0.030,31.7,-0.031,31.7
447.0,-0.021,31.7,-0.021,31.7,-0.028,31.7,-0.022,31.7
447.5,-0.014,31.8,-0.013,31.8,-0.023,31.8,-0.014,31.7
448.0,-0.020,31.8,-0.019,31.8,-0.017,31.8,-0.019,31.8
448.5,-0.021,31.8,-0.021,31.8,-0.020,31.8,-0.021,31.9
449.0,-0.017,31.9,-0.017,31.9,-0.017,31.9,-0.024,31.9
449.5,-0.012,31.9,-0.013,31.9,-0.011,31.9,-0.017,31.9
450.0,-0.017,31.9,-0.017,31.9,-0.017,31.9,-0.014,31.9
450.5,-0.021,31.9,-0.021,31.9,-0.019,31.9,-0.019,32.0
451.0,-0.025,31.9,-0.023,31.9,-0.025,31.9,-0.025,32.0
451.5,-0.025,32.0,-0.025,32.0,-0.026,32.0,-0.027,32.0
452.0,-0.023,32.0,-0.022,32.0,-0.022,32.0,-0.024,32.0
452.5,-0.026,32.0,-0.027,32.0,-0.026,32.0,-0.024,32.0
453.0,-0.021,32.0,-0.020,32.0,-0.022,32.0,-0.024,32.0
453.5,-0.014,32.0,-0.014,32.0,-0.016,32.0,-0.016,32.1
454.0,-0.013,32.0,-0.013,32.0,-0.012,32.0,-0.015,32.1
454.5,-0.019,32.1,-0.019,32.1,-0.012,32.0,-0.019,32.0
455.0,-0.042,32.1,-0.042,32.1,-0.031,32.1,-0.035,32.1
455.5,-0.054,32.1,-0.053,32.1,-0.052,32.0,-0.055,32.0
456.0,-0.038,32.1,-0.038,32.0,-0.056,32.0,-0.039,32.1
456.5,-0.023,32.1,-0.023,32.1,-0.031,32.0,-0.024,32.1
457.0,-0.013,32.1,-0.012,32.1,-0.018,32.0,-0.013,32.1
457.5,-0.008,32.1,-0.008,32.1,-0.010,32.1,-0.009,32.1
458.0,-0.004,32.1,-0.005,32.1,-0.005,32.1,-0.005,32.1
458.5,-0.000,32.1,0.000,32.1,-0.001,32.1,-0.003,32.1
459.0,0.009,32.1,0.008,32.1,0.009,32.1,0.008,32.1
459.5,0.018,32.1,0.018,32.1,0.016,32.1,0.017,32.1
460.0,0.022,32.1,0.021,32.1,0.021,32.1,0.020,32.1
460.5,0.022,32.1,0.022,32.1,0.022,32.1,0.022,32.1
461.0,0.023,32.0,0.022,32.0,0.022,32.1,0.023,32.1
461.5,0.025,32.0,0.025,32.0,0.022,32.0,0.028,32.0
462.0,0.026,32.0,0.026,32.0,0.024,32.0,0.028,32.0
462.5,0.027,31.9,0.029,31.9,0.026,32.0,0.027,31.9
463.0,0.030,31.9,0.031,31.9,0.027,31.9,0.028,31.9
463.5,0.033,31.8,0.033,31.9,0.031,31.8,0.032,31.8
464.0,0.032,31.8,0.030,31.8,0.033,31.9,0.033,31.8
464.5,0.031,31.8,0.029,31.8,0.032,31.8,0.032,31.7
465.0,0.029,31.7,0.029,31.7,0.029,31.7,0.030,31.7
465.5,0.027,31.7,0.028,31.7,0.028,31.7,0.028,31.7
466.0,0.028,31.7,0.028,31.7,0.030,31.7,0.028,31.7
466.5,0.024,31.7,0.024,31.7,0.028,31.7,0.025,31.7
467.0,0.021,31.7,0.021,31.7,0.026,31.7,0.022,31.7
467.5,0.022,31.7,0.024,31.7,0.021,31.7,0.022,31.7
468.0,0.027,31.7,0.028,31.7,0.027,31.7,0.024,31.7
468.5,0.030,31.6,0.030,31.7,0.029,31.6,0.029,31.6
469.0,0.029,31.6,0.029,31.6,0.029,31.6,0.030,31.6
469.5,0.029,31.6,0.029,31.6,0.031,31.6,0.030,31.5
470.0,0.027,31.6,0.027,31.6,0.029,31.6,0.027,31.6
470.5,0.028,31.6,0.027,31.6,0.028,31.6,0.026,31.6
471.0,0.027,31.6,0.027,31.6,0.028,31.6,0.027,31.6
471.5,0.025,31.6,0.025,31.6,0.026,31.6,0.028,31.6
472.0,0.025,31.6,0.025,31.6,0.024,31.5,0.025,31.6
472.5,0.025,31.6,0.024,31.6,0.024,31.6,0.025,31.6
473.0,0.030,31.6,0.028,31.5,0.032,31.6,0.029,31.6
473.5,0.030,31.6,0.029,31.5,0.032,31.5,0.033,31.6
474.0,0.028,31.5,0.028,31.5,0.030,31.5,0.030,31.6
474.5,0.026,31.5,0.026,31.5,0.025,31.5,0.031,31.5
475.0,0.021,31.5,0.020,31.5,0.021,31.5,0.021,31.5
475.5,0.022,31.5,0.024,31.6,0.023,31.5,0.022,31.5
476.0,0.018,31.5,0.019,31.5,0.019,31.5,0.023,31.5
476.5,0.019,31.5,0.019,31.5,0.018,31.5,0.019,31.5
477.0,0.020,31.6,0.019,31.5,0.020,31.6,0.019,31.5
477.5,0.021,31.6,0.022,31.6,0.021,31.6,0.022,31.6
478.0,0.027,31.5,0.028,31.6,0.027,31.6,0.028,31.6
478.5,0.028,31.6,0.029,31.6,0.032,31.6,0.028,31.6
479.0,0.030,31.5,0.029,31.5,0.030,31.5,0.028,31.5
479.5,0.030,31.5,0.028,31.5,0.033,31.5,0.028,31.5
480.0,0.029,31.5,0.029,31.5,0.032,31.5,0.028,31.5
480.5,0.030,31.5,0.029,31.5,0.031,31.5,0.029,31.5
481.0,0.028,31.5,0.028,31.4,0.027,31.5,0.029,31.5
481.5,0.028,31.5,0.028,31.5,0.027,31.5,0.029,31.5
482.0,0.029,31.5,0.030,31.5,0.028,31.5,0.029,31.4
482.5,0.034,31.5,0.033,31.5,0.033,31.5,0.033,31.5
483.0,0.034,31.4,0.032,31.5,0.033,31.4,0.034,31.5
483.5,0.030,31.4,0.030,31.5,0.033,31.5,0.030,31.4
484.0,0.029,31.4,0.028,31.4,0.027,31.5,0.030,31.4
484.5,0.024,31.4,0.025,31.5,0.024,31.4,0.025,31.4
485.0,0.022,31.4,0.024,31.4,0.022,31.4,0.022,31.4
485.5,0.022,31.5,0.022,31.4,0.023,31.5,0.022,31.5
486.0,0.022,31.4,0.022,31.4,0.022,31.4,0.022,31.5
486.5,0.025,31.5,0.025,31.5,0.025,31.5,0.024,31.4
487.0,0.026,31.4,0.026,31.5,0.026,31.5,0.027,31.5
487.5,0.029,31.4,0.030,31.5,0.026,31.4,0.027,31.4
488.0,0.030,31.4,0.031,31.4,0.029,31.5,0.030,31.4
488.5,0.032,31.4,0.033,31.4,0.031,31.5,0.026,31.4
489.0,0.032,31.4,0.031,31.4,0.033,31.4,0.031,31.4
489.5,0.029,31.4,0.029,31.4,0.028,31.4,0.029,31.4
490.0,0.030,31.4,0.030,31.4,0.028,31.4,0.030,31.4
490.5,0.027,31.4,0.029,31.4,0.028,31.4,0.032,31.4
491.0,0.025,31.4,0.024,31.4,0.024,31.4,0.027,31.4
491.5,0.021,31.4,0.022,31.4,0.021,31.4,0.021,31.4
492.0,0.021,31.4,0.022,31.4,0.020,31.4,0.018,31.4
492.5,0.023,31.4,0.022,31.4,0.023,31.4,0.020,31.4
493.0,0.024,31.4,0.024,31.5,0.023,31.4,0.023,31.4
493.5,0.026,31.4,0.025,31.4,0.026,31.4,0.025,31.4
494.0,0.024,31.4,0.023,31.4,0.025,31.4,0.027,31.4
494.5,0.024,31.4,0.024,31.4,0.020,31.4,0.025,31.4
495.0,0.024,31.4,0.023,31.4,0.024,31.4,0.023,31.4
495.5,0.021,31.4,0.022,31.4,0.022,31.4,0.022,31.4
496.0,0.021,31.4,0.021,31.4,0.020,31.4,0.022,31.5
496.5,0.021,31.4,0.020,31.5,0.021,31.4,0.020,31.5
497.0,0.022,31.4,0.021,31.5,0.022,31.4,0.023,31.5
497.5,0.023,31.4,0.023,31.4,0.023,31.4,0.024,31.4
498.0,0.021,31.5,0.021,31.5,0.019,31.5,0.028,31.5
498.5,0.020,31.5,0.021,31.5,0.020,31.5,0.021,31.5
499.0,0.019,31.5,0.019,31.5,0.019,31.5,0.021,31.4
499.5,0.021,31.5,0.021,31.5,0.018,31.5,0.020,31.5
500.0,0.019,31.5,0.018,31.5,0.019,31.5,0.020,31.5
500.5,0.016,31.5,0.016,31.5,0.014,31.4,0.018,31.5
501.0,0.012,31.5,0.012,31.5,0.013,31.5,0.013,31.5
501.5,0.009,31.5,0.009,31.5,0.010,31.5,0.009,31.5
502.0,0.012,31.5,0.010,31.5,0.010,31.5,0.012,31.5
502.5,0.012,31.5,0.013,31.5,0.012,31.6,0.012,31.5
503.0,0.012,31.5,0.013,31.6,0.012,31.5,0.010,31.5
503.5,0.013,31.6,0.012,31.6,0.012,31.6,0.012,31.6
504.0,0.010,31.6,0.010,31.6,0.009,31.6,0.010,31.6
504.5,0.010,31.6,0.010,31.6,0.008,31.6,0.010,31.6
505.0,0.011,31.6,0.011,31.6,0.014,31.6,0.009,31.6
505.5,0.013,31.6,0.013,31.6,0.012,31.6,0.012,31.6
506.0,0.011,31.6,0.011,31.6,0.012,31.6,0.011,31.6
506.5,0.012,31.6,0.011,31.6,0.012,31.6,0.013,31.6
507.0,0.012,31.6,0.011,31.6,0.012,31.6,0.012,31.7
507.5,0.009,31.6,0.008,31.7,0.008,31.6,0.010,31.6
508.0,0.010,31.7,0.010,31.7,0.010,31.6,0.010,31.6
508.5,0.010,31.7,0.010,31.7,0.009,31.6,0.010,31.7
509.0,0.010,31.7,0.011,31.7,0.010,31.7,0.009,31.7
509.5,0.007,31.7,0.008,31.7,0.007,31.7,0.008,31.6
510.0,0.007,31.7,0.007,31.7,0.008,31.7,0.009,31.7
510.5,0.008,31.7,0.007,31.7,0.008,31.7,0.014,31.7
511.0,0.005,31.7,0.005,31.7,0.006,31.7,0.007,31.7
511.5,0.005,31.8,0.006,31.8,0.006,31.7,0.006,31.7
512.0,0.006,31.7,0.006,31.7,0.004,31.7,0.006,31.8
512.5,0.005,31.7,0.005,31.8,0.005,31.7,0.003,31.7
513.0,0.006,31.7,0.007,31.8,0.007,31.7,0.006,31.7
513.5,0.005,31.8,0.004,31.7,0.005,31.7,0.005,31.8
514.0,0.005,31.8,0.004,31.8,0.004,31.7,0.005,31.8
514.5,0.007,31.8,0.007,31.8,0.007,31.8,0.006,31.8
515.0,0.008,31.8,0.009,31.8,0.008,31.8,0.008,31.8
515.5,0.006,31.8,0.006,31.8,0.007,31.8,0.010,31.8
516.0,0.005,31.8,0.006,31.8,0.005,31.8,0.008,31.8
516.5,0.006,31.8,0.008,31.8,0.004,31.8,0.006,31.8
517.0,0.007,31.8,0.007,31.8,0.007,31.8,0.007,31.8
517.5,0.005,31.8,0.004,31.8,0.006,31.8,0.005,31.8
518.0,-0.001,31.8,-0.000,31.8,0.001,31.8,0.002,31.9
518.5,-0.014,31.9,-0.011,31.9,-0.007,31.8,-0.009,31.9
519.0,-0.044,31.9,-0.042,31.9,-0.035,31.9,-0.042,31.9
519.5,-0.089,31.9,-0.086,31.9,-0.085,31.9,-0.078,31.9
520.0,-0.127,31.9,-0.127,31.9,-0.122,31.9,-0.112,31.9
520.5,-0.140,31.8,-0.139,31.8,-0.140,31.9,-0.138,31.8
521.0,-0.125,31.7,-0.127,31.7,-0.131,31.8,-0.129,31.7
521.5,-0.095,31.6,-0.096,31.6,-0.099,31.6,-0.097,31.6
522.0,-0.064,31.6,-0.064,31.6,-0.076,31.6,-0.066,31.6
522.5,-0.048,31.6,-0.047,31.6,-0.057,31.6,-0.049,31.6
523.0,-0.042,31.7,-0.041,31.7,-0.044,31.7,-0.042,31.7
523.5,-0.041,31.8,-0.041,31.7,-0.043,31.7,-0.042,31.7
524.0,-0.033,31.8,-0.034,31.8,-0.035,31.8,-0.034,31.8
524.5,-0.025,31.9,-0.025,31.8,-0.026,31.8,-0.026,31.9
525.0,-0.023,31.9,-0.023,31.9,-0.021,31.9,-0.022,31.9
525.5,-0.028,31.9,-0.027,31.9,-0.023,31.9,-0.029,31.9
526.0,-0.029,32.0,-0.028,32.0,-0.028,31.9,-0.028,32.0
526.5,-0.025,32.0,-0.026,32.0,-0.026,32.0,-0.028,32.0
527.0,-0.022,32.0,-0.022,32.0,-0.023,32.0,-0.023,32.0
527.5,-0.026,32.0,-0.027,32.0,-0.026,32.1,-0.025,32.0
528.0,-0.032,32.1,-0.031,32.1,-0.031,32.1,-0.029,32.0
528.5,-0.030,32.1,-0.031,32.1,-0.030,32.1,-0.029,32.0
529.0,-0.024,32.1,-0.025,32.1,-0.026,32.1,-0.023,32.1
529.5,-0.019,32.1,-0.019,32.1,-0.018,32.1,-0.019,32.2
530.0,-0.025,32.2,-0.025,32.2,-0.020,32.1,-0.025,32.2
530.5,-0.029,32.2,-0.029,32.2,-0.027,32.2,-0.028,32.2
531.0,-0.021,32.2,-0.022,32.2,-0.022,32.2,-0.024,32.2
531.5,-0.020,32.2,-0.019,32.2,-0.022,32.2,-0.020,32.2
532.0,-0.018,32.2,-0.018,32.2,-0.019,32.2,-0.018,32.2
532.5,-0.023,32.2,-0.022,32.2,-0.016,32.3,-0.021,32.2
533.0,-0.032,32.2,-0.032,32.3,-0.030,32.2,-0.026,32.2
533.5,-0.031,32.2,-0.031,32.2,-0.032,32.2,-0.029,32.3
534.0,-0.028,32.3,-0.027,32.2,-0.026,32.3,-0.029,32.3
534.5,-0.027,32.2,-0.028,32.3,-0.025,32.2,-0.026,32.2
535.0,-0.024,32.3,-0.025,32.3,-0.022,32.3,-0.024,32.3
535.5,-0.019,32.3,-0.019,32.3,-0.020,32.3,-0.022,32.3
536.0,-0.016,32.3,-0.016,32.3,-0.018,32.3,-0.016,32.3
536.5,-0.012,32.3,-0.012,32.3,-0.012,32.3,-0.012,32.3
537.0,-0.002,32.3,-0.003,32.3,-0.004,32.3,-0.005,32.3
537.5,0.004,32.3,0.004,32.3,0.005,32.3,0.003,32.3
538.0,0.008,32.3,0.008,32.3,0.004,32.3,0.008,32.3
538.5,0.010,32.3,0.011,32.3,0.008,32.3,0.007,32.3
539.0,0.012,32.3,0.013,32.3,0.010,32.3,0.012,32.3
539.5,0.011,32.3,0.013,32.3,0.010,32.3,0.013,32.3
540.0,0.014,32.3,0.014,32.3,0.013,32.3,0.013,32.3
540.5,0.018,32.3,0.019,32.3,0.019,32.3,0.015,32.3
541.0,0.022,32.2,0.024,32.2,0.022,32.3,0.019,32.3
541.5,0.024,32.2,0.024,32.2,0.025,32.3,0.023,32.2
542.0,0.025,32.2,0.025,32.2,0.026,32.2,0.024,32.2
542.5,0.022,32.2,0.022,32.1,0.021,32.1,0.022,32.2
543.0,0.023,32.1,0.023,32.1,0.023,32.1,0.023,32.2
543.5,0.025,32.1,0.025,32.1,0.027,32.1,0.025,32.1
544.0,0.025,32.1,0.024,32.1,0.025,32.1,0.025,32.1
544.5,0.024,32.0,0.024,32.0,0.025,32.0,0.029,32.1
545.0,0.025,32.0,0.025,32.0,0.023,32.0,0.028,32.0
545.5,0.027,32.0,0.027,32.0,0.024,32.0,0.027,32.0
546.0,0.025,32.0,0.025,32.0,0.026,32.0,0.023,32.0
546.5,0.029,32.0,0.029,31.9,0.026,32.0,0.026,32.0
547.0,0.030,31.9,0.032,32.0,0.029,32.0,0.032,31.9
547.5,0.030,31.9,0.032,31.9,0.030,31.9,0.032,31.9
548.0,0.029,31.9,0.030,31.9,0.028,31.9,0.030,31.9
548.5,0.025,31.9,0.024,31.9,0.025,31.9,0.026,31.9
549.0,0.025,31.9,0.025,31.9,0.025,31.9,0.026,31.9
549.5,0.025,31.9,0.025,31.9,0.026,31.9,0.026,31.8
550.0,0.028,31.9,0.030,31.9,0.028,31.9,0.026,31.9
550.5,0.031,31.9,0.031,31.9,0.032,31.9,0.031,31.8
551.0,0.030,31.8,0.029,31.8,0.033,31.9,0.030,31.8
551.5,0.027,31.8,0.026,31.8,0.031,31.8,0.028,31.8
552.0,0.020,31.8,0.022,31.8,0.020,31.8,0.028,31.8
552.5,0.022,31.8,0.022,31.8,0.020,31.8,0.022,31.8
553.0,0.024,31.8,0.025,31.8,0.021,31.8,0.026,31.8
553.5,0.023,31.8,0.023,31.8,0.023,31.8,0.022,31.8
554.0,0.020,31.8,0.022,31.8,0.020,31.8,0.022,31.8
554.5,0.023,31.8,0.022,31.9,0.022,31.8,0.024,31.8
555.0,0.031,31.8,0.030,31.8,0.031,31.8,0.027,31.8
555.5,0.031,31.8,0.032,31.8,0.035,31.8,0.028,31.8
556.0,0.033,31.8,0.034,31.8,0.033,31.7,0.034,31.8
556.5,0.035,31.8,0.039,31.8,0.036,31.8,0.035,31.8
557.0,0.033,31.7,0.032,31.8,0.033,31.7,0.030,31.7
557.5,0.035,31.7,0.035,31.7,0.035,31.7,0.035,31.7
558.0,0.034,31.7,0.035,31.7,0.034,31.7,0.033,31.7
558.5,0.035,31.7,0.035,31.7,0.034,31.7,0.035,31.7
559.0,0.036,31.6,0.034,31.6,0.035,31.7,0.036,31.6
559.5,0.036,31.6,0.036,31.6,0.037,31.6,0.035,31.6
560.0,0.036,31.6,0.037,31.6,0.035,31.6,0.035,31.6
560.5,0.032,31.6,0.033,31.6,0.032,31.6,0.036,31.6
561.0,0.031,31.6,0.033,31.6,0.031,31.6,0.032,31.6
561.5,0.027,31.6,0.028,31.6,0.028,31.6,0.027,31.6
562.0,0.023,31.6,0.024,31.6,0.025,31.6,0.023,31.6
562.5,0.022,31.7,0.022,31.7,0.024,31.6,0.022,31.6
563.0,0.019,31.6,0.020,31.6,0.022,31.7,0.020,31.6
563.5,0.020,31.7,0.020,31.7,0.018,31.7,0.020,31.7
564.0,0.024,31.7,0.024,31.7,0.026,31.7,0.022,31.7
564.5,0.027,31.7,0.025,31.7,0.032,31.7,0.022,31.7
565.0,0.027,31.7,0.026,31.7,0.034,31.7,0.025,31.7
565.5,0.026,31.7,0.027,31.7,0.026,31.7,0.027,31.7
566.0,0.028,31.7,0.029,31.7,0.029,31.7,0.029,31.7
566.5,0.026,31.7,0.026,31.7,0.028,31.6,0.028,31.7
567.0,0.027,31.7,0.026,31.7,0.031,31.7,0.027,31.7
567.5,0.027,31.7,0.027,31.7,0.027,31.7,0.029,31.6
568.0,0.026,31.7,0.026,31.7,0.026,31.7,0.025,31.6
568.5,0.025,31.7,0.025,31.7,0.025,31.7,0.023,31.6
569.0,0.023,31.7,0.022,31.7,0.022,31.7,0.023,31.7
569.5,0.023,31.7,0.023,31.7,0.023,31.7,0.023,31.7
570.0,0.022,31.7,0.023,31.7,0.023,31.7,0.021,31.7
570.5,0.024,31.7,0.025,31.7,0.024,31.7,0.024,31.7
571.0,0.024,31.7,0.024,31.7,0.024,31.6,0.024,31.7
571.5,0.021,31.7,0.022,31.7,0.023,31.7,0.021,31.7
572.0,0.022,31.7,0.023,31.7,0.022,31.7,0.022,31.7
572.5,0.020,31.7,0.020,31.7,0.020,31.7,0.020,31.7
573.0,0.021,31.7,0.020,31.7,0.019,31.7,0.020,31.7
573.5,0.021,31.7,0.020,31.7,0.020,31.7,0.021,31.7
574.0,0.023,31.7,0.022,31.7,0.022,31.7,0.022,31.7
574.5,0.024,31.7,0.024,31.7,0.022,31.7,0.023,31.7
575.0,0.024,31.7,0.024,31.7,0.022,31.8,0.024,31.7
575.5,0.025,31.7,0.025,31.8,0.023,31.7,0.025,31.7
576.0,0.024,31.7,0.023,31.7,0.031,31.7,0.024,31.7
576.5,0.025,31.7,0.025,31.7,0.032,31.6,0.025,31.7
577.0,0.024,31.7,0.025,31.7,0.028,31.7,0.024,31.7
577.5,0.021,31.7,0.022,31.7,0.022,31.7,0.022,31.7
578.0,0.019,31.7,0.019,31.7,0.019,31.7,0.020,31.7
578.5,0.013,31.7,0.013,31.7,0.013,31.7,0.014,31.7
579.0,0.012,31.7,0.012,31.7,0.016,31.7,0.012,31.8
579.5,0.015,31.8,0.014,31.8,0.019,31.8,0.016,31.8
580.0,0.017,31.8,0.017,31.8,0.019,31.8,0.017,31.8
580.5,0.019,31.8,0.018,31.8,0.020,31.8,0.019,31.8
581.0,0.017,31.8,0.017,31.8,0.016,31.8,0.016,31.8
581.5,0.015,31.8,0.015,31.8,0.016,31.8,0.017,31.8
582.0,0.017,31.8,0.016,31.8,0.014,31.8,0.017,31.8
582.5,0.016,31.8,0.016,31.8,0.016,31.8,0.018,31.8
583.0,0.014,31.8,0.016,31.8,0.018,31.9,0.014,31.8
583.5,0.012,31.8,0.013,31.8,0.017,31.9,0.014,31.9
584.0,0.013,31.8,0.014,31.9,0.012,31.8,0.013,31.9
584.5,0.011,31.8,0.012,31.9,0.013,31.8,0.008,31.9
585.0,0.011,31.8,0.012,31.8,0.013,31.9,0.007,31.9
585.5,0.011,31.9,0.012,31.9,0.012,31.9,0.010,31.9
586.0,0.010,31.9,0.011,31.9,0.010,31.9,0.006,31.9
586.5,0.010,31.9,0.010,31.9,0.010,31.9,0.009,31.9
587.0,0.009,31.9,0.009,31.9,0.009,31.9,0.009,31.9
587.5,0.010,31.9,0.010,31.9,0.011,31.9,0.009,31.9
588.0,0.004,31.9,0.004,31.9,0.004,31.9,0.005,32.0
588.5,0.004,32.0,0.003,32.0,0.004,32.0,0.002,31.9
589.0,0.006,32.0,0.007,31.9,0.006,32.0,0.006,31.9
589.5,0.007,32.0,0.007,32.0,0.007,32.0,0.006,32.0
590.0,0.009,32.0,0.010,32.0,0.008,32.0,0.008,32.0
590.5,0.009,32.0,0.009,32.0,0.009,32.0,0.008,32.0
591.0,0.009,32.0,0.009,32.0,0.010,32.0,0.010,32.1
591.5,0.011,32.0,0.011,32.0,0.011,32.0,0.011,32.0
592.0,0.011,32.0,0.011,32.0,0.011,32.0,0.011,32.0
592.5,0.010,32.0,0.011,32.0,0.014,32.0,0.012,32.0
593.0,0.005,32.0,0.006,32.0,0.007,32.0,0.006,32.0
593.5,0.007,32.0,0.007,32.1,0.007,32.1,0.007,32.0
594.0,0.006,32.0,0.005,32.0,0.008,32.0,0.005,32.0
594.5,0.006,32.1,0.006,32.1,0.008,32.0,0.005,32.0
595.0,0.006,32.1,0.007,32.1,0.007,32.1,0.006,32.1
595.5,0.005,32.1,0.004,32.1,0.005,32.0,0.006,32.1
596.0,0.005,32.1,0.005,32.1,0.005,32.0,0.005,32.1
596.5,0.003,32.1,0.002,32.1,0.003,32.0,0.005,32.1
597.0,0.003,32.1,0.003,32.1,0.004,32.1,0.003,32.1
597.5,0.001,32.1,0.001,32.1,0.003,32.1,0.002,32.1
598.0,-0.004,32.1,-0.005,32.1,-0.003,32.1,0.001,32.1
598.5,-0.015,32.1,-0.015,32.2,-0.016,32.2,-0.013,32.2
599.0,-0.037,32.2,-0.036,32.2,-0.034,32.2,-0.027,32.2
599.5,-0.082,32.2,-0.081,32.2,-0.077,32.2,-0.079,32.2
600.0,-0.129,32.2,-0.127,32.2,-0.122,32.2,-0.128,32.2
600.5,-0.149,32.1,-0.148,32.1,-0.134,32.2,-0.150,32.1
601.0,-0.137,32.0,-0.137,32.0,-0.133,32.1,-0.140,32.0
601.5,-0.097,31.9,-0.099,31.9,-0.099,31.9,-0.101,31.9
602.0,-0.053,31.9,-0.052,31.9,-0.059,31.9,-0.071,31.9
602.5,-0.034,32.0,-0.033,32.0,-0.044,32.0,-0.034,31.9
603.0,-0.029,32.0,-0.028,32.0,-0.030,32.0,-0.029,32.0
603.5,-0.029,32.1,-0.028,32.1,-0.029,32.1,-0.030,32.1
604.0,-0.029,32.1,-0.028,32.1,-0.027,32.1,-0.030,32.1
604.5,-0.030,32.2,-0.029,32.2,-0.029,32.2,-0.030,32.1
605.0,-0.027,32.2,-0.027,32.2,-0.028,32.1,-0.027,32.2
605.5,-0.028,32.2,-0.028,32.2,-0.029,32.2,-0.027,32.3
606.0,-0.033,32.3,-0.032,32.3,-0.030,32.2,-0.032,32.3
606.5,-0.034,32.3,-0.033,32.3,-0.030,32.2,-0.033,32.3
607.0,-0.030,32.3,-0.030,32.3,-0.029,32.3,-0.029,32.3
607.5,-0.022,32.4,-0.023,32.3,-0.027,32.3,-0.024,32.3
608.0,-0.022,32.4,-0.021,32.4,-0.022,32.4,-0.020,32.4
608.5,-0.025,32.4,-0.025,32.4,-0.022,32.3,-0.024,32.4
609.0,-0.029,32.4,-0.029,32.4,-0.024,32.4,-0.030,32.4
609.5,-0.036,32.4,-0.035,32.4,-0.032,32.4,-0.033,32.4
610.0,-0.042,32.4,-0.041,32.4,-0.041,32.4,-0.039,32.4
610.5,-0.044,32.4,-0.045,32.4,-0.042,32.4,-0.044,32.4
611.0,-0.035,32.5,-0.035,32.5,-0.037,32.4,-0.040,32.5
611.5,-0.024,32.5,-0.024,32.5,-0.034,32.5,-0.025,32.5
612.0,-0.023,32.5,-0.024,32.5,-0.026,32.5,-0.023,32.5
612.5,-0.026,32.5,-0.025,32.5,-0.025,32.5,-0.026,32.5
613.0,-0.024,32.5,-0.025,32.5,-0.025,32.5,-0.026,32.5
613.5,-0.028,32.5,-0.028,32.5,-0.028,32.5,-0.028,32.5
614.0,-0.027,32.5,-0.026,32.5,-0.027,32.5,-0.028,32.5
614.5,-0.025,32.5,-0.025,32.6,-0.024,32.6,-0.027,32.5
615.0,-0.022,32.6,-0.022,32.6,-0.021,32.6,-0.023,32.5
615.5,-0.018,32.6,-0.018,32.6,-0.017,32.6,-0.019,32.6
616.0,-0.015,32.6,-0.015,32.6,-0.015,32.6,-0.016,32.6
616.5,-0.012,32.6,-0.012,32.6,-0.012,32.6,-0.011,32.6
617.0,-0.005,32.6,-0.006,32.6,-0.012,32.6,-0.005,32.6
617.5,0.001,32.6,0.001,32.6,-0.002,32.6,-0.002,32.6
618.0,0.008,32.6,0.008,32.6,0.007,32.6,0.005,32.7
618.5,0.014,32.6,0.014,32.6,0.012,32.6,0.006,32.7
619.0,0.019,32.6,0.019,32.6,0.018,32.6,0.009,32.7
619.5,0.017,32.6,0.018,32.6,0.018,32.6,0.019,32.6
620.0,0.014,32.5,0.013,32.5,0.015,32.5,0.016,32.5
620.5,0.012,32.5,0.011,32.5,0.011,32.5,0.014,32.6
621.0,0.015,32.5,0.015,32.5,0.014,32.5,0.017,32.5
621.5,0.018,32.5,0.019,32.5,0.018,32.5,0.020,32.5
622.0,0.019,32.5,0.020,32.5,0.017,32.5,0.021,32.5
622.5,0.023,32.5,0.022,32.5,0.020,32.5,0.024,32.5
623.0,0.023,32.4,0.024,32.4,0.023,32.4,0.024,32.5
623.5,0.025,32.4,0.026,32.4,0.025,32.4,0.025,32.4
624.0,0.029,32.3,0.029,32.3,0.028,32.4,0.029,32.4
624.5,0.030,32.3,0.031,32.3,0.028,32.3,0.032,32.3
625.0,0.030,32.3,0.031,32.3,0.030,32.3,0.031,32.3
625.5,0.027,32.3,0.027,32.3,0.027,32.3,0.028,32.3
626.0,0.028,32.2,0.030,32.2,0.028,32.2,0.027,32.2
626.5,0.027,32.2,0.028,32.2,0.026,32.2,0.027,32.2
627.0,0.028,32.2,0.029,32.2,0.028,32.2,0.026,32.2
627.5,0.030,32.2,0.031,32.2,0.028,32.1,0.029,32.2
628.0,0.031,32.1,0.031,32.1,0.030,32.1,0.031,32.1
628.5,0.031,32.1,0.031,32.1,0.032,32.1,0.031,32.1
629.0,0.027,32.1,0.028,32.1,0.028,32.1,0.026,32.1
629.5,0.022,32.1,0.024,32.1,0.026,32.1,0.022,32.1
630.0,0.022,32.1,0.023,32.1,0.022,32.1,0.020,32.1
630.5,0.023,32.1,0.023,32.1,0.023,32.1,0.022,32.1
631.0,0.024,32.1,0.025,32.1,0.024,32.1,0.024,32.1
631.5,0.024,32.1,0.026,32.1,0.024,32.1,0.024,32.1
632.0,0.026,32.1,0.026,32.1,0.026,32.1,0.026,32.2
632.5,0.029,32.1,0.031,32.1,0.030,32.1,0.028,32.1
633.0,0.033,32.1,0.035,32.1,0.032,32.1,0.031,32.0
633.5,0.033,32.0,0.034,32.1,0.035,32.1,0.035,32.1
634.0,0.031,32.0,0.031,32.0,0.035,32.1,0.031,32.0
634.5,0.031,32.0,0.030,32.0,0.032,32.0,0.032,32.0
635.0,0.029,32.0,0.029,32.0,0.031,32.0,0.028,32.0
635.5,0.027,32.0,0.028,32.0,0.028,32.0,0.025,32.0
636.0,0.028,32.0,0.028,32.0,0.027,32.0,0.027,32.0
636.5,0.027,32.0,0.027,31.9,0.026,32.0,0.028,32.0
637.0,0.030,32.0,0.030,32.0,0.029,32.0,0.028,32.0
637.5,0.029,32.0,0.028,32.0,0.030,32.0,0.029,32.0
638.0,0.029,32.0,0.027,31.9,0.029,32.0,0.032,32.0
638.5,0.026,31.9,0.025,31.9,0.028,31.9,0.028,31.9
639.0,0.020,32.0,0.020,31.9,0.020,32.0,0.019,32.0
639.5,0.017,32.0,0.016,32.0,0.015,31.9,0.017,32.0
640.0,0.019,32.0,0.018,32.0,0.020,31.9,0.017,32.0
640.5,0.023,32.0,0.023,32.0,0.024,32.0,0.024,32.0
641.0,0.023,32.0,0.024,32.0,0.023,32.0,0.024,31.9
641.5,0.026,32.0,0.026,32.0,0.024,32.0,0.024,32.0
642.0,0.028,32.0,0.027,32.0,0.028,32.0,0.024,32.0
642.5,0.028,32.0,0.030,32.0,0.027,32.0,0.027,32.0
643.0,0.029,32.0,0.028,32.0,0.029,31.9,0.028,32.0
643.5,0.028,31.9,0.028,31.9,0.029,31.9,0.029,32.0
644.0,0.030,31.9,0.029,32.0,0.031,31.9,0.029,32.0
644.5,0.030,31.9,0.030,32.0,0.030,31.9,0.029,31.9
645.0,0.027,31.9,0.027,31.9,0.028,31.9,0.028,31.9
645.5,0.029,31.9,0.030,31.9,0.033,31.9,0.029,31.9
646.0,0.028,31.9,0.029,31.9,0.028,31.9,0.028,31.9
646.5,0.030,31.9,0.031,31.9,0.028,31.9,0.031,31.9
647.0,0.028,31.9,0.031,31.9,0.026,31.9,0.030,31.9
647.5,0.026,31.9,0.028,31.9,0.025,31.9,0.028,31.9
648.0,0.024,31.9,0.025,31.9,0.023,31.9,0.023,31.9
648.5,0.019,31.9,0.020,31.9,0.020,31.9,0.020,31.9
649.0,0.021,31.9,0.023,31.9,0.020,31.9,0.021,31.9
649.5,0.021,31.9,0.023,31.9,0.021,31.9,0.021,31.9
650.0,0.022,31.9,0.024,31.9,0.018,31.9,0.022,31.9
650.5,0.025,31.9,0.028,31.9,0.023,31.9,0.023,31.9
651.0,0.025,31.9,0.026,31.9,0.026,31.9,0.024,31.9
651.5,0.027,31.9,0.028,31.9,0.025,31.9,0.026,31.9
652.0,0.027,31.9,0.027,31.9,0.028,31.9,0.026,31.9
652.5,0.027,31.9,0.026,31.9,0.028,31.9,0.029,31.9
653.0,0.027,31.9,0.026,31.9,0.028,31.9,0.031,31.9
653.5,0.026,31.9,0.024,31.9,0.024,31.9,0.027,31.9
654.0,0.024,31.9,0.024,31.9,0.024,31.9,0.026,31.9
654.5,0.021,31.9,0.021,31.9,0.024,31.9,0.022,31.9
655.0,0.020,31.9,0.021,31.9,0.023,31.8,0.021,31.9
655.5,0.019,31.9,0.020,31.9,0.020,31.9,0.019,31.9
656.0,0.017,31.9,0.017,31.9,0.018,31.9,0.016,31.9
656.5,0.019,31.9,0.019,31.9,0.019,31.9,0.019,32.0
657.0,0.017,32.0,0.017,32.0,0.019,32.0,0.017,32.0
657.5,0.018,31.9,0.018,31.9,0.019,31.9,0.017,31.9
658.0,0.016,32.0,0.016,32.0,0.020,32.0,0.017,32.0
658.5,0.016,32.0,0.017,32.0,0.017,32.0,0.017,32.0
659.0,0.015,32.0,0.015,32.0,0.018,32.0,0.016,32.0
659.5,0.013,32.0,0.013,32.0,0.015,32.0,0.012,32.0
660.0,0.014,32.0,0.015,32.0,0.015,32.0,0.015,32.0
660.5,0.015,32.0,0.018,32.0,0.015,32.0,0.017,32.0
661.0,0.017,32.0,0.019,32.0,0.016,32.1,0.018,32.0
661.5,0.017,32.0,0.019,32.0,0.016,32.1,0.017,32.0
662.0,0.017,32.0,0.017,32.0,0.016,32.0,0.017,32.0
662.5,0.017,32.0,0.017,32.0,0.014,32.0,0.018,32.0
663.0,0.015,32.0,0.014,32.0,0.015,32.0,0.015,32.0
663.5,0.016,32.0,0.015,32.0,0.016,32.0,0.016,32.0
664.0,0.013,32.0,0.015,32.0,0.014,32.0,0.014,32.1
664.5,0.012,32.1,0.012,32.0,0.012,32.0,0.011,32.0
665.0,0.006,32.1,0.007,32.0,0.006,32.1,0.007,32.1
665.5,0.003,32.1,0.004,32.1,0.001,32.1,0.006,32.1
666.0,0.004,32.1,0.003,32.1,0.004,32.1,0.004,32.1
666.5,0.006,32.1,0.009,32.2,0.006,32.1,0.006,32.1
667.0,0.010,32.1,0.010,32.1,0.012,32.1,0.007,32.1
667.5,0.011,32.1,0.011,32.1,0.012,32.1,0.010,32.1
668.0,0.010,32.1,0.011,32.2,0.011,32.1,0.010,32.1
668.5,0.012,32.2,0.012,32.2,0.013,32.1,0.011,32.1
669.0,0.012,32.1,0.011,32.1,0.012,32.2,0.010,32.1
669.5,0.011,32.2,0.010,32.2,0.011,32.2,0.008,32.1
670.0,0.007,32.2,0.006,32.2,0.010,32.2,0.007,32.1
670.5,0.009,32.2,0.008,32.2,0.011,32.2,0.009,32.2
671.0,0.010,32.2,0.010,32.2,0.010,32.2,0.009,32.2
671.5,0.007,32.2,0.007,32.2,0.008,32.2,0.005,32.2
672.0,0.006,32.2,0.005,32.2,0.005,32.2,0.005,32.2
672.5,0.004,32.2,0.003,32.2,0.002,32.2,0.004,32.2
673.0,0.005,32.2,0.005,32.2,0.003,32.2,0.007,32.2
673.5,0.004,32.2,0.003,32.2,0.002,32.2,0.005,32.2
674.0,0.002,32.2,0.002,32.2,0.001,32.2,0.002,32.2
674.5,0.002,32.2,0.000,32.2,0.001,32.2,0.004,32.2
675.0,-0.001,32.3,-0.002,32.3,0.001,32.2,0.003,32.2
675.5,-0.000,32.3,-0.000,32.3,0.000,32.2,0.001,32.3
676.0,0.001,32.3,0.002,32.3,0.003,32.3,0.001,32.3
676.5,0.002,32.3,0.002,32.3,0.004,32.3,0.003,32.3
677.0,0.002,32.3,0.002,32.3,0.003,32.3,0.003,32.3
677.5,-0.000,32.3,0.001,32.3,0.001,32.3,-0.000,32.3
678.0,0.002,32.3,0.002,32.3,0.000,32.3,0.003,32.3
678.5,-0.002,32.3,-0.002,32.3,-0.000,32.3,0.000,32.3
679.0,-0.011,32.3,-0.011,32.3,-0.007,32.3,-0.008,32.4
679.5,-0.034,32.4,-0.034,32.3,-0.031,32.4,-0.030,32.3
680.0,-0.067,32.4,-0.068,32.4,-0.061,32.4,-0.055,32.4
680.5,-0.104,32.4,-0.103,32.4,-0.100,32.4,-0.096,32.4
681.0,-0.128,32.3,-0.128,32.4,-0.125,32.3,-0.123,32.3
681.5,-0.130,32.2,-0.131,32.3,-0.128,32.2,-0.130,32.3
682.0,-0.108,32.2,-0.108,32.2,-0.111,32.2,-0.120,32.2
682.5,-0.082,32.1,-0.083,32.1,-0.082,32.1,-0.092,32.2
683.0,-0.051,32.1,-0.052,32.1,-0.053,32.2,-0.054,32.2
683.5,-0.037,32.1,-0.037,32.1,-0.037,32.2,-0.037,32.2
684.0,-0.026,32.2,-0.027,32.2,-0.032,32.1,-0.024,32.2
684.5,-0.019,32.3,-0.019,32.3,-0.024,32.2,-0.016,32.3
685.0,-0.023,32.3,-0.022,32.3,-0.023,32.3,-0.014,32.3
685.5,-0.023,32.4,-0.023,32.4,-0.024,32.3,-0.022,32.4
686.0,-0.021,32.4,-0.020,32.4,-0.021,32.4,-0.021,32.4
686.5,-0.024,32.4,-0.024,32.4,-0.023,32.4,-0.024,32.4
687.0,-0.029,32.5,-0.029,32.5,-0.027,32.5,-0.027,32.5
687.5,-0.033,32.5,-0.033,32.5,-0.032,32.5,-0.032,32.5
688.0,-0.031,32.5,-0.031,32.6,-0.030,32.5,-0.033,32.6
688.5,-0.024,32.5,-0.025,32.5,-0.025,32.5,-0.025,32.5
689.0,-0.021,32.6,-0.021,32.6,-0.021,32.6,-0.021,32.5
689.5,-0.026,32.6,-0.026,32.6,-0.024,32.6,-0.026,32.6
690.0,-0.030,32.6,-0.030,32.6,-0.032,32.6,-0.029,32.6
690.5,-0.027,32.6,-0.027,32.6,-0.031,32.6,-0.026,32.6
691.0,-0.026,32.6,-0.027,32.6,-0.027,32.6,-0.026,32.6
691.5,-0.028,32.6,-0.028,32.6,-0.027,32.6,-0.027,32.6
692.0,-0.034,32.6,-0.034,32.6,-0.034,32.6,-0.032,32.6
692.5,-0.038,32.6,-0.038,32.6,-0.036,32.6,-0.037,32.6
693.0,-0.035,32.7,-0.034,32.6,-0.035,32.6,-0.035,32.6
693.5,-0.031,32.7,-0.032,32.6,-0.032,32.6,-0.031,32.6
694.0,-0.027,32.7,-0.027,32.7,-0.028,32.6,-0.027,32.6
694.5,-0.026,32.7,-0.026,32.7,-0.027,32.7,-0.028,32.7
695.0,-0.021,32.7,-0.022,32.7,-0.023,32.7,-0.022,32.6
695.5,-0.013,32.7,-0.014,32.7,-0.015,32.7,-0.015,32.7
696.0,-0.013,32.7,-0.012,32.7,-0.014,32.7,-0.011,32.7
696.5,-0.016,32.7,-0.015,32.7,-0.015,32.7,-0.016,32.7
697.0,-0.017,32.7,-0.017,32.7,-0.018,32.7,-0.016,32.7
697.5,-0.013,32.7,-0.014,32.7,-0.014,32.7,-0.013,32.7
698.0,-0.002,32.7,-0.004,32.8,-0.004,32.8,-0.005,32.7
698.5,0.007,32.7,0.007,32.7,0.004,32.7,0.008,32.7
699.0,0.012,32.8,0.012,32.8,0.009,32.7,0.011,32.7
699.5,0.013,32.7,0.014,32.7,0.012,32.7,0.013,32.8
700.0,0.016,32.7,0.015,32.7,0.014,32.7,0.016,32.7
700.5,0.018,32.7,0.018,32.7,0.016,32.7,0.018,32.7
701.0,0.022,32.7,0.021,32.7,0.018,32.7,0.022,32.6
701.5,0.021,32.6,0.020,32.6,0.021,32.7,0.022,32.6
702.0,0.024,32.6,0.025,32.6,0.022,32.7,0.024,32.6
702.5,0.026,32.6,0.025,32.6,0.024,32.6,0.026,32.6
703.0,0.026,32.5,0.024,32.6,0.026,32.6,0.027,32.5
703.5,0.026,32.5,0.026,32.5,0.026,32.5,0.026,32.6
704.0,0.025,32.5,0.025,32.5,0.026,32.5,0.026,32.5
704.5,0.027,32.5,0.027,32.5,0.026,32.4,0.030,32.5
705.0,0.029,32.4,0.028,32.4,0.027,32.4,0.030,32.4
705.5,0.031,32.4,0.029,32.4,0.030,32.4,0.034,32.5
706.0,0.029,32.3,0.027,32.4,0.029,32.3,0.032,32.4
706.5,0.026,32.3,0.024,32.3,0.026,32.3,0.027,32.3
707.0,0.022,32.3,0.022,32.3,0.023,32.3,0.024,32.3
707.5,0.021,32.3,0.020,32.3,0.020,32.3,0.023,32.3
708.0,0.021,32.3,0.021,32.3,0.020,32.3,0.023,32.3
708.5,0.021,32.3,0.020,32.3,0.023,32.3,0.021,32.3
709.0,0.023,32.3,0.021,32.3,0.023,32.3,0.022,32.3
709.5,0.026,32.3,0.025,32.3,0.025,32.3,0.026,32.3
710.0,0.026,32.3,0.027,32.3,0.027,32.3,0.025,32.2
710.5,0.031,32.2,0.030,32.2,0.029,32.2,0.031,32.3
711.0,0.030,32.3,0.029,32.3,0.030,32.3,0.031,32.3
711.5,0.033,32.2,0.031,32.2,0.032,32.2,0.038,32.3
712.0,0.031,32.2,0.031,32.2,0.033,32.2,0.033,32.2
712.5,0.029,32.2,0.029,32.2,0.032,32.1,0.031,32.2
713.0,0.029,32.1,0.029,32.1,0.031,32.2,0.029,32.1
713.5,0.027,32.1,0.027,32.1,0.026,32.1,0.028,32.0
714.0,0.029,32.1,0.029,32.1,0.028,32.2,0.028,32.1
714.5,0.032,32.1,0.032,32.1,0.028,32.1,0.032,32.2
715.0,0.032,32.1,0.032,32.1,0.030,32.1,0.033,32.1
715.5,0.030,32.1,0.031,32.1,0.030,32.1,0.032,32.0
716.0,0.024,32.1,0.024,32.1,0.025,32.1,0.024,32.1
716.5,0.022,32.1,0.021,32.1,0.022,32.1,0.026,32.1
717.0,0.021,32.1,0.019,32.0,0.021,32.1,0.019,32.1
717.5,0.022,32.1,0.022,32.1,0.022,32.1,0.024,32.1
718.0,0.025,32.1,0.024,32.1,0.023,32.1,0.026,32.1
718.5,0.023,32.1,0.022,32.1,0.022,32.1,0.023,32.1
719.0,0.024,32.1,0.025,32.1,0.022,32.1,0.024,32.1
719.5,0.028,32.1,0.027,32.1,0.026,32.1,0.029,32.1
720.0,0.031,32.1,0.031,32.1,0.028,32.1,0.032,32.1
720.5,0.032,32.1,0.031,32.1,0.033,32.0,0.030,32.1
721.0,0.032,32.0,0.031,32.0,0.031,32.1,0.033,32.0
721.5,0.030,32.0,0.031,32.0,0.033,32.0,0.030,32.0
722.0,0.027,32.0,0.027,32.0,0.029,32.0,0.027,32.0
722.5,0.027,32.0,0.027,32.0,0.027,32.0,0.029,32.0
723.0,0.029,32.0,0.029,32.0,0.025,32.1,0.029,32.0
723.5,0.033,32.0,0.033,32.0,0.035,32.0,0.033,32.0
724.0,0.032,32.0,0.033,32.0,0.034,32.0,0.035,32.0
724.5,0.029,32.0,0.029,32.0,0.029,32.0,0.030,31.9
725.0,0.029,32.0,0.030,32.0,0.028,31.9,0.029,32.0
725.5,0.025,32.0,0.025,32.0,0.026,32.0,0.027,32.0
726.0,0.020,32.0,0.021,32.0,0.019,31.9,0.025,32.0
726.5,0.017,32.0,0.019,32.0,0.017,32.0,0.020,32.0
727.0,0.017,32.0,0.018,32.0,0.017,32.0,0.018,32.0
727.5,0.020,32.0,0.021,32.0,0.020,32.0,0.020,32.0
728.0,0.023,32.0,0.023,32.0,0.023,32.1,0.023,32.0
728.5,0.027,32.0,0.029,32.0,0.026,32.0,0.026,32.0
729.0,0.027,32.0,0.028,32.0,0.028,32.0,0.025,32.0
729.5,0.029,32.0,0.030,32.0,0.028,32.0,0.027,32.0
730.0,0.031,32.0,0.032,32.0,0.030,32.0,0.031,32.0
730.5,0.028,32.0,0.029,31.9,0.026,32.0,0.030,32.0
731.0,0.030,32.0,0.030,32.0,0.029,32.0,0.030,32.0
731.5,0.028,32.0,0.029,32.0,0.027,31.9,0.029,32.0
732.0,0.026,31.9,0.026,31.9,0.026,31.9,0.027,31.9
732.5,0.025,32.0,0.025,32.0,0.025,32.0,0.026,31.9
733.0,0.025,31.9,0.025,32.0,0.025,32.0,0.020,31.9
733.5,0.024,31.9,0.026,32.0,0.028,31.9,0.022,31.9
734.0,0.022,32.0,0.022,32.0,0.022,32.0,0.020,31.9
734.5,0.023,32.0,0.022,31.9,0.023,32.0,0.018,31.9
735.0,0.021,32.0,0.022,31.9,0.022,31.9,0.022,32.0
735.5,0.022,32.0,0.021,32.0,0.023,32.0,0.024,32.0
736.0,0.023,32.0,0.023,32.0,0.022,31.9,0.025,32.0
736.5,0.020,32.0,0.020,32.0,0.020,32.0,0.021,32.0
737.0,0.019,32.0,0.019,32.0,0.018,32.0,0.019,32.0
737.5,0.019,32.0,0.019,32.0,0.020,32.0,0.020,32.0
738.0,0.021,32.0,0.022,32.0,0.020,32.0,0.020,32.0
738.5,0.021,32.0,0.022,32.0,0.023,32.0,0.021,32.0
739.0,0.020,32.0,0.019,32.0,0.020,32.1,0.021,32.0
739.5,0.020,32.0,0.020,32.0,0.018,32.0,0.021,32.0
740.0,0.019,32.0,0.018,32.0,0.018,32.0,0.019,32.0
740.5,0.020,32.0,0.018,32.0,0.019,32.0,0.021,32.0
741.0,0.019,32.0,0.019,32.0,0.020,32.0,0.019,32.0
741.5,0.018,32.0,0.018,32.0,0.018,32.0,0.018,32.0
742.0,0.016,32.0,0.016,32.0,0.018,32.0,0.016,32.0
742.5,0.009,32.1,0.011,32.1,0.009,32.1,0.011,32.1
743.0,0.008,32.1,0.009,32.0,0.006,32.1,0.007,32.0
743.5,0.009,32.1,0.009,32.1,0.008,32.1,0.007,32.0
744.0,0.011,32.1,0.011,32.1,0.009,32.1,0.012,32.1
744.5,0.011,32.1,0.011,32.1,0.012,32.1,0.012,32.2
745.0,0.009,32.1,0.010,32.1,0.010,32.1,0.011,32.1
745.5,0.009,32.1,0.009,32.2,0.015,32.1,0.009,32.1
746.0,0.008,32.2,0.008,32.2,0.012,32.1,0.008,32.2
746.5,0.009,32.2,0.009,32.2,0.010,32.2,0.010,32.1
747.0,0.008,32.2,0.009,32.2,0.010,32.2,0.009,32.2
747.5,0.007,32.2,0.006,32.2,0.006,32.2,0.006,32.2
748.0,0.008,32.2,0.008,32.2,0.007,32.2,0.009,32.2
748.5,0.008,32.2,0.007,32.2,0.013,32.2,0.007,32.2
749.0,0.007,32.2,0.007,32.2,0.009,32.2,0.006,32.2
749.5,0.007,32.2,0.007,32.2,0.007,32.2,0.007,32.2
750.0,0.008,32.2,0.007,32.2,0.006,32.2,0.008,32.2
750.5,0.008,32.2,0.009,32.2,0.006,32.2,0.008,32.3
751.0,0.007,32.2,0.007,32.2,0.008,32.2,0.008,32.2
751.5,0.007,32.2,0.007,32.2,0.008,32.2,0.007,32.3
752.0,0.001,32.2,0.001,32.2,0.005,32.2,0.001,32.2
752.5,-0.001,32.3,0.000,32.3,0.001,32.3,0.000,32.3
753.0,0.001,32.3,0.001,32.3,-0.002,32.3,0.002,32.3
753.5,0.002,32.3,0.002,32.3,0.001,32.3,0.005,32.3
754.0,0.003,32.3,0.002,32.3,0.004,32.3,0.002,32.3
754.5,0.002,32.3,0.001,32.3,0.003,32.3,0.003,32.3
755.0,0.003,32.3,0.004,32.3,0.004,32.4,0.003,32.3
755.5,0.004,32.3,0.004,32.3,0.007,32.3,0.005,32.3
756.0,0.008,32.3,0.007,32.3,0.008,32.3,0.008,32.3
756.5,0.008,32.3,0.009,32.3,0.009,32.4,0.009,32.3
757.0,0.005,32.4,0.005,32.4,0.005,32.4,0.006,32.3
757.5,0.004,32.4,0.004,32.3,0.003,32.4,0.004,32.4
758.0,0.004,32.4,0.005,32.3,0.004,32.4,0.004,32.3
758.5,0.003,32.4,0.004,32.3,0.002,32.4,0.004,32.3
759.0,-0.005,32.4,-0.006,32.4,-0.005,32.4,-0.002,32.4
759.5,-0.026,32.4,-0.026,32.4,-0.023,32.4,-0.023,32.4
760.0,-0.069,32.4,-0.066,32.4,-0.066,32.4,-0.057,32.4
760.5,-0.122,32.4,-0.116,32.4,-0.114,32.4,-0.116,32.4
761.0,-0.141,32.4,-0.140,32.3,-0.138,32.4,-0.137,32.4
761.5,-0.124,32.3,-0.125,32.3,-0.132,32.3,-0.127,32.3
762.0,-0.096,32.2,-0.095,32.2,-0.099,32.2,-0.107,32.2
762.5,-0.069,32.2,-0.067,32.2,-0.070,32.2,-0.069,32.2
763.0,-0.040,32.2,-0.042,32.2,-0.045,32.2,-0.040,32.2
763.5,-0.023,32.2,-0.023,32.2,-0.028,32.2,-0.024,32.3
764.0,-0.026,32.3,-0.024,32.3,-0.020,32.3,-0.025,32.3
764.5,-0.030,32.3,-0.028,32.3,-0.026,32.3,-0.028,32.4
765.0,-0.037,32.4,-0.036,32.4,-0.030,32.4,-0.034,32.4
765.5,-0.041,32.4,-0.043,32.4,-0.032,32.4,-0.040,32.4
766.0,-0.031,32.4,-0.033,32.5,-0.032,32.4,-0.037,32.4
766.5,-0.024,32.5,-0.023,32.5,-0.025,32.5,-0.024,32.5
767.0,-0.024,32.5,-0.023,32.5,-0.024,32.5,-0.023,32.5
767.5,-0.027,32.5,-0.026,32.5,-0.026,32.5,-0.027,32.5
768.0,-0.032,32.5,-0.032,32.6,-0.030,32.5,-0.033,32.5
768.5,-0.033,32.6,-0.034,32.6,-0.033,32.6,-0.034,32.6
769.0,-0.024,32.6,-0.024,32.6,-0.023,32.6,-0.026,32.6
769.5,-0.025,32.6,-0.024,32.6,-0.020,32.6,-0.026,32.6
770.0,-0.025,32.6,-0.025,32.7,-0.025,32.6,-0.024,32.6
770.5,-0.029,32.7,-0.028,32.7,-0.029,32.6,-0.028,32.7
771.0,-0.024,32.7,-0.024,32.7,-0.026,32.6,-0.024,32.7
771.5,-0.018,32.7,-0.017,32.7,-0.017,32.7,-0.017,32.7
772.0,-0.019,32.7,-0.019,32.7,-0.020,32.7,-0.019,32.7
772.5,-0.019,32.7,-0.017,32.7,-0.021,32.7,-0.017,32.7
773.0,-0.014,32.7,-0.014,32.7,-0.014,32.7,-0.014,32.8
773.5,-0.015,32.7,-0.015,32.7,-0.012,32.8,-0.015,32.7
774.0,-0.024,32.8,-0.023,32.8,-0.022,32.8,-0.020,32.7
774.5,-0.031,32.8,-0.030,32.8,-0.029,32.8,-0.031,32.8
775.0,-0.033,32.8,-0.033,32.8,-0.034,32.8,-0.033,32.8
775.5,-0.029,32.8,-0.030,32.8,-0.030,32.8,-0.032,32.8
776.0,-0.022,32.8,-0.022,32.8,-0.023,32.8,-0.023,32.8
776.5,-0.011,32.8,-0.011,32.8,-0.011,32.8,-0.012,32.8
777.0,-0.006,32.8,-0.005,32.8,-0.005,32.8,-0.005,32.8
777.5,-0.006,32.8,-0.005,32.8,-0.005,32.8,-0.006,32.8
778.0,-0.004,32.8,-0.003,32.8,-0.004,32.8,-0.007,32.8
778.5,0.002,32.8,0.001,32.8,0.002,32.8,0.000,32.9
779.0,0.010,32.8,0.010,32.8,0.008,32.8,0.007,32.8
779.5,0.016,32.8,0.016,32.8,0.014,32.8,0.014,32.8
780.0,0.016,32.8,0.017,32.8,0.017,32.8,0.017,32.8
780.5,0.017,32.8,0.018,32.8,0.020,32.8,0.017,32.8
781.0,0.015,32.7,0.016,32.7,0.018,32.8,0.017,32.7
781.5,0.021,32.7,0.021,32.7,0.021,32.7,0.020,32.7
782.0,0.023,32.7,0.025,32.7,0.026,32.7,0.021,32.7
782.5,0.026,32.6,0.027,32.7,0.028,32.6,0.026,32.6
783.0,0.028,32.6,0.029,32.6,0.028,32.6,0.027,32.6
783.5,0.024,32.5,0.025,32.6,0.025,32.5,0.024,32.6
784.0,0.021,32.5,0.022,32.5,0.022,32.5,0.021,32.5
784.5,0.020,32.5,0.021,32.5,0.022,32.5,0.019,32.5
785.0,0.022,32.5,0.022,32.5,0.020,32.5,0.022,32.5
785.5,0.024,32.5,0.024,32.5,0.021,32.5,0.026,32.5
786.0,0.024,32.5,0.025,32.4,0.020,32.5,0.024,32.4
786.5,0.027,32.4,0.027,32.4,0.024,32.4,0.028,32.4
787.0,0.027,32.4,0.027,32.4,0.027,32.4,0.027,32.4
787.5,0.029,32.4,0.029,32.4,0.028,32.4,0.035,32.3
788.0,0.031,32.3,0.031,32.4,0.032,32.3,0.031,32.3
788.5,0.032,32.3,0.032,32.3,0.034,32.3,0.034,32.3
789.0,0.032,32.3,0.033,32.3,0.032,32.3,0.031,32.3
789.5,0.026,32.3,0.026,32.3,0.028,32.3,0.027,32.3
790.0,0.027,32.3,0.028,32.3,0.027,32.3,0.027,32.2
790.5,0.026,32.3,0.027,32.3,0.026,32.3,0.027,32.2
791.0,0.032,32.2,0.031,32.3,0.034,32.3,0.031,32.2
791.5,0.032,32.2,0.032,32.2,0.033,32.2,0.034,32.2
792.0,0.029,32.2,0.027,32.2,0.030,32.2,0.029,32.2
792.5,0.029,32.2,0.027,32.2,0.027,32.2,0.029,32.2
793.0,0.026,32.2,0.026,32.2,0.027,32.2,0.029,32.2
793.5,0.025,32.2,0.025,32.2,0.025,32.2,0.025,32.2
794.0,0.019,32.2,0.019,32.1,0.020,32.2,0.022,32.2
794.5,0.020,32.2,0.020,32.2,0.020,32.2,0.022,32.2
795.0,0.022,32.2,0.022,32.2,0.022,32.2,0.022,32.2
795.5,0.022,32.2,0.022,32.2,0.023,32.2,0.021,32.2
796.0,0.025,32.2,0.026,32.2,0.027,32.2,0.025,32.2
796.5,0.027,32.2,0.028,32.2,0.025,32.1,0.028,32.2
797.0,0.029,32.2,0.028,32.2,0.024,32.2,0.029,32.2
797.5,0.031,32.1,0.031,32.1,0.030,32.1,0.032,32.2
798.0,0.030,32.1,0.032,32.1,0.031,32.1,0.032,32.2
798.5,0.031,32.1,0.032,32.1,0.030,32.1,0.031,32.1
799.0,0.029,32.1,0.029,32.1,0.028,32.1,0.029,32.1
799.5,0.028,32.1,0.028,32.1,0.028,32.1,0.030,32.1
800.0,0.027,32.1,0.027,32.1,0.026,32.1,0.028,32.1
800.5,0.029,32.1,0.030,32.1,0.029,32.1,0.030,32.1
801.0,0.032,32.1,0.030,32.1,0.032,32.1,0.034,32.1
801.5,0.028,32.1,0.027,32.0,0.027,32.1,0.028,32.0
802.0,0.027,32.1,0.027,32.1,0.026,32.1,0.026,32.1
802.5,0.025,32.1,0.023,32.1,0.025,32.0,0.027,32.1
803.0,0.022,32.1,0.021,32.0,0.022,32.1,0.023,32.1
803.5,0.021,32.0,0.021,32.0,0.020,32.1,0.023,32.1
804.0,0.021,32.1,0.021,32.1,0.022,32.0,0.024,32.0
804.5,0.023,32.1,0.021,32.1,0.024,32.1,0.023,32.0
805.0,0.026,32.1,0.025,32.1,0.024,32.1,0.027,32.1
805.5,0.031,32.1,0.030,32.1,0.030,32.1,0.028,32.0
806.0,0.032,32.1,0.031,32.1,0.031,32.0,0.032,32.1
806.5,0.030,32.0,0.031,32.1,0.028,32.0,0.033,32.0
807.0,0.030,32.0,0.030,32.1,0.032,32.1,0.031,32.0
807.5,0.028,32.0,0.027,32.0,0.031,32.0,0.030,32.0
808.0,0.030,32.0,0.028,32.0,0.030,32.0,0.028,32.0
808.5,0.030,32.0,0.029,32.0,0.034,32.0,0.030,32.0
809.0,0.030,32.0,0.027,32.0,0.026,32.0,0.031,32.0
809.5,0.029,32.0,0.028,31.9,0.028,32.0,0.028,31.9
810.0,0.027,32.0,0.025,32.0,0.026,32.0,0.026,32.0
810.5,0.026,32.0,0.025,32.0,0.027,31.9,0.027,32.0
811.0,0.022,32.0,0.020,32.0,0.022,32.0,0.026,32.0
811.5,0.022,32.0,0.021,32.0,0.021,32.0,0.021,32.0
812.0,0.022,32.0,0.021,32.0,0.022,32.0,0.023,32.0
812.5,0.020,32.0,0.020,32.0,0.018,32.0,0.022,32.0
813.0,0.020,32.0,0.019,32.0,0.020,32.0,0.019,32.0
813.5,0.017,32.0,0.016,32.0,0.018,32.1,0.018,32.0
814.0,0.017,32.0,0.017,32.0,0.014,32.1,0.016,32.0
814.5,0.019,32.1,0.017,32.1,0.018,32.1,0.018,32.0
815.0,0.021,32.0,0.021,32.1,0.020,32.0,0.022,32.1
815.5,0.021,32.1,0.022,32.1,0.022,32.0,0.023,32.1
816.0,0.020,32.1,0.020,32.1,0.021,32.0,0.021,32.0
816.5,0.022,32.1,0.021,32.1,0.020,32.1,0.021,32.0
817.0,0.021,32.1,0.021,32.1,0.022,32.1,0.021,32.1
817.5,0.023,32.0,0.023,32.1,0.023,32.0,0.023,32.0
818.0,0.022,32.1,0.023,32.1,0.023,32.0,0.024,32.1
818.5,0.019,32.0,0.019,32.1,0.020,32.1,0.021,32.1
819.0,0.020,32.1,0.019,32.1,0.022,32.1,0.024,32.1
819.5,0.018,32.0,0.018,32.1,0.022,32.1,0.019,32.0
820.0,0.015,32.1,0.016,32.1,0.017,32.0,0.015,32.1
820.5,0.011,32.1,0.010,32.1,0.014,32.0,0.011,32.1
821.0,0.011,32.1,0.011,32.1,0.014,32.0,0.009,32.1
821.5,0.014,32.1,0.014,32.1,0.014,32.1,0.013,32.1
822.0,0.013,32.1,0.011,32.1,0.013,32.1,0.013,32.1
822.5,0.013,32.1,0.013,32.1,0.014,32.1,0.012,32.1
823.0,0.010,32.1,0.011,32.1,0.011,32.1,0.010,32.1
823.5,0.012,32.1,0.012,32.1,0.011,32.1,0.013,32.1
824.0,0.012,32.1,0.011,32.1,0.010,32.1,0.014,32.1
824.5,0.009,32.2,0.010,32.2,0.008,32.2,0.008,32.1
825.0,0.010,32.2,0.009,32.1,0.012,32.1,0.009,32.2
825.5,0.009,32.2,0.010,32.2,0.010,32.1,0.010,32.2
826.0,0.010,32.2,0.012,32.2,0.010,32.2,0.008,32.2
826.5,0.008,32.2,0.009,32.2,0.007,32.2,0.009,32.2
827.0,0.007,32.2,0.008,32.2,0.008,32.2,0.006,32.2
827.5,0.008,32.2,0.009,32.2,0.007,32.2,0.008,32.2
828.0,0.007,32.2,0.007,32.2,0.008,32.2,0.007,32.2
828.5,0.008,32.2,0.009,32.2,0.009,32.2,0.007,32.2
829.0,0.005,32.2,0.007,32.2,0.006,32.2,0.007,32.3
829.5,0.003,32.2,0.003,32.2,0.004,32.3,0.004,32.3
830.0,0.004,32.2,0.004,32.2,0.002,32.3,0.002,32.3
830.5,0.006,32.3,0.006,32.3,0.006,32.3,0.004,32.3
831.0,0.009,32.3,0.008,32.3,0.009,32.3,0.008,32.3
831.5,0.008,32.3,0.010,32.3,0.010,32.3,0.009,32.3
832.0,0.007,32.3,0.007,32.3,0.007,32.3,0.007,32.3
832.5,0.007,32.3,0.008,32.3,0.007,32.4,0.006,32.3
833.0,0.010,32.3,0.010,32.3,0.008,32.3,0.009,32.3
833.5,0.010,32.3,0.010,32.3,0.009,32.3,0.009,32.3
834.0,0.007,32.3,0.008,32.3,0.007,32.3,0.007,32.3
834.5,0.006,32.3,0.007,32.3,0.006,32.3,0.007,32.3
835.0,0.006,32.3,0.007,32.3,0.007,32.3,0.008,32.3
835.5,0.006,32.3,0.007,32.3,0.007,32.3,0.007,32.3
836.0,0.006,32.3,0.006,32.3,0.007,32.3,0.007,32.3
836.5,0.003,32.3,0.003,32.3,0.003,32.3,0.002,32.3
837.0,0.002,32.3,0.002,32.3,0.001,32.3,0.002,32.3
837.5,0.000,32.3,0.002,32.3,0.004,32.3,0.000,32.3
838.0,-0.002,32.3,0.000,32.4,0.002,32.4,-0.002,32.3
838.5,-0.004,32.4,-0.004,32.4,-0.004,32.4,-0.004,32.4
839.0,-0.008,32.4,-0.008,32.4,-0.008,32.4,-0.008,32.4
839.5,-0.017,32.4,-0.016,32.4,-0.016,32.4,-0.014,32.4
840.0,-0.038,32.4,-0.037,32.4,-0.033,32.5,-0.036,32.4
840.5,-0.083,32.5,-0.081,32.5,-0.069,32.5,-0.076,32.5
841.0,-0.136,32.4,-0.136,32.5,-0.123,32.5,-0.121,32.4
841.5,-0.162,32.3,-0.163,32.3,-0.160,32.3,-0.162,32.3
842.0,-0.131,32.1,-0.137,32.1,-0.133,32.2,-0.131,32.2
842.5,-0.088,32.1,-0.090,32.1,-0.099,32.1,-0.090,32.1
843.0,-0.053,32.1,-0.054,32.1,-0.057,32.1,-0.057,32.1
843.5,-0.035,32.2,-0.035,32.1,-0.042,32.1,-0.036,32.1
844.0,-0.031,32.2,-0.030,32.2,-0.032,32.1,-0.032,32.2
844.5,-0.029,32.3,-0.030,32.2,-0.029,32.2,-0.031,32.2
845.0,-0.026,32.3,-0.026,32.3,-0.025,32.3,-0.027,32.3
845.5,-0.027,32.4,-0.027,32.4,-0.025,32.4,-0.026,32.3
846.0,-0.039,32.4,-0.038,32.4,-0.035,32.4,-0.037,32.4
846.5,-0.043,32.4,-0.043,32.4,-0.043,32.4,-0.042,32.4
847.0,-0.043,32.4,-0.042,32.4,-0.042,32.4,-0.042,32.4
847.5,-0.032,32.5,-0.032,32.4,-0.036,32.5,-0.033,32.5
848.0,-0.022,32.5,-0.023,32.5,-0.021,32.5,-0.024,32.5
848.5,-0.020,32.5,-0.020,32.5,-0.018,32.5,-0.020,32.5
849.0,-0.026,32.5,-0.027,32.5,-0.027,32.6,-0.026,32.5
849.5,-0.022,32.6,-0.024,32.6,-0.022,32.6,-0.024,32.5
850.0,-0.021,32.6,-0.020,32.6,-0.020,32.6,-0.020,32.6
850.5,-0.020,32.6,-0.019,32.6,-0.019,32.6,-0.019,32.6
851.0,-0.027,32.7,-0.026,32.7,-0.026,32.7,-0.023,32.6
851.5,-0.039,32.7,-0.038,32.6,-0.036,32.6,-0.034,32.7
852.0,-0.045,32.7,-0.044,32.7,-0.045,32.6,-0.043,32.7
852.5,-0.046,32.6,-0.046,32.7,-0.046,32.6,-0.048,32.6
853.0,-0.035,32.7,-0.035,32.7,-0.036,32.6,-0.041,32.7
853.5,-0.026,32.7,-0.027,32.7,-0.026,32.7,-0.026,32.7
854.0,-0.017,32.7,-0.018,32.7,-0.018,32.7,-0.018,32.7
854.5,-0.014,32.7,-0.014,32.7,-0.014,32.7,-0.014,32.7
855.0,-0.016,32.7,-0.014,32.7,-0.013,32.7,-0.016,32.7
855.5,-0.011,32.7,-0.012,32.7,-0.012,32.7,-0.018,32.7
856.0,-0.004,32.8,-0.003,32.7,-0.004,32.8,-0.008,32.7
856.5,0.000,32.8,0.000,32.7,0.000,32.8,-0.000,32.8
857.0,0.000,32.7,0.000,32.8,-0.000,32.7,-0.001,32.8
857.5,-0.001,32.8,-0.001,32.8,-0.002,32.7,-0.001,32.8
858.0,0.002,32.8,0.001,32.8,-0.002,32.7,0.001,32.8
858.5,0.007,32.8,0.007,32.8,0.006,32.7,0.006,32.8
859.0,0.015,32.8,0.014,32.7,0.015,32.8,0.014,32.8
859.5,0.020,32.7,0.019,32.7,0.018,32.7,0.020,32.8
860.0,0.022,32.7,0.021,32.7,0.023,32.7,0.025,32.7
860.5,0.019,32.7,0.019,32.7,0.020,32.7,0.021,32.7
861.0,0.018,32.6,0.018,32.6,0.019,32.7,0.019,32.7
861.5,0.016,32.6,0.018,32.6,0.017,32.6,0.017,32.6
862.0,0.015,32.6,0.016,32.6,0.018,32.6,0.015,32.6
862.5,0.018,32.6,0.019,32.6,0.018,32.6,0.017,32.6
863.0,0.019,32.6,0.019,32.6,0.018,32.6,0.018,32.6
863.5,0.021,32.6,0.021,32.6,0.019,32.6,0.021,32.6
864.0,0.023,32.5,0.023,32.5,0.025,32.5,0.023,32.5
864.5,0.024,32.5,0.025,32.5,0.026,32.5,0.026,32.5
865.0,0.026,32.5,0.027,32.5,0.028,32.5,0.026,32.5
865.5,0.029,32.5,0.029,32.5,0.029,32.5,0.027,32.5
866.0,0.029,32.4,0.031,32.4,0.030,32.4,0.028,32.4
866.5,0.026,32.4,0.025,32.4,0.025,32.4,0.025,32.4
867.0,0.025,32.4,0.025,32.4,0.027,32.4,0.026,32.4
867.5,0.026,32.3,0.025,32.3,0.026,32.4,0.026,32.4
868.0,0.026,32.3,0.028,32.3,0.026,32.3,0.026,32.4
868.5,0.026,32.3,0.028,32.3,0.030,32.3,0.027,32.3
869.0,0.026,32.3,0.025,32.3,0.025,32.3,0.026,32.3
869.5,0.030,32.3,0.031,32.3,0.031,32.3,0.031,32.3
870.0,0.028,32.3,0.028,32.3,0.029,32.3,0.032,32.3
870.5,0.025,32.3,0.024,32.3,0.024,32.3,0.029,32.3
871.0,0.020,32.2,0.020,32.2,0.019,32.3,0.021,32.2
871.5,0.023,32.3,0.022,32.3,0.021,32.3,0.024,32.2
872.0,0.029,32.3,0.028,32.3,0.029,32.2,0.027,32.3
872.5,0.026,32.3,0.026,32.3,0.028,32.2,0.026,32.3
873.0,0.026,32.2,0.026,32.3,0.027,32.2,0.025,32.2
873.5,0.027,32.2,0.027,32.2,0.028,32.2,0.024,32.2
874.0,0.032,32.2,0.032,32.2,0.032,32.2,0.029,32.2
874.5,0.032,32.2,0.031,32.2,0.031,32.2,0.032,32.2
875.0,0.030,32.2,0.030,32.2,0.031,32.2,0.033,32.2
875.5,0.031,32.2,0.029,32.2,0.030,32.1,0.035,32.2
876.0,0.029,32.1,0.028,32.1,0.027,32.1,0.036,32.2
876.5,0.028,32.1,0.028,32.1,0.027,32.1,0.029,32.1
877.0,0.030,32.1,0.029,32.1,0.030,32.1,0.030,32.1
877.5,0.029,32.1,0.028,32.1,0.031,32.1,0.027,32.1
878.0,0.029,32.1,0.028,32.1,0.029,32.1,0.029,32.1
878.5,0.027,32.1,0.025,32.1,0.031,32.1,0.028,32.1
879.0,0.027,32.1,0.026,32.1,0.028,32.1,0.027,32.1
879.5,0.026,32.1,0.025,32.1,0.025,32.1,0.028,32.1
880.0,0.021,32.1,0.021,32.1,0.023,32.1,0.022,32.1
880.5,0.018,32.1,0.020,32.1,0.024,32.1,0.020,32.1
881.0,0.022,32.1,0.021,32.1,0.020,32.1,0.021,32.1
881.5,0.030,32.1,0.028,32.1,0.027,32.1,0.030,32.1
882.0,0.034,32.1,0.034,32.1,0.033,32.1,0.034,32.1
882.5,0.037,32.1,0.037,32.1,0.037,32.1,0.036,32.1
883.0,0.031,32.0,0.032,32.0,0.039,32.0,0.033,32.1
883.5,0.027,32.0,0.026,32.0,0.026,32.0,0.027,32.0
884.0,0.028,32.0,0.028,32.0,0.027,32.0,0.027,32.0
884.5,0.028,32.0,0.028,32.0,0.030,32.0,0.028,32.0
885.0,0.028,32.0,0.028,32.0,0.027,32.1,0.028,32.0
885.5,0.027,32.0,0.027,32.0,0.029,32.0,0.026,32.0
886.0,0.026,32.0,0.027,32.0,0.026,32.0,0.026,32.0
886.5,0.027,32.0,0.026,32.0,0.027,32.0,0.026,32.0
887.0,0.026,32.0,0.025,32.0,0.028,32.0,0.026,32.0
887.5,0.030,32.0,0.031,32.0,0.027,32.0,0.033,32.0
888.0,0.029,32.0,0.028,32.0,0.030,32.0,0.028,32.0
888.5,0.026,32.0,0.026,32.0,0.025,32.0,0.028,32.0
889.0,0.025,32.0,0.026,32.0,0.026,32.0,0.025,32.0
889.5,0.022,32.0,0.022,32.0,0.024,32.0,0.020,32.0
890.0,0.019,32.0,0.020,32.0,0.019,32.0,0.019,32.0
890.5,0.016,32.0,0.017,32.0,0.016,32.0,0.018,32.0
891.0,0.021,32.0,0.021,32.0,0.018,32.1,0.021,32.0
891.5,0.026,32.0,0.027,32.0,0.026,32.0,0.025,32.1
892.0,0.026,32.0,0.027,32.0,0.024,32.0,0.026,32.0
892.5,0.029,32.0,0.031,32.1,0.024,32.0,0.027,32.0
893.0,0.027,32.0,0.028,32.0,0.025,32.0,0.029,32.0
893.5,0.027,32.0,0.026,32.0,0.027,32.0,0.029,32.0
894.0,0.026,32.0,0.027,32.0,0.028,32.0,0.027,32.0
894.5,0.025,32.0,0.025,32.0,0.026,32.0,0.025,32.0
895.0,0.023,32.0,0.023,32.0,0.023,32.0,0.023,32.0
895.5,0.020,32.0,0.020,32.0,0.022,32.0,0.022,32.0
896.0,0.021,32.0,0.022,32.0,0.022,32.0,0.020,32.1
896.5,0.020,32.0,0.020,32.0,0.022,32.0,0.021,32.0
897.0,0.018,32.0,0.019,32.0,0.018,32.0,0.019,32.0
897.5,0.017,32.0,0.017,32.0,0.018,32.0,0.015,32.0
898.0,0.016,32.0,0.015,32.0,0.015,32.0,0.015,32.0
898.5,0.017,32.0,0.016,32.0,0.015,32.1,0.015,32.1
899.0,0.016,32.0,0.015,32.0,0.014,32.0,0.016,32.1
899.5,0.015,32.1,0.014,32.1,0.012,32.1,0.016,32.1
900.0,0.017,32.1,0.018,32.1,0.017,32.1,0.019,32.1
900.5,0.018,32.1,0.018,32.1,0.019,32.1,0.015,32.1
901.0,0.017,32.1,0.016,32.1,0.017,32.1,0.015,32.1
901.5,0.015,32.1,0.017,32.1,0.015,32.1,0.017,32.1
902.0,0.018,32.1,0.019,32.1,0.018,32.1,0.022,32.1
902.5,0.017,32.1,0.019,32.1,0.017,32.1,0.016,32.1
903.0,0.017,32.1,0.019,32.1,0.017,32.1,0.015,32.1
903.5,0.018,32.1,0.019,32.1,0.017,32.1,0.017,32.1
904.0,0.015,32.1,0.015,32.1,0.015,32.0,0.020,32.1
904.5,0.013,32.1,0.013,32.1,0.013,32.0,0.013,32.1
905.0,0.009,32.1,0.009,32.1,0.009,32.1,0.009,32.1
905.5,0.010,32.1,0.011,32.1,0.008,32.1,0.008,32.1
906.0,0.009,32.2,0.010,32.2,0.010,32.1,0.008,32.1
906.5,0.004,32.2,0.006,32.2,0.005,32.1,0.006,32.2
907.0,0.002,32.2,0.005,32.1,0.004,32.2,0.005,32.2
907.5,0.002,32.2,0.000,32.2,0.003,32.2,0.001,32.2
908.0,0.006,32.2,0.005,32.2,0.005,32.2,0.002,32.2
908.5,0.006,32.2,0.006,32.2,0.004,32.2,0.006,32.2
909.0,0.007,32.2,0.006,32.2,0.006,32.2,0.008,32.2
909.5,0.007,32.2,0.007,32.2,0.009,32.2,0.008,32.2
910.0,0.009,32.3,0.009,32.2,0.007,32.2,0.009,32.3
910.5,0.012,32.2,0.012,32.2,0.012,32.2,0.008,32.3
911.0,0.007,32.3,0.008,32.3,0.008,32.3,0.008,32.3
911.5,0.007,32.3,0.006,32.3,0.007,32.2,0.008,32.3
912.0,0.008,32.3,0.007,32.3,0.008,32.3,0.009,32.3
912.5,0.005,32.3,0.005,32.3,0.006,32.3,0.006,32.3
913.0,0.005,32.3,0.004,32.3,0.005,32.3,0.005,32.3
913.5,0.003,32.3,0.003,32.3,0.004,32.3,0.002,32.3
914.0,0.005,32.3,0.005,32.3,0.005,32.3,0.006,32.3
914.5,0.004,32.3,0.004,32.3,0.006,32.3,0.004,32.3
915.0,0.002,32.3,0.002,32.3,0.002,32.3,0.001,32.3
915.5,-0.001,32.3,-0.001,32.3,0.002,32.4,0.000,32.3
916.0,-0.002,32.3,-0.001,32.3,0.001,32.3,-0.002,32.3
916.5,-0.003,32.3,-0.002,32.3,0.000,32.3,-0.002,32.4
917.0,-0.002,32.4,-0.002,32.4,-0.002,32.4,-0.002,32.4
917.5,-0.001,32.4,0.001,32.4,0.000,32.4,-0.003,32.4
918.0,-0.002,32.4,-0.001,32.4,-0.001,32.4,-0.000,32.4
918.5,-0.001,32.4,-0.001,32.4,-0.001,32.4,-0.001,32.4
919.0,-0.003,32.4,-0.003,32.4,0.000,32.4,-0.000,32.4
919.5,-0.009,32.4,-0.009,32.4,-0.007,32.4,-0.004,32.3
920.0,-0.022,32.4,-0.021,32.4,-0.012,32.4,-0.020,32.4
920.5,-0.045,32.5,-0.041,32.5,-0.042,32.5,-0.042,32.5
921.0,-0.081,32.5,-0.079,32.5,-0.077,32.5,-0.066,32.5
921.5,-0.121,32.4,-0.120,32.5,-0.116,32.5,-0.111,32.4
922.0,-0.134,32.4,-0.132,32.4,-0.132,32.4,-0.135,32.4
922.5,-0.115,32.2,-0.116,32.2,-0.120,32.2,-0.117,32.3
923.0,-0.082,32.2,-0.081,32.2,-0.098,32.2,-0.085,32.2
923.5,-0.051,32.2,-0.049,32.2,-0.055,32.2,-0.061,32.2
924.0,-0.034,32.2,-0.035,32.3,-0.036,32.2,-0.034,32.2
924.5,-0.027,32.3,-0.027,32.3,-0.028,32.3,-0.028,32.3
925.0,-0.026,32.3,-0.025,32.3,-0.029,32.3,-0.025,32.3
925.5,-0.029,32.4,-0.029,32.4,-0.030,32.4,-0.028,32.4
926.0,-0.027,32.4,-0.027,32.4,-0.027,32.4,-0.026,32.4
926.5,-0.017,32.5,-0.016,32.5,-0.019,32.5,-0.023,32.4
927.0,-0.009,32.5,-0.008,32.5,-0.009,32.5,-0.011,32.5
927.5,-0.010,32.5,-0.011,32.5,-0.009,32.5,-0.010,32.5
928.0,-0.021,32.6,-0.021,32.6,-0.012,32.5,-0.020,32.6
928.5,-0.031,32.6,-0.031,32.6,-0.016,32.6,-0.031,32.6
929.0,-0.036,32.6,-0.035,32.6,-0.036,32.6,-0.035,32.6
929.5,-0.034,32.6,-0.033,32.6,-0.035,32.6,-0.033,32.6
930.0,-0.025,32.6,-0.026,32.6,-0.032,32.6,-0.025,32.6
930.5,-0.021,32.6,-0.021,32.6,-0.026,32.6,-0.022,32.6
931.0,-0.026,32.7,-0.025,32.7,-0.027,32.7,-0.027,32.7
931.5,-0.031,32.7,-0.030,32.7,-0.031,32.7,-0.030,32.7
932.0,-0.033,32.7,-0.032,32.7,-0.031,32.6,-0.036,32.7
932.5,-0.029,32.7,-0.028,32.7,-0.029,32.7,-0.034,32.7
933.0,-0.026,32.7,-0.026,32.7,-0.027,32.7,-0.026,32.7
933.5,-0.023,32.7,-0.024,32.7,-0.023,32.7,-0.022,32.7
934.0,-0.020,32.7,-0.019,32.7,-0.022,32.7,-0.019,32.7
934.5,-0.015,32.8,-0.014,32.8,-0.017,32.7,-0.015,32.8
935.0,-0.015,32.8,-0.014,32.7,-0.014,32.7,-0.015,32.7
935.5,-0.020,32.8,-0.019,32.8,-0.019,32.8,-0.016,32.7
936.0,-0.015,32.8,-0.015,32.8,-0.016,32.7,-0.016,32.8
936.5,-0.009,32.8,-0.010,32.8,-0.011,32.8,-0.011,32.8
937.0,-0.006,32.8,-0.005,32.8,-0.008,32.8,-0.006,32.8
937.5,-0.009,32.8,-0.008,32.8,-0.008,32.8,-0.008,32.8
938.0,-0.012,32.8,-0.010,32.8,-0.011,32.8,-0.012,32.8
938.5,-0.010,32.8,-0.010,32.8,-0.009,32.8,-0.008,32.8
939.0,-0.002,32.8,-0.003,32.8,-0.003,32.8,-0.003,32.8
939.5,0.007,32.8,0.007,32.8,0.005,32.8,0.008,32.8
940.0,0.010,32.8,0.010,32.8,0.009,32.8,0.011,32.8
940.5,0.013,32.8,0.012,32.8,0.012,32.8,0.012,32.8
941.0,0.015,32.8,0.015,32.8,0.014,32.8,0.017,32.8
941.5,0.016,32.7,0.016,32.7,0.015,32.8,0.017,32.7
942.0,0.018,32.7,0.018,32.7,0.017,32.7,0.018,32.7
942.5,0.019,32.7,0.018,32.7,0.020,32.6,0.018,32.7
943.0,0.022,32.6,0.022,32.6,0.021,32.6,0.021,32.7
943.5,0.023,32.6,0.022,32.6,0.023,32.6,0.022,32.6
944.0,0.023,32.6,0.022,32.6,0.023,32.6,0.024,32.6
944.5,0.024,32.6,0.024,32.6,0.025,32.6,0.024,32.6
945.0,0.023,32.5,0.024,32.5,0.023,32.6,0.023,32.5
945.5,0.026,32.5,0.026,32.5,0.027,32.5,0.026,32.5
946.0,0.029,32.5,0.029,32.5,0.029,32.4,0.033,32.4
946.5,0.031,32.4,0.031,32.5,0.032,32.4,0.030,32.4
947.0,0.029,32.4,0.028,32.4,0.030,32.4,0.030,32.4
947.5,0.024,32.4,0.023,32.4,0.026,32.4,0.023,32.4
948.0,0.021,32.4,0.021,32.4,0.022,32.4,0.021,32.4
948.5,0.022,32.4,0.020,32.4,0.020,32.3,0.020,32.3
949.0,0.021,32.4,0.021,32.4,0.020,32.4,0.022,32.3
949.5,0.019,32.3,0.018,32.4,0.018,32.3,0.020,32.3
950.0,0.019,32.3,0.018,32.3,0.018,32.3,0.020,32.4
950.5,0.021,32.3,0.021,32.3,0.020,32.4,0.022,32.4
951.0,0.023,32.3,0.024,32.3,0.023,32.4,0.025,32.3
951.5,0.027,32.3,0.027,32.4,0.029,32.3,0.027,32.3
952.0,0.028,32.3,0.027,32.3,0.028,32.3,0.026,32.3
952.5,0.029,32.3,0.028,32.3,0.031,32.3,0.027,32.3
953.0,0.028,32.3,0.028,32.3,0.032,32.3,0.030,32.3
953.5,0.027,32.2,0.026,32.3,0.029,32.3,0.028,32.3
954.0,0.026,32.2,0.026,32.2,0.026,32.2,0.030,32.3
954.5,0.024,32.2,0.024,32.2,0.024,32.2,0.027,32.2
955.0,0.029,32.2,0.029,32.2,0.026,32.3,0.027,32.2
955.5,0.032,32.2,0.031,32.2,0.031,32.2,0.032,32.2
956.0,0.031,32.2,0.031,32.2,0.030,32.2,0.032,32.2
956.5,0.030,32.2,0.030,32.2,0.029,32.2,0.030,32.2
957.0,0.025,32.2,0.026,32.2,0.025,32.2,0.026,32.1
957.5,0.020,32.1,0.020,32.2,0.019,32.1,0.020,32.1
958.0,0.020,32.2,0.019,32.1,0.018,32.2,0.020,32.1
958.5,0.023,32.2,0.022,32.2,0.022,32.2,0.023,32.1
959.0,0.026,32.2,0.026,32.1,0.025,32.2,0.026,32.1
959.5,0.025,32.2,0.026,32.2,0.024,32.2,0.027,32.2
960.0,0.029,32.1,0.028,32.1,0.028,32.1,0.029,32.1
960.5,0.030,32.1,0.030,32.1,0.031,32.1,0.031,32.1
961.0,0.032,32.1,0.031,32.1,0.030,32.2,0.033,32.1
961.5,0.030,32.1,0.030,32.1,0.033,32.1,0.032,32.1
962.0,0.029,32.1,0.028,32.1,0.029,32.1,0.030,32.1
962.5,0.028,32.1,0.026,32.1,0.032,32.0,0.028,32.1
963.0,0.026,32.1,0.026,32.1,0.026,32.1,0.028,32.1
963.5,0.030,32.1,0.031,32.1,0.029,32.1,0.031,32.1
964.0,0.031,32.0,0.028,32.0,0.029,32.1,0.031,32.0
964.5,0.031,32.0,0.031,32.0,0.035,32.0,0.031,32.1
965.0,0.033,32.0,0.032,32.0,0.036,32.0,0.031,32.0
965.5,0.028,32.0,0.028,32.0,0.028,32.0,0.033,32.1
966.0,0.028,32.0,0.030,32.0,0.028,32.0,0.029,32.0
966.5,0.027,32.0,0.028,32.0,0.027,32.0,0.029,32.0
967.0,0.025,32.0,0.024,32.0,0.025,32.0,0.025,32.0
967.5,0.019,32.0,0.020,32.0,0.018,31.9,0.022,32.0
968.0,0.021,32.0,0.021,32.0,0.018,32.0,0.021,32.0
968.5,0.028,32.0,0.029,32.0,0.026,32.0,0.029,32.0
969.0,0.028,32.0,0.028,32.0,0.028,32.0,0.029,32.0
969.5,0.030,32.0,0.030,32.0,0.029,32.0,0.027,32.0
970.0,0.028,32.0,0.028,32.0,0.028,31.9,0.026,32.0
970.5,0.028,32.0,0.028,32.0,0.026,32.0,0.026,32.0
971.0,0.029,32.0,0.030,32.0,0.030,32.0,0.026,32.0
971.5,0.026,32.0,0.026,32.0,0.028,32.0,0.024,32.0
972.0,0.028,32.0,0.028,32.0,0.026,32.0,0.027,32.0
972.5,0.025,32.0,0.028,32.0,0.026,32.0,0.024,32.0
973.0,0.023,32.0,0.024,31.9,0.024,32.0,0.023,32.0
973.5,0.021,32.0,0.022,32.0,0.021,32.0,0.021,32.0
974.0,0.019,32.0,0.020,32.0,0.019,32.0,0.020,32.0
974.5,0.017,32.0,0.019,32.0,0.018,32.0,0.017,32.0
975.0,0.013,32.0,0.015,32.0,0.016,32.0,0.015,32.1
975.5,0.017,32.0,0.014,32.1,0.018,32.0,0.015,32.0
976.0,0.018,32.0,0.017,32.1,0.018,32.1,0.017,32.0
976.5,0.018,32.1,0.017,32.1,0.018,32.1,0.017,32.0
977.0,0.017,32.1,0.016,32.1,0.017,32.1,0.017,32.0
977.5,0.015,32.0,0.015,32.0,0.016,32.1,0.018,32.0
978.0,0.017,32.1,0.018,32.1,0.017,32.1,0.017,32.0
978.5,0.019,32.1,0.018,32.1,0.018,32.1,0.024,32.1
979.0,0.021,32.1,0.021,32.1,0.020,32.1,0.020,32.1
979.5,0.021,32.1,0.020,32.1,0.022,32.1,0.023,32.1
980.0,0.019,32.1,0.019,32.1,0.018,32.1,0.023,32.1
980.5,0.024,32.1,0.024,32.1,0.022,32.1,0.026,32.1
981.0,0.023,32.1,0.024,32.1,0.022,32.1,0.025,32.1
981.5,0.023,32.1,0.023,32.1,0.024,32.1,0.023,32.1
982.0,0.020,32.1,0.019,32.1,0.019,32.1,0.022,32.1
982.5,0.018,32.0,0.017,32.0,0.016,32.0,0.020,32.1
983.0,0.016,32.0,0.016,32.1,0.015,32.0,0.016,32.1
983.5,0.013,32.1,0.013,32.0,0.012,32.1,0.013,32.0
984.0,0.010,32.1,0.010,32.1,0.012,32.1,0.011,32.1
984.5,0.011,32.1,0.011,32.1,0.010,32.1,0.014,32.1
985.0,0.013,32.1,0.013,32.1,0.014,32.1,0.012,32.1
985.5,0.013,32.1,0.013,32.1,0.012,32.1,0.014,32.1
986.0,0.010,32.1,0.011,32.1,0.009,32.1,0.010,32.1
986.5,0.009,32.1,0.009,32.1,0.010,32.1,0.011,32.1
987.0,0.008,32.2,0.009,32.2,0.010,32.1,0.006,32.2
987.5,0.009,32.2,0.010,32.2,0.007,32.2,0.006,32.2
988.0,0.007,32.2,0.007,32.2,0.007,32.2,0.005,32.2
988.5,0.005,32.2,0.005,32.2,0.005,32.2,0.002,32.2
989.0,0.005,32.2,0.006,32.2,0.005,32.2,0.003,32.2
989.5,0.007,32.2,0.006,32.2,0.008,32.2,0.005,32.2
990.0,0.009,32.2,0.010,32.2,0.010,32.2,0.010,32.2
990.5,0.008,32.3,0.007,32.3,0.011,32.2,0.008,32.3
991.0,0.007,32.3,0.007,32.3,0.008,32.2,0.009,32.3
991.5,0.006,32.3,0.006,32.3,0.008,32.2,0.007,32.3
992.0,0.005,32.3,0.005,32.3,0.008,32.3,0.007,32.3
992.5,0.005,32.3,0.006,32.3,0.005,32.2,0.005,32.3
993.0,0.001,32.3,0.002,32.3,0.001,32.3,0.004,32.3
993.5,-0.001,32.3,-0.001,32.3,-0.002,32.3,0.003,32.3
994.0,-0.001,32.3,-0.001,32.3,-0.002,32.3,0.001,32.3
994.5,0.000,32.3,-0.000,32.3,0.001,32.3,0.001,32.4
995.0,0.003,32.3,0.002,32.3,0.003,32.3,0.002,32.3
995.5,0.001,32.3,0.001,32.3,0.001,32.3,-0.000,32.3
996.0,0.002,32.3,0.003,32.3,0.000,32.3,0.002,32.3
996.5,0.002,32.4,0.003,32.3,0.002,32.4,0.002,32.4
997.0,0.006,32.4,0.005,32.3,0.005,32.4,0.006,32.4
997.5,0.006,32.4,0.006,32.4,0.006,32.4,0.007,32.4
998.0,0.003,32.4,0.004,32.4,0.004,32.4,0.004,32.4
998.5,0.002,32.4,0.003,32.4,0.003,32.4,0.000,32.4
999.0,0.002,32.4,0.002,32.4,0.003,32.4,0.003,32.4
999.5,0.001,32.4,-0.001,32.4,0.001,32.4,0.002,32.4
1000.0,-0.004,32.4,-0.006,32.4,-0.004,32.4,-0.002,32.4
1000.5,-0.017,32.4,-0.016,32.4,-0.015,32.4,-0.015,32.4
1001.0,-0.047,32.4,-0.046,32.4,-0.041,32.4,-0.047,32.4
1001.5,-0.096,32.5,-0.096,32.5,-0.084,32.4,-0.083,32.4
1002.0,-0.134,32.4,-0.135,32.4,-0.127,32.5,-0.127,32.4
1002.5,-0.145,32.3,-0.147,32.3,-0.143,32.4,-0.145,32.3
1003.0,-0.123,32.2,-0.124,32.2,-0.128,32.2,-0.128,32.2
1003.5,-0.087,32.1,-0.085,32.1,-0.089,32.1,-0.092,32.1
1004.0,-0.054,32.1,-0.054,32.1,-0.058,32.1,-0.057,32.1
1004.5,-0.039,32.2,-0.038,32.2,-0.039,32.2,-0.044,32.2
1005.0,-0.033,32.3,-0.034,32.2,-0.034,32.2,-0.033,32.2
1005.5,-0.035,32.3,-0.034,32.3,-0.033,32.3,-0.032,32.2
1006.0,-0.032,32.3,-0.031,32.3,-0.033,32.3,-0.031,32.3
1006.5,-0.023,32.4,-0.022,32.4,-0.023,32.4,-0.024,32.4
1007.0,-0.018,32.4,-0.018,32.4,-0.017,32.4,-0.018,32.4
1007.5,-0.018,32.5,-0.017,32.5,-0.015,32.4,-0.018,32.4
1008.0,-0.024,32.5,-0.024,32.5,-0.023,32.5,-0.020,32.5
1008.5,-0.014,32.5,-0.014,32.6,-0.015,32.5,-0.014,32.5
1009.0,-0.017,32.6,-0.017,32.5,-0.015,32.5,-0.014,32.6
1009.5,-0.028,32.6,-0.028,32.6,-0.027,32.6,-0.026,32.6
1010.0,-0.031,32.6,-0.030,32.6,-0.031,32.6,-0.030,32.5
1010.5,-0.028,32.6,-0.027,32.6,-0.027,32.6,-0.027,32.6
1011.0,-0.029,32.6,-0.028,32.6,-0.027,32.6,-0.027,32.6
1011.5,-0.037,32.6,-0.036,32.6,-0.036,32.6,-0.036,32.6
1012.0,-0.037,32.7,-0.037,32.7,-0.037,32.7,-0.037,32.7
1012.5,-0.030,32.7,-0.031,32.7,-0.030,32.7,-0.031,32.7
1013.0,-0.023,32.7,-0.024,32.7,-0.025,32.7,-0.028,32.7
1013.5,-0.012,32.7,-0.012,32.7,-0.012,32.7,-0.012,32.7
1014.0,-0.004,32.7,-0.005,32.7,-0.007,32.7,-0.001,32.7
1014.5,-0.010,32.7,-0.010,32.7,-0.008,32.8,-0.007,32.7
1015.0,-0.025,32.7,-0.024,32.7,-0.023,32.8,-0.022,32.7
1015.5,-0.035,32.8,-0.034,32.7,-0.031,32.7,-0.034,32.8
1016.0,-0.034,32.8,-0.034,32.8,-0.033,32.7,-0.036,32.8
1016.5,-0.024,32.8,-0.024,32.8,-0.031,32.7,-0.025,32.8
1017.0,-0.014,32.8,-0.016,32.8,-0.017,32.8,-0.014,32.8
1017.5,-0.017,32.8,-0.016,32.8,-0.016,32.8,-0.015,32.8
1018.0,-0.017,32.8,-0.017,32.8,-0.017,32.8,-0.018,32.8
1018.5,-0.008,32.8,-0.009,32.8,-0.010,32.8,-0.016,32.8
1019.0,0.007,32.8,0.007,32.8,0.007,32.8,-0.010,32.8
1019.5,0.014,32.8,0.014,32.8,0.014,32.8,0.014,32.8
1020.0,0.017,32.8,0.017,32.8,0.017,32.8,0.017,32.8
1020.5,0.016,32.8,0.016,32.8,0.018,32.8,0.017,32.8
1021.0,0.014,32.8,0.014,32.8,0.015,32.8,0.016,32.8
1021.5,0.016,32.7,0.015,32.7,0.013,32.7,0.017,32.7
1022.0,0.015,32.7,0.015,32.7,0.015,32.7,0.016,32.7
1022.5,0.018,32.7,0.018,32.7,0.016,32.7,0.021,32.7
1023.0,0.021,32.7,0.021,32.7,0.021,32.6,0.022,32.7
1023.5,0.027,32.7,0.025,32.6,0.024,32.7,0.025,32.7
1024.0,0.028,32.6,0.029,32.6,0.028,32.7,0.027,32.6
1024.5,0.025,32.6,0.024,32.6,0.025,32.6,0.025,32.6
1025.0,0.022,32.5,0.021,32.6,0.026,32.5,0.022,32.5
1025.5,0.021,32.5,0.021,32.5,0.023,32.5,0.022,32.5
1026.0,0.023,32.5,0.024,32.5,0.022,32.5,0.025,32.5
1026.5,0.024,32.5,0.024,32.5,0.024,32.5,0.024,32.5
1027.0,0.023,32.5,0.023,32.5,0.021,32.5,0.023,32.5
1027.5,0.024,32.4,0.027,32.5,0.022,32.4,0.027,32.5
1028.0,0.024,32.4,0.023,32.4,0.024,32.4,0.023,32.4
1028.5,0.023,32.4,0.024,32.4,0.023,32.4,0.025,32.4
1029.0,0.028,32.4,0.027,32.4,0.028,32.4,0.028,32.4
1029.5,0.029,32.4,0.031,32.4,0.028,32.4,0.029,32.4
1030.0,0.030,32.4,0.030,32.4,0.032,32.3,0.029,32.4
1030.5,0.026,32.3,0.026,32.3,0.027,32.3,0.027,32.3
1031.0,0.026,32.3,0.027,32.3,0.026,32.3,0.027,32.3
1031.5,0.025,32.3,0.025,32.3,0.025,32.3,0.026,32.3
1032.0,0.028,32.3,0.027,32.3,0.026,32.3,0.029,32.3
1032.5,0.032,32.3,0.034,32.3,0.030,32.3,0.034,32.3
1033.0,0.032,32.3,0.031,32.3,0.032,32.3,0.033,32.3
1033.5,0.029,32.2,0.029,32.2,0.034,32.2,0.030,32.2
1034.0,0.025,32.2,0.026,32.2,0.025,32.2,0.026,32.2
1034.5,0.023,32.2,0.024,32.2,0.025,32.2,0.024,32.2
1035.0,0.020,32.2,0.020,32.3,0.019,32.2,0.022,32.2
1035.5,0.022,32.2,0.022,32.2,0.022,32.2,0.021,32.2
1036.0,0.024,32.2,0.025,32.3,0.023,32.2,0.024,32.3
1036.5,0.022,32.2,0.023,32.2,0.023,32.2,0.021,32.2
1037.0,0.023,32.2,0.024,32.2,0.022,32.2,0.025,32.2
1037.5,0.026,32.2,0.025,32.2,0.023,32.2,0.029,32.2
1038.0,0.027,32.2,0.027,32.2,0.027,32.3,0.029,32.2
1038.5,0.030,32.2,0.030,32.2,0.028,32.3,0.031,32.2
1039.0,0.028,32.2,0.030,32.2,0.028,32.3,0.029,32.2
1039.5,0.029,32.2,0.029,32.1,0.030,32.2,0.030,32.2
1040.0,0.029,32.2,0.030,32.1,0.029,32.2,0.028,32.2
1040.5,0.029,32.2,0.029,32.2,0.026,32.2,0.028,32.2
1041.0,0.029,32.2,0.031,32.2,0.029,32.2,0.028,32.2
1041.5,0.032,32.1,0.033,32.1,0.030,32.2,0.031,32.2
1042.0,0.034,32.1,0.033,32.1,0.033,32.2,0.033,32.1
1042.5,0.030,32.1,0.030,32.1,0.033,32.1,0.029,32.1
1043.0,0.028,32.1,0.028,32.1,0.028,32.1,0.027,32.1
1043.5,0.026,32.1,0.026,32.1,0.026,32.1,0.026,32.1
1044.0,0.024,32.1,0.023,32.1,0.023,32.1,0.023,32.1
1044.5,0.019,32.1,0.020,32.1,0.020,32.1,0.019,32.1
1045.0,0.019,32.1,0.021,32.1,0.018,32.1,0.019,32.1
1045.5,0.024,32.1,0.023,32.1,0.024,32.1,0.023,32.1
