time_s,s1_flow_ml_min,s1_temp_c,s2_flow_ml_min,s2_temp_c,s3_flow_ml_min,s3_temp_c,s4_flow_ml_min,s4_temp_c
0.0,0.013,31.2,0.014,31.2,0.014,31.2,0.014,31.2
0.5,0.015,31.2,0.015,31.2,0.016,31.2,0.014,31.2
1.0,0.019,31.2,0.018,31.2,0.017,31.2,0.018,31.2
1.5,0.021,31.2,0.022,31.2,0.021,31.2,0.022,31.2
2.0,0.024,31.2,0.024,31.2,0.025,31.2,0.024,31.2
2.5,0.024,31.2,0.024,31.2,0.024,31.2,0.026,31.2
3.0,0.026,31.2,0.026,31.2,0.024,31.2,0.026,31.2
3.5,0.025,31.2,0.025,31.2,0.024,31.2,0.025,31.2
4.0,0.027,31.2,0.027,31.2,0.028,31.2,0.024,31.2
4.5,0.029,31.2,0.028,31.2,0.030,31.2,0.028,31.2
5.0,0.033,31.2,0.032,31.2,0.033,31.2,0.031,31.2
5.5,0.042,31.2,0.042,31.2,0.041,31.2,0.041,31.2
6.0,0.041,31.1,0.041,31.1,0.041,31.1,0.044,31.2
6.5,0.039,31.1,0.040,31.1,0.039,31.2,0.043,31.2
7.0,0.037,31.1,0.038,31.1,0.036,31.1,0.043,31.2
7.5,0.034,31.1,0.034,31.1,0.034,31.1,0.034,31.1
8.0,0.029,31.1,0.029,31.1,0.031,31.1,0.031,31.1
8.5,0.024,31.1,0.024,31.1,0.023,31.1,0.024,31.1
9.0,0.026,31.2,0.027,31.2,0.024,31.2,0.027,31.2
9.5,0.028,31.2,0.029,31.2,0.028,31.2,0.029,31.2
10.0,0.033,31.2,0.034,31.2,0.033,31.2,0.032,31.2
10.5,0.036,31.2,0.036,31.2,0.037,31.2,0.034,31.2
11.0,0.036,31.2,0.037,31.2,0.036,31.2,0.037,31.2
11.5,0.039,31.2,0.040,31.2,0.037,31.2,0.038,31.2
12.0,0.039,31.2,0.039,31.2,0.039,31.2,0.044,31.1
12.5,0.039,31.1,0.038,31.1,0.043,31.1,0.041,31.1
13.0,0.038,31.1,0.037,31.1,0.037,31.1,0.040,31.1
13.5,0.035,31.1,0.034,31.1,0.035,31.1,0.038,31.1
14.0,0.033,31.2,0.033,31.2,0.035,31.1,0.034,31.2
14.5,0.030,31.2,0.031,31.2,0.029,31.2,0.029,31.2
15.0,0.033,31.1,0.034,31.2,0.033,31.1,0.035,31.2
15.5,0.034,31.2,0.032,31.2,0.034,31.1,0.037,31.2
16.0,0.035,31.2,0.034,31.2,0.035,31.2,0.037,31.2
16.5,0.034,31.2,0.035,31.2,0.036,31.2,0.036,31.2
17.0,0.029,31.2,0.029,31.2,0.032,31.2,0.028,31.2
17.5,0.025,31.2,0.026,31.2,0.026,31.2,0.025,31.2
18.0,0.024,31.2,0.024,31.2,0.024,31.2,0.023,31.2
18.5,0.026,31.2,0.027,31.2,0.028,31.2,0.024,31.2
19.0,0.027,31.2,0.026,31.2,0.030,31.2,0.028,31.3
19.5,0.027,31.2,0.026,31.2,0.027,31.2,0.027,31.3
20.0,0.031,31.3,0.032,31.3,0.031,31.3,0.032,31.2
20.5,0.034,31.3,0.034,31.3,0.034,31.3,0.032,31.3
21.0,0.038,31.3,0.039,31.3,0.038,31.3,0.038,31.2
21.5,0.038,31.2,0.040,31.2,0.039,31.3,0.039,31.3
22.0,0.038,31.3,0.036,31.3,0.040,31.2,0.038,31.2
22.5,0.039,31.2,0.038,31.3,0.039,31.2,0.040,31.2
23.0,0.036,31.2,0.036,31.3,0.040,31.2,0.045,31.3
23.5,0.035,31.2,0.034,31.2,0.036,31.2,0.036,31.3
24.0,0.032,31.2,0.032,31.2,0.032,31.2,0.032,31.3
24.5,0.036,31.2,0.037,31.2,0.035,31.2,0.034,31.2
25.0,0.040,31.2,0.041,31.2,0.037,31.2,0.039,31.2
25.5,0.037,31.2,0.036,31.2,0.037,31.3,0.036,31.2
26.0,0.035,31.2,0.033,31.2,0.035,31.2,0.035,31.2
26.5,0.030,31.2,0.029,31.2,0.031,31.3,0.029,31.2
27.0,0.026,31.3,0.026,31.3,0.028,31.3,0.025,31.3
27.5,0.024,31.3,0.025,31.3,0.024,31.3,0.025,31.3
28.0,0.024,31.3,0.025,31.3,0.024,31.3,0.024,31.3
28.5,0.024,31.3,0.025,31.3,0.024,31.3,0.026,31.3
29.0,0.022,31.3,0.024,31.3,0.022,31.3,0.024,31.3
29.5,0.028,31.3,0.027,31.3,0.026,31.3,0.028,31.3
30.0,0.030,31.4,0.029,31.3,0.029,31.4,0.029,31.3
30.5,0.030,31.4,0.031,31.3,0.031,31.4,0.028,31.3
31.0,0.032,31.3,0.033,31.3,0.032,31.3,0.033,31.3
31.5,0.030,31.3,0.030,31.4,0.027,31.4,0.029,31.3
32.0,0.033,31.3,0.033,31.4,0.030,31.3,0.030,31.3
32.5,0.030,31.4,0.031,31.4,0.032,31.3,0.030,31.4
33.0,0.030,31.4,0.031,31.4,0.030,31.4,0.031,31.4
33.5,0.027,31.3,0.027,31.3,0.029,31.3,0.028,31.4
34.0,0.026,31.4,0.027,31.4,0.026,31.4,0.027,31.4
34.5,0.027,31.4,0.028,31.4,0.028,31.4,0.032,31.4
35.0,0.024,31.4,0.023,31.4,0.026,31.4,0.022,31.4
35.5,0.025,31.4,0.027,31.4,0.026,31.4,0.027,31.4
36.0,0.025,31.4,0.026,31.4,0.027,31.4,0.026,31.4
36.5,0.024,31.4,0.022,31.4,0.026,31.4,0.024,31.5
37.0,0.021,31.4,0.021,31.4,0.023,31.5,0.023,31.5
37.5,0.019,31.4,0.019,31.4,0.020,31.4,0.019,31.5
38.0,0.019,31.5,0.021,31.5,0.022,31.5,0.018,31.5
38.5,0.019,31.5,0.019,31.5,0.021,31.5,0.018,31.4
39.0,0.022,31.5,0.023,31.5,0.023,31.5,0.023,31.5
39.5,0.023,31.5,0.024,31.5,0.024,31.5,0.024,31.5
40.0,0.023,31.5,0.024,31.5,0.023,31.5,0.023,31.5
40.5,0.024,31.5,0.023,31.5,0.025,31.5,0.026,31.5
41.0,0.023,31.5,0.022,31.5,0.023,31.5,0.027,31.5
41.5,0.023,31.5,0.023,31.5,0.027,31.5,0.024,31.5
42.0,0.022,31.5,0.022,31.5,0.023,31.5,0.021,31.5
42.5,0.020,31.5,0.021,31.5,0.017,31.5,0.021,31.5
43.0,0.018,31.5,0.020,31.5,0.019,31.5,0.020,31.5
43.5,0.013,31.6,0.012,31.6,0.014,31.5,0.014,31.5
44.0,0.011,31.6,0.011,31.6,0.012,31.6,0.012,31.5
44.5,0.011,31.6,0.012,31.6,0.013,31.6,0.011,31.6
45.0,0.014,31.6,0.014,31.6,0.016,31.6,0.010,31.5
45.5,0.015,31.6,0.015,31.6,0.017,31.6,0.013,31.6
46.0,0.014,31.6,0.015,31.6,0.017,31.6,0.015,31.6
46.5,0.014,31.6,0.015,31.7,0.014,31.7,0.015,31.6
47.0,0.012,31.7,0.013,31.7,0.011,31.7,0.015,31.7
47.5,0.015,31.7,0.016,31.7,0.015,31.7,0.014,31.7
48.0,0.015,31.7,0.015,31.7,0.016,31.7,0.015,31.7
48.5,0.014,31.7,0.014,31.7,0.014,31.7,0.013,31.7
49.0,0.014,31.7,0.014,31.7,0.013,31.7,0.013,31.7
49.5,0.014,31.7,0.015,31.7,0.014,31.6,0.014,31.7
50.0,0.016,31.7,0.016,31.7,0.015,31.7,0.016,31.7
50.5,0.013,31.7,0.013,31.7,0.013,31.7,0.015,31.7
51.0,0.010,31.8,0.011,31.8,0.011,31.8,0.011,31.8
51.5,0.010,31.8,0.011,31.8,0.012,31.8,0.011,31.8
52.0,0.009,31.8,0.009,31.7,0.010,31.8,0.011,31.7
52.5,0.009,31.8,0.009,31.8,0.011,31.8,0.009,31.8
53.0,0.006,31.8,0.006,31.8,0.008,31.8,0.007,31.8
53.5,0.004,31.8,0.006,31.8,0.006,31.8,0.006,31.8
54.0,0.003,31.8,0.003,31.8,0.003,31.8,0.005,31.8
54.5,0.003,31.8,0.004,31.9,0.003,31.9,0.004,31.8
55.0,0.003,31.8,0.004,31.8,0.002,31.9,0.004,31.8
55.5,0.002,31.9,0.001,31.9,0.000,31.9,0.002,31.9
56.0,0.005,31.9,0.005,31.9,0.001,31.9,0.004,31.9
56.5,0.005,31.9,0.006,31.9,0.004,31.9,0.005,32.0
57.0,0.010,31.9,0.010,31.9,0.009,31.9,0.006,32.0
57.5,0.013,31.9,0.014,31.9,0.013,31.9,0.010,31.9
58.0,0.011,31.9,0.011,31.9,0.011,31.9,0.012,31.9
58.5,0.009,31.9,0.010,31.9,0.009,31.9,0.008,31.9
59.0,0.006,31.9,0.005,31.9,0.006,31.9,0.006,31.9
59.5,0.002,32.0,0.003,32.0,0.004,31.9,0.000,32.0
60.0,-0.009,32.0,-0.009,32.0,-0.008,32.0,-0.006,32.0
60.5,-0.028,32.0,-0.026,32.0,-0.027,32.0,-0.017,32.0
61.0,-0.063,32.0,-0.063,32.0,-0.038,32.1,-0.060,32.0
61.5,-0.115,32.0,-0.114,32.0,-0.080,32.1,-0.101,32.1
62.0,-0.167,31.9,-0.169,32.0,-0.153,32.0,-0.155,32.0
62.5,-0.203,31.8,-0.200,31.8,-0.198,31.8,-0.198,31.8
63.0,-0.219,31.5,-0.218,31.5,-0.216,31.6,-0.214,31.7
63.5,-0.187,31.4,-0.188,31.4,-0.194,31.4,-0.200,31.5
64.0,-0.126,31.3,-0.126,31.3,-0.133,31.3,-0.139,31.3
64.5,-0.080,31.3,-0.079,31.3,-0.088,31.3,-0.093,31.3
65.0,-0.051,31.4,-0.052,31.4,-0.078,31.3,-0.054,31.4
65.5,-0.039,31.5,-0.040,31.5,-0.053,31.4,-0.038,31.4
66.0,-0.037,31.6,-0.037,31.6,-0.036,31.5,-0.037,31.5
66.5,-0.038,31.6,-0.038,31.6,-0.039,31.6,-0.035,31.6
67.0,-0.034,31.7,-0.034,31.7,-0.037,31.7,-0.034,31.7
67.5,-0.030,31.8,-0.030,31.8,-0.032,31.8,-0.031,31.8
68.0,-0.026,31.8,-0.026,31.8,-0.028,31.8,-0.025,31.8
68.5,-0.025,31.9,-0.025,31.9,-0.026,31.9,-0.024,31.8
69.0,-0.031,31.9,-0.030,31.9,-0.032,31.9,-0.029,31.9
69.5,-0.039,31.9,-0.038,32.0,-0.039,32.0,-0.036,32.0
70.0,-0.036,32.0,-0.036,32.0,-0.035,32.0,-0.035,32.0
70.5,-0.032,32.0,-0.032,32.0,-0.031,32.0,-0.030,32.0
71.0,-0.033,32.0,-0.033,32.0,-0.032,32.0,-0.031,32.0
71.5,-0.036,32.1,-0.036,32.1,-0.036,32.1,-0.034,32.0
72.0,-0.035,32.1,-0.035,32.1,-0.037,32.1,-0.033,32.1
72.5,-0.032,32.1,-0.032,32.1,-0.031,32.1,-0.030,32.1
73.0,-0.029,32.1,-0.029,32.1,-0.029,32.1,-0.028,32.1
73.5,-0.023,32.1,-0.024,32.1,-0.023,32.1,-0.022,32.1
74.0,-0.019,32.2,-0.019,32.2,-0.018,32.2,-0.020,32.2
74.5,-0.020,32.2,-0.021,32.2,-0.018,32.2,-0.021,32.2
75.0,-0.025,32.2,-0.024,32.2,-0.022,32.2,-0.024,32.2
75.5,-0.030,32.2,-0.030,32.2,-0.028,32.2,-0.029,32.2
76.0,-0.034,32.3,-0.034,32.3,-0.033,32.3,-0.033,32.2
76.5,-0.028,32.3,-0.028,32.3,-0.029,32.3,-0.029,32.3
77.0,-0.015,32.3,-0.015,32.3,-0.017,32.3,-0.016,32.3
77.5,-0.004,32.3,-0.003,32.3,-0.006,32.3,-0.005,32.3
78.0,0.002,32.3,0.004,32.3,0.003,32.3,-0.003,32.2
78.5,0.005,32.3,0.007,32.3,0.006,32.3,0.004,32.3
79.0,0.009,32.3,0.010,32.4,0.010,32.3,0.010,32.4
79.5,0.015,32.3,0.016,32.4,0.013,32.3,0.015,32.3
80.0,0.023,32.3,0.024,32.3,0.022,32.4,0.023,32.3
80.5,0.024,32.3,0.023,32.3,0.025,32.3,0.023,32.3
81.0,0.022,32.3,0.023,32.3,0.023,32.3,0.022,32.3
81.5,0.024,32.3,0.025,32.3,0.024,32.3,0.024,32.3
82.0,0.023,32.2,0.024,32.2,0.024,32.2,0.024,32.3
82.5,0.025,32.2,0.025,32.2,0.024,32.2,0.026,32.2
83.0,0.027,32.2,0.027,32.2,0.030,32.2,0.027,32.2
83.5,0.032,32.2,0.033,32.2,0.028,32.2,0.030,32.2
84.0,0.036,32.2,0.037,32.2,0.036,32.2,0.035,32.2
84.5,0.033,32.1,0.033,32.1,0.033,32.1,0.034,32.1
85.0,0.031,32.1,0.033,32.1,0.036,32.2,0.030,32.1
85.5,0.028,32.1,0.030,32.0,0.030,32.1,0.029,32.1
86.0,0.028,32.1,0.029,32.1,0.029,32.1,0.027,32.1
86.5,0.028,32.0,0.028,32.0,0.028,32.1,0.030,32.1
87.0,0.026,32.0,0.026,32.1,0.027,32.0,0.026,32.0
87.5,0.028,32.0,0.028,32.0,0.030,32.0,0.028,32.0
88.0,0.030,32.0,0.029,32.0,0.029,32.0,0.031,32.0
88.5,0.035,32.0,0.034,32.0,0.035,32.0,0.032,32.0
89.0,0.034,32.0,0.035,32.0,0.037,32.0,0.034,32.0
89.5,0.034,32.0,0.034,32.0,0.032,32.0,0.032,32.0
90.0,0.034,32.0,0.034,32.0,0.033,32.0,0.033,32.0
90.5,0.033,32.0,0.032,32.0,0.033,31.9,0.032,32.0
91.0,0.033,31.9,0.033,31.9,0.032,31.9,0.034,31.9
91.5,0.031,31.9,0.032,31.9,0.032,31.9,0.030,32.0
92.0,0.031,31.9,0.031,31.9,0.030,31.9,0.030,31.9
92.5,0.031,31.9,0.031,31.9,0.032,31.9,0.031,31.9
93.0,0.033,31.9,0.032,31.9,0.032,31.9,0.032,31.9
93.5,0.036,31.9,0.036,31.9,0.036,31.9,0.039,31.9
94.0,0.034,31.9,0.033,31.9,0.038,31.9,0.035,31.9
94.5,0.034,31.9,0.033,31.9,0.035,31.9,0.034,31.8
95.0,0.028,31.9,0.028,31.9,0.028,31.9,0.030,31.9
95.5,0.029,31.9,0.029,31.9,0.029,31.9,0.024,31.9
96.0,0.030,31.9,0.030,31.9,0.031,31.9,0.024,31.9
96.5,0.027,31.9,0.027,31.9,0.029,31.9,0.028,31.9
97.0,0.031,31.9,0.032,31.9,0.030,31.9,0.031,31.9
97.5,0.032,31.9,0.032,31.9,0.031,31.9,0.032,31.9
98.0,0.035,31.9,0.037,31.9,0.034,31.9,0.035,31.9
98.5,0.037,31.9,0.040,31.9,0.036,31.9,0.036,31.8
99.0,0.035,31.9,0.037,31.9,0.034,31.9,0.033,31.9
99.5,0.036,31.9,0.036,31.9,0.035,31.8,0.036,31.8
100.0,0.033,31.8,0.035,31.9,0.035,31.8,0.034,31.8
100.5,0.034,31.8,0.034,31.8,0.033,31.8,0.034,31.9
101.0,0.031,31.9,0.031,31.9,0.034,31.8,0.032,31.9
101.5,0.030,31.8,0.030,31.8,0.033,31.9,0.031,31.8
102.0,0.030,31.8,0.028,31.8,0.029,31.9,0.032,31.8
102.5,0.027,31.9,0.027,31.8,0.028,31.9,0.028,31.8
103.0,0.026,31.9,0.028,31.9,0.026,31.8,0.027,31.9
103.5,0.027,31.9,0.026,31.9,0.027,31.8,0.026,31.9
104.0,0.029,31.9,0.028,31.9,0.028,31.9,0.031,31.9
104.5,0.028,31.9,0.028,31.9,0.027,31.9,0.028,31.9
105.0,0.028,31.9,0.027,31.9,0.028,31.9,0.026,31.9
105.5,0.026,31.9,0.028,31.9,0.029,31.8,0.026,31.9
106.0,0.021,31.9,0.023,31.9,0.025,31.9,0.023,31.9
106.5,0.024,31.9,0.024,31.9,0.024,31.9,0.023,31.9
107.0,0.026,31.9,0.028,31.9,0.028,31.9,0.026,31.9
107.5,0.031,31.9,0.033,31.9,0.031,31.9,0.031,31.9
108.0,0.035,31.9,0.036,31.9,0.037,31.9,0.035,31.9
108.5,0.036,31.9,0.036,31.9,0.036,31.9,0.034,31.9
109.0,0.038,31.9,0.038,31.9,0.037,31.9,0.037,31.9
109.5,0.037,31.9,0.037,31.9,0.037,31.9,0.037,31.8
110.0,0.037,31.8,0.037,31.8,0.039,31.8,0.037,31.8
110.5,0.037,31.8,0.036,31.8,0.038,31.9,0.037,31.8
111.0,0.034,31.8,0.032,31.8,0.034,31.9,0.034,31.8
111.5,0.033,31.8,0.032,31.8,0.031,31.8,0.032,31.8
112.0,0.031,31.8,0.031,31.8,0.036,31.8,0.030,31.8
112.5,0.029,31.8,0.030,31.8,0.033,31.8,0.029,31.8
113.0,0.027,31.8,0.028,31.8,0.027,31.8,0.027,31.9
113.5,0.026,31.8,0.027,31.8,0.025,31.8,0.026,31.8
114.0,0.024,31.9,0.025,31.8,0.025,31.8,0.025,31.9
114.5,0.023,31.9,0.023,31.9,0.022,31.8,0.023,31.9
115.0,0.023,31.9,0.023,31.9,0.020,31.9,0.022,31.9
115.5,0.020,31.9,0.020,31.9,0.020,31.9,0.021,31.9
116.0,0.019,31.9,0.018,31.9,0.021,31.9,0.017,31.9
116.5,0.022,31.9,0.023,31.9,0.022,31.9,0.024,31.9
117.0,0.021,31.9,0.022,31.9,0.022,32.0,0.021,31.9
117.5,0.022,31.9,0.022,31.9,0.020,32.0,0.022,31.9
118.0,0.022,31.9,0.022,32.0,0.023,31.9,0.024,31.9
118.5,0.023,32.0,0.023,32.0,0.024,32.0,0.024,31.9
119.0,0.024,31.9,0.025,32.0,0.022,31.9,0.024,31.9
119.5,0.022,32.0,0.022,32.0,0.021,32.0,0.022,32.0
120.0,0.022,32.0,0.022,32.0,0.023,32.0,0.024,32.0
120.5,0.020,32.0,0.021,32.0,0.023,32.0,0.020,31.9
121.0,0.019,32.0,0.019,32.0,0.019,31.9,0.018,32.0
121.5,0.016,32.0,0.016,32.0,0.016,32.0,0.017,32.0
122.0,0.013,32.0,0.012,32.0,0.014,32.0,0.013,32.0
122.5,0.015,32.0,0.014,32.0,0.013,32.0,0.015,32.0
123.0,0.015,32.1,0.014,32.0,0.015,32.1,0.017,32.1
123.5,0.015,32.1,0.016,32.0,0.016,32.1,0.015,32.0
124.0,0.014,32.0,0.014,32.1,0.015,32.0,0.014,32.1
124.5,0.013,32.1,0.012,32.1,0.013,32.1,0.015,32.1
125.0,0.014,32.1,0.014,32.1,0.013,32.1,0.015,32.1
125.5,0.013,32.1,0.012,32.1,0.013,32.1,0.014,32.1
126.0,0.012,32.1,0.012,32.1,0.011,32.1,0.014,32.1
126.5,0.009,32.1,0.009,32.1,0.010,32.1,0.010,32.1
127.0,0.011,32.1,0.011,32.1,0.013,32.2,0.010,32.1
127.5,0.010,32.1,0.009,32.2,0.011,32.2,0.010,32.2
128.0,0.009,32.1,0.009,32.1,0.008,32.1,0.010,32.1
128.5,0.010,32.2,0.010,32.2,0.009,32.1,0.011,32.2
129.0,0.010,32.2,0.010,32.2,0.010,32.2,0.011,32.2
129.5,0.012,32.2,0.012,32.2,0.012,32.2,0.011,32.2
130.0,0.008,32.2,0.010,32.2,0.008,32.2,0.010,32.2
130.5,0.009,32.2,0.010,32.2,0.011,32.2,0.008,32.2
131.0,0.009,32.2,0.009,32.2,0.010,32.2,0.008,32.2
131.5,0.005,32.2,0.005,32.2,0.006,32.2,0.006,32.2
132.0,0.003,32.2,0.004,32.2,0.004,32.2,0.005,32.3
132.5,0.001,32.3,0.003,32.3,0.002,32.2,0.002,32.3
133.0,0.004,32.3,0.003,32.3,0.005,32.3,0.004,32.3
133.5,0.007,32.3,0.008,32.3,0.007,32.3,0.007,32.3
134.0,0.008,32.3,0.009,32.3,0.009,32.3,0.009,32.3
134.5,0.009,32.3,0.009,32.3,0.009,32.3,0.007,32.3
135.0,0.010,32.3,0.009,32.3,0.011,32.3,0.007,32.3
135.5,0.009,32.3,0.009,32.3,0.010,32.3,0.008,32.3
136.0,0.006,32.3,0.006,32.3,0.006,32.3,0.008,32.3
136.5,0.006,32.3,0.006,32.3,0.007,32.3,0.005,32.3
137.0,0.007,32.4,0.007,32.4,0.006,32.3,0.007,32.4
137.5,0.005,32.4,0.006,32.4,0.008,32.3,0.006,32.4
138.0,0.004,32.3,0.003,32.4,0.005,32.3,0.004,32.5
138.5,-0.002,32.3,-0.003,32.4,0.002,32.3,-0.001,32.4
139.0,-0.013,32.4,-0.015,32.4,-0.008,32.4,-0.010,32.4
139.5,-0.039,32.4,-0.041,32.4,-0.010,32.4,-0.037,32.4
140.0,-0.078,32.4,-0.076,32.4,-0.040,32.4,-0.074,32.4
140.5,-0.117,32.4,-0.111,32.4,-0.095,32.5,-0.115,32.4
141.0,-0.138,32.4,-0.136,32.4,-0.137,32.3,-0.135,32.4
141.5,-0.131,32.2,-0.130,32.3,-0.133,32.2,-0.136,32.3
142.0,-0.099,32.2,-0.099,32.2,-0.099,32.1,-0.105,32.2
142.5,-0.065,32.2,-0.068,32.2,-0.071,32.1,-0.070,32.2
143.0,-0.050,32.2,-0.052,32.2,-0.052,32.2,-0.051,32.1
143.5,-0.044,32.2,-0.043,32.3,-0.044,32.2,-0.044,32.2
144.0,-0.045,32.3,-0.045,32.3,-0.046,32.3,-0.044,32.3
144.5,-0.041,32.3,-0.042,32.3,-0.042,32.3,-0.042,32.3
145.0,-0.030,32.4,-0.030,32.3,-0.034,32.4,-0.031,32.3
145.5,-0.023,32.4,-0.023,32.4,-0.022,32.4,-0.023,32.4
146.0,-0.021,32.4,-0.021,32.4,-0.021,32.4,-0.021,32.4
146.5,-0.022,32.5,-0.021,32.5,-0.021,32.5,-0.022,32.5
147.0,-0.025,32.5,-0.024,32.5,-0.024,32.5,-0.024,32.5
147.5,-0.032,32.6,-0.033,32.6,-0.028,32.5,-0.031,32.6
148.0,-0.031,32.6,-0.032,32.6,-0.032,32.6,-0.032,32.5
148.5,-0.032,32.6,-0.033,32.6,-0.033,32.7,-0.032,32.5
149.0,-0.040,32.6,-0.042,32.6,-0.036,32.7,-0.042,32.6
149.5,-0.037,32.6,-0.038,32.6,-0.038,32.6,-0.037,32.7
150.0,-0.029,32.6,-0.030,32.6,-0.029,32.6,-0.030,32.7
150.5,-0.031,32.7,-0.030,32.7,-0.030,32.7,-0.030,32.7
151.0,-0.032,32.6,-0.032,32.6,-0.032,32.6,-0.032,32.6
151.5,-0.022,32.7,-0.023,32.7,-0.022,32.7,-0.029,32.6
152.0,-0.014,32.7,-0.014,32.7,-0.015,32.7,-0.014,32.7
152.5,-0.013,32.7,-0.013,32.7,-0.013,32.7,-0.013,32.7
153.0,-0.020,32.7,-0.019,32.7,-0.018,32.8,-0.018,32.7
153.5,-0.028,32.7,-0.026,32.7,-0.026,32.8,-0.027,32.7
154.0,-0.032,32.7,-0.031,32.7,-0.032,32.7,-0.034,32.7
154.5,-0.026,32.8,-0.025,32.8,-0.031,32.8,-0.029,32.7
155.0,-0.021,32.8,-0.020,32.8,-0.020,32.8,-0.022,32.8
155.5,-0.018,32.8,-0.018,32.8,-0.019,32.8,-0.019,32.8
156.0,-0.017,32.8,-0.017,32.8,-0.016,32.8,-0.016,32.8
156.5,-0.011,32.8,-0.011,32.8,-0.011,32.8,-0.011,32.8
157.0,-0.005,32.8,-0.006,32.8,-0.008,32.8,-0.006,32.8
157.5,-0.001,32.8,0.000,32.9,-0.001,32.8,-0.002,32.9
158.0,0.003,32.9,0.005,32.9,0.004,32.9,0.002,32.9
158.5,0.008,32.9,0.008,32.8,0.007,32.9,0.006,32.8
159.0,0.011,32.8,0.011,32.8,0.009,32.8,0.010,32.8
159.5,0.015,32.8,0.016,32.8,0.015,32.8,0.014,32.8
160.0,0.015,32.8,0.016,32.8,0.014,32.8,0.015,32.8
160.5,0.016,32.8,0.017,32.8,0.015,32.8,0.016,32.8
161.0,0.021,32.8,0.021,32.8,0.020,32.8,0.020,32.8
161.5,0.024,32.7,0.024,32.8,0.024,32.7,0.022,32.8
162.0,0.027,32.8,0.029,32.7,0.026,32.8,0.026,32.7
162.5,0.027,32.7,0.027,32.7,0.027,32.7,0.026,32.7
163.0,0.024,32.7,0.024,32.7,0.026,32.7,0.023,32.7
163.5,0.023,32.7,0.024,32.7,0.022,32.7,0.023,32.7
164.0,0.025,32.6,0.025,32.6,0.025,32.6,0.026,32.6
164.5,0.027,32.6,0.027,32.6,0.026,32.6,0.025,32.6
165.0,0.027,32.6,0.027,32.6,0.033,32.6,0.027,32.6
165.5,0.028,32.6,0.027,32.6,0.026,32.5,0.027,32.6
166.0,0.030,32.6,0.030,32.6,0.030,32.5,0.029,32.5
166.5,0.032,32.5,0.032,32.5,0.032,32.5,0.031,32.5
167.0,0.036,32.5,0.038,32.5,0.036,32.5,0.033,32.5
167.5,0.034,32.5,0.036,32.4,0.036,32.5,0.032,32.5
168.0,0.035,32.4,0.035,32.4,0.036,32.4,0.033,32.5
168.5,0.032,32.4,0.031,32.4,0.032,32.4,0.033,32.4
169.0,0.029,32.4,0.029,32.4,0.030,32.4,0.029,32.4
169.5,0.028,32.4,0.028,32.4,0.029,32.4,0.029,32.4
170.0,0.028,32.4,0.028,32.4,0.028,32.4,0.029,32.3
170.5,0.032,32.4,0.031,32.4,0.032,32.4,0.032,32.3
171.0,0.033,32.3,0.032,32.3,0.033,32.3,0.034,32.3
171.5,0.030,32.3,0.028,32.3,0.032,32.3,0.030,32.3
172.0,0.030,32.3,0.029,32.3,0.030,32.3,0.030,32.3
172.5,0.028,32.3,0.028,32.3,0.029,32.3,0.028,32.3
173.0,0.029,32.3,0.028,32.3,0.029,32.3,0.029,32.4
173.5,0.027,32.3,0.027,32.3,0.027,32.3,0.028,32.3
174.0,0.027,32.3,0.026,32.3,0.029,32.3,0.026,32.3
174.5,0.026,32.3,0.025,32.3,0.029,32.3,0.026,32.4
175.0,0.025,32.3,0.026,32.3,0.028,32.3,0.026,32.3
175.5,0.028,32.3,0.027,32.3,0.028,32.3,0.028,32.3
176.0,0.031,32.3,0.030,32.3,0.033,32.3,0.031,32.3
176.5,0.036,32.3,0.038,32.3,0.032,32.3,0.037,32.3
177.0,0.037,32.3,0.036,32.3,0.038,32.3,0.036,32.2
177.5,0.038,32.3,0.037,32.3,0.038,32.3,0.040,32.2
178.0,0.038,32.2,0.039,32.3,0.036,32.3,0.038,32.2
178.5,0.035,32.2,0.035,32.2,0.034,32.2,0.036,32.2
179.0,0.036,32.2,0.039,32.2,0.035,32.2,0.036,32.2
179.5,0.038,32.2,0.037,32.2,0.038,32.2,0.038,32.2
180.0,0.039,32.2,0.040,32.2,0.040,32.2,0.040,32.2
180.5,0.037,32.2,0.037,32.2,0.037,32.2,0.035,32.2
181.0,0.035,32.2,0.036,32.2,0.035,32.2,0.033,32.2
181.5,0.034,32.2,0.035,32.2,0.034,32.1,0.035,32.2
182.0,0.031,32.2,0.030,32.2,0.031,32.2,0.034,32.2
182.5,0.029,32.2,0.032,32.2,0.030,32.2,0.031,32.2
183.0,0.027,32.2,0.029,32.2,0.026,32.2,0.028,32.2
183.5,0.025,32.2,0.025,32.2,0.024,32.2,0.028,32.2
184.0,0.026,32.2,0.025,32.1,0.025,32.2,0.025,32.2
184.5,0.025,32.2,0.026,32.2,0.026,32.2,0.027,32.2
185.0,0.029,32.2,0.030,32.2,0.028,32.2,0.029,32.2
185.5,0.029,32.2,0.029,32.2,0.029,32.2,0.030,32.2
186.0,0.030,32.2,0.031,32.2,0.031,32.2,0.032,32.2
186.5,0.030,32.2,0.030,32.2,0.029,32.2,0.030,32.2
187.0,0.029,32.2,0.029,32.2,0.029,32.2,0.030,32.2
187.5,0.029,32.2,0.030,32.2,0.031,32.2,0.027,32.2
188.0,0.027,32.2,0.027,32.2,0.027,32.2,0.028,32.2
188.5,0.026,32.2,0.026,32.2,0.027,32.2,0.026,32.2
189.0,0.022,32.2,0.022,32.2,0.022,32.2,0.024,32.2
189.5,0.022,32.2,0.022,32.2,0.021,32.2,0.024,32.2
190.0,0.025,32.2,0.025,32.2,0.024,32.2,0.026,32.2
190.5,0.025,32.2,0.025,32.2,0.024,32.2,0.029,32.2
191.0,0.027,32.2,0.027,32.2,0.025,32.2,0.027,32.2
191.5,0.026,32.2,0.025,32.2,0.025,32.2,0.027,32.2
192.0,0.025,32.2,0.024,32.2,0.024,32.3,0.025,32.2
192.5,0.025,32.2,0.024,32.2,0.024,32.2,0.026,32.2
193.0,0.024,32.2,0.025,32.2,0.024,32.2,0.025,32.3
193.5,0.022,32.2,0.022,32.2,0.022,32.2,0.022,32.2
194.0,0.022,32.3,0.022,32.3,0.023,32.2,0.022,32.2
194.5,0.025,32.3,0.024,32.3,0.023,32.3,0.025,32.2
195.0,0.024,32.2,0.025,32.3,0.023,32.3,0.024,32.2
195.5,0.025,32.3,0.025,32.3,0.024,32.3,0.025,32.3
196.0,0.026,32.3,0.025,32.3,0.025,32.3,0.026,32.3
196.5,0.025,32.2,0.025,32.3,0.025,32.3,0.028,32.2
197.0,0.026,32.3,0.027,32.3,0.026,32.3,0.027,32.2
197.5,0.025,32.3,0.025,32.2,0.025,32.3,0.026,32.2
198.0,0.024,32.3,0.023,32.2,0.023,32.3,0.024,32.2
198.5,0.022,32.3,0.023,32.3,0.023,32.2,0.022,32.3
199.0,0.019,32.3,0.019,32.3,0.021,32.2,0.018,32.3
199.5,0.017,32.3,0.016,32.3,0.018,32.3,0.018,32.3
200.0,0.017,32.3,0.017,32.3,0.017,32.3,0.018,32.3
200.5,0.019,32.3,0.019,32.3,0.017,32.3,0.019,32.3
201.0,0.020,32.3,0.019,32.3,0.018,32.3,0.020,32.3
201.5,0.019,32.3,0.018,32.3,0.018,32.3,0.020,32.3
202.0,0.018,32.3,0.018,32.3,0.017,32.3,0.018,32.3
202.5,0.017,32.3,0.017,32.3,0.015,32.3,0.020,32.3
203.0,0.017,32.3,0.018,32.3,0.019,32.3,0.017,32.3
203.5,0.015,32.4,0.015,32.4,0.016,32.3,0.014,32.3
204.0,0.013,32.3,0.014,32.4,0.013,32.3,0.014,32.3
204.5,0.013,32.4,0.014,32.4,0.013,32.4,0.015,32.4
205.0,0.012,32.4,0.013,32.4,0.011,32.4,0.012,32.3
205.5,0.012,32.4,0.012,32.4,0.014,32.4,0.012,32.4
206.0,0.011,32.4,0.012,32.4,0.012,32.4,0.010,32.4
206.5,0.011,32.4,0.010,32.4,0.010,32.4,0.012,32.4
207.0,0.011,32.4,0.012,32.4,0.014,32.4,0.012,32.4
207.5,0.009,32.4,0.010,32.4,0.009,32.4,0.009,32.4
208.0,0.007,32.4,0.007,32.4,0.008,32.4,0.009,32.4
208.5,0.003,32.4,0.003,32.5,0.003,32.4,0.007,32.5
209.0,0.004,32.5,0.005,32.4,0.005,32.5,0.002,32.4
209.5,0.005,32.5,0.006,32.5,0.006,32.5,0.004,32.5
210.0,0.009,32.5,0.010,32.5,0.009,32.5,0.008,32.5
210.5,0.010,32.5,0.012,32.5,0.010,32.5,0.010,32.5
211.0,0.009,32.5,0.010,32.5,0.009,32.5,0.010,32.5
211.5,0.008,32.5,0.010,32.5,0.009,32.5,0.008,32.5
212.0,0.006,32.5,0.007,32.5,0.005,32.5,0.006,32.5
212.5,0.008,32.5,0.008,32.5,0.005,32.5,0.006,32.5
213.0,0.007,32.5,0.007,32.6,0.007,32.5,0.006,32.5
213.5,0.006,32.6,0.006,32.6,0.005,32.6,0.004,32.5
214.0,0.007,32.5,0.007,32.5,0.007,32.6,0.005,32.5
214.5,0.007,32.6,0.005,32.6,0.006,32.6,0.006,32.6
215.0,0.007,32.6,0.007,32.6,0.009,32.6,0.006,32.6
215.5,0.005,32.6,0.006,32.6,0.005,32.6,0.006,32.6
216.0,0.003,32.6,0.003,32.6,0.001,32.6,0.003,32.6
216.5,0.003,32.6,0.003,32.6,0.002,32.6,0.004,32.6
217.0,0.003,32.6,0.003,32.6,0.003,32.6,0.003,32.6
217.5,0.002,32.6,0.002,32.6,0.002,32.6,0.001,32.6
218.0,-0.005,32.6,-0.005,32.6,-0.005,32.7,-0.003,32.6
218.5,-0.019,32.6,-0.018,32.6,-0.018,32.7,-0.015,32.6
219.0,-0.044,32.7,-0.040,32.7,-0.040,32.7,-0.042,32.7
219.5,-0.079,32.7,-0.078,32.7,-0.075,32.7,-0.077,32.7
220.0,-0.120,32.7,-0.118,32.7,-0.107,32.7,-0.117,32.7
220.5,-0.145,32.6,-0.145,32.6,-0.143,32.6,-0.142,32.6
221.0,-0.136,32.5,-0.136,32.5,-0.139,32.5,-0.139,32.5
221.5,-0.104,32.4,-0.103,32.5,-0.104,32.4,-0.112,32.4
222.0,-0.073,32.4,-0.073,32.4,-0.079,32.4,-0.087,32.4
222.5,-0.046,32.4,-0.045,32.4,-0.062,32.4,-0.048,32.4
223.0,-0.031,32.5,-0.032,32.5,-0.036,32.5,-0.032,32.5
223.5,-0.030,32.5,-0.030,32.5,-0.030,32.5,-0.029,32.6
224.0,-0.033,32.6,-0.032,32.6,-0.033,32.6,-0.032,32.6
224.5,-0.027,32.6,-0.027,32.6,-0.028,32.6,-0.028,32.6
225.0,-0.021,32.7,-0.019,32.6,-0.021,32.6,-0.022,32.7
225.5,-0.026,32.7,-0.025,32.7,-0.026,32.7,-0.022,32.8
226.0,-0.031,32.7,-0.032,32.7,-0.030,32.7,-0.030,32.8
226.5,-0.027,32.8,-0.028,32.8,-0.028,32.7,-0.027,32.8
227.0,-0.020,32.8,-0.019,32.8,-0.020,32.8,-0.020,32.8
227.5,-0.020,32.8,-0.020,32.8,-0.023,32.8,-0.019,32.8
228.0,-0.024,32.8,-0.024,32.9,-0.024,32.8,-0.022,32.9
228.5,-0.036,32.9,-0.035,32.9,-0.035,32.9,-0.032,32.9
229.0,-0.036,32.9,-0.037,32.9,-0.037,32.9,-0.040,32.9
229.5,-0.030,32.9,-0.032,32.9,-0.030,32.9,-0.036,32.9
230.0,-0.025,32.9,-0.025,32.9,-0.026,32.9,-0.025,32.9
230.5,-0.026,32.9,-0.026,32.9,-0.027,32.9,-0.026,32.9
231.0,-0.033,32.9,-0.034,32.9,-0.031,33.0,-0.033,32.9
231.5,-0.041,33.0,-0.040,32.9,-0.036,33.0,-0.040,33.0
232.0,-0.042,33.0,-0.042,33.0,-0.042,33.0,-0.042,33.0
232.5,-0.039,32.9,-0.039,33.0,-0.040,33.0,-0.041,33.0
233.0,-0.035,33.0,-0.035,33.0,-0.036,33.0,-0.036,32.9
233.5,-0.030,33.0,-0.030,33.0,-0.031,33.0,-0.032,32.9
234.0,-0.026,32.9,-0.026,32.9,-0.028,33.0,-0.026,32.9
234.5,-0.022,33.0,-0.022,33.0,-0.023,33.0,-0.023,33.0
235.0,-0.013,33.0,-0.012,33.0,-0.014,33.0,-0.013,33.0
235.5,-0.003,33.0,-0.004,33.0,-0.002,33.0,-0.002,33.1
236.0,0.004,33.0,0.004,33.0,0.003,33.0,0.003,33.0
236.5,0.009,33.0,0.010,33.0,0.010,33.0,0.006,33.0
237.0,0.015,33.0,0.014,33.0,0.016,33.0,0.012,33.0
237.5,0.018,33.0,0.018,33.0,0.018,33.0,0.016,33.0
238.0,0.018,33.0,0.019,33.0,0.018,33.0,0.018,33.0
238.5,0.019,33.0,0.020,33.0,0.018,33.0,0.019,33.0
239.0,0.021,33.0,0.022,33.0,0.020,33.0,0.020,33.0
239.5,0.023,32.9,0.024,32.9,0.022,32.9,0.021,33.0
240.0,0.023,32.9,0.024,32.9,0.023,32.9,0.023,32.9
240.5,0.020,32.9,0.020,32.9,0.021,32.9,0.020,32.9
241.0,0.018,32.9,0.018,32.8,0.017,32.9,0.018,32.9
241.5,0.022,32.9,0.022,32.9,0.020,32.9,0.023,32.9
242.0,0.021,32.8,0.021,32.8,0.021,32.8,0.022,32.8
242.5,0.020,32.8,0.020,32.8,0.021,32.8,0.019,32.8
243.0,0.019,32.8,0.019,32.8,0.020,32.8,0.019,32.8
243.5,0.022,32.8,0.022,32.8,0.021,32.8,0.022,32.8
244.0,0.026,32.8,0.026,32.8,0.026,32.8,0.026,32.8
244.5,0.026,32.8,0.027,32.8,0.024,32.8,0.027,32.8
245.0,0.030,32.7,0.030,32.7,0.031,32.8,0.029,32.7
245.5,0.033,32.7,0.032,32.7,0.034,32.7,0.033,32.7
246.0,0.032,32.7,0.032,32.7,0.033,32.7,0.033,32.7
246.5,0.032,32.7,0.031,32.7,0.033,32.7,0.032,32.7
247.0,0.029,32.6,0.029,32.6,0.033,32.6,0.029,32.6
247.5,0.031,32.6,0.032,32.6,0.031,32.6,0.029,32.6
248.0,0.033,32.6,0.035,32.6,0.033,32.6,0.034,32.6
248.5,0.032,32.6,0.034,32.6,0.032,32.6,0.032,32.6
249.0,0.034,32.5,0.034,32.5,0.032,32.5,0.032,32.6
249.5,0.032,32.5,0.037,32.5,0.031,32.6,0.033,32.6
250.0,0.030,32.5,0.031,32.5,0.031,32.6,0.031,32.5
250.5,0.025,32.5,0.025,32.5,0.027,32.5,0.027,32.5
251.0,0.026,32.5,0.026,32.5,0.027,32.5,0.026,32.5
251.5,0.027,32.5,0.027,32.5,0.026,32.5,0.027,32.5
252.0,0.025,32.5,0.025,32.5,0.026,32.5,0.024,32.5
252.5,0.026,32.5,0.026,32.5,0.025,32.5,0.027,32.5
253.0,0.027,32.5,0.026,32.5,0.027,32.5,0.026,32.5
253.5,0.030,32.5,0.027,32.5,0.034,32.5,0.028,32.5
254.0,0.030,32.5,0.031,32.5,0.028,32.5,0.032,32.5
254.5,0.033,32.5,0.032,32.5,0.034,32.5,0.034,32.5
255.0,0.036,32.5,0.036,32.5,0.038,32.4,0.036,32.5
255.5,0.034,32.4,0.036,32.4,0.034,32.4,0.035,32.5
256.0,0.035,32.4,0.036,32.4,0.034,32.4,0.034,32.4
256.5,0.032,32.4,0.033,32.4,0.031,32.4,0.031,32.4
257.0,0.033,32.4,0.034,32.4,0.032,32.4,0.034,32.4
257.5,0.034,32.4,0.033,32.4,0.032,32.4,0.035,32.4
258.0,0.031,32.4,0.031,32.4,0.032,32.4,0.032,32.3
258.5,0.035,32.4,0.035,32.4,0.035,32.3,0.036,32.4
259.0,0.033,32.4,0.033,32.4,0.035,32.3,0.034,32.4
259.5,0.033,32.3,0.033,32.3,0.031,32.4,0.036,32.4
260.0,0.028,32.3,0.029,32.3,0.031,32.4,0.030,32.3
260.5,0.025,32.4,0.027,32.4,0.025,32.3,0.027,32.3
261.0,0.024,32.4,0.024,32.4,0.026,32.3,0.024,32.4
261.5,0.023,32.4,0.022,32.4,0.023,32.4,0.024,32.4
262.0,0.027,32.4,0.027,32.4,0.027,32.4,0.026,32.4
262.5,0.029,32.4,0.027,32.4,0.025,32.4,0.030,32.4
263.0,0.033,32.4,0.032,32.4,0.033,32.4,0.032,32.4
263.5,0.034,32.3,0.034,32.4,0.034,32.4,0.033,32.3
264.0,0.031,32.3,0.031,32.3,0.029,32.4,0.031,32.3
264.5,0.031,32.3,0.031,32.3,0.031,32.4,0.030,32.3
265.0,0.030,32.3,0.030,32.3,0.030,32.3,0.034,32.3
265.5,0.029,32.3,0.028,32.3,0.026,32.3,0.029,32.3
266.0,0.026,32.3,0.027,32.3,0.027,32.3,0.026,32.3
266.5,0.025,32.3,0.025,32.3,0.025,32.3,0.025,32.3
267.0,0.028,32.3,0.028,32.4,0.028,32.3,0.031,32.3
267.5,0.028,32.3,0.027,32.3,0.026,32.4,0.029,32.4
268.0,0.029,32.3,0.028,32.3,0.036,32.4,0.029,32.3
268.5,0.027,32.3,0.029,32.3,0.029,32.3,0.026,32.3
269.0,0.025,32.3,0.026,32.3,0.025,32.3,0.026,32.3
269.5,0.024,32.3,0.023,32.3,0.024,32.3,0.026,32.3
270.0,0.021,32.3,0.022,32.4,0.022,32.3,0.024,32.3
270.5,0.023,32.3,0.024,32.3,0.022,32.3,0.022,32.3
271.0,0.022,32.4,0.024,32.4,0.022,32.4,0.022,32.4
271.5,0.027,32.4,0.028,32.4,0.023,32.4,0.026,32.4
272.0,0.030,32.4,0.031,32.4,0.031,32.4,0.030,32.3
272.5,0.030,32.3,0.031,32.3,0.030,32.3,0.030,32.4
273.0,0.034,32.3,0.032,32.3,0.033,32.3,0.032,32.3
273.5,0.032,32.3,0.034,32.3,0.034,32.3,0.032,32.3
274.0,0.033,32.3,0.034,32.3,0.033,32.3,0.032,32.3
274.5,0.032,32.3,0.033,32.3,0.031,32.3,0.033,32.3
275.0,0.030,32.3,0.031,32.3,0.030,32.3,0.033,32.2
275.5,0.029,32.3,0.030,32.3,0.030,32.3,0.029,32.3
276.0,0.026,32.3,0.027,32.3,0.025,32.3,0.026,32.3
276.5,0.025,32.3,0.027,32.3,0.025,32.3,0.025,32.3
277.0,0.024,32.3,0.024,32.3,0.024,32.3,0.023,32.3
277.5,0.022,32.3,0.023,32.3,0.022,32.3,0.022,32.3
278.0,0.021,32.3,0.021,32.3,0.020,32.3,0.020,32.3
278.5,0.018,32.3,0.019,32.3,0.017,32.3,0.020,32.3
279.0,0.018,32.3,0.017,32.3,0.017,32.3,0.018,32.3
279.5,0.014,32.3,0.014,32.3,0.016,32.4,0.016,32.3
280.0,0.015,32.4,0.016,32.4,0.015,32.4,0.015,32.4
280.5,0.015,32.4,0.017,32.4,0.015,32.4,0.016,32.4
281.0,0.012,32.4,0.014,32.4,0.013,32.3,0.014,32.4
281.5,0.013,32.4,0.014,32.4,0.013,32.4,0.014,32.3
282.0,0.013,32.4,0.014,32.4,0.013,32.4,0.013,32.4
282.5,0.014,32.4,0.015,32.4,0.013,32.4,0.012,32.4
283.0,0.013,32.5,0.013,32.4,0.014,32.4,0.012,32.5
283.5,0.014,32.5,0.013,32.4,0.014,32.4,0.015,32.4
284.0,0.014,32.5,0.014,32.5,0.014,32.5,0.013,32.5
284.5,0.011,32.5,0.012,32.5,0.010,32.5,0.013,32.5
285.0,0.011,32.5,0.010,32.5,0.011,32.5,0.012,32.5
285.5,0.010,32.5,0.011,32.5,0.011,32.5,0.011,32.5
286.0,0.008,32.5,0.007,32.5,0.008,32.5,0.009,32.5
286.5,0.004,32.5,0.005,32.5,0.004,32.5,0.010,32.5
287.0,0.003,32.5,0.004,32.5,0.003,32.5,0.010,32.5
287.5,0.005,32.6,0.006,32.5,0.004,32.5,0.006,32.5
288.0,0.006,32.6,0.007,32.5,0.006,32.6,0.007,32.5
288.5,0.008,32.6,0.009,32.6,0.006,32.6,0.007,32.5
289.0,0.008,32.6,0.008,32.6,0.008,32.6,0.010,32.6
289.5,0.006,32.6,0.006,32.6,0.005,32.6,0.007,32.6
290.0,0.009,32.6,0.010,32.6,0.008,32.6,0.009,32.6
290.5,0.009,32.6,0.010,32.6,0.010,32.7,0.011,32.6
291.0,0.009,32.6,0.008,32.6,0.009,32.6,0.009,32.6
291.5,0.008,32.6,0.009,32.6,0.005,32.6,0.008,32.6
292.0,0.009,32.6,0.009,32.6,0.008,32.6,0.008,32.6
292.5,0.007,32.6,0.008,32.6,0.007,32.6,0.008,32.6
293.0,0.005,32.6,0.005,32.6,0.006,32.6,0.004,32.6
293.5,0.005,32.6,0.004,32.6,0.005,32.6,0.004,32.6
294.0,0.004,32.6,0.004,32.6,0.004,32.6,0.004,32.6
294.5,0.003,32.6,0.003,32.6,0.004,32.6,0.002,32.7
295.0,0.001,32.6,0.001,32.7,0.001,32.7,0.002,32.6
295.5,0.001,32.7,0.001,32.7,-0.002,32.6,0.001,32.7
296.0,0.000,32.7,0.001,32.7,-0.002,32.6,0.001,32.7
296.5,-0.002,32.7,-0.001,32.7,-0.002,32.7,-0.001,32.7
297.0,-0.003,32.7,-0.002,32.7,-0.002,32.7,-0.003,32.7
297.5,-0.004,32.7,-0.003,32.8,-0.002,32.7,-0.003,32.7
298.0,-0.004,32.8,-0.004,32.7,-0.002,32.7,-0.005,32.8
298.5,-0.009,32.8,-0.009,32.7,-0.005,32.7,-0.008,32.8
299.0,-0.027,32.8,-0.026,32.8,-0.025,32.8,-0.024,32.8
299.5,-0.074,32.8,-0.059,32.8,-0.068,32.8,-0.062,32.8
300.0,-0.134,32.8,-0.133,32.8,-0.106,32.8,-0.131,32.8
300.5,-0.149,32.7,-0.150,32.7,-0.145,32.8,-0.150,32.7
301.0,-0.131,32.6,-0.132,32.6,-0.135,32.6,-0.136,32.6
301.5,-0.095,32.5,-0.094,32.5,-0.126,32.6,-0.098,32.5
302.0,-0.068,32.5,-0.069,32.5,-0.112,32.6,-0.070,32.5
302.5,-0.045,32.5,-0.045,32.5,-0.048,32.5,-0.047,32.5
303.0,-0.034,32.5,-0.033,32.6,-0.033,32.5,-0.036,32.5
303.5,-0.025,32.6,-0.026,32.6,-0.025,32.6,-0.026,32.6
304.0,-0.021,32.6,-0.021,32.7,-0.022,32.6,-0.023,32.6
304.5,-0.020,32.7,-0.021,32.7,-0.018,32.6,-0.022,32.7
305.0,-0.022,32.7,-0.022,32.8,-0.022,32.7,-0.022,32.7
305.5,-0.020,32.8,-0.020,32.8,-0.020,32.8,-0.022,32.8
306.0,-0.021,32.8,-0.020,32.8,-0.019,32.8,-0.022,32.8
306.5,-0.023,32.8,-0.024,32.8,-0.021,32.8,-0.023,32.8
307.0,-0.019,32.8,-0.019,32.9,-0.020,32.8,-0.021,32.8
307.5,-0.018,32.9,-0.018,32.9,-0.016,32.9,-0.017,32.9
308.0,-0.025,32.9,-0.025,32.9,-0.023,32.9,-0.022,32.9
308.5,-0.036,32.9,-0.035,32.9,-0.034,32.9,-0.033,32.9
309.0,-0.044,32.9,-0.046,32.9,-0.041,33.0,-0.044,32.9
309.5,-0.046,32.9,-0.046,32.9,-0.046,32.9,-0.047,32.9
310.0,-0.037,32.9,-0.037,32.9,-0.037,32.9,-0.039,32.9
310.5,-0.035,32.9,-0.036,32.9,-0.035,32.9,-0.036,32.9
311.0,-0.031,33.0,-0.031,33.0,-0.029,32.9,-0.032,32.9
311.5,-0.030,33.0,-0.030,33.0,-0.030,33.0,-0.028,33.0
312.0,-0.033,33.0,-0.032,33.0,-0.032,33.0,-0.035,33.0
312.5,-0.033,33.0,-0.033,33.0,-0.033,33.0,-0.033,33.0
313.0,-0.028,33.0,-0.028,33.0,-0.030,33.0,-0.029,33.0
313.5,-0.020,33.0,-0.021,33.1,-0.022,33.0,-0.021,33.0
314.0,-0.015,33.0,-0.016,33.1,-0.015,33.0,-0.015,33.0
314.5,-0.010,33.0,-0.010,33.0,-0.010,33.0,-0.010,33.0
315.0,-0.002,33.0,-0.002,33.0,-0.002,33.0,-0.006,33.1
315.5,-0.003,33.1,-0.003,33.0,-0.003,33.1,-0.003,33.1
316.0,-0.005,33.1,-0.004,33.1,-0.004,33.0,-0.005,33.1
316.5,0.003,33.1,0.003,33.1,0.001,33.0,0.002,33.1
317.0,0.013,33.1,0.013,33.1,0.013,33.1,0.004,33.1
317.5,0.021,33.1,0.022,33.1,0.021,33.1,0.022,33.1
318.0,0.021,33.0,0.021,33.1,0.019,33.0,0.021,33.0
318.5,0.018,33.0,0.018,33.0,0.019,33.0,0.019,33.0
319.0,0.020,33.0,0.019,33.0,0.020,33.0,0.019,33.0
319.5,0.020,33.0,0.020,33.0,0.021,33.0,0.020,33.0
320.0,0.020,32.9,0.021,32.9,0.021,32.9,0.021,32.9
320.5,0.018,32.9,0.018,32.9,0.017,32.9,0.019,32.9
321.0,0.022,32.9,0.023,32.9,0.022,32.9,0.019,32.9
321.5,0.026,32.9,0.027,32.9,0.025,32.9,0.024,32.9
322.0,0.028,32.9,0.029,32.9,0.026,32.9,0.028,32.9
322.5,0.031,32.8,0.031,32.8,0.032,32.9,0.030,32.8
323.0,0.030,32.8,0.031,32.8,0.031,32.8,0.031,32.8
323.5,0.031,32.7,0.032,32.7,0.030,32.7,0.032,32.7
324.0,0.029,32.7,0.030,32.7,0.029,32.7,0.028,32.7
324.5,0.027,32.7,0.029,32.7,0.027,32.6,0.027,32.7
325.0,0.027,32.7,0.028,32.7,0.026,32.6,0.028,32.6
325.5,0.025,32.7,0.027,32.7,0.025,32.7,0.028,32.7
326.0,0.029,32.6,0.029,32.6,0.028,32.6,0.028,32.6
326.5,0.031,32.6,0.032,32.6,0.033,32.6,0.030,32.6
327.0,0.032,32.6,0.033,32.6,0.031,32.6,0.034,32.6
327.5,0.030,32.6,0.031,32.5,0.030,32.6,0.033,32.6
328.0,0.027,32.6,0.027,32.6,0.025,32.6,0.033,32.6
328.5,0.026,32.5,0.027,32.6,0.026,32.6,0.028,32.6
329.0,0.023,32.5,0.026,32.5,0.024,32.5,0.024,32.5
329.5,0.023,32.5,0.022,32.5,0.023,32.6,0.023,32.6
330.0,0.023,32.6,0.023,32.6,0.022,32.6,0.025,32.6
330.5,0.024,32.6,0.024,32.6,0.022,32.6,0.027,32.5
331.0,0.028,32.6,0.029,32.5,0.028,32.6,0.030,32.6
331.5,0.029,32.5,0.029,32.5,0.030,32.5,0.028,32.5
332.0,0.033,32.5,0.033,32.5,0.032,32.5,0.035,32.6
332.5,0.034,32.5,0.035,32.5,0.035,32.5,0.036,32.6
333.0,0.035,32.5,0.035,32.5,0.035,32.5,0.035,32.5
333.5,0.033,32.4,0.033,32.4,0.033,32.5,0.034,32.5
334.0,0.028,32.4,0.029,32.4,0.030,32.5,0.036,32.5
334.5,0.030,32.4,0.030,32.4,0.032,32.5,0.032,32.5
335.0,0.028,32.4,0.029,32.4,0.030,32.5,0.029,32.4
335.5,0.030,32.4,0.030,32.4,0.030,32.4,0.029,32.4
336.0,0.033,32.4,0.034,32.4,0.035,32.4,0.035,32.4
336.5,0.032,32.4,0.031,32.4,0.031,32.4,0.034,32.4
337.0,0.030,32.4,0.028,32.4,0.030,32.4,0.030,32.4
337.5,0.025,32.4,0.027,32.4,0.026,32.3,0.025,32.4
338.0,0.023,32.4,0.024,32.4,0.024,32.4,0.023,32.4
338.5,0.021,32.4,0.021,32.4,0.022,32.4,0.022,32.4
339.0,0.021,32.4,0.022,32.4,0.023,32.4,0.021,32.4
339.5,0.023,32.4,0.022,32.4,0.022,32.4,0.023,32.4
340.0,0.027,32.4,0.026,32.4,0.025,32.4,0.028,32.4
340.5,0.031,32.4,0.030,32.4,0.030,32.4,0.032,32.4
341.0,0.030,32.4,0.030,32.4,0.031,32.4,0.029,32.4
341.5,0.031,32.4,0.031,32.4,0.030,32.4,0.034,32.3
342.0,0.032,32.4,0.032,32.4,0.032,32.4,0.034,32.4
342.5,0.033,32.4,0.032,32.4,0.032,32.4,0.031,32.4
343.0,0.034,32.3,0.034,32.3,0.032,32.4,0.034,32.4
343.5,0.032,32.3,0.033,32.3,0.032,32.3,0.036,32.4
344.0,0.033,32.3,0.033,32.3,0.032,32.3,0.034,32.3
344.5,0.032,32.3,0.032,32.3,0.036,32.3,0.033,32.3
345.0,0.033,32.3,0.033,32.3,0.032,32.3,0.033,32.3
345.5,0.031,32.3,0.031,32.3,0.033,32.3,0.030,32.3
346.0,0.029,32.3,0.028,32.3,0.029,32.3,0.030,32.3
346.5,0.030,32.3,0.030,32.3,0.030,32.3,0.032,32.3
347.0,0.028,32.3,0.028,32.3,0.029,32.3,0.026,32.3
347.5,0.026,32.3,0.026,32.3,0.026,32.3,0.026,32.3
348.0,0.026,32.3,0.026,32.3,0.024,32.3,0.027,32.3
348.5,0.025,32.3,0.025,32.3,0.025,32.3,0.022,32.2
349.0,0.025,32.3,0.026,32.3,0.024,32.3,0.024,32.3
349.5,0.025,32.3,0.026,32.3,0.023,32.3,0.027,32.3
350.0,0.029,32.3,0.029,32.3,0.027,32.3,0.029,32.3
350.5,0.028,32.3,0.029,32.3,0.028,32.4,0.031,32.3
351.0,0.030,32.3,0.030,32.3,0.028,32.3,0.032,32.3
351.5,0.029,32.3,0.030,32.3,0.031,32.3,0.031,32.3
352.0,0.027,32.3,0.027,32.3,0.027,32.3,0.031,32.3
352.5,0.028,32.3,0.027,32.3,0.028,32.2,0.028,32.3
353.0,0.026,32.3,0.026,32.3,0.025,32.2,0.027,32.3
353.5,0.024,32.3,0.024,32.3,0.024,32.3,0.025,32.3
354.0,0.022,32.3,0.022,32.3,0.026,32.3,0.022,32.3
354.5,0.017,32.3,0.018,32.3,0.018,32.2,0.017,32.3
355.0,0.017,32.3,0.018,32.3,0.019,32.3,0.018,32.3
355.5,0.019,32.3,0.021,32.3,0.019,32.4,0.019,32.3
356.0,0.021,32.3,0.022,32.3,0.018,32.3,0.023,32.4
356.5,0.021,32.3,0.022,32.3,0.020,32.3,0.022,32.4
357.0,0.020,32.3,0.021,32.3,0.018,32.3,0.020,32.3
357.5,0.021,32.3,0.022,32.3,0.020,32.3,0.022,32.3
358.0,0.021,32.3,0.021,32.3,0.020,32.3,0.023,32.4
358.5,0.021,32.4,0.021,32.3,0.021,32.3,0.021,32.3
359.0,0.018,32.4,0.018,32.4,0.019,32.3,0.019,32.4
359.5,0.019,32.4,0.019,32.4,0.019,32.4,0.018,32.4
360.0,0.020,32.3,0.020,32.3,0.019,32.3,0.018,32.4
360.5,0.019,32.4,0.019,32.3,0.018,32.4,0.018,32.4
361.0,0.018,32.4,0.019,32.4,0.018,32.4,0.018,32.4
361.5,0.016,32.4,0.018,32.4,0.017,32.3,0.018,32.4
362.0,0.017,32.4,0.018,32.4,0.019,32.4,0.016,32.4
362.5,0.016,32.4,0.017,32.4,0.017,32.4,0.016,32.4
363.0,0.015,32.4,0.016,32.4,0.016,32.4,0.013,32.4
363.5,0.013,32.4,0.014,32.4,0.015,32.4,0.012,32.4
364.0,0.008,32.4,0.009,32.4,0.010,32.4,0.008,32.4
364.5,0.005,32.5,0.006,32.5,0.006,32.4,0.004,32.5
365.0,0.007,32.5,0.007,32.5,0.008,32.5,0.004,32.4
365.5,0.009,32.5,0.011,32.5,0.008,32.5,0.007,32.4
366.0,0.010,32.5,0.012,32.5,0.010,32.5,0.010,32.5
366.5,0.009,32.5,0.010,32.5,0.010,32.5,0.009,32.5
367.0,0.011,32.5,0.010,32.5,0.011,32.5,0.010,32.4
367.5,0.011,32.5,0.013,32.5,0.013,32.5,0.012,32.5
368.0,0.011,32.5,0.012,32.5,0.012,32.5,0.011,32.5
368.5,0.010,32.5,0.012,32.5,0.011,32.5,0.011,32.5
369.0,0.009,32.5,0.011,32.5,0.011,32.5,0.009,32.5
369.5,0.011,32.5,0.010,32.6,0.012,32.5,0.010,32.5
370.0,0.009,32.5,0.010,32.5,0.009,32.6,0.009,32.5
370.5,0.009,32.5,0.010,32.5,0.009,32.5,0.009,32.5
371.0,0.008,32.5,0.009,32.5,0.007,32.5,0.007,32.5
371.5,0.008,32.6,0.007,32.6,0.007,32.6,0.006,32.6
372.0,0.008,32.6,0.008,32.6,0.007,32.6,0.008,32.6
372.5,0.006,32.6,0.006,32.6,0.006,32.5,0.006,32.6
373.0,0.004,32.6,0.004,32.6,0.005,32.5,0.004,32.5
373.5,0.000,32.6,0.002,32.6,0.004,32.6,0.001,32.6
374.0,-0.001,32.6,-0.001,32.6,-0.001,32.6,0.000,32.6
374.5,-0.001,32.6,-0.002,32.6,-0.000,32.6,0.002,32.6
375.0,-0.001,32.6,-0.001,32.6,-0.001,32.6,0.001,32.6
375.5,0.000,32.7,0.001,32.7,-0.001,32.7,0.000,32.7
376.0,-0.002,32.7,-0.001,32.7,-0.002,32.7,0.001,32.7
376.5,-0.002,32.7,-0.002,32.7,-0.000,32.7,-0.001,32.7
377.0,-0.001,32.7,-0.003,32.7,0.000,32.7,-0.001,32.7
377.5,-0.004,32.7,-0.005,32.7,-0.004,32.7,-0.002,32.7
378.0,-0.017,32.7,-0.017,32.7,-0.014,32.7,-0.016,32.7
378.5,-0.044,32.7,-0.045,32.7,-0.026,32.8,-0.037,32.7
379.0,-0.087,32.7,-0.088,32.8,-0.078,32.7,-0.082,32.7
379.5,-0.134,32.7,-0.128,32.7,-0.131,32.7,-0.134,32.7
380.0,-0.150,32.6,-0.150,32.6,-0.150,32.6,-0.149,32.6
380.5,-0.136,32.4,-0.135,32.5,-0.136,32.4,-0.142,32.5
381.0,-0.099,32.4,-0.097,32.4,-0.103,32.4,-0.100,32.4
381.5,-0.067,32.4,-0.068,32.4,-0.070,32.4,-0.074,32.4
382.0,-0.048,32.4,-0.049,32.4,-0.050,32.4,-0.049,32.4
382.5,-0.036,32.5,-0.038,32.5,-0.035,32.5,-0.037,32.5
383.0,-0.036,32.5,-0.035,32.5,-0.034,32.5,-0.036,32.5
383.5,-0.035,32.6,-0.036,32.6,-0.036,32.6,-0.038,32.6
384.0,-0.025,32.6,-0.028,32.6,-0.025,32.6,-0.026,32.6
384.5,-0.020,32.7,-0.020,32.7,-0.020,32.7,-0.020,32.7
385.0,-0.017,32.7,-0.017,32.7,-0.016,32.7,-0.015,32.7
385.5,-0.022,32.7,-0.020,32.7,-0.020,32.8,-0.018,32.7
386.0,-0.031,32.8,-0.031,32.8,-0.031,32.8,-0.026,32.7
386.5,-0.039,32.8,-0.038,32.8,-0.038,32.8,-0.034,32.8
387.0,-0.040,32.8,-0.039,32.8,-0.041,32.8,-0.036,32.8
387.5,-0.032,32.8,-0.032,32.8,-0.038,32.8,-0.033,32.9
388.0,-0.028,32.8,-0.027,32.8,-0.027,32.8,-0.028,32.8
388.5,-0.030,32.9,-0.030,32.9,-0.030,32.9,-0.028,32.8
389.0,-0.033,32.9,-0.030,32.9,-0.032,32.9,-0.030,32.9
389.5,-0.032,32.9,-0.031,32.9,-0.031,32.9,-0.031,32.9
390.0,-0.027,32.9,-0.026,32.9,-0.026,32.9,-0.027,32.9
390.5,-0.026,32.9,-0.027,32.9,-0.025,32.9,-0.027,32.9
391.0,-0.028,32.9,-0.029,32.9,-0.026,32.9,-0.028,32.9
391.5,-0.028,32.9,-0.029,32.9,-0.027,32.9,-0.028,33.0
392.0,-0.022,32.9,-0.023,32.9,-0.026,32.9,-0.023,33.0
392.5,-0.014,33.0,-0.013,33.0,-0.021,32.9,-0.013,33.0
393.0,-0.014,33.0,-0.014,33.0,-0.010,33.0,-0.014,33.0
393.5,-0.021,33.0,-0.020,33.0,-0.017,33.0,-0.020,33.0
394.0,-0.030,33.0,-0.030,33.0,-0.023,33.0,-0.031,33.1
394.5,-0.023,33.0,-0.023,33.0,-0.023,33.0,-0.028,33.1
395.0,-0.012,33.0,-0.013,33.0,-0.014,33.1,-0.013,33.0
395.5,0.002,33.0,0.001,33.0,-0.001,33.0,0.002,33.0
396.0,0.008,33.1,0.007,33.0,0.007,33.0,0.008,33.1
396.5,0.010,33.0,0.009,33.0,0.010,33.0,0.010,33.1
397.0,0.014,33.0,0.013,33.0,0.014,33.0,0.014,33.0
397.5,0.015,33.0,0.016,33.0,0.015,33.0,0.016,33.0
398.0,0.015,33.0,0.017,33.0,0.016,33.0,0.017,33.0
398.5,0.019,33.0,0.020,33.0,0.019,33.0,0.018,32.9
399.0,0.019,33.0,0.020,33.0,0.021,33.0,0.019,32.9
399.5,0.022,32.9,0.022,32.9,0.022,32.9,0.021,32.9
400.0,0.024,32.9,0.025,32.9,0.024,32.9,0.022,32.9
400.5,0.027,32.9,0.029,32.9,0.029,32.9,0.025,32.9
401.0,0.030,32.8,0.030,32.8,0.032,32.8,0.030,32.8
401.5,0.033,32.8,0.035,32.8,0.033,32.8,0.034,32.8
402.0,0.034,32.8,0.034,32.8,0.034,32.8,0.034,32.8
402.5,0.032,32.7,0.033,32.7,0.032,32.7,0.035,32.7
403.0,0.031,32.7,0.031,32.7,0.031,32.7,0.032,32.7
403.5,0.029,32.6,0.027,32.6,0.029,32.7,0.030,32.6
404.0,0.030,32.6,0.030,32.6,0.030,32.6,0.030,32.6
404.5,0.032,32.6,0.031,32.6,0.032,32.6,0.031,32.6
405.0,0.030,32.6,0.029,32.6,0.029,32.6,0.029,32.6
405.5,0.029,32.6,0.029,32.5,0.028,32.5,0.028,32.6
406.0,0.028,32.5,0.026,32.6,0.029,32.5,0.028,32.5
406.5,0.029,32.6,0.029,32.5,0.027,32.6,0.030,32.5
407.0,0.027,32.5,0.027,32.5,0.028,32.6,0.027,32.5
407.5,0.025,32.5,0.026,32.5,0.026,32.5,0.025,32.5
408.0,0.025,32.5,0.025,32.5,0.025,32.5,0.024,32.5
408.5,0.025,32.5,0.026,32.5,0.025,32.5,0.025,32.5
409.0,0.029,32.5,0.030,32.5,0.030,32.5,0.026,32.5
409.5,0.030,32.5,0.032,32.5,0.028,32.5,0.028,32.5
410.0,0.030,32.5,0.030,32.5,0.028,32.5,0.028,32.5
410.5,0.031,32.5,0.032,32.5,0.031,32.5,0.029,32.5
411.0,0.029,32.5,0.028,32.5,0.028,32.5,0.028,32.4
411.5,0.029,32.5,0.030,32.5,0.030,32.4,0.030,32.5
412.0,0.028,32.4,0.027,32.4,0.028,32.4,0.030,32.4
412.5,0.028,32.5,0.026,32.4,0.028,32.4,0.028,32.4
413.0,0.031,32.4,0.031,32.5,0.029,32.4,0.030,32.4
413.5,0.032,32.4,0.032,32.4,0.030,32.4,0.032,32.4
414.0,0.034,32.4,0.035,32.4,0.032,32.4,0.039,32.4
414.5,0.030,32.4,0.031,32.4,0.030,32.3,0.032,32.4
415.0,0.027,32.4,0.027,32.4,0.027,32.4,0.028,32.4
415.5,0.022,32.4,0.022,32.4,0.023,32.4,0.022,32.4
416.0,0.022,32.4,0.022,32.4,0.021,32.4,0.021,32.4
416.5,0.024,32.4,0.023,32.4,0.023,32.4,0.023,32.4
417.0,0.023,32.4,0.022,32.4,0.023,32.4,0.025,32.4
417.5,0.025,32.4,0.025,32.4,0.025,32.4,0.024,32.4
418.0,0.024,32.4,0.024,32.4,0.024,32.4,0.024,32.4
418.5,0.027,32.4,0.027,32.4,0.027,32.4,0.027,32.4
419.0,0.030,32.4,0.031,32.4,0.030,32.4,0.030,32.4
419.5,0.030,32.4,0.031,32.4,0.030,32.4,0.031,32.4
420.0,0.033,32.4,0.032,32.4,0.032,32.4,0.037,32.4
420.5,0.032,32.4,0.032,32.4,0.034,32.4,0.032,32.4
421.0,0.033,32.3,0.031,32.3,0.031,32.4,0.032,32.3
421.5,0.031,32.3,0.029,32.3,0.031,32.3,0.031,32.3
422.0,0.032,32.3,0.030,32.3,0.031,32.3,0.032,32.4
422.5,0.032,32.3,0.032,32.3,0.033,32.3,0.034,32.3
423.0,0.032,32.3,0.032,32.3,0.031,32.3,0.032,32.3
423.5,0.033,32.3,0.034,32.3,0.037,32.3,0.034,32.3
424.0,0.030,32.3,0.029,32.3,0.031,32.3,0.031,32.3
424.5,0.029,32.3,0.028,32.3,0.031,32.3,0.030,32.3
425.0,0.026,32.3,0.026,32.3,0.027,32.3,0.029,32.3
425.5,0.023,32.3,0.023,32.3,0.023,32.3,0.027,32.3
426.0,0.025,32.2,0.025,32.3,0.025,32.2,0.026,32.2
426.5,0.025,32.3,0.025,32.3,0.026,32.3,0.027,32.3
427.0,0.028,32.3,0.026,32.3,0.028,32.3,0.031,32.3
427.5,0.030,32.3,0.029,32.3,0.029,32.3,0.033,32.3
428.0,0.029,32.3,0.030,32.3,0.033,32.3,0.030,32.3
428.5,0.032,32.3,0.033,32.3,0.032,32.3,0.032,32.3
429.0,0.030,32.3,0.030,32.3,0.032,32.3,0.030,32.3
429.5,0.031,32.3,0.031,32.3,0.034,32.3,0.029,32.3
430.0,0.029,32.2,0.029,32.2,0.033,32.2,0.031,32.2
430.5,0.028,32.2,0.028,32.2,0.034,32.2,0.028,32.2
431.0,0.028,32.2,0.028,32.2,0.031,32.2,0.027,32.2
431.5,0.022,32.2,0.023,32.2,0.023,32.2,0.023,32.3
432.0,0.021,32.3,0.021,32.3,0.020,32.2,0.022,32.3
432.5,0.020,32.3,0.020,32.3,0.019,32.3,0.022,32.3
433.0,0.022,32.3,0.023,32.3,0.024,32.2,0.022,32.3
433.5,0.025,32.3,0.026,32.3,0.025,32.3,0.025,32.2
434.0,0.026,32.3,0.025,32.3,0.024,32.3,0.024,32.3
434.5,0.025,32.3,0.026,32.3,0.026,32.3,0.024,32.3
435.0,0.022,32.3,0.023,32.3,0.025,32.3,0.022,32.3
435.5,0.027,32.3,0.029,32.3,0.027,32.3,0.027,32.3
436.0,0.024,32.3,0.024,32.3,0.025,32.3,0.026,32.3
436.5,0.023,32.3,0.024,32.3,0.025,32.3,0.022,32.3
437.0,0.023,32.3,0.024,32.3,0.022,32.3,0.023,32.3
437.5,0.021,32.3,0.021,32.3,0.021,32.3,0.021,32.3
438.0,0.022,32.3,0.021,32.3,0.024,32.3,0.022,32.3
438.5,0.021,32.3,0.022,32.3,0.021,32.3,0.021,32.3
439.0,0.020,32.3,0.021,32.3,0.020,32.3,0.019,32.3
439.5,0.018,32.3,0.020,32.3,0.020,32.3,0.019,32.3
440.0,0.015,32.3,0.016,32.3,0.016,32.3,0.016,32.3
440.5,0.015,32.3,0.014,32.3,0.015,32.3,0.014,32.3
441.0,0.011,32.4,0.011,32.3,0.012,32.4,0.010,32.4
441.5,0.008,32.4,0.008,32.4,0.008,32.4,0.007,32.4
442.0,0.006,32.4,0.009,32.4,0.007,32.4,0.006,32.4
442.5,0.008,32.4,0.008,32.4,0.007,32.4,0.006,32.4
443.0,0.010,32.4,0.012,32.4,0.010,32.4,0.010,32.4
443.5,0.011,32.4,0.010,32.4,0.009,32.4,0.011,32.4
444.0,0.013,32.5,0.012,32.4,0.010,32.4,0.015,32.5
444.5,0.012,32.5,0.012,32.5,0.011,32.4,0.015,32.5
445.0,0.012,32.5,0.015,32.5,0.011,32.4,0.012,32.4
445.5,0.013,32.4,0.014,32.4,0.013,32.5,0.012,32.4
446.0,0.012,32.5,0.012,32.4,0.014,32.5,0.013,32.4
446.5,0.011,32.5,0.011,32.5,0.012,32.5,0.012,32.5
447.0,0.010,32.5,0.010,32.5,0.012,32.5,0.010,32.5
447.5,0.011,32.5,0.011,32.5,0.011,32.5,0.009,32.5
448.0,0.011,32.5,0.011,32.5,0.011,32.5,0.011,32.5
448.5,0.011,32.5,0.011,32.5,0.010,32.5,0.010,32.5
449.0,0.009,32.5,0.010,32.5,0.010,32.5,0.010,32.5
449.5,0.008,32.5,0.007,32.5,0.011,32.5,0.008,32.5
450.0,0.009,32.5,0.010,32.5,0.009,32.5,0.010,32.5
450.5,0.008,32.5,0.008,32.5,0.008,32.5,0.009,32.5
451.0,0.006,32.5,0.006,32.5,0.008,32.5,0.005,32.5
451.5,0.003,32.5,0.003,32.5,0.008,32.5,0.004,32.5
452.0,-0.001,32.5,0.000,32.5,0.002,32.5,-0.000,32.5
452.5,0.002,32.6,0.003,32.6,0.002,32.6,0.000,32.5
453.0,0.004,32.6,0.003,32.6,0.002,32.6,0.004,32.6
453.5,0.005,32.6,0.005,32.6,0.003,32.6,0.005,32.6
454.0,0.004,32.6,0.004,32.6,0.005,32.6,0.005,32.6
454.5,0.005,32.6,0.005,32.6,0.004,32.6,0.006,32.6
455.0,0.008,32.6,0.010,32.6,0.008,32.6,0.010,32.6
455.5,0.008,32.6,0.010,32.6,0.008,32.6,0.007,32.6
456.0,0.007,32.6,0.008,32.6,0.005,32.6,0.008,32.6
456.5,0.003,32.6,0.006,32.6,0.004,32.6,0.006,32.6
457.0,-0.003,32.6,-0.002,32.6,-0.002,32.6,0.001,32.6
457.5,-0.016,32.6,-0.016,32.6,-0.010,32.6,-0.013,32.6
458.0,-0.045,32.6,-0.045,32.6,-0.039,32.7,-0.029,32.6
458.5,-0.089,32.7,-0.087,32.7,-0.084,32.7,-0.077,32.6
459.0,-0.133,32.7,-0.134,32.7,-0.117,32.7,-0.129,32.7
459.5,-0.152,32.6,-0.151,32.6,-0.142,32.7,-0.152,32.6
460.0,-0.134,32.4,-0.135,32.5,-0.133,32.5,-0.140,32.5
460.5,-0.097,32.4,-0.098,32.4,-0.101,32.4,-0.114,32.4
461.0,-0.070,32.4,-0.070,32.4,-0.068,32.4,-0.071,32.4
461.5,-0.073,32.4,-0.072,32.4,-0.064,32.3,-0.072,32.4
462.0,-0.057,32.4,-0.058,32.4,-0.058,32.4,-0.060,32.4
462.5,-0.032,32.5,-0.032,32.5,-0.036,32.5,-0.034,32.4
463.0,-0.021,32.5,-0.022,32.5,-0.022,32.5,-0.024,32.5
463.5,-0.023,32.6,-0.022,32.6,-0.023,32.6,-0.022,32.6
464.0,-0.032,32.6,-0.031,32.6,-0.028,32.6,-0.029,32.6
464.5,-0.040,32.7,-0.039,32.7,-0.038,32.7,-0.039,32.6
465.0,-0.039,32.7,-0.037,32.7,-0.038,32.7,-0.040,32.7
465.5,-0.033,32.7,-0.033,32.7,-0.035,32.7,-0.033,32.7
466.0,-0.029,32.7,-0.029,32.7,-0.028,32.7,-0.029,32.7
466.5,-0.030,32.8,-0.029,32.8,-0.030,32.8,-0.029,32.8
467.0,-0.031,32.8,-0.030,32.8,-0.029,32.8,-0.030,32.8
467.5,-0.032,32.8,-0.031,32.8,-0.031,32.8,-0.032,32.8
468.0,-0.026,32.8,-0.027,32.8,-0.028,32.8,-0.027,32.8
468.5,-0.020,32.9,-0.020,32.8,-0.020,32.8,-0.020,32.9
469.0,-0.022,32.9,-0.023,32.9,-0.022,32.9,-0.021,32.9
469.5,-0.024,32.9,-0.025,32.9,-0.024,32.9,-0.024,32.9
470.0,-0.023,32.9,-0.025,32.9,-0.024,32.9,-0.023,32.9
470.5,-0.016,32.9,-0.017,32.9,-0.020,33.0,-0.017,32.9
471.0,-0.011,32.9,-0.012,32.9,-0.011,32.9,-0.012,33.0
471.5,-0.010,33.0,-0.010,32.9,-0.012,32.9,-0.009,33.0
472.0,-0.013,32.9,-0.013,33.0,-0.013,32.9,-0.012,32.9
472.5,-0.019,33.0,-0.020,33.0,-0.019,33.0,-0.019,33.0
473.0,-0.021,33.0,-0.021,33.0,-0.020,33.0,-0.021,32.9
473.5,-0.018,33.0,-0.019,33.0,-0.017,33.0,-0.018,33.0
474.0,-0.018,33.0,-0.017,33.0,-0.016,33.0,-0.016,33.0
474.5,-0.013,33.0,-0.013,33.0,-0.013,33.0,-0.013,33.0
475.0,0.000,33.0,0.000,33.1,-0.004,33.0,-0.005,33.1
475.5,0.013,33.0,0.014,33.0,0.011,33.0,0.013,33.0
476.0,0.013,33.0,0.015,33.0,0.014,33.0,0.014,33.0
476.5,0.018,33.0,0.019,33.0,0.015,33.0,0.017,33.0
477.0,0.020,33.0,0.022,33.0,0.019,33.0,0.021,32.9
477.5,0.021,33.0,0.021,33.0,0.021,33.0,0.021,32.9
478.0,0.023,32.9,0.022,32.9,0.024,32.9,0.022,32.9
478.5,0.021,32.9,0.020,33.0,0.021,32.9,0.021,32.9
479.0,0.022,32.9,0.022,32.9,0.023,32.9,0.022,32.9
479.5,0.023,32.8,0.023,32.8,0.021,32.8,0.024,32.8
480.0,0.024,32.8,0.025,32.8,0.024,32.8,0.022,32.8
480.5,0.024,32.8,0.024,32.8,0.025,32.8,0.022,32.7
481.0,0.023,32.8,0.024,32.8,0.025,32.7,0.023,32.7
481.5,0.029,32.7,0.028,32.8,0.029,32.8,0.030,32.7
482.0,0.029,32.7,0.030,32.7,0.031,32.8,0.030,32.7
482.5,0.030,32.7,0.029,32.7,0.029,32.7,0.032,32.7
483.0,0.028,32.6,0.028,32.6,0.028,32.7,0.028,32.7
483.5,0.024,32.6,0.025,32.6,0.022,32.6,0.025,32.6
484.0,0.024,32.6,0.025,32.6,0.023,32.6,0.024,32.6
484.5,0.023,32.6,0.022,32.6,0.025,32.6,0.023,32.6
485.0,0.023,32.6,0.022,32.6,0.023,32.6,0.021,32.6
485.5,0.019,32.6,0.020,32.6,0.018,32.6,0.019,32.7
486.0,0.022,32.6,0.021,32.6,0.019,32.6,0.021,32.6
486.5,0.026,32.6,0.027,32.6,0.026,32.6,0.027,32.6
487.0,0.026,32.6,0.026,32.6,0.027,32.6,0.027,32.5
487.5,0.029,32.6,0.029,32.5,0.028,32.6,0.028,32.6
488.0,0.029,32.5,0.030,32.5,0.029,32.5,0.032,32.6
488.5,0.032,32.5,0.029,32.5,0.031,32.5,0.030,32.5
489.0,0.032,32.5,0.033,32.5,0.034,32.5,0.034,32.5
489.5,0.030,32.5,0.032,32.5,0.033,32.5,0.029,32.5
490.0,0.029,32.5,0.031,32.5,0.031,32.5,0.028,32.5
490.5,0.028,32.4,0.028,32.4,0.030,32.4,0.029,32.4
491.0,0.033,32.4,0.031,32.4,0.033,32.4,0.033,32.5
491.5,0.036,32.4,0.038,32.4,0.035,32.4,0.035,32.4
492.0,0.035,32.4,0.036,32.4,0.033,32.4,0.035,32.4
492.5,0.033,32.4,0.035,32.4,0.033,32.4,0.035,32.4
493.0,0.028,32.4,0.028,32.4,0.027,32.3,0.032,32.3
493.5,0.025,32.3,0.024,32.4,0.027,32.3,0.026,32.4
494.0,0.024,32.4,0.024,32.4,0.024,32.3,0.023,32.4
494.5,0.025,32.4,0.024,32.4,0.024,32.4,0.025,32.4
495.0,0.024,32.4,0.025,32.4,0.025,32.4,0.024,32.4
495.5,0.025,32.4,0.023,32.4,0.023,32.4,0.024,32.4
496.0,0.029,32.4,0.031,32.4,0.028,32.4,0.026,32.4
496.5,0.031,32.4,0.031,32.4,0.031,32.4,0.031,32.3
497.0,0.034,32.3,0.035,32.3,0.032,32.3,0.036,32.3
497.5,0.033,32.3,0.034,32.4,0.032,32.3,0.034,32.3
498.0,0.033,32.3,0.034,32.3,0.033,32.3,0.032,32.3
498.5,0.034,32.3,0.034,32.3,0.035,32.3,0.032,32.3
499.0,0.031,32.3,0.031,32.3,0.034,32.3,0.032,32.2
499.5,0.030,32.3,0.031,32.3,0.034,32.3,0.031,32.3
500.0,0.031,32.3,0.031,32.3,0.033,32.3,0.030,32.3
500.5,0.035,32.3,0.035,32.3,0.033,32.3,0.034,32.3
501.0,0.034,32.3,0.034,32.2,0.035,32.3,0.033,32.3
501.5,0.031,32.2,0.031,32.2,0.032,32.2,0.029,32.2
502.0,0.030,32.2,0.031,32.2,0.032,32.2,0.030,32.2
502.5,0.025,32.2,0.025,32.2,0.025,32.2,0.030,32.2
503.0,0.022,32.3,0.023,32.2,0.022,32.3,0.030,32.2
503.5,0.022,32.3,0.023,32.2,0.024,32.3,0.024,32.3
504.0,0.024,32.3,0.025,32.3,0.023,32.3,0.026,32.3
504.5,0.026,32.3,0.026,32.3,0.026,32.3,0.027,32.3
505.0,0.028,32.3,0.029,32.3,0.028,32.3,0.029,32.3
505.5,0.032,32.3,0.031,32.3,0.028,32.3,0.032,32.3
506.0,0.032,32.3,0.034,32.3,0.033,32.3,0.032,32.3
506.5,0.032,32.2,0.032,32.3,0.029,32.3,0.030,32.2
507.0,0.031,32.2,0.032,32.3,0.031,32.2,0.033,32.2
507.5,0.029,32.2,0.030,32.2,0.029,32.2,0.034,32.2
508.0,0.029,32.2,0.030,32.2,0.029,32.2,0.029,32.2
508.5,0.027,32.2,0.027,32.2,0.031,32.2,0.028,32.2
509.0,0.027,32.2,0.027,32.2,0.026,32.2,0.028,32.2
509.5,0.026,32.2,0.027,32.2,0.029,32.2,0.028,32.2
510.0,0.025,32.2,0.024,32.2,0.024,32.2,0.026,32.2
510.5,0.025,32.2,0.025,32.2,0.025,32.2,0.028,32.2
511.0,0.023,32.2,0.023,32.3,0.024,32.2,0.024,32.2
511.5,0.024,32.2,0.024,32.2,0.025,32.2,0.024,32.2
512.0,0.023,32.3,0.024,32.3,0.023,32.3,0.025,32.2
512.5,0.023,32.2,0.024,32.3,0.022,32.2,0.023,32.2
513.0,0.019,32.3,0.020,32.3,0.021,32.2,0.020,32.2
513.5,0.018,32.3,0.019,32.3,0.018,32.3,0.018,32.3
514.0,0.019,32.3,0.020,32.3,0.018,32.3,0.020,32.3
514.5,0.020,32.3,0.019,32.3,0.020,32.3,0.021,32.3
515.0,0.023,32.3,0.023,32.3,0.025,32.3,0.023,32.3
515.5,0.025,32.3,0.026,32.3,0.024,32.3,0.025,32.3
516.0,0.025,32.3,0.026,32.3,0.024,32.3,0.023,32.3
516.5,0.024,32.3,0.026,32.3,0.026,32.3,0.025,32.3
517.0,0.022,32.3,0.023,32.3,0.021,32.3,0.022,32.3
517.5,0.023,32.3,0.024,32.3,0.022,32.3,0.023,32.2
518.0,0.020,32.3,0.022,32.3,0.020,32.3,0.022,32.2
518.5,0.018,32.3,0.018,32.3,0.018,32.3,0.021,32.3
519.0,0.014,32.3,0.015,32.3,0.017,32.3,0.015,32.3
519.5,0.009,32.3,0.010,32.3,0.009,32.3,0.011,32.3
520.0,0.008,32.4,0.009,32.4,0.007,32.3,0.008,32.4
520.5,0.009,32.4,0.010,32.4,0.009,32.4,0.007,32.3
521.0,0.012,32.4,0.013,32.4,0.012,32.4,0.008,32.3
521.5,0.013,32.4,0.014,32.4,0.014,32.4,0.012,32.4
522.0,0.012,32.4,0.011,32.4,0.012,32.4,0.013,32.4
522.5,0.012,32.4,0.011,32.4,0.011,32.4,0.012,32.4
523.0,0.011,32.4,0.011,32.4,0.011,32.4,0.011,32.4
523.5,0.014,32.4,0.014,32.4,0.014,32.4,0.012,32.4
524.0,0.012,32.4,0.012,32.4,0.013,32.4,0.013,32.4
524.5,0.011,32.4,0.011,32.4,0.009,32.5,0.013,32.5
525.0,0.013,32.4,0.013,32.4,0.013,32.4,0.015,32.5
525.5,0.013,32.4,0.013,32.4,0.014,32.4,0.015,32.5
526.0,0.013,32.5,0.014,32.5,0.015,32.5,0.013,32.4
526.5,0.011,32.4,0.012,32.4,0.015,32.4,0.011,32.4
527.0,0.010,32.5,0.010,32.4,0.014,32.5,0.009,32.5
527.5,0.010,32.5,0.010,32.5,0.011,32.5,0.008,32.4
528.0,0.008,32.5,0.008,32.5,0.008,32.5,0.008,32.5
528.5,0.007,32.5,0.007,32.5,0.007,32.5,0.008,32.5
529.0,0.004,32.5,0.004,32.5,0.008,32.5,0.007,32.5
529.5,0.004,32.5,0.003,32.5,0.006,32.5,0.004,32.5
530.0,0.004,32.5,0.003,32.5,0.004,32.5,0.004,32.5
530.5,0.002,32.5,0.004,32.6,0.004,32.5,0.006,32.5
531.0,0.001,32.6,0.001,32.6,0.001,32.6,0.001,32.6
531.5,-0.000,32.6,-0.000,32.6,-0.000,32.6,0.001,32.6
532.0,0.002,32.6,0.001,32.6,0.002,32.6,0.001,32.6
532.5,-0.000,32.6,-0.001,32.6,0.001,32.6,0.000,32.6
533.0,0.004,32.6,0.006,32.6,0.003,32.6,0.003,32.7
533.5,0.006,32.6,0.006,32.6,0.006,32.7,0.006,32.7
534.0,0.003,32.6,0.005,32.6,0.005,32.6,0.005,32.7
534.5,0.004,32.6,0.004,32.6,0.006,32.6,0.004,32.7
535.0,0.003,32.6,0.002,32.6,0.004,32.6,0.003,32.7
535.5,0.003,32.6,0.004,32.6,0.004,32.6,0.003,32.7
536.0,-0.006,32.6,-0.003,32.7,-0.003,32.6,-0.004,32.6
536.5,-0.025,32.7,-0.023,32.7,-0.015,32.7,-0.016,32.7
537.0,-0.065,32.7,-0.064,32.7,-0.058,32.6,-0.047,32.7
537.5,-0.115,32.7,-0.113,32.7,-0.111,32.7,-0.104,32.7
538.0,-0.147,32.6,-0.148,32.6,-0.144,32.6,-0.139,32.6
538.5,-0.143,32.5,-0.143,32.5,-0.144,32.5,-0.148,32.6
539.0,-0.113,32.4,-0.113,32.4,-0.121,32.4,-0.117,32.4
539.5,-0.084,32.4,-0.085,32.4,-0.089,32.4,-0.092,32.4
540.0,-0.057,32.4,-0.057,32.4,-0.058,32.4,-0.078,32.3
540.5,-0.040,32.4,-0.039,32.4,-0.045,32.4,-0.053,32.4
541.0,-0.029,32.5,-0.031,32.5,-0.029,32.5,-0.031,32.5
541.5,-0.029,32.6,-0.029,32.5,-0.028,32.6,-0.028,32.6
542.0,-0.033,32.6,-0.032,32.6,-0.032,32.6,-0.033,32.6
542.5,-0.032,32.6,-0.031,32.6,-0.032,32.6,-0.031,32.6
543.0,-0.027,32.7,-0.027,32.7,-0.026,32.6,-0.027,32.7
543.5,-0.021,32.7,-0.021,32.7,-0.021,32.7,-0.024,32.7
544.0,-0.019,32.7,-0.019,32.7,-0.019,32.7,-0.020,32.7
544.5,-0.024,32.8,-0.024,32.7,-0.020,32.8,-0.023,32.8
545.0,-0.031,32.8,-0.031,32.8,-0.030,32.8,-0.029,32.8
545.5,-0.029,32.8,-0.029,32.8,-0.030,32.9,-0.029,32.8
546.0,-0.025,32.8,-0.025,32.8,-0.025,32.8,-0.025,32.8
546.5,-0.027,32.9,-0.028,32.9,-0.027,32.9,-0.026,32.8
547.0,-0.028,32.9,-0.028,32.9,-0.028,32.9,-0.026,32.9
547.5,-0.031,32.9,-0.031,32.9,-0.030,32.9,-0.030,32.9
548.0,-0.030,32.9,-0.030,32.9,-0.029,32.9,-0.031,32.9
548.5,-0.028,32.9,-0.029,32.9,-0.027,32.9,-0.028,32.9
549.0,-0.026,32.9,-0.027,32.9,-0.027,32.9,-0.026,32.9
549.5,-0.018,32.9,-0.019,32.9,-0.020,32.9,-0.021,32.9
550.0,-0.014,32.9,-0.013,32.9,-0.016,33.0,-0.013,32.9
550.5,-0.018,32.9,-0.019,32.9,-0.017,33.0,-0.018,33.0
551.0,-0.026,33.0,-0.025,33.0,-0.025,33.0,-0.022,33.0
551.5,-0.032,33.0,-0.031,33.0,-0.031,33.0,-0.030,33.0
552.0,-0.033,33.0,-0.033,33.0,-0.033,33.1,-0.032,33.0
552.5,-0.028,33.0,-0.027,33.0,-0.032,33.1,-0.028,33.0
553.0,-0.019,33.0,-0.018,33.0,-0.020,33.0,-0.019,33.0
553.5,-0.011,33.0,-0.011,33.0,-0.012,33.0,-0.012,33.0
554.0,-0.005,33.0,-0.005,33.0,-0.004,33.0,-0.006,33.0
554.5,0.000,33.0,0.000,33.0,-0.000,33.0,-0.003,33.0
555.0,0.008,33.0,0.008,33.0,0.000,32.9,0.008,33.0
555.5,0.016,33.0,0.017,33.0,0.005,33.0,0.017,33.0
556.0,0.022,33.0,0.023,33.0,0.020,33.0,0.020,33.0
556.5,0.022,33.0,0.023,33.0,0.022,33.0,0.022,33.0
557.0,0.019,32.9,0.019,32.9,0.021,32.9,0.019,32.9
557.5,0.015,32.9,0.016,32.9,0.019,32.9,0.015,32.9
558.0,0.012,32.9,0.012,32.9,0.014,32.9,0.012,32.9
558.5,0.016,32.9,0.017,32.9,0.014,32.9,0.016,32.9
559.0,0.021,32.9,0.021,32.9,0.018,32.9,0.022,32.9
559.5,0.027,32.9,0.027,32.8,0.025,32.9,0.030,32.8
560.0,0.030,32.8,0.030,32.8,0.030,32.8,0.030,32.8
560.5,0.028,32.8,0.027,32.8,0.030,32.7,0.027,32.8
561.0,0.025,32.8,0.026,32.8,0.027,32.8,0.027,32.8
561.5,0.021,32.7,0.021,32.7,0.023,32.8,0.023,32.7
562.0,0.023,32.7,0.024,32.7,0.023,32.7,0.023,32.8
562.5,0.024,32.7,0.023,32.7,0.024,32.7,0.024,32.7
563.0,0.024,32.7,0.023,32.7,0.023,32.7,0.025,32.7
563.5,0.025,32.7,0.025,32.7,0.025,32.7,0.026,32.7
564.0,0.028,32.7,0.028,32.7,0.027,32.7,0.028,32.7
564.5,0.034,32.6,0.034,32.7,0.031,32.7,0.036,32.6
565.0,0.036,32.6,0.037,32.6,0.036,32.6,0.037,32.6
565.5,0.038,32.6,0.039,32.6,0.040,32.6,0.038,32.5
566.0,0.036,32.5,0.037,32.5,0.038,32.6,0.035,32.5
566.5,0.033,32.5,0.033,32.5,0.036,32.5,0.032,32.5
567.0,0.034,32.5,0.034,32.5,0.036,32.5,0.034,32.5
567.5,0.036,32.5,0.036,32.5,0.035,32.5,0.034,32.5
568.0,0.032,32.5,0.034,32.5,0.032,32.5,0.033,32.5
568.5,0.035,32.4,0.034,32.4,0.034,32.5,0.034,32.5
569.0,0.037,32.4,0.037,32.4,0.037,32.5,0.037,32.4
569.5,0.037,32.4,0.037,32.4,0.036,32.4,0.039,32.4
570.0,0.033,32.4,0.033,32.4,0.032,32.4,0.035,32.4
570.5,0.031,32.4,0.032,32.4,0.032,32.4,0.032,32.4
571.0,0.025,32.3,0.028,32.3,0.027,32.3,0.025,32.3
571.5,0.026,32.4,0.026,32.4,0.026,32.4,0.025,32.3
572.0,0.023,32.4,0.024,32.4,0.026,32.4,0.023,32.4
572.5,0.021,32.4,0.022,32.4,0.021,32.4,0.022,32.4
573.0,0.024,32.4,0.026,32.4,0.023,32.4,0.025,32.4
573.5,0.026,32.4,0.025,32.4,0.025,32.4,0.025,32.4
574.0,0.028,32.4,0.027,32.4,0.029,32.4,0.026,32.5
574.5,0.030,32.4,0.029,32.4,0.029,32.4,0.031,32.5
575.0,0.031,32.4,0.029,32.4,0.031,32.4,0.029,32.4
575.5,0.032,32.4,0.031,32.4,0.032,32.4,0.031,32.4
576.0,0.030,32.4,0.029,32.4,0.030,32.3,0.034,32.4
576.5,0.030,32.4,0.029,32.4,0.031,32.3,0.030,32.4
577.0,0.028,32.4,0.029,32.4,0.030,32.4,0.027,32.4
577.5,0.029,32.4,0.031,32.3,0.032,32.4,0.028,32.3
578.0,0.031,32.4,0.033,32.4,0.031,32.4,0.030,32.3
578.5,0.030,32.3,0.031,32.4,0.031,32.4,0.030,32.4
579.0,0.031,32.3,0.031,32.3,0.031,32.3,0.032,32.4
579.5,0.028,32.3,0.029,32.3,0.030,32.3,0.027,32.3
580.0,0.026,32.4,0.027,32.4,0.029,32.3,0.025,32.4
580.5,0.021,32.3,0.021,32.4,0.022,32.4,0.021,32.4
581.0,0.020,32.3,0.021,32.3,0.016,32.4,0.020,32.4
581.5,0.021,32.3,0.023,32.3,0.018,32.3,0.021,32.3
582.0,0.021,32.4,0.021,32.4,0.020,32.3,0.021,32.4
582.5,0.025,32.4,0.026,32.4,0.025,32.4,0.025,32.4
583.0,0.028,32.4,0.028,32.4,0.030,32.4,0.028,32.4
583.5,0.029,32.4,0.028,32.4,0.033,32.4,0.030,32.4
584.0,0.030,32.4,0.029,32.4,0.030,32.4,0.030,32.3
584.5,0.029,32.3,0.029,32.4,0.030,32.3,0.030,32.3
585.0,0.032,32.3,0.033,32.4,0.035,32.3,0.031,32.3
585.5,0.031,32.3,0.031,32.3,0.033,32.3,0.031,32.3
586.0,0.031,32.3,0.030,32.3,0.032,32.3,0.032,32.3
586.5,0.031,32.3,0.030,32.3,0.031,32.3,0.032,32.3
587.0,0.028,32.3,0.027,32.3,0.029,32.3,0.029,32.3
587.5,0.029,32.3,0.029,32.3,0.028,32.3,0.029,32.3
588.0,0.027,32.3,0.027,32.3,0.027,32.3,0.031,32.3
588.5,0.027,32.3,0.028,32.3,0.026,32.3,0.028,32.3
589.0,0.026,32.3,0.027,32.3,0.025,32.3,0.027,32.3
589.5,0.025,32.3,0.026,32.3,0.025,32.3,0.022,32.3
590.0,0.024,32.3,0.025,32.3,0.026,32.3,0.024,32.3
590.5,0.022,32.3,0.022,32.3,0.026,32.3,0.022,32.3
591.0,0.025,32.3,0.025,32.3,0.028,32.3,0.024,32.3
591.5,0.023,32.3,0.023,32.3,0.025,32.3,0.022,32.3
592.0,0.024,32.3,0.025,32.3,0.024,32.3,0.023,32.3
592.5,0.026,32.3,0.028,32.3,0.026,32.3,0.026,32.3
593.0,0.024,32.3,0.024,32.3,0.026,32.3,0.025,32.3
593.5,0.025,32.3,0.025,32.3,0.024,32.3,0.025,32.3
594.0,0.024,32.3,0.026,32.3,0.024,32.3,0.026,32.3
594.5,0.024,32.3,0.025,32.3,0.025,32.4,0.024,32.3
595.0,0.023,32.3,0.025,32.3,0.025,32.4,0.022,32.3
595.5,0.022,32.3,0.023,32.3,0.022,32.3,0.020,32.3
596.0,0.020,32.3,0.021,32.3,0.022,32.3,0.020,32.3
596.5,0.017,32.3,0.018,32.4,0.016,32.3,0.021,32.4
597.0,0.016,32.3,0.018,32.3,0.017,32.3,0.016,32.3
597.5,0.016,32.4,0.017,32.4,0.016,32.3,0.016,32.3
598.0,0.017,32.4,0.018,32.4,0.015,32.4,0.019,32.4
598.5,0.017,32.4,0.017,32.4,0.017,32.4,0.016,32.4
599.0,0.015,32.4,0.015,32.4,0.016,32.4,0.017,32.4
599.5,0.016,32.4,0.017,32.4,0.016,32.4,0.016,32.4
600.0,0.014,32.4,0.015,32.4,0.013,32.4,0.017,32.4
600.5,0.018,32.4,0.018,32.4,0.016,32.4,0.014,32.4
601.0,0.018,32.4,0.018,32.4,0.018,32.4,0.018,32.4
601.5,0.015,32.4,0.016,32.4,0.016,32.5,0.017,32.4
602.0,0.014,32.4,0.014,32.4,0.014,32.4,0.015,32.4
602.5,0.013,32.4,0.014,32.4,0.013,32.4,0.013,32.4
603.0,0.013,32.5,0.013,32.5,0.014,32.4,0.013,32.4
603.5,0.012,32.4,0.012,32.5,0.015,32.4,0.013,32.5
604.0,0.011,32.5,0.011,32.5,0.016,32.5,0.008,32.4
604.5,0.011,32.5,0.011,32.5,0.013,32.5,0.012,32.5
605.0,0.010,32.5,0.012,32.5,0.010,32.5,0.011,32.5
605.5,0.010,32.5,0.010,32.5,0.010,32.5,0.009,32.5
606.0,0.008,32.5,0.008,32.5,0.008,32.5,0.008,32.5
606.5,0.006,32.5,0.005,32.5,0.007,32.5,0.004,32.5
607.0,0.006,32.5,0.005,32.5,0.008,32.5,0.005,32.5
607.5,0.003,32.6,0.003,32.6,0.003,32.6,0.004,32.5
608.0,0.005,32.6,0.004,32.6,0.005,32.5,0.005,32.5
608.5,0.004,32.6,0.004,32.6,0.004,32.6,0.005,32.6
609.0,0.005,32.6,0.004,32.6,0.004,32.6,0.006,32.6
609.5,0.004,32.6,0.004,32.6,0.005,32.6,0.004,32.6
610.0,0.003,32.6,0.003,32.6,0.004,32.7,0.003,32.6
610.5,0.006,32.6,0.005,32.6,0.007,32.6,0.004,32.6
611.0,0.008,32.7,0.008,32.7,0.011,32.6,0.008,32.6
611.5,0.009,32.6,0.010,32.6,0.010,32.6,0.007,32.7
612.0,0.007,32.7,0.008,32.6,0.007,32.6,0.005,32.7
612.5,0.006,32.7,0.006,32.7,0.006,32.6,0.005,32.7
613.0,0.006,32.7,0.004,32.7,0.005,32.7,0.006,32.7
613.5,0.004,32.7,0.004,32.7,0.003,32.7,0.004,32.7
614.0,0.003,32.7,0.005,32.7,0.002,32.7,0.003,32.7
614.5,0.002,32.7,0.004,32.7,0.004,32.7,0.003,32.7
615.0,-0.001,32.7,0.000,32.7,0.002,32.7,0.001,32.7
615.5,-0.009,32.7,-0.007,32.7,-0.009,32.7,-0.005,32.7
616.0,-0.028,32.8,-0.026,32.8,-0.021,32.7,-0.026,32.8
616.5,-0.054,32.8,-0.053,32.8,-0.028,32.7,-0.050,32.8
617.0,-0.093,32.8,-0.092,32.8,-0.071,32.8,-0.080,32.8
617.5,-0.132,32.8,-0.132,32.8,-0.102,32.8,-0.127,32.8
618.0,-0.151,32.7,-0.150,32.7,-0.142,32.7,-0.151,32.7
618.5,-0.137,32.6,-0.136,32.6,-0.138,32.6,-0.144,32.6
619.0,-0.101,32.5,-0.100,32.5,-0.114,32.5,-0.104,32.5
619.5,-0.074,32.5,-0.073,32.5,-0.085,32.5,-0.080,32.5
620.0,-0.050,32.5,-0.051,32.5,-0.053,32.5,-0.052,32.5
620.5,-0.033,32.6,-0.031,32.6,-0.036,32.6,-0.037,32.5
621.0,-0.024,32.6,-0.024,32.6,-0.029,32.6,-0.025,32.7
621.5,-0.027,32.7,-0.026,32.7,-0.024,32.7,-0.026,32.7
622.0,-0.029,32.7,-0.027,32.7,-0.029,32.7,-0.028,32.7
622.5,-0.026,32.8,-0.027,32.8,-0.026,32.8,-0.026,32.7
623.0,-0.023,32.8,-0.022,32.8,-0.023,32.8,-0.023,32.8
623.5,-0.031,32.8,-0.031,32.9,-0.031,32.8,-0.026,32.9
624.0,-0.039,32.8,-0.038,32.9,-0.036,32.8,-0.038,32.9
624.5,-0.040,32.9,-0.039,32.9,-0.039,32.9,-0.040,32.9
625.0,-0.032,32.9,-0.031,32.9,-0.035,32.9,-0.032,32.9
625.5,-0.025,32.9,-0.025,32.9,-0.024,32.9,-0.024,32.9
626.0,-0.032,32.9,-0.032,32.9,-0.032,33.0,-0.026,32.9
626.5,-0.031,33.0,-0.030,33.0,-0.031,32.9,-0.033,32.9
627.0,-0.026,33.0,-0.024,33.0,-0.024,33.0,-0.026,33.0
627.5,-0.022,33.0,-0.022,33.0,-0.023,33.0,-0.021,33.0
628.0,-0.019,33.0,-0.018,33.0,-0.021,33.0,-0.018,33.0
628.5,-0.023,33.0,-0.022,33.0,-0.022,33.0,-0.021,33.0
629.0,-0.031,33.1,-0.031,33.1,-0.031,33.0,-0.026,33.0
629.5,-0.041,33.1,-0.040,33.1,-0.041,33.1,-0.040,33.1
630.0,-0.040,33.1,-0.039,33.1,-0.040,33.1,-0.041,33.1
630.5,-0.026,33.1,-0.026,33.1,-0.028,33.1,-0.027,33.0
631.0,-0.020,33.1,-0.019,33.1,-0.019,33.1,-0.020,33.1
631.5,-0.018,33.1,-0.018,33.1,-0.017,33.1,-0.018,33.1
632.0,-0.018,33.1,-0.019,33.2,-0.018,33.1,-0.017,33.1
632.5,-0.014,33.1,-0.014,33.1,-0.015,33.1,-0.014,33.1
633.0,-0.005,33.1,-0.005,33.1,-0.008,33.2,-0.005,33.2
633.5,0.002,33.2,0.003,33.2,0.003,33.1,0.001,33.1
634.0,0.006,33.2,0.006,33.2,0.008,33.1,0.004,33.2
634.5,0.011,33.1,0.012,33.1,0.010,33.2,0.007,33.2
635.0,0.014,33.1,0.014,33.1,0.014,33.1,0.013,33.1
635.5,0.017,33.1,0.018,33.1,0.017,33.2,0.017,33.1
636.0,0.014,33.1,0.014,33.1,0.016,33.1,0.015,33.2
636.5,0.018,33.1,0.017,33.1,0.017,33.1,0.018,33.2
637.0,0.023,33.1,0.022,33.1,0.022,33.1,0.023,33.1
637.5,0.023,33.0,0.023,33.0,0.024,33.0,0.023,33.1
638.0,0.024,33.0,0.025,33.0,0.025,33.0,0.025,33.0
638.5,0.022,33.0,0.021,33.0,0.024,33.0,0.024,33.0
639.0,0.020,33.0,0.021,33.0,0.026,33.0,0.020,33.0
639.5,0.023,33.0,0.023,32.9,0.022,32.9,0.022,33.0
640.0,0.023,32.9,0.024,32.9,0.022,32.9,0.022,33.0
640.5,0.026,32.9,0.026,32.9,0.025,32.9,0.025,32.9
641.0,0.026,32.9,0.027,32.9,0.025,32.9,0.028,32.8
641.5,0.029,32.9,0.029,32.9,0.027,32.9,0.029,32.9
642.0,0.031,32.8,0.031,32.8,0.030,32.9,0.031,32.8
642.5,0.033,32.8,0.035,32.8,0.033,32.8,0.035,32.8
643.0,0.035,32.8,0.034,32.8,0.034,32.8,0.036,32.8
643.5,0.031,32.7,0.031,32.8,0.032,32.7,0.031,32.7
644.0,0.032,32.7,0.030,32.7,0.031,32.7,0.033,32.7
644.5,0.029,32.7,0.028,32.7,0.027,32.7,0.031,32.7
645.0,0.028,32.7,0.026,32.7,0.027,32.7,0.027,32.6
645.5,0.030,32.7,0.030,32.7,0.031,32.7,0.030,32.6
646.0,0.029,32.7,0.028,32.6,0.029,32.7,0.030,32.7
646.5,0.030,32.7,0.030,32.7,0.029,32.7,0.029,32.7
647.0,0.032,32.6,0.034,32.7,0.032,32.7,0.032,32.7
647.5,0.030,32.6,0.032,32.6,0.032,32.6,0.030,32.6
648.0,0.026,32.6,0.027,32.6,0.028,32.6,0.028,32.6
648.5,0.020,32.6,0.020,32.6,0.024,32.6,0.021,32.6
649.0,0.021,32.6,0.020,32.6,0.021,32.6,0.021,32.6
649.5,0.023,32.6,0.023,32.6,0.024,32.6,0.022,32.6
650.0,0.024,32.6,0.023,32.6,0.022,32.7,0.024,32.6
650.5,0.023,32.6,0.022,32.6,0.023,32.7,0.023,32.6
651.0,0.027,32.6,0.026,32.6,0.026,32.6,0.026,32.6
651.5,0.029,32.6,0.029,32.6,0.032,32.6,0.029,32.6
652.0,0.029,32.6,0.029,32.6,0.031,32.6,0.029,32.6
652.5,0.032,32.6,0.032,32.6,0.031,32.6,0.035,32.6
653.0,0.032,32.6,0.029,32.6,0.034,32.6,0.029,32.5
653.5,0.031,32.6,0.032,32.6,0.028,32.5,0.032,32.6
654.0,0.031,32.5,0.030,32.5,0.028,32.5,0.031,32.6
654.5,0.029,32.6,0.029,32.6,0.029,32.6,0.028,32.6
655.0,0.030,32.6,0.031,32.6,0.031,32.6,0.029,32.6
655.5,0.029,32.5,0.030,32.5,0.037,32.5,0.030,32.5
656.0,0.032,32.5,0.034,32.5,0.034,32.5,0.032,32.5
656.5,0.031,32.5,0.033,32.5,0.032,32.5,0.030,32.5
657.0,0.029,32.5,0.030,32.5,0.029,32.5,0.030,32.5
657.5,0.026,32.5,0.026,32.5,0.026,32.5,0.027,32.5
658.0,0.023,32.5,0.027,32.5,0.022,32.5,0.023,32.5
658.5,0.028,32.5,0.028,32.5,0.029,32.5,0.024,32.5
659.0,0.027,32.5,0.029,32.5,0.028,32.5,0.027,32.5
659.5,0.027,32.5,0.027,32.5,0.027,32.5,0.027,32.5
660.0,0.027,32.5,0.026,32.5,0.028,32.5,0.027,32.5
660.5,0.027,32.5,0.028,32.5,0.027,32.5,0.027,32.5
661.0,0.031,32.5,0.030,32.5,0.030,32.5,0.030,32.5
661.5,0.030,32.5,0.031,32.5,0.030,32.5,0.032,32.5
662.0,0.030,32.5,0.029,32.5,0.031,32.5,0.031,32.5
662.5,0.030,32.5,0.031,32.5,0.030,32.5,0.030,32.5
663.0,0.029,32.5,0.031,32.5,0.027,32.5,0.030,32.5
663.5,0.028,32.5,0.028,32.5,0.028,32.4,0.027,32.5
664.0,0.026,32.5,0.026,32.5,0.026,32.4,0.026,32.5
664.5,0.029,32.5,0.029,32.5,0.028,32.5,0.029,32.5
665.0,0.030,32.5,0.031,32.5,0.029,32.5,0.029,32.5
665.5,0.029,32.5,0.029,32.5,0.030,32.5,0.028,32.5
666.0,0.028,32.5,0.028,32.5,0.028,32.5,0.028,32.4
666.5,0.025,32.5,0.025,32.5,0.026,32.5,0.025,32.5
667.0,0.024,32.4,0.026,32.5,0.025,32.4,0.026,32.5
667.5,0.020,32.5,0.020,32.5,0.021,32.5,0.021,32.5
668.0,0.020,32.5,0.020,32.5,0.022,32.5,0.021,32.5
668.5,0.019,32.5,0.020,32.5,0.021,32.5,0.019,32.5
669.0,0.020,32.5,0.020,32.5,0.020,32.5,0.019,32.5
669.5,0.023,32.5,0.023,32.5,0.021,32.5,0.024,32.5
670.0,0.023,32.5,0.023,32.5,0.023,32.5,0.024,32.5
670.5,0.025,32.5,0.026,32.5,0.026,32.5,0.025,32.5
671.0,0.025,32.5,0.023,32.5,0.025,32.5,0.026,32.5
671.5,0.026,32.5,0.026,32.5,0.026,32.5,0.027,32.5
672.0,0.028,32.5,0.028,32.5,0.028,32.5,0.029,32.5
672.5,0.026,32.5,0.026,32.5,0.028,32.5,0.027,32.5
673.0,0.027,32.5,0.026,32.5,0.027,32.5,0.025,32.5
673.5,0.023,32.5,0.025,32.5,0.023,32.5,0.021,32.5
674.0,0.020,32.5,0.022,32.5,0.021,32.5,0.020,32.5
674.5,0.017,32.5,0.017,32.5,0.019,32.5,0.019,32.5
675.0,0.014,32.5,0.014,32.5,0.016,32.5,0.015,32.5
675.5,0.016,32.5,0.017,32.5,0.015,32.5,0.015,32.5
676.0,0.017,32.6,0.018,32.5,0.017,32.5,0.017,32.5
676.5,0.020,32.5,0.020,32.6,0.020,32.5,0.018,32.5
677.0,0.020,32.6,0.020,32.6,0.020,32.6,0.022,32.6
677.5,0.019,32.6,0.017,32.6,0.020,32.6,0.021,32.6
678.0,0.020,32.6,0.019,32.6,0.018,32.6,0.021,32.6
678.5,0.017,32.6,0.017,32.5,0.018,32.6,0.017,32.6
679.0,0.015,32.6,0.015,32.6,0.016,32.6,0.016,32.5
679.5,0.014,32.6,0.014,32.6,0.015,32.6,0.014,32.6
680.0,0.014,32.6,0.013,32.6,0.012,32.6,0.014,32.6
680.5,0.014,32.6,0.014,32.6,0.014,32.6,0.014,32.6
681.0,0.011,32.6,0.012,32.6,0.012,32.6,0.017,32.6
681.5,0.010,32.6,0.011,32.6,0.010,32.6,0.010,32.6
682.0,0.009,32.6,0.010,32.6,0.010,32.6,0.011,32.6
682.5,0.011,32.7,0.012,32.7,0.010,32.7,0.011,32.6
683.0,0.008,32.7,0.011,32.7,0.009,32.7,0.008,32.7
683.5,0.006,32.7,0.007,32.7,0.005,32.7,0.005,32.7
684.0,0.004,32.7,0.006,32.8,0.004,32.7,0.004,32.7
684.5,0.003,32.7,0.005,32.7,0.004,32.7,0.006,32.7
685.0,0.004,32.8,0.004,32.7,0.006,32.7,0.006,32.8
685.5,0.007,32.8,0.009,32.7,0.008,32.8,0.007,32.7
686.0,0.010,32.8,0.010,32.8,0.008,32.8,0.011,32.8
686.5,0.010,32.8,0.010,32.8,0.011,32.8,0.012,32.8
687.0,0.009,32.8,0.009,32.8,0.010,32.8,0.008,32.8
687.5,0.009,32.8,0.010,32.8,0.010,32.8,0.010,32.8
688.0,0.012,32.8,0.013,32.8,0.013,32.8,0.012,32.8
688.5,0.010,32.8,0.011,32.8,0.012,32.8,0.011,32.8
689.0,0.009,32.8,0.010,32.8,0.012,32.8,0.010,32.8
689.5,0.010,32.8,0.011,32.8,0.011,32.8,0.009,32.8
690.0,0.011,32.8,0.011,32.8,0.010,32.8,0.012,32.8
690.5,0.008,32.8,0.008,32.8,0.009,32.8,0.008,32.8
691.0,0.006,32.8,0.007,32.8,0.009,32.8,0.006,32.8
691.5,0.004,32.8,0.005,32.8,0.003,32.8,0.005,32.8
692.0,0.004,32.8,0.005,32.8,0.003,32.8,0.003,32.8
692.5,0.002,32.9,0.003,32.9,0.002,32.8,0.003,32.8
693.0,0.001,32.9,-0.000,32.8,0.000,32.9,0.001,32.8
693.5,-0.002,32.9,-0.003,32.8,-0.003,32.9,-0.001,32.8
694.0,-0.003,32.9,-0.003,32.9,-0.004,32.9,0.001,32.9
694.5,-0.006,32.9,-0.004,32.9,-0.004,32.9,-0.004,32.9
695.0,-0.008,32.9,-0.007,32.9,-0.007,32.9,-0.006,33.0
695.5,-0.010,32.9,-0.010,32.9,-0.008,32.9,-0.009,32.9
696.0,-0.022,33.0,-0.021,32.9,-0.020,33.0,-0.018,32.9
696.5,-0.050,33.0,-0.050,33.0,-0.041,33.0,-0.041,33.0
697.0,-0.091,33.0,-0.083,33.0,-0.086,33.0,-0.084,33.0
697.5,-0.128,33.0,-0.124,33.0,-0.112,33.0,-0.126,33.0
698.0,-0.137,32.9,-0.136,32.9,-0.134,32.9,-0.137,32.9
698.5,-0.116,32.8,-0.115,32.8,-0.119,32.8,-0.123,32.8
699.0,-0.088,32.7,-0.087,32.8,-0.090,32.7,-0.103,32.7
699.5,-0.064,32.8,-0.069,32.8,-0.066,32.8,-0.065,32.8
700.0,-0.049,32.8,-0.049,32.7,-0.051,32.8,-0.050,32.7
700.5,-0.038,32.8,-0.037,32.8,-0.041,32.8,-0.042,32.8
701.0,-0.029,32.9,-0.029,32.9,-0.031,32.8,-0.033,32.8
701.5,-0.031,32.9,-0.031,32.9,-0.031,32.9,-0.030,32.9
702.0,-0.035,33.0,-0.034,32.9,-0.035,32.9,-0.033,32.9
702.5,-0.036,33.0,-0.036,33.0,-0.036,32.9,-0.036,33.0
703.0,-0.033,33.0,-0.032,33.0,-0.034,33.0,-0.036,33.0
703.5,-0.028,33.1,-0.027,33.1,-0.027,33.0,-0.030,33.0
704.0,-0.034,33.1,-0.034,33.1,-0.031,33.1,-0.034,33.1
704.5,-0.032,33.1,-0.031,33.1,-0.032,33.1,-0.033,33.1
705.0,-0.030,33.1,-0.030,33.1,-0.030,33.1,-0.029,33.1
705.5,-0.033,33.1,-0.033,33.1,-0.033,33.1,-0.033,33.1
706.0,-0.037,33.2,-0.037,33.2,-0.036,33.2,-0.038,33.1
706.5,-0.041,33.2,-0.039,33.2,-0.039,33.1,-0.039,33.2
707.0,-0.043,33.2,-0.044,33.2,-0.043,33.2,-0.043,33.2
707.5,-0.039,33.2,-0.039,33.2,-0.038,33.2,-0.040,33.2
708.0,-0.034,33.2,-0.035,33.2,-0.035,33.2,-0.035,33.2
708.5,-0.028,33.2,-0.029,33.2,-0.028,33.2,-0.030,33.2
709.0,-0.025,33.2,-0.024,33.2,-0.025,33.2,-0.024,33.2
709.5,-0.027,33.2,-0.027,33.3,-0.027,33.3,-0.026,33.2
710.0,-0.030,33.3,-0.031,33.3,-0.029,33.3,-0.031,33.3
710.5,-0.027,33.3,-0.027,33.3,-0.027,33.3,-0.026,33.2
711.0,-0.021,33.3,-0.021,33.3,-0.022,33.3,-0.021,33.3
711.5,-0.015,33.3,-0.015,33.3,-0.014,33.3,-0.016,33.3
712.0,-0.009,33.3,-0.007,33.3,-0.009,33.3,-0.010,33.3
712.5,-0.005,33.3,-0.005,33.3,-0.005,33.3,-0.005,33.3
713.0,-0.002,33.3,-0.001,33.3,-0.002,33.3,-0.002,33.3
713.5,0.001,33.3,0.001,33.3,0.001,33.3,-0.001,33.4
714.0,0.010,33.3,0.009,33.3,0.008,33.3,0.012,33.3
714.5,0.017,33.3,0.018,33.3,0.015,33.3,0.017,33.3
715.0,0.022,33.3,0.022,33.3,0.021,33.3,0.021,33.3
715.5,0.022,33.3,0.022,33.3,0.022,33.3,0.024,33.3
716.0,0.018,33.2,0.017,33.3,0.018,33.2,0.018,33.2
716.5,0.014,33.2,0.014,33.2,0.013,33.2,0.013,33.2
717.0,0.013,33.2,0.014,33.2,0.014,33.2,0.013,33.2
717.5,0.017,33.2,0.018,33.2,0.016,33.2,0.018,33.2
718.0,0.019,33.2,0.020,33.2,0.019,33.2,0.021,33.2
718.5,0.023,33.2,0.023,33.1,0.019,33.1,0.022,33.2
719.0,0.025,33.1,0.026,33.2,0.026,33.1,0.024,33.2
719.5,0.027,33.1,0.027,33.1,0.026,33.1,0.027,33.1
720.0,0.031,33.1,0.032,33.1,0.035,33.1,0.030,33.1
720.5,0.033,33.0,0.035,33.0,0.037,33.1,0.034,33.1
721.0,0.035,33.0,0.033,33.0,0.035,33.0,0.034,33.0
721.5,0.034,33.0,0.036,33.0,0.034,33.0,0.034,33.0
722.0,0.030,32.9,0.032,32.9,0.030,32.9,0.030,33.0
722.5,0.030,32.9,0.032,32.9,0.029,33.0,0.028,32.9
723.0,0.029,32.9,0.028,32.9,0.030,32.9,0.027,32.9
723.5,0.030,32.9,0.030,32.9,0.029,32.9,0.032,32.9
724.0,0.033,32.9,0.032,32.9,0.031,32.9,0.033,32.9
724.5,0.033,32.9,0.032,32.9,0.032,32.9,0.034,32.8
725.0,0.032,32.8,0.034,32.8,0.031,32.9,0.036,32.8
725.5,0.027,32.8,0.026,32.8,0.028,32.8,0.029,32.8
726.0,0.025,32.8,0.027,32.8,0.026,32.8,0.025,32.8
726.5,0.023,32.8,0.024,32.8,0.025,32.8,0.023,32.8
727.0,0.024,32.8,0.026,32.8,0.024,32.8,0.024,32.8
727.5,0.026,32.8,0.026,32.8,0.024,32.8,0.026,32.8
728.0,0.024,32.8,0.024,32.8,0.024,32.8,0.026,32.8
728.5,0.025,32.8,0.026,32.8,0.027,32.8,0.025,32.7
729.0,0.029,32.8,0.029,32.8,0.028,32.8,0.031,32.8
729.5,0.036,32.8,0.037,32.8,0.037,32.8,0.035,32.8
730.0,0.037,32.8,0.038,32.8,0.037,32.7,0.041,32.8
730.5,0.036,32.7,0.036,32.7,0.034,32.8,0.038,32.8
731.0,0.033,32.7,0.032,32.7,0.032,32.7,0.032,32.7
731.5,0.029,32.7,0.028,32.7,0.031,32.7,0.029,32.7
732.0,0.029,32.7,0.028,32.7,0.032,32.7,0.029,32.7
732.5,0.031,32.7,0.033,32.7,0.031,32.7,0.031,32.7
733.0,0.033,32.7,0.034,32.7,0.032,32.7,0.032,32.7
733.5,0.033,32.7,0.035,32.7,0.032,32.6,0.034,32.7
734.0,0.032,32.7,0.033,32.7,0.032,32.6,0.032,32.7
734.5,0.031,32.7,0.031,32.7,0.032,32.7,0.029,32.7
735.0,0.026,32.6,0.025,32.6,0.028,32.6,0.026,32.7
735.5,0.019,32.7,0.019,32.7,0.020,32.7,0.021,32.6
736.0,0.019,32.7,0.019,32.7,0.019,32.7,0.019,32.7
736.5,0.022,32.7,0.022,32.7,0.022,32.7,0.022,32.7
737.0,0.024,32.7,0.025,32.7,0.027,32.7,0.023,32.7
737.5,0.021,32.7,0.020,32.7,0.022,32.7,0.022,32.8
738.0,0.022,32.7,0.023,32.7,0.021,32.7,0.022,32.7
738.5,0.025,32.7,0.027,32.7,0.025,32.7,0.026,32.7
739.0,0.027,32.7,0.027,32.7,0.027,32.7,0.027,32.7
739.5,0.031,32.7,0.029,32.7,0.032,32.8,0.031,32.7
740.0,0.032,32.7,0.034,32.7,0.032,32.7,0.031,32.7
740.5,0.033,32.6,0.033,32.7,0.033,32.6,0.033,32.7
741.0,0.030,32.6,0.030,32.6,0.030,32.6,0.030,32.6
741.5,0.029,32.6,0.028,32.6,0.028,32.6,0.026,32.7
742.0,0.031,32.6,0.030,32.6,0.034,32.7,0.030,32.6
742.5,0.032,32.6,0.032,32.6,0.031,32.6,0.032,32.6
743.0,0.033,32.6,0.034,32.6,0.032,32.6,0.033,32.6
743.5,0.029,32.6,0.028,32.6,0.030,32.6,0.029,32.6
744.0,0.028,32.6,0.029,32.6,0.026,32.6,0.027,32.6
744.5,0.026,32.6,0.026,32.6,0.024,32.6,0.027,32.6
745.0,0.022,32.6,0.023,32.6,0.020,32.6,0.026,32.6
745.5,0.022,32.6,0.022,32.6,0.021,32.6,0.020,32.6
746.0,0.023,32.6,0.022,32.6,0.023,32.6,0.021,32.6
746.5,0.025,32.6,0.026,32.6,0.026,32.6,0.025,32.6
747.0,0.028,32.6,0.025,32.6,0.026,32.6,0.028,32.6
747.5,0.030,32.6,0.028,32.6,0.028,32.6,0.030,32.6
748.0,0.030,32.6,0.031,32.6,0.031,32.6,0.030,32.6
748.5,0.029,32.6,0.027,32.6,0.030,32.6,0.027,32.6
749.0,0.030,32.6,0.029,32.6,0.031,32.7,0.029,32.6
749.5,0.029,32.6,0.030,32.6,0.032,32.6,0.030,32.5
750.0,0.029,32.6,0.031,32.6,0.031,32.6,0.028,32.6
750.5,0.028,32.6,0.030,32.6,0.030,32.5,0.027,32.6
751.0,0.026,32.6,0.026,32.6,0.027,32.5,0.026,32.6
751.5,0.025,32.6,0.026,32.5,0.025,32.5,0.025,32.6
752.0,0.023,32.6,0.024,32.6,0.024,32.6,0.024,32.6
752.5,0.022,32.6,0.022,32.6,0.025,32.6,0.021,32.6
753.0,0.020,32.6,0.019,32.6,0.020,32.6,0.021,32.6
753.5,0.018,32.6,0.017,32.6,0.020,32.6,0.018,32.6
754.0,0.018,32.6,0.018,32.6,0.019,32.6,0.019,32.6
754.5,0.016,32.6,0.016,32.6,0.017,32.6,0.018,32.7
755.0,0.017,32.6,0.017,32.6,0.015,32.7,0.018,32.6
755.5,0.017,32.7,0.017,32.7,0.018,32.7,0.017,32.7
756.0,0.016,32.7,0.015,32.6,0.017,32.7,0.016,32.7
756.5,0.017,32.7,0.017,32.7,0.017,32.7,0.018,32.7
757.0,0.017,32.7,0.016,32.7,0.016,32.6,0.016,32.7
757.5,0.017,32.7,0.017,32.7,0.018,32.7,0.017,32.7
758.0,0.017,32.7,0.017,32.7,0.018,32.7,0.017,32.7
758.5,0.018,32.7,0.018,32.7,0.018,32.7,0.018,32.7
759.0,0.017,32.7,0.018,32.7,0.018,32.7,0.018,32.7
759.5,0.016,32.7,0.017,32.7,0.018,32.7,0.017,32.7
760.0,0.016,32.7,0.015,32.7,0.016,32.7,0.016,32.8
760.5,0.014,32.7,0.013,32.8,0.013,32.8,0.014,32.8
761.0,0.013,32.7,0.011,32.8,0.013,32.7,0.013,32.7
761.5,0.009,32.8,0.008,32.8,0.010,32.7,0.008,32.7
762.0,0.007,32.8,0.006,32.7,0.009,32.8,0.007,32.8
762.5,0.008,32.8,0.009,32.8,0.009,32.8,0.007,32.8
763.0,0.008,32.8,0.009,32.8,0.008,32.8,0.007,32.8
763.5,0.009,32.8,0.009,32.8,0.009,32.9,0.008,32.8
764.0,0.008,32.8,0.008,32.8,0.008,32.8,0.009,32.8
764.5,0.009,32.8,0.009,32.8,0.009,32.8,0.008,32.8
765.0,0.008,32.8,0.008,32.8,0.007,32.8,0.008,32.8
765.5,0.011,32.9,0.011,32.8,0.012,32.8,0.010,32.9
766.0,0.012,32.9,0.012,32.9,0.012,32.9,0.013,32.8
766.5,0.009,32.9,0.009,32.9,0.013,32.9,0.009,32.9
767.0,0.010,32.9,0.009,32.8,0.010,32.9,0.010,32.9
767.5,0.010,32.9,0.010,32.9,0.012,32.9,0.009,32.9
768.0,0.010,32.9,0.010,32.9,0.011,32.9,0.012,32.9
768.5,0.008,32.8,0.007,32.8,0.010,32.9,0.009,32.8
769.0,0.005,32.9,0.004,32.9,0.007,32.8,0.005,32.9
769.5,0.006,32.9,0.006,32.9,0.008,32.9,0.004,32.9
770.0,0.005,32.9,0.006,32.9,0.005,32.9,0.005,32.9
770.5,0.005,32.9,0.006,32.9,0.006,32.9,0.005,32.9
771.0,0.002,32.9,0.002,32.9,0.002,32.9,0.003,32.9
771.5,0.001,32.9,0.002,32.9,0.001,32.9,-0.001,32.9
772.0,0.003,32.9,0.004,32.9,0.002,32.9,0.003,32.9
772.5,0.004,32.9,0.005,33.0,0.003,32.9,0.005,32.9
773.0,0.003,32.9,0.004,32.9,0.002,32.9,0.006,32.9
773.5,0.000,33.0,-0.000,32.9,0.001,32.9,0.001,33.0
774.0,0.000,33.0,0.001,32.9,-0.002,33.0,-0.001,33.0
774.5,-0.003,33.0,-0.003,33.0,-0.002,33.0,-0.002,33.0
775.0,-0.012,33.0,-0.012,33.0,-0.009,33.0,-0.009,33.0
775.5,-0.016,33.0,-0.015,33.0,-0.015,33.0,-0.016,33.0
776.0,-0.028,33.0,-0.022,33.0,-0.024,33.0,-0.027,33.0
776.5,-0.055,33.1,-0.053,33.1,-0.043,33.0,-0.052,33.1
777.0,-0.097,33.1,-0.090,33.1,-0.095,33.1,-0.083,33.1
777.5,-0.132,33.0,-0.130,33.0,-0.122,33.1,-0.128,33.0
778.0,-0.138,33.0,-0.139,33.0,-0.133,33.0,-0.137,33.0
778.5,-0.119,32.9,-0.120,32.9,-0.123,32.9,-0.123,32.9
779.0,-0.084,32.8,-0.085,32.8,-0.089,32.8,-0.087,32.8
779.5,-0.057,32.8,-0.059,32.8,-0.058,32.8,-0.060,32.8
780.0,-0.044,32.8,-0.045,32.9,-0.046,32.9,-0.046,32.8
780.5,-0.032,32.9,-0.034,32.9,-0.035,32.9,-0.037,32.9
781.0,-0.024,32.9,-0.025,32.9,-0.026,33.0,-0.025,32.9
781.5,-0.027,33.0,-0.027,33.0,-0.026,33.0,-0.027,33.0
782.0,-0.031,33.0,-0.032,33.0,-0.030,33.0,-0.032,33.0
782.5,-0.026,33.1,-0.027,33.1,-0.027,33.1,-0.027,33.1
783.0,-0.031,33.1,-0.031,33.1,-0.028,33.1,-0.029,33.1
783.5,-0.038,33.1,-0.037,33.1,-0.035,33.1,-0.037,33.1
784.0,-0.039,33.2,-0.039,33.1,-0.041,33.1,-0.040,33.1
784.5,-0.042,33.2,-0.042,33.2,-0.042,33.2,-0.042,33.1
785.0,-0.037,33.2,-0.037,33.2,-0.037,33.2,-0.039,33.1
785.5,-0.027,33.2,-0.026,33.2,-0.028,33.2,-0.025,33.2
786.0,-0.023,33.2,-0.023,33.2,-0.023,33.2,-0.022,33.2
786.5,-0.026,33.2,-0.025,33.2,-0.024,33.2,-0.025,33.2
787.0,-0.032,33.2,-0.031,33.3,-0.031,33.3,-0.030,33.3
787.5,-0.032,33.3,-0.033,33.2,-0.032,33.3,-0.031,33.3
788.0,-0.025,33.3,-0.024,33.3,-0.024,33.3,-0.026,33.2
788.5,-0.022,33.3,-0.023,33.3,-0.023,33.3,-0.024,33.3
789.0,-0.025,33.3,-0.025,33.3,-0.025,33.3,-0.025,33.3
789.5,-0.025,33.3,-0.025,33.3,-0.027,33.4,-0.025,33.3
790.0,-0.019,33.3,-0.019,33.3,-0.019,33.3,-0.021,33.3
790.5,-0.021,33.3,-0.020,33.3,-0.019,33.3,-0.021,33.4
791.0,-0.021,33.3,-0.020,33.3,-0.019,33.3,-0.020,33.3
791.5,-0.012,33.3,-0.012,33.3,-0.013,33.3,-0.014,33.3
792.0,-0.006,33.4,-0.008,33.3,-0.009,33.4,-0.007,33.4
792.5,-0.005,33.4,-0.006,33.4,-0.005,33.4,-0.006,33.4
793.0,-0.008,33.4,-0.008,33.4,-0.008,33.4,-0.008,33.4
793.5,-0.008,33.4,-0.007,33.4,-0.008,33.4,-0.008,33.4
794.0,-0.007,33.4,-0.007,33.4,-0.008,33.4,-0.007,33.4
794.5,0.004,33.4,0.003,33.4,0.003,33.4,-0.002,33.4
795.0,0.011,33.4,0.011,33.4,0.011,33.4,0.011,33.4
795.5,0.013,33.4,0.012,33.4,0.013,33.4,0.013,33.4
796.0,0.016,33.4,0.016,33.4,0.016,33.4,0.015,33.4
796.5,0.017,33.3,0.018,33.3,0.016,33.3,0.016,33.3
797.0,0.020,33.3,0.021,33.3,0.019,33.3,0.019,33.3
797.5,0.024,33.3,0.025,33.3,0.022,33.3,0.025,33.3
798.0,0.027,33.3,0.027,33.3,0.026,33.3,0.027,33.3
798.5,0.028,33.2,0.029,33.2,0.028,33.2,0.031,33.2
799.0,0.026,33.2,0.027,33.2,0.026,33.2,0.031,33.2
799.5,0.027,33.1,0.027,33.1,0.028,33.2,0.027,33.1
800.0,0.027,33.1,0.028,33.1,0.028,33.1,0.026,33.1
800.5,0.029,33.1,0.030,33.1,0.030,33.1,0.026,33.0
801.0,0.032,33.1,0.032,33.1,0.031,33.1,0.031,33.1
801.5,0.031,33.0,0.031,33.0,0.028,33.0,0.032,33.0
802.0,0.032,33.0,0.033,33.0,0.033,33.0,0.036,33.0
802.5,0.030,33.0,0.029,33.0,0.031,32.9,0.032,33.0
803.0,0.027,33.0,0.027,32.9,0.027,33.0,0.028,33.0
803.5,0.022,32.9,0.022,32.9,0.022,32.9,0.024,32.9
804.0,0.021,32.9,0.022,32.9,0.022,32.9,0.021,32.9
804.5,0.023,32.9,0.024,33.0,0.025,32.9,0.022,32.9
805.0,0.022,32.9,0.023,32.9,0.025,32.9,0.022,32.9
805.5,0.026,32.9,0.026,32.9,0.025,32.9,0.027,32.9
806.0,0.027,32.9,0.027,32.9,0.026,32.9,0.030,32.9
806.5,0.029,32.9,0.030,32.9,0.028,32.9,0.029,32.9
807.0,0.033,32.9,0.033,32.9,0.031,32.9,0.032,32.9
807.5,0.033,32.9,0.032,32.9,0.036,32.8,0.032,32.9
808.0,0.035,32.8,0.035,32.8,0.034,32.8,0.035,32.8
808.5,0.033,32.8,0.033,32.8,0.033,32.8,0.034,32.8
809.0,0.030,32.8,0.029,32.8,0.029,32.8,0.030,32.8
809.5,0.028,32.8,0.027,32.8,0.028,32.8,0.029,32.8
810.0,0.029,32.8,0.027,32.8,0.030,32.8,0.030,32.7
810.5,0.029,32.8,0.029,32.8,0.030,32.7,0.030,32.8
811.0,0.028,32.8,0.029,32.7,0.029,32.7,0.028,32.7
811.5,0.031,32.8,0.033,32.8,0.030,32.8,0.030,32.7
812.0,0.029,32.7,0.030,32.7,0.029,32.7,0.028,32.7
812.5,0.025,32.7,0.025,32.7,0.027,32.7,0.027,32.7
813.0,0.023,32.7,0.023,32.7,0.024,32.7,0.023,32.8
813.5,0.024,32.7,0.024,32.7,0.023,32.7,0.024,32.7
814.0,0.024,32.7,0.025,32.7,0.025,32.7,0.024,32.7
814.5,0.024,32.8,0.023,32.7,0.022,32.7,0.024,32.7
815.0,0.026,32.7,0.026,32.7,0.024,32.8,0.026,32.7
815.5,0.032,32.7,0.031,32.7,0.030,32.7,0.032,32.7
816.0,0.033,32.7,0.032,32.7,0.034,32.7,0.035,32.8
816.5,0.034,32.7,0.033,32.7,0.036,32.8,0.034,32.7
817.0,0.032,32.7,0.032,32.7,0.033,32.7,0.032,32.7
817.5,0.035,32.7,0.032,32.7,0.036,32.6,0.035,32.6
818.0,0.033,32.7,0.033,32.6,0.037,32.6,0.034,32.6
818.5,0.033,32.6,0.034,32.6,0.033,32.6,0.035,32.6
819.0,0.034,32.6,0.035,32.6,0.037,32.7,0.035,32.6
819.5,0.034,32.6,0.036,32.6,0.034,32.6,0.034,32.6
820.0,0.036,32.6,0.036,32.6,0.034,32.6,0.036,32.6
820.5,0.033,32.6,0.034,32.6,0.031,32.6,0.032,32.6
821.0,0.029,32.6,0.029,32.5,0.028,32.6,0.031,32.6
821.5,0.028,32.6,0.029,32.6,0.027,32.6,0.029,32.6
822.0,0.024,32.6,0.025,32.6,0.022,32.6,0.030,32.6
822.5,0.021,32.6,0.024,32.6,0.021,32.6,0.023,32.6
823.0,0.016,32.6,0.016,32.6,0.016,32.6,0.016,32.6
823.5,0.018,32.6,0.019,32.6,0.014,32.6,0.018,32.6
824.0,0.023,32.7,0.023,32.7,0.023,32.7,0.022,32.6
824.5,0.026,32.7,0.026,32.7,0.025,32.7,0.025,32.7
825.0,0.027,32.7,0.027,32.7,0.027,32.7,0.028,32.7
825.5,0.026,32.7,0.026,32.7,0.025,32.7,0.029,32.7
826.0,0.028,32.6,0.030,32.6,0.024,32.6,0.028,32.6
826.5,0.027,32.6,0.028,32.6,0.031,32.6,0.027,32.6
827.0,0.026,32.6,0.026,32.6,0.027,32.6,0.027,32.6
827.5,0.026,32.6,0.027,32.6,0.026,32.6,0.025,32.6
828.0,0.026,32.6,0.026,32.6,0.028,32.6,0.025,32.6
828.5,0.027,32.6,0.026,32.6,0.028,32.6,0.026,32.6
829.0,0.026,32.6,0.026,32.6,0.026,32.6,0.026,32.6
829.5,0.027,32.6,0.028,32.6,0.024,32.6,0.026,32.6
830.0,0.024,32.6,0.024,32.6,0.024,32.6,0.025,32.5
830.5,0.021,32.6,0.021,32.6,0.022,32.6,0.022,32.6
831.0,0.022,32.6,0.021,32.6,0.022,32.6,0.025,32.6
831.5,0.021,32.6,0.023,32.6,0.020,32.6,0.023,32.6
832.0,0.021,32.6,0.022,32.6,0.020,32.6,0.022,32.6
832.5,0.018,32.6,0.018,32.6,0.019,32.6,0.020,32.6
833.0,0.017,32.6,0.017,32.6,0.017,32.7,0.016,32.6
833.5,0.018,32.6,0.018,32.6,0.019,32.7,0.018,32.6
834.0,0.018,32.7,0.018,32.6,0.018,32.6,0.019,32.6
834.5,0.019,32.7,0.018,32.7,0.020,32.6,0.018,32.7
835.0,0.019,32.7,0.019,32.7,0.018,32.7,0.021,32.7
835.5,0.020,32.7,0.020,32.7,0.014,32.7,0.018,32.6
836.0,0.020,32.7,0.021,32.7,0.019,32.7,0.020,32.7
836.5,0.020,32.7,0.020,32.7,0.020,32.6,0.020,32.7
837.0,0.019,32.7,0.019,32.7,0.019,32.7,0.017,32.7
837.5,0.015,32.7,0.014,32.6,0.014,32.6,0.014,32.7
838.0,0.015,32.7,0.015,32.7,0.015,32.6,0.015,32.7
838.5,0.012,32.7,0.014,32.7,0.012,32.7,0.014,32.6
839.0,0.008,32.7,0.011,32.7,0.007,32.7,0.013,32.7
839.5,0.007,32.7,0.007,32.7,0.007,32.8,0.009,32.7
840.0,0.008,32.7,0.010,32.7,0.007,32.8,0.009,32.7
840.5,0.014,32.8,0.015,32.8,0.014,32.8,0.012,32.8
841.0,0.016,32.8,0.015,32.8,0.014,32.8,0.017,32.8
841.5,0.015,32.8,0.016,32.8,0.015,32.8,0.017,32.8
842.0,0.014,32.8,0.014,32.7,0.016,32.7,0.016,32.8
842.5,0.014,32.8,0.014,32.8,0.014,32.8,0.016,32.8
843.0,0.014,32.8,0.013,32.8,0.017,32.8,0.015,32.7
843.5,0.013,32.8,0.013,32.8,0.014,32.7,0.014,32.8
844.0,0.011,32.8,0.011,32.8,0.014,32.8,0.011,32.8
844.5,0.009,32.8,0.009,32.8,0.011,32.8,0.009,32.8
845.0,0.007,32.8,0.008,32.8,0.008,32.7,0.005,32.8
845.5,0.007,32.8,0.008,32.8,0.007,32.8,0.004,32.8
846.0,0.007,32.8,0.006,32.8,0.006,32.8,0.006,32.8
846.5,0.009,32.8,0.009,32.8,0.009,32.8,0.007,32.8
847.0,0.008,32.8,0.009,32.9,0.009,32.8,0.005,32.8
847.5,0.006,32.9,0.007,32.9,0.007,32.9,0.002,32.9
848.0,0.006,32.8,0.006,32.9,0.007,32.8,0.003,32.9
848.5,0.000,32.9,0.001,32.9,0.001,32.9,0.002,32.9
849.0,-0.002,32.9,-0.002,32.9,-0.002,32.9,-0.002,32.9
849.5,-0.003,32.9,-0.003,33.0,-0.002,32.9,-0.003,32.9
850.0,-0.000,32.9,-0.002,32.9,-0.001,32.9,-0.000,32.9
850.5,0.004,32.9,0.003,32.9,0.002,32.9,0.004,32.9
851.0,0.006,32.9,0.006,32.9,0.008,33.0,0.005,33.0
851.5,0.007,32.9,0.007,32.9,0.007,32.9,0.007,32.9
852.0,0.007,32.9,0.007,32.9,0.007,32.9,0.010,33.0
852.5,0.009,32.9,0.008,33.0,0.010,32.9,0.011,32.9
853.0,0.006,32.9,0.005,33.0,0.007,32.9,0.008,32.9
853.5,0.004,32.9,0.004,33.0,0.004,32.9,0.003,32.9
854.0,0.002,33.0,0.001,33.0,0.003,32.9,0.004,33.0
854.5,-0.004,33.0,-0.004,33.0,-0.001,33.0,-0.003,33.0
855.0,-0.022,33.0,-0.018,33.0,-0.013,33.0,-0.019,33.0
855.5,-0.066,33.0,-0.059,33.0,-0.048,33.0,-0.065,33.0
856.0,-0.114,33.0,-0.116,33.0,-0.113,33.0,-0.108,33.0
856.5,-0.149,33.0,-0.149,33.0,-0.148,33.0,-0.147,33.0
857.0,-0.148,32.8,-0.148,32.8,-0.151,32.9,-0.149,32.9
857.5,-0.117,32.7,-0.117,32.8,-0.122,32.7,-0.127,32.8
858.0,-0.083,32.7,-0.084,32.7,-0.101,32.7,-0.088,32.7
858.5,-0.065,32.7,-0.065,32.7,-0.066,32.7,-0.076,32.7
859.0,-0.055,32.8,-0.055,32.7,-0.060,32.8,-0.058,32.8
859.5,-0.039,32.8,-0.039,32.8,-0.041,32.8,-0.040,32.8
860.0,-0.028,32.9,-0.029,32.8,-0.030,32.8,-0.028,32.8
860.5,-0.024,32.9,-0.024,32.9,-0.025,32.8,-0.024,32.9
861.0,-0.024,32.9,-0.024,32.9,-0.023,32.9,-0.025,32.9
861.5,-0.033,33.0,-0.030,33.0,-0.032,33.0,-0.030,32.9
862.0,-0.041,33.0,-0.041,33.0,-0.040,33.0,-0.039,33.0
862.5,-0.038,33.0,-0.037,33.0,-0.039,33.0,-0.038,33.0
863.0,-0.030,33.1,-0.029,33.1,-0.032,33.1,-0.033,33.0
863.5,-0.026,33.1,-0.026,33.1,-0.028,33.1,-0.027,33.1
864.0,-0.024,33.1,-0.023,33.1,-0.022,33.1,-0.025,33.1
864.5,-0.029,33.1,-0.029,33.1,-0.025,33.1,-0.027,33.1
865.0,-0.030,33.1,-0.030,33.2,-0.030,33.1,-0.028,33.2
865.5,-0.022,33.2,-0.021,33.2,-0.022,33.1,-0.022,33.2
866.0,-0.019,33.2,-0.018,33.2,-0.018,33.1,-0.019,33.2
866.5,-0.025,33.2,-0.025,33.2,-0.021,33.2,-0.025,33.2
867.0,-0.031,33.2,-0.030,33.2,-0.027,33.2,-0.031,33.2
867.5,-0.026,33.2,-0.025,33.2,-0.025,33.2,-0.031,33.3
868.0,-0.019,33.3,-0.019,33.3,-0.018,33.2,-0.021,33.2
868.5,-0.018,33.3,-0.018,33.3,-0.017,33.3,-0.017,33.3
869.0,-0.013,33.3,-0.012,33.3,-0.016,33.2,-0.012,33.3
869.5,-0.009,33.3,-0.009,33.3,-0.011,33.3,-0.009,33.3
870.0,-0.015,33.3,-0.015,33.3,-0.013,33.3,-0.015,33.3
870.5,-0.025,33.3,-0.024,33.3,-0.018,33.2,-0.024,33.4
871.0,-0.030,33.3,-0.029,33.3,-0.027,33.3,-0.028,33.3
871.5,-0.030,33.3,-0.029,33.3,-0.030,33.3,-0.027,33.3
872.0,-0.023,33.3,-0.023,33.3,-0.024,33.3,-0.024,33.3
872.5,-0.010,33.3,-0.011,33.3,-0.013,33.4,-0.009,33.3
873.0,-0.001,33.3,-0.001,33.3,-0.012,33.4,0.000,33.4
873.5,0.004,33.4,0.005,33.3,-0.001,33.4,0.004,33.4
874.0,0.010,33.3,0.009,33.3,0.010,33.3,0.007,33.4
874.5,0.013,33.3,0.013,33.3,0.014,33.3,0.012,33.4
875.0,0.017,33.3,0.017,33.4,0.016,33.3,0.018,33.3
875.5,0.020,33.3,0.021,33.3,0.020,33.3,0.019,33.3
876.0,0.019,33.3,0.020,33.3,0.020,33.3,0.019,33.3
876.5,0.020,33.2,0.020,33.2,0.021,33.2,0.018,33.2
877.0,0.020,33.2,0.021,33.2,0.021,33.2,0.020,33.3
877.5,0.020,33.2,0.020,33.2,0.018,33.2,0.019,33.2
878.0,0.022,33.2,0.022,33.2,0.022,33.2,0.021,33.1
878.5,0.023,33.1,0.024,33.2,0.025,33.2,0.022,33.1
879.0,0.028,33.1,0.032,33.1,0.027,33.1,0.028,33.1
879.5,0.032,33.1,0.031,33.1,0.036,33.1,0.033,33.1
880.0,0.031,33.0,0.031,33.0,0.031,33.1,0.030,33.0
880.5,0.027,33.0,0.028,33.0,0.028,33.0,0.028,33.0
881.0,0.021,33.0,0.021,33.0,0.023,33.0,0.020,33.0
881.5,0.024,33.0,0.024,33.0,0.024,32.9,0.024,33.0
882.0,0.025,33.0,0.025,33.0,0.024,32.9,0.026,32.9
882.5,0.026,32.9,0.028,32.9,0.028,32.9,0.025,32.9
883.0,0.027,32.9,0.029,32.9,0.028,32.9,0.026,32.9
883.5,0.029,32.9,0.031,32.9,0.028,32.9,0.028,32.9
884.0,0.031,32.9,0.033,32.9,0.029,32.9,0.031,32.9
884.5,0.031,32.9,0.032,32.9,0.031,32.8,0.031,32.9
885.0,0.033,32.9,0.033,32.9,0.030,32.8,0.035,32.8
885.5,0.032,32.8,0.032,32.8,0.033,32.8,0.034,32.8
886.0,0.031,32.8,0.030,32.8,0.030,32.8,0.032,32.8
886.5,0.031,32.8,0.031,32.8,0.031,32.8,0.032,32.8
887.0,0.029,32.8,0.029,32.7,0.029,32.7,0.030,32.8
887.5,0.031,32.7,0.032,32.7,0.029,32.7,0.030,32.8
888.0,0.030,32.7,0.031,32.7,0.033,32.7,0.031,32.8
888.5,0.032,32.7,0.033,32.7,0.032,32.7,0.031,32.7
889.0,0.032,32.7,0.034,32.7,0.031,32.8,0.032,32.7
889.5,0.029,32.7,0.031,32.7,0.030,32.7,0.029,32.7
890.0,0.028,32.7,0.029,32.7,0.028,32.7,0.026,32.7
890.5,0.024,32.7,0.024,32.7,0.024,32.7,0.023,32.7
891.0,0.030,32.7,0.030,32.7,0.030,32.7,0.027,32.7
891.5,0.032,32.7,0.033,32.7,0.033,32.7,0.034,32.7
892.0,0.030,32.7,0.030,32.7,0.031,32.7,0.031,32.7
892.5,0.031,32.7,0.032,32.6,0.031,32.7,0.034,32.7
893.0,0.029,32.6,0.029,32.6,0.029,32.7,0.031,32.7
893.5,0.032,32.6,0.030,32.6,0.031,32.6,0.031,32.7
894.0,0.030,32.6,0.031,32.6,0.031,32.6,0.032,32.6
894.5,0.032,32.6,0.032,32.6,0.032,32.6,0.031,32.6
895.0,0.033,32.6,0.033,32.6,0.032,32.6,0.032,32.6
895.5,0.031,32.6,0.031,32.6,0.030,32.6,0.031,32.6
896.0,0.031,32.6,0.030,32.6,0.030,32.6,0.031,32.6
896.5,0.028,32.6,0.028,32.6,0.029,32.6,0.028,32.6
897.0,0.031,32.6,0.029,32.6,0.034,32.6,0.029,32.6
897.5,0.033,32.6,0.034,32.6,0.033,32.6,0.033,32.6
898.0,0.033,32.6,0.034,32.6,0.031,32.5,0.031,32.6
898.5,0.032,32.6,0.033,32.6,0.034,32.5,0.032,32.6
899.0,0.029,32.5,0.028,32.5,0.029,32.5,0.029,32.6
899.5,0.026,32.6,0.028,32.6,0.027,32.6,0.032,32.6
900.0,0.021,32.6,0.023,32.5,0.021,32.5,0.027,32.6
900.5,0.017,32.6,0.017,32.6,0.015,32.6,0.019,32.6
901.0,0.021,32.6,0.020,32.6,0.022,32.6,0.021,32.6
901.5,0.022,32.6,0.022,32.6,0.024,32.6,0.023,32.6
902.0,0.028,32.6,0.028,32.6,0.028,32.6,0.027,32.6
902.5,0.030,32.6,0.030,32.6,0.030,32.6,0.028,32.6
903.0,0.031,32.6,0.031,32.6,0.032,32.6,0.030,32.6
903.5,0.032,32.6,0.032,32.6,0.033,32.6,0.034,32.5
904.0,0.031,32.5,0.030,32.5,0.033,32.5,0.033,32.5
904.5,0.031,32.5,0.029,32.5,0.030,32.5,0.033,32.5
905.0,0.029,32.6,0.029,32.6,0.030,32.6,0.030,32.5
905.5,0.029,32.5,0.030,32.5,0.030,32.5,0.028,32.5
906.0,0.027,32.5,0.028,32.5,0.029,32.6,0.028,32.5
906.5,0.027,32.5,0.028,32.5,0.027,32.5,0.026,32.5
907.0,0.025,32.5,0.026,32.5,0.026,32.5,0.023,32.5
907.5,0.022,32.5,0.022,32.5,0.022,32.5,0.021,32.5
908.0,0.022,32.5,0.024,32.5,0.024,32.5,0.024,32.5
908.5,0.022,32.6,0.024,32.6,0.022,32.6,0.022,32.6
909.0,0.023,32.5,0.023,32.6,0.021,32.6,0.025,32.6
909.5,0.022,32.5,0.021,32.5,0.023,32.6,0.024,32.6
910.0,0.021,32.6,0.022,32.6,0.021,32.5,0.023,32.6
910.5,0.025,32.6,0.025,32.6,0.023,32.5,0.025,32.6
911.0,0.022,32.6,0.022,32.5,0.022,32.6,0.023,32.6
911.5,0.024,32.6,0.024,32.6,0.025,32.6,0.022,32.6
912.0,0.025,32.6,0.024,32.6,0.025,32.5,0.024,32.6
912.5,0.024,32.6,0.024,32.6,0.025,32.6,0.023,32.5
913.0,0.024,32.6,0.024,32.6,0.028,32.6,0.024,32.6
913.5,0.023,32.5,0.022,32.5,0.024,32.6,0.022,32.5
914.0,0.023,32.6,0.023,32.6,0.023,32.6,0.026,32.5
914.5,0.022,32.6,0.021,32.6,0.023,32.6,0.021,32.6
915.0,0.020,32.6,0.019,32.6,0.021,32.6,0.020,32.5
915.5,0.018,32.6,0.019,32.6,0.020,32.6,0.019,32.6
916.0,0.017,32.6,0.015,32.6,0.017,32.5,0.017,32.6
916.5,0.015,32.6,0.015,32.6,0.016,32.6,0.020,32.6
917.0,0.010,32.6,0.010,32.6,0.016,32.6,0.013,32.6
917.5,0.008,32.6,0.008,32.7,0.015,32.6,0.009,32.6
918.0,0.009,32.6,0.009,32.6,0.013,32.6,0.009,32.6
918.5,0.010,32.7,0.009,32.7,0.012,32.7,0.009,32.6
919.0,0.012,32.7,0.010,32.7,0.013,32.7,0.011,32.7
919.5,0.010,32.7,0.011,32.7,0.013,32.7,0.010,32.7
920.0,0.012,32.7,0.012,32.7,0.012,32.7,0.011,32.7
920.5,0.014,32.7,0.015,32.7,0.014,32.7,0.014,32.7
921.0,0.013,32.7,0.015,32.7,0.014,32.7,0.012,32.7
921.5,0.012,32.7,0.016,32.7,0.012,32.7,0.010,32.7
922.0,0.011,32.7,0.012,32.7,0.011,32.7,0.010,32.7
922.5,0.011,32.7,0.011,32.8,0.008,32.7,0.012,32.8
923.0,0.008,32.7,0.010,32.8,0.008,32.8,0.008,32.7
923.5,0.008,32.7,0.008,32.8,0.007,32.7,0.006,32.8
924.0,0.008,32.7,0.007,32.7,0.006,32.7,0.009,32.7
924.5,0.008,32.8,0.009,32.7,0.007,32.8,0.011,32.7
925.0,0.009,32.8,0.008,32.8,0.007,32.8,0.009,32.8
925.5,0.005,32.8,0.006,32.8,0.006,32.8,0.005,32.8
926.0,0.007,32.8,0.006,32.8,0.007,32.8,0.007,32.8
926.5,0.004,32.8,0.003,32.8,0.006,32.8,0.006,32.8
927.0,0.001,32.8,0.002,32.8,0.002,32.8,0.002,32.9
927.5,0.002,32.8,0.002,32.8,0.003,32.8,0.003,32.9
928.0,0.003,32.8,0.002,32.8,0.002,32.8,0.003,32.8
928.5,0.004,32.8,0.004,32.8,0.002,32.8,0.004,32.8
929.0,0.003,32.9,0.004,32.8,0.002,32.9,0.003,32.9
929.5,0.005,32.9,0.004,32.9,0.006,32.9,0.005,32.9
930.0,0.009,32.9,0.008,32.8,0.009,32.9,0.008,32.9
930.5,0.013,32.9,0.013,32.9,0.012,32.9,0.013,32.9
931.0,0.010,32.9,0.010,32.9,0.010,32.9,0.014,32.8
931.5,0.005,32.9,0.005,32.9,0.006,32.9,0.009,32.9
932.0,0.006,32.9,0.006,32.9,0.007,32.9,0.007,32.9
932.5,0.005,32.9,0.005,32.9,0.005,32.9,0.006,32.9
933.0,0.003,32.9,0.003,32.8,0.002,32.9,0.005,32.9
933.5,-0.000,32.9,-0.000,32.9,0.003,32.9,0.001,32.9
934.0,-0.003,32.9,-0.002,32.9,-0.003,32.9,-0.002,32.9
934.5,-0.011,32.9,-0.011,32.9,-0.011,32.9,-0.002,32.9
935.0,-0.036,32.9,-0.036,32.9,-0.034,32.9,-0.023,32.9
935.5,-0.073,33.0,-0.072,33.0,-0.071,33.0,-0.069,33.0
936.0,-0.112,33.0,-0.111,32.9,-0.105,33.0,-0.108,33.0
936.5,-0.137,32.9,-0.135,32.9,-0.129,33.0,-0.139,32.9
937.0,-0.140,32.8,-0.141,32.9,-0.142,32.9,-0.141,32.8
937.5,-0.107,32.7,-0.108,32.7,-0.126,32.8,-0.109,32.7
938.0,-0.065,32.7,-0.066,32.7,-0.068,32.7,-0.068,32.7
938.5,-0.045,32.7,-0.044,32.7,-0.047,32.7,-0.049,32.7
939.0,-0.040,32.8,-0.039,32.8,-0.041,32.8,-0.040,32.7
939.5,-0.041,32.8,-0.041,32.8,-0.041,32.8,-0.041,32.8
940.0,-0.039,32.9,-0.039,32.9,-0.039,32.9,-0.040,32.9
940.5,-0.028,32.9,-0.031,32.9,-0.030,32.9,-0.031,32.8
941.0,-0.019,32.9,-0.021,32.9,-0.020,33.0,-0.024,32.9
941.5,-0.022,33.0,-0.022,33.0,-0.020,33.0,-0.020,32.9
942.0,-0.026,33.0,-0.025,33.0,-0.024,33.0,-0.024,33.0
942.5,-0.030,33.0,-0.028,33.0,-0.027,33.0,-0.029,33.0
943.0,-0.029,33.1,-0.027,33.1,-0.030,33.1,-0.028,33.0
943.5,-0.015,33.1,-0.015,33.1,-0.019,33.0,-0.018,33.0
944.0,-0.017,33.1,-0.018,33.1,-0.018,33.1,-0.016,33.1
944.5,-0.023,33.1,-0.022,33.1,-0.022,33.1,-0.022,33.1
945.0,-0.022,33.2,-0.022,33.2,-0.021,33.1,-0.022,33.1
945.5,-0.030,33.2,-0.029,33.2,-0.029,33.1,-0.028,33.2
946.0,-0.032,33.2,-0.033,33.2,-0.032,33.2,-0.032,33.2
946.5,-0.029,33.2,-0.029,33.2,-0.030,33.2,-0.029,33.2
947.0,-0.027,33.2,-0.027,33.2,-0.028,33.2,-0.027,33.2
947.5,-0.024,33.2,-0.025,33.2,-0.025,33.2,-0.025,33.2
948.0,-0.025,33.2,-0.026,33.2,-0.024,33.2,-0.025,33.3
948.5,-0.028,33.2,-0.027,33.2,-0.027,33.3,-0.028,33.2
949.0,-0.027,33.2,-0.027,33.3,-0.028,33.2,-0.026,33.2
949.5,-0.020,33.2,-0.020,33.3,-0.018,33.2,-0.021,33.2
950.0,-0.009,33.3,-0.010,33.3,-0.010,33.3,-0.011,33.3
950.5,-0.006,33.3,-0.007,33.3,-0.005,33.3,-0.007,33.3
951.0,-0.010,33.3,-0.009,33.3,-0.009,33.3,-0.008,33.3
951.5,-0.017,33.3,-0.017,33.3,-0.017,33.3,-0.016,33.3
952.0,-0.018,33.3,-0.018,33.3,-0.018,33.3,-0.017,33.3
952.5,-0.009,33.3,-0.009,33.3,-0.009,33.3,-0.009,33.3
953.0,-0.003,33.3,-0.003,33.3,-0.004,33.3,-0.003,33.3
953.5,0.002,33.3,0.003,33.3,0.001,33.3,0.002,33.4
954.0,0.008,33.3,0.009,33.3,0.007,33.3,0.006,33.3
954.5,0.009,33.3,0.008,33.3,0.008,33.3,0.008,33.3
955.0,0.014,33.3,0.015,33.3,0.013,33.3,0.016,33.3
955.5,0.016,33.3,0.017,33.3,0.015,33.2,0.015,33.3
956.0,0.019,33.2,0.019,33.2,0.020,33.2,0.017,33.2
956.5,0.024,33.2,0.025,33.2,0.022,33.3,0.024,33.3
957.0,0.026,33.2,0.027,33.2,0.025,33.2,0.025,33.2
957.5,0.027,33.1,0.030,33.2,0.026,33.1,0.027,33.1
958.0,0.024,33.1,0.024,33.1,0.025,33.1,0.023,33.1
958.5,0.022,33.1,0.022,33.1,0.023,33.1,0.022,33.1
959.0,0.023,33.1,0.022,33.1,0.023,33.1,0.023,33.1
959.5,0.023,33.0,0.023,33.0,0.024,33.0,0.024,33.1
960.0,0.022,33.0,0.023,33.0,0.026,33.0,0.023,33.0
960.5,0.019,33.0,0.019,33.0,0.023,33.0,0.020,33.0
961.0,0.021,33.0,0.023,33.0,0.021,33.0,0.023,33.0
961.5,0.023,33.0,0.023,32.9,0.021,33.0,0.024,32.9
962.0,0.027,33.0,0.028,33.0,0.026,33.0,0.026,33.0
962.5,0.030,32.9,0.030,32.9,0.030,33.0,0.026,33.0
963.0,0.030,32.9,0.031,32.9,0.029,32.9,0.029,32.9
963.5,0.031,32.9,0.031,32.9,0.033,32.9,0.032,32.9
964.0,0.028,32.8,0.028,32.8,0.030,32.8,0.028,32.8
964.5,0.027,32.8,0.026,32.8,0.028,32.8,0.030,32.8
965.0,0.026,32.8,0.027,32.8,0.028,32.8,0.027,32.8
965.5,0.030,32.8,0.030,32.8,0.030,32.8,0.029,32.8
966.0,0.035,32.8,0.035,32.8,0.033,32.8,0.033,32.8
966.5,0.032,32.8,0.033,32.7,0.031,32.7,0.033,32.8
967.0,0.033,32.7,0.033,32.7,0.033,32.7,0.034,32.7
967.5,0.029,32.7,0.031,32.7,0.029,32.7,0.028,32.7
968.0,0.025,32.7,0.025,32.7,0.025,32.7,0.026,32.7
968.5,0.024,32.7,0.024,32.7,0.024,32.7,0.026,32.7
969.0,0.023,32.7,0.023,32.7,0.022,32.7,0.024,32.7
969.5,0.024,32.7,0.024,32.7,0.024,32.7,0.024,32.7
970.0,0.025,32.7,0.024,32.7,0.026,32.7,0.025,32.7
970.5,0.027,32.7,0.026,32.7,0.031,32.7,0.026,32.7
971.0,0.030,32.7,0.028,32.7,0.030,32.7,0.030,32.7
971.5,0.032,32.7,0.032,32.7,0.033,32.7,0.030,32.7
972.0,0.034,32.6,0.034,32.6,0.033,32.6,0.034,32.6
972.5,0.030,32.6,0.032,32.6,0.031,32.7,0.031,32.6
973.0,0.028,32.6,0.030,32.6,0.028,32.7,0.027,32.6
973.5,0.028,32.6,0.029,32.6,0.027,32.6,0.026,32.6
974.0,0.030,32.6,0.032,32.6,0.029,32.7,0.031,32.6
974.5,0.034,32.6,0.034,32.6,0.033,32.6,0.034,32.6
975.0,0.034,32.6,0.035,32.6,0.034,32.5,0.035,32.6
975.5,0.036,32.6,0.036,32.5,0.037,32.6,0.036,32.6
976.0,0.035,32.5,0.035,32.5,0.034,32.6,0.037,32.5
976.5,0.032,32.5,0.032,32.5,0.034,32.5,0.034,32.5
977.0,0.031,32.5,0.031,32.5,0.031,32.5,0.031,32.5
977.5,0.026,32.5,0.026,32.5,0.029,32.5,0.028,32.5
978.0,0.019,32.5,0.019,32.5,0.019,32.5,0.021,32.5
978.5,0.020,32.5,0.021,32.5,0.018,32.5,0.020,32.5
979.0,0.031,32.5,0.028,32.5,0.029,32.5,0.033,32.6
979.5,0.034,32.5,0.032,32.5,0.034,32.5,0.036,32.5
980.0,0.033,32.5,0.034,32.5,0.035,32.5,0.034,32.5
980.5,0.031,32.5,0.029,32.6,0.032,32.5,0.031,32.5
981.0,0.029,32.5,0.028,32.5,0.031,32.5,0.031,32.5
981.5,0.030,32.5,0.030,32.5,0.030,32.4,0.029,32.5
982.0,0.030,32.5,0.030,32.5,0.031,32.5,0.030,32.5
982.5,0.031,32.5,0.030,32.5,0.032,32.5,0.030,32.5
983.0,0.030,32.5,0.029,32.5,0.029,32.5,0.034,32.5
983.5,0.026,32.5,0.026,32.5,0.027,32.5,0.031,32.5
984.0,0.026,32.5,0.026,32.5,0.027,32.5,0.026,32.5
984.5,0.023,32.5,0.023,32.5,0.024,32.5,0.024,32.5
985.0,0.025,32.5,0.026,32.5,0.025,32.5,0.025,32.5
985.5,0.023,32.5,0.026,32.5,0.024,32.5,0.025,32.5
986.0,0.022,32.5,0.022,32.5,0.020,32.5,0.023,32.5
986.5,0.022,32.5,0.022,32.5,0.022,32.5,0.022,32.5
987.0,0.021,32.5,0.020,32.5,0.022,32.5,0.021,32.5
987.5,0.019,32.5,0.018,32.5,0.018,32.5,0.017,32.5
988.0,0.017,32.5,0.017,32.5,0.015,32.5,0.017,32.6
988.5,0.018,32.5,0.019,32.5,0.018,32.5,0.019,32.5
989.0,0.022,32.6,0.022,32.6,0.020,32.6,0.021,32.6
989.5,0.024,32.6,0.024,32.6,0.020,32.6,0.025,32.6
990.0,0.026,32.6,0.025,32.6,0.023,32.6,0.026,32.6
990.5,0.026,32.5,0.025,32.5,0.025,32.5,0.025,32.5
991.0,0.029,32.5,0.028,32.5,0.031,32.5,0.029,32.5
991.5,0.030,32.5,0.030,32.5,0.032,32.5,0.030,32.5
992.0,0.029,32.5,0.028,32.5,0.030,32.5,0.028,32.5
992.5,0.028,32.5,0.028,32.5,0.028,32.5,0.029,32.5
993.0,0.024,32.5,0.025,32.5,0.026,32.5,0.024,32.5
993.5,0.023,32.5,0.024,32.5,0.023,32.5,0.024,32.5
994.0,0.021,32.5,0.021,32.5,0.020,32.5,0.022,32.4
994.5,0.020,32.5,0.022,32.5,0.019,32.5,0.020,32.5
995.0,0.020,32.5,0.024,32.5,0.019,32.6,0.019,32.5
995.5,0.018,32.5,0.018,32.5,0.018,32.5,0.018,32.5
996.0,0.018,32.5,0.018,32.5,0.018,32.5,0.017,32.5
996.5,0.015,32.5,0.016,32.5,0.015,32.5,0.016,32.5
997.0,0.012,32.6,0.013,32.6,0.014,32.6,0.011,32.5
997.5,0.011,32.6,0.011,32.6,0.013,32.6,0.012,32.6
998.0,0.010,32.6,0.011,32.6,0.011,32.6,0.010,32.6
998.5,0.009,32.6,0.010,32.6,0.007,32.6,0.010,32.6
999.0,0.007,32.6,0.006,32.6,0.008,32.6,0.007,32.6
999.5,0.008,32.6,0.008,32.6,0.008,32.6,0.008,32.6
1000.0,0.010,32.6,0.009,32.6,0.010,32.7,0.010,32.6
1000.5,0.011,32.7,0.010,32.7,0.011,32.7,0.012,32.7
1001.0,0.011,32.7,0.010,32.7,0.012,32.7,0.014,32.7
1001.5,0.011,32.7,0.010,32.7,0.013,32.7,0.011,32.7
1002.0,0.011,32.7,0.011,32.7,0.011,32.7,0.011,32.7
1002.5,0.009,32.7,0.010,32.7,0.008,32.7,0.012,32.7
1003.0,0.008,32.7,0.007,32.7,0.008,32.7,0.010,32.7
1003.5,0.006,32.7,0.006,32.7,0.006,32.7,0.006,32.7
1004.0,0.003,32.7,0.004,32.7,0.003,32.7,0.004,32.7
1004.5,0.002,32.7,0.003,32.7,0.001,32.7,0.004,32.7
1005.0,0.002,32.8,0.003,32.8,-0.001,32.7,0.003,32.7
1005.5,0.005,32.8,0.006,32.8,0.005,32.8,0.005,32.8
1006.0,0.006,32.8,0.006,32.8,0.006,32.8,0.006,32.8
1006.5,0.006,32.8,0.005,32.8,0.006,32.8,0.006,32.8
1007.0,0.006,32.8,0.005,32.8,0.008,32.8,0.007,32.8
1007.5,0.006,32.8,0.006,32.8,0.005,32.8,0.005,32.7
1008.0,0.007,32.8,0.008,32.8,0.007,32.8,0.009,32.8
1008.5,0.006,32.8,0.006,32.8,0.006,32.8,0.006,32.8
1009.0,0.006,32.8,0.006,32.8,0.006,32.8,0.005,32.8
1009.5,0.007,32.8,0.008,32.8,0.006,32.8,0.008,32.8
1010.0,0.005,32.8,0.005,32.8,0.005,32.8,0.005,32.8
1010.5,0.003,32.8,0.003,32.8,0.004,32.8,0.004,32.8
1011.0,0.000,32.8,0.002,32.9,-0.001,32.8,0.000,32.8
1011.5,0.001,32.9,0.002,32.9,0.001,32.9,0.000,32.9
1012.0,0.001,32.8,0.002,32.8,0.002,32.9,-0.001,32.9
1012.5,0.000,32.9,0.000,32.8,0.000,32.8,-0.001,32.9
1013.0,-0.000,32.9,-0.000,32.9,0.002,32.9,-0.002,32.9
1013.5,-0.005,32.9,-0.004,32.9,-0.001,32.9,-0.005,32.9
1014.0,-0.009,32.9,-0.009,32.9,-0.007,32.9,-0.009,32.9
1014.5,-0.022,32.9,-0.021,32.9,-0.019,32.9,-0.018,32.9
1015.0,-0.044,33.0,-0.043,33.0,-0.036,32.9,-0.036,32.9
1015.5,-0.078,33.0,-0.076,33.0,-0.064,33.0,-0.072,33.0
1016.0,-0.122,32.9,-0.122,33.0,-0.113,33.0,-0.092,33.0
1016.5,-0.146,32.9,-0.144,32.9,-0.145,32.9,-0.114,32.9
1017.0,-0.129,32.7,-0.129,32.7,-0.131,32.8,-0.132,32.8
1017.5,-0.089,32.7,-0.091,32.7,-0.092,32.7,-0.092,32.7
1018.0,-0.055,32.7,-0.058,32.7,-0.057,32.7,-0.055,32.7
1018.5,-0.039,32.7,-0.038,32.7,-0.039,32.7,-0.042,32.7
1019.0,-0.032,32.8,-0.033,32.7,-0.032,32.8,-0.033,32.7
1019.5,-0.028,32.8,-0.029,32.8,-0.029,32.8,-0.028,32.8
1020.0,-0.022,32.9,-0.022,32.9,-0.025,32.8,-0.023,32.9
1020.5,-0.020,32.9,-0.019,32.9,-0.020,32.9,-0.019,32.9
1021.0,-0.027,33.0,-0.027,33.0,-0.022,33.0,-0.027,33.0
1021.5,-0.034,33.0,-0.034,33.0,-0.033,33.0,-0.032,33.0
1022.0,-0.033,33.0,-0.033,33.0,-0.034,33.0,-0.032,33.0
1022.5,-0.026,33.0,-0.025,33.0,-0.026,33.0,-0.026,33.1
1023.0,-0.021,33.0,-0.022,33.0,-0.021,33.0,-0.022,33.1
1023.5,-0.029,33.1,-0.029,33.1,-0.026,33.0,-0.028,33.1
1024.0,-0.033,33.1,-0.033,33.1,-0.034,33.1,-0.031,33.1
1024.5,-0.026,33.1,-0.027,33.1,-0.029,33.1,-0.028,33.1
1025.0,-0.016,33.1,-0.017,33.1,-0.022,33.1,-0.017,33.1
1025.5,-0.015,33.2,-0.015,33.2,-0.014,33.1,-0.015,33.1
1026.0,-0.029,33.2,-0.027,33.2,-0.024,33.2,-0.028,33.2
1026.5,-0.042,33.2,-0.042,33.2,-0.041,33.2,-0.042,33.2
1027.0,-0.046,33.2,-0.046,33.2,-0.047,33.2,-0.047,33.2
1027.5,-0.036,33.2,-0.036,33.2,-0.040,33.2,-0.038,33.2
1028.0,-0.027,33.2,-0.028,33.2,-0.028,33.2,-0.029,33.2
1028.5,-0.032,33.2,-0.031,33.2,-0.030,33.2,-0.033,33.2
1029.0,-0.030,33.2,-0.031,33.2,-0.032,33.2,-0.030,33.2
1029.5,-0.020,33.2,-0.020,33.2,-0.026,33.2,-0.021,33.2
1030.0,-0.011,33.2,-0.011,33.2,-0.013,33.2,-0.012,33.3
1030.5,-0.010,33.3,-0.011,33.3,-0.013,33.2,-0.010,33.3
1031.0,-0.009,33.3,-0.010,33.3,-0.010,33.3,-0.009,33.3
1031.5,-0.004,33.3,-0.004,33.3,-0.007,33.3,-0.005,33.3
1032.0,0.002,33.3,0.003,33.3,0.001,33.3,-0.001,33.3
1032.5,0.005,33.3,0.006,33.3,0.005,33.3,0.004,33.3
1033.0,0.004,33.3,0.005,33.3,0.004,33.3,0.005,33.3
1033.5,0.007,33.3,0.007,33.3,0.004,33.3,0.007,33.3
1034.0,0.014,33.3,0.014,33.3,0.006,33.3,0.012,33.3
1034.5,0.023,33.3,0.024,33.2,0.021,33.3,0.020,33.2
1035.0,0.024,33.2,0.024,33.2,0.024,33.2,0.024,33.2
1035.5,0.022,33.2,0.023,33.2,0.022,33.1,0.025,33.2
1036.0,0.018,33.2,0.019,33.2,0.019,33.2,0.019,33.2
1036.5,0.017,33.1,0.016,33.1,0.018,33.1,0.016,33.1
1037.0,0.020,33.1,0.021,33.1,0.020,33.1,0.020,33.1
1037.5,0.021,33.1,0.022,33.1,0.021,33.1,0.023,33.1
1038.0,0.022,33.1,0.023,33.1,0.023,33.1,0.022,33.1
1038.5,0.024,33.1,0.024,33.1,0.025,33.0,0.024,33.0
1039.0,0.026,33.0,0.027,33.0,0.025,33.0,0.027,33.0
1039.5,0.026,33.0,0.026,33.0,0.025,33.0,0.026,33.0
1040.0,0.026,33.0,0.028,33.0,0.026,33.0,0.025,32.9
1040.5,0.029,32.9,0.030,33.0,0.030,32.9,0.028,33.0
1041.0,0.029,32.9,0.030,32.9,0.029,32.9,0.028,32.9
1041.5,0.029,32.9,0.029,32.9,0.028,33.0,0.030,32.9
1042.0,0.029,32.9,0.027,32.9,0.027,32.9,0.030,32.8
1042.5,0.028,32.9,0.028,32.9,0.028,32.9,0.027,32.9
1043.0,0.030,32.8,0.029,32.9,0.032,32.8,0.030,32.8
1043.5,0.028,32.8,0.029,32.8,0.030,32.8,0.028,32.8
1044.0,0.030,32.8,0.031,32.8,0.029,32.8,0.029,32.8
1044.5,0.030,32.8,0.031,32.8,0.030,32.8,0.030,32.8
1045.0,0.025,32.8,0.027,32.8,0.026,32.8,0.026,32.8
1045.5,0.022,32.8,0.022,32.7,0.023,32.8,0.022,32.8
1046.0,0.021,32.8,0.021,32.8,0.022,32.7,0.019,32.8
1046.5,0.027,32.8,0.027,32.8,0.025,32.8,0.028,32.8
1047.0,0.028,32.8,0.029,32.8,0.029,32.8,0.030,32.7
1047.5,0.027,32.8,0.028,32.8,0.026,32.8,0.027,32.8
1048.0,0.029,32.8,0.029,32.8,0.027,32.7,0.030,32.8
1048.5,0.030,32.7,0.029,32.7,0.030,32.7,0.027,32.7
1049.0,0.033,32.7,0.032,32.7,0.031,32.7,0.030,32.7
1049.5,0.032,32.7,0.033,32.7,0.032,32.7,0.032,32.7
1050.0,0.033,32.7,0.033,32.7,0.033,32.6,0.034,32.7
1050.5,0.033,32.7,0.035,32.7,0.033,32.6,0.032,32.7
1051.0,0.031,32.7,0.034,32.7,0.031,32.6,0.030,32.7
1051.5,0.031,32.6,0.032,32.6,0.032,32.7,0.033,32.6
1052.0,0.030,32.6,0.031,32.6,0.031,32.6,0.029,32.6
1052.5,0.035,32.6,0.035,32.6,0.033,32.6,0.036,32.6
1053.0,0.034,32.6,0.037,32.6,0.033,32.6,0.037,32.6
1053.5,0.032,32.6,0.032,32.6,0.033,32.6,0.030,32.6
1054.0,0.030,32.6,0.030,32.6,0.031,32.6,0.029,32.6
1054.5,0.027,32.6,0.027,32.6,0.028,32.6,0.027,32.6
1055.0,0.025,32.6,0.025,32.6,0.026,32.5,0.025,32.5
1055.5,0.020,32.6,0.019,32.6,0.021,32.5,0.020,32.6
1056.0,0.021,32.6,0.019,32.6,0.021,32.6,0.022,32.6
1056.5,0.023,32.6,0.021,32.6,0.023,32.6,0.022,32.6
1057.0,0.026,32.6,0.025,32.6,0.027,32.6,0.025,32.6
1057.5,0.029,32.6,0.029,32.6,0.031,32.6,0.031,32.6
1058.0,0.029,32.6,0.029,32.6,0.027,32.6,0.029,32.6
1058.5,0.030,32.6,0.031,32.6,0.031,32.6,0.029,32.6
1059.0,0.029,32.6,0.031,32.6,0.029,32.6,0.029,32.6
1059.5,0.031,32.6,0.031,32.6,0.031,32.6,0.028,32.6
1060.0,0.032,32.6,0.032,32.6,0.030,32.6,0.030,32.6
1060.5,0.030,32.6,0.029,32.6,0.029,32.6,0.032,32.6
1061.0,0.029,32.5,0.028,32.5,0.029,32.5,0.030,32.5
1061.5,0.029,32.5,0.030,32.5,0.028,32.5,0.028,32.5
1062.0,0.030,32.5,0.031,32.5,0.032,32.5,0.028,32.6
1062.5,0.031,32.6,0.032,32.5,0.030,32.6,0.032,32.5
1063.0,0.028,32.5,0.028,32.5,0.027,32.5,0.030,32.6
1063.5,0.028,32.5,0.028,32.5,0.026,32.5,0.027,32.5
1064.0,0.027,32.5,0.027,32.5,0.025,32.4,0.027,32.5
1064.5,0.028,32.5,0.027,32.5,0.028,32.5,0.027,32.5
1065.0,0.025,32.5,0.025,32.6,0.024,32.5,0.025,32.5
1065.5,0.024,32.5,0.024,32.5,0.024,32.5,0.023,32.5
1066.0,0.026,32.6,0.026,32.6,0.027,32.5,0.027,32.5
1066.5,0.026,32.5,0.026,32.5,0.028,32.5,0.026,32.5
1067.0,0.029,32.6,0.032,32.5,0.031,32.6,0.029,32.5
1067.5,0.029,32.5,0.030,32.5,0.030,32.6,0.028,32.5
1068.0,0.028,32.5,0.029,32.5,0.030,32.5,0.028,32.5
1068.5,0.029,32.5,0.029,32.5,0.028,32.5,0.030,32.5
1069.0,0.025,32.5,0.026,32.5,0.026,32.5,0.029,32.5
1069.5,0.025,32.5,0.027,32.5,0.026,32.6,0.026,32.5
1070.0,0.024,32.5,0.025,32.5,0.024,32.5,0.026,32.5
1070.5,0.023,32.5,0.022,32.5,0.022,32.5,0.025,32.5
1071.0,0.020,32.5,0.020,32.5,0.023,32.5,0.021,32.5
1071.5,0.017,32.5,0.017,32.6,0.022,32.5,0.018,32.6
1072.0,0.013,32.5,0.012,32.5,0.015,32.5,0.014,32.5
1072.5,0.011,32.6,0.011,32.5,0.013,32.6,0.010,32.6
1073.0,0.013,32.6,0.013,32.6,0.011,32.6,0.013,32.6
1073.5,0.012,32.6,0.013,32.6,0.013,32.6,0.012,32.6
1074.0,0.014,32.6,0.014,32.7,0.012,32.6,0.013,32.6
1074.5,0.016,32.6,0.017,32.7,0.017,32.7,0.016,32.6
1075.0,0.016,32.7,0.017,32.6,0.017,32.7,0.015,32.6
1075.5,0.018,32.7,0.018,32.7,0.017,32.7,0.019,32.7
1076.0,0.016,32.6,0.017,32.6,0.016,32.6,0.015,32.6
1076.5,0.017,32.6,0.017,32.6,0.015,32.7,0.017,32.7
1077.0,0.018,32.7,0.020,32.7,0.018,32.7,0.018,32.6
1077.5,0.018,32.7,0.019,32.7,0.018,32.7,0.017,32.6
1078.0,0.019,32.7,0.019,32.7,0.021,32.7,0.019,32.7
1078.5,0.019,32.7,0.018,32.6,0.018,32.7,0.019,32.6
1079.0,0.019,32.7,0.020,32.7,0.016,32.7,0.021,32.6
1079.5,0.018,32.7,0.018,32.7,0.019,32.7,0.020,32.6
1080.0,0.018,32.7,0.017,32.7,0.017,32.7,0.019,32.7
1080.5,0.017,32.7,0.015,32.7,0.017,32.6,0.016,32.7
1081.0,0.013,32.7,0.012,32.7,0.012,32.7,0.014,32.7
1081.5,0.011,32.7,0.012,32.7,0.012,32.7,0.011,32.7
1082.0,0.007,32.7,0.007,32.7,0.012,32.7,0.009,32.7
1082.5,0.006,32.7,0.006,32.7,0.010,32.7,0.007,32.7
1083.0,0.008,32.7,0.010,32.7,0.006,32.7,0.010,32.7
1083.5,0.009,32.7,0.012,32.7,0.007,32.8,0.009,32.7
1084.0,0.009,32.7,0.008,32.7,0.010,32.8,0.008,32.7
1084.5,0.008,32.8,0.008,32.8,0.007,32.8,0.009,32.8
1085.0,0.011,32.8,0.011,32.8,0.008,32.8,0.011,32.7
1085.5,0.011,32.8,0.012,32.8,0.012,32.8,0.010,32.8
1086.0,0.009,32.8,0.009,32.8,0.012,32.8,0.009,32.8
1086.5,0.007,32.8,0.007,32.8,0.011,32.8,0.007,32.8
1087.0,0.006,32.8,0.007,32.8,0.007,32.8,0.005,32.8
1087.5,0.006,32.8,0.007,32.8,0.006,32.8,0.006,32.8
1088.0,0.006,32.8,0.004,32.8,0.006,32.8,0.004,32.8
1088.5,0.005,32.8,0.004,32.8,0.005,32.8,0.006,32.8
1089.0,0.004,32.8,0.003,32.9,0.004,32.8,0.004,32.8
1089.5,0.004,32.9,0.002,32.9,0.004,32.8,0.004,32.9
1090.0,0.004,32.9,0.004,32.9,0.004,32.9,0.004,32.9
1090.5,0.000,32.9,0.001,32.9,0.002,32.9,0.000,32.9
1091.0,-0.002,32.9,-0.001,32.9,0.000,32.9,-0.002,32.9
1091.5,-0.004,32.9,-0.003,32.9,-0.004,32.9,-0.003,32.9
1092.0,-0.004,32.9,-0.003,32.9,-0.003,32.9,-0.003,32.9
1092.5,-0.005,33.0,-0.004,33.0,-0.004,32.9,-0.002,32.9
1093.0,-0.012,33.0,-0.012,33.0,-0.008,33.0,-0.008,32.9
1093.5,-0.022,33.0,-0.022,33.0,-0.019,33.0,-0.020,33.0
1094.0,-0.048,33.0,-0.048,33.0,-0.046,33.0,-0.046,33.0
1094.5,-0.079,33.0,-0.075,33.0,-0.075,33.0,-0.077,33.0
1095.0,-0.109,33.0,-0.105,33.0,-0.104,33.1,-0.108,33.0
1095.5,-0.119,33.0,-0.118,33.0,-0.116,33.0,-0.115,33.0
1096.0,-0.120,32.9,-0.121,32.9,-0.120,32.9,-0.120,32.9
1096.5,-0.106,32.8,-0.108,32.8,-0.107,32.8,-0.111,32.9
1097.0,-0.081,32.8,-0.082,32.8,-0.084,32.8,-0.086,32.8
1097.5,-0.054,32.8,-0.055,32.8,-0.057,32.8,-0.064,32.8
1098.0,-0.033,32.8,-0.033,32.9,-0.036,32.8,-0.035,32.8
1098.5,-0.024,32.9,-0.026,32.9,-0.026,32.9,-0.025,32.9
1099.0,-0.025,32.9,-0.026,32.9,-0.024,32.9,-0.025,33.0
1099.5,-0.025,33.0,-0.024,33.0,-0.026,33.0,-0.025,33.0
1100.0,-0.020,33.0,-0.019,33.0,-0.022,33.0,-0.022,33.0
1100.5,-0.018,33.1,-0.017,33.1,-0.020,33.0,-0.016,33.1
1101.0,-0.018,33.1,-0.018,33.1,-0.019,33.1,-0.015,33.1
1101.5,-0.014,33.1,-0.014,33.1,-0.014,33.1,-0.012,33.1
1102.0,-0.016,33.1,-0.015,33.1,-0.015,33.2,-0.013,33.1
1102.5,-0.019,33.2,-0.019,33.2,-0.018,33.2,-0.018,33.2
1103.0,-0.029,33.2,-0.029,33.2,-0.027,33.2,-0.027,33.2
1103.5,-0.038,33.2,-0.037,33.2,-0.035,33.2,-0.038,33.2
1104.0,-0.039,33.2,-0.039,33.3,-0.038,33.2,-0.040,33.2
1104.5,-0.030,33.3,-0.032,33.2,-0.031,33.2,-0.036,33.3
1105.0,-0.021,33.3,-0.022,33.2,-0.022,33.3,-0.021,33.3
1105.5,-0.022,33.3,-0.022,33.3,-0.021,33.3,-0.022,33.3
1106.0,-0.028,33.3,-0.027,33.3,-0.028,33.3,-0.026,33.3
1106.5,-0.032,33.3,-0.032,33.3,-0.033,33.3,-0.032,33.3
1107.0,-0.027,33.3,-0.027,33.3,-0.027,33.3,-0.030,33.3
1107.5,-0.022,33.3,-0.023,33.3,-0.022,33.3,-0.026,33.3
1108.0,-0.025,33.3,-0.023,33.3,-0.026,33.3,-0.023,33.3
1108.5,-0.023,33.3,-0.023,33.4,-0.024,33.4,-0.023,33.3
1109.0,-0.019,33.4,-0.018,33.4,-0.020,33.3,-0.020,33.4
1109.5,-0.017,33.4,-0.016,33.4,-0.017,33.4,-0.017,33.4
1110.0,-0.018,33.4,-0.017,33.4,-0.017,33.4,-0.015,33.4
1110.5,-0.020,33.4,-0.020,33.4,-0.019,33.4,-0.019,33.4
1111.0,-0.018,33.4,-0.017,33.4,-0.018,33.4,-0.019,33.4
1111.5,-0.012,33.4,-0.011,33.4,-0.012,33.4,-0.011,33.4
1112.0,-0.003,33.4,-0.003,33.4,-0.006,33.4,-0.004,33.4
