time_s,s1_flow_ml_min,s1_temp_c,s2_flow_ml_min,s2_temp_c,s3_flow_ml_min,s3_temp_c,s4_flow_ml_min,s4_temp_c
0,0.057,28.5,0.052,28.5,0.051,28.5,0.058,28.5
0.5,0.052,28.5,0.054,28.5,0.043,28.5,0.05,28.5
1,0.053,28.5,0.055,28.5,0.054,28.5,0.051,28.5
1.5,0.049,28.5,0.046,28.5,0.048,28.5,0.053,28.4
2,0.051,28.5,0.05,28.4,0.047,28.5,0.053,28.5
2.5,0.051,28.5,0.059,28.5,0.051,28.5,0.05,28.5
3,0.055,28.5,0.056,28.5,0.052,28.5,0.056,28.5
3.5,0.054,28.5,0.053,28.5,0.053,28.4,0.06,28.5
4,0.05,28.5,0.048,28.5,0.06,28.5,0.049,28.5
4.5,0.049,28.5,0.053,28.5,0.047,28.5,0.047,28.5
5,0.044,28.5,0.043,28.5,0.046,28.5,0.044,28.5
5.5,0.041,28.5,0.045,28.5,0.042,28.5,0.037,28.5
6,0.043,28.5,0.043,28.5,0.041,28.5,0.042,28.5
6.5,0.04,28.5,0.038,28.5,0.04,28.5,0.042,28.6
7,0.044,28.5,0.043,28.5,0.042,28.6,0.042,28.6
7.5,0.045,28.5,0.048,28.6,0.04,28.5,0.046,28.6
8,0.049,28.6,0.047,28.5,0.053,28.5,0.046,28.6
8.5,0.048,28.6,0.053,28.6,0.052,28.6,0.046,28.6
9,0.047,28.6,0.048,28.6,0.046,28.6,0.047,28.6
9.5,0.048,28.5,0.054,28.5,0.041,28.5,0.05,28.6
10,0.044,28.6,0.043,28.6,0.043,28.5,0.042,28.5
10.5,0.047,28.5,0.051,28.5,0.044,28.5,0.045,28.5
11,0.042,28.5,0.041,28.5,0.043,28.5,0.04,28.6
11.5,0.042,28.6,0.046,28.6,0.042,28.6,0.039,28.6
12,0.039,28.6,0.042,28.6,0.041,28.6,0.038,28.6
12.5,0.033,28.6,0.034,28.6,0.032,28.6,0.035,28.5
13,0.037,28.6,0.038,28.6,0.032,28.6,0.034,28.5
13.5,0.038,28.6,0.039,28.6,0.031,28.6,0.039,28.6
14,0.04,28.6,0.038,28.6,0.041,28.6,0.04,28.6
14.5,0.038,28.6,0.042,28.6,0.041,28.6,0.036,28.6
15,0.034,28.6,0.037,28.6,0.036,28.6,0.034,28.6
15.5,0.035,28.6,0.032,28.6,0.034,28.7,0.034,28.6
16,0.03,28.7,0.03,28.7,0.031,28.7,0.031,28.7
16.5,0.032,28.7,0.033,28.7,0.03,28.7,0.03,28.7
17,0.034,28.7,0.034,28.6,0.031,28.7,0.034,28.7
17.5,0.038,28.7,0.039,28.6,0.041,28.7,0.036,28.7
18,0.037,28.6,0.04,28.6,0.044,28.7,0.036,28.7
18.5,0.037,28.7,0.043,28.6,0.035,28.7,0.034,28.7
19,0.036,28.7,0.037,28.7,0.036,28.7,0.036,28.7
19.5,0.035,28.7,0.04,28.7,0.032,28.6,0.035,28.7
20,0.038,28.7,0.037,28.7,0.04,28.7,0.037,28.7
20.5,0.035,28.7,0.034,28.7,0.037,28.7,0.036,28.7
21,0.032,28.7,0.032,28.7,0.032,28.7,0.036,28.7
21.5,0.029,28.7,0.027,28.7,0.032,28.6,0.032,28.7
22,0.021,28.7,0.023,28.7,0.028,28.7,0.021,28.7
22.5,0.022,28.7,0.022,28.7,0.021,28.7,0.02,28.8
23,0.024,28.7,0.024,28.7,0.029,28.7,0.02,28.8
23.5,0.03,28.8,0.03,28.7,0.031,28.7,0.028,28.7
24,0.031,28.8,0.031,28.8,0.029,28.8,0.025,28.8
24.5,0.029,28.8,0.026,28.8,0.028,28.8,0.027,28.8
25,0.029,28.8,0.033,28.8,0.029,28.8,0.032,28.8
25.5,0.03,28.8,0.028,28.8,0.037,28.8,0.03,28.8
26,0.03,28.8,0.027,28.8,0.04,28.8,0.031,28.8
26.5,0.028,28.8,0.028,28.8,0.028,28.8,0.027,28.8
27,0.025,28.8,0.027,28.8,0.024,28.8,0.028,28.8
27.5,0.028,28.8,0.032,28.8,0.027,28.8,0.03,28.8
28,0.027,28.8,0.028,28.8,0.024,28.8,0.031,28.8
28.5,0.026,28.9,0.025,28.9,0.025,28.8,0.025,28.8
29,0.025,28.8,0.026,28.8,0.024,28.8,0.022,28.8
29.5,0.026,28.8,0.026,28.9,0.023,28.8,0.026,28.9
30,0.026,28.9,0.026,28.8,0.027,28.8,0.027,28.9
30.5,0.022,28.8,0.026,28.8,0.023,28.8,0.02,28.9
31,0.023,28.8,0.022,28.8,0.026,28.8,0.022,28.9
31.5,0.02,28.9,0.021,28.9,0.023,28.9,0.021,28.9
32,0.023,28.9,0.021,28.9,0.025,28.9,0.023,28.9
32.5,0.024,28.9,0.025,28.9,0.022,28.9,0.027,28.9
33,0.022,28.9,0.023,28.9,0.025,28.9,0.022,28.9
33.5,0.022,28.9,0.021,28.9,0.022,28.9,0.022,28.9
34,0.021,28.9,0.021,28.9,0.019,28.9,0.025,28.9
34.5,0.02,28.9,0.021,28.9,0.019,28.9,0.02,28.9
35,0.016,28.9,0.016,29,0.017,28.9,0.015,28.9
35.5,0.009,28.9,0.009,28.9,0.012,28.9,0.009,28.9
36,-0.016,29,-0.016,29,-0.006,28.9,-0.009,29
36.5,-0.063,29,-0.063,29,-0.059,29,-0.051,28.9
37,-0.116,29,-0.108,29,-0.117,29,-0.099,29
37.5,-0.118,28.9,-0.12,28.9,-0.118,28.9,-0.123,28.9
38,-0.066,28.8,-0.069,28.9,-0.098,28.8,-0.073,28.9
38.5,-0.019,28.8,-0.02,28.8,-0.025,28.8,-0.035,28.8
39,-0.007,28.9,-0.007,28.9,-0.01,28.8,-0.006,28.9
39.5,-0.005,28.9,-0.006,28.9,-0.006,28.9,-0.005,28.9
40,-0.001,28.9,-0.002,28.9,-0.002,28.9,-0.005,28.9
40.5,0.004,29,0.002,29,0.003,28.9,0.002,29
41,0.006,29,0.008,29,0.005,28.9,0.006,29
41.5,0.005,29,0.005,29,0.007,29,0.002,29
42,0.001,29,0.002,29,0.004,29,0.001,29
42.5,-0.007,29,-0.005,29.1,-0.004,29,-0.004,29
43,0,29.1,0.001,29.1,-0.005,29.1,0,29.1
43.5,-0.001,29.1,-0.001,29.1,0,29.1,-0.001,29.1
44,-0.009,29.1,-0.009,29.1,-0.001,29.1,-0.008,29.1
44.5,-0.017,29.1,-0.017,29.1,-0.015,29.1,-0.017,29.1
45,-0.014,29.1,-0.016,29.1,-0.015,29.1,-0.014,29.1
45.5,-0.005,29.1,-0.005,29.2,-0.006,29.1,-0.01,29.1
46,-0.002,29.2,-0.002,29.2,0.004,29.2,-0.001,29.1
46.5,-0.008,29.2,-0.008,29.2,-0.004,29.2,-0.002,29.1
47,-0.005,29.2,-0.005,29.2,-0.005,29.2,-0.005,29.1
47.5,-0.009,29.2,-0.009,29.2,-0.009,29.2,-0.008,29.2
48,-0.012,29.2,-0.013,29.2,-0.012,29.2,-0.012,29.2
48.5,-0.014,29.2,-0.015,29.2,-0.011,29.3,-0.013,29.2
49,-0.024,29.2,-0.024,29.2,-0.021,29.2,-0.024,29.2
49.5,-0.023,29.2,-0.023,29.2,-0.022,29.2,-0.02,29.2
50,-0.02,29.2,-0.021,29.2,-0.02,29.2,-0.018,29.2
50.5,-0.008,29.2,-0.009,29.2,-0.012,29.2,-0.01,29.2
51,-0.001,29.2,0,29.2,-0.001,29.3,-0.002,29.2
51.5,-0.006,29.2,-0.006,29.3,-0.008,29.2,-0.002,29.2
52,0,29.2,0.002,29.2,0,29.2,0,29.3
52.5,0,29.3,0.001,29.3,0,29.3,0,29.3
53,0.004,29.3,0.005,29.3,0.002,29.3,0.004,29.3
53.5,0.001,29.3,0.002,29.3,0,29.3,0.002,29.3
54,-0.003,29.3,-0.002,29.3,-0.002,29.3,-0.002,29.3
54.5,0.002,29.3,0.001,29.3,0.001,29.3,-0.004,29.2
55,0.016,29.3,0.014,29.3,0.015,29.3,0.013,29.3
55.5,0.022,29.3,0.022,29.3,0.021,29.3,0.02,29.3
56,0.026,29.3,0.026,29.3,0.025,29.3,0.025,29.3
56.5,0.03,29.3,0.03,29.3,0.03,29.3,0.03,29.3
57,0.034,29.3,0.033,29.3,0.031,29.3,0.033,29.3
57.5,0.038,29.3,0.036,29.3,0.035,29.3,0.041,29.3
58,0.038,29.3,0.037,29.3,0.044,29.3,0.038,29.3
58.5,0.04,29.3,0.043,29.3,0.042,29.3,0.039,29.2
59,0.044,29.2,0.047,29.2,0.04,29.2,0.043,29.2
59.5,0.042,29.2,0.043,29.2,0.04,29.2,0.041,29.2
60,0.042,29.2,0.043,29.2,0.043,29.2,0.043,29.2
60.5,0.042,29.2,0.041,29.2,0.042,29.1,0.043,29.2
61,0.043,29.2,0.047,29.2,0.05,29.1,0.042,29.1
61.5,0.045,29.2,0.046,29.2,0.051,29.1,0.042,29.2
62,0.05,29.1,0.05,29.1,0.052,29.1,0.045,29.1
62.5,0.051,29.1,0.052,29.1,0.06,29.1,0.05,29.1
63,0.043,29.1,0.042,29.1,0.045,29.1,0.047,29.1
63.5,0.043,29.1,0.048,29.1,0.04,29.1,0.043,29.1
64,0.041,29.1,0.041,29.1,0.045,29.1,0.045,29.1
64.5,0.042,29.1,0.04,29.1,0.041,29,0.045,29.1
65,0.04,29.1,0.041,29.1,0.044,29.1,0.042,29.1
65.5,0.038,29.1,0.037,29.1,0.038,29.1,0.041,29.1
66,0.041,29.1,0.04,29.1,0.038,29.1,0.04,29.1
66.5,0.044,29.1,0.044,29.1,0.045,29.1,0.042,29
67,0.048,29.1,0.045,29,0.044,29.1,0.05,29
67.5,0.047,29.1,0.048,29.1,0.046,29.1,0.045,29.1
68,0.051,29,0.052,29,0.045,29,0.045,29.1
68.5,0.051,29,0.051,29,0.048,29,0.047,29
69,0.045,29,0.047,29,0.044,29.1,0.044,29
69.5,0.048,29,0.045,29,0.046,29,0.044,29
70,0.047,29,0.053,29,0.045,29,0.045,29
70.5,0.049,29,0.051,29,0.049,29,0.046,29
71,0.053,29,0.053,29,0.05,29,0.052,29
71.5,0.049,29,0.055,29,0.045,29,0.052,29
72,0.049,29,0.047,29,0.052,29,0.052,29
72.5,0.044,29,0.046,29,0.049,29,0.042,29
73,0.04,29,0.04,29,0.039,29,0.04,29
73.5,0.04,29,0.043,29,0.043,29,0.041,29
74,0.042,29,0.046,29,0.041,29,0.04,29
74.5,0.044,29,0.044,29,0.044,29,0.045,29
75,0.041,29,0.043,29,0.039,29,0.041,29
75.5,0.041,29,0.039,29,0.036,29,0.038,29
76,0.045,29,0.05,29,0.047,29,0.041,29
76.5,0.049,29,0.049,29,0.053,29,0.048,29
77,0.051,29,0.051,29,0.058,29,0.054,29
77.5,0.048,29,0.049,29,0.047,29,0.049,29
78,0.049,29,0.047,29,0.053,29,0.05,29
78.5,0.045,29,0.052,29,0.051,29,0.042,29
79,0.044,29,0.045,29,0.056,29,0.047,29
79.5,0.047,29,0.051,29,0.053,29,0.05,29
80,0.049,29,0.052,29,0.055,28.9,0.047,29
80.5,0.05,29,0.047,29,0.054,28.9,0.053,29
81,0.046,29,0.053,29,0.045,29,0.044,29
81.5,0.046,29,0.045,29,0.048,29,0.052,29
82,0.044,29,0.044,29,0.048,29,0.044,29
82.5,0.041,29,0.041,29,0.041,29,0.039,29
83,0.032,29,0.033,29,0.032,28.9,0.034,29
83.5,0.034,29,0.033,29,0.033,29,0.033,29
84,0.034,29,0.033,29,0.032,29,0.04,29
84.5,0.039,29,0.04,29,0.034,29,0.039,29
85,0.046,29,0.044,29,0.042,29,0.047,29
85.5,0.047,29,0.046,29,0.045,29,0.06,29
86,0.045,29,0.044,29,0.045,29,0.042,29
86.5,0.048,29,0.044,29,0.048,29,0.046,29
87,0.045,29,0.043,29,0.045,29,0.046,29
87.5,0.047,29,0.046,29,0.042,29,0.052,29
88,0.045,29,0.044,29,0.045,29,0.049,29
88.5,0.043,29,0.043,29,0.042,29,0.051,29
89,0.042,29,0.041,29,0.041,29,0.041,29
89.5,0.039,29,0.037,29,0.05,29,0.037,29
90,0.04,29,0.039,29,0.038,29,0.052,29
90.5,0.036,29,0.036,29,0.033,29.1,0.046,29
91,0.039,29,0.04,29,0.034,29.1,0.042,29
91.5,0.039,29,0.038,29,0.041,29,0.042,29
92,0.034,29,0.035,29,0.045,29,0.035,29
92.5,0.039,29,0.038,29,0.036,29,0.049,29.1
93,0.04,29,0.038,29,0.04,29,0.044,29
93.5,0.036,29,0.036,29,0.034,29,0.042,29.1
94,0.039,29,0.041,29,0.037,29,0.039,29
94.5,0.037,29,0.038,29,0.036,29,0.043,29.1
95,0.038,29.1,0.04,29.1,0.037,29.1,0.041,29
95.5,0.035,29.1,0.037,29,0.039,29,0.035,29.1
96,0.036,29,0.036,29.1,0.038,29,0.039,29
96.5,0.037,29.1,0.033,29,0.036,29.1,0.039,29.1
97,0.036,29,0.035,29,0.03,29.1,0.036,29.1
97.5,0.035,29.1,0.036,29,0.036,29.1,0.037,29
98,0.033,29.1,0.032,29.1,0.033,29.1,0.032,29
98.5,0.034,29.1,0.034,29.1,0.034,29.1,0.034,29
99,0.028,29.1,0.028,29.1,0.028,29.1,0.033,29.1
99.5,0.025,29.1,0.025,29.1,0.024,29.1,0.029,29.1
100,0.026,29.1,0.024,29.1,0.026,29.1,0.027,29.1
100.5,0.027,29.1,0.026,29.1,0.026,29.1,0.026,29.1
101,0.029,29.1,0.027,29.1,0.028,29.1,0.029,29.1
101.5,0.025,29.1,0.028,29.1,0.026,29.1,0.024,29.1
102,0.026,29.1,0.025,29.1,0.029,29.1,0.027,29.1
102.5,0.027,29.1,0.026,29.1,0.028,29.2,0.026,29.1
103,0.028,29.2,0.028,29.1,0.033,29.2,0.026,29.1
103.5,0.026,29.1,0.025,29.1,0.027,29.2,0.028,29.1
104,0.024,29.2,0.025,29.2,0.023,29.2,0.023,29.1
104.5,0.026,29.2,0.025,29.2,0.03,29.2,0.025,29.2
105,0.025,29.2,0.029,29.2,0.025,29.2,0.026,29.1
105.5,0.025,29.2,0.024,29.2,0.023,29.2,0.026,29.2
106,0.024,29.2,0.024,29.2,0.024,29.2,0.023,29.2
106.5,0.024,29.2,0.023,29.2,0.024,29.2,0.023,29.2
107,0.026,29.2,0.025,29.2,0.028,29.2,0.025,29.2
107.5,0.023,29.2,0.024,29.2,0.024,29.2,0.026,29.2
108,0.023,29.2,0.023,29.2,0.021,29.3,0.025,29.2
108.5,0.024,29.2,0.024,29.2,0.021,29.2,0.025,29.2
109,0.021,29.2,0.02,29.2,0.019,29.2,0.02,29.2
109.5,0.019,29.2,0.019,29.2,0.02,29.2,0.017,29.3
110,0.02,29.3,0.018,29.3,0.021,29.3,0.02,29.2
110.5,0.022,29.3,0.021,29.3,0.023,29.3,0.021,29.3
111,0.02,29.3,0.02,29.3,0.023,29.3,0.022,29.3
111.5,0.022,29.3,0.025,29.3,0.022,29.3,0.022,29.3
112,0.023,29.3,0.024,29.3,0.023,29.2,0.022,29.3
112.5,0.025,29.3,0.026,29.3,0.024,29.3,0.027,29.3
113,0.026,29.3,0.029,29.3,0.025,29.3,0.03,29.3
113.5,0.022,29.3,0.021,29.3,0.023,29.3,0.021,29.3
114,0.021,29.3,0.021,29.3,0.02,29.3,0.02,29.3
114.5,0.022,29.3,0.023,29.2,0.026,29.3,0.022,29.3
115,0.022,29.3,0.022,29.3,0.023,29.3,0.021,29.3
115.5,0.019,29.3,0.018,29.3,0.019,29.3,0.024,29.3
116,0.003,29.3,0.004,29.3,0.006,29.3,0.005,29.3
116.5,-0.051,29.3,-0.043,29.3,-0.044,29.4,-0.027,29.3
117,-0.112,29.3,-0.105,29.3,-0.105,29.3,-0.072,29.3
117.5,-0.12,29.3,-0.122,29.3,-0.122,29.3,-0.121,29.3
118,-0.069,29.2,-0.074,29.2,-0.073,29.2,-0.074,29.2
118.5,-0.025,29.2,-0.024,29.2,-0.032,29.2,-0.028,29.2
119,-0.013,29.2,-0.011,29.2,-0.01,29.3,-0.013,29.2
119.5,-0.012,29.3,-0.011,29.2,-0.008,29.3,-0.011,29.3
120,0.005,29.3,0.005,29.3,0.005,29.3,0.003,29.3
120.5,0.01,29.3,0.01,29.3,0.009,29.3,0.01,29.3
121,0.005,29.4,0.005,29.4,0.007,29.3,0.005,29.3
121.5,-0.009,29.4,-0.005,29.4,-0.008,29.4,-0.003,29.4
122,-0.023,29.4,-0.024,29.4,-0.022,29.4,-0.016,29.4
122.5,-0.02,29.4,-0.019,29.4,-0.02,29.4,-0.019,29.4
123,-0.001,29.4,-0.003,29.5,-0.006,29.5,0,29.5
123.5,-0.002,29.5,-0.002,29.4,0.002,29.4,0,29.4
124,-0.006,29.5,-0.006,29.5,-0.002,29.5,-0.005,29.5
124.5,-0.007,29.5,-0.008,29.5,-0.007,29.5,-0.008,29.5
125,-0.014,29.5,-0.016,29.5,-0.01,29.5,-0.013,29.5
125.5,-0.018,29.5,-0.017,29.5,-0.017,29.5,-0.016,29.5
126,0.002,29.5,0.003,29.5,-0.001,29.5,-0.001,29.5
126.5,0.005,29.5,0.006,29.5,0.005,29.5,0.006,29.5
127,-0.003,29.5,-0.004,29.5,-0.003,29.5,-0.001,29.5
127.5,-0.009,29.5,-0.008,29.6,-0.008,29.5,-0.008,29.5
128,0.001,29.6,0.002,29.6,-0.001,29.5,-0.002,29.6
128.5,-0.001,29.6,0.001,29.6,-0.002,29.6,0.004,29.6
129,-0.003,29.6,-0.003,29.5,-0.002,29.6,-0.002,29.6
129.5,0.004,29.6,0.001,29.6,0.002,29.6,0.001,29.6
130,0.01,29.6,0.009,29.6,0.006,29.6,0.008,29.6
130.5,0,29.6,0.002,29.6,0.002,29.6,0.003,29.6
131,-0.013,29.6,-0.012,29.6,-0.014,29.6,-0.011,29.6
131.5,-0.019,29.6,-0.019,29.6,-0.019,29.6,-0.016,29.6
132,-0.023,29.6,-0.021,29.6,-0.023,29.6,-0.023,29.6
132.5,-0.017,29.6,-0.016,29.6,-0.018,29.6,-0.02,29.6
133,0.004,29.6,0.007,29.6,0.001,29.6,0.001,29.6
133.5,0.008,29.6,0.008,29.6,0.009,29.6,0.008,29.6
134,0.005,29.6,0.006,29.6,0.005,29.6,0.005,29.6
134.5,0.003,29.6,0.003,29.6,0.004,29.6,0.004,29.7
135,0.008,29.7,0.009,29.7,0.004,29.6,0.007,29.7
135.5,0.021,29.7,0.02,29.7,0.019,29.6,0.019,29.7
136,0.028,29.6,0.026,29.7,0.028,29.6,0.024,29.7
136.5,0.028,29.7,0.027,29.7,0.027,29.6,0.028,29.7
137,0.031,29.6,0.031,29.6,0.036,29.6,0.031,29.7
137.5,0.029,29.6,0.029,29.7,0.031,29.7,0.033,29.6
138,0.031,29.6,0.031,29.6,0.031,29.6,0.033,29.6
138.5,0.034,29.6,0.035,29.6,0.028,29.6,0.032,29.6
139,0.037,29.6,0.036,29.6,0.035,29.6,0.036,29.5
139.5,0.042,29.6,0.042,29.6,0.041,29.6,0.039,29.6
140,0.039,29.6,0.036,29.5,0.035,29.5,0.037,29.6
140.5,0.037,29.5,0.036,29.5,0.035,29.5,0.039,29.6
141,0.034,29.5,0.032,29.5,0.03,29.5,0.039,29.5
141.5,0.039,29.5,0.037,29.5,0.034,29.5,0.046,29.5
142,0.04,29.5,0.045,29.5,0.038,29.5,0.044,29.5
142.5,0.037,29.5,0.037,29.5,0.034,29.5,0.034,29.5
143,0.04,29.5,0.037,29.5,0.032,29.5,0.038,29.5
143.5,0.043,29.4,0.048,29.4,0.044,29.5,0.042,29.5
144,0.045,29.5,0.048,29.5,0.047,29.4,0.04,29.5
144.5,0.046,29.4,0.044,29.4,0.044,29.4,0.045,29.4
145,0.044,29.4,0.043,29.4,0.039,29.4,0.044,29.4
145.5,0.046,29.4,0.047,29.4,0.041,29.4,0.046,29.4
146,0.043,29.4,0.043,29.4,0.042,29.4,0.048,29.4
146.5,0.043,29.4,0.047,29.4,0.036,29.4,0.045,29.4
147,0.043,29.4,0.044,29.4,0.04,29.4,0.047,29.4
147.5,0.044,29.4,0.043,29.4,0.04,29.4,0.042,29.4
148,0.045,29.4,0.052,29.4,0.044,29.4,0.04,29.3
148.5,0.044,29.4,0.043,29.4,0.048,29.3,0.04,29.4
149,0.048,29.4,0.046,29.4,0.049,29.4,0.044,29.4
149.5,0.044,29.3,0.042,29.3,0.044,29.3,0.044,29.4
150,0.041,29.4,0.041,29.3,0.044,29.3,0.039,29.3
150.5,0.037,29.4,0.036,29.4,0.038,29.3,0.04,29.3
151,0.031,29.3,0.028,29.4,0.034,29.3,0.029,29.3
151.5,0.039,29.4,0.033,29.4,0.036,29.3,0.038,29.4
152,0.037,29.4,0.036,29.4,0.039,29.4,0.04,29.4
152.5,0.04,29.4,0.039,29.4,0.036,29.4,0.04,29.4
153,0.041,29.4,0.039,29.3,0.043,29.4,0.041,29.3
153.5,0.045,29.4,0.043,29.3,0.051,29.4,0.045,29.4
154,0.046,29.4,0.046,29.4,0.05,29.4,0.046,29.4
154.5,0.044,29.3,0.044,29.3,0.048,29.4,0.048,29.4
155,0.048,29.3,0.047,29.3,0.056,29.4,0.048,29.4
155.5,0.045,29.3,0.045,29.3,0.049,29.3,0.046,29.3
156,0.044,29.3,0.046,29.3,0.046,29.3,0.038,29.4
156.5,0.044,29.3,0.046,29.3,0.044,29.3,0.038,29.3
157,0.038,29.3,0.047,29.3,0.042,29.3,0.037,29.3
157.5,0.047,29.3,0.048,29.3,0.045,29.3,0.041,29.3
158,0.043,29.3,0.043,29.3,0.043,29.3,0.039,29.3
158.5,0.044,29.3,0.045,29.3,0.041,29.3,0.043,29.3
159,0.042,29.3,0.043,29.3,0.04,29.3,0.047,29.3
159.5,0.04,29.3,0.043,29.4,0.034,29.4,0.04,29.3
160,0.035,29.3,0.034,29.3,0.033,29.3,0.038,29.3
160.5,0.036,29.4,0.034,29.4,0.035,29.3,0.04,29.3
161,0.039,29.3,0.037,29.3,0.039,29.3,0.038,29.4
161.5,0.04,29.4,0.04,29.4,0.047,29.3,0.038,29.4
162,0.043,29.3,0.044,29.3,0.036,29.3,0.044,29.4
162.5,0.046,29.3,0.046,29.3,0.049,29.3,0.045,29.4
163,0.045,29.3,0.043,29.3,0.056,29.3,0.043,29.3
163.5,0.048,29.3,0.053,29.3,0.045,29.3,0.044,29.3
164,0.044,29.3,0.042,29.3,0.04,29.3,0.042,29.3
164.5,0.046,29.3,0.046,29.3,0.044,29.3,0.042,29.3
165,0.047,29.3,0.045,29.3,0.044,29.3,0.048,29.3
165.5,0.041,29.3,0.04,29.3,0.037,29.3,0.055,29.3
166,0.045,29.3,0.044,29.3,0.048,29.3,0.043,29.3
166.5,0.042,29.3,0.041,29.3,0.046,29.3,0.042,29.3
167,0.043,29.3,0.042,29.3,0.044,29.3,0.047,29.3
167.5,0.039,29.3,0.038,29.3,0.041,29.3,0.043,29.3
168,0.034,29.3,0.035,29.3,0.042,29.3,0.033,29.3
168.5,0.037,29.3,0.037,29.3,0.042,29.3,0.038,29.3
169,0.035,29.3,0.04,29.4,0.035,29.3,0.034,29.3
169.5,0.034,29.3,0.033,29.4,0.035,29.3,0.033,29.3
170,0.03,29.3,0.029,29.3,0.03,29.3,0.029,29.3
170.5,0.03,29.4,0.03,29.3,0.029,29.3,0.032,29.4
171,0.032,29.4,0.032,29.4,0.036,29.4,0.036,29.4
171.5,0.034,29.4,0.034,29.4,0.034,29.4,0.036,29.4
172,0.036,29.4,0.037,29.4,0.034,29.4,0.036,29.4
172.5,0.034,29.4,0.034,29.4,0.034,29.4,0.036,29.4
173,0.037,29.4,0.043,29.4,0.035,29.4,0.036,29.4
173.5,0.039,29.4,0.04,29.4,0.038,29.4,0.035,29.3
174,0.035,29.4,0.033,29.4,0.036,29.4,0.037,29.4
174.5,0.036,29.4,0.036,29.3,0.04,29.4,0.036,29.4
175,0.034,29.4,0.038,29.4,0.046,29.4,0.035,29.4
175.5,0.035,29.4,0.034,29.4,0.04,29.4,0.037,29.3
176,0.033,29.4,0.03,29.4,0.035,29.4,0.032,29.4
176.5,0.031,29.4,0.032,29.4,0.032,29.4,0.032,29.4
177,0.026,29.4,0.027,29.4,0.024,29.4,0.032,29.4
177.5,0.024,29.4,0.027,29.4,0.021,29.4,0.022,29.4
178,0.029,29.4,0.029,29.4,0.025,29.4,0.028,29.4
178.5,0.029,29.4,0.028,29.4,0.03,29.4,0.028,29.4
179,0.028,29.4,0.031,29.4,0.03,29.4,0.029,29.4
179.5,0.026,29.4,0.028,29.4,0.028,29.4,0.028,29.4
180,0.025,29.4,0.024,29.4,0.027,29.4,0.027,29.4
180.5,0.03,29.5,0.031,29.4,0.034,29.4,0.029,29.4
181,0.025,29.5,0.024,29.5,0.027,29.4,0.024,29.4
181.5,0.026,29.5,0.03,29.5,0.024,29.5,0.026,29.5
182,0.026,29.5,0.025,29.5,0.025,29.5,0.027,29.5
182.5,0.026,29.5,0.024,29.5,0.023,29.5,0.025,29.5
183,0.024,29.5,0.027,29.4,0.023,29.5,0.032,29.5
183.5,0.022,29.5,0.022,29.5,0.021,29.5,0.022,29.5
184,0.025,29.5,0.024,29.5,0.032,29.5,0.024,29.5
184.5,0.024,29.5,0.027,29.5,0.03,29.5,0.023,29.5
185,0.025,29.5,0.025,29.5,0.025,29.5,0.022,29.6
185.5,0.022,29.5,0.021,29.5,0.028,29.5,0.023,29.5
186,0.022,29.5,0.022,29.5,0.022,29.5,0.021,29.6
186.5,0.02,29.5,0.02,29.5,0.022,29.5,0.021,29.5
187,0.018,29.6,0.022,29.5,0.018,29.6,0.018,29.5
187.5,0.025,29.6,0.025,29.6,0.024,29.6,0.022,29.6
188,0.025,29.6,0.026,29.6,0.024,29.6,0.027,29.6
188.5,0.022,29.6,0.024,29.6,0.02,29.6,0.027,29.6
189,0.022,29.6,0.021,29.6,0.02,29.6,0.023,29.6
189.5,0.024,29.6,0.022,29.6,0.022,29.6,0.026,29.6
190,0.028,29.6,0.03,29.6,0.028,29.6,0.029,29.6
190.5,0.025,29.6,0.024,29.6,0.025,29.6,0.026,29.6
191,0.023,29.6,0.021,29.6,0.023,29.6,0.024,29.6
191.5,0.023,29.6,0.024,29.6,0.026,29.6,0.021,29.5
192,0.023,29.6,0.023,29.6,0.03,29.6,0.02,29.6
192.5,0.024,29.6,0.028,29.6,0.022,29.6,0.021,29.6
193,0.021,29.6,0.019,29.6,0.02,29.6,0.02,29.6
193.5,0.02,29.6,0.02,29.6,0.019,29.6,0.019,29.6
194,0.019,29.6,0.02,29.6,0.019,29.6,0.021,29.6
194.5,0.016,29.6,0.016,29.6,0.016,29.6,0.02,29.6
195,0.015,29.6,0.015,29.6,0.015,29.6,0.013,29.6
195.5,0.011,29.6,0.012,29.6,0.013,29.6,0.012,29.6
196,0.01,29.6,0.01,29.6,0.009,29.6,0.013,29.6
196.5,0.007,29.7,0.007,29.7,0.007,29.6,0.012,29.7
197,-0.032,29.7,-0.027,29.7,-0.029,29.7,-0.017,29.7
197.5,-0.112,29.7,-0.109,29.7,-0.1,29.7,-0.106,29.7
198,-0.142,29.6,-0.142,29.6,-0.15,29.6,-0.145,29.5
198.5,-0.081,29.5,-0.081,29.5,-0.087,29.5,-0.1,29.5
199,-0.035,29.5,-0.039,29.5,-0.038,29.5,-0.037,29.5
199.5,-0.012,29.5,-0.014,29.5,-0.012,29.5,-0.022,29.5
200,0.001,29.5,0.002,29.5,-0.001,29.5,0.002,29.5
200.5,-0.007,29.6,-0.007,29.5,-0.003,29.5,-0.005,29.6
201,-0.008,29.6,-0.009,29.6,-0.008,29.6,-0.006,29.6
201.5,-0.003,29.6,-0.003,29.6,-0.004,29.7,-0.003,29.6
202,0,29.7,-0.001,29.6,-0.001,29.7,-0.001,29.7
202.5,-0.013,29.7,-0.011,29.7,-0.01,29.7,-0.01,29.7
203,-0.024,29.7,-0.023,29.7,-0.022,29.7,-0.023,29.7
203.5,-0.02,29.7,-0.022,29.7,-0.021,29.7,-0.02,29.7
204,-0.005,29.8,-0.006,29.7,-0.006,29.7,-0.008,29.7
204.5,0.009,29.8,0.009,29.8,0.009,29.8,0.007,29.7
205,0.005,29.8,0.005,29.8,0.008,29.7,0.004,29.7
205.5,-0.005,29.8,-0.005,29.8,-0.001,29.8,-0.003,29.8
206,-0.007,29.8,-0.009,29.8,-0.012,29.8,-0.011,29.8
206.5,0,29.8,0.001,29.8,-0.005,29.8,-0.001,29.8
207,0.001,29.8,0.002,29.8,0.002,29.8,-0.002,29.8
207.5,0.002,29.8,0.003,29.8,0.006,29.8,0.004,29.8
208,-0.01,29.8,-0.009,29.8,-0.006,29.8,-0.006,29.8
208.5,-0.03,29.8,-0.028,29.8,-0.024,29.8,-0.02,29.8
209,-0.04,29.8,-0.037,29.8,-0.037,29.8,-0.042,29.8
209.5,-0.034,29.8,-0.033,29.8,-0.034,29.8,-0.037,29.8
210,-0.009,29.8,-0.009,29.8,-0.017,29.8,-0.011,29.8
210.5,-0.007,29.8,-0.006,29.9,-0.007,29.8,-0.007,29.8
211,-0.002,29.9,-0.001,29.9,-0.003,29.8,-0.004,29.8
211.5,-0.006,29.9,-0.004,29.9,-0.005,29.8,-0.005,29.9
212,-0.008,29.9,-0.009,29.9,-0.007,29.9,-0.008,29.9
212.5,0.003,29.9,0.001,29.9,0,29.9,0,29.9
213,0.013,29.9,0.012,29.9,0.013,29.9,0.012,29.9
213.5,0.012,29.9,0.012,29.9,0.014,29.9,0.012,29.9
214,0.009,29.9,0.008,29.9,0.009,29.8,0.009,29.9
214.5,0.012,29.9,0.011,29.9,0.011,29.9,0.01,29.9
215,0.014,29.9,0.013,29.9,0.015,29.9,0.014,29.9
215.5,0.018,29.9,0.016,29.9,0.019,30,0.019,29.9
216,0.031,29.9,0.029,29.9,0.029,29.9,0.028,29.9
216.5,0.039,29.9,0.036,29.9,0.036,29.9,0.035,29.9
217,0.035,29.9,0.034,29.9,0.034,29.9,0.034,29.9
217.5,0.03,29.9,0.029,29.9,0.031,29.8,0.03,29.9
218,0.028,29.9,0.028,29.9,0.031,29.9,0.031,29.9
218.5,0.024,29.9,0.024,29.8,0.024,29.9,0.025,29.8
219,0.031,29.8,0.029,29.8,0.031,29.8,0.031,29.8
219.5,0.03,29.8,0.029,29.8,0.03,29.8,0.031,29.8
220,0.033,29.8,0.031,29.8,0.032,29.8,0.035,29.8
220.5,0.036,29.8,0.035,29.8,0.034,29.8,0.036,29.8
221,0.039,29.8,0.04,29.8,0.037,29.8,0.037,29.8
221.5,0.037,29.8,0.04,29.8,0.037,29.7,0.035,29.8
222,0.04,29.8,0.038,29.8,0.038,29.7,0.043,29.8
222.5,0.044,29.8,0.048,29.8,0.038,29.7,0.044,29.8
223,0.043,29.7,0.043,29.7,0.041,29.8,0.047,29.7
223.5,0.04,29.7,0.039,29.7,0.041,29.8,0.045,29.7
224,0.04,29.7,0.04,29.7,0.036,29.7,0.048,29.7
224.5,0.038,29.7,0.038,29.7,0.037,29.7,0.037,29.7
225,0.044,29.7,0.043,29.7,0.043,29.7,0.044,29.7
225.5,0.041,29.7,0.048,29.7,0.04,29.6,0.041,29.7
226,0.045,29.7,0.045,29.7,0.04,29.6,0.047,29.6
226.5,0.045,29.6,0.044,29.6,0.044,29.6,0.047,29.6
227,0.041,29.7,0.04,29.6,0.048,29.7,0.044,29.7
227.5,0.034,29.7,0.033,29.7,0.038,29.7,0.036,29.7
228,0.033,29.6,0.034,29.6,0.036,29.6,0.029,29.7
228.5,0.042,29.7,0.04,29.6,0.038,29.6,0.035,29.6
229,0.041,29.6,0.041,29.6,0.044,29.6,0.041,29.7
229.5,0.04,29.6,0.041,29.6,0.042,29.6,0.034,29.6
230,0.04,29.6,0.039,29.6,0.04,29.6,0.043,29.6
230.5,0.039,29.6,0.038,29.6,0.038,29.6,0.041,29.6
231,0.047,29.6,0.049,29.6,0.041,29.6,0.044,29.6
231.5,0.044,29.6,0.046,29.6,0.05,29.6,0.049,29.6
232,0.046,29.6,0.047,29.6,0.048,29.6,0.049,29.6
232.5,0.046,29.6,0.044,29.6,0.046,29.6,0.047,29.6
233,0.042,29.6,0.042,29.6,0.043,29.6,0.043,29.6
233.5,0.044,29.6,0.041,29.6,0.045,29.6,0.046,29.6
234,0.044,29.6,0.055,29.6,0.045,29.6,0.043,29.6
234.5,0.045,29.6,0.043,29.6,0.044,29.6,0.047,29.6
235,0.044,29.6,0.045,29.6,0.043,29.6,0.048,29.6
235.5,0.044,29.6,0.041,29.6,0.046,29.5,0.048,29.6
236,0.042,29.6,0.04,29.6,0.051,29.6,0.041,29.5
236.5,0.034,29.6,0.033,29.6,0.035,29.5,0.036,29.5
237,0.032,29.6,0.037,29.5,0.033,29.6,0.033,29.5
237.5,0.035,29.6,0.031,29.6,0.034,29.6,0.034,29.6
238,0.043,29.6,0.044,29.6,0.039,29.6,0.04,29.6
238.5,0.046,29.6,0.046,29.6,0.045,29.6,0.058,29.5
239,0.045,29.6,0.048,29.6,0.049,29.6,0.048,29.6
239.5,0.046,29.6,0.045,29.6,0.048,29.6,0.048,29.6
240,0.046,29.6,0.048,29.5,0.047,29.5,0.046,29.5
240.5,0.045,29.5,0.042,29.5,0.045,29.5,0.043,29.6
241,0.044,29.5,0.043,29.5,0.041,29.6,0.048,29.6
241.5,0.041,29.5,0.04,29.5,0.04,29.5,0.042,29.6
242,0.043,29.5,0.043,29.5,0.044,29.5,0.044,29.5
242.5,0.039,29.5,0.038,29.5,0.044,29.5,0.043,29.5
243,0.043,29.5,0.048,29.5,0.043,29.6,0.042,29.5
243.5,0.043,29.5,0.041,29.5,0.041,29.6,0.048,29.5
244,0.043,29.5,0.043,29.5,0.042,29.5,0.041,29.5
244.5,0.043,29.6,0.041,29.6,0.047,29.5,0.044,29.6
245,0.039,29.5,0.04,29.5,0.043,29.5,0.04,29.5
245.5,0.041,29.5,0.04,29.5,0.045,29.5,0.042,29.5
246,0.036,29.5,0.037,29.5,0.035,29.5,0.035,29.5
246.5,0.033,29.5,0.034,29.5,0.03,29.5,0.035,29.5
247,0.03,29.6,0.028,29.6,0.031,29.6,0.029,29.5
247.5,0.032,29.6,0.03,29.6,0.034,29.6,0.032,29.6
248,0.039,29.6,0.039,29.6,0.038,29.6,0.036,29.6
248.5,0.039,29.6,0.034,29.6,0.036,29.6,0.035,29.6
249,0.043,29.6,0.045,29.6,0.041,29.6,0.042,29.6
249.5,0.041,29.6,0.041,29.6,0.038,29.6,0.046,29.6
250,0.042,29.6,0.042,29.6,0.039,29.6,0.049,29.6
250.5,0.039,29.6,0.04,29.6,0.04,29.6,0.044,29.6
251,0.038,29.6,0.042,29.6,0.042,29.6,0.037,29.5
251.5,0.039,29.6,0.038,29.6,0.044,29.6,0.047,29.6
252,0.035,29.5,0.037,29.5,0.034,29.6,0.035,29.6
252.5,0.036,29.5,0.035,29.5,0.028,29.6,0.036,29.6
253,0.036,29.6,0.036,29.6,0.035,29.6,0.035,29.5
253.5,0.03,29.6,0.028,29.6,0.031,29.6,0.032,29.6
254,0.031,29.6,0.031,29.6,0.03,29.6,0.035,29.6
254.5,0.03,29.6,0.03,29.6,0.034,29.6,0.029,29.6
255,0.033,29.6,0.033,29.6,0.031,29.6,0.032,29.6
255.5,0.032,29.6,0.03,29.6,0.029,29.6,0.034,29.6
256,0.029,29.6,0.03,29.6,0.028,29.6,0.036,29.6
256.5,0.028,29.6,0.028,29.6,0.027,29.6,0.029,29.6
257,0.03,29.6,0.03,29.6,0.033,29.6,0.027,29.6
257.5,0.031,29.6,0.03,29.6,0.032,29.6,0.027,29.6
258,0.032,29.6,0.032,29.6,0.034,29.6,0.029,29.6
258.5,0.034,29.6,0.037,29.6,0.034,29.6,0.032,29.6
259,0.032,29.6,0.034,29.6,0.034,29.6,0.034,29.6
259.5,0.03,29.6,0.03,29.6,0.029,29.6,0.029,29.6
260,0.032,29.6,0.034,29.6,0.032,29.6,0.029,29.6
260.5,0.03,29.6,0.03,29.6,0.029,29.6,0.03,29.6
261,0.031,29.6,0.031,29.6,0.03,29.6,0.035,29.6
261.5,0.028,29.6,0.03,29.6,0.027,29.6,0.03,29.6
262,0.025,29.6,0.025,29.6,0.024,29.6,0.025,29.7
262.5,0.025,29.6,0.023,29.6,0.023,29.6,0.025,29.7
263,0.021,29.6,0.022,29.7,0.023,29.6,0.02,29.6
263.5,0.019,29.7,0.019,29.7,0.016,29.7,0.022,29.7
264,0.019,29.7,0.019,29.7,0.014,29.8,0.022,29.7
264.5,0.022,29.7,0.024,29.7,0.022,29.7,0.019,29.7
265,0.024,29.7,0.024,29.7,0.025,29.7,0.023,29.7
265.5,0.022,29.7,0.02,29.7,0.03,29.8,0.022,29.7
266,0.022,29.7,0.023,29.7,0.025,29.7,0.026,29.7
266.5,0.024,29.7,0.024,29.7,0.025,29.7,0.025,29.7
267,0.025,29.7,0.025,29.7,0.027,29.7,0.024,29.7
267.5,0.023,29.7,0.024,29.7,0.026,29.7,0.022,29.7
268,0.022,29.7,0.024,29.7,0.021,29.7,0.022,29.7
268.5,0.024,29.7,0.023,29.7,0.022,29.7,0.025,29.7
269,0.023,29.7,0.023,29.7,0.026,29.7,0.027,29.8
269.5,0.022,29.8,0.024,29.8,0.022,29.7,0.023,29.8
270,0.021,29.7,0.022,29.7,0.021,29.7,0.022,29.7
270.5,0.022,29.8,0.021,29.8,0.023,29.8,0.02,29.8
271,0.023,29.8,0.022,29.8,0.026,29.8,0.022,29.8
271.5,0.02,29.8,0.02,29.8,0.018,29.8,0.02,29.8
272,0.019,29.8,0.02,29.8,0.02,29.8,0.021,29.8
272.5,0.015,29.8,0.018,29.8,0.012,29.8,0.015,29.8
273,0.016,29.8,0.015,29.8,0.014,29.8,0.016,29.8
273.5,0.017,29.8,0.015,29.8,0.015,29.8,0.02,29.8
274,0.017,29.8,0.017,29.8,0.017,29.8,0.019,29.8
274.5,0.019,29.8,0.02,29.8,0.02,29.8,0.021,29.8
275,0.018,29.8,0.019,29.8,0.02,29.8,0.019,29.8
275.5,0.019,29.8,0.019,29.8,0.018,29.8,0.018,29.8
276,0.024,29.8,0.024,29.8,0.025,29.8,0.016,29.8
276.5,0.022,29.8,0.021,29.8,0.022,29.8,0.022,29.8
277,0.013,29.8,0.014,29.8,0.018,29.8,0.015,29.8
277.5,-0.023,29.8,-0.023,29.8,-0.009,29.8,-0.018,29.8
278,-0.085,29.9,-0.085,29.9,-0.047,29.8,-0.075,29.8
278.5,-0.121,29.8,-0.121,29.8,-0.121,29.8,-0.116,29.8
279,-0.101,29.7,-0.102,29.7,-0.109,29.8,-0.109,29.7
279.5,-0.046,29.7,-0.048,29.7,-0.058,29.7,-0.057,29.7
280,-0.013,29.7,-0.014,29.7,-0.016,29.7,-0.014,29.7
280.5,-0.002,29.8,0,29.7,-0.005,29.8,-0.001,29.7
281,0.001,29.8,0.002,29.8,0.001,29.8,-0.001,29.7
281.5,-0.013,29.8,-0.015,29.8,-0.003,29.8,-0.016,29.8
282,-0.011,29.8,-0.014,29.9,-0.014,29.8,-0.011,29.8
282.5,-0.001,29.8,-0.001,29.8,-0.008,29.8,-0.001,29.8
283,0.007,29.9,0.008,29.9,0.008,29.9,0.007,29.9
283.5,0.011,29.9,0.012,29.9,0.01,29.9,0.01,29.9
284,0.01,29.9,0.009,29.9,0.009,29.9,0.012,30
284.5,-0.001,29.9,0,29.9,0.005,29.9,0.001,29.9
285,-0.009,29.9,-0.008,29.9,-0.009,29.9,-0.004,30
285.5,-0.016,30,-0.017,30,-0.015,29.9,-0.017,30
286,-0.016,30,-0.016,30,-0.015,30,-0.018,30
286.5,-0.006,30,-0.007,30,-0.008,30,-0.007,30
287,-0.002,30,-0.001,30,-0.002,30,-0.002,30
287.5,-0.006,30,-0.006,30,-0.004,30,-0.004,30
288,-0.01,30,-0.011,30,-0.007,30,-0.007,30
288.5,-0.013,30,-0.015,30,-0.012,30,-0.011,30
289,-0.01,30,-0.01,30,-0.012,30,-0.01,30
289.5,-0.01,30,-0.01,30,-0.009,30,-0.009,30
290,-0.005,30,-0.006,30,-0.006,30,-0.008,30
290.5,-0.001,30,-0.002,30,-0.002,30,-0.003,30
291,-0.001,30.1,-0.001,30.1,-0.002,30,-0.001,30.1
291.5,0.002,30.1,0.004,30.1,0.001,30,0.002,30.1
292,0,30.1,0.001,30.1,0,30.1,0,30.1
292.5,0.005,30.1,0.006,30.1,0.001,30,0.003,30.1
293,0.006,30.1,0.006,30.1,0.006,30.1,0.007,30.1
293.5,0.001,30.1,0,30.1,0.003,30.1,0.003,30.1
294,-0.005,30.1,-0.005,30.1,-0.003,30.1,-0.003,30.1
294.5,-0.007,30.1,-0.006,30.1,-0.008,30.1,-0.006,30.1
295,-0.003,30.1,-0.003,30.1,-0.01,30.1,-0.002,30
295.5,0.006,30.1,0.007,30.1,0.004,30.2,0.004,30.1
296,0.01,30.1,0.011,30.1,0.012,30.1,0.012,30.1
296.5,0.014,30.1,0.014,30.1,0.015,30.1,0.014,30.1
297,0.019,30.1,0.017,30.1,0.018,30.1,0.016,30.1
297.5,0.024,30.1,0.022,30.1,0.022,30.1,0.024,30.2
298,0.025,30.1,0.024,30.1,0.024,30.1,0.026,30.1
298.5,0.028,30.1,0.03,30.1,0.026,30.1,0.027,30.1
299,0.029,30.1,0.028,30.1,0.027,30.1,0.032,30.1
299.5,0.031,30.1,0.031,30.1,0.026,30.1,0.027,30.1
300,0.032,30.1,0.032,30.1,0.031,30.1,0.029,30.1
300.5,0.033,30.1,0.033,30.1,0.032,30.1,0.03,30.1
301,0.035,30,0.034,30,0.036,30.1,0.032,30
301.5,0.033,30,0.031,30,0.032,30,0.035,30.1
302,0.04,30,0.044,30,0.034,30,0.034,30
302.5,0.044,30,0.043,30,0.047,30,0.042,29.9
303,0.045,29.9,0.045,29.9,0.052,29.9,0.041,29.9
303.5,0.043,29.9,0.043,29.9,0.045,29.9,0.044,29.9
304,0.036,29.9,0.037,29.9,0.037,29.9,0.036,29.9
304.5,0.035,29.9,0.036,29.9,0.035,29.9,0.035,29.9
305,0.036,29.9,0.036,29.9,0.036,29.9,0.038,29.9
305.5,0.034,29.9,0.037,29.8,0.032,29.9,0.036,29.9
306,0.033,29.9,0.034,29.9,0.03,29.9,0.033,29.9
306.5,0.03,29.9,0.031,29.9,0.03,29.9,0.031,29.9
307,0.034,29.9,0.033,29.9,0.032,29.9,0.034,29.9
307.5,0.038,29.9,0.044,29.9,0.037,29.9,0.035,29.9
308,0.042,29.9,0.04,29.9,0.039,29.9,0.044,29.9
308.5,0.043,29.9,0.042,29.9,0.043,29.9,0.045,29.9
309,0.043,29.9,0.041,29.8,0.044,29.9,0.043,29.8
309.5,0.043,29.8,0.044,29.8,0.042,29.9,0.042,29.8
310,0.039,29.8,0.04,29.8,0.04,29.8,0.039,29.8
310.5,0.04,29.8,0.042,29.8,0.045,29.8,0.041,29.8
311,0.039,29.8,0.042,29.8,0.038,29.8,0.04,29.8
311.5,0.046,29.8,0.049,29.8,0.04,29.8,0.044,29.8
312,0.048,29.8,0.05,29.8,0.054,29.8,0.048,29.8
312.5,0.044,29.8,0.042,29.8,0.041,29.8,0.048,29.8
313,0.043,29.8,0.043,29.8,0.045,29.8,0.045,29.8
313.5,0.037,29.8,0.039,29.8,0.042,29.8,0.035,29.8
314,0.033,29.8,0.033,29.8,0.035,29.8,0.034,29.8
314.5,0.035,29.8,0.036,29.8,0.03,29.8,0.038,29.8
315,0.039,29.8,0.038,29.8,0.034,29.7,0.038,29.7
315.5,0.04,29.8,0.045,29.8,0.037,29.8,0.037,29.7
316,0.039,29.8,0.038,29.8,0.04,29.8,0.035,29.8
316.5,0.046,29.8,0.045,29.8,0.042,29.8,0.044,29.8
317,0.045,29.8,0.049,29.7,0.047,29.7,0.045,29.8
317.5,0.044,29.7,0.047,29.7,0.046,29.7,0.042,29.8
318,0.044,29.7,0.044,29.7,0.046,29.7,0.044,29.7
318.5,0.039,29.7,0.04,29.8,0.04,29.8,0.05,29.7
319,0.042,29.7,0.04,29.7,0.043,29.7,0.04,29.7
319.5,0.039,29.7,0.038,29.7,0.041,29.7,0.035,29.8
320,0.045,29.7,0.046,29.7,0.044,29.7,0.042,29.7
320.5,0.047,29.7,0.046,29.7,0.047,29.7,0.045,29.7
321,0.042,29.7,0.042,29.7,0.04,29.7,0.04,29.7
321.5,0.043,29.7,0.039,29.7,0.044,29.7,0.051,29.7
322,0.039,29.7,0.043,29.7,0.04,29.7,0.038,29.7
322.5,0.043,29.7,0.047,29.7,0.051,29.7,0.041,29.7
323,0.043,29.7,0.043,29.7,0.045,29.7,0.046,29.7
323.5,0.041,29.7,0.041,29.7,0.037,29.7,0.046,29.7
324,0.031,29.7,0.032,29.7,0.036,29.7,0.032,29.7
324.5,0.032,29.7,0.035,29.7,0.031,29.7,0.029,29.7
325,0.045,29.7,0.043,29.7,0.049,29.7,0.046,29.7
325.5,0.045,29.7,0.044,29.7,0.047,29.7,0.045,29.7
326,0.046,29.7,0.043,29.7,0.048,29.7,0.045,29.7
326.5,0.043,29.7,0.043,29.7,0.044,29.7,0.047,29.7
327,0.04,29.7,0.038,29.7,0.04,29.7,0.038,29.7
327.5,0.041,29.7,0.041,29.7,0.04,29.7,0.039,29.7
328,0.038,29.7,0.038,29.6,0.034,29.7,0.039,29.7
328.5,0.04,29.7,0.04,29.7,0.034,29.7,0.041,29.7
329,0.038,29.7,0.041,29.7,0.037,29.7,0.043,29.7
329.5,0.037,29.7,0.037,29.7,0.034,29.7,0.038,29.7
330,0.037,29.7,0.035,29.7,0.037,29.7,0.038,29.7
330.5,0.03,29.7,0.029,29.7,0.032,29.7,0.038,29.7
331,0.026,29.7,0.029,29.7,0.025,29.7,0.025,29.7
331.5,0.028,29.7,0.028,29.7,0.028,29.7,0.025,29.7
332,0.033,29.8,0.031,29.7,0.036,29.7,0.03,29.8
332.5,0.033,29.8,0.031,29.8,0.033,29.8,0.034,29.8
333,0.031,29.7,0.031,29.7,0.03,29.7,0.03,29.7
333.5,0.033,29.8,0.033,29.7,0.037,29.8,0.027,29.7
334,0.033,29.8,0.033,29.8,0.035,29.8,0.029,29.7
334.5,0.032,29.8,0.037,29.8,0.031,29.8,0.029,29.8
335,0.035,29.8,0.035,29.8,0.035,29.7,0.032,29.7
335.5,0.034,29.8,0.034,29.8,0.038,29.7,0.034,29.8
336,0.035,29.8,0.034,29.8,0.033,29.8,0.036,29.8
336.5,0.035,29.7,0.04,29.8,0.034,29.7,0.034,29.8
337,0.039,29.8,0.036,29.7,0.035,29.8,0.035,29.8
337.5,0.038,29.7,0.038,29.7,0.043,29.8,0.039,29.7
338,0.037,29.8,0.039,29.7,0.039,29.8,0.039,29.8
338.5,0.035,29.7,0.037,29.7,0.033,29.7,0.037,29.8
339,0.03,29.8,0.03,29.7,0.032,29.7,0.03,29.8
339.5,0.032,29.8,0.03,29.8,0.032,29.7,0.036,29.8
340,0.026,29.8,0.029,29.8,0.03,29.8,0.025,29.8
340.5,0.024,29.8,0.023,29.8,0.026,29.7,0.022,29.8
341,0.027,29.8,0.027,29.7,0.026,29.7,0.025,29.7
341.5,0.027,29.8,0.027,29.8,0.029,29.7,0.024,29.8
342,0.028,29.8,0.027,29.8,0.028,29.8,0.025,29.8
342.5,0.024,29.8,0.024,29.8,0.026,29.8,0.022,29.8
343,0.023,29.8,0.023,29.8,0.023,29.8,0.026,29.8
343.5,0.025,29.8,0.025,29.8,0.023,29.8,0.023,29.8
344,0.024,29.8,0.025,29.8,0.024,29.8,0.022,29.8
344.5,0.023,29.8,0.023,29.8,0.022,29.9,0.026,29.9
345,0.021,29.8,0.021,29.8,0.021,29.8,0.021,29.8
345.5,0.023,29.8,0.025,29.8,0.023,29.8,0.021,29.8
346,0.023,29.9,0.021,29.8,0.024,29.8,0.022,29.9
346.5,0.022,29.9,0.021,29.9,0.022,29.8,0.023,29.9
347,0.023,29.9,0.022,29.9,0.023,29.9,0.025,29.9
347.5,0.021,29.9,0.021,29.9,0.019,29.8,0.02,29.9
348,0.023,29.9,0.022,29.9,0.023,29.9,0.023,29.9
348.5,0.021,29.9,0.021,29.9,0.021,29.9,0.029,29.9
349,0.021,29.9,0.022,29.9,0.021,29.9,0.022,29.9
349.5,0.022,29.9,0.022,29.9,0.022,29.9,0.02,29.9
350,0.018,29.9,0.018,29.9,0.019,29.9,0.017,29.9
350.5,0.018,29.9,0.016,29.9,0.016,29.9,0.018,29.9
351,0.018,29.9,0.021,29.9,0.019,29.9,0.018,29.9
351.5,0.02,30,0.018,30,0.017,29.9,0.02,29.9
352,0.019,30,0.019,29.9,0.019,30,0.023,29.9
352.5,0.018,30,0.02,29.9,0.018,30,0.019,29.9
353,0.02,30,0.019,29.9,0.018,29.9,0.021,30
353.5,0.022,29.9,0.021,29.9,0.02,30,0.028,29.9
354,0.022,30,0.021,30,0.022,30,0.023,29.9
354.5,0.019,30,0.019,30,0.019,30,0.02,30
355,0.02,30,0.019,30,0.017,29.9,0.021,30
355.5,0.021,30,0.02,30,0.022,29.9,0.021,30
356,0.02,30,0.02,30,0.023,30,0.018,30
356.5,0.017,30,0.018,30,0.018,30,0.017,30
357,0.012,30,0.012,30,0.011,30,0.012,30
357.5,0.003,30,0.004,30,0.006,30,0.004,30
358,-0.044,30,-0.044,30,-0.038,30,-0.03,30
358.5,-0.099,30,-0.097,30,-0.097,30,-0.088,30
359,-0.131,29.9,-0.13,29.9,-0.123,30,-0.131,30
359.5,-0.094,29.9,-0.097,29.9,-0.102,29.9,-0.107,29.9
360,-0.037,29.8,-0.041,29.9,-0.051,29.9,-0.041,29.9
360.5,-0.005,29.9,-0.005,29.9,-0.006,29.9,-0.02,29.8
361,0,29.9,0,29.9,0,29.9,0,29.9
361.5,-0.007,29.9,-0.007,29.9,-0.005,29.9,-0.006,29.9
362,-0.013,30,-0.013,30,-0.011,30,-0.012,30
362.5,-0.015,30,-0.014,30,-0.015,30,-0.014,30
363,-0.003,30,-0.002,30,-0.013,30,-0.004,30
363.5,-0.001,30.1,0,30,-0.001,30.1,-0.002,30.1
364,0.004,30.1,0.003,30.1,0.004,30.1,0.002,30.1
364.5,-0.007,30.1,-0.007,30.1,0.002,30,-0.007,30.1
365,-0.008,30.1,-0.011,30.1,-0.002,30.1,-0.008,30.1
365.5,0.001,30.1,0,30.1,-0.001,30.1,-0.001,30.1
366,-0.003,30.1,-0.003,30.1,-0.002,30.2,0,30.1
366.5,-0.006,30.2,-0.006,30.2,-0.005,30.2,-0.005,30.2
367,-0.007,30.2,-0.006,30.2,-0.007,30.2,-0.008,30.1
367.5,-0.006,30.2,-0.006,30.2,-0.007,30.2,-0.006,30.2
368,-0.009,30.2,-0.003,30.2,-0.006,30.2,-0.01,30.2
368.5,-0.021,30.2,-0.019,30.2,-0.02,30.2,-0.02,30.2
369,-0.018,30.2,-0.02,30.2,-0.02,30.2,-0.018,30.2
369.5,-0.009,30.2,-0.01,30.2,-0.012,30.2,-0.01,30.2
370,0.005,30.2,0.006,30.2,0.006,30.2,0.004,30.2
370.5,0.015,30.2,0.013,30.3,0.014,30.2,0.013,30.2
371,0.009,30.2,0.009,30.2,0.009,30.2,0.01,30.2
371.5,-0.007,30.2,-0.008,30.2,-0.005,30.2,-0.004,30.2
372,-0.021,30.2,-0.022,30.3,-0.014,30.3,-0.019,30.2
372.5,-0.02,30.2,-0.02,30.3,-0.019,30.2,-0.018,30.2
373,-0.007,30.3,-0.006,30.3,-0.012,30.2,-0.008,30.3
373.5,0,30.2,-0.001,30.2,-0.001,30.3,-0.006,30.3
374,-0.009,30.3,-0.008,30.2,-0.009,30.3,-0.008,30.3
374.5,-0.007,30.3,-0.008,30.3,-0.007,30.3,-0.007,30.3
375,0.003,30.3,0.003,30.3,0.004,30.3,0.004,30.3
375.5,0.015,30.3,0.016,30.3,0.009,30.3,0.017,30.3
376,0.024,30.3,0.026,30.3,0.023,30.3,0.024,30.3
376.5,0.024,30.3,0.027,30.3,0.023,30.3,0.025,30.3
377,0.023,30.3,0.022,30.3,0.022,30.3,0.025,30.3
377.5,0.024,30.3,0.024,30.2,0.024,30.3,0.023,30.3
378,0.027,30.3,0.028,30.3,0.025,30.3,0.031,30.3
378.5,0.029,30.3,0.028,30.2,0.03,30.3,0.026,30.2
379,0.03,30.3,0.03,30.3,0.031,30.3,0.027,30.3
379.5,0.033,30.2,0.033,30.3,0.031,30.2,0.032,30.3
380,0.035,30.2,0.035,30.2,0.03,30.2,0.036,30.2
380.5,0.04,30.2,0.042,30.2,0.038,30.2,0.037,30.2
381,0.037,30.2,0.036,30.2,0.038,30.2,0.036,30.2
381.5,0.032,30.2,0.032,30.2,0.03,30.2,0.032,30.2
382,0.035,30.2,0.037,30.2,0.034,30.2,0.036,30.1
382.5,0.037,30.1,0.038,30.1,0.037,30.2,0.038,30.2
383,0.037,30.1,0.037,30.2,0.035,30.1,0.037,30.2
383.5,0.036,30.1,0.036,30.1,0.032,30.2,0.035,30.2
384,0.037,30.1,0.037,30.1,0.04,30.1,0.038,30.1
384.5,0.038,30.1,0.039,30.1,0.036,30.1,0.04,30.1
385,0.039,30.1,0.037,30.1,0.038,30.1,0.038,30.1
385.5,0.042,30.1,0.042,30.1,0.043,30.1,0.04,30.1
386,0.04,30.1,0.039,30.1,0.049,30.1,0.04,30.1
386.5,0.043,30.1,0.039,30.1,0.043,30,0.048,30.1
387,0.039,30.1,0.042,30,0.039,30.1,0.04,30.1
387.5,0.041,30,0.04,30,0.042,30,0.043,30.1
388,0.042,30,0.042,30,0.042,30,0.039,30
388.5,0.042,30,0.042,30.1,0.044,30,0.043,30.1
389,0.041,30,0.049,30,0.041,30,0.045,30.1
389.5,0.042,30,0.048,30.1,0.042,30,0.04,30.1
390,0.043,30,0.043,30,0.045,30,0.044,30
390.5,0.036,30,0.037,30,0.039,30,0.04,30
391,0.032,30,0.031,30,0.034,30,0.032,30
391.5,0.032,30,0.033,30,0.032,30,0.032,30
392,0.036,30,0.037,30,0.034,30,0.034,30
392.5,0.042,30,0.041,30,0.039,30,0.035,30
393,0.039,30,0.038,30,0.042,30,0.039,30
393.5,0.039,30,0.043,30,0.039,30,0.038,30
394,0.039,30,0.041,30,0.037,30,0.036,30
394.5,0.043,30,0.04,30,0.04,30,0.048,30
395,0.044,30,0.042,30,0.044,30,0.042,30
395.5,0.043,30,0.04,30,0.044,30,0.045,30
396,0.045,30,0.054,30,0.042,30,0.039,29.9
396.5,0.044,30,0.044,30,0.042,30,0.046,30
397,0.043,30,0.038,30,0.039,30,0.043,30
397.5,0.045,30,0.043,30,0.038,30,0.046,29.9
398,0.043,30,0.048,30,0.039,30,0.044,30
398.5,0.046,30,0.049,30,0.048,30,0.044,30
399,0.042,30,0.041,29.9,0.045,30,0.038,29.9
399.5,0.043,30,0.041,30,0.04,30,0.046,29.9
400,0.039,30,0.038,30,0.04,30,0.045,30
400.5,0.034,30,0.041,30,0.033,29.9,0.034,30
401,0.03,30,0.033,30,0.032,30,0.029,30
401.5,0.035,30,0.036,30,0.038,30,0.028,30
402,0.039,30,0.038,30,0.037,30,0.034,30
402.5,0.041,30,0.044,30,0.039,30,0.04,30
403,0.041,30,0.045,30,0.041,30,0.042,30
403.5,0.044,30,0.042,30,0.04,30,0.045,30
404,0.041,30,0.039,30,0.043,30,0.045,29.9
404.5,0.045,30,0.043,30,0.04,29.9,0.043,30
405,0.043,30,0.041,30,0.046,29.9,0.041,30
405.5,0.043,30,0.043,30,0.045,29.9,0.036,30
406,0.042,30,0.04,30,0.042,30,0.039,30
406.5,0.04,30,0.037,30,0.042,30,0.039,30
407,0.043,30,0.049,30,0.041,30,0.048,30
407.5,0.037,29.9,0.035,29.9,0.038,29.9,0.039,29.9
408,0.038,30,0.035,30,0.04,30,0.034,30
408.5,0.04,30,0.04,30,0.042,30,0.038,30
409,0.039,30,0.038,30,0.035,30,0.037,30
409.5,0.042,30,0.045,30,0.034,30,0.04,30
410,0.038,30,0.039,30,0.035,30,0.042,30
410.5,0.037,30,0.035,30,0.041,30,0.039,30
411,0.04,30,0.038,30,0.039,30,0.041,30
411.5,0.037,30,0.034,30,0.036,30,0.038,30
412,0.038,30,0.037,30,0.036,30,0.036,30
412.5,0.037,30,0.037,30,0.036,30,0.034,30
413,0.039,30,0.036,30,0.039,30,0.037,30
413.5,0.037,30,0.041,30,0.036,30,0.036,30
414,0.038,30,0.037,30,0.039,30,0.036,30
414.5,0.035,30,0.036,30,0.037,30,0.035,30
415,0.033,30,0.031,30,0.032,30,0.039,30.1
415.5,0.035,30,0.033,30,0.035,30,0.038,30
416,0.029,30,0.032,30,0.027,30.1,0.028,30
416.5,0.03,30,0.031,30,0.034,30,0.028,30.1
417,0.027,30,0.026,30,0.032,30.1,0.026,30
417.5,0.023,30,0.023,30.1,0.025,30,0.023,30.1
418,0.025,30.1,0.023,30.1,0.024,30.1,0.029,30.1
418.5,0.025,30.1,0.027,30.1,0.025,30.1,0.025,30.1
419,0.028,30.1,0.027,30.1,0.024,30.1,0.029,30.1
419.5,0.027,30.1,0.027,30.1,0.027,30.1,0.025,30
420,0.027,30.1,0.029,30.1,0.029,30.1,0.029,30.1
420.5,0.028,30.1,0.028,30.1,0.029,30.1,0.028,30.1
421,0.029,30.1,0.032,30.1,0.025,30.1,0.026,30.1
421.5,0.028,30.1,0.029,30.1,0.025,30.1,0.027,30.1
422,0.028,30.1,0.027,30.1,0.029,30.1,0.027,30.1
422.5,0.031,30.1,0.031,30.1,0.032,30.1,0.037,30.2
423,0.031,30.1,0.031,30.1,0.031,30.1,0.037,30.1
423.5,0.03,30.1,0.03,30.1,0.026,30.1,0.029,30.1
424,0.032,30.1,0.031,30.1,0.03,30.2,0.03,30.2
424.5,0.029,30.1,0.029,30.1,0.03,30.1,0.027,30.1
425,0.03,30.1,0.03,30.1,0.035,30.1,0.031,30.1
425.5,0.027,30.1,0.028,30.1,0.026,30.1,0.027,30.1
426,0.026,30.1,0.03,30.1,0.024,30.2,0.024,30.2
426.5,0.024,30.2,0.026,30.1,0.025,30.1,0.022,30.2
427,0.02,30.1,0.019,30.1,0.021,30.1,0.022,30.2
427.5,0.019,30.2,0.018,30.2,0.022,30.1,0.017,30.2
428,0.018,30.2,0.018,30.2,0.018,30.1,0.023,30.2
428.5,0.023,30.2,0.022,30.2,0.02,30.2,0.023,30.2
429,0.023,30.2,0.023,30.2,0.022,30.2,0.023,30.2
429.5,0.021,30.2,0.022,30.2,0.02,30.2,0.021,30.2
430,0.023,30.2,0.023,30.2,0.022,30.2,0.023,30.2
430.5,0.024,30.2,0.024,30.2,0.024,30.2,0.026,30.2
431,0.025,30.2,0.027,30.2,0.024,30.2,0.026,30.2
431.5,0.021,30.2,0.025,30.2,0.024,30.2,0.022,30.2
432,0.023,30.2,0.023,30.2,0.025,30.2,0.02,30.2
432.5,0.021,30.2,0.021,30.2,0.022,30.3,0.022,30.2
433,0.021,30.2,0.022,30.2,0.02,30.2,0.021,30.2
433.5,0.021,30.3,0.021,30.3,0.02,30.3,0.023,30.2
434,0.02,30.3,0.023,30.3,0.019,30.3,0.02,30.2
434.5,0.019,30.2,0.02,30.2,0.018,30.3,0.021,30.2
435,0.019,30.3,0.02,30.3,0.019,30.3,0.02,30.3
435.5,0.018,30.3,0.019,30.3,0.018,30.3,0.019,30.3
436,0.016,30.3,0.015,30.3,0.016,30.3,0.016,30.3
436.5,0.012,30.3,0.014,30.3,0.012,30.3,0.014,30.3
437,-0.005,30.3,-0.005,30.4,-0.004,30.3,-0.003,30.3
437.5,-0.049,30.3,-0.039,30.4,-0.043,30.4,-0.047,30.3
438,-0.098,30.3,-0.095,30.3,-0.068,30.4,-0.099,30.3
438.5,-0.12,30.3,-0.12,30.3,-0.089,30.3,-0.119,30.3
439,-0.095,30.2,-0.095,30.2,-0.097,30.2,-0.097,30.2
439.5,-0.046,30.2,-0.045,30.2,-0.048,30.2,-0.052,30.2
440,-0.023,30.2,-0.022,30.2,-0.025,30.2,-0.036,30.2
440.5,-0.007,30.2,-0.007,30.2,-0.008,30.2,-0.036,30.2
441,0.006,30.3,0.006,30.3,0.007,30.2,-0.011,30.2
441.5,-0.001,30.3,0,30.3,0.002,30.3,0.001,30.3
442,-0.006,30.3,-0.006,30.3,-0.004,30.3,-0.003,30.3
442.5,-0.004,30.3,-0.004,30.3,-0.004,30.3,-0.005,30.3
443,0.009,30.4,0.009,30.4,0.005,30.3,0.011,30.4
443.5,0.009,30.4,0.009,30.4,0.011,30.4,0.01,30.4
444,-0.003,30.4,-0.003,30.4,-0.001,30.4,-0.002,30.4
444.5,-0.006,30.4,-0.005,30.4,-0.005,30.4,-0.006,30.4
445,0.002,30.4,0.002,30.4,-0.002,30.4,0,30.4
445.5,0.003,30.4,0.001,30.4,0.007,30.4,0.002,30.4
446,0.004,30.5,0.005,30.4,0.004,30.5,0.007,30.4
446.5,0.009,30.5,0.007,30.5,0.008,30.5,0.009,30.5
447,0.009,30.5,0.01,30.5,0.009,30.5,0.012,30.5
447.5,0.007,30.5,0.009,30.5,0.006,30.5,0.008,30.5
448,-0.001,30.5,0,30.5,0.001,30.5,0,30.5
448.5,-0.014,30.5,-0.011,30.5,-0.015,30.5,-0.013,30.5
449,-0.023,30.5,-0.021,30.5,-0.02,30.5,-0.023,30.5
449.5,-0.022,30.5,-0.021,30.5,-0.025,30.5,-0.021,30.5
450,-0.002,30.5,-0.005,30.5,-0.004,30.5,-0.003,30.5
450.5,0,30.5,0,30.5,0.002,30.6,0.001,30.5
451,-0.008,30.5,-0.006,30.5,-0.003,30.5,-0.008,30.5
451.5,-0.017,30.6,-0.014,30.6,-0.004,30.5,-0.016,30.5
452,-0.009,30.5,-0.009,30.5,-0.009,30.5,-0.013,30.5
452.5,0,30.6,0,30.6,-0.002,30.6,-0.001,30.6
453,-0.002,30.6,-0.001,30.6,-0.002,30.6,0,30.6
453.5,-0.006,30.6,-0.006,30.6,-0.005,30.6,-0.005,30.6
454,-0.005,30.6,-0.005,30.6,-0.007,30.6,-0.006,30.6
454.5,0.004,30.6,0.005,30.6,-0.001,30.6,0.005,30.6
455,-0.004,30.6,-0.002,30.6,0.002,30.6,-0.002,30.5
455.5,-0.004,30.6,-0.004,30.6,-0.003,30.6,-0.001,30.5
456,-0.001,30.6,-0.002,30.6,0.001,30.6,-0.002,30.6
456.5,0.006,30.6,0.005,30.6,0.004,30.6,0.001,30.6
457,0.016,30.6,0.015,30.6,0.012,30.6,0.017,30.6
457.5,0.023,30.6,0.026,30.6,0.023,30.6,0.02,30.6
458,0.03,30.6,0.028,30.6,0.027,30.6,0.03,30.6
458.5,0.03,30.6,0.029,30.6,0.029,30.6,0.03,30.6
459,0.025,30.6,0.025,30.6,0.027,30.6,0.027,30.6
459.5,0.023,30.6,0.024,30.6,0.023,30.6,0.022,30.6
460,0.029,30.6,0.028,30.6,0.028,30.5,0.026,30.6
460.5,0.027,30.5,0.027,30.5,0.028,30.5,0.025,30.6
461,0.033,30.5,0.034,30.5,0.034,30.5,0.032,30.6
461.5,0.037,30.5,0.038,30.5,0.041,30.5,0.039,30.5
462,0.038,30.5,0.037,30.5,0.036,30.5,0.036,30.5
462.5,0.04,30.5,0.039,30.5,0.052,30.5,0.038,30.5
463,0.04,30.4,0.039,30.4,0.041,30.5,0.039,30.4
463.5,0.041,30.4,0.041,30.4,0.04,30.4,0.043,30.4
464,0.039,30.4,0.042,30.4,0.037,30.4,0.044,30.4
464.5,0.039,30.4,0.04,30.4,0.036,30.4,0.037,30.4
465,0.04,30.4,0.038,30.4,0.04,30.4,0.04,30.4
465.5,0.033,30.4,0.031,30.4,0.036,30.4,0.034,30.4
466,0.041,30.4,0.04,30.4,0.045,30.4,0.04,30.4
466.5,0.043,30.4,0.045,30.4,0.04,30.4,0.041,30.4
467,0.045,30.3,0.043,30.3,0.043,30.3,0.044,30.3
467.5,0.043,30.3,0.043,30.3,0.044,30.3,0.042,30.3
468,0.037,30.3,0.037,30.3,0.04,30.3,0.046,30.4
468.5,0.032,30.3,0.031,30.3,0.036,30.3,0.032,30.3
469,0.033,30.3,0.03,30.3,0.034,30.3,0.039,30.3
469.5,0.036,30.3,0.04,30.3,0.036,30.3,0.034,30.3
470,0.035,30.3,0.039,30.3,0.035,30.3,0.036,30.3
470.5,0.034,30.3,0.037,30.3,0.033,30.3,0.038,30.3
471,0.04,30.3,0.04,30.3,0.036,30.3,0.046,30.3
471.5,0.039,30.3,0.036,30.3,0.035,30.3,0.039,30.3
472,0.041,30.3,0.038,30.3,0.037,30.3,0.041,30.3
472.5,0.043,30.3,0.048,30.3,0.043,30.3,0.04,30.3
473,0.044,30.3,0.043,30.3,0.041,30.3,0.048,30.3
473.5,0.042,30.3,0.043,30.3,0.043,30.3,0.042,30.3
474,0.038,30.2,0.037,30.2,0.042,30.3,0.039,30.2
474.5,0.04,30.3,0.041,30.3,0.038,30.3,0.039,30.3
475,0.044,30.2,0.046,30.3,0.046,30.2,0.038,30.3
475.5,0.045,30.2,0.045,30.2,0.043,30.2,0.047,30.3
476,0.043,30.2,0.042,30.2,0.044,30.2,0.042,30.2
476.5,0.041,30.2,0.038,30.2,0.043,30.2,0.041,30.2
477,0.041,30.2,0.039,30.2,0.042,30.2,0.044,30.2
477.5,0.034,30.2,0.043,30.2,0.039,30.2,0.035,30.2
478,0.032,30.2,0.032,30.2,0.03,30.2,0.032,30.2
478.5,0.035,30.2,0.033,30.3,0.03,30.2,0.034,30.2
479,0.038,30.2,0.037,30.2,0.034,30.2,0.039,30.3
479.5,0.041,30.2,0.042,30.2,0.041,30.2,0.043,30.2
480,0.037,30.2,0.039,30.2,0.035,30.2,0.04,30.2
480.5,0.045,30.2,0.041,30.2,0.038,30.2,0.044,30.2
481,0.043,30.2,0.041,30.2,0.044,30.2,0.04,30.2
481.5,0.046,30.2,0.045,30.2,0.043,30.2,0.054,30.2
482,0.046,30.2,0.046,30.2,0.045,30.2,0.052,30.2
482.5,0.042,30.2,0.04,30.2,0.044,30.2,0.037,30.1
483,0.043,30.1,0.042,30.2,0.042,30.2,0.05,30.2
483.5,0.038,30.1,0.037,30.2,0.042,30.2,0.035,30.2
484,0.04,30.2,0.04,30.2,0.04,30.1,0.048,30.1
484.5,0.041,30.2,0.043,30.2,0.039,30.1,0.041,30.2
485,0.042,30.2,0.044,30.1,0.042,30.1,0.04,30.1
485.5,0.042,30.1,0.041,30.2,0.04,30.1,0.043,30.1
486,0.037,30.2,0.035,30.1,0.039,30.1,0.034,30.1
486.5,0.038,30.1,0.035,30.2,0.037,30.2,0.046,30.1
487,0.032,30.1,0.035,30.1,0.031,30.1,0.032,30.2
487.5,0.03,30.1,0.031,30.1,0.033,30.2,0.029,30.2
488,0.032,30.2,0.032,30.1,0.039,30.2,0.03,30.2
488.5,0.037,30.2,0.036,30.1,0.04,30.2,0.034,30.2
489,0.043,30.1,0.041,30.1,0.042,30.2,0.042,30.1
489.5,0.039,30.2,0.047,30.2,0.037,30.2,0.038,30.1
490,0.044,30.1,0.042,30.1,0.046,30.1,0.042,30.1
490.5,0.044,30.1,0.044,30.1,0.043,30.1,0.046,30.2
491,0.045,30.1,0.043,30.1,0.047,30.1,0.041,30.1
491.5,0.047,30.1,0.045,30.2,0.046,30.1,0.054,30.1
492,0.042,30.1,0.042,30.1,0.045,30.1,0.04,30.1
492.5,0.045,30.1,0.05,30.1,0.057,30.1,0.043,30.1
493,0.042,30.1,0.041,30.1,0.047,30.1,0.044,30.1
493.5,0.041,30.1,0.037,30.1,0.04,30.1,0.039,30.1
494,0.036,30.1,0.036,30,0.035,30.1,0.036,30.1
494.5,0.031,30.1,0.03,30.1,0.029,30.1,0.03,30.1
495,0.032,30.1,0.036,30.1,0.032,30.1,0.029,30.1
495.5,0.032,30.1,0.031,30.1,0.03,30.1,0.034,30.1
496,0.033,30.1,0.031,30.1,0.036,30.1,0.033,30.1
496.5,0.031,30.1,0.032,30.1,0.031,30.1,0.036,30.1
497,0.028,30.1,0.029,30.1,0.026,30.1,0.029,30.2
497.5,0.029,30.1,0.033,30.1,0.027,30.1,0.03,30.2
498,0.027,30.1,0.028,30.1,0.036,30.1,0.026,30.1
498.5,0.028,30.1,0.028,30.1,0.032,30.1,0.026,30.1
499,0.028,30.1,0.027,30.1,0.029,30.1,0.028,30.2
499.5,0.03,30.1,0.034,30.1,0.029,30.2,0.028,30.2
500,0.029,30.1,0.03,30.1,0.029,30.1,0.029,30.1
500.5,0.028,30.2,0.025,30.1,0.029,30.1,0.024,30.1
501,0.029,30.2,0.028,30.1,0.027,30.2,0.032,30.1
501.5,0.026,30.1,0.026,30.1,0.026,30.2,0.025,30.2
502,0.028,30.1,0.027,30.2,0.029,30.2,0.028,30.1
502.5,0.027,30.1,0.026,30.2,0.026,30.2,0.028,30.1
503,0.023,30.1,0.024,30.2,0.024,30.2,0.023,30.2
503.5,0.021,30.2,0.025,30.1,0.022,30.2,0.021,30.2
504,0.018,30.2,0.021,30.2,0.02,30.1,0.019,30.2
504.5,0.021,30.2,0.021,30.2,0.021,30.2,0.02,30.2
505,0.023,30.2,0.025,30.2,0.022,30.2,0.026,30.2
505.5,0.024,30.2,0.026,30.2,0.023,30.2,0.028,30.2
506,0.024,30.2,0.024,30.2,0.023,30.2,0.026,30.1
506.5,0.021,30.2,0.021,30.2,0.02,30.2,0.023,30.2
507,0.021,30.2,0.021,30.2,0.021,30.2,0.021,30.2
507.5,0.021,30.2,0.022,30.2,0.02,30.1,0.019,30.2
508,0.024,30.2,0.022,30.2,0.027,30.2,0.02,30.2
508.5,0.021,30.2,0.022,30.2,0.023,30.2,0.021,30.2
509,0.021,30.2,0.02,30.2,0.021,30.2,0.023,30.2
509.5,0.023,30.2,0.024,30.2,0.021,30.2,0.023,30.2
510,0.021,30.2,0.022,30.2,0.027,30.2,0.021,30.2
510.5,0.025,30.2,0.025,30.2,0.025,30.2,0.025,30.3
511,0.023,30.2,0.024,30.2,0.024,30.2,0.026,30.2
511.5,0.023,30.2,0.025,30.2,0.023,30.2,0.024,30.2
512,0.022,30.2,0.022,30.2,0.024,30.2,0.022,30.2
512.5,0.021,30.2,0.02,30.2,0.02,30.1,0.022,30.2
513,0.02,30.2,0.02,30.2,0.019,30.2,0.022,30.2
513.5,0.017,30.2,0.019,30.2,0.016,30.2,0.017,30.2
514,0.018,30.2,0.021,30.2,0.018,30.3,0.017,30.2
514.5,0.018,30.2,0.018,30.2,0.017,30.2,0.018,30.2
515,0.017,30.2,0.017,30.2,0.019,30.2,0.014,30.2
515.5,0.018,30.2,0.018,30.2,0.019,30.2,0.018,30.2
516,0.019,30.2,0.022,30.2,0.019,30.3,0.021,30.2
516.5,0.02,30.2,0.018,30.2,0.021,30.2,0.023,30.2
517,0.02,30.2,0.021,30.2,0.024,30.2,0.022,30.2
517.5,0.02,30.2,0.02,30.2,0.02,30.2,0.021,30.2
518,0.013,30.3,0.012,30.3,0.016,30.2,0.014,30.2
518.5,-0.018,30.2,-0.017,30.2,-0.008,30.3,-0.011,30.3
519,-0.076,30.3,-0.077,30.3,-0.072,30.3,-0.061,30.2
519.5,-0.115,30.2,-0.115,30.2,-0.113,30.3,-0.103,30.3
520,-0.103,30.1,-0.103,30.1,-0.108,30.2,-0.106,30.2
520.5,-0.051,30.1,-0.052,30.1,-0.053,30.1,-0.075,30.1
521,-0.018,30.1,-0.019,30.1,-0.028,30.1,-0.025,30.1
521.5,-0.007,30.1,-0.008,30.1,-0.012,30.1,-0.008,30.1
522,-0.003,30.1,-0.003,30.1,-0.004,30.1,-0.003,30.2
522.5,-0.012,30.2,-0.013,30.1,-0.009,30.2,-0.01,30.2
523,-0.02,30.2,-0.02,30.2,-0.016,30.2,-0.016,30.2
523.5,-0.014,30.2,-0.015,30.2,-0.018,30.3,-0.014,30.2
524,-0.001,30.2,-0.002,30.3,-0.004,30.2,-0.003,30.2
524.5,-0.001,30.2,0.007,30.3,0.006,30.2,-0.005,30.2
525,-0.002,30.3,-0.002,30.2,0.004,30.3,-0.002,30.2
525.5,-0.007,30.3,-0.007,30.3,-0.005,30.3,-0.005,30.3
526,-0.02,30.3,-0.019,30.3,-0.017,30.3,-0.014,30.3
526.5,-0.024,30.3,-0.023,30.3,-0.022,30.3,-0.021,30.3
527,-0.012,30.3,-0.012,30.3,-0.013,30.3,-0.016,30.3
527.5,-0.004,30.3,-0.004,30.3,-0.007,30.3,-0.003,30.3
528,-0.01,30.3,-0.009,30.3,-0.006,30.3,-0.008,30.4
528.5,-0.016,30.3,-0.015,30.3,-0.016,30.3,-0.013,30.3
529,-0.018,30.3,-0.018,30.3,-0.018,30.3,-0.016,30.3
529.5,-0.015,30.3,-0.013,30.3,-0.015,30.3,-0.018,30.3
530,-0.001,30.3,-0.001,30.3,-0.003,30.3,-0.006,30.3
530.5,-0.002,30.3,0.001,30.3,-0.001,30.3,-0.001,30.3
531,-0.01,30.3,-0.009,30.3,-0.007,30.3,-0.01,30.3
531.5,-0.012,30.3,-0.012,30.3,-0.011,30.3,-0.013,30.3
532,-0.008,30.3,-0.006,30.3,-0.012,30.3,-0.01,30.3
532.5,0.005,30.3,0.005,30.3,0.002,30.3,0.002,30.3
533,0.011,30.4,0.01,30.4,0.014,30.3,0.009,30.4
533.5,0.009,30.4,0.009,30.4,0.008,30.4,0.01,30.4
534,0.01,30.4,0.012,30.4,0.01,30.4,0.008,30.3
534.5,0.007,30.4,0.008,30.3,0.008,30.4,0.006,30.3
535,-0.001,30.4,0,30.4,-0.001,30.4,0,30.4
535.5,-0.005,30.4,-0.004,30.4,-0.005,30.4,-0.005,30.4
536,-0.01,30.4,-0.007,30.4,-0.007,30.4,-0.009,30.4
536.5,0.006,30.4,0.007,30.3,0.006,30.4,0.004,30.4
537,0.022,30.4,0.021,30.3,0.01,30.4,0.02,30.4
537.5,0.024,30.4,0.025,30.4,0.016,30.4,0.026,30.4
538,0.024,30.4,0.025,30.4,0.023,30.3,0.026,30.3
538.5,0.03,30.4,0.031,30.4,0.031,30.4,0.03,30.3
539,0.035,30.3,0.035,30.3,0.032,30.3,0.033,30.3
539.5,0.038,30.3,0.037,30.3,0.042,30.4,0.04,30.3
540,0.035,30.3,0.035,30.3,0.034,30.3,0.034,30.3
540.5,0.037,30.3,0.037,30.3,0.038,30.3,0.036,30.3
541,0.037,30.2,0.036,30.2,0.042,30.3,0.036,30.2
541.5,0.037,30.2,0.035,30.3,0.039,30.2,0.036,30.2
542,0.037,30.2,0.037,30.2,0.036,30.2,0.037,30.2
542.5,0.034,30.2,0.038,30.2,0.037,30.2,0.032,30.2
543,0.039,30.2,0.038,30.2,0.034,30.2,0.035,30.2
543.5,0.045,30.2,0.045,30.2,0.043,30.1,0.05,30.2
544,0.044,30.1,0.044,30.1,0.043,30.1,0.053,30.1
544.5,0.043,30.1,0.043,30.1,0.04,30.1,0.043,30.1
545,0.037,30.1,0.036,30.1,0.039,30.1,0.036,30.1
545.5,0.035,30.1,0.034,30.1,0.036,30.1,0.037,30.1
546,0.037,30.1,0.043,30.1,0.032,30,0.036,30.1
546.5,0.036,30.1,0.038,30,0.036,30,0.036,30
547,0.035,30.1,0.036,30.1,0.035,30.1,0.038,30.1
547.5,0.034,30.1,0.034,30.1,0.034,30.1,0.038,30.1
548,0.039,30.1,0.04,30.1,0.034,30,0.038,30.1
548.5,0.042,30,0.043,30,0.034,30,0.044,30.1
549,0.044,30,0.044,30,0.048,30,0.04,30
549.5,0.043,30,0.043,30,0.047,30,0.041,30
550,0.044,30,0.043,30,0.039,30,0.045,30
550.5,0.042,30,0.039,30,0.042,30,0.053,29.9
551,0.038,30,0.036,30,0.037,30,0.04,30
551.5,0.041,30,0.045,30,0.042,29.9,0.037,30
552,0.038,30,0.037,30,0.036,30,0.035,30
552.5,0.041,29.9,0.036,29.9,0.031,30,0.037,30
553,0.047,29.9,0.046,29.9,0.04,30,0.044,29.9
553.5,0.045,29.9,0.044,29.9,0.046,29.9,0.043,29.9
554,0.043,29.9,0.042,30,0.048,29.9,0.041,29.9
554.5,0.038,29.9,0.036,29.9,0.041,29.9,0.046,29.9
555,0.034,29.9,0.032,29.9,0.037,29.9,0.043,29.9
555.5,0.035,29.9,0.036,29.9,0.036,29.9,0.034,29.9
556,0.031,29.9,0.031,29.9,0.036,29.9,0.031,29.9
556.5,0.033,29.9,0.032,29.9,0.034,29.9,0.038,29.9
557,0.031,29.9,0.036,29.9,0.032,29.9,0.029,29.9
557.5,0.036,29.9,0.034,29.9,0.033,29.9,0.031,29.9
558,0.041,29.9,0.04,29.9,0.032,29.9,0.044,29.9
558.5,0.044,29.9,0.04,29.9,0.042,29.9,0.042,29.9
559,0.044,29.9,0.045,29.9,0.045,29.9,0.042,29.9
559.5,0.042,29.9,0.042,29.9,0.048,29.9,0.042,29.8
560,0.046,29.9,0.049,29.8,0.041,29.9,0.043,29.8
560.5,0.043,29.8,0.041,29.8,0.048,29.8,0.046,29.8
561,0.043,29.8,0.041,29.8,0.047,29.8,0.044,29.8
561.5,0.042,29.8,0.043,29.8,0.044,29.8,0.04,29.8
562,0.04,29.8,0.04,29.8,0.041,29.8,0.037,29.8
562.5,0.04,29.8,0.038,29.8,0.038,29.8,0.039,29.8
563,0.04,29.8,0.036,29.8,0.037,29.8,0.049,29.8
563.5,0.046,29.8,0.05,29.8,0.043,29.8,0.04,29.8
564,0.042,29.8,0.043,29.8,0.042,29.8,0.042,29.8
564.5,0.039,29.8,0.038,29.8,0.036,29.8,0.037,29.8
565,0.039,29.8,0.038,29.8,0.038,29.8,0.038,29.8
565.5,0.034,29.8,0.035,29.8,0.032,29.8,0.035,29.8
566,0.034,29.8,0.036,29.8,0.036,29.8,0.035,29.8
566.5,0.038,29.8,0.044,29.8,0.036,29.8,0.034,29.8
567,0.041,29.8,0.043,29.8,0.041,29.8,0.037,29.8
567.5,0.043,29.8,0.043,29.7,0.041,29.8,0.04,29.8
568,0.039,29.8,0.037,29.8,0.04,29.8,0.037,29.7
568.5,0.043,29.7,0.044,29.8,0.048,29.8,0.04,29.7
569,0.04,29.7,0.038,29.8,0.044,29.8,0.037,29.7
569.5,0.043,29.7,0.042,29.7,0.038,29.7,0.04,29.7
570,0.042,29.7,0.04,29.8,0.046,29.8,0.042,29.7
570.5,0.037,29.7,0.037,29.7,0.041,29.7,0.042,29.7
571,0.036,29.7,0.037,29.7,0.037,29.7,0.037,29.7
571.5,0.031,29.7,0.035,29.7,0.032,29.7,0.03,29.8
572,0.034,29.7,0.032,29.7,0.034,29.7,0.035,29.7
572.5,0.034,29.7,0.034,29.7,0.036,29.7,0.036,29.7
573,0.035,29.7,0.038,29.7,0.034,29.7,0.036,29.7
573.5,0.037,29.7,0.04,29.7,0.042,29.7,0.036,29.7
574,0.034,29.7,0.032,29.7,0.034,29.7,0.034,29.7
574.5,0.034,29.7,0.034,29.7,0.036,29.7,0.034,29.7
575,0.037,29.7,0.037,29.7,0.041,29.7,0.037,29.7
575.5,0.038,29.7,0.038,29.7,0.046,29.7,0.04,29.7
576,0.036,29.7,0.036,29.7,0.042,29.7,0.035,29.7
576.5,0.034,29.7,0.034,29.7,0.032,29.7,0.033,29.7
577,0.035,29.7,0.034,29.7,0.036,29.7,0.032,29.7
577.5,0.033,29.7,0.034,29.7,0.031,29.7,0.03,29.7
578,0.036,29.7,0.034,29.7,0.031,29.7,0.04,29.7
578.5,0.036,29.7,0.036,29.7,0.028,29.7,0.04,29.7
579,0.034,29.7,0.035,29.7,0.032,29.7,0.035,29.6
579.5,0.032,29.7,0.033,29.7,0.032,29.7,0.033,29.7
580,0.026,29.7,0.025,29.7,0.026,29.7,0.03,29.7
580.5,0.025,29.7,0.029,29.7,0.023,29.7,0.024,29.7
581,0.023,29.7,0.021,29.7,0.024,29.7,0.022,29.7
581.5,0.023,29.7,0.023,29.7,0.024,29.7,0.024,29.7
582,0.023,29.7,0.022,29.7,0.023,29.7,0.026,29.7
582.5,0.023,29.7,0.023,29.7,0.023,29.7,0.023,29.7
583,0.025,29.7,0.025,29.7,0.027,29.7,0.024,29.7
583.5,0.024,29.7,0.029,29.7,0.026,29.7,0.022,29.7
584,0.025,29.7,0.025,29.7,0.025,29.7,0.022,29.7
584.5,0.027,29.7,0.027,29.7,0.026,29.8,0.029,29.7
585,0.027,29.7,0.027,29.7,0.025,29.7,0.025,29.7
585.5,0.026,29.7,0.025,29.7,0.024,29.7,0.03,29.7
586,0.023,29.7,0.02,29.7,0.02,29.7,0.024,29.7
586.5,0.027,29.7,0.022,29.7,0.032,29.8,0.026,29.7
587,0.027,29.7,0.026,29.7,0.035,29.8,0.027,29.8
587.5,0.029,29.7,0.034,29.7,0.03,29.7,0.028,29.8
588,0.028,29.7,0.031,29.7,0.028,29.7,0.026,29.7
588.5,0.025,29.7,0.025,29.7,0.027,29.7,0.03,29.7
589,0.025,29.7,0.028,29.7,0.024,29.7,0.025,29.7
589.5,0.023,29.7,0.022,29.7,0.024,29.7,0.024,29.7
590,0.025,29.7,0.024,29.7,0.023,29.8,0.029,29.7
590.5,0.022,29.7,0.021,29.7,0.023,29.7,0.023,29.8
591,0.019,29.7,0.019,29.7,0.019,29.7,0.022,29.7
591.5,0.019,29.7,0.02,29.7,0.019,29.7,0.02,29.7
592,0.018,29.7,0.019,29.7,0.019,29.7,0.017,29.7
592.5,0.021,29.7,0.02,29.7,0.02,29.7,0.024,29.8
593,0.02,29.7,0.023,29.7,0.018,29.8,0.022,29.7
593.5,0.02,29.7,0.02,29.7,0.017,29.7,0.02,29.7
594,0.019,29.7,0.02,29.7,0.021,29.7,0.019,29.8
594.5,0.021,29.7,0.022,29.7,0.02,29.7,0.02,29.7
595,0.025,29.7,0.024,29.7,0.024,29.7,0.024,29.7
595.5,0.021,29.7,0.021,29.7,0.02,29.8,0.022,29.8
596,0.02,29.7,0.019,29.8,0.022,29.7,0.021,29.7
596.5,0.02,29.7,0.021,29.8,0.021,29.7,0.021,29.8
597,0.018,29.7,0.018,29.7,0.017,29.7,0.019,29.7
597.5,0.006,29.7,0.006,29.7,0.009,29.7,0.018,29.7
598,-0.044,29.8,-0.04,29.7,-0.032,29.7,-0.024,29.7
598.5,-0.114,29.7,-0.108,29.7,-0.1,29.7,-0.079,29.7
599,-0.138,29.7,-0.134,29.7,-0.14,29.7,-0.136,29.7
599.5,-0.08,29.5,-0.079,29.5,-0.104,29.5,-0.09,29.5
600,-0.022,29.5,-0.02,29.5,-0.029,29.5,-0.041,29.5
600.5,-0.005,29.5,-0.005,29.5,-0.003,29.6,-0.005,29.5
601,-0.006,29.6,-0.007,29.6,-0.005,29.6,-0.006,29.6
601.5,0.003,29.6,0.003,29.6,0.002,29.6,0.003,29.6
602,0.011,29.6,0.01,29.7,0.006,29.6,0.013,29.6
602.5,0.006,29.7,0.006,29.7,0.008,29.7,0.01,29.6
603,-0.003,29.7,-0.003,29.7,0.003,29.7,0,29.7
603.5,-0.01,29.7,-0.01,29.7,-0.01,29.7,-0.005,29.7
604,-0.011,29.7,-0.011,29.8,-0.013,29.8,-0.012,29.7
604.5,0.014,29.8,0.011,29.8,0.008,29.8,0.011,29.8
605,0.012,29.8,0.013,29.8,0.011,29.7,0.015,29.8
605.5,0.004,29.8,0.004,29.8,0.005,29.8,0.002,29.7
606,0.004,29.8,0.007,29.7,0.009,29.8,0.005,29.8
606.5,0.005,29.8,0.006,29.8,0.006,29.7,0.005,29.8
607,0.004,29.8,0.005,29.8,0.006,29.8,0.004,29.8
607.5,-0.001,29.8,-0.001,29.8,0.002,29.8,0.001,29.8
608,-0.002,29.8,-0.001,29.8,-0.002,29.8,-0.001,29.8
608.5,0.002,29.8,0.001,29.8,0.002,29.8,-0.001,29.8
609,-0.005,29.8,0.003,29.8,-0.005,29.8,-0.004,29.9
609.5,-0.027,29.8,-0.021,29.8,-0.025,29.8,-0.026,29.8
610,-0.027,29.8,-0.027,29.8,-0.034,29.8,-0.028,29.8
610.5,-0.015,29.8,-0.014,29.8,-0.021,29.8,-0.016,29.8
611,0.002,29.8,0.002,29.8,-0.002,29.8,-0.001,29.8
611.5,0.008,29.8,0.009,29.8,0.006,29.8,0.007,29.8
612,0.003,29.8,0.004,29.8,0.005,29.8,0.004,29.8
612.5,-0.006,29.8,-0.006,29.8,-0.002,29.8,-0.005,29.8
613,-0.018,29.8,-0.018,29.8,-0.006,29.8,-0.014,29.8
613.5,-0.023,29.8,-0.022,29.8,-0.021,29.8,-0.018,29.8
614,-0.016,29.8,-0.016,29.8,-0.017,29.8,-0.018,29.9
614.5,-0.013,29.8,-0.014,29.8,-0.012,29.8,-0.013,29.9
615,-0.009,29.8,-0.01,29.8,-0.01,29.8,-0.011,29.8
615.5,-0.004,29.8,-0.004,29.8,-0.004,29.8,-0.006,29.8
616,0,29.8,-0.001,29.8,0.001,29.9,-0.001,29.8
616.5,0.006,29.8,0.007,29.8,0.007,29.9,0.006,29.8
617,0.013,29.8,0.014,29.8,0.015,29.8,0.012,29.8
617.5,0.016,29.8,0.017,29.8,0.017,29.8,0.016,29.8
618,0.021,29.8,0.022,29.8,0.019,29.7,0.021,29.9
618.5,0.028,29.8,0.027,29.8,0.021,29.7,0.027,29.8
619,0.033,29.8,0.037,29.8,0.031,29.8,0.032,29.8
619.5,0.031,29.8,0.031,29.8,0.03,29.8,0.033,29.8
620,0.032,29.8,0.031,29.8,0.032,29.8,0.031,29.8
620.5,0.035,29.7,0.034,29.7,0.034,29.8,0.035,29.7
621,0.035,29.7,0.033,29.7,0.035,29.7,0.035,29.7
621.5,0.04,29.7,0.037,29.7,0.038,29.7,0.04,29.7
622,0.037,29.7,0.035,29.7,0.039,29.7,0.041,29.7
622.5,0.035,29.7,0.035,29.7,0.038,29.7,0.039,29.7
623,0.032,29.6,0.033,29.6,0.036,29.7,0.034,29.6
623.5,0.035,29.6,0.035,29.6,0.039,29.7,0.03,29.6
624,0.034,29.6,0.034,29.6,0.036,29.6,0.036,29.7
624.5,0.033,29.6,0.036,29.6,0.034,29.6,0.032,29.6
625,0.038,29.6,0.037,29.6,0.037,29.6,0.032,29.6
625.5,0.043,29.6,0.045,29.6,0.039,29.5,0.043,29.6
626,0.045,29.5,0.046,29.6,0.037,29.5,0.048,29.6
626.5,0.047,29.5,0.047,29.5,0.044,29.5,0.053,29.6
627,0.041,29.5,0.042,29.5,0.042,29.5,0.038,29.5
627.5,0.042,29.5,0.043,29.5,0.039,29.5,0.04,29.5
628,0.042,29.5,0.04,29.5,0.036,29.5,0.041,29.5
628.5,0.042,29.5,0.04,29.4,0.035,29.5,0.044,29.5
629,0.041,29.5,0.04,29.4,0.039,29.5,0.045,29.4
629.5,0.038,29.5,0.035,29.4,0.037,29.5,0.043,29.4
630,0.042,29.4,0.04,29.4,0.047,29.4,0.038,29.5
630.5,0.043,29.4,0.044,29.4,0.042,29.4,0.041,29.5
631,0.047,29.4,0.047,29.4,0.05,29.4,0.046,29.4
631.5,0.042,29.4,0.043,29.4,0.041,29.4,0.048,29.4
632,0.039,29.4,0.038,29.4,0.041,29.4,0.045,29.4
632.5,0.036,29.4,0.036,29.4,0.036,29.4,0.043,29.4
633,0.035,29.4,0.035,29.4,0.037,29.4,0.035,29.4
633.5,0.036,29.4,0.04,29.4,0.038,29.3,0.037,29.4
634,0.032,29.4,0.031,29.4,0.031,29.4,0.037,29.4
634.5,0.034,29.4,0.035,29.4,0.035,29.4,0.031,29.4
635,0.039,29.4,0.041,29.3,0.044,29.4,0.035,29.4
635.5,0.04,29.4,0.04,29.4,0.042,29.4,0.04,29.4
636,0.044,29.4,0.047,29.4,0.044,29.3,0.044,29.4
636.5,0.042,29.4,0.041,29.4,0.042,29.4,0.046,29.4
637,0.044,29.3,0.049,29.3,0.038,29.4,0.042,29.3
637.5,0.042,29.3,0.041,29.3,0.047,29.3,0.043,29.4
638,0.042,29.3,0.042,29.3,0.039,29.3,0.04,29.3
638.5,0.038,29.3,0.04,29.3,0.04,29.3,0.034,29.3
639,0.037,29.3,0.036,29.3,0.037,29.3,0.039,29.3
639.5,0.041,29.3,0.046,29.3,0.045,29.3,0.039,29.3
640,0.041,29.3,0.038,29.3,0.042,29.3,0.036,29.3
640.5,0.044,29.3,0.046,29.3,0.043,29.3,0.038,29.3
641,0.042,29.3,0.043,29.3,0.044,29.3,0.039,29.3
641.5,0.036,29.3,0.036,29.2,0.04,29.3,0.037,29.3
642,0.033,29.3,0.038,29.3,0.04,29.3,0.034,29.3
642.5,0.033,29.3,0.033,29.3,0.039,29.3,0.029,29.3
643,0.036,29.3,0.036,29.3,0.035,29.3,0.035,29.3
643.5,0.034,29.3,0.034,29.3,0.032,29.3,0.032,29.3
644,0.032,29.3,0.032,29.3,0.033,29.3,0.031,29.3
644.5,0.038,29.3,0.039,29.3,0.037,29.3,0.034,29.3
645,0.039,29.3,0.036,29.3,0.04,29.3,0.039,29.3
645.5,0.044,29.3,0.05,29.3,0.04,29.3,0.039,29.3
646,0.044,29.3,0.043,29.3,0.047,29.3,0.043,29.3
646.5,0.044,29.2,0.045,29.2,0.043,29.2,0.042,29.3
647,0.042,29.2,0.044,29.3,0.042,29.2,0.043,29.2
647.5,0.039,29.2,0.038,29.2,0.038,29.2,0.042,29.2
648,0.04,29.2,0.044,29.2,0.042,29.2,0.04,29.2
648.5,0.039,29.2,0.039,29.2,0.044,29.2,0.044,29.2
649,0.039,29.2,0.041,29.2,0.04,29.2,0.037,29.2
649.5,0.037,29.2,0.037,29.2,0.038,29.2,0.035,29.2
650,0.035,29.2,0.034,29.2,0.044,29.2,0.036,29.2
650.5,0.038,29.2,0.038,29.2,0.038,29.2,0.039,29.2
651,0.036,29.2,0.034,29.2,0.04,29.2,0.037,29.1
651.5,0.037,29.2,0.037,29.2,0.042,29.2,0.038,29.2
652,0.032,29.2,0.033,29.2,0.035,29.2,0.034,29.2
652.5,0.033,29.2,0.032,29.2,0.035,29.2,0.033,29.2
653,0.032,29.2,0.031,29.2,0.032,29.2,0.041,29.2
653.5,0.032,29.2,0.032,29.2,0.032,29.2,0.032,29.2
654,0.038,29.2,0.037,29.2,0.034,29.2,0.039,29.2
654.5,0.036,29.2,0.036,29.2,0.035,29.2,0.04,29.2
655,0.038,29.2,0.035,29.2,0.032,29.2,0.041,29.2
655.5,0.04,29.2,0.041,29.2,0.038,29.2,0.042,29.2
656,0.034,29.2,0.032,29.2,0.034,29.2,0.035,29.1
656.5,0.036,29.2,0.038,29.2,0.035,29.2,0.033,29.2
657,0.037,29.2,0.043,29.2,0.039,29.2,0.033,29.2
657.5,0.032,29.2,0.017,29.2,0.04,29.2,0.035,29.2
658,0.03,29.2,0.028,29.1,0.04,29.2,0.03,29.2
658.5,0.027,29.2,0.026,29.2,0.026,29.2,0.028,29.1
659,0.027,29.2,0.026,29.2,0.028,29.2,0.025,29.2
659.5,0.027,29.2,0.029,29.2,0.03,29.2,0.024,29.2
660,0.03,29.2,0.028,29.2,0.031,29.2,0.026,29.2
660.5,0.03,29.2,0.032,29.2,0.027,29.2,0.029,29.2
661,0.03,29.2,0.03,29.2,0.029,29.2,0.027,29.1
661.5,0.028,29.2,0.029,29.2,0.029,29.2,0.027,29.2
662,0.029,29.2,0.03,29.2,0.031,29.2,0.029,29.2
662.5,0.03,29.2,0.029,29.2,0.031,29.2,0.028,29.2
663,0.027,29.2,0.031,29.2,0.033,29.2,0.024,29.2
663.5,0.026,29.2,0.026,29.2,0.033,29.2,0.03,29.2
664,0.027,29.2,0.031,29.2,0.027,29.2,0.029,29.2
664.5,0.024,29.2,0.027,29.2,0.028,29.2,0.024,29.2
665,0.023,29.2,0.023,29.2,0.028,29.2,0.023,29.2
665.5,0.021,29.2,0.021,29.2,0.027,29.2,0.019,29.2
666,0.025,29.2,0.025,29.2,0.024,29.2,0.026,29.2
666.5,0.024,29.2,0.024,29.2,0.024,29.2,0.019,29.2
667,0.022,29.2,0.023,29.2,0.022,29.2,0.021,29.2
667.5,0.021,29.2,0.02,29.2,0.017,29.2,0.022,29.2
668,0.018,29.2,0.015,29.2,0.019,29.2,0.017,29.2
668.5,0.017,29.2,0.018,29.2,0.017,29.2,0.017,29.3
669,0.018,29.2,0.017,29.2,0.018,29.2,0.017,29.2
669.5,0.023,29.3,0.024,29.3,0.021,29.2,0.02,29.3
670,0.024,29.2,0.024,29.3,0.021,29.3,0.025,29.2
670.5,0.021,29.2,0.02,29.2,0.021,29.2,0.021,29.2
671,0.021,29.2,0.021,29.2,0.02,29.3,0.021,29.3
671.5,0.019,29.3,0.018,29.3,0.021,29.2,0.019,29.3
672,0.025,29.3,0.028,29.3,0.025,29.3,0.022,29.2
672.5,0.023,29.2,0.021,29.2,0.024,29.2,0.025,29.3
673,0.022,29.3,0.021,29.3,0.025,29.3,0.024,29.3
673.5,0.023,29.2,0.024,29.2,0.024,29.3,0.022,29.2
674,0.023,29.2,0.023,29.2,0.021,29.2,0.027,29.2
674.5,0.025,29.2,0.027,29.2,0.022,29.2,0.027,29.2
675,0.022,29.2,0.022,29.2,0.019,29.3,0.022,29.2
675.5,0.022,29.2,0.022,29.2,0.021,29.3,0.025,29.2
676,0.019,29.2,0.02,29.2,0.018,29.2,0.021,29.3
676.5,0.018,29.2,0.018,29.2,0.017,29.2,0.019,29.3
677,0.018,29.2,0.017,29.2,0.018,29.3,0.017,29.2
677.5,0.012,29.2,0.014,29.2,0.013,29.2,0.012,29.3
678,-0.013,29.3,-0.012,29.3,-0.011,29.2,-0.007,29.3
678.5,-0.077,29.3,-0.072,29.3,-0.054,29.3,-0.049,29.3
679,-0.115,29.2,-0.113,29.2,-0.11,29.3,-0.11,29.3
679.5,-0.132,29.2,-0.132,29.2,-0.128,29.2,-0.132,29.2
680,-0.076,29.1,-0.079,29.1,-0.084,29.1,-0.084,29.1
680.5,-0.026,29.1,-0.029,29.1,-0.033,29.1,-0.034,29
681,-0.01,29.1,-0.01,29,-0.012,29.1,-0.008,29.1
681.5,-0.003,29.1,-0.003,29.1,-0.008,29.1,-0.002,29.1
682,-0.002,29.1,-0.001,29.1,-0.003,29.1,-0.001,29.1
682.5,-0.002,29.2,-0.001,29.2,-0.002,29.2,0.002,29.2
683,-0.005,29.2,-0.006,29.2,-0.005,29.2,-0.003,29.2
683.5,-0.004,29.2,-0.004,29.2,-0.003,29.2,-0.005,29.2
684,-0.002,29.3,-0.002,29.2,-0.003,29.3,-0.004,29.2
684.5,-0.001,29.3,0,29.2,-0.002,29.3,-0.005,29.2
685,-0.011,29.3,-0.01,29.3,-0.009,29.3,-0.011,29.3
685.5,-0.018,29.3,-0.016,29.3,-0.017,29.3,-0.016,29.3
686,-0.013,29.3,-0.012,29.3,-0.015,29.3,-0.014,29.3
686.5,-0.004,29.3,-0.004,29.3,-0.005,29.3,-0.008,29.3
687,0.003,29.3,0.002,29.3,-0.004,29.3,0.003,29.3
687.5,-0.001,29.3,0.001,29.3,0,29.3,-0.002,29.3
688,0.002,29.4,0.002,29.4,0.003,29.4,0.002,29.4
688.5,-0.004,29.4,0.001,29.4,-0.006,29.4,-0.004,29.4
689,0.005,29.4,0.005,29.4,0.005,29.4,0.003,29.4
689.5,0.001,29.4,0.001,29.4,0.002,29.3,0.002,29.3
690,-0.012,29.4,-0.008,29.4,-0.011,29.3,-0.013,29.4
690.5,-0.02,29.4,-0.021,29.4,-0.018,29.3,-0.018,29.4
691,-0.023,29.4,-0.024,29.3,-0.021,29.4,-0.023,29.4
691.5,-0.011,29.4,-0.015,29.4,-0.012,29.4,-0.022,29.4
692,-0.001,29.4,-0.002,29.4,-0.003,29.4,-0.004,29.4
692.5,-0.004,29.4,-0.004,29.4,-0.004,29.4,-0.002,29.3
693,-0.007,29.4,-0.008,29.4,-0.007,29.4,-0.005,29.3
693.5,-0.007,29.4,-0.007,29.4,-0.008,29.4,-0.006,29.3
694,-0.005,29.4,-0.003,29.4,-0.009,29.4,-0.005,29.4
694.5,0.004,29.4,0.004,29.4,0.001,29.4,0,29.4
695,0,29.4,0.001,29.4,0.008,29.4,0,29.4
695.5,0.006,29.4,0.007,29.4,0.007,29.4,0.005,29.4
696,0.007,29.4,0.008,29.4,0.008,29.4,0.009,29.4
696.5,0.014,29.4,0.013,29.4,0.014,29.4,0.014,29.4
697,0.016,29.4,0.017,29.4,0.016,29.4,0.017,29.4
697.5,0.017,29.4,0.022,29.4,0.015,29.4,0.017,29.4
698,0.021,29.4,0.021,29.4,0.018,29.4,0.023,29.4
698.5,0.03,29.4,0.032,29.4,0.026,29.4,0.031,29.4
699,0.035,29.3,0.034,29.3,0.034,29.4,0.035,29.3
699.5,0.032,29.3,0.032,29.3,0.032,29.3,0.031,29.3
700,0.029,29.3,0.03,29.3,0.028,29.3,0.028,29.3
700.5,0.027,29.3,0.026,29.3,0.028,29.3,0.026,29.3
701,0.034,29.3,0.037,29.3,0.035,29.3,0.031,29.3
701.5,0.033,29.3,0.033,29.3,0.032,29.3,0.036,29.3
702,0.037,29.2,0.036,29.2,0.036,29.2,0.036,29.3
702.5,0.041,29.2,0.042,29.2,0.038,29.2,0.042,29.2
703,0.043,29.2,0.044,29.2,0.04,29.2,0.047,29.2
703.5,0.042,29.2,0.043,29.2,0.042,29.2,0.042,29.2
704,0.043,29.2,0.045,29.2,0.041,29.2,0.04,29.1
704.5,0.046,29.2,0.045,29.2,0.05,29.1,0.041,29.2
705,0.043,29.1,0.049,29.1,0.045,29.2,0.04,29.1
705.5,0.042,29.1,0.045,29.1,0.044,29.1,0.038,29.1
706,0.043,29.1,0.042,29.1,0.046,29.1,0.04,29.1
706.5,0.036,29,0.035,29.1,0.034,29,0.037,29
707,0.041,29.1,0.041,29.1,0.033,29,0.039,29.1
707.5,0.039,29.1,0.039,29,0.036,29.1,0.036,29.1
708,0.041,29,0.046,29,0.042,29,0.039,29
708.5,0.041,29,0.044,29,0.046,29,0.039,29
709,0.037,29,0.038,29,0.039,29.1,0.036,29
709.5,0.033,29,0.032,29,0.032,29.1,0.034,29
710,0.036,29,0.033,29,0.03,29.1,0.041,29
710.5,0.038,29,0.036,29,0.038,29,0.038,29
711,0.036,29,0.036,29,0.04,29,0.033,29
711.5,0.036,29,0.036,29,0.033,29,0.032,29
712,0.037,29,0.035,29,0.035,29,0.036,29
712.5,0.038,29,0.038,29,0.038,29,0.038,29
713,0.042,29,0.042,29,0.038,29,0.054,29
713.5,0.042,29,0.045,29,0.04,29,0.049,29
714,0.046,29,0.046,29,0.044,29,0.042,29
714.5,0.049,28.9,0.05,28.9,0.045,28.9,0.049,28.9
715,0.046,28.9,0.046,28.9,0.045,29,0.048,28.9
715.5,0.048,28.9,0.046,28.9,0.05,29,0.047,28.9
716,0.043,28.9,0.043,28.9,0.044,28.9,0.052,28.9
716.5,0.043,28.9,0.04,28.9,0.039,28.8,0.046,28.9
717,0.042,28.9,0.042,28.9,0.042,28.9,0.039,28.9
717.5,0.038,28.9,0.037,28.9,0.038,28.9,0.038,28.9
718,0.045,28.9,0.043,28.9,0.044,28.9,0.044,28.8
718.5,0.042,28.9,0.046,28.9,0.046,28.9,0.041,28.9
719,0.04,28.9,0.04,28.9,0.042,28.9,0.044,28.8
719.5,0.039,28.9,0.037,28.9,0.044,28.9,0.039,28.9
720,0.038,28.9,0.037,28.9,0.038,28.8,0.036,28.9
720.5,0.034,28.9,0.035,28.8,0.036,28.9,0.036,28.9
721,0.03,28.9,0.03,28.9,0.031,28.9,0.031,28.9
721.5,0.034,28.9,0.038,28.9,0.042,28.9,0.034,28.8
722,0.035,28.9,0.034,28.9,0.04,28.9,0.038,28.9
722.5,0.04,28.9,0.037,28.9,0.035,28.9,0.04,28.9
723,0.042,28.9,0.043,28.9,0.04,28.9,0.04,28.9
723.5,0.04,28.8,0.043,28.9,0.037,28.8,0.041,28.9
724,0.042,28.9,0.04,28.8,0.044,28.8,0.043,28.9
724.5,0.04,28.8,0.04,28.8,0.042,28.8,0.04,28.9
725,0.043,28.8,0.042,28.8,0.041,28.8,0.045,28.8
725.5,0.04,28.8,0.038,28.8,0.038,28.8,0.043,28.8
726,0.042,28.8,0.041,28.8,0.039,28.8,0.046,28.8
726.5,0.042,28.8,0.046,28.8,0.042,28.8,0.041,28.8
727,0.039,28.8,0.038,28.8,0.04,28.8,0.042,28.8
727.5,0.04,28.8,0.04,28.8,0.041,28.8,0.046,28.8
728,0.038,28.8,0.043,28.8,0.038,28.8,0.045,28.8
728.5,0.038,28.8,0.039,28.8,0.032,28.8,0.039,28.8
729,0.035,28.8,0.036,28.8,0.035,28.8,0.041,28.8
729.5,0.035,28.8,0.034,28.8,0.033,28.8,0.035,28.8
730,0.034,28.8,0.033,28.8,0.035,28.8,0.035,28.8
730.5,0.032,28.8,0.032,28.8,0.03,28.8,0.032,28.8
731,0.035,28.8,0.038,28.8,0.034,28.8,0.027,28.8
731.5,0.04,28.8,0.039,28.8,0.038,28.9,0.038,28.8
732,0.038,28.8,0.035,28.8,0.036,28.8,0.042,28.8
732.5,0.04,28.8,0.039,28.8,0.041,28.8,0.041,28.8
733,0.038,28.8,0.038,28.8,0.037,28.8,0.035,28.8
733.5,0.042,28.8,0.04,28.8,0.044,28.8,0.038,28.8
734,0.039,28.8,0.04,28.8,0.042,28.8,0.041,28.8
734.5,0.038,28.8,0.039,28.7,0.039,28.7,0.039,28.8
735,0.04,28.7,0.035,28.8,0.07,28.7,0.018,28.8
735.5,0.026,28.7,0.028,28.8,0.028,28.7,0.017,28.7
736,0.03,28.8,0.032,28.7,0.029,28.7,0.029,28.7
736.5,0.027,28.7,0.027,28.7,0.026,28.7,0.028,28.8
737,0.032,28.7,0.031,28.8,0.031,28.8,0.027,28.7
737.5,0.035,28.8,0.039,28.8,0.038,28.8,0.032,28.8
738,0.032,28.8,0.034,28.8,0.038,28.8,0.035,28.8
738.5,0.032,28.7,0.031,28.8,0.029,28.7,0.034,28.7
739,0.027,28.8,0.026,28.8,0.028,28.7,0.026,28.8
739.5,0.033,28.8,0.036,28.8,0.033,28.8,0.026,28.8
740,0.029,28.8,0.029,28.7,0.031,28.8,0.032,28.8
740.5,0.029,28.8,0.028,28.8,0.026,28.8,0.025,28.8
741,0.03,28.8,0.03,28.8,0.031,28.7,0.029,28.8
741.5,0.029,28.8,0.027,28.8,0.039,28.7,0.026,28.8
742,0.03,28.8,0.033,28.8,0.027,28.8,0.037,28.8
742.5,0.027,28.8,0.025,28.8,0.027,28.8,0.025,28.8
743,0.029,28.8,0.026,28.8,0.031,28.8,0.027,28.8
743.5,0.028,28.8,0.029,28.8,0.029,28.8,0.031,28.8
744,0.024,28.8,0.024,28.8,0.025,28.8,0.026,28.7
744.5,0.025,28.8,0.025,28.8,0.026,28.8,0.026,28.8
745,0.022,28.8,0.025,28.8,0.022,28.8,0.025,28.8
745.5,0.02,28.8,0.02,28.8,0.019,28.8,0.022,28.8
746,0.021,28.8,0.021,28.8,0.021,28.8,0.021,28.8
746.5,0.022,28.8,0.023,28.8,0.022,28.8,0.02,28.8
747,0.025,28.8,0.026,28.8,0.023,28.8,0.025,28.8
747.5,0.025,28.8,0.025,28.8,0.02,28.8,0.024,28.8
748,0.026,28.8,0.024,28.8,0.031,28.8,0.025,28.8
748.5,0.022,28.8,0.024,28.8,0.024,28.8,0.022,28.8
749,0.028,28.8,0.027,28.8,0.032,28.8,0.032,28.8
749.5,0.026,28.8,0.025,28.8,0.032,28.8,0.028,28.8
750,0.023,28.8,0.023,28.8,0.022,28.8,0.027,28.8
750.5,0.022,28.8,0.027,28.8,0.02,28.8,0.022,28.8
751,0.021,28.8,0.022,28.8,0.025,28.8,0.025,28.8
751.5,0.023,28.8,0.023,28.8,0.026,28.8,0.022,28.8
752,0.022,28.8,0.023,28.8,0.024,28.8,0.02,28.8
752.5,0.022,28.8,0.024,28.8,0.02,28.8,0.022,28.9
753,0.024,28.8,0.027,28.9,0.024,28.8,0.026,28.8
753.5,0.019,28.8,0.019,28.8,0.019,28.8,0.019,28.8
754,0.021,28.8,0.022,28.8,0.02,28.8,0.018,28.9
754.5,0.018,28.8,0.018,28.8,0.016,28.8,0.019,28.8
755,0.016,28.8,0.016,28.8,0.016,28.8,0.017,28.8
755.5,0.015,28.8,0.016,28.8,0.016,28.8,0.015,28.8
756,0.016,28.8,0.017,28.8,0.017,28.8,0.015,28.8
756.5,0.018,28.8,0.018,28.9,0.018,28.9,0.019,28.8
757,0.017,28.8,0.018,28.8,0.017,28.9,0.018,28.9
757.5,0.013,28.8,0.014,28.8,0.013,28.9,0.014,28.9
758,-0.015,28.8,-0.013,28.8,-0.01,28.8,-0.01,28.9
758.5,-0.056,28.9,-0.056,28.9,-0.05,28.8,-0.054,28.9
759,-0.105,28.9,-0.101,28.9,-0.091,28.9,-0.102,28.9
759.5,-0.12,28.8,-0.12,28.8,-0.119,28.8,-0.121,28.8
760,-0.093,28.7,-0.095,28.7,-0.095,28.7,-0.102,28.7
760.5,-0.045,28.7,-0.047,28.7,-0.045,28.7,-0.091,28.7
761,-0.017,28.7,-0.018,28.7,-0.019,28.7,-0.02,28.7
761.5,-0.008,28.7,-0.007,28.7,-0.009,28.7,-0.007,28.7
762,-0.005,28.7,-0.005,28.7,-0.004,28.7,-0.004,28.8
762.5,-0.005,28.8,-0.006,28.8,-0.005,28.7,-0.005,28.7
763,-0.004,28.8,-0.003,28.8,-0.002,28.8,-0.003,28.8
763.5,-0.012,28.8,-0.008,28.8,-0.014,28.8,-0.006,28.8
764,-0.004,28.8,-0.004,28.8,-0.009,28.8,-0.006,28.8
764.5,-0.002,28.9,-0.002,28.9,-0.001,28.8,-0.001,28.9
765,-0.013,28.9,-0.013,28.8,0.002,28.8,-0.013,28.9
765.5,-0.009,28.9,-0.009,28.9,-0.007,28.9,-0.009,28.9
766,-0.005,28.9,-0.006,28.9,-0.004,28.9,-0.004,28.9
766.5,-0.007,28.9,-0.006,28.9,-0.007,28.9,-0.006,28.9
767,-0.009,28.9,-0.01,28.9,-0.009,28.9,-0.008,28.9
767.5,-0.015,28.9,-0.014,28.9,-0.015,29,-0.014,28.9
768,-0.017,28.9,-0.016,28.9,-0.018,28.9,-0.017,28.9
768.5,-0.008,28.9,-0.008,28.9,-0.012,28.9,-0.007,28.9
769,0.003,28.9,0.003,28.9,0.003,29,0.004,28.9
769.5,0.005,28.9,0.005,28.9,0.004,29,0.008,29
770,0,29,0,28.9,0.002,29,0.001,29
770.5,-0.005,29,-0.003,28.9,-0.004,29,-0.003,29
771,-0.002,29,-0.001,28.9,-0.003,28.9,-0.003,29
771.5,0.002,29,0.001,29,0.004,29,0.001,29
772,-0.013,29,-0.027,29,-0.004,29,-0.005,29
772.5,-0.031,29,-0.042,29,0.006,28.9,-0.018,29
773,-0.009,29,-0.008,29,0.001,28.9,-0.013,29
773.5,0,29,-0.003,29,0.002,29,0.002,29
774,0.011,29,0.011,29,0.016,29,0.01,29
774.5,0.015,29,0.008,29,0.008,29,0.013,29
775,-0.001,29,0.001,29,0.003,29,0.002,29
775.5,0.002,29,0.001,29,0,29,0.002,28.9
776,0.007,29,0.006,29,0.006,29,0.007,29
776.5,0.004,29,0.005,29,0.004,29,0.005,29
777,-0.002,29,-0.001,29,-0.002,29,0,29
777.5,0.004,29,0.003,29,0.003,29,0.001,29
778,0.014,29,0.017,29,0.012,29,0.014,29
778.5,0.011,29,0.013,29,0.012,29,0.01,29
779,0.02,29,0.019,29,0.018,29,0.02,29
779.5,0.026,29,0.026,29,0.026,29,0.027,29
780,0.029,29,0.029,29,0.024,29,0.027,29
780.5,0.036,29,0.036,29,0.024,29,0.033,29
781,0.037,28.9,0.037,28.9,0.033,29,0.037,28.9
781.5,0.041,28.9,0.042,28.9,0.037,28.9,0.037,28.9
782,0.042,28.9,0.043,28.9,0.041,28.9,0.04,28.9
782.5,0.042,28.9,0.04,28.8,0.043,28.9,0.041,28.9
783,0.042,28.8,0.041,28.8,0.04,28.9,0.041,28.8
783.5,0.041,28.8,0.042,28.8,0.037,28.9,0.042,28.8
784,0.043,28.8,0.042,28.8,0.041,28.8,0.041,28.8
784.5,0.043,28.8,0.046,28.8,0.048,28.7,0.044,28.8
785,0.048,28.7,0.049,28.7,0.046,28.7,0.052,28.7
785.5,0.051,28.7,0.055,28.7,0.047,28.7,0.057,28.7
786,0.043,28.7,0.042,28.7,0.042,28.7,0.044,28.7
786.5,0.043,28.7,0.043,28.7,0.044,28.7,0.04,28.7
787,0.04,28.7,0.047,28.6,0.038,28.7,0.039,28.6
787.5,0.04,28.7,0.046,28.6,0.038,28.7,0.042,28.6
788,0.034,28.6,0.031,28.6,0.039,28.7,0.036,28.6
788.5,0.033,28.6,0.032,28.6,0.036,28.6,0.037,28.6
789,0.035,28.7,0.035,28.7,0.035,28.6,0.034,28.6
789.5,0.035,28.7,0.034,28.7,0.034,28.7,0.034,28.6
790,0.043,28.6,0.046,28.7,0.042,28.6,0.041,28.6
790.5,0.045,28.6,0.046,28.6,0.045,28.6,0.044,28.6
791,0.044,28.6,0.045,28.6,0.046,28.6,0.044,28.6
791.5,0.043,28.6,0.043,28.6,0.044,28.6,0.044,28.6
792,0.039,28.6,0.039,28.6,0.042,28.6,0.039,28.6
792.5,0.04,28.6,0.04,28.6,0.04,28.6,0.038,28.6
793,0.036,28.6,0.036,28.6,0.038,28.6,0.039,28.6
793.5,0.039,28.6,0.035,28.6,0.042,28.6,0.041,28.6
794,0.045,28.6,0.045,28.5,0.049,28.6,0.041,28.5
794.5,0.039,28.6,0.039,28.6,0.04,28.5,0.038,28.6
795,0.042,28.6,0.042,28.6,0.04,28.6,0.046,28.6
795.5,0.039,28.5,0.036,28.6,0.037,28.5,0.039,28.6
796,0.04,28.6,0.039,28.5,0.044,28.6,0.037,28.6
796.5,0.035,28.5,0.035,28.5,0.034,28.5,0.034,28.5
797,0.029,28.5,0.031,28.5,0.029,28.5,0.031,28.5
797.5,0.034,28.5,0.033,28.5,0.037,28.5,0.035,28.5
798,0.032,28.5,0.03,28.5,0.031,28.5,0.034,28.5
798.5,0.036,28.5,0.037,28.5,0.035,28.6,0.035,28.5
799,0.037,28.5,0.037,28.5,0.034,28.5,0.041,28.5
799.5,0.042,28.6,0.041,28.6,0.041,28.5,0.039,28.6
800,0.041,28.5,0.042,28.5,0.044,28.5,0.04,28.5
800.5,0.041,28.5,0.039,28.6,0.038,28.5,0.036,28.5
801,0.045,28.5,0.045,28.5,0.043,28.5,0.037,28.5
801.5,0.042,28.5,0.041,28.5,0.044,28.5,0.045,28.6
802,0.043,28.5,0.04,28.5,0.047,28.5,0.046,28.5
802.5,0.041,28.5,0.041,28.5,0.041,28.5,0.041,28.5
803,0.039,28.5,0.039,28.4,0.04,28.5,0.036,28.5
803.5,0.043,28.5,0.041,28.5,0.041,28.5,0.044,28.5
804,0.043,28.5,0.041,28.4,0.044,28.5,0.043,28.5
804.5,0.046,28.5,0.047,28.5,0.046,28.5,0.044,28.4
805,0.043,28.4,0.044,28.5,0.042,28.4,0.044,28.4
805.5,0.04,28.4,0.042,28.5,0.04,28.4,0.046,28.4
806,0.037,28.4,0.038,28.4,0.038,28.4,0.037,28.4
806.5,0.033,28.4,0.031,28.4,0.036,28.5,0.031,28.4
807,0.038,28.5,0.042,28.4,0.038,28.4,0.036,28.4
807.5,0.035,28.4,0.036,28.4,0.037,28.5,0.039,28.5
808,0.039,28.5,0.037,28.5,0.036,28.5,0.032,28.5
808.5,0.042,28.4,0.039,28.4,0.042,28.4,0.04,28.4
809,0.04,28.4,0.038,28.4,0.05,28.5,0.037,28.5
809.5,0.043,28.4,0.045,28.4,0.044,28.4,0.042,28.5
810,0.041,28.4,0.04,28.4,0.038,28.5,0.046,28.5
810.5,0.043,28.4,0.04,28.4,0.048,28.4,0.042,28.4
811,0.043,28.4,0.047,28.4,0.049,28.4,0.039,28.4
811.5,0.039,28.4,0.041,28.4,0.043,28.4,0.038,28.4
812,0.039,28.4,0.046,28.4,0.037,28.4,0.043,28.4
812.5,0.033,28.4,0.031,28.4,0.035,28.4,0.031,28.4
813,0.034,28.4,0.031,28.4,0.036,28.4,0.033,28.4
813.5,0.031,28.4,0.035,28.4,0.031,28.4,0.027,28.4
814,0.038,28.4,0.038,28.4,0.035,28.4,0.034,28.4
814.5,0.037,28.4,0.035,28.4,0.036,28.4,0.037,28.4
815,0.034,28.4,0.033,28.4,0.035,28.4,0.032,28.4
815.5,0.034,28.4,0.037,28.4,0.032,28.4,0.034,28.4
816,0.03,28.4,0.029,28.4,0.027,28.4,0.034,28.4
816.5,0.035,28.4,0.031,28.4,0.037,28.4,0.033,28.4
817,0.033,28.4,0.031,28.5,0.04,28.4,0.033,28.4
817.5,0.032,28.4,0.032,28.4,0.038,28.4,0.032,28.4
818,0.034,28.4,0.033,28.4,0.034,28.4,0.032,28.4
818.5,0.031,28.4,0.03,28.4,0.034,28.4,0.032,28.5
819,0.033,28.4,0.033,28.4,0.033,28.4,0.03,28.5
819.5,0.031,28.4,0.034,28.4,0.035,28.4,0.031,28.4
820,0.031,28.4,0.031,28.4,0.03,28.4,0.025,28.4
820.5,0.031,28.4,0.034,28.4,0.031,28.4,0.031,28.4
821,0.03,28.4,0.031,28.4,0.032,28.4,0.03,28.4
821.5,0.03,28.4,0.029,28.4,0.028,28.5,0.032,28.5
822,0.026,28.4,0.029,28.4,0.025,28.4,0.025,28.4
822.5,0.023,28.4,0.022,28.4,0.022,28.4,0.026,28.5
823,0.021,28.4,0.021,28.4,0.021,28.5,0.023,28.4
823.5,0.023,28.4,0.021,28.4,0.024,28.4,0.018,28.4
824,0.026,28.5,0.025,28.5,0.024,28.5,0.024,28.5
824.5,0.024,28.5,0.024,28.5,0.023,28.4,0.026,28.4
825,0.026,28.5,0.024,28.5,0.027,28.5,0.024,28.4
825.5,0.023,28.5,0.021,28.5,0.024,28.5,0.023,28.5
826,0.022,28.5,0.021,28.5,0.017,28.5,0.02,28.5
826.5,0.026,28.5,0.026,28.5,0.024,28.5,0.024,28.5
827,0.023,28.5,0.023,28.5,0.026,28.4,0.024,28.5
827.5,0.024,28.5,0.022,28.5,0.031,28.5,0.022,28.5
828,0.025,28.5,0.029,28.5,0.024,28.5,0.02,28.5
828.5,0.028,28.5,0.028,28.5,0.029,28.4,0.028,28.5
829,0.026,28.5,0.026,28.4,0.028,28.4,0.03,28.5
829.5,0.023,28.5,0.022,28.5,0.022,28.5,0.027,28.4
830,0.023,28.5,0.023,28.5,0.023,28.5,0.023,28.5
830.5,0.023,28.5,0.024,28.5,0.022,28.5,0.023,28.5
831,0.023,28.5,0.022,28.5,0.025,28.5,0.022,28.5
831.5,0.021,28.5,0.019,28.5,0.022,28.5,0.02,28.5
832,0.02,28.5,0.02,28.5,0.019,28.5,0.02,28.5
832.5,0.018,28.5,0.018,28.5,0.018,28.5,0.018,28.5
833,0.017,28.5,0.017,28.5,0.018,28.5,0.017,28.5
833.5,0.021,28.5,0.02,28.5,0.02,28.5,0.024,28.5
834,0.021,28.5,0.023,28.5,0.02,28.5,0.022,28.5
834.5,0.021,28.5,0.02,28.5,0.021,28.5,0.021,28.5
835,0.019,28.5,0.018,28.5,0.021,28.5,0.021,28.5
835.5,0.017,28.5,0.018,28.5,0.015,28.5,0.02,28.6
836,0.023,28.5,0.026,28.5,0.019,28.5,0.024,28.5
836.5,0.021,28.5,0.022,28.5,0.02,28.6,0.023,28.5
837,0.021,28.5,0.02,28.5,0.023,28.5,0.02,28.5
837.5,0.018,28.5,0.019,28.5,0.02,28.5,0.019,28.5
838,0,28.5,0.004,28.5,0.011,28.5,0.004,28.5
838.5,-0.05,28.5,-0.046,28.5,-0.038,28.5,-0.043,28.6
839,-0.112,28.5,-0.11,28.5,-0.098,28.5,-0.104,28.6
839.5,-0.141,28.4,-0.139,28.5,-0.142,28.4,-0.143,28.5
840,-0.089,28.3,-0.089,28.4,-0.112,28.4,-0.095,28.4
840.5,-0.027,28.3,-0.03,28.3,-0.031,28.4,-0.034,28.3
841,-0.009,28.3,-0.008,28.3,-0.01,28.4,-0.009,28.3
841.5,-0.006,28.4,-0.008,28.4,-0.008,28.4,-0.006,28.4
842,-0.005,28.4,-0.006,28.4,-0.007,28.4,-0.007,28.4
842.5,0,28.4,-0.001,28.4,0.001,28.4,-0.007,28.4
843,0.006,28.5,0.006,28.5,0.004,28.4,0.007,28.5
843.5,0.002,28.5,0.003,28.5,0.005,28.5,0.003,28.5
844,-0.005,28.5,-0.004,28.5,-0.002,28.5,-0.005,28.5
844.5,-0.014,28.5,-0.013,28.5,-0.007,28.5,-0.013,28.6
845,-0.021,28.6,-0.02,28.6,-0.019,28.5,-0.023,28.5
845.5,-0.015,28.6,-0.013,28.5,-0.016,28.6,-0.013,28.5
846,-0.013,28.6,-0.012,28.6,-0.014,28.6,-0.012,28.5
846.5,-0.012,28.6,-0.012,28.6,-0.01,28.6,-0.012,28.6
847,-0.009,28.6,-0.011,28.6,-0.01,28.5,-0.01,28.6
847.5,-0.006,28.6,-0.006,28.6,-0.004,28.6,-0.005,28.6
848,-0.014,28.6,-0.011,28.6,-0.004,28.6,-0.013,28.6
848.5,-0.014,28.6,-0.017,28.6,-0.012,28.6,-0.012,28.6
849,-0.009,28.6,-0.01,28.6,-0.011,28.7,-0.009,28.6
849.5,-0.006,28.6,-0.006,28.6,-0.008,28.7,-0.007,28.6
850,0,28.6,-0.001,28.6,0,28.6,0,28.6
850.5,-0.004,28.6,-0.003,28.6,-0.005,28.7,-0.001,28.6
851,0.001,28.7,-0.001,28.6,0.002,28.6,-0.002,28.7
851.5,0.004,28.7,0.004,28.7,0.004,28.7,0.005,28.7
852,0.002,28.6,0.003,28.7,0.004,28.7,0,28.6
852.5,0.004,28.7,0.005,28.7,0.005,28.7,0.004,28.7
853,0.002,28.7,0.004,28.7,0.003,28.7,0.004,28.6
853.5,-0.002,28.6,-0.001,28.7,0,28.7,0.001,28.6
854,-0.01,28.6,-0.009,28.6,-0.008,28.7,-0.008,28.6
854.5,-0.015,28.7,-0.015,28.7,-0.012,28.7,-0.014,28.7
855,-0.009,28.7,-0.009,28.7,-0.012,28.7,-0.009,28.7
855.5,-0.005,28.7,-0.005,28.7,-0.007,28.7,-0.005,28.7
856,0.002,28.7,0,28.7,0,28.7,-0.001,28.7
856.5,0.008,28.7,0.009,28.7,0.006,28.7,0.008,28.7
857,0.01,28.7,0.009,28.7,0.009,28.7,0.009,28.7
857.5,0.013,28.7,0.013,28.7,0.009,28.7,0.014,28.6
858,0.025,28.7,0.023,28.7,0.023,28.7,0.02,28.6
858.5,0.029,28.7,0.026,28.7,0.029,28.6,0.028,28.7
859,0.029,28.7,0.029,28.6,0.028,28.7,0.027,28.6
859.5,0.027,28.6,0.029,28.6,0.027,28.7,0.027,28.6
860,0.031,28.6,0.029,28.6,0.033,28.7,0.032,28.6
860.5,0.031,28.6,0.03,28.6,0.028,28.6,0.031,28.6
861,0.031,28.6,0.033,28.6,0.031,28.6,0.029,28.6
861.5,0.034,28.6,0.037,28.6,0.034,28.6,0.033,28.6
862,0.035,28.6,0.041,28.6,0.037,28.6,0.034,28.6
862.5,0.044,28.6,0.041,28.6,0.045,28.5,0.045,28.6
863,0.042,28.5,0.042,28.5,0.053,28.5,0.042,28.5
863.5,0.041,28.5,0.046,28.5,0.044,28.5,0.04,28.5
864,0.036,28.5,0.041,28.5,0.036,28.5,0.038,28.5
864.5,0.034,28.5,0.032,28.5,0.032,28.5,0.041,28.5
865,0.035,28.5,0.034,28.5,0.036,28.5,0.04,28.5
865.5,0.036,28.4,0.036,28.4,0.036,28.4,0.038,28.4
866,0.038,28.4,0.04,28.4,0.036,28.4,0.037,28.4
866.5,0.035,28.4,0.035,28.4,0.033,28.4,0.039,28.4
867,0.04,28.4,0.04,28.4,0.038,28.4,0.032,28.5
867.5,0.045,28.4,0.044,28.4,0.047,28.4,0.042,28.4
868,0.042,28.4,0.041,28.4,0.055,28.4,0.041,28.4
868.5,0.043,28.4,0.046,28.4,0.046,28.4,0.043,28.4
869,0.04,28.3,0.041,28.3,0.039,28.4,0.051,28.3
869.5,0.04,28.3,0.039,28.3,0.038,28.3,0.047,28.3
870,0.041,28.3,0.04,28.3,0.038,28.3,0.044,28.3
870.5,0.038,28.3,0.039,28.3,0.035,28.3,0.043,28.3
871,0.035,28.3,0.036,28.3,0.033,28.3,0.036,28.3
871.5,0.036,28.3,0.038,28.3,0.032,28.3,0.035,28.3
872,0.044,28.3,0.042,28.3,0.033,28.3,0.048,28.3
872.5,0.044,28.3,0.041,28.3,0.038,28.3,0.045,28.3
873,0.041,28.3,0.041,28.3,0.041,28.3,0.04,28.3
873.5,0.034,28.3,0.035,28.3,0.043,28.3,0.034,28.3
874,0.032,28.3,0.032,28.3,0.032,28.3,0.031,28.3
874.5,0.038,28.3,0.038,28.3,0.038,28.3,0.041,28.3
875,0.037,28.3,0.035,28.3,0.035,28.3,0.036,28.3
875.5,0.037,28.3,0.036,28.3,0.04,28.3,0.037,28.3
876,0.038,28.3,0.038,28.3,0.042,28.3,0.036,28.2
876.5,0.046,28.2,0.052,28.3,0.04,28.3,0.043,28.3
877,0.046,28.3,0.044,28.3,0.043,28.2,0.046,28.3
877.5,0.047,28.2,0.044,28.2,0.049,28.2,0.047,28.2
878,0.051,28.2,0.048,28.2,0.044,28.2,0.054,28.2
878.5,0.049,28.2,0.05,28.2,0.049,28.2,0.048,28.2
879,0.047,28.2,0.049,28.2,0.049,28.2,0.044,28.2
879.5,0.048,28.2,0.054,28.2,0.044,28.2,0.044,28.2
880,0.047,28.2,0.044,28.2,0.046,28.2,0.049,28.1
880.5,0.051,28.2,0.049,28.2,0.045,28.2,0.05,28.2
881,0.046,28.1,0.043,28.1,0.047,28.1,0.046,28.2
881.5,0.046,28.1,0.043,28.2,0.043,28.2,0.042,28.1
882,0.043,28.1,0.045,28.1,0.043,28.1,0.042,28.1
882.5,0.038,28.1,0.039,28.1,0.032,28.1,0.039,28.1
883,0.036,28.1,0.034,28.1,0.032,28.1,0.039,28.1
883.5,0.028,28.1,0.027,28.1,0.032,28.2,0.028,28.2
884,0.034,28.2,0.035,28.1,0.035,28.2,0.033,28.2
884.5,0.035,28.2,0.039,28.2,0.035,28.2,0.033,28.2
885,0.034,28.2,0.037,28.2,0.033,28.2,0.032,28.2
885.5,0.038,28.2,0.04,28.2,0.033,28.2,0.042,28.2
886,0.04,28.2,0.038,28.2,0.033,28.2,0.044,28.2
886.5,0.043,28.2,0.04,28.2,0.045,28.1,0.043,28.2
887,0.042,28.2,0.039,28.2,0.045,28.1,0.042,28.1
887.5,0.04,28.1,0.041,28.1,0.041,28.1,0.042,28.1
888,0.04,28.1,0.041,28.2,0.048,28.2,0.041,28.1
888.5,0.037,28.1,0.038,28.1,0.037,28.2,0.035,28.1
889,0.039,28.1,0.04,28.1,0.037,28.1,0.036,28.1
889.5,0.036,28.1,0.036,28.1,0.034,28.2,0.038,28.1
890,0.039,28.1,0.037,28.1,0.037,28.2,0.038,28.1
890.5,0.04,28.1,0.042,28.1,0.038,28.1,0.041,28.1
891,0.035,28.1,0.039,28.1,0.032,28.2,0.043,28.2
891.5,0.036,28.1,0.038,28.2,0.03,28.2,0.036,28.2
892,0.034,28.2,0.039,28.1,0.034,28.2,0.032,28.2
892.5,0.035,28.2,0.032,28.1,0.033,28.2,0.031,28.1
893,0.032,28.1,0.03,28.1,0.031,28.2,0.034,28.1
893.5,0.032,28.2,0.032,28.2,0.03,28.2,0.032,28.2
894,0.031,28.2,0.031,28.2,0.03,28.2,0.032,28.2
894.5,0.03,28.2,0.029,28.2,0.03,28.1,0.027,28.2
895,0.037,28.2,0.039,28.1,0.048,28.1,0.035,28.2
895.5,0.035,28.1,0.04,28.1,0.035,28.1,0.036,28.1
896,0.037,28.1,0.037,28.2,0.038,28.2,0.033,28.1
896.5,0.037,28.2,0.037,28.2,0.041,28.2,0.036,28.2
897,0.034,28.1,0.037,28.2,0.033,28.1,0.033,28.1
897.5,0.036,28.1,0.036,28.1,0.033,28.1,0.033,28.1
898,0.035,28.2,0.034,28.1,0.043,28.1,0.034,28.2
898.5,0.036,28.1,0.041,28.1,0.036,28.1,0.036,28.1
899,0.034,28.1,0.033,28.1,0.03,28.1,0.032,28.1
899.5,0.028,28.1,0.028,28.1,0.03,28.1,0.029,28.2
900,0.027,28.1,0.03,28.1,0.027,28.1,0.026,28.1
900.5,0.027,28.2,0.026,28.2,0.026,28.1,0.026,28.1
901,0.03,28.2,0.028,28.2,0.03,28.2,0.026,28.2
901.5,0.029,28.2,0.028,28.2,0.032,28.2,0.029,28.2
902,0.029,28.2,0.029,28.2,0.031,28.2,0.028,28.2
902.5,0.026,28.2,0.029,28.1,0.028,28.2,0.027,28.2
903,0.026,28.2,0.025,28.2,0.025,28.2,0.023,28.2
903.5,0.031,28.2,0.03,28.2,0.037,28.2,0.029,28.2
904,0.026,28.2,0.024,28.2,0.035,28.2,0.024,28.2
904.5,0.028,28.2,0.034,28.2,0.036,28.2,0.026,28.2
905,0.027,28.2,0.027,28.2,0.028,28.2,0.026,28.2
905.5,0.026,28.2,0.027,28.2,0.028,28.2,0.025,28.2
906,0.026,28.2,0.025,28.2,0.028,28.2,0.024,28.2
906.5,0.023,28.2,0.022,28.2,0.024,28.2,0.022,28.2
907,0.025,28.2,0.024,28.2,0.024,28.2,0.024,28.2
907.5,0.023,28.2,0.027,28.2,0.024,28.2,0.022,28.2
908,0.025,28.2,0.024,28.2,0.024,28.2,0.027,28.2
908.5,0.024,28.2,0.024,28.2,0.023,28.2,0.025,28.2
909,0.019,28.2,0.019,28.2,0.017,28.3,0.022,28.2
909.5,0.021,28.2,0.021,28.2,0.022,28.2,0.019,28.2
910,0.023,28.2,0.026,28.2,0.021,28.2,0.024,28.2
910.5,0.024,28.2,0.025,28.2,0.019,28.2,0.025,28.3
911,0.022,28.2,0.022,28.2,0.022,28.3,0.024,28.3
911.5,0.02,28.2,0.019,28.3,0.02,28.2,0.024,28.3
912,0.02,28.3,0.019,28.3,0.021,28.2,0.019,28.2
912.5,0.019,28.3,0.019,28.2,0.02,28.3,0.018,28.3
913,0.025,28.3,0.027,28.2,0.025,28.3,0.021,28.3
913.5,0.025,28.2,0.025,28.3,0.025,28.2,0.029,28.3
914,0.023,28.3,0.022,28.2,0.021,28.2,0.019,28.2
914.5,0.024,28.2,0.023,28.2,0.024,28.2,0.021,28.2
915,0.021,28.3,0.022,28.3,0.02,28.3,0.022,28.2
915.5,0.023,28.3,0.023,28.2,0.025,28.3,0.022,28.2
916,0.022,28.2,0.023,28.3,0.021,28.2,0.019,28.3
916.5,0.021,28.3,0.022,28.3,0.024,28.2,0.018,28.3
917,0.021,28.3,0.021,28.3,0.022,28.2,0.019,28.3
917.5,0.018,28.2,0.018,28.3,0.02,28.2,0.019,28.2
918,0.018,28.3,0.018,28.3,0.018,28.2,0.016,28.3
918.5,0.012,28.3,0.014,28.3,0.012,28.3,0.011,28.3
919,-0.009,28.3,-0.008,28.3,0.008,28.2,-0.003,28.3
919.5,-0.054,28.3,-0.052,28.3,-0.037,28.3,-0.052,28.3
920,-0.109,28.3,-0.105,28.3,-0.082,28.3,-0.103,28.3
920.5,-0.127,28.2,-0.126,28.2,-0.125,28.2,-0.13,28.2
921,-0.073,28.1,-0.078,28.1,-0.086,28.2,-0.094,28.1
921.5,-0.024,28.1,-0.026,28.1,-0.026,28.1,-0.054,28.1
922,-0.01,28.2,-0.01,28.2,-0.014,28.1,-0.01,28.2
922.5,-0.003,28.2,-0.006,28.2,-0.009,28.2,-0.003,28.2
923,0.012,28.2,0.012,28.2,0.008,28.2,0.008,28.3
923.5,0.011,28.2,0.012,28.3,0.014,28.2,0.011,28.3
924,-0.004,28.3,-0.004,28.3,0.004,28.3,-0.003,28.3
924.5,-0.009,28.3,-0.008,28.3,-0.007,28.3,-0.008,28.2
925,-0.015,28.3,-0.015,28.3,-0.014,28.3,-0.013,28.3
925.5,-0.018,28.3,-0.018,28.3,-0.019,28.3,-0.016,28.3
926,-0.005,28.3,-0.005,28.3,-0.006,28.4,-0.005,28.3
926.5,-0.005,28.3,-0.006,28.3,-0.003,28.4,-0.005,28.4
927,-0.013,28.4,-0.013,28.4,-0.01,28.3,-0.013,28.4
927.5,-0.016,28.4,-0.016,28.4,-0.01,28.3,-0.016,28.4
928,-0.005,28.4,-0.005,28.4,-0.007,28.3,-0.005,28.4
928.5,0,28.4,-0.001,28.4,0.002,28.4,0.001,28.4
929,-0.013,28.4,-0.014,28.4,0.004,28.4,-0.014,28.4
929.5,-0.019,28.4,-0.02,28.4,-0.007,28.4,-0.024,28.4
930,-0.01,28.4,-0.009,28.4,-0.016,28.4,-0.011,28.4
930.5,-0.007,28.4,-0.006,28.4,-0.007,28.4,-0.005,28.4
931,-0.01,28.4,-0.009,28.4,-0.006,28.4,-0.01,28.4
931.5,-0.02,28.4,-0.019,28.4,-0.017,28.4,-0.017,28.5
932,-0.029,28.4,-0.028,28.4,-0.026,28.4,-0.028,28.4
932.5,-0.02,28.4,-0.021,28.4,-0.022,28.4,-0.024,28.4
933,-0.004,28.4,-0.004,28.4,-0.02,28.4,-0.005,28.4
933.5,-0.001,28.4,-0.001,28.4,-0.01,28.4,-0.001,28.4
934,-0.003,28.4,-0.003,28.4,-0.002,28.4,-0.001,28.5
934.5,-0.007,28.5,-0.007,28.4,-0.006,28.5,-0.004,28.5
935,-0.009,28.5,-0.008,28.5,-0.008,28.5,-0.009,28.5
935.5,0.001,28.5,0,28.4,0.001,28.5,-0.001,28.5
936,0.005,28.5,0.005,28.4,0.006,28.4,0.005,28.4
936.5,0.007,28.5,0.009,28.5,0.007,28.5,0.007,28.5
937,0.009,28.5,0.009,28.5,0.011,28.5,0.009,28.5
937.5,0.011,28.5,0.009,28.5,0.009,28.5,0.012,28.5
938,0.019,28.5,0.019,28.5,0.018,28.5,0.018,28.5
938.5,0.023,28.5,0.024,28.5,0.022,28.5,0.022,28.5
939,0.025,28.4,0.023,28.4,0.024,28.5,0.025,28.4
939.5,0.03,28.5,0.031,28.4,0.025,28.5,0.033,28.5
940,0.035,28.4,0.035,28.4,0.035,28.5,0.032,28.4
940.5,0.031,28.4,0.03,28.4,0.033,28.5,0.029,28.4
941,0.028,28.4,0.028,28.4,0.029,28.4,0.027,28.4
941.5,0.023,28.4,0.023,28.4,0.025,28.4,0.024,28.4
942,0.03,28.4,0.03,28.4,0.028,28.4,0.028,28.4
942.5,0.03,28.4,0.03,28.4,0.031,28.4,0.031,28.4
943,0.036,28.3,0.035,28.4,0.036,28.4,0.035,28.4
943.5,0.036,28.3,0.035,28.3,0.04,28.3,0.037,28.3
944,0.04,28.3,0.039,28.3,0.041,28.3,0.045,28.3
944.5,0.04,28.3,0.041,28.3,0.04,28.3,0.04,28.3
945,0.043,28.3,0.044,28.3,0.043,28.3,0.041,28.2
945.5,0.047,28.2,0.044,28.2,0.047,28.3,0.047,28.2
946,0.043,28.2,0.041,28.2,0.042,28.2,0.046,28.2
946.5,0.044,28.2,0.045,28.2,0.042,28.2,0.044,28.2
947,0.043,28.2,0.044,28.2,0.047,28.2,0.042,28.2
947.5,0.038,28.2,0.04,28.2,0.036,28.2,0.038,28.2
948,0.039,28.2,0.04,28.2,0.037,28.2,0.036,28.2
948.5,0.041,28.1,0.041,28.1,0.044,28.1,0.04,28.2
949,0.045,28.1,0.044,28.1,0.043,28.2,0.045,28.2
949.5,0.045,28.1,0.046,28.1,0.046,28.1,0.05,28.1
950,0.04,28.1,0.043,28.1,0.038,28.1,0.045,28.1
950.5,0.036,28.1,0.036,28.1,0.036,28.1,0.035,28.1
951,0.032,28.1,0.032,28.1,0.033,28.1,0.034,28.1
951.5,0.035,28.1,0.033,28.1,0.029,28.1,0.037,28.1
952,0.038,28.1,0.038,28.1,0.04,28.1,0.032,28.1
952.5,0.039,28.1,0.04,28.1,0.043,28.1,0.037,28.1
953,0.037,28.1,0.037,28.1,0.038,28.1,0.037,28.1
953.5,0.042,28.1,0.048,28.1,0.041,28.1,0.041,28.1
954,0.049,28.1,0.05,28.1,0.05,28.1,0.047,28
954.5,0.047,28.1,0.047,28.1,0.051,28.1,0.046,28.1
955,0.049,28,0.047,28,0.048,28.1,0.046,28.1
955.5,0.045,28,0.043,28,0.045,28,0.046,28
956,0.04,28,0.04,28,0.037,28.1,0.042,28
956.5,0.041,28,0.046,28,0.043,28,0.039,28
957,0.04,28,0.042,28,0.037,28,0.038,28
957.5,0.044,28,0.044,28,0.05,28,0.04,28
958,0.044,28,0.042,28,0.041,28,0.049,27.9
958.5,0.04,28,0.039,28,0.038,28,0.039,28
959,0.045,28,0.042,28,0.045,28,0.044,27.9
959.5,0.041,28,0.043,28,0.045,28,0.037,28
960,0.042,28,0.045,28,0.04,28,0.044,28
960.5,0.035,28,0.034,28,0.038,28,0.038,28
961,0.035,28,0.034,28,0.038,28,0.034,28
961.5,0.036,28,0.035,28,0.039,28,0.036,28
962,0.032,28,0.031,28,0.039,28,0.031,28
962.5,0.04,28,0.038,28,0.046,27.9,0.039,28
963,0.042,28,0.045,28,0.041,28,0.039,28
963.5,0.043,28,0.041,28,0.04,28,0.039,28
964,0.044,28,0.046,28,0.041,28,0.043,28
964.5,0.04,28,0.047,27.9,0.04,28,0.041,28
965,0.042,28,0.041,27.9,0.043,28,0.042,28
965.5,0.041,28,0.037,28,0.037,28,0.04,28
966,0.043,27.9,0.049,27.9,0.038,28,0.045,28
966.5,0.04,27.9,0.042,27.9,0.039,28,0.037,27.9
967,0.043,27.9,0.044,28,0.041,28,0.041,27.9
967.5,0.043,27.9,0.05,27.9,0.041,27.9,0.046,27.9
968,0.041,27.9,0.039,28,0.04,27.9,0.043,27.9
968.5,0.042,27.9,0.04,27.9,0.036,27.9,0.044,27.9
969,0.039,27.9,0.035,27.9,0.044,27.9,0.04,27.9
969.5,0.035,27.9,0.038,27.9,0.037,27.9,0.032,27.9
970,0.037,27.9,0.038,27.9,0.038,28,0.033,27.9
970.5,0.034,27.9,0.032,27.9,0.035,28,0.029,27.9
971,0.036,27.9,0.035,27.9,0.036,27.9,0.032,27.9
971.5,0.034,27.9,0.035,27.9,0.031,27.9,0.038,27.9
972,0.041,27.9,0.038,27.9,0.037,28,0.052,27.9
972.5,0.041,27.9,0.044,27.9,0.038,27.9,0.048,27.9
973,0.039,27.9,0.039,27.9,0.04,27.9,0.034,28
973.5,0.04,27.9,0.04,27.9,0.042,27.9,0.042,27.9
974,0.037,27.9,0.042,27.9,0.038,27.9,0.032,27.9
974.5,0.04,27.9,0.04,27.9,0.034,27.9,0.042,27.9
975,0.037,27.9,0.034,27.9,0.036,27.9,0.037,27.9
975.5,0.036,27.9,0.035,27.9,0.032,27.9,0.039,27.9
976,0.035,27.9,0.034,27.9,0.035,28,0.037,27.9
976.5,0.027,27.9,0.03,27.9,0.023,27.9,0.029,27.9
977,0.027,27.9,0.029,27.9,0.024,27.9,0.029,27.9
977.5,0.028,27.9,0.031,27.9,0.026,27.9,0.026,27.9
978,0.033,27.9,0.033,27.9,0.024,27.9,0.034,27.9
978.5,0.032,27.9,0.032,27.9,0.035,27.9,0.032,27.9
979,0.029,27.9,0.029,27.9,0.04,27.9,0.031,27.9
979.5,0.027,27.9,0.027,27.9,0.03,27.9,0.029,28
980,0.027,27.9,0.027,28,0.026,27.9,0.026,28
980.5,0.028,27.9,0.028,27.9,0.03,27.9,0.03,28
981,0.026,28,0.028,28,0.028,27.9,0.027,28
981.5,0.029,27.9,0.03,27.9,0.03,27.9,0.028,27.9
982,0.03,28,0.032,27.9,0.029,28,0.031,27.9
982.5,0.029,27.9,0.029,27.9,0.028,27.9,0.03,27.9
983,0.032,27.9,0.029,28,0.032,27.9,0.03,27.9
983.5,0.028,28,0.028,28,0.032,27.9,0.027,28
984,0.029,28,0.028,28,0.029,28,0.031,27.9
984.5,0.029,27.9,0.027,27.9,0.029,27.9,0.029,28
985,0.027,28,0.027,28,0.034,27.9,0.032,28
985.5,0.025,28,0.026,28,0.025,27.9,0.024,28
986,0.021,28,0.023,28,0.02,27.9,0.024,28
986.5,0.018,28,0.019,28,0.017,28,0.021,28
987,0.018,28,0.017,28,0.017,28,0.02,27.9
987.5,0.021,28,0.02,28,0.018,28,0.022,28
988,0.025,28,0.025,28,0.023,28,0.025,28
988.5,0.024,28,0.024,28,0.025,28,0.029,28
989,0.026,28,0.029,28,0.031,28,0.024,28
989.5,0.025,28,0.028,28,0.032,28,0.023,28
990,0.028,28,0.028,28,0.026,27.9,0.031,28
990.5,0.024,28,0.024,28,0.025,28,0.028,28
991,0.022,28,0.021,28,0.024,28,0.02,28
991.5,0.023,28,0.021,28,0.023,28,0.024,28
992,0.023,28,0.024,28,0.022,28,0.026,28
992.5,0.021,28,0.021,28,0.025,28,0.022,28
993,0.021,28,0.02,28,0.023,28,0.019,28
993.5,0.022,28,0.021,28,0.022,28,0.018,28.1
994,0.022,28,0.022,28,0.021,28,0.018,28.1
994.5,0.019,28,0.019,28,0.018,28,0.018,28
995,0.02,28,0.02,28.1,0.02,28,0.021,28
995.5,0.019,28,0.019,28,0.018,28.1,0.02,28
996,0.021,28,0.019,28,0.022,28,0.019,28
996.5,0.019,28,0.02,28,0.022,28,0.018,28
997,0.016,28,0.017,28,0.016,28,0.016,28
997.5,0.016,28,0.017,28,0.016,28.1,0.017,28
998,0.01,28.1,0.009,28,0.013,28.1,0.012,28.1
998.5,-0.016,28.1,-0.017,28,-0.012,28.1,-0.013,28.1
999,-0.069,28.1,-0.069,28.1,-0.049,28.1,-0.057,28.1
999.5,-0.108,28,-0.106,28.1,-0.101,28.1,-0.094,28.1
1000,-0.107,28,-0.109,28,-0.105,28,-0.109,28
1000.5,-0.069,27.9,-0.072,27.9,-0.074,27.9,-0.082,28
1001,-0.032,27.9,-0.033,27.9,-0.042,27.9,-0.037,27.9
1001.5,-0.01,27.9,-0.013,27.9,-0.011,27.9,-0.01,28
1002,-0.003,28,-0.004,28,-0.004,28,-0.003,28
1002.5,-0.004,28,-0.005,28,-0.002,27.9,-0.005,28
1003,-0.012,28,-0.01,28,-0.013,28,-0.007,28
1003.5,-0.006,28,-0.005,28,-0.01,28,-0.005,28
1004,-0.008,28.1,-0.007,28.1,-0.009,28.1,-0.005,28.1
1004.5,-0.001,28.1,0,28.1,-0.002,28.1,-0.002,28.1
1005,-0.001,28.1,0,28.1,-0.002,28.1,0,28.1
1005.5,0.001,28.1,0.002,28.1,0.001,28.1,0.002,28.1
1006,0.005,28.1,0.007,28.1,0.006,28.1,0.006,28.1
1006.5,-0.001,28.1,-0.001,28.1,0.001,28.1,0,28.1
1007,0.001,28.2,0,28.1,-0.004,28.1,0.001,28.1
1007.5,-0.003,28.2,-0.001,28.2,-0.003,28.2,0,28.1
1008,-0.01,28.2,-0.008,28.2,-0.009,28.2,-0.01,28.2
1008.5,-0.018,28.2,-0.019,28.2,-0.014,28.2,-0.018,28.2
1009,-0.018,28.2,-0.019,28.2,-0.019,28.2,-0.02,28.2
1009.5,-0.013,28.2,-0.014,28.2,-0.013,28.2,-0.014,28.2
1010,0.004,28.2,0.004,28.2,0.004,28.2,-0.002,28.2
1010.5,0.006,28.2,0.006,28.2,0.006,28.2,0.006,28.2
1011,-0.004,28.2,-0.003,28.2,-0.002,28.2,-0.003,28.2
1011.5,-0.01,28.2,-0.01,28.2,-0.004,28.2,-0.009,28.2
1012,-0.015,28.2,-0.016,28.2,-0.012,28.2,-0.013,28.2
1012.5,-0.013,28.2,-0.014,28.2,-0.014,28.2,-0.011,28.2
1013,-0.016,28.2,-0.016,28.2,-0.012,28.2,-0.013,28.2
1013.5,-0.02,28.2,-0.02,28.2,-0.019,28.2,-0.019,28.2
1014,-0.018,28.2,-0.017,28.2,-0.017,28.2,-0.017,28.2
1014.5,-0.013,28.2,-0.013,28.2,-0.014,28.2,-0.014,28.2
1015,-0.005,28.2,-0.004,28.2,-0.012,28.2,-0.007,28.2
1015.5,-0.009,28.2,-0.009,28.2,-0.007,28.2,-0.008,28.2
1016,-0.006,28.2,-0.006,28.2,-0.007,28.2,-0.009,28.2
1016.5,0.005,28.2,0.006,28.2,0.004,28.2,0.005,28.3
1017,0.007,28.2,0.008,28.2,0.006,28.2,0.007,28.3
1017.5,0.007,28.2,0.008,28.2,0.006,28.3,0.01,28.2
1018,0.008,28.3,0.008,28.3,0.008,28.3,0.007,28.2
1018.5,0.011,28.3,0.011,28.3,0.008,28.3,0.011,28.3
1019,0.022,28.2,0.021,28.3,0.02,28.3,0.022,28.2
1019.5,0.026,28.3,0.028,28.3,0.027,28.3,0.026,28.3
1020,0.029,28.2,0.029,28.3,0.03,28.3,0.027,28.2
1020.5,0.028,28.2,0.028,28.2,0.032,28.2,0.028,28.2
1021,0.03,28.2,0.03,28.2,0.029,28.2,0.03,28.2
1021.5,0.036,28.2,0.037,28.2,0.032,28.2,0.038,28.2
1022,0.036,28.2,0.035,28.2,0.035,28.2,0.036,28.2
1022.5,0.04,28.2,0.036,28.2,0.036,28.2,0.043,28.2
1023,0.04,28.1,0.038,28.1,0.04,28.1,0.047,28.1
1023.5,0.039,28.1,0.037,28.1,0.05,28.1,0.041,28.1
1024,0.04,28.1,0.04,28.1,0.04,28.1,0.039,28.1
1024.5,0.038,28.1,0.038,28.1,0.038,28.1,0.035,28.1
1025,0.04,28.1,0.041,28,0.038,28.1,0.045,28.1
1025.5,0.04,28,0.041,28,0.042,28,0.041,28
1026,0.044,28,0.043,28,0.044,28,0.045,28
1026.5,0.047,28,0.046,28,0.045,28,0.044,28
1027,0.042,28,0.041,28,0.041,28,0.046,28
1027.5,0.042,28,0.044,28,0.051,28,0.042,28
1028,0.035,28,0.039,28,0.037,27.9,0.035,28
1028.5,0.039,27.9,0.041,28,0.038,27.9,0.036,28
1029,0.037,27.9,0.038,27.9,0.036,27.9,0.042,28
1029.5,0.034,27.9,0.034,27.9,0.032,27.9,0.035,27.9
1030,0.036,27.9,0.036,27.9,0.036,28,0.034,27.9
1030.5,0.037,27.9,0.035,27.9,0.039,27.9,0.036,27.9
1031,0.044,27.9,0.045,27.9,0.042,27.9,0.043,27.9
1031.5,0.045,27.9,0.047,27.9,0.04,27.9,0.042,27.9
1032,0.045,27.9,0.047,27.9,0.044,27.9,0.045,27.9
1032.5,0.046,27.9,0.047,27.9,0.043,27.9,0.043,27.9
1033,0.042,27.8,0.042,27.9,0.038,27.9,0.045,27.9
1033.5,0.045,27.8,0.044,27.8,0.038,27.9,0.049,27.8
1034,0.043,27.9,0.041,27.8,0.044,27.8,0.039,27.9
1034.5,0.044,27.8,0.043,27.9,0.043,27.9,0.045,27.9
1035,0.047,27.8,0.047,27.8,0.045,27.8,0.052,27.9
1035.5,0.044,27.8,0.046,27.8,0.048,27.8,0.041,27.8
1036,0.047,27.8,0.051,27.8,0.048,27.8,0.048,27.8
1036.5,0.041,27.8,0.047,27.8,0.044,27.8,0.038,27.8
1037,0.04,27.8,0.039,27.8,0.038,27.8,0.036,27.8
1037.5,0.033,27.8,0.034,27.8,0.032,27.8,0.034,27.8
1038,0.036,27.8,0.036,27.8,0.032,27.8,0.037,27.8
1038.5,0.039,27.8,0.037,27.8,0.038,27.8,0.042,27.8
1039,0.039,27.8,0.036,27.8,0.038,27.8,0.041,27.8
1039.5,0.04,27.8,0.038,27.8,0.034,27.8,0.05,27.8
1040,0.039,27.8,0.036,27.8,0.043,27.8,0.054,27.8
1040.5,0.043,27.8,0.04,27.8,0.045,27.8,0.041,27.8
1041,0.045,27.8,0.043,27.8,0.053,27.8,0.045,27.8
1041.5,0.043,27.8,0.043,27.8,0.043,27.8,0.043,27.8
1042,0.047,27.8,0.052,27.8,0.045,27.8,0.044,27.7
1042.5,0.042,27.7,0.043,27.8,0.04,27.8,0.047,27.7
1043,0.042,27.8,0.041,27.8,0.043,27.8,0.043,27.7
1043.5,0.043,27.8,0.043,27.8,0.044,27.8,0.048,27.7
1044,0.043,27.8,0.04,27.7,0.04,27.8,0.046,27.8
1044.5,0.045,27.7,0.042,27.7,0.052,27.8,0.042,27.8
1045,0.043,27.7,0.039,27.7,0.043,27.7,0.043,27.7
1045.5,0.044,27.7,0.047,27.7,0.049,27.7,0.042,27.7
1046,0.042,27.7,0.044,27.7,0.048,27.7,0.04,27.7
1046.5,0.038,27.7,0.041,27.7,0.041,27.7,0.035,27.6
1047,0.034,27.7,0.039,27.7,0.037,27.7,0.032,27.7
1047.5,0.03,27.7,0.03,27.7,0.028,27.7,0.032,27.7
1048,0.032,27.7,0.031,27.7,0.028,27.7,0.035,27.7
1048.5,0.033,27.7,0.031,27.7,0.039,27.8,0.033,27.7
1049,0.039,27.8,0.038,27.8,0.036,27.8,0.036,27.7
1049.5,0.041,27.7,0.039,27.7,0.041,27.8,0.042,27.8
1050,0.041,27.7,0.038,27.7,0.048,27.8,0.037,27.7
1050.5,0.044,27.7,0.051,27.7,0.04,27.7,0.042,27.7
1051,0.041,27.7,0.044,27.7,0.038,27.7,0.041,27.7
1051.5,0.044,27.7,0.048,27.7,0.038,27.7,0.043,27.7
1052,0.043,27.7,0.044,27.7,0.041,27.7,0.041,27.6
1052.5,0.04,27.7,0.04,27.7,0.041,27.7,0.037,27.7
1053,0.04,27.7,0.039,27.7,0.038,27.7,0.037,27.7
1053.5,0.036,27.7,0.039,27.7,0.037,27.7,0.039,27.7
1054,0.039,27.7,0.04,27.7,0.032,27.7,0.042,27.7
1054.5,0.034,27.7,0.036,27.7,0.031,27.6,0.039,27.7
1055,0.036,27.7,0.034,27.7,0.033,27.7,0.038,27.7
1055.5,0.036,27.7,0.036,27.7,0.035,27.6,0.038,27.7
1056,0.033,27.7,0.032,27.7,0.031,27.7,0.034,27.7
1056.5,0.033,27.7,0.036,27.7,0.042,27.7,0.03,27.7
1057,0.036,27.7,0.034,27.7,0.035,27.7,0.034,27.7
1057.5,0.035,27.7,0.035,27.7,0.038,27.7,0.036,27.7
1058,0.034,27.7,0.036,27.7,0.039,27.7,0.033,27.7
1058.5,0.033,27.7,0.034,27.7,0.038,27.7,0.035,27.7
1059,0.035,27.7,0.037,27.7,0.034,27.7,0.035,27.7
1059.5,0.032,27.7,0.036,27.7,0.034,27.7,0.034,27.8
1060,0.034,27.7,0.04,27.7,0.032,27.7,0.032,27.7
1060.5,0.034,27.7,0.035,27.7,0.035,27.7,0.033,27.7
1061,0.034,27.7,0.034,27.7,0.034,27.7,0.031,27.7
1061.5,0.031,27.7,0.031,27.7,0.037,27.7,0.034,27.7
1062,0.03,27.7,0.029,27.7,0.028,27.7,0.03,27.7
1062.5,0.032,27.7,0.032,27.7,0.042,27.7,0.031,27.7
1063,0.027,27.7,0.028,27.7,0.029,27.7,0.029,27.7
1063.5,0.025,27.7,0.025,27.7,0.026,27.7,0.026,27.7
1064,0.024,27.7,0.026,27.7,0.026,27.8,0.024,27.7
1064.5,0.021,27.8,0.023,27.7,0.022,27.8,0.02,27.7
1065,0.024,27.7,0.025,27.7,0.022,27.8,0.022,27.7
1065.5,0.022,27.7,0.025,27.7,0.024,27.7,0.021,27.7
1066,0.023,27.8,0.024,27.7,0.024,27.7,0.023,27.8
1066.5,0.022,27.8,0.022,27.7,0.021,27.7,0.02,27.8
1067,0.026,27.8,0.026,27.8,0.028,27.7,0.023,27.8
1067.5,0.028,27.8,0.029,27.8,0.028,27.8,0.025,27.7
1068,0.023,27.8,0.022,27.8,0.022,27.8,0.022,27.8
1068.5,0.024,27.8,0.023,27.8,0.022,27.8,0.02,27.8
1069,0.024,27.8,0.023,27.8,0.025,27.8,0.022,27.7
1069.5,0.026,27.8,0.025,27.8,0.026,27.8,0.027,27.8
1070,0.026,27.8,0.025,27.8,0.026,27.8,0.027,27.8
1070.5,0.022,27.8,0.022,27.8,0.023,27.8,0.029,27.8
1071,0.022,27.8,0.023,27.8,0.021,27.8,0.023,27.8
1071.5,0.021,27.8,0.024,27.8,0.024,27.8,0.019,27.8
1072,0.023,27.8,0.024,27.8,0.023,27.8,0.021,27.8
1072.5,0.02,27.8,0.02,27.8,0.02,27.9,0.019,27.8
1073,0.019,27.8,0.019,27.8,0.02,27.9,0.018,27.8
1073.5,0.017,27.8,0.021,27.8,0.019,27.8,0.017,27.8
1074,0.016,27.8,0.015,27.8,0.016,27.8,0.016,27.8
1074.5,0.02,27.8,0.018,27.8,0.015,27.8,0.019,27.8
1075,0.019,27.8,0.017,27.8,0.018,27.8,0.02,27.8
1075.5,0.02,27.8,0.018,27.8,0.021,27.8,0.02,27.8
1076,0.022,27.8,0.023,27.8,0.021,27.8,0.02,27.8
1076.5,0.021,27.8,0.021,27.8,0.024,27.8,0.02,27.8
1077,0.024,27.8,0.025,27.8,0.021,27.8,0.023,27.9
1077.5,0.021,27.8,0.024,27.8,0.021,27.8,0.019,27.8
1078,0.02,27.8,0.02,27.8,0.019,27.8,0.017,27.8
1078.5,0.02,27.9,0.02,27.9,0.018,27.9,0.02,27.8
1079,0.018,27.8,0.018,27.8,0.019,27.8,0.021,27.8
1079.5,-0.001,27.9,-0.002,27.9,0.006,27.8,0.005,27.9
1080,-0.064,27.9,-0.06,27.8,-0.048,27.9,-0.056,27.9
1080.5,-0.131,27.8,-0.128,27.9,-0.085,27.8,-0.111,27.8
1081,-0.133,27.7,-0.134,27.8,-0.138,27.8,-0.119,27.8
1081.5,-0.068,27.7,-0.071,27.7,-0.075,27.7,-0.081,27.7
1082,-0.015,27.7,-0.017,27.7,-0.018,27.7,-0.03,27.6
1082.5,-0.004,27.7,-0.004,27.7,-0.005,27.7,-0.003,27.7
1083,-0.008,27.7,-0.008,27.7,-0.008,27.7,-0.008,27.7
1083.5,-0.022,27.8,-0.022,27.8,-0.017,27.8,-0.025,27.7
1084,-0.003,27.8,-0.004,27.8,-0.014,27.8,-0.005,27.8
1084.5,-0.001,27.8,-0.001,27.8,-0.014,27.8,0,27.8
1085,-0.002,27.9,-0.003,27.9,-0.006,27.8,-0.001,27.8
1085.5,-0.003,27.9,-0.001,27.8,-0.004,27.8,-0.001,27.9
1086,-0.013,27.9,-0.013,27.9,-0.005,27.8,-0.012,27.9
1086.5,-0.023,27.9,-0.023,27.9,-0.021,27.9,-0.024,27.9
1087,-0.01,27.9,-0.011,27.9,-0.013,27.9,-0.017,27.9
1087.5,-0.002,27.9,-0.003,28,-0.002,27.9,-0.003,27.9
1088,-0.008,28,-0.008,28,-0.005,28,-0.008,28
1088.5,-0.008,27.9,-0.007,27.9,-0.008,27.9,-0.007,28
1089,-0.012,28,-0.013,28,-0.011,27.9,-0.01,28
1089.5,-0.017,28,-0.018,28,-0.017,28,-0.012,28
1090,-0.006,28,-0.006,28,-0.006,28,-0.012,28
1090.5,0.01,28,0.011,28,0.01,28,0.004,28
1091,-0.002,28,-0.001,28,0.002,28,0,28
1091.5,-0.012,28,-0.011,28,-0.011,28,-0.011,28
1092,-0.004,28,-0.003,28,-0.004,28,-0.007,28
