time_s,s1_flow_ml_min,s1_temp_c,s2_flow_ml_min,s2_temp_c,s3_flow_ml_min,s3_temp_c,s4_flow_ml_min,s4_temp_c
0.0,0.038,27.4,0.036,27.4,0.039,27.4,0.038,27.4
0.5,0.042,27.4,0.041,27.4,0.044,27.4,0.043,27.4
1.0,0.033,27.3,0.032,27.3,0.034,27.3,0.033,27.3
1.5,0.037,27.4,0.036,27.4,0.035,27.3,0.036,27.4
2.0,0.045,27.4,0.045,27.4,0.043,27.3,0.044,27.4
2.5,0.050,27.3,0.048,27.3,0.051,27.3,0.049,27.3
3.0,0.052,27.3,0.050,27.3,0.051,27.3,0.052,27.3
3.5,0.054,27.3,0.054,27.3,0.055,27.3,0.052,27.3
4.0,0.051,27.3,0.051,27.3,0.051,27.3,0.054,27.3
4.5,0.053,27.2,0.052,27.2,0.051,27.3,0.060,27.2
5.0,0.050,27.2,0.048,27.2,0.050,27.2,0.054,27.2
5.5,0.051,27.2,0.049,27.2,0.051,27.3,0.053,27.2
6.0,0.053,27.2,0.050,27.2,0.058,27.2,0.050,27.2
6.5,0.054,27.2,0.052,27.2,0.060,27.2,0.052,27.2
7.0,0.061,27.2,0.059,27.2,0.059,27.2,0.056,27.2
7.5,0.057,27.2,0.058,27.2,0.058,27.2,0.068,27.2
8.0,0.054,27.2,0.053,27.2,0.056,27.2,0.054,27.2
8.5,0.045,27.2,0.045,27.2,0.044,27.2,0.045,27.2
9.0,0.045,27.2,0.043,27.2,0.048,27.2,0.042,27.2
9.5,0.046,27.1,0.045,27.2,0.049,27.1,0.046,27.2
10.0,0.042,27.2,0.040,27.2,0.044,27.1,0.042,27.2
10.5,0.046,27.2,0.046,27.2,0.045,27.2,0.045,27.2
11.0,0.043,27.2,0.042,27.2,0.041,27.2,0.044,27.2
11.5,0.049,27.2,0.048,27.2,0.044,27.2,0.046,27.1
12.0,0.055,27.2,0.052,27.2,0.052,27.2,0.053,27.2
12.5,0.057,27.2,0.055,27.2,0.053,27.2,0.056,27.2
13.0,0.060,27.1,0.059,27.1,0.058,27.2,0.059,27.1
13.5,0.056,27.1,0.056,27.1,0.064,27.2,0.056,27.1
14.0,0.056,27.1,0.053,27.1,0.055,27.1,0.059,27.1
14.5,0.052,27.1,0.051,27.1,0.052,27.1,0.054,27.1
15.0,0.054,27.1,0.052,27.1,0.053,27.1,0.052,27.1
15.5,0.059,27.1,0.060,27.1,0.057,27.1,0.060,27.1
16.0,0.055,27.1,0.056,27.1,0.056,27.1,0.054,27.1
16.5,0.054,27.1,0.054,27.1,0.057,27.1,0.054,27.1
17.0,0.052,27.1,0.049,27.0,0.051,27.1,0.057,27.1
17.5,0.050,27.1,0.049,27.1,0.050,27.1,0.050,27.1
18.0,0.045,27.1,0.044,27.1,0.043,27.1,0.046,27.1
18.5,0.047,27.1,0.047,27.1,0.045,27.1,0.047,27.1
19.0,0.051,27.1,0.050,27.1,0.049,27.1,0.054,27.1
19.5,0.050,27.1,0.049,27.1,0.056,27.1,0.048,27.0
20.0,0.049,27.1,0.047,27.1,0.051,27.0,0.050,27.1
20.5,0.047,27.1,0.046,27.1,0.047,27.1,0.053,27.1
21.0,0.052,27.1,0.052,27.1,0.051,27.1,0.058,27.1
21.5,0.056,27.1,0.059,27.1,0.055,27.1,0.056,27.1
22.0,0.053,27.1,0.055,27.1,0.054,27.1,0.052,27.1
22.5,0.056,27.1,0.055,27.1,0.053,27.1,0.057,27.1
23.0,0.053,27.1,0.052,27.1,0.056,27.0,0.057,27.1
23.5,0.054,27.1,0.054,27.1,0.053,27.0,0.051,27.1
24.0,0.057,27.1,0.055,27.1,0.056,27.0,0.055,27.1
24.5,0.058,27.1,0.061,27.1,0.058,27.1,0.055,27.0
25.0,0.062,27.0,0.062,27.1,0.060,27.0,0.064,27.1
25.5,0.057,27.0,0.059,27.0,0.061,27.0,0.062,27.0
26.0,0.055,27.0,0.056,27.0,0.059,27.0,0.055,27.1
26.5,0.050,27.0,0.050,27.1,0.053,27.0,0.052,27.0
27.0,0.045,27.0,0.045,27.0,0.042,27.0,0.047,27.1
27.5,0.039,27.0,0.039,27.0,0.040,27.0,0.041,27.1
28.0,0.039,27.0,0.040,27.0,0.040,27.0,0.038,27.0
28.5,0.049,27.0,0.050,27.1,0.046,27.1,0.052,27.0
29.0,0.053,27.1,0.053,27.1,0.049,27.0,0.051,27.1
29.5,0.052,27.0,0.053,27.0,0.051,27.0,0.054,27.0
30.0,0.054,27.0,0.055,27.0,0.050,27.0,0.058,27.0
30.5,0.051,27.0,0.050,27.1,0.048,27.0,0.056,27.0
31.0,0.055,27.0,0.055,27.1,0.052,27.0,0.054,27.1
31.5,0.053,27.0,0.054,27.0,0.058,27.0,0.051,27.0
32.0,0.054,27.0,0.055,27.0,0.054,27.1,0.050,27.0
32.5,0.053,27.0,0.055,27.0,0.052,27.0,0.051,27.1
33.0,0.051,27.0,0.053,27.0,0.051,27.0,0.048,27.0
33.5,0.051,27.0,0.051,27.0,0.049,27.0,0.049,27.0
34.0,0.046,27.0,0.045,27.0,0.045,27.0,0.044,27.0
34.5,0.048,27.0,0.049,27.0,0.047,27.0,0.046,27.0
35.0,0.043,27.0,0.044,27.0,0.043,27.0,0.042,27.1
35.5,0.045,27.0,0.044,27.0,0.045,27.0,0.041,27.0
36.0,0.045,27.0,0.046,27.0,0.043,27.0,0.046,27.0
36.5,0.044,27.0,0.042,27.1,0.041,27.0,0.048,27.0
37.0,0.044,27.0,0.043,27.0,0.041,27.0,0.044,27.0
37.5,0.038,27.1,0.039,27.0,0.039,27.0,0.038,27.0
38.0,0.043,27.1,0.044,27.1,0.038,27.0,0.034,27.0
38.5,0.041,27.0,0.040,27.1,0.040,27.0,0.038,27.1
39.0,0.039,27.1,0.038,27.1,0.036,27.0,0.041,27.1
39.5,0.041,27.1,0.040,27.1,0.039,27.1,0.046,27.1
40.0,0.039,27.1,0.038,27.1,0.038,27.1,0.042,27.1
40.5,0.041,27.1,0.039,27.1,0.037,27.1,0.039,27.1
41.0,0.040,27.0,0.039,27.1,0.043,27.1,0.038,27.0
41.5,0.039,27.1,0.038,27.1,0.039,27.1,0.039,27.1
42.0,0.038,27.1,0.038,27.1,0.039,27.1,0.037,27.1
42.5,0.033,27.1,0.033,27.1,0.031,27.1,0.033,27.1
43.0,0.036,27.1,0.037,27.1,0.032,27.1,0.034,27.1
43.5,0.032,27.1,0.032,27.1,0.032,27.1,0.032,27.1
44.0,0.028,27.1,0.030,27.1,0.026,27.1,0.029,27.1
44.5,0.028,27.1,0.029,27.1,0.028,27.1,0.027,27.1
45.0,0.030,27.1,0.032,27.1,0.031,27.1,0.032,27.1
45.5,0.033,27.1,0.034,27.1,0.035,27.1,0.034,27.1
46.0,0.032,27.1,0.033,27.1,0.033,27.2,0.032,27.2
46.5,0.034,27.1,0.036,27.2,0.032,27.1,0.034,27.2
47.0,0.031,27.1,0.034,27.2,0.033,27.1,0.032,27.2
47.5,0.033,27.1,0.033,27.1,0.030,27.2,0.032,27.2
48.0,0.037,27.1,0.038,27.1,0.036,27.1,0.040,27.1
48.5,0.033,27.1,0.033,27.1,0.034,27.1,0.032,27.1
49.0,0.032,27.1,0.033,27.1,0.034,27.1,0.030,27.1
49.5,0.032,27.1,0.031,27.1,0.034,27.1,0.032,27.2
50.0,0.032,27.1,0.030,27.1,0.035,27.1,0.028,27.1
50.5,0.032,27.1,0.030,27.1,0.034,27.1,0.031,27.1
51.0,0.027,27.2,0.027,27.1,0.031,27.2,0.031,27.1
51.5,0.027,27.2,0.027,27.1,0.028,27.2,0.027,27.1
52.0,0.026,27.2,0.026,27.2,0.028,27.2,0.027,27.2
52.5,0.026,27.2,0.026,27.2,0.028,27.2,0.027,27.2
53.0,0.024,27.2,0.022,27.2,0.025,27.2,0.024,27.2
53.5,0.018,27.2,0.018,27.2,0.021,27.2,0.019,27.2
54.0,0.017,27.2,0.018,27.2,0.017,27.2,0.018,27.2
54.5,0.017,27.2,0.017,27.2,0.017,27.2,0.018,27.2
55.0,0.019,27.2,0.020,27.2,0.020,27.2,0.020,27.2
55.5,0.021,27.2,0.021,27.2,0.020,27.2,0.022,27.2
56.0,0.022,27.2,0.022,27.2,0.021,27.2,0.021,27.2
56.5,0.022,27.2,0.022,27.2,0.022,27.2,0.022,27.2
57.0,0.019,27.3,0.019,27.3,0.019,27.3,0.020,27.2
57.5,0.023,27.2,0.024,27.2,0.018,27.3,0.022,27.2
58.0,0.025,27.3,0.026,27.2,0.025,27.3,0.026,27.2
58.5,0.025,27.3,0.024,27.3,0.028,27.3,0.025,27.3
59.0,0.023,27.2,0.023,27.2,0.030,27.3,0.025,27.3
59.5,0.012,27.3,0.011,27.3,0.016,27.3,0.015,27.2
60.0,-0.024,27.3,-0.022,27.3,-0.023,27.3,0.004,27.2
60.5,-0.070,27.3,-0.067,27.3,-0.071,27.3,-0.036,27.2
61.0,-0.123,27.3,-0.122,27.3,-0.122,27.2,-0.096,27.3
61.5,-0.168,27.2,-0.163,27.2,-0.153,27.2,-0.168,27.2
62.0,-0.146,27.1,-0.146,27.1,-0.150,27.1,-0.153,27.1
62.5,-0.079,27.0,-0.081,27.0,-0.087,27.0,-0.085,27.0
63.0,-0.027,27.0,-0.031,27.0,-0.031,27.0,-0.032,27.0
63.5,-0.015,27.1,-0.015,27.1,-0.014,27.0,-0.015,27.1
64.0,-0.009,27.1,-0.010,27.1,-0.012,27.1,-0.010,27.1
64.5,-0.007,27.1,-0.007,27.1,-0.006,27.1,-0.008,27.2
65.0,-0.003,27.2,-0.003,27.2,-0.006,27.2,-0.004,27.2
65.5,0.001,27.2,0.001,27.2,-0.003,27.2,0.001,27.2
66.0,-0.001,27.2,-0.001,27.3,-0.001,27.3,0.000,27.2
66.5,-0.011,27.3,-0.010,27.3,-0.007,27.3,-0.011,27.3
67.0,-0.020,27.3,-0.020,27.3,-0.019,27.3,-0.019,27.3
67.5,-0.007,27.3,-0.008,27.3,-0.020,27.3,-0.007,27.3
68.0,0.008,27.3,0.009,27.3,-0.003,27.3,0.005,27.3
68.5,-0.000,27.3,-0.000,27.3,-0.001,27.3,0.001,27.3
69.0,-0.004,27.3,-0.006,27.3,-0.006,27.4,-0.005,27.3
69.5,0.011,27.3,0.011,27.4,0.008,27.4,0.002,27.4
70.0,-0.000,27.4,-0.003,27.4,0.004,27.3,0.001,27.4
70.5,-0.004,27.4,-0.004,27.4,-0.003,27.4,-0.003,27.4
71.0,-0.003,27.4,-0.002,27.4,-0.002,27.4,-0.001,27.4
71.5,0.001,27.4,-0.001,27.4,-0.002,27.4,0.001,27.4
72.0,-0.001,27.4,-0.001,27.4,-0.002,27.4,-0.001,27.4
72.5,0.000,27.4,0.000,27.4,0.001,27.4,0.002,27.4
73.0,0.003,27.4,0.004,27.4,0.003,27.4,0.002,27.4
73.5,0.006,27.4,0.006,27.4,0.006,27.4,0.006,27.4
74.0,0.006,27.4,0.007,27.4,0.006,27.5,0.008,27.4
74.5,0.007,27.5,0.010,27.5,0.007,27.4,0.009,27.5
75.0,-0.001,27.4,-0.000,27.4,0.001,27.4,0.002,27.5
75.5,-0.016,27.5,-0.011,27.5,-0.015,27.5,-0.015,27.4
76.0,-0.023,27.5,-0.024,27.5,-0.022,27.5,-0.021,27.4
76.5,-0.029,27.4,-0.030,27.5,-0.028,27.5,-0.026,27.4
77.0,-0.015,27.5,-0.015,27.5,-0.018,27.5,-0.021,27.4
77.5,0.007,27.4,0.007,27.4,0.002,27.5,0.004,27.4
78.0,0.013,27.5,0.013,27.5,0.012,27.5,0.012,27.4
78.5,0.009,27.5,0.010,27.5,0.011,27.5,0.011,27.5
79.0,0.014,27.5,0.015,27.5,0.014,27.5,0.014,27.5
79.5,0.024,27.5,0.025,27.5,0.023,27.5,0.018,27.5
80.0,0.036,27.5,0.034,27.5,0.030,27.5,0.033,27.5
80.5,0.040,27.5,0.041,27.5,0.039,27.5,0.038,27.5
81.0,0.037,27.4,0.037,27.4,0.044,27.4,0.036,27.4
81.5,0.037,27.4,0.039,27.4,0.043,27.4,0.035,27.5
82.0,0.036,27.4,0.037,27.4,0.034,27.4,0.036,27.5
82.5,0.036,27.4,0.037,27.4,0.037,27.4,0.035,27.4
83.0,0.036,27.4,0.037,27.4,0.039,27.4,0.037,27.4
83.5,0.041,27.4,0.041,27.4,0.043,27.4,0.040,27.4
84.0,0.049,27.4,0.046,27.4,0.051,27.3,0.047,27.4
84.5,0.046,27.3,0.046,27.3,0.047,27.3,0.046,27.4
85.0,0.048,27.3,0.050,27.3,0.049,27.3,0.047,27.3
85.5,0.043,27.3,0.044,27.3,0.045,27.3,0.043,27.3
86.0,0.040,27.3,0.040,27.3,0.037,27.3,0.042,27.3
86.5,0.043,27.3,0.042,27.3,0.041,27.3,0.042,27.3
87.0,0.042,27.3,0.044,27.3,0.044,27.3,0.042,27.3
87.5,0.044,27.3,0.044,27.3,0.043,27.3,0.045,27.3
88.0,0.045,27.3,0.043,27.3,0.045,27.2,0.043,27.3
88.5,0.047,27.2,0.046,27.2,0.046,27.2,0.045,27.2
89.0,0.051,27.2,0.052,27.2,0.049,27.3,0.048,27.2
89.5,0.051,27.2,0.050,27.2,0.049,27.2,0.049,27.2
90.0,0.054,27.2,0.055,27.2,0.050,27.2,0.056,27.2
90.5,0.052,27.2,0.049,27.2,0.052,27.2,0.052,27.2
91.0,0.052,27.2,0.055,27.2,0.055,27.2,0.049,27.2
91.5,0.050,27.2,0.051,27.2,0.054,27.1,0.050,27.2
92.0,0.045,27.1,0.045,27.1,0.048,27.2,0.046,27.2
92.5,0.052,27.1,0.052,27.1,0.054,27.1,0.046,27.2
93.0,0.053,27.2,0.051,27.1,0.054,27.1,0.050,27.1
93.5,0.053,27.1,0.051,27.1,0.053,27.1,0.049,27.1
94.0,0.047,27.1,0.045,27.1,0.052,27.1,0.046,27.1
94.5,0.046,27.1,0.047,27.1,0.054,27.1,0.046,27.1
95.0,0.044,27.1,0.045,27.1,0.045,27.1,0.047,27.1
95.5,0.036,27.1,0.038,27.1,0.037,27.1,0.036,27.1
96.0,0.039,27.1,0.036,27.1,0.035,27.1,0.039,27.1
96.5,0.039,27.1,0.038,27.1,0.038,27.1,0.042,27.1
97.0,0.040,27.1,0.040,27.1,0.042,27.1,0.041,27.1
97.5,0.042,27.2,0.043,27.1,0.043,27.1,0.041,27.2
98.0,0.044,27.1,0.045,27.1,0.043,27.1,0.044,27.2
98.5,0.046,27.1,0.046,27.1,0.044,27.2,0.045,27.1
99.0,0.047,27.1,0.044,27.1,0.049,27.1,0.048,27.1
99.5,0.049,27.1,0.046,27.1,0.044,27.1,0.050,27.1
100.0,0.048,27.1,0.047,27.1,0.047,27.1,0.051,27.1
100.5,0.046,27.1,0.045,27.1,0.043,27.1,0.049,27.1
101.0,0.046,27.1,0.046,27.1,0.046,27.1,0.050,27.1
101.5,0.043,27.1,0.042,27.1,0.048,27.1,0.043,27.1
102.0,0.049,27.1,0.046,27.1,0.048,27.1,0.052,27.1
102.5,0.051,27.1,0.049,27.1,0.048,27.1,0.052,27.1
103.0,0.051,27.1,0.051,27.1,0.050,27.1,0.053,27.1
103.5,0.050,27.1,0.051,27.1,0.050,27.1,0.048,27.1
104.0,0.044,27.1,0.045,27.1,0.049,27.1,0.043,27.1
104.5,0.042,27.1,0.042,27.1,0.042,27.1,0.044,27.1
105.0,0.035,27.1,0.034,27.1,0.035,27.1,0.040,27.1
105.5,0.036,27.1,0.035,27.1,0.034,27.1,0.038,27.1
106.0,0.039,27.1,0.037,27.1,0.038,27.1,0.042,27.1
106.5,0.041,27.1,0.040,27.1,0.040,27.1,0.041,27.1
107.0,0.044,27.1,0.043,27.1,0.042,27.1,0.043,27.1
107.5,0.044,27.1,0.044,27.1,0.046,27.0,0.044,27.1
108.0,0.047,27.1,0.046,27.1,0.049,27.1,0.045,27.1
108.5,0.046,27.1,0.044,27.1,0.046,27.1,0.047,27.1
109.0,0.048,27.1,0.047,27.1,0.045,27.1,0.047,27.1
109.5,0.048,27.1,0.048,27.1,0.050,27.1,0.050,27.1
110.0,0.046,27.0,0.044,27.0,0.045,27.1,0.048,27.1
110.5,0.047,27.1,0.045,27.0,0.045,27.0,0.049,27.1
111.0,0.044,27.0,0.041,27.1,0.042,27.1,0.050,27.1
111.5,0.045,27.1,0.043,27.1,0.042,27.1,0.049,27.1
112.0,0.047,27.1,0.045,27.1,0.046,27.1,0.047,27.1
112.5,0.041,27.1,0.041,27.1,0.047,27.1,0.040,27.0
113.0,0.044,27.0,0.042,27.0,0.041,27.0,0.042,27.0
113.5,0.042,27.1,0.042,27.1,0.053,27.1,0.042,27.0
114.0,0.043,27.1,0.043,27.0,0.048,27.1,0.040,27.0
114.5,0.041,27.0,0.040,27.1,0.040,27.1,0.043,27.0
115.0,0.042,27.1,0.042,27.1,0.041,27.1,0.042,27.0
115.5,0.040,27.1,0.042,27.0,0.041,27.1,0.040,27.1
116.0,0.038,27.0,0.039,27.0,0.038,27.0,0.038,27.1
116.5,0.040,27.0,0.040,27.0,0.040,27.1,0.039,27.1
117.0,0.040,27.0,0.039,27.0,0.036,27.0,0.047,27.0
117.5,0.039,27.1,0.039,27.1,0.039,27.1,0.042,27.0
118.0,0.041,27.1,0.042,27.1,0.040,27.0,0.040,27.0
118.5,0.038,27.0,0.038,27.0,0.036,27.1,0.036,27.1
119.0,0.038,27.1,0.042,27.1,0.036,27.1,0.037,27.1
119.5,0.035,27.1,0.037,27.1,0.041,27.1,0.034,27.1
120.0,0.034,27.1,0.038,27.0,0.038,27.1,0.033,27.1
120.5,0.028,27.1,0.030,27.1,0.031,27.1,0.030,27.1
121.0,0.024,27.1,0.023,27.1,0.026,27.1,0.026,27.1
121.5,0.024,27.1,0.023,27.1,0.026,27.1,0.023,27.1
122.0,0.022,27.1,0.021,27.1,0.022,27.1,0.025,27.1
122.5,0.027,27.1,0.027,27.1,0.027,27.1,0.027,27.1
123.0,0.031,27.1,0.031,27.2,0.031,27.1,0.028,27.1
123.5,0.031,27.1,0.032,27.1,0.032,27.1,0.028,27.2
124.0,0.031,27.1,0.031,27.1,0.030,27.1,0.030,27.1
124.5,0.032,27.1,0.031,27.1,0.030,27.2,0.032,27.1
125.0,0.032,27.1,0.032,27.1,0.031,27.1,0.032,27.1
125.5,0.029,27.1,0.029,27.1,0.030,27.1,0.028,27.1
126.0,0.030,27.1,0.030,27.1,0.029,27.1,0.028,27.1
126.5,0.032,27.1,0.031,27.2,0.030,27.1,0.030,27.1
127.0,0.031,27.1,0.032,27.1,0.030,27.1,0.030,27.1
127.5,0.029,27.1,0.029,27.2,0.027,27.1,0.036,27.1
128.0,0.027,27.1,0.028,27.1,0.026,27.1,0.027,27.1
128.5,0.030,27.1,0.032,27.1,0.031,27.1,0.027,27.1
129.0,0.030,27.1,0.031,27.1,0.031,27.1,0.030,27.1
129.5,0.029,27.1,0.031,27.1,0.030,27.1,0.028,27.1
130.0,0.028,27.1,0.029,27.1,0.032,27.2,0.027,27.1
130.5,0.025,27.1,0.025,27.1,0.028,27.1,0.024,27.1
131.0,0.025,27.1,0.025,27.1,0.023,27.1,0.027,27.1
131.5,0.024,27.1,0.024,27.1,0.028,27.1,0.024,27.1
132.0,0.025,27.2,0.023,27.2,0.029,27.2,0.023,27.1
132.5,0.026,27.2,0.026,27.2,0.028,27.2,0.025,27.2
133.0,0.024,27.2,0.024,27.2,0.025,27.1,0.024,27.2
133.5,0.024,27.2,0.023,27.1,0.024,27.1,0.024,27.2
134.0,0.022,27.2,0.022,27.2,0.024,27.2,0.023,27.2
134.5,0.024,27.2,0.022,27.2,0.026,27.2,0.023,27.2
135.0,0.026,27.2,0.025,27.2,0.027,27.2,0.026,27.2
135.5,0.025,27.2,0.024,27.2,0.024,27.2,0.025,27.2
136.0,0.025,27.2,0.024,27.2,0.023,27.2,0.025,27.2
136.5,0.022,27.2,0.022,27.2,0.022,27.2,0.023,27.2
137.0,0.024,27.2,0.024,27.2,0.025,27.2,0.024,27.2
137.5,0.023,27.2,0.022,27.2,0.024,27.2,0.023,27.2
138.0,0.021,27.2,0.021,27.2,0.022,27.2,0.021,27.2
138.5,0.019,27.2,0.020,27.2,0.022,27.2,0.019,27.2
139.0,0.008,27.2,0.009,27.2,0.018,27.2,0.014,27.2
139.5,-0.030,27.2,-0.029,27.2,-0.022,27.2,-0.028,27.2
140.0,-0.072,27.2,-0.073,27.2,-0.064,27.2,-0.068,27.2
140.5,-0.109,27.2,-0.109,27.2,-0.105,27.2,-0.106,27.2
141.0,-0.120,27.1,-0.118,27.1,-0.120,27.1,-0.117,27.1
141.5,-0.091,27.1,-0.092,27.1,-0.095,27.1,-0.096,27.1
142.0,-0.044,27.0,-0.046,27.0,-0.046,27.0,-0.057,27.1
142.5,-0.016,27.1,-0.015,27.1,-0.023,27.0,-0.018,27.0
143.0,-0.009,27.1,-0.010,27.1,-0.009,27.1,-0.009,27.1
143.5,-0.014,27.1,-0.013,27.1,-0.014,27.1,-0.009,27.1
144.0,-0.020,27.1,-0.019,27.1,-0.014,27.1,-0.019,27.1
144.5,-0.016,27.2,-0.016,27.1,-0.012,27.1,-0.020,27.1
145.0,-0.000,27.2,-0.000,27.2,-0.003,27.2,-0.002,27.2
145.5,-0.001,27.2,-0.001,27.2,-0.002,27.2,-0.001,27.2
146.0,-0.003,27.2,-0.002,27.2,-0.003,27.2,-0.003,27.2
146.5,-0.006,27.2,-0.004,27.2,-0.002,27.2,-0.006,27.3
147.0,0.000,27.3,0.001,27.3,-0.002,27.2,-0.000,27.3
147.5,0.004,27.3,0.004,27.3,-0.000,27.3,0.005,27.3
148.0,-0.001,27.3,-0.000,27.3,0.002,27.3,0.000,27.3
148.5,-0.010,27.3,-0.009,27.3,-0.006,27.4,-0.008,27.3
149.0,-0.011,27.3,-0.010,27.3,-0.010,27.3,-0.011,27.3
149.5,-0.002,27.3,-0.004,27.3,-0.004,27.3,-0.002,27.3
150.0,-0.010,27.3,-0.009,27.3,-0.007,27.3,-0.003,27.3
150.5,-0.011,27.3,-0.010,27.3,-0.013,27.3,-0.008,27.3
151.0,-0.003,27.3,-0.004,27.3,-0.004,27.4,-0.004,27.3
151.5,-0.001,27.4,-0.001,27.3,-0.001,27.4,-0.002,27.3
152.0,0.005,27.4,0.005,27.4,0.004,27.3,0.005,27.4
152.5,-0.001,27.4,0.000,27.4,0.000,27.3,-0.000,27.4
153.0,-0.013,27.4,-0.013,27.4,-0.009,27.4,-0.011,27.4
153.5,-0.021,27.4,-0.022,27.4,-0.018,27.4,-0.020,27.4
154.0,-0.018,27.4,-0.017,27.4,-0.018,27.4,-0.018,27.4
154.5,-0.008,27.4,-0.007,27.4,-0.010,27.4,-0.008,27.4
155.0,-0.002,27.4,-0.002,27.4,-0.004,27.4,-0.002,27.4
155.5,0.003,27.4,0.004,27.4,0.002,27.4,0.003,27.4
156.0,0.000,27.4,0.001,27.4,0.002,27.4,0.001,27.4
156.5,-0.001,27.4,-0.001,27.4,0.002,27.4,-0.002,27.4
157.0,-0.003,27.4,-0.002,27.4,-0.001,27.4,-0.003,27.4
157.5,0.004,27.4,0.004,27.4,0.003,27.4,0.002,27.4
158.0,0.014,27.4,0.014,27.4,0.013,27.4,0.015,27.4
158.5,0.016,27.4,0.017,27.4,0.016,27.4,0.017,27.4
159.0,0.017,27.4,0.018,27.5,0.017,27.4,0.018,27.4
159.5,0.018,27.4,0.018,27.4,0.019,27.4,0.018,27.4
160.0,0.020,27.4,0.020,27.4,0.018,27.4,0.020,27.4
160.5,0.025,27.4,0.025,27.4,0.020,27.4,0.026,27.4
161.0,0.031,27.4,0.032,27.4,0.028,27.4,0.033,27.4
161.5,0.037,27.4,0.038,27.4,0.036,27.4,0.037,27.4
162.0,0.035,27.4,0.036,27.4,0.036,27.4,0.035,27.4
162.5,0.032,27.4,0.032,27.3,0.031,27.4,0.033,27.4
163.0,0.030,27.4,0.030,27.4,0.029,27.3,0.029,27.4
163.5,0.041,27.3,0.040,27.3,0.038,27.3,0.030,27.4
164.0,0.044,27.3,0.049,27.3,0.044,27.3,0.031,27.4
164.5,0.043,27.3,0.043,27.3,0.042,27.3,0.042,27.3
165.0,0.042,27.3,0.042,27.2,0.042,27.3,0.041,27.3
165.5,0.041,27.2,0.040,27.2,0.041,27.2,0.042,27.2
166.0,0.044,27.2,0.044,27.2,0.042,27.2,0.044,27.2
166.5,0.046,27.2,0.049,27.2,0.046,27.2,0.044,27.2
167.0,0.048,27.2,0.051,27.2,0.045,27.2,0.050,27.1
167.5,0.047,27.2,0.049,27.2,0.047,27.2,0.049,27.1
168.0,0.046,27.1,0.045,27.1,0.044,27.1,0.048,27.2
168.5,0.045,27.1,0.044,27.1,0.046,27.1,0.048,27.1
169.0,0.042,27.1,0.042,27.1,0.044,27.1,0.041,27.1
169.5,0.046,27.1,0.044,27.1,0.047,27.1,0.041,27.1
170.0,0.046,27.1,0.044,27.1,0.045,27.1,0.047,27.1
170.5,0.048,27.1,0.048,27.1,0.045,27.1,0.047,27.1
171.0,0.048,27.1,0.048,27.1,0.047,27.1,0.047,27.0
171.5,0.044,27.1,0.042,27.1,0.044,27.1,0.047,27.0
172.0,0.040,27.1,0.039,27.0,0.042,27.0,0.040,27.0
172.5,0.032,27.1,0.032,27.1,0.037,27.0,0.031,27.1
173.0,0.037,27.1,0.037,27.1,0.032,27.1,0.035,27.1
173.5,0.044,27.1,0.044,27.1,0.032,27.1,0.044,27.1
174.0,0.043,27.1,0.043,27.0,0.041,27.1,0.045,27.0
174.5,0.041,27.1,0.046,27.0,0.040,27.1,0.043,27.0
175.0,0.043,27.1,0.043,27.1,0.040,27.0,0.042,27.1
175.5,0.052,27.0,0.052,27.0,0.050,27.0,0.054,27.1
176.0,0.051,27.0,0.051,27.0,0.053,27.0,0.054,27.0
176.5,0.051,27.0,0.051,27.0,0.051,27.0,0.059,27.0
177.0,0.048,27.0,0.049,27.0,0.048,27.0,0.048,27.0
177.5,0.045,27.0,0.049,27.0,0.043,27.0,0.044,27.0
178.0,0.045,27.0,0.046,27.0,0.043,27.0,0.044,27.0
178.5,0.043,27.0,0.044,27.0,0.045,27.0,0.040,27.0
179.0,0.048,27.0,0.048,27.0,0.042,27.0,0.045,27.0
179.5,0.049,27.0,0.050,27.0,0.047,27.0,0.048,26.9
180.0,0.045,27.0,0.045,27.0,0.041,26.9,0.046,27.0
180.5,0.044,27.0,0.043,27.0,0.043,27.0,0.048,27.0
181.0,0.041,27.0,0.042,27.0,0.042,27.0,0.041,27.0
181.5,0.042,27.0,0.043,27.0,0.042,27.0,0.040,27.0
182.0,0.038,27.0,0.039,27.0,0.040,27.0,0.039,27.0
182.5,0.036,27.0,0.035,27.0,0.037,27.0,0.035,27.0
183.0,0.038,27.0,0.036,27.0,0.039,27.0,0.037,27.0
183.5,0.036,27.0,0.034,27.0,0.038,27.0,0.035,27.0
184.0,0.041,27.0,0.037,27.0,0.044,27.0,0.041,27.0
184.5,0.043,27.0,0.042,27.0,0.046,27.0,0.041,27.0
185.0,0.046,27.0,0.043,27.0,0.042,26.9,0.047,27.0
185.5,0.047,27.0,0.045,27.0,0.046,27.0,0.048,27.0
186.0,0.044,27.0,0.044,27.0,0.048,27.0,0.045,27.0
186.5,0.044,27.0,0.043,26.9,0.044,27.0,0.048,26.9
187.0,0.042,27.0,0.043,26.9,0.042,27.0,0.043,26.9
187.5,0.044,27.0,0.043,27.0,0.045,27.0,0.042,27.0
188.0,0.044,26.9,0.043,27.0,0.042,26.9,0.045,26.9
188.5,0.042,27.0,0.041,27.0,0.042,27.0,0.043,27.0
189.0,0.042,27.0,0.042,27.0,0.041,27.0,0.042,27.0
189.5,0.036,26.9,0.034,26.9,0.038,27.0,0.038,26.9
190.0,0.039,26.9,0.039,26.9,0.036,26.9,0.040,26.9
190.5,0.039,27.0,0.041,27.0,0.038,27.0,0.041,26.9
191.0,0.040,27.0,0.041,27.0,0.041,27.0,0.036,26.9
191.5,0.040,27.0,0.042,27.0,0.039,27.0,0.036,26.9
192.0,0.037,27.0,0.038,27.0,0.038,27.0,0.036,27.0
192.5,0.036,27.0,0.036,27.0,0.038,27.0,0.035,27.0
193.0,0.035,27.0,0.037,27.0,0.037,27.0,0.034,27.0
193.5,0.039,27.0,0.041,26.9,0.037,27.0,0.040,27.0
194.0,0.041,27.0,0.046,27.0,0.043,26.9,0.041,27.0
194.5,0.039,27.0,0.042,27.0,0.042,27.0,0.039,27.0
195.0,0.043,27.0,0.041,27.0,0.043,27.0,0.043,27.0
195.5,0.040,27.0,0.039,27.0,0.042,27.0,0.042,26.9
196.0,0.043,27.0,0.042,27.0,0.044,27.0,0.049,26.9
196.5,0.041,27.0,0.039,27.0,0.043,27.0,0.046,27.0
197.0,0.039,27.0,0.039,27.0,0.038,27.0,0.043,27.0
197.5,0.038,26.9,0.038,26.9,0.038,26.9,0.037,26.9
198.0,0.032,27.0,0.033,26.9,0.033,26.9,0.031,27.0
198.5,0.030,27.0,0.030,27.0,0.030,27.0,0.029,27.0
199.0,0.027,27.0,0.026,27.0,0.027,27.0,0.028,27.0
199.5,0.031,27.0,0.030,27.0,0.030,27.0,0.031,27.0
200.0,0.034,27.0,0.034,27.0,0.035,27.0,0.034,27.0
200.5,0.033,27.0,0.033,27.0,0.034,27.0,0.034,27.0
201.0,0.033,27.0,0.032,27.0,0.037,27.0,0.033,27.0
201.5,0.029,27.0,0.029,27.0,0.027,27.0,0.030,27.0
202.0,0.035,27.0,0.035,27.0,0.024,27.1,0.037,27.0
202.5,0.035,27.0,0.035,27.0,0.025,27.0,0.039,27.0
203.0,0.031,27.0,0.031,27.0,0.032,27.0,0.040,27.0
203.5,0.031,27.0,0.030,27.0,0.031,27.0,0.034,27.0
204.0,0.028,27.0,0.027,27.0,0.029,27.0,0.028,27.0
204.5,0.029,27.0,0.032,27.0,0.029,27.0,0.029,27.0
205.0,0.026,27.0,0.026,27.0,0.025,27.0,0.030,27.0
205.5,0.026,27.0,0.026,27.0,0.026,27.0,0.022,27.0
206.0,0.027,27.1,0.029,27.1,0.027,27.1,0.024,27.0
206.5,0.026,27.0,0.028,27.0,0.026,27.1,0.024,27.0
207.0,0.027,27.1,0.029,27.0,0.027,27.1,0.025,27.0
207.5,0.023,27.1,0.023,27.1,0.028,27.1,0.023,27.1
208.0,0.023,27.1,0.024,27.1,0.023,27.1,0.023,27.1
208.5,0.022,27.1,0.023,27.1,0.023,27.1,0.021,27.1
209.0,0.025,27.1,0.025,27.1,0.024,27.1,0.024,27.1
209.5,0.026,27.1,0.028,27.1,0.029,27.1,0.027,27.1
210.0,0.026,27.1,0.026,27.1,0.027,27.1,0.025,27.1
210.5,0.025,27.1,0.025,27.1,0.026,27.1,0.025,27.1
211.0,0.022,27.1,0.023,27.1,0.024,27.1,0.024,27.0
211.5,0.025,27.1,0.026,27.1,0.024,27.1,0.024,27.1
212.0,0.027,27.1,0.029,27.1,0.027,27.1,0.025,27.1
212.5,0.026,27.1,0.025,27.1,0.028,27.1,0.024,27.1
213.0,0.025,27.1,0.025,27.1,0.025,27.1,0.026,27.1
213.5,0.026,27.1,0.027,27.1,0.026,27.1,0.026,27.1
214.0,0.026,27.1,0.025,27.1,0.026,27.1,0.025,27.1
214.5,0.026,27.1,0.028,27.1,0.027,27.1,0.027,27.1
215.0,0.027,27.1,0.029,27.1,0.027,27.1,0.028,27.1
215.5,0.025,27.1,0.024,27.1,0.026,27.1,0.025,27.1
216.0,0.022,27.1,0.022,27.1,0.022,27.1,0.021,27.1
216.5,0.023,27.1,0.021,27.1,0.020,27.1,0.024,27.1
217.0,0.019,27.1,0.018,27.1,0.019,27.1,0.021,27.1
217.5,0.015,27.1,0.014,27.1,0.016,27.1,0.017,27.1
218.0,0.013,27.1,0.014,27.1,0.015,27.1,0.013,27.1
218.5,0.012,27.1,0.013,27.1,0.013,27.1,0.011,27.2
219.0,0.015,27.2,0.016,27.2,0.015,27.2,0.014,27.2
219.5,0.015,27.2,0.015,27.2,0.016,27.2,0.014,27.1
220.0,0.004,27.2,0.004,27.2,0.006,27.2,0.005,27.1
220.5,-0.033,27.2,-0.033,27.2,-0.030,27.2,-0.030,27.2
221.0,-0.076,27.2,-0.072,27.2,-0.066,27.2,-0.073,27.2
221.5,-0.105,27.2,-0.093,27.2,-0.105,27.2,-0.098,27.2
222.0,-0.100,27.1,-0.098,27.1,-0.102,27.2,-0.102,27.1
222.5,-0.072,27.1,-0.073,27.1,-0.076,27.1,-0.078,27.1
223.0,-0.041,27.0,-0.042,27.0,-0.048,27.0,-0.043,27.0
223.5,-0.020,27.1,-0.020,27.1,-0.024,27.0,-0.025,27.1
224.0,-0.011,27.1,-0.012,27.1,-0.012,27.1,-0.012,27.1
224.5,-0.010,27.1,-0.011,27.1,-0.008,27.1,-0.010,27.1
225.0,-0.009,27.2,-0.009,27.1,-0.009,27.2,-0.009,27.1
225.5,-0.004,27.2,-0.003,27.2,-0.006,27.1,-0.008,27.2
226.0,-0.004,27.2,-0.004,27.2,-0.005,27.2,-0.006,27.2
226.5,-0.002,27.2,-0.002,27.2,-0.003,27.2,-0.004,27.2
227.0,0.002,27.2,0.002,27.2,0.003,27.3,-0.002,27.2
227.5,-0.014,27.3,-0.013,27.3,-0.014,27.3,-0.015,27.2
228.0,-0.004,27.3,-0.005,27.3,-0.007,27.3,-0.004,27.3
228.5,0.003,27.3,0.004,27.3,0.003,27.3,0.002,27.3
229.0,0.002,27.3,0.002,27.3,0.003,27.3,0.004,27.3
229.5,-0.009,27.3,-0.007,27.3,-0.007,27.3,-0.004,27.3
230.0,-0.017,27.3,-0.015,27.3,-0.016,27.3,-0.016,27.3
230.5,-0.021,27.3,-0.019,27.3,-0.019,27.3,-0.020,27.3
231.0,-0.016,27.3,-0.015,27.3,-0.020,27.3,-0.017,27.3
231.5,-0.006,27.3,-0.007,27.3,-0.012,27.3,-0.009,27.3
232.0,-0.008,27.3,-0.007,27.3,-0.007,27.3,-0.004,27.4
232.5,-0.010,27.3,-0.011,27.3,-0.010,27.3,-0.011,27.3
233.0,-0.012,27.3,-0.012,27.3,-0.012,27.3,-0.014,27.4
233.5,-0.012,27.4,-0.012,27.3,-0.012,27.3,-0.013,27.4
234.0,-0.009,27.3,-0.009,27.4,-0.008,27.4,-0.010,27.3
234.5,-0.004,27.4,-0.006,27.4,-0.004,27.4,-0.005,27.4
235.0,-0.003,27.4,-0.003,27.4,-0.004,27.4,-0.003,27.4
235.5,-0.005,27.4,-0.005,27.4,-0.006,27.4,-0.005,27.4
236.0,0.000,27.4,0.000,27.4,-0.001,27.4,-0.001,27.4
236.5,0.008,27.4,0.007,27.4,0.008,27.4,0.006,27.4
237.0,0.001,27.4,0.001,27.4,0.004,27.4,0.003,27.4
237.5,-0.004,27.4,-0.003,27.4,-0.003,27.4,-0.005,27.4
238.0,0.007,27.4,0.008,27.4,0.004,27.4,0.005,27.4
238.5,0.014,27.4,0.015,27.4,0.015,27.4,0.012,27.4
239.0,0.016,27.4,0.016,27.4,0.017,27.3,0.016,27.4
239.5,0.015,27.4,0.015,27.4,0.017,27.4,0.016,27.4
240.0,0.018,27.4,0.019,27.4,0.016,27.4,0.017,27.4
240.5,0.023,27.4,0.024,27.4,0.021,27.4,0.024,27.4
241.0,0.032,27.4,0.032,27.4,0.032,27.4,0.033,27.4
241.5,0.032,27.4,0.031,27.3,0.032,27.4,0.032,27.4
242.0,0.031,27.4,0.032,27.3,0.030,27.4,0.030,27.4
242.5,0.030,27.4,0.030,27.3,0.031,27.4,0.029,27.4
243.0,0.035,27.3,0.035,27.3,0.034,27.4,0.036,27.3
243.5,0.036,27.3,0.037,27.3,0.037,27.3,0.036,27.3
244.0,0.039,27.3,0.038,27.3,0.036,27.3,0.040,27.3
244.5,0.040,27.3,0.041,27.3,0.039,27.3,0.046,27.3
245.0,0.039,27.3,0.038,27.3,0.040,27.3,0.037,27.2
245.5,0.041,27.2,0.041,27.2,0.039,27.2,0.045,27.2
246.0,0.038,27.2,0.039,27.2,0.039,27.2,0.041,27.2
246.5,0.042,27.2,0.042,27.1,0.041,27.2,0.044,27.2
247.0,0.048,27.2,0.049,27.2,0.047,27.2,0.049,27.2
247.5,0.049,27.1,0.049,27.2,0.051,27.2,0.052,27.2
248.0,0.051,27.1,0.052,27.1,0.049,27.1,0.053,27.1
248.5,0.046,27.1,0.045,27.1,0.050,27.2,0.049,27.1
249.0,0.045,27.1,0.046,27.1,0.049,27.2,0.047,27.1
249.5,0.041,27.1,0.040,27.1,0.046,27.1,0.043,27.1
250.0,0.028,27.1,0.028,27.1,0.027,27.1,0.035,27.1
250.5,0.035,27.1,0.035,27.1,0.024,27.0,0.036,27.1
251.0,0.042,27.1,0.046,27.1,0.037,27.1,0.042,27.1
251.5,0.042,27.1,0.042,27.1,0.040,27.1,0.041,27.1
252.0,0.042,27.1,0.043,27.1,0.043,27.1,0.040,27.1
252.5,0.046,27.1,0.046,27.1,0.045,27.0,0.049,27.1
253.0,0.048,27.0,0.049,27.0,0.048,27.0,0.047,27.1
253.5,0.047,27.0,0.048,27.0,0.047,27.1,0.046,27.1
254.0,0.049,27.0,0.049,27.0,0.054,27.1,0.048,27.1
254.5,0.047,27.0,0.046,27.0,0.054,27.0,0.049,27.0
255.0,0.047,27.0,0.047,27.0,0.053,27.0,0.047,27.0
255.5,0.046,27.0,0.047,27.0,0.053,27.0,0.048,27.0
256.0,0.044,27.0,0.043,26.9,0.042,27.0,0.045,27.0
256.5,0.043,27.0,0.042,27.0,0.042,27.0,0.044,27.0
257.0,0.043,27.0,0.041,27.0,0.042,27.0,0.043,27.0
257.5,0.047,27.0,0.048,27.0,0.044,27.0,0.052,27.0
258.0,0.045,26.9,0.045,26.9,0.051,26.9,0.046,26.9
258.5,0.041,27.0,0.042,27.0,0.039,27.0,0.043,27.0
259.0,0.036,27.0,0.036,27.0,0.036,27.0,0.037,27.0
259.5,0.028,27.0,0.029,27.0,0.031,27.0,0.033,27.0
260.0,0.035,27.0,0.036,27.0,0.033,26.9,0.035,27.0
260.5,0.035,27.0,0.036,27.0,0.035,27.0,0.035,27.0
261.0,0.038,27.0,0.040,27.0,0.036,27.0,0.044,27.1
261.5,0.039,27.0,0.039,27.0,0.039,27.0,0.046,27.1
262.0,0.045,27.0,0.045,27.0,0.042,26.9,0.042,27.0
262.5,0.048,27.0,0.049,27.0,0.049,26.9,0.045,27.0
263.0,0.045,27.0,0.047,27.0,0.046,27.0,0.044,27.0
263.5,0.049,27.0,0.049,26.9,0.052,26.9,0.047,27.0
264.0,0.046,27.0,0.048,27.0,0.045,26.9,0.045,26.9
264.5,0.047,26.9,0.048,26.9,0.045,26.9,0.045,26.9
265.0,0.045,26.9,0.044,26.9,0.045,26.9,0.045,26.9
265.5,0.041,26.9,0.040,26.9,0.043,26.9,0.042,26.9
266.0,0.042,26.9,0.043,26.9,0.040,26.9,0.043,26.9
266.5,0.047,26.9,0.044,26.9,0.047,26.9,0.047,26.9
267.0,0.047,26.9,0.046,26.9,0.042,26.9,0.048,26.9
267.5,0.044,26.9,0.042,26.9,0.045,26.9,0.048,26.9
268.0,0.040,26.9,0.039,26.9,0.041,26.9,0.039,26.9
268.5,0.038,26.9,0.038,26.9,0.038,26.9,0.038,26.9
269.0,0.031,26.9,0.032,26.9,0.029,26.9,0.033,26.9
269.5,0.035,26.9,0.034,26.9,0.028,26.9,0.035,26.9
270.0,0.035,26.9,0.034,26.9,0.032,26.9,0.036,26.9
270.5,0.034,26.9,0.032,26.9,0.032,26.9,0.032,26.9
271.0,0.037,26.9,0.037,26.9,0.038,26.9,0.034,26.9
271.5,0.039,26.9,0.037,26.9,0.044,27.0,0.038,26.9
272.0,0.042,26.9,0.040,26.9,0.041,26.9,0.040,26.9
272.5,0.040,26.9,0.040,26.9,0.040,26.9,0.041,26.9
273.0,0.042,26.9,0.042,26.9,0.044,26.9,0.045,26.9
273.5,0.041,26.9,0.040,26.9,0.044,26.9,0.044,26.9
274.0,0.039,26.9,0.039,26.9,0.041,26.9,0.041,26.9
274.5,0.040,26.9,0.038,26.9,0.039,26.9,0.043,26.9
275.0,0.035,26.9,0.035,26.9,0.036,26.9,0.035,26.9
275.5,0.037,26.9,0.037,26.9,0.038,26.9,0.038,26.9
276.0,0.034,26.9,0.035,26.9,0.034,26.9,0.040,26.9
276.5,0.033,26.9,0.034,26.9,0.032,26.9,0.039,26.9
277.0,0.036,26.9,0.035,26.9,0.032,26.9,0.036,26.9
277.5,0.033,26.9,0.034,26.9,0.030,26.9,0.034,26.9
278.0,0.034,26.9,0.035,26.9,0.034,26.9,0.034,26.9
278.5,0.029,26.9,0.031,26.9,0.034,26.9,0.031,26.9
279.0,0.030,26.9,0.032,26.9,0.032,26.9,0.029,26.9
279.5,0.029,26.9,0.029,26.9,0.030,26.9,0.030,26.9
280.0,0.030,26.9,0.031,26.9,0.030,26.9,0.028,26.9
280.5,0.031,26.9,0.030,27.0,0.032,26.9,0.030,27.0
281.0,0.031,26.9,0.032,26.9,0.032,26.9,0.030,26.9
281.5,0.033,27.0,0.034,27.0,0.034,27.0,0.034,26.9
282.0,0.033,26.9,0.035,27.0,0.034,27.0,0.034,26.9
282.5,0.032,26.9,0.032,26.9,0.028,26.9,0.034,26.9
283.0,0.032,26.9,0.034,26.9,0.032,26.9,0.034,26.9
283.5,0.029,26.9,0.029,27.0,0.031,26.9,0.029,27.0
284.0,0.030,27.0,0.031,27.0,0.034,27.0,0.029,26.9
284.5,0.028,26.9,0.026,26.9,0.028,26.9,0.028,26.9
285.0,0.025,27.0,0.024,27.0,0.025,26.9,0.026,27.0
285.5,0.024,26.9,0.025,26.9,0.023,26.9,0.025,27.0
286.0,0.023,27.0,0.024,27.0,0.021,26.9,0.025,27.0
286.5,0.026,27.0,0.025,26.9,0.025,27.0,0.025,27.0
287.0,0.025,26.9,0.025,26.9,0.029,26.9,0.026,27.0
287.5,0.026,27.0,0.026,27.0,0.028,27.0,0.027,27.0
288.0,0.025,27.0,0.025,27.0,0.028,27.0,0.024,27.0
288.5,0.024,27.0,0.024,27.0,0.023,27.0,0.023,27.0
289.0,0.027,27.0,0.027,27.0,0.026,27.0,0.026,27.0
289.5,0.026,27.0,0.026,27.0,0.026,27.0,0.026,27.0
290.0,0.025,27.0,0.026,27.0,0.027,27.0,0.027,27.0
290.5,0.024,27.0,0.025,27.0,0.028,27.0,0.026,27.0
291.0,0.026,27.0,0.026,27.0,0.027,27.0,0.028,27.0
291.5,0.027,27.0,0.027,27.0,0.027,27.0,0.030,27.0
292.0,0.024,27.0,0.023,27.0,0.023,27.0,0.026,27.0
292.5,0.023,27.0,0.023,27.0,0.022,27.0,0.023,27.0
293.0,0.022,27.0,0.023,27.0,0.022,27.0,0.021,27.0
293.5,0.023,27.0,0.025,27.0,0.022,27.0,0.022,27.0
294.0,0.022,27.0,0.024,27.0,0.022,27.0,0.023,27.0
294.5,0.020,27.0,0.021,27.1,0.020,27.0,0.019,27.0
295.0,0.019,27.0,0.019,27.0,0.019,27.0,0.020,27.0
295.5,0.017,27.0,0.016,27.0,0.017,27.1,0.018,27.0
296.0,0.018,27.1,0.019,27.1,0.016,27.1,0.018,27.1
296.5,0.019,27.1,0.020,27.1,0.020,27.1,0.018,27.1
297.0,0.017,27.1,0.019,27.1,0.019,27.1,0.018,27.1
297.5,0.020,27.1,0.020,27.1,0.020,27.1,0.019,27.1
298.0,0.019,27.1,0.018,27.1,0.018,27.0,0.018,27.1
298.5,0.026,27.1,0.026,27.1,0.028,27.1,0.025,27.1
299.0,0.024,27.1,0.024,27.1,0.025,27.1,0.027,27.0
299.5,0.023,27.1,0.022,27.1,0.026,27.1,0.022,27.1
300.0,0.020,27.1,0.020,27.1,0.022,27.0,0.020,27.1
300.5,0.011,27.1,0.011,27.1,0.012,27.0,0.013,27.1
301.0,-0.013,27.1,-0.013,27.1,-0.008,27.1,-0.008,27.1
301.5,-0.053,27.1,-0.053,27.1,-0.034,27.1,-0.048,27.1
302.0,-0.096,27.1,-0.093,27.1,-0.083,27.1,-0.092,27.1
302.5,-0.108,27.0,-0.108,27.1,-0.110,27.0,-0.108,27.0
303.0,-0.080,27.0,-0.079,27.0,-0.083,27.0,-0.084,27.0
303.5,-0.041,26.9,-0.043,26.9,-0.049,27.0,-0.041,26.9
304.0,-0.013,27.0,-0.014,27.0,-0.018,27.0,-0.016,27.0
304.5,-0.019,27.0,-0.019,27.0,-0.016,27.0,-0.013,27.0
305.0,-0.020,27.0,-0.022,27.0,-0.021,27.1,-0.022,27.0
305.5,-0.014,27.1,-0.015,27.0,-0.016,27.1,-0.014,27.1
306.0,-0.000,27.1,-0.001,27.1,-0.008,27.1,0.000,27.1
306.5,0.004,27.1,0.005,27.1,0.005,27.1,0.005,27.1
307.0,-0.000,27.1,-0.000,27.1,0.001,27.1,-0.001,27.1
307.5,-0.007,27.1,-0.006,27.1,-0.004,27.1,-0.006,27.1
308.0,-0.013,27.2,-0.012,27.1,-0.011,27.2,-0.013,27.1
308.5,-0.006,27.2,-0.007,27.2,-0.006,27.2,-0.012,27.1
309.0,-0.003,27.2,-0.005,27.1,-0.002,27.2,-0.003,27.2
309.5,-0.004,27.2,-0.003,27.2,-0.003,27.2,-0.002,27.2
310.0,-0.003,27.2,-0.003,27.2,-0.002,27.2,-0.003,27.2
310.5,-0.010,27.2,-0.009,27.2,-0.010,27.2,-0.006,27.2
311.0,-0.016,27.2,-0.017,27.2,-0.016,27.3,-0.014,27.2
311.5,0.000,27.2,0.000,27.2,-0.004,27.2,-0.004,27.3
312.0,-0.003,27.2,-0.003,27.2,-0.003,27.2,0.001,27.3
312.5,-0.007,27.2,-0.006,27.2,-0.006,27.2,-0.005,27.2
313.0,-0.014,27.2,-0.013,27.2,-0.013,27.2,-0.014,27.2
313.5,-0.013,27.3,-0.013,27.2,-0.015,27.3,-0.013,27.3
314.0,-0.011,27.2,-0.011,27.2,-0.012,27.3,-0.012,27.2
314.5,-0.006,27.3,-0.005,27.3,-0.007,27.3,-0.005,27.3
315.0,-0.003,27.3,-0.002,27.3,-0.004,27.3,-0.002,27.3
315.5,-0.002,27.3,-0.002,27.3,-0.003,27.3,-0.002,27.3
316.0,-0.005,27.3,-0.004,27.3,-0.003,27.3,-0.002,27.3
316.5,-0.011,27.3,-0.012,27.3,-0.006,27.3,-0.009,27.3
317.0,-0.016,27.3,-0.016,27.3,-0.017,27.3,-0.015,27.3
317.5,-0.017,27.3,-0.016,27.3,-0.018,27.3,-0.016,27.3
318.0,-0.008,27.3,-0.006,27.3,-0.009,27.3,-0.010,27.3
318.5,0.007,27.3,0.006,27.3,-0.006,27.2,0.007,27.3
319.0,0.017,27.3,0.018,27.3,0.019,27.3,0.016,27.3
319.5,0.019,27.3,0.019,27.3,0.021,27.3,0.018,27.3
320.0,0.019,27.3,0.021,27.3,0.020,27.3,0.019,27.3
320.5,0.023,27.3,0.022,27.3,0.022,27.3,0.022,27.3
321.0,0.031,27.3,0.031,27.3,0.028,27.3,0.031,27.3
321.5,0.036,27.3,0.036,27.3,0.034,27.3,0.035,27.3
322.0,0.034,27.3,0.034,27.3,0.036,27.2,0.033,27.3
322.5,0.034,27.3,0.034,27.3,0.036,27.2,0.034,27.3
323.0,0.034,27.2,0.036,27.2,0.034,27.2,0.034,27.2
323.5,0.034,27.2,0.034,27.2,0.034,27.2,0.033,27.2
324.0,0.037,27.2,0.038,27.2,0.039,27.2,0.038,27.2
324.5,0.039,27.2,0.041,27.2,0.039,27.2,0.039,27.2
325.0,0.045,27.1,0.048,27.1,0.044,27.1,0.042,27.1
325.5,0.044,27.1,0.042,27.1,0.047,27.1,0.043,27.1
326.0,0.044,27.1,0.043,27.1,0.046,27.1,0.042,27.1
326.5,0.041,27.1,0.039,27.1,0.042,27.1,0.041,27.1
327.0,0.036,27.1,0.035,27.1,0.037,27.1,0.040,27.1
327.5,0.039,27.0,0.037,27.0,0.040,27.1,0.040,27.1
328.0,0.037,27.0,0.037,27.0,0.039,27.1,0.037,27.0
328.5,0.038,27.0,0.036,27.0,0.038,27.0,0.038,27.0
329.0,0.040,27.0,0.039,27.0,0.039,27.0,0.041,27.0
329.5,0.045,27.0,0.044,27.0,0.043,27.0,0.043,27.0
330.0,0.046,27.0,0.046,27.0,0.047,27.0,0.047,27.0
330.5,0.043,27.0,0.043,27.0,0.042,27.0,0.048,27.0
331.0,0.045,27.0,0.044,27.0,0.040,27.0,0.044,27.0
331.5,0.043,27.0,0.044,26.9,0.044,27.0,0.043,27.0
332.0,0.044,26.9,0.044,26.9,0.046,27.0,0.040,27.0
332.5,0.043,26.9,0.044,27.0,0.045,26.9,0.044,26.9
333.0,0.040,26.9,0.043,27.0,0.046,27.0,0.040,26.9
333.5,0.041,26.9,0.042,26.9,0.041,26.9,0.041,26.9
334.0,0.043,26.9,0.043,26.9,0.039,26.9,0.048,27.0
334.5,0.047,26.9,0.046,26.9,0.041,26.9,0.048,26.9
335.0,0.047,26.9,0.048,26.9,0.045,26.9,0.049,26.9
335.5,0.045,26.9,0.046,26.9,0.042,26.9,0.047,26.9
336.0,0.041,26.9,0.045,26.9,0.041,26.9,0.041,26.9
336.5,0.036,26.9,0.038,26.9,0.038,26.9,0.034,26.9
337.0,0.042,26.9,0.044,26.9,0.040,26.9,0.046,26.8
337.5,0.038,26.9,0.040,26.9,0.040,26.9,0.040,26.9
338.0,0.039,26.9,0.042,26.9,0.039,26.9,0.038,26.9
338.5,0.042,26.9,0.045,26.9,0.044,26.9,0.042,26.9
339.0,0.042,26.9,0.042,26.9,0.043,26.9,0.040,26.9
339.5,0.047,26.9,0.046,26.9,0.049,26.9,0.046,26.9
340.0,0.046,26.9,0.047,26.9,0.045,26.8,0.044,26.8
340.5,0.047,26.9,0.048,26.9,0.046,26.9,0.046,26.9
341.0,0.046,26.8,0.047,26.9,0.048,26.8,0.047,26.8
341.5,0.044,26.8,0.043,26.8,0.040,26.9,0.047,26.9
342.0,0.044,26.8,0.044,26.8,0.042,26.9,0.044,26.8
342.5,0.039,26.8,0.039,26.8,0.040,26.8,0.040,26.8
343.0,0.041,26.8,0.040,26.8,0.044,26.8,0.041,26.8
343.5,0.039,26.8,0.038,26.8,0.040,26.8,0.043,26.8
344.0,0.037,26.8,0.039,26.8,0.034,26.8,0.037,26.8
344.5,0.040,26.8,0.040,26.8,0.039,26.8,0.039,26.8
345.0,0.040,26.8,0.041,26.8,0.038,26.8,0.041,26.8
345.5,0.040,26.8,0.040,26.9,0.042,26.8,0.039,26.8
346.0,0.036,26.8,0.035,26.8,0.036,26.8,0.037,26.9
346.5,0.040,26.8,0.039,26.8,0.042,26.8,0.039,26.8
347.0,0.036,26.8,0.035,26.8,0.038,26.8,0.036,26.9
347.5,0.035,26.8,0.036,26.8,0.035,26.8,0.036,26.8
348.0,0.038,26.8,0.040,26.8,0.035,26.8,0.037,26.8
348.5,0.041,26.8,0.040,26.8,0.040,26.9,0.040,26.8
349.0,0.047,26.8,0.049,26.9,0.043,26.9,0.048,26.8
349.5,0.047,26.8,0.048,26.8,0.045,26.8,0.049,26.8
350.0,0.049,26.8,0.049,26.8,0.047,26.8,0.053,26.8
350.5,0.048,26.8,0.048,26.8,0.047,26.8,0.049,26.8
351.0,0.047,26.8,0.047,26.8,0.045,26.8,0.046,26.8
351.5,0.048,26.8,0.051,26.8,0.050,26.8,0.048,26.8
352.0,0.045,26.8,0.048,26.8,0.051,26.8,0.045,26.8
352.5,0.045,26.8,0.043,26.8,0.044,26.8,0.045,26.8
353.0,0.043,26.7,0.041,26.8,0.042,26.8,0.044,26.7
353.5,0.038,26.8,0.037,26.8,0.039,26.8,0.038,26.8
354.0,0.037,26.8,0.037,26.8,0.039,26.8,0.037,26.8
354.5,0.035,26.8,0.035,26.8,0.038,26.7,0.038,26.8
355.0,0.036,26.8,0.035,26.7,0.035,26.8,0.036,26.8
355.5,0.034,26.8,0.034,26.8,0.034,26.8,0.036,26.8
356.0,0.035,26.8,0.036,26.8,0.033,26.8,0.033,26.7
356.5,0.034,26.8,0.033,26.8,0.036,26.8,0.032,26.8
357.0,0.028,26.8,0.029,26.8,0.029,26.8,0.028,26.8
357.5,0.031,26.8,0.032,26.8,0.030,26.8,0.029,26.8
358.0,0.033,26.8,0.035,26.8,0.032,26.8,0.032,26.8
358.5,0.033,26.8,0.036,26.8,0.032,26.8,0.033,26.8
359.0,0.034,26.8,0.035,26.8,0.034,26.8,0.032,26.8
359.5,0.033,26.8,0.034,26.8,0.034,26.8,0.031,26.8
360.0,0.034,26.8,0.035,26.8,0.033,26.8,0.034,26.8
360.5,0.034,26.8,0.035,26.8,0.039,26.8,0.033,26.8
361.0,0.034,26.8,0.033,26.8,0.037,26.8,0.032,26.8
361.5,0.032,26.8,0.033,26.8,0.040,26.8,0.033,26.8
362.0,0.030,26.8,0.030,26.8,0.031,26.8,0.030,26.9
362.5,0.028,26.8,0.028,26.8,0.027,26.8,0.028,26.9
363.0,0.024,26.9,0.024,26.9,0.024,26.9,0.022,26.8
363.5,0.025,26.8,0.025,26.8,0.027,26.8,0.022,26.9
364.0,0.027,26.8,0.028,26.8,0.027,26.8,0.030,26.8
364.5,0.028,26.9,0.028,26.9,0.027,26.9,0.027,26.9
365.0,0.027,26.8,0.027,26.8,0.027,26.8,0.028,26.9
365.5,0.024,26.9,0.024,26.9,0.027,26.9,0.024,26.9
366.0,0.027,26.9,0.027,26.8,0.027,26.9,0.022,26.9
366.5,0.026,26.9,0.026,26.8,0.026,26.9,0.023,26.9
367.0,0.025,26.9,0.027,26.9,0.024,26.8,0.025,26.9
367.5,0.024,26.9,0.024,26.8,0.026,26.9,0.025,26.9
368.0,0.024,26.9,0.024,26.9,0.024,26.9,0.025,26.9
368.5,0.025,26.9,0.023,26.9,0.024,26.9,0.024,26.9
369.0,0.022,26.9,0.021,26.9,0.022,26.9,0.022,26.9
369.5,0.024,26.9,0.022,26.9,0.022,26.9,0.023,26.9
370.0,0.025,26.9,0.024,26.9,0.024,26.9,0.024,26.9
370.5,0.026,26.9,0.026,26.9,0.026,26.9,0.025,26.9
371.0,0.025,26.9,0.026,26.9,0.023,26.9,0.026,26.9
371.5,0.021,26.9,0.023,26.9,0.021,26.9,0.021,26.9
372.0,0.022,26.9,0.024,26.9,0.021,26.9,0.021,26.9
372.5,0.021,26.9,0.022,26.9,0.021,26.9,0.023,26.9
373.0,0.019,26.9,0.019,26.9,0.021,26.9,0.020,26.9
373.5,0.017,26.9,0.018,26.9,0.018,26.9,0.017,26.9
374.0,0.019,26.9,0.019,26.9,0.020,27.0,0.017,26.9
374.5,0.022,26.9,0.021,27.0,0.021,27.0,0.020,26.9
375.0,0.023,26.9,0.024,26.9,0.023,27.0,0.022,26.9
375.5,0.023,26.9,0.022,26.9,0.023,26.9,0.020,26.9
376.0,0.024,26.9,0.024,26.9,0.024,26.9,0.022,26.9
376.5,0.023,26.9,0.023,26.9,0.026,26.9,0.024,26.9
377.0,0.022,26.9,0.022,26.9,0.023,26.9,0.024,27.0
377.5,0.020,26.9,0.020,27.0,0.019,26.9,0.022,27.0
378.0,0.023,26.9,0.024,26.9,0.020,26.9,0.023,26.9
378.5,0.021,26.9,0.021,26.9,0.021,27.0,0.026,26.9
379.0,0.020,26.9,0.021,26.9,0.021,26.9,0.025,26.9
379.5,0.019,27.0,0.020,27.0,0.020,27.0,0.023,26.9
380.0,0.013,27.0,0.014,27.0,0.012,27.0,0.019,27.0
380.5,-0.012,27.0,-0.013,27.0,-0.008,27.0,-0.011,27.0
381.0,-0.052,27.0,-0.053,27.0,-0.048,27.0,-0.045,27.0
381.5,-0.091,27.0,-0.090,27.0,-0.082,27.0,-0.075,27.0
382.0,-0.105,26.9,-0.104,26.9,-0.106,27.0,-0.104,26.9
382.5,-0.081,26.9,-0.081,26.9,-0.101,26.9,-0.084,26.9
383.0,-0.043,26.8,-0.043,26.9,-0.058,26.9,-0.062,26.8
383.5,-0.015,26.9,-0.015,26.9,-0.048,26.9,-0.039,26.9
384.0,-0.007,26.9,-0.006,26.9,-0.013,26.9,-0.007,26.9
384.5,-0.011,26.9,-0.009,27.0,-0.010,26.9,-0.010,26.9
385.0,-0.019,27.0,-0.018,27.0,-0.020,27.0,-0.016,27.0
385.5,-0.012,27.0,-0.012,27.0,-0.019,27.0,-0.013,27.0
386.0,-0.003,27.0,-0.003,27.0,-0.004,27.0,-0.004,27.0
386.5,0.000,27.0,-0.001,27.0,0.001,27.0,-0.001,27.0
387.0,0.001,27.0,0.001,27.0,0.003,27.0,-0.000,27.1
387.5,-0.002,27.1,-0.001,27.0,-0.001,27.1,-0.001,27.1
388.0,-0.005,27.1,-0.005,27.0,-0.004,27.1,-0.004,27.1
388.5,-0.006,27.1,-0.008,27.1,-0.006,27.1,-0.006,27.1
389.0,-0.010,27.1,-0.009,27.1,-0.008,27.0,-0.010,27.1
389.5,-0.019,27.1,-0.019,27.1,-0.020,27.1,-0.019,27.1
390.0,-0.013,27.1,-0.014,27.1,-0.014,27.1,-0.013,27.1
390.5,-0.011,27.1,-0.011,27.1,-0.010,27.1,-0.009,27.1
391.0,-0.003,27.1,-0.002,27.1,-0.005,27.1,-0.005,27.2
391.5,-0.006,27.1,-0.004,27.2,-0.006,27.1,-0.007,27.1
392.0,-0.014,27.1,-0.015,27.1,-0.014,27.1,-0.014,27.1
392.5,-0.008,27.1,-0.008,27.1,-0.010,27.1,-0.011,27.1
393.0,-0.000,27.1,0.000,27.1,0.000,27.1,-0.002,27.1
393.5,0.003,27.1,0.004,27.2,0.002,27.1,0.002,27.2
394.0,-0.002,27.1,-0.001,27.1,-0.003,27.1,0.000,27.2
394.5,-0.010,27.1,-0.010,27.2,-0.008,27.2,-0.010,27.1
395.0,-0.015,27.2,-0.017,27.2,-0.013,27.2,-0.017,27.2
395.5,-0.007,27.2,-0.009,27.2,-0.012,27.2,-0.008,27.2
396.0,0.003,27.2,0.004,27.2,-0.007,27.2,0.003,27.2
396.5,0.000,27.2,0.001,27.2,-0.000,27.2,-0.001,27.1
397.0,-0.001,27.2,0.000,27.2,-0.001,27.2,-0.002,27.1
397.5,-0.002,27.2,-0.002,27.2,-0.003,27.2,-0.002,27.2
398.0,-0.002,27.2,-0.002,27.2,-0.002,27.2,-0.003,27.2
398.5,0.000,27.2,0.001,27.1,-0.001,27.2,-0.001,27.2
399.0,0.008,27.2,0.006,27.2,0.006,27.2,0.006,27.2
399.5,0.017,27.2,0.017,27.2,0.016,27.2,0.015,27.2
400.0,0.021,27.2,0.019,27.1,0.021,27.2,0.020,27.2
400.5,0.020,27.2,0.020,27.2,0.019,27.2,0.019,27.2
401.0,0.020,27.2,0.020,27.2,0.020,27.2,0.021,27.2
401.5,0.022,27.2,0.022,27.2,0.022,27.2,0.020,27.2
402.0,0.028,27.2,0.028,27.1,0.027,27.2,0.026,27.2
402.5,0.035,27.2,0.035,27.2,0.034,27.2,0.034,27.1
403.0,0.034,27.1,0.035,27.1,0.035,27.2,0.036,27.1
403.5,0.034,27.1,0.034,27.1,0.034,27.1,0.035,27.2
404.0,0.029,27.1,0.030,27.1,0.030,27.1,0.034,27.2
404.5,0.032,27.1,0.033,27.1,0.033,27.1,0.034,27.1
405.0,0.036,27.1,0.036,27.1,0.032,27.1,0.038,27.1
405.5,0.037,27.0,0.037,27.0,0.034,27.1,0.037,27.1
406.0,0.039,27.0,0.040,27.0,0.037,27.1,0.040,27.0
406.5,0.037,27.0,0.037,27.0,0.035,27.0,0.041,27.0
407.0,0.043,27.0,0.042,27.0,0.047,27.0,0.041,27.0
407.5,0.044,27.0,0.047,27.0,0.048,26.9,0.043,27.0
408.0,0.048,27.0,0.050,27.0,0.046,27.0,0.044,27.0
408.5,0.046,26.9,0.048,26.9,0.045,27.0,0.047,26.9
409.0,0.044,26.9,0.045,26.9,0.044,26.9,0.046,26.9
409.5,0.043,26.9,0.043,26.9,0.042,26.9,0.045,26.9
410.0,0.038,26.9,0.037,26.8,0.037,26.8,0.038,26.9
410.5,0.040,26.9,0.039,26.9,0.046,26.9,0.040,26.8
411.0,0.040,26.9,0.039,26.9,0.039,26.9,0.044,26.8
411.5,0.041,26.9,0.041,26.9,0.040,26.9,0.043,26.9
412.0,0.044,26.9,0.044,26.9,0.043,26.8,0.044,26.8
412.5,0.040,26.8,0.040,26.8,0.041,26.8,0.044,26.9
413.0,0.038,26.9,0.039,26.8,0.040,26.9,0.038,26.8
413.5,0.033,26.8,0.031,26.8,0.032,26.8,0.034,26.8
414.0,0.039,26.8,0.039,26.8,0.037,26.8,0.037,26.8
414.5,0.041,26.8,0.043,26.8,0.041,26.9,0.039,26.8
415.0,0.039,26.8,0.040,26.8,0.039,26.9,0.039,26.8
415.5,0.040,26.8,0.039,26.8,0.038,26.8,0.039,26.8
416.0,0.039,26.8,0.038,26.8,0.038,26.8,0.037,26.8
416.5,0.044,26.8,0.047,26.8,0.042,26.8,0.046,26.8
417.0,0.046,26.8,0.048,26.8,0.044,26.8,0.045,26.8
417.5,0.051,26.8,0.052,26.8,0.050,26.8,0.049,26.8
418.0,0.050,26.8,0.052,26.8,0.052,26.8,0.050,26.8
418.5,0.047,26.8,0.047,26.8,0.046,26.8,0.049,26.8
419.0,0.048,26.7,0.048,26.7,0.046,26.8,0.048,26.7
419.5,0.046,26.7,0.045,26.7,0.046,26.7,0.044,26.7
420.0,0.051,26.7,0.049,26.7,0.047,26.7,0.050,26.7
420.5,0.048,26.7,0.048,26.7,0.047,26.7,0.052,26.7
421.0,0.046,26.7,0.046,26.7,0.045,26.7,0.051,26.7
421.5,0.046,26.7,0.046,26.7,0.042,26.7,0.050,26.7
422.0,0.044,26.7,0.047,26.7,0.043,26.7,0.047,26.7
422.5,0.045,26.7,0.048,26.7,0.043,26.7,0.043,26.7
423.0,0.041,26.7,0.041,26.7,0.042,26.8,0.041,26.7
423.5,0.040,26.7,0.040,26.7,0.040,26.7,0.043,26.7
424.0,0.037,26.7,0.036,26.7,0.037,26.7,0.037,26.7
424.5,0.033,26.7,0.034,26.7,0.033,26.7,0.034,26.7
425.0,0.037,26.7,0.039,26.7,0.037,26.7,0.036,26.7
425.5,0.038,26.7,0.038,26.7,0.041,26.8,0.037,26.7
426.0,0.040,26.7,0.040,26.7,0.037,26.8,0.040,26.7
426.5,0.042,26.7,0.041,26.7,0.042,26.7,0.042,26.7
427.0,0.041,26.7,0.040,26.7,0.039,26.7,0.044,26.7
427.5,0.042,26.7,0.041,26.7,0.042,26.7,0.045,26.7
428.0,0.040,26.7,0.040,26.7,0.041,26.7,0.042,26.7
428.5,0.042,26.7,0.042,26.7,0.048,26.7,0.041,26.7
429.0,0.041,26.7,0.041,26.7,0.040,26.7,0.044,26.7
429.5,0.070,26.7,0.065,26.6,0.058,26.7,0.050,26.7
430.0,0.047,26.6,0.047,26.7,0.047,26.6,0.047,26.7
430.5,0.036,26.7,0.036,26.6,0.036,26.6,0.036,26.7
431.0,0.040,26.6,0.040,26.6,0.035,26.6,0.042,26.6
431.5,0.040,26.7,0.039,26.7,0.039,26.7,0.040,26.7
432.0,0.039,26.7,0.039,26.7,0.039,26.7,0.039,26.7
432.5,0.038,26.7,0.038,26.7,0.040,26.7,0.041,26.7
433.0,0.033,26.7,0.034,26.7,0.034,26.6,0.033,26.7
433.5,0.037,26.7,0.037,26.7,0.036,26.7,0.040,26.8
434.0,0.033,26.7,0.034,26.7,0.034,26.7,0.034,26.7
434.5,0.033,26.7,0.034,26.7,0.033,26.7,0.034,26.7
435.0,0.036,26.7,0.037,26.7,0.036,26.7,0.036,26.7
435.5,0.037,26.7,0.037,26.7,0.034,26.7,0.036,26.7
436.0,0.038,26.7,0.037,26.7,0.037,26.7,0.037,26.7
436.5,0.037,26.7,0.037,26.7,0.039,26.7,0.036,26.7
437.0,0.040,26.7,0.042,26.7,0.039,26.7,0.042,26.7
437.5,0.039,26.7,0.037,26.7,0.042,26.7,0.038,26.7
438.0,0.039,26.7,0.037,26.7,0.040,26.7,0.039,26.7
438.5,0.038,26.7,0.038,26.7,0.037,26.7,0.039,26.7
439.0,0.034,26.7,0.036,26.6,0.038,26.7,0.034,26.7
439.5,0.032,26.7,0.033,26.7,0.034,26.7,0.033,26.7
440.0,0.029,26.7,0.028,26.7,0.029,26.7,0.030,26.7
440.5,0.030,26.7,0.030,26.7,0.030,26.7,0.033,26.7
441.0,0.032,26.7,0.032,26.7,0.031,26.7,0.030,26.7
441.5,0.031,26.7,0.032,26.7,0.031,26.7,0.030,26.7
442.0,0.031,26.7,0.031,26.7,0.029,26.7,0.032,26.7
442.5,0.027,26.7,0.028,26.7,0.028,26.7,0.027,26.7
443.0,0.030,26.7,0.031,26.7,0.028,26.7,0.030,26.7
443.5,0.029,26.7,0.029,26.7,0.032,26.7,0.029,26.8
444.0,0.028,26.7,0.027,26.7,0.033,26.7,0.030,26.7
444.5,0.028,26.7,0.027,26.7,0.028,26.7,0.030,26.8
445.0,0.025,26.7,0.026,26.7,0.024,26.7,0.026,26.7
445.5,0.027,26.7,0.028,26.7,0.024,26.7,0.028,26.7
446.0,0.026,26.7,0.027,26.7,0.027,26.7,0.026,26.8
446.5,0.027,26.7,0.029,26.7,0.030,26.7,0.028,26.7
447.0,0.027,26.7,0.028,26.8,0.033,26.7,0.028,26.7
447.5,0.025,26.8,0.025,26.8,0.026,26.7,0.027,26.7
448.0,0.026,26.8,0.026,26.8,0.028,26.8,0.026,26.7
448.5,0.023,26.8,0.024,26.8,0.024,26.7,0.022,26.8
449.0,0.022,26.8,0.022,26.8,0.021,26.8,0.020,26.7
449.5,0.020,26.8,0.020,26.7,0.020,26.7,0.020,26.7
450.0,0.020,26.8,0.020,26.8,0.020,26.7,0.020,26.8
450.5,0.025,26.8,0.024,26.8,0.027,26.8,0.020,26.8
451.0,0.025,26.8,0.024,26.8,0.026,26.8,0.022,26.8
451.5,0.026,26.8,0.025,26.8,0.027,26.7,0.025,26.8
452.0,0.023,26.8,0.023,26.8,0.024,26.8,0.024,26.8
452.5,0.024,26.8,0.023,26.8,0.022,26.8,0.025,26.8
453.0,0.025,26.8,0.024,26.8,0.026,26.8,0.026,26.8
453.5,0.023,26.8,0.024,26.8,0.026,26.8,0.024,26.8
454.0,0.022,26.8,0.024,26.8,0.022,26.8,0.024,26.8
454.5,0.022,26.8,0.022,26.8,0.023,26.8,0.023,26.8
455.0,0.022,26.8,0.022,26.8,0.024,26.8,0.025,26.8
455.5,0.021,26.8,0.021,26.8,0.023,26.8,0.022,26.8
456.0,0.022,26.8,0.021,26.8,0.021,26.8,0.021,26.8
456.5,0.022,26.8,0.023,26.8,0.021,26.8,0.021,26.8
457.0,0.021,26.8,0.020,26.8,0.022,26.8,0.021,26.8
457.5,0.021,26.8,0.020,26.8,0.021,26.9,0.020,26.8
458.0,0.019,26.8,0.019,26.8,0.019,26.8,0.021,26.8
458.5,0.020,26.8,0.019,26.8,0.017,26.8,0.023,26.8
459.0,0.019,26.8,0.018,26.8,0.018,26.8,0.021,26.8
459.5,0.015,26.8,0.015,26.8,0.017,26.8,0.016,26.8
460.0,0.005,26.8,0.005,26.8,0.008,26.9,0.014,26.8
460.5,-0.030,26.8,-0.028,26.8,-0.015,26.8,-0.009,26.8
461.0,-0.071,26.9,-0.070,26.8,-0.061,26.9,-0.062,26.9
461.5,-0.107,26.8,-0.104,26.8,-0.103,26.9,-0.104,26.8
462.0,-0.112,26.8,-0.111,26.8,-0.114,26.8,-0.110,26.8
462.5,-0.081,26.7,-0.080,26.7,-0.083,26.7,-0.090,26.7
463.0,-0.032,26.7,-0.035,26.7,-0.047,26.7,-0.033,26.7
463.5,-0.004,26.7,-0.005,26.7,-0.005,26.7,-0.005,26.7
464.0,-0.003,26.7,-0.002,26.8,-0.003,26.8,-0.000,26.8
464.5,-0.004,26.8,-0.004,26.8,-0.004,26.8,-0.004,26.8
465.0,-0.007,26.8,-0.008,26.8,-0.006,26.8,-0.008,26.8
465.5,0.005,26.8,0.004,26.8,-0.006,26.8,0.006,26.8
466.0,0.007,26.8,0.007,26.9,0.007,26.8,0.007,26.9
466.5,-0.001,26.9,-0.002,26.8,0.004,26.8,0.002,26.9
467.0,-0.006,26.9,-0.007,26.9,-0.003,26.9,-0.004,26.9
467.5,-0.003,26.9,-0.005,26.9,-0.004,26.9,-0.004,26.9
468.0,-0.004,26.9,-0.003,26.9,-0.004,27.0,-0.004,26.9
468.5,-0.003,26.9,-0.001,26.9,-0.001,26.9,-0.003,26.9
469.0,-0.002,26.9,-0.001,26.9,-0.001,27.0,-0.002,26.9
469.5,-0.000,26.9,-0.000,26.9,-0.000,26.9,-0.002,26.9
470.0,0.006,27.0,0.007,27.0,0.006,27.0,0.002,26.9
470.5,0.003,27.0,0.003,27.0,0.003,27.0,0.003,27.0
471.0,-0.006,27.0,-0.005,26.9,-0.003,26.9,-0.005,27.0
471.5,-0.014,27.0,-0.012,26.9,-0.008,26.9,-0.013,27.0
472.0,-0.021,27.0,-0.021,27.0,-0.019,27.0,-0.020,26.9
472.5,-0.017,27.0,-0.017,27.0,-0.020,27.0,-0.019,27.0
473.0,-0.006,27.0,-0.006,26.9,-0.009,26.9,-0.008,26.9
473.5,-0.006,27.0,-0.006,27.0,-0.006,27.0,-0.005,27.0
474.0,-0.007,27.0,-0.007,27.0,-0.008,27.0,-0.007,27.0
474.5,-0.009,27.0,-0.008,27.0,-0.009,27.0,-0.007,27.0
475.0,-0.013,27.0,-0.014,27.0,-0.013,27.0,-0.008,27.0
475.5,-0.020,27.0,-0.021,27.0,-0.019,27.0,-0.016,27.0
476.0,-0.016,27.0,-0.015,27.0,-0.016,27.0,-0.016,27.0
476.5,-0.004,27.0,-0.004,27.0,-0.006,27.0,-0.007,27.0
477.0,0.001,27.0,0.001,27.0,-0.001,27.0,0.003,27.0
477.5,0.005,27.0,0.005,27.0,0.006,27.0,0.006,27.0
478.0,0.007,27.0,0.007,27.0,0.007,27.0,0.007,27.0
478.5,0.009,27.0,0.009,27.1,0.008,27.0,0.009,27.1
479.0,0.005,27.0,0.005,27.0,0.008,27.1,0.006,27.0
479.5,0.012,27.0,0.012,27.0,0.011,27.0,0.011,27.0
480.0,0.017,27.1,0.017,27.1,0.018,27.1,0.017,27.0
480.5,0.024,27.0,0.025,27.0,0.023,27.1,0.021,27.0
481.0,0.027,27.0,0.027,27.0,0.029,27.1,0.027,27.0
481.5,0.027,27.0,0.027,27.0,0.025,27.0,0.027,27.0
482.0,0.028,27.0,0.030,27.0,0.028,27.0,0.028,27.0
482.5,0.025,27.0,0.027,27.0,0.026,27.0,0.026,27.0
483.0,0.026,27.0,0.025,27.0,0.027,27.0,0.026,26.9
483.5,0.023,26.9,0.022,27.0,0.025,27.0,0.023,27.0
484.0,0.030,26.9,0.028,26.9,0.031,26.9,0.027,26.9
484.5,0.037,26.9,0.036,26.9,0.036,27.0,0.036,26.9
485.0,0.042,26.9,0.042,26.9,0.036,27.0,0.042,26.9
485.5,0.045,26.9,0.046,26.9,0.044,26.9,0.045,26.9
486.0,0.045,26.8,0.044,26.9,0.044,26.8,0.043,26.9
486.5,0.045,26.8,0.044,26.8,0.045,26.8,0.045,26.8
487.0,0.041,26.8,0.042,26.8,0.040,26.8,0.042,26.8
487.5,0.040,26.8,0.042,26.8,0.042,26.8,0.039,26.8
488.0,0.039,26.7,0.037,26.7,0.042,26.8,0.040,26.7
488.5,0.041,26.7,0.039,26.7,0.040,26.8,0.041,26.8
489.0,0.044,26.8,0.043,26.7,0.043,26.8,0.044,26.8
489.5,0.043,26.7,0.043,26.7,0.041,26.7,0.044,26.8
490.0,0.045,26.7,0.046,26.7,0.046,26.7,0.046,26.7
490.5,0.039,26.7,0.040,26.7,0.039,26.7,0.040,26.6
491.0,0.037,26.7,0.037,26.7,0.036,26.7,0.035,26.7
491.5,0.040,26.7,0.041,26.7,0.040,26.7,0.039,26.7
492.0,0.036,26.7,0.035,26.7,0.036,26.7,0.038,26.7
492.5,0.036,26.7,0.035,26.7,0.037,26.7,0.037,26.7
493.0,0.035,26.7,0.035,26.7,0.035,26.7,0.036,26.6
493.5,0.039,26.7,0.038,26.6,0.040,26.7,0.033,26.6
494.0,0.042,26.6,0.043,26.7,0.047,26.7,0.042,26.6
494.5,0.043,26.6,0.042,26.6,0.049,26.7,0.044,26.6
495.0,0.046,26.6,0.045,26.6,0.045,26.6,0.043,26.7
495.5,0.045,26.6,0.047,26.6,0.045,26.6,0.042,26.7
496.0,0.046,26.6,0.046,26.6,0.048,26.6,0.045,26.6
496.5,0.043,26.6,0.041,26.6,0.045,26.6,0.043,26.6
497.0,0.042,26.6,0.042,26.6,0.044,26.6,0.040,26.5
497.5,0.044,26.6,0.045,26.5,0.050,26.5,0.043,26.5
498.0,0.047,26.6,0.047,26.6,0.053,26.6,0.046,26.6
498.5,0.049,26.5,0.050,26.5,0.048,26.6,0.055,26.6
499.0,0.045,26.5,0.046,26.5,0.045,26.5,0.046,26.5
499.5,0.041,26.5,0.042,26.5,0.043,26.5,0.042,26.6
500.0,0.034,26.5,0.034,26.5,0.035,26.5,0.035,26.5
500.5,0.028,26.5,0.028,26.5,0.025,26.5,0.031,26.5
501.0,0.037,26.6,0.036,26.6,0.025,26.5,0.037,26.5
501.5,0.039,26.6,0.038,26.5,0.038,26.6,0.039,26.5
502.0,0.039,26.6,0.042,26.6,0.038,26.5,0.040,26.6
502.5,0.041,26.5,0.041,26.5,0.041,26.6,0.041,26.6
503.0,0.042,26.5,0.043,26.5,0.042,26.6,0.042,26.5
503.5,0.043,26.5,0.044,26.5,0.048,26.6,0.042,26.5
504.0,0.041,26.5,0.041,26.5,0.040,26.5,0.042,26.5
504.5,0.044,26.5,0.044,26.5,0.043,26.6,0.044,26.5
505.0,0.042,26.5,0.043,26.5,0.042,26.5,0.042,26.5
505.5,0.041,26.5,0.041,26.5,0.041,26.5,0.039,26.5
506.0,0.041,26.5,0.042,26.5,0.040,26.5,0.039,26.5
506.5,0.038,26.5,0.039,26.5,0.037,26.5,0.037,26.5
507.0,0.040,26.5,0.040,26.5,0.040,26.5,0.040,26.5
507.5,0.043,26.5,0.042,26.5,0.040,26.5,0.043,26.5
508.0,0.045,26.5,0.042,26.5,0.045,26.5,0.046,26.5
508.5,0.043,26.5,0.043,26.5,0.046,26.5,0.041,26.5
509.0,0.038,26.5,0.038,26.4,0.039,26.4,0.038,26.4
509.5,0.035,26.5,0.036,26.5,0.035,26.5,0.038,26.5
510.0,0.031,26.5,0.030,26.5,0.030,26.5,0.031,26.5
510.5,0.036,26.5,0.035,26.5,0.036,26.5,0.035,26.5
511.0,0.040,26.5,0.040,26.5,0.042,26.5,0.039,26.5
511.5,0.040,26.5,0.040,26.5,0.036,26.4,0.038,26.5
512.0,0.044,26.5,0.044,26.5,0.043,26.5,0.043,26.5
512.5,0.043,26.5,0.042,26.5,0.042,26.5,0.043,26.5
513.0,0.047,26.4,0.046,26.5,0.046,26.4,0.046,26.4
513.5,0.045,26.4,0.044,26.4,0.045,26.4,0.047,26.4
514.0,0.046,26.4,0.046,26.4,0.041,26.4,0.048,26.4
514.5,0.046,26.4,0.046,26.4,0.044,26.4,0.047,26.4
515.0,0.043,26.4,0.044,26.4,0.044,26.4,0.043,26.4
515.5,0.044,26.4,0.044,26.4,0.043,26.4,0.044,26.4
516.0,0.039,26.4,0.040,26.4,0.040,26.4,0.043,26.4
516.5,0.041,26.4,0.041,26.4,0.044,26.4,0.040,26.4
517.0,0.039,26.4,0.039,26.4,0.048,26.4,0.039,26.4
517.5,0.036,26.4,0.037,26.4,0.042,26.4,0.033,26.5
518.0,0.036,26.4,0.037,26.4,0.035,26.4,0.035,26.4
518.5,0.032,26.4,0.032,26.5,0.031,26.4,0.031,26.5
519.0,0.032,26.4,0.032,26.4,0.032,26.4,0.031,26.4
519.5,0.028,26.4,0.027,26.4,0.028,26.4,0.029,26.4
520.0,0.028,26.4,0.029,26.4,0.031,26.4,0.029,26.4
520.5,0.028,26.5,0.029,26.4,0.028,26.5,0.028,26.4
521.0,0.028,26.5,0.028,26.5,0.027,26.5,0.027,26.5
521.5,0.028,26.5,0.028,26.5,0.027,26.5,0.028,26.5
522.0,0.029,26.5,0.030,26.5,0.028,26.5,0.030,26.5
522.5,0.030,26.5,0.030,26.5,0.030,26.5,0.032,26.5
523.0,0.030,26.5,0.029,26.5,0.032,26.5,0.032,26.5
523.5,0.030,26.5,0.030,26.5,0.031,26.5,0.028,26.5
524.0,0.029,26.5,0.029,26.5,0.030,26.5,0.028,26.5
524.5,0.026,26.5,0.025,26.5,0.024,26.5,0.027,26.5
525.0,0.027,26.5,0.026,26.5,0.026,26.5,0.027,26.5
525.5,0.025,26.5,0.025,26.5,0.027,26.5,0.025,26.5
526.0,0.024,26.5,0.025,26.5,0.027,26.5,0.025,26.5
526.5,0.021,26.5,0.021,26.5,0.021,26.5,0.021,26.5
527.0,0.020,26.5,0.021,26.5,0.022,26.5,0.020,26.5
527.5,0.023,26.5,0.023,26.5,0.023,26.5,0.022,26.6
528.0,0.023,26.5,0.023,26.6,0.023,26.5,0.025,26.5
528.5,0.025,26.6,0.024,26.6,0.023,26.5,0.026,26.6
529.0,0.024,26.5,0.023,26.5,0.024,26.5,0.026,26.5
529.5,0.023,26.6,0.024,26.6,0.023,26.6,0.025,26.5
530.0,0.025,26.6,0.027,26.5,0.026,26.5,0.023,26.6
530.5,0.024,26.6,0.024,26.6,0.026,26.6,0.024,26.6
531.0,0.025,26.6,0.025,26.5,0.025,26.6,0.024,26.6
531.5,0.023,26.6,0.024,26.6,0.023,26.6,0.024,26.6
532.0,0.024,26.6,0.026,26.6,0.022,26.6,0.023,26.6
532.5,0.023,26.6,0.023,26.5,0.022,26.6,0.023,26.6
533.0,0.021,26.6,0.023,26.6,0.021,26.6,0.020,26.5
533.5,0.021,26.6,0.021,26.6,0.022,26.6,0.022,26.6
534.0,0.021,26.6,0.022,26.6,0.022,26.5,0.022,26.6
534.5,0.022,26.6,0.023,26.6,0.020,26.6,0.022,26.6
535.0,0.020,26.6,0.021,26.6,0.021,26.6,0.022,26.6
535.5,0.019,26.6,0.021,26.6,0.020,26.6,0.019,26.6
536.0,0.017,26.6,0.018,26.6,0.019,26.6,0.018,26.6
536.5,0.014,26.6,0.014,26.6,0.014,26.6,0.016,26.6
537.0,0.017,26.6,0.018,26.6,0.017,26.6,0.015,26.6
537.5,0.019,26.6,0.020,26.6,0.018,26.6,0.019,26.6
538.0,0.020,26.6,0.021,26.6,0.019,26.6,0.019,26.6
538.5,0.021,26.6,0.021,26.6,0.019,26.6,0.020,26.6
539.0,0.020,26.6,0.020,26.6,0.020,26.6,0.022,26.6
539.5,0.020,26.6,0.020,26.6,0.022,26.7,0.020,26.6
540.0,0.017,26.6,0.018,26.6,0.019,26.6,0.018,26.6
540.5,0.019,26.6,0.019,26.6,0.020,26.6,0.020,26.7
541.0,0.016,26.7,0.016,26.6,0.016,26.7,0.022,26.6
541.5,0.000,26.6,0.001,26.6,0.001,26.7,0.012,26.6
542.0,-0.043,26.7,-0.041,26.6,-0.033,26.7,-0.035,26.7
542.5,-0.093,26.7,-0.088,26.7,-0.090,26.7,-0.086,26.7
543.0,-0.111,26.6,-0.111,26.6,-0.106,26.6,-0.109,26.6
543.5,-0.085,26.6,-0.087,26.6,-0.093,26.5,-0.092,26.6
544.0,-0.042,26.5,-0.043,26.5,-0.086,26.5,-0.044,26.6
544.5,-0.018,26.5,-0.017,26.5,-0.064,26.5,-0.020,26.6
545.0,-0.010,26.6,-0.010,26.6,-0.009,26.6,-0.012,26.6
545.5,-0.009,26.6,-0.010,26.6,-0.008,26.6,-0.008,26.6
546.0,-0.018,26.6,-0.017,26.6,-0.019,26.6,-0.016,26.6
546.5,-0.008,26.6,-0.008,26.7,-0.009,26.6,-0.008,26.6
547.0,0.003,26.7,0.002,26.7,0.000,26.7,0.003,26.6
547.5,0.008,26.7,0.006,26.7,0.008,26.7,0.009,26.7
548.0,0.000,26.7,0.000,26.7,0.002,26.7,0.003,26.7
548.5,-0.009,26.7,-0.009,26.7,-0.003,26.7,-0.009,26.7
549.0,-0.023,26.7,-0.022,26.7,-0.022,26.7,-0.023,26.7
549.5,-0.022,26.7,-0.022,26.7,-0.025,26.8,-0.023,26.7
550.0,-0.010,26.8,-0.010,26.7,-0.014,26.8,-0.013,26.7
550.5,-0.007,26.8,-0.006,26.8,-0.010,26.8,-0.007,26.8
551.0,-0.009,26.8,-0.008,26.8,-0.010,26.8,-0.008,26.8
551.5,-0.007,26.8,-0.007,26.8,-0.009,26.8,-0.007,26.8
552.0,-0.008,26.8,-0.007,26.7,-0.008,26.8,-0.008,26.7
552.5,-0.011,26.8,-0.011,26.8,-0.008,26.8,-0.010,26.8
553.0,-0.010,26.8,-0.011,26.8,-0.009,26.8,-0.011,26.8
553.5,-0.005,26.8,-0.005,26.8,-0.004,26.9,-0.005,26.8
554.0,-0.002,26.8,-0.002,26.8,-0.002,26.9,-0.002,26.8
554.5,0.001,26.8,0.002,26.8,0.001,26.8,-0.002,26.8
555.0,0.007,26.8,0.009,26.8,0.006,26.8,0.000,26.9
555.5,0.009,26.8,0.008,26.8,0.009,26.8,0.010,26.8
556.0,0.001,26.8,0.002,26.8,0.005,26.8,0.001,26.9
556.5,0.003,26.8,0.003,26.9,0.001,26.8,0.001,26.9
557.0,0.010,26.9,0.012,26.8,0.008,26.9,0.009,26.8
557.5,0.006,26.9,0.007,26.8,0.007,26.9,0.007,26.8
558.0,-0.003,26.9,-0.003,26.9,-0.002,26.9,-0.003,26.9
558.5,-0.007,26.9,-0.006,26.9,-0.007,26.9,-0.006,26.9
559.0,-0.004,26.9,-0.003,26.9,-0.005,26.8,-0.004,26.8
559.5,-0.000,26.9,-0.002,26.9,-0.002,26.9,0.000,26.9
560.0,0.014,26.9,0.013,26.9,0.010,26.9,0.015,26.9
560.5,0.019,26.9,0.018,26.9,0.012,26.9,0.018,26.8
561.0,0.021,26.9,0.020,26.9,0.022,26.9,0.022,26.9
561.5,0.024,26.9,0.025,26.9,0.025,26.8,0.026,26.9
562.0,0.024,26.9,0.025,26.9,0.026,26.8,0.025,26.9
562.5,0.030,26.8,0.030,26.8,0.028,26.9,0.029,26.9
563.0,0.032,26.8,0.033,26.8,0.035,26.8,0.032,26.8
563.5,0.036,26.8,0.036,26.8,0.034,26.8,0.035,26.8
564.0,0.035,26.8,0.034,26.8,0.037,26.8,0.034,26.8
564.5,0.033,26.8,0.030,26.8,0.037,26.8,0.033,26.8
565.0,0.034,26.7,0.033,26.8,0.034,26.7,0.037,26.7
565.5,0.034,26.7,0.034,26.7,0.033,26.7,0.033,26.7
566.0,0.038,26.7,0.040,26.7,0.037,26.8,0.034,26.7
566.5,0.042,26.7,0.043,26.7,0.035,26.7,0.040,26.7
567.0,0.043,26.7,0.045,26.7,0.040,26.7,0.042,26.7
567.5,0.042,26.7,0.041,26.6,0.045,26.7,0.041,26.7
568.0,0.036,26.6,0.036,26.6,0.037,26.7,0.038,26.6
568.5,0.039,26.6,0.038,26.7,0.041,26.7,0.039,26.6
569.0,0.037,26.6,0.037,26.6,0.040,26.6,0.038,26.7
569.5,0.035,26.6,0.034,26.6,0.035,26.6,0.036,26.6
570.0,0.032,26.6,0.032,26.6,0.036,26.6,0.031,26.6
570.5,0.035,26.6,0.035,26.6,0.038,26.7,0.032,26.6
571.0,0.041,26.6,0.040,26.6,0.041,26.6,0.042,26.6
571.5,0.041,26.6,0.042,26.6,0.042,26.6,0.038,26.6
572.0,0.043,26.6,0.044,26.6,0.046,26.6,0.042,26.5
572.5,0.041,26.6,0.042,26.6,0.042,26.6,0.043,26.6
573.0,0.042,26.6,0.040,26.6,0.041,26.6,0.043,26.6
573.5,0.042,26.6,0.042,26.5,0.042,26.5,0.042,26.5
574.0,0.039,26.5,0.039,26.5,0.038,26.5,0.039,26.5
574.5,0.039,26.5,0.038,26.5,0.038,26.5,0.038,26.5
575.0,0.038,26.5,0.039,26.5,0.038,26.5,0.040,26.5
575.5,0.045,26.5,0.046,26.5,0.039,26.5,0.045,26.6
576.0,0.043,26.5,0.046,26.5,0.043,26.5,0.041,26.5
576.5,0.045,26.5,0.048,26.5,0.047,26.5,0.042,26.5
577.0,0.041,26.5,0.043,26.5,0.046,26.5,0.042,26.5
577.5,0.035,26.5,0.035,26.5,0.037,26.5,0.036,26.5
578.0,0.035,26.5,0.033,26.5,0.034,26.5,0.033,26.5
578.5,0.034,26.5,0.033,26.5,0.035,26.5,0.033,26.5
579.0,0.035,26.5,0.035,26.5,0.037,26.5,0.034,26.5
579.5,0.036,26.5,0.036,26.5,0.036,26.5,0.032,26.5
580.0,0.037,26.5,0.036,26.5,0.039,26.5,0.036,26.5
580.5,0.045,26.5,0.045,26.5,0.046,26.5,0.045,26.5
581.0,0.044,26.5,0.044,26.5,0.042,26.5,0.044,26.5
581.5,0.045,26.5,0.045,26.5,0.045,26.5,0.039,26.4
582.0,0.046,26.4,0.047,26.5,0.048,26.4,0.046,26.4
582.5,0.046,26.5,0.046,26.4,0.044,26.4,0.048,26.5
583.0,0.046,26.4,0.046,26.4,0.045,26.4,0.048,26.4
583.5,0.042,26.4,0.045,26.4,0.045,26.4,0.040,26.4
584.0,0.045,26.4,0.044,26.4,0.050,26.4,0.043,26.4
584.5,0.046,26.4,0.044,26.4,0.047,26.4,0.050,26.4
585.0,0.048,26.4,0.046,26.4,0.046,26.4,0.048,26.4
585.5,0.044,26.4,0.045,26.4,0.044,26.4,0.047,26.4
586.0,0.042,26.4,0.042,26.4,0.039,26.4,0.041,26.4
586.5,0.043,26.4,0.044,26.4,0.045,26.4,0.042,26.4
587.0,0.039,26.4,0.040,26.4,0.039,26.4,0.041,26.4
587.5,0.038,26.4,0.040,26.4,0.039,26.3,0.036,26.4
588.0,0.038,26.4,0.037,26.4,0.038,26.4,0.038,26.4
588.5,0.031,26.4,0.031,26.4,0.033,26.4,0.034,26.4
589.0,0.035,26.4,0.034,26.4,0.034,26.4,0.035,26.4
589.5,0.038,26.4,0.038,26.4,0.037,26.4,0.036,26.4
590.0,0.044,26.4,0.045,26.4,0.042,26.4,0.041,26.5
590.5,0.045,26.4,0.043,26.4,0.045,26.4,0.045,26.4
591.0,0.044,26.4,0.043,26.4,0.043,26.4,0.045,26.4
591.5,0.042,26.4,0.043,26.4,0.043,26.4,0.044,26.3
592.0,0.041,26.3,0.040,26.3,0.039,26.4,0.048,26.3
592.5,0.041,26.4,0.043,26.3,0.042,26.3,0.041,26.4
593.0,0.039,26.3,0.038,26.3,0.046,26.3,0.040,26.4
593.5,0.035,26.4,0.035,26.4,0.034,26.4,0.036,26.4
594.0,0.035,26.4,0.034,26.4,0.034,26.4,0.036,26.4
594.5,0.033,26.4,0.034,26.4,0.033,26.4,0.034,26.4
595.0,0.035,26.4,0.039,26.4,0.033,26.3,0.034,26.4
595.5,0.036,26.4,0.037,26.4,0.038,26.4,0.033,26.4
596.0,0.038,26.4,0.036,26.4,0.039,26.4,0.035,26.3
596.5,0.036,26.4,0.036,26.4,0.036,26.4,0.036,26.4
597.0,0.035,26.4,0.035,26.4,0.037,26.4,0.034,26.4
597.5,0.037,26.4,0.037,26.4,0.042,26.4,0.039,26.4
598.0,0.033,26.4,0.033,26.4,0.030,26.3,0.034,26.4
598.5,0.034,26.4,0.038,26.4,0.038,26.4,0.034,26.4
599.0,0.032,26.4,0.032,26.4,0.038,26.4,0.033,26.4
599.5,0.036,26.4,0.035,26.4,0.035,26.4,0.034,26.4
600.0,0.035,26.4,0.035,26.4,0.036,26.4,0.036,26.4
600.5,0.033,26.4,0.034,26.4,0.034,26.4,0.036,26.4
601.0,0.035,26.4,0.038,26.4,0.039,26.4,0.035,26.4
601.5,0.033,26.4,0.035,26.4,0.034,26.4,0.034,26.4
602.0,0.034,26.4,0.033,26.4,0.037,26.4,0.033,26.4
602.5,0.032,26.4,0.032,26.4,0.037,26.4,0.032,26.4
603.0,0.030,26.4,0.031,26.4,0.028,26.4,0.030,26.4
603.5,0.028,26.4,0.031,26.4,0.028,26.4,0.031,26.4
604.0,0.023,26.4,0.024,26.4,0.023,26.4,0.024,26.4
604.5,0.024,26.4,0.025,26.4,0.022,26.4,0.028,26.4
605.0,0.026,26.4,0.026,26.4,0.026,26.4,0.028,26.4
605.5,0.028,26.4,0.027,26.4,0.026,26.4,0.028,26.4
606.0,0.027,26.4,0.028,26.4,0.027,26.5,0.028,26.4
606.5,0.025,26.4,0.027,26.4,0.026,26.4,0.026,26.4
607.0,0.028,26.4,0.028,26.4,0.028,26.4,0.027,26.5
607.5,0.025,26.4,0.027,26.4,0.027,26.5,0.025,26.4
608.0,0.025,26.5,0.025,26.5,0.026,26.5,0.024,26.5
608.5,0.025,26.5,0.025,26.5,0.024,26.4,0.024,26.5
609.0,0.026,26.5,0.027,26.4,0.026,26.4,0.026,26.4
609.5,0.026,26.5,0.028,26.5,0.027,26.5,0.027,26.4
610.0,0.024,26.5,0.025,26.5,0.025,26.5,0.026,26.4
610.5,0.024,26.5,0.024,26.5,0.024,26.5,0.025,26.5
611.0,0.024,26.5,0.022,26.5,0.023,26.5,0.024,26.5
611.5,0.025,26.5,0.023,26.5,0.025,26.5,0.023,26.5
612.0,0.024,26.5,0.025,26.5,0.024,26.5,0.024,26.5
612.5,0.021,26.5,0.021,26.5,0.020,26.5,0.023,26.5
613.0,0.020,26.5,0.020,26.5,0.019,26.5,0.020,26.5
613.5,0.017,26.5,0.017,26.5,0.019,26.5,0.017,26.5
614.0,0.018,26.5,0.018,26.5,0.018,26.5,0.018,26.5
614.5,0.020,26.5,0.019,26.5,0.018,26.5,0.021,26.6
615.0,0.020,26.5,0.019,26.5,0.019,26.5,0.024,26.5
615.5,0.020,26.6,0.021,26.5,0.020,26.5,0.021,26.6
616.0,0.019,26.6,0.020,26.6,0.018,26.5,0.019,26.6
616.5,0.021,26.6,0.022,26.6,0.018,26.6,0.022,26.6
617.0,0.025,26.6,0.024,26.6,0.024,26.6,0.026,26.5
617.5,0.023,26.6,0.023,26.6,0.024,26.6,0.028,26.5
618.0,0.020,26.6,0.021,26.6,0.022,26.6,0.020,26.6
618.5,0.018,26.6,0.018,26.5,0.018,26.6,0.018,26.5
619.0,0.020,26.6,0.020,26.6,0.018,26.5,0.021,26.6
619.5,0.020,26.6,0.021,26.6,0.021,26.6,0.020,26.6
620.0,0.019,26.6,0.019,26.6,0.018,26.6,0.020,26.6
620.5,0.018,26.6,0.017,26.6,0.018,26.6,0.017,26.6
621.0,0.012,26.6,0.012,26.6,0.013,26.6,0.013,26.6
621.5,-0.012,26.6,-0.009,26.6,-0.009,26.6,-0.010,26.6
622.0,-0.050,26.6,-0.049,26.5,-0.042,26.6,-0.041,26.6
622.5,-0.083,26.6,-0.083,26.6,-0.078,26.6,-0.071,26.6
623.0,-0.102,26.6,-0.103,26.6,-0.101,26.6,-0.099,26.6
623.5,-0.089,26.5,-0.090,26.5,-0.096,26.5,-0.091,26.5
624.0,-0.062,26.5,-0.063,26.4,-0.078,26.5,-0.062,26.5
624.5,-0.042,26.5,-0.043,26.5,-0.056,26.5,-0.043,26.5
625.0,-0.017,26.5,-0.016,26.5,-0.020,26.5,-0.023,26.5
625.5,-0.012,26.5,-0.012,26.5,-0.014,26.5,-0.012,26.5
626.0,-0.017,26.6,-0.016,26.6,-0.014,26.5,-0.016,26.6
626.5,-0.014,26.6,-0.011,26.6,-0.016,26.5,-0.015,26.6
627.0,0.001,26.6,0.001,26.6,-0.004,26.6,-0.003,26.6
627.5,0.003,26.6,0.003,26.6,0.002,26.6,0.005,26.6
628.0,-0.003,26.6,-0.001,26.6,0.001,26.6,-0.001,26.6
628.5,0.001,26.6,0.001,26.7,0.001,26.6,-0.002,26.6
629.0,0.001,26.7,-0.000,26.7,0.000,26.7,-0.000,26.6
629.5,-0.008,26.7,-0.007,26.7,-0.007,26.7,-0.008,26.7
630.0,-0.012,26.7,-0.013,26.7,-0.010,26.7,-0.011,26.7
630.5,-0.008,26.7,-0.008,26.7,-0.008,26.7,-0.009,26.7
631.0,-0.002,26.7,-0.002,26.7,-0.001,26.7,-0.002,26.7
631.5,-0.002,26.7,-0.002,26.7,0.000,26.7,-0.000,26.7
632.0,-0.018,26.7,-0.020,26.7,-0.014,26.7,-0.008,26.7
632.5,-0.019,26.7,-0.020,26.8,-0.018,26.7,-0.020,26.7
633.0,-0.013,26.7,-0.013,26.7,-0.018,26.7,-0.013,26.7
633.5,-0.004,26.8,-0.003,26.8,-0.005,26.8,-0.004,26.7
634.0,-0.001,26.8,-0.001,26.8,0.001,26.8,-0.005,26.7
634.5,-0.000,26.8,-0.001,26.8,0.003,26.7,-0.003,26.8
635.0,-0.010,26.8,-0.009,26.8,-0.008,26.7,-0.007,26.8
635.5,-0.021,26.8,-0.022,26.8,-0.021,26.8,-0.019,26.8
636.0,-0.023,26.8,-0.024,26.7,-0.024,26.8,-0.023,26.8
636.5,-0.016,26.8,-0.016,26.8,-0.018,26.8,-0.015,26.8
637.0,-0.009,26.8,-0.008,26.8,-0.010,26.8,-0.009,26.8
637.5,-0.006,26.8,-0.006,26.8,-0.006,26.8,-0.005,26.8
638.0,-0.004,26.8,-0.005,26.8,-0.005,26.8,-0.006,26.8
638.5,-0.001,26.8,0.000,26.8,-0.001,26.8,-0.002,26.8
639.0,0.008,26.8,0.008,26.8,0.008,26.8,0.000,26.7
639.5,0.015,26.8,0.015,26.8,0.012,26.8,0.014,26.8
640.0,0.021,26.8,0.022,26.8,0.021,26.8,0.019,26.9
640.5,0.027,26.8,0.027,26.8,0.027,26.8,0.027,26.8
641.0,0.031,26.8,0.032,26.8,0.032,26.8,0.030,26.8
641.5,0.032,26.8,0.033,26.8,0.034,26.8,0.031,26.8
642.0,0.035,26.8,0.036,26.7,0.034,26.8,0.034,26.8
642.5,0.033,26.7,0.033,26.7,0.033,26.8,0.037,26.7
643.0,0.034,26.8,0.035,26.8,0.030,26.7,0.036,26.7
643.5,0.035,26.7,0.035,26.7,0.032,26.7,0.034,26.8
644.0,0.035,26.7,0.036,26.7,0.032,26.7,0.036,26.7
644.5,0.037,26.7,0.037,26.7,0.037,26.7,0.038,26.7
645.0,0.034,26.7,0.037,26.7,0.033,26.6,0.034,26.7
645.5,0.035,26.7,0.035,26.7,0.034,26.7,0.034,26.7
646.0,0.037,26.7,0.038,26.7,0.034,26.7,0.035,26.7
646.5,0.038,26.6,0.036,26.6,0.037,26.7,0.037,26.6
647.0,0.038,26.6,0.038,26.7,0.036,26.6,0.039,26.7
647.5,0.035,26.6,0.036,26.6,0.035,26.6,0.036,26.7
648.0,0.039,26.6,0.039,26.6,0.038,26.6,0.037,26.7
648.5,0.041,26.6,0.041,26.6,0.038,26.6,0.045,26.6
649.0,0.041,26.6,0.041,26.6,0.040,26.6,0.044,26.6
649.5,0.043,26.6,0.042,26.6,0.041,26.6,0.045,26.5
650.0,0.043,26.6,0.043,26.6,0.040,26.6,0.045,26.6
650.5,0.042,26.5,0.044,26.5,0.041,26.6,0.043,26.6
651.0,0.038,26.5,0.039,26.6,0.040,26.6,0.038,26.5
651.5,0.040,26.5,0.040,26.6,0.038,26.5,0.039,26.6
652.0,0.037,26.5,0.037,26.5,0.037,26.5,0.039,26.5
652.5,0.040,26.5,0.040,26.5,0.041,26.5,0.038,26.6
653.0,0.043,26.5,0.044,26.5,0.045,26.5,0.041,26.5
653.5,0.043,26.5,0.045,26.5,0.045,26.5,0.040,26.5
654.0,0.043,26.5,0.044,26.5,0.044,26.5,0.043,26.5
654.5,0.038,26.5,0.039,26.5,0.038,26.5,0.042,26.6
655.0,0.036,26.5,0.037,26.5,0.034,26.5,0.037,26.5
655.5,0.038,26.5,0.037,26.5,0.038,26.5,0.035,26.5
656.0,0.035,26.5,0.035,26.5,0.036,26.5,0.036,26.4
656.5,0.035,26.5,0.036,26.5,0.035,26.5,0.037,26.4
657.0,0.034,26.5,0.036,26.5,0.032,26.5,0.036,26.4
657.5,0.037,26.5,0.037,26.5,0.033,26.5,0.037,26.5
658.0,0.038,26.5,0.041,26.5,0.037,26.4,0.037,26.5
658.5,0.043,26.5,0.042,26.5,0.044,26.5,0.043,26.5
659.0,0.044,26.5,0.043,26.5,0.046,26.4,0.046,26.5
659.5,0.043,26.5,0.042,26.5,0.042,26.4,0.047,26.5
660.0,0.045,26.4,0.045,26.4,0.046,26.5,0.045,26.5
660.5,0.042,26.4,0.041,26.4,0.044,26.4,0.043,26.4
661.0,0.042,26.4,0.041,26.4,0.040,26.4,0.040,26.4
661.5,0.042,26.4,0.042,26.4,0.042,26.4,0.039,26.4
662.0,0.044,26.4,0.045,26.4,0.046,26.4,0.040,26.4
662.5,0.047,26.4,0.046,26.4,0.047,26.4,0.044,26.4
663.0,0.045,26.4,0.046,26.4,0.046,26.4,0.048,26.4
663.5,0.045,26.4,0.044,26.4,0.047,26.4,0.044,26.4
664.0,0.032,26.4,0.036,26.4,0.037,26.4,0.044,26.4
664.5,0.030,26.4,0.031,26.4,0.035,26.4,0.032,26.4
665.0,0.037,26.4,0.039,26.4,0.036,26.4,0.041,26.4
665.5,0.035,26.4,0.035,26.4,0.036,26.4,0.036,26.4
666.0,0.037,26.4,0.039,26.4,0.037,26.4,0.037,26.4
666.5,0.038,26.4,0.036,26.4,0.041,26.4,0.038,26.4
667.0,0.042,26.4,0.042,26.4,0.042,26.4,0.042,26.4
667.5,0.045,26.4,0.045,26.4,0.043,26.4,0.046,26.4
668.0,0.044,26.4,0.044,26.4,0.042,26.4,0.044,26.4
668.5,0.046,26.4,0.050,26.4,0.045,26.3,0.044,26.4
669.0,0.044,26.4,0.045,26.4,0.043,26.4,0.046,26.4
669.5,0.045,26.4,0.045,26.4,0.044,26.4,0.044,26.4
670.0,0.044,26.4,0.041,26.4,0.044,26.4,0.044,26.4
670.5,0.043,26.3,0.042,26.3,0.044,26.4,0.041,26.4
671.0,0.039,26.3,0.040,26.3,0.039,26.3,0.039,26.4
671.5,0.035,26.3,0.035,26.4,0.034,26.4,0.036,26.3
672.0,0.037,26.4,0.037,26.3,0.035,26.4,0.036,26.4
672.5,0.039,26.3,0.043,26.4,0.038,26.3,0.037,26.4
673.0,0.041,26.4,0.045,26.4,0.042,26.3,0.040,26.4
673.5,0.042,26.4,0.043,26.4,0.044,26.3,0.041,26.4
674.0,0.039,26.4,0.040,26.4,0.040,26.3,0.040,26.4
674.5,0.042,26.4,0.041,26.4,0.041,26.3,0.041,26.3
675.0,0.040,26.3,0.040,26.3,0.042,26.4,0.042,26.4
675.5,0.037,26.4,0.037,26.4,0.039,26.4,0.039,26.4
676.0,0.038,26.3,0.037,26.3,0.039,26.3,0.042,26.4
676.5,0.038,26.3,0.039,26.3,0.036,26.3,0.044,26.4
677.0,0.040,26.3,0.039,26.3,0.043,26.3,0.040,26.3
677.5,0.036,26.3,0.036,26.4,0.035,26.3,0.035,26.3
678.0,0.038,26.3,0.037,26.4,0.036,26.3,0.032,26.3
678.5,0.036,26.4,0.034,26.4,0.035,26.4,0.035,26.4
679.0,0.035,26.4,0.035,26.4,0.037,26.3,0.034,26.4
679.5,0.035,26.4,0.036,26.4,0.035,26.3,0.035,26.4
680.0,0.032,26.4,0.033,26.3,0.031,26.3,0.032,26.4
680.5,0.030,26.4,0.030,26.4,0.030,26.3,0.031,26.3
681.0,0.027,26.4,0.029,26.3,0.027,26.4,0.027,26.4
681.5,0.026,26.4,0.029,26.4,0.027,26.4,0.027,26.4
682.0,0.027,26.4,0.027,26.4,0.027,26.4,0.027,26.4
682.5,0.028,26.4,0.028,26.4,0.027,26.4,0.029,26.4
683.0,0.030,26.4,0.030,26.4,0.031,26.4,0.036,26.4
683.5,0.027,26.4,0.027,26.4,0.029,26.4,0.028,26.4
684.0,0.027,26.4,0.027,26.4,0.027,26.4,0.027,26.4
684.5,0.030,26.4,0.031,26.4,0.027,26.4,0.032,26.4
685.0,0.030,26.4,0.029,26.4,0.030,26.5,0.034,26.4
685.5,0.027,26.4,0.026,26.4,0.027,26.4,0.033,26.4
686.0,0.025,26.4,0.025,26.4,0.026,26.4,0.028,26.4
686.5,0.027,26.4,0.027,26.4,0.028,26.4,0.027,26.4
687.0,0.026,26.4,0.027,26.4,0.028,26.4,0.027,26.4
687.5,0.028,26.4,0.026,26.4,0.029,26.5,0.024,26.4
688.0,0.026,26.4,0.026,26.4,0.026,26.5,0.026,26.4
688.5,0.025,26.4,0.025,26.4,0.025,26.4,0.026,26.5
689.0,0.026,26.4,0.027,26.4,0.026,26.4,0.026,26.4
689.5,0.026,26.4,0.026,26.4,0.026,26.4,0.026,26.4
690.0,0.025,26.4,0.026,26.4,0.024,26.4,0.026,26.4
690.5,0.022,26.4,0.023,26.4,0.025,26.4,0.024,26.4
691.0,0.019,26.4,0.020,26.4,0.022,26.4,0.020,26.4
691.5,0.020,26.5,0.018,26.5,0.019,26.5,0.021,26.5
692.0,0.021,26.5,0.021,26.5,0.019,26.5,0.021,26.5
692.5,0.024,26.5,0.025,26.5,0.022,26.5,0.023,26.5
693.0,0.023,26.5,0.023,26.5,0.023,26.5,0.024,26.5
693.5,0.022,26.5,0.022,26.5,0.024,26.5,0.021,26.5
694.0,0.024,26.5,0.022,26.5,0.024,26.5,0.023,26.5
694.5,0.025,26.5,0.026,26.5,0.025,26.5,0.026,26.5
695.0,0.025,26.5,0.025,26.5,0.025,26.5,0.026,26.5
695.5,0.023,26.5,0.022,26.5,0.025,26.5,0.022,26.5
696.0,0.023,26.5,0.022,26.5,0.024,26.5,0.021,26.5
696.5,0.024,26.5,0.024,26.5,0.026,26.5,0.023,26.5
697.0,0.024,26.5,0.024,26.5,0.027,26.5,0.024,26.5
697.5,0.023,26.5,0.023,26.5,0.022,26.5,0.024,26.5
698.0,0.019,26.5,0.020,26.5,0.019,26.5,0.019,26.5
698.5,0.020,26.5,0.020,26.5,0.019,26.5,0.020,26.5
699.0,0.020,26.5,0.019,26.6,0.023,26.5,0.019,26.5
699.5,0.020,26.5,0.021,26.5,0.021,26.5,0.018,26.5
700.0,0.020,26.5,0.020,26.5,0.020,26.5,0.021,26.5
700.5,0.016,26.5,0.016,26.5,0.015,26.5,0.016,26.5
701.0,0.010,26.5,0.011,26.5,0.012,26.6,0.011,26.5
701.5,-0.016,26.5,-0.015,26.5,0.000,26.5,-0.010,26.6
702.0,-0.064,26.5,-0.064,26.5,-0.059,26.5,-0.055,26.5
702.5,-0.105,26.5,-0.106,26.5,-0.096,26.5,-0.091,26.5
703.0,-0.124,26.5,-0.123,26.5,-0.120,26.5,-0.123,26.5
703.5,-0.102,26.4,-0.103,26.4,-0.103,26.4,-0.111,26.4
704.0,-0.057,26.3,-0.057,26.3,-0.077,26.3,-0.062,26.3
704.5,-0.023,26.3,-0.023,26.3,-0.036,26.4,-0.027,26.3
705.0,0.002,26.4,0.003,26.4,-0.002,26.4,0.001,26.4
705.5,0.003,26.4,0.003,26.4,0.005,26.4,0.004,26.4
706.0,-0.004,26.4,-0.003,26.5,-0.002,26.4,-0.003,26.4
706.5,-0.008,26.5,-0.007,26.5,-0.007,26.5,-0.006,26.5
707.0,-0.004,26.5,-0.004,26.5,-0.006,26.5,-0.005,26.5
707.5,-0.005,26.5,-0.005,26.5,-0.005,26.5,-0.004,26.5
708.0,-0.011,26.5,-0.010,26.6,-0.006,26.5,-0.012,26.6
708.5,-0.007,26.6,-0.007,26.5,-0.006,26.6,-0.009,26.6
709.0,-0.004,26.6,-0.005,26.6,-0.003,26.6,-0.005,26.6
709.5,0.001,26.6,0.001,26.6,-0.000,26.6,-0.001,26.6
710.0,0.005,26.6,0.005,26.6,0.005,26.6,0.005,26.6
710.5,-0.000,26.6,0.000,26.6,0.004,26.6,0.001,26.6
711.0,-0.003,26.6,-0.002,26.6,-0.000,26.6,-0.001,26.6
711.5,-0.001,26.6,-0.001,26.6,-0.002,26.6,0.002,26.7
712.0,-0.002,26.6,-0.001,26.6,-0.001,26.7,-0.000,26.7
712.5,-0.002,26.7,-0.000,26.6,0.001,26.7,-0.002,26.6
713.0,-0.010,26.7,-0.009,26.7,-0.007,26.7,-0.005,26.7
713.5,-0.018,26.7,-0.019,26.7,-0.015,26.7,-0.017,26.6
714.0,-0.020,26.7,-0.019,26.7,-0.018,26.7,-0.019,26.7
714.5,-0.010,26.7,-0.010,26.7,-0.017,26.7,-0.011,26.7
715.0,-0.003,26.7,-0.004,26.7,-0.003,26.6,-0.005,26.7
715.5,0.004,26.7,0.003,26.7,0.002,26.7,0.005,26.7
716.0,-0.002,26.7,-0.001,26.7,0.000,26.7,0.001,26.7
716.5,-0.007,26.7,-0.008,26.7,-0.005,26.7,-0.004,26.7
717.0,-0.011,26.7,-0.011,26.7,-0.010,26.7,-0.010,26.7
717.5,-0.003,26.7,-0.003,26.7,-0.005,26.7,-0.004,26.7
718.0,0.008,26.7,0.009,26.7,0.007,26.7,0.006,26.7
718.5,0.011,26.7,0.010,26.8,0.010,26.8,0.011,26.7
719.0,0.009,26.7,0.008,26.7,0.008,26.8,0.010,26.7
719.5,0.014,26.7,0.014,26.8,0.013,26.7,0.014,26.7
720.0,0.014,26.7,0.016,26.7,0.014,26.7,0.016,26.7
720.5,0.014,26.7,0.016,26.7,0.013,26.8,0.014,26.7
721.0,0.022,26.7,0.022,26.7,0.016,26.8,0.022,26.7
721.5,0.032,26.7,0.033,26.7,0.021,26.7,0.032,26.7
722.0,0.032,26.7,0.032,26.7,0.036,26.7,0.033,26.7
722.5,0.029,26.7,0.029,26.7,0.030,26.7,0.029,26.7
723.0,0.026,26.7,0.026,26.7,0.028,26.7,0.026,26.7
723.5,0.026,26.6,0.027,26.6,0.029,26.7,0.026,26.7
724.0,0.029,26.6,0.029,26.6,0.029,26.6,0.027,26.6
724.5,0.027,26.6,0.028,26.7,0.027,26.6,0.026,26.6
725.0,0.028,26.6,0.029,26.6,0.028,26.7,0.029,26.6
725.5,0.035,26.6,0.035,26.6,0.034,26.6,0.032,26.6
726.0,0.040,26.6,0.041,26.6,0.039,26.6,0.038,26.6
726.5,0.040,26.6,0.040,26.6,0.040,26.6,0.041,26.6
727.0,0.041,26.6,0.040,26.6,0.042,26.6,0.042,26.6
727.5,0.045,26.6,0.045,26.6,0.042,26.6,0.047,26.6
728.0,0.043,26.5,0.044,26.6,0.043,26.6,0.046,26.5
728.5,0.043,26.5,0.043,26.5,0.041,26.5,0.043,26.5
729.0,0.041,26.5,0.042,26.5,0.042,26.5,0.041,26.5
729.5,0.039,26.5,0.040,26.5,0.039,26.5,0.037,26.5
730.0,0.043,26.5,0.042,26.5,0.044,26.5,0.041,26.5
730.5,0.045,26.5,0.046,26.5,0.046,26.5,0.044,26.5
731.0,0.048,26.4,0.046,26.5,0.047,26.5,0.049,26.5
731.5,0.044,26.4,0.044,26.4,0.043,26.4,0.045,26.4
732.0,0.040,26.4,0.040,26.4,0.039,26.4,0.040,26.4
732.5,0.036,26.4,0.036,26.4,0.037,26.4,0.037,26.4
733.0,0.033,26.4,0.033,26.4,0.035,26.5,0.031,26.4
733.5,0.037,26.4,0.039,26.4,0.038,26.4,0.037,26.4
734.0,0.036,26.4,0.034,26.4,0.039,26.4,0.037,26.4
734.5,0.037,26.4,0.036,26.4,0.035,26.4,0.036,26.4
735.0,0.043,26.4,0.043,26.4,0.045,26.4,0.041,26.4
735.5,0.042,26.4,0.042,26.4,0.047,26.4,0.044,26.4
736.0,0.043,26.4,0.046,26.4,0.042,26.4,0.041,26.4
736.5,0.044,26.4,0.047,26.4,0.046,26.4,0.045,26.4
737.0,0.049,26.4,0.047,26.4,0.052,26.4,0.049,26.4
737.5,0.047,26.3,0.047,26.4,0.046,26.4,0.047,26.3
738.0,0.045,26.4,0.045,26.4,0.044,26.4,0.046,26.4
738.5,0.043,26.3,0.044,26.4,0.041,26.4,0.047,26.4
739.0,0.041,26.3,0.039,26.4,0.040,26.4,0.043,26.4
739.5,0.041,26.3,0.043,26.4,0.041,26.4,0.042,26.3
740.0,0.046,26.3,0.043,26.4,0.045,26.3,0.051,26.4
740.5,0.047,26.4,0.046,26.4,0.042,26.3,0.048,26.4
741.0,0.044,26.3,0.043,26.3,0.040,26.4,0.046,26.3
741.5,0.039,26.3,0.039,26.3,0.039,26.3,0.040,26.3
742.0,0.035,26.3,0.035,26.3,0.036,26.3,0.034,26.3
742.5,0.033,26.3,0.036,26.3,0.035,26.3,0.032,26.3
743.0,0.038,26.3,0.037,26.3,0.035,26.3,0.037,26.3
743.5,0.037,26.3,0.036,26.3,0.035,26.3,0.035,26.4
744.0,0.037,26.4,0.037,26.4,0.036,26.4,0.035,26.3
744.5,0.042,26.3,0.044,26.3,0.036,26.4,0.045,26.4
745.0,0.044,26.3,0.045,26.3,0.043,26.4,0.045,26.4
745.5,0.047,26.3,0.046,26.3,0.049,26.4,0.046,26.3
746.0,0.044,26.3,0.044,26.3,0.046,26.3,0.042,26.3
746.5,0.043,26.3,0.042,26.3,0.042,26.3,0.043,26.2
747.0,0.043,26.3,0.043,26.3,0.043,26.3,0.045,26.3
747.5,0.041,26.3,0.040,26.3,0.041,26.3,0.048,26.3
748.0,0.043,26.3,0.043,26.3,0.043,26.3,0.042,26.3
748.5,0.042,26.3,0.044,26.3,0.047,26.3,0.041,26.3
749.0,0.045,26.3,0.044,26.3,0.040,26.3,0.045,26.3
749.5,0.045,26.3,0.045,26.3,0.045,26.3,0.047,26.3
750.0,0.042,26.3,0.040,26.3,0.044,26.3,0.041,26.3
750.5,0.039,26.3,0.038,26.3,0.042,26.2,0.038,26.3
751.0,0.035,26.3,0.036,26.3,0.034,26.3,0.036,26.3
751.5,0.034,26.3,0.034,26.3,0.034,26.3,0.034,26.3
752.0,0.031,26.3,0.029,26.3,0.031,26.3,0.031,26.3
752.5,0.035,26.3,0.035,26.3,0.034,26.3,0.034,26.3
753.0,0.037,26.3,0.037,26.3,0.039,26.3,0.037,26.3
753.5,0.036,26.3,0.037,26.3,0.042,26.3,0.034,26.3
754.0,0.041,26.3,0.039,26.3,0.041,26.3,0.042,26.3
754.5,0.042,26.3,0.044,26.3,0.045,26.3,0.039,26.3
755.0,0.042,26.3,0.044,26.3,0.046,26.3,0.042,26.3
755.5,0.041,26.3,0.041,26.3,0.042,26.3,0.041,26.3
756.0,0.039,26.3,0.040,26.3,0.041,26.3,0.040,26.3
756.5,0.040,26.3,0.040,26.3,0.047,26.3,0.040,26.3
757.0,0.037,26.3,0.039,26.4,0.037,26.3,0.037,26.3
757.5,0.036,26.3,0.037,26.3,0.034,26.3,0.035,26.3
758.0,0.031,26.3,0.031,26.3,0.031,26.3,0.031,26.3
758.5,0.027,26.3,0.027,26.3,0.028,26.3,0.027,26.3
759.0,0.029,26.3,0.029,26.3,0.029,26.3,0.029,26.3
759.5,0.030,26.3,0.029,26.3,0.029,26.4,0.035,26.4
760.0,0.034,26.3,0.035,26.3,0.031,26.3,0.034,26.3
760.5,0.032,26.3,0.031,26.3,0.037,26.3,0.032,26.3
761.0,0.032,26.3,0.032,26.3,0.037,26.3,0.031,26.3
761.5,0.030,26.3,0.031,26.4,0.031,26.4,0.031,26.3
762.0,0.031,26.4,0.031,26.4,0.032,26.3,0.030,26.4
762.5,0.031,26.3,0.032,26.3,0.032,26.3,0.029,26.4
763.0,0.028,26.3,0.028,26.3,0.032,26.3,0.027,26.3
763.5,0.029,26.4,0.026,26.3,0.031,26.3,0.028,26.4
764.0,0.030,26.4,0.030,26.3,0.028,26.4,0.031,26.4
764.5,0.030,26.4,0.029,26.3,0.029,26.4,0.031,26.4
765.0,0.031,26.4,0.031,26.4,0.030,26.4,0.036,26.4
765.5,0.028,26.4,0.030,26.4,0.026,26.3,0.028,26.4
766.0,0.028,26.4,0.028,26.4,0.024,26.3,0.027,26.4
766.5,0.026,26.4,0.025,26.3,0.029,26.4,0.024,26.4
767.0,0.026,26.4,0.024,26.4,0.025,26.4,0.026,26.4
767.5,0.024,26.4,0.024,26.4,0.024,26.4,0.025,26.4
768.0,0.021,26.4,0.021,26.4,0.020,26.4,0.022,26.4
768.5,0.020,26.4,0.021,26.4,0.020,26.3,0.020,26.4
769.0,0.021,26.4,0.020,26.4,0.020,26.4,0.022,26.4
769.5,0.023,26.4,0.023,26.4,0.021,26.4,0.024,26.4
770.0,0.023,26.4,0.023,26.4,0.023,26.4,0.024,26.4
770.5,0.023,26.4,0.022,26.4,0.022,26.4,0.025,26.4
771.0,0.022,26.4,0.023,26.4,0.022,26.4,0.022,26.4
771.5,0.020,26.4,0.020,26.4,0.022,26.4,0.020,26.4
772.0,0.023,26.4,0.024,26.5,0.025,26.5,0.024,26.4
772.5,0.023,26.4,0.022,26.4,0.022,26.4,0.025,26.4
773.0,0.022,26.4,0.022,26.4,0.020,26.5,0.023,26.5
773.5,0.023,26.5,0.022,26.4,0.021,26.5,0.024,26.4
774.0,0.022,26.5,0.023,26.5,0.024,26.5,0.021,26.4
774.5,0.021,26.5,0.021,26.5,0.023,26.5,0.021,26.5
775.0,0.020,26.5,0.020,26.5,0.022,26.5,0.020,26.5
775.5,0.022,26.5,0.021,26.5,0.023,26.5,0.020,26.5
776.0,0.023,26.5,0.023,26.5,0.020,26.4,0.024,26.5
776.5,0.022,26.5,0.022,26.4,0.020,26.5,0.024,26.5
777.0,0.020,26.5,0.020,26.5,0.020,26.5,0.021,26.5
777.5,0.018,26.5,0.018,26.5,0.018,26.5,0.018,26.5
778.0,0.018,26.5,0.018,26.5,0.018,26.5,0.021,26.5
778.5,0.015,26.4,0.016,26.4,0.016,26.5,0.018,26.4
779.0,0.014,26.5,0.015,26.5,0.014,26.5,0.016,26.5
779.5,0.016,26.5,0.015,26.5,0.016,26.5,0.017,26.4
780.0,0.015,26.5,0.015,26.5,0.016,26.5,0.015,26.4
780.5,0.012,26.5,0.013,26.5,0.013,26.5,0.012,26.5
781.0,0.000,26.5,0.003,26.5,0.001,26.5,0.002,26.5
781.5,-0.027,26.5,-0.028,26.5,-0.025,26.5,-0.019,26.5
782.0,-0.054,26.5,-0.054,26.5,-0.051,26.5,-0.046,26.5
782.5,-0.075,26.5,-0.075,26.5,-0.073,26.5,-0.072,26.5
783.0,-0.100,26.5,-0.100,26.5,-0.100,26.5,-0.096,26.5
783.5,-0.095,26.4,-0.095,26.5,-0.100,26.5,-0.102,26.5
784.0,-0.055,26.4,-0.063,26.4,-0.059,26.4,-0.064,26.4
784.5,-0.025,26.4,-0.025,26.4,-0.028,26.4,-0.033,26.4
785.0,-0.011,26.4,-0.011,26.4,-0.011,26.4,-0.015,26.4
785.5,-0.007,26.5,-0.008,26.5,-0.008,26.5,-0.008,26.4
786.0,-0.008,26.5,-0.007,26.5,-0.008,26.5,-0.008,26.5
786.5,-0.008,26.5,-0.009,26.5,-0.008,26.5,-0.007,26.5
787.0,-0.009,26.5,-0.008,26.5,-0.008,26.5,-0.008,26.5
787.5,-0.014,26.5,-0.013,26.5,-0.014,26.6,-0.010,26.5
788.0,-0.007,26.5,-0.006,26.5,-0.008,26.5,-0.007,26.5
788.5,0.004,26.6,0.004,26.5,0.001,26.6,-0.001,26.5
789.0,0.006,26.6,0.007,26.6,0.007,26.6,0.009,26.6
789.5,-0.002,26.6,-0.002,26.6,0.001,26.6,0.002,26.6
790.0,-0.013,26.6,-0.014,26.6,-0.011,26.6,-0.010,26.6
790.5,-0.019,26.6,-0.019,26.6,-0.019,26.6,-0.017,26.6
791.0,-0.016,26.6,-0.015,26.6,-0.021,26.6,-0.015,26.6
791.5,-0.007,26.6,-0.008,26.6,-0.008,26.6,-0.009,26.6
792.0,-0.003,26.6,-0.003,26.6,-0.002,26.6,-0.003,26.7
792.5,-0.006,26.6,-0.006,26.6,-0.005,26.7,-0.005,26.7
793.0,-0.010,26.7,-0.010,26.7,-0.007,26.7,-0.010,26.7
793.5,-0.012,26.7,-0.011,26.7,-0.012,26.7,-0.012,26.7
794.0,0.001,26.7,-0.000,26.7,0.000,26.7,-0.005,26.7
794.5,-0.003,26.7,-0.003,26.7,-0.000,26.7,-0.002,26.7
795.0,-0.014,26.7,-0.016,26.7,-0.010,26.7,-0.012,26.7
795.5,-0.018,26.7,-0.018,26.7,-0.020,26.7,-0.018,26.7
796.0,-0.011,26.7,-0.010,26.7,-0.012,26.7,-0.012,26.7
796.5,-0.002,26.7,-0.003,26.7,-0.003,26.7,-0.001,26.7
797.0,-0.002,26.7,-0.002,26.7,0.002,26.7,-0.001,26.7
797.5,-0.008,26.7,-0.008,26.7,-0.006,26.7,-0.007,26.7
798.0,-0.006,26.7,-0.006,26.7,-0.004,26.7,-0.006,26.7
798.5,0.003,26.7,0.003,26.7,0.003,26.7,-0.003,26.7
799.0,0.004,26.7,0.004,26.7,0.006,26.8,0.003,26.7
799.5,0.006,26.7,0.006,26.7,0.006,26.7,0.006,26.7
800.0,0.007,26.8,0.007,26.8,0.007,26.8,0.008,26.7
800.5,0.013,26.8,0.012,26.8,0.012,26.7,0.012,26.7
801.0,0.022,26.7,0.022,26.7,0.021,26.8,0.021,26.8
801.5,0.033,26.7,0.035,26.7,0.033,26.7,0.033,26.7
802.0,0.030,26.7,0.030,26.8,0.031,26.7,0.030,26.7
802.5,0.030,26.7,0.029,26.7,0.032,26.7,0.030,26.7
803.0,0.032,26.7,0.032,26.7,0.032,26.7,0.031,26.7
803.5,0.038,26.7,0.036,26.7,0.037,26.7,0.040,26.7
804.0,0.039,26.7,0.038,26.6,0.037,26.7,0.041,26.7
804.5,0.043,26.6,0.043,26.6,0.036,26.7,0.045,26.7
805.0,0.044,26.6,0.045,26.6,0.041,26.6,0.044,26.7
805.5,0.045,26.6,0.047,26.6,0.044,26.6,0.043,26.6
806.0,0.044,26.5,0.047,26.5,0.044,26.5,0.042,26.6
806.5,0.041,26.5,0.040,26.5,0.040,26.5,0.041,26.6
807.0,0.045,26.5,0.045,26.5,0.042,26.5,0.043,26.5
807.5,0.047,26.5,0.045,26.5,0.049,26.5,0.046,26.5
808.0,0.047,26.5,0.046,26.5,0.046,26.5,0.046,26.5
808.5,0.047,26.5,0.048,26.4,0.048,26.4,0.048,26.5
809.0,0.043,26.4,0.045,26.5,0.041,26.5,0.046,26.4
809.5,0.041,26.4,0.041,26.4,0.039,26.4,0.042,26.4
810.0,0.037,26.4,0.038,26.4,0.036,26.4,0.038,26.5
810.5,0.039,26.4,0.041,26.4,0.041,26.4,0.038,26.4
811.0,0.034,26.4,0.034,26.4,0.040,26.4,0.035,26.4
811.5,0.032,26.4,0.032,26.4,0.038,26.4,0.031,26.4
812.0,0.035,26.4,0.035,26.4,0.036,26.4,0.035,26.4
812.5,0.038,26.4,0.038,26.4,0.037,26.4,0.036,26.4
813.0,0.042,26.4,0.043,26.4,0.041,26.3,0.044,26.4
813.5,0.040,26.4,0.042,26.4,0.039,26.4,0.040,26.4
814.0,0.044,26.4,0.046,26.4,0.043,26.4,0.040,26.4
814.5,0.044,26.4,0.041,26.4,0.046,26.4,0.045,26.4
815.0,0.039,26.4,0.038,26.4,0.043,26.4,0.044,26.3
815.5,0.039,26.4,0.038,26.4,0.041,26.4,0.042,26.3
816.0,0.037,26.4,0.037,26.4,0.043,26.4,0.039,26.3
816.5,0.043,26.3,0.045,26.4,0.042,26.4,0.045,26.3
817.0,0.045,26.3,0.049,26.3,0.045,26.3,0.047,26.3
817.5,0.043,26.3,0.044,26.4,0.042,26.3,0.044,26.3
818.0,0.042,26.3,0.042,26.4,0.043,26.3,0.046,26.3
818.5,0.037,26.3,0.037,26.3,0.038,26.3,0.039,26.3
819.0,0.035,26.3,0.035,26.3,0.034,26.3,0.036,26.3
819.5,0.030,26.3,0.030,26.3,0.034,26.3,0.030,26.3
820.0,0.035,26.4,0.034,26.4,0.036,26.3,0.031,26.3
820.5,0.035,26.3,0.034,26.3,0.033,26.3,0.034,26.3
821.0,0.034,26.3,0.034,26.3,0.036,26.4,0.033,26.4
821.5,0.038,26.3,0.038,26.3,0.038,26.3,0.037,26.3
822.0,0.040,26.3,0.040,26.4,0.043,26.4,0.041,26.3
822.5,0.043,26.3,0.041,26.4,0.043,26.3,0.045,26.4
823.0,0.043,26.3,0.045,26.3,0.043,26.3,0.046,26.3
823.5,0.043,26.3,0.045,26.3,0.039,26.3,0.041,26.3
824.0,0.045,26.3,0.046,26.3,0.043,26.3,0.043,26.3
824.5,0.043,26.3,0.043,26.3,0.046,26.3,0.042,26.3
825.0,0.043,26.3,0.041,26.3,0.044,26.3,0.043,26.3
825.5,0.042,26.3,0.040,26.3,0.043,26.3,0.042,26.3
826.0,0.046,26.3,0.045,26.3,0.044,26.3,0.049,26.3
826.5,0.050,26.3,0.051,26.3,0.049,26.3,0.047,26.2
827.0,0.046,26.3,0.047,26.3,0.055,26.3,0.045,26.3
827.5,0.045,26.2,0.044,26.2,0.051,26.3,0.044,26.2
828.0,0.041,26.3,0.041,26.3,0.045,26.3,0.042,26.2
828.5,0.040,26.2,0.040,26.3,0.044,26.2,0.040,26.2
829.0,0.034,26.3,0.034,26.2,0.037,26.2,0.036,26.3
829.5,0.034,26.3,0.036,26.2,0.035,26.3,0.032,26.3
830.0,0.038,26.3,0.037,26.3,0.038,26.2,0.036,26.3
830.5,0.038,26.3,0.038,26.3,0.038,26.3,0.036,26.3
831.0,0.043,26.3,0.042,26.3,0.043,26.2,0.040,26.3
831.5,0.043,26.3,0.044,26.2,0.043,26.3,0.040,26.3
832.0,0.043,26.2,0.044,26.2,0.038,26.3,0.041,26.3
832.5,0.045,26.2,0.046,26.2,0.042,26.2,0.045,26.3
833.0,0.042,26.2,0.043,26.3,0.041,26.2,0.046,26.2
833.5,0.043,26.2,0.043,26.2,0.042,26.2,0.044,26.3
834.0,0.042,26.2,0.041,26.2,0.044,26.2,0.044,26.2
834.5,0.041,26.2,0.045,26.2,0.043,26.2,0.038,26.2
835.0,0.040,26.2,0.042,26.2,0.044,26.2,0.040,26.2
835.5,0.036,26.2,0.038,26.2,0.037,26.2,0.038,26.1
836.0,0.032,26.2,0.032,26.2,0.033,26.2,0.034,26.2
836.5,0.034,26.2,0.032,26.2,0.038,26.2,0.031,26.2
837.0,0.037,26.2,0.037,26.2,0.037,26.2,0.036,26.2
837.5,0.037,26.2,0.039,26.2,0.036,26.2,0.037,26.2
838.0,0.037,26.3,0.037,26.2,0.034,26.3,0.037,26.2
838.5,0.037,26.3,0.037,26.2,0.036,26.3,0.038,26.3
839.0,0.038,26.2,0.037,26.2,0.037,26.2,0.038,26.2
839.5,0.038,26.2,0.038,26.2,0.038,26.2,0.041,26.2
840.0,0.033,26.2,0.034,26.2,0.033,26.2,0.032,26.2
840.5,0.034,26.3,0.035,26.3,0.033,26.3,0.036,26.2
841.0,0.036,26.2,0.035,26.3,0.034,26.3,0.039,26.3
841.5,0.033,26.2,0.034,26.2,0.037,26.2,0.031,26.2
842.0,0.034,26.2,0.036,26.3,0.034,26.2,0.032,26.3
842.5,0.032,26.2,0.032,26.2,0.032,26.2,0.033,26.2
843.0,0.032,26.3,0.034,26.3,0.032,26.3,0.031,26.2
843.5,0.030,26.3,0.029,26.2,0.031,26.2,0.030,26.2
844.0,0.028,26.3,0.028,26.3,0.030,26.2,0.029,26.2
844.5,0.027,26.3,0.028,26.3,0.029,26.3,0.028,26.3
845.0,0.023,26.3,0.024,26.3,0.024,26.3,0.022,26.3
845.5,0.023,26.3,0.022,26.3,0.027,26.3,0.021,26.3
846.0,0.021,26.3,0.020,26.3,0.024,26.3,0.020,26.3
846.5,0.023,26.3,0.023,26.3,0.024,26.3,0.018,26.3
847.0,0.025,26.3,0.025,26.3,0.028,26.3,0.026,26.3
847.5,0.023,26.3,0.024,26.3,0.024,26.3,0.024,26.3
848.0,0.024,26.3,0.024,26.3,0.023,26.3,0.024,26.3
848.5,0.022,26.4,0.023,26.4,0.024,26.3,0.023,26.4
849.0,0.026,26.3,0.025,26.4,0.025,26.4,0.025,26.4
849.5,0.028,26.3,0.028,26.3,0.029,26.4,0.028,26.3
850.0,0.026,26.4,0.026,26.3,0.032,26.4,0.026,26.3
850.5,0.025,26.3,0.026,26.3,0.030,26.4,0.025,26.3
851.0,0.024,26.3,0.024,26.3,0.024,26.3,0.024,26.3
851.5,0.026,26.3,0.024,26.3,0.027,26.3,0.026,26.3
852.0,0.024,26.3,0.024,26.3,0.025,26.4,0.024,26.3
852.5,0.024,26.4,0.024,26.4,0.024,26.4,0.024,26.3
853.0,0.024,26.4,0.025,26.4,0.028,26.4,0.023,26.4
853.5,0.023,26.3,0.023,26.3,0.023,26.3,0.022,26.4
854.0,0.023,26.3,0.023,26.4,0.024,26.4,0.022,26.4
854.5,0.020,26.4,0.019,26.4,0.021,26.4,0.021,26.4
855.0,0.019,26.4,0.019,26.4,0.019,26.4,0.017,26.4
855.5,0.019,26.4,0.020,26.4,0.019,26.4,0.018,26.4
856.0,0.018,26.4,0.019,26.4,0.017,26.4,0.020,26.4
856.5,0.018,26.4,0.019,26.4,0.017,26.4,0.018,26.4
857.0,0.018,26.4,0.019,26.4,0.018,26.4,0.018,26.4
857.5,0.018,26.4,0.017,26.4,0.018,26.4,0.017,26.4
858.0,0.016,26.4,0.016,26.4,0.016,26.4,0.017,26.4
858.5,0.023,26.4,0.021,26.4,0.020,26.4,0.023,26.4
859.0,0.025,26.4,0.024,26.4,0.024,26.4,0.025,26.4
859.5,0.019,26.4,0.021,26.4,0.019,26.4,0.020,26.4
860.0,0.019,26.4,0.019,26.4,0.017,26.4,0.019,26.4
860.5,0.016,26.4,0.016,26.4,0.017,26.4,0.017,26.4
861.0,0.004,26.4,0.004,26.4,0.009,26.4,0.007,26.4
861.5,-0.036,26.4,-0.036,26.5,-0.020,26.4,-0.023,26.4
862.0,-0.080,26.5,-0.078,26.5,-0.062,26.4,-0.071,26.4
862.5,-0.121,26.4,-0.120,26.4,-0.113,26.4,-0.107,26.4
863.0,-0.119,26.3,-0.119,26.3,-0.120,26.3,-0.123,26.3
863.5,-0.073,26.3,-0.073,26.3,-0.073,26.3,-0.080,26.3
864.0,-0.029,26.3,-0.030,26.3,-0.035,26.3,-0.037,26.3
864.5,-0.012,26.3,-0.012,26.3,-0.019,26.3,-0.015,26.3
865.0,-0.022,26.3,-0.022,26.3,-0.022,26.3,-0.022,26.3
865.5,-0.012,26.4,-0.013,26.4,-0.014,26.3,-0.013,26.3
866.0,-0.004,26.4,-0.004,26.4,-0.005,26.3,-0.005,26.4
866.5,0.002,26.4,0.003,26.4,0.003,26.4,0.000,26.4
867.0,-0.002,26.4,-0.001,26.4,0.004,26.4,-0.000,26.4
867.5,-0.011,26.5,-0.011,26.4,-0.006,26.5,-0.010,26.5
868.0,-0.019,26.5,-0.019,26.5,-0.014,26.5,-0.018,26.5
868.5,-0.014,26.5,-0.014,26.5,-0.013,26.5,-0.015,26.5
869.0,0.007,26.5,0.007,26.5,0.005,26.5,0.001,26.5
869.5,0.006,26.5,0.008,26.5,0.006,26.5,0.006,26.5
870.0,-0.000,26.5,0.001,26.5,-0.000,26.5,0.001,26.5
870.5,-0.007,26.5,-0.007,26.6,-0.004,26.5,-0.005,26.5
871.0,-0.002,26.6,-0.005,26.6,-0.003,26.6,-0.004,26.5
871.5,0.004,26.6,0.004,26.6,0.007,26.6,0.002,26.6
872.0,-0.006,26.6,-0.006,26.6,-0.005,26.6,-0.003,26.5
872.5,-0.011,26.6,-0.010,26.6,-0.010,26.6,-0.010,26.6
873.0,-0.007,26.6,-0.007,26.6,-0.009,26.6,-0.007,26.6
873.5,-0.002,26.6,-0.003,26.6,-0.004,26.6,-0.001,26.6
874.0,0.004,26.6,0.004,26.6,0.005,26.6,0.002,26.6
874.5,0.002,26.6,0.002,26.6,0.002,26.6,0.002,26.6
875.0,0.007,26.6,0.007,26.6,0.007,26.6,0.007,26.6
875.5,0.008,26.6,0.007,26.6,0.009,26.6,0.009,26.6
876.0,0.000,26.6,0.001,26.7,0.004,26.6,0.000,26.7
876.5,-0.009,26.6,-0.008,26.6,-0.004,26.6,-0.009,26.7
877.0,-0.014,26.6,-0.015,26.6,-0.013,26.6,-0.016,26.6
877.5,-0.018,26.7,-0.018,26.6,-0.017,26.7,-0.018,26.6
878.0,-0.020,26.6,-0.020,26.6,-0.022,26.6,-0.022,26.6
878.5,-0.006,26.6,-0.007,26.6,-0.011,26.6,-0.008,26.6
879.0,0.002,26.6,0.003,26.7,0.001,26.6,0.000,26.6
879.5,0.006,26.7,0.007,26.7,0.006,26.7,0.004,26.7
880.0,0.010,26.7,0.011,26.7,0.008,26.6,0.010,26.7
880.5,0.018,26.7,0.019,26.7,0.017,26.7,0.020,26.6
881.0,0.027,26.7,0.026,26.7,0.026,26.7,0.028,26.7
881.5,0.034,26.7,0.034,26.7,0.035,26.7,0.034,26.7
882.0,0.034,26.6,0.034,26.6,0.035,26.7,0.035,26.6
882.5,0.030,26.6,0.029,26.6,0.030,26.6,0.035,26.6
883.0,0.031,26.6,0.030,26.6,0.031,26.6,0.030,26.6
883.5,0.032,26.6,0.032,26.6,0.031,26.6,0.032,26.6
884.0,0.034,26.6,0.032,26.6,0.036,26.6,0.032,26.6
884.5,0.032,26.6,0.032,26.6,0.033,26.6,0.033,26.6
885.0,0.038,26.6,0.038,26.6,0.037,26.6,0.037,26.6
885.5,0.043,26.6,0.044,26.6,0.043,26.6,0.043,26.6
886.0,0.041,26.5,0.041,26.5,0.041,26.5,0.039,26.5
886.5,0.043,26.5,0.046,26.5,0.047,26.5,0.039,26.5
887.0,0.037,26.5,0.039,26.5,0.040,26.5,0.040,26.5
887.5,0.034,26.5,0.034,26.5,0.035,26.5,0.032,26.4
888.0,0.037,26.4,0.037,26.5,0.037,26.4,0.037,26.4
888.5,0.036,26.5,0.036,26.5,0.036,26.5,0.036,26.4
889.0,0.035,26.4,0.036,26.4,0.036,26.4,0.035,26.4
889.5,0.040,26.4,0.042,26.4,0.038,26.4,0.036,26.5
890.0,0.044,26.4,0.042,26.4,0.043,26.4,0.041,26.5
890.5,0.044,26.4,0.043,26.4,0.042,26.4,0.045,26.4
891.0,0.042,26.4,0.043,26.4,0.043,26.4,0.043,26.4
891.5,0.043,26.4,0.044,26.4,0.048,26.4,0.040,26.4
892.0,0.040,26.4,0.041,26.4,0.040,26.3,0.040,26.4
892.5,0.041,26.4,0.043,26.4,0.042,26.4,0.039,26.4
893.0,0.040,26.3,0.040,26.3,0.045,26.3,0.038,26.3
893.5,0.040,26.3,0.039,26.3,0.041,26.4,0.042,26.3
894.0,0.042,26.3,0.042,26.3,0.042,26.3,0.046,26.3
894.5,0.042,26.3,0.041,26.3,0.042,26.3,0.046,26.3
895.0,0.045,26.3,0.044,26.3,0.044,26.3,0.045,26.4
895.5,0.042,26.3,0.045,26.3,0.042,26.3,0.044,26.4
896.0,0.040,26.3,0.042,26.3,0.042,26.3,0.040,26.3
896.5,0.039,26.3,0.039,26.3,0.040,26.3,0.039,26.3
897.0,0.041,26.3,0.041,26.3,0.040,26.3,0.041,26.3
897.5,0.040,26.3,0.043,26.3,0.040,26.3,0.039,26.3
898.0,0.036,26.3,0.039,26.3,0.036,26.3,0.041,26.3
898.5,0.038,26.3,0.040,26.3,0.041,26.3,0.037,26.3
899.0,0.038,26.3,0.036,26.3,0.041,26.3,0.036,26.3
899.5,0.043,26.3,0.043,26.3,0.041,26.3,0.044,26.3
900.0,0.045,26.3,0.045,26.3,0.045,26.3,0.043,26.3
900.5,0.042,26.3,0.042,26.3,0.042,26.3,0.042,26.3
901.0,0.044,26.3,0.047,26.3,0.044,26.3,0.048,26.3
901.5,0.041,26.3,0.041,26.3,0.042,26.3,0.041,26.2
902.0,0.040,26.3,0.038,26.3,0.038,26.3,0.040,26.3
902.5,0.041,26.3,0.040,26.3,0.043,26.2,0.041,26.3
903.0,0.039,26.3,0.040,26.2,0.038,26.3,0.039,26.3
903.5,0.046,26.3,0.047,26.3,0.044,26.3,0.044,26.2
904.0,0.045,26.2,0.049,26.2,0.048,26.2,0.042,26.2
904.5,0.045,26.3,0.044,26.2,0.051,26.3,0.045,26.2
905.0,0.042,26.2,0.041,26.2,0.043,26.3,0.042,26.2
905.5,0.039,26.3,0.039,26.3,0.037,26.2,0.042,26.2
906.0,0.033,26.2,0.035,26.3,0.033,26.2,0.043,26.2
906.5,0.032,26.2,0.032,26.2,0.032,26.2,0.032,26.3
907.0,0.034,26.3,0.035,26.3,0.034,26.3,0.031,26.3
907.5,0.032,26.3,0.030,26.3,0.032,26.3,0.033,26.3
908.0,0.036,26.3,0.035,26.3,0.035,26.3,0.034,26.2
908.5,0.041,26.3,0.040,26.3,0.043,26.2,0.041,26.2
909.0,0.040,26.3,0.040,26.3,0.047,26.2,0.042,26.3
909.5,0.043,26.3,0.048,26.3,0.043,26.3,0.042,26.3
910.0,0.043,26.3,0.045,26.3,0.046,26.2,0.042,26.3
910.5,0.046,26.2,0.043,26.3,0.053,26.2,0.043,26.3
911.0,0.046,26.2,0.044,26.2,0.052,26.2,0.045,26.2
911.5,0.044,26.2,0.044,26.2,0.043,26.2,0.045,26.2
912.0,0.043,26.2,0.045,26.2,0.044,26.2,0.044,26.2
912.5,0.039,26.2,0.038,26.2,0.037,26.2,0.038,26.2
913.0,0.036,26.2,0.039,26.2,0.040,26.2,0.041,26.2
913.5,0.034,26.2,0.032,26.2,0.036,26.2,0.035,26.2
914.0,0.038,26.2,0.037,26.2,0.039,26.2,0.038,26.2
914.5,0.041,26.2,0.041,26.3,0.040,26.2,0.042,26.2
915.0,0.038,26.2,0.038,26.2,0.037,26.2,0.046,26.2
915.5,0.040,26.2,0.041,26.2,0.037,26.2,0.040,26.2
916.0,0.038,26.2,0.039,26.2,0.038,26.2,0.037,26.2
916.5,0.040,26.2,0.039,26.2,0.040,26.3,0.040,26.2
917.0,0.034,26.2,0.033,26.2,0.036,26.2,0.032,26.2
917.5,0.032,26.2,0.032,26.2,0.036,26.2,0.033,26.2
918.0,0.036,26.3,0.036,26.3,0.036,26.3,0.035,26.3
918.5,0.035,26.3,0.035,26.3,0.035,26.3,0.038,26.3
919.0,0.036,26.3,0.035,26.2,0.038,26.2,0.035,26.3
919.5,0.034,26.3,0.033,26.3,0.034,26.3,0.032,26.3
920.0,0.033,26.3,0.034,26.2,0.036,26.3,0.032,26.3
920.5,0.035,26.2,0.036,26.3,0.037,26.3,0.035,26.3
921.0,0.031,26.2,0.031,26.2,0.038,26.2,0.031,26.2
921.5,0.030,26.3,0.031,26.3,0.034,26.2,0.030,26.2
922.0,0.027,26.3,0.028,26.3,0.033,26.3,0.028,26.2
922.5,0.025,26.3,0.024,26.3,0.028,26.3,0.027,26.3
923.0,0.026,26.3,0.026,26.3,0.028,26.4,0.027,26.3
923.5,0.025,26.3,0.025,26.3,0.024,26.3,0.027,26.3
924.0,0.029,26.3,0.030,26.3,0.028,26.3,0.029,26.3
924.5,0.028,26.3,0.028,26.3,0.029,26.4,0.029,26.3
925.0,0.030,26.3,0.032,26.3,0.028,26.3,0.030,26.3
925.5,0.028,26.3,0.029,26.3,0.032,26.3,0.030,26.3
926.0,0.031,26.3,0.031,26.3,0.034,26.3,0.030,26.3
926.5,0.032,26.3,0.032,26.3,0.032,26.3,0.031,26.3
927.0,0.027,26.3,0.026,26.3,0.026,26.3,0.027,26.3
927.5,0.026,26.3,0.027,26.4,0.026,26.3,0.024,26.3
928.0,0.027,26.3,0.029,26.3,0.028,26.3,0.024,26.4
928.5,0.028,26.3,0.027,26.3,0.028,26.3,0.028,26.3
929.0,0.025,26.3,0.024,26.3,0.028,26.4,0.026,26.3
929.5,0.024,26.3,0.025,26.4,0.024,26.3,0.023,26.3
930.0,0.024,26.4,0.026,26.4,0.025,26.4,0.024,26.4
930.5,0.023,26.4,0.024,26.4,0.023,26.3,0.023,26.4
931.0,0.024,26.4,0.025,26.4,0.023,26.4,0.023,26.4
931.5,0.021,26.4,0.022,26.4,0.024,26.4,0.022,26.4
932.0,0.018,26.4,0.017,26.4,0.023,26.4,0.019,26.4
932.5,0.018,26.4,0.019,26.4,0.019,26.4,0.017,26.4
933.0,0.015,26.4,0.017,26.4,0.015,26.4,0.015,26.4
933.5,0.019,26.4,0.018,26.4,0.018,26.4,0.018,26.4
934.0,0.021,26.4,0.022,26.4,0.021,26.4,0.020,26.4
934.5,0.022,26.4,0.021,26.5,0.024,26.4,0.021,26.4
935.0,0.022,26.5,0.021,26.4,0.024,26.4,0.022,26.4
935.5,0.021,26.4,0.020,26.4,0.020,26.4,0.021,26.4
936.0,0.025,26.4,0.024,26.4,0.024,26.4,0.024,26.5
936.5,0.025,26.4,0.024,26.4,0.026,26.5,0.023,26.5
937.0,0.023,26.5,0.023,26.5,0.025,26.5,0.022,26.5
937.5,0.022,26.4,0.021,26.5,0.025,26.5,0.023,26.4
938.0,0.023,26.4,0.022,26.5,0.025,26.4,0.024,26.4
938.5,0.023,26.5,0.023,26.5,0.025,26.5,0.024,26.4
939.0,0.021,26.4,0.021,26.5,0.022,26.5,0.021,26.4
939.5,0.019,26.5,0.019,26.5,0.023,26.4,0.020,26.4
940.0,0.016,26.5,0.017,26.5,0.020,26.5,0.016,26.5
940.5,0.008,26.5,0.009,26.5,0.013,26.5,0.009,26.4
941.0,-0.024,26.5,-0.024,26.5,-0.018,26.5,-0.010,26.5
941.5,-0.060,26.5,-0.058,26.5,-0.057,26.5,-0.054,26.5
942.0,-0.092,26.5,-0.092,26.5,-0.088,26.5,-0.084,26.5
942.5,-0.108,26.4,-0.108,26.5,-0.107,26.5,-0.105,26.5
943.0,-0.093,26.4,-0.092,26.4,-0.095,26.4,-0.095,26.4
943.5,-0.057,26.3,-0.055,26.3,-0.061,26.3,-0.060,26.3
944.0,-0.030,26.4,-0.032,26.3,-0.041,26.3,-0.030,26.4
944.5,-0.019,26.4,-0.021,26.4,-0.019,26.4,-0.020,26.4
945.0,-0.016,26.4,-0.016,26.4,-0.016,26.4,-0.015,26.4
945.5,-0.011,26.4,-0.012,26.4,-0.014,26.4,-0.012,26.4
946.0,-0.001,26.4,-0.000,26.4,-0.003,26.5,-0.005,26.4
946.5,0.002,26.5,0.003,26.5,0.003,26.5,0.001,26.5
947.0,-0.001,26.5,-0.001,26.5,0.002,26.5,-0.002,26.5
947.5,-0.002,26.5,-0.002,26.5,-0.001,26.5,-0.001,26.5
948.0,-0.002,26.6,-0.002,26.6,-0.002,26.6,-0.004,26.6
948.5,-0.003,26.6,-0.004,26.6,-0.003,26.6,0.000,26.6
949.0,-0.018,26.6,-0.018,26.6,-0.016,26.6,-0.012,26.6
949.5,-0.015,26.6,-0.014,26.6,-0.019,26.6,-0.015,26.6
950.0,-0.009,26.6,-0.009,26.6,-0.007,26.6,-0.009,26.6
950.5,-0.006,26.6,-0.006,26.6,-0.006,26.6,-0.007,26.6
951.0,0.001,26.6,0.000,26.6,-0.001,26.6,0.000,26.6
951.5,0.002,26.6,0.002,26.6,0.004,26.7,0.003,26.6
952.0,-0.017,26.6,-0.017,26.6,-0.017,26.6,-0.008,26.6
952.5,-0.009,26.6,-0.009,26.6,-0.010,26.7,-0.010,26.6
953.0,-0.003,26.7,-0.003,26.7,-0.004,26.7,-0.004,26.6
953.5,0.002,26.7,0.001,26.7,0.002,26.7,0.003,26.7
954.0,-0.005,26.6,-0.005,26.7,-0.003,26.7,-0.003,26.7
954.5,-0.016,26.7,-0.015,26.7,-0.013,26.7,-0.013,26.7
955.0,-0.023,26.7,-0.022,26.7,-0.021,26.7,-0.023,26.7
955.5,-0.021,26.7,-0.020,26.7,-0.023,26.7,-0.021,26.7
956.0,-0.004,26.7,-0.005,26.7,-0.007,26.7,-0.006,26.7
956.5,-0.004,26.7,-0.004,26.7,-0.005,26.7,-0.004,26.7
957.0,-0.002,26.7,-0.002,26.7,-0.002,26.7,-0.002,26.7
957.5,0.001,26.7,0.002,26.7,0.001,26.7,0.001,26.7
958.0,0.003,26.7,0.004,26.7,0.002,26.7,0.004,26.7
958.5,0.009,26.7,0.010,26.7,0.006,26.7,0.009,26.7
959.0,0.019,26.7,0.019,26.7,0.018,26.7,0.019,26.7
959.5,0.021,26.7,0.022,26.7,0.022,26.8,0.022,26.7
960.0,0.024,26.7,0.024,26.7,0.024,26.7,0.022,26.7
960.5,0.025,26.7,0.024,26.7,0.026,26.7,0.023,26.7
961.0,0.029,26.7,0.028,26.7,0.028,26.7,0.028,26.7
961.5,0.030,26.7,0.030,26.7,0.029,26.7,0.030,26.7
962.0,0.029,26.7,0.030,26.7,0.029,26.7,0.029,26.7
962.5,0.035,26.6,0.035,26.7,0.034,26.7,0.028,26.7
963.0,0.036,26.6,0.036,26.6,0.035,26.6,0.037,26.7
963.5,0.033,26.6,0.034,26.6,0.032,26.6,0.032,26.6
964.0,0.032,26.6,0.034,26.6,0.031,26.6,0.031,26.6
964.5,0.030,26.6,0.031,26.6,0.030,26.6,0.030,26.6
965.0,0.033,26.6,0.034,26.6,0.031,26.6,0.032,26.6
965.5,0.031,26.6,0.032,26.6,0.030,26.6,0.033,26.5
966.0,0.035,26.6,0.034,26.6,0.034,26.6,0.033,26.6
966.5,0.034,26.6,0.033,26.6,0.034,26.6,0.036,26.6
967.0,0.038,26.6,0.036,26.6,0.036,26.5,0.040,26.5
967.5,0.043,26.6,0.044,26.5,0.042,26.5,0.045,26.5
968.0,0.046,26.5,0.046,26.5,0.050,26.5,0.045,26.5
968.5,0.050,26.5,0.051,26.5,0.053,26.5,0.050,26.5
969.0,0.046,26.5,0.049,26.5,0.049,26.5,0.043,26.5
969.5,0.044,26.5,0.045,26.5,0.045,26.5,0.043,26.5
970.0,0.041,26.4,0.040,26.4,0.044,26.5,0.042,26.4
970.5,0.040,26.4,0.038,26.5,0.040,26.4,0.039,26.5
971.0,0.042,26.4,0.041,26.5,0.044,26.4,0.040,26.4
971.5,0.042,26.4,0.042,26.4,0.042,26.4,0.047,26.4
972.0,0.047,26.4,0.047,26.4,0.054,26.4,0.047,26.4
972.5,0.047,26.4,0.052,26.4,0.056,26.4,0.048,26.4
973.0,0.044,26.4,0.046,26.4,0.043,26.4,0.041,26.4
973.5,0.038,26.4,0.039,26.4,0.040,26.4,0.040,26.4
974.0,0.028,26.4,0.028,26.4,0.038,26.4,0.032,26.4
974.5,0.035,26.4,0.036,26.4,0.040,26.4,0.034,26.4
975.0,0.038,26.4,0.036,26.4,0.039,26.4,0.038,26.4
975.5,0.038,26.4,0.038,26.4,0.037,26.4,0.040,26.4
976.0,0.035,26.4,0.036,26.4,0.036,26.4,0.039,26.4
976.5,0.037,26.4,0.037,26.4,0.039,26.4,0.040,26.4
977.0,0.044,26.4,0.044,26.4,0.045,26.4,0.041,26.4
977.5,0.043,26.4,0.045,26.4,0.046,26.4,0.041,26.4
978.0,0.047,26.4,0.049,26.4,0.044,26.4,0.045,26.4
978.5,0.045,26.4,0.043,26.4,0.046,26.4,0.046,26.4
979.0,0.044,26.4,0.043,26.4,0.046,26.4,0.043,26.4
979.5,0.041,26.3,0.041,26.4,0.047,26.3,0.042,26.3
980.0,0.041,26.4,0.041,26.3,0.051,26.3,0.039,26.4
980.5,0.051,26.3,0.051,26.3,0.053,26.3,0.048,26.4
981.0,0.048,26.3,0.050,26.3,0.048,26.3,0.046,26.3
981.5,0.045,26.3,0.047,26.3,0.046,26.3,0.042,26.3
982.0,0.045,26.3,0.046,26.3,0.047,26.3,0.045,26.3
982.5,0.039,26.3,0.039,26.3,0.047,26.3,0.042,26.3
983.0,0.038,26.3,0.036,26.3,0.042,26.4,0.037,26.3
983.5,0.030,26.3,0.030,26.3,0.033,26.3,0.030,26.3
984.0,0.036,26.3,0.036,26.3,0.038,26.3,0.037,26.3
984.5,0.036,26.3,0.039,26.3,0.037,26.4,0.037,26.3
985.0,0.037,26.3,0.039,26.3,0.035,26.3,0.035,26.3
985.5,0.037,26.3,0.038,26.3,0.036,26.3,0.038,26.3
986.0,0.036,26.3,0.036,26.3,0.034,26.4,0.035,26.3
986.5,0.041,26.3,0.042,26.3,0.046,26.3,0.040,26.3
987.0,0.042,26.3,0.041,26.3,0.041,26.3,0.044,26.3
987.5,0.044,26.3,0.046,26.3,0.045,26.3,0.038,26.3
988.0,0.044,26.3,0.046,26.3,0.044,26.3,0.043,26.3
988.5,0.043,26.3,0.044,26.3,0.046,26.3,0.043,26.3
989.0,0.044,26.3,0.044,26.3,0.045,26.3,0.043,26.3
989.5,0.043,26.3,0.041,26.3,0.046,26.4,0.043,26.3
990.0,0.046,26.3,0.045,26.3,0.046,26.4,0.046,26.3
990.5,0.046,26.3,0.046,26.3,0.047,26.3,0.046,26.3
991.0,0.043,26.3,0.043,26.3,0.046,26.3,0.041,26.3
991.5,0.041,26.3,0.041,26.3,0.041,26.3,0.042,26.3
992.0,0.036,26.3,0.036,26.3,0.038,26.3,0.038,26.3
992.5,0.035,26.3,0.033,26.3,0.034,26.3,0.036,26.3
993.0,0.031,26.3,0.030,26.3,0.030,26.3,0.035,26.3
993.5,0.033,26.3,0.032,26.3,0.032,26.3,0.036,26.3
994.0,0.038,26.3,0.038,26.3,0.038,26.3,0.038,26.3
994.5,0.038,26.3,0.041,26.3,0.042,26.3,0.038,26.3
995.0,0.039,26.3,0.039,26.3,0.038,26.3,0.040,26.3
995.5,0.039,26.3,0.038,26.3,0.040,26.3,0.042,26.4
996.0,0.040,26.3,0.039,26.3,0.034,26.3,0.042,26.3
996.5,0.042,26.3,0.042,26.3,0.038,26.3,0.043,26.3
997.0,0.041,26.3,0.041,26.3,0.044,26.3,0.041,26.3
997.5,0.040,26.3,0.041,26.3,0.046,26.3,0.040,26.3
998.0,0.038,26.3,0.038,26.3,0.037,26.3,0.036,26.3
998.5,0.039,26.3,0.040,26.3,0.037,26.3,0.039,26.3
999.0,0.036,26.3,0.035,26.3,0.037,26.3,0.035,26.3
999.5,0.033,26.3,0.032,26.3,0.033,26.3,0.033,26.3
1000.0,0.033,26.3,0.031,26.3,0.032,26.3,0.034,26.3
1000.5,0.031,26.3,0.030,26.3,0.031,26.3,0.032,26.3
1001.0,0.033,26.3,0.032,26.3,0.034,26.3,0.034,26.4
1001.5,0.031,26.3,0.033,26.3,0.030,26.3,0.032,26.3
1002.0,0.032,26.3,0.035,26.3,0.031,26.3,0.030,26.4
1002.5,0.030,26.3,0.033,26.4,0.032,26.3,0.030,26.3
1003.0,0.027,26.3,0.029,26.3,0.030,26.4,0.028,26.3
1003.5,0.031,26.4,0.031,26.4,0.030,26.3,0.028,26.3
1004.0,0.028,26.3,0.028,26.3,0.027,26.3,0.028,26.3
1004.5,0.027,26.4,0.027,26.4,0.028,26.4,0.028,26.3
1005.0,0.028,26.4,0.028,26.4,0.027,26.4,0.030,26.3
1005.5,0.028,26.4,0.028,26.4,0.026,26.4,0.027,26.4
1006.0,0.029,26.4,0.029,26.4,0.027,26.4,0.027,26.4
1006.5,0.027,26.4,0.027,26.4,0.030,26.4,0.027,26.4
1007.0,0.027,26.4,0.025,26.4,0.032,26.4,0.027,26.4
1007.5,0.026,26.4,0.024,26.4,0.026,26.4,0.025,26.4
1008.0,0.027,26.4,0.025,26.4,0.027,26.4,0.027,26.4
1008.5,0.025,26.4,0.026,26.4,0.028,26.4,0.026,26.4
1009.0,0.022,26.4,0.022,26.4,0.022,26.4,0.024,26.4
1009.5,0.020,26.4,0.022,26.4,0.020,26.4,0.021,26.4
1010.0,0.020,26.4,0.019,26.4,0.022,26.4,0.018,26.4
1010.5,0.024,26.5,0.021,26.5,0.027,26.5,0.021,26.5
1011.0,0.026,26.5,0.024,26.5,0.027,26.5,0.026,26.5
1011.5,0.025,26.5,0.025,26.4,0.025,26.5,0.025,26.5
1012.0,0.025,26.5,0.026,26.5,0.025,26.5,0.026,26.5
1012.5,0.022,26.5,0.024,26.5,0.023,26.5,0.024,26.5
1013.0,0.026,26.5,0.026,26.5,0.026,26.5,0.026,26.5
1013.5,0.028,26.5,0.029,26.5,0.030,26.5,0.027,26.5
1014.0,0.026,26.5,0.027,26.5,0.028,26.5,0.024,26.5
1014.5,0.026,26.5,0.026,26.5,0.027,26.5,0.026,26.5
1015.0,0.025,26.5,0.025,26.5,0.026,26.5,0.024,26.5
1015.5,0.025,26.5,0.025,26.5,0.026,26.5,0.025,26.5
1016.0,0.023,26.5,0.024,26.5,0.026,26.5,0.024,26.5
1016.5,0.022,26.5,0.022,26.5,0.024,26.5,0.025,26.4
1017.0,0.021,26.5,0.022,26.5,0.022,26.5,0.023,26.5
1017.5,0.021,26.5,0.022,26.5,0.021,26.5,0.021,26.5
1018.0,0.021,26.5,0.020,26.5,0.022,26.5,0.020,26.5
1018.5,0.017,26.5,0.016,26.5,0.019,26.5,0.018,26.5
1019.0,0.013,26.5,0.012,26.5,0.014,26.5,0.014,26.5
1019.5,0.010,26.5,0.011,26.5,0.011,26.5,0.011,26.5
1020.0,0.013,26.6,0.013,26.6,0.011,26.5,0.012,26.6
1020.5,0.014,26.6,0.015,26.6,0.015,26.6,0.014,26.6
1021.0,0.008,26.6,0.008,26.6,0.010,26.5,0.012,26.6
1021.5,-0.016,26.6,-0.017,26.5,-0.010,26.6,-0.015,26.6
1022.0,-0.064,26.6,-0.062,26.6,-0.055,26.6,-0.060,26.6
1022.5,-0.109,26.6,-0.104,26.5,-0.103,26.6,-0.101,26.6
1023.0,-0.122,26.5,-0.122,26.5,-0.122,26.5,-0.120,26.5
1023.5,-0.093,26.4,-0.093,26.4,-0.102,26.4,-0.099,26.4
1024.0,-0.055,26.4,-0.057,26.4,-0.098,26.4,-0.057,26.4
1024.5,-0.026,26.4,-0.027,26.4,-0.090,26.4,-0.032,26.4
1025.0,-0.013,26.4,-0.013,26.5,-0.021,26.5,-0.014,26.4
1025.5,-0.008,26.5,-0.008,26.5,-0.011,26.4,-0.007,26.5
1026.0,0.002,26.5,0.000,26.5,-0.004,26.4,0.000,26.5
1026.5,0.009,26.5,0.010,26.5,0.007,26.5,0.006,26.5
1027.0,0.003,26.5,0.004,26.5,0.004,26.5,0.004,26.6
1027.5,-0.005,26.6,-0.004,26.6,-0.004,26.6,-0.003,26.6
1028.0,-0.001,26.6,-0.001,26.6,-0.002,26.6,-0.002,26.6
1028.5,-0.000,26.6,-0.001,26.6,-0.002,26.6,-0.001,26.6
1029.0,-0.004,26.6,-0.003,26.6,-0.004,26.6,-0.003,26.6
1029.5,-0.002,26.7,-0.002,26.7,-0.003,26.7,-0.002,26.6
1030.0,-0.002,26.7,-0.002,26.7,-0.001,26.7,-0.001,26.6
1030.5,0.001,26.7,0.000,26.7,0.002,26.7,0.001,26.7
1031.0,-0.008,26.7,-0.008,26.7,-0.006,26.7,-0.002,26.6
1031.5,-0.026,26.7,-0.027,26.7,-0.019,26.7,-0.029,26.7
1032.0,-0.017,26.7,-0.016,26.7,-0.019,26.7,-0.019,26.7
1032.5,-0.004,26.7,-0.006,26.7,-0.007,26.7,-0.007,26.7
1033.0,0.005,26.7,0.005,26.8,0.006,26.7,0.003,26.7
1033.5,-0.002,26.7,-0.002,26.7,-0.000,26.7,0.002,26.8
1034.0,-0.002,26.7,-0.002,26.7,0.002,26.7,-0.002,26.8
1034.5,-0.004,26.7,-0.004,26.8,-0.004,26.7,-0.003,26.7
1035.0,-0.003,26.7,-0.003,26.7,-0.002,26.7,-0.003,26.7
1035.5,-0.002,26.8,-0.002,26.8,-0.002,26.7,-0.002,26.7
1036.0,-0.004,26.8,-0.005,26.8,-0.004,26.7,-0.003,26.7
1036.5,-0.007,26.8,-0.008,26.8,-0.007,26.8,-0.007,26.8
1037.0,-0.002,26.8,-0.003,26.7,-0.004,26.8,-0.002,26.8
1037.5,0.008,26.8,0.006,26.7,0.010,26.8,0.004,26.8
1038.0,0.005,26.8,0.006,26.8,0.007,26.8,0.006,26.8
1038.5,-0.002,26.8,-0.001,26.8,-0.001,26.8,-0.000,26.8
1039.0,0.003,26.8,0.005,26.8,0.000,26.8,0.004,26.8
1039.5,0.004,26.8,0.005,26.8,0.004,26.8,0.005,26.8
1040.0,0.007,26.8,0.006,26.8,0.004,26.8,0.007,26.8
1040.5,0.012,26.8,0.012,26.8,0.011,26.8,0.012,26.8
1041.0,0.017,26.8,0.018,26.8,0.018,26.8,0.018,26.8
1041.5,0.020,26.8,0.020,26.8,0.020,26.8,0.020,26.8
1042.0,0.020,26.8,0.020,26.8,0.019,26.8,0.022,26.8
1042.5,0.026,26.8,0.025,26.8,0.024,26.8,0.025,26.8
1043.0,0.030,26.8,0.031,26.8,0.029,26.8,0.031,26.8
1043.5,0.031,26.8,0.030,26.8,0.031,26.8,0.031,26.8
1044.0,0.032,26.8,0.032,26.8,0.031,26.8,0.032,26.8
1044.5,0.037,26.7,0.039,26.8,0.035,26.7,0.042,26.8
1045.0,0.038,26.7,0.038,26.7,0.039,26.7,0.039,26.7
1045.5,0.043,26.7,0.045,26.7,0.045,26.7,0.040,26.7
1046.0,0.045,26.7,0.047,26.7,0.045,26.7,0.042,26.7
1046.5,0.045,26.7,0.044,26.7,0.046,26.7,0.045,26.7
1047.0,0.042,26.7,0.043,26.7,0.043,26.7,0.043,26.6
1047.5,0.037,26.6,0.037,26.6,0.037,26.6,0.042,26.6
1048.0,0.039,26.6,0.039,26.6,0.038,26.6,0.040,26.6
1048.5,0.041,26.6,0.043,26.5,0.042,26.6,0.040,26.5
1049.0,0.045,26.6,0.048,26.6,0.041,26.6,0.046,26.6
1049.5,0.046,26.6,0.048,26.6,0.045,26.6,0.044,26.5
1050.0,0.042,26.5,0.043,26.6,0.045,26.6,0.042,26.5
1050.5,0.041,26.5,0.041,26.5,0.039,26.5,0.042,26.5
1051.0,0.035,26.5,0.036,26.6,0.043,26.6,0.036,26.5
1051.5,0.040,26.5,0.039,26.6,0.043,26.5,0.040,26.6
1052.0,0.038,26.6,0.037,26.6,0.039,26.5,0.039,26.6
1052.5,0.036,26.5,0.037,26.5,0.034,26.5,0.038,26.5
1053.0,0.037,26.5,0.037,26.5,0.037,26.5,0.041,26.5
1053.5,0.037,26.5,0.037,26.5,0.037,26.5,0.045,26.5
1054.0,0.043,26.5,0.045,26.5,0.050,26.5,0.041,26.5
1054.5,0.045,26.5,0.046,26.5,0.043,26.5,0.043,26.5
1055.0,0.048,26.5,0.046,26.5,0.049,26.5,0.046,26.5
1055.5,0.050,26.5,0.049,26.5,0.050,26.5,0.051,26.5
1056.0,0.045,26.5,0.046,26.5,0.053,26.5,0.045,26.4
1056.5,0.045,26.5,0.047,26.5,0.045,26.5,0.045,26.5
1057.0,0.043,26.4,0.046,26.4,0.046,26.5,0.041,26.5
1057.5,0.047,26.4,0.049,26.4,0.044,26.5,0.045,26.5
1058.0,0.046,26.4,0.047,26.4,0.046,26.4,0.046,26.4
1058.5,0.043,26.4,0.042,26.4,0.044,26.4,0.043,26.4
1059.0,0.041,26.4,0.042,26.4,0.040,26.4,0.042,26.4
1059.5,0.040,26.4,0.040,26.4,0.040,26.4,0.039,26.4
1060.0,0.039,26.4,0.039,26.4,0.039,26.4,0.039,26.4
1060.5,0.034,26.4,0.034,26.4,0.035,26.4,0.034,26.4
1061.0,0.032,26.4,0.033,26.4,0.031,26.4,0.031,26.5
1061.5,0.035,26.4,0.036,26.4,0.035,26.4,0.035,26.4
1062.0,0.037,26.5,0.037,26.4,0.036,26.5,0.038,26.5
1062.5,0.037,26.5,0.037,26.5,0.038,26.5,0.036,26.5
1063.0,0.039,26.5,0.038,26.5,0.038,26.4,0.038,26.5
1063.5,0.041,26.5,0.042,26.4,0.040,26.5,0.042,26.5
1064.0,0.041,26.4,0.041,26.4,0.039,26.5,0.044,26.5
1064.5,0.042,26.4,0.042,26.4,0.040,26.4,0.045,26.4
1065.0,0.043,26.4,0.043,26.4,0.041,26.4,0.041,26.4
1065.5,0.039,26.4,0.041,26.4,0.042,26.5,0.039,26.4
1066.0,0.042,26.4,0.041,26.4,0.046,26.4,0.041,26.4
1066.5,0.040,26.4,0.040,26.4,0.041,26.4,0.041,26.4
1067.0,0.042,26.4,0.041,26.4,0.041,26.4,0.046,26.4
1067.5,0.044,26.4,0.044,26.4,0.045,26.4,0.045,26.4
1068.0,0.043,26.4,0.042,26.4,0.042,26.4,0.044,26.4
1068.5,0.043,26.4,0.043,26.4,0.041,26.4,0.047,26.4
1069.0,0.040,26.4,0.042,26.4,0.040,26.4,0.044,26.4
1069.5,0.039,26.4,0.039,26.4,0.036,26.4,0.042,26.4
1070.0,0.036,26.4,0.035,26.4,0.036,26.4,0.037,26.4
1070.5,0.032,26.4,0.032,26.4,0.032,26.4,0.034,26.4
1071.0,0.035,26.4,0.035,26.4,0.040,26.4,0.036,26.4
1071.5,0.034,26.4,0.035,26.4,0.033,26.4,0.035,26.4
1072.0,0.039,26.4,0.042,26.4,0.037,26.4,0.036,26.4
1072.5,0.040,26.4,0.043,26.4,0.043,26.4,0.040,26.4
1073.0,0.040,26.4,0.039,26.4,0.040,26.4,0.036,26.4
1073.5,0.042,26.4,0.042,26.4,0.040,26.4,0.043,26.4
1074.0,0.040,26.4,0.040,26.4,0.038,26.4,0.044,26.4
1074.5,0.042,26.4,0.043,26.4,0.040,26.4,0.042,26.3
1075.0,0.040,26.4,0.042,26.4,0.040,26.4,0.038,26.4
1075.5,0.042,26.4,0.044,26.4,0.041,26.4,0.037,26.4
1076.0,0.040,26.4,0.038,26.4,0.040,26.4,0.040,26.4
1076.5,0.037,26.4,0.035,26.4,0.036,26.4,0.038,26.4
1077.0,0.037,26.4,0.036,26.4,0.039,26.3,0.037,26.3
1077.5,0.033,26.4,0.034,26.4,0.036,26.4,0.033,26.4
1078.0,0.035,26.4,0.038,26.4,0.036,26.4,0.029,26.4
1078.5,0.037,26.4,0.038,26.4,0.035,26.4,0.037,26.4
1079.0,0.037,26.4,0.036,26.4,0.036,26.4,0.039,26.4
1079.5,0.037,26.4,0.036,26.4,0.035,26.4,0.038,26.4
1080.0,0.033,26.4,0.033,26.4,0.032,26.4,0.033,26.4
1080.5,0.035,26.4,0.036,26.4,0.036,26.4,0.034,26.4
1081.0,0.033,26.4,0.034,26.4,0.033,26.4,0.033,26.4
1081.5,0.033,26.4,0.034,26.4,0.031,26.5,0.034,26.4
1082.0,0.033,26.4,0.033,26.4,0.033,26.5,0.034,26.4
1082.5,0.032,26.4,0.033,26.4,0.035,26.4,0.031,26.4
1083.0,0.031,26.4,0.030,26.4,0.031,26.5,0.032,26.4
1083.5,0.030,26.4,0.031,26.5,0.031,26.4,0.031,26.4
1084.0,0.031,26.4,0.033,26.4,0.029,26.4,0.034,26.5
1084.5,0.030,26.4,0.033,26.4,0.030,26.4,0.030,26.4
1085.0,0.028,26.4,0.030,26.4,0.030,26.4,0.026,26.5
1085.5,0.025,26.4,0.026,26.4,0.027,26.4,0.025,26.4
1086.0,0.019,26.4,0.019,26.4,0.019,26.5,0.024,26.4
1086.5,0.019,26.5,0.018,26.5,0.016,26.4,0.020,26.4
1087.0,0.020,26.5,0.018,26.5,0.016,26.5,0.020,26.4
1087.5,0.022,26.5,0.021,26.5,0.021,26.5,0.023,26.5
1088.0,0.025,26.5,0.024,26.5,0.023,26.5,0.024,26.5
1088.5,0.026,26.5,0.026,26.5,0.025,26.5,0.026,26.5
1089.0,0.027,26.5,0.026,26.5,0.027,26.5,0.027,26.5
1089.5,0.026,26.5,0.026,26.5,0.028,26.5,0.027,26.5
1090.0,0.027,26.5,0.027,26.5,0.027,26.5,0.026,26.5
1090.5,0.026,26.5,0.026,26.5,0.025,26.5,0.027,26.5
1091.0,0.024,26.5,0.024,26.5,0.025,26.5,0.026,26.5
1091.5,0.025,26.5,0.026,26.5,0.024,26.5,0.027,26.5
1092.0,0.025,26.5,0.025,26.5,0.027,26.5,0.026,26.5
1092.5,0.026,26.5,0.025,26.5,0.026,26.5,0.026,26.5
1093.0,0.024,26.5,0.024,26.5,0.025,26.5,0.025,26.5
1093.5,0.024,26.5,0.024,26.5,0.025,26.5,0.024,26.5
1094.0,0.025,26.5,0.025,26.5,0.025,26.5,0.028,26.6
1094.5,0.023,26.5,0.023,26.5,0.025,26.5,0.026,26.5
1095.0,0.024,26.5,0.026,26.5,0.023,26.5,0.022,26.5
1095.5,0.021,26.5,0.023,26.5,0.024,26.5,0.021,26.5
1096.0,0.019,26.5,0.020,26.5,0.020,26.6,0.020,26.5
1096.5,0.020,26.5,0.020,26.5,0.020,26.5,0.020,26.5
1097.0,0.019,26.6,0.019,26.5,0.019,26.5,0.020,26.6
1097.5,0.021,26.6,0.021,26.6,0.020,26.6,0.022,26.6
1098.0,0.021,26.6,0.022,26.6,0.022,26.6,0.021,26.6
1098.5,0.021,26.6,0.024,26.6,0.023,26.5,0.020,26.5
1099.0,0.020,26.6,0.019,26.6,0.023,26.5,0.020,26.6
1099.5,0.020,26.6,0.019,26.6,0.019,26.6,0.020,26.6
1100.0,0.023,26.6,0.022,26.6,0.022,26.6,0.024,26.6
1100.5,0.021,26.6,0.021,26.6,0.021,26.6,0.021,26.6
1101.0,0.014,26.6,0.015,26.6,0.016,26.6,0.015,26.6
1101.5,-0.009,26.6,-0.009,26.6,0.014,26.5,-0.010,26.6
1102.0,-0.053,26.6,-0.051,26.6,-0.037,26.6,-0.036,26.6
1102.5,-0.098,26.6,-0.096,26.6,-0.075,26.6,-0.080,26.6
1103.0,-0.128,26.5,-0.125,26.5,-0.112,26.6,-0.128,26.5
1103.5,-0.104,26.5,-0.107,26.5,-0.108,26.5,-0.106,26.5
1104.0,-0.052,26.5,-0.055,26.5,-0.054,26.5,-0.068,26.5
1104.5,-0.018,26.4,-0.019,26.4,-0.024,26.4,-0.023,26.5
1105.0,-0.004,26.5,-0.004,26.5,-0.016,26.5,-0.005,26.5
1105.5,-0.008,26.5,-0.007,26.5,-0.006,26.5,-0.006,26.5
1106.0,-0.016,26.6,-0.016,26.6,-0.014,26.5,-0.016,26.6
1106.5,-0.007,26.6,-0.006,26.6,-0.008,26.6,-0.018,26.6
1107.0,0.000,26.6,0.001,26.6,-0.002,26.6,-0.004,26.6
1107.5,0.005,26.6,0.006,26.6,-0.000,26.6,0.006,26.7
1108.0,0.000,26.7,0.000,26.6,0.002,26.7,0.003,26.7
1108.5,-0.010,26.7,-0.010,26.7,-0.005,26.7,-0.006,26.7
1109.0,-0.018,26.7,-0.020,26.7,-0.016,26.7,-0.017,26.7
1109.5,-0.026,26.7,-0.024,26.7,-0.026,26.7,-0.022,26.7
1110.0,-0.019,26.7,-0.019,26.7,-0.021,26.7,-0.019,26.7
1110.5,-0.010,26.7,-0.011,26.7,-0.018,26.7,-0.010,26.7
1111.0,-0.012,26.7,-0.013,26.7,-0.014,26.7,-0.012,26.7
1111.5,-0.008,26.7,-0.008,26.7,-0.007,26.8,-0.010,26.7
1112.0,-0.003,26.8,-0.003,26.7,-0.003,26.8,-0.005,26.8
1112.5,0.005,26.8,0.005,26.8,0.007,26.8,0.004,26.8
1113.0,0.007,26.8,0.010,26.8,0.010,26.8,0.008,26.8
1113.5,-0.004,26.8,-0.003,26.8,-0.004,26.8,0.002,26.8
1114.0,-0.008,26.8,-0.008,26.8,-0.008,26.8,-0.006,26.8
1114.5,-0.008,26.8,-0.007,26.8,-0.010,26.8,-0.007,26.8
1115.0,-0.011,26.8,-0.010,26.8,-0.009,26.8,-0.010,26.8
1115.5,-0.008,26.8,-0.008,26.8,-0.007,26.8,-0.008,26.8
1116.0,-0.001,26.8,-0.001,26.8,-0.002,26.8,-0.003,26.8
1116.5,0.000,26.8,0.000,26.8,0.000,26.9,0.000,26.8
1117.0,0.003,26.8,0.004,26.8,0.003,26.8,0.003,26.8
1117.5,0.001,26.8,0.002,26.9,-0.001,26.8,0.003,26.9
1118.0,-0.007,26.8,-0.007,26.9,-0.006,26.8,-0.006,26.8
1118.5,-0.011,26.9,-0.011,26.8,-0.008,26.9,-0.010,26.9
1119.0,-0.006,26.8,-0.007,26.8,-0.006,26.8,-0.006,26.9
1119.5,0.009,26.9,0.010,26.9,0.004,26.8,0.009,26.8
1120.0,0.014,26.9,0.014,26.9,0.013,26.9,0.013,26.9
1120.5,0.019,26.9,0.019,26.9,0.019,26.9,0.018,26.9
1121.0,0.019,26.9,0.019,26.9,0.020,26.9,0.020,26.9
1121.5,0.024,26.8,0.024,26.9,0.023,26.9,0.023,26.8
1122.0,0.024,26.9,0.023,26.8,0.024,26.8,0.024,26.9
1122.5,0.029,26.9,0.029,26.9,0.028,26.8,0.028,26.9
1123.0,0.031,26.9,0.031,26.9,0.033,26.8,0.032,26.9
1123.5,0.029,26.8,0.030,26.8,0.033,26.8,0.031,26.8
1124.0,0.030,26.8,0.031,26.8,0.029,26.8,0.031,26.8
1124.5,0.030,26.8,0.031,26.8,0.032,26.8,0.029,26.8
1125.0,0.033,26.8,0.031,26.8,0.036,26.8,0.033,26.7
1125.5,0.035,26.8,0.034,26.8,0.038,26.8,0.034,26.8
1126.0,0.035,26.7,0.034,26.8,0.038,26.8,0.034,26.7
1126.5,0.039,26.7,0.038,26.8,0.039,26.7,0.037,26.7
1127.0,0.042,26.7,0.041,26.7,0.042,26.7,0.041,26.7
1127.5,0.041,26.7,0.042,26.7,0.042,26.7,0.043,26.7
1128.0,0.035,26.7,0.036,26.7,0.034,26.7,0.038,26.7
1128.5,0.039,26.7,0.039,26.7,0.040,26.7,0.038,26.7
1129.0,0.044,26.7,0.043,26.7,0.044,26.7,0.045,26.7
1129.5,0.043,26.6,0.042,26.6,0.044,26.6,0.044,26.6
1130.0,0.043,26.6,0.042,26.6,0.045,26.7,0.042,26.6
1130.5,0.039,26.6,0.039,26.6,0.041,26.6,0.041,26.6
1131.0,0.044,26.6,0.045,26.6,0.046,26.6,0.043,26.6
1131.5,0.046,26.6,0.046,26.5,0.046,26.5,0.043,26.6
1132.0,0.046,26.6,0.047,26.6,0.045,26.6,0.045,26.6
1132.5,0.047,26.6,0.047,26.6,0.052,26.6,0.046,26.6
1133.0,0.043,26.6,0.041,26.6,0.046,26.6,0.042,26.5
1133.5,0.043,26.5,0.041,26.5,0.043,26.5,0.044,26.5
1134.0,0.042,26.5,0.042,26.5,0.044,26.5,0.042,26.5
1134.5,0.040,26.5,0.040,26.5,0.043,26.5,0.036,26.5
1135.0,0.043,26.5,0.044,26.5,0.041,26.5,0.041,26.5
1135.5,0.044,26.5,0.045,26.5,0.042,26.5,0.044,26.5
1136.0,0.047,26.5,0.048,26.5,0.046,26.5,0.045,26.5
1136.5,0.044,26.5,0.046,26.5,0.050,26.5,0.044,26.5
1137.0,0.043,26.5,0.042,26.5,0.050,26.5,0.040,26.5
1137.5,0.037,26.5,0.036,26.5,0.042,26.5,0.039,26.5
1138.0,0.032,26.5,0.032,26.5,0.032,26.5,0.032,26.5
1138.5,0.038,26.5,0.038,26.5,0.038,26.5,0.036,26.5
1139.0,0.037,26.5,0.038,26.5,0.036,26.5,0.036,26.5
1139.5,0.040,26.5,0.041,26.5,0.040,26.5,0.041,26.5
1140.0,0.039,26.5,0.040,26.5,0.038,26.5,0.038,26.5
1140.5,0.044,26.5,0.046,26.5,0.044,26.5,0.043,26.5
1141.0,0.047,26.5,0.046,26.5,0.048,26.5,0.044,26.5
1141.5,0.045,26.5,0.044,26.5,0.050,26.5,0.045,26.5
1142.0,0.047,26.5,0.046,26.5,0.046,26.5,0.046,26.5
1142.5,0.043,26.5,0.043,26.5,0.043,26.5,0.049,26.5
1143.0,0.044,26.5,0.046,26.5,0.047,26.5,0.043,26.4
1143.5,0.042,26.5,0.043,26.4,0.041,26.5,0.040,26.5
1144.0,0.043,26.5,0.044,26.5,0.045,26.5,0.038,26.5
1144.5,0.048,26.5,0.048,26.4,0.052,26.5,0.045,26.5
1145.0,0.043,26.4,0.043,26.5,0.045,26.4,0.042,26.4
1145.5,0.041,26.4,0.041,26.4,0.042,26.4,0.042,26.5
1146.0,0.040,26.4,0.039,26.5,0.041,26.4,0.041,26.5
1146.5,0.039,26.4,0.039,26.5,0.041,26.4,0.039,26.4
1147.0,0.037,26.4,0.037,26.4,0.041,26.5,0.037,26.4
1147.5,0.032,26.4,0.035,26.4,0.032,26.4,0.032,26.4
1148.0,0.037,26.5,0.038,26.5,0.036,26.5,0.034,26.5
1148.5,0.039,26.5,0.041,26.5,0.038,26.5,0.035,26.5
1149.0,0.042,26.5,0.044,26.5,0.040,26.5,0.040,26.4
1149.5,0.044,26.4,0.044,26.5,0.043,26.4,0.044,26.4
1150.0,0.043,26.4,0.042,26.5,0.044,26.5,0.046,26.4
1150.5,0.043,26.4,0.043,26.4,0.043,26.4,0.044,26.4
1151.0,0.042,26.4,0.042,26.5,0.042,26.4,0.041,26.4
1151.5,0.043,26.4,0.043,26.4,0.046,26.4,0.043,26.4
1152.0,0.043,26.4,0.043,26.4,0.041,26.4,0.045,26.4
1152.5,0.041,26.4,0.041,26.4,0.041,26.4,0.044,26.4
1153.0,0.040,26.4,0.041,26.4,0.044,26.4,0.039,26.4
1153.5,0.035,26.4,0.036,26.4,0.043,26.4,0.035,26.4
1154.0,0.037,26.4,0.038,26.4,0.045,26.4,0.036,26.5
1154.5,0.032,26.4,0.032,26.4,0.035,26.4,0.038,26.4
1155.0,0.032,26.4,0.032,26.4,0.033,26.4,0.034,26.4
1155.5,0.036,26.4,0.035,26.5,0.040,26.4,0.034,26.4
1156.0,0.036,26.4,0.035,26.4,0.037,26.4,0.035,26.4
1156.5,0.036,26.4,0.035,26.4,0.036,26.5,0.035,26.5
1157.0,0.034,26.5,0.036,26.5,0.033,26.5,0.034,26.5
1157.5,0.039,26.5,0.042,26.5,0.039,26.5,0.040,26.5
1158.0,0.033,26.5,0.032,26.4,0.037,26.5,0.033,26.5
1158.5,0.032,26.4,0.032,26.4,0.030,26.5,0.031,26.5
1159.0,0.037,26.5,0.037,26.5,0.037,26.5,0.034,26.5
1159.5,0.034,26.5,0.033,26.4,0.036,26.5,0.036,26.4
1160.0,0.036,26.5,0.036,26.4,0.038,26.4,0.034,26.4
1160.5,0.037,26.5,0.037,26.4,0.042,26.5,0.037,26.5
1161.0,0.037,26.5,0.037,26.4,0.038,26.5,0.036,26.5
1161.5,0.039,26.4,0.040,26.5,0.037,26.5,0.037,26.4
1162.0,0.033,26.4,0.034,26.4,0.036,26.5,0.034,26.4
1162.5,0.033,26.5,0.033,26.4,0.036,26.5,0.032,26.5
1163.0,0.028,26.5,0.027,26.4,0.034,26.5,0.030,26.5
1163.5,0.026,26.5,0.026,26.4,0.028,26.5,0.026,26.4
1164.0,0.024,26.5,0.025,26.5,0.028,26.5,0.024,26.5
1164.5,0.024,26.5,0.024,26.5,0.027,26.4,0.024,26.5
1165.0,0.027,26.5,0.026,26.5,0.029,26.5,0.027,26.5
1165.5,0.026,26.5,0.029,26.5,0.028,26.5,0.026,26.5
1166.0,0.028,26.5,0.031,26.5,0.028,26.5,0.024,26.5
1166.5,0.026,26.5,0.027,26.5,0.027,26.5,0.027,26.6
1167.0,0.029,26.5,0.028,26.5,0.029,26.6,0.030,26.6
1167.5,0.031,26.5,0.031,26.6,0.032,26.6,0.034,26.5
1168.0,0.028,26.5,0.029,26.6,0.028,26.5,0.030,26.5
1168.5,0.026,26.5,0.026,26.5,0.026,26.5,0.029,26.5
1169.0,0.024,26.5,0.025,26.5,0.026,26.5,0.026,26.5
1169.5,0.026,26.6,0.025,26.5,0.027,26.6,0.026,26.5
1170.0,0.024,26.5,0.023,26.5,0.027,26.6,0.024,26.6
1170.5,0.022,26.5,0.023,26.5,0.026,26.6,0.022,26.6
1171.0,0.023,26.6,0.024,26.6,0.026,26.5,0.022,26.6
1171.5,0.023,26.6,0.024,26.6,0.024,26.6,0.022,26.6
1172.0,0.025,26.6,0.023,26.6,0.028,26.6,0.023,26.6
1172.5,0.023,26.6,0.021,26.6,0.024,26.6,0.024,26.6
1173.0,0.021,26.6,0.021,26.6,0.020,26.6,0.021,26.6
1173.5,0.023,26.6,0.023,26.6,0.023,26.6,0.022,26.6
1174.0,0.022,26.6,0.025,26.6,0.023,26.6,0.023,26.6
1174.5,0.024,26.6,0.025,26.6,0.024,26.6,0.024,26.6
1175.0,0.023,26.6,0.023,26.6,0.023,26.6,0.022,26.6
1175.5,0.022,26.6,0.022,26.6,0.022,26.6,0.021,26.6
1176.0,0.020,26.6,0.022,26.6,0.021,26.6,0.020,26.6
1176.5,0.020,26.6,0.021,26.6,0.021,26.6,0.019,26.6
1177.0,0.022,26.6,0.023,26.6,0.023,26.7,0.021,26.6
1177.5,0.023,26.6,0.022,26.6,0.026,26.6,0.022,26.6
1178.0,0.023,26.6,0.023,26.6,0.026,26.6,0.024,26.6
1178.5,0.024,26.6,0.024,26.6,0.024,26.6,0.024,26.6
1179.0,0.023,26.6,0.024,26.6,0.023,26.6,0.023,26.6
1179.5,0.023,26.6,0.023,26.6,0.022,26.6,0.025,26.7
1180.0,0.023,26.6,0.023,26.6,0.022,26.6,0.023,26.6
1180.5,0.024,26.6,0.025,26.6,0.022,26.6,0.027,26.6
1181.0,0.021,26.6,0.021,26.6,0.022,26.6,0.022,26.6
1181.5,0.020,26.6,0.020,26.6,0.021,26.6,0.019,26.6
1182.0,0.019,26.6,0.020,26.6,0.021,26.6,0.019,26.6
1182.5,0.013,26.7,0.013,26.6,0.014,26.6,0.016,26.6
1183.0,-0.005,26.7,-0.006,26.7,0.004,26.6,-0.003,26.7
1183.5,-0.043,26.7,-0.040,26.7,-0.028,26.7,-0.039,26.7
1184.0,-0.085,26.7,-0.083,26.7,-0.060,26.7,-0.082,26.7
1184.5,-0.116,26.7,-0.116,26.7,-0.113,26.7,-0.111,26.7
1185.0,-0.104,26.6,-0.103,26.6,-0.123,26.6,-0.107,26.6
1185.5,-0.058,26.5,-0.060,26.5,-0.098,26.6,-0.058,26.5
1186.0,-0.025,26.5,-0.025,26.5,-0.029,26.5,-0.025,26.6
1186.5,-0.012,26.6,-0.010,26.5,-0.016,26.6,-0.015,26.5
1187.0,0.004,26.6,0.003,26.6,0.004,26.6,0.003,26.6
1187.5,0.004,26.6,0.004,26.6,0.009,26.6,0.005,26.6
1188.0,-0.002,26.7,-0.002,26.6,0.000,26.7,0.001,26.7
1188.5,-0.008,26.7,-0.008,26.7,-0.006,26.6,-0.007,26.7
1189.0,-0.013,26.7,-0.014,26.7,-0.012,26.7,-0.011,26.7
1189.5,-0.015,26.7,-0.015,26.7,-0.016,26.7,-0.015,26.7
1190.0,-0.012,26.7,-0.011,26.7,-0.014,26.7,-0.011,26.7
1190.5,-0.010,26.7,-0.011,26.7,-0.009,26.7,-0.008,26.7
1191.0,-0.013,26.8,-0.013,26.7,-0.011,26.8,-0.012,26.7
1191.5,-0.012,26.8,-0.013,26.8,-0.013,26.8,-0.012,26.8
1192.0,-0.003,26.8,-0.003,26.8,-0.001,26.8,-0.002,26.8
1192.5,-0.014,26.8,-0.013,26.8,-0.001,26.8,-0.012,26.8
1193.0,-0.020,26.8,-0.019,26.8,-0.022,26.8,-0.019,26.8
1193.5,-0.012,26.8,-0.011,26.8,-0.010,26.8,-0.010,26.9
1194.0,-0.005,26.8,-0.005,26.8,-0.004,26.8,-0.005,26.8
1194.5,-0.003,26.8,-0.003,26.8,-0.002,26.8,-0.004,26.8
1195.0,-0.007,26.8,-0.007,26.8,-0.006,26.9,-0.007,26.8
1195.5,-0.016,26.8,-0.015,26.9,-0.015,26.8,-0.016,26.8
1196.0,-0.022,26.8,-0.021,26.8,-0.023,26.8,-0.023,26.8
1196.5,-0.013,26.8,-0.014,26.8,-0.018,26.8,-0.019,26.8
1197.0,-0.001,26.9,-0.002,26.9,-0.002,26.8,-0.004,26.8
1197.5,-0.004,26.9,-0.004,26.8,-0.002,26.8,-0.003,26.9
1198.0,-0.003,26.9,-0.003,26.9,-0.003,26.9,-0.005,26.9
1198.5,-0.000,26.9,-0.001,26.9,-0.000,26.9,-0.002,26.9
1199.0,0.003,26.9,0.003,26.9,0.002,26.9,0.001,26.9
1199.5,0.001,26.9,0.002,26.9,0.002,26.9,0.001,26.9
1200.0,0.005,26.9,0.005,26.9,0.002,26.9,0.004,26.9
1200.5,0.012,26.9,0.014,26.9,0.007,26.8,0.011,26.9
1201.0,0.020,26.9,0.020,26.9,0.018,26.9,0.017,26.9
1201.5,0.025,26.9,0.025,26.9,0.026,26.9,0.024,26.9
1202.0,0.024,26.9,0.025,26.9,0.025,26.9,0.024,26.9
1202.5,0.025,26.9,0.025,26.9,0.025,26.9,0.024,26.9
1203.0,0.028,26.9,0.028,26.9,0.024,26.9,0.030,26.9
1203.5,0.038,26.9,0.036,26.8,0.032,26.9,0.037,26.9
1204.0,0.038,26.9,0.040,26.8,0.038,26.9,0.038,26.9
1204.5,0.035,26.8,0.034,26.8,0.036,26.9,0.036,26.8
1205.0,0.030,26.8,0.029,26.8,0.031,26.8,0.031,26.8
1205.5,0.028,26.8,0.029,26.8,0.026,26.8,0.027,26.8
1206.0,0.032,26.8,0.035,26.8,0.030,26.8,0.031,26.8
1206.5,0.033,26.8,0.033,26.8,0.033,26.8,0.032,26.8
1207.0,0.037,26.8,0.039,26.8,0.036,26.8,0.039,26.8
1207.5,0.036,26.7,0.037,26.8,0.035,26.8,0.038,26.8
1208.0,0.040,26.8,0.042,26.7,0.041,26.8,0.038,26.8
1208.5,0.042,26.7,0.044,26.7,0.045,26.7,0.042,26.7
1209.0,0.042,26.7,0.042,26.7,0.042,26.7,0.044,26.7
1209.5,0.044,26.7,0.044,26.7,0.044,26.7,0.044,26.7
1210.0,0.041,26.7,0.040,26.7,0.046,26.7,0.042,26.7
1210.5,0.043,26.6,0.042,26.6,0.043,26.6,0.046,26.7
1211.0,0.040,26.6,0.041,26.6,0.040,26.6,0.046,26.6
1211.5,0.041,26.6,0.040,26.6,0.036,26.7,0.043,26.6
1212.0,0.048,26.6,0.047,26.6,0.042,26.6,0.046,26.7
1212.5,0.046,26.6,0.046,26.6,0.047,26.6,0.047,26.6
1213.0,0.046,26.6,0.047,26.6,0.050,26.6,0.046,26.6
1213.5,0.043,26.6,0.041,26.6,0.047,26.6,0.045,26.6
1214.0,0.043,26.6,0.043,26.6,0.043,26.6,0.043,26.6
1214.5,0.033,26.6,0.035,26.6,0.039,26.6,0.040,26.6
1215.0,0.026,26.6,0.026,26.6,0.025,26.6,0.030,26.6
1215.5,0.040,26.6,0.038,26.6,0.035,26.5,0.035,26.5
1216.0,0.044,26.6,0.044,26.6,0.041,26.6,0.047,26.6
1216.5,0.049,26.6,0.050,26.6,0.042,26.6,0.049,26.6
1217.0,0.046,26.6,0.046,26.6,0.048,26.6,0.047,26.6
1217.5,0.042,26.5,0.043,26.6,0.043,26.5,0.047,26.6
1218.0,0.043,26.6,0.042,26.6,0.042,26.5,0.048,26.6
1218.5,0.043,26.6,0.043,26.6,0.045,26.6,0.044,26.5
1219.0,0.047,26.5,0.047,26.5,0.047,26.5,0.048,26.5
1219.5,0.047,26.5,0.047,26.5,0.048,26.5,0.051,26.5
1220.0,0.047,26.5,0.047,26.5,0.045,26.5,0.056,26.5
1220.5,0.046,26.5,0.048,26.5,0.046,26.5,0.053,26.5
1221.0,0.043,26.5,0.043,26.5,0.041,26.5,0.042,26.5
1221.5,0.043,26.5,0.042,26.5,0.041,26.5,0.044,26.5
1222.0,0.042,26.5,0.039,26.5,0.046,26.5,0.043,26.5
1222.5,0.040,26.5,0.040,26.5,0.039,26.5,0.042,26.5
1223.0,0.043,26.5,0.042,26.5,0.044,26.5,0.040,26.5
1223.5,0.039,26.5,0.040,26.5,0.042,26.5,0.039,26.5
1224.0,0.038,26.5,0.038,26.5,0.037,26.5,0.042,26.5
1224.5,0.031,26.5,0.033,26.5,0.031,26.5,0.033,26.5
1225.0,0.034,26.5,0.037,26.5,0.034,26.5,0.031,26.5
1225.5,0.035,26.5,0.037,26.5,0.036,26.5,0.036,26.5
1226.0,0.036,26.5,0.036,26.6,0.036,26.5,0.033,26.5
1226.5,0.036,26.5,0.039,26.5,0.037,26.5,0.038,26.5
1227.0,0.038,26.5,0.037,26.5,0.038,26.5,0.037,26.5
1227.5,0.045,26.5,0.044,26.5,0.044,26.5,0.043,26.5
1228.0,0.046,26.5,0.046,26.5,0.048,26.5,0.046,26.5
1228.5,0.047,26.5,0.046,26.5,0.045,26.5,0.050,26.5
1229.0,0.047,26.5,0.046,26.5,0.047,26.5,0.048,26.5
1229.5,0.045,26.5,0.045,26.5,0.048,26.5,0.043,26.5
1230.0,0.044,26.5,0.046,26.5,0.047,26.5,0.042,26.5
1230.5,0.040,26.5,0.041,26.5,0.042,26.5,0.040,26.5
1231.0,0.042,26.4,0.040,26.5,0.043,26.4,0.042,26.5
1231.5,0.047,26.5,0.045,26.5,0.046,26.5,0.044,26.5
1232.0,0.047,26.4,0.047,26.4,0.049,26.4,0.046,26.5
1232.5,0.044,26.5,0.044,26.5,0.047,26.5,0.044,26.4
1233.0,0.037,26.5,0.036,26.5,0.039,26.5,0.038,26.5
1233.5,0.037,26.4,0.037,26.5,0.036,26.5,0.035,26.4
1234.0,0.032,26.5,0.032,26.5,0.031,26.5,0.033,26.4
1234.5,0.033,26.5,0.034,26.5,0.032,26.5,0.030,26.5
1235.0,0.035,26.5,0.036,26.5,0.037,26.5,0.033,26.5
1235.5,0.031,26.5,0.030,26.4,0.033,26.5,0.032,26.5
1236.0,0.034,26.5,0.034,26.5,0.033,26.5,0.034,26.5
1236.5,0.036,26.5,0.035,26.5,0.034,26.5,0.035,26.5
1237.0,0.037,26.5,0.036,26.5,0.037,26.5,0.041,26.5
1237.5,0.037,26.5,0.036,26.5,0.036,26.5,0.045,26.5
1238.0,0.037,26.5,0.037,26.5,0.034,26.5,0.042,26.5
1238.5,0.037,26.5,0.038,26.5,0.035,26.5,0.036,26.5
1239.0,0.035,26.5,0.037,26.5,0.034,26.5,0.039,26.5
1239.5,0.036,26.5,0.038,26.5,0.039,26.5,0.038,26.5
1240.0,0.035,26.5,0.033,26.5,0.037,26.5,0.036,26.5
1240.5,0.031,26.5,0.031,26.5,0.030,26.5,0.032,26.5
1241.0,0.032,26.5,0.034,26.5,0.031,26.5,0.038,26.4
1241.5,0.027,26.5,0.028,26.5,0.027,26.5,0.031,26.5
1242.0,0.030,26.5,0.030,26.5,0.030,26.5,0.027,26.5
1242.5,0.029,26.5,0.031,26.5,0.029,26.5,0.030,26.5
1243.0,0.029,26.5,0.032,26.6,0.029,26.5,0.028,26.5
1243.5,0.028,26.5,0.031,26.5,0.029,26.5,0.029,26.5
1244.0,0.026,26.5,0.027,26.5,0.026,26.5,0.024,26.5
1244.5,0.027,26.5,0.027,26.5,0.031,26.5,0.025,26.5
1245.0,0.024,26.5,0.025,26.5,0.026,26.5,0.024,26.5
1245.5,0.026,26.5,0.026,26.5,0.028,26.5,0.027,26.5
1246.0,0.027,26.6,0.029,26.5,0.029,26.6,0.028,26.6
1246.5,0.028,26.6,0.028,26.6,0.027,26.5,0.028,26.6
1247.0,0.029,26.6,0.029,26.6,0.028,26.6,0.029,26.6
