time_s,s1_flow_ml_min,s1_temp_c,s2_flow_ml_min,s2_temp_c,s3_flow_ml_min,s3_temp_c,s4_flow_ml_min,s4_temp_c
0.0,0.057,31.2,0.057,31.2,0.059,31.2,0.057,31.2
0.5,0.055,31.2,0.055,31.2,0.056,31.2,0.056,31.2
1.0,0.054,31.3,0.054,31.2,0.055,31.2,0.054,31.3
1.5,0.052,31.3,0.052,31.3,0.053,31.3,0.052,31.3
2.0,0.050,31.3,0.052,31.3,0.051,31.3,0.052,31.3
2.5,0.048,31.3,0.048,31.3,0.049,31.3,0.050,31.3
3.0,0.050,31.4,0.050,31.4,0.048,31.4,0.050,31.4
3.5,0.051,31.4,0.051,31.4,0.051,31.4,0.054,31.4
4.0,0.051,31.4,0.052,31.4,0.052,31.4,0.051,31.4
4.5,0.053,31.4,0.053,31.5,0.053,31.4,0.053,31.4
5.0,0.052,31.5,0.051,31.4,0.052,31.5,0.052,31.5
5.5,0.052,31.4,0.051,31.4,0.054,31.5,0.052,31.5
6.0,0.051,31.5,0.051,31.5,0.052,31.5,0.051,31.4
6.5,0.050,31.5,0.050,31.4,0.050,31.5,0.051,31.5
7.0,0.051,31.5,0.052,31.5,0.050,31.5,0.052,31.5
7.5,0.047,31.5,0.048,31.5,0.048,31.5,0.047,31.5
8.0,0.042,31.5,0.042,31.5,0.041,31.5,0.042,31.5
8.5,0.039,31.5,0.038,31.5,0.039,31.5,0.040,31.6
9.0,0.038,31.6,0.039,31.6,0.037,31.6,0.041,31.6
9.5,0.039,31.6,0.040,31.6,0.042,31.6,0.040,31.6
10.0,0.039,31.6,0.039,31.6,0.039,31.6,0.039,31.6
10.5,0.040,31.6,0.039,31.6,0.042,31.6,0.039,31.6
11.0,0.039,31.6,0.039,31.6,0.040,31.6,0.039,31.6
11.5,0.040,31.6,0.040,31.6,0.040,31.6,0.039,31.6
12.0,0.038,31.7,0.039,31.7,0.038,31.7,0.039,31.7
12.5,0.036,31.7,0.037,31.7,0.037,31.7,0.039,31.6
13.0,0.034,31.7,0.034,31.7,0.035,31.7,0.036,31.7
13.5,0.034,31.7,0.034,31.7,0.033,31.7,0.034,31.7
14.0,0.032,31.7,0.033,31.7,0.033,31.7,0.032,31.7
14.5,0.030,31.8,0.030,31.7,0.031,31.8,0.029,31.8
15.0,0.030,31.8,0.029,31.8,0.032,31.7,0.030,31.8
15.5,0.030,31.8,0.031,31.8,0.029,31.8,0.032,31.8
16.0,0.030,31.8,0.030,31.8,0.029,31.8,0.031,31.8
16.5,0.029,31.8,0.028,31.8,0.030,31.8,0.030,31.8
17.0,0.028,31.9,0.028,31.8,0.028,31.9,0.028,31.8
17.5,0.027,31.9,0.027,31.8,0.028,31.8,0.030,31.9
18.0,0.025,31.9,0.026,31.9,0.028,31.9,0.029,31.9
18.5,0.024,31.9,0.026,31.9,0.027,31.9,0.025,31.9
19.0,0.024,31.9,0.025,31.9,0.025,31.9,0.024,32.0
19.5,0.024,32.0,0.025,32.0,0.024,32.0,0.023,32.0
20.0,0.024,32.0,0.025,32.0,0.026,32.0,0.027,31.9
20.5,0.023,32.0,0.023,32.0,0.021,32.0,0.025,32.0
21.0,0.024,32.0,0.024,32.0,0.023,32.0,0.022,32.0
21.5,0.024,32.0,0.024,32.0,0.025,32.0,0.024,32.0
22.0,0.024,32.0,0.025,32.0,0.026,32.0,0.025,32.0
22.5,0.024,32.0,0.025,32.0,0.026,32.0,0.024,32.1
23.0,0.024,32.1,0.025,32.1,0.025,32.1,0.026,32.1
23.5,0.024,32.1,0.025,32.1,0.024,32.1,0.025,32.1
24.0,0.024,32.1,0.026,32.1,0.022,32.1,0.027,32.1
24.5,0.024,32.1,0.024,32.1,0.025,32.1,0.025,32.1
25.0,0.022,32.1,0.023,32.1,0.022,32.1,0.025,32.1
25.5,0.020,32.1,0.020,32.1,0.020,32.1,0.021,32.1
26.0,0.017,32.2,0.017,32.2,0.019,32.2,0.018,32.1
26.5,0.015,32.2,0.014,32.2,0.015,32.1,0.014,32.2
27.0,0.014,32.2,0.013,32.2,0.014,32.2,0.012,32.2
27.5,0.012,32.2,0.014,32.2,0.010,32.2,0.012,32.2
28.0,0.011,32.2,0.011,32.2,0.011,32.2,0.011,32.2
28.5,0.007,32.2,0.009,32.2,0.007,32.2,0.009,32.2
29.0,0.002,32.2,0.002,32.3,0.001,32.3,0.004,32.3
29.5,-0.006,32.3,-0.006,32.3,-0.004,32.2,-0.001,32.3
30.0,-0.018,32.3,-0.018,32.3,-0.006,32.2,-0.017,32.3
30.5,-0.035,32.3,-0.035,32.3,-0.028,32.3,-0.034,32.3
31.0,-0.060,32.4,-0.060,32.4,-0.054,32.4,-0.061,32.4
31.5,-0.096,32.4,-0.096,32.4,-0.090,32.4,-0.088,32.4
32.0,-0.137,32.4,-0.137,32.4,-0.132,32.4,-0.132,32.4
32.5,-0.176,32.3,-0.177,32.3,-0.172,32.3,-0.174,32.3
33.0,-0.223,32.2,-0.223,32.1,-0.221,32.2,-0.218,32.2
33.5,-0.275,32.0,-0.274,32.0,-0.265,32.0,-0.274,32.0
34.0,-0.323,31.8,-0.324,31.8,-0.305,31.9,-0.321,31.8
34.5,-0.356,31.6,-0.356,31.6,-0.346,31.7,-0.348,31.6
35.0,-0.355,31.4,-0.355,31.4,-0.357,31.4,-0.353,31.5
35.5,-0.333,31.2,-0.334,31.3,-0.334,31.2,-0.330,31.3
36.0,-0.305,31.2,-0.303,31.2,-0.320,31.2,-0.306,31.2
36.5,-0.271,31.2,-0.269,31.1,-0.273,31.1,-0.278,31.2
37.0,-0.240,31.1,-0.242,31.1,-0.244,31.1,-0.251,31.2
37.5,-0.217,31.2,-0.217,31.2,-0.219,31.2,-0.222,31.2
38.0,-0.191,31.2,-0.190,31.2,-0.192,31.2,-0.203,31.2
38.5,-0.170,31.3,-0.170,31.3,-0.171,31.3,-0.173,31.3
39.0,-0.152,31.3,-0.155,31.3,-0.162,31.3,-0.154,31.3
39.5,-0.137,31.4,-0.136,31.4,-0.136,31.4,-0.142,31.3
40.0,-0.122,31.4,-0.122,31.4,-0.122,31.4,-0.124,31.4
40.5,-0.112,31.5,-0.114,31.5,-0.114,31.4,-0.114,31.5
41.0,-0.102,31.5,-0.102,31.6,-0.114,31.4,-0.103,31.5
41.5,-0.093,31.6,-0.093,31.6,-0.103,31.5,-0.094,31.6
42.0,-0.083,31.7,-0.083,31.6,-0.084,31.6,-0.085,31.6
42.5,-0.073,31.7,-0.074,31.7,-0.075,31.7,-0.079,31.7
43.0,-0.066,31.8,-0.067,31.8,-0.066,31.8,-0.067,31.8
43.5,-0.057,31.8,-0.058,31.8,-0.056,31.8,-0.056,31.8
44.0,-0.047,31.9,-0.049,31.9,-0.046,31.9,-0.048,31.9
44.5,-0.036,32.0,-0.037,32.0,-0.038,31.9,-0.041,31.9
45.0,-0.028,32.0,-0.028,32.0,-0.027,32.0,-0.030,32.0
45.5,-0.021,32.1,-0.022,32.1,-0.022,32.1,-0.022,32.1
46.0,-0.014,32.2,-0.017,32.1,-0.015,32.2,-0.015,32.1
46.5,-0.006,32.2,-0.007,32.2,-0.008,32.2,-0.007,32.2
47.0,0.001,32.3,0.002,32.2,-0.004,32.2,0.000,32.2
47.5,0.009,32.3,0.009,32.3,0.008,32.3,0.007,32.3
48.0,0.017,32.3,0.016,32.3,0.017,32.4,0.010,32.3
48.5,0.021,32.4,0.022,32.4,0.021,32.4,0.018,32.3
49.0,0.025,32.4,0.026,32.4,0.022,32.4,0.026,32.4
49.5,0.028,32.4,0.028,32.4,0.027,32.4,0.027,32.4
50.0,0.029,32.5,0.030,32.5,0.030,32.5,0.030,32.4
50.5,0.031,32.4,0.032,32.5,0.031,32.5,0.032,32.5
51.0,0.033,32.5,0.033,32.5,0.032,32.4,0.034,32.5
51.5,0.036,32.5,0.037,32.5,0.036,32.4,0.036,32.4
52.0,0.038,32.4,0.038,32.5,0.038,32.5,0.039,32.5
52.5,0.042,32.4,0.043,32.5,0.042,32.5,0.042,32.4
53.0,0.044,32.4,0.045,32.4,0.047,32.4,0.045,32.4
53.5,0.047,32.4,0.047,32.4,0.048,32.4,0.047,32.4
54.0,0.049,32.4,0.050,32.4,0.050,32.4,0.048,32.4
54.5,0.051,32.4,0.049,32.4,0.050,32.5,0.051,32.4
55.0,0.052,32.4,0.051,32.4,0.052,32.4,0.053,32.4
55.5,0.052,32.4,0.051,32.4,0.052,32.4,0.053,32.4
56.0,0.054,32.4,0.053,32.4,0.054,32.4,0.054,32.4
56.5,0.054,32.4,0.055,32.4,0.055,32.4,0.055,32.4
57.0,0.053,32.4,0.053,32.4,0.055,32.4,0.055,32.4
57.5,0.056,32.3,0.056,32.3,0.056,32.3,0.057,32.3
58.0,0.056,32.3,0.056,32.3,0.057,32.3,0.057,32.3
58.5,0.056,32.3,0.057,32.3,0.057,32.3,0.058,32.3
59.0,0.055,32.3,0.055,32.3,0.056,32.3,0.056,32.3
59.5,0.053,32.3,0.053,32.3,0.053,32.3,0.052,32.3
60.0,0.051,32.3,0.050,32.3,0.050,32.3,0.051,32.3
60.5,0.050,32.3,0.050,32.3,0.050,32.3,0.052,32.3
61.0,0.050,32.3,0.051,32.3,0.048,32.3,0.049,32.3
61.5,0.049,32.3,0.049,32.3,0.049,32.3,0.050,32.3
62.0,0.051,32.3,0.051,32.3,0.052,32.3,0.051,32.3
62.5,0.053,32.3,0.055,32.4,0.052,32.3,0.054,32.3
63.0,0.054,32.3,0.054,32.3,0.054,32.3,0.054,32.3
63.5,0.057,32.3,0.057,32.3,0.057,32.3,0.055,32.3
64.0,0.056,32.3,0.058,32.3,0.057,32.3,0.058,32.3
64.5,0.057,32.3,0.058,32.3,0.059,32.3,0.060,32.3
65.0,0.057,32.3,0.056,32.3,0.056,32.3,0.058,32.3
65.5,0.056,32.3,0.057,32.3,0.054,32.3,0.057,32.3
66.0,0.056,32.3,0.055,32.3,0.056,32.3,0.055,32.3
66.5,0.055,32.3,0.055,32.3,0.057,32.3,0.056,32.3
67.0,0.056,32.3,0.056,32.3,0.058,32.3,0.056,32.3
67.5,0.056,32.3,0.056,32.3,0.057,32.3,0.057,32.3
68.0,0.057,32.3,0.057,32.3,0.057,32.3,0.056,32.3
68.5,0.056,32.3,0.055,32.3,0.058,32.3,0.057,32.3
69.0,0.052,32.3,0.053,32.3,0.056,32.3,0.053,32.3
69.5,0.050,32.3,0.050,32.3,0.051,32.3,0.051,32.3
70.0,0.049,32.3,0.048,32.3,0.048,32.3,0.050,32.3
70.5,0.048,32.3,0.047,32.3,0.049,32.3,0.049,32.3
71.0,0.047,32.3,0.048,32.3,0.049,32.3,0.048,32.3
71.5,0.047,32.3,0.048,32.3,0.047,32.3,0.047,32.3
72.0,0.050,32.3,0.050,32.3,0.050,32.3,0.048,32.3
72.5,0.052,32.3,0.051,32.3,0.052,32.3,0.051,32.4
73.0,0.054,32.3,0.054,32.3,0.054,32.3,0.053,32.4
73.5,0.055,32.3,0.055,32.3,0.056,32.3,0.054,32.3
74.0,0.056,32.3,0.057,32.3,0.056,32.3,0.055,32.3
74.5,0.057,32.3,0.058,32.3,0.058,32.3,0.056,32.3
75.0,0.056,32.3,0.057,32.3,0.058,32.3,0.056,32.3
75.5,0.056,32.3,0.056,32.3,0.057,32.4,0.056,32.3
76.0,0.056,32.3,0.056,32.3,0.055,32.3,0.055,32.3
76.5,0.057,32.3,0.058,32.3,0.056,32.3,0.057,32.3
77.0,0.057,32.3,0.059,32.3,0.057,32.3,0.058,32.3
77.5,0.057,32.3,0.058,32.3,0.057,32.3,0.058,32.3
78.0,0.056,32.3,0.056,32.3,0.056,32.3,0.057,32.3
78.5,0.054,32.3,0.053,32.3,0.053,32.3,0.055,32.3
79.0,0.051,32.3,0.052,32.3,0.052,32.3,0.051,32.3
79.5,0.050,32.3,0.051,32.3,0.051,32.3,0.050,32.3
80.0,0.050,32.3,0.050,32.3,0.050,32.3,0.050,32.3
80.5,0.051,32.3,0.051,32.3,0.052,32.3,0.051,32.3
81.0,0.052,32.3,0.051,32.3,0.052,32.4,0.052,32.3
81.5,0.052,32.3,0.052,32.4,0.050,32.4,0.053,32.3
82.0,0.052,32.3,0.052,32.3,0.050,32.4,0.051,32.3
82.5,0.052,32.3,0.051,32.4,0.053,32.3,0.052,32.4
83.0,0.052,32.4,0.052,32.3,0.055,32.3,0.051,32.4
83.5,0.053,32.3,0.053,32.3,0.053,32.3,0.052,32.4
84.0,0.052,32.4,0.051,32.4,0.052,32.4,0.053,32.4
84.5,0.051,32.4,0.050,32.4,0.051,32.4,0.051,32.4
85.0,0.051,32.4,0.050,32.4,0.051,32.4,0.051,32.4
85.5,0.048,32.4,0.049,32.4,0.049,32.3,0.048,32.4
86.0,0.047,32.4,0.046,32.4,0.047,32.4,0.048,32.4
86.5,0.045,32.4,0.046,32.4,0.047,32.4,0.045,32.4
87.0,0.042,32.4,0.043,32.4,0.042,32.4,0.043,32.4
87.5,0.040,32.4,0.041,32.4,0.040,32.3,0.041,32.4
88.0,0.039,32.4,0.038,32.4,0.039,32.4,0.038,32.4
88.5,0.037,32.4,0.036,32.4,0.037,32.5,0.038,32.4
89.0,0.036,32.5,0.036,32.4,0.038,32.5,0.038,32.5
89.5,0.036,32.5,0.037,32.5,0.036,32.5,0.037,32.5
90.0,0.036,32.5,0.035,32.5,0.035,32.5,0.036,32.5
90.5,0.034,32.5,0.034,32.5,0.033,32.5,0.034,32.5
91.0,0.033,32.5,0.034,32.5,0.032,32.5,0.034,32.6
91.5,0.033,32.5,0.033,32.5,0.032,32.5,0.033,32.5
92.0,0.033,32.5,0.032,32.5,0.033,32.5,0.032,32.6
92.5,0.033,32.5,0.033,32.5,0.035,32.5,0.032,32.6
93.0,0.032,32.6,0.031,32.6,0.032,32.6,0.032,32.6
93.5,0.030,32.6,0.030,32.6,0.032,32.6,0.031,32.6
94.0,0.030,32.6,0.030,32.6,0.029,32.6,0.029,32.6
94.5,0.029,32.6,0.029,32.6,0.030,32.6,0.030,32.6
95.0,0.027,32.6,0.027,32.6,0.028,32.6,0.030,32.6
95.5,0.025,32.6,0.026,32.6,0.025,32.6,0.028,32.6
96.0,0.024,32.7,0.025,32.6,0.023,32.7,0.024,32.6
96.5,0.022,32.7,0.023,32.7,0.024,32.7,0.022,32.6
97.0,0.022,32.7,0.022,32.7,0.024,32.7,0.022,32.7
97.5,0.022,32.7,0.023,32.7,0.024,32.7,0.022,32.7
98.0,0.022,32.7,0.022,32.7,0.022,32.7,0.022,32.7
98.5,0.022,32.7,0.022,32.7,0.021,32.7,0.024,32.7
99.0,0.022,32.8,0.023,32.8,0.023,32.8,0.024,32.8
99.5,0.024,32.8,0.025,32.8,0.025,32.8,0.025,32.8
100.0,0.024,32.8,0.025,32.8,0.026,32.8,0.024,32.7
100.5,0.024,32.8,0.024,32.8,0.024,32.8,0.024,32.8
101.0,0.024,32.8,0.024,32.8,0.024,32.8,0.024,32.8
101.5,0.024,32.8,0.024,32.8,0.024,32.8,0.024,32.8
102.0,0.024,32.8,0.024,32.8,0.024,32.8,0.024,32.7
102.5,0.023,32.8,0.023,32.8,0.023,32.8,0.025,32.8
103.0,0.022,32.8,0.022,32.8,0.022,32.8,0.024,32.8
103.5,0.022,32.8,0.021,32.8,0.022,32.8,0.021,32.9
104.0,0.022,32.8,0.022,32.8,0.020,32.8,0.020,32.8
104.5,0.020,32.8,0.022,32.9,0.020,32.9,0.022,32.8
105.0,0.019,32.9,0.018,32.9,0.020,32.9,0.018,32.9
105.5,0.017,32.9,0.017,32.9,0.018,32.9,0.017,32.9
106.0,0.014,32.9,0.014,32.9,0.015,32.9,0.017,32.9
106.5,0.011,32.9,0.011,32.9,0.013,32.9,0.012,32.9
107.0,0.009,32.9,0.008,32.9,0.010,32.9,0.011,32.9
107.5,0.007,33.0,0.007,32.9,0.007,32.9,0.006,33.0
108.0,0.004,33.0,0.003,33.0,0.005,33.0,0.006,33.0
108.5,-0.003,33.0,-0.002,33.0,0.002,33.0,0.001,33.0
109.0,-0.013,33.0,-0.012,33.0,-0.009,33.0,-0.011,33.0
109.5,-0.028,33.1,-0.029,33.0,-0.022,33.0,-0.026,33.1
110.0,-0.047,33.1,-0.047,33.1,-0.040,33.0,-0.047,33.1
110.5,-0.071,33.1,-0.071,33.1,-0.067,33.1,-0.071,33.1
111.0,-0.110,33.1,-0.109,33.1,-0.104,33.1,-0.106,33.1
111.5,-0.149,33.0,-0.152,33.0,-0.140,33.1,-0.143,33.1
112.0,-0.188,33.0,-0.186,33.0,-0.155,33.1,-0.179,33.0
112.5,-0.242,32.8,-0.238,32.8,-0.232,32.9,-0.237,32.9
113.0,-0.290,32.6,-0.290,32.6,-0.282,32.7,-0.282,32.7
113.5,-0.317,32.4,-0.316,32.4,-0.314,32.4,-0.312,32.6
114.0,-0.310,32.2,-0.312,32.2,-0.314,32.2,-0.308,32.4
114.5,-0.281,32.1,-0.282,32.1,-0.284,32.1,-0.288,32.1
115.0,-0.247,32.0,-0.250,32.0,-0.248,32.1,-0.246,32.0
115.5,-0.226,32.0,-0.225,32.0,-0.228,32.0,-0.227,32.0
116.0,-0.202,32.0,-0.201,32.0,-0.206,32.0,-0.206,32.0
116.5,-0.180,32.0,-0.181,32.0,-0.182,32.0,-0.188,32.1
117.0,-0.160,32.1,-0.161,32.1,-0.162,32.1,-0.163,32.0
117.5,-0.145,32.1,-0.145,32.1,-0.146,32.1,-0.143,32.1
118.0,-0.133,32.1,-0.135,32.1,-0.134,32.1,-0.134,32.1
118.5,-0.123,32.2,-0.124,32.2,-0.124,32.2,-0.125,32.2
119.0,-0.112,32.2,-0.113,32.2,-0.113,32.2,-0.114,32.2
119.5,-0.101,32.3,-0.102,32.2,-0.104,32.2,-0.099,32.3
120.0,-0.090,32.3,-0.091,32.3,-0.094,32.3,-0.091,32.3
120.5,-0.080,32.4,-0.080,32.4,-0.094,32.3,-0.080,32.4
121.0,-0.072,32.4,-0.071,32.4,-0.082,32.4,-0.071,32.4
121.5,-0.065,32.5,-0.065,32.5,-0.065,32.5,-0.066,32.4
122.0,-0.051,32.5,-0.051,32.5,-0.052,32.6,-0.057,32.5
122.5,-0.041,32.6,-0.042,32.6,-0.043,32.6,-0.043,32.6
123.0,-0.035,32.7,-0.035,32.7,-0.033,32.7,-0.036,32.7
123.5,-0.029,32.7,-0.030,32.7,-0.032,32.7,-0.031,32.7
124.0,-0.023,32.8,-0.023,32.8,-0.024,32.8,-0.025,32.8
124.5,-0.021,32.8,-0.020,32.9,-0.021,32.8,-0.022,32.8
125.0,-0.017,32.9,-0.017,32.9,-0.017,32.9,-0.021,32.8
125.5,-0.011,32.9,-0.012,32.9,-0.012,32.9,-0.013,32.9
126.0,-0.002,33.0,-0.002,32.9,-0.003,33.0,-0.003,33.0
126.5,0.006,33.0,0.006,33.0,0.005,33.0,0.004,33.1
127.0,0.011,33.0,0.012,33.1,0.012,33.0,0.009,33.1
127.5,0.015,33.1,0.014,33.1,0.015,33.0,0.014,33.1
128.0,0.018,33.1,0.019,33.1,0.018,33.1,0.016,33.1
128.5,0.022,33.1,0.023,33.1,0.022,33.1,0.023,33.1
129.0,0.024,33.2,0.024,33.2,0.024,33.2,0.024,33.1
129.5,0.027,33.1,0.027,33.2,0.024,33.2,0.026,33.1
130.0,0.031,33.2,0.032,33.2,0.030,33.2,0.031,33.2
130.5,0.035,33.2,0.035,33.1,0.036,33.2,0.035,33.2
131.0,0.039,33.2,0.037,33.2,0.039,33.1,0.039,33.2
131.5,0.041,33.2,0.042,33.2,0.041,33.1,0.041,33.2
132.0,0.044,33.1,0.045,33.1,0.044,33.1,0.043,33.1
132.5,0.047,33.1,0.047,33.1,0.047,33.1,0.045,33.1
133.0,0.048,33.1,0.048,33.1,0.049,33.1,0.046,33.1
133.5,0.048,33.1,0.048,33.1,0.049,33.1,0.048,33.1
134.0,0.049,33.1,0.049,33.1,0.048,33.1,0.049,33.1
134.5,0.050,33.1,0.050,33.1,0.050,33.1,0.052,33.1
135.0,0.050,33.0,0.050,33.1,0.050,33.0,0.050,33.1
135.5,0.053,33.0,0.053,33.1,0.051,33.0,0.051,33.0
136.0,0.052,33.0,0.052,33.0,0.052,33.0,0.054,33.1
136.5,0.051,33.0,0.051,33.0,0.051,33.0,0.052,33.0
137.0,0.048,33.0,0.049,33.0,0.049,33.0,0.048,33.0
137.5,0.045,33.0,0.046,33.0,0.048,33.0,0.046,33.0
138.0,0.046,33.0,0.046,33.0,0.047,32.9,0.046,32.9
138.5,0.047,33.0,0.047,33.0,0.047,32.9,0.047,33.0
139.0,0.048,33.0,0.047,33.0,0.047,33.0,0.049,32.9
139.5,0.048,33.0,0.047,33.0,0.049,33.0,0.048,33.0
140.0,0.049,33.0,0.049,32.9,0.051,33.0,0.049,33.0
140.5,0.053,32.9,0.053,32.9,0.052,32.9,0.051,33.0
141.0,0.054,33.0,0.054,33.0,0.055,33.0,0.052,32.9
141.5,0.056,32.9,0.057,33.0,0.056,33.0,0.055,32.9
142.0,0.056,32.9,0.057,33.0,0.057,32.9,0.058,33.0
142.5,0.055,32.9,0.055,32.9,0.056,32.9,0.058,32.9
143.0,0.054,32.9,0.054,32.9,0.055,32.9,0.056,32.9
143.5,0.054,32.9,0.053,32.9,0.055,32.9,0.054,32.9
144.0,0.054,32.9,0.053,32.9,0.053,32.9,0.054,32.9
144.5,0.053,32.9,0.053,32.9,0.053,32.9,0.054,32.9
145.0,0.054,32.9,0.056,32.9,0.055,32.9,0.052,32.9
145.5,0.054,32.9,0.054,32.9,0.054,32.9,0.053,32.9
146.0,0.052,32.9,0.053,32.9,0.053,32.9,0.052,32.9
146.5,0.050,32.9,0.051,32.9,0.051,32.9,0.049,32.9
147.0,0.048,32.9,0.048,32.9,0.048,32.9,0.048,32.9
147.5,0.049,32.9,0.049,32.9,0.048,32.9,0.050,32.9
148.0,0.050,32.9,0.050,32.9,0.050,32.9,0.050,32.9
148.5,0.049,32.9,0.050,32.9,0.049,32.9,0.049,32.9
149.0,0.051,32.9,0.051,32.9,0.050,32.9,0.050,32.9
149.5,0.053,32.9,0.055,32.9,0.052,32.9,0.050,33.0
150.0,0.055,32.9,0.056,32.9,0.054,32.9,0.053,32.9
150.5,0.056,32.9,0.056,32.9,0.056,32.9,0.054,32.9
151.0,0.057,32.9,0.057,32.9,0.059,32.9,0.057,32.9
151.5,0.059,32.9,0.059,32.9,0.059,32.9,0.059,32.9
152.0,0.059,32.9,0.059,32.9,0.059,32.9,0.058,32.9
152.5,0.058,32.9,0.058,32.9,0.059,32.9,0.060,32.9
153.0,0.059,32.9,0.058,32.9,0.060,32.9,0.059,32.9
153.5,0.059,32.9,0.060,32.9,0.059,32.9,0.060,32.9
154.0,0.059,32.9,0.060,32.9,0.059,32.9,0.058,32.9
154.5,0.058,32.9,0.057,32.9,0.057,32.9,0.057,32.9
155.0,0.056,32.8,0.056,32.9,0.055,32.8,0.056,32.9
155.5,0.053,32.9,0.052,32.8,0.052,32.9,0.056,32.8
156.0,0.049,32.9,0.050,32.9,0.049,32.9,0.052,32.9
156.5,0.045,32.9,0.046,32.9,0.044,32.9,0.049,32.9
157.0,0.044,32.9,0.045,32.9,0.044,32.9,0.044,32.8
157.5,0.045,32.9,0.046,32.9,0.045,32.9,0.044,32.8
158.0,0.046,32.9,0.045,32.9,0.045,32.9,0.046,32.9
158.5,0.046,32.9,0.047,32.9,0.047,32.9,0.046,32.9
159.0,0.047,32.9,0.047,33.0,0.047,32.9,0.046,32.9
159.5,0.048,32.9,0.048,33.0,0.047,32.9,0.047,32.9
160.0,0.049,32.9,0.049,32.9,0.049,33.0,0.050,32.9
160.5,0.049,32.9,0.049,32.9,0.049,32.9,0.049,32.9
161.0,0.050,32.9,0.049,32.9,0.052,32.9,0.048,33.0
161.5,0.049,32.9,0.049,33.0,0.050,32.9,0.048,32.9
162.0,0.050,32.9,0.049,32.9,0.051,33.0,0.051,32.9
162.5,0.050,32.9,0.050,32.9,0.052,33.0,0.050,32.9
163.0,0.049,32.9,0.049,32.9,0.048,32.9,0.049,32.9
163.5,0.048,32.9,0.048,32.9,0.047,32.9,0.049,32.9
164.0,0.047,32.9,0.046,32.9,0.048,33.0,0.049,32.9
164.5,0.046,33.0,0.047,33.0,0.048,33.0,0.046,32.9
165.0,0.044,32.9,0.045,32.9,0.046,32.9,0.046,33.0
165.5,0.043,32.9,0.043,33.0,0.043,33.0,0.044,32.9
166.0,0.041,33.0,0.042,33.0,0.043,33.0,0.041,33.0
166.5,0.037,33.0,0.036,33.0,0.038,33.0,0.037,33.0
167.0,0.035,33.0,0.035,33.0,0.037,33.0,0.035,33.0
167.5,0.036,33.0,0.036,33.0,0.035,33.0,0.034,33.0
168.0,0.036,33.0,0.036,33.0,0.035,33.1,0.036,33.0
168.5,0.036,33.0,0.037,33.0,0.036,33.1,0.034,33.0
169.0,0.035,33.1,0.035,33.1,0.035,33.1,0.035,33.0
169.5,0.035,33.1,0.036,33.0,0.034,33.1,0.035,33.1
170.0,0.034,33.1,0.035,33.1,0.035,33.1,0.036,33.0
170.5,0.034,33.1,0.035,33.1,0.036,33.1,0.035,33.1
171.0,0.033,33.1,0.034,33.1,0.034,33.1,0.034,33.1
171.5,0.033,33.1,0.034,33.1,0.033,33.1,0.033,33.1
172.0,0.032,33.1,0.033,33.1,0.032,33.1,0.033,33.1
172.5,0.030,33.1,0.031,33.1,0.031,33.1,0.031,33.1
173.0,0.029,33.1,0.029,33.1,0.029,33.1,0.028,33.1
173.5,0.028,33.1,0.028,33.1,0.028,33.1,0.028,33.1
174.0,0.028,33.2,0.029,33.1,0.028,33.2,0.030,33.2
174.5,0.028,33.2,0.028,33.2,0.030,33.2,0.028,33.1
175.0,0.028,33.2,0.027,33.2,0.028,33.2,0.027,33.2
175.5,0.027,33.2,0.028,33.2,0.027,33.2,0.028,33.2
176.0,0.025,33.2,0.025,33.2,0.028,33.2,0.027,33.2
176.5,0.026,33.2,0.026,33.2,0.028,33.2,0.026,33.2
177.0,0.025,33.2,0.025,33.2,0.027,33.2,0.025,33.2
177.5,0.025,33.2,0.025,33.2,0.025,33.2,0.024,33.2
178.0,0.026,33.2,0.026,33.3,0.025,33.2,0.026,33.2
178.5,0.026,33.3,0.026,33.2,0.024,33.3,0.026,33.2
179.0,0.025,33.3,0.024,33.3,0.026,33.3,0.026,33.2
179.5,0.024,33.3,0.024,33.3,0.024,33.2,0.025,33.3
180.0,0.024,33.3,0.023,33.3,0.023,33.3,0.024,33.3
180.5,0.024,33.3,0.023,33.3,0.024,33.3,0.023,33.3
181.0,0.022,33.3,0.021,33.3,0.024,33.3,0.023,33.3
181.5,0.019,33.3,0.020,33.3,0.022,33.3,0.019,33.3
182.0,0.017,33.3,0.017,33.3,0.016,33.4,0.018,33.3
182.5,0.015,33.3,0.014,33.4,0.014,33.3,0.016,33.3
183.0,0.014,33.4,0.014,33.4,0.015,33.4,0.014,33.4
183.5,0.013,33.4,0.012,33.4,0.012,33.4,0.013,33.5
184.0,0.013,33.4,0.013,33.4,0.012,33.4,0.014,33.4
184.5,0.015,33.4,0.014,33.4,0.015,33.4,0.015,33.4
185.0,0.016,33.4,0.016,33.4,0.017,33.4,0.014,33.4
185.5,0.014,33.5,0.015,33.5,0.015,33.4,0.014,33.5
186.0,0.014,33.5,0.015,33.5,0.014,33.4,0.014,33.4
186.5,0.014,33.5,0.013,33.5,0.015,33.5,0.014,33.5
187.0,0.011,33.5,0.012,33.5,0.014,33.5,0.012,33.5
187.5,0.008,33.5,0.007,33.5,0.010,33.5,0.009,33.5
188.0,-0.001,33.5,-0.001,33.5,0.006,33.5,-0.002,33.6
188.5,-0.015,33.6,-0.015,33.6,-0.013,33.6,-0.013,33.6
189.0,-0.038,33.6,-0.038,33.6,-0.022,33.5,-0.038,33.6
189.5,-0.069,33.6,-0.069,33.6,-0.049,33.6,-0.066,33.6
190.0,-0.099,33.6,-0.099,33.6,-0.097,33.5,-0.096,33.6
190.5,-0.120,33.6,-0.120,33.6,-0.114,33.6,-0.118,33.6
191.0,-0.127,33.6,-0.126,33.6,-0.127,33.6,-0.127,33.6
191.5,-0.123,33.5,-0.126,33.5,-0.125,33.5,-0.126,33.6
192.0,-0.112,33.5,-0.114,33.5,-0.113,33.5,-0.115,33.5
192.5,-0.098,33.5,-0.099,33.5,-0.101,33.5,-0.102,33.5
193.0,-0.085,33.5,-0.086,33.5,-0.087,33.4,-0.086,33.5
193.5,-0.072,33.5,-0.072,33.5,-0.075,33.5,-0.074,33.5
194.0,-0.064,33.5,-0.065,33.5,-0.066,33.5,-0.068,33.5
194.5,-0.061,33.5,-0.060,33.5,-0.060,33.5,-0.061,33.5
195.0,-0.058,33.5,-0.059,33.5,-0.057,33.6,-0.058,33.5
195.5,-0.058,33.6,-0.058,33.6,-0.058,33.6,-0.058,33.6
196.0,-0.056,33.6,-0.056,33.6,-0.056,33.6,-0.056,33.6
196.5,-0.051,33.6,-0.054,33.6,-0.052,33.6,-0.053,33.6
197.0,-0.046,33.6,-0.046,33.6,-0.045,33.6,-0.048,33.6
197.5,-0.044,33.6,-0.045,33.6,-0.045,33.6,-0.045,33.6
198.0,-0.044,33.7,-0.045,33.7,-0.044,33.6,-0.043,33.7
198.5,-0.042,33.7,-0.042,33.7,-0.045,33.7,-0.041,33.7
199.0,-0.038,33.7,-0.037,33.7,-0.039,33.7,-0.038,33.7
199.5,-0.036,33.7,-0.037,33.7,-0.036,33.8,-0.037,33.7
200.0,-0.036,33.8,-0.036,33.8,-0.036,33.8,-0.036,33.8
200.5,-0.035,33.8,-0.035,33.8,-0.034,33.8,-0.033,33.8
201.0,-0.031,33.8,-0.031,33.8,-0.030,33.8,-0.031,33.8
201.5,-0.025,33.8,-0.027,33.9,-0.026,33.8,-0.026,33.9
202.0,-0.020,33.8,-0.021,33.9,-0.021,33.8,-0.020,33.9
202.5,-0.015,33.9,-0.017,33.9,-0.016,33.8,-0.015,33.9
203.0,-0.012,33.9,-0.011,33.9,-0.012,33.9,-0.010,33.9
203.5,-0.012,33.9,-0.011,33.9,-0.011,33.9,-0.011,33.9
204.0,-0.011,33.9,-0.011,33.9,-0.012,33.9,-0.011,33.9
204.5,-0.009,33.9,-0.009,34.0,-0.009,33.9,-0.008,33.9
205.0,-0.007,33.9,-0.007,33.9,-0.007,33.9,-0.006,33.9
205.5,-0.004,34.0,-0.004,34.0,-0.004,33.9,-0.003,33.9
206.0,0.001,34.0,0.000,34.0,0.000,33.9,0.000,34.0
206.5,0.005,34.0,0.006,34.0,0.003,34.0,0.005,34.0
207.0,0.009,34.0,0.009,33.9,0.009,34.0,0.009,33.9
207.5,0.014,34.0,0.014,34.0,0.014,34.0,0.013,34.0
208.0,0.018,34.0,0.018,34.0,0.017,34.0,0.019,34.0
208.5,0.023,34.0,0.023,33.9,0.022,33.9,0.024,34.0
209.0,0.028,34.0,0.029,34.0,0.028,34.0,0.025,33.9
209.5,0.031,34.0,0.031,34.0,0.032,33.9,0.029,33.9
210.0,0.034,34.0,0.034,34.0,0.034,34.0,0.035,34.0
210.5,0.037,33.9,0.038,33.9,0.037,33.9,0.036,33.9
211.0,0.038,33.9,0.038,33.9,0.039,33.9,0.037,33.9
211.5,0.040,33.9,0.040,33.9,0.040,33.9,0.039,33.9
212.0,0.043,33.9,0.042,33.8,0.043,33.9,0.042,33.9
212.5,0.046,33.8,0.046,33.8,0.044,33.8,0.046,33.8
213.0,0.049,33.8,0.049,33.8,0.046,33.8,0.048,33.7
213.5,0.049,33.8,0.050,33.8,0.050,33.8,0.049,33.7
214.0,0.049,33.7,0.047,33.7,0.050,33.7,0.049,33.8
214.5,0.047,33.7,0.047,33.7,0.048,33.8,0.047,33.7
215.0,0.045,33.7,0.046,33.7,0.046,33.7,0.045,33.7
215.5,0.042,33.7,0.042,33.7,0.042,33.7,0.044,33.7
216.0,0.048,33.7,0.048,33.7,0.047,33.7,0.047,33.7
216.5,0.048,33.7,0.049,33.7,0.049,33.7,0.049,33.7
217.0,0.048,33.7,0.048,33.7,0.049,33.7,0.049,33.6
217.5,0.050,33.6,0.050,33.6,0.050,33.6,0.049,33.6
218.0,0.052,33.6,0.051,33.6,0.051,33.6,0.053,33.7
218.5,0.053,33.6,0.053,33.6,0.052,33.6,0.054,33.6
219.0,0.054,33.6,0.055,33.6,0.055,33.6,0.055,33.6
219.5,0.054,33.6,0.054,33.6,0.055,33.6,0.055,33.5
220.0,0.055,33.5,0.055,33.5,0.054,33.6,0.054,33.5
220.5,0.055,33.5,0.055,33.5,0.055,33.6,0.057,33.5
221.0,0.056,33.5,0.056,33.5,0.057,33.5,0.055,33.5
221.5,0.057,33.5,0.057,33.5,0.056,33.5,0.057,33.5
222.0,0.057,33.5,0.059,33.5,0.057,33.5,0.057,33.5
222.5,0.058,33.4,0.057,33.5,0.058,33.5,0.058,33.4
223.0,0.056,33.4,0.055,33.4,0.056,33.5,0.056,33.4
223.5,0.054,33.4,0.055,33.4,0.056,33.5,0.055,33.4
224.0,0.053,33.4,0.054,33.4,0.054,33.5,0.054,33.4
224.5,0.054,33.4,0.054,33.4,0.053,33.4,0.054,33.4
225.0,0.055,33.4,0.055,33.4,0.056,33.4,0.056,33.5
225.5,0.056,33.4,0.056,33.4,0.057,33.4,0.057,33.4
226.0,0.056,33.4,0.057,33.4,0.057,33.4,0.057,33.4
226.5,0.056,33.4,0.057,33.4,0.055,33.4,0.055,33.4
227.0,0.056,33.4,0.057,33.4,0.056,33.4,0.056,33.4
227.5,0.056,33.4,0.056,33.4,0.054,33.4,0.056,33.4
228.0,0.056,33.4,0.056,33.4,0.056,33.4,0.056,33.4
228.5,0.058,33.4,0.057,33.4,0.058,33.3,0.057,33.4
229.0,0.057,33.4,0.056,33.4,0.058,33.3,0.058,33.4
229.5,0.057,33.4,0.057,33.4,0.056,33.4,0.058,33.4
230.0,0.057,33.4,0.058,33.4,0.056,33.4,0.056,33.4
230.5,0.057,33.3,0.057,33.3,0.056,33.3,0.057,33.4
231.0,0.058,33.3,0.057,33.3,0.059,33.3,0.060,33.4
231.5,0.057,33.4,0.056,33.3,0.058,33.3,0.058,33.4
232.0,0.058,33.3,0.057,33.3,0.056,33.3,0.057,33.3
232.5,0.057,33.3,0.058,33.3,0.058,33.3,0.056,33.3
233.0,0.055,33.3,0.055,33.3,0.057,33.4,0.054,33.3
233.5,0.052,33.3,0.053,33.3,0.054,33.3,0.053,33.3
234.0,0.049,33.3,0.050,33.3,0.050,33.3,0.051,33.3
234.5,0.047,33.3,0.047,33.3,0.051,33.3,0.048,33.3
235.0,0.046,33.3,0.045,33.3,0.047,33.3,0.047,33.3
235.5,0.048,33.4,0.049,33.4,0.049,33.3,0.048,33.4
236.0,0.050,33.4,0.052,33.4,0.049,33.4,0.051,33.3
236.5,0.051,33.4,0.051,33.4,0.050,33.4,0.051,33.4
237.0,0.054,33.3,0.053,33.3,0.054,33.3,0.052,33.4
237.5,0.054,33.4,0.054,33.3,0.056,33.3,0.053,33.3
238.0,0.054,33.4,0.055,33.4,0.055,33.4,0.053,33.4
238.5,0.054,33.3,0.056,33.3,0.055,33.4,0.052,33.3
239.0,0.054,33.3,0.055,33.3,0.055,33.4,0.053,33.3
239.5,0.053,33.3,0.053,33.3,0.052,33.3,0.054,33.3
240.0,0.051,33.3,0.052,33.3,0.052,33.3,0.050,33.4
240.5,0.050,33.3,0.049,33.3,0.050,33.3,0.050,33.3
241.0,0.048,33.3,0.047,33.3,0.050,33.3,0.048,33.3
241.5,0.047,33.3,0.048,33.3,0.050,33.3,0.047,33.3
242.0,0.047,33.3,0.047,33.4,0.048,33.3,0.049,33.3
242.5,0.045,33.4,0.046,33.3,0.045,33.3,0.049,33.4
243.0,0.044,33.4,0.043,33.3,0.044,33.4,0.045,33.4
243.5,0.044,33.4,0.044,33.3,0.044,33.4,0.043,33.4
244.0,0.044,33.4,0.045,33.4,0.044,33.3,0.044,33.4
244.5,0.044,33.4,0.044,33.4,0.044,33.4,0.045,33.4
245.0,0.044,33.4,0.045,33.4,0.043,33.3,0.045,33.4
245.5,0.044,33.4,0.046,33.3,0.044,33.4,0.047,33.4
246.0,0.044,33.4,0.045,33.3,0.046,33.3,0.044,33.3
246.5,0.044,33.4,0.043,33.4,0.043,33.4,0.045,33.4
247.0,0.043,33.4,0.043,33.4,0.044,33.4,0.045,33.4
247.5,0.042,33.4,0.043,33.4,0.043,33.4,0.045,33.4
248.0,0.042,33.4,0.042,33.4,0.042,33.4,0.041,33.4
248.5,0.040,33.4,0.040,33.4,0.040,33.4,0.040,33.4
249.0,0.038,33.4,0.038,33.4,0.038,33.4,0.040,33.4
249.5,0.036,33.4,0.035,33.4,0.036,33.4,0.037,33.4
250.0,0.033,33.4,0.033,33.4,0.035,33.4,0.034,33.4
250.5,0.031,33.4,0.032,33.5,0.031,33.4,0.032,33.4
251.0,0.028,33.4,0.028,33.4,0.030,33.4,0.030,33.4
251.5,0.028,33.5,0.028,33.5,0.028,33.4,0.027,33.5
252.0,0.026,33.5,0.026,33.5,0.027,33.4,0.028,33.4
252.5,0.026,33.5,0.026,33.5,0.028,33.5,0.026,33.5
253.0,0.026,33.5,0.027,33.5,0.027,33.5,0.027,33.5
253.5,0.026,33.5,0.027,33.5,0.028,33.5,0.028,33.5
254.0,0.027,33.5,0.027,33.5,0.026,33.5,0.026,33.5
254.5,0.026,33.5,0.026,33.6,0.026,33.5,0.027,33.5
255.0,0.026,33.5,0.026,33.5,0.026,33.5,0.027,33.5
255.5,0.026,33.5,0.026,33.5,0.027,33.5,0.026,33.6
256.0,0.026,33.6,0.025,33.6,0.026,33.6,0.025,33.6
256.5,0.024,33.6,0.024,33.6,0.026,33.6,0.024,33.6
257.0,0.023,33.6,0.022,33.6,0.024,33.6,0.022,33.6
257.5,0.022,33.6,0.023,33.6,0.024,33.6,0.023,33.6
258.0,0.022,33.6,0.023,33.6,0.024,33.6,0.023,33.6
258.5,0.022,33.6,0.021,33.7,0.023,33.6,0.023,33.6
259.0,0.021,33.6,0.021,33.6,0.022,33.6,0.022,33.6
259.5,0.019,33.6,0.019,33.6,0.019,33.6,0.018,33.6
260.0,0.017,33.6,0.018,33.6,0.018,33.6,0.017,33.6
260.5,0.015,33.6,0.016,33.7,0.017,33.7,0.015,33.6
261.0,0.015,33.7,0.016,33.6,0.016,33.6,0.015,33.6
261.5,0.016,33.7,0.016,33.7,0.015,33.7,0.015,33.7
262.0,0.016,33.7,0.018,33.7,0.016,33.7,0.016,33.7
262.5,0.016,33.7,0.017,33.7,0.017,33.7,0.016,33.7
263.0,0.017,33.7,0.016,33.7,0.018,33.7,0.017,33.7
263.5,0.018,33.7,0.018,33.7,0.018,33.7,0.019,33.7
264.0,0.018,33.7,0.018,33.7,0.019,33.7,0.019,33.7
264.5,0.018,33.7,0.018,33.7,0.019,33.7,0.018,33.7
265.0,0.018,33.7,0.017,33.7,0.017,33.7,0.018,33.7
265.5,0.017,33.7,0.017,33.7,0.018,33.7,0.018,33.7
266.0,0.015,33.7,0.017,33.7,0.018,33.7,0.017,33.7
266.5,0.013,33.8,0.014,33.8,0.013,33.8,0.015,33.7
267.0,0.010,33.8,0.009,33.7,0.011,33.8,0.011,33.8
267.5,0.007,33.8,0.009,33.8,0.008,33.7,0.009,33.8
268.0,-0.000,33.8,-0.000,33.8,-0.000,33.8,0.001,33.8
268.5,-0.013,33.8,-0.012,33.8,-0.010,33.8,-0.011,33.8
269.0,-0.029,33.8,-0.029,33.8,-0.027,33.8,-0.025,33.8
269.5,-0.051,33.9,-0.050,33.9,-0.041,33.9,-0.049,33.9
270.0,-0.075,33.9,-0.075,33.9,-0.068,33.9,-0.071,33.9
270.5,-0.091,33.9,-0.091,33.9,-0.084,33.9,-0.086,33.9
271.0,-0.101,33.9,-0.100,33.9,-0.101,33.9,-0.098,33.9
271.5,-0.101,33.9,-0.101,33.9,-0.102,33.9,-0.101,33.9
272.0,-0.096,33.8,-0.097,33.8,-0.096,33.9,-0.097,33.9
272.5,-0.089,33.8,-0.089,33.8,-0.092,33.9,-0.088,33.8
273.0,-0.081,33.8,-0.080,33.8,-0.084,33.8,-0.084,33.8
273.5,-0.072,33.8,-0.072,33.8,-0.072,33.8,-0.075,33.8
274.0,-0.066,33.8,-0.066,33.8,-0.066,33.8,-0.065,33.9
274.5,-0.061,33.8,-0.061,33.8,-0.061,33.9,-0.061,33.8
275.0,-0.055,33.9,-0.055,33.8,-0.054,33.8,-0.056,33.8
275.5,-0.051,33.9,-0.052,33.9,-0.050,33.9,-0.053,33.9
276.0,-0.050,33.9,-0.049,33.9,-0.050,33.9,-0.050,33.9
276.5,-0.048,33.9,-0.048,33.9,-0.050,33.9,-0.048,33.9
277.0,-0.044,33.9,-0.044,33.9,-0.046,34.0,-0.046,33.9
277.5,-0.041,33.9,-0.042,33.9,-0.041,33.9,-0.042,33.9
278.0,-0.039,34.0,-0.038,34.0,-0.038,34.0,-0.040,33.9
278.5,-0.036,34.0,-0.037,34.0,-0.036,34.0,-0.037,34.0
279.0,-0.035,34.0,-0.035,34.0,-0.037,34.0,-0.034,34.0
279.5,-0.032,34.0,-0.032,34.0,-0.032,34.0,-0.032,34.0
280.0,-0.029,34.0,-0.030,34.0,-0.030,34.0,-0.029,34.0
280.5,-0.026,34.0,-0.027,34.0,-0.027,34.0,-0.026,34.1
281.0,-0.026,34.1,-0.025,34.1,-0.026,34.1,-0.025,34.0
281.5,-0.026,34.1,-0.026,34.0,-0.026,34.1,-0.026,34.1
282.0,-0.025,34.1,-0.025,34.1,-0.025,34.1,-0.025,34.1
282.5,-0.022,34.1,-0.022,34.1,-0.022,34.1,-0.023,34.1
283.0,-0.018,34.2,-0.019,34.2,-0.019,34.1,-0.018,34.2
283.5,-0.014,34.1,-0.014,34.1,-0.014,34.1,-0.013,34.1
284.0,-0.011,34.1,-0.010,34.1,-0.013,34.1,-0.009,34.1
284.5,-0.008,34.1,-0.008,34.1,-0.012,34.1,-0.007,34.1
285.0,-0.005,34.2,-0.006,34.2,-0.006,34.1,-0.006,34.1
285.5,-0.003,34.2,-0.002,34.2,-0.003,34.2,-0.003,34.2
286.0,0.002,34.2,0.001,34.2,0.002,34.2,0.001,34.2
286.5,0.007,34.2,0.008,34.2,0.006,34.2,0.007,34.1
287.0,0.012,34.2,0.012,34.2,0.012,34.2,0.011,34.2
287.5,0.016,34.2,0.016,34.2,0.014,34.2,0.016,34.2
288.0,0.020,34.2,0.021,34.2,0.018,34.1,0.018,34.2
288.5,0.023,34.2,0.023,34.2,0.023,34.2,0.021,34.2
289.0,0.026,34.1,0.026,34.1,0.027,34.2,0.026,34.1
289.5,0.030,34.1,0.030,34.1,0.031,34.1,0.030,34.1
290.0,0.035,34.1,0.035,34.1,0.032,34.1,0.034,34.1
290.5,0.038,34.1,0.039,34.1,0.034,34.1,0.038,34.1
291.0,0.040,34.1,0.039,34.0,0.038,34.1,0.039,34.1
291.5,0.040,34.0,0.040,34.0,0.038,34.1,0.041,34.0
292.0,0.040,34.0,0.039,34.0,0.039,34.0,0.041,34.0
292.5,0.040,34.0,0.040,34.0,0.040,34.0,0.039,34.0
293.0,0.040,34.0,0.040,33.9,0.040,34.0,0.039,34.0
293.5,0.039,33.9,0.039,33.9,0.040,34.0,0.039,33.9
294.0,0.038,33.9,0.038,33.9,0.039,33.9,0.038,33.9
294.5,0.039,33.9,0.039,33.9,0.039,33.9,0.039,33.9
295.0,0.041,33.9,0.040,33.9,0.042,33.9,0.041,33.9
295.5,0.043,33.9,0.042,33.9,0.043,33.9,0.042,33.9
296.0,0.045,33.8,0.046,33.9,0.045,33.9,0.047,33.8
296.5,0.046,33.8,0.047,33.8,0.048,33.9,0.048,33.8
297.0,0.048,33.8,0.047,33.8,0.048,33.8,0.049,33.8
297.5,0.049,33.8,0.048,33.8,0.047,33.8,0.049,33.7
298.0,0.048,33.7,0.048,33.7,0.048,33.8,0.048,33.7
298.5,0.049,33.7,0.050,33.7,0.048,33.7,0.050,33.7
299.0,0.050,33.7,0.051,33.7,0.049,33.7,0.051,33.7
299.5,0.052,33.7,0.052,33.7,0.051,33.7,0.051,33.7
300.0,0.052,33.7,0.052,33.7,0.052,33.7,0.054,33.6
300.5,0.052,33.6,0.053,33.6,0.052,33.6,0.053,33.6
301.0,0.052,33.6,0.052,33.6,0.050,33.6,0.052,33.6
301.5,0.049,33.6,0.049,33.6,0.049,33.6,0.049,33.6
302.0,0.048,33.6,0.049,33.6,0.049,33.5,0.049,33.6
302.5,0.048,33.6,0.048,33.6,0.048,33.6,0.051,33.6
303.0,0.048,33.6,0.048,33.6,0.048,33.6,0.050,33.6
303.5,0.048,33.6,0.048,33.5,0.047,33.5,0.049,33.6
304.0,0.050,33.5,0.050,33.5,0.050,33.5,0.049,33.6
304.5,0.052,33.5,0.053,33.5,0.051,33.5,0.051,33.6
305.0,0.052,33.5,0.053,33.5,0.053,33.6,0.053,33.5
305.5,0.054,33.5,0.055,33.5,0.056,33.5,0.054,33.5
306.0,0.054,33.5,0.054,33.5,0.056,33.5,0.053,33.5
306.5,0.054,33.5,0.054,33.5,0.054,33.5,0.054,33.5
307.0,0.054,33.5,0.055,33.5,0.055,33.5,0.055,33.5
307.5,0.054,33.5,0.054,33.5,0.055,33.5,0.055,33.5
308.0,0.056,33.5,0.056,33.5,0.055,33.4,0.056,33.5
308.5,0.056,33.4,0.056,33.4,0.056,33.4,0.057,33.4
309.0,0.056,33.4,0.057,33.4,0.058,33.4,0.057,33.4
309.5,0.056,33.4,0.056,33.4,0.057,33.4,0.058,33.4
310.0,0.056,33.4,0.056,33.4,0.055,33.4,0.056,33.4
310.5,0.054,33.4,0.054,33.4,0.056,33.4,0.055,33.4
311.0,0.051,33.4,0.051,33.4,0.053,33.4,0.051,33.4
311.5,0.049,33.4,0.049,33.4,0.050,33.4,0.050,33.3
312.0,0.050,33.4,0.050,33.4,0.051,33.4,0.047,33.4
312.5,0.052,33.4,0.051,33.4,0.051,33.3,0.051,33.4
313.0,0.054,33.4,0.054,33.4,0.052,33.4,0.054,33.4
313.5,0.055,33.4,0.055,33.3,0.054,33.4,0.055,33.4
314.0,0.056,33.4,0.055,33.3,0.057,33.3,0.054,33.3
314.5,0.056,33.4,0.056,33.4,0.056,33.4,0.054,33.3
315.0,0.056,33.4,0.055,33.3,0.056,33.3,0.055,33.4
315.5,0.056,33.3,0.056,33.3,0.057,33.3,0.058,33.3
316.0,0.055,33.3,0.055,33.3,0.056,33.3,0.055,33.3
316.5,0.054,33.3,0.054,33.3,0.056,33.3,0.054,33.3
317.0,0.053,33.3,0.054,33.3,0.054,33.3,0.053,33.3
317.5,0.051,33.3,0.050,33.3,0.050,33.3,0.051,33.3
318.0,0.050,33.3,0.051,33.3,0.052,33.3,0.050,33.3
318.5,0.050,33.3,0.051,33.3,0.051,33.3,0.049,33.3
319.0,0.048,33.3,0.048,33.3,0.049,33.3,0.048,33.3
319.5,0.046,33.3,0.046,33.3,0.047,33.3,0.045,33.3
320.0,0.044,33.3,0.044,33.3,0.047,33.4,0.045,33.3
320.5,0.044,33.3,0.043,33.3,0.047,33.3,0.044,33.3
321.0,0.042,33.3,0.042,33.3,0.043,33.3,0.044,33.3
321.5,0.041,33.3,0.041,33.3,0.043,33.3,0.041,33.3
322.0,0.040,33.3,0.040,33.3,0.042,33.3,0.040,33.4
322.5,0.043,33.3,0.043,33.3,0.043,33.3,0.042,33.3
323.0,0.044,33.4,0.044,33.4,0.046,33.4,0.044,33.3
323.5,0.046,33.3,0.045,33.3,0.045,33.3,0.044,33.3
324.0,0.047,33.3,0.046,33.3,0.044,33.3,0.048,33.4
324.5,0.047,33.4,0.047,33.4,0.045,33.4,0.046,33.4
325.0,0.048,33.3,0.050,33.3,0.049,33.4,0.048,33.3
325.5,0.048,33.3,0.048,33.3,0.050,33.3,0.049,33.3
326.0,0.048,33.3,0.048,33.3,0.049,33.3,0.048,33.3
326.5,0.047,33.3,0.048,33.3,0.047,33.4,0.048,33.3
327.0,0.046,33.3,0.046,33.3,0.046,33.3,0.046,33.3
327.5,0.045,33.3,0.045,33.3,0.043,33.3,0.045,33.3
328.0,0.042,33.3,0.041,33.3,0.041,33.3,0.043,33.3
328.5,0.040,33.3,0.040,33.3,0.042,33.3,0.040,33.3
329.0,0.039,33.3,0.039,33.3,0.039,33.3,0.038,33.3
329.5,0.037,33.3,0.037,33.3,0.037,33.3,0.038,33.3
330.0,0.035,33.3,0.036,33.3,0.034,33.3,0.036,33.3
330.5,0.033,33.3,0.033,33.3,0.032,33.3,0.034,33.4
331.0,0.032,33.3,0.032,33.3,0.033,33.3,0.031,33.3
331.5,0.030,33.4,0.030,33.4,0.030,33.4,0.030,33.3
332.0,0.028,33.4,0.028,33.4,0.028,33.4,0.028,33.4
332.5,0.026,33.4,0.025,33.4,0.027,33.4,0.027,33.4
333.0,0.026,33.4,0.026,33.4,0.025,33.4,0.026,33.4
333.5,0.026,33.4,0.026,33.4,0.025,33.4,0.026,33.4
334.0,0.025,33.4,0.025,33.4,0.026,33.4,0.025,33.4
334.5,0.025,33.4,0.026,33.4,0.025,33.5,0.025,33.4
335.0,0.024,33.4,0.024,33.4,0.026,33.4,0.025,33.5
335.5,0.024,33.5,0.023,33.5,0.024,33.5,0.023,33.5
336.0,0.023,33.5,0.024,33.5,0.024,33.5,0.023,33.5
336.5,0.022,33.5,0.023,33.5,0.022,33.4,0.023,33.5
337.0,0.020,33.5,0.021,33.5,0.021,33.5,0.022,33.4
337.5,0.019,33.5,0.020,33.5,0.021,33.5,0.019,33.5
338.0,0.018,33.5,0.019,33.5,0.018,33.5,0.019,33.5
338.5,0.018,33.5,0.018,33.5,0.017,33.5,0.018,33.5
339.0,0.017,33.5,0.016,33.5,0.017,33.5,0.017,33.5
339.5,0.016,33.5,0.016,33.5,0.018,33.5,0.017,33.5
340.0,0.016,33.6,0.016,33.6,0.016,33.5,0.016,33.6
340.5,0.016,33.6,0.016,33.6,0.016,33.6,0.016,33.6
341.0,0.017,33.6,0.017,33.6,0.018,33.6,0.017,33.6
341.5,0.018,33.6,0.017,33.6,0.018,33.5,0.018,33.6
342.0,0.018,33.6,0.018,33.6,0.018,33.6,0.017,33.6
342.5,0.018,33.6,0.018,33.6,0.018,33.6,0.018,33.6
343.0,0.018,33.6,0.018,33.6,0.019,33.6,0.019,33.6
343.5,0.018,33.6,0.018,33.6,0.017,33.6,0.018,33.6
344.0,0.017,33.6,0.018,33.6,0.018,33.6,0.017,33.6
344.5,0.015,33.6,0.015,33.6,0.016,33.6,0.015,33.6
345.0,0.013,33.7,0.013,33.6,0.014,33.6,0.013,33.6
345.5,0.012,33.6,0.010,33.6,0.013,33.6,0.012,33.6
346.0,0.010,33.6,0.010,33.6,0.010,33.6,0.010,33.6
346.5,0.008,33.7,0.010,33.7,0.008,33.6,0.008,33.7
347.0,0.005,33.7,0.005,33.7,0.006,33.7,0.006,33.7
347.5,0.000,33.7,0.001,33.7,0.004,33.7,0.001,33.7
348.0,-0.005,33.7,-0.005,33.7,-0.005,33.7,-0.003,33.7
348.5,-0.014,33.7,-0.013,33.7,-0.013,33.7,-0.013,33.7
349.0,-0.029,33.7,-0.027,33.7,-0.026,33.8,-0.029,33.7
349.5,-0.051,33.8,-0.047,33.8,-0.049,33.8,-0.048,33.8
350.0,-0.077,33.8,-0.076,33.8,-0.075,33.8,-0.075,33.8
350.5,-0.098,33.8,-0.098,33.8,-0.098,33.8,-0.094,33.8
351.0,-0.106,33.8,-0.105,33.8,-0.106,33.8,-0.103,33.8
351.5,-0.104,33.8,-0.104,33.8,-0.105,33.7,-0.105,33.8
352.0,-0.098,33.7,-0.098,33.7,-0.100,33.7,-0.099,33.7
352.5,-0.093,33.7,-0.093,33.7,-0.095,33.7,-0.093,33.7
353.0,-0.083,33.7,-0.082,33.6,-0.086,33.7,-0.083,33.7
353.5,-0.076,33.7,-0.076,33.7,-0.079,33.7,-0.077,33.7
354.0,-0.071,33.7,-0.071,33.7,-0.072,33.7,-0.070,33.7
354.5,-0.067,33.7,-0.067,33.7,-0.068,33.7,-0.065,33.7
355.0,-0.062,33.7,-0.062,33.7,-0.063,33.7,-0.062,33.7
355.5,-0.055,33.7,-0.056,33.7,-0.056,33.7,-0.057,33.7
356.0,-0.051,33.8,-0.052,33.8,-0.054,33.7,-0.052,33.7
356.5,-0.054,33.8,-0.053,33.7,-0.054,33.8,-0.052,33.8
357.0,-0.054,33.8,-0.053,33.8,-0.053,33.8,-0.054,33.8
357.5,-0.050,33.8,-0.049,33.8,-0.049,33.8,-0.050,33.7
358.0,-0.042,33.8,-0.041,33.8,-0.043,33.8,-0.043,33.8
358.5,-0.036,33.8,-0.035,33.8,-0.034,33.8,-0.036,33.8
359.0,-0.032,33.8,-0.034,33.8,-0.032,33.8,-0.033,33.8
359.5,-0.034,33.9,-0.034,33.8,-0.033,33.9,-0.035,33.9
360.0,-0.038,33.9,-0.038,33.9,-0.036,33.9,-0.038,33.9
360.5,-0.038,33.9,-0.038,33.9,-0.038,33.9,-0.038,33.9
361.0,-0.034,33.9,-0.034,33.9,-0.037,33.9,-0.035,33.9
361.5,-0.032,33.9,-0.033,33.9,-0.033,33.9,-0.032,33.9
362.0,-0.030,34.0,-0.029,34.0,-0.031,34.0,-0.029,33.9
362.5,-0.026,34.0,-0.026,34.0,-0.025,34.0,-0.026,34.0
363.0,-0.020,34.0,-0.020,34.0,-0.020,34.0,-0.019,34.0
363.5,-0.011,34.0,-0.011,34.0,-0.012,34.0,-0.012,34.0
364.0,-0.004,34.0,-0.005,34.0,-0.006,34.0,-0.004,34.0
364.5,0.001,34.0,0.001,34.0,-0.003,34.0,0.001,34.0
365.0,0.006,34.0,0.006,34.0,0.005,34.0,0.006,34.0
365.5,0.010,34.0,0.010,34.0,0.010,34.0,0.012,34.0
366.0,0.013,34.0,0.012,34.0,0.013,34.0,0.014,34.1
366.5,0.017,34.0,0.018,34.0,0.017,34.0,0.017,34.0
367.0,0.020,34.0,0.020,34.0,0.019,34.0,0.020,34.0
367.5,0.023,34.0,0.023,34.0,0.024,34.0,0.024,34.0
368.0,0.027,34.0,0.028,34.0,0.028,34.0,0.026,34.0
368.5,0.030,34.0,0.030,34.0,0.030,34.0,0.028,34.0
369.0,0.032,34.0,0.032,34.0,0.029,34.0,0.032,34.0
369.5,0.033,33.9,0.033,33.9,0.034,33.9,0.032,34.0
370.0,0.035,33.9,0.034,33.9,0.035,33.9,0.033,33.9
370.5,0.036,33.9,0.037,33.9,0.036,33.9,0.038,33.9
371.0,0.038,33.8,0.038,33.9,0.039,33.8,0.038,33.9
371.5,0.039,33.8,0.040,33.8,0.040,33.9,0.038,33.8
372.0,0.040,33.8,0.042,33.8,0.042,33.8,0.039,33.8
372.5,0.041,33.8,0.042,33.8,0.043,33.7,0.040,33.8
373.0,0.043,33.7,0.042,33.8,0.043,33.7,0.042,33.7
373.5,0.045,33.7,0.045,33.7,0.046,33.7,0.046,33.7
374.0,0.047,33.7,0.047,33.7,0.047,33.7,0.046,33.7
374.5,0.048,33.7,0.048,33.7,0.048,33.7,0.047,33.7
375.0,0.048,33.6,0.048,33.6,0.049,33.6,0.048,33.7
375.5,0.048,33.6,0.048,33.6,0.050,33.6,0.049,33.6
376.0,0.049,33.6,0.051,33.6,0.051,33.6,0.051,33.6
376.5,0.050,33.6,0.051,33.6,0.049,33.6,0.052,33.6
377.0,0.050,33.6,0.049,33.6,0.049,33.6,0.048,33.5
377.5,0.050,33.5,0.050,33.5,0.049,33.5,0.050,33.6
378.0,0.049,33.5,0.050,33.5,0.049,33.5,0.049,33.5
378.5,0.047,33.5,0.047,33.5,0.048,33.5,0.048,33.5
379.0,0.045,33.5,0.045,33.4,0.046,33.5,0.045,33.5
379.5,0.046,33.5,0.046,33.5,0.047,33.5,0.046,33.5
380.0,0.048,33.5,0.048,33.4,0.048,33.4,0.048,33.5
380.5,0.048,33.4,0.047,33.4,0.047,33.4,0.049,33.5
381.0,0.048,33.5,0.048,33.5,0.049,33.4,0.048,33.5
381.5,0.048,33.4,0.048,33.4,0.048,33.4,0.049,33.5
382.0,0.048,33.4,0.050,33.4,0.048,33.4,0.050,33.4
382.5,0.050,33.4,0.050,33.4,0.049,33.4,0.049,33.4
383.0,0.052,33.4,0.053,33.4,0.051,33.4,0.050,33.4
383.5,0.053,33.4,0.054,33.4,0.053,33.4,0.054,33.4
384.0,0.054,33.4,0.055,33.4,0.055,33.4,0.055,33.4
384.5,0.054,33.3,0.055,33.4,0.055,33.3,0.054,33.4
385.0,0.054,33.3,0.056,33.3,0.056,33.3,0.053,33.3
385.5,0.056,33.3,0.057,33.3,0.052,33.3,0.056,33.3
386.0,0.056,33.3,0.056,33.3,0.053,33.3,0.058,33.2
386.5,0.056,33.3,0.056,33.3,0.058,33.3,0.057,33.3
387.0,0.056,33.3,0.056,33.3,0.057,33.3,0.055,33.3
387.5,0.054,33.3,0.055,33.3,0.056,33.3,0.055,33.3
388.0,0.053,33.3,0.053,33.3,0.054,33.2,0.053,33.3
388.5,0.050,33.2,0.050,33.2,0.054,33.2,0.049,33.2
389.0,0.048,33.2,0.048,33.2,0.048,33.2,0.048,33.2
389.5,0.047,33.2,0.047,33.2,0.046,33.2,0.048,33.3
390.0,0.048,33.2,0.049,33.2,0.048,33.3,0.048,33.2
390.5,0.048,33.2,0.048,33.2,0.048,33.2,0.049,33.3
391.0,0.050,33.2,0.049,33.3,0.052,33.2,0.051,33.2
391.5,0.051,33.2,0.051,33.2,0.053,33.2,0.051,33.2
392.0,0.051,33.2,0.053,33.2,0.052,33.2,0.051,33.2
392.5,0.053,33.2,0.054,33.2,0.054,33.2,0.052,33.2
393.0,0.053,33.2,0.054,33.2,0.053,33.2,0.053,33.2
393.5,0.054,33.2,0.054,33.2,0.052,33.2,0.055,33.2
394.0,0.054,33.2,0.055,33.2,0.054,33.2,0.054,33.2
394.5,0.054,33.2,0.053,33.2,0.055,33.2,0.052,33.2
395.0,0.055,33.2,0.053,33.2,0.055,33.2,0.055,33.2
395.5,0.055,33.2,0.056,33.2,0.057,33.1,0.057,33.2
396.0,0.055,33.2,0.056,33.2,0.057,33.2,0.057,33.1
396.5,0.053,33.1,0.053,33.1,0.054,33.1,0.053,33.2
397.0,0.054,33.1,0.053,33.1,0.052,33.1,0.055,33.1
397.5,0.053,33.1,0.052,33.1,0.052,33.1,0.053,33.1
398.0,0.052,33.1,0.052,33.1,0.053,33.1,0.050,33.1
398.5,0.049,33.1,0.049,33.1,0.048,33.1,0.049,33.1
399.0,0.048,33.1,0.048,33.1,0.048,33.1,0.050,33.1
399.5,0.050,33.1,0.049,33.1,0.048,33.1,0.050,33.0
400.0,0.050,33.1,0.050,33.1,0.049,33.1,0.050,33.1
400.5,0.050,33.1,0.052,33.1,0.050,33.1,0.051,33.1
401.0,0.051,33.1,0.052,33.1,0.053,33.1,0.052,33.1
401.5,0.051,33.1,0.051,33.1,0.051,33.1,0.051,33.1
402.0,0.050,33.1,0.051,33.1,0.049,33.1,0.052,33.1
402.5,0.049,33.1,0.050,33.1,0.049,33.1,0.051,33.0
403.0,0.049,33.1,0.048,33.1,0.049,33.1,0.049,33.0
403.5,0.046,33.1,0.046,33.1,0.046,33.1,0.047,33.1
404.0,0.044,33.1,0.045,33.1,0.045,33.1,0.044,33.1
404.5,0.042,33.1,0.042,33.1,0.043,33.1,0.041,33.1
405.0,0.038,33.1,0.040,33.1,0.038,33.1,0.039,33.1
405.5,0.037,33.1,0.038,33.1,0.035,33.1,0.038,33.1
406.0,0.037,33.1,0.038,33.1,0.036,33.1,0.038,33.1
406.5,0.036,33.1,0.036,33.1,0.038,33.1,0.039,33.1
407.0,0.034,33.1,0.036,33.1,0.036,33.1,0.035,33.2
407.5,0.034,33.1,0.034,33.1,0.033,33.1,0.035,33.1
408.0,0.032,33.2,0.032,33.1,0.030,33.2,0.032,33.2
408.5,0.031,33.1,0.031,33.2,0.030,33.2,0.031,33.1
409.0,0.031,33.2,0.031,33.2,0.032,33.2,0.030,33.1
409.5,0.031,33.2,0.031,33.2,0.030,33.2,0.032,33.2
410.0,0.031,33.2,0.031,33.2,0.032,33.2,0.031,33.2
410.5,0.032,33.2,0.032,33.2,0.031,33.2,0.034,33.2
411.0,0.032,33.2,0.032,33.2,0.033,33.2,0.033,33.2
411.5,0.032,33.2,0.032,33.2,0.032,33.2,0.033,33.2
412.0,0.032,33.2,0.032,33.2,0.034,33.2,0.033,33.2
412.5,0.033,33.2,0.034,33.2,0.034,33.2,0.032,33.2
413.0,0.034,33.2,0.034,33.2,0.033,33.2,0.033,33.2
413.5,0.032,33.2,0.033,33.2,0.032,33.2,0.033,33.2
414.0,0.032,33.2,0.031,33.2,0.032,33.2,0.032,33.2
414.5,0.031,33.2,0.030,33.2,0.032,33.2,0.031,33.2
415.0,0.029,33.2,0.028,33.2,0.029,33.2,0.029,33.2
415.5,0.027,33.2,0.028,33.2,0.028,33.2,0.028,33.2
416.0,0.026,33.2,0.026,33.2,0.026,33.3,0.026,33.2
416.5,0.024,33.2,0.024,33.2,0.025,33.2,0.025,33.2
417.0,0.022,33.2,0.022,33.2,0.023,33.2,0.023,33.2
417.5,0.022,33.2,0.023,33.2,0.023,33.3,0.023,33.3
418.0,0.021,33.3,0.022,33.3,0.022,33.2,0.020,33.3
418.5,0.021,33.3,0.021,33.3,0.022,33.3,0.021,33.3
419.0,0.020,33.3,0.020,33.3,0.021,33.3,0.020,33.3
419.5,0.020,33.3,0.022,33.3,0.020,33.3,0.022,33.3
420.0,0.020,33.3,0.022,33.3,0.021,33.3,0.022,33.3
420.5,0.020,33.3,0.021,33.3,0.019,33.3,0.021,33.3
421.0,0.020,33.3,0.020,33.3,0.020,33.3,0.020,33.3
421.5,0.020,33.3,0.021,33.3,0.020,33.3,0.021,33.4
422.0,0.020,33.3,0.019,33.3,0.020,33.3,0.020,33.4
422.5,0.018,33.3,0.020,33.4,0.019,33.3,0.021,33.3
423.0,0.018,33.3,0.018,33.3,0.018,33.3,0.018,33.3
423.5,0.017,33.3,0.018,33.3,0.017,33.4,0.019,33.3
424.0,0.015,33.3,0.016,33.3,0.014,33.3,0.016,33.3
424.5,0.013,33.4,0.013,33.4,0.013,33.4,0.014,33.4
425.0,0.011,33.4,0.010,33.4,0.011,33.4,0.011,33.4
425.5,0.007,33.4,0.007,33.4,0.007,33.3,0.007,33.3
426.0,0.005,33.4,0.005,33.4,0.006,33.4,0.006,33.4
426.5,0.003,33.4,0.003,33.4,0.003,33.4,0.005,33.4
427.0,0.000,33.4,0.001,33.4,0.001,33.4,0.002,33.4
427.5,-0.004,33.4,-0.004,33.4,-0.003,33.5,-0.004,33.4
428.0,-0.014,33.4,-0.013,33.4,-0.014,33.4,-0.013,33.5
428.5,-0.024,33.5,-0.024,33.5,-0.023,33.5,-0.023,33.5
429.0,-0.039,33.5,-0.037,33.5,-0.037,33.5,-0.037,33.5
429.5,-0.055,33.5,-0.054,33.5,-0.050,33.5,-0.051,33.5
430.0,-0.078,33.6,-0.074,33.5,-0.075,33.6,-0.075,33.5
430.5,-0.094,33.6,-0.094,33.6,-0.093,33.6,-0.092,33.6
431.0,-0.100,33.5,-0.099,33.5,-0.098,33.5,-0.101,33.5
431.5,-0.099,33.5,-0.100,33.5,-0.098,33.5,-0.101,33.5
432.0,-0.094,33.5,-0.094,33.5,-0.094,33.5,-0.095,33.5
432.5,-0.086,33.5,-0.086,33.5,-0.088,33.4,-0.089,33.5
433.0,-0.077,33.4,-0.076,33.4,-0.076,33.5,-0.078,33.4
433.5,-0.068,33.5,-0.068,33.5,-0.068,33.5,-0.071,33.4
434.0,-0.064,33.5,-0.064,33.5,-0.065,33.5,-0.065,33.4
434.5,-0.058,33.5,-0.057,33.5,-0.061,33.5,-0.060,33.5
435.0,-0.050,33.5,-0.049,33.5,-0.051,33.5,-0.051,33.5
435.5,-0.042,33.5,-0.041,33.5,-0.042,33.5,-0.043,33.5
436.0,-0.039,33.5,-0.038,33.5,-0.041,33.5,-0.040,33.6
436.5,-0.039,33.6,-0.039,33.6,-0.040,33.5,-0.040,33.6
437.0,-0.042,33.6,-0.041,33.6,-0.041,33.6,-0.042,33.6
437.5,-0.044,33.6,-0.042,33.6,-0.042,33.6,-0.044,33.6
438.0,-0.042,33.6,-0.042,33.6,-0.043,33.6,-0.043,33.6
438.5,-0.038,33.6,-0.039,33.6,-0.040,33.6,-0.040,33.7
439.0,-0.038,33.6,-0.037,33.6,-0.037,33.6,-0.037,33.7
439.5,-0.039,33.7,-0.038,33.7,-0.038,33.7,-0.039,33.7
440.0,-0.038,33.7,-0.038,33.7,-0.039,33.7,-0.040,33.6
440.5,-0.033,33.7,-0.034,33.7,-0.034,33.7,-0.034,33.6
441.0,-0.030,33.7,-0.030,33.7,-0.031,33.6,-0.031,33.7
441.5,-0.029,33.7,-0.027,33.7,-0.029,33.7,-0.028,33.7
442.0,-0.025,33.7,-0.024,33.7,-0.025,33.8,-0.026,33.7
442.5,-0.022,33.7,-0.022,33.7,-0.020,33.7,-0.022,33.7
443.0,-0.019,33.7,-0.020,33.7,-0.018,33.7,-0.020,33.8
443.5,-0.017,33.8,-0.016,33.8,-0.017,33.8,-0.016,33.8
444.0,-0.014,33.8,-0.014,33.8,-0.013,33.7,-0.014,33.8
444.5,-0.008,33.8,-0.008,33.8,-0.009,33.7,-0.009,33.8
445.0,0.001,33.8,0.001,33.8,0.000,33.8,-0.002,33.9
445.5,0.010,33.8,0.010,33.8,0.006,33.8,0.007,33.8
446.0,0.015,33.8,0.015,33.8,0.013,33.8,0.014,33.8
446.5,0.018,33.8,0.018,33.8,0.016,33.8,0.016,33.8
447.0,0.017,33.8,0.016,33.8,0.017,33.8,0.017,33.8
447.5,0.017,33.8,0.017,33.8,0.017,33.8,0.018,33.8
448.0,0.019,33.8,0.018,33.8,0.020,33.7,0.018,33.8
448.5,0.021,33.8,0.020,33.8,0.022,33.8,0.020,33.8
449.0,0.024,33.8,0.025,33.8,0.023,33.8,0.023,33.8
449.5,0.027,33.7,0.028,33.7,0.026,33.7,0.026,33.8
450.0,0.030,33.7,0.031,33.7,0.030,33.7,0.028,33.7
450.5,0.035,33.7,0.034,33.7,0.033,33.7,0.031,33.7
451.0,0.037,33.7,0.038,33.7,0.036,33.7,0.038,33.6
451.5,0.040,33.6,0.040,33.6,0.039,33.6,0.038,33.6
452.0,0.041,33.6,0.041,33.6,0.040,33.6,0.039,33.6
452.5,0.042,33.6,0.042,33.6,0.041,33.6,0.041,33.6
453.0,0.042,33.6,0.043,33.6,0.042,33.6,0.040,33.6
453.5,0.042,33.5,0.043,33.5,0.043,33.6,0.043,33.5
454.0,0.044,33.5,0.044,33.5,0.042,33.5,0.043,33.5
454.5,0.046,33.4,0.046,33.4,0.045,33.5,0.046,33.5
455.0,0.048,33.4,0.048,33.4,0.047,33.4,0.048,33.4
455.5,0.048,33.4,0.048,33.4,0.049,33.4,0.048,33.4
456.0,0.047,33.4,0.047,33.4,0.046,33.4,0.047,33.4
456.5,0.045,33.4,0.045,33.4,0.045,33.4,0.044,33.4
457.0,0.044,33.4,0.044,33.3,0.045,33.4,0.044,33.3
457.5,0.044,33.3,0.043,33.3,0.045,33.4,0.044,33.3
458.0,0.042,33.3,0.043,33.3,0.042,33.3,0.044,33.3
458.5,0.042,33.3,0.043,33.3,0.041,33.3,0.043,33.3
459.0,0.044,33.3,0.044,33.3,0.044,33.3,0.044,33.3
459.5,0.045,33.3,0.045,33.3,0.046,33.3,0.045,33.3
460.0,0.047,33.2,0.047,33.3,0.047,33.2,0.048,33.3
460.5,0.048,33.2,0.049,33.2,0.048,33.2,0.048,33.2
461.0,0.049,33.2,0.050,33.2,0.048,33.2,0.048,33.2
461.5,0.050,33.2,0.050,33.2,0.048,33.2,0.050,33.2
462.0,0.050,33.2,0.051,33.2,0.048,33.2,0.051,33.2
462.5,0.051,33.2,0.052,33.2,0.050,33.2,0.051,33.2
463.0,0.052,33.2,0.053,33.2,0.050,33.2,0.053,33.2
463.5,0.054,33.1,0.055,33.1,0.054,33.1,0.053,33.2
464.0,0.054,33.1,0.053,33.1,0.054,33.1,0.054,33.1
464.5,0.053,33.1,0.054,33.1,0.053,33.1,0.053,33.1
465.0,0.052,33.1,0.052,33.1,0.052,33.1,0.051,33.1
465.5,0.050,33.1,0.048,33.1,0.051,33.1,0.050,33.0
466.0,0.048,33.1,0.048,33.1,0.048,33.1,0.049,33.1
466.5,0.046,33.1,0.047,33.1,0.046,33.1,0.047,33.1
467.0,0.046,33.1,0.046,33.1,0.047,33.1,0.046,33.1
467.5,0.047,33.1,0.049,33.0,0.047,33.1,0.048,33.0
468.0,0.048,33.0,0.049,33.0,0.049,33.0,0.049,33.0
468.5,0.050,33.1,0.050,33.1,0.050,33.0,0.051,33.1
469.0,0.051,33.0,0.052,33.0,0.050,33.1,0.051,33.1
469.5,0.052,33.0,0.053,33.0,0.051,33.1,0.052,33.0
470.0,0.053,33.0,0.054,33.0,0.053,33.0,0.054,33.0
470.5,0.054,33.0,0.054,33.0,0.055,33.0,0.055,33.0
471.0,0.053,33.0,0.054,33.0,0.053,33.0,0.055,33.0
471.5,0.052,33.0,0.053,33.0,0.050,33.0,0.052,33.0
472.0,0.052,33.0,0.053,33.0,0.052,33.0,0.052,32.9
472.5,0.051,33.0,0.054,32.9,0.052,33.0,0.052,32.9
473.0,0.052,33.0,0.052,33.0,0.052,33.0,0.053,33.0
473.5,0.052,33.0,0.052,33.0,0.053,33.0,0.051,33.0
474.0,0.052,32.9,0.051,32.9,0.054,33.0,0.051,32.9
474.5,0.050,33.0,0.050,33.0,0.053,32.9,0.051,32.9
475.0,0.046,32.9,0.047,32.9,0.046,32.9,0.049,32.9
475.5,0.044,32.9,0.045,32.9,0.046,32.9,0.044,32.9
476.0,0.044,32.9,0.045,33.0,0.045,33.0,0.045,32.9
476.5,0.046,32.9,0.045,33.0,0.045,33.0,0.045,32.9
477.0,0.048,32.9,0.047,32.9,0.048,32.9,0.047,32.9
477.5,0.049,32.9,0.047,32.9,0.050,32.9,0.047,32.9
478.0,0.050,32.9,0.050,32.9,0.050,32.9,0.051,32.9
478.5,0.051,32.9,0.050,32.9,0.050,32.9,0.049,32.9
479.0,0.053,32.9,0.053,32.9,0.053,32.9,0.053,32.9
479.5,0.054,32.9,0.053,32.9,0.053,32.9,0.054,32.9
480.0,0.055,32.9,0.055,32.9,0.054,32.9,0.057,32.9
480.5,0.056,32.9,0.057,32.9,0.057,32.9,0.058,32.9
481.0,0.055,32.8,0.056,32.8,0.057,32.8,0.053,32.9
481.5,0.055,32.8,0.056,32.8,0.054,32.8,0.056,32.8
482.0,0.053,32.8,0.053,32.8,0.052,32.8,0.054,32.8
482.5,0.050,32.8,0.051,32.8,0.050,32.8,0.051,32.8
483.0,0.048,32.8,0.048,32.8,0.048,32.9,0.048,32.8
483.5,0.046,32.8,0.046,32.8,0.048,32.8,0.048,32.8
484.0,0.046,32.8,0.046,32.8,0.046,32.8,0.046,32.8
484.5,0.045,32.8,0.044,32.9,0.045,32.9,0.045,32.8
485.0,0.043,32.8,0.044,32.8,0.045,32.9,0.045,32.8
485.5,0.041,32.8,0.041,32.8,0.041,32.8,0.044,32.8
486.0,0.040,32.8,0.039,32.8,0.040,32.8,0.041,32.9
486.5,0.038,32.9,0.039,32.8,0.038,32.9,0.039,32.9
487.0,0.036,32.9,0.037,32.8,0.037,32.9,0.037,32.9
487.5,0.036,32.9,0.036,32.9,0.037,32.9,0.035,32.9
488.0,0.035,32.9,0.035,32.9,0.036,32.9,0.034,32.9
488.5,0.033,32.9,0.034,32.9,0.035,32.9,0.034,32.8
489.0,0.032,32.9,0.032,32.9,0.033,32.9,0.032,32.9
489.5,0.030,32.9,0.031,32.9,0.031,32.9,0.032,32.9
490.0,0.033,32.9,0.032,32.9,0.032,32.9,0.032,32.9
490.5,0.028,32.9,0.028,32.9,0.028,32.9,0.029,32.9
491.0,0.028,32.9,0.029,32.9,0.027,32.9,0.029,32.9
491.5,0.027,33.0,0.026,33.0,0.026,33.0,0.027,33.0
492.0,0.024,33.0,0.025,33.0,0.025,33.0,0.025,33.0
492.5,0.024,33.0,0.023,33.0,0.024,32.9,0.022,33.0
493.0,0.023,33.0,0.024,33.0,0.024,32.9,0.024,33.0
493.5,0.022,33.0,0.023,33.0,0.022,33.0,0.025,33.0
494.0,0.022,33.0,0.024,33.0,0.023,33.0,0.022,33.0
494.5,0.022,33.0,0.021,33.0,0.022,33.0,0.021,33.1
495.0,0.022,33.0,0.022,33.0,0.021,33.0,0.022,33.0
495.5,0.021,33.1,0.022,33.1,0.021,33.1,0.022,33.0
496.0,0.022,33.1,0.023,33.0,0.020,33.0,0.023,33.0
496.5,0.021,33.1,0.021,33.1,0.019,33.0,0.021,33.1
497.0,0.020,33.1,0.020,33.1,0.020,33.0,0.020,33.1
497.5,0.020,33.1,0.020,33.1,0.022,33.1,0.020,33.0
498.0,0.020,33.1,0.020,33.1,0.022,33.1,0.020,33.1
498.5,0.020,33.1,0.021,33.1,0.020,33.1,0.021,33.1
499.0,0.020,33.1,0.020,33.1,0.021,33.1,0.020,33.1
499.5,0.020,33.1,0.019,33.1,0.020,33.1,0.021,33.1
500.0,0.020,33.1,0.021,33.1,0.021,33.1,0.021,33.0
500.5,0.020,33.1,0.021,33.1,0.021,33.1,0.019,33.1
501.0,0.019,33.1,0.020,33.1,0.022,33.1,0.020,33.1
501.5,0.017,33.1,0.018,33.1,0.017,33.1,0.019,33.1
502.0,0.015,33.1,0.015,33.1,0.016,33.2,0.015,33.1
502.5,0.013,33.1,0.014,33.1,0.012,33.1,0.013,33.2
503.0,0.012,33.1,0.011,33.1,0.014,33.1,0.013,33.1
503.5,0.012,33.2,0.011,33.2,0.012,33.2,0.012,33.1
504.0,0.012,33.2,0.012,33.2,0.012,33.2,0.012,33.1
504.5,0.012,33.2,0.013,33.2,0.012,33.2,0.013,33.2
505.0,0.012,33.2,0.013,33.2,0.012,33.2,0.013,33.2
505.5,0.012,33.2,0.012,33.2,0.013,33.2,0.012,33.2
506.0,0.012,33.2,0.013,33.2,0.014,33.2,0.014,33.2
506.5,0.012,33.2,0.012,33.2,0.012,33.2,0.012,33.2
507.0,0.010,33.2,0.010,33.2,0.011,33.2,0.009,33.2
507.5,0.005,33.2,0.006,33.2,0.006,33.2,0.005,33.2
508.0,-0.002,33.2,-0.002,33.2,0.000,33.3,-0.002,33.2
508.5,-0.014,33.2,-0.013,33.2,-0.012,33.2,-0.012,33.3
509.0,-0.032,33.3,-0.033,33.3,-0.024,33.2,-0.032,33.3
509.5,-0.055,33.3,-0.053,33.3,-0.052,33.3,-0.053,33.3
510.0,-0.075,33.3,-0.077,33.3,-0.073,33.3,-0.070,33.4
510.5,-0.093,33.3,-0.093,33.3,-0.092,33.3,-0.087,33.3
511.0,-0.102,33.3,-0.101,33.3,-0.101,33.3,-0.100,33.3
511.5,-0.102,33.3,-0.102,33.3,-0.101,33.3,-0.103,33.3
512.0,-0.095,33.3,-0.094,33.2,-0.094,33.2,-0.102,33.3
512.5,-0.085,33.3,-0.085,33.3,-0.092,33.3,-0.086,33.3
513.0,-0.075,33.2,-0.073,33.2,-0.082,33.2,-0.076,33.3
513.5,-0.069,33.3,-0.068,33.3,-0.070,33.3,-0.069,33.3
514.0,-0.066,33.3,-0.066,33.3,-0.066,33.3,-0.066,33.2
514.5,-0.066,33.3,-0.065,33.3,-0.066,33.3,-0.065,33.3
515.0,-0.062,33.3,-0.063,33.3,-0.064,33.3,-0.064,33.3
515.5,-0.057,33.3,-0.057,33.3,-0.058,33.3,-0.057,33.3
516.0,-0.052,33.3,-0.053,33.3,-0.053,33.3,-0.052,33.3
516.5,-0.050,33.3,-0.050,33.3,-0.050,33.3,-0.049,33.3
517.0,-0.048,33.3,-0.047,33.3,-0.049,33.3,-0.047,33.3
517.5,-0.047,33.4,-0.047,33.4,-0.046,33.4,-0.047,33.4
518.0,-0.043,33.4,-0.045,33.4,-0.042,33.4,-0.043,33.4
518.5,-0.041,33.4,-0.041,33.3,-0.040,33.4,-0.041,33.3
519.0,-0.040,33.4,-0.040,33.4,-0.040,33.4,-0.040,33.4
519.5,-0.039,33.4,-0.038,33.4,-0.039,33.4,-0.038,33.4
520.0,-0.037,33.4,-0.036,33.4,-0.038,33.5,-0.037,33.4
520.5,-0.032,33.4,-0.033,33.4,-0.032,33.4,-0.032,33.4
521.0,-0.026,33.4,-0.026,33.4,-0.028,33.4,-0.027,33.4
521.5,-0.021,33.5,-0.021,33.5,-0.022,33.5,-0.021,33.5
522.0,-0.017,33.5,-0.017,33.5,-0.017,33.5,-0.019,33.5
522.5,-0.012,33.5,-0.013,33.5,-0.013,33.5,-0.013,33.5
523.0,-0.010,33.5,-0.011,33.5,-0.009,33.5,-0.010,33.5
523.5,-0.008,33.5,-0.007,33.5,-0.008,33.5,-0.010,33.5
524.0,-0.005,33.6,-0.005,33.5,-0.004,33.5,-0.007,33.5
524.5,-0.002,33.5,-0.002,33.5,-0.003,33.6,-0.005,33.5
525.0,0.004,33.5,0.003,33.5,0.002,33.6,0.002,33.5
525.5,0.009,33.6,0.010,33.5,0.008,33.6,0.009,33.6
526.0,0.012,33.6,0.014,33.6,0.012,33.6,0.013,33.5
526.5,0.016,33.5,0.016,33.5,0.015,33.5,0.015,33.5
527.0,0.020,33.5,0.021,33.5,0.021,33.5,0.018,33.5
527.5,0.025,33.5,0.026,33.5,0.026,33.5,0.022,33.5
528.0,0.028,33.5,0.028,33.5,0.027,33.5,0.030,33.5
528.5,0.031,33.5,0.031,33.5,0.031,33.5,0.031,33.5
529.0,0.034,33.5,0.034,33.5,0.033,33.5,0.034,33.5
529.5,0.036,33.4,0.035,33.5,0.037,33.4,0.037,33.5
530.0,0.039,33.4,0.039,33.4,0.040,33.4,0.039,33.4
530.5,0.040,33.4,0.040,33.4,0.039,33.4,0.040,33.4
531.0,0.040,33.4,0.041,33.4,0.043,33.4,0.040,33.4
531.5,0.042,33.3,0.042,33.3,0.042,33.3,0.042,33.3
532.0,0.044,33.3,0.045,33.3,0.041,33.3,0.043,33.2
532.5,0.046,33.2,0.046,33.3,0.045,33.3,0.045,33.2
533.0,0.046,33.2,0.046,33.2,0.047,33.2,0.045,33.2
533.5,0.046,33.2,0.045,33.2,0.047,33.2,0.045,33.2
534.0,0.044,33.2,0.043,33.2,0.044,33.2,0.042,33.2
534.5,0.044,33.2,0.044,33.1,0.042,33.2,0.044,33.1
535.0,0.043,33.2,0.043,33.2,0.041,33.1,0.042,33.2
535.5,0.042,33.1,0.042,33.1,0.041,33.1,0.042,33.2
536.0,0.043,33.1,0.044,33.1,0.043,33.1,0.042,33.1
536.5,0.044,33.1,0.043,33.1,0.044,33.1,0.044,33.1
537.0,0.047,33.1,0.046,33.1,0.046,33.1,0.046,33.1
537.5,0.048,33.1,0.049,33.1,0.047,33.0,0.048,33.1
538.0,0.050,33.0,0.050,33.0,0.050,33.0,0.048,33.0
538.5,0.050,33.0,0.051,33.0,0.051,33.0,0.051,33.0
539.0,0.050,33.0,0.050,33.0,0.052,33.0,0.050,33.0
539.5,0.050,33.0,0.050,33.0,0.052,33.0,0.051,33.0
540.0,0.050,32.9,0.051,32.9,0.050,32.9,0.050,32.9
540.5,0.050,32.9,0.050,32.9,0.050,32.9,0.050,32.9
541.0,0.050,32.9,0.049,33.0,0.050,32.9,0.050,33.0
541.5,0.052,32.9,0.053,32.9,0.052,32.9,0.052,32.9
542.0,0.053,32.9,0.054,32.9,0.054,32.9,0.056,32.9
542.5,0.052,32.9,0.052,32.9,0.053,32.9,0.052,32.9
543.0,0.051,32.9,0.051,32.9,0.051,32.9,0.052,32.9
543.5,0.048,32.8,0.048,32.9,0.048,32.9,0.047,32.8
544.0,0.046,32.8,0.048,32.9,0.047,32.9,0.045,32.8
544.5,0.045,32.9,0.046,32.8,0.044,32.9,0.046,32.8
545.0,0.044,32.9,0.044,32.8,0.043,32.9,0.044,32.9
545.5,0.043,32.8,0.043,32.8,0.043,32.8,0.045,32.8
546.0,0.044,32.8,0.045,32.8,0.044,32.8,0.045,32.8
546.5,0.045,32.8,0.045,32.8,0.046,32.9,0.046,32.9
547.0,0.046,32.8,0.047,32.8,0.048,32.9,0.047,32.8
547.5,0.048,32.8,0.048,32.8,0.049,32.8,0.048,32.9
548.0,0.050,32.8,0.050,32.8,0.051,32.8,0.050,32.8
548.5,0.051,32.8,0.050,32.8,0.051,32.8,0.051,32.9
549.0,0.052,32.8,0.053,32.8,0.050,32.9,0.052,32.8
549.5,0.052,32.8,0.053,32.8,0.051,32.8,0.052,32.8
550.0,0.052,32.8,0.053,32.8,0.053,32.8,0.053,32.8
550.5,0.052,32.8,0.053,32.8,0.053,32.8,0.053,32.8
551.0,0.052,32.7,0.052,32.7,0.052,32.7,0.054,32.7
551.5,0.053,32.7,0.053,32.7,0.053,32.7,0.051,32.8
552.0,0.052,32.7,0.052,32.7,0.052,32.7,0.051,32.8
552.5,0.052,32.7,0.052,32.7,0.053,32.7,0.052,32.8
553.0,0.050,32.7,0.050,32.7,0.051,32.7,0.050,32.8
553.5,0.048,32.7,0.047,32.7,0.049,32.7,0.047,32.7
554.0,0.048,32.7,0.048,32.7,0.049,32.8,0.050,32.7
554.5,0.047,32.7,0.047,32.7,0.049,32.8,0.047,32.7
555.0,0.048,32.7,0.047,32.7,0.049,32.7,0.047,32.7
555.5,0.049,32.7,0.049,32.7,0.049,32.7,0.050,32.7
556.0,0.050,32.7,0.050,32.7,0.049,32.7,0.049,32.7
556.5,0.050,32.7,0.050,32.7,0.052,32.7,0.050,32.7
557.0,0.051,32.7,0.051,32.6,0.050,32.7,0.050,32.7
557.5,0.052,32.7,0.051,32.7,0.050,32.7,0.050,32.6
558.0,0.052,32.7,0.052,32.7,0.051,32.7,0.052,32.7
558.5,0.052,32.7,0.051,32.6,0.052,32.7,0.052,32.7
559.0,0.052,32.7,0.052,32.6,0.053,32.7,0.053,32.7
559.5,0.050,32.6,0.050,32.6,0.051,32.6,0.051,32.6
560.0,0.049,32.6,0.049,32.6,0.049,32.6,0.049,32.6
560.5,0.047,32.6,0.046,32.6,0.045,32.6,0.048,32.6
561.0,0.046,32.6,0.046,32.6,0.048,32.6,0.046,32.6
561.5,0.046,32.6,0.045,32.6,0.047,32.6,0.046,32.6
562.0,0.046,32.6,0.044,32.6,0.045,32.6,0.046,32.6
562.5,0.044,32.6,0.045,32.6,0.046,32.6,0.045,32.6
563.0,0.043,32.6,0.042,32.6,0.043,32.6,0.043,32.6
563.5,0.042,32.6,0.042,32.6,0.042,32.6,0.042,32.6
564.0,0.041,32.7,0.040,32.7,0.041,32.7,0.041,32.6
564.5,0.042,32.6,0.042,32.7,0.044,32.6,0.041,32.6
565.0,0.042,32.6,0.043,32.7,0.042,32.6,0.044,32.6
565.5,0.041,32.7,0.042,32.7,0.041,32.6,0.041,32.7
566.0,0.042,32.7,0.041,32.7,0.041,32.6,0.041,32.7
566.5,0.040,32.7,0.040,32.7,0.040,32.7,0.041,32.7
567.0,0.040,32.6,0.040,32.7,0.040,32.6,0.041,32.6
567.5,0.039,32.7,0.039,32.6,0.040,32.7,0.040,32.6
568.0,0.038,32.6,0.038,32.7,0.037,32.7,0.038,32.6
568.5,0.036,32.6,0.036,32.6,0.036,32.6,0.035,32.6
569.0,0.033,32.7,0.032,32.7,0.033,32.7,0.033,32.7
569.5,0.030,32.7,0.032,32.6,0.030,32.7,0.032,32.7
570.0,0.029,32.7,0.030,32.6,0.030,32.7,0.030,32.7
570.5,0.028,32.7,0.029,32.7,0.029,32.7,0.029,32.7
571.0,0.028,32.7,0.027,32.7,0.030,32.7,0.028,32.7
571.5,0.027,32.7,0.026,32.7,0.028,32.7,0.027,32.7
572.0,0.026,32.7,0.027,32.7,0.026,32.7,0.026,32.7
572.5,0.026,32.7,0.027,32.7,0.026,32.7,0.027,32.7
573.0,0.026,32.8,0.026,32.8,0.026,32.7,0.026,32.7
573.5,0.026,32.8,0.026,32.8,0.026,32.8,0.026,32.7
574.0,0.026,32.8,0.025,32.8,0.025,32.8,0.025,32.8
574.5,0.024,32.8,0.025,32.8,0.024,32.8,0.025,32.8
575.0,0.024,32.8,0.024,32.7,0.024,32.8,0.024,32.8
575.5,0.024,32.8,0.025,32.8,0.024,32.8,0.025,32.8
576.0,0.024,32.8,0.024,32.8,0.025,32.8,0.025,32.8
576.5,0.024,32.8,0.025,32.8,0.024,32.8,0.025,32.8
577.0,0.024,32.8,0.024,32.8,0.024,32.8,0.026,32.8
577.5,0.024,32.8,0.024,32.8,0.023,32.8,0.023,32.8
578.0,0.023,32.8,0.023,32.8,0.023,32.8,0.023,32.8
578.5,0.022,32.8,0.021,32.8,0.023,32.8,0.022,32.8
579.0,0.021,32.8,0.021,32.8,0.022,32.8,0.020,32.8
579.5,0.019,32.8,0.018,32.8,0.018,32.8,0.021,32.8
580.0,0.018,32.9,0.018,32.8,0.019,32.9,0.018,32.9
580.5,0.016,32.9,0.017,32.9,0.017,32.8,0.016,32.8
581.0,0.014,32.9,0.015,32.9,0.016,32.9,0.015,32.9
581.5,0.014,32.9,0.014,32.9,0.013,32.9,0.013,32.9
582.0,0.014,32.9,0.013,32.9,0.014,32.9,0.013,32.9
582.5,0.014,32.9,0.014,32.9,0.014,32.9,0.015,32.9
583.0,0.015,32.9,0.014,32.9,0.013,32.9,0.015,32.9
583.5,0.016,32.9,0.016,32.9,0.016,32.9,0.015,32.9
584.0,0.016,32.9,0.015,32.9,0.016,32.9,0.016,32.9
584.5,0.014,33.0,0.015,33.0,0.016,33.0,0.016,33.0
585.0,0.013,32.9,0.013,33.0,0.011,32.9,0.013,33.0
585.5,0.011,33.0,0.011,33.0,0.011,33.0,0.010,33.0
586.0,0.006,33.0,0.006,33.0,0.007,33.0,0.007,33.0
586.5,-0.001,33.0,-0.001,33.0,-0.001,33.0,0.001,33.0
587.0,-0.011,33.0,-0.013,33.0,-0.007,33.0,-0.008,33.0
587.5,-0.028,33.0,-0.029,33.0,-0.024,33.0,-0.024,33.0
588.0,-0.046,33.0,-0.045,33.1,-0.041,33.0,-0.046,33.0
588.5,-0.069,33.1,-0.070,33.1,-0.070,33.1,-0.068,33.1
589.0,-0.090,33.1,-0.090,33.1,-0.089,33.1,-0.086,33.1
589.5,-0.102,33.1,-0.102,33.1,-0.100,33.1,-0.092,33.1
590.0,-0.104,33.1,-0.102,33.1,-0.102,33.0,-0.099,33.1
590.5,-0.098,33.0,-0.098,33.1,-0.097,33.0,-0.104,33.0
591.0,-0.089,33.0,-0.088,33.0,-0.091,33.0,-0.090,33.0
591.5,-0.083,33.0,-0.083,33.0,-0.085,33.0,-0.084,33.1
592.0,-0.077,33.0,-0.077,33.0,-0.078,33.0,-0.079,33.0
592.5,-0.071,33.0,-0.071,33.0,-0.071,33.0,-0.073,33.0
593.0,-0.065,33.0,-0.064,33.0,-0.065,33.0,-0.069,33.0
593.5,-0.058,33.0,-0.059,33.0,-0.058,33.0,-0.057,33.0
594.0,-0.053,33.0,-0.053,33.0,-0.053,33.0,-0.056,33.0
594.5,-0.048,33.1,-0.049,33.0,-0.049,33.0,-0.051,33.1
595.0,-0.042,33.1,-0.042,33.1,-0.044,33.1,-0.042,33.1
595.5,-0.038,33.1,-0.037,33.1,-0.037,33.1,-0.037,33.2
596.0,-0.035,33.1,-0.035,33.1,-0.036,33.2,-0.034,33.2
596.5,-0.034,33.2,-0.034,33.2,-0.034,33.2,-0.034,33.2
597.0,-0.036,33.2,-0.035,33.2,-0.037,33.2,-0.036,33.2
597.5,-0.039,33.2,-0.039,33.2,-0.039,33.2,-0.037,33.2
598.0,-0.038,33.2,-0.037,33.2,-0.039,33.3,-0.037,33.2
598.5,-0.036,33.2,-0.037,33.2,-0.037,33.2,-0.037,33.2
599.0,-0.035,33.2,-0.034,33.2,-0.034,33.2,-0.036,33.2
599.5,-0.031,33.3,-0.030,33.3,-0.033,33.3,-0.031,33.2
600.0,-0.026,33.2,-0.028,33.2,-0.026,33.3,-0.026,33.2
600.5,-0.024,33.3,-0.023,33.3,-0.023,33.2,-0.025,33.3
601.0,-0.024,33.3,-0.023,33.3,-0.023,33.3,-0.024,33.3
601.5,-0.025,33.3,-0.025,33.3,-0.025,33.3,-0.024,33.3
602.0,-0.027,33.3,-0.026,33.3,-0.027,33.3,-0.025,33.3
602.5,-0.025,33.3,-0.025,33.3,-0.027,33.3,-0.025,33.3
603.0,-0.023,33.4,-0.023,33.3,-0.022,33.4,-0.022,33.4
603.5,-0.020,33.3,-0.019,33.3,-0.021,33.3,-0.018,33.4
604.0,-0.015,33.4,-0.015,33.4,-0.017,33.4,-0.015,33.4
604.5,-0.009,33.4,-0.010,33.4,-0.011,33.4,-0.012,33.4
605.0,-0.004,33.3,-0.004,33.3,-0.003,33.3,-0.003,33.4
605.5,0.003,33.4,0.003,33.4,0.003,33.4,-0.000,33.4
606.0,0.010,33.4,0.010,33.4,0.007,33.4,0.007,33.3
606.5,0.016,33.4,0.017,33.3,0.013,33.4,0.016,33.4
607.0,0.022,33.4,0.022,33.3,0.019,33.4,0.021,33.4
607.5,0.026,33.4,0.027,33.4,0.026,33.3,0.025,33.3
608.0,0.029,33.4,0.029,33.4,0.029,33.4,0.028,33.3
608.5,0.030,33.3,0.030,33.3,0.031,33.3,0.030,33.3
609.0,0.033,33.3,0.032,33.3,0.032,33.3,0.032,33.3
609.5,0.036,33.3,0.035,33.3,0.034,33.3,0.036,33.2
610.0,0.037,33.2,0.038,33.2,0.034,33.3,0.038,33.3
610.5,0.039,33.2,0.040,33.2,0.039,33.2,0.039,33.2
611.0,0.040,33.2,0.040,33.2,0.040,33.2,0.039,33.2
611.5,0.039,33.1,0.040,33.1,0.041,33.2,0.040,33.2
612.0,0.039,33.1,0.040,33.1,0.040,33.1,0.039,33.2
612.5,0.040,33.1,0.040,33.1,0.040,33.1,0.039,33.1
613.0,0.040,33.1,0.040,33.1,0.041,33.1,0.041,33.1
613.5,0.040,33.0,0.041,33.1,0.040,33.0,0.039,33.0
614.0,0.041,33.0,0.040,33.0,0.039,33.0,0.042,33.0
614.5,0.043,33.0,0.044,33.0,0.038,33.1,0.044,33.0
615.0,0.045,33.0,0.046,33.0,0.043,33.0,0.045,33.0
615.5,0.047,33.0,0.048,33.0,0.046,32.9,0.049,33.0
616.0,0.049,32.9,0.049,33.0,0.049,32.9,0.050,33.0
616.5,0.050,32.9,0.050,32.9,0.051,32.9,0.050,33.0
617.0,0.050,32.9,0.050,32.9,0.050,32.9,0.050,32.9
617.5,0.050,32.9,0.051,32.9,0.051,32.9,0.050,32.8
618.0,0.050,32.8,0.050,32.8,0.050,32.9,0.050,32.9
618.5,0.050,32.8,0.050,32.8,0.050,32.9,0.050,32.8
619.0,0.052,32.8,0.052,32.8,0.051,32.8,0.052,32.8
619.5,0.053,32.8,0.053,32.8,0.053,32.8,0.053,32.7
620.0,0.054,32.7,0.053,32.8,0.053,32.7,0.053,32.7
620.5,0.053,32.7,0.054,32.7,0.053,32.7,0.053,32.7
621.0,0.051,32.7,0.051,32.7,0.052,32.7,0.053,32.7
621.5,0.050,32.7,0.050,32.7,0.054,32.7,0.049,32.7
622.0,0.048,32.7,0.047,32.7,0.049,32.7,0.051,32.7
622.5,0.046,32.7,0.047,32.7,0.046,32.7,0.050,32.7
623.0,0.045,32.7,0.045,32.6,0.045,32.7,0.045,32.7
623.5,0.044,32.6,0.045,32.6,0.046,32.7,0.045,32.6
624.0,0.046,32.7,0.045,32.7,0.046,32.6,0.046,32.6
624.5,0.048,32.7,0.048,32.7,0.047,32.7,0.049,32.7
625.0,0.050,32.7,0.050,32.7,0.048,32.7,0.050,32.6
625.5,0.050,32.7,0.050,32.7,0.049,32.6,0.051,32.7
626.0,0.050,32.6,0.049,32.7,0.051,32.7,0.051,32.6
626.5,0.051,32.6,0.050,32.6,0.051,32.6,0.053,32.6
627.0,0.050,32.6,0.051,32.6,0.051,32.7,0.053,32.6
627.5,0.050,32.6,0.049,32.6,0.051,32.6,0.050,32.7
628.0,0.049,32.6,0.049,32.6,0.050,32.6,0.051,32.6
628.5,0.049,32.6,0.050,32.6,0.050,32.6,0.050,32.6
629.0,0.050,32.6,0.050,32.6,0.050,32.6,0.051,32.6
629.5,0.050,32.6,0.052,32.6,0.050,32.6,0.052,32.6
630.0,0.050,32.5,0.051,32.6,0.050,32.6,0.052,32.5
630.5,0.048,32.5,0.049,32.5,0.050,32.5,0.051,32.6
631.0,0.047,32.5,0.046,32.5,0.050,32.5,0.046,32.6
631.5,0.045,32.5,0.045,32.5,0.044,32.5,0.046,32.5
632.0,0.044,32.6,0.043,32.5,0.044,32.5,0.044,32.6
632.5,0.043,32.6,0.043,32.6,0.043,32.5,0.044,32.6
633.0,0.043,32.6,0.044,32.6,0.043,32.6,0.046,32.5
633.5,0.045,32.5,0.044,32.5,0.045,32.6,0.047,32.5
634.0,0.046,32.5,0.045,32.6,0.046,32.6,0.045,32.6
634.5,0.047,32.6,0.046,32.6,0.048,32.6,0.048,32.6
635.0,0.048,32.5,0.048,32.5,0.049,32.6,0.049,32.5
635.5,0.048,32.5,0.048,32.5,0.048,32.5,0.048,32.5
636.0,0.050,32.5,0.049,32.5,0.050,32.5,0.049,32.5
636.5,0.049,32.5,0.048,32.5,0.050,32.5,0.049,32.5
637.0,0.049,32.5,0.048,32.5,0.049,32.5,0.049,32.5
637.5,0.048,32.5,0.050,32.5,0.050,32.5,0.049,32.5
638.0,0.047,32.5,0.047,32.5,0.050,32.5,0.048,32.5
638.5,0.046,32.5,0.046,32.5,0.048,32.5,0.046,32.5
639.0,0.046,32.5,0.046,32.5,0.048,32.5,0.044,32.5
639.5,0.046,32.5,0.046,32.5,0.045,32.5,0.046,32.5
640.0,0.045,32.5,0.045,32.5,0.046,32.5,0.046,32.5
640.5,0.044,32.5,0.044,32.5,0.046,32.5,0.046,32.5
641.0,0.043,32.5,0.043,32.5,0.043,32.5,0.045,32.4
641.5,0.042,32.5,0.040,32.5,0.040,32.5,0.041,32.4
642.0,0.040,32.5,0.040,32.5,0.039,32.5,0.040,32.5
642.5,0.039,32.5,0.040,32.5,0.039,32.5,0.041,32.5
643.0,0.040,32.5,0.041,32.5,0.040,32.4,0.041,32.5
643.5,0.040,32.5,0.039,32.5,0.041,32.5,0.038,32.5
644.0,0.040,32.5,0.039,32.5,0.039,32.5,0.039,32.5
644.5,0.040,32.5,0.039,32.5,0.039,32.4,0.040,32.5
645.0,0.039,32.5,0.039,32.5,0.039,32.5,0.039,32.5
645.5,0.040,32.5,0.040,32.5,0.041,32.4,0.040,32.5
646.0,0.040,32.5,0.039,32.5,0.040,32.4,0.041,32.5
646.5,0.039,32.5,0.040,32.5,0.040,32.5,0.039,32.5
647.0,0.037,32.5,0.039,32.5,0.039,32.5,0.039,32.5
647.5,0.034,32.5,0.034,32.5,0.036,32.5,0.034,32.5
648.0,0.031,32.5,0.031,32.5,0.032,32.5,0.030,32.5
648.5,0.030,32.5,0.030,32.5,0.031,32.5,0.028,32.5
649.0,0.028,32.5,0.029,32.5,0.029,32.5,0.028,32.5
649.5,0.027,32.5,0.028,32.5,0.028,32.5,0.028,32.5
650.0,0.028,32.5,0.027,32.5,0.028,32.5,0.027,32.5
650.5,0.028,32.5,0.029,32.5,0.027,32.6,0.028,32.6
651.0,0.026,32.5,0.027,32.6,0.027,32.5,0.026,32.6
651.5,0.027,32.5,0.028,32.6,0.026,32.5,0.025,32.6
652.0,0.026,32.6,0.027,32.6,0.028,32.6,0.026,32.6
652.5,0.026,32.6,0.026,32.6,0.028,32.6,0.026,32.5
653.0,0.026,32.6,0.026,32.6,0.028,32.6,0.026,32.6
653.5,0.025,32.6,0.026,32.6,0.025,32.6,0.025,32.6
654.0,0.024,32.6,0.024,32.6,0.024,32.6,0.024,32.6
654.5,0.024,32.6,0.025,32.6,0.025,32.6,0.024,32.6
655.0,0.023,32.6,0.023,32.6,0.023,32.6,0.023,32.6
655.5,0.023,32.6,0.023,32.6,0.023,32.6,0.023,32.6
656.0,0.022,32.6,0.023,32.7,0.022,32.6,0.023,32.6
656.5,0.022,32.6,0.022,32.6,0.021,32.6,0.022,32.6
657.0,0.020,32.7,0.019,32.6,0.020,32.7,0.019,32.7
657.5,0.018,32.7,0.018,32.6,0.018,32.6,0.018,32.7
658.0,0.017,32.6,0.017,32.7,0.016,32.7,0.018,32.7
658.5,0.016,32.7,0.017,32.7,0.017,32.7,0.018,32.7
659.0,0.016,32.7,0.015,32.7,0.016,32.7,0.015,32.7
659.5,0.016,32.7,0.014,32.7,0.014,32.6,0.015,32.7
660.0,0.015,32.7,0.015,32.7,0.016,32.7,0.014,32.7
660.5,0.014,32.7,0.015,32.7,0.016,32.7,0.014,32.7
661.0,0.014,32.7,0.015,32.7,0.016,32.7,0.016,32.7
661.5,0.016,32.7,0.016,32.7,0.016,32.7,0.016,32.7
662.0,0.016,32.7,0.016,32.7,0.016,32.7,0.014,32.8
662.5,0.016,32.7,0.016,32.7,0.015,32.8,0.014,32.7
663.0,0.015,32.7,0.015,32.7,0.016,32.8,0.016,32.7
663.5,0.016,32.8,0.016,32.8,0.016,32.7,0.015,32.8
664.0,0.015,32.8,0.015,32.8,0.014,32.8,0.014,32.7
664.5,0.014,32.8,0.015,32.8,0.013,32.8,0.013,32.8
665.0,0.011,32.8,0.012,32.7,0.012,32.8,0.011,32.8
665.5,0.008,32.8,0.008,32.8,0.009,32.7,0.009,32.8
666.0,0.002,32.8,0.001,32.8,0.003,32.8,0.002,32.8
666.5,-0.007,32.8,-0.006,32.8,-0.006,32.8,-0.006,32.8
667.0,-0.020,32.8,-0.019,32.8,-0.020,32.8,-0.017,32.8
667.5,-0.039,32.8,-0.038,32.8,-0.028,32.8,-0.039,32.8
668.0,-0.062,32.9,-0.062,32.9,-0.050,32.8,-0.059,32.9
668.5,-0.085,32.9,-0.086,32.9,-0.080,32.9,-0.082,32.9
669.0,-0.100,32.9,-0.101,32.9,-0.099,32.9,-0.100,32.9
669.5,-0.104,32.9,-0.105,32.9,-0.105,32.9,-0.102,32.9
670.0,-0.103,32.8,-0.104,32.9,-0.105,32.8,-0.102,32.9
670.5,-0.099,32.8,-0.099,32.8,-0.099,32.8,-0.099,32.9
671.0,-0.091,32.8,-0.090,32.8,-0.091,32.8,-0.092,32.8
671.5,-0.083,32.8,-0.082,32.8,-0.085,32.8,-0.083,32.8
672.0,-0.077,32.8,-0.078,32.8,-0.078,32.8,-0.078,32.8
672.5,-0.072,32.8,-0.072,32.8,-0.070,32.9,-0.072,32.8
673.0,-0.066,32.8,-0.065,32.8,-0.068,32.8,-0.067,32.9
673.5,-0.063,32.9,-0.062,32.9,-0.063,32.9,-0.063,32.8
674.0,-0.061,32.9,-0.062,32.9,-0.061,32.9,-0.062,32.9
674.5,-0.059,32.9,-0.059,32.9,-0.059,32.9,-0.060,32.9
675.0,-0.056,32.9,-0.055,32.9,-0.056,32.9,-0.055,32.9
675.5,-0.052,32.9,-0.053,32.9,-0.052,32.9,-0.054,32.9
676.0,-0.048,32.9,-0.047,32.9,-0.050,33.0,-0.048,32.9
676.5,-0.044,32.9,-0.043,33.0,-0.047,33.0,-0.043,33.0
677.0,-0.039,33.0,-0.039,33.0,-0.042,33.0,-0.039,33.0
677.5,-0.034,33.0,-0.035,33.0,-0.038,32.9,-0.035,33.0
678.0,-0.029,33.0,-0.030,33.0,-0.033,33.0,-0.031,33.0
678.5,-0.026,33.0,-0.026,33.1,-0.026,33.0,-0.028,33.0
679.0,-0.026,33.0,-0.024,33.1,-0.025,33.1,-0.027,33.0
679.5,-0.028,33.0,-0.028,33.1,-0.029,33.0,-0.027,33.0
680.0,-0.029,33.1,-0.028,33.1,-0.028,33.1,-0.029,33.1
680.5,-0.028,33.1,-0.027,33.1,-0.029,33.1,-0.028,33.1
681.0,-0.025,33.1,-0.025,33.1,-0.025,33.1,-0.025,33.1
681.5,-0.020,33.1,-0.020,33.1,-0.020,33.1,-0.022,33.1
682.0,-0.016,33.1,-0.016,33.1,-0.016,33.1,-0.016,33.1
682.5,-0.010,33.2,-0.013,33.1,-0.009,33.1,-0.014,33.2
683.0,-0.004,33.2,-0.003,33.2,-0.005,33.1,-0.003,33.2
683.5,0.002,33.2,0.002,33.2,0.002,33.1,0.001,33.2
684.0,0.008,33.2,0.008,33.2,0.007,33.2,0.008,33.2
684.5,0.012,33.2,0.012,33.2,0.010,33.2,0.012,33.2
685.0,0.015,33.2,0.015,33.2,0.014,33.2,0.016,33.2
685.5,0.019,33.2,0.019,33.1,0.018,33.2,0.020,33.1
686.0,0.021,33.2,0.022,33.2,0.022,33.2,0.022,33.1
686.5,0.024,33.2,0.023,33.2,0.022,33.2,0.024,33.2
687.0,0.026,33.1,0.026,33.2,0.022,33.2,0.027,33.1
687.5,0.031,33.1,0.031,33.1,0.029,33.2,0.029,33.1
688.0,0.035,33.1,0.035,33.1,0.035,33.1,0.035,33.1
688.5,0.038,33.1,0.037,33.0,0.037,33.0,0.038,33.1
689.0,0.038,33.0,0.039,33.0,0.037,33.0,0.040,33.1
689.5,0.038,33.0,0.037,33.0,0.038,33.0,0.037,33.0
690.0,0.038,33.0,0.038,33.0,0.038,33.0,0.038,33.0
690.5,0.038,33.0,0.039,33.0,0.040,33.0,0.039,33.0
691.0,0.038,32.9,0.040,32.9,0.039,33.0,0.040,32.9
691.5,0.040,32.9,0.040,32.9,0.039,32.9,0.040,32.9
692.0,0.042,32.9,0.042,32.9,0.041,32.9,0.043,32.9
692.5,0.044,32.9,0.044,32.8,0.044,32.9,0.044,32.9
693.0,0.046,32.8,0.046,32.8,0.046,32.8,0.046,32.8
693.5,0.048,32.8,0.047,32.8,0.047,32.8,0.048,32.8
694.0,0.049,32.8,0.048,32.8,0.048,32.8,0.048,32.8
694.5,0.049,32.8,0.048,32.7,0.050,32.8,0.048,32.8
695.0,0.049,32.7,0.050,32.8,0.050,32.8,0.048,32.7
695.5,0.047,32.7,0.051,32.8,0.047,32.7,0.047,32.7
696.0,0.046,32.7,0.047,32.7,0.046,32.8,0.047,32.7
696.5,0.046,32.7,0.045,32.7,0.045,32.7,0.045,32.7
697.0,0.046,32.7,0.047,32.6,0.046,32.7,0.045,32.7
697.5,0.047,32.7,0.047,32.7,0.046,32.7,0.046,32.7
698.0,0.046,32.7,0.046,32.7,0.048,32.7,0.046,32.7
698.5,0.046,32.6,0.046,32.6,0.046,32.7,0.047,32.6
699.0,0.044,32.6,0.044,32.6,0.043,32.6,0.046,32.6
699.5,0.044,32.6,0.042,32.6,0.044,32.6,0.044,32.6
700.0,0.041,32.6,0.042,32.6,0.042,32.6,0.042,32.6
700.5,0.040,32.6,0.040,32.6,0.038,32.6,0.039,32.6
701.0,0.040,32.6,0.040,32.6,0.039,32.6,0.040,32.6
701.5,0.041,32.6,0.041,32.6,0.041,32.6,0.042,32.6
702.0,0.043,32.6,0.043,32.6,0.045,32.6,0.043,32.6
702.5,0.046,32.6,0.045,32.6,0.047,32.6,0.045,32.6
703.0,0.048,32.6,0.049,32.6,0.047,32.6,0.047,32.6
703.5,0.050,32.6,0.052,32.6,0.050,32.6,0.048,32.6
704.0,0.051,32.6,0.052,32.6,0.051,32.6,0.051,32.6
704.5,0.052,32.6,0.052,32.6,0.053,32.6,0.052,32.6
705.0,0.052,32.6,0.052,32.6,0.054,32.6,0.052,32.6
705.5,0.052,32.5,0.053,32.5,0.053,32.5,0.052,32.6
706.0,0.052,32.5,0.052,32.5,0.052,32.5,0.052,32.5
706.5,0.053,32.5,0.051,32.5,0.052,32.5,0.053,32.5
707.0,0.054,32.5,0.053,32.5,0.052,32.5,0.054,32.5
707.5,0.052,32.5,0.053,32.5,0.054,32.5,0.053,32.5
708.0,0.052,32.5,0.052,32.5,0.054,32.5,0.052,32.5
708.5,0.051,32.4,0.051,32.4,0.052,32.5,0.051,32.5
709.0,0.049,32.5,0.049,32.4,0.049,32.5,0.050,32.5
709.5,0.047,32.5,0.048,32.5,0.047,32.5,0.050,32.4
710.0,0.045,32.5,0.046,32.4,0.046,32.4,0.047,32.5
710.5,0.044,32.5,0.045,32.5,0.046,32.5,0.044,32.5
711.0,0.044,32.5,0.044,32.5,0.045,32.5,0.044,32.5
711.5,0.046,32.4,0.047,32.5,0.046,32.4,0.046,32.5
712.0,0.046,32.5,0.048,32.5,0.047,32.5,0.045,32.5
712.5,0.047,32.5,0.047,32.5,0.046,32.5,0.046,32.5
713.0,0.048,32.5,0.048,32.4,0.046,32.5,0.049,32.5
713.5,0.048,32.5,0.049,32.5,0.050,32.5,0.048,32.5
714.0,0.048,32.5,0.050,32.4,0.049,32.5,0.048,32.5
714.5,0.048,32.4,0.049,32.4,0.048,32.5,0.048,32.5
715.0,0.048,32.4,0.048,32.4,0.048,32.5,0.048,32.5
715.5,0.047,32.4,0.048,32.4,0.048,32.4,0.048,32.4
716.0,0.046,32.5,0.047,32.5,0.045,32.5,0.047,32.4
716.5,0.045,32.4,0.045,32.4,0.044,32.5,0.045,32.4
717.0,0.045,32.4,0.047,32.4,0.044,32.4,0.046,32.5
717.5,0.044,32.4,0.045,32.4,0.043,32.4,0.045,32.4
718.0,0.044,32.5,0.045,32.5,0.046,32.5,0.044,32.4
718.5,0.044,32.5,0.043,32.4,0.046,32.5,0.044,32.4
719.0,0.044,32.5,0.043,32.4,0.045,32.5,0.043,32.4
719.5,0.041,32.5,0.041,32.5,0.043,32.5,0.043,32.4
720.0,0.040,32.5,0.040,32.5,0.040,32.5,0.040,32.5
720.5,0.040,32.5,0.041,32.5,0.039,32.4,0.040,32.5
721.0,0.040,32.5,0.040,32.5,0.042,32.5,0.040,32.5
721.5,0.041,32.4,0.040,32.4,0.044,32.5,0.042,32.5
722.0,0.040,32.5,0.041,32.5,0.040,32.5,0.042,32.5
722.5,0.040,32.5,0.040,32.5,0.041,32.5,0.040,32.5
723.0,0.040,32.5,0.041,32.5,0.039,32.5,0.041,32.5
723.5,0.040,32.5,0.042,32.5,0.040,32.5,0.044,32.5
724.0,0.040,32.5,0.039,32.5,0.040,32.5,0.044,32.5
724.5,0.038,32.5,0.038,32.5,0.040,32.5,0.040,32.5
725.0,0.037,32.5,0.037,32.5,0.036,32.5,0.039,32.5
725.5,0.035,32.5,0.034,32.5,0.035,32.5,0.035,32.5
726.0,0.033,32.5,0.034,32.5,0.033,32.5,0.032,32.5
726.5,0.032,32.5,0.032,32.5,0.032,32.5,0.032,32.5
727.0,0.032,32.5,0.031,32.5,0.033,32.5,0.030,32.5
727.5,0.032,32.5,0.032,32.5,0.032,32.5,0.033,32.5
728.0,0.030,32.5,0.029,32.5,0.030,32.5,0.031,32.5
728.5,0.030,32.6,0.030,32.5,0.029,32.5,0.030,32.5
729.0,0.030,32.6,0.030,32.6,0.030,32.6,0.031,32.6
729.5,0.029,32.6,0.029,32.5,0.032,32.6,0.030,32.6
730.0,0.028,32.6,0.028,32.6,0.029,32.6,0.028,32.6
730.5,0.027,32.6,0.027,32.6,0.028,32.6,0.028,32.5
731.0,0.026,32.6,0.027,32.6,0.026,32.5,0.025,32.6
731.5,0.024,32.6,0.024,32.6,0.023,32.6,0.024,32.6
732.0,0.024,32.6,0.025,32.6,0.024,32.7,0.024,32.7
732.5,0.024,32.6,0.025,32.6,0.025,32.6,0.024,32.6
733.0,0.023,32.6,0.023,32.6,0.023,32.7,0.025,32.6
733.5,0.022,32.6,0.022,32.6,0.023,32.6,0.022,32.6
734.0,0.022,32.6,0.022,32.6,0.022,32.6,0.021,32.6
734.5,0.022,32.7,0.021,32.7,0.022,32.6,0.022,32.7
735.0,0.021,32.7,0.022,32.7,0.021,32.7,0.021,32.7
735.5,0.020,32.7,0.021,32.7,0.020,32.7,0.020,32.7
736.0,0.018,32.7,0.019,32.7,0.018,32.7,0.020,32.7
736.5,0.016,32.7,0.017,32.7,0.017,32.7,0.018,32.7
737.0,0.016,32.7,0.016,32.7,0.016,32.7,0.016,32.7
737.5,0.016,32.8,0.016,32.8,0.017,32.7,0.017,32.8
738.0,0.017,32.8,0.017,32.7,0.016,32.7,0.018,32.8
738.5,0.016,32.8,0.017,32.8,0.016,32.7,0.017,32.8
739.0,0.017,32.8,0.017,32.8,0.017,32.8,0.016,32.8
739.5,0.018,32.8,0.018,32.8,0.018,32.8,0.018,32.8
740.0,0.018,32.8,0.017,32.8,0.017,32.8,0.018,32.8
740.5,0.018,32.8,0.017,32.8,0.018,32.9,0.018,32.8
741.0,0.017,32.8,0.017,32.8,0.016,32.8,0.018,32.8
741.5,0.016,32.8,0.017,32.8,0.017,32.9,0.018,32.8
742.0,0.016,32.8,0.016,32.8,0.017,32.8,0.017,32.8
742.5,0.014,32.8,0.014,32.8,0.015,32.8,0.015,32.8
743.0,0.013,32.9,0.013,32.9,0.013,32.9,0.015,32.8
743.5,0.011,32.9,0.011,32.9,0.012,32.9,0.011,32.9
744.0,0.009,32.9,0.008,32.8,0.009,32.9,0.011,32.8
744.5,0.006,32.9,0.005,32.9,0.006,32.9,0.007,32.9
745.0,0.001,32.9,0.000,32.9,0.000,32.9,0.006,32.9
745.5,-0.006,32.9,-0.005,32.9,-0.004,32.9,-0.002,32.9
746.0,-0.016,32.9,-0.014,32.9,-0.013,32.9,-0.014,32.9
746.5,-0.031,33.0,-0.029,33.0,-0.028,33.0,-0.028,33.0
747.0,-0.048,33.0,-0.047,33.0,-0.038,33.0,-0.044,33.0
747.5,-0.070,33.0,-0.071,33.0,-0.063,33.0,-0.069,33.0
748.0,-0.087,33.0,-0.085,33.1,-0.086,33.0,-0.086,33.0
748.5,-0.093,33.0,-0.092,33.0,-0.094,33.1,-0.091,33.0
749.0,-0.092,33.0,-0.093,33.0,-0.093,33.1,-0.091,33.0
749.5,-0.088,33.0,-0.090,33.0,-0.088,33.1,-0.087,33.0
750.0,-0.083,33.0,-0.081,33.0,-0.082,33.0,-0.081,33.0
750.5,-0.080,33.0,-0.080,33.0,-0.078,33.0,-0.079,33.0
751.0,-0.074,33.0,-0.075,33.0,-0.074,33.0,-0.076,33.0
751.5,-0.070,33.0,-0.070,33.0,-0.072,33.0,-0.071,33.1
752.0,-0.068,33.0,-0.069,33.0,-0.069,33.0,-0.069,33.1
752.5,-0.066,33.0,-0.066,33.0,-0.066,33.1,-0.066,33.0
753.0,-0.062,33.1,-0.062,33.1,-0.064,33.1,-0.064,33.0
753.5,-0.057,33.1,-0.058,33.1,-0.057,33.1,-0.059,33.1
754.0,-0.055,33.1,-0.056,33.1,-0.055,33.1,-0.055,33.1
754.5,-0.055,33.1,-0.055,33.1,-0.054,33.1,-0.055,33.1
755.0,-0.051,33.1,-0.051,33.1,-0.051,33.1,-0.051,33.1
755.5,-0.047,33.1,-0.046,33.1,-0.047,33.2,-0.047,33.1
756.0,-0.043,33.2,-0.042,33.2,-0.043,33.1,-0.043,33.1
756.5,-0.040,33.2,-0.041,33.2,-0.041,33.2,-0.041,33.2
757.0,-0.039,33.2,-0.040,33.2,-0.038,33.2,-0.039,33.2
757.5,-0.040,33.2,-0.039,33.2,-0.038,33.2,-0.041,33.2
758.0,-0.039,33.2,-0.037,33.2,-0.039,33.2,-0.039,33.2
758.5,-0.036,33.3,-0.035,33.3,-0.036,33.3,-0.036,33.3
759.0,-0.031,33.3,-0.031,33.3,-0.030,33.2,-0.032,33.3
759.5,-0.028,33.3,-0.028,33.3,-0.029,33.3,-0.028,33.3
760.0,-0.024,33.3,-0.024,33.3,-0.027,33.3,-0.025,33.3
760.5,-0.021,33.3,-0.021,33.3,-0.022,33.3,-0.022,33.3
761.0,-0.018,33.3,-0.018,33.3,-0.018,33.3,-0.018,33.3
761.5,-0.013,33.3,-0.014,33.3,-0.013,33.3,-0.013,33.3
762.0,-0.009,33.3,-0.009,33.3,-0.009,33.3,-0.010,33.3
762.5,-0.005,33.4,-0.005,33.3,-0.006,33.4,-0.003,33.4
763.0,-0.002,33.4,-0.002,33.4,-0.002,33.4,-0.002,33.4
763.5,0.003,33.4,0.002,33.4,0.003,33.4,0.001,33.4
764.0,0.006,33.4,0.006,33.4,0.003,33.4,0.008,33.4
764.5,0.010,33.4,0.011,33.4,0.010,33.4,0.010,33.4
765.0,0.014,33.4,0.014,33.4,0.014,33.4,0.013,33.4
765.5,0.018,33.4,0.018,33.4,0.017,33.4,0.016,33.4
766.0,0.020,33.4,0.020,33.4,0.021,33.4,0.019,33.4
766.5,0.022,33.4,0.021,33.4,0.021,33.4,0.020,33.4
767.0,0.023,33.4,0.024,33.4,0.024,33.4,0.022,33.4
767.5,0.026,33.3,0.025,33.3,0.025,33.4,0.024,33.3
768.0,0.028,33.3,0.028,33.3,0.028,33.4,0.028,33.3
768.5,0.030,33.3,0.030,33.3,0.029,33.3,0.029,33.3
769.0,0.032,33.3,0.033,33.3,0.033,33.3,0.032,33.3
769.5,0.034,33.3,0.035,33.3,0.034,33.3,0.035,33.3
770.0,0.036,33.2,0.036,33.2,0.035,33.2,0.037,33.3
770.5,0.040,33.2,0.040,33.3,0.037,33.3,0.040,33.2
771.0,0.043,33.2,0.042,33.2,0.044,33.2,0.044,33.2
771.5,0.046,33.2,0.045,33.2,0.045,33.2,0.045,33.2
772.0,0.048,33.1,0.046,33.1,0.047,33.1,0.045,33.1
772.5,0.048,33.1,0.047,33.2,0.047,33.1,0.045,33.1
773.0,0.048,33.1,0.047,33.1,0.049,33.1,0.048,33.1
773.5,0.049,33.1,0.049,33.1,0.051,33.1,0.049,33.1
774.0,0.050,33.0,0.048,33.0,0.050,33.1,0.050,33.0
774.5,0.052,33.0,0.051,33.0,0.053,33.0,0.051,33.0
775.0,0.052,33.0,0.052,33.0,0.054,33.0,0.053,33.0
775.5,0.052,32.9,0.052,32.9,0.052,33.0,0.052,33.0
776.0,0.052,32.9,0.052,32.9,0.052,33.0,0.050,32.9
776.5,0.051,32.9,0.050,33.0,0.050,32.9,0.049,32.9
777.0,0.048,32.9,0.049,32.9,0.049,32.9,0.050,32.9
777.5,0.047,32.9,0.048,32.9,0.046,32.9,0.050,32.9
778.0,0.046,32.9,0.046,32.9,0.045,32.9,0.046,32.9
778.5,0.045,32.9,0.046,32.9,0.045,32.9,0.045,32.9
779.0,0.044,32.9,0.044,32.9,0.044,32.9,0.044,32.9
779.5,0.046,32.9,0.045,32.9,0.048,32.9,0.046,32.9
780.0,0.047,32.9,0.047,32.9,0.048,32.9,0.046,32.9
780.5,0.048,32.9,0.047,32.9,0.048,32.9,0.047,32.9
781.0,0.048,32.9,0.049,32.9,0.050,32.8,0.048,32.9
781.5,0.048,32.9,0.048,32.9,0.049,32.8,0.048,32.8
782.0,0.048,32.8,0.048,32.8,0.048,32.8,0.047,32.8
782.5,0.047,32.8,0.047,32.8,0.047,32.8,0.047,32.9
783.0,0.046,32.8,0.047,32.8,0.048,32.8,0.046,32.9
783.5,0.046,32.8,0.047,32.8,0.045,32.8,0.044,32.8
784.0,0.047,32.8,0.047,32.8,0.046,32.8,0.045,32.8
784.5,0.047,32.8,0.047,32.8,0.047,32.8,0.047,32.9
785.0,0.046,32.8,0.046,32.8,0.048,32.8,0.048,32.9
785.5,0.046,32.8,0.046,32.8,0.047,32.9,0.046,32.8
786.0,0.046,32.8,0.045,32.8,0.046,32.8,0.045,32.8
786.5,0.044,32.8,0.044,32.8,0.045,32.8,0.043,32.8
787.0,0.042,32.8,0.042,32.8,0.042,32.8,0.042,32.8
787.5,0.040,32.8,0.041,32.8,0.040,32.8,0.043,32.8
788.0,0.040,32.8,0.041,32.8,0.042,32.8,0.041,32.8
788.5,0.040,32.8,0.040,32.8,0.042,32.8,0.041,32.8
789.0,0.041,32.8,0.041,32.9,0.041,32.8,0.042,32.8
789.5,0.042,32.8,0.041,32.8,0.043,32.8,0.044,32.9
790.0,0.044,32.8,0.042,32.8,0.041,32.8,0.044,32.9
790.5,0.044,32.9,0.044,32.9,0.045,32.8,0.044,32.9
791.0,0.046,32.8,0.046,32.8,0.044,32.8,0.045,32.8
791.5,0.047,32.8,0.048,32.8,0.048,32.8,0.046,32.8
792.0,0.048,32.8,0.048,32.8,0.048,32.8,0.048,32.8
792.5,0.048,32.8,0.047,32.8,0.049,32.9,0.049,32.8
793.0,0.048,32.8,0.048,32.8,0.046,32.8,0.048,32.8
793.5,0.048,32.8,0.048,32.8,0.051,32.8,0.048,32.8
794.0,0.048,32.8,0.049,32.8,0.050,32.8,0.049,32.8
794.5,0.048,32.8,0.049,32.8,0.048,32.8,0.050,32.8
795.0,0.048,32.8,0.049,32.8,0.049,32.8,0.048,32.8
795.5,0.047,32.8,0.048,32.8,0.048,32.8,0.047,32.8
796.0,0.046,32.8,0.046,32.8,0.047,32.8,0.045,32.8
796.5,0.043,32.8,0.044,32.8,0.045,32.8,0.045,32.8
797.0,0.042,32.8,0.042,32.8,0.043,32.8,0.043,32.8
797.5,0.042,32.8,0.040,32.8,0.042,32.8,0.042,32.8
798.0,0.042,32.8,0.041,32.8,0.042,32.8,0.041,32.8
798.5,0.042,32.8,0.042,32.8,0.042,32.8,0.043,32.8
799.0,0.042,32.8,0.044,32.8,0.041,32.8,0.043,32.8
799.5,0.043,32.8,0.043,32.8,0.042,32.8,0.042,32.8
800.0,0.044,32.8,0.044,32.8,0.042,32.9,0.044,32.8
800.5,0.044,32.8,0.043,32.8,0.044,32.8,0.044,32.8
801.0,0.044,32.8,0.044,32.8,0.043,32.8,0.043,32.8
801.5,0.042,32.8,0.042,32.8,0.043,32.8,0.043,32.9
802.0,0.042,32.8,0.042,32.8,0.044,32.8,0.042,32.8
802.5,0.041,32.8,0.042,32.8,0.042,32.8,0.042,32.8
803.0,0.039,32.8,0.038,32.8,0.039,32.9,0.040,32.8
803.5,0.038,32.8,0.038,32.8,0.040,32.8,0.038,32.8
804.0,0.036,32.9,0.035,32.8,0.040,32.8,0.036,32.8
804.5,0.036,32.8,0.036,32.8,0.035,32.9,0.037,32.8
805.0,0.034,32.9,0.034,32.9,0.036,32.9,0.037,32.8
805.5,0.033,32.9,0.033,32.9,0.033,32.9,0.034,32.8
806.0,0.031,32.9,0.033,32.9,0.032,32.9,0.032,32.9
806.5,0.031,32.9,0.031,32.9,0.030,32.9,0.031,32.9
807.0,0.030,32.9,0.030,32.9,0.030,32.9,0.030,32.9
807.5,0.029,32.9,0.031,32.9,0.028,32.9,0.031,33.0
808.0,0.029,32.9,0.030,32.9,0.029,32.9,0.030,32.9
808.5,0.029,32.9,0.029,32.9,0.028,32.9,0.030,32.9
809.0,0.028,32.9,0.028,33.0,0.028,32.9,0.029,32.9
809.5,0.028,33.0,0.028,33.0,0.028,32.9,0.028,32.9
810.0,0.026,33.0,0.026,33.0,0.026,33.0,0.028,33.0
810.5,0.026,33.0,0.026,33.0,0.027,33.0,0.027,33.0
811.0,0.026,33.0,0.025,33.0,0.026,33.0,0.026,33.0
811.5,0.024,33.0,0.025,33.0,0.025,33.0,0.026,33.0
812.0,0.023,33.0,0.023,33.0,0.024,33.0,0.024,33.0
812.5,0.022,33.0,0.023,33.0,0.022,33.0,0.022,33.1
813.0,0.020,33.0,0.021,33.1,0.021,33.0,0.021,33.0
813.5,0.019,33.0,0.019,33.1,0.020,33.0,0.019,33.1
814.0,0.019,33.1,0.019,33.1,0.020,33.0,0.019,33.1
814.5,0.019,33.1,0.020,33.1,0.020,33.1,0.018,33.1
815.0,0.018,33.1,0.018,33.1,0.018,33.1,0.019,33.1
815.5,0.018,33.1,0.018,33.1,0.017,33.1,0.018,33.1
816.0,0.016,33.1,0.018,33.1,0.015,33.1,0.016,33.1
816.5,0.017,33.1,0.017,33.1,0.017,33.1,0.016,33.2
817.0,0.017,33.2,0.017,33.2,0.016,33.2,0.017,33.2
817.5,0.016,33.2,0.017,33.2,0.017,33.2,0.017,33.2
818.0,0.016,33.2,0.017,33.2,0.017,33.2,0.018,33.2
818.5,0.017,33.2,0.017,33.2,0.015,33.2,0.017,33.2
819.0,0.018,33.2,0.018,33.2,0.016,33.2,0.018,33.2
819.5,0.016,33.2,0.016,33.2,0.017,33.2,0.017,33.2
820.0,0.016,33.2,0.016,33.2,0.016,33.2,0.017,33.2
820.5,0.015,33.2,0.015,33.2,0.016,33.2,0.014,33.2
821.0,0.014,33.2,0.015,33.2,0.015,33.3,0.015,33.2
821.5,0.014,33.3,0.014,33.3,0.014,33.2,0.014,33.2
822.0,0.012,33.3,0.013,33.3,0.012,33.3,0.012,33.3
822.5,0.010,33.3,0.010,33.2,0.010,33.3,0.008,33.2
823.0,0.007,33.3,0.007,33.3,0.008,33.3,0.007,33.3
823.5,0.003,33.3,0.002,33.3,0.003,33.3,0.004,33.3
824.0,-0.003,33.3,-0.003,33.3,-0.001,33.3,-0.002,33.3
824.5,-0.009,33.3,-0.009,33.3,-0.006,33.3,-0.008,33.4
825.0,-0.018,33.4,-0.018,33.4,-0.015,33.4,-0.017,33.4
825.5,-0.031,33.4,-0.032,33.4,-0.029,33.4,-0.031,33.4
826.0,-0.046,33.4,-0.044,33.4,-0.041,33.4,-0.044,33.4
826.5,-0.059,33.5,-0.057,33.5,-0.058,33.5,-0.056,33.5
827.0,-0.071,33.5,-0.070,33.5,-0.070,33.5,-0.068,33.5
827.5,-0.082,33.5,-0.080,33.5,-0.081,33.5,-0.076,33.5
828.0,-0.086,33.5,-0.087,33.5,-0.088,33.5,-0.086,33.5
828.5,-0.085,33.5,-0.084,33.5,-0.086,33.5,-0.087,33.5
829.0,-0.081,33.5,-0.080,33.5,-0.082,33.4,-0.082,33.5
829.5,-0.076,33.5,-0.076,33.5,-0.079,33.5,-0.079,33.5
830.0,-0.072,33.5,-0.071,33.5,-0.074,33.5,-0.072,33.5
830.5,-0.068,33.5,-0.066,33.5,-0.070,33.5,-0.066,33.5
831.0,-0.063,33.5,-0.063,33.5,-0.064,33.5,-0.064,33.5
831.5,-0.058,33.5,-0.058,33.6,-0.061,33.5,-0.059,33.5
832.0,-0.053,33.5,-0.053,33.5,-0.055,33.5,-0.054,33.5
832.5,-0.050,33.6,-0.049,33.6,-0.052,33.5,-0.049,33.5
833.0,-0.047,33.6,-0.047,33.6,-0.047,33.5,-0.046,33.6
833.5,-0.048,33.6,-0.049,33.6,-0.048,33.5,-0.048,33.6
834.0,-0.048,33.6,-0.048,33.6,-0.048,33.6,-0.049,33.6
834.5,-0.046,33.6,-0.045,33.6,-0.045,33.6,-0.046,33.6
835.0,-0.047,33.6,-0.046,33.6,-0.047,33.6,-0.047,33.6
835.5,-0.048,33.6,-0.049,33.6,-0.046,33.6,-0.048,33.6
836.0,-0.050,33.7,-0.049,33.7,-0.048,33.6,-0.049,33.6
836.5,-0.049,33.7,-0.050,33.7,-0.048,33.7,-0.049,33.6
837.0,-0.047,33.7,-0.046,33.6,-0.047,33.7,-0.047,33.6
837.5,-0.045,33.7,-0.044,33.7,-0.044,33.7,-0.048,33.7
838.0,-0.041,33.7,-0.039,33.7,-0.040,33.7,-0.043,33.7
838.5,-0.037,33.7,-0.038,33.7,-0.036,33.7,-0.038,33.7
839.0,-0.032,33.7,-0.033,33.7,-0.031,33.7,-0.033,33.7
839.5,-0.027,33.8,-0.028,33.8,-0.029,33.7,-0.030,33.8
840.0,-0.021,33.8,-0.021,33.8,-0.023,33.8,-0.028,33.8
840.5,-0.014,33.8,-0.015,33.8,-0.016,33.8,-0.018,33.8
841.0,-0.010,33.8,-0.009,33.8,-0.010,33.8,-0.009,33.8
841.5,-0.006,33.8,-0.004,33.8,-0.006,33.8,-0.005,33.8
842.0,-0.003,33.8,-0.003,33.8,-0.003,33.8,-0.003,33.8
842.5,0.001,33.9,0.003,33.9,0.002,33.9,0.002,33.8
843.0,0.007,33.8,0.006,33.8,0.008,33.8,0.007,33.8
843.5,0.013,33.8,0.011,33.8,0.012,33.8,0.013,33.9
844.0,0.016,33.8,0.016,33.8,0.014,33.8,0.015,33.8
844.5,0.018,33.8,0.018,33.9,0.017,33.8,0.018,33.8
845.0,0.020,33.8,0.020,33.8,0.020,33.8,0.021,33.8
845.5,0.023,33.8,0.022,33.8,0.022,33.9,0.023,33.8
846.0,0.024,33.8,0.024,33.8,0.024,33.8,0.025,33.8
846.5,0.026,33.8,0.026,33.8,0.025,33.8,0.027,33.8
847.0,0.028,33.8,0.028,33.8,0.028,33.7,0.029,33.8
847.5,0.030,33.8,0.031,33.8,0.031,33.7,0.031,33.8
848.0,0.034,33.7,0.034,33.7,0.032,33.7,0.032,33.7
848.5,0.036,33.7,0.036,33.7,0.037,33.7,0.033,33.7
849.0,0.038,33.7,0.039,33.7,0.040,33.6,0.038,33.7
849.5,0.040,33.7,0.040,33.7,0.042,33.6,0.041,33.7
850.0,0.042,33.6,0.041,33.6,0.042,33.6,0.040,33.6
850.5,0.042,33.6,0.042,33.6,0.042,33.6,0.041,33.6
851.0,0.042,33.6,0.042,33.6,0.042,33.6,0.043,33.6
851.5,0.042,33.5,0.045,33.5,0.042,33.6,0.045,33.5
852.0,0.043,33.5,0.045,33.5,0.043,33.5,0.043,33.5
852.5,0.045,33.5,0.045,33.5,0.045,33.5,0.046,33.5
853.0,0.046,33.5,0.047,33.5,0.045,33.4,0.046,33.5
853.5,0.046,33.5,0.046,33.4,0.046,33.5,0.046,33.5
854.0,0.044,33.4,0.044,33.4,0.045,33.5,0.046,33.5
854.5,0.044,33.4,0.045,33.4,0.043,33.4,0.044,33.5
855.0,0.044,33.4,0.045,33.4,0.044,33.4,0.044,33.4
855.5,0.044,33.4,0.044,33.4,0.046,33.4,0.043,33.4
856.0,0.044,33.4,0.044,33.4,0.043,33.4,0.044,33.4
856.5,0.043,33.4,0.043,33.4,0.042,33.4,0.042,33.4
857.0,0.042,33.3,0.043,33.4,0.043,33.3,0.043,33.4
857.5,0.045,33.4,0.046,33.4,0.043,33.3,0.044,33.3
858.0,0.046,33.3,0.046,33.4,0.048,33.3,0.044,33.3
858.5,0.048,33.3,0.047,33.3,0.049,33.3,0.048,33.3
859.0,0.048,33.3,0.047,33.3,0.049,33.3,0.049,33.3
859.5,0.046,33.3,0.047,33.3,0.047,33.3,0.047,33.3
860.0,0.046,33.3,0.047,33.3,0.045,33.3,0.048,33.3
860.5,0.046,33.3,0.046,33.3,0.045,33.3,0.046,33.3
861.0,0.046,33.3,0.046,33.3,0.048,33.3,0.046,33.3
861.5,0.045,33.3,0.045,33.2,0.046,33.3,0.045,33.2
862.0,0.044,33.2,0.044,33.2,0.045,33.3,0.045,33.2
862.5,0.044,33.3,0.044,33.3,0.045,33.2,0.044,33.3
863.0,0.042,33.3,0.043,33.3,0.044,33.2,0.043,33.2
863.5,0.041,33.3,0.041,33.3,0.040,33.2,0.042,33.2
864.0,0.040,33.3,0.040,33.3,0.040,33.3,0.040,33.2
864.5,0.040,33.3,0.040,33.3,0.040,33.3,0.038,33.3
865.0,0.041,33.2,0.040,33.3,0.041,33.3,0.040,33.2
865.5,0.041,33.3,0.043,33.3,0.040,33.2,0.041,33.3
866.0,0.042,33.2,0.043,33.2,0.043,33.2,0.044,33.3
866.5,0.044,33.3,0.043,33.3,0.043,33.2,0.043,33.3
867.0,0.045,33.2,0.046,33.3,0.045,33.2,0.045,33.3
867.5,0.047,33.2,0.048,33.2,0.048,33.2,0.048,33.2
868.0,0.050,33.2,0.051,33.2,0.050,33.2,0.051,33.2
868.5,0.052,33.2,0.052,33.2,0.051,33.2,0.052,33.2
869.0,0.052,33.2,0.052,33.2,0.052,33.2,0.052,33.2
869.5,0.054,33.1,0.054,33.1,0.052,33.2,0.054,33.1
870.0,0.054,33.1,0.055,33.1,0.054,33.1,0.054,33.2
870.5,0.055,33.1,0.054,33.1,0.054,33.1,0.054,33.2
871.0,0.055,33.1,0.054,33.1,0.055,33.1,0.055,33.1
871.5,0.054,33.1,0.054,33.1,0.054,33.1,0.054,33.1
872.0,0.054,33.1,0.055,33.1,0.053,33.1,0.054,33.1
872.5,0.051,33.1,0.052,33.1,0.050,33.1,0.053,33.1
873.0,0.049,33.1,0.050,33.1,0.050,33.1,0.053,33.1
873.5,0.046,33.1,0.046,33.1,0.047,33.1,0.046,33.1
874.0,0.044,33.1,0.045,33.1,0.045,33.1,0.045,33.1
874.5,0.044,33.1,0.044,33.1,0.044,33.1,0.044,33.1
875.0,0.043,33.1,0.043,33.1,0.042,33.1,0.044,33.1
875.5,0.043,33.1,0.044,33.1,0.041,33.1,0.042,33.1
876.0,0.044,33.1,0.044,33.1,0.043,33.1,0.043,33.1
876.5,0.044,33.1,0.043,33.1,0.045,33.1,0.044,33.1
877.0,0.044,33.1,0.045,33.1,0.045,33.1,0.045,33.2
877.5,0.044,33.1,0.044,33.1,0.043,33.1,0.044,33.1
878.0,0.044,33.1,0.043,33.1,0.043,33.2,0.044,33.1
878.5,0.043,33.1,0.043,33.1,0.043,33.1,0.044,33.2
879.0,0.042,33.1,0.042,33.1,0.042,33.1,0.042,33.1
879.5,0.040,33.1,0.040,33.1,0.041,33.2,0.039,33.1
880.0,0.040,33.1,0.039,33.1,0.040,33.2,0.042,33.2
880.5,0.040,33.2,0.040,33.2,0.040,33.1,0.040,33.1
881.0,0.038,33.2,0.039,33.1,0.042,33.2,0.039,33.2
881.5,0.038,33.2,0.038,33.2,0.039,33.2,0.037,33.2
882.0,0.036,33.1,0.036,33.1,0.038,33.1,0.035,33.2
882.5,0.035,33.2,0.036,33.1,0.034,33.2,0.034,33.2
883.0,0.034,33.2,0.034,33.2,0.036,33.2,0.033,33.2
883.5,0.031,33.2,0.032,33.2,0.033,33.2,0.030,33.2
884.0,0.030,33.2,0.030,33.2,0.030,33.2,0.029,33.2
884.5,0.029,33.2,0.029,33.2,0.030,33.2,0.030,33.2
885.0,0.030,33.2,0.031,33.2,0.030,33.2,0.030,33.2
885.5,0.030,33.2,0.030,33.3,0.030,33.2,0.031,33.2
886.0,0.030,33.2,0.031,33.2,0.030,33.3,0.029,33.2
886.5,0.030,33.2,0.030,33.2,0.030,33.2,0.030,33.2
887.0,0.030,33.2,0.030,33.2,0.031,33.2,0.030,33.2
887.5,0.030,33.3,0.032,33.3,0.032,33.2,0.031,33.3
888.0,0.029,33.3,0.030,33.3,0.030,33.2,0.030,33.3
888.5,0.029,33.3,0.029,33.3,0.028,33.3,0.030,33.3
889.0,0.028,33.3,0.028,33.3,0.029,33.3,0.028,33.2
889.5,0.026,33.3,0.027,33.3,0.027,33.3,0.027,33.3
890.0,0.025,33.3,0.025,33.3,0.027,33.3,0.026,33.3
890.5,0.024,33.3,0.024,33.3,0.024,33.3,0.024,33.3
891.0,0.023,33.3,0.022,33.3,0.023,33.3,0.024,33.3
891.5,0.022,33.3,0.022,33.4,0.021,33.3,0.023,33.3
892.0,0.020,33.3,0.020,33.3,0.019,33.3,0.020,33.3
892.5,0.020,33.3,0.020,33.4,0.021,33.4,0.020,33.4
893.0,0.020,33.4,0.021,33.4,0.020,33.4,0.020,33.4
893.5,0.020,33.4,0.019,33.4,0.020,33.4,0.020,33.4
894.0,0.020,33.4,0.021,33.4,0.023,33.4,0.020,33.4
894.5,0.021,33.4,0.022,33.4,0.024,33.4,0.022,33.4
895.0,0.022,33.4,0.022,33.4,0.022,33.5,0.022,33.4
895.5,0.022,33.4,0.020,33.4,0.022,33.5,0.020,33.5
896.0,0.022,33.4,0.022,33.5,0.023,33.4,0.023,33.4
896.5,0.021,33.5,0.021,33.4,0.022,33.4,0.021,33.5
897.0,0.020,33.5,0.019,33.5,0.020,33.4,0.020,33.4
897.5,0.019,33.5,0.019,33.4,0.018,33.4,0.019,33.5
898.0,0.018,33.5,0.017,33.5,0.018,33.5,0.016,33.4
898.5,0.018,33.5,0.017,33.5,0.018,33.5,0.018,33.5
899.0,0.016,33.5,0.015,33.5,0.017,33.5,0.017,33.5
899.5,0.014,33.5,0.014,33.5,0.016,33.5,0.014,33.5
900.0,0.014,33.5,0.014,33.5,0.014,33.6,0.013,33.5
900.5,0.012,33.5,0.012,33.5,0.013,33.5,0.012,33.5
901.0,0.009,33.5,0.008,33.5,0.010,33.6,0.012,33.5
901.5,0.008,33.6,0.007,33.6,0.008,33.6,0.008,33.5
902.0,0.008,33.6,0.008,33.6,0.006,33.6,0.008,33.6
902.5,0.007,33.6,0.008,33.6,0.007,33.6,0.006,33.6
903.0,0.006,33.6,0.007,33.6,0.007,33.6,0.007,33.6
903.5,0.006,33.6,0.006,33.6,0.006,33.6,0.008,33.6
904.0,0.004,33.6,0.006,33.6,0.005,33.6,0.006,33.6
904.5,0.001,33.7,0.004,33.6,0.003,33.6,0.004,33.6
905.0,-0.005,33.7,-0.005,33.7,-0.002,33.7,0.002,33.7
905.5,-0.013,33.7,-0.012,33.6,-0.008,33.7,-0.011,33.7
906.0,-0.030,33.7,-0.030,33.7,-0.028,33.7,-0.025,33.7
906.5,-0.048,33.7,-0.048,33.7,-0.046,33.7,-0.030,33.7
907.0,-0.064,33.8,-0.064,33.8,-0.061,33.8,-0.058,33.7
907.5,-0.077,33.8,-0.076,33.8,-0.074,33.8,-0.075,33.8
908.0,-0.082,33.8,-0.082,33.8,-0.080,33.8,-0.083,33.8
908.5,-0.079,33.8,-0.079,33.8,-0.081,33.8,-0.080,33.8
909.0,-0.073,33.8,-0.073,33.8,-0.076,33.8,-0.075,33.8
909.5,-0.068,33.8,-0.069,33.8,-0.070,33.8,-0.071,33.7
910.0,-0.062,33.8,-0.061,33.8,-0.062,33.8,-0.063,33.8
910.5,-0.054,33.8,-0.054,33.8,-0.056,33.9,-0.055,33.8
911.0,-0.048,33.8,-0.048,33.8,-0.048,33.8,-0.049,33.8
911.5,-0.046,33.9,-0.046,33.9,-0.047,33.9,-0.047,33.9
912.0,-0.047,33.9,-0.047,33.9,-0.047,33.9,-0.045,33.9
912.5,-0.048,33.9,-0.047,33.9,-0.046,33.9,-0.046,33.9
913.0,-0.046,33.9,-0.046,33.9,-0.045,33.9,-0.048,33.9
913.5,-0.045,34.0,-0.044,34.0,-0.042,33.9,-0.044,33.9
914.0,-0.041,33.9,-0.041,33.9,-0.041,33.9,-0.043,33.9
914.5,-0.040,33.9,-0.041,34.0,-0.039,33.9,-0.041,33.9
915.0,-0.041,34.0,-0.041,34.0,-0.042,34.0,-0.043,33.9
915.5,-0.044,34.0,-0.044,34.0,-0.044,34.0,-0.045,34.0
916.0,-0.044,34.0,-0.044,34.0,-0.045,34.0,-0.045,34.0
916.5,-0.044,34.0,-0.043,34.0,-0.043,34.0,-0.043,34.0
917.0,-0.041,34.0,-0.040,34.0,-0.039,34.0,-0.041,34.0
917.5,-0.038,34.0,-0.039,34.0,-0.038,34.0,-0.037,34.0
918.0,-0.037,34.1,-0.037,34.1,-0.038,34.0,-0.036,34.0
918.5,-0.034,34.1,-0.034,34.1,-0.036,34.1,-0.034,34.0
919.0,-0.031,34.1,-0.033,34.1,-0.032,34.1,-0.031,34.1
919.5,-0.029,34.1,-0.028,34.0,-0.030,34.1,-0.030,34.1
920.0,-0.028,34.1,-0.028,34.1,-0.028,34.1,-0.027,34.1
920.5,-0.025,34.1,-0.025,34.1,-0.026,34.1,-0.025,34.1
921.0,-0.021,34.1,-0.022,34.1,-0.021,34.1,-0.021,34.1
921.5,-0.016,34.1,-0.017,34.1,-0.015,34.1,-0.017,34.1
922.0,-0.011,34.1,-0.011,34.1,-0.011,34.1,-0.011,34.1
922.5,-0.007,34.2,-0.007,34.1,-0.009,34.2,-0.006,34.1
923.0,-0.003,34.2,-0.002,34.2,-0.002,34.2,-0.002,34.2
923.5,0.002,34.2,0.001,34.2,0.002,34.2,0.002,34.2
924.0,0.006,34.2,0.007,34.2,0.007,34.2,0.003,34.1
924.5,0.011,34.2,0.011,34.2,0.009,34.2,0.010,34.2
925.0,0.015,34.2,0.016,34.2,0.015,34.2,0.014,34.2
925.5,0.018,34.2,0.019,34.2,0.016,34.2,0.019,34.2
926.0,0.023,34.2,0.022,34.2,0.021,34.1,0.023,34.2
926.5,0.026,34.1,0.026,34.1,0.026,34.1,0.026,34.2
927.0,0.029,34.1,0.030,34.1,0.030,34.1,0.029,34.2
927.5,0.031,34.1,0.031,34.1,0.032,34.1,0.030,34.1
928.0,0.032,34.1,0.033,34.1,0.031,34.1,0.034,34.0
928.5,0.034,34.1,0.035,34.0,0.032,34.1,0.034,34.0
929.0,0.034,34.0,0.035,34.0,0.034,34.0,0.035,34.1
929.5,0.036,34.0,0.036,34.0,0.035,34.0,0.036,34.0
930.0,0.038,34.0,0.038,33.9,0.038,34.0,0.037,34.0
930.5,0.040,33.9,0.040,33.9,0.040,33.9,0.041,34.0
931.0,0.040,33.9,0.040,33.9,0.040,33.9,0.043,33.9
931.5,0.039,33.9,0.040,33.9,0.040,34.0,0.039,33.9
932.0,0.038,33.9,0.038,33.9,0.039,33.9,0.038,33.9
932.5,0.038,33.9,0.038,33.8,0.039,33.9,0.038,33.8
933.0,0.037,33.8,0.038,33.8,0.037,33.8,0.039,33.8
933.5,0.037,33.8,0.037,33.8,0.037,33.8,0.038,33.9
934.0,0.038,33.8,0.038,33.8,0.038,33.8,0.039,33.8
934.5,0.040,33.8,0.040,33.8,0.040,33.8,0.041,33.8
935.0,0.041,33.8,0.041,33.8,0.040,33.8,0.038,33.8
935.5,0.043,33.8,0.043,33.8,0.041,33.8,0.042,33.7
936.0,0.045,33.8,0.046,33.7,0.043,33.8,0.047,33.7
936.5,0.046,33.7,0.045,33.7,0.046,33.7,0.046,33.8
937.0,0.046,33.7,0.047,33.7,0.048,33.7,0.047,33.7
937.5,0.046,33.7,0.046,33.7,0.048,33.7,0.047,33.7
938.0,0.046,33.7,0.047,33.7,0.045,33.7,0.049,33.7
938.5,0.048,33.6,0.048,33.7,0.047,33.6,0.048,33.6
939.0,0.049,33.6,0.049,33.6,0.049,33.6,0.050,33.6
939.5,0.050,33.6,0.051,33.6,0.050,33.6,0.050,33.6
940.0,0.050,33.6,0.049,33.6,0.050,33.6,0.050,33.6
940.5,0.049,33.6,0.050,33.6,0.050,33.6,0.050,33.6
941.0,0.046,33.6,0.046,33.6,0.047,33.6,0.047,33.6
941.5,0.044,33.6,0.044,33.6,0.044,33.6,0.044,33.5
942.0,0.043,33.6,0.044,33.6,0.042,33.5,0.044,33.6
942.5,0.042,33.5,0.044,33.6,0.043,33.6,0.042,33.5
943.0,0.042,33.6,0.043,33.5,0.044,33.6,0.042,33.6
943.5,0.043,33.6,0.044,33.6,0.043,33.6,0.042,33.6
944.0,0.044,33.5,0.045,33.5,0.044,33.6,0.042,33.5
944.5,0.046,33.6,0.046,33.5,0.046,33.6,0.046,33.6
945.0,0.046,33.5,0.047,33.5,0.046,33.6,0.046,33.5
945.5,0.048,33.5,0.046,33.5,0.049,33.6,0.047,33.5
946.0,0.048,33.5,0.046,33.5,0.049,33.5,0.048,33.5
946.5,0.048,33.5,0.048,33.5,0.048,33.6,0.048,33.6
947.0,0.047,33.5,0.047,33.5,0.048,33.5,0.048,33.5
947.5,0.046,33.5,0.047,33.5,0.047,33.5,0.047,33.5
948.0,0.047,33.5,0.048,33.5,0.048,33.5,0.048,33.5
948.5,0.048,33.5,0.046,33.5,0.046,33.5,0.048,33.5
949.0,0.048,33.5,0.049,33.5,0.047,33.5,0.049,33.5
949.5,0.048,33.5,0.050,33.5,0.047,33.5,0.048,33.5
950.0,0.048,33.5,0.048,33.5,0.047,33.4,0.049,33.5
950.5,0.046,33.4,0.046,33.4,0.046,33.4,0.047,33.4
951.0,0.044,33.5,0.043,33.5,0.044,33.4,0.045,33.4
951.5,0.044,33.4,0.044,33.4,0.043,33.4,0.044,33.4
952.0,0.043,33.4,0.044,33.4,0.044,33.4,0.045,33.5
952.5,0.042,33.4,0.043,33.4,0.042,33.4,0.042,33.4
953.0,0.044,33.5,0.044,33.5,0.043,33.5,0.044,33.5
953.5,0.045,33.5,0.047,33.4,0.044,33.4,0.047,33.5
954.0,0.046,33.4,0.046,33.5,0.045,33.4,0.045,33.4
954.5,0.046,33.4,0.046,33.4,0.044,33.4,0.045,33.4
955.0,0.046,33.4,0.047,33.4,0.046,33.4,0.045,33.4
955.5,0.048,33.4,0.049,33.4,0.048,33.4,0.047,33.4
956.0,0.048,33.4,0.047,33.4,0.048,33.4,0.048,33.4
956.5,0.048,33.4,0.047,33.4,0.047,33.4,0.046,33.4
957.0,0.046,33.4,0.046,33.4,0.047,33.4,0.047,33.4
957.5,0.045,33.4,0.046,33.4,0.048,33.4,0.046,33.4
958.0,0.044,33.4,0.045,33.4,0.044,33.4,0.045,33.4
958.5,0.043,33.4,0.044,33.4,0.044,33.4,0.044,33.4
959.0,0.042,33.4,0.042,33.4,0.042,33.4,0.042,33.4
959.5,0.042,33.4,0.042,33.4,0.041,33.4,0.040,33.4
960.0,0.040,33.4,0.041,33.4,0.039,33.4,0.041,33.4
960.5,0.040,33.4,0.039,33.4,0.040,33.4,0.040,33.4
961.0,0.039,33.4,0.039,33.4,0.038,33.4,0.039,33.4
961.5,0.037,33.4,0.037,33.4,0.038,33.4,0.037,33.4
962.0,0.036,33.4,0.036,33.4,0.036,33.4,0.036,33.4
962.5,0.036,33.4,0.036,33.4,0.037,33.4,0.035,33.4
963.0,0.036,33.5,0.036,33.4,0.037,33.4,0.036,33.4
963.5,0.036,33.4,0.036,33.5,0.036,33.5,0.037,33.4
964.0,0.036,33.4,0.036,33.4,0.036,33.5,0.037,33.4
964.5,0.036,33.5,0.037,33.4,0.035,33.5,0.036,33.4
965.0,0.035,33.5,0.035,33.5,0.034,33.5,0.034,33.5
965.5,0.034,33.5,0.034,33.5,0.035,33.5,0.033,33.4
966.0,0.032,33.5,0.033,33.5,0.035,33.5,0.032,33.4
966.5,0.031,33.5,0.030,33.5,0.031,33.5,0.031,33.4
967.0,0.028,33.5,0.029,33.5,0.028,33.4,0.031,33.5
967.5,0.026,33.5,0.025,33.5,0.025,33.5,0.028,33.5
968.0,0.024,33.5,0.024,33.5,0.024,33.5,0.024,33.5
968.5,0.024,33.5,0.023,33.5,0.025,33.5,0.025,33.5
969.0,0.024,33.5,0.023,33.5,0.024,33.5,0.023,33.5
969.5,0.024,33.6,0.023,33.6,0.023,33.6,0.023,33.6
970.0,0.022,33.5,0.024,33.6,0.024,33.5,0.022,33.5
970.5,0.022,33.6,0.023,33.6,0.024,33.5,0.024,33.5
971.0,0.022,33.6,0.023,33.6,0.023,33.5,0.025,33.6
971.5,0.022,33.6,0.021,33.6,0.022,33.5,0.022,33.6
972.0,0.020,33.6,0.021,33.6,0.020,33.6,0.021,33.6
972.5,0.020,33.6,0.020,33.6,0.020,33.6,0.019,33.6
973.0,0.020,33.6,0.022,33.6,0.020,33.6,0.020,33.6
973.5,0.020,33.6,0.020,33.6,0.021,33.6,0.020,33.7
974.0,0.020,33.6,0.019,33.6,0.018,33.6,0.019,33.6
974.5,0.020,33.6,0.019,33.6,0.019,33.6,0.019,33.6
975.0,0.018,33.7,0.019,33.7,0.019,33.7,0.018,33.6
975.5,0.018,33.7,0.019,33.7,0.019,33.7,0.019,33.6
976.0,0.018,33.7,0.018,33.7,0.018,33.7,0.019,33.6
976.5,0.016,33.7,0.017,33.7,0.016,33.7,0.019,33.7
977.0,0.014,33.7,0.016,33.7,0.014,33.7,0.015,33.7
977.5,0.012,33.7,0.012,33.7,0.012,33.7,0.011,33.7
978.0,0.010,33.7,0.011,33.7,0.011,33.7,0.011,33.7
978.5,0.010,33.7,0.010,33.7,0.012,33.7,0.010,33.7
979.0,0.011,33.7,0.011,33.7,0.012,33.7,0.010,33.7
979.5,0.012,33.8,0.013,33.7,0.012,33.7,0.011,33.7
980.0,0.012,33.7,0.012,33.7,0.012,33.7,0.011,33.7
980.5,0.013,33.8,0.014,33.7,0.014,33.7,0.013,33.8
981.0,0.013,33.8,0.013,33.8,0.012,33.8,0.014,33.8
981.5,0.013,33.8,0.013,33.8,0.013,33.8,0.014,33.8
982.0,0.012,33.8,0.012,33.8,0.013,33.8,0.011,33.8
982.5,0.012,33.8,0.012,33.8,0.011,33.8,0.013,33.7
983.0,0.010,33.8,0.011,33.8,0.013,33.8,0.012,33.8
983.5,0.009,33.8,0.009,33.8,0.009,33.8,0.010,33.8
984.0,0.005,33.8,0.004,33.8,0.008,33.8,0.006,33.8
984.5,-0.002,33.8,-0.001,33.9,-0.001,33.8,0.001,33.8
985.0,-0.012,33.8,-0.011,33.8,-0.010,33.8,-0.011,33.9
985.5,-0.025,33.9,-0.025,33.9,-0.025,33.9,-0.021,33.9
986.0,-0.041,33.9,-0.040,33.9,-0.039,33.9,-0.037,33.9
986.5,-0.060,33.9,-0.057,33.9,-0.054,34.0,-0.056,33.9
987.0,-0.082,33.9,-0.082,33.9,-0.078,33.9,-0.078,33.9
987.5,-0.093,33.9,-0.092,33.9,-0.092,33.9,-0.092,34.0
988.0,-0.091,33.9,-0.091,33.9,-0.092,33.9,-0.092,34.0
988.5,-0.085,33.9,-0.084,33.9,-0.085,33.9,-0.084,33.9
989.0,-0.077,33.9,-0.079,33.9,-0.079,33.9,-0.077,34.0
989.5,-0.072,33.9,-0.071,34.0,-0.072,33.9,-0.073,33.9
990.0,-0.070,33.9,-0.070,33.9,-0.069,33.9,-0.072,33.9
990.5,-0.067,33.9,-0.067,33.9,-0.066,33.9,-0.069,33.9
991.0,-0.061,33.9,-0.061,33.9,-0.063,33.9,-0.061,33.9
991.5,-0.056,33.9,-0.056,33.9,-0.056,33.9,-0.057,33.9
992.0,-0.054,34.0,-0.054,33.9,-0.055,34.0,-0.054,33.9
992.5,-0.053,34.0,-0.051,34.0,-0.054,34.0,-0.053,33.9
993.0,-0.053,34.0,-0.052,34.0,-0.053,34.0,-0.052,34.0
993.5,-0.052,34.0,-0.051,34.0,-0.052,34.0,-0.051,34.0
994.0,-0.049,34.0,-0.050,34.0,-0.049,34.0,-0.049,34.0
994.5,-0.046,34.0,-0.048,34.0,-0.046,34.0,-0.045,34.0
995.0,-0.044,34.0,-0.045,34.0,-0.044,34.0,-0.044,34.0
995.5,-0.041,34.0,-0.043,34.0,-0.041,34.1,-0.041,34.0
996.0,-0.038,34.1,-0.038,34.1,-0.038,34.1,-0.038,34.0
996.5,-0.034,34.1,-0.032,34.1,-0.034,34.1,-0.034,34.1
997.0,-0.030,34.1,-0.030,34.1,-0.032,34.1,-0.031,34.1
997.5,-0.027,34.1,-0.027,34.1,-0.031,34.1,-0.027,34.1
998.0,-0.025,34.1,-0.024,34.1,-0.028,34.1,-0.025,34.1
998.5,-0.024,34.1,-0.023,34.2,-0.027,34.2,-0.023,34.1
999.0,-0.024,34.1,-0.022,34.2,-0.023,34.2,-0.022,34.1
999.5,-0.022,34.2,-0.022,34.2,-0.024,34.2,-0.022,34.2
1000.0,-0.019,34.2,-0.020,34.2,-0.021,34.2,-0.020,34.1
1000.5,-0.014,34.2,-0.013,34.2,-0.015,34.2,-0.014,34.2
1001.0,-0.009,34.2,-0.008,34.2,-0.012,34.2,-0.010,34.2
1001.5,-0.005,34.2,-0.005,34.2,-0.006,34.2,-0.005,34.2
1002.0,-0.001,34.2,-0.001,34.2,-0.002,34.2,-0.001,34.2
1002.5,0.003,34.2,0.003,34.2,0.000,34.2,0.003,34.2
1003.0,0.007,34.2,0.006,34.2,0.006,34.2,0.007,34.2
1003.5,0.011,34.2,0.010,34.2,0.011,34.2,0.010,34.2
1004.0,0.015,34.2,0.015,34.2,0.014,34.2,0.016,34.2
1004.5,0.018,34.2,0.018,34.2,0.018,34.2,0.016,34.2
1005.0,0.020,34.2,0.020,34.2,0.020,34.2,0.019,34.2
1005.5,0.022,34.2,0.022,34.2,0.022,34.2,0.022,34.2
1006.0,0.024,34.2,0.025,34.2,0.024,34.2,0.025,34.2
1006.5,0.026,34.2,0.027,34.1,0.027,34.2,0.025,34.1
1007.0,0.029,34.1,0.029,34.1,0.031,34.2,0.028,34.1
1007.5,0.032,34.1,0.033,34.1,0.030,34.1,0.030,34.1
1008.0,0.034,34.1,0.034,34.1,0.034,34.1,0.034,34.0
1008.5,0.036,34.0,0.036,34.0,0.036,34.0,0.037,34.0
1009.0,0.036,34.0,0.037,34.0,0.036,34.0,0.037,34.0
1009.5,0.036,34.0,0.035,34.0,0.035,34.0,0.035,34.0
1010.0,0.035,33.9,0.036,34.0,0.035,34.0,0.034,33.9
1010.5,0.036,33.9,0.035,34.0,0.037,34.0,0.035,34.0
1011.0,0.034,33.9,0.035,33.9,0.038,33.9,0.034,33.9
1011.5,0.035,33.9,0.035,33.9,0.037,33.9,0.035,33.9
1012.0,0.036,33.9,0.037,33.9,0.038,33.9,0.036,33.9
1012.5,0.038,33.8,0.037,33.8,0.039,33.9,0.037,33.9
1013.0,0.040,33.8,0.039,33.9,0.040,33.9,0.039,33.9
1013.5,0.040,33.8,0.040,33.8,0.040,33.8,0.042,33.8
1014.0,0.042,33.8,0.042,33.8,0.042,33.8,0.042,33.8
1014.5,0.042,33.8,0.043,33.8,0.043,33.8,0.042,33.8
1015.0,0.043,33.8,0.044,33.8,0.043,33.7,0.041,33.8
1015.5,0.043,33.7,0.043,33.8,0.044,33.7,0.042,33.7
1016.0,0.043,33.7,0.042,33.7,0.044,33.8,0.042,33.7
1016.5,0.044,33.7,0.043,33.7,0.044,33.7,0.043,33.7
1017.0,0.046,33.7,0.046,33.7,0.043,33.7,0.045,33.7
1017.5,0.047,33.7,0.046,33.7,0.046,33.7,0.046,33.7
1018.0,0.048,33.6,0.048,33.7,0.048,33.6,0.046,33.7
1018.5,0.046,33.6,0.046,33.6,0.044,33.6,0.046,33.6
1019.0,0.044,33.6,0.045,33.6,0.044,33.6,0.045,33.6
1019.5,0.043,33.6,0.044,33.6,0.042,33.6,0.043,33.6
1020.0,0.042,33.6,0.043,33.6,0.042,33.6,0.044,33.6
1020.5,0.042,33.6,0.042,33.6,0.043,33.6,0.043,33.6
1021.0,0.042,33.6,0.042,33.6,0.042,33.6,0.041,33.5
1021.5,0.043,33.6,0.044,33.6,0.042,33.6,0.042,33.5
1022.0,0.044,33.6,0.044,33.6,0.043,33.6,0.043,33.5
1022.5,0.046,33.5,0.045,33.5,0.046,33.6,0.046,33.5
1023.0,0.047,33.5,0.046,33.5,0.047,33.5,0.047,33.5
1023.5,0.048,33.5,0.048,33.5,0.048,33.5,0.048,33.5
1024.0,0.049,33.5,0.049,33.5,0.047,33.5,0.048,33.5
1024.5,0.049,33.5,0.049,33.5,0.048,33.5,0.048,33.5
1025.0,0.048,33.5,0.047,33.5,0.048,33.5,0.050,33.4
1025.5,0.048,33.4,0.049,33.4,0.049,33.4,0.049,33.4
1026.0,0.049,33.4,0.049,33.4,0.050,33.5,0.049,33.4
1026.5,0.050,33.4,0.050,33.4,0.051,33.4,0.051,33.4
1027.0,0.050,33.4,0.049,33.4,0.050,33.4,0.050,33.4
1027.5,0.050,33.4,0.049,33.4,0.050,33.4,0.049,33.4
1028.0,0.048,33.4,0.048,33.4,0.048,33.4,0.048,33.4
1028.5,0.046,33.4,0.046,33.4,0.046,33.4,0.046,33.4
1029.0,0.045,33.4,0.046,33.4,0.045,33.4,0.045,33.4
1029.5,0.045,33.4,0.045,33.4,0.046,33.4,0.046,33.4
1030.0,0.045,33.4,0.045,33.3,0.045,33.4,0.045,33.3
1030.5,0.045,33.3,0.045,33.4,0.046,33.4,0.044,33.3
1031.0,0.046,33.4,0.045,33.4,0.046,33.3,0.046,33.3
1031.5,0.046,33.3,0.047,33.3,0.048,33.3,0.046,33.3
1032.0,0.048,33.3,0.047,33.3,0.047,33.3,0.046,33.3
1032.5,0.048,33.3,0.049,33.4,0.048,33.3,0.048,33.3
1033.0,0.048,33.3,0.048,33.3,0.049,33.3,0.049,33.3
1033.5,0.048,33.3,0.050,33.3,0.046,33.3,0.049,33.3
1034.0,0.048,33.3,0.050,33.3,0.048,33.3,0.050,33.3
1034.5,0.048,33.3,0.047,33.3,0.049,33.3,0.048,33.3
1035.0,0.047,33.3,0.046,33.3,0.047,33.3,0.045,33.3
1035.5,0.046,33.3,0.046,33.3,0.044,33.3,0.046,33.3
1036.0,0.046,33.3,0.046,33.3,0.046,33.3,0.045,33.3
1036.5,0.044,33.3,0.046,33.3,0.046,33.3,0.043,33.3
1037.0,0.044,33.3,0.043,33.3,0.045,33.3,0.044,33.3
1037.5,0.043,33.3,0.041,33.3,0.043,33.3,0.043,33.3
1038.0,0.042,33.3,0.040,33.3,0.041,33.3,0.041,33.3
1038.5,0.040,33.3,0.040,33.3,0.039,33.3,0.042,33.3
1039.0,0.037,33.3,0.036,33.3,0.037,33.3,0.039,33.3
1039.5,0.036,33.3,0.036,33.3,0.035,33.3,0.038,33.3
1040.0,0.035,33.3,0.036,33.3,0.035,33.3,0.035,33.3
1040.5,0.036,33.3,0.038,33.3,0.036,33.3,0.036,33.3
1041.0,0.036,33.3,0.037,33.3,0.037,33.3,0.038,33.3
1041.5,0.036,33.3,0.037,33.3,0.036,33.3,0.036,33.3
1042.0,0.037,33.3,0.038,33.3,0.037,33.3,0.037,33.3
1042.5,0.037,33.3,0.038,33.3,0.035,33.3,0.039,33.3
1043.0,0.038,33.3,0.038,33.3,0.037,33.3,0.037,33.3
1043.5,0.038,33.3,0.037,33.3,0.038,33.3,0.037,33.3
1044.0,0.037,33.3,0.036,33.3,0.037,33.3,0.037,33.3
1044.5,0.036,33.3,0.035,33.3,0.035,33.3,0.036,33.3
1045.0,0.034,33.3,0.033,33.3,0.034,33.3,0.034,33.3
1045.5,0.032,33.3,0.033,33.3,0.033,33.3,0.033,33.3
1046.0,0.031,33.3,0.030,33.3,0.032,33.4,0.033,33.3
1046.5,0.030,33.3,0.030,33.4,0.031,33.3,0.030,33.3
1047.0,0.029,33.3,0.029,33.4,0.029,33.3,0.029,33.3
1047.5,0.028,33.4,0.027,33.3,0.028,33.4,0.029,33.4
1048.0,0.026,33.4,0.028,33.3,0.026,33.4,0.026,33.3
1048.5,0.026,33.4,0.027,33.4,0.026,33.4,0.026,33.3
1049.0,0.026,33.4,0.027,33.4,0.028,33.5,0.027,33.4
1049.5,0.026,33.4,0.026,33.4,0.027,33.4,0.025,33.4
1050.0,0.024,33.4,0.024,33.4,0.024,33.4,0.025,33.4
1050.5,0.024,33.4,0.025,33.4,0.025,33.4,0.024,33.4
1051.0,0.024,33.4,0.024,33.4,0.025,33.4,0.024,33.4
1051.5,0.024,33.4,0.024,33.4,0.025,33.4,0.023,33.5
1052.0,0.024,33.4,0.024,33.4,0.026,33.4,0.024,33.4
1052.5,0.023,33.4,0.022,33.4,0.025,33.4,0.023,33.4
1053.0,0.022,33.4,0.023,33.4,0.023,33.4,0.023,33.4
1053.5,0.022,33.4,0.021,33.4,0.021,33.4,0.022,33.4
1054.0,0.020,33.4,0.021,33.4,0.022,33.5,0.021,33.5
1054.5,0.020,33.5,0.020,33.4,0.020,33.5,0.020,33.5
1055.0,0.018,33.4,0.019,33.4,0.019,33.4,0.019,33.4
1055.5,0.016,33.5,0.017,33.5,0.018,33.5,0.016,33.5
1056.0,0.014,33.5,0.014,33.5,0.015,33.4,0.016,33.5
1056.5,0.014,33.5,0.014,33.5,0.014,33.5,0.015,33.5
1057.0,0.012,33.5,0.012,33.5,0.012,33.5,0.013,33.5
1057.5,0.012,33.5,0.012,33.5,0.012,33.5,0.012,33.5
1058.0,0.012,33.5,0.012,33.5,0.012,33.5,0.011,33.5
1058.5,0.012,33.5,0.012,33.5,0.012,33.5,0.012,33.5
1059.0,0.012,33.5,0.012,33.5,0.013,33.5,0.012,33.6
1059.5,0.012,33.6,0.012,33.6,0.012,33.5,0.012,33.6
1060.0,0.012,33.5,0.012,33.6,0.012,33.5,0.012,33.6
1060.5,0.012,33.6,0.011,33.6,0.013,33.5,0.011,33.6
1061.0,0.012,33.6,0.012,33.6,0.011,33.6,0.014,33.6
1061.5,0.010,33.6,0.011,33.6,0.010,33.6,0.012,33.6
1062.0,0.008,33.6,0.008,33.6,0.010,33.6,0.010,33.6
1062.5,0.006,33.6,0.005,33.6,0.007,33.6,0.007,33.6
