time_s,s1_flow_ml_min,s1_temp_c,s2_flow_ml_min,s2_temp_c,s3_flow_ml_min,s3_temp_c,s4_flow_ml_min,s4_temp_c
0,-0.008,31.8,-0.01,31.8,-0.005,31.9,-0.007,31.9
0.5,-0.009,31.9,-0.01,31.9,-0.006,31.9,-0.008,31.8
1,-0.002,31.9,0,31.9,-0.002,31.9,-0.004,31.9
1.5,-0.003,31.9,-0.004,31.9,0,31.9,-0.003,31.9
2,-0.002,31.9,0.006,31.9,-0.001,31.9,-0.004,31.9
2.5,-0.003,31.9,-0.001,31.9,-0.002,31.9,-0.004,31.9
3,-0.003,32,-0.003,32,-0.003,32,0.013,31.9
3.5,-0.003,32,-0.003,32,-0.006,32,0.024,31.9
4,-0.005,32,-0.004,32,-0.007,32,0.005,32
4.5,-0.007,32,-0.008,32,-0.002,32,-0.008,32
5,-0.007,32,-0.004,32,-0.006,32,-0.006,32
5.5,-0.005,32.1,-0.007,32.1,-0.005,32.1,-0.008,32.1
6,-0.002,32.1,-0.005,32.1,-0.002,32.1,-0.002,32.1
6.5,-0.002,32.1,-0.003,32.1,-0.003,32.1,0.004,32.1
7,-0.002,32.1,-0.001,32.1,-0.002,32.1,-0.002,32.1
7.5,-0.004,32.1,-0.005,32.1,-0.006,32.1,-0.004,32.1
8,-0.004,32.1,0.002,32.1,-0.006,32.1,-0.005,32.1
8.5,-0.004,32.1,-0.005,32.1,-0.008,32.1,-0.006,32.1
9,-0.005,32.2,-0.002,32.1,-0.007,32.1,0.008,32.1
9.5,-0.005,32.1,-0.006,32.1,-0.007,32.1,0.003,32.1
10,-0.008,32.1,-0.009,32.1,-0.01,32.1,-0.009,32.1
10.5,-0.008,32.2,-0.009,32.2,-0.008,32.1,-0.009,32.2
11,-0.002,32.2,0.002,32.2,-0.002,32.2,-0.004,32.2
11.5,-0.001,32.2,-0.002,32.2,-0.002,32.2,-0.006,32.2
12,-0.002,32.2,0.001,32.2,0.002,32.2,-0.003,32.2
12.5,-0.003,32.2,-0.003,32.2,-0.002,32.2,-0.005,32.2
13,-0.006,32.2,-0.007,32.2,-0.002,32.2,-0.006,32.3
13.5,-0.007,32.2,-0.008,32.2,-0.007,32.2,-0.009,32.2
14,-0.007,32.2,-0.008,32.2,-0.008,32.2,-0.004,32.3
14.5,-0.006,32.3,-0.009,32.3,-0.011,32.3,-0.004,32.3
15,-0.004,32.3,-0.006,32.3,-0.004,32.2,-0.004,32.2
15.5,-0.002,32.3,-0.003,32.3,-0.004,32.3,0,32.2
16,-0.005,32.3,-0.005,32.3,-0.004,32.2,0,32.3
16.5,-0.005,32.3,-0.006,32.3,-0.006,32.3,-0.007,32.3
17,-0.004,32.3,-0.005,32.2,-0.007,32.3,-0.006,32.3
17.5,-0.005,32.3,-0.002,32.3,-0.007,32.3,-0.006,32.3
18,-0.006,32.3,-0.004,32.3,0.002,32.3,-0.005,32.3
18.5,-0.006,32.3,-0.005,32.3,0.002,32.3,-0.006,32.3
19,-0.007,32.3,-0.005,32.3,-0.007,32.3,-0.008,32.3
19.5,-0.008,32.3,-0.009,32.3,-0.008,32.3,-0.008,32.4
20,-0.005,32.4,-0.004,32.4,0.006,32.4,-0.007,32.4
20.5,-0.003,32.3,-0.004,32.3,-0.002,32.3,-0.002,32.4
21,-0.003,32.3,0.003,32.3,-0.004,32.4,-0.002,32.3
21.5,-0.002,32.4,-0.006,32.4,0.001,32.4,-0.001,32.4
22,-0.005,32.4,-0.005,32.4,0.016,32.3,-0.005,32.4
22.5,-0.004,32.4,-0.004,32.4,-0.004,32.4,-0.004,32.4
23,-0.003,32.3,-0.001,32.4,-0.006,32.4,-0.008,32.3
23.5,-0.004,32.4,-0.003,32.3,0.005,32.4,-0.002,32.4
24,-0.004,32.4,-0.006,32.4,-0.002,32.4,-0.004,32.4
24.5,-0.002,32.4,-0.002,32.4,-0.005,32.4,0.003,32.4
25,-0.002,32.4,-0.002,32.3,-0.001,32.4,0.015,32.4
25.5,-0.001,32.4,-0.001,32.4,0.002,32.4,-0.001,32.3
26,-0.001,32.4,0,32.4,-0.003,32.4,-0.005,32.4
26.5,-0.002,32.4,-0.004,32.4,-0.005,32.4,0,32.4
27,-0.003,32.3,-0.006,32.4,-0.003,32.3,-0.006,32.3
27.5,-0.004,32.3,-0.005,32.3,-0.005,32.3,-0.001,32.3
28,-0.006,32.4,-0.006,32.4,-0.006,32.3,0.014,32.4
28.5,-0.008,32.4,-0.008,32.4,-0.008,32.4,-0.008,32.4
29,-0.009,32.4,-0.008,32.4,-0.008,32.4,-0.011,32.4
29.5,-0.005,32.4,-0.006,32.4,-0.007,32.4,0,32.3
30,-0.004,32.4,-0.004,32.4,0,32.4,-0.006,32.4
30.5,-0.002,32.4,-0.002,32.4,0.001,32.4,-0.006,32.4
31,-0.004,32.4,-0.006,32.4,-0.006,32.4,0.002,32.4
31.5,-0.006,32.4,-0.005,32.4,-0.004,32.3,-0.006,32.4
32,-0.005,32.4,-0.005,32.4,-0.008,32.4,-0.006,32.4
32.5,-0.005,32.4,-0.006,32.4,-0.007,32.4,-0.009,32.4
33,-0.007,32.4,-0.007,32.4,-0.008,32.4,-0.01,32.5
33.5,-0.007,32.5,-0.008,32.5,-0.007,32.5,-0.009,32.4
34,-0.004,32.4,-0.005,32.5,-0.006,32.5,-0.008,32.5
34.5,-0.003,32.5,-0.002,32.5,-0.001,32.5,-0.004,32.4
35,-0.003,32.5,-0.006,32.4,-0.004,32.5,-0.003,32.5
35.5,-0.004,32.5,-0.003,32.5,-0.006,32.5,-0.008,32.5
36,-0.004,32.4,-0.006,32.5,-0.005,32.4,-0.005,32.4
36.5,-0.006,32.4,-0.007,32.4,-0.006,32.4,-0.005,32.5
37,-0.007,32.4,-0.007,32.4,-0.01,32.4,-0.01,32.5
37.5,-0.008,32.5,-0.002,32.5,-0.004,32.4,-0.008,32.5
38,-0.009,32.5,-0.008,32.5,-0.008,32.4,-0.007,32.5
38.5,-0.007,32.5,-0.006,32.5,-0.01,32.5,0.007,32.5
39,-0.005,32.5,-0.004,32.5,0,32.5,-0.005,32.5
39.5,-0.004,32.5,-0.004,32.5,0.006,32.5,-0.006,32.5
40,-0.005,32.5,-0.003,32.5,-0.007,32.5,-0.007,32.5
40.5,-0.005,32.5,0.005,32.5,0.014,32.5,-0.005,32.5
41,-0.004,32.5,-0.005,32.5,0,32.5,-0.009,32.5
41.5,-0.005,32.5,-0.005,32.5,-0.006,32.5,-0.002,32.5
42,-0.005,32.5,-0.006,32.5,-0.007,32.5,0.001,32.5
42.5,-0.006,32.5,-0.007,32.5,-0.006,32.5,-0.005,32.5
43,-0.005,32.5,-0.005,32.5,-0.007,32.5,-0.009,32.5
43.5,-0.003,32.5,0.001,32.5,-0.002,32.5,-0.011,32.5
44,-0.003,32.5,-0.002,32.5,0.004,32.5,-0.009,32.5
44.5,-0.004,32.5,-0.002,32.5,-0.002,32.5,-0.004,32.5
45,-0.004,32.5,-0.005,32.5,-0.003,32.5,-0.008,32.5
45.5,-0.004,32.5,-0.005,32.5,-0.005,32.5,-0.008,32.5
46,-0.007,32.5,-0.007,32.5,-0.005,32.5,-0.007,32.5
46.5,-0.007,32.5,-0.002,32.5,-0.009,32.4,-0.005,32.5
47,-0.008,32.5,-0.007,32.5,-0.008,32.5,-0.004,32.5
47.5,-0.008,32.5,-0.007,32.5,-0.002,32.5,-0.01,32.6
48,-0.006,32.5,-0.007,32.5,-0.004,32.5,-0.008,32.5
48.5,-0.005,32.5,-0.006,32.5,-0.005,32.5,-0.006,32.5
49,-0.005,32.5,-0.006,32.5,-0.005,32.5,-0.004,32.5
49.5,-0.005,32.5,-0.004,32.5,-0.006,32.5,-0.006,32.6
50,-0.005,32.5,-0.003,32.5,-0.006,32.5,-0.006,32.5
50.5,-0.006,32.5,-0.007,32.5,-0.006,32.5,-0.005,32.5
51,-0.007,32.5,-0.008,32.5,-0.005,32.5,-0.009,32.6
51.5,-0.008,32.5,-0.009,32.5,-0.001,32.5,-0.011,32.5
52,-0.01,32.6,-0.01,32.6,-0.011,32.6,-0.009,32.5
52.5,-0.008,32.6,-0.009,32.5,-0.011,32.5,-0.01,32.6
53,-0.007,32.6,-0.008,32.6,-0.009,32.6,-0.005,32.6
53.5,-0.007,32.6,-0.006,32.6,-0.008,32.5,-0.007,32.6
54,-0.007,32.6,-0.007,32.6,-0.009,32.6,-0.008,32.5
54.5,-0.008,32.6,-0.006,32.6,-0.009,32.6,-0.008,32.6
55,-0.01,32.6,-0.01,32.6,-0.011,32.6,-0.008,32.6
55.5,-0.01,32.6,-0.01,32.6,-0.013,32.6,-0.012,32.6
56,-0.01,32.6,-0.006,32.6,-0.01,32.6,-0.012,32.6
56.5,-0.011,32.6,-0.009,32.6,-0.011,32.6,-0.013,32.6
57,-0.011,32.6,-0.007,32.6,-0.012,32.7,-0.008,32.6
57.5,-0.009,32.6,-0.008,32.6,-0.009,32.7,0.006,32.6
58,-0.011,32.7,-0.011,32.7,-0.008,32.6,-0.008,32.7
58.5,-0.01,32.7,-0.01,32.7,-0.009,32.6,-0.012,32.6
59,-0.01,32.7,-0.011,32.7,-0.01,32.7,-0.013,32.7
59.5,-0.011,32.7,-0.009,32.7,-0.01,32.7,-0.012,32.7
60,-0.01,32.7,-0.009,32.7,-0.012,32.7,-0.011,32.7
60.5,-0.011,32.7,-0.01,32.7,-0.011,32.7,-0.009,32.7
61,-0.013,32.7,-0.013,32.7,-0.012,32.7,-0.011,32.7
61.5,-0.013,32.7,-0.014,32.7,-0.011,32.7,-0.014,32.7
62,-0.012,32.7,-0.013,32.7,-0.01,32.7,-0.013,32.7
62.5,-0.01,32.7,-0.009,32.7,-0.003,32.7,-0.01,32.7
63,-0.009,32.8,-0.011,32.8,-0.005,32.8,-0.01,32.8
63.5,-0.012,32.8,-0.014,32.8,-0.012,32.8,-0.008,32.8
64,-0.012,32.8,-0.011,32.8,-0.012,32.8,-0.012,32.7
64.5,-0.012,32.8,-0.012,32.8,-0.012,32.8,-0.011,32.7
65,-0.012,32.8,-0.012,32.8,-0.011,32.8,-0.012,32.8
65.5,-0.013,32.8,-0.014,32.8,-0.013,32.8,-0.013,32.8
66,-0.014,32.8,-0.014,32.8,-0.014,32.8,-0.013,32.8
66.5,-0.015,32.8,-0.015,32.8,-0.012,32.8,-0.014,32.8
67,-0.014,32.8,-0.015,32.8,-0.015,32.8,-0.013,32.8
67.5,-0.015,32.8,-0.015,32.8,-0.014,32.8,-0.015,32.8
68,-0.016,32.8,-0.016,32.8,-0.014,32.8,-0.014,32.8
68.5,-0.015,32.9,-0.016,32.8,-0.014,32.8,-0.015,32.9
69,-0.016,32.9,-0.019,32.9,-0.012,32.9,-0.017,32.8
69.5,-0.029,32.9,-0.03,32.9,-0.023,32.9,-0.029,32.8
70,-0.055,32.9,-0.053,32.9,-0.055,32.8,-0.05,32.9
70.5,-0.069,32.8,-0.067,32.8,-0.071,32.8,-0.062,32.8
71,-0.048,32.7,-0.044,32.7,-0.056,32.7,-0.053,32.7
71.5,-0.029,32.7,-0.027,32.6,-0.032,32.6,-0.039,32.6
72,-0.023,32.6,-0.023,32.6,-0.025,32.6,-0.023,32.6
72.5,-0.021,32.7,-0.021,32.7,-0.019,32.6,-0.02,32.6
73,-0.02,32.7,-0.02,32.7,-0.02,32.7,-0.02,32.7
73.5,-0.018,32.7,-0.019,32.7,-0.015,32.7,-0.019,32.7
74,-0.017,32.7,-0.017,32.7,-0.018,32.7,-0.019,32.7
74.5,-0.017,32.7,-0.017,32.7,-0.018,32.7,-0.018,32.7
75,-0.019,32.8,-0.02,32.8,-0.02,32.8,-0.019,32.8
75.5,-0.023,32.8,-0.023,32.8,-0.023,32.7,-0.022,32.8
76,-0.026,32.8,-0.026,32.8,-0.026,32.8,-0.024,32.8
76.5,-0.024,32.8,-0.024,32.8,-0.024,32.8,-0.023,32.8
77,-0.026,32.8,-0.024,32.8,-0.025,32.9,-0.025,32.8
77.5,-0.026,32.8,-0.026,32.8,-0.026,32.8,-0.026,32.8
78,-0.024,32.8,-0.023,32.9,-0.026,32.9,-0.024,32.8
78.5,-0.025,32.8,-0.024,32.8,-0.026,32.9,-0.023,32.8
79,-0.024,32.9,-0.024,32.9,-0.025,32.9,-0.024,32.8
79.5,-0.025,32.9,-0.025,32.9,-0.026,32.9,-0.024,32.9
80,-0.028,32.9,-0.027,32.9,-0.025,32.8,-0.027,32.9
80.5,-0.028,32.9,-0.027,32.9,-0.027,32.9,-0.027,32.9
81,-0.022,32.9,-0.022,32.9,-0.024,32.8,-0.022,32.9
81.5,-0.02,32.9,-0.022,32.9,-0.024,32.8,-0.02,32.9
82,-0.022,32.9,-0.023,32.9,-0.024,32.8,-0.021,32.9
82.5,-0.023,32.9,-0.023,32.9,-0.023,32.9,-0.023,32.9
83,-0.022,32.9,-0.024,32.9,-0.024,33,-0.024,32.9
83.5,-0.022,32.9,-0.022,32.9,-0.022,32.9,-0.023,33
84,-0.022,33,-0.022,33,-0.023,33,-0.022,33
84.5,-0.026,32.9,-0.027,33,-0.025,32.9,-0.026,32.9
85,-0.027,33,-0.028,33,-0.026,33,-0.028,33
85.5,-0.027,32.9,-0.026,32.9,-0.028,33,-0.029,33
86,-0.027,33,-0.027,33,-0.028,33,-0.025,33
86.5,-0.024,33,-0.023,33,-0.027,33,-0.023,33
87,-0.023,33,-0.024,33,-0.026,33,-0.023,33
87.5,-0.023,33,-0.023,33,-0.024,33,-0.023,33
88,-0.022,33,-0.022,33,-0.022,32.9,-0.021,33
88.5,-0.021,33,-0.022,33,-0.02,33,-0.02,33
89,-0.02,33,-0.02,33,-0.019,33,-0.022,33
89.5,-0.019,33,-0.017,33,-0.019,33,-0.022,33
90,-0.023,33,-0.024,33,-0.022,33,-0.023,33
90.5,-0.017,33,-0.015,33,-0.016,33,-0.022,33
91,-0.015,33,-0.013,33,-0.018,33,-0.012,33
91.5,-0.014,33,-0.015,33,-0.01,33,-0.015,33
92,-0.011,33.1,-0.012,33.1,-0.01,33,-0.008,33.1
92.5,-0.012,33.1,-0.012,33.1,-0.011,33.1,-0.005,33.1
93,-0.009,33.1,-0.011,33.1,-0.01,33.1,-0.01,33.1
93.5,-0.011,33.1,-0.012,33.1,-0.01,33.1,-0.013,33.1
94,-0.012,33.1,-0.009,33.1,-0.01,33.1,-0.013,33.1
94.5,-0.01,33.1,-0.009,33.1,-0.011,33.1,-0.002,33.1
95,-0.008,33.1,-0.01,33.1,-0.009,33.1,0.002,33.1
95.5,-0.008,33.1,-0.008,33.1,-0.007,33.1,-0.005,33.1
96,-0.008,33.1,-0.007,33.1,-0.006,33.1,-0.011,33.1
96.5,-0.007,33.1,-0.005,33.1,-0.01,33.1,-0.007,33.1
97,-0.008,33.1,-0.007,33.1,-0.011,33.1,0.006,33
97.5,-0.008,33.1,-0.009,33.1,-0.011,33.1,0.003,33
98,-0.009,33.1,-0.011,33.1,-0.009,33.1,-0.012,33.1
98.5,-0.008,33.1,-0.01,33.1,-0.009,33.1,-0.009,33.1
99,-0.008,33.1,-0.008,33.1,-0.009,33.1,-0.008,33
99.5,-0.006,33.1,-0.006,33.1,-0.004,33.1,-0.008,33
100,-0.007,33.1,-0.007,33.1,-0.009,33,-0.006,33
100.5,-0.007,33.1,-0.006,33.1,-0.004,33.1,-0.007,33.1
101,-0.008,33.1,-0.008,33.1,-0.01,33.1,-0.01,33.1
101.5,-0.007,33.1,-0.008,33.1,-0.007,33.1,-0.011,33.1
102,-0.008,33.1,-0.007,33.1,-0.008,33.1,-0.005,33
102.5,-0.005,33.1,-0.007,33.1,-0.008,33.1,-0.009,33
103,-0.005,33,-0.007,33.1,-0.004,33,-0.006,33.1
103.5,-0.006,33,-0.006,33,-0.009,33,-0.009,33
104,-0.007,33,-0.007,33,-0.012,33,-0.011,33.1
104.5,-0.007,33,-0.008,33,-0.009,33,-0.01,33
105,-0.007,33,0,33,-0.007,33,-0.008,33
105.5,-0.007,33,-0.008,33,-0.009,33,-0.011,33
106,-0.008,33,-0.009,33,-0.009,33,-0.01,32.9
106.5,-0.009,33,-0.011,33,-0.009,33,-0.009,33
107,-0.011,33,-0.009,33,-0.011,33,-0.01,33
107.5,-0.009,33,-0.007,33,-0.011,33,-0.01,33
108,-0.007,33,-0.005,33,-0.007,33,-0.007,33
108.5,-0.006,33,-0.007,33,-0.007,33,-0.007,33
109,-0.006,33,-0.006,33,-0.01,33,-0.008,33
109.5,-0.006,33,-0.006,33,-0.002,33,-0.007,33
110,-0.006,33,-0.009,32.9,0.007,32.9,-0.005,33
110.5,-0.006,33,-0.008,33,-0.009,33,-0.005,33
111,-0.006,33,-0.007,33,-0.002,33,-0.006,33
111.5,-0.007,32.9,-0.007,32.9,-0.001,32.9,-0.009,32.9
112,-0.006,32.9,-0.007,32.9,-0.005,32.9,-0.009,32.9
112.5,-0.007,32.9,-0.006,33,-0.007,33,-0.007,32.9
113,-0.007,32.9,-0.004,32.9,-0.007,32.9,-0.008,33
113.5,-0.008,32.9,-0.006,32.9,-0.008,32.9,0,32.9
114,-0.009,32.9,-0.006,32.9,-0.009,32.9,0.005,32.9
114.5,-0.008,32.9,-0.002,32.9,-0.011,32.9,-0.001,32.9
115,-0.008,32.9,-0.01,32.9,-0.009,33,-0.009,32.9
115.5,-0.009,32.9,-0.01,32.9,-0.008,33,-0.014,32.9
116,-0.009,32.9,-0.011,32.9,-0.009,32.9,-0.01,32.9
116.5,-0.011,32.9,-0.012,32.9,-0.002,33,-0.011,32.9
117,-0.011,32.9,-0.01,32.9,-0.011,32.9,-0.006,32.9
117.5,-0.009,33,-0.011,33,-0.01,32.9,-0.011,33
118,-0.007,33,-0.01,33,-0.01,33,-0.011,33
118.5,-0.007,33,-0.01,33,-0.007,33,-0.008,32.9
119,-0.008,33,-0.011,33,-0.007,33,-0.01,32.9
119.5,-0.01,32.9,-0.01,32.9,-0.009,33,-0.01,32.9
120,-0.009,32.9,-0.009,33,-0.011,33,-0.011,33
120.5,-0.009,32.9,-0.01,32.9,-0.011,33,-0.01,32.9
121,-0.01,33,-0.01,32.9,-0.007,32.9,-0.011,33
121.5,-0.008,32.9,-0.009,32.9,-0.008,32.9,-0.011,32.9
122,-0.007,32.9,-0.007,33,-0.008,33,-0.005,33
122.5,-0.008,33,-0.007,33,-0.008,33,-0.006,33
123,-0.008,33,-0.009,33,-0.01,32.9,-0.007,32.9
123.5,-0.009,32.9,-0.009,33,-0.011,32.9,-0.007,32.9
124,-0.009,33,-0.009,33,-0.01,33,-0.008,33
124.5,-0.01,33,-0.01,33,-0.01,33,-0.009,33
125,-0.01,32.9,-0.011,32.9,-0.011,32.9,-0.011,32.9
125.5,-0.01,32.9,-0.01,33,-0.009,33,-0.01,32.9
126,-0.011,32.9,-0.007,33,-0.013,32.9,-0.009,32.9
126.5,-0.01,33,-0.009,33,-0.014,32.9,-0.004,33
127,-0.009,33,-0.009,33,-0.009,32.9,-0.008,33
127.5,-0.008,33,-0.008,33,-0.003,33,-0.008,33
128,-0.009,33,-0.006,33,-0.007,32.9,-0.008,33
128.5,-0.009,33,-0.01,33,-0.008,33,-0.008,33
129,-0.009,32.9,-0.011,32.9,-0.01,32.9,-0.006,32.9
129.5,-0.01,33,-0.01,33,-0.009,33,-0.01,32.9
130,-0.01,33,-0.011,33,-0.012,33,-0.009,33
130.5,-0.009,33,-0.012,32.9,-0.011,32.9,-0.008,33
131,-0.01,33,-0.01,33,-0.007,32.9,-0.008,33
131.5,-0.009,33,-0.011,33,-0.011,33,-0.009,32.9
132,-0.009,33,-0.01,33,-0.012,33,-0.008,32.9
132.5,-0.008,33,-0.01,32.9,-0.012,33,-0.009,32.9
133,-0.009,33,-0.008,33,-0.006,32.9,-0.01,32.9
133.5,-0.009,33,-0.009,33,0.001,32.9,-0.008,33
134,-0.01,32.9,-0.009,32.9,-0.011,32.9,-0.01,33
134.5,-0.01,33,-0.01,33,-0.008,32.9,-0.01,33
135,-0.01,32.9,-0.01,33,-0.011,32.9,-0.01,32.9
135.5,-0.011,33,-0.01,33,-0.009,32.9,-0.011,32.9
136,-0.012,32.9,-0.012,32.9,-0.011,32.9,-0.011,33
136.5,-0.011,33,-0.012,33,-0.012,33,-0.01,33
137,-0.009,33,-0.01,33,-0.01,33,-0.009,33
137.5,-0.009,33,-0.009,33,-0.008,33,-0.01,33
138,-0.01,33,-0.007,33,-0.01,33,-0.012,33
138.5,-0.01,33,-0.012,33,-0.01,33,-0.011,33
139,-0.01,32.9,-0.011,32.9,-0.011,33,-0.009,33
139.5,-0.01,33,-0.01,33,-0.01,33,-0.009,33
140,-0.012,33,-0.01,32.9,-0.012,32.9,-0.011,33
140.5,-0.011,33,-0.014,32.9,-0.011,33,-0.012,33
141,-0.01,33,-0.011,33,-0.011,33,-0.003,33
141.5,-0.01,33,-0.006,33,-0.008,33,-0.008,33
142,-0.01,33,-0.008,33,-0.008,32.9,-0.012,32.9
142.5,-0.01,33,-0.011,32.9,-0.008,32.9,-0.011,32.9
143,-0.011,33,-0.012,33,-0.01,33,-0.011,33
143.5,-0.011,33,-0.011,33,-0.012,33,-0.01,32.9
144,-0.012,33,-0.009,33,-0.012,33,-0.01,32.9
144.5,-0.012,33,-0.014,33,-0.013,33,-0.008,33
145,-0.012,33,-0.011,33,-0.014,33,-0.011,33
145.5,-0.011,33,-0.007,33,-0.012,32.9,-0.013,33
146,-0.01,33,-0.01,33,-0.009,32.9,-0.011,33
146.5,-0.009,33,-0.007,33,-0.009,33,-0.01,33
147,-0.009,33,-0.008,33,-0.012,33.1,-0.009,33
147.5,-0.009,33,-0.009,33,-0.009,33,-0.003,33.1
148,-0.009,33,-0.01,33,-0.008,33,0.001,33
148.5,-0.009,33,-0.01,33,-0.008,33,-0.009,33
149,-0.011,33,-0.01,33,-0.01,33,-0.01,33
149.5,-0.011,33,-0.01,33,-0.01,32.9,-0.011,33
150,-0.012,33,-0.011,33,-0.012,33,-0.011,33
150.5,-0.01,33,-0.009,33,-0.014,33,-0.011,33
151,-0.008,33,-0.009,33,-0.011,33,-0.008,33
151.5,-0.01,33,-0.011,33,-0.01,33,-0.011,33
152,-0.01,33,-0.008,33,-0.011,32.9,-0.008,32.9
152.5,-0.011,32.9,-0.013,32.9,-0.011,33,-0.01,32.9
153,-0.011,33,-0.012,33,-0.012,33,-0.011,32.9
153.5,-0.012,32.9,-0.011,32.9,-0.012,32.9,-0.012,32.9
154,-0.012,32.9,-0.01,32.9,-0.012,33,-0.012,32.9
154.5,-0.012,32.9,-0.011,32.9,-0.013,33,-0.012,33
155,-0.012,33,-0.012,33,-0.014,33,-0.009,33
155.5,-0.011,33,-0.012,33,-0.01,33,-0.013,33
156,-0.012,33,-0.012,33,-0.01,33,-0.014,33
156.5,-0.011,33,-0.011,33,-0.011,33,-0.008,33
157,-0.012,33,-0.013,33,-0.011,33,-0.009,33
157.5,-0.012,33,-0.012,33,-0.013,33,-0.012,33
158,-0.012,33,-0.01,33,-0.012,33,-0.011,33
158.5,-0.012,33,-0.012,33,-0.013,33,-0.008,33
159,-0.012,33,-0.013,33,-0.013,33,-0.006,33
159.5,-0.011,33,-0.01,33,-0.014,33,-0.01,33
160,-0.011,33,-0.01,33,-0.012,33,-0.01,33
160.5,-0.012,33,-0.013,33,-0.01,33.1,-0.003,33
161,-0.012,33,-0.013,33,-0.011,33,-0.011,33
161.5,-0.012,33,-0.01,33,-0.013,33,-0.011,33.1
162,-0.012,33,-0.013,33,-0.014,33,-0.011,33.1
162.5,-0.012,33,-0.012,33,-0.012,33,-0.01,33
163,-0.014,33,-0.012,33.1,-0.013,33,-0.012,33
163.5,-0.014,33,-0.014,33,-0.014,33.1,-0.013,33
164,-0.014,33.1,-0.014,33,-0.015,33.1,-0.012,33.1
164.5,-0.013,33.1,-0.013,33,-0.013,33.1,-0.01,33.1
165,-0.014,33.1,-0.014,33.1,-0.012,33.1,-0.011,33.1
165.5,-0.013,33.1,-0.014,33.1,-0.014,33.1,-0.014,33.1
166,-0.014,33.1,-0.013,33.1,-0.014,33.1,-0.013,33.1
166.5,-0.013,33.1,-0.014,33.1,-0.014,33.1,-0.012,33.1
167,-0.013,33.1,-0.012,33.1,-0.013,33.1,-0.013,33.1
167.5,-0.013,33.1,-0.013,33.1,-0.011,33.1,-0.013,33.1
168,-0.014,33.1,-0.014,33.1,-0.014,33.1,-0.015,33.1
168.5,-0.014,33.1,-0.013,33.1,-0.014,33.1,-0.012,33.1
169,-0.013,33.1,-0.014,33.2,-0.013,33.1,-0.013,33.1
169.5,-0.013,33.1,-0.014,33.2,-0.014,33.1,-0.016,33.1
170,-0.014,33.1,-0.014,33.1,-0.014,33.2,-0.015,33.1
170.5,-0.014,33.2,-0.014,33.1,-0.016,33.2,-0.012,33.1
171,-0.014,33.2,-0.014,33.2,-0.014,33.1,-0.013,33.2
171.5,-0.014,33.2,-0.014,33.2,-0.014,33.1,-0.014,33.2
172,-0.014,33.2,-0.015,33.2,-0.013,33.2,-0.015,33.2
172.5,-0.014,33.2,-0.014,33.2,-0.015,33.2,-0.015,33.2
173,-0.015,33.2,-0.014,33.2,-0.014,33.2,-0.016,33.2
173.5,-0.015,33.2,-0.015,33.2,-0.015,33.2,-0.015,33.2
174,-0.015,33.2,-0.014,33.2,-0.015,33.2,-0.015,33.2
174.5,-0.014,33.2,-0.013,33.2,-0.014,33.2,-0.016,33.2
175,-0.014,33.2,-0.014,33.2,-0.012,33.2,-0.012,33.3
175.5,-0.014,33.3,-0.014,33.3,-0.015,33.2,-0.015,33.3
176,-0.014,33.2,-0.013,33.2,-0.015,33.2,-0.013,33.2
176.5,-0.014,33.2,-0.014,33.2,-0.013,33.3,-0.015,33.2
177,-0.014,33.3,-0.013,33.3,-0.015,33.3,-0.016,33.3
177.5,-0.015,33.2,-0.015,33.2,-0.015,33.2,-0.016,33.3
178,-0.016,33.3,-0.015,33.3,-0.017,33.3,-0.016,33.3
178.5,-0.016,33.3,-0.015,33.3,-0.015,33.3,-0.016,33.3
179,-0.016,33.3,-0.016,33.3,-0.016,33.3,-0.016,33.3
179.5,-0.016,33.3,-0.015,33.3,-0.014,33.3,-0.014,33.3
180,-0.019,33.3,-0.019,33.3,-0.017,33.3,-0.019,33.3
180.5,-0.042,33.3,-0.041,33.3,-0.035,33.3,-0.039,33.3
181,-0.047,33.3,-0.047,33.3,-0.048,33.3,-0.049,33.3
181.5,-0.029,33.2,-0.031,33.2,-0.033,33.2,-0.03,33.2
182,-0.023,33.2,-0.022,33.2,-0.028,33.2,-0.024,33.2
182.5,-0.02,33.2,-0.02,33.2,-0.02,33.2,-0.021,33.2
183,-0.021,33.2,-0.02,33.2,-0.019,33.2,-0.022,33.2
183.5,-0.022,33.2,-0.021,33.2,-0.021,33.2,-0.022,33.2
184,-0.022,33.2,-0.021,33.2,-0.022,33.2,-0.022,33.2
184.5,-0.022,33.2,-0.02,33.2,-0.021,33.2,-0.021,33.3
185,-0.021,33.3,-0.022,33.3,-0.02,33.3,-0.019,33.3
185.5,-0.021,33.3,-0.021,33.3,-0.021,33.3,-0.02,33.3
186,-0.023,33.3,-0.023,33.3,-0.022,33.2,-0.02,33.3
186.5,-0.022,33.3,-0.022,33.3,-0.021,33.3,-0.022,33.3
187,-0.022,33.3,-0.022,33.3,-0.021,33.3,-0.022,33.3
187.5,-0.022,33.3,-0.022,33.3,-0.022,33.3,-0.022,33.3
188,-0.02,33.3,-0.019,33.3,-0.021,33.3,-0.019,33.4
188.5,-0.019,33.3,-0.018,33.3,-0.02,33.3,-0.017,33.4
189,-0.019,33.3,-0.018,33.3,-0.02,33.4,-0.018,33.3
189.5,-0.019,33.4,-0.019,33.4,-0.019,33.3,-0.02,33.3
190,-0.018,33.4,-0.018,33.4,-0.019,33.4,-0.019,33.4
190.5,-0.018,33.4,-0.019,33.4,-0.018,33.4,-0.017,33.4
191,-0.017,33.4,-0.017,33.4,-0.019,33.4,-0.019,33.4
191.5,-0.017,33.4,-0.017,33.4,-0.015,33.4,-0.018,33.4
192,-0.016,33.4,-0.017,33.4,-0.014,33.4,-0.017,33.4
192.5,-0.016,33.4,-0.018,33.5,-0.016,33.4,-0.016,33.4
193,-0.017,33.5,-0.017,33.5,-0.018,33.5,-0.015,33.4
193.5,-0.018,33.4,-0.017,33.5,-0.018,33.5,-0.018,33.4
194,-0.018,33.4,-0.018,33.5,-0.019,33.4,-0.019,33.4
194.5,-0.02,33.4,-0.02,33.4,-0.02,33.5,-0.021,33.4
195,-0.022,33.5,-0.022,33.5,-0.021,33.5,-0.022,33.5
195.5,-0.023,33.5,-0.023,33.4,-0.022,33.5,-0.022,33.5
196,-0.024,33.5,-0.024,33.4,-0.025,33.5,-0.023,33.5
196.5,-0.023,33.5,-0.023,33.5,-0.022,33.4,-0.024,33.5
197,-0.022,33.4,-0.022,33.5,-0.021,33.4,-0.022,33.4
197.5,-0.02,33.5,-0.02,33.5,-0.018,33.5,-0.02,33.5
198,-0.018,33.5,-0.017,33.5,-0.017,33.5,-0.018,33.5
198.5,-0.016,33.5,-0.016,33.5,-0.015,33.5,-0.017,33.5
199,-0.014,33.5,-0.014,33.5,-0.016,33.5,-0.015,33.5
199.5,-0.013,33.5,-0.012,33.5,-0.015,33.5,-0.014,33.5
200,-0.013,33.5,-0.013,33.5,-0.014,33.5,-0.013,33.5
200.5,-0.014,33.5,-0.013,33.5,-0.013,33.5,-0.014,33.5
201,-0.015,33.5,-0.015,33.5,-0.012,33.5,-0.015,33.5
201.5,-0.016,33.5,-0.015,33.5,-0.018,33.5,-0.014,33.6
202,-0.016,33.5,-0.016,33.5,-0.018,33.5,-0.016,33.5
202.5,-0.016,33.5,-0.016,33.6,-0.017,33.5,-0.015,33.5
203,-0.015,33.5,-0.015,33.5,-0.014,33.5,-0.015,33.6
203.5,-0.015,33.5,-0.013,33.5,-0.014,33.5,-0.015,33.5
204,-0.014,33.6,-0.012,33.6,-0.014,33.6,-0.014,33.5
204.5,-0.015,33.6,-0.012,33.6,-0.013,33.6,-0.015,33.6
205,-0.015,33.6,-0.015,33.6,-0.014,33.6,-0.015,33.6
205.5,-0.014,33.6,-0.015,33.6,-0.015,33.6,-0.015,33.6
206,-0.014,33.6,-0.015,33.6,-0.014,33.6,-0.015,33.6
206.5,-0.014,33.6,-0.011,33.6,-0.014,33.6,-0.014,33.6
207,-0.013,33.6,-0.01,33.6,-0.014,33.5,-0.012,33.6
207.5,-0.012,33.6,-0.012,33.6,-0.012,33.6,-0.011,33.6
208,-0.012,33.6,-0.011,33.6,-0.012,33.6,-0.013,33.6
208.5,-0.012,33.6,-0.012,33.6,-0.013,33.5,-0.014,33.6
209,-0.012,33.6,-0.011,33.6,-0.012,33.6,-0.012,33.6
209.5,-0.012,33.6,-0.01,33.6,-0.013,33.6,-0.013,33.6
210,-0.012,33.5,-0.012,33.5,-0.013,33.6,-0.011,33.6
210.5,-0.012,33.6,-0.013,33.6,-0.013,33.5,-0.012,33.6
211,-0.011,33.5,-0.009,33.5,-0.012,33.5,-0.014,33.6
211.5,-0.011,33.5,-0.012,33.6,-0.012,33.5,-0.014,33.6
212,-0.011,33.5,-0.01,33.6,-0.012,33.5,-0.014,33.5
212.5,-0.012,33.5,-0.011,33.5,-0.012,33.5,-0.014,33.5
213,-0.011,33.5,-0.012,33.5,-0.012,33.5,-0.013,33.4
213.5,-0.012,33.5,-0.012,33.5,-0.013,33.5,-0.012,33.5
214,-0.013,33.5,-0.011,33.5,-0.012,33.5,-0.014,33.5
214.5,-0.013,33.5,-0.014,33.5,-0.013,33.5,-0.013,33.5
215,-0.013,33.5,-0.015,33.5,-0.014,33.4,-0.011,33.5
215.5,-0.012,33.5,-0.013,33.5,-0.014,33.5,-0.01,33.5
216,-0.011,33.5,-0.012,33.5,-0.011,33.5,-0.012,33.5
216.5,-0.012,33.5,-0.012,33.5,-0.012,33.5,-0.011,33.5
217,-0.012,33.5,-0.012,33.5,-0.012,33.5,-0.012,33.5
217.5,-0.012,33.5,-0.012,33.5,-0.012,33.4,-0.008,33.5
218,-0.012,33.5,-0.013,33.4,-0.013,33.4,-0.009,33.5
218.5,-0.012,33.5,-0.011,33.5,-0.013,33.5,-0.01,33.5
219,-0.012,33.5,-0.012,33.4,-0.012,33.5,-0.009,33.5
219.5,-0.012,33.5,-0.012,33.4,-0.012,33.5,-0.01,33.5
220,-0.012,33.4,-0.008,33.4,-0.005,33.4,-0.012,33.5
220.5,-0.011,33.4,-0.011,33.5,-0.01,33.4,-0.012,33.5
221,-0.011,33.4,-0.011,33.4,-0.013,33.4,-0.013,33.4
221.5,-0.012,33.4,-0.013,33.4,-0.013,33.4,-0.012,33.4
222,-0.012,33.4,-0.012,33.4,-0.013,33.4,-0.013,33.4
222.5,-0.013,33.4,-0.014,33.4,-0.012,33.4,-0.012,33.4
223,-0.012,33.4,-0.013,33.4,-0.014,33.4,-0.013,33.4
223.5,-0.013,33.4,-0.013,33.4,-0.014,33.4,-0.011,33.4
224,-0.013,33.4,-0.013,33.4,-0.013,33.4,-0.013,33.4
224.5,-0.014,33.4,-0.013,33.4,-0.015,33.4,-0.012,33.4
225,-0.012,33.4,-0.012,33.4,-0.012,33.4,-0.01,33.4
225.5,-0.012,33.4,-0.013,33.4,-0.013,33.4,-0.011,33.4
226,-0.012,33.4,-0.012,33.4,-0.014,33.5,-0.013,33.4
226.5,-0.012,33.4,-0.011,33.4,-0.009,33.4,-0.013,33.4
227,-0.012,33.4,-0.012,33.4,-0.011,33.4,-0.012,33.4
227.5,-0.012,33.4,-0.011,33.4,-0.012,33.4,-0.011,33.4
228,-0.013,33.4,-0.012,33.4,-0.013,33.4,-0.014,33.4
228.5,-0.014,33.4,-0.015,33.4,-0.015,33.4,-0.014,33.4
229,-0.012,33.4,-0.014,33.4,-0.013,33.4,-0.013,33.4
229.5,-0.012,33.4,-0.013,33.4,-0.013,33.4,-0.013,33.4
230,-0.012,33.4,-0.009,33.4,-0.013,33.4,-0.013,33.4
230.5,-0.012,33.4,-0.012,33.4,-0.014,33.5,-0.013,33.4
231,-0.013,33.4,-0.012,33.4,-0.011,33.4,-0.012,33.4
231.5,-0.013,33.4,-0.013,33.4,-0.011,33.4,-0.014,33.4
232,-0.013,33.4,-0.013,33.4,-0.014,33.4,-0.012,33.3
232.5,-0.013,33.4,-0.013,33.4,-0.015,33.4,-0.013,33.3
233,-0.014,33.4,-0.013,33.4,-0.014,33.4,-0.013,33.4
233.5,-0.014,33.4,-0.015,33.3,-0.014,33.4,-0.013,33.4
234,-0.013,33.4,-0.013,33.4,-0.013,33.4,-0.014,33.4
234.5,-0.012,33.4,-0.013,33.4,-0.01,33.4,-0.014,33.4
235,-0.012,33.4,-0.013,33.4,-0.014,33.4,-0.008,33.4
235.5,-0.012,33.4,-0.014,33.4,-0.014,33.4,-0.01,33.4
236,-0.013,33.4,-0.013,33.4,-0.013,33.4,-0.014,33.3
236.5,-0.013,33.4,-0.013,33.4,-0.014,33.4,-0.014,33.3
237,-0.014,33.4,-0.014,33.4,-0.013,33.4,-0.014,33.3
237.5,-0.014,33.4,-0.014,33.4,-0.016,33.4,-0.015,33.4
238,-0.014,33.4,-0.014,33.4,-0.017,33.4,-0.011,33.4
238.5,-0.013,33.4,-0.011,33.4,-0.013,33.4,-0.01,33.4
239,-0.012,33.4,-0.012,33.4,-0.013,33.4,-0.011,33.4
239.5,-0.013,33.4,-0.013,33.4,-0.013,33.4,-0.01,33.4
240,-0.013,33.4,-0.013,33.4,-0.014,33.4,-0.013,33.4
240.5,-0.013,33.4,-0.01,33.4,-0.014,33.4,-0.014,33.4
241,-0.013,33.4,-0.012,33.4,-0.014,33.3,-0.008,33.4
241.5,-0.014,33.4,-0.013,33.4,-0.014,33.4,-0.012,33.4
242,-0.014,33.4,-0.013,33.4,-0.015,33.4,-0.012,33.4
242.5,-0.014,33.4,-0.016,33.4,-0.015,33.4,-0.01,33.4
243,-0.014,33.4,-0.014,33.4,-0.014,33.4,-0.014,33.4
243.5,-0.015,33.4,-0.014,33.4,-0.013,33.4,-0.014,33.4
244,-0.014,33.4,-0.014,33.4,-0.014,33.4,-0.013,33.4
244.5,-0.013,33.4,-0.013,33.4,-0.015,33.4,-0.012,33.4
245,-0.013,33.4,-0.013,33.4,-0.013,33.4,-0.014,33.4
245.5,-0.013,33.4,-0.013,33.4,-0.013,33.4,-0.016,33.4
246,-0.014,33.4,-0.013,33.4,-0.012,33.4,-0.016,33.4
246.5,-0.014,33.4,-0.014,33.4,-0.014,33.4,-0.015,33.5
247,-0.014,33.5,-0.014,33.5,-0.013,33.5,-0.015,33.5
247.5,-0.014,33.5,-0.014,33.5,-0.014,33.5,-0.015,33.5
248,-0.013,33.4,-0.014,33.4,-0.013,33.5,-0.015,33.4
248.5,-0.013,33.5,-0.014,33.5,-0.015,33.4,-0.014,33.4
249,-0.014,33.4,-0.014,33.5,-0.013,33.5,-0.013,33.4
249.5,-0.013,33.4,-0.013,33.5,-0.014,33.4,-0.006,33.5
250,-0.014,33.5,-0.014,33.5,-0.015,33.4,-0.009,33.5
250.5,-0.014,33.4,-0.014,33.4,-0.016,33.4,-0.012,33.4
251,-0.014,33.5,-0.013,33.5,-0.015,33.4,-0.012,33.5
251.5,-0.014,33.5,-0.014,33.5,-0.015,33.4,-0.015,33.5
252,-0.014,33.4,-0.015,33.4,-0.014,33.4,-0.013,33.4
252.5,-0.015,33.5,-0.015,33.5,-0.014,33.5,-0.015,33.5
253,-0.014,33.5,-0.014,33.5,-0.014,33.5,-0.016,33.4
253.5,-0.014,33.5,-0.012,33.5,-0.012,33.5,-0.015,33.5
254,-0.014,33.5,-0.014,33.5,-0.011,33.5,-0.014,33.5
254.5,-0.014,33.5,-0.014,33.5,-0.01,33.5,-0.014,33.5
255,-0.014,33.5,-0.014,33.5,-0.013,33.5,-0.012,33.4
255.5,-0.014,33.5,-0.01,33.5,-0.014,33.5,-0.013,33.5
256,-0.014,33.5,-0.012,33.5,-0.013,33.5,-0.016,33.5
256.5,-0.014,33.5,-0.014,33.5,-0.012,33.5,-0.011,33.5
257,-0.014,33.5,-0.014,33.5,-0.016,33.5,-0.012,33.5
257.5,-0.014,33.5,-0.014,33.5,-0.014,33.5,-0.015,33.5
258,-0.014,33.5,-0.013,33.5,-0.015,33.5,-0.015,33.5
258.5,-0.014,33.5,-0.013,33.5,-0.015,33.5,-0.014,33.5
259,-0.014,33.5,-0.015,33.5,-0.015,33.5,-0.015,33.5
259.5,-0.014,33.5,-0.014,33.5,-0.017,33.5,-0.013,33.5
260,-0.015,33.5,-0.015,33.5,-0.015,33.5,-0.015,33.5
260.5,-0.014,33.5,-0.015,33.5,-0.015,33.5,-0.013,33.5
261,-0.014,33.5,-0.015,33.5,-0.013,33.5,-0.014,33.5
261.5,-0.015,33.5,-0.015,33.5,-0.015,33.5,-0.012,33.5
262,-0.015,33.5,-0.016,33.5,-0.016,33.5,-0.015,33.5
262.5,-0.014,33.5,-0.014,33.5,-0.016,33.5,-0.014,33.5
263,-0.014,33.5,-0.014,33.5,-0.014,33.5,-0.014,33.5
263.5,-0.014,33.5,-0.014,33.5,-0.014,33.5,-0.015,33.5
264,-0.014,33.5,-0.013,33.5,-0.015,33.5,-0.015,33.6
264.5,-0.014,33.5,-0.014,33.5,-0.014,33.6,-0.013,33.5
265,-0.014,33.5,-0.014,33.5,-0.016,33.5,-0.013,33.5
265.5,-0.014,33.5,-0.013,33.5,-0.016,33.5,-0.014,33.6
266,-0.014,33.5,-0.013,33.5,-0.015,33.5,-0.014,33.5
266.5,-0.015,33.5,-0.015,33.5,-0.016,33.5,-0.014,33.5
267,-0.014,33.5,-0.014,33.5,-0.015,33.6,-0.014,33.5
267.5,-0.014,33.5,-0.013,33.5,-0.014,33.6,-0.014,33.5
268,-0.014,33.5,-0.013,33.5,-0.012,33.6,-0.01,33.5
268.5,-0.014,33.6,-0.014,33.6,-0.016,33.5,-0.012,33.6
269,-0.014,33.5,-0.015,33.5,-0.015,33.5,-0.015,33.5
269.5,-0.014,33.5,-0.015,33.5,-0.015,33.5,-0.015,33.6
270,-0.015,33.5,-0.015,33.5,-0.014,33.5,-0.016,33.6
270.5,-0.015,33.6,-0.014,33.6,-0.013,33.5,-0.015,33.6
271,-0.015,33.5,-0.014,33.5,-0.016,33.6,-0.015,33.6
271.5,-0.015,33.6,-0.014,33.6,-0.014,33.6,-0.016,33.6
272,-0.015,33.6,-0.015,33.6,-0.015,33.6,-0.015,33.5
272.5,-0.015,33.6,-0.015,33.6,-0.015,33.6,-0.014,33.6
273,-0.015,33.6,-0.014,33.6,-0.015,33.6,-0.013,33.6
273.5,-0.015,33.6,-0.014,33.6,-0.014,33.6,-0.016,33.6
274,-0.015,33.6,-0.014,33.6,-0.014,33.6,-0.016,33.6
274.5,-0.016,33.6,-0.015,33.6,-0.012,33.6,-0.015,33.6
275,-0.016,33.6,-0.014,33.6,-0.016,33.6,-0.017,33.6
275.5,-0.016,33.6,-0.016,33.6,-0.016,33.6,-0.016,33.6
276,-0.016,33.6,-0.017,33.6,-0.016,33.6,-0.014,33.6
276.5,-0.016,33.6,-0.016,33.6,-0.016,33.6,-0.015,33.6
277,-0.015,33.6,-0.015,33.6,-0.015,33.7,-0.016,33.7
277.5,-0.015,33.7,-0.015,33.7,-0.014,33.7,-0.015,33.6
278,-0.016,33.7,-0.015,33.7,-0.014,33.7,-0.015,33.7
278.5,-0.016,33.7,-0.016,33.7,-0.014,33.7,-0.015,33.7
279,-0.016,33.7,-0.015,33.7,-0.015,33.7,-0.014,33.7
279.5,-0.016,33.7,-0.016,33.7,-0.015,33.7,-0.015,33.7
280,-0.016,33.7,-0.016,33.7,-0.016,33.7,-0.014,33.7
280.5,-0.016,33.7,-0.016,33.7,-0.016,33.7,-0.017,33.7
281,-0.016,33.7,-0.016,33.7,-0.015,33.7,-0.018,33.7
281.5,-0.016,33.7,-0.015,33.8,-0.016,33.7,-0.018,33.7
282,-0.016,33.7,-0.016,33.7,-0.016,33.8,-0.017,33.7
282.5,-0.016,33.7,-0.016,33.7,-0.015,33.7,-0.017,33.7
283,-0.016,33.8,-0.016,33.8,-0.015,33.8,-0.016,33.7
283.5,-0.016,33.8,-0.016,33.8,-0.016,33.8,-0.016,33.8
284,-0.016,33.8,-0.016,33.8,-0.015,33.8,-0.016,33.8
284.5,-0.016,33.8,-0.015,33.8,-0.015,33.8,-0.015,33.8
285,-0.016,33.8,-0.015,33.8,-0.016,33.8,-0.016,33.8
285.5,-0.016,33.8,-0.017,33.8,-0.016,33.8,-0.015,33.8
286,-0.016,33.8,-0.015,33.8,-0.017,33.8,-0.015,33.8
286.5,-0.016,33.8,-0.016,33.8,-0.016,33.8,-0.013,33.8
287,-0.016,33.8,-0.016,33.8,-0.015,33.8,-0.017,33.8
287.5,-0.016,33.8,-0.016,33.8,-0.014,33.8,-0.016,33.8
288,-0.016,33.8,-0.016,33.8,-0.016,33.9,-0.013,33.8
288.5,-0.016,33.9,-0.016,33.9,-0.016,33.9,-0.015,33.8
289,-0.016,33.9,-0.016,33.9,-0.016,33.9,-0.014,33.8
289.5,-0.016,33.9,-0.016,33.9,-0.016,33.9,-0.015,33.9
290,-0.016,33.9,-0.016,33.9,-0.016,33.9,-0.017,33.9
290.5,-0.016,33.9,-0.016,33.9,-0.017,33.8,-0.016,33.9
291,-0.017,33.9,-0.016,33.9,-0.017,33.9,-0.017,33.9
291.5,-0.022,33.9,-0.022,33.9,-0.022,33.9,-0.02,33.9
292,-0.037,33.9,-0.035,33.9,-0.031,33.9,-0.037,33.9
292.5,-0.035,33.9,-0.035,33.9,-0.039,33.9,-0.034,33.9
293,-0.025,33.8,-0.025,33.8,-0.026,33.9,-0.025,33.8
293.5,-0.022,33.8,-0.022,33.8,-0.021,33.8,-0.023,33.8
294,-0.02,33.8,-0.021,33.8,-0.021,33.8,-0.022,33.8
294.5,-0.02,33.8,-0.02,33.8,-0.021,33.8,-0.02,33.8
295,-0.02,33.8,-0.018,33.8,-0.02,33.8,-0.019,33.8
295.5,-0.02,33.8,-0.019,33.8,-0.02,33.7,-0.02,33.9
296,-0.02,33.9,-0.019,33.9,-0.02,33.7,-0.019,33.9
296.5,-0.02,33.9,-0.02,33.8,-0.02,33.8,-0.019,33.9
297,-0.02,33.9,-0.019,33.9,-0.018,33.9,-0.018,33.9
297.5,-0.019,33.9,-0.018,33.9,-0.016,33.9,-0.019,33.9
298,-0.018,33.9,-0.017,33.9,-0.016,33.9,-0.018,33.9
298.5,-0.018,33.9,-0.016,33.9,-0.017,33.9,-0.019,33.9
299,-0.018,33.9,-0.018,33.9,-0.02,33.9,-0.017,33.9
299.5,-0.018,34,-0.018,34,-0.02,34,-0.018,34
300,-0.02,34,-0.02,34,-0.019,34,-0.02,34
300.5,-0.02,34,-0.019,34,-0.019,34,-0.02,34
301,-0.02,34,-0.02,34,-0.021,34,-0.02,34
301.5,-0.021,34,-0.021,34,-0.022,34,-0.022,34
302,-0.022,34,-0.021,34,-0.024,34,-0.021,34
302.5,-0.022,34,-0.022,34,-0.024,34,-0.023,34
303,-0.022,34,-0.022,34,-0.023,34,-0.022,34
303.5,-0.022,34,-0.022,34,-0.023,34,-0.023,34
304,-0.022,34,-0.022,34,-0.023,34,-0.021,34
304.5,-0.022,34,-0.022,34,-0.022,34,-0.022,34
305,-0.02,34,-0.02,34,-0.022,34,-0.021,34
305.5,-0.019,34,-0.02,34.1,-0.02,34,-0.02,34.1
306,-0.018,34,-0.017,34,-0.018,34.1,-0.018,34
306.5,-0.018,34.1,-0.017,34.1,-0.018,34,-0.017,34
307,-0.016,34.1,-0.016,34.1,-0.017,34.1,-0.016,34.1
307.5,-0.017,34.1,-0.016,34.1,-0.017,34.1,-0.016,34.1
308,-0.016,34.1,-0.016,34.1,-0.015,34.1,-0.016,34.1
308.5,-0.016,34.1,-0.016,34.1,-0.016,34.1,-0.013,34.1
309,-0.016,34.1,-0.016,34.1,-0.015,34.2,-0.015,34.1
309.5,-0.017,34.1,-0.016,34.1,-0.016,34.1,-0.014,34.1
310,-0.017,34.2,-0.016,34.2,-0.017,34.1,-0.017,34.1
310.5,-0.018,34.2,-0.016,34.2,-0.017,34.2,-0.016,34.2
311,-0.017,34.2,-0.016,34.2,-0.018,34.1,-0.017,34.2
311.5,-0.018,34.1,-0.017,34.2,-0.019,34.1,-0.016,34.2
312,-0.017,34.2,-0.016,34.2,-0.017,34.2,-0.015,34.1
312.5,-0.017,34.2,-0.015,34.2,-0.017,34.2,-0.013,34.2
313,-0.016,34.2,-0.016,34.2,-0.017,34.2,-0.017,34.2
313.5,-0.016,34.2,-0.016,34.2,-0.016,34.2,-0.018,34.2
314,-0.016,34.2,-0.016,34.2,-0.016,34.2,-0.017,34.2
314.5,-0.016,34.2,-0.013,34.2,-0.016,34.2,-0.017,34.2
315,-0.015,34.2,-0.013,34.2,-0.015,34.2,-0.014,34.2
315.5,-0.014,34.2,-0.014,34.2,-0.013,34.2,-0.015,34.2
316,-0.014,34.2,-0.012,34.2,-0.012,34.2,-0.014,34.2
316.5,-0.014,34.2,-0.013,34.2,-0.014,34.2,-0.013,34.2
317,-0.014,34.2,-0.014,34.2,-0.015,34.2,-0.014,34.2
317.5,-0.014,34.2,-0.014,34.2,-0.016,34.2,-0.015,34.2
318,-0.014,34.2,-0.014,34.2,-0.018,34.3,-0.011,34.2
318.5,-0.014,34.2,-0.013,34.2,-0.014,34.2,-0.011,34.2
319,-0.014,34.2,-0.013,34.2,-0.013,34.2,-0.015,34.2
319.5,-0.014,34.2,-0.013,34.2,-0.014,34.2,-0.013,34.2
320,-0.014,34.2,-0.014,34.2,-0.016,34.1,-0.014,34.2
320.5,-0.014,34.2,-0.015,34.2,-0.014,34.1,-0.015,34.2
321,-0.014,34.2,-0.014,34.2,-0.015,34.2,-0.016,34.2
321.5,-0.014,34.2,-0.015,34.1,-0.013,34.2,-0.014,34.2
322,-0.015,34.1,-0.015,34.1,-0.015,34.2,-0.015,34.2
322.5,-0.015,34.1,-0.014,34.1,-0.016,34.1,-0.015,34.1
323,-0.014,34.2,-0.014,34.2,-0.014,34.1,-0.014,34.2
323.5,-0.014,34.2,-0.014,34.2,-0.013,34.1,-0.013,34.1
324,-0.013,34.2,-0.013,34.2,-0.012,34.2,-0.011,34.1
324.5,-0.014,34.1,-0.013,34.1,-0.013,34.1,-0.013,34.1
325,-0.014,34.1,-0.014,34.1,-0.012,34.1,-0.013,34.1
325.5,-0.014,34.1,-0.014,34.1,-0.008,34.1,-0.013,34.1
326,-0.014,34.1,-0.013,34.1,-0.012,34.1,-0.013,34.1
326.5,-0.015,34.1,-0.015,34.1,-0.012,34.1,-0.014,34.1
327,-0.014,34.1,-0.011,34.1,-0.014,34.1,-0.013,34.1
327.5,-0.014,34.1,-0.014,34.1,-0.014,34.1,-0.013,34.1
328,-0.014,34.1,-0.014,34.1,-0.014,34.1,-0.013,34.1
328.5,-0.014,34.1,-0.013,34.1,-0.01,34.1,-0.015,34.1
329,-0.014,34.1,-0.013,34.1,-0.014,34.1,-0.014,34
329.5,-0.014,34.1,-0.013,34.1,-0.014,34.1,-0.015,34.1
330,-0.014,34.1,-0.014,34.1,-0.015,34.1,-0.015,34
330.5,-0.015,34.1,-0.014,34.1,-0.015,34.1,-0.015,34.1
331,-0.016,34.1,-0.014,34.1,-0.015,34,-0.014,34.1
331.5,-0.016,34.1,-0.015,34.1,-0.016,34,-0.016,34.1
332,-0.015,34.1,-0.014,34.1,-0.014,34.1,-0.016,34
332.5,-0.014,34.1,-0.014,34.1,-0.012,34.1,-0.017,34
333,-0.014,34.1,-0.012,34.1,-0.015,34,-0.013,34.1
333.5,-0.014,34.1,-0.014,34.1,-0.014,34.1,-0.014,34.1
334,-0.014,34.1,-0.015,34.1,-0.014,34,-0.013,34.1
334.5,-0.015,34.1,-0.014,34.1,-0.014,34,-0.014,34.1
335,-0.014,34.1,-0.014,34.1,-0.014,34,-0.017,34.1
335.5,-0.015,34.1,-0.015,34,-0.014,34.1,-0.015,34.1
336,-0.014,34.1,-0.013,34,-0.014,34,-0.013,34
336.5,-0.014,34,-0.015,34,-0.014,34,-0.015,34
337,-0.014,34,-0.016,34,-0.013,34,-0.015,34
337.5,-0.014,34,-0.013,34.1,-0.014,34.1,-0.014,34
338,-0.014,34,-0.013,34,-0.014,34.1,-0.014,34
338.5,-0.014,34,-0.013,34,-0.015,34.1,-0.012,34
339,-0.015,34,-0.014,34,-0.016,34.1,-0.014,34
339.5,-0.015,34,-0.014,34,-0.015,34,-0.014,34.1
340,-0.016,34,-0.015,34,-0.015,34,-0.015,34
340.5,-0.016,34,-0.016,34,-0.017,34,-0.015,34
341,-0.015,34.1,-0.015,34.1,-0.017,34,-0.016,34.1
341.5,-0.015,34,-0.015,34.1,-0.015,34,-0.015,34
342,-0.014,34,-0.014,34,-0.014,34,-0.015,34
342.5,-0.014,34,-0.013,34,-0.012,34,-0.011,34
343,-0.014,34,-0.014,34,-0.012,34,-0.015,34.1
343.5,-0.014,34,-0.016,34,-0.012,34,-0.015,34
344,-0.015,34,-0.016,34,-0.014,34,-0.014,34
344.5,-0.015,34,-0.016,34,-0.016,34,-0.015,34
345,-0.016,34,-0.016,34,-0.015,34,-0.015,34
345.5,-0.015,34,-0.015,34,-0.016,34,-0.018,34
346,-0.014,34,-0.015,34,-0.016,34,-0.017,34
346.5,-0.014,34,-0.014,34,-0.014,34,-0.016,34
347,-0.014,34,-0.014,34,-0.014,34,-0.013,34
347.5,-0.014,34,-0.014,34,-0.014,34,-0.014,34.1
348,-0.014,34,-0.014,34,-0.015,34,-0.015,34.1
348.5,-0.015,34,-0.014,34.1,-0.013,34,-0.016,34.1
349,-0.015,34,-0.016,34,-0.013,34.1,-0.018,34
349.5,-0.016,34,-0.016,34,-0.014,34,-0.018,34
350,-0.016,34,-0.015,34,-0.016,34,-0.015,34
350.5,-0.016,34,-0.016,34,-0.015,34,-0.014,34.1
351,-0.016,34,-0.015,34,-0.016,34,-0.016,34
351.5,-0.015,34,-0.015,34,-0.016,34.1,-0.016,34.1
352,-0.014,34.1,-0.015,34,-0.013,34.1,-0.014,34
352.5,-0.015,34.1,-0.014,34.1,-0.015,34.1,-0.013,34.1
353,-0.015,34.1,-0.016,34.1,-0.012,34.1,-0.014,34.1
353.5,-0.015,34.1,-0.015,34.1,-0.011,34,-0.015,34.1
354,-0.015,34,-0.016,34,-0.017,34,-0.016,34.1
354.5,-0.016,34,-0.016,34.1,-0.015,34,-0.016,34
355,-0.015,34,-0.016,34.1,-0.015,34.1,-0.016,34.1
355.5,-0.015,34,-0.015,34,-0.016,34.1,-0.014,34
356,-0.014,34.1,-0.014,34,-0.014,34.1,-0.015,34.1
356.5,-0.014,34.1,-0.016,34.1,-0.011,34.1,-0.015,34
357,-0.014,34.1,-0.015,34,-0.013,34.1,-0.016,34.1
357.5,-0.015,34.1,-0.015,34,-0.014,34.1,-0.015,34
358,-0.015,34,-0.015,34.1,-0.014,34,-0.016,34
358.5,-0.016,34.1,-0.016,34.1,-0.017,34.1,-0.014,34
359,-0.016,34,-0.015,34,-0.017,34.1,-0.014,34.1
359.5,-0.016,34,-0.016,34,-0.018,34,-0.015,34
360,-0.016,34,-0.015,34,-0.016,34,-0.015,34
360.5,-0.015,34,-0.015,34,-0.013,34,-0.015,34
361,-0.015,34,-0.014,34.1,-0.014,34,-0.013,34
361.5,-0.014,34.1,-0.015,34,-0.016,34,-0.014,34
362,-0.014,34.1,-0.016,34.1,-0.014,34.1,-0.014,34.1
362.5,-0.015,34.1,-0.015,34.1,-0.015,34.1,-0.015,34.1
363,-0.015,34,-0.016,34.1,-0.016,34.1,-0.015,34
363.5,-0.016,34,-0.014,34.1,-0.016,34,-0.015,34.1
364,-0.016,34.1,-0.015,34.1,-0.014,34,-0.017,34.1
364.5,-0.016,34,-0.016,34.1,-0.014,34,-0.016,34
365,-0.015,34,-0.014,34.1,-0.016,34,-0.015,34
365.5,-0.015,34.1,-0.014,34,-0.015,34.1,-0.012,34.1
366,-0.015,34,-0.014,34,-0.014,34,-0.014,34.1
366.5,-0.015,34,-0.014,34,-0.012,34.1,-0.016,34
367,-0.015,34,-0.016,34,-0.015,34,-0.015,34.1
367.5,-0.016,34,-0.017,34.1,-0.014,34,-0.015,34.1
368,-0.016,34,-0.016,34,-0.015,34,-0.015,34.1
368.5,-0.016,34,-0.017,34,-0.017,34,-0.015,34
369,-0.016,34.1,-0.017,34.1,-0.014,34.1,-0.016,34
369.5,-0.016,34.1,-0.015,34.1,-0.014,34.1,-0.015,34.1
370,-0.016,34.1,-0.015,34,-0.013,34.1,-0.016,34.1
370.5,-0.016,34.1,-0.013,34.1,-0.015,34.1,-0.016,34.1
371,-0.015,34.1,-0.016,34.1,-0.014,34.1,-0.015,34.1
371.5,-0.016,34.1,-0.015,34.1,-0.014,34.1,-0.016,34.1
372,-0.016,34.1,-0.014,34.1,-0.015,34.1,-0.015,34.1
372.5,-0.016,34.1,-0.016,34.1,-0.015,34,-0.013,34.1
373,-0.016,34.1,-0.016,34.1,-0.016,34.1,-0.012,34.1
373.5,-0.016,34.1,-0.017,34.1,-0.014,34.1,-0.014,34.1
374,-0.015,34.1,-0.015,34.1,-0.016,34.1,-0.015,34.1
374.5,-0.016,34.1,-0.015,34.1,-0.016,34.1,-0.015,34.1
375,-0.015,34.1,-0.015,34.1,-0.016,34.1,-0.016,34.1
375.5,-0.015,34.1,-0.015,34.1,-0.017,34.1,-0.01,34.1
376,-0.015,34.1,-0.015,34.1,-0.015,34.1,-0.015,34.1
376.5,-0.016,34.1,-0.015,34.1,-0.014,34.1,-0.015,34.1
377,-0.016,34.1,-0.016,34.1,-0.016,34.1,-0.016,34.1
377.5,-0.016,34.1,-0.016,34.1,-0.015,34.1,-0.015,34.1
378,-0.016,34.1,-0.016,34.1,-0.016,34.1,-0.015,34.1
378.5,-0.016,34.1,-0.015,34.1,-0.016,34.1,-0.016,34.1
379,-0.016,34.1,-0.016,34.1,-0.018,34,-0.016,34.1
379.5,-0.016,34.1,-0.016,34.1,-0.015,34.1,-0.016,34.1
380,-0.016,34.1,-0.015,34.1,-0.014,34.1,-0.017,34.1
380.5,-0.016,34.1,-0.017,34.1,-0.016,34.1,-0.015,34.1
381,-0.016,34.1,-0.015,34.1,-0.016,34.1,-0.016,34.1
381.5,-0.016,34.1,-0.014,34.1,-0.014,34.1,-0.018,34.1
382,-0.016,34.1,-0.016,34.1,-0.015,34.1,-0.016,34.1
382.5,-0.016,34.1,-0.016,34.1,-0.017,34.1,-0.017,34.1
383,-0.016,34.1,-0.016,34.1,-0.016,34.1,-0.016,34.1
383.5,-0.016,34.1,-0.016,34.1,-0.016,34.1,-0.017,34.1
384,-0.016,34.1,-0.015,34.1,-0.017,34.1,-0.018,34.1
384.5,-0.016,34.1,-0.016,34.1,-0.016,34.1,-0.018,34.2
385,-0.016,34.2,-0.015,34.1,-0.016,34.2,-0.016,34.1
385.5,-0.016,34.1,-0.017,34.1,-0.016,34.2,-0.016,34.1
386,-0.016,34.1,-0.016,34.1,-0.017,34.1,-0.016,34.1
386.5,-0.016,34.1,-0.017,34.1,-0.016,34,-0.016,34.1
387,-0.016,34.1,-0.016,34.1,-0.013,34.1,-0.016,34.2
387.5,-0.016,34.1,-0.017,34.2,-0.017,34.1,-0.016,34.2
388,-0.016,34.2,-0.017,34.2,-0.017,34.2,-0.015,34.2
388.5,-0.016,34.1,-0.016,34.2,-0.017,34.1,-0.017,34.1
389,-0.016,34.2,-0.016,34.1,-0.018,34.1,-0.017,34.2
389.5,-0.017,34.2,-0.016,34.2,-0.017,34.2,-0.017,34.2
390,-0.016,34.2,-0.016,34.2,-0.016,34.2,-0.016,34.2
390.5,-0.016,34.2,-0.015,34.2,-0.017,34.2,-0.015,34.2
391,-0.016,34.2,-0.016,34.2,-0.017,34.2,-0.016,34.2
391.5,-0.016,34.2,-0.016,34.2,-0.016,34.2,-0.015,34.2
392,-0.016,34.2,-0.017,34.2,-0.017,34.2,-0.015,34.2
392.5,-0.017,34.2,-0.017,34.2,-0.017,34.3,-0.018,34.2
393,-0.016,34.2,-0.017,34.2,-0.016,34.3,-0.018,34.2
393.5,-0.016,34.2,-0.017,34.2,-0.018,34.2,-0.017,34.2
394,-0.016,34.3,-0.015,34.3,-0.016,34.3,-0.018,34.2
394.5,-0.016,34.2,-0.016,34.2,-0.015,34.3,-0.017,34.3
395,-0.016,34.3,-0.016,34.3,-0.016,34.2,-0.019,34.2
395.5,-0.016,34.3,-0.016,34.3,-0.016,34.2,-0.016,34.3
396,-0.016,34.3,-0.017,34.3,-0.016,34.3,-0.017,34.3
396.5,-0.016,34.3,-0.017,34.3,-0.017,34.3,-0.017,34.3
397,-0.017,34.3,-0.017,34.3,-0.018,34.3,-0.017,34.3
397.5,-0.017,34.3,-0.018,34.3,-0.016,34.3,-0.019,34.3
398,-0.017,34.3,-0.017,34.3,-0.016,34.3,-0.018,34.3
398.5,-0.017,34.3,-0.017,34.3,-0.018,34.3,-0.018,34.3
399,-0.017,34.3,-0.018,34.3,-0.017,34.3,-0.016,34.3
399.5,-0.017,34.3,-0.017,34.3,-0.016,34.3,-0.016,34.3
400,-0.016,34.3,-0.016,34.3,-0.017,34.3,-0.017,34.3
400.5,-0.017,34.3,-0.016,34.3,-0.016,34.4,-0.018,34.3
401,-0.017,34.3,-0.017,34.4,-0.017,34.3,-0.018,34.3
401.5,-0.018,34.3,-0.017,34.3,-0.016,34.3,-0.017,34.3
402,-0.02,34.3,-0.019,34.3,-0.018,34.3,-0.019,34.3
402.5,-0.026,34.4,-0.026,34.4,-0.024,34.4,-0.025,34.4
403,-0.029,34.4,-0.029,34.4,-0.029,34.4,-0.029,34.4
403.5,-0.025,34.3,-0.024,34.4,-0.027,34.3,-0.027,34.3
404,-0.023,34.3,-0.022,34.3,-0.026,34.3,-0.024,34.3
404.5,-0.02,34.4,-0.02,34.4,-0.022,34.4,-0.022,34.3
405,-0.02,34.3,-0.019,34.4,-0.019,34.4,-0.02,34.4
405.5,-0.019,34.4,-0.019,34.3,-0.018,34.3,-0.019,34.4
406,-0.018,34.4,-0.019,34.4,-0.017,34.4,-0.018,34.3
406.5,-0.018,34.4,-0.018,34.3,-0.018,34.3,-0.02,34.4
407,-0.018,34.4,-0.018,34.4,-0.018,34.4,-0.019,34.4
407.5,-0.018,34.4,-0.019,34.4,-0.018,34.4,-0.019,34.4
408,-0.018,34.4,-0.019,34.4,-0.018,34.4,-0.019,34.4
408.5,-0.018,34.4,-0.019,34.4,-0.018,34.4,-0.019,34.4
409,-0.018,34.4,-0.018,34.4,-0.019,34.5,-0.019,34.4
409.5,-0.018,34.5,-0.019,34.5,-0.019,34.5,-0.019,34.5
410,-0.018,34.5,-0.018,34.5,-0.018,34.5,-0.018,34.4
410.5,-0.018,34.5,-0.019,34.5,-0.017,34.5,-0.018,34.4
411,-0.02,34.5,-0.019,34.5,-0.017,34.4,-0.018,34.5
411.5,-0.02,34.5,-0.02,34.5,-0.02,34.5,-0.019,34.5
412,-0.02,34.5,-0.02,34.5,-0.019,34.5,-0.02,34.5
412.5,-0.02,34.5,-0.02,34.5,-0.02,34.5,-0.02,34.5
413,-0.02,34.5,-0.019,34.5,-0.021,34.5,-0.02,34.5
413.5,-0.019,34.5,-0.017,34.5,-0.02,34.5,-0.019,34.5
414,-0.018,34.5,-0.018,34.5,-0.019,34.5,-0.018,34.5
414.5,-0.018,34.5,-0.018,34.5,-0.018,34.6,-0.017,34.6
415,-0.019,34.5,-0.019,34.5,-0.018,34.5,-0.018,34.6
415.5,-0.018,34.5,-0.019,34.5,-0.018,34.5,-0.019,34.5
416,-0.018,34.5,-0.018,34.5,-0.017,34.5,-0.018,34.5
416.5,-0.018,34.5,-0.019,34.5,-0.018,34.5,-0.018,34.5
417,-0.019,34.6,-0.02,34.6,-0.017,34.5,-0.019,34.6
417.5,-0.018,34.6,-0.019,34.5,-0.017,34.6,-0.019,34.6
418,-0.018,34.6,-0.019,34.6,-0.017,34.6,-0.019,34.5
418.5,-0.018,34.6,-0.016,34.6,-0.017,34.6,-0.017,34.6
419,-0.018,34.6,-0.018,34.6,-0.018,34.6,-0.018,34.6
419.5,-0.018,34.6,-0.017,34.6,-0.018,34.6,-0.018,34.6
420,-0.018,34.6,-0.017,34.6,-0.019,34.6,-0.019,34.6
420.5,-0.018,34.6,-0.018,34.6,-0.018,34.6,-0.018,34.6
421,-0.018,34.6,-0.02,34.6,-0.019,34.6,-0.018,34.6
421.5,-0.019,34.6,-0.019,34.6,-0.02,34.6,-0.019,34.6
422,-0.018,34.6,-0.018,34.6,-0.019,34.6,-0.018,34.6
422.5,-0.018,34.6,-0.018,34.6,-0.018,34.6,-0.019,34.6
423,-0.018,34.6,-0.018,34.6,-0.018,34.6,-0.019,34.6
423.5,-0.018,34.6,-0.018,34.6,-0.016,34.7,-0.018,34.6
424,-0.018,34.7,-0.018,34.7,-0.016,34.7,-0.017,34.6
424.5,-0.016,34.7,-0.016,34.6,-0.016,34.7,-0.016,34.7
425,-0.016,34.7,-0.018,34.7,-0.017,34.7,-0.015,34.6
425.5,-0.016,34.6,-0.015,34.6,-0.015,34.6,-0.014,34.7
426,-0.016,34.7,-0.015,34.7,-0.015,34.7,-0.014,34.7
426.5,-0.015,34.7,-0.013,34.7,-0.016,34.7,-0.014,34.7
427,-0.015,34.7,-0.015,34.7,-0.015,34.6,-0.014,34.7
427.5,-0.015,34.6,-0.015,34.7,-0.014,34.6,-0.014,34.7
428,-0.015,34.7,-0.015,34.7,-0.014,34.7,-0.015,34.6
428.5,-0.015,34.7,-0.015,34.6,-0.015,34.7,-0.014,34.6
429,-0.015,34.7,-0.014,34.6,-0.016,34.7,-0.015,34.7
429.5,-0.016,34.7,-0.015,34.7,-0.015,34.7,-0.016,34.7
430,-0.015,34.6,-0.015,34.6,-0.014,34.6,-0.016,34.6
430.5,-0.014,34.6,-0.014,34.6,-0.013,34.6,-0.015,34.6
431,-0.014,34.6,-0.015,34.6,-0.017,34.6,-0.014,34.6
431.5,-0.014,34.6,-0.012,34.7,-0.01,34.6,-0.015,34.6
432,-0.015,34.6,-0.015,34.6,-0.013,34.6,-0.015,34.6
432.5,-0.015,34.6,-0.016,34.6,-0.014,34.6,-0.017,34.6
433,-0.015,34.6,-0.013,34.6,-0.014,34.6,-0.015,34.6
433.5,-0.015,34.6,-0.014,34.6,-0.015,34.6,-0.013,34.6
434,-0.015,34.6,-0.015,34.6,-0.015,34.6,-0.015,34.6
434.5,-0.014,34.6,-0.013,34.6,-0.013,34.6,-0.011,34.6
435,-0.014,34.6,-0.014,34.6,-0.014,34.6,-0.014,34.6
435.5,-0.015,34.6,-0.015,34.5,-0.014,34.6,-0.015,34.5
436,-0.015,34.6,-0.014,34.6,-0.014,34.6,-0.015,34.5
436.5,-0.015,34.6,-0.014,34.6,-0.014,34.6,-0.016,34.6
437,-0.016,34.6,-0.015,34.5,-0.014,34.6,-0.015,34.6
437.5,-0.016,34.5,-0.015,34.5,-0.016,34.5,-0.015,34.5
438,-0.016,34.5,-0.016,34.5,-0.016,34.5,-0.016,34.5
438.5,-0.016,34.5,-0.016,34.5,-0.016,34.5,-0.015,34.5
439,-0.016,34.5,-0.016,34.5,-0.016,34.5,-0.014,34.5
439.5,-0.016,34.5,-0.016,34.5,-0.016,34.5,-0.015,34.5
440,-0.015,34.5,-0.015,34.5,-0.015,34.6,-0.016,34.5
440.5,-0.015,34.5,-0.015,34.5,-0.014,34.6,-0.015,34.5
441,-0.015,34.5,-0.014,34.5,-0.015,34.5,-0.014,34.5
441.5,-0.014,34.5,-0.014,34.5,-0.015,34.5,-0.014,34.5
442,-0.015,34.5,-0.016,34.5,-0.014,34.5,-0.014,34.5
442.5,-0.016,34.5,-0.014,34.5,-0.014,34.6,-0.015,34.5
443,-0.016,34.5,-0.015,34.5,-0.015,34.5,-0.017,34.5
443.5,-0.015,34.5,-0.016,34.5,-0.015,34.5,-0.014,34.5
444,-0.015,34.5,-0.016,34.5,-0.013,34.5,-0.017,34.5
444.5,-0.016,34.5,-0.016,34.5,-0.016,34.5,-0.015,34.5
445,-0.016,34.5,-0.015,34.5,-0.013,34.5,-0.016,34.5
445.5,-0.016,34.5,-0.013,34.5,-0.015,34.5,-0.016,34.5
446,-0.016,34.5,-0.015,34.5,-0.015,34.5,-0.015,34.5
446.5,-0.016,34.5,-0.015,34.4,-0.016,34.5,-0.013,34.5
447,-0.016,34.5,-0.016,34.4,-0.016,34.5,-0.016,34.5
447.5,-0.016,34.5,-0.015,34.5,-0.016,34.5,-0.015,34.5
448,-0.016,34.5,-0.015,34.5,-0.016,34.5,-0.015,34.5
448.5,-0.016,34.5,-0.016,34.4,-0.015,34.5,-0.014,34.5
449,-0.016,34.5,-0.015,34.5,-0.014,34.5,-0.015,34.5
449.5,-0.016,34.5,-0.016,34.5,-0.016,34.5,-0.016,34.5
450,-0.015,34.5,-0.015,34.5,-0.014,34.5,-0.015,34.5
450.5,-0.015,34.5,-0.014,34.5,-0.014,34.5,-0.013,34.5
451,-0.015,34.5,-0.015,34.5,-0.015,34.5,-0.012,34.5
451.5,-0.015,34.5,-0.016,34.5,-0.014,34.5,-0.017,34.5
452,-0.016,34.5,-0.016,34.4,-0.014,34.5,-0.016,34.5
452.5,-0.016,34.5,-0.015,34.5,-0.015,34.5,-0.017,34.4
453,-0.016,34.4,-0.016,34.4,-0.016,34.5,-0.017,34.4
453.5,-0.016,34.4,-0.014,34.5,-0.015,34.5,-0.015,34.5
454,-0.016,34.4,-0.016,34.4,-0.015,34.4,-0.015,34.5
454.5,-0.015,34.4,-0.016,34.5,-0.016,34.4,-0.017,34.5
455,-0.015,34.5,-0.015,34.5,-0.017,34.5,-0.016,34.4
455.5,-0.015,34.4,-0.015,34.4,-0.017,34.4,-0.014,34.4
456,-0.016,34.4,-0.016,34.5,-0.018,34.4,-0.016,34.4
456.5,-0.016,34.4,-0.015,34.4,-0.015,34.4,-0.015,34.4
457,-0.016,34.4,-0.016,34.4,-0.016,34.4,-0.015,34.4
457.5,-0.016,34.4,-0.016,34.5,-0.016,34.4,-0.017,34.4
458,-0.016,34.4,-0.015,34.5,-0.015,34.4,-0.016,34.5
458.5,-0.016,34.4,-0.015,34.4,-0.012,34.4,-0.015,34.5
459,-0.016,34.5,-0.015,34.4,-0.017,34.4,-0.015,34.4
459.5,-0.016,34.4,-0.015,34.5,-0.016,34.4,-0.012,34.4
460,-0.015,34.5,-0.015,34.4,-0.016,34.5,-0.014,34.4
460.5,-0.015,34.4,-0.016,34.4,-0.016,34.4,-0.015,34.4
461,-0.015,34.4,-0.015,34.4,-0.013,34.5,-0.016,34.4
461.5,-0.015,34.4,-0.015,34.4,-0.013,34.5,-0.016,34.4
462,-0.016,34.4,-0.015,34.4,-0.012,34.4,-0.016,34.4
462.5,-0.016,34.4,-0.015,34.4,-0.017,34.4,-0.016,34.5
463,-0.015,34.4,-0.015,34.4,-0.016,34.4,-0.018,34.4
463.5,-0.016,34.4,-0.014,34.4,-0.016,34.4,-0.014,34.4
464,-0.016,34.4,-0.015,34.4,-0.014,34.4,-0.016,34.4
464.5,-0.016,34.4,-0.015,34.4,-0.016,34.4,-0.014,34.4
465,-0.016,34.4,-0.015,34.4,-0.015,34.4,-0.014,34.4
465.5,-0.016,34.4,-0.016,34.4,-0.014,34.4,-0.014,34.4
466,-0.016,34.4,-0.015,34.4,-0.013,34.4,-0.016,34.4
466.5,-0.016,34.4,-0.016,34.4,-0.016,34.4,-0.016,34.4
467,-0.016,34.4,-0.015,34.4,-0.018,34.4,-0.016,34.4
467.5,-0.016,34.4,-0.015,34.4,-0.013,34.4,-0.016,34.4
468,-0.016,34.4,-0.016,34.4,-0.009,34.4,-0.015,34.4
468.5,-0.016,34.4,-0.014,34.4,-0.017,34.4,-0.013,34.4
469,-0.016,34.4,-0.015,34.4,-0.016,34.4,-0.015,34.4
469.5,-0.016,34.4,-0.015,34.4,-0.014,34.4,-0.015,34.4
470,-0.016,34.4,-0.016,34.4,-0.015,34.4,-0.016,34.4
470.5,-0.016,34.4,-0.016,34.4,-0.015,34.4,-0.016,34.4
471,-0.016,34.4,-0.016,34.4,-0.014,34.4,-0.017,34.4
471.5,-0.016,34.4,-0.017,34.4,-0.016,34.4,-0.016,34.4
472,-0.016,34.4,-0.017,34.4,-0.017,34.4,-0.014,34.4
472.5,-0.016,34.4,-0.015,34.4,-0.013,34.4,-0.018,34.3
473,-0.016,34.4,-0.016,34.4,-0.014,34.4,-0.016,34.4
473.5,-0.016,34.4,-0.015,34.4,-0.015,34.4,-0.017,34.4
474,-0.016,34.4,-0.015,34.4,-0.015,34.4,-0.018,34.4
474.5,-0.016,34.4,-0.016,34.4,-0.015,34.4,-0.016,34.4
475,-0.016,34.4,-0.015,34.4,-0.015,34.4,-0.016,34.4
475.5,-0.016,34.4,-0.014,34.4,-0.014,34.4,-0.016,34.4
476,-0.016,34.4,-0.017,34.4,-0.014,34.4,-0.015,34.4
476.5,-0.016,34.4,-0.015,34.4,-0.016,34.4,-0.016,34.4
477,-0.016,34.4,-0.015,34.4,-0.017,34.4,-0.016,34.4
477.5,-0.016,34.4,-0.016,34.4,-0.016,34.4,-0.016,34.4
478,-0.016,34.4,-0.015,34.4,-0.017,34.4,-0.016,34.4
478.5,-0.016,34.4,-0.016,34.4,-0.017,34.4,-0.013,34.4
479,-0.016,34.4,-0.015,34.4,-0.017,34.4,-0.015,34.4
479.5,-0.016,34.4,-0.015,34.4,-0.014,34.4,-0.015,34.4
480,-0.016,34.4,-0.016,34.4,-0.015,34.4,-0.015,34.4
480.5,-0.016,34.4,-0.015,34.4,-0.015,34.4,-0.016,34.4
481,-0.016,34.4,-0.016,34.4,-0.017,34.4,-0.016,34.4
481.5,-0.016,34.4,-0.015,34.4,-0.016,34.4,-0.016,34.4
482,-0.016,34.4,-0.015,34.4,-0.014,34.4,-0.016,34.4
482.5,-0.016,34.4,-0.016,34.4,-0.016,34.4,-0.017,34.4
483,-0.016,34.4,-0.015,34.4,-0.015,34.4,-0.017,34.4
483.5,-0.016,34.4,-0.016,34.4,-0.017,34.4,-0.017,34.4
484,-0.016,34.4,-0.016,34.4,-0.017,34.4,-0.017,34.4
484.5,-0.016,34.4,-0.016,34.4,-0.016,34.4,-0.014,34.4
485,-0.016,34.4,-0.016,34.4,-0.016,34.4,-0.016,34.4
485.5,-0.016,34.4,-0.017,34.4,-0.016,34.4,-0.015,34.4
486,-0.016,34.4,-0.015,34.4,-0.016,34.4,-0.015,34.4
486.5,-0.016,34.4,-0.016,34.4,-0.018,34.4,-0.016,34.4
487,-0.016,34.4,-0.016,34.4,-0.016,34.3,-0.017,34.4
487.5,-0.016,34.4,-0.016,34.4,-0.016,34.4,-0.018,34.4
488,-0.016,34.4,-0.016,34.4,-0.016,34.5,-0.016,34.4
488.5,-0.016,34.4,-0.016,34.4,-0.016,34.4,-0.015,34.3
489,-0.016,34.4,-0.015,34.4,-0.016,34.4,-0.014,34.4
489.5,-0.016,34.4,-0.016,34.4,-0.016,34.4,-0.015,34.4
490,-0.016,34.4,-0.017,34.4,-0.017,34.4,-0.016,34.4
490.5,-0.016,34.4,-0.016,34.4,-0.017,34.4,-0.015,34.4
491,-0.016,34.4,-0.015,34.4,-0.016,34.4,-0.018,34.4
491.5,-0.016,34.4,-0.015,34.4,-0.016,34.4,-0.017,34.4
492,-0.016,34.4,-0.015,34.4,-0.015,34.4,-0.014,34.4
492.5,-0.016,34.4,-0.016,34.4,-0.015,34.4,-0.016,34.4
493,-0.016,34.4,-0.017,34.4,-0.016,34.4,-0.017,34.4
493.5,-0.016,34.4,-0.016,34.4,-0.016,34.4,-0.016,34.5
494,-0.016,34.4,-0.017,34.4,-0.016,34.4,-0.017,34.4
494.5,-0.017,34.4,-0.017,34.4,-0.017,34.4,-0.016,34.4
495,-0.017,34.4,-0.017,34.4,-0.018,34.4,-0.017,34.4
495.5,-0.018,34.4,-0.017,34.4,-0.017,34.4,-0.016,34.4
496,-0.017,34.5,-0.018,34.4,-0.016,34.4,-0.016,34.5
496.5,-0.017,34.5,-0.017,34.4,-0.017,34.5,-0.017,34.5
497,-0.017,34.4,-0.016,34.4,-0.018,34.5,-0.017,34.5
497.5,-0.016,34.5,-0.016,34.5,-0.017,34.5,-0.018,34.5
498,-0.017,34.5,-0.016,34.5,-0.016,34.5,-0.016,34.5
498.5,-0.017,34.5,-0.016,34.4,-0.016,34.5,-0.015,34.5
499,-0.017,34.5,-0.016,34.5,-0.018,34.5,-0.017,34.5
499.5,-0.017,34.5,-0.017,34.5,-0.016,34.5,-0.015,34.5
500,-0.017,34.5,-0.018,34.5,-0.018,34.5,-0.017,34.5
500.5,-0.017,34.5,-0.016,34.5,-0.018,34.5,-0.016,34.6
501,-0.016,34.5,-0.017,34.5,-0.018,34.5,-0.016,34.5
501.5,-0.017,34.5,-0.017,34.5,-0.018,34.5,-0.016,34.5
502,-0.017,34.5,-0.017,34.5,-0.018,34.5,-0.017,34.5
502.5,-0.018,34.5,-0.017,34.5,-0.018,34.5,-0.017,34.5
503,-0.017,34.5,-0.017,34.5,-0.017,34.6,-0.017,34.5
503.5,-0.017,34.5,-0.018,34.5,-0.018,34.5,-0.018,34.5
504,-0.017,34.5,-0.018,34.5,-0.016,34.5,-0.018,34.6
504.5,-0.018,34.6,-0.018,34.6,-0.016,34.6,-0.017,34.6
505,-0.018,34.6,-0.017,34.6,-0.017,34.5,-0.017,34.6
505.5,-0.018,34.6,-0.016,34.6,-0.018,34.6,-0.015,34.6
506,-0.018,34.6,-0.016,34.6,-0.016,34.6,-0.016,34.5
506.5,-0.018,34.6,-0.018,34.6,-0.016,34.6,-0.017,34.6
507,-0.018,34.6,-0.017,34.6,-0.016,34.6,-0.016,34.6
507.5,-0.018,34.6,-0.017,34.6,-0.016,34.6,-0.017,34.6
508,-0.018,34.6,-0.015,34.6,-0.017,34.6,-0.016,34.6
508.5,-0.018,34.6,-0.016,34.6,-0.016,34.6,-0.018,34.6
509,-0.018,34.6,-0.017,34.6,-0.016,34.6,-0.018,34.6
509.5,-0.018,34.6,-0.016,34.6,-0.016,34.6,-0.018,34.6
510,-0.018,34.6,-0.017,34.6,-0.016,34.7,-0.017,34.6
510.5,-0.018,34.6,-0.017,34.6,-0.017,34.6,-0.019,34.6
511,-0.018,34.6,-0.018,34.6,-0.016,34.6,-0.018,34.7
511.5,-0.018,34.6,-0.019,34.6,-0.015,34.6,-0.019,34.6
512,-0.018,34.6,-0.018,34.6,-0.016,34.6,-0.017,34.6
512.5,-0.018,34.7,-0.019,34.6,-0.018,34.7,-0.019,34.7
513,-0.02,34.7,-0.02,34.7,-0.019,34.7,-0.019,34.6
513.5,-0.029,34.7,-0.03,34.7,-0.028,34.7,-0.026,34.6
514,-0.028,34.7,-0.03,34.7,-0.03,34.7,-0.028,34.7
514.5,-0.023,34.6,-0.023,34.6,-0.024,34.6,-0.023,34.7
515,-0.021,34.6,-0.02,34.7,-0.021,34.6,-0.021,34.7
515.5,-0.02,34.6,-0.019,34.6,-0.02,34.6,-0.02,34.6
516,-0.02,34.6,-0.019,34.6,-0.021,34.6,-0.02,34.6
516.5,-0.02,34.6,-0.02,34.6,-0.02,34.6,-0.02,34.6
517,-0.02,34.6,-0.019,34.6,-0.02,34.6,-0.02,34.6
517.5,-0.02,34.7,-0.02,34.7,-0.02,34.7,-0.02,34.7
518,-0.02,34.7,-0.02,34.6,-0.02,34.7,-0.02,34.7
518.5,-0.02,34.7,-0.019,34.7,-0.019,34.7,-0.019,34.7
519,-0.02,34.7,-0.02,34.7,-0.018,34.7,-0.02,34.6
519.5,-0.02,34.7,-0.02,34.7,-0.02,34.6,-0.02,34.7
520,-0.019,34.7,-0.019,34.7,-0.02,34.7,-0.02,34.7
520.5,-0.018,34.7,-0.018,34.7,-0.019,34.7,-0.019,34.7
521,-0.018,34.7,-0.018,34.7,-0.018,34.7,-0.019,34.7
521.5,-0.018,34.7,-0.019,34.7,-0.018,34.7,-0.019,34.7
522,-0.018,34.7,-0.018,34.7,-0.019,34.7,-0.018,34.8
522.5,-0.018,34.8,-0.018,34.8,-0.019,34.8,-0.018,34.8
523,-0.018,34.8,-0.018,34.8,-0.018,34.8,-0.018,34.8
523.5,-0.018,34.8,-0.018,34.8,-0.02,34.8,-0.018,34.8
524,-0.018,34.8,-0.018,34.8,-0.018,34.8,-0.018,34.8
524.5,-0.018,34.8,-0.017,34.8,-0.019,34.8,-0.017,34.8
525,-0.018,34.8,-0.018,34.8,-0.019,34.8,-0.019,34.8
525.5,-0.018,34.8,-0.018,34.8,-0.018,34.8,-0.02,34.8
526,-0.019,34.8,-0.019,34.8,-0.019,34.8,-0.02,34.8
526.5,-0.02,34.8,-0.02,34.8,-0.02,34.8,-0.02,34.8
527,-0.02,34.8,-0.021,34.8,-0.02,34.9,-0.02,34.9
527.5,-0.02,34.8,-0.021,34.8,-0.02,34.8,-0.019,34.8
528,-0.02,34.9,-0.02,34.9,-0.02,34.8,-0.02,34.8
528.5,-0.02,34.8,-0.02,34.9,-0.02,34.9,-0.018,34.8
529,-0.02,34.8,-0.019,34.8,-0.019,34.8,-0.018,34.8
529.5,-0.019,34.9,-0.019,34.8,-0.019,34.9,-0.02,34.8
530,-0.018,34.8,-0.017,34.8,-0.019,34.8,-0.02,34.9
530.5,-0.018,34.8,-0.016,34.8,-0.017,34.8,-0.017,34.8
531,-0.017,34.9,-0.018,34.9,-0.015,34.8,-0.017,34.9
531.5,-0.017,34.9,-0.015,34.9,-0.017,34.9,-0.017,34.9
532,-0.017,34.9,-0.016,34.9,-0.019,34.9,-0.018,34.9
532.5,-0.018,34.9,-0.018,34.9,-0.016,34.9,-0.017,34.9
533,-0.018,34.9,-0.017,34.9,-0.018,34.9,-0.019,34.9
533.5,-0.018,34.9,-0.017,34.9,-0.018,34.9,-0.017,34.9
534,-0.018,34.9,-0.017,34.9,-0.017,34.9,-0.017,34.9
534.5,-0.017,34.9,-0.016,34.9,-0.016,34.8,-0.017,34.9
535,-0.016,34.9,-0.017,34.9,-0.017,34.9,-0.016,34.9
535.5,-0.016,34.9,-0.016,34.9,-0.016,34.9,-0.016,35
536,-0.016,34.9,-0.016,34.9,-0.016,34.9,-0.016,34.9
536.5,-0.016,34.9,-0.017,34.9,-0.016,34.9,-0.017,34.9
537,-0.016,34.9,-0.015,35,-0.016,34.9,-0.016,34.9
537.5,-0.016,34.9,-0.016,34.9,-0.014,34.9,-0.016,34.9
538,-0.016,34.9,-0.015,34.9,-0.015,34.9,-0.015,34.9
538.5,-0.015,34.9,-0.014,34.9,-0.015,34.9,-0.013,34.9
539,-0.015,34.9,-0.015,34.9,-0.014,34.9,-0.014,34.9
539.5,-0.015,34.9,-0.015,34.9,-0.015,34.9,-0.014,34.9
540,-0.014,34.9,-0.016,34.9,-0.014,34.9,-0.012,34.9
540.5,-0.015,34.9,-0.015,34.9,-0.015,34.8,-0.014,34.9
541,-0.016,34.9,-0.014,34.9,-0.016,34.9,-0.014,34.9
541.5,-0.016,34.8,-0.015,34.9,-0.016,34.8,-0.014,34.8
542,-0.016,34.8,-0.015,34.9,-0.014,34.8,-0.015,34.8
542.5,-0.015,34.8,-0.014,34.8,-0.016,34.9,-0.014,34.8
543,-0.015,34.8,-0.013,34.9,-0.016,34.9,-0.015,34.8
543.5,-0.015,34.8,-0.013,34.8,-0.015,34.8,-0.016,34.8
544,-0.015,34.8,-0.016,34.8,-0.016,34.8,-0.015,34.8
544.5,-0.015,34.8,-0.016,34.8,-0.015,34.8,-0.015,34.8
545,-0.016,34.8,-0.014,34.8,-0.014,34.8,-0.014,34.8
545.5,-0.016,34.8,-0.016,34.8,-0.016,34.8,-0.015,34.8
546,-0.016,34.8,-0.014,34.8,-0.018,34.8,-0.015,34.8
546.5,-0.016,34.8,-0.016,34.8,-0.017,34.7,-0.015,34.7
547,-0.016,34.8,-0.015,34.8,-0.016,34.7,-0.016,34.7
547.5,-0.016,34.8,-0.015,34.7,-0.016,34.7,-0.014,34.8
548,-0.016,34.8,-0.014,34.8,-0.015,34.7,-0.014,34.8
548.5,-0.016,34.8,-0.014,34.8,-0.017,34.7,-0.014,34.8
549,-0.016,34.7,-0.015,34.8,-0.015,34.8,-0.013,34.8
549.5,-0.016,34.7,-0.017,34.7,-0.013,34.7,-0.017,34.7
550,-0.016,34.7,-0.016,34.8,-0.015,34.8,-0.017,34.7
550.5,-0.016,34.7,-0.016,34.8,-0.018,34.7,-0.015,34.7
551,-0.016,34.7,-0.016,34.8,-0.016,34.7,-0.014,34.7
551.5,-0.016,34.7,-0.016,34.8,-0.016,34.7,-0.016,34.8
552,-0.016,34.7,-0.016,34.7,-0.016,34.7,-0.016,34.8
552.5,-0.016,34.7,-0.017,34.7,-0.016,34.7,-0.015,34.8
553,-0.016,34.7,-0.015,34.7,-0.015,34.7,-0.014,34.7
553.5,-0.016,34.7,-0.015,34.7,-0.014,34.7,-0.015,34.8
554,-0.016,34.7,-0.016,34.7,-0.017,34.7,-0.015,34.7
554.5,-0.016,34.7,-0.016,34.7,-0.015,34.7,-0.016,34.7
555,-0.016,34.7,-0.017,34.7,-0.016,34.7,-0.015,34.7
555.5,-0.016,34.7,-0.015,34.7,-0.015,34.7,-0.017,34.7
556,-0.016,34.7,-0.016,34.7,-0.016,34.7,-0.017,34.7
556.5,-0.016,34.7,-0.016,34.7,-0.016,34.7,-0.016,34.8
557,-0.016,34.7,-0.016,34.7,-0.017,34.7,-0.014,34.8
557.5,-0.016,34.7,-0.016,34.7,-0.014,34.7,-0.016,34.7
558,-0.016,34.7,-0.016,34.7,-0.014,34.7,-0.013,34.7
558.5,-0.016,34.7,-0.016,34.7,-0.016,34.7,-0.015,34.7
559,-0.016,34.7,-0.016,34.7,-0.017,34.7,-0.015,34.7
559.5,-0.016,34.7,-0.016,34.7,-0.016,34.7,-0.014,34.7
560,-0.016,34.7,-0.016,34.7,-0.016,34.7,-0.016,34.7
560.5,-0.016,34.7,-0.016,34.7,-0.016,34.7,-0.015,34.7
561,-0.016,34.7,-0.016,34.7,-0.013,34.7,-0.017,34.7
561.5,-0.016,34.7,-0.016,34.7,-0.014,34.7,-0.015,34.7
562,-0.016,34.7,-0.015,34.7,-0.014,34.7,-0.016,34.7
562.5,-0.016,34.7,-0.015,34.7,-0.014,34.7,-0.014,34.7
563,-0.016,34.7,-0.016,34.7,-0.015,34.7,-0.016,34.7
563.5,-0.016,34.7,-0.016,34.7,-0.015,34.6,-0.015,34.7
564,-0.016,34.7,-0.016,34.7,-0.016,34.7,-0.014,34.7
564.5,-0.016,34.6,-0.016,34.6,-0.016,34.6,-0.014,34.7
565,-0.016,34.7,-0.016,34.7,-0.015,34.7,-0.015,34.7
565.5,-0.016,34.7,-0.016,34.7,-0.015,34.7,-0.016,34.7
566,-0.016,34.7,-0.016,34.7,-0.016,34.7,-0.016,34.7
566.5,-0.016,34.7,-0.015,34.7,-0.016,34.7,-0.016,34.7
567,-0.016,34.7,-0.016,34.6,-0.016,34.7,-0.014,34.7
567.5,-0.016,34.7,-0.016,34.7,-0.014,34.7,-0.015,34.6
568,-0.016,34.7,-0.016,34.7,-0.013,34.7,-0.015,34.7
568.5,-0.016,34.7,-0.017,34.7,-0.017,34.7,-0.016,34.7
569,-0.016,34.7,-0.017,34.7,-0.017,34.7,-0.016,34.7
569.5,-0.016,34.6,-0.016,34.7,-0.014,34.6,-0.016,34.7
570,-0.016,34.6,-0.014,34.6,-0.017,34.6,-0.017,34.6
570.5,-0.016,34.7,-0.016,34.7,-0.018,34.7,-0.016,34.6
571,-0.016,34.7,-0.015,34.7,-0.016,34.7,-0.015,34.7
571.5,-0.016,34.7,-0.016,34.6,-0.016,34.7,-0.016,34.7
572,-0.016,34.6,-0.017,34.6,-0.016,34.6,-0.016,34.6
572.5,-0.016,34.7,-0.017,34.7,-0.016,34.6,-0.016,34.7
573,-0.016,34.7,-0.017,34.7,-0.016,34.6,-0.016,34.7
573.5,-0.016,34.7,-0.017,34.7,-0.016,34.6,-0.014,34.7
574,-0.016,34.7,-0.016,34.6,-0.016,34.7,-0.015,34.7
574.5,-0.016,34.7,-0.015,34.7,-0.015,34.7,-0.017,34.6
575,-0.016,34.7,-0.016,34.7,-0.016,34.7,-0.017,34.6
575.5,-0.016,34.7,-0.015,34.7,-0.017,34.6,-0.015,34.7
576,-0.016,34.7,-0.016,34.6,-0.016,34.6,-0.016,34.7
576.5,-0.016,34.6,-0.015,34.7,-0.016,34.6,-0.015,34.7
577,-0.016,34.7,-0.015,34.7,-0.016,34.6,-0.015,34.7
577.5,-0.016,34.7,-0.015,34.7,-0.016,34.7,-0.016,34.7
578,-0.016,34.7,-0.016,34.6,-0.015,34.7,-0.016,34.7
578.5,-0.016,34.6,-0.015,34.6,-0.015,34.7,-0.015,34.7
579,-0.016,34.6,-0.016,34.6,-0.016,34.6,-0.016,34.6
579.5,-0.016,34.6,-0.017,34.6,-0.017,34.6,-0.016,34.6
580,-0.016,34.7,-0.016,34.7,-0.015,34.6,-0.016,34.6
580.5,-0.016,34.6,-0.016,34.7,-0.014,34.6,-0.016,34.7
581,-0.016,34.6,-0.016,34.6,-0.013,34.6,-0.015,34.7
581.5,-0.016,34.6,-0.017,34.6,-0.017,34.6,-0.016,34.6
582,-0.016,34.6,-0.017,34.6,-0.015,34.6,-0.016,34.6
582.5,-0.016,34.6,-0.016,34.6,-0.015,34.6,-0.016,34.6
583,-0.016,34.6,-0.016,34.6,-0.015,34.6,-0.016,34.6
583.5,-0.016,34.6,-0.015,34.5,-0.017,34.6,-0.017,34.6
584,-0.017,34.6,-0.017,34.6,-0.018,34.6,-0.018,34.6
584.5,-0.016,34.6,-0.016,34.6,-0.017,34.5,-0.016,34.6
585,-0.016,34.6,-0.016,34.6,-0.018,34.6,-0.017,34.6
585.5,-0.016,34.6,-0.016,34.6,-0.016,34.6,-0.015,34.6
586,-0.016,34.6,-0.015,34.6,-0.016,34.6,-0.016,34.6
586.5,-0.016,34.6,-0.015,34.6,-0.016,34.6,-0.016,34.6
587,-0.016,34.6,-0.017,34.6,-0.016,34.6,-0.016,34.6
587.5,-0.016,34.6,-0.015,34.6,-0.016,34.6,-0.016,34.6
588,-0.016,34.6,-0.016,34.6,-0.016,34.6,-0.017,34.6
588.5,-0.016,34.6,-0.016,34.6,-0.017,34.6,-0.018,34.6
589,-0.016,34.6,-0.016,34.6,-0.016,34.6,-0.016,34.6
589.5,-0.016,34.6,-0.017,34.6,-0.017,34.6,-0.014,34.6
590,-0.016,34.6,-0.017,34.6,-0.017,34.6,-0.016,34.6
590.5,-0.016,34.6,-0.016,34.6,-0.015,34.6,-0.015,34.6
591,-0.016,34.6,-0.014,34.6,-0.016,34.6,-0.016,34.6
591.5,-0.016,34.6,-0.015,34.6,-0.016,34.6,-0.015,34.6
592,-0.016,34.6,-0.015,34.6,-0.016,34.6,-0.016,34.6
592.5,-0.016,34.6,-0.016,34.6,-0.016,34.6,-0.017,34.5
593,-0.016,34.6,-0.016,34.6,-0.016,34.6,-0.017,34.6
593.5,-0.017,34.6,-0.017,34.6,-0.014,34.6,-0.016,34.6
594,-0.017,34.6,-0.016,34.6,-0.018,34.7,-0.016,34.6
594.5,-0.017,34.6,-0.016,34.6,-0.018,34.6,-0.015,34.6
595,-0.016,34.6,-0.017,34.6,-0.017,34.6,-0.014,34.6
595.5,-0.016,34.6,-0.017,34.6,-0.016,34.6,-0.014,34.6
596,-0.016,34.6,-0.016,34.6,-0.016,34.6,-0.014,34.6
596.5,-0.016,34.6,-0.016,34.6,-0.015,34.6,-0.014,34.6
597,-0.017,34.6,-0.016,34.6,-0.017,34.7,-0.015,34.6
597.5,-0.016,34.6,-0.018,34.7,-0.016,34.6,-0.017,34.6
598,-0.016,34.6,-0.016,34.6,-0.017,34.6,-0.017,34.6
598.5,-0.017,34.6,-0.017,34.6,-0.017,34.7,-0.016,34.6
599,-0.016,34.6,-0.017,34.6,-0.015,34.6,-0.015,34.6
599.5,-0.016,34.6,-0.016,34.6,-0.018,34.6,-0.017,34.6
600,-0.016,34.6,-0.017,34.6,-0.018,34.6,-0.016,34.6
600.5,-0.016,34.6,-0.017,34.6,-0.016,34.6,-0.016,34.6
601,-0.017,34.6,-0.016,34.6,-0.016,34.6,-0.017,34.6
601.5,-0.016,34.6,-0.016,34.6,-0.016,34.6,-0.017,34.6
602,-0.016,34.6,-0.018,34.6,-0.016,34.6,-0.015,34.6
602.5,-0.017,34.6,-0.016,34.6,-0.016,34.6,-0.017,34.6
603,-0.017,34.6,-0.017,34.6,-0.017,34.6,-0.017,34.6
603.5,-0.018,34.6,-0.016,34.6,-0.016,34.6,-0.017,34.6
604,-0.017,34.6,-0.018,34.6,-0.018,34.6,-0.018,34.6
604.5,-0.017,34.6,-0.017,34.6,-0.018,34.6,-0.017,34.6
605,-0.017,34.6,-0.016,34.6,-0.018,34.7,-0.016,34.6
605.5,-0.017,34.6,-0.018,34.6,-0.016,34.7,-0.018,34.6
606,-0.017,34.7,-0.017,34.6,-0.018,34.7,-0.016,34.6
606.5,-0.017,34.7,-0.017,34.7,-0.018,34.7,-0.019,34.7
607,-0.017,34.6,-0.017,34.6,-0.015,34.7,-0.017,34.6
607.5,-0.018,34.7,-0.019,34.7,-0.016,34.7,-0.016,34.7
608,-0.018,34.7,-0.018,34.7,-0.015,34.7,-0.015,34.7
608.5,-0.018,34.7,-0.017,34.7,-0.019,34.7,-0.017,34.6
609,-0.018,34.7,-0.018,34.7,-0.017,34.7,-0.018,34.7
609.5,-0.018,34.7,-0.017,34.7,-0.016,34.7,-0.017,34.7
610,-0.018,34.7,-0.018,34.7,-0.019,34.7,-0.017,34.7
610.5,-0.018,34.7,-0.017,34.7,-0.018,34.8,-0.017,34.7
611,-0.018,34.7,-0.018,34.7,-0.017,34.7,-0.018,34.7
611.5,-0.018,34.7,-0.017,34.7,-0.015,34.7,-0.018,34.7
612,-0.018,34.7,-0.018,34.7,-0.015,34.7,-0.017,34.7
612.5,-0.018,34.7,-0.017,34.7,-0.017,34.7,-0.016,34.7
613,-0.018,34.7,-0.018,34.7,-0.018,34.7,-0.017,34.7
613.5,-0.018,34.7,-0.018,34.7,-0.019,34.7,-0.018,34.7
614,-0.018,34.7,-0.017,34.7,-0.016,34.7,-0.018,34.8
614.5,-0.018,34.8,-0.018,34.8,-0.019,34.8,-0.017,34.7
615,-0.018,34.7,-0.017,34.7,-0.02,34.8,-0.017,34.7
615.5,-0.018,34.8,-0.018,34.8,-0.018,34.8,-0.016,34.7
616,-0.018,34.8,-0.018,34.8,-0.018,34.8,-0.017,34.8
616.5,-0.018,34.8,-0.016,34.8,-0.018,34.8,-0.016,34.8
617,-0.018,34.8,-0.017,34.8,-0.018,34.8,-0.016,34.8
617.5,-0.018,34.8,-0.018,34.8,-0.017,34.8,-0.017,34.8
618,-0.018,34.8,-0.018,34.8,-0.017,34.8,-0.018,34.8
618.5,-0.018,34.8,-0.017,34.8,-0.018,34.8,-0.017,34.8
619,-0.018,34.8,-0.017,34.8,-0.018,34.8,-0.017,34.8
619.5,-0.018,34.8,-0.017,34.8,-0.018,34.8,-0.016,34.8
620,-0.018,34.8,-0.017,34.8,-0.018,34.8,-0.018,34.8
620.5,-0.018,34.8,-0.017,34.8,-0.017,34.8,-0.019,34.8
621,-0.018,34.8,-0.018,34.9,-0.018,34.8,-0.018,34.8
621.5,-0.018,34.8,-0.017,34.8,-0.019,34.8,-0.018,34.8
622,-0.02,34.8,-0.019,34.8,-0.02,34.7,-0.018,34.8
622.5,-0.026,34.8,-0.027,34.8,-0.025,34.8,-0.025,34.8
623,-0.028,34.8,-0.026,34.9,-0.027,34.8,-0.028,34.9
623.5,-0.022,34.8,-0.023,34.8,-0.022,34.8,-0.022,34.8
624,-0.021,34.8,-0.021,34.8,-0.02,34.8,-0.02,34.8
624.5,-0.02,34.8,-0.02,34.8,-0.019,34.8,-0.02,34.8
625,-0.02,34.8,-0.019,34.8,-0.02,34.8,-0.019,34.8
625.5,-0.02,34.8,-0.02,34.8,-0.019,34.8,-0.018,34.8
626,-0.02,34.8,-0.019,34.8,-0.019,34.8,-0.019,34.8
626.5,-0.02,34.9,-0.019,34.8,-0.019,34.8,-0.018,34.9
627,-0.02,34.8,-0.02,34.8,-0.019,34.8,-0.018,34.8
627.5,-0.02,34.9,-0.017,34.9,-0.019,34.8,-0.02,34.9
628,-0.019,34.9,-0.018,34.9,-0.019,34.9,-0.02,34.8
628.5,-0.019,34.9,-0.018,34.9,-0.02,34.8,-0.018,34.9
629,-0.018,34.9,-0.019,34.9,-0.019,34.9,-0.019,34.9
629.5,-0.018,34.9,-0.018,34.9,-0.018,34.9,-0.019,34.9
630,-0.019,34.9,-0.018,34.9,-0.018,34.9,-0.018,34.9
630.5,-0.019,34.9,-0.018,34.9,-0.019,34.9,-0.019,34.9
631,-0.02,34.9,-0.019,34.9,-0.018,34.9,-0.02,34.9
631.5,-0.02,34.9,-0.019,34.9,-0.019,34.9,-0.02,34.9
632,-0.02,34.9,-0.02,34.9,-0.02,34.9,-0.019,34.9
632.5,-0.02,35,-0.019,34.9,-0.019,34.9,-0.019,35
633,-0.02,35,-0.02,34.9,-0.019,35,-0.019,35
633.5,-0.02,35,-0.019,35,-0.02,35,-0.018,35
634,-0.02,35,-0.02,35,-0.019,35,-0.02,34.9
634.5,-0.02,35,-0.02,35,-0.019,35,-0.019,35
635,-0.02,35,-0.02,35,-0.021,34.9,-0.019,35
635.5,-0.02,35,-0.019,35,-0.019,35,-0.021,35
636,-0.02,35,-0.019,35,-0.018,35,-0.018,35
636.5,-0.02,35,-0.019,35,-0.018,35,-0.02,35
637,-0.018,35,-0.02,35,-0.018,35,-0.018,35
637.5,-0.019,35,-0.019,35,-0.018,35,-0.021,35
638,-0.019,35,-0.017,35,-0.019,35,-0.021,35
638.5,-0.019,35,-0.018,35,-0.018,35,-0.02,35.1
639,-0.019,35,-0.018,35,-0.017,35,-0.018,35
639.5,-0.019,35,-0.019,35,-0.017,35,-0.02,35
640,-0.018,35,-0.019,35,-0.017,35,-0.019,35
640.5,-0.019,35,-0.017,35,-0.018,35,-0.018,35
641,-0.019,35,-0.017,35,-0.018,35,-0.019,35.1
641.5,-0.019,35,-0.019,35.1,-0.018,35,-0.02,35
642,-0.018,35.1,-0.019,35,-0.018,35.1,-0.02,35
642.5,-0.018,35.1,-0.02,35.1,-0.019,35.1,-0.017,35
643,-0.018,35.1,-0.018,35.1,-0.019,35.1,-0.018,35.1
643.5,-0.018,35.1,-0.019,35.1,-0.018,35.1,-0.017,35.1
644,-0.018,35.1,-0.018,35,-0.018,35.1,-0.017,35.1
644.5,-0.018,35.1,-0.018,35.1,-0.018,35.1,-0.016,35
645,-0.016,35.1,-0.016,35.1,-0.018,35.1,-0.017,35.1
645.5,-0.016,35.1,-0.016,35.1,-0.016,35.1,-0.02,35.1
646,-0.016,35.1,-0.016,35.1,-0.016,35.1,-0.018,35.1
646.5,-0.016,35.1,-0.014,35.1,-0.016,35.1,-0.017,35.1
647,-0.016,35.1,-0.015,35.1,-0.014,35.1,-0.016,35.1
647.5,-0.016,35.1,-0.014,35.1,-0.014,35.1,-0.015,35.1
648,-0.016,35.1,-0.014,35.1,-0.014,35.1,-0.014,35.1
648.5,-0.016,35.1,-0.016,35.1,-0.015,35.1,-0.017,35.1
649,-0.016,35.1,-0.015,35.1,-0.015,35.1,-0.014,35.1
649.5,-0.015,35.1,-0.015,35,-0.016,35,-0.014,35.1
650,-0.015,35,-0.014,35,-0.014,35.1,-0.014,35.1
650.5,-0.015,35,-0.015,35,-0.015,35,-0.015,35.1
651,-0.015,35,-0.014,35,-0.016,35,-0.015,35.1
651.5,-0.016,35,-0.015,35,-0.016,35,-0.016,35
652,-0.016,35,-0.016,35,-0.015,35,-0.015,35.1
652.5,-0.016,35,-0.016,35,-0.015,35,-0.016,35
653,-0.016,35,-0.014,35,-0.015,35,-0.016,35
653.5,-0.016,35,-0.016,34.9,-0.015,35,-0.017,34.9
654,-0.016,35,-0.016,35,-0.017,35,-0.014,35
654.5,-0.016,34.9,-0.014,34.9,-0.016,35,-0.017,35
655,-0.017,34.9,-0.016,34.9,-0.016,35,-0.017,35
655.5,-0.016,34.9,-0.016,34.9,-0.016,34.9,-0.018,35
656,-0.016,34.9,-0.016,35,-0.016,35,-0.016,35
656.5,-0.016,34.9,-0.015,35,-0.015,35,-0.016,34.9
657,-0.016,34.9,-0.015,34.9,-0.014,34.9,-0.015,34.9
657.5,-0.016,34.9,-0.016,34.9,-0.015,34.9,-0.015,34.9
658,-0.016,34.9,-0.016,35,-0.014,34.9,-0.014,34.9
658.5,-0.016,34.9,-0.016,34.9,-0.016,34.9,-0.015,34.9
659,-0.016,34.9,-0.016,34.9,-0.015,34.9,-0.016,34.9
659.5,-0.016,34.9,-0.016,34.9,-0.015,34.9,-0.015,34.9
660,-0.016,34.9,-0.016,34.9,-0.014,34.9,-0.014,34.9
660.5,-0.016,34.9,-0.015,34.9,-0.016,34.9,-0.015,34.9
661,-0.016,34.9,-0.014,34.9,-0.017,34.9,-0.016,34.9
661.5,-0.016,34.9,-0.017,34.9,-0.013,34.9,-0.016,34.9
662,-0.016,34.9,-0.016,34.9,-0.014,34.9,-0.014,34.9
662.5,-0.016,34.9,-0.015,34.9,-0.016,34.9,-0.016,34.9
663,-0.016,34.8,-0.015,34.9,-0.016,34.9,-0.015,34.9
663.5,-0.016,34.9,-0.016,34.9,-0.016,34.9,-0.017,34.9
664,-0.017,34.9,-0.018,34.9,-0.015,34.8,-0.015,34.9
664.5,-0.016,34.9,-0.016,34.9,-0.014,34.9,-0.016,34.9
665,-0.016,34.8,-0.015,34.8,-0.014,34.8,-0.016,34.9
665.5,-0.016,34.9,-0.015,34.8,-0.014,34.8,-0.017,34.9
666,-0.016,34.9,-0.016,34.9,-0.014,34.9,-0.016,34.9
666.5,-0.016,34.9,-0.016,34.9,-0.014,34.9,-0.016,34.9
667,-0.016,34.8,-0.016,34.9,-0.016,34.8,-0.016,34.8
667.5,-0.016,34.8,-0.015,34.8,-0.017,34.8,-0.018,34.8
668,-0.016,34.8,-0.017,34.8,-0.018,34.8,-0.016,34.8
668.5,-0.016,34.8,-0.016,34.8,-0.018,34.9,-0.016,34.9
669,-0.016,34.8,-0.016,34.8,-0.016,34.8,-0.016,34.8
669.5,-0.016,34.8,-0.014,34.9,-0.017,34.8,-0.017,34.8
670,-0.016,34.8,-0.017,34.8,-0.017,34.8,-0.014,34.8
670.5,-0.016,34.8,-0.017,34.8,-0.013,34.8,-0.016,34.9
671,-0.016,34.8,-0.016,34.8,-0.014,34.8,-0.016,34.9
671.5,-0.016,34.8,-0.015,34.8,-0.016,34.8,-0.016,34.8
672,-0.016,34.8,-0.015,34.8,-0.016,34.8,-0.017,34.8
672.5,-0.016,34.8,-0.018,34.8,-0.016,34.8,-0.016,34.8
673,-0.016,34.8,-0.017,34.8,-0.015,34.8,-0.016,34.8
673.5,-0.017,34.8,-0.017,34.8,-0.017,34.8,-0.015,34.8
674,-0.016,34.8,-0.017,34.8,-0.015,34.8,-0.017,34.8
674.5,-0.016,34.8,-0.016,34.8,-0.017,34.8,-0.015,34.8
675,-0.016,34.8,-0.016,34.8,-0.016,34.8,-0.016,34.8
675.5,-0.016,34.8,-0.016,34.8,-0.018,34.8,-0.015,34.8
676,-0.016,34.8,-0.017,34.8,-0.017,34.7,-0.014,34.8
676.5,-0.016,34.8,-0.017,34.8,-0.014,34.8,-0.017,34.8
677,-0.016,34.8,-0.016,34.8,-0.016,34.8,-0.017,34.8
677.5,-0.016,34.8,-0.016,34.8,-0.017,34.8,-0.017,34.8
678,-0.016,34.8,-0.016,34.8,-0.016,34.8,-0.016,34.8
678.5,-0.016,34.8,-0.016,34.8,-0.016,34.8,-0.015,34.8
679,-0.016,34.8,-0.016,34.8,-0.017,34.8,-0.015,34.8
679.5,-0.016,34.8,-0.016,34.7,-0.016,34.7,-0.016,34.8
680,-0.016,34.8,-0.015,34.8,-0.017,34.7,-0.017,34.8
680.5,-0.016,34.8,-0.016,34.8,-0.016,34.8,-0.015,34.7
681,-0.016,34.8,-0.016,34.8,-0.018,34.8,-0.015,34.8
681.5,-0.016,34.8,-0.016,34.7,-0.017,34.8,-0.016,34.8
682,-0.016,34.8,-0.017,34.8,-0.016,34.8,-0.016,34.7
682.5,-0.016,34.8,-0.016,34.8,-0.017,34.8,-0.016,34.8
683,-0.016,34.7,-0.017,34.7,-0.016,34.7,-0.017,34.7
683.5,-0.017,34.7,-0.017,34.7,-0.018,34.8,-0.017,34.7
684,-0.016,34.8,-0.017,34.7,-0.016,34.7,-0.016,34.7
684.5,-0.016,34.7,-0.017,34.7,-0.016,34.8,-0.016,34.7
685,-0.016,34.8,-0.016,34.8,-0.015,34.8,-0.016,34.7
685.5,-0.016,34.8,-0.016,34.8,-0.015,34.8,-0.015,34.8
686,-0.016,34.7,-0.016,34.8,-0.015,34.8,-0.016,34.8
686.5,-0.016,34.7,-0.016,34.7,-0.015,34.7,-0.017,34.8
687,-0.016,34.7,-0.016,34.7,-0.015,34.7,-0.016,34.7
687.5,-0.016,34.7,-0.017,34.7,-0.017,34.7,-0.016,34.7
688,-0.016,34.7,-0.016,34.7,-0.016,34.7,-0.014,34.7
688.5,-0.016,34.7,-0.017,34.7,-0.016,34.7,-0.015,34.7
689,-0.016,34.7,-0.014,34.7,-0.016,34.7,-0.015,34.7
689.5,-0.016,34.7,-0.015,34.7,-0.017,34.7,-0.016,34.7
690,-0.016,34.7,-0.016,34.7,-0.018,34.7,-0.015,34.7
690.5,-0.016,34.7,-0.017,34.7,-0.017,34.7,-0.016,34.7
691,-0.016,34.7,-0.017,34.7,-0.016,34.7,-0.017,34.7
691.5,-0.016,34.7,-0.016,34.7,-0.016,34.7,-0.016,34.7
692,-0.016,34.7,-0.017,34.7,-0.018,34.7,-0.016,34.7
692.5,-0.016,34.7,-0.017,34.7,-0.017,34.7,-0.018,34.7
693,-0.017,34.7,-0.016,34.7,-0.017,34.7,-0.018,34.7
693.5,-0.016,34.7,-0.016,34.7,-0.017,34.7,-0.017,34.7
694,-0.016,34.7,-0.016,34.7,-0.015,34.7,-0.017,34.7
694.5,-0.016,34.7,-0.017,34.6,-0.015,34.6,-0.017,34.7
695,-0.016,34.7,-0.015,34.7,-0.015,34.6,-0.017,34.7
695.5,-0.016,34.7,-0.016,34.7,-0.015,34.7,-0.017,34.7
696,-0.016,34.7,-0.015,34.7,-0.014,34.7,-0.016,34.7
696.5,-0.016,34.7,-0.016,34.7,-0.014,34.7,-0.016,34.7
697,-0.017,34.7,-0.017,34.7,-0.016,34.7,-0.017,34.7
697.5,-0.016,34.7,-0.017,34.6,-0.018,34.7,-0.017,34.7
698,-0.016,34.7,-0.017,34.7,-0.016,34.7,-0.017,34.6
698.5,-0.016,34.7,-0.016,34.7,-0.017,34.7,-0.018,34.7
699,-0.016,34.7,-0.016,34.7,-0.016,34.7,-0.017,34.7
699.5,-0.016,34.7,-0.017,34.7,-0.017,34.7,-0.015,34.7
700,-0.016,34.7,-0.016,34.7,-0.017,34.7,-0.016,34.6
700.5,-0.016,34.7,-0.015,34.6,-0.018,34.7,-0.016,34.6
701,-0.016,34.7,-0.016,34.7,-0.018,34.7,-0.018,34.7
701.5,-0.017,34.6,-0.017,34.6,-0.018,34.7,-0.017,34.7
702,-0.018,34.7,-0.017,34.7,-0.016,34.7,-0.017,34.7
702.5,-0.017,34.7,-0.017,34.7,-0.018,34.6,-0.016,34.7
703,-0.016,34.7,-0.015,34.7,-0.018,34.7,-0.014,34.6
703.5,-0.016,34.7,-0.015,34.7,-0.017,34.7,-0.015,34.7
704,-0.016,34.7,-0.017,34.7,-0.015,34.7,-0.016,34.7
704.5,-0.016,34.7,-0.016,34.7,-0.015,34.7,-0.017,34.7
705,-0.016,34.7,-0.015,34.7,-0.017,34.7,-0.014,34.6
705.5,-0.016,34.7,-0.017,34.7,-0.018,34.7,-0.016,34.7
706,-0.016,34.7,-0.015,34.6,-0.016,34.6,-0.016,34.7
706.5,-0.016,34.7,-0.015,34.6,-0.016,34.7,-0.015,34.7
707,-0.016,34.7,-0.016,34.7,-0.015,34.6,-0.016,34.7
707.5,-0.016,34.7,-0.017,34.7,-0.016,34.7,-0.017,34.7
708,-0.016,34.7,-0.015,34.6,-0.017,34.7,-0.016,34.6
708.5,-0.016,34.6,-0.017,34.6,-0.016,34.6,-0.017,34.6
709,-0.016,34.6,-0.016,34.7,-0.018,34.7,-0.015,34.6
709.5,-0.016,34.7,-0.016,34.7,-0.018,34.7,-0.015,34.7
710,-0.016,34.7,-0.016,34.7,-0.018,34.7,-0.017,34.7
710.5,-0.017,34.6,-0.017,34.6,-0.016,34.6,-0.016,34.6
711,-0.017,34.6,-0.017,34.6,-0.016,34.6,-0.015,34.6
711.5,-0.018,34.6,-0.017,34.6,-0.016,34.7,-0.018,34.6
712,-0.017,34.6,-0.016,34.7,-0.018,34.6,-0.017,34.6
712.5,-0.016,34.7,-0.017,34.7,-0.017,34.7,-0.016,34.7
713,-0.017,34.7,-0.016,34.6,-0.016,34.6,-0.017,34.7
713.5,-0.016,34.6,-0.015,34.7,-0.017,34.6,-0.016,34.6
714,-0.017,34.7,-0.016,34.6,-0.018,34.7,-0.016,34.7
714.5,-0.018,34.6,-0.017,34.6,-0.017,34.6,-0.017,34.6
715,-0.017,34.7,-0.017,34.7,-0.017,34.7,-0.018,34.6
715.5,-0.017,34.7,-0.016,34.7,-0.017,34.7,-0.018,34.6
716,-0.018,34.6,-0.015,34.7,-0.017,34.7,-0.018,34.7
716.5,-0.017,34.7,-0.016,34.7,-0.017,34.7,-0.016,34.6
717,-0.017,34.7,-0.018,34.7,-0.017,34.7,-0.019,34.7
717.5,-0.017,34.7,-0.017,34.7,-0.018,34.7,-0.017,34.7
718,-0.017,34.7,-0.017,34.7,-0.016,34.7,-0.017,34.6
718.5,-0.018,34.7,-0.017,34.7,-0.016,34.7,-0.018,34.7
719,-0.018,34.7,-0.017,34.6,-0.017,34.7,-0.017,34.7
719.5,-0.018,34.7,-0.016,34.7,-0.016,34.7,-0.017,34.7
720,-0.018,34.7,-0.018,34.7,-0.017,34.7,-0.017,34.7
720.5,-0.018,34.7,-0.017,34.7,-0.018,34.7,-0.017,34.7
721,-0.018,34.7,-0.018,34.7,-0.019,34.7,-0.017,34.7
721.5,-0.018,34.7,-0.018,34.7,-0.017,34.7,-0.018,34.7
722,-0.018,34.7,-0.018,34.7,-0.016,34.7,-0.018,34.6
722.5,-0.018,34.7,-0.018,34.7,-0.015,34.7,-0.015,34.7
723,-0.018,34.7,-0.017,34.7,-0.016,34.7,-0.014,34.7
723.5,-0.018,34.7,-0.018,34.7,-0.015,34.7,-0.017,34.7
724,-0.018,34.7,-0.018,34.7,-0.016,34.7,-0.016,34.7
724.5,-0.018,34.7,-0.017,34.7,-0.015,34.7,-0.016,34.7
725,-0.018,34.7,-0.018,34.7,-0.018,34.7,-0.017,34.7
725.5,-0.018,34.7,-0.018,34.7,-0.017,34.7,-0.018,34.7
726,-0.018,34.7,-0.018,34.7,-0.018,34.7,-0.018,34.7
726.5,-0.018,34.7,-0.018,34.7,-0.017,34.7,-0.018,34.7
727,-0.018,34.7,-0.017,34.7,-0.018,34.7,-0.016,34.7
727.5,-0.018,34.7,-0.018,34.7,-0.018,34.7,-0.016,34.7
728,-0.018,34.7,-0.018,34.7,-0.019,34.7,-0.016,34.7
728.5,-0.018,34.7,-0.019,34.7,-0.016,34.8,-0.017,34.7
729,-0.018,34.7,-0.017,34.7,-0.016,34.7,-0.018,34.7
729.5,-0.018,34.7,-0.017,34.8,-0.016,34.7,-0.018,34.7
730,-0.018,34.7,-0.018,34.7,-0.017,34.7,-0.018,34.7
730.5,-0.018,34.8,-0.019,34.8,-0.017,34.7,-0.018,34.7
731,-0.018,34.8,-0.019,34.8,-0.018,34.7,-0.019,34.7
731.5,-0.02,34.7,-0.019,34.7,-0.018,34.7,-0.02,34.8
732,-0.027,34.7,-0.028,34.7,-0.022,34.8,-0.026,34.8
732.5,-0.027,34.8,-0.026,34.8,-0.027,34.7,-0.028,34.8
733,-0.022,34.8,-0.023,34.7,-0.023,34.8,-0.022,34.8
733.5,-0.021,34.7,-0.02,34.7,-0.02,34.7,-0.021,34.8
734,-0.02,34.7,-0.02,34.7,-0.02,34.7,-0.021,34.7
734.5,-0.02,34.7,-0.02,34.7,-0.02,34.7,-0.02,34.6
735,-0.02,34.7,-0.02,34.7,-0.02,34.7,-0.02,34.7
735.5,-0.02,34.7,-0.019,34.7,-0.018,34.6,-0.02,34.7
736,-0.02,34.7,-0.02,34.7,-0.018,34.7,-0.02,34.7
736.5,-0.02,34.7,-0.02,34.7,-0.02,34.7,-0.02,34.7
737,-0.02,34.7,-0.019,34.7,-0.019,34.7,-0.019,34.7
737.5,-0.019,34.7,-0.019,34.7,-0.018,34.7,-0.019,34.7
738,-0.018,34.7,-0.018,34.8,-0.019,34.7,-0.019,34.7
738.5,-0.018,34.8,-0.018,34.8,-0.018,34.7,-0.017,34.8
739,-0.018,34.8,-0.018,34.8,-0.018,34.7,-0.017,34.7
739.5,-0.018,34.8,-0.018,34.8,-0.017,34.8,-0.018,34.8
740,-0.018,34.8,-0.017,34.8,-0.018,34.8,-0.018,34.8
740.5,-0.018,34.8,-0.019,34.8,-0.018,34.8,-0.02,34.8
741,-0.019,34.8,-0.02,34.8,-0.018,34.8,-0.02,34.8
741.5,-0.02,34.8,-0.019,34.8,-0.02,34.8,-0.019,34.8
742,-0.02,34.8,-0.019,34.8,-0.019,34.8,-0.02,34.8
742.5,-0.02,34.8,-0.019,34.8,-0.019,34.8,-0.017,34.8
743,-0.02,34.8,-0.019,34.8,-0.018,34.8,-0.018,34.8
743.5,-0.02,34.8,-0.02,34.8,-0.019,34.8,-0.02,34.9
744,-0.02,34.8,-0.021,34.8,-0.021,34.9,-0.019,34.8
744.5,-0.02,34.8,-0.019,34.8,-0.02,34.9,-0.02,34.8
745,-0.02,34.8,-0.019,34.8,-0.02,34.9,-0.02,34.8
745.5,-0.02,34.8,-0.021,34.8,-0.019,34.8,-0.019,34.8
746,-0.019,34.8,-0.018,34.8,-0.018,34.8,-0.019,34.8
746.5,-0.019,34.8,-0.019,34.8,-0.018,34.8,-0.017,34.8
747,-0.018,34.8,-0.02,34.8,-0.017,34.8,-0.018,34.8
747.5,-0.018,34.8,-0.018,34.8,-0.016,34.8,-0.018,34.8
748,-0.018,34.8,-0.017,34.8,-0.018,34.8,-0.017,34.8
748.5,-0.018,34.8,-0.018,34.9,-0.017,34.8,-0.017,34.8
749,-0.018,34.8,-0.018,34.9,-0.018,34.8,-0.018,34.8
749.5,-0.018,34.8,-0.019,34.8,-0.016,34.8,-0.019,34.8
750,-0.018,34.8,-0.018,34.8,-0.017,34.9,-0.02,34.8
750.5,-0.018,34.8,-0.017,34.8,-0.017,34.8,-0.018,34.8
751,-0.018,34.8,-0.018,34.8,-0.017,34.8,-0.019,34.9
751.5,-0.018,34.9,-0.018,34.9,-0.018,34.9,-0.019,34.8
752,-0.018,34.8,-0.017,34.8,-0.018,34.8,-0.017,34.9
752.5,-0.018,34.9,-0.018,34.8,-0.018,34.8,-0.017,34.9
753,-0.018,34.9,-0.018,34.8,-0.018,34.9,-0.018,34.9
753.5,-0.018,34.9,-0.017,34.9,-0.016,34.9,-0.018,34.9
754,-0.017,34.9,-0.016,34.9,-0.016,34.9,-0.016,34.9
754.5,-0.017,34.9,-0.017,34.9,-0.017,34.9,-0.017,34.8
755,-0.016,34.9,-0.016,34.8,-0.016,34.9,-0.016,34.8
755.5,-0.016,34.9,-0.017,34.9,-0.016,34.9,-0.017,34.8
756,-0.016,34.8,-0.015,34.8,-0.017,34.8,-0.017,34.9
756.5,-0.016,34.9,-0.017,34.9,-0.016,34.9,-0.017,34.9
757,-0.016,34.8,-0.016,34.9,-0.017,34.8,-0.016,34.8
757.5,-0.016,34.8,-0.016,34.8,-0.017,34.8,-0.016,34.8
758,-0.016,34.8,-0.015,34.8,-0.016,34.8,-0.015,34.8
758.5,-0.016,34.8,-0.016,34.8,-0.016,34.8,-0.015,34.9
759,-0.016,34.8,-0.014,34.8,-0.016,34.8,-0.016,34.8
759.5,-0.016,34.8,-0.016,34.8,-0.016,34.8,-0.017,34.8
760,-0.016,34.8,-0.016,34.8,-0.018,34.8,-0.013,34.8
760.5,-0.016,34.7,-0.015,34.8,-0.017,34.7,-0.014,34.8
761,-0.016,34.8,-0.015,34.8,-0.015,34.7,-0.016,34.7
761.5,-0.016,34.7,-0.016,34.7,-0.016,34.7,-0.016,34.7
762,-0.016,34.7,-0.015,34.7,-0.016,34.7,-0.015,34.7
762.5,-0.016,34.7,-0.015,34.7,-0.017,34.7,-0.016,34.7
763,-0.016,34.7,-0.015,34.7,-0.016,34.7,-0.017,34.7
763.5,-0.016,34.7,-0.016,34.7,-0.016,34.7,-0.017,34.7
764,-0.016,34.7,-0.016,34.7,-0.016,34.7,-0.016,34.7
764.5,-0.016,34.7,-0.015,34.7,-0.016,34.7,-0.016,34.7
765,-0.016,34.7,-0.015,34.7,-0.016,34.7,-0.016,34.7
765.5,-0.016,34.7,-0.017,34.7,-0.017,34.7,-0.016,34.7
766,-0.016,34.7,-0.016,34.7,-0.016,34.7,-0.016,34.7
766.5,-0.016,34.6,-0.016,34.6,-0.016,34.6,-0.017,34.7
767,-0.016,34.6,-0.016,34.6,-0.016,34.6,-0.016,34.6
767.5,-0.016,34.7,-0.015,34.7,-0.017,34.6,-0.016,34.6
768,-0.016,34.6,-0.015,34.6,-0.016,34.6,-0.017,34.6
768.5,-0.016,34.6,-0.015,34.6,-0.016,34.6,-0.012,34.6
769,-0.016,34.6,-0.016,34.6,-0.016,34.6,-0.016,34.6
769.5,-0.016,34.6,-0.017,34.6,-0.017,34.6,-0.016,34.6
770,-0.016,34.6,-0.015,34.6,-0.017,34.6,-0.016,34.6
770.5,-0.016,34.6,-0.016,34.6,-0.017,34.6,-0.016,34.6
771,-0.016,34.5,-0.016,34.5,-0.016,34.6,-0.015,34.6
771.5,-0.016,34.6,-0.015,34.6,-0.016,34.6,-0.015,34.5
772,-0.016,34.6,-0.017,34.5,-0.017,34.6,-0.016,34.5
772.5,-0.016,34.6,-0.017,34.5,-0.015,34.6,-0.017,34.6
773,-0.016,34.5,-0.015,34.5,-0.015,34.5,-0.016,34.5
773.5,-0.016,34.5,-0.016,34.6,-0.016,34.5,-0.015,34.5
774,-0.016,34.5,-0.015,34.5,-0.015,34.6,-0.014,34.5
774.5,-0.016,34.5,-0.015,34.5,-0.017,34.5,-0.014,34.5
775,-0.016,34.5,-0.016,34.5,-0.015,34.5,-0.016,34.5
775.5,-0.016,34.5,-0.016,34.5,-0.017,34.5,-0.016,34.5
776,-0.016,34.5,-0.015,34.5,-0.018,34.5,-0.015,34.5
776.5,-0.016,34.5,-0.016,34.5,-0.016,34.5,-0.016,34.5
777,-0.016,34.5,-0.015,34.5,-0.015,34.5,-0.016,34.5
777.5,-0.016,34.5,-0.016,34.5,-0.015,34.5,-0.016,34.5
778,-0.016,34.5,-0.015,34.5,-0.016,34.5,-0.017,34.5
778.5,-0.016,34.5,-0.015,34.5,-0.016,34.5,-0.016,34.5
779,-0.016,34.5,-0.015,34.5,-0.014,34.5,-0.015,34.5
779.5,-0.016,34.5,-0.015,34.5,-0.016,34.4,-0.016,34.5
780,-0.016,34.5,-0.016,34.5,-0.015,34.5,-0.017,34.5
780.5,-0.016,34.4,-0.016,34.4,-0.018,34.5,-0.017,34.4
781,-0.016,34.5,-0.015,34.4,-0.016,34.4,-0.018,34.5
781.5,-0.016,34.5,-0.017,34.5,-0.018,34.5,-0.017,34.4
782,-0.016,34.5,-0.017,34.4,-0.017,34.4,-0.016,34.5
782.5,-0.016,34.5,-0.016,34.5,-0.015,34.4,-0.017,34.5
783,-0.016,34.5,-0.016,34.5,-0.017,34.5,-0.015,34.5
783.5,-0.016,34.4,-0.017,34.5,-0.016,34.5,-0.015,34.5
784,-0.016,34.4,-0.014,34.4,-0.016,34.4,-0.015,34.4
784.5,-0.016,34.4,-0.016,34.4,-0.016,34.4,-0.016,34.4
785,-0.016,34.4,-0.016,34.4,-0.015,34.4,-0.017,34.4
785.5,-0.016,34.4,-0.014,34.4,-0.017,34.4,-0.017,34.4
786,-0.016,34.4,-0.015,34.4,-0.016,34.4,-0.015,34.4
786.5,-0.016,34.4,-0.017,34.4,-0.017,34.4,-0.017,34.4
787,-0.016,34.4,-0.015,34.4,-0.015,34.4,-0.016,34.4
787.5,-0.016,34.4,-0.015,34.4,-0.015,34.4,-0.016,34.4
788,-0.016,34.4,-0.014,34.4,-0.014,34.4,-0.016,34.4
788.5,-0.016,34.4,-0.014,34.4,-0.016,34.4,-0.016,34.4
789,-0.016,34.4,-0.016,34.4,-0.015,34.4,-0.015,34.4
789.5,-0.016,34.4,-0.016,34.4,-0.015,34.4,-0.016,34.4
790,-0.016,34.4,-0.015,34.4,-0.014,34.4,-0.016,34.4
790.5,-0.016,34.4,-0.016,34.3,-0.015,34.4,-0.016,34.4
791,-0.016,34.4,-0.017,34.4,-0.015,34.3,-0.017,34.3
791.5,-0.016,34.3,-0.017,34.3,-0.016,34.3,-0.017,34.3
792,-0.016,34.4,-0.016,34.3,-0.016,34.4,-0.017,34.3
792.5,-0.016,34.4,-0.015,34.3,-0.017,34.4,-0.016,34.3
793,-0.016,34.4,-0.016,34.3,-0.016,34.4,-0.015,34.4
793.5,-0.016,34.3,-0.016,34.3,-0.016,34.3,-0.016,34.3
794,-0.016,34.3,-0.016,34.3,-0.016,34.3,-0.015,34.4
794.5,-0.016,34.4,-0.016,34.3,-0.016,34.4,-0.017,34.4
795,-0.016,34.3,-0.016,34.3,-0.016,34.3,-0.016,34.4
795.5,-0.016,34.3,-0.016,34.3,-0.016,34.3,-0.016,34.4
796,-0.016,34.3,-0.016,34.3,-0.015,34.4,-0.015,34.3
796.5,-0.016,34.3,-0.016,34.3,-0.014,34.3,-0.015,34.3
797,-0.016,34.3,-0.016,34.3,-0.016,34.3,-0.014,34.3
797.5,-0.016,34.3,-0.016,34.3,-0.017,34.3,-0.016,34.3
798,-0.016,34.3,-0.016,34.3,-0.017,34.3,-0.015,34.3
798.5,-0.016,34.3,-0.015,34.3,-0.018,34.2,-0.016,34.3
799,-0.016,34.3,-0.016,34.3,-0.016,34.3,-0.017,34.3
799.5,-0.016,34.3,-0.017,34.3,-0.017,34.3,-0.017,34.3
800,-0.016,34.3,-0.017,34.3,-0.016,34.2,-0.016,34.3
800.5,-0.016,34.3,-0.017,34.3,-0.016,34.3,-0.016,34.3
801,-0.016,34.3,-0.016,34.3,-0.016,34.3,-0.015,34.3
801.5,-0.016,34.3,-0.016,34.3,-0.014,34.3,-0.015,34.3
802,-0.016,34.2,-0.015,34.2,-0.015,34.3,-0.014,34.2
802.5,-0.016,34.2,-0.016,34.2,-0.016,34.2,-0.016,34.2
803,-0.016,34.2,-0.017,34.3,-0.016,34.2,-0.018,34.2
803.5,-0.016,34.2,-0.018,34.3,-0.017,34.2,-0.018,34.2
804,-0.016,34.2,-0.016,34.2,-0.016,34.2,-0.017,34.2
804.5,-0.016,34.2,-0.016,34.3,-0.016,34.2,-0.017,34.2
805,-0.016,34.2,-0.015,34.2,-0.017,34.3,-0.016,34.2
805.5,-0.016,34.2,-0.016,34.2,-0.014,34.2,-0.014,34.2
806,-0.016,34.2,-0.016,34.2,-0.016,34.2,-0.014,34.2
806.5,-0.016,34.2,-0.016,34.2,-0.017,34.2,-0.017,34.2
807,-0.016,34.2,-0.017,34.2,-0.016,34.2,-0.017,34.2
807.5,-0.016,34.2,-0.015,34.2,-0.016,34.2,-0.015,34.2
808,-0.016,34.2,-0.017,34.2,-0.017,34.2,-0.016,34.2
808.5,-0.016,34.2,-0.017,34.2,-0.016,34.2,-0.017,34.2
809,-0.016,34.2,-0.017,34.2,-0.018,34.2,-0.016,34.2
809.5,-0.016,34.2,-0.017,34.3,-0.018,34.2,-0.017,34.2
810,-0.017,34.2,-0.017,34.2,-0.017,34.2,-0.017,34.2
810.5,-0.017,34.2,-0.017,34.2,-0.017,34.2,-0.016,34.2
811,-0.016,34.2,-0.017,34.2,-0.016,34.2,-0.015,34.2
811.5,-0.016,34.2,-0.018,34.2,-0.014,34.2,-0.016,34.2
812,-0.016,34.2,-0.017,34.2,-0.012,34.1,-0.015,34.2
812.5,-0.016,34.2,-0.016,34.2,-0.015,34.2,-0.015,34.2
813,-0.016,34.2,-0.017,34.2,-0.016,34.2,-0.016,34.2
813.5,-0.016,34.2,-0.016,34.2,-0.016,34.2,-0.015,34.2
814,-0.016,34.2,-0.016,34.2,-0.016,34.2,-0.016,34.2
814.5,-0.016,34.2,-0.016,34.2,-0.016,34.2,-0.017,34.2
815,-0.016,34.2,-0.017,34.2,-0.016,34.1,-0.017,34.2
815.5,-0.016,34.1,-0.017,34.2,-0.016,34.1,-0.014,34.2
816,-0.016,34.1,-0.015,34.2,-0.016,34.2,-0.018,34.2
816.5,-0.016,34.2,-0.015,34.1,-0.014,34.2,-0.018,34.2
817,-0.016,34.1,-0.015,34.1,-0.015,34.1,-0.016,34.1
817.5,-0.016,34.1,-0.016,34.1,-0.015,34.1,-0.016,34.1
818,-0.016,34.1,-0.016,34.1,-0.014,34.1,-0.016,34.1
818.5,-0.016,34.1,-0.017,34.1,-0.014,34.1,-0.016,34.1
819,-0.017,34.1,-0.017,34.1,-0.014,34.1,-0.016,34.1
819.5,-0.017,34.1,-0.017,34.1,-0.015,34.1,-0.016,34.1
820,-0.018,34.1,-0.018,34.1,-0.018,34.1,-0.016,34.2
820.5,-0.018,34.1,-0.017,34.1,-0.018,34.1,-0.018,34.1
821,-0.018,34.1,-0.018,34.1,-0.019,34.1,-0.017,34.1
821.5,-0.018,34.1,-0.017,34.1,-0.018,34.1,-0.018,34.1
822,-0.018,34.2,-0.017,34.2,-0.017,34.2,-0.019,34.1
822.5,-0.018,34.1,-0.017,34.2,-0.017,34.1,-0.016,34.1
823,-0.018,34.2,-0.017,34.2,-0.016,34.2,-0.018,34.1
823.5,-0.018,34.2,-0.017,34.2,-0.018,34.1,-0.017,34.2
824,-0.018,34.2,-0.017,34.2,-0.017,34.2,-0.016,34.2
824.5,-0.018,34.2,-0.017,34.2,-0.016,34.2,-0.016,34.2
825,-0.017,34.1,-0.016,34.2,-0.016,34.1,-0.016,34.2
825.5,-0.017,34.2,-0.017,34.2,-0.017,34.1,-0.017,34.2
826,-0.018,34.2,-0.018,34.2,-0.017,34.2,-0.018,34.2
826.5,-0.018,34.2,-0.018,34.1,-0.016,34.1,-0.018,34.2
827,-0.018,34.2,-0.017,34.2,-0.016,34.1,-0.017,34.2
827.5,-0.018,34.2,-0.016,34.1,-0.018,34.1,-0.016,34.2
828,-0.018,34.2,-0.016,34.2,-0.015,34.2,-0.017,34.2
828.5,-0.018,34.2,-0.017,34.2,-0.017,34.2,-0.016,34.2
829,-0.018,34.2,-0.018,34.2,-0.018,34.2,-0.02,34.2
829.5,-0.018,34.2,-0.018,34.2,-0.018,34.2,-0.017,34.2
830,-0.018,34.2,-0.017,34.2,-0.016,34.2,-0.017,34.2
830.5,-0.018,34.2,-0.018,34.2,-0.018,34.2,-0.017,34.1
831,-0.018,34.2,-0.018,34.2,-0.018,34.2,-0.018,34.2
831.5,-0.018,34.2,-0.017,34.2,-0.016,34.2,-0.017,34.2
832,-0.018,34.2,-0.016,34.2,-0.017,34.2,-0.017,34.2
832.5,-0.018,34.2,-0.017,34.2,-0.017,34.1,-0.017,34.2
833,-0.018,34.2,-0.018,34.2,-0.017,34.2,-0.018,34.1
833.5,-0.018,34.2,-0.018,34.2,-0.018,34.2,-0.018,34.2
834,-0.018,34.2,-0.017,34.2,-0.018,34.2,-0.018,34.2
834.5,-0.018,34.2,-0.017,34.2,-0.019,34.2,-0.018,34.2
835,-0.018,34.2,-0.017,34.2,-0.017,34.2,-0.015,34.2
835.5,-0.018,34.2,-0.018,34.2,-0.017,34.2,-0.016,34.2
836,-0.018,34.2,-0.016,34.2,-0.017,34.3,-0.016,34.2
836.5,-0.018,34.2,-0.018,34.2,-0.018,34.2,-0.018,34.2
837,-0.018,34.2,-0.018,34.2,-0.018,34.2,-0.017,34.2
837.5,-0.018,34.2,-0.016,34.2,-0.02,34.2,-0.016,34.2
838,-0.018,34.2,-0.017,34.2,-0.02,34.2,-0.017,34.2
838.5,-0.018,34.2,-0.019,34.2,-0.019,34.2,-0.018,34.2
839,-0.018,34.2,-0.019,34.2,-0.019,34.2,-0.016,34.3
839.5,-0.018,34.2,-0.018,34.2,-0.018,34.2,-0.018,34.2
840,-0.018,34.2,-0.017,34.2,-0.02,34.2,-0.019,34.2
840.5,-0.024,34.2,-0.024,34.2,-0.02,34.2,-0.024,34.2
841,-0.03,34.2,-0.03,34.3,-0.023,34.2,-0.03,34.2
841.5,-0.025,34.2,-0.025,34.2,-0.024,34.2,-0.027,34.2
842,-0.021,34.2,-0.02,34.2,-0.021,34.2,-0.022,34.2
842.5,-0.02,34.2,-0.021,34.2,-0.019,34.2,-0.02,34.1
843,-0.02,34.1,-0.019,34.1,-0.02,34.1,-0.021,34.1
843.5,-0.02,34.2,-0.02,34.1,-0.02,34.1,-0.02,34.1
844,-0.02,34.2,-0.019,34.2,-0.02,34.2,-0.019,34.2
844.5,-0.02,34.2,-0.019,34.1,-0.02,34.2,-0.02,34.1
845,-0.02,34.2,-0.02,34.2,-0.02,34.2,-0.02,34.1
845.5,-0.02,34.2,-0.018,34.2,-0.019,34.1,-0.019,34.2
846,-0.019,34.2,-0.019,34.2,-0.019,34.2,-0.02,34.2
846.5,-0.018,34.2,-0.019,34.2,-0.019,34.2,-0.02,34.2
847,-0.018,34.2,-0.018,34.2,-0.019,34.2,-0.02,34.2
847.5,-0.018,34.2,-0.018,34.2,-0.016,34.2,-0.019,34.2
848,-0.018,34.2,-0.019,34.2,-0.016,34.2,-0.018,34.2
848.5,-0.018,34.2,-0.018,34.2,-0.018,34.2,-0.019,34.2
849,-0.019,34.2,-0.018,34.2,-0.02,34.2,-0.019,34.2
849.5,-0.019,34.2,-0.018,34.2,-0.019,34.1,-0.018,34.2
850,-0.019,34.2,-0.019,34.2,-0.019,34.2,-0.018,34.2
850.5,-0.02,34.2,-0.02,34.2,-0.022,34.2,-0.018,34.2
851,-0.02,34.2,-0.02,34.2,-0.022,34.2,-0.019,34.2
851.5,-0.02,34.2,-0.017,34.2,-0.018,34.2,-0.02,34.2
852,-0.02,34.2,-0.019,34.2,-0.017,34.2,-0.02,34.2
852.5,-0.02,34.2,-0.02,34.2,-0.021,34.2,-0.019,34.3
853,-0.02,34.2,-0.02,34.2,-0.019,34.2,-0.02,34.2
853.5,-0.019,34.2,-0.019,34.2,-0.018,34.2,-0.02,34.2
854,-0.02,34.2,-0.019,34.3,-0.019,34.2,-0.018,34.3
854.5,-0.019,34.2,-0.018,34.2,-0.02,34.2,-0.019,34.3
855,-0.019,34.3,-0.018,34.3,-0.019,34.2,-0.019,34.3
855.5,-0.018,34.3,-0.018,34.3,-0.018,34.2,-0.018,34.3
856,-0.018,34.3,-0.018,34.3,-0.02,34.2,-0.018,34.3
856.5,-0.018,34.2,-0.018,34.3,-0.02,34.2,-0.018,34.3
857,-0.018,34.3,-0.019,34.3,-0.018,34.3,-0.018,34.2
857.5,-0.018,34.3,-0.018,34.3,-0.017,34.3,-0.016,34.3
858,-0.018,34.3,-0.018,34.3,-0.015,34.3,-0.017,34.3
858.5,-0.018,34.3,-0.017,34.3,-0.016,34.2,-0.017,34.2
859,-0.018,34.3,-0.017,34.3,-0.018,34.3,-0.018,34.3
859.5,-0.018,34.3,-0.02,34.3,-0.019,34.3,-0.018,34.3
860,-0.018,34.3,-0.019,34.3,-0.02,34.3,-0.019,34.3
860.5,-0.018,34.3,-0.018,34.3,-0.02,34.3,-0.018,34.3
861,-0.018,34.3,-0.018,34.3,-0.02,34.3,-0.018,34.3
861.5,-0.018,34.3,-0.02,34.3,-0.018,34.3,-0.019,34.3
862,-0.018,34.3,-0.019,34.3,-0.019,34.3,-0.019,34.3
862.5,-0.018,34.3,-0.018,34.3,-0.016,34.3,-0.017,34.3
863,-0.018,34.3,-0.016,34.3,-0.017,34.3,-0.018,34.3
863.5,-0.017,34.3,-0.015,34.3,-0.017,34.3,-0.017,34.3
864,-0.017,34.3,-0.017,34.3,-0.015,34.3,-0.018,34.3
864.5,-0.016,34.3,-0.015,34.3,-0.014,34.3,-0.016,34.3
865,-0.016,34.3,-0.015,34.3,-0.015,34.3,-0.015,34.3
865.5,-0.016,34.3,-0.016,34.3,-0.016,34.3,-0.014,34.3
866,-0.016,34.3,-0.015,34.3,-0.014,34.3,-0.016,34.2
866.5,-0.016,34.3,-0.016,34.3,-0.013,34.3,-0.016,34.3
867,-0.016,34.3,-0.015,34.3,-0.014,34.3,-0.016,34.3
867.5,-0.016,34.3,-0.016,34.2,-0.014,34.3,-0.015,34.2
868,-0.016,34.2,-0.015,34.2,-0.015,34.2,-0.015,34.2
868.5,-0.016,34.2,-0.015,34.2,-0.016,34.2,-0.015,34.2
869,-0.016,34.2,-0.015,34.2,-0.016,34.2,-0.015,34.2
869.5,-0.016,34.2,-0.015,34.2,-0.016,34.2,-0.016,34.2
870,-0.016,34.2,-0.016,34.2,-0.016,34.1,-0.016,34.2
870.5,-0.016,34.2,-0.016,34.1,-0.016,34.1,-0.017,34.2
871,-0.016,34.2,-0.016,34.2,-0.016,34.2,-0.016,34.2
871.5,-0.016,34.1,-0.016,34.2,-0.016,34.2,-0.017,34.1
872,-0.016,34.1,-0.017,34.1,-0.016,34.1,-0.016,34.1
872.5,-0.016,34.1,-0.015,34.1,-0.013,34.1,-0.016,34.1
873,-0.016,34.1,-0.014,34.1,-0.016,34.1,-0.016,34.1
873.5,-0.016,34.1,-0.016,34.1,-0.015,34.1,-0.016,34.1
874,-0.016,34.1,-0.016,34.1,-0.015,34.1,-0.015,34.1
874.5,-0.016,34.1,-0.017,34.1,-0.017,34.1,-0.016,34
875,-0.016,34.1,-0.016,34.1,-0.016,34.1,-0.018,34.1
875.5,-0.016,34.1,-0.017,34.1,-0.018,34.1,-0.016,34.1
876,-0.016,34.1,-0.015,34.1,-0.017,34.1,-0.016,34.1
876.5,-0.016,34,-0.014,34,-0.016,34.1,-0.015,34.1
877,-0.016,34,-0.016,34,-0.015,34.1,-0.015,34
877.5,-0.016,34,-0.017,34,-0.016,34.1,-0.016,34
878,-0.016,34,-0.017,34,-0.015,34,-0.017,34
878.5,-0.016,34,-0.017,34,-0.015,34,-0.019,34
879,-0.016,34,-0.017,34,-0.018,34.1,-0.017,34
879.5,-0.016,34,-0.018,34,-0.016,34,-0.017,34
880,-0.016,34,-0.016,34,-0.016,34,-0.016,34
880.5,-0.017,34,-0.017,34,-0.016,34,-0.017,34
881,-0.017,34,-0.016,34,-0.016,34,-0.018,34
881.5,-0.016,34,-0.017,34,-0.015,34,-0.017,34
882,-0.016,34,-0.016,34,-0.014,34,-0.016,34
882.5,-0.016,34,-0.016,34,-0.016,34,-0.017,34
883,-0.016,34,-0.016,34,-0.016,34,-0.016,34
883.5,-0.016,34,-0.016,34,-0.016,33.9,-0.016,34
884,-0.016,33.9,-0.016,34,-0.016,33.9,-0.016,34
884.5,-0.016,33.9,-0.016,33.9,-0.016,33.9,-0.017,33.9
885,-0.016,34,-0.016,34,-0.018,34,-0.016,34
885.5,-0.017,33.9,-0.017,33.9,-0.016,33.9,-0.015,34
886,-0.016,33.9,-0.016,33.9,-0.014,33.9,-0.015,33.9
886.5,-0.016,33.9,-0.016,33.9,-0.017,33.9,-0.014,34
887,-0.016,33.9,-0.015,33.9,-0.017,33.9,-0.014,34
887.5,-0.016,33.9,-0.015,33.9,-0.016,33.9,-0.014,33.9
888,-0.016,33.9,-0.017,33.9,-0.016,33.9,-0.016,34
888.5,-0.016,33.9,-0.017,33.9,-0.016,34,-0.016,33.9
889,-0.016,33.9,-0.016,33.9,-0.015,33.9,-0.017,33.9
889.5,-0.016,33.9,-0.017,33.9,-0.016,33.9,-0.017,33.9
890,-0.017,33.9,-0.018,33.9,-0.017,33.9,-0.016,33.9
890.5,-0.017,33.9,-0.019,33.9,-0.018,33.9,-0.016,33.9
891,-0.016,33.9,-0.018,33.9,-0.015,33.9,-0.017,33.9
891.5,-0.016,33.9,-0.017,33.9,-0.014,33.9,-0.017,33.9
892,-0.016,33.9,-0.016,33.9,-0.014,33.9,-0.016,33.9
892.5,-0.016,33.8,-0.016,33.9,-0.016,33.9,-0.017,33.9
893,-0.016,33.8,-0.016,33.8,-0.015,33.8,-0.017,33.9
893.5,-0.016,33.8,-0.018,33.8,-0.013,33.9,-0.016,33.8
894,-0.016,33.8,-0.017,33.8,-0.017,33.8,-0.016,33.8
894.5,-0.017,33.8,-0.018,33.8,-0.018,33.8,-0.016,33.8
895,-0.016,33.8,-0.016,33.8,-0.016,33.8,-0.017,33.8
895.5,-0.016,33.8,-0.016,33.8,-0.016,33.8,-0.015,33.8
896,-0.016,33.8,-0.016,33.8,-0.016,33.8,-0.013,33.8
896.5,-0.016,33.8,-0.016,33.8,-0.016,33.8,-0.016,33.8
897,-0.016,33.8,-0.017,33.8,-0.017,33.8,-0.016,33.8
897.5,-0.016,33.8,-0.016,33.8,-0.015,33.8,-0.018,33.9
898,-0.016,33.8,-0.015,33.8,-0.018,33.8,-0.016,33.8
898.5,-0.016,33.8,-0.015,33.8,-0.015,33.8,-0.016,33.8
899,-0.016,33.8,-0.016,33.8,-0.017,33.8,-0.016,33.8
899.5,-0.017,33.8,-0.016,33.7,-0.016,33.8,-0.016,33.8
900,-0.017,33.8,-0.016,33.8,-0.017,33.8,-0.016,33.8
900.5,-0.016,33.8,-0.016,33.8,-0.015,33.8,-0.017,33.8
901,-0.016,33.8,-0.014,33.8,-0.017,33.7,-0.017,33.8
901.5,-0.016,33.8,-0.016,33.8,-0.017,33.8,-0.018,33.8
902,-0.016,33.8,-0.016,33.8,-0.017,33.8,-0.018,33.8
902.5,-0.016,33.8,-0.016,33.8,-0.017,33.8,-0.016,33.7
903,-0.016,33.7,-0.016,33.7,-0.016,33.7,-0.016,33.7
903.5,-0.016,33.7,-0.017,33.7,-0.016,33.7,-0.017,33.8
904,-0.017,33.7,-0.016,33.7,-0.017,33.8,-0.017,33.7
904.5,-0.017,33.7,-0.017,33.7,-0.018,33.7,-0.016,33.7
905,-0.016,33.7,-0.015,33.8,-0.015,33.7,-0.017,33.8
905.5,-0.016,33.7,-0.016,33.7,-0.016,33.7,-0.016,33.7
906,-0.016,33.7,-0.016,33.7,-0.015,33.7,-0.015,33.7
906.5,-0.016,33.7,-0.016,33.7,-0.015,33.7,-0.016,33.8
907,-0.016,33.7,-0.015,33.7,-0.017,33.7,-0.014,33.8
907.5,-0.016,33.7,-0.018,33.7,-0.017,33.7,-0.016,33.7
908,-0.017,33.7,-0.017,33.7,-0.017,33.7,-0.018,33.7
908.5,-0.016,33.7,-0.017,33.7,-0.017,33.7,-0.017,33.7
909,-0.016,33.7,-0.017,33.7,-0.015,33.7,-0.015,33.7
909.5,-0.017,33.7,-0.017,33.7,-0.016,33.7,-0.019,33.7
910,-0.017,33.7,-0.016,33.7,-0.017,33.7,-0.017,33.7
910.5,-0.017,33.7,-0.018,33.7,-0.016,33.7,-0.016,33.7
911,-0.017,33.7,-0.017,33.7,-0.017,33.7,-0.017,33.7
911.5,-0.016,33.7,-0.016,33.7,-0.016,33.7,-0.017,33.7
912,-0.016,33.7,-0.017,33.7,-0.015,33.7,-0.017,33.8
912.5,-0.016,33.7,-0.016,33.7,-0.016,33.7,-0.017,33.7
913,-0.016,33.7,-0.015,33.7,-0.016,33.7,-0.016,33.7
913.5,-0.017,33.7,-0.018,33.7,-0.017,33.7,-0.017,33.7
914,-0.016,33.7,-0.017,33.7,-0.018,33.7,-0.014,33.7
914.5,-0.016,33.7,-0.017,33.7,-0.016,33.7,-0.016,33.7
915,-0.016,33.7,-0.017,33.7,-0.018,33.7,-0.015,33.7
915.5,-0.016,33.7,-0.016,33.7,-0.017,33.7,-0.017,33.7
916,-0.016,33.7,-0.016,33.7,-0.016,33.7,-0.017,33.7
916.5,-0.016,33.6,-0.017,33.6,-0.015,33.7,-0.017,33.6
917,-0.016,33.7,-0.016,33.7,-0.017,33.7,-0.018,33.6
917.5,-0.016,33.6,-0.017,33.6,-0.016,33.7,-0.017,33.6
918,-0.016,33.7,-0.016,33.7,-0.016,33.6,-0.016,33.7
918.5,-0.016,33.6,-0.016,33.6,-0.016,33.7,-0.017,33.7
919,-0.017,33.6,-0.016,33.6,-0.016,33.6,-0.015,33.6
919.5,-0.017,33.6,-0.018,33.6,-0.016,33.6,-0.014,33.6
920,-0.017,33.6,-0.018,33.6,-0.017,33.6,-0.017,33.6
920.5,-0.016,33.6,-0.017,33.6,-0.016,33.6,-0.017,33.6
921,-0.016,33.6,-0.017,33.6,-0.017,33.7,-0.018,33.6
921.5,-0.016,33.6,-0.016,33.7,-0.017,33.7,-0.016,33.6
922,-0.017,33.6,-0.016,33.6,-0.014,33.7,-0.016,33.6
922.5,-0.016,33.6,-0.016,33.6,-0.017,33.7,-0.015,33.6
923,-0.017,33.6,-0.017,33.6,-0.016,33.6,-0.017,33.7
923.5,-0.017,33.6,-0.017,33.6,-0.017,33.6,-0.017,33.6
924,-0.017,33.6,-0.017,33.6,-0.017,33.7,-0.018,33.6
924.5,-0.017,33.6,-0.016,33.6,-0.018,33.6,-0.017,33.6
925,-0.017,33.6,-0.016,33.6,-0.016,33.6,-0.016,33.6
925.5,-0.017,33.6,-0.017,33.6,-0.015,33.6,-0.016,33.6
926,-0.017,33.6,-0.018,33.6,-0.017,33.6,-0.018,33.6
926.5,-0.017,33.6,-0.016,33.6,-0.016,33.6,-0.017,33.6
927,-0.017,33.6,-0.017,33.6,-0.017,33.6,-0.016,33.6
927.5,-0.018,33.6,-0.019,33.6,-0.017,33.6,-0.017,33.6
928,-0.018,33.6,-0.017,33.6,-0.017,33.6,-0.018,33.6
928.5,-0.018,33.6,-0.017,33.6,-0.015,33.6,-0.019,33.6
929,-0.018,33.6,-0.017,33.6,-0.014,33.6,-0.016,33.6
929.5,-0.018,33.6,-0.018,33.6,-0.016,33.6,-0.017,33.6
930,-0.018,33.6,-0.017,33.6,-0.016,33.6,-0.017,33.6
930.5,-0.017,33.6,-0.017,33.6,-0.018,33.6,-0.018,33.6
931,-0.018,33.6,-0.017,33.6,-0.018,33.6,-0.016,33.6
931.5,-0.018,33.6,-0.016,33.6,-0.017,33.6,-0.017,33.6
932,-0.018,33.6,-0.017,33.6,-0.018,33.6,-0.017,33.6
932.5,-0.018,33.6,-0.018,33.6,-0.017,33.6,-0.017,33.6
933,-0.018,33.6,-0.017,33.6,-0.018,33.6,-0.018,33.6
933.5,-0.018,33.6,-0.017,33.6,-0.018,33.7,-0.017,33.6
934,-0.018,33.6,-0.017,33.6,-0.016,33.6,-0.015,33.6
934.5,-0.017,33.6,-0.017,33.6,-0.017,33.6,-0.015,33.6
935,-0.017,33.6,-0.017,33.6,-0.018,33.6,-0.018,33.6
935.5,-0.018,33.6,-0.018,33.6,-0.017,33.6,-0.018,33.6
936,-0.018,33.6,-0.017,33.6,-0.017,33.6,-0.018,33.6
936.5,-0.018,33.6,-0.019,33.6,-0.017,33.6,-0.018,33.6
937,-0.018,33.6,-0.018,33.6,-0.017,33.6,-0.017,33.6
937.5,-0.018,33.6,-0.018,33.7,-0.017,33.6,-0.018,33.6
938,-0.018,33.6,-0.017,33.6,-0.017,33.6,-0.017,33.6
938.5,-0.018,33.6,-0.018,33.6,-0.018,33.6,-0.018,33.6
939,-0.018,33.6,-0.017,33.6,-0.018,33.6,-0.017,33.6
939.5,-0.018,33.6,-0.017,33.6,-0.018,33.6,-0.017,33.6
940,-0.018,33.6,-0.017,33.6,-0.017,33.6,-0.019,33.6
940.5,-0.018,33.6,-0.019,33.6,-0.017,33.6,-0.018,33.6
941,-0.018,33.6,-0.018,33.6,-0.018,33.6,-0.018,33.6
941.5,-0.018,33.6,-0.017,33.6,-0.019,33.6,-0.017,33.6
942,-0.018,33.6,-0.018,33.7,-0.018,33.7,-0.017,33.6
942.5,-0.018,33.6,-0.017,33.6,-0.017,33.6,-0.019,33.6
943,-0.018,33.6,-0.018,33.6,-0.014,33.7,-0.019,33.6
943.5,-0.018,33.7,-0.018,33.6,-0.014,33.7,-0.018,33.7
944,-0.018,33.6,-0.018,33.6,-0.015,33.6,-0.018,33.7
944.5,-0.018,33.6,-0.018,33.7,-0.016,33.6,-0.016,33.6
945,-0.018,33.7,-0.016,33.7,-0.016,33.6,-0.017,33.6
945.5,-0.018,33.6,-0.019,33.6,-0.017,33.6,-0.016,33.7
946,-0.018,33.6,-0.018,33.6,-0.017,33.6,-0.018,33.7
946.5,-0.018,33.7,-0.019,33.7,-0.017,33.6,-0.017,33.6
947,-0.018,33.7,-0.017,33.7,-0.016,33.6,-0.016,33.6
947.5,-0.018,33.7,-0.017,33.7,-0.018,33.7,-0.017,33.6
948,-0.018,33.7,-0.017,33.7,-0.018,33.7,-0.018,33.6
948.5,-0.018,33.7,-0.017,33.7,-0.018,33.7,-0.018,33.7
949,-0.018,33.7,-0.018,33.7,-0.019,33.7,-0.016,33.7
949.5,-0.018,33.7,-0.017,33.7,-0.019,33.6,-0.019,33.7
950,-0.02,33.7,-0.019,33.6,-0.019,33.7,-0.019,33.7
950.5,-0.029,33.7,-0.029,33.7,-0.026,33.7,-0.026,33.6
951,-0.03,33.7,-0.029,33.7,-0.029,33.7,-0.031,33.6
951.5,-0.023,33.6,-0.024,33.6,-0.023,33.7,-0.023,33.7
952,-0.021,33.6,-0.021,33.6,-0.022,33.6,-0.021,33.6
952.5,-0.02,33.6,-0.02,33.6,-0.02,33.6,-0.02,33.6
953,-0.02,33.6,-0.021,33.6,-0.019,33.6,-0.019,33.6
953.5,-0.02,33.6,-0.018,33.5,-0.019,33.6,-0.019,33.6
954,-0.02,33.6,-0.02,33.6,-0.019,33.6,-0.019,33.6
954.5,-0.02,33.6,-0.017,33.6,-0.018,33.6,-0.017,33.6
955,-0.02,33.6,-0.018,33.6,-0.019,33.6,-0.018,33.6
955.5,-0.02,33.6,-0.018,33.6,-0.018,33.6,-0.02,33.6
956,-0.019,33.6,-0.019,33.7,-0.019,33.6,-0.019,33.6
956.5,-0.019,33.6,-0.019,33.7,-0.02,33.6,-0.018,33.6
957,-0.019,33.6,-0.018,33.7,-0.019,33.6,-0.019,33.6
957.5,-0.019,33.7,-0.018,33.7,-0.018,33.7,-0.02,33.7
958,-0.02,33.7,-0.019,33.7,-0.018,33.6,-0.018,33.7
958.5,-0.019,33.7,-0.018,33.7,-0.02,33.7,-0.018,33.7
959,-0.02,33.7,-0.019,33.7,-0.018,33.7,-0.018,33.7
959.5,-0.02,33.7,-0.018,33.7,-0.018,33.7,-0.019,33.7
960,-0.02,33.7,-0.02,33.7,-0.021,33.7,-0.019,33.7
960.5,-0.02,33.7,-0.021,33.7,-0.02,33.7,-0.019,33.7
961,-0.02,33.7,-0.019,33.7,-0.02,33.7,-0.02,33.7
961.5,-0.02,33.7,-0.02,33.7,-0.02,33.7,-0.019,33.7
962,-0.02,33.7,-0.019,33.7,-0.02,33.7,-0.018,33.7
962.5,-0.02,33.7,-0.02,33.7,-0.02,33.7,-0.019,33.7
963,-0.02,33.7,-0.018,33.7,-0.02,33.7,-0.021,33.8
963.5,-0.02,33.7,-0.019,33.7,-0.019,33.7,-0.02,33.7
964,-0.019,33.7,-0.018,33.7,-0.018,33.7,-0.019,33.7
964.5,-0.018,33.7,-0.018,33.7,-0.019,33.7,-0.019,33.7
965,-0.018,33.7,-0.019,33.7,-0.017,33.7,-0.018,33.7
965.5,-0.018,33.7,-0.019,33.7,-0.018,33.7,-0.02,33.7
966,-0.019,33.7,-0.019,33.7,-0.018,33.7,-0.02,33.7
966.5,-0.02,33.7,-0.019,33.7,-0.018,33.8,-0.02,33.7
967,-0.019,33.7,-0.02,33.7,-0.018,33.7,-0.02,33.7
967.5,-0.019,33.7,-0.018,33.7,-0.018,33.7,-0.018,33.8
968,-0.019,33.7,-0.019,33.7,-0.018,33.7,-0.019,33.7
968.5,-0.018,33.7,-0.018,33.7,-0.016,33.7,-0.018,33.8
969,-0.018,33.8,-0.019,33.8,-0.017,33.7,-0.018,33.8
969.5,-0.018,33.7,-0.018,33.7,-0.018,33.7,-0.019,33.8
970,-0.018,33.8,-0.018,33.8,-0.018,33.8,-0.018,33.8
970.5,-0.018,33.7,-0.019,33.8,-0.017,33.7,-0.018,33.8
971,-0.018,33.8,-0.017,33.8,-0.018,33.8,-0.017,33.8
971.5,-0.017,33.8,-0.017,33.8,-0.016,33.8,-0.017,33.8
972,-0.016,33.8,-0.016,33.8,-0.017,33.8,-0.017,33.8
972.5,-0.016,33.8,-0.015,33.8,-0.017,33.8,-0.016,33.8
973,-0.016,33.8,-0.016,33.8,-0.016,33.8,-0.014,33.8
973.5,-0.016,33.8,-0.014,33.8,-0.015,33.8,-0.013,33.8
974,-0.016,33.8,-0.015,33.8,-0.015,33.7,-0.016,33.8
974.5,-0.016,33.8,-0.014,33.8,-0.016,33.8,-0.015,33.8
975,-0.016,33.7,-0.016,33.7,-0.014,33.7,-0.015,33.7
975.5,-0.016,33.7,-0.016,33.7,-0.014,33.7,-0.014,33.7
976,-0.016,33.7,-0.015,33.7,-0.016,33.6,-0.015,33.7
976.5,-0.016,33.7,-0.015,33.7,-0.014,33.7,-0.015,33.7
977,-0.016,33.7,-0.016,33.7,-0.012,33.7,-0.014,33.7
977.5,-0.016,33.7,-0.016,33.7,-0.017,33.7,-0.015,33.7
978,-0.016,33.7,-0.015,33.7,-0.018,33.7,-0.016,33.7
978.5,-0.016,33.7,-0.016,33.6,-0.015,33.7,-0.017,33.7
979,-0.016,33.6,-0.016,33.7,-0.014,33.7,-0.017,33.7
979.5,-0.016,33.6,-0.017,33.6,-0.016,33.6,-0.016,33.6
980,-0.016,33.6,-0.017,33.6,-0.016,33.6,-0.015,33.6
980.5,-0.016,33.7,-0.016,33.7,-0.017,33.7,-0.015,33.7
981,-0.016,33.6,-0.016,33.6,-0.016,33.6,-0.014,33.6
981.5,-0.016,33.6,-0.015,33.6,-0.016,33.6,-0.015,33.7
982,-0.016,33.6,-0.015,33.6,-0.016,33.6,-0.016,33.6
982.5,-0.016,33.6,-0.015,33.6,-0.015,33.6,-0.016,33.6
983,-0.016,33.6,-0.017,33.6,-0.015,33.6,-0.016,33.6
983.5,-0.016,33.6,-0.016,33.6,-0.015,33.6,-0.017,33.5
984,-0.016,33.6,-0.016,33.6,-0.015,33.6,-0.017,33.6
984.5,-0.016,33.5,-0.017,33.6,-0.018,33.6,-0.016,33.6
985,-0.016,33.6,-0.017,33.6,-0.016,33.6,-0.015,33.6
985.5,-0.016,33.6,-0.015,33.6,-0.016,33.5,-0.015,33.6
986,-0.016,33.6,-0.016,33.6,-0.015,33.6,-0.016,33.6
986.5,-0.016,33.6,-0.016,33.6,-0.015,33.6,-0.016,33.6
987,-0.016,33.6,-0.015,33.5,-0.014,33.6,-0.016,33.6
987.5,-0.016,33.6,-0.016,33.6,-0.016,33.6,-0.017,33.6
988,-0.016,33.5,-0.016,33.5,-0.017,33.6,-0.018,33.5
988.5,-0.017,33.5,-0.016,33.5,-0.016,33.5,-0.015,33.5
989,-0.016,33.5,-0.017,33.5,-0.015,33.5,-0.017,33.5
989.5,-0.016,33.5,-0.015,33.6,-0.017,33.5,-0.017,33.5
990,-0.016,33.5,-0.016,33.5,-0.016,33.5,-0.016,33.5
990.5,-0.016,33.5,-0.017,33.5,-0.017,33.5,-0.016,33.5
991,-0.016,33.5,-0.017,33.5,-0.018,33.5,-0.017,33.5
991.5,-0.016,33.5,-0.017,33.5,-0.017,33.5,-0.016,33.5
992,-0.016,33.5,-0.016,33.5,-0.015,33.5,-0.016,33.5
992.5,-0.016,33.5,-0.017,33.5,-0.016,33.5,-0.015,33.5
993,-0.016,33.5,-0.016,33.5,-0.016,33.5,-0.016,33.5
993.5,-0.016,33.5,-0.017,33.5,-0.017,33.5,-0.016,33.5
994,-0.016,33.5,-0.016,33.5,-0.016,33.5,-0.018,33.5
994.5,-0.016,33.5,-0.018,33.5,-0.018,33.5,-0.017,33.5
995,-0.016,33.5,-0.017,33.5,-0.016,33.5,-0.016,33.5
995.5,-0.016,33.5,-0.017,33.5,-0.017,33.5,-0.017,33.5
996,-0.016,33.5,-0.018,33.5,-0.016,33.5,-0.016,33.5
996.5,-0.016,33.5,-0.017,33.5,-0.017,33.4,-0.015,33.5
997,-0.016,33.4,-0.017,33.5,-0.017,33.4,-0.016,33.5
997.5,-0.016,33.5,-0.017,33.5,-0.017,33.5,-0.017,33.4
998,-0.016,33.5,-0.018,33.4,-0.019,33.5,-0.018,33.5
998.5,-0.017,33.4,-0.017,33.4,-0.018,33.4,-0.016,33.4
999,-0.016,33.4,-0.016,33.4,-0.016,33.4,-0.015,33.4
999.5,-0.016,33.5,-0.016,33.5,-0.017,33.5,-0.015,33.5
1000,-0.016,33.5,-0.017,33.5,-0.016,33.5,-0.017,33.4
1000.5,-0.016,33.5,-0.017,33.4,-0.016,33.5,-0.016,33.4
1001,-0.016,33.5,-0.017,33.4,-0.016,33.5,-0.016,33.5
1001.5,-0.016,33.4,-0.017,33.4,-0.017,33.4,-0.017,33.4
1002,-0.016,33.4,-0.016,33.4,-0.016,33.4,-0.015,33.4
1002.5,-0.016,33.4,-0.016,33.4,-0.015,33.4,-0.016,33.4
1003,-0.016,33.4,-0.017,33.4,-0.015,33.4,-0.017,33.4
1003.5,-0.016,33.4,-0.017,33.4,-0.015,33.4,-0.016,33.4
1004,-0.016,33.4,-0.017,33.4,-0.016,33.4,-0.016,33.4
1004.5,-0.016,33.4,-0.015,33.4,-0.015,33.4,-0.016,33.4
1005,-0.016,33.4,-0.017,33.4,-0.015,33.4,-0.015,33.4
1005.5,-0.016,33.4,-0.017,33.4,-0.017,33.4,-0.016,33.4
1006,-0.016,33.4,-0.016,33.4,-0.017,33.4,-0.016,33.4
1006.5,-0.016,33.4,-0.016,33.4,-0.017,33.4,-0.017,33.4
1007,-0.016,33.4,-0.017,33.4,-0.018,33.4,-0.017,33.4
1007.5,-0.016,33.4,-0.017,33.4,-0.018,33.4,-0.017,33.4
1008,-0.017,33.4,-0.017,33.4,-0.018,33.4,-0.018,33.4
1008.5,-0.017,33.4,-0.016,33.4,-0.018,33.4,-0.016,33.4
1009,-0.016,33.4,-0.016,33.4,-0.018,33.4,-0.015,33.3
1009.5,-0.016,33.4,-0.016,33.4,-0.017,33.4,-0.013,33.4
1010,-0.016,33.4,-0.017,33.4,-0.017,33.4,-0.016,33.4
1010.5,-0.016,33.4,-0.016,33.4,-0.015,33.4,-0.016,33.3
1011,-0.016,33.4,-0.017,33.4,-0.017,33.4,-0.016,33.4
1011.5,-0.017,33.4,-0.016,33.4,-0.016,33.4,-0.015,33.4
1012,-0.017,33.4,-0.016,33.4,-0.012,33.4,-0.014,33.4
1012.5,-0.016,33.4,-0.017,33.4,-0.015,33.3,-0.015,33.4
1013,-0.016,33.4,-0.017,33.3,-0.016,33.4,-0.016,33.4
1013.5,-0.016,33.4,-0.016,33.3,-0.016,33.4,-0.017,33.3
1014,-0.016,33.4,-0.016,33.4,-0.014,33.4,-0.017,33.4
1014.5,-0.016,33.4,-0.016,33.3,-0.015,33.4,-0.017,33.3
1015,-0.016,33.3,-0.016,33.3,-0.016,33.4,-0.018,33.3
1015.5,-0.016,33.3,-0.016,33.3,-0.016,33.4,-0.018,33.3
1016,-0.016,33.3,-0.016,33.3,-0.017,33.4,-0.014,33.3
1016.5,-0.016,33.4,-0.016,33.4,-0.019,33.4,-0.016,33.3
1017,-0.017,33.3,-0.017,33.3,-0.018,33.3,-0.018,33.3
1017.5,-0.017,33.3,-0.016,33.3,-0.016,33.3,-0.016,33.3
1018,-0.016,33.3,-0.016,33.3,-0.017,33.3,-0.016,33.3
1018.5,-0.017,33.3,-0.016,33.3,-0.016,33.3,-0.016,33.3
1019,-0.016,33.3,-0.015,33.3,-0.015,33.3,-0.017,33.3
1019.5,-0.016,33.3,-0.016,33.3,-0.014,33.3,-0.014,33.3
1020,-0.016,33.3,-0.016,33.3,-0.014,33.3,-0.017,33.3
1020.5,-0.016,33.3,-0.016,33.3,-0.016,33.3,-0.016,33.4
1021,-0.016,33.3,-0.017,33.3,-0.014,33.4,-0.016,33.3
1021.5,-0.016,33.3,-0.016,33.3,-0.016,33.3,-0.015,33.3
1022,-0.017,33.3,-0.016,33.3,-0.017,33.4,-0.016,33.3
1022.5,-0.017,33.3,-0.017,33.3,-0.015,33.4,-0.017,33.3
1023,-0.016,33.3,-0.016,33.3,-0.018,33.4,-0.017,33.3
1023.5,-0.016,33.3,-0.016,33.3,-0.015,33.3,-0.018,33.3
1024,-0.016,33.3,-0.017,33.3,-0.016,33.3,-0.018,33.3
1024.5,-0.016,33.3,-0.016,33.3,-0.016,33.3,-0.017,33.3
1025,-0.016,33.3,-0.016,33.3,-0.016,33.3,-0.016,33.3
1025.5,-0.017,33.3,-0.017,33.3,-0.017,33.3,-0.019,33.3
1026,-0.017,33.3,-0.016,33.3,-0.014,33.3,-0.017,33.3
1026.5,-0.017,33.3,-0.017,33.3,-0.016,33.3,-0.017,33.3
1027,-0.017,33.3,-0.017,33.3,-0.017,33.3,-0.017,33.3
1027.5,-0.016,33.3,-0.018,33.3,-0.017,33.3,-0.018,33.3
1028,-0.017,33.3,-0.017,33.3,-0.016,33.3,-0.017,33.3
1028.5,-0.016,33.3,-0.016,33.3,-0.014,33.3,-0.018,33.3
1029,-0.016,33.3,-0.015,33.3,-0.015,33.3,-0.017,33.3
1029.5,-0.017,33.3,-0.016,33.3,-0.015,33.3,-0.017,33.3
1030,-0.016,33.3,-0.017,33.3,-0.019,33.3,-0.017,33.3
1030.5,-0.017,33.3,-0.017,33.3,-0.018,33.3,-0.017,33.3
1031,-0.017,33.3,-0.017,33.3,-0.018,33.3,-0.016,33.3
1031.5,-0.017,33.3,-0.016,33.3,-0.017,33.3,-0.016,33.3
1032,-0.016,33.3,-0.017,33.3,-0.015,33.3,-0.018,33.3
1032.5,-0.016,33.3,-0.016,33.3,-0.016,33.3,-0.016,33.3
1033,-0.016,33.3,-0.016,33.3,-0.016,33.3,-0.017,33.3
1033.5,-0.017,33.3,-0.017,33.3,-0.016,33.3,-0.017,33.3
1034,-0.017,33.3,-0.018,33.3,-0.017,33.3,-0.016,33.3
1034.5,-0.017,33.3,-0.017,33.3,-0.016,33.3,-0.016,33.3
1035,-0.018,33.3,-0.017,33.3,-0.016,33.3,-0.017,33.3
1035.5,-0.018,33.3,-0.017,33.3,-0.017,33.3,-0.016,33.3
1036,-0.018,33.3,-0.016,33.3,-0.017,33.3,-0.016,33.3
1036.5,-0.018,33.3,-0.017,33.3,-0.016,33.3,-0.017,33.3
1037,-0.018,33.3,-0.017,33.3,-0.017,33.3,-0.016,33.3
1037.5,-0.018,33.3,-0.017,33.3,-0.016,33.3,-0.016,33.4
1038,-0.018,33.3,-0.017,33.3,-0.018,33.3,-0.017,33.4
1038.5,-0.018,33.3,-0.017,33.3,-0.018,33.3,-0.017,33.3
1039,-0.017,33.3,-0.017,33.4,-0.016,33.3,-0.016,33.3
1039.5,-0.018,33.3,-0.017,33.4,-0.017,33.3,-0.016,33.3
1040,-0.017,33.3,-0.017,33.3,-0.018,33.3,-0.017,33.3
1040.5,-0.018,33.4,-0.018,33.4,-0.016,33.3,-0.018,33.4
1041,-0.018,33.3,-0.018,33.4,-0.016,33.4,-0.017,33.3
1041.5,-0.017,33.4,-0.018,33.3,-0.016,33.4,-0.016,33.3
1042,-0.018,33.4,-0.018,33.4,-0.017,33.4,-0.018,33.3
1042.5,-0.018,33.3,-0.017,33.3,-0.016,33.3,-0.017,33.4
1043,-0.018,33.4,-0.017,33.4,-0.018,33.4,-0.017,33.4
1043.5,-0.018,33.3,-0.017,33.3,-0.016,33.3,-0.017,33.4
1044,-0.018,33.4,-0.016,33.4,-0.018,33.4,-0.016,33.4
1044.5,-0.018,33.4,-0.018,33.4,-0.019,33.4,-0.017,33.4
1045,-0.018,33.4,-0.018,33.3,-0.017,33.4,-0.017,33.4
1045.5,-0.018,33.4,-0.017,33.4,-0.016,33.4,-0.018,33.4
1046,-0.018,33.4,-0.018,33.4,-0.017,33.4,-0.018,33.4
1046.5,-0.018,33.4,-0.017,33.4,-0.017,33.4,-0.017,33.4
1047,-0.018,33.4,-0.017,33.4,-0.018,33.4,-0.017,33.4
1047.5,-0.018,33.4,-0.018,33.4,-0.017,33.4,-0.017,33.4
1048,-0.018,33.4,-0.017,33.4,-0.018,33.4,-0.018,33.4
1048.5,-0.018,33.4,-0.017,33.5,-0.019,33.4,-0.018,33.4
1049,-0.018,33.4,-0.016,33.4,-0.018,33.4,-0.017,33.4
1049.5,-0.018,33.4,-0.018,33.4,-0.014,33.4,-0.018,33.4
