time_s,s1_flow_ml_min,s1_temp_c,s2_flow_ml_min,s2_temp_c,s3_flow_ml_min,s3_temp_c,s4_flow_ml_min,s4_temp_c
0.0,0.164,29.9,0.166,29.9,0.166,29.9,0.166,29.9
0.5,0.158,29.9,0.158,29.9,0.160,29.9,0.159,29.9
1.0,0.154,30.0,0.152,30.0,0.154,29.9,0.152,30.0
1.5,0.146,30.0,0.147,30.0,0.147,30.0,0.147,30.0
2.0,0.140,30.0,0.141,30.0,0.140,30.0,0.139,30.0
2.5,0.134,30.1,0.133,30.1,0.137,30.0,0.136,30.1
3.0,0.129,30.1,0.130,30.1,0.130,30.1,0.132,30.1
3.5,0.123,30.1,0.124,30.1,0.124,30.1,0.123,30.1
4.0,0.118,30.2,0.119,30.2,0.119,30.1,0.119,30.2
4.5,0.114,30.2,0.114,30.2,0.117,30.2,0.114,30.2
5.0,0.110,30.2,0.111,30.2,0.115,30.2,0.112,30.2
5.5,0.107,30.2,0.107,30.2,0.108,30.2,0.108,30.2
6.0,0.103,30.3,0.102,30.3,0.104,30.2,0.102,30.2
6.5,0.099,30.3,0.101,30.3,0.100,30.3,0.099,30.3
7.0,0.096,30.3,0.097,30.3,0.099,30.3,0.095,30.3
7.5,0.093,30.3,0.093,30.4,0.093,30.3,0.093,30.3
8.0,0.090,30.4,0.091,30.4,0.093,30.4,0.091,30.4
8.5,0.088,30.4,0.088,30.4,0.088,30.4,0.089,30.4
9.0,0.086,30.4,0.087,30.4,0.087,30.4,0.087,30.4
9.5,0.085,30.4,0.084,30.4,0.084,30.4,0.085,30.4
10.0,0.083,30.5,0.084,30.4,0.082,30.5,0.083,30.5
10.5,0.082,30.5,0.083,30.5,0.083,30.5,0.080,30.5
11.0,0.080,30.5,0.080,30.5,0.080,30.5,0.080,30.5
11.5,0.077,30.5,0.077,30.5,0.078,30.6,0.077,30.5
12.0,0.075,30.5,0.075,30.5,0.077,30.6,0.073,30.5
12.5,0.073,30.6,0.072,30.6,0.074,30.6,0.074,30.6
13.0,0.071,30.6,0.071,30.6,0.072,30.6,0.071,30.6
13.5,0.070,30.6,0.069,30.6,0.071,30.6,0.070,30.6
14.0,0.070,30.6,0.069,30.6,0.068,30.6,0.069,30.6
14.5,0.069,30.6,0.068,30.6,0.069,30.6,0.069,30.6
15.0,0.068,30.6,0.069,30.7,0.069,30.6,0.068,30.6
15.5,0.068,30.7,0.069,30.7,0.068,30.7,0.069,30.6
16.0,0.067,30.7,0.067,30.7,0.067,30.7,0.067,30.7
16.5,0.066,30.7,0.067,30.7,0.066,30.7,0.068,30.7
17.0,0.065,30.7,0.065,30.7,0.066,30.7,0.065,30.7
17.5,0.064,30.7,0.065,30.7,0.065,30.7,0.065,30.7
18.0,0.064,30.7,0.065,30.7,0.064,30.8,0.068,30.8
18.5,0.065,30.7,0.065,30.7,0.066,30.7,0.067,30.7
19.0,0.066,30.8,0.066,30.7,0.065,30.7,0.066,30.7
19.5,0.066,30.7,0.066,30.7,0.065,30.8,0.066,30.7
20.0,0.066,30.8,0.066,30.8,0.067,30.8,0.067,30.7
20.5,0.066,30.8,0.067,30.8,0.066,30.8,0.066,30.8
21.0,0.064,30.8,0.066,30.8,0.065,30.8,0.066,30.8
21.5,0.064,30.8,0.064,30.8,0.065,30.8,0.063,30.8
22.0,0.062,30.8,0.064,30.8,0.064,30.8,0.063,30.8
22.5,0.062,30.8,0.063,30.8,0.062,30.8,0.064,30.8
23.0,0.062,30.8,0.062,30.9,0.065,30.8,0.062,30.8
23.5,0.062,30.8,0.062,30.8,0.064,30.8,0.060,30.8
24.0,0.062,30.8,0.062,30.8,0.063,30.8,0.062,30.8
24.5,0.062,30.8,0.064,30.8,0.062,30.8,0.062,30.8
25.0,0.062,30.8,0.063,30.8,0.062,30.8,0.063,30.8
25.5,0.062,30.9,0.064,30.9,0.062,30.9,0.064,30.9
26.0,0.062,30.9,0.062,30.9,0.063,30.9,0.062,30.9
26.5,0.062,30.9,0.061,30.9,0.062,30.9,0.058,30.9
27.0,0.062,30.9,0.063,30.9,0.063,30.9,0.063,30.9
27.5,0.062,30.9,0.061,30.9,0.062,30.9,0.064,30.9
28.0,0.063,30.9,0.063,30.9,0.063,30.9,0.065,30.9
28.5,0.064,30.9,0.064,30.9,0.063,30.9,0.063,30.9
29.0,0.064,30.9,0.063,30.9,0.063,30.8,0.062,30.9
29.5,0.064,30.9,0.065,30.9,0.066,30.9,0.064,30.9
30.0,0.063,30.9,0.062,30.9,0.066,30.9,0.063,30.9
30.5,0.062,30.9,0.063,30.9,0.063,30.9,0.064,30.9
31.0,0.064,30.9,0.064,30.9,0.064,30.9,0.062,30.9
31.5,0.062,30.9,0.061,30.9,0.062,30.9,0.063,30.9
32.0,0.061,30.9,0.061,30.9,0.061,30.9,0.061,30.9
32.5,0.061,30.9,0.062,30.9,0.062,30.9,0.061,30.9
33.0,0.062,30.9,0.063,30.9,0.062,31.0,0.062,30.9
33.5,0.062,30.9,0.062,30.9,0.064,30.9,0.062,30.9
34.0,0.062,30.9,0.063,31.0,0.064,30.9,0.062,30.9
34.5,0.062,30.9,0.063,30.9,0.064,30.9,0.063,30.9
35.0,0.062,30.9,0.061,31.0,0.061,30.9,0.063,30.9
35.5,0.061,30.9,0.060,31.0,0.061,31.0,0.063,30.9
36.0,0.060,30.9,0.061,30.9,0.061,31.0,0.062,31.0
36.5,0.061,31.0,0.061,30.9,0.062,30.9,0.061,31.0
37.0,0.062,31.0,0.062,31.0,0.063,30.9,0.061,31.0
37.5,0.062,31.0,0.063,30.9,0.063,30.9,0.062,30.9
38.0,0.062,30.9,0.063,31.0,0.066,31.0,0.063,30.9
38.5,0.062,31.0,0.063,30.9,0.064,31.0,0.062,31.0
39.0,0.062,31.0,0.062,31.0,0.065,31.0,0.061,30.9
39.5,0.062,31.0,0.062,31.0,0.062,31.0,0.062,31.0
40.0,0.060,31.0,0.061,31.0,0.062,31.0,0.060,30.9
40.5,0.060,31.0,0.060,30.9,0.062,31.0,0.059,31.0
41.0,0.059,31.0,0.060,31.0,0.059,30.9,0.058,30.9
41.5,0.058,31.0,0.058,31.0,0.056,31.0,0.058,31.0
42.0,0.058,31.0,0.057,31.0,0.058,31.0,0.058,31.0
42.5,0.058,31.0,0.057,31.0,0.059,31.0,0.057,31.0
43.0,0.058,31.0,0.058,31.0,0.060,30.9,0.059,31.0
43.5,0.058,31.0,0.059,31.0,0.059,31.0,0.060,31.0
44.0,0.058,31.0,0.058,31.0,0.058,31.0,0.059,31.0
44.5,0.058,31.0,0.057,31.0,0.057,31.0,0.057,31.0
45.0,0.056,31.0,0.057,31.0,0.057,31.0,0.057,31.0
45.5,0.056,31.0,0.056,31.0,0.054,31.0,0.055,31.0
46.0,0.056,31.0,0.055,31.1,0.055,31.0,0.056,31.0
46.5,0.056,31.0,0.057,31.0,0.056,31.0,0.056,31.1
47.0,0.057,31.0,0.059,31.0,0.058,31.0,0.058,31.0
47.5,0.057,31.0,0.058,31.0,0.058,31.0,0.057,31.1
48.0,0.056,31.0,0.058,31.0,0.056,31.0,0.057,31.0
48.5,0.056,31.0,0.056,31.0,0.056,31.0,0.055,31.0
49.0,0.055,31.0,0.056,31.0,0.053,31.0,0.055,31.0
49.5,0.054,31.0,0.055,31.0,0.054,31.0,0.054,31.0
50.0,0.053,31.0,0.053,31.1,0.055,31.1,0.052,31.0
50.5,0.052,31.1,0.053,31.1,0.053,31.1,0.052,31.0
51.0,0.052,31.1,0.053,31.1,0.052,31.1,0.052,31.0
51.5,0.052,31.1,0.053,31.1,0.052,31.1,0.053,31.1
52.0,0.052,31.1,0.052,31.1,0.053,31.1,0.054,31.1
52.5,0.052,31.1,0.052,31.1,0.052,31.1,0.053,31.1
53.0,0.052,31.1,0.051,31.1,0.051,31.1,0.052,31.1
53.5,0.051,31.1,0.050,31.1,0.051,31.1,0.052,31.1
54.0,0.050,31.1,0.051,31.1,0.053,31.0,0.050,31.1
54.5,0.048,31.1,0.048,31.1,0.051,31.1,0.050,31.1
55.0,0.048,31.1,0.047,31.1,0.047,31.1,0.049,31.1
55.5,0.048,31.1,0.047,31.1,0.045,31.1,0.047,31.1
56.0,0.047,31.1,0.049,31.1,0.046,31.2,0.048,31.1
56.5,0.046,31.1,0.047,31.1,0.048,31.1,0.047,31.2
57.0,0.046,31.1,0.046,31.1,0.048,31.1,0.047,31.1
57.5,0.045,31.2,0.045,31.2,0.046,31.1,0.045,31.2
58.0,0.044,31.2,0.044,31.2,0.044,31.2,0.043,31.2
58.5,0.043,31.2,0.042,31.2,0.042,31.2,0.042,31.1
59.0,0.042,31.2,0.041,31.2,0.042,31.1,0.043,31.2
59.5,0.040,31.2,0.041,31.2,0.041,31.2,0.043,31.2
60.0,0.038,31.2,0.039,31.2,0.039,31.2,0.039,31.2
60.5,0.038,31.2,0.038,31.2,0.039,31.2,0.040,31.2
61.0,0.037,31.2,0.037,31.2,0.036,31.2,0.037,31.2
61.5,0.036,31.2,0.037,31.2,0.037,31.2,0.037,31.2
62.0,0.036,31.2,0.037,31.2,0.038,31.2,0.037,31.2
62.5,0.036,31.2,0.036,31.3,0.036,31.2,0.036,31.2
63.0,0.034,31.3,0.035,31.3,0.035,31.3,0.035,31.2
63.5,0.034,31.3,0.036,31.3,0.035,31.3,0.036,31.3
64.0,0.033,31.3,0.034,31.3,0.035,31.3,0.034,31.3
64.5,0.032,31.3,0.032,31.3,0.034,31.3,0.032,31.3
65.0,0.032,31.3,0.033,31.3,0.034,31.3,0.035,31.3
65.5,0.032,31.3,0.032,31.3,0.034,31.2,0.034,31.3
66.0,0.032,31.3,0.032,31.3,0.034,31.3,0.032,31.3
66.5,0.032,31.3,0.033,31.3,0.032,31.4,0.032,31.3
67.0,0.030,31.3,0.029,31.3,0.031,31.3,0.031,31.3
67.5,0.030,31.3,0.030,31.3,0.030,31.3,0.030,31.3
68.0,0.030,31.3,0.029,31.3,0.030,31.3,0.028,31.3
68.5,0.028,31.4,0.030,31.4,0.030,31.4,0.029,31.3
69.0,0.028,31.4,0.027,31.4,0.030,31.4,0.027,31.4
69.5,0.028,31.4,0.028,31.4,0.026,31.3,0.028,31.4
70.0,0.028,31.4,0.028,31.4,0.026,31.3,0.029,31.4
70.5,0.028,31.4,0.027,31.4,0.027,31.4,0.028,31.4
71.0,0.028,31.4,0.028,31.4,0.028,31.4,0.026,31.4
71.5,0.028,31.4,0.027,31.4,0.028,31.4,0.026,31.3
72.0,0.026,31.4,0.027,31.4,0.027,31.4,0.026,31.4
72.5,0.026,31.4,0.026,31.4,0.026,31.4,0.027,31.4
73.0,0.025,31.4,0.025,31.4,0.025,31.4,0.025,31.4
73.5,0.024,31.5,0.024,31.5,0.024,31.4,0.025,31.4
74.0,0.023,31.5,0.024,31.5,0.024,31.4,0.025,31.4
74.5,0.022,31.5,0.022,31.5,0.024,31.5,0.022,31.4
75.0,0.019,31.5,0.019,31.5,0.020,31.5,0.019,31.5
75.5,0.015,31.5,0.016,31.5,0.016,31.5,0.017,31.5
76.0,0.008,31.5,0.009,31.5,0.013,31.5,0.009,31.4
76.5,-0.002,31.5,0.000,31.5,-0.001,31.5,0.001,31.4
77.0,-0.016,31.5,-0.013,31.5,-0.016,31.5,-0.011,31.5
77.5,-0.036,31.6,-0.035,31.5,-0.030,31.6,-0.034,31.5
78.0,-0.059,31.6,-0.058,31.6,-0.053,31.6,-0.053,31.6
78.5,-0.086,31.6,-0.085,31.6,-0.081,31.6,-0.083,31.6
79.0,-0.117,31.6,-0.116,31.6,-0.095,31.6,-0.116,31.6
79.5,-0.150,31.6,-0.151,31.6,-0.135,31.6,-0.143,31.6
80.0,-0.185,31.5,-0.184,31.5,-0.150,31.6,-0.182,31.5
80.5,-0.221,31.5,-0.220,31.4,-0.168,31.5,-0.212,31.5
81.0,-0.259,31.3,-0.260,31.3,-0.245,31.4,-0.252,31.3
81.5,-0.298,31.1,-0.299,31.1,-0.293,31.2,-0.295,31.2
82.0,-0.335,31.0,-0.335,31.0,-0.329,31.0,-0.332,31.0
82.5,-0.362,30.9,-0.362,30.9,-0.353,30.9,-0.349,30.9
83.0,-0.381,30.7,-0.384,30.7,-0.380,30.7,-0.376,30.7
83.5,-0.382,30.6,-0.383,30.6,-0.383,30.6,-0.378,30.6
84.0,-0.372,30.5,-0.370,30.5,-0.373,30.5,-0.372,30.4
84.5,-0.357,30.4,-0.357,30.4,-0.360,30.4,-0.356,30.4
85.0,-0.338,30.4,-0.339,30.4,-0.343,30.4,-0.342,30.4
85.5,-0.320,30.3,-0.321,30.3,-0.322,30.3,-0.326,30.4
86.0,-0.293,30.3,-0.299,30.3,-0.288,30.4,-0.315,30.3
86.5,-0.283,30.3,-0.282,30.3,-0.286,30.3,-0.289,30.3
87.0,-0.264,30.3,-0.266,30.3,-0.267,30.3,-0.267,30.3
87.5,-0.248,30.4,-0.248,30.4,-0.249,30.4,-0.251,30.3
88.0,-0.235,30.4,-0.236,30.4,-0.237,30.4,-0.237,30.4
88.5,-0.223,30.4,-0.223,30.4,-0.223,30.4,-0.227,30.4
89.0,-0.211,30.4,-0.212,30.4,-0.211,30.4,-0.215,30.4
89.5,-0.199,30.5,-0.199,30.5,-0.198,30.4,-0.201,30.5
90.0,-0.187,30.5,-0.188,30.5,-0.190,30.5,-0.188,30.5
90.5,-0.175,30.5,-0.174,30.5,-0.174,30.5,-0.177,30.5
91.0,-0.164,30.6,-0.165,30.6,-0.164,30.5,-0.166,30.6
91.5,-0.155,30.6,-0.154,30.6,-0.155,30.5,-0.158,30.6
92.0,-0.145,30.6,-0.144,30.6,-0.143,30.6,-0.148,30.6
92.5,-0.136,30.6,-0.135,30.7,-0.142,30.7,-0.135,30.6
93.0,-0.128,30.7,-0.126,30.7,-0.130,30.7,-0.128,30.6
93.5,-0.119,30.7,-0.117,30.7,-0.120,30.8,-0.118,30.7
94.0,-0.111,30.8,-0.112,30.7,-0.114,30.8,-0.112,30.7
94.5,-0.103,30.8,-0.101,30.8,-0.107,30.8,-0.109,30.7
95.0,-0.096,30.9,-0.095,30.8,-0.098,30.8,-0.096,30.9
95.5,-0.087,30.9,-0.088,30.9,-0.091,30.8,-0.090,30.9
96.0,-0.080,30.9,-0.079,30.9,-0.078,30.9,-0.082,30.9
96.5,-0.072,31.0,-0.072,31.0,-0.072,31.0,-0.072,30.9
97.0,-0.065,31.0,-0.065,31.0,-0.065,31.0,-0.065,31.0
97.5,-0.059,31.1,-0.058,31.1,-0.062,31.1,-0.060,31.1
98.0,-0.053,31.1,-0.053,31.1,-0.055,31.1,-0.058,31.0
98.5,-0.047,31.2,-0.047,31.2,-0.049,31.1,-0.048,31.2
99.0,-0.042,31.2,-0.041,31.2,-0.043,31.2,-0.042,31.2
99.5,-0.037,31.3,-0.036,31.3,-0.037,31.2,-0.038,31.2
100.0,-0.031,31.3,-0.031,31.3,-0.032,31.3,-0.032,31.3
100.5,-0.026,31.3,-0.026,31.3,-0.025,31.3,-0.026,31.3
101.0,-0.021,31.4,-0.020,31.4,-0.021,31.4,-0.021,31.3
101.5,-0.015,31.4,-0.015,31.4,-0.014,31.4,-0.016,31.4
102.0,-0.010,31.4,-0.010,31.5,-0.010,31.4,-0.010,31.4
102.5,-0.005,31.5,-0.005,31.4,-0.005,31.5,-0.005,31.5
103.0,0.000,31.5,0.000,31.5,-0.003,31.5,-0.000,31.5
103.5,0.006,31.5,0.006,31.5,0.005,31.5,0.006,31.6
104.0,0.011,31.6,0.010,31.6,0.009,31.6,0.010,31.6
104.5,0.015,31.6,0.015,31.6,0.017,31.6,0.013,31.6
105.0,0.018,31.6,0.018,31.6,0.019,31.7,0.018,31.6
105.5,0.022,31.6,0.021,31.6,0.023,31.7,0.022,31.6
106.0,0.025,31.6,0.025,31.6,0.024,31.6,0.025,31.6
106.5,0.027,31.6,0.028,31.6,0.027,31.6,0.028,31.6
107.0,0.030,31.6,0.031,31.6,0.030,31.6,0.031,31.6
107.5,0.033,31.6,0.033,31.6,0.033,31.6,0.033,31.6
108.0,0.035,31.6,0.035,31.6,0.036,31.6,0.034,31.6
108.5,0.037,31.6,0.037,31.6,0.037,31.6,0.036,31.7
109.0,0.038,31.6,0.039,31.6,0.036,31.7,0.038,31.6
109.5,0.040,31.6,0.039,31.6,0.039,31.6,0.040,31.6
110.0,0.040,31.6,0.041,31.6,0.041,31.6,0.041,31.6
110.5,0.041,31.6,0.042,31.6,0.042,31.6,0.040,31.6
111.0,0.042,31.6,0.042,31.6,0.042,31.6,0.040,31.6
111.5,0.042,31.6,0.043,31.6,0.043,31.6,0.042,31.6
112.0,0.044,31.6,0.043,31.6,0.044,31.6,0.044,31.6
112.5,0.046,31.6,0.046,31.6,0.044,31.6,0.048,31.6
113.0,0.047,31.6,0.047,31.6,0.048,31.6,0.046,31.6
113.5,0.048,31.6,0.050,31.5,0.048,31.6,0.048,31.6
114.0,0.048,31.5,0.049,31.5,0.050,31.5,0.049,31.6
114.5,0.049,31.5,0.049,31.5,0.049,31.6,0.049,31.5
115.0,0.050,31.5,0.050,31.5,0.050,31.5,0.051,31.5
115.5,0.050,31.5,0.051,31.5,0.050,31.5,0.052,31.5
116.0,0.050,31.5,0.051,31.5,0.052,31.5,0.051,31.5
116.5,0.051,31.5,0.051,31.5,0.050,31.5,0.051,31.5
117.0,0.052,31.5,0.051,31.5,0.051,31.5,0.051,31.5
117.5,0.051,31.5,0.052,31.5,0.052,31.5,0.051,31.5
118.0,0.050,31.5,0.050,31.5,0.050,31.5,0.050,31.5
118.5,0.050,31.5,0.051,31.5,0.050,31.5,0.051,31.5
119.0,0.050,31.5,0.050,31.5,0.051,31.5,0.049,31.5
119.5,0.048,31.5,0.049,31.5,0.049,31.5,0.050,31.5
120.0,0.048,31.5,0.049,31.5,0.047,31.5,0.048,31.5
120.5,0.048,31.5,0.047,31.5,0.046,31.5,0.047,31.5
121.0,0.048,31.5,0.048,31.5,0.047,31.5,0.048,31.5
121.5,0.049,31.5,0.049,31.5,0.048,31.5,0.049,31.5
122.0,0.050,31.5,0.052,31.5,0.050,31.5,0.052,31.5
122.5,0.052,31.5,0.052,31.5,0.052,31.4,0.052,31.5
123.0,0.052,31.5,0.053,31.5,0.052,31.5,0.053,31.5
123.5,0.054,31.5,0.053,31.4,0.053,31.4,0.053,31.5
124.0,0.054,31.4,0.054,31.5,0.054,31.4,0.055,31.5
124.5,0.054,31.4,0.055,31.4,0.055,31.4,0.054,31.5
125.0,0.054,31.4,0.054,31.4,0.055,31.4,0.054,31.4
125.5,0.055,31.4,0.056,31.4,0.056,31.4,0.054,31.5
126.0,0.056,31.4,0.055,31.4,0.056,31.5,0.056,31.4
126.5,0.056,31.4,0.057,31.4,0.055,31.4,0.058,31.4
127.0,0.057,31.4,0.056,31.4,0.054,31.4,0.060,31.4
127.5,0.056,31.4,0.056,31.4,0.055,31.4,0.058,31.4
128.0,0.056,31.4,0.055,31.4,0.058,31.4,0.056,31.4
128.5,0.055,31.4,0.054,31.4,0.055,31.4,0.054,31.4
129.0,0.054,31.4,0.055,31.4,0.055,31.4,0.056,31.4
129.5,0.054,31.4,0.055,31.4,0.053,31.4,0.055,31.4
130.0,0.054,31.4,0.054,31.4,0.053,31.4,0.054,31.4
130.5,0.054,31.4,0.054,31.4,0.054,31.4,0.053,31.4
131.0,0.054,31.4,0.053,31.4,0.053,31.4,0.054,31.4
131.5,0.054,31.4,0.054,31.4,0.054,31.4,0.054,31.4
132.0,0.054,31.4,0.054,31.4,0.055,31.4,0.054,31.4
132.5,0.054,31.4,0.055,31.4,0.055,31.4,0.056,31.4
133.0,0.054,31.4,0.054,31.4,0.054,31.4,0.054,31.4
133.5,0.054,31.4,0.053,31.4,0.053,31.3,0.054,31.4
134.0,0.054,31.4,0.055,31.4,0.052,31.4,0.055,31.4
134.5,0.054,31.3,0.056,31.3,0.050,31.4,0.053,31.4
135.0,0.043,31.3,0.046,31.3,0.044,31.4,0.043,31.3
135.5,0.053,31.3,0.052,31.3,0.053,31.3,0.052,31.4
136.0,0.053,31.3,0.053,31.4,0.054,31.4,0.053,31.4
136.5,0.054,31.3,0.053,31.4,0.053,31.4,0.051,31.3
137.0,0.054,31.4,0.055,31.4,0.054,31.3,0.052,31.3
137.5,0.053,31.4,0.054,31.3,0.053,31.3,0.054,31.3
138.0,0.052,31.4,0.052,31.4,0.052,31.4,0.054,31.3
138.5,0.052,31.4,0.053,31.4,0.052,31.3,0.054,31.4
139.0,0.052,31.4,0.053,31.4,0.051,31.4,0.052,31.4
139.5,0.052,31.4,0.053,31.4,0.052,31.4,0.053,31.3
140.0,0.052,31.4,0.053,31.4,0.052,31.4,0.052,31.4
140.5,0.053,31.4,0.053,31.4,0.052,31.4,0.054,31.4
141.0,0.054,31.4,0.053,31.4,0.054,31.4,0.053,31.4
141.5,0.055,31.4,0.055,31.4,0.055,31.4,0.054,31.4
142.0,0.056,31.4,0.056,31.4,0.054,31.4,0.056,31.4
142.5,0.056,31.4,0.056,31.4,0.056,31.4,0.056,31.3
143.0,0.054,31.4,0.055,31.4,0.054,31.4,0.055,31.3
143.5,0.054,31.4,0.054,31.4,0.054,31.4,0.054,31.4
144.0,0.054,31.4,0.054,31.3,0.054,31.4,0.052,31.4
144.5,0.054,31.3,0.054,31.3,0.055,31.4,0.054,31.3
145.0,0.054,31.4,0.055,31.4,0.054,31.4,0.053,31.4
145.5,0.056,31.4,0.055,31.4,0.055,31.4,0.054,31.4
146.0,0.056,31.4,0.054,31.4,0.056,31.4,0.054,31.4
146.5,0.056,31.4,0.056,31.4,0.056,31.4,0.056,31.3
147.0,0.055,31.3,0.056,31.4,0.055,31.3,0.056,31.4
147.5,0.054,31.4,0.055,31.4,0.054,31.3,0.058,31.4
148.0,0.054,31.4,0.054,31.3,0.053,31.4,0.057,31.4
148.5,0.054,31.4,0.055,31.4,0.053,31.4,0.053,31.4
149.0,0.053,31.4,0.054,31.4,0.052,31.3,0.052,31.4
149.5,0.054,31.4,0.055,31.4,0.054,31.3,0.053,31.4
150.0,0.054,31.4,0.055,31.4,0.054,31.3,0.055,31.4
150.5,0.055,31.4,0.056,31.4,0.056,31.4,0.055,31.4
151.0,0.056,31.4,0.057,31.4,0.056,31.4,0.056,31.4
151.5,0.056,31.4,0.055,31.4,0.056,31.4,0.055,31.4
152.0,0.056,31.4,0.056,31.4,0.055,31.3,0.055,31.4
152.5,0.054,31.4,0.055,31.4,0.054,31.3,0.056,31.4
153.0,0.054,31.4,0.053,31.4,0.054,31.4,0.052,31.4
153.5,0.054,31.4,0.053,31.4,0.056,31.4,0.054,31.4
154.0,0.055,31.4,0.055,31.4,0.055,31.4,0.055,31.4
154.5,0.056,31.4,0.056,31.4,0.055,31.4,0.055,31.4
155.0,0.056,31.4,0.056,31.4,0.056,31.4,0.054,31.4
155.5,0.056,31.4,0.056,31.4,0.057,31.4,0.056,31.3
156.0,0.054,31.4,0.054,31.4,0.057,31.4,0.056,31.3
156.5,0.054,31.4,0.054,31.4,0.054,31.4,0.056,31.4
157.0,0.054,31.4,0.054,31.4,0.053,31.4,0.055,31.4
157.5,0.052,31.4,0.053,31.4,0.053,31.4,0.053,31.4
158.0,0.052,31.4,0.053,31.4,0.053,31.3,0.052,31.4
158.5,0.052,31.4,0.053,31.4,0.052,31.4,0.052,31.4
159.0,0.052,31.4,0.053,31.4,0.053,31.4,0.053,31.4
159.5,0.052,31.4,0.053,31.4,0.055,31.4,0.054,31.4
160.0,0.052,31.4,0.054,31.4,0.053,31.4,0.053,31.4
160.5,0.052,31.4,0.053,31.4,0.055,31.4,0.054,31.4
161.0,0.052,31.4,0.053,31.4,0.050,31.4,0.053,31.4
161.5,0.050,31.4,0.051,31.4,0.053,31.4,0.052,31.4
162.0,0.050,31.4,0.049,31.4,0.051,31.4,0.050,31.4
162.5,0.050,31.4,0.049,31.4,0.051,31.5,0.049,31.4
163.0,0.049,31.4,0.048,31.5,0.049,31.4,0.052,31.4
163.5,0.048,31.4,0.048,31.5,0.049,31.4,0.048,31.4
164.0,0.048,31.4,0.050,31.4,0.049,31.5,0.050,31.4
164.5,0.048,31.4,0.048,31.4,0.046,31.4,0.047,31.4
165.0,0.046,31.4,0.047,31.5,0.048,31.5,0.046,31.4
165.5,0.046,31.4,0.045,31.4,0.048,31.5,0.046,31.4
166.0,0.044,31.5,0.045,31.5,0.046,31.5,0.045,31.5
166.5,0.042,31.5,0.043,31.5,0.044,31.5,0.043,31.5
167.0,0.042,31.5,0.041,31.5,0.042,31.4,0.042,31.5
167.5,0.042,31.5,0.041,31.5,0.041,31.5,0.041,31.5
168.0,0.040,31.5,0.042,31.5,0.042,31.5,0.041,31.5
168.5,0.040,31.5,0.042,31.5,0.041,31.5,0.041,31.5
169.0,0.040,31.5,0.040,31.5,0.040,31.5,0.041,31.5
169.5,0.040,31.5,0.039,31.5,0.041,31.5,0.039,31.5
170.0,0.040,31.5,0.040,31.5,0.041,31.5,0.040,31.5
170.5,0.038,31.5,0.039,31.6,0.040,31.5,0.040,31.5
171.0,0.038,31.6,0.038,31.5,0.040,31.5,0.038,31.5
171.5,0.038,31.6,0.038,31.5,0.039,31.5,0.037,31.6
172.0,0.038,31.6,0.037,31.6,0.038,31.6,0.037,31.6
172.5,0.036,31.6,0.036,31.6,0.040,31.6,0.038,31.6
173.0,0.036,31.6,0.035,31.6,0.038,31.6,0.036,31.6
173.5,0.036,31.6,0.034,31.6,0.034,31.6,0.037,31.6
174.0,0.034,31.6,0.034,31.6,0.036,31.6,0.035,31.6
174.5,0.034,31.6,0.034,31.6,0.036,31.6,0.034,31.6
175.0,0.033,31.7,0.033,31.6,0.034,31.6,0.033,31.7
175.5,0.032,31.6,0.032,31.6,0.034,31.6,0.032,31.6
176.0,0.030,31.7,0.031,31.7,0.031,31.6,0.031,31.7
176.5,0.030,31.7,0.030,31.6,0.031,31.6,0.030,31.7
177.0,0.030,31.7,0.030,31.7,0.029,31.7,0.030,31.6
177.5,0.030,31.7,0.030,31.7,0.028,31.7,0.030,31.7
178.0,0.029,31.7,0.030,31.7,0.028,31.7,0.031,31.7
178.5,0.028,31.7,0.029,31.7,0.030,31.7,0.030,31.7
179.0,0.028,31.7,0.030,31.7,0.030,31.7,0.029,31.7
179.5,0.028,31.7,0.028,31.7,0.028,31.7,0.029,31.7
180.0,0.028,31.7,0.028,31.7,0.027,31.7,0.028,31.7
180.5,0.026,31.7,0.027,31.8,0.026,31.8,0.027,31.8
181.0,0.026,31.8,0.026,31.8,0.026,31.8,0.026,31.8
181.5,0.026,31.8,0.027,31.8,0.025,31.7,0.027,31.8
182.0,0.026,31.8,0.026,31.8,0.025,31.7,0.026,31.8
182.5,0.025,31.8,0.025,31.8,0.025,31.8,0.025,31.8
183.0,0.024,31.8,0.024,31.8,0.024,31.8,0.024,31.8
183.5,0.024,31.8,0.023,31.8,0.024,31.8,0.022,31.8
184.0,0.022,31.8,0.022,31.8,0.025,31.8,0.022,31.8
184.5,0.021,31.8,0.021,31.8,0.023,31.8,0.022,31.8
185.0,0.019,31.8,0.020,31.8,0.022,31.9,0.021,31.8
185.5,0.017,31.9,0.017,31.9,0.017,31.9,0.018,31.9
186.0,0.012,31.9,0.013,31.9,0.014,31.9,0.012,31.9
186.5,0.007,31.9,0.008,31.9,0.011,31.9,0.008,31.9
187.0,0.000,31.9,-0.000,31.9,0.001,31.9,0.001,31.9
187.5,-0.008,31.9,-0.008,31.9,-0.006,31.9,-0.008,31.9
188.0,-0.018,31.9,-0.019,32.0,-0.017,32.0,-0.018,31.9
188.5,-0.030,32.0,-0.030,32.0,-0.026,31.9,-0.030,32.0
189.0,-0.040,32.0,-0.041,32.0,-0.036,32.0,-0.038,32.0
189.5,-0.048,32.1,-0.049,32.0,-0.046,32.0,-0.046,32.1
190.0,-0.052,32.1,-0.052,32.1,-0.051,32.1,-0.052,32.1
190.5,-0.054,32.1,-0.054,32.1,-0.052,32.1,-0.053,32.1
191.0,-0.054,32.1,-0.054,32.1,-0.052,32.1,-0.054,32.1
191.5,-0.053,32.2,-0.053,32.2,-0.053,32.1,-0.053,32.2
192.0,-0.051,32.2,-0.051,32.2,-0.052,32.2,-0.051,32.2
192.5,-0.049,32.2,-0.048,32.2,-0.052,32.2,-0.047,32.2
193.0,-0.043,32.2,-0.044,32.2,-0.044,32.2,-0.044,32.2
193.5,-0.039,32.2,-0.040,32.2,-0.040,32.2,-0.039,32.2
194.0,-0.034,32.2,-0.034,32.2,-0.035,32.2,-0.034,32.2
194.5,-0.031,32.2,-0.031,32.2,-0.032,32.2,-0.031,32.2
195.0,-0.029,32.3,-0.030,32.3,-0.030,32.2,-0.028,32.3
195.5,-0.028,32.3,-0.028,32.3,-0.030,32.2,-0.028,32.3
196.0,-0.026,32.3,-0.026,32.3,-0.027,32.3,-0.026,32.3
196.5,-0.026,32.3,-0.026,32.3,-0.026,32.3,-0.026,32.3
197.0,-0.026,32.3,-0.026,32.3,-0.026,32.3,-0.026,32.3
197.5,-0.026,32.3,-0.026,32.3,-0.025,32.3,-0.026,32.3
198.0,-0.027,32.4,-0.027,32.3,-0.026,32.3,-0.026,32.4
198.5,-0.028,32.4,-0.027,32.4,-0.026,32.3,-0.027,32.4
199.0,-0.028,32.4,-0.029,32.4,-0.028,32.4,-0.029,32.4
199.5,-0.026,32.4,-0.027,32.4,-0.026,32.4,-0.028,32.4
200.0,-0.026,32.4,-0.026,32.4,-0.025,32.4,-0.026,32.4
200.5,-0.024,32.4,-0.024,32.4,-0.024,32.4,-0.023,32.4
201.0,-0.022,32.4,-0.022,32.4,-0.023,32.4,-0.022,32.4
201.5,-0.020,32.4,-0.020,32.4,-0.020,32.4,-0.020,32.4
202.0,-0.017,32.4,-0.017,32.4,-0.017,32.4,-0.018,32.4
202.5,-0.013,32.5,-0.012,32.4,-0.015,32.4,-0.014,32.5
203.0,-0.010,32.5,-0.010,32.5,-0.011,32.4,-0.011,32.5
203.5,-0.008,32.5,-0.007,32.5,-0.006,32.4,-0.009,32.5
204.0,-0.006,32.5,-0.006,32.5,-0.004,32.4,-0.006,32.5
204.5,-0.005,32.5,-0.004,32.5,-0.006,32.5,-0.003,32.6
205.0,-0.003,32.5,-0.003,32.5,-0.004,32.5,-0.003,32.5
205.5,-0.002,32.5,-0.003,32.5,-0.004,32.5,-0.003,32.5
206.0,-0.000,32.5,0.000,32.5,-0.000,32.5,-0.001,32.5
206.5,0.002,32.5,0.002,32.5,0.002,32.5,0.002,32.5
207.0,0.003,32.5,0.002,32.5,0.003,32.5,0.005,32.5
207.5,0.004,32.5,0.004,32.5,0.003,32.6,0.005,32.5
208.0,0.006,32.5,0.007,32.5,0.005,32.6,0.006,32.5
208.5,0.006,32.5,0.006,32.5,0.006,32.5,0.006,32.5
209.0,0.008,32.5,0.008,32.5,0.008,32.5,0.006,32.5
209.5,0.009,32.5,0.010,32.5,0.009,32.5,0.009,32.5
210.0,0.013,32.5,0.014,32.5,0.013,32.5,0.012,32.5
210.5,0.016,32.6,0.016,32.6,0.015,32.5,0.017,32.5
211.0,0.019,32.5,0.020,32.5,0.019,32.5,0.018,32.5
211.5,0.022,32.5,0.022,32.5,0.022,32.5,0.023,32.5
212.0,0.023,32.5,0.023,32.5,0.023,32.6,0.025,32.5
212.5,0.025,32.5,0.026,32.5,0.025,32.5,0.024,32.6
213.0,0.027,32.5,0.028,32.5,0.029,32.5,0.025,32.5
213.5,0.030,32.5,0.030,32.5,0.030,32.5,0.029,32.5
214.0,0.032,32.5,0.032,32.5,0.031,32.5,0.031,32.4
214.5,0.034,32.4,0.035,32.4,0.031,32.4,0.034,32.4
215.0,0.036,32.4,0.036,32.4,0.035,32.4,0.035,32.5
215.5,0.037,32.4,0.038,32.4,0.037,32.4,0.039,32.4
216.0,0.038,32.4,0.039,32.4,0.038,32.3,0.039,32.4
216.5,0.040,32.4,0.040,32.4,0.040,32.4,0.041,32.4
217.0,0.040,32.4,0.040,32.4,0.041,32.4,0.040,32.4
217.5,0.040,32.3,0.040,32.3,0.039,32.3,0.040,32.3
218.0,0.040,32.3,0.040,32.3,0.039,32.3,0.040,32.3
218.5,0.040,32.3,0.040,32.3,0.040,32.3,0.041,32.3
219.0,0.040,32.3,0.040,32.3,0.040,32.3,0.042,32.4
219.5,0.042,32.3,0.040,32.3,0.042,32.3,0.041,32.3
220.0,0.043,32.3,0.042,32.3,0.043,32.3,0.041,32.3
220.5,0.044,32.3,0.044,32.3,0.042,32.2,0.043,32.3
221.0,0.045,32.2,0.046,32.3,0.043,32.2,0.043,32.2
221.5,0.046,32.2,0.044,32.2,0.045,32.2,0.045,32.2
222.0,0.046,32.2,0.046,32.2,0.047,32.2,0.047,32.2
222.5,0.047,32.2,0.047,32.2,0.047,32.2,0.046,32.3
223.0,0.048,32.2,0.049,32.2,0.046,32.2,0.048,32.2
223.5,0.049,32.2,0.049,32.2,0.049,32.2,0.048,32.2
224.0,0.050,32.2,0.050,32.2,0.050,32.2,0.048,32.2
224.5,0.050,32.2,0.050,32.2,0.050,32.2,0.050,32.2
225.0,0.050,32.1,0.051,32.1,0.050,32.2,0.049,32.2
225.5,0.050,32.1,0.051,32.2,0.050,32.1,0.050,32.1
226.0,0.050,32.1,0.051,32.1,0.051,32.2,0.050,32.1
226.5,0.050,32.1,0.050,32.2,0.050,32.1,0.050,32.1
227.0,0.048,32.1,0.048,32.2,0.050,32.1,0.049,32.2
227.5,0.048,32.1,0.048,32.1,0.050,32.1,0.048,32.2
228.0,0.048,32.1,0.049,32.1,0.050,32.1,0.048,32.1
228.5,0.049,32.1,0.049,32.1,0.050,32.1,0.049,32.1
229.0,0.050,32.1,0.049,32.1,0.048,32.2,0.051,32.1
229.5,0.050,32.1,0.050,32.1,0.049,32.1,0.050,32.1
230.0,0.050,32.1,0.051,32.1,0.050,32.1,0.050,32.1
230.5,0.050,32.1,0.052,32.1,0.051,32.1,0.052,32.1
231.0,0.050,32.1,0.050,32.1,0.051,32.1,0.052,32.1
231.5,0.050,32.1,0.050,32.1,0.050,32.1,0.051,32.1
232.0,0.050,32.1,0.050,32.1,0.051,32.1,0.052,32.0
232.5,0.050,32.1,0.050,32.1,0.049,32.1,0.051,32.1
233.0,0.051,32.1,0.052,32.1,0.050,32.1,0.050,32.1
233.5,0.052,32.1,0.052,32.1,0.052,32.1,0.050,32.1
234.0,0.052,32.1,0.051,32.1,0.052,32.1,0.052,32.1
234.5,0.052,32.1,0.051,32.1,0.052,32.1,0.051,32.1
235.0,0.052,32.1,0.051,32.1,0.052,32.1,0.051,32.1
235.5,0.051,32.1,0.051,32.1,0.051,32.1,0.051,32.1
236.0,0.050,32.1,0.051,32.1,0.051,32.1,0.050,32.1
236.5,0.050,32.1,0.051,32.1,0.050,32.1,0.050,32.1
237.0,0.050,32.1,0.050,32.1,0.049,32.1,0.049,32.1
237.5,0.049,32.1,0.049,32.1,0.048,32.1,0.049,32.1
238.0,0.049,32.1,0.048,32.1,0.049,32.1,0.050,32.1
238.5,0.050,32.1,0.051,32.1,0.049,32.1,0.050,32.1
239.0,0.050,32.1,0.051,32.1,0.050,32.1,0.050,32.1
239.5,0.050,32.1,0.050,32.0,0.051,32.1,0.050,32.0
240.0,0.050,32.1,0.050,32.1,0.050,32.1,0.050,32.1
240.5,0.050,32.1,0.050,32.1,0.050,32.1,0.049,32.1
241.0,0.050,32.1,0.051,32.1,0.050,32.0,0.049,32.1
241.5,0.051,32.1,0.051,32.0,0.050,32.1,0.048,32.1
242.0,0.052,32.1,0.052,32.1,0.050,32.1,0.049,32.1
242.5,0.052,32.1,0.053,32.1,0.051,32.0,0.052,32.1
243.0,0.052,32.1,0.053,32.1,0.052,32.1,0.055,32.1
243.5,0.052,32.1,0.052,32.1,0.053,32.1,0.053,32.1
244.0,0.052,32.1,0.052,32.1,0.053,32.1,0.052,32.1
244.5,0.052,32.1,0.053,32.1,0.054,32.1,0.053,32.1
245.0,0.052,32.1,0.051,32.1,0.052,32.1,0.052,32.1
245.5,0.052,32.1,0.053,32.1,0.051,32.1,0.052,32.1
246.0,0.052,32.1,0.051,32.1,0.053,32.1,0.052,32.1
246.5,0.052,32.1,0.051,32.1,0.050,32.1,0.051,32.1
247.0,0.052,32.1,0.051,32.1,0.051,32.1,0.052,32.0
247.5,0.051,32.1,0.051,32.1,0.051,32.0,0.051,32.0
248.0,0.051,32.1,0.050,32.1,0.052,32.1,0.051,32.1
248.5,0.051,32.1,0.051,32.1,0.052,32.1,0.052,32.0
249.0,0.050,32.1,0.051,32.1,0.053,32.1,0.052,32.1
249.5,0.050,32.1,0.050,32.1,0.051,32.1,0.051,32.1
250.0,0.050,32.1,0.050,32.1,0.051,32.1,0.051,32.1
250.5,0.050,32.1,0.051,32.1,0.050,32.1,0.050,32.1
251.0,0.052,32.1,0.051,32.1,0.050,32.1,0.051,32.1
251.5,0.052,32.1,0.053,32.1,0.052,32.1,0.054,32.1
252.0,0.054,32.1,0.054,32.1,0.055,32.0,0.053,32.1
252.5,0.054,32.1,0.054,32.1,0.054,32.1,0.055,32.1
253.0,0.054,32.1,0.055,32.1,0.056,32.1,0.054,32.1
253.5,0.054,32.1,0.055,32.1,0.056,32.1,0.055,32.1
254.0,0.054,32.1,0.055,32.1,0.055,32.1,0.055,32.1
254.5,0.054,32.1,0.054,32.1,0.054,32.0,0.054,32.1
255.0,0.054,32.1,0.054,32.1,0.052,32.1,0.053,32.1
255.5,0.054,32.1,0.054,32.1,0.053,32.1,0.054,32.1
256.0,0.054,32.1,0.053,32.1,0.053,32.1,0.054,32.1
256.5,0.053,32.1,0.053,32.1,0.054,32.1,0.054,32.1
257.0,0.054,32.1,0.054,32.1,0.054,32.1,0.055,32.1
257.5,0.054,32.1,0.055,32.1,0.054,32.1,0.055,32.1
258.0,0.054,32.1,0.055,32.1,0.053,32.1,0.054,32.1
258.5,0.054,32.1,0.053,32.1,0.053,32.1,0.053,32.1
259.0,0.052,32.1,0.052,32.1,0.051,32.1,0.052,32.1
259.5,0.052,32.1,0.052,32.1,0.052,32.1,0.052,32.1
260.0,0.052,32.1,0.051,32.1,0.052,32.1,0.052,32.1
260.5,0.052,32.1,0.051,32.1,0.051,32.1,0.054,32.1
261.0,0.052,32.1,0.053,32.1,0.052,32.1,0.053,32.2
261.5,0.052,32.1,0.052,32.1,0.053,32.2,0.052,32.2
262.0,0.052,32.1,0.052,32.1,0.053,32.1,0.052,32.2
262.5,0.052,32.1,0.053,32.1,0.053,32.1,0.052,32.1
263.0,0.052,32.1,0.053,32.1,0.051,32.1,0.051,32.1
263.5,0.052,32.1,0.052,32.1,0.052,32.2,0.052,32.2
264.0,0.050,32.1,0.052,32.1,0.050,32.1,0.051,32.1
264.5,0.050,32.1,0.050,32.1,0.051,32.1,0.050,32.1
265.0,0.050,32.1,0.050,32.1,0.051,32.1,0.050,32.1
265.5,0.050,32.1,0.050,32.1,0.052,32.2,0.049,32.2
266.0,0.050,32.2,0.051,32.1,0.052,32.1,0.048,32.2
266.5,0.050,32.2,0.050,32.2,0.051,32.1,0.050,32.2
267.0,0.051,32.1,0.052,32.2,0.050,32.1,0.052,32.2
267.5,0.052,32.2,0.052,32.2,0.051,32.1,0.052,32.1
268.0,0.052,32.2,0.053,32.1,0.051,32.2,0.053,32.2
268.5,0.052,32.2,0.052,32.2,0.051,32.1,0.053,32.2
269.0,0.052,32.2,0.053,32.2,0.050,32.1,0.051,32.2
269.5,0.052,32.2,0.054,32.2,0.051,32.2,0.052,32.2
270.0,0.054,32.2,0.053,32.2,0.054,32.2,0.054,32.2
270.5,0.054,32.2,0.054,32.2,0.054,32.2,0.056,32.2
271.0,0.054,32.2,0.054,32.2,0.054,32.2,0.055,32.2
271.5,0.054,32.2,0.054,32.2,0.055,32.1,0.054,32.2
272.0,0.054,32.2,0.054,32.2,0.054,32.2,0.054,32.2
272.5,0.052,32.2,0.052,32.1,0.052,32.1,0.052,32.2
273.0,0.051,32.2,0.052,32.1,0.052,32.1,0.051,32.1
273.5,0.050,32.2,0.050,32.2,0.052,32.2,0.049,32.2
274.0,0.048,32.2,0.050,32.2,0.048,32.2,0.048,32.2
274.5,0.048,32.2,0.048,32.2,0.046,32.2,0.048,32.2
275.0,0.046,32.2,0.047,32.2,0.047,32.2,0.045,32.1
275.5,0.046,32.2,0.046,32.2,0.047,32.2,0.044,32.2
276.0,0.045,32.2,0.046,32.2,0.045,32.3,0.046,32.2
276.5,0.044,32.2,0.045,32.2,0.044,32.2,0.044,32.2
277.0,0.043,32.2,0.042,32.2,0.045,32.2,0.042,32.2
277.5,0.042,32.3,0.042,32.2,0.042,32.3,0.043,32.3
278.0,0.041,32.3,0.041,32.3,0.043,32.2,0.041,32.3
278.5,0.040,32.3,0.040,32.3,0.040,32.3,0.040,32.3
279.0,0.040,32.3,0.040,32.2,0.042,32.3,0.041,32.2
279.5,0.040,32.3,0.040,32.3,0.041,32.3,0.038,32.2
280.0,0.038,32.3,0.040,32.3,0.039,32.3,0.038,32.3
280.5,0.038,32.3,0.039,32.3,0.040,32.2,0.038,32.3
281.0,0.036,32.3,0.036,32.3,0.037,32.3,0.037,32.3
281.5,0.036,32.3,0.036,32.3,0.036,32.4,0.037,32.3
282.0,0.035,32.3,0.035,32.3,0.036,32.3,0.034,32.3
282.5,0.034,32.4,0.035,32.4,0.035,32.4,0.035,32.4
283.0,0.032,32.4,0.033,32.4,0.035,32.4,0.032,32.4
283.5,0.032,32.4,0.032,32.4,0.033,32.4,0.033,32.4
284.0,0.032,32.4,0.033,32.4,0.032,32.4,0.033,32.4
284.5,0.031,32.4,0.031,32.4,0.032,32.4,0.032,32.4
285.0,0.030,32.4,0.030,32.4,0.030,32.4,0.030,32.5
285.5,0.030,32.5,0.030,32.4,0.029,32.4,0.029,32.5
286.0,0.028,32.4,0.029,32.4,0.029,32.5,0.029,32.4
286.5,0.028,32.5,0.028,32.4,0.028,32.5,0.029,32.5
287.0,0.028,32.5,0.028,32.5,0.029,32.5,0.029,32.5
287.5,0.028,32.5,0.029,32.5,0.029,32.5,0.028,32.5
288.0,0.028,32.5,0.029,32.5,0.027,32.5,0.028,32.5
288.5,0.028,32.5,0.029,32.5,0.028,32.5,0.030,32.5
289.0,0.028,32.5,0.027,32.5,0.027,32.5,0.028,32.5
289.5,0.026,32.5,0.027,32.5,0.027,32.6,0.027,32.5
290.0,0.026,32.6,0.026,32.5,0.026,32.6,0.026,32.6
290.5,0.026,32.6,0.025,32.6,0.025,32.6,0.026,32.6
291.0,0.025,32.6,0.025,32.6,0.025,32.6,0.026,32.6
291.5,0.024,32.6,0.023,32.6,0.025,32.6,0.024,32.6
292.0,0.024,32.6,0.023,32.6,0.024,32.6,0.024,32.5
292.5,0.022,32.6,0.023,32.6,0.023,32.6,0.023,32.6
293.0,0.022,32.6,0.021,32.6,0.022,32.6,0.022,32.6
293.5,0.020,32.7,0.021,32.6,0.020,32.6,0.022,32.7
294.0,0.020,32.7,0.020,32.7,0.020,32.7,0.021,32.7
294.5,0.020,32.7,0.021,32.7,0.021,32.7,0.022,32.6
295.0,0.019,32.7,0.020,32.7,0.021,32.7,0.021,32.7
295.5,0.018,32.7,0.018,32.7,0.019,32.7,0.019,32.7
296.0,0.017,32.7,0.017,32.7,0.017,32.7,0.017,32.7
296.5,0.014,32.7,0.015,32.7,0.014,32.7,0.016,32.7
297.0,0.010,32.7,0.011,32.7,0.010,32.7,0.014,32.7
297.5,0.005,32.8,0.006,32.8,0.006,32.8,0.007,32.8
298.0,-0.002,32.8,-0.001,32.8,-0.002,32.8,0.001,32.8
298.5,-0.009,32.8,-0.009,32.8,-0.009,32.8,-0.006,32.8
299.0,-0.019,32.8,-0.018,32.8,-0.018,32.9,-0.017,32.8
299.5,-0.028,32.9,-0.028,32.9,-0.025,32.8,-0.027,32.9
300.0,-0.036,32.9,-0.035,32.9,-0.035,32.9,-0.032,32.9
300.5,-0.042,32.9,-0.042,32.9,-0.042,32.9,-0.042,33.0
301.0,-0.045,33.0,-0.044,32.9,-0.044,33.0,-0.044,33.0
301.5,-0.046,33.0,-0.046,33.0,-0.045,33.0,-0.045,33.0
302.0,-0.044,33.0,-0.045,33.0,-0.043,33.0,-0.044,33.0
302.5,-0.044,33.0,-0.044,33.0,-0.043,33.0,-0.044,33.0
303.0,-0.043,33.0,-0.042,33.0,-0.042,33.0,-0.044,33.0
303.5,-0.042,33.1,-0.042,33.1,-0.042,33.1,-0.043,33.0
304.0,-0.041,33.1,-0.041,33.1,-0.042,33.1,-0.042,33.0
304.5,-0.040,33.1,-0.041,33.1,-0.041,33.1,-0.041,33.1
305.0,-0.040,33.1,-0.041,33.1,-0.040,33.1,-0.041,33.1
305.5,-0.041,33.1,-0.041,33.1,-0.039,33.1,-0.041,33.1
306.0,-0.042,33.2,-0.041,33.2,-0.040,33.2,-0.040,33.1
306.5,-0.041,33.2,-0.041,33.2,-0.042,33.2,-0.040,33.1
307.0,-0.040,33.2,-0.038,33.2,-0.041,33.2,-0.039,33.2
307.5,-0.038,33.2,-0.038,33.2,-0.038,33.2,-0.038,33.2
308.0,-0.037,33.2,-0.038,33.2,-0.038,33.2,-0.038,33.2
308.5,-0.035,33.2,-0.037,33.2,-0.036,33.2,-0.037,33.2
309.0,-0.034,33.2,-0.033,33.2,-0.034,33.2,-0.035,33.2
309.5,-0.031,33.2,-0.030,33.2,-0.031,33.3,-0.032,33.2
310.0,-0.027,33.3,-0.027,33.3,-0.028,33.3,-0.027,33.3
310.5,-0.025,33.3,-0.024,33.3,-0.025,33.3,-0.025,33.3
311.0,-0.024,33.3,-0.025,33.3,-0.023,33.3,-0.024,33.3
311.5,-0.023,33.3,-0.023,33.3,-0.023,33.3,-0.022,33.2
312.0,-0.022,33.3,-0.023,33.3,-0.022,33.3,-0.022,33.3
312.5,-0.022,33.3,-0.022,33.3,-0.021,33.3,-0.021,33.3
313.0,-0.020,33.3,-0.022,33.3,-0.019,33.3,-0.021,33.3
313.5,-0.019,33.3,-0.019,33.3,-0.020,33.3,-0.019,33.3
314.0,-0.018,33.3,-0.018,33.3,-0.017,33.4,-0.017,33.3
314.5,-0.016,33.4,-0.017,33.4,-0.017,33.3,-0.016,33.4
315.0,-0.014,33.4,-0.014,33.4,-0.014,33.3,-0.014,33.4
315.5,-0.012,33.4,-0.013,33.4,-0.012,33.3,-0.013,33.4
316.0,-0.010,33.4,-0.009,33.4,-0.010,33.4,-0.010,33.4
316.5,-0.007,33.4,-0.007,33.4,-0.008,33.4,-0.009,33.3
317.0,-0.004,33.4,-0.004,33.4,-0.005,33.4,-0.005,33.4
317.5,-0.002,33.4,-0.002,33.4,-0.001,33.4,-0.002,33.4
318.0,0.003,33.4,0.003,33.4,0.003,33.4,0.002,33.4
318.5,0.005,33.4,0.005,33.4,0.005,33.4,0.006,33.4
319.0,0.008,33.4,0.008,33.4,0.007,33.4,0.007,33.4
319.5,0.011,33.4,0.010,33.4,0.009,33.4,0.010,33.4
320.0,0.013,33.4,0.014,33.4,0.013,33.4,0.014,33.4
320.5,0.016,33.4,0.017,33.4,0.016,33.4,0.016,33.5
321.0,0.019,33.4,0.018,33.4,0.019,33.5,0.018,33.4
321.5,0.021,33.4,0.020,33.4,0.021,33.5,0.020,33.4
322.0,0.023,33.4,0.023,33.4,0.024,33.4,0.022,33.4
322.5,0.025,33.4,0.025,33.4,0.024,33.4,0.025,33.4
323.0,0.026,33.4,0.027,33.4,0.026,33.4,0.026,33.4
323.5,0.027,33.3,0.028,33.3,0.027,33.3,0.028,33.4
324.0,0.028,33.3,0.028,33.3,0.028,33.4,0.027,33.3
324.5,0.028,33.3,0.027,33.3,0.029,33.3,0.028,33.3
325.0,0.028,33.3,0.027,33.3,0.028,33.3,0.029,33.3
325.5,0.029,33.3,0.028,33.3,0.028,33.3,0.027,33.3
326.0,0.031,33.3,0.031,33.3,0.033,33.3,0.029,33.3
326.5,0.033,33.2,0.033,33.3,0.032,33.2,0.034,33.2
327.0,0.035,33.2,0.035,33.3,0.035,33.2,0.034,33.3
327.5,0.036,33.2,0.037,33.2,0.036,33.2,0.035,33.3
328.0,0.038,33.2,0.038,33.2,0.038,33.2,0.037,33.2
328.5,0.038,33.2,0.038,33.2,0.039,33.2,0.037,33.2
329.0,0.038,33.2,0.038,33.2,0.038,33.2,0.038,33.2
329.5,0.040,33.2,0.039,33.2,0.041,33.1,0.040,33.2
330.0,0.041,33.2,0.040,33.2,0.042,33.2,0.042,33.2
330.5,0.042,33.2,0.043,33.1,0.042,33.2,0.042,33.1
331.0,0.044,33.1,0.043,33.1,0.043,33.1,0.043,33.1
331.5,0.044,33.1,0.043,33.1,0.044,33.1,0.044,33.2
332.0,0.044,33.1,0.046,33.1,0.046,33.1,0.043,33.2
332.5,0.044,33.1,0.044,33.1,0.046,33.1,0.044,33.1
333.0,0.045,33.1,0.045,33.1,0.046,33.1,0.046,33.1
333.5,0.044,33.1,0.044,33.1,0.045,33.0,0.044,33.1
334.0,0.044,33.0,0.044,33.0,0.043,33.0,0.045,33.0
334.5,0.044,33.0,0.044,33.0,0.042,33.1,0.046,33.0
335.0,0.045,33.0,0.044,33.0,0.045,33.0,0.045,33.0
335.5,0.047,33.0,0.046,33.0,0.046,33.1,0.046,33.0
336.0,0.048,33.0,0.048,33.0,0.050,33.0,0.048,33.1
336.5,0.048,33.0,0.049,33.0,0.051,33.0,0.047,33.0
337.0,0.048,33.0,0.048,33.0,0.047,33.0,0.050,33.0
337.5,0.048,33.0,0.048,33.0,0.049,33.0,0.048,33.0
338.0,0.049,33.0,0.050,33.0,0.049,33.0,0.050,33.0
338.5,0.049,33.0,0.049,33.0,0.048,33.0,0.049,33.0
339.0,0.050,33.0,0.049,33.0,0.050,33.0,0.048,33.0
339.5,0.050,32.9,0.049,32.9,0.051,32.9,0.050,33.0
340.0,0.050,32.9,0.050,32.9,0.050,33.0,0.051,33.0
340.5,0.050,32.9,0.050,32.9,0.049,32.9,0.049,33.0
341.0,0.050,32.9,0.049,32.9,0.052,32.9,0.048,33.0
341.5,0.050,32.9,0.050,32.9,0.051,32.9,0.050,32.9
342.0,0.049,32.9,0.050,32.9,0.049,32.9,0.050,32.9
342.5,0.048,32.9,0.049,32.9,0.050,32.9,0.049,32.9
343.0,0.048,32.9,0.047,32.9,0.050,32.9,0.049,32.9
343.5,0.047,32.9,0.047,32.9,0.048,32.9,0.046,32.9
344.0,0.046,32.9,0.046,32.9,0.046,32.9,0.045,32.9
344.5,0.046,32.9,0.046,32.9,0.047,32.9,0.046,32.9
345.0,0.046,32.9,0.048,32.9,0.046,32.9,0.047,32.9
345.5,0.046,32.9,0.047,32.9,0.046,32.9,0.048,32.9
346.0,0.046,32.9,0.046,32.9,0.046,32.9,0.047,32.9
346.5,0.046,32.9,0.047,32.9,0.046,32.9,0.046,32.9
347.0,0.047,32.9,0.047,32.9,0.048,32.9,0.048,32.9
347.5,0.046,32.9,0.046,32.9,0.046,32.9,0.046,32.9
348.0,0.047,32.9,0.048,32.9,0.046,32.9,0.047,32.8
348.5,0.048,32.9,0.049,32.9,0.047,32.9,0.047,32.9
349.0,0.048,32.9,0.048,32.9,0.049,32.9,0.047,32.9
349.5,0.049,32.9,0.048,32.9,0.050,32.9,0.048,32.9
350.0,0.050,32.9,0.050,32.9,0.048,32.9,0.050,32.9
350.5,0.050,32.9,0.050,32.9,0.050,32.9,0.051,32.9
351.0,0.050,32.9,0.049,32.9,0.052,32.9,0.051,32.9
351.5,0.050,32.9,0.050,32.9,0.054,32.9,0.050,32.9
352.0,0.050,32.9,0.049,32.9,0.051,32.8,0.050,32.9
352.5,0.050,32.9,0.050,32.9,0.050,32.8,0.050,32.8
353.0,0.050,32.9,0.050,32.9,0.050,32.8,0.051,32.9
353.5,0.050,32.9,0.049,32.8,0.050,32.9,0.049,32.8
354.0,0.050,32.9,0.050,32.8,0.050,32.8,0.050,32.8
354.5,0.050,32.9,0.052,32.9,0.050,32.9,0.049,32.9
355.0,0.050,32.8,0.051,32.8,0.052,32.8,0.050,32.8
355.5,0.050,32.8,0.050,32.8,0.052,32.8,0.050,32.9
356.0,0.050,32.8,0.049,32.8,0.051,32.8,0.049,32.8
356.5,0.050,32.9,0.050,32.9,0.050,32.8,0.051,32.9
357.0,0.050,32.8,0.049,32.9,0.049,32.8,0.050,32.9
357.5,0.050,32.8,0.049,32.8,0.050,32.8,0.050,32.8
358.0,0.050,32.8,0.052,32.8,0.051,32.8,0.050,32.8
358.5,0.052,32.8,0.053,32.8,0.050,32.8,0.051,32.9
359.0,0.052,32.9,0.053,32.9,0.053,32.9,0.052,32.9
359.5,0.052,32.8,0.053,32.8,0.054,32.9,0.052,32.8
360.0,0.053,32.8,0.053,32.8,0.053,32.8,0.054,32.8
360.5,0.054,32.8,0.053,32.8,0.053,32.8,0.054,32.8
361.0,0.054,32.8,0.053,32.8,0.054,32.8,0.053,32.8
361.5,0.054,32.8,0.052,32.8,0.054,32.8,0.054,32.8
362.0,0.054,32.8,0.055,32.8,0.054,32.8,0.054,32.8
362.5,0.054,32.8,0.054,32.8,0.052,32.8,0.054,32.8
363.0,0.054,32.8,0.055,32.8,0.053,32.8,0.053,32.8
363.5,0.054,32.8,0.055,32.8,0.055,32.8,0.053,32.8
364.0,0.054,32.8,0.054,32.8,0.055,32.8,0.054,32.8
364.5,0.054,32.8,0.055,32.8,0.054,32.8,0.054,32.8
365.0,0.054,32.8,0.054,32.8,0.055,32.8,0.054,32.8
365.5,0.053,32.8,0.053,32.8,0.052,32.8,0.053,32.8
366.0,0.052,32.8,0.053,32.8,0.052,32.8,0.054,32.8
366.5,0.052,32.8,0.053,32.8,0.052,32.7,0.053,32.8
367.0,0.052,32.8,0.053,32.8,0.054,32.8,0.052,32.8
367.5,0.052,32.8,0.051,32.8,0.052,32.8,0.052,32.8
368.0,0.052,32.8,0.051,32.8,0.052,32.8,0.051,32.8
368.5,0.052,32.8,0.053,32.8,0.052,32.8,0.052,32.8
369.0,0.052,32.8,0.052,32.8,0.051,32.8,0.051,32.8
369.5,0.050,32.8,0.051,32.8,0.051,32.8,0.051,32.8
370.0,0.050,32.8,0.050,32.8,0.051,32.8,0.050,32.8
370.5,0.050,32.8,0.051,32.8,0.050,32.8,0.049,32.8
371.0,0.049,32.8,0.049,32.8,0.049,32.8,0.049,32.8
371.5,0.048,32.8,0.048,32.8,0.048,32.8,0.050,32.8
372.0,0.048,32.8,0.049,32.8,0.049,32.8,0.050,32.8
372.5,0.048,32.8,0.048,32.8,0.048,32.8,0.049,32.8
373.0,0.048,32.8,0.049,32.8,0.049,32.8,0.049,32.8
373.5,0.049,32.8,0.048,32.8,0.049,32.8,0.050,32.8
374.0,0.050,32.8,0.050,32.8,0.049,32.8,0.051,32.8
374.5,0.051,32.8,0.051,32.8,0.050,32.8,0.052,32.8
375.0,0.052,32.8,0.052,32.8,0.050,32.8,0.051,32.8
375.5,0.051,32.8,0.051,32.8,0.051,32.8,0.051,32.8
376.0,0.051,32.8,0.051,32.8,0.051,32.8,0.051,32.8
376.5,0.052,32.8,0.052,32.8,0.052,32.8,0.052,32.8
377.0,0.053,32.8,0.052,32.8,0.052,32.8,0.052,32.8
377.5,0.054,32.8,0.055,32.8,0.053,32.8,0.054,32.8
378.0,0.054,32.8,0.055,32.8,0.054,32.8,0.056,32.8
378.5,0.055,32.8,0.056,32.8,0.056,32.8,0.055,32.8
379.0,0.055,32.8,0.055,32.8,0.054,32.8,0.057,32.8
379.5,0.054,32.8,0.055,32.8,0.054,32.8,0.055,32.8
380.0,0.053,32.8,0.053,32.8,0.053,32.8,0.053,32.8
380.5,0.052,32.8,0.051,32.8,0.052,32.8,0.052,32.8
381.0,0.050,32.8,0.050,32.8,0.051,32.8,0.052,32.8
381.5,0.049,32.8,0.048,32.8,0.050,32.8,0.050,32.8
382.0,0.048,32.8,0.049,32.8,0.049,32.7,0.049,32.8
382.5,0.048,32.8,0.047,32.8,0.049,32.8,0.047,32.8
383.0,0.046,32.8,0.047,32.8,0.049,32.8,0.047,32.8
383.5,0.046,32.8,0.048,32.8,0.048,32.8,0.050,32.8
384.0,0.046,32.8,0.047,32.8,0.048,32.8,0.048,32.8
384.5,0.046,32.8,0.046,32.8,0.047,32.8,0.046,32.8
385.0,0.044,32.8,0.044,32.8,0.045,32.8,0.045,32.8
385.5,0.044,32.8,0.043,32.8,0.042,32.8,0.045,32.8
386.0,0.042,32.8,0.042,32.8,0.043,32.8,0.045,32.8
386.5,0.042,32.8,0.042,32.8,0.042,32.8,0.043,32.8
387.0,0.042,32.8,0.043,32.8,0.042,32.8,0.042,32.8
387.5,0.042,32.8,0.043,32.9,0.042,32.8,0.041,32.8
388.0,0.042,32.9,0.042,32.9,0.040,32.9,0.041,32.9
388.5,0.040,32.9,0.040,32.9,0.042,32.9,0.042,32.9
389.0,0.040,32.9,0.039,32.9,0.041,32.9,0.041,32.9
389.5,0.038,32.9,0.038,32.9,0.039,32.9,0.039,32.9
390.0,0.036,32.9,0.037,32.9,0.037,32.9,0.037,32.9
390.5,0.036,32.9,0.036,32.9,0.035,32.9,0.036,32.9
391.0,0.034,32.9,0.035,32.9,0.034,32.9,0.035,32.9
391.5,0.034,32.9,0.034,32.9,0.035,32.9,0.035,32.9
392.0,0.033,32.9,0.032,32.9,0.035,32.9,0.034,32.9
392.5,0.032,32.9,0.033,33.0,0.034,32.9,0.033,32.9
393.0,0.032,33.0,0.032,32.9,0.033,32.9,0.033,33.0
393.5,0.032,33.0,0.032,33.0,0.033,33.0,0.032,33.0
394.0,0.032,33.0,0.032,33.0,0.032,33.0,0.034,32.9
394.5,0.032,33.0,0.031,33.0,0.031,33.0,0.033,33.0
395.0,0.030,33.0,0.031,33.0,0.032,33.0,0.030,33.0
395.5,0.030,33.0,0.031,33.0,0.032,33.0,0.030,33.0
396.0,0.030,33.0,0.032,33.0,0.032,33.0,0.032,33.0
396.5,0.030,33.0,0.030,33.0,0.031,33.0,0.031,33.0
397.0,0.030,33.0,0.030,33.0,0.029,33.0,0.030,33.0
397.5,0.030,33.0,0.029,33.0,0.029,33.0,0.029,33.1
398.0,0.029,33.0,0.031,33.0,0.030,33.0,0.028,33.1
398.5,0.028,33.1,0.028,33.1,0.029,33.0,0.028,33.1
399.0,0.028,33.1,0.027,33.1,0.030,33.1,0.027,33.0
399.5,0.027,33.1,0.026,33.1,0.027,33.0,0.027,33.1
400.0,0.026,33.1,0.026,33.1,0.026,33.0,0.026,33.1
400.5,0.026,33.1,0.026,33.1,0.027,33.0,0.025,33.1
401.0,0.026,33.1,0.025,33.1,0.026,33.1,0.026,33.1
401.5,0.025,33.1,0.025,33.1,0.026,33.1,0.024,33.1
402.0,0.025,33.1,0.027,33.1,0.025,33.1,0.024,33.1
402.5,0.024,33.1,0.025,33.1,0.026,33.1,0.024,33.1
403.0,0.024,33.1,0.025,33.1,0.026,33.2,0.026,33.1
403.5,0.024,33.1,0.024,33.1,0.024,33.2,0.024,33.1
404.0,0.023,33.2,0.023,33.2,0.022,33.2,0.024,33.1
404.5,0.022,33.2,0.022,33.2,0.023,33.2,0.022,33.1
405.0,0.022,33.2,0.022,33.2,0.021,33.2,0.022,33.2
405.5,0.020,33.2,0.021,33.2,0.020,33.2,0.021,33.2
406.0,0.019,33.2,0.020,33.2,0.019,33.2,0.020,33.1
406.5,0.018,33.2,0.017,33.2,0.018,33.2,0.018,33.2
407.0,0.015,33.2,0.017,33.2,0.016,33.2,0.016,33.2
407.5,0.012,33.2,0.013,33.3,0.012,33.2,0.013,33.2
408.0,0.008,33.3,0.008,33.3,0.008,33.3,0.010,33.3
408.5,0.002,33.3,0.002,33.3,0.004,33.3,0.001,33.3
409.0,-0.005,33.3,-0.004,33.3,-0.004,33.3,-0.004,33.3
409.5,-0.012,33.3,-0.010,33.3,-0.011,33.3,-0.012,33.3
410.0,-0.019,33.4,-0.019,33.4,-0.016,33.3,-0.019,33.3
410.5,-0.027,33.4,-0.026,33.4,-0.026,33.4,-0.026,33.4
411.0,-0.034,33.4,-0.034,33.4,-0.032,33.4,-0.033,33.4
411.5,-0.039,33.5,-0.038,33.5,-0.038,33.4,-0.038,33.5
412.0,-0.043,33.5,-0.044,33.5,-0.042,33.4,-0.040,33.5
412.5,-0.046,33.5,-0.045,33.5,-0.046,33.5,-0.046,33.5
413.0,-0.047,33.5,-0.047,33.5,-0.047,33.5,-0.047,33.5
413.5,-0.048,33.5,-0.047,33.5,-0.048,33.5,-0.046,33.5
414.0,-0.046,33.6,-0.047,33.6,-0.046,33.5,-0.046,33.6
414.5,-0.045,33.6,-0.045,33.6,-0.044,33.6,-0.045,33.6
415.0,-0.043,33.6,-0.043,33.6,-0.044,33.6,-0.043,33.5
415.5,-0.041,33.6,-0.042,33.6,-0.041,33.6,-0.042,33.6
416.0,-0.039,33.6,-0.040,33.6,-0.042,33.6,-0.041,33.6
416.5,-0.038,33.6,-0.038,33.6,-0.037,33.6,-0.035,33.6
417.0,-0.036,33.7,-0.036,33.7,-0.037,33.7,-0.037,33.7
417.5,-0.034,33.7,-0.033,33.7,-0.036,33.7,-0.035,33.7
418.0,-0.034,33.7,-0.033,33.6,-0.035,33.7,-0.034,33.6
418.5,-0.034,33.7,-0.033,33.7,-0.031,33.7,-0.033,33.7
419.0,-0.033,33.7,-0.032,33.7,-0.033,33.7,-0.033,33.7
419.5,-0.032,33.7,-0.033,33.7,-0.032,33.8,-0.032,33.7
420.0,-0.032,33.7,-0.033,33.7,-0.030,33.8,-0.032,33.7
420.5,-0.032,33.8,-0.032,33.7,-0.031,33.8,-0.031,33.8
421.0,-0.032,33.8,-0.032,33.7,-0.034,33.8,-0.032,33.8
421.5,-0.032,33.8,-0.032,33.8,-0.032,33.8,-0.032,33.8
422.0,-0.030,33.8,-0.030,33.7,-0.030,33.8,-0.030,33.8
422.5,-0.029,33.8,-0.028,33.8,-0.031,33.8,-0.029,33.8
423.0,-0.027,33.8,-0.027,33.8,-0.027,33.8,-0.029,33.8
423.5,-0.025,33.8,-0.025,33.8,-0.026,33.8,-0.030,33.8
424.0,-0.023,33.8,-0.023,33.8,-0.023,33.8,-0.024,33.8
424.5,-0.021,33.8,-0.021,33.8,-0.020,33.8,-0.020,33.8
425.0,-0.018,33.9,-0.017,33.9,-0.018,33.8,-0.019,33.9
425.5,-0.015,33.8,-0.014,33.9,-0.017,33.8,-0.016,33.9
426.0,-0.013,33.9,-0.013,33.9,-0.012,33.8,-0.011,33.9
426.5,-0.010,33.9,-0.011,33.9,-0.010,33.9,-0.008,33.9
427.0,-0.008,33.9,-0.008,33.9,-0.007,33.9,-0.009,33.8
427.5,-0.007,33.9,-0.007,33.9,-0.006,33.9,-0.008,33.9
428.0,-0.005,33.9,-0.005,33.9,-0.005,33.9,-0.008,33.9
428.5,-0.004,33.9,-0.004,33.9,-0.002,33.9,-0.004,33.9
429.0,-0.002,33.9,-0.002,33.9,-0.002,33.9,-0.002,33.9
429.5,0.001,33.9,-0.000,33.9,-0.000,33.9,0.000,33.9
430.0,0.003,33.9,0.005,33.9,0.002,33.9,0.004,33.9
430.5,0.005,33.9,0.005,33.9,0.002,33.8,0.006,33.9
431.0,0.007,33.9,0.007,33.9,0.006,33.9,0.007,33.9
431.5,0.009,33.9,0.009,33.9,0.008,33.9,0.008,33.9
432.0,0.010,33.9,0.010,33.9,0.010,33.9,0.010,33.9
432.5,0.012,33.9,0.012,33.9,0.013,33.9,0.013,33.9
433.0,0.015,33.9,0.015,33.9,0.015,33.9,0.015,33.9
433.5,0.018,33.9,0.018,33.9,0.014,33.9,0.018,33.9
434.0,0.020,33.9,0.020,33.9,0.019,33.9,0.019,33.9
434.5,0.023,33.9,0.023,33.9,0.021,33.9,0.024,33.9
435.0,0.026,33.8,0.025,33.8,0.024,33.8,0.025,33.8
435.5,0.027,33.8,0.027,33.8,0.026,33.8,0.028,33.8
436.0,0.028,33.8,0.028,33.8,0.028,33.8,0.028,33.8
436.5,0.028,33.8,0.029,33.8,0.029,33.8,0.029,33.8
437.0,0.031,33.8,0.031,33.8,0.032,33.8,0.032,33.8
437.5,0.033,33.8,0.033,33.7,0.035,33.8,0.034,33.7
438.0,0.035,33.8,0.035,33.7,0.036,33.8,0.034,33.7
438.5,0.036,33.7,0.035,33.7,0.036,33.7,0.035,33.7
439.0,0.037,33.7,0.036,33.7,0.038,33.7,0.038,33.7
439.5,0.038,33.7,0.038,33.7,0.038,33.7,0.038,33.7
440.0,0.038,33.7,0.038,33.7,0.038,33.6,0.038,33.7
440.5,0.038,33.6,0.038,33.6,0.039,33.6,0.038,33.6
441.0,0.038,33.6,0.039,33.6,0.039,33.6,0.038,33.5
441.5,0.038,33.6,0.037,33.6,0.039,33.6,0.038,33.6
442.0,0.040,33.6,0.039,33.6,0.038,33.6,0.041,33.6
442.5,0.041,33.6,0.041,33.6,0.042,33.6,0.040,33.6
443.0,0.043,33.6,0.043,33.6,0.044,33.6,0.043,33.6
443.5,0.044,33.5,0.044,33.5,0.043,33.6,0.044,33.5
444.0,0.044,33.5,0.044,33.5,0.044,33.6,0.044,33.5
444.5,0.045,33.5,0.045,33.5,0.044,33.5,0.046,33.5
445.0,0.046,33.5,0.046,33.5,0.044,33.5,0.046,33.5
445.5,0.046,33.5,0.047,33.5,0.046,33.5,0.046,33.5
446.0,0.046,33.5,0.048,33.5,0.047,33.5,0.047,33.5
446.5,0.047,33.5,0.046,33.5,0.047,33.5,0.046,33.5
447.0,0.048,33.4,0.047,33.5,0.049,33.4,0.048,33.5
447.5,0.048,33.4,0.049,33.4,0.048,33.4,0.049,33.5
448.0,0.048,33.4,0.050,33.4,0.048,33.4,0.050,33.4
448.5,0.048,33.4,0.049,33.4,0.048,33.4,0.049,33.4
449.0,0.048,33.4,0.048,33.3,0.049,33.4,0.048,33.4
449.5,0.048,33.4,0.048,33.4,0.049,33.4,0.048,33.3
450.0,0.047,33.4,0.046,33.4,0.046,33.4,0.047,33.4
450.5,0.046,33.4,0.046,33.4,0.044,33.3,0.047,33.4
451.0,0.046,33.4,0.047,33.4,0.046,33.4,0.048,33.3
451.5,0.046,33.4,0.046,33.3,0.045,33.4,0.045,33.4
452.0,0.046,33.4,0.046,33.3,0.046,33.4,0.044,33.4
452.5,0.046,33.4,0.046,33.4,0.046,33.4,0.045,33.3
453.0,0.046,33.4,0.047,33.4,0.046,33.3,0.046,33.4
453.5,0.046,33.3,0.047,33.3,0.047,33.3,0.047,33.3
454.0,0.046,33.4,0.047,33.3,0.049,33.3,0.047,33.3
454.5,0.046,33.3,0.047,33.4,0.050,33.3,0.047,33.3
455.0,0.046,33.3,0.046,33.4,0.048,33.3,0.045,33.3
455.5,0.048,33.3,0.048,33.3,0.047,33.3,0.047,33.3
456.0,0.048,33.3,0.047,33.3,0.048,33.3,0.047,33.3
456.5,0.048,33.3,0.049,33.3,0.047,33.3,0.048,33.3
457.0,0.048,33.3,0.048,33.3,0.046,33.3,0.048,33.3
457.5,0.048,33.3,0.049,33.3,0.048,33.3,0.049,33.3
458.0,0.048,33.3,0.049,33.3,0.046,33.3,0.047,33.3
458.5,0.048,33.3,0.048,33.3,0.046,33.3,0.048,33.3
459.0,0.048,33.3,0.047,33.3,0.048,33.3,0.048,33.3
459.5,0.048,33.3,0.048,33.3,0.048,33.3,0.049,33.3
460.0,0.047,33.3,0.047,33.3,0.048,33.3,0.048,33.3
460.5,0.047,33.3,0.047,33.3,0.047,33.3,0.047,33.3
461.0,0.047,33.3,0.047,33.3,0.046,33.3,0.048,33.3
461.5,0.048,33.3,0.047,33.3,0.046,33.3,0.049,33.3
462.0,0.048,33.3,0.048,33.3,0.048,33.3,0.048,33.3
462.5,0.048,33.3,0.049,33.3,0.049,33.3,0.048,33.3
463.0,0.048,33.3,0.049,33.3,0.049,33.3,0.048,33.3
463.5,0.049,33.3,0.049,33.3,0.050,33.3,0.048,33.3
464.0,0.050,33.2,0.050,33.2,0.050,33.3,0.050,33.2
464.5,0.050,33.3,0.050,33.3,0.050,33.2,0.050,33.2
465.0,0.050,33.3,0.050,33.3,0.051,33.3,0.051,33.3
465.5,0.050,33.3,0.050,33.3,0.049,33.3,0.051,33.2
466.0,0.050,33.2,0.051,33.2,0.051,33.3,0.051,33.3
466.5,0.050,33.2,0.051,33.2,0.051,33.2,0.051,33.2
467.0,0.050,33.2,0.051,33.2,0.050,33.2,0.050,33.2
467.5,0.050,33.2,0.051,33.2,0.050,33.2,0.050,33.2
468.0,0.050,33.2,0.049,33.2,0.048,33.2,0.050,33.2
468.5,0.048,33.2,0.048,33.2,0.049,33.2,0.049,33.2
469.0,0.048,33.2,0.049,33.2,0.049,33.2,0.048,33.2
469.5,0.048,33.2,0.048,33.2,0.048,33.3,0.048,33.3
470.0,0.048,33.2,0.048,33.2,0.048,33.3,0.048,33.2
470.5,0.048,33.2,0.049,33.2,0.051,33.3,0.048,33.2
471.0,0.048,33.2,0.048,33.2,0.050,33.2,0.049,33.2
471.5,0.048,33.2,0.048,33.2,0.049,33.2,0.048,33.2
472.0,0.049,33.2,0.049,33.2,0.051,33.2,0.049,33.2
472.5,0.050,33.2,0.050,33.2,0.053,33.2,0.048,33.2
473.0,0.050,33.2,0.049,33.2,0.050,33.2,0.048,33.2
473.5,0.050,33.2,0.049,33.2,0.051,33.2,0.049,33.2
474.0,0.050,33.2,0.050,33.2,0.050,33.2,0.049,33.2
474.5,0.050,33.2,0.051,33.2,0.049,33.2,0.050,33.2
475.0,0.050,33.2,0.051,33.2,0.050,33.2,0.052,33.2
475.5,0.050,33.2,0.051,33.2,0.052,33.2,0.052,33.2
476.0,0.050,33.2,0.052,33.2,0.052,33.2,0.050,33.2
476.5,0.051,33.2,0.052,33.2,0.052,33.2,0.051,33.2
477.0,0.050,33.2,0.050,33.2,0.052,33.2,0.049,33.2
477.5,0.050,33.2,0.051,33.2,0.052,33.2,0.051,33.2
478.0,0.050,33.2,0.052,33.2,0.050,33.2,0.053,33.2
478.5,0.050,33.2,0.050,33.2,0.050,33.2,0.051,33.2
479.0,0.050,33.2,0.050,33.2,0.048,33.2,0.050,33.1
479.5,0.049,33.2,0.049,33.2,0.047,33.2,0.050,33.1
480.0,0.048,33.2,0.050,33.2,0.048,33.2,0.048,33.2
480.5,0.048,33.2,0.050,33.2,0.048,33.2,0.048,33.2
481.0,0.050,33.2,0.050,33.2,0.048,33.2,0.050,33.2
481.5,0.050,33.2,0.050,33.2,0.049,33.2,0.051,33.2
482.0,0.050,33.2,0.049,33.2,0.050,33.2,0.049,33.2
482.5,0.050,33.2,0.049,33.2,0.049,33.2,0.049,33.2
483.0,0.049,33.2,0.049,33.1,0.050,33.2,0.049,33.2
483.5,0.050,33.2,0.050,33.2,0.051,33.2,0.050,33.2
484.0,0.050,33.2,0.050,33.2,0.050,33.2,0.050,33.2
484.5,0.050,33.2,0.050,33.2,0.051,33.1,0.050,33.2
485.0,0.051,33.2,0.052,33.2,0.052,33.1,0.053,33.2
485.5,0.051,33.2,0.052,33.2,0.053,33.1,0.052,33.2
486.0,0.052,33.2,0.052,33.2,0.051,33.2,0.050,33.2
486.5,0.051,33.2,0.051,33.2,0.050,33.2,0.051,33.2
487.0,0.050,33.2,0.051,33.2,0.050,33.2,0.051,33.1
487.5,0.050,33.1,0.050,33.1,0.052,33.1,0.050,33.1
488.0,0.048,33.2,0.049,33.2,0.049,33.2,0.049,33.1
488.5,0.048,33.1,0.049,33.1,0.049,33.1,0.052,33.2
489.0,0.048,33.2,0.049,33.2,0.048,33.2,0.052,33.2
489.5,0.048,33.2,0.049,33.2,0.046,33.2,0.049,33.2
490.0,0.048,33.2,0.049,33.2,0.046,33.2,0.047,33.2
490.5,0.048,33.2,0.047,33.2,0.048,33.2,0.047,33.2
491.0,0.048,33.2,0.047,33.2,0.047,33.2,0.048,33.2
491.5,0.048,33.2,0.047,33.2,0.047,33.2,0.049,33.1
492.0,0.046,33.2,0.047,33.2,0.046,33.2,0.046,33.2
492.5,0.046,33.2,0.048,33.2,0.048,33.2,0.048,33.2
493.0,0.046,33.2,0.047,33.2,0.046,33.2,0.048,33.2
493.5,0.046,33.2,0.045,33.2,0.046,33.2,0.047,33.2
494.0,0.045,33.2,0.045,33.2,0.046,33.2,0.045,33.2
494.5,0.044,33.2,0.044,33.2,0.044,33.2,0.044,33.2
495.0,0.044,33.2,0.044,33.2,0.044,33.2,0.045,33.2
495.5,0.044,33.2,0.044,33.2,0.045,33.2,0.043,33.2
496.0,0.042,33.2,0.042,33.2,0.044,33.2,0.044,33.2
496.5,0.042,33.2,0.042,33.2,0.043,33.2,0.042,33.1
497.0,0.041,33.2,0.043,33.2,0.040,33.2,0.042,33.2
497.5,0.040,33.2,0.041,33.2,0.039,33.2,0.040,33.2
498.0,0.040,33.2,0.040,33.2,0.038,33.2,0.038,33.2
498.5,0.038,33.2,0.039,33.2,0.039,33.2,0.038,33.2
499.0,0.038,33.2,0.039,33.2,0.039,33.2,0.038,33.2
499.5,0.038,33.2,0.038,33.2,0.038,33.2,0.039,33.2
500.0,0.038,33.2,0.040,33.3,0.038,33.2,0.040,33.2
500.5,0.038,33.3,0.038,33.2,0.039,33.3,0.039,33.3
501.0,0.038,33.3,0.038,33.2,0.039,33.3,0.038,33.3
501.5,0.038,33.2,0.038,33.3,0.038,33.2,0.038,33.3
502.0,0.037,33.2,0.036,33.2,0.038,33.2,0.036,33.2
502.5,0.036,33.3,0.036,33.3,0.038,33.2,0.036,33.3
503.0,0.036,33.3,0.036,33.3,0.037,33.3,0.037,33.3
503.5,0.036,33.3,0.037,33.3,0.036,33.3,0.035,33.3
504.0,0.036,33.3,0.035,33.3,0.036,33.3,0.036,33.3
504.5,0.035,33.3,0.035,33.3,0.036,33.3,0.035,33.3
505.0,0.034,33.3,0.036,33.3,0.035,33.3,0.036,33.3
505.5,0.034,33.3,0.034,33.3,0.034,33.3,0.034,33.3
506.0,0.032,33.3,0.033,33.3,0.032,33.3,0.032,33.3
506.5,0.032,33.3,0.031,33.3,0.032,33.3,0.032,33.3
507.0,0.030,33.3,0.030,33.3,0.030,33.3,0.030,33.3
507.5,0.030,33.3,0.030,33.3,0.030,33.3,0.031,33.4
508.0,0.029,33.3,0.028,33.3,0.030,33.4,0.031,33.3
508.5,0.028,33.3,0.029,33.3,0.030,33.4,0.029,33.3
509.0,0.028,33.4,0.028,33.4,0.028,33.4,0.028,33.4
509.5,0.028,33.4,0.028,33.4,0.028,33.4,0.028,33.3
510.0,0.028,33.4,0.027,33.4,0.028,33.4,0.028,33.4
510.5,0.027,33.4,0.027,33.4,0.027,33.4,0.028,33.5
511.0,0.026,33.4,0.027,33.4,0.026,33.4,0.026,33.4
511.5,0.026,33.4,0.026,33.4,0.026,33.4,0.027,33.4
512.0,0.024,33.4,0.026,33.4,0.027,33.4,0.024,33.4
512.5,0.024,33.4,0.023,33.4,0.024,33.4,0.024,33.4
513.0,0.023,33.4,0.023,33.4,0.024,33.4,0.023,33.4
513.5,0.022,33.5,0.023,33.4,0.024,33.5,0.022,33.5
514.0,0.022,33.5,0.022,33.5,0.022,33.5,0.024,33.5
514.5,0.022,33.5,0.022,33.5,0.022,33.5,0.022,33.5
515.0,0.021,33.5,0.021,33.5,0.020,33.5,0.018,33.5
515.5,0.020,33.5,0.020,33.5,0.020,33.5,0.019,33.6
516.0,0.019,33.5,0.019,33.5,0.019,33.5,0.019,33.5
516.5,0.017,33.5,0.017,33.5,0.017,33.6,0.018,33.5
517.0,0.016,33.5,0.015,33.5,0.016,33.6,0.017,33.6
517.5,0.014,33.6,0.015,33.6,0.015,33.5,0.014,33.6
518.0,0.011,33.5,0.011,33.5,0.011,33.6,0.011,33.6
518.5,0.008,33.6,0.008,33.6,0.007,33.6,0.008,33.6
519.0,0.005,33.6,0.005,33.6,0.004,33.6,0.004,33.6
519.5,0.001,33.6,0.003,33.6,0.002,33.6,0.002,33.6
520.0,-0.004,33.6,-0.004,33.6,-0.004,33.6,-0.005,33.6
520.5,-0.012,33.7,-0.011,33.7,-0.010,33.7,-0.010,33.6
521.0,-0.021,33.7,-0.021,33.7,-0.019,33.7,-0.019,33.7
521.5,-0.031,33.7,-0.032,33.7,-0.030,33.7,-0.031,33.7
522.0,-0.039,33.8,-0.039,33.8,-0.036,33.8,-0.038,33.7
522.5,-0.045,33.8,-0.044,33.8,-0.043,33.8,-0.043,33.8
523.0,-0.048,33.8,-0.047,33.8,-0.045,33.8,-0.047,33.8
523.5,-0.047,33.8,-0.047,33.9,-0.046,33.8,-0.048,33.9
524.0,-0.045,33.9,-0.046,33.9,-0.045,33.9,-0.046,33.9
524.5,-0.043,33.9,-0.043,33.9,-0.044,33.9,-0.043,33.9
525.0,-0.041,33.9,-0.041,33.9,-0.040,33.9,-0.041,33.9
525.5,-0.039,33.9,-0.039,33.9,-0.038,33.9,-0.039,33.9
526.0,-0.038,33.9,-0.036,33.9,-0.037,33.9,-0.038,33.9
526.5,-0.037,34.0,-0.036,33.9,-0.036,34.0,-0.038,34.0
527.0,-0.036,34.0,-0.036,34.0,-0.036,33.9,-0.037,34.0
527.5,-0.035,34.0,-0.035,34.0,-0.035,33.9,-0.035,34.0
528.0,-0.034,34.0,-0.033,34.0,-0.034,34.0,-0.034,34.0
528.5,-0.034,34.0,-0.033,34.0,-0.032,34.0,-0.034,34.0
529.0,-0.034,34.0,-0.034,34.0,-0.031,34.0,-0.032,34.0
529.5,-0.034,34.0,-0.034,34.0,-0.034,34.0,-0.032,34.0
530.0,-0.034,34.0,-0.033,34.1,-0.036,34.0,-0.032,34.0
530.5,-0.034,34.1,-0.033,34.1,-0.034,34.0,-0.034,34.0
531.0,-0.034,34.1,-0.034,34.1,-0.035,34.1,-0.035,34.1
531.5,-0.034,34.1,-0.033,34.1,-0.035,34.1,-0.032,34.0
532.0,-0.032,34.1,-0.031,34.1,-0.032,34.1,-0.032,34.1
532.5,-0.030,34.1,-0.030,34.1,-0.029,34.1,-0.030,34.1
533.0,-0.026,34.1,-0.027,34.1,-0.026,34.1,-0.027,34.1
533.5,-0.024,34.1,-0.024,34.1,-0.025,34.1,-0.023,34.1
534.0,-0.022,34.1,-0.022,34.2,-0.021,34.1,-0.021,34.1
534.5,-0.020,34.1,-0.020,34.1,-0.020,34.1,-0.020,34.2
535.0,-0.019,34.2,-0.018,34.1,-0.018,34.1,-0.018,34.2
535.5,-0.017,34.2,-0.017,34.2,-0.017,34.2,-0.018,34.2
536.0,-0.016,34.2,-0.016,34.2,-0.016,34.2,-0.016,34.1
536.5,-0.014,34.2,-0.014,34.2,-0.014,34.2,-0.015,34.2
537.0,-0.012,34.2,-0.012,34.2,-0.013,34.2,-0.013,34.2
537.5,-0.010,34.2,-0.010,34.2,-0.010,34.2,-0.012,34.2
538.0,-0.009,34.2,-0.008,34.2,-0.008,34.2,-0.007,34.2
538.5,-0.006,34.2,-0.006,34.2,-0.008,34.2,-0.007,34.2
539.0,-0.004,34.2,-0.004,34.2,-0.006,34.2,-0.005,34.2
539.5,-0.004,34.2,-0.003,34.2,-0.003,34.2,-0.005,34.2
540.0,-0.003,34.2,-0.002,34.2,-0.004,34.2,-0.002,34.2
540.5,-0.001,34.2,-0.001,34.2,-0.003,34.2,-0.002,34.2
541.0,0.002,34.2,0.001,34.2,0.002,34.2,0.002,34.2
541.5,0.006,34.2,0.004,34.2,0.006,34.2,0.005,34.2
542.0,0.009,34.2,0.008,34.2,0.009,34.2,0.008,34.2
542.5,0.011,34.2,0.011,34.2,0.010,34.3,0.012,34.2
543.0,0.014,34.2,0.014,34.2,0.013,34.2,0.015,34.2
543.5,0.016,34.2,0.017,34.2,0.016,34.2,0.016,34.2
544.0,0.019,34.2,0.020,34.2,0.019,34.2,0.019,34.2
544.5,0.021,34.2,0.021,34.2,0.021,34.2,0.020,34.1
545.0,0.022,34.1,0.023,34.2,0.021,34.1,0.023,34.1
545.5,0.023,34.1,0.024,34.2,0.024,34.1,0.023,34.1
546.0,0.025,34.1,0.025,34.1,0.026,34.1,0.025,34.1
546.5,0.026,34.1,0.026,34.1,0.026,34.1,0.026,34.1
547.0,0.026,34.1,0.026,34.1,0.027,34.1,0.026,34.1
547.5,0.028,34.1,0.029,34.1,0.028,34.0,0.027,34.1
548.0,0.028,34.0,0.029,34.1,0.026,34.0,0.028,34.0
548.5,0.028,34.0,0.029,34.1,0.028,34.0,0.029,34.1
549.0,0.030,34.0,0.031,34.0,0.031,34.1,0.031,34.0
549.5,0.032,34.0,0.033,34.0,0.031,34.0,0.032,34.0
550.0,0.034,34.0,0.034,34.0,0.033,34.0,0.033,34.1
550.5,0.035,34.0,0.036,34.0,0.034,34.0,0.035,34.0
551.0,0.036,34.0,0.037,34.0,0.036,33.9,0.034,34.0
551.5,0.038,33.9,0.038,34.0,0.037,33.9,0.036,34.0
552.0,0.038,33.9,0.038,33.9,0.038,33.9,0.039,33.9
552.5,0.039,33.9,0.039,33.9,0.039,33.9,0.039,33.9
553.0,0.040,33.9,0.040,34.0,0.040,33.9,0.040,33.9
553.5,0.041,33.9,0.041,33.9,0.041,33.9,0.040,33.9
554.0,0.042,33.9,0.043,33.9,0.044,33.9,0.042,33.8
554.5,0.043,33.8,0.045,33.8,0.044,33.8,0.042,33.8
555.0,0.046,33.8,0.045,33.9,0.045,33.8,0.046,33.9
555.5,0.046,33.8,0.048,33.8,0.045,33.8,0.046,33.8
556.0,0.046,33.8,0.045,33.8,0.046,33.8,0.045,33.8
556.5,0.046,33.8,0.047,33.8,0.045,33.7,0.047,33.8
557.0,0.046,33.7,0.047,33.8,0.045,33.7,0.046,33.8
557.5,0.046,33.7,0.045,33.7,0.046,33.7,0.048,33.7
558.0,0.045,33.7,0.045,33.8,0.046,33.7,0.047,33.8
558.5,0.046,33.7,0.046,33.7,0.044,33.7,0.048,33.8
559.0,0.046,33.7,0.047,33.7,0.046,33.7,0.047,33.7
559.5,0.046,33.7,0.047,33.7,0.048,33.8,0.048,33.7
560.0,0.048,33.7,0.048,33.7,0.049,33.7,0.049,33.7
560.5,0.046,33.7,0.046,33.7,0.047,33.7,0.048,33.7
561.0,0.047,33.7,0.048,33.7,0.047,33.7,0.047,33.7
561.5,0.046,33.7,0.047,33.7,0.048,33.7,0.047,33.7
562.0,0.046,33.7,0.046,33.7,0.046,33.7,0.046,33.7
562.5,0.046,33.7,0.046,33.7,0.045,33.7,0.047,33.6
563.0,0.046,33.7,0.045,33.6,0.046,33.7,0.046,33.6
563.5,0.046,33.7,0.045,33.7,0.045,33.6,0.046,33.6
564.0,0.046,33.7,0.046,33.7,0.047,33.6,0.046,33.6
564.5,0.046,33.6,0.046,33.7,0.048,33.6,0.046,33.6
565.0,0.046,33.6,0.046,33.6,0.047,33.6,0.044,33.6
565.5,0.046,33.6,0.044,33.6,0.046,33.6,0.046,33.6
566.0,0.045,33.6,0.045,33.6,0.046,33.6,0.046,33.6
566.5,0.044,33.6,0.045,33.6,0.046,33.6,0.045,33.6
567.0,0.044,33.6,0.044,33.6,0.046,33.6,0.044,33.6
567.5,0.044,33.6,0.043,33.6,0.043,33.6,0.042,33.6
568.0,0.044,33.6,0.043,33.6,0.042,33.6,0.043,33.6
568.5,0.044,33.6,0.043,33.6,0.044,33.6,0.044,33.6
569.0,0.044,33.6,0.045,33.6,0.045,33.7,0.042,33.6
569.5,0.044,33.6,0.045,33.6,0.045,33.6,0.045,33.6
570.0,0.044,33.6,0.044,33.6,0.043,33.6,0.046,33.6
570.5,0.044,33.6,0.044,33.6,0.046,33.6,0.045,33.6
571.0,0.044,33.6,0.046,33.7,0.044,33.7,0.045,33.6
571.5,0.044,33.6,0.043,33.6,0.043,33.6,0.044,33.6
572.0,0.044,33.6,0.044,33.6,0.043,33.7,0.044,33.6
572.5,0.044,33.6,0.045,33.6,0.044,33.7,0.044,33.6
573.0,0.046,33.6,0.047,33.6,0.045,33.6,0.045,33.6
573.5,0.046,33.6,0.046,33.6,0.046,33.6,0.046,33.6
574.0,0.046,33.6,0.046,33.6,0.047,33.6,0.047,33.6
574.5,0.046,33.6,0.047,33.6,0.047,33.6,0.046,33.6
575.0,0.048,33.6,0.047,33.6,0.047,33.6,0.046,33.6
575.5,0.047,33.6,0.047,33.6,0.049,33.6,0.046,33.6
576.0,0.047,33.6,0.046,33.6,0.048,33.5,0.048,33.6
576.5,0.046,33.6,0.047,33.6,0.047,33.6,0.047,33.6
577.0,0.046,33.6,0.047,33.6,0.046,33.6,0.047,33.6
577.5,0.046,33.6,0.047,33.6,0.046,33.5,0.047,33.6
578.0,0.046,33.6,0.048,33.6,0.049,33.6,0.047,33.6
578.5,0.048,33.6,0.048,33.6,0.048,33.6,0.049,33.6
579.0,0.048,33.6,0.048,33.6,0.049,33.6,0.049,33.6
579.5,0.048,33.6,0.047,33.6,0.048,33.6,0.048,33.5
580.0,0.048,33.6,0.048,33.6,0.049,33.6,0.050,33.6
580.5,0.048,33.6,0.049,33.6,0.050,33.6,0.048,33.6
581.0,0.048,33.5,0.048,33.6,0.049,33.5,0.048,33.5
581.5,0.049,33.5,0.049,33.6,0.049,33.5,0.047,33.5
582.0,0.049,33.6,0.049,33.5,0.049,33.5,0.055,33.6
582.5,0.049,33.5,0.049,33.5,0.049,33.5,0.053,33.5
583.0,0.050,33.5,0.049,33.6,0.050,33.5,0.052,33.6
583.5,0.050,33.5,0.050,33.6,0.049,33.5,0.050,33.6
584.0,0.050,33.5,0.050,33.5,0.048,33.5,0.048,33.6
584.5,0.050,33.5,0.049,33.5,0.051,33.5,0.051,33.5
585.0,0.050,33.5,0.050,33.5,0.051,33.5,0.052,33.5
585.5,0.050,33.5,0.049,33.5,0.050,33.6,0.048,33.5
586.0,0.049,33.5,0.049,33.5,0.048,33.5,0.050,33.5
586.5,0.048,33.5,0.050,33.5,0.048,33.6,0.049,33.5
587.0,0.048,33.5,0.049,33.5,0.050,33.5,0.051,33.5
587.5,0.049,33.5,0.049,33.5,0.048,33.5,0.052,33.4
588.0,0.050,33.5,0.050,33.5,0.048,33.5,0.052,33.4
588.5,0.050,33.5,0.049,33.5,0.050,33.5,0.050,33.5
589.0,0.050,33.5,0.050,33.5,0.052,33.5,0.050,33.5
589.5,0.050,33.5,0.049,33.5,0.052,33.5,0.050,33.5
590.0,0.049,33.5,0.047,33.5,0.050,33.5,0.049,33.5
590.5,0.048,33.5,0.048,33.5,0.051,33.5,0.047,33.5
591.0,0.048,33.5,0.050,33.5,0.049,33.5,0.049,33.5
591.5,0.050,33.5,0.049,33.5,0.049,33.5,0.050,33.5
592.0,0.050,33.5,0.049,33.5,0.050,33.5,0.050,33.5
592.5,0.050,33.5,0.050,33.5,0.052,33.5,0.050,33.5
593.0,0.050,33.5,0.050,33.5,0.050,33.5,0.049,33.5
593.5,0.050,33.5,0.050,33.5,0.049,33.5,0.051,33.5
594.0,0.050,33.5,0.050,33.5,0.050,33.5,0.050,33.5
594.5,0.049,33.5,0.049,33.5,0.051,33.5,0.049,33.5
595.0,0.048,33.5,0.048,33.5,0.051,33.5,0.048,33.5
595.5,0.048,33.5,0.048,33.5,0.048,33.5,0.049,33.5
596.0,0.047,33.5,0.047,33.5,0.046,33.5,0.048,33.5
596.5,0.046,33.5,0.048,33.5,0.046,33.5,0.046,33.5
597.0,0.046,33.5,0.045,33.5,0.046,33.5,0.045,33.5
597.5,0.046,33.5,0.046,33.5,0.046,33.5,0.044,33.5
598.0,0.046,33.5,0.044,33.5,0.044,33.5,0.046,33.5
598.5,0.046,33.5,0.045,33.5,0.047,33.5,0.046,33.5
599.0,0.046,33.5,0.045,33.4,0.047,33.5,0.046,33.5
599.5,0.045,33.5,0.044,33.4,0.044,33.5,0.046,33.5
600.0,0.046,33.5,0.046,33.5,0.044,33.6,0.046,33.5
600.5,0.046,33.5,0.046,33.5,0.046,33.6,0.046,33.5
601.0,0.046,33.5,0.046,33.5,0.046,33.5,0.047,33.5
601.5,0.046,33.5,0.046,33.5,0.046,33.5,0.046,33.5
602.0,0.046,33.5,0.046,33.5,0.048,33.5,0.046,33.5
602.5,0.046,33.5,0.046,33.5,0.046,33.5,0.046,33.5
603.0,0.046,33.5,0.046,33.5,0.045,33.6,0.045,33.5
603.5,0.045,33.5,0.045,33.5,0.045,33.5,0.044,33.5
604.0,0.044,33.5,0.044,33.5,0.043,33.5,0.044,33.5
604.5,0.044,33.5,0.043,33.5,0.043,33.5,0.042,33.5
605.0,0.042,33.5,0.043,33.5,0.043,33.5,0.042,33.5
605.5,0.042,33.5,0.043,33.5,0.042,33.6,0.042,33.5
606.0,0.042,33.5,0.044,33.5,0.042,33.5,0.044,33.5
606.5,0.042,33.5,0.041,33.5,0.041,33.5,0.042,33.5
607.0,0.040,33.5,0.041,33.5,0.042,33.5,0.041,33.5
607.5,0.040,33.5,0.041,33.5,0.041,33.5,0.042,33.5
608.0,0.040,33.5,0.040,33.6,0.040,33.5,0.040,33.6
608.5,0.040,33.5,0.039,33.5,0.041,33.5,0.039,33.5
609.0,0.038,33.5,0.039,33.5,0.039,33.5,0.038,33.6
609.5,0.038,33.6,0.039,33.5,0.037,33.6,0.037,33.6
610.0,0.038,33.6,0.040,33.5,0.038,33.6,0.038,33.6
610.5,0.038,33.6,0.038,33.6,0.040,33.6,0.039,33.6
611.0,0.038,33.6,0.037,33.6,0.039,33.6,0.038,33.6
611.5,0.037,33.6,0.037,33.6,0.038,33.6,0.037,33.6
612.0,0.036,33.6,0.036,33.6,0.037,33.6,0.035,33.6
612.5,0.035,33.6,0.036,33.6,0.035,33.5,0.036,33.6
613.0,0.034,33.6,0.034,33.6,0.034,33.6,0.035,33.6
613.5,0.033,33.6,0.032,33.6,0.033,33.6,0.034,33.6
614.0,0.032,33.6,0.031,33.6,0.031,33.6,0.032,33.6
614.5,0.030,33.6,0.032,33.6,0.033,33.6,0.031,33.6
615.0,0.030,33.6,0.030,33.6,0.031,33.6,0.030,33.7
615.5,0.030,33.6,0.028,33.6,0.030,33.6,0.030,33.6
616.0,0.029,33.6,0.029,33.6,0.029,33.7,0.029,33.6
616.5,0.028,33.7,0.030,33.6,0.028,33.7,0.027,33.6
617.0,0.028,33.7,0.029,33.7,0.028,33.7,0.026,33.6
617.5,0.028,33.7,0.028,33.7,0.028,33.7,0.028,33.7
618.0,0.028,33.7,0.027,33.7,0.027,33.7,0.028,33.7
618.5,0.026,33.7,0.027,33.7,0.028,33.7,0.028,33.7
619.0,0.026,33.7,0.027,33.7,0.027,33.7,0.028,33.7
619.5,0.026,33.7,0.026,33.7,0.026,33.7,0.026,33.7
620.0,0.026,33.7,0.026,33.7,0.026,33.7,0.026,33.7
620.5,0.026,33.7,0.026,33.7,0.026,33.7,0.026,33.7
621.0,0.026,33.7,0.026,33.7,0.027,33.7,0.025,33.7
621.5,0.024,33.7,0.025,33.7,0.025,33.7,0.026,33.7
622.0,0.024,33.8,0.025,33.7,0.025,33.8,0.024,33.7
622.5,0.024,33.8,0.024,33.7,0.023,33.7,0.024,33.8
623.0,0.023,33.8,0.024,33.8,0.022,33.8,0.023,33.8
623.5,0.022,33.8,0.022,33.8,0.022,33.8,0.023,33.8
624.0,0.022,33.8,0.022,33.7,0.021,33.8,0.023,33.8
624.5,0.022,33.8,0.022,33.8,0.019,33.8,0.023,33.8
625.0,0.021,33.8,0.020,33.8,0.020,33.8,0.021,33.8
625.5,0.020,33.8,0.021,33.8,0.020,33.8,0.021,33.8
626.0,0.020,33.8,0.020,33.8,0.021,33.8,0.020,33.8
626.5,0.020,33.8,0.020,33.8,0.020,33.8,0.019,33.8
627.0,0.018,33.8,0.019,33.8,0.018,33.8,0.020,33.8
627.5,0.019,33.8,0.019,33.8,0.020,33.8,0.020,33.8
628.0,0.021,33.8,0.022,33.8,0.021,33.8,0.020,33.8
628.5,0.013,33.8,0.012,33.8,0.016,33.8,0.011,33.8
629.0,0.014,33.9,0.014,33.9,0.014,33.9,0.013,33.8
629.5,0.012,33.9,0.013,33.9,0.013,33.9,0.014,33.8
630.0,0.008,33.9,0.008,33.9,0.010,33.9,0.009,33.9
630.5,0.003,33.9,0.002,33.9,0.005,33.9,0.004,33.9
631.0,-0.004,33.9,-0.004,33.9,-0.003,33.9,-0.004,33.9
631.5,-0.011,33.9,-0.011,33.9,-0.009,33.9,-0.010,33.9
632.0,-0.020,34.0,-0.020,34.0,-0.018,34.0,-0.019,34.0
632.5,-0.027,34.0,-0.026,34.0,-0.025,34.0,-0.024,34.0
633.0,-0.034,34.0,-0.033,34.0,-0.033,34.0,-0.032,34.0
633.5,-0.038,34.0,-0.038,34.0,-0.036,34.0,-0.036,34.0
634.0,-0.041,34.1,-0.042,34.1,-0.038,34.1,-0.040,34.1
634.5,-0.042,34.1,-0.042,34.1,-0.040,34.1,-0.044,34.1
635.0,-0.042,34.1,-0.043,34.1,-0.043,34.1,-0.043,34.1
635.5,-0.044,34.1,-0.043,34.1,-0.044,34.2,-0.042,34.1
636.0,-0.047,34.1,-0.047,34.1,-0.045,34.1,-0.047,34.1
636.5,-0.043,34.2,-0.042,34.1,-0.045,34.1,-0.046,34.1
637.0,-0.036,34.2,-0.036,34.2,-0.038,34.2,-0.037,34.2
637.5,-0.038,34.2,-0.038,34.2,-0.036,34.2,-0.037,34.2
638.0,-0.040,34.2,-0.038,34.3,-0.036,34.3,-0.039,34.2
638.5,-0.038,34.2,-0.039,34.2,-0.038,34.2,-0.038,34.2
639.0,-0.038,34.2,-0.037,34.2,-0.037,34.2,-0.037,34.2
639.5,-0.036,34.2,-0.035,34.2,-0.037,34.2,-0.037,34.2
640.0,-0.035,34.3,-0.035,34.2,-0.035,34.2,-0.036,34.2
640.5,-0.034,34.3,-0.034,34.3,-0.035,34.3,-0.035,34.2
641.0,-0.034,34.3,-0.034,34.2,-0.034,34.3,-0.033,34.3
641.5,-0.034,34.3,-0.034,34.3,-0.034,34.3,-0.034,34.3
642.0,-0.033,34.3,-0.033,34.3,-0.033,34.3,-0.032,34.3
642.5,-0.032,34.3,-0.031,34.3,-0.032,34.3,-0.032,34.3
643.0,-0.031,34.3,-0.030,34.3,-0.032,34.3,-0.033,34.3
643.5,-0.030,34.3,-0.029,34.3,-0.030,34.3,-0.029,34.3
644.0,-0.028,34.3,-0.029,34.3,-0.029,34.4,-0.029,34.3
644.5,-0.027,34.3,-0.026,34.3,-0.028,34.3,-0.027,34.3
645.0,-0.026,34.4,-0.025,34.4,-0.027,34.3,-0.026,34.3
645.5,-0.024,34.4,-0.025,34.4,-0.025,34.3,-0.026,34.4
646.0,-0.023,34.3,-0.022,34.3,-0.022,34.4,-0.023,34.3
646.5,-0.021,34.3,-0.020,34.3,-0.022,34.3,-0.022,34.3
647.0,-0.020,34.4,-0.020,34.4,-0.019,34.4,-0.020,34.4
647.5,-0.019,34.4,-0.019,34.4,-0.018,34.4,-0.020,34.3
648.0,-0.017,34.4,-0.017,34.4,-0.017,34.4,-0.017,34.4
648.5,-0.015,34.4,-0.016,34.4,-0.018,34.4,-0.016,34.4
649.0,-0.013,34.4,-0.012,34.4,-0.012,34.4,-0.014,34.4
649.5,-0.010,34.4,-0.009,34.4,-0.010,34.4,-0.008,34.4
650.0,-0.007,34.4,-0.007,34.4,-0.007,34.4,-0.007,34.4
650.5,-0.005,34.4,-0.004,34.4,-0.005,34.4,-0.003,34.4
651.0,-0.002,34.4,-0.001,34.4,-0.003,34.4,-0.002,34.4
651.5,0.000,34.4,0.001,34.4,0.001,34.4,0.000,34.4
652.0,0.002,34.4,0.002,34.4,0.004,34.4,0.002,34.4
652.5,0.005,34.4,0.003,34.4,0.006,34.4,0.003,34.4
653.0,0.006,34.4,0.005,34.4,0.007,34.4,0.006,34.4
653.5,0.008,34.4,0.008,34.4,0.006,34.4,0.007,34.4
654.0,0.009,34.4,0.010,34.4,0.009,34.4,0.010,34.4
654.5,0.013,34.4,0.013,34.4,0.011,34.4,0.012,34.4
655.0,0.015,34.4,0.014,34.4,0.015,34.4,0.017,34.4
655.5,0.010,34.4,0.011,34.4,0.011,34.3,0.011,34.3
656.0,0.015,34.3,0.015,34.3,0.015,34.4,0.015,34.3
656.5,0.018,34.4,0.020,34.3,0.018,34.3,0.017,34.3
657.0,0.020,34.3,0.021,34.3,0.019,34.3,0.020,34.3
657.5,0.023,34.3,0.023,34.3,0.022,34.3,0.022,34.3
658.0,0.025,34.3,0.026,34.3,0.026,34.3,0.024,34.3
658.5,0.026,34.3,0.028,34.3,0.024,34.3,0.027,34.3
659.0,0.028,34.2,0.028,34.3,0.025,34.3,0.027,34.2
659.5,0.028,34.2,0.028,34.2,0.029,34.3,0.028,34.2
660.0,0.030,34.2,0.030,34.2,0.028,34.2,0.031,34.2
660.5,0.032,34.2,0.032,34.2,0.032,34.2,0.033,34.2
661.0,0.034,34.2,0.034,34.2,0.032,34.2,0.034,34.2
661.5,0.035,34.2,0.036,34.2,0.036,34.2,0.035,34.2
662.0,0.036,34.1,0.037,34.1,0.038,34.1,0.036,34.2
662.5,0.037,34.1,0.037,34.1,0.038,34.1,0.036,34.1
663.0,0.038,34.1,0.037,34.1,0.038,34.1,0.039,34.1
663.5,0.038,34.0,0.037,34.0,0.038,34.1,0.038,34.0
664.0,0.038,34.0,0.039,34.0,0.038,34.1,0.038,34.0
664.5,0.038,34.0,0.038,34.0,0.038,34.0,0.039,34.0
665.0,0.038,34.0,0.038,34.0,0.038,34.0,0.040,34.0
665.5,0.039,34.0,0.038,34.0,0.040,34.0,0.041,34.0
666.0,0.040,34.0,0.041,34.0,0.040,34.0,0.039,34.0
666.5,0.040,33.9,0.040,33.9,0.040,33.9,0.040,33.9
667.0,0.041,33.9,0.041,33.9,0.042,33.9,0.040,33.9
667.5,0.042,33.9,0.041,33.9,0.043,33.9,0.040,33.9
668.0,0.042,33.9,0.042,33.9,0.046,33.9,0.042,33.9
668.5,0.042,33.9,0.042,33.9,0.044,33.9,0.042,33.9
669.0,0.042,33.9,0.042,33.9,0.040,33.9,0.042,33.9
669.5,0.042,33.9,0.042,33.9,0.041,33.9,0.041,33.9
670.0,0.042,33.8,0.042,33.8,0.042,33.9,0.042,33.8
670.5,0.043,33.8,0.043,33.8,0.043,33.8,0.043,33.8
671.0,0.044,33.8,0.044,33.8,0.043,33.8,0.045,33.8
671.5,0.044,33.8,0.043,33.8,0.044,33.8,0.045,33.8
672.0,0.044,33.8,0.044,33.8,0.045,33.8,0.043,33.8
672.5,0.044,33.8,0.044,33.8,0.044,33.8,0.042,33.8
673.0,0.042,33.8,0.043,33.8,0.044,33.8,0.043,33.8
673.5,0.042,33.8,0.042,33.8,0.044,33.8,0.043,33.7
674.0,0.040,33.8,0.041,33.8,0.042,33.8,0.041,33.8
674.5,0.040,33.7,0.041,33.7,0.041,33.8,0.041,33.7
675.0,0.041,33.7,0.042,33.7,0.041,33.7,0.042,33.7
675.5,0.042,33.7,0.043,33.7,0.042,33.7,0.042,33.7
676.0,0.042,33.7,0.042,33.7,0.043,33.7,0.041,33.7
676.5,0.042,33.7,0.043,33.7,0.042,33.7,0.040,33.6
677.0,0.042,33.7,0.042,33.7,0.041,33.7,0.042,33.7
677.5,0.042,33.7,0.043,33.7,0.043,33.7,0.042,33.7
678.0,0.042,33.7,0.041,33.7,0.043,33.7,0.044,33.7
678.5,0.042,33.7,0.042,33.7,0.044,33.7,0.042,33.7
679.0,0.042,33.7,0.042,33.7,0.041,33.7,0.041,33.7
679.5,0.043,33.7,0.044,33.7,0.042,33.7,0.043,33.7
680.0,0.044,33.6,0.044,33.7,0.044,33.6,0.043,33.7
680.5,0.044,33.6,0.043,33.6,0.044,33.6,0.044,33.6
681.0,0.044,33.6,0.044,33.7,0.043,33.6,0.043,33.6
681.5,0.044,33.6,0.045,33.6,0.046,33.6,0.044,33.6
682.0,0.044,33.6,0.045,33.6,0.046,33.6,0.045,33.6
682.5,0.044,33.6,0.046,33.6,0.043,33.7,0.045,33.6
683.0,0.044,33.6,0.045,33.6,0.044,33.6,0.044,33.6
683.5,0.044,33.6,0.044,33.6,0.042,33.6,0.044,33.6
684.0,0.044,33.6,0.042,33.6,0.041,33.6,0.043,33.6
684.5,0.044,33.6,0.043,33.6,0.044,33.6,0.044,33.6
685.0,0.044,33.6,0.044,33.6,0.045,33.5,0.044,33.6
685.5,0.045,33.6,0.044,33.6,0.045,33.5,0.045,33.6
686.0,0.046,33.6,0.045,33.6,0.046,33.6,0.046,33.6
686.5,0.046,33.5,0.046,33.6,0.047,33.6,0.045,33.6
687.0,0.046,33.5,0.047,33.6,0.047,33.5,0.045,33.6
687.5,0.046,33.5,0.046,33.6,0.047,33.5,0.045,33.6
688.0,0.046,33.5,0.045,33.5,0.046,33.5,0.045,33.5
688.5,0.046,33.5,0.045,33.5,0.047,33.5,0.046,33.5
689.0,0.048,33.5,0.048,33.5,0.048,33.5,0.047,33.5
689.5,0.048,33.5,0.048,33.5,0.046,33.5,0.050,33.5
690.0,0.048,33.5,0.048,33.5,0.046,33.5,0.048,33.4
690.5,0.048,33.4,0.049,33.4,0.047,33.5,0.048,33.4
691.0,0.048,33.5,0.048,33.5,0.047,33.5,0.049,33.5
691.5,0.048,33.5,0.049,33.4,0.048,33.4,0.050,33.5
692.0,0.048,33.5,0.048,33.5,0.049,33.5,0.046,33.5
692.5,0.046,33.5,0.046,33.5,0.046,33.4,0.048,33.5
693.0,0.046,33.4,0.047,33.4,0.046,33.4,0.046,33.4
693.5,0.046,33.4,0.047,33.5,0.047,33.5,0.048,33.4
694.0,0.046,33.4,0.046,33.4,0.047,33.5,0.047,33.5
694.5,0.047,33.4,0.047,33.4,0.048,33.4,0.048,33.4
695.0,0.048,33.4,0.047,33.4,0.047,33.4,0.048,33.4
695.5,0.048,33.4,0.048,33.4,0.047,33.4,0.047,33.4
696.0,0.048,33.4,0.046,33.4,0.047,33.4,0.046,33.4
696.5,0.047,33.4,0.047,33.4,0.047,33.4,0.047,33.4
697.0,0.046,33.4,0.047,33.4,0.047,33.4,0.048,33.4
697.5,0.047,33.4,0.046,33.4,0.047,33.4,0.046,33.4
698.0,0.048,33.4,0.049,33.4,0.049,33.4,0.047,33.4
698.5,0.048,33.4,0.048,33.4,0.048,33.4,0.048,33.4
699.0,0.049,33.4,0.050,33.4,0.050,33.4,0.049,33.4
699.5,0.049,33.3,0.049,33.3,0.049,33.3,0.050,33.4
700.0,0.049,33.4,0.051,33.4,0.049,33.4,0.051,33.4
700.5,0.048,33.4,0.049,33.4,0.048,33.4,0.048,33.4
701.0,0.048,33.4,0.048,33.4,0.049,33.3,0.048,33.3
701.5,0.047,33.3,0.047,33.4,0.047,33.4,0.049,33.4
702.0,0.046,33.3,0.046,33.3,0.046,33.4,0.048,33.4
702.5,0.046,33.3,0.047,33.3,0.047,33.3,0.045,33.3
703.0,0.046,33.3,0.046,33.3,0.045,33.3,0.046,33.3
703.5,0.046,33.3,0.046,33.3,0.045,33.3,0.046,33.3
704.0,0.046,33.3,0.046,33.3,0.046,33.3,0.047,33.3
704.5,0.046,33.3,0.046,33.3,0.046,33.3,0.047,33.3
705.0,0.046,33.3,0.045,33.3,0.046,33.3,0.048,33.3
705.5,0.046,33.3,0.046,33.3,0.047,33.3,0.048,33.3
706.0,0.046,33.3,0.047,33.3,0.046,33.3,0.047,33.3
706.5,0.046,33.3,0.046,33.3,0.044,33.3,0.046,33.3
707.0,0.046,33.3,0.046,33.3,0.046,33.3,0.046,33.3
707.5,0.046,33.3,0.046,33.3,0.046,33.3,0.046,33.3
708.0,0.046,33.3,0.048,33.3,0.048,33.3,0.047,33.3
708.5,0.046,33.3,0.048,33.3,0.046,33.3,0.048,33.3
709.0,0.046,33.2,0.048,33.3,0.046,33.2,0.047,33.2
709.5,0.046,33.3,0.047,33.3,0.047,33.3,0.047,33.3
710.0,0.046,33.3,0.046,33.3,0.046,33.3,0.046,33.3
710.5,0.045,33.3,0.044,33.3,0.045,33.3,0.044,33.3
711.0,0.044,33.2,0.044,33.2,0.045,33.3,0.043,33.3
711.5,0.044,33.2,0.044,33.2,0.044,33.3,0.044,33.3
712.0,0.044,33.2,0.043,33.2,0.042,33.2,0.043,33.3
712.5,0.044,33.2,0.044,33.2,0.042,33.2,0.043,33.3
713.0,0.044,33.2,0.044,33.2,0.043,33.2,0.044,33.2
713.5,0.044,33.2,0.044,33.2,0.044,33.2,0.042,33.2
714.0,0.044,33.2,0.044,33.2,0.043,33.2,0.044,33.2
714.5,0.044,33.2,0.043,33.2,0.043,33.2,0.042,33.3
715.0,0.044,33.2,0.044,33.2,0.043,33.2,0.043,33.2
715.5,0.042,33.2,0.043,33.2,0.042,33.2,0.040,33.2
716.0,0.042,33.2,0.042,33.2,0.042,33.2,0.042,33.2
716.5,0.042,33.2,0.043,33.2,0.042,33.2,0.042,33.2
717.0,0.042,33.2,0.043,33.2,0.042,33.2,0.043,33.3
717.5,0.041,33.2,0.041,33.2,0.042,33.2,0.042,33.2
718.0,0.040,33.2,0.040,33.2,0.039,33.2,0.039,33.2
718.5,0.040,33.2,0.040,33.2,0.041,33.2,0.040,33.3
719.0,0.039,33.2,0.039,33.2,0.040,33.2,0.039,33.2
719.5,0.038,33.2,0.039,33.2,0.036,33.2,0.040,33.2
720.0,0.037,33.2,0.037,33.2,0.038,33.2,0.037,33.2
720.5,0.036,33.2,0.035,33.2,0.036,33.2,0.037,33.2
721.0,0.035,33.2,0.036,33.2,0.035,33.2,0.036,33.2
721.5,0.034,33.2,0.034,33.2,0.034,33.2,0.034,33.2
722.0,0.033,33.2,0.033,33.2,0.033,33.2,0.034,33.2
722.5,0.032,33.2,0.033,33.2,0.032,33.2,0.032,33.2
723.0,0.032,33.2,0.032,33.2,0.033,33.2,0.032,33.2
723.5,0.032,33.2,0.032,33.2,0.032,33.2,0.032,33.2
724.0,0.032,33.2,0.031,33.2,0.031,33.2,0.032,33.2
724.5,0.030,33.2,0.032,33.2,0.032,33.3,0.029,33.3
725.0,0.030,33.2,0.030,33.2,0.031,33.2,0.031,33.2
725.5,0.031,33.2,0.032,33.2,0.032,33.2,0.030,33.3
726.0,0.032,33.3,0.032,33.2,0.032,33.3,0.031,33.3
726.5,0.029,33.3,0.029,33.3,0.028,33.2,0.029,33.3
727.0,0.030,33.2,0.029,33.3,0.029,33.3,0.030,33.2
727.5,0.029,33.3,0.030,33.2,0.029,33.3,0.029,33.3
728.0,0.028,33.3,0.029,33.3,0.028,33.3,0.030,33.2
728.5,0.028,33.3,0.028,33.3,0.029,33.3,0.030,33.3
729.0,0.027,33.3,0.028,33.3,0.028,33.3,0.027,33.3
729.5,0.026,33.3,0.027,33.3,0.026,33.3,0.028,33.3
730.0,0.025,33.3,0.026,33.3,0.025,33.3,0.027,33.3
730.5,0.024,33.3,0.024,33.3,0.024,33.3,0.026,33.3
731.0,0.024,33.3,0.025,33.3,0.023,33.3,0.024,33.3
731.5,0.024,33.3,0.024,33.3,0.024,33.3,0.024,33.3
732.0,0.024,33.3,0.024,33.3,0.025,33.3,0.023,33.3
732.5,0.024,33.3,0.024,33.3,0.024,33.3,0.024,33.3
733.0,0.024,33.3,0.024,33.3,0.026,33.3,0.024,33.3
733.5,0.024,33.3,0.024,33.3,0.026,33.3,0.023,33.3
734.0,0.023,33.3,0.022,33.3,0.024,33.3,0.024,33.3
734.5,0.022,33.3,0.023,33.3,0.022,33.3,0.023,33.3
735.0,0.022,33.3,0.023,33.3,0.023,33.3,0.021,33.3
735.5,0.022,33.3,0.024,33.3,0.022,33.3,0.023,33.3
736.0,0.022,33.3,0.023,33.3,0.023,33.3,0.023,33.3
736.5,0.022,33.3,0.022,33.3,0.022,33.3,0.022,33.3
737.0,0.022,33.3,0.022,33.3,0.023,33.3,0.021,33.3
737.5,0.021,33.4,0.021,33.3,0.023,33.4,0.021,33.3
738.0,0.020,33.3,0.021,33.3,0.020,33.3,0.022,33.4
738.5,0.020,33.4,0.020,33.4,0.020,33.3,0.021,33.4
739.0,0.018,33.3,0.019,33.3,0.020,33.3,0.020,33.3
739.5,0.018,33.4,0.018,33.4,0.020,33.4,0.017,33.4
740.0,0.016,33.4,0.016,33.4,0.017,33.4,0.016,33.4
740.5,0.015,33.4,0.015,33.4,0.015,33.4,0.017,33.4
741.0,0.012,33.3,0.012,33.4,0.013,33.4,0.014,33.3
741.5,0.009,33.4,0.009,33.4,0.011,33.3,0.011,33.3
742.0,0.004,33.4,0.005,33.4,0.006,33.4,0.004,33.4
742.5,-0.002,33.4,-0.001,33.4,0.000,33.4,-0.001,33.4
743.0,-0.010,33.4,-0.010,33.4,-0.009,33.4,-0.008,33.4
743.5,-0.017,33.4,-0.016,33.4,-0.017,33.4,-0.014,33.4
744.0,-0.025,33.5,-0.025,33.5,-0.023,33.5,-0.024,33.5
744.5,-0.031,33.5,-0.031,33.5,-0.028,33.5,-0.030,33.5
745.0,-0.037,33.5,-0.037,33.5,-0.035,33.5,-0.035,33.5
745.5,-0.041,33.5,-0.042,33.5,-0.042,33.5,-0.040,33.5
746.0,-0.044,33.6,-0.045,33.6,-0.044,33.6,-0.043,33.6
746.5,-0.044,33.6,-0.044,33.6,-0.044,33.6,-0.043,33.6
747.0,-0.043,33.6,-0.043,33.6,-0.042,33.6,-0.044,33.6
747.5,-0.041,33.6,-0.042,33.6,-0.041,33.6,-0.042,33.6
748.0,-0.038,33.6,-0.039,33.6,-0.040,33.6,-0.039,33.6
748.5,-0.036,33.6,-0.037,33.7,-0.036,33.6,-0.037,33.6
749.0,-0.034,33.6,-0.034,33.7,-0.034,33.6,-0.035,33.6
749.5,-0.032,33.7,-0.031,33.6,-0.032,33.7,-0.032,33.7
750.0,-0.030,33.7,-0.030,33.7,-0.031,33.7,-0.030,33.7
750.5,-0.030,33.7,-0.029,33.7,-0.029,33.7,-0.029,33.7
751.0,-0.030,33.7,-0.029,33.7,-0.028,33.7,-0.028,33.7
751.5,-0.030,33.7,-0.029,33.7,-0.029,33.7,-0.028,33.7
752.0,-0.030,33.7,-0.029,33.7,-0.027,33.7,-0.030,33.7
752.5,-0.030,33.7,-0.029,33.7,-0.029,33.7,-0.031,33.7
753.0,-0.030,33.7,-0.029,33.7,-0.030,33.7,-0.030,33.7
753.5,-0.030,33.7,-0.029,33.7,-0.030,33.7,-0.029,33.7
754.0,-0.030,33.7,-0.029,33.7,-0.030,33.7,-0.029,33.7
754.5,-0.028,33.7,-0.029,33.7,-0.029,33.7,-0.028,33.7
755.0,-0.028,33.7,-0.028,33.8,-0.029,33.8,-0.028,33.7
755.5,-0.026,33.7,-0.026,33.8,-0.027,33.8,-0.025,33.7
756.0,-0.024,33.8,-0.024,33.8,-0.024,33.8,-0.024,33.7
756.5,-0.022,33.8,-0.022,33.7,-0.023,33.8,-0.023,33.8
757.0,-0.022,33.8,-0.021,33.8,-0.022,33.8,-0.021,33.8
757.5,-0.020,33.8,-0.020,33.8,-0.021,33.8,-0.019,33.8
758.0,-0.020,33.8,-0.021,33.8,-0.022,33.8,-0.020,33.8
758.5,-0.018,33.8,-0.020,33.8,-0.022,33.8,-0.018,33.8
759.0,-0.018,33.8,-0.018,33.8,-0.018,33.8,-0.018,33.8
759.5,-0.017,33.8,-0.018,33.7,-0.017,33.7,-0.017,33.8
760.0,-0.015,33.8,-0.015,33.8,-0.015,33.8,-0.015,33.8
760.5,-0.014,33.8,-0.013,33.8,-0.013,33.8,-0.015,33.8
761.0,-0.012,33.8,-0.013,33.8,-0.012,33.8,-0.013,33.8
761.5,-0.010,33.8,-0.011,33.8,-0.010,33.8,-0.011,33.8
762.0,-0.009,33.8,-0.009,33.8,-0.008,33.8,-0.008,33.8
762.5,-0.008,33.8,-0.007,33.8,-0.008,33.8,-0.006,33.8
763.0,-0.006,33.8,-0.006,33.8,-0.006,33.8,-0.005,33.8
763.5,-0.004,33.8,-0.005,33.8,-0.003,33.8,-0.004,33.8
764.0,-0.002,33.8,-0.002,33.8,-0.002,33.8,-0.003,33.8
764.5,-0.001,33.8,0.001,33.8,-0.002,33.9,-0.001,33.7
765.0,0.002,33.8,0.003,33.8,-0.001,33.8,0.004,33.7
765.5,0.004,33.7,0.005,33.7,0.003,33.8,0.004,33.8
766.0,0.006,33.7,0.008,33.7,0.007,33.7,0.006,33.7
766.5,0.009,33.7,0.009,33.8,0.009,33.7,0.008,33.7
767.0,0.012,33.7,0.011,33.7,0.011,33.8,0.011,33.7
767.5,0.015,33.7,0.014,33.7,0.015,33.7,0.014,33.7
768.0,0.017,33.7,0.017,33.7,0.019,33.7,0.016,33.7
768.5,0.019,33.7,0.019,33.7,0.020,33.7,0.019,33.7
769.0,0.020,33.7,0.021,33.6,0.022,33.7,0.020,33.7
769.5,0.022,33.6,0.022,33.6,0.022,33.6,0.022,33.6
770.0,0.023,33.6,0.024,33.6,0.023,33.6,0.024,33.6
770.5,0.024,33.6,0.025,33.6,0.024,33.6,0.025,33.6
771.0,0.025,33.6,0.025,33.6,0.024,33.6,0.026,33.6
771.5,0.026,33.5,0.025,33.6,0.026,33.5,0.026,33.6
772.0,0.026,33.5,0.027,33.5,0.028,33.5,0.027,33.5
772.5,0.028,33.5,0.028,33.5,0.028,33.5,0.027,33.5
773.0,0.029,33.5,0.029,33.5,0.029,33.5,0.029,33.5
773.5,0.031,33.5,0.031,33.5,0.031,33.5,0.030,33.4
774.0,0.032,33.4,0.033,33.4,0.034,33.5,0.031,33.5
774.5,0.034,33.4,0.033,33.4,0.033,33.4,0.032,33.4
775.0,0.034,33.4,0.034,33.4,0.033,33.4,0.033,33.4
775.5,0.034,33.4,0.034,33.4,0.033,33.4,0.034,33.4
776.0,0.035,33.4,0.034,33.3,0.035,33.4,0.036,33.4
776.5,0.036,33.3,0.036,33.3,0.036,33.3,0.037,33.3
777.0,0.036,33.3,0.038,33.3,0.036,33.3,0.037,33.3
777.5,0.037,33.3,0.037,33.3,0.037,33.3,0.038,33.3
778.0,0.038,33.2,0.037,33.2,0.038,33.3,0.038,33.2
778.5,0.038,33.2,0.037,33.2,0.038,33.3,0.039,33.2
779.0,0.038,33.2,0.037,33.2,0.038,33.2,0.040,33.2
779.5,0.038,33.2,0.037,33.2,0.039,33.2,0.038,33.2
780.0,0.038,33.2,0.038,33.2,0.038,33.2,0.038,33.2
780.5,0.037,33.2,0.037,33.1,0.037,33.2,0.038,33.2
781.0,0.036,33.2,0.037,33.1,0.036,33.2,0.038,33.2
781.5,0.038,33.1,0.039,33.1,0.038,33.1,0.038,33.1
782.0,0.039,33.1,0.039,33.1,0.040,33.1,0.038,33.1
782.5,0.040,33.1,0.041,33.1,0.041,33.1,0.038,33.1
783.0,0.041,33.1,0.042,33.1,0.041,33.1,0.040,33.1
783.5,0.042,33.1,0.042,33.0,0.041,33.1,0.043,33.1
784.0,0.042,33.1,0.043,33.0,0.040,33.1,0.043,33.1
784.5,0.042,33.0,0.043,33.1,0.041,33.0,0.043,33.0
785.0,0.042,33.0,0.043,33.0,0.043,33.0,0.044,33.0
785.5,0.042,33.0,0.043,33.0,0.043,33.0,0.043,33.0
786.0,0.043,33.0,0.043,33.0,0.044,33.0,0.042,33.0
786.5,0.044,33.0,0.044,32.9,0.044,33.0,0.045,32.9
787.0,0.044,32.9,0.044,33.0,0.045,32.9,0.044,32.9
787.5,0.044,32.9,0.046,32.9,0.047,32.9,0.046,32.9
788.0,0.044,32.9,0.046,32.9,0.044,32.9,0.046,32.9
788.5,0.044,32.9,0.045,32.9,0.044,32.9,0.046,32.9
789.0,0.044,32.9,0.045,32.8,0.044,32.9,0.046,32.9
789.5,0.044,32.9,0.044,32.9,0.043,32.9,0.046,32.9
790.0,0.044,32.9,0.043,32.9,0.044,32.8,0.044,32.9
790.5,0.043,32.9,0.045,32.8,0.045,32.9,0.043,32.9
791.0,0.042,32.9,0.044,32.9,0.041,32.9,0.044,32.8
791.5,0.042,32.8,0.043,32.8,0.040,32.9,0.043,32.9
792.0,0.042,32.8,0.043,32.8,0.040,32.8,0.042,32.8
792.5,0.042,32.8,0.044,32.8,0.044,32.8,0.043,32.8
793.0,0.042,32.8,0.042,32.8,0.044,32.8,0.043,32.9
793.5,0.042,32.8,0.042,32.8,0.042,32.8,0.043,32.8
794.0,0.042,32.8,0.042,32.8,0.041,32.8,0.043,32.8
794.5,0.042,32.8,0.043,32.8,0.041,32.8,0.044,32.8
795.0,0.042,32.8,0.041,32.8,0.041,32.8,0.042,32.8
795.5,0.042,32.8,0.042,32.7,0.041,32.8,0.040,32.7
796.0,0.042,32.8,0.043,32.8,0.042,32.8,0.041,32.8
796.5,0.042,32.8,0.043,32.8,0.042,32.8,0.042,32.7
797.0,0.042,32.8,0.041,32.8,0.042,32.8,0.042,32.7
797.5,0.042,32.7,0.042,32.8,0.044,32.8,0.043,32.8
798.0,0.042,32.7,0.042,32.7,0.042,32.7,0.043,32.7
798.5,0.042,32.7,0.042,32.7,0.044,32.7,0.043,32.7
799.0,0.042,32.7,0.041,32.7,0.042,32.7,0.042,32.7
799.5,0.042,32.7,0.041,32.7,0.040,32.7,0.042,32.7
800.0,0.041,32.7,0.042,32.7,0.040,32.7,0.041,32.7
800.5,0.040,32.7,0.040,32.7,0.042,32.7,0.040,32.7
801.0,0.041,32.7,0.041,32.7,0.041,32.7,0.040,32.7
801.5,0.042,32.7,0.043,32.6,0.044,32.6,0.042,32.7
802.0,0.042,32.7,0.043,32.7,0.043,32.6,0.042,32.7
802.5,0.044,32.7,0.044,32.7,0.044,32.7,0.043,32.6
803.0,0.044,32.6,0.044,32.6,0.044,32.6,0.044,32.6
803.5,0.043,32.6,0.042,32.6,0.043,32.6,0.043,32.6
804.0,0.042,32.6,0.043,32.6,0.044,32.6,0.044,32.6
804.5,0.042,32.6,0.042,32.6,0.042,32.6,0.043,32.6
805.0,0.042,32.6,0.042,32.6,0.044,32.6,0.042,32.6
805.5,0.042,32.6,0.043,32.6,0.042,32.6,0.042,32.6
806.0,0.043,32.6,0.043,32.6,0.042,32.6,0.043,32.6
806.5,0.044,32.6,0.044,32.6,0.042,32.6,0.043,32.6
807.0,0.044,32.6,0.045,32.6,0.044,32.6,0.044,32.6
807.5,0.044,32.6,0.045,32.6,0.044,32.6,0.045,32.6
808.0,0.044,32.6,0.043,32.6,0.044,32.6,0.044,32.6
808.5,0.043,32.6,0.042,32.6,0.043,32.5,0.044,32.6
809.0,0.042,32.5,0.043,32.5,0.042,32.5,0.043,32.6
809.5,0.042,32.5,0.042,32.5,0.044,32.5,0.042,32.6
810.0,0.043,32.5,0.043,32.5,0.045,32.6,0.043,32.5
810.5,0.044,32.5,0.043,32.5,0.043,32.5,0.045,32.5
811.0,0.044,32.5,0.043,32.5,0.043,32.5,0.044,32.5
811.5,0.045,32.5,0.045,32.5,0.045,32.5,0.046,32.5
812.0,0.046,32.5,0.045,32.5,0.046,32.5,0.046,32.5
812.5,0.046,32.5,0.046,32.5,0.046,32.5,0.048,32.5
813.0,0.046,32.5,0.046,32.4,0.046,32.5,0.046,32.5
813.5,0.044,32.5,0.046,32.4,0.046,32.4,0.047,32.5
814.0,0.046,32.5,0.044,32.5,0.044,32.5,0.048,32.4
814.5,0.046,32.4,0.046,32.5,0.046,32.5,0.046,32.4
815.0,0.046,32.4,0.046,32.5,0.047,32.5,0.046,32.4
815.5,0.046,32.5,0.047,32.5,0.048,32.4,0.047,32.5
816.0,0.046,32.4,0.046,32.4,0.047,32.4,0.047,32.4
816.5,0.046,32.4,0.046,32.4,0.046,32.4,0.046,32.4
817.0,0.046,32.4,0.046,32.4,0.044,32.4,0.046,32.4
817.5,0.046,32.4,0.045,32.4,0.045,32.4,0.044,32.4
818.0,0.044,32.4,0.044,32.4,0.046,32.4,0.045,32.4
818.5,0.044,32.4,0.044,32.4,0.043,32.4,0.045,32.4
819.0,0.044,32.4,0.045,32.4,0.043,32.4,0.045,32.4
819.5,0.044,32.4,0.044,32.4,0.045,32.4,0.044,32.4
820.0,0.044,32.4,0.047,32.4,0.044,32.4,0.048,32.3
820.5,0.045,32.4,0.045,32.4,0.046,32.3,0.044,32.4
821.0,0.045,32.4,0.044,32.4,0.045,32.3,0.046,32.4
821.5,0.044,32.3,0.044,32.3,0.046,32.3,0.045,32.3
822.0,0.044,32.3,0.044,32.3,0.045,32.3,0.044,32.3
822.5,0.044,32.3,0.043,32.3,0.043,32.3,0.042,32.3
823.0,0.043,32.3,0.043,32.3,0.045,32.3,0.043,32.3
823.5,0.044,32.3,0.044,32.3,0.043,32.3,0.044,32.3
824.0,0.044,32.3,0.045,32.3,0.042,32.3,0.044,32.3
824.5,0.044,32.3,0.043,32.3,0.042,32.3,0.044,32.3
825.0,0.043,32.3,0.044,32.3,0.042,32.3,0.042,32.3
825.5,0.042,32.3,0.044,32.3,0.043,32.3,0.043,32.3
826.0,0.042,32.3,0.043,32.3,0.042,32.3,0.042,32.3
826.5,0.042,32.3,0.042,32.3,0.041,32.2,0.042,32.3
827.0,0.040,32.3,0.041,32.3,0.041,32.3,0.040,32.2
827.5,0.040,32.3,0.039,32.3,0.039,32.3,0.041,32.3
828.0,0.040,32.3,0.040,32.3,0.039,32.3,0.040,32.3
828.5,0.039,32.3,0.039,32.3,0.038,32.3,0.039,32.3
829.0,0.038,32.3,0.038,32.2,0.038,32.3,0.038,32.2
829.5,0.038,32.3,0.038,32.3,0.037,32.2,0.039,32.3
830.0,0.038,32.3,0.037,32.2,0.041,32.2,0.039,32.3
830.5,0.038,32.3,0.037,32.3,0.038,32.2,0.038,32.2
831.0,0.037,32.3,0.038,32.2,0.037,32.3,0.035,32.3
831.5,0.036,32.3,0.038,32.2,0.036,32.3,0.036,32.3
832.0,0.036,32.3,0.037,32.3,0.037,32.3,0.038,32.2
832.5,0.036,32.3,0.038,32.3,0.038,32.3,0.038,32.3
833.0,0.036,32.2,0.036,32.2,0.036,32.2,0.036,32.3
833.5,0.036,32.3,0.037,32.2,0.036,32.2,0.036,32.2
834.0,0.035,32.3,0.035,32.3,0.036,32.3,0.037,32.3
834.5,0.034,32.3,0.035,32.3,0.033,32.3,0.034,32.3
835.0,0.033,32.3,0.033,32.3,0.032,32.3,0.034,32.3
835.5,0.032,32.3,0.032,32.3,0.032,32.3,0.034,32.2
836.0,0.032,32.3,0.033,32.3,0.032,32.3,0.032,32.3
836.5,0.030,32.3,0.030,32.3,0.030,32.2,0.031,32.3
837.0,0.030,32.3,0.030,32.3,0.029,32.3,0.031,32.3
837.5,0.030,32.3,0.030,32.3,0.031,32.3,0.030,32.3
838.0,0.028,32.3,0.029,32.3,0.032,32.2,0.029,32.3
838.5,0.028,32.3,0.028,32.3,0.029,32.3,0.028,32.3
839.0,0.028,32.3,0.028,32.3,0.030,32.3,0.028,32.3
839.5,0.028,32.3,0.027,32.3,0.026,32.3,0.028,32.3
840.0,0.028,32.3,0.028,32.3,0.029,32.3,0.028,32.3
840.5,0.028,32.3,0.028,32.3,0.027,32.3,0.028,32.3
841.0,0.027,32.3,0.027,32.3,0.026,32.3,0.027,32.3
841.5,0.026,32.3,0.027,32.3,0.026,32.3,0.027,32.3
842.0,0.026,32.3,0.026,32.3,0.026,32.3,0.026,32.3
842.5,0.026,32.3,0.027,32.3,0.026,32.3,0.027,32.3
843.0,0.026,32.3,0.026,32.3,0.025,32.3,0.026,32.3
843.5,0.024,32.3,0.025,32.3,0.024,32.3,0.024,32.3
844.0,0.024,32.3,0.024,32.3,0.025,32.3,0.023,32.3
844.5,0.024,32.3,0.022,32.3,0.025,32.4,0.024,32.3
845.0,0.024,32.3,0.023,32.3,0.024,32.3,0.024,32.3
845.5,0.023,32.3,0.023,32.4,0.023,32.3,0.022,32.3
846.0,0.022,32.3,0.022,32.3,0.023,32.3,0.022,32.3
846.5,0.021,32.3,0.022,32.3,0.021,32.3,0.022,32.3
847.0,0.020,32.3,0.021,32.3,0.021,32.3,0.021,32.3
847.5,0.020,32.3,0.019,32.3,0.020,32.3,0.020,32.3
848.0,0.018,32.3,0.019,32.3,0.019,32.3,0.020,32.3
848.5,0.018,32.3,0.018,32.3,0.019,32.3,0.018,32.3
849.0,0.018,32.4,0.018,32.3,0.018,32.4,0.018,32.4
849.5,0.018,32.3,0.018,32.3,0.018,32.4,0.018,32.4
850.0,0.018,32.4,0.018,32.4,0.019,32.3,0.018,32.4
850.5,0.016,32.4,0.016,32.4,0.018,32.3,0.016,32.4
851.0,0.014,32.4,0.014,32.4,0.018,32.3,0.014,32.4
851.5,0.012,32.4,0.012,32.4,0.013,32.4,0.011,32.4
852.0,0.008,32.4,0.009,32.4,0.010,32.4,0.009,32.4
852.5,0.003,32.4,0.004,32.4,0.003,32.4,0.004,32.4
853.0,-0.003,32.4,-0.002,32.4,-0.003,32.4,0.001,32.4
853.5,-0.009,32.4,-0.008,32.4,-0.006,32.4,-0.007,32.4
854.0,-0.015,32.5,-0.015,32.5,-0.013,32.4,-0.013,32.4
854.5,-0.022,32.5,-0.022,32.5,-0.020,32.4,-0.022,32.5
855.0,-0.028,32.5,-0.029,32.5,-0.027,32.5,-0.029,32.5
855.5,-0.034,32.5,-0.033,32.5,-0.032,32.5,-0.032,32.5
856.0,-0.037,32.6,-0.037,32.6,-0.034,32.5,-0.037,32.5
856.5,-0.040,32.5,-0.038,32.6,-0.036,32.5,-0.039,32.6
857.0,-0.040,32.6,-0.040,32.6,-0.039,32.5,-0.040,32.5
857.5,-0.040,32.6,-0.040,32.6,-0.039,32.6,-0.040,32.6
858.0,-0.039,32.6,-0.039,32.6,-0.040,32.7,-0.038,32.6
858.5,-0.038,32.6,-0.037,32.6,-0.040,32.7,-0.039,32.6
859.0,-0.038,32.6,-0.038,32.6,-0.037,32.6,-0.037,32.6
859.5,-0.036,32.6,-0.037,32.6,-0.035,32.7,-0.037,32.6
860.0,-0.036,32.6,-0.036,32.6,-0.035,32.7,-0.036,32.6
860.5,-0.036,32.7,-0.037,32.7,-0.036,32.7,-0.036,32.6
861.0,-0.036,32.7,-0.036,32.7,-0.036,32.7,-0.035,32.7
861.5,-0.036,32.7,-0.035,32.7,-0.034,32.6,-0.036,32.7
862.0,-0.034,32.7,-0.033,32.7,-0.031,32.7,-0.034,32.7
862.5,-0.032,32.7,-0.031,32.7,-0.031,32.7,-0.031,32.7
863.0,-0.031,32.7,-0.030,32.7,-0.031,32.7,-0.031,32.7
863.5,-0.030,32.7,-0.029,32.7,-0.029,32.7,-0.030,32.7
864.0,-0.028,32.7,-0.028,32.7,-0.027,32.7,-0.029,32.7
864.5,-0.026,32.7,-0.026,32.7,-0.030,32.7,-0.027,32.7
865.0,-0.024,32.7,-0.024,32.7,-0.028,32.7,-0.025,32.7
865.5,-0.023,32.7,-0.022,32.7,-0.023,32.8,-0.023,32.7
866.0,-0.022,32.7,-0.022,32.7,-0.020,32.7,-0.022,32.7
866.5,-0.021,32.7,-0.021,32.7,-0.020,32.7,-0.023,32.7
867.0,-0.019,32.7,-0.020,32.7,-0.019,32.7,-0.020,32.7
867.5,-0.018,32.8,-0.019,32.7,-0.018,32.7,-0.019,32.7
868.0,-0.017,32.8,-0.017,32.8,-0.017,32.8,-0.017,32.7
868.5,-0.016,32.8,-0.016,32.8,-0.016,32.8,-0.016,32.7
869.0,-0.016,32.8,-0.015,32.8,-0.015,32.8,-0.015,32.8
869.5,-0.014,32.8,-0.014,32.8,-0.014,32.8,-0.013,32.8
870.0,-0.013,32.8,-0.013,32.8,-0.013,32.8,-0.013,32.8
870.5,-0.011,32.8,-0.010,32.8,-0.011,32.8,-0.011,32.7
871.0,-0.009,32.7,-0.007,32.7,-0.009,32.7,-0.007,32.7
871.5,-0.005,32.8,-0.005,32.7,-0.007,32.8,-0.006,32.7
872.0,-0.003,32.8,-0.003,32.8,-0.004,32.8,-0.002,32.7
872.5,-0.001,32.8,-0.001,32.8,0.000,32.7,-0.001,32.7
873.0,0.001,32.8,0.000,32.8,0.003,32.7,0.001,32.8
873.5,0.003,32.8,0.003,32.8,0.003,32.7,0.003,32.8
874.0,0.005,32.7,0.005,32.8,0.006,32.7,0.005,32.7
874.5,0.006,32.7,0.007,32.7,0.006,32.7,0.004,32.7
875.0,0.008,32.7,0.008,32.7,0.009,32.7,0.007,32.7
875.5,0.009,32.7,0.009,32.7,0.009,32.7,0.007,32.7
876.0,0.011,32.7,0.010,32.7,0.010,32.7,0.011,32.7
876.5,0.013,32.7,0.013,32.7,0.012,32.7,0.013,32.7
877.0,0.015,32.7,0.014,32.7,0.015,32.7,0.014,32.7
877.5,0.016,32.6,0.017,32.7,0.017,32.7,0.016,32.7
878.0,0.018,32.6,0.019,32.6,0.018,32.6,0.017,32.6
878.5,0.018,32.6,0.018,32.6,0.017,32.6,0.018,32.6
879.0,0.018,32.6,0.019,32.6,0.020,32.6,0.019,32.6
879.5,0.020,32.6,0.019,32.6,0.018,32.6,0.020,32.6
880.0,0.021,32.6,0.021,32.6,0.022,32.6,0.020,32.6
880.5,0.023,32.6,0.023,32.6,0.023,32.6,0.022,32.6
881.0,0.024,32.5,0.025,32.5,0.024,32.6,0.024,32.5
881.5,0.026,32.5,0.026,32.5,0.025,32.5,0.025,32.5
882.0,0.027,32.5,0.028,32.5,0.027,32.5,0.027,32.5
882.5,0.028,32.5,0.028,32.5,0.028,32.5,0.028,32.5
883.0,0.029,32.5,0.029,32.5,0.029,32.4,0.030,32.5
883.5,0.030,32.4,0.030,32.4,0.030,32.5,0.030,32.4
884.0,0.031,32.4,0.030,32.4,0.030,32.4,0.031,32.4
884.5,0.033,32.4,0.033,32.4,0.033,32.4,0.032,32.4
885.0,0.034,32.4,0.032,32.4,0.033,32.4,0.033,32.3
885.5,0.034,32.4,0.034,32.4,0.035,32.4,0.035,32.3
886.0,0.035,32.3,0.035,32.3,0.034,32.3,0.034,32.3
886.5,0.036,32.3,0.036,32.3,0.035,32.3,0.036,32.3
887.0,0.036,32.3,0.036,32.3,0.035,32.3,0.037,32.3
887.5,0.036,32.3,0.036,32.3,0.036,32.3,0.036,32.3
888.0,0.035,32.2,0.036,32.3,0.034,32.3,0.035,32.3
888.5,0.036,32.2,0.035,32.2,0.036,32.2,0.035,32.3
889.0,0.037,32.2,0.037,32.2,0.035,32.2,0.039,32.2
889.5,0.038,32.2,0.038,32.2,0.040,32.2,0.039,32.2
890.0,0.039,32.2,0.039,32.2,0.040,32.2,0.038,32.2
890.5,0.040,32.2,0.039,32.2,0.040,32.1,0.040,32.2
891.0,0.040,32.1,0.039,32.1,0.042,32.2,0.039,32.1
891.5,0.040,32.1,0.040,32.1,0.040,32.2,0.039,32.1
892.0,0.040,32.1,0.040,32.1,0.042,32.1,0.039,32.1
892.5,0.040,32.1,0.040,32.1,0.041,32.1,0.041,32.1
893.0,0.040,32.1,0.040,32.1,0.039,32.0,0.040,32.1
893.5,0.040,32.0,0.041,32.1,0.041,32.0,0.040,32.1
894.0,0.041,32.0,0.041,32.1,0.041,32.0,0.040,32.0
894.5,0.042,32.0,0.041,32.0,0.041,32.1,0.041,32.0
895.0,0.042,32.0,0.041,32.0,0.042,32.0,0.041,32.0
895.5,0.041,32.0,0.040,32.0,0.042,32.0,0.041,32.0
896.0,0.040,32.0,0.040,32.0,0.041,32.0,0.041,32.0
896.5,0.040,32.0,0.040,32.0,0.040,32.0,0.040,32.0
897.0,0.040,32.0,0.041,32.0,0.040,32.0,0.041,32.0
897.5,0.039,32.0,0.039,32.0,0.040,32.0,0.041,31.9
898.0,0.038,31.9,0.038,31.9,0.038,31.9,0.039,32.0
898.5,0.039,31.9,0.039,31.9,0.040,31.9,0.039,31.9
899.0,0.040,32.0,0.040,32.0,0.040,31.9,0.040,31.9
899.5,0.040,31.9,0.040,31.9,0.042,31.9,0.040,32.0
900.0,0.040,31.9,0.041,31.9,0.042,31.9,0.039,31.9
900.5,0.040,31.9,0.041,31.9,0.040,31.9,0.040,31.9
901.0,0.040,31.9,0.039,31.9,0.040,31.9,0.039,31.9
901.5,0.039,31.9,0.039,31.9,0.041,31.9,0.038,31.9
902.0,0.039,31.9,0.039,31.9,0.041,31.9,0.039,31.9
902.5,0.040,31.9,0.040,31.8,0.039,31.9,0.039,31.9
903.0,0.040,31.9,0.040,31.9,0.040,31.9,0.041,31.9
903.5,0.041,31.9,0.040,31.9,0.042,31.9,0.042,31.9
904.0,0.042,31.9,0.041,31.9,0.042,31.8,0.044,31.9
904.5,0.042,31.8,0.041,31.9,0.042,31.9,0.043,31.8
905.0,0.042,31.8,0.040,31.8,0.044,31.8,0.041,31.9
905.5,0.041,31.8,0.040,31.8,0.040,31.8,0.042,31.8
906.0,0.041,31.8,0.041,31.8,0.041,31.8,0.042,31.8
906.5,0.040,31.8,0.041,31.8,0.040,31.8,0.042,31.8
907.0,0.040,31.8,0.040,31.8,0.041,31.8,0.040,31.8
907.5,0.041,31.8,0.041,31.8,0.041,31.8,0.040,31.8
908.0,0.042,31.8,0.042,31.8,0.042,31.8,0.041,31.8
908.5,0.041,31.8,0.042,31.7,0.040,31.8,0.041,31.8
909.0,0.042,31.8,0.042,31.8,0.042,31.8,0.041,31.7
909.5,0.042,31.7,0.040,31.7,0.041,31.7,0.040,31.7
910.0,0.042,31.7,0.042,31.7,0.041,31.7,0.042,31.8
910.5,0.041,31.8,0.042,31.7,0.041,31.7,0.043,31.7
911.0,0.040,31.7,0.042,31.7,0.042,31.7,0.041,31.7
911.5,0.040,31.7,0.040,31.7,0.043,31.7,0.042,31.7
912.0,0.042,31.7,0.041,31.7,0.041,31.7,0.040,31.7
912.5,0.042,31.7,0.042,31.7,0.041,31.7,0.042,31.7
913.0,0.042,31.7,0.043,31.7,0.041,31.7,0.042,31.7
913.5,0.044,31.7,0.044,31.7,0.042,31.7,0.044,31.7
914.0,0.044,31.7,0.044,31.7,0.044,31.7,0.045,31.7
914.5,0.044,31.7,0.044,31.7,0.043,31.7,0.043,31.7
915.0,0.044,31.7,0.043,31.7,0.043,31.7,0.043,31.7
915.5,0.044,31.7,0.042,31.7,0.044,31.7,0.044,31.7
916.0,0.043,31.7,0.043,31.7,0.044,31.7,0.043,31.7
916.5,0.042,31.7,0.044,31.6,0.043,31.7,0.044,31.7
917.0,0.043,31.7,0.044,31.6,0.042,31.7,0.043,31.7
917.5,0.044,31.6,0.044,31.6,0.044,31.6,0.044,31.7
918.0,0.044,31.6,0.044,31.6,0.046,31.6,0.044,31.7
918.5,0.044,31.6,0.045,31.6,0.044,31.6,0.044,31.6
919.0,0.044,31.6,0.044,31.6,0.045,31.6,0.044,31.6
919.5,0.044,31.6,0.043,31.6,0.042,31.6,0.043,31.6
920.0,0.042,31.6,0.042,31.6,0.044,31.6,0.043,31.6
920.5,0.042,31.6,0.042,31.6,0.041,31.6,0.042,31.6
921.0,0.042,31.6,0.042,31.6,0.043,31.6,0.042,31.6
921.5,0.042,31.6,0.042,31.6,0.042,31.6,0.041,31.6
922.0,0.042,31.6,0.042,31.6,0.042,31.6,0.041,31.6
922.5,0.042,31.6,0.042,31.6,0.042,31.6,0.044,31.6
923.0,0.042,31.6,0.042,31.6,0.043,31.6,0.041,31.6
923.5,0.042,31.6,0.042,31.6,0.042,31.6,0.042,31.6
924.0,0.042,31.6,0.042,31.6,0.042,31.6,0.044,31.6
924.5,0.042,31.6,0.042,31.6,0.043,31.6,0.043,31.6
925.0,0.042,31.5,0.042,31.5,0.041,31.6,0.042,31.6
925.5,0.041,31.5,0.041,31.5,0.041,31.5,0.042,31.5
926.0,0.041,31.5,0.042,31.6,0.042,31.5,0.043,31.5
926.5,0.042,31.5,0.042,31.5,0.041,31.6,0.042,31.5
927.0,0.042,31.5,0.043,31.5,0.042,31.5,0.041,31.5
927.5,0.042,31.5,0.044,31.5,0.043,31.5,0.043,31.5
928.0,0.043,31.5,0.043,31.5,0.044,31.5,0.044,31.5
928.5,0.044,31.5,0.043,31.5,0.043,31.5,0.044,31.5
929.0,0.044,31.5,0.044,31.5,0.042,31.5,0.044,31.5
929.5,0.044,31.5,0.044,31.5,0.042,31.5,0.044,31.5
930.0,0.044,31.5,0.044,31.4,0.045,31.5,0.045,31.5
930.5,0.045,31.5,0.046,31.5,0.045,31.5,0.048,31.5
931.0,0.046,31.5,0.046,31.5,0.045,31.5,0.047,31.5
931.5,0.046,31.5,0.048,31.4,0.045,31.5,0.047,31.5
932.0,0.047,31.4,0.048,31.5,0.046,31.4,0.047,31.4
932.5,0.046,31.4,0.047,31.4,0.047,31.4,0.046,31.5
933.0,0.046,31.4,0.045,31.4,0.046,31.4,0.045,31.4
933.5,0.045,31.4,0.045,31.4,0.045,31.4,0.045,31.5
934.0,0.044,31.4,0.045,31.4,0.045,31.4,0.046,31.5
934.5,0.043,31.4,0.045,31.4,0.044,31.4,0.045,31.4
935.0,0.042,31.4,0.043,31.4,0.042,31.4,0.044,31.4
935.5,0.042,31.4,0.042,31.4,0.041,31.4,0.044,31.4
936.0,0.042,31.4,0.041,31.4,0.042,31.4,0.042,31.4
936.5,0.041,31.4,0.042,31.4,0.040,31.4,0.041,31.4
937.0,0.040,31.4,0.042,31.4,0.040,31.4,0.040,31.4
937.5,0.040,31.4,0.040,31.4,0.039,31.4,0.040,31.3
938.0,0.040,31.4,0.039,31.4,0.039,31.4,0.040,31.4
938.5,0.039,31.4,0.039,31.4,0.040,31.4,0.040,31.4
939.0,0.038,31.4,0.039,31.4,0.040,31.4,0.038,31.4
939.5,0.038,31.4,0.040,31.4,0.039,31.4,0.039,31.4
940.0,0.038,31.4,0.038,31.4,0.038,31.4,0.038,31.4
940.5,0.038,31.4,0.037,31.4,0.038,31.4,0.040,31.4
941.0,0.036,31.4,0.036,31.4,0.037,31.4,0.038,31.4
941.5,0.036,31.4,0.036,31.4,0.036,31.4,0.037,31.4
942.0,0.035,31.4,0.036,31.4,0.036,31.5,0.036,31.4
942.5,0.034,31.4,0.034,31.4,0.035,31.4,0.036,31.4
943.0,0.034,31.4,0.033,31.4,0.035,31.4,0.034,31.4
943.5,0.032,31.4,0.032,31.4,0.032,31.4,0.032,31.5
944.0,0.032,31.4,0.032,31.4,0.031,31.4,0.030,31.4
944.5,0.032,31.4,0.031,31.4,0.031,31.4,0.032,31.4
945.0,0.030,31.4,0.030,31.5,0.030,31.4,0.031,31.4
945.5,0.030,31.5,0.029,31.5,0.031,31.5,0.031,31.5
946.0,0.030,31.5,0.030,31.4,0.030,31.5,0.029,31.5
946.5,0.029,31.5,0.028,31.4,0.032,31.5,0.029,31.5
947.0,0.028,31.5,0.028,31.5,0.031,31.5,0.030,31.4
947.5,0.028,31.5,0.028,31.5,0.030,31.5,0.028,31.5
948.0,0.028,31.5,0.028,31.5,0.030,31.5,0.028,31.5
948.5,0.028,31.5,0.027,31.5,0.029,31.5,0.028,31.5
949.0,0.028,31.5,0.028,31.5,0.029,31.5,0.028,31.4
949.5,0.028,31.5,0.028,31.5,0.029,31.5,0.028,31.4
950.0,0.027,31.5,0.027,31.5,0.027,31.5,0.028,31.5
950.5,0.026,31.5,0.027,31.5,0.025,31.4,0.027,31.5
951.0,0.026,31.5,0.025,31.5,0.025,31.5,0.027,31.5
951.5,0.025,31.5,0.026,31.5,0.025,31.5,0.025,31.5
952.0,0.024,31.5,0.025,31.5,0.024,31.5,0.025,31.5
952.5,0.024,31.5,0.024,31.5,0.025,31.5,0.024,31.5
953.0,0.024,31.5,0.024,31.5,0.023,31.5,0.024,31.6
953.5,0.023,31.5,0.023,31.5,0.023,31.5,0.023,31.5
954.0,0.022,31.5,0.022,31.5,0.022,31.5,0.023,31.5
954.5,0.022,31.5,0.022,31.5,0.022,31.5,0.022,31.5
955.0,0.022,31.5,0.022,31.5,0.021,31.5,0.022,31.5
955.5,0.022,31.5,0.022,31.5,0.022,31.6,0.022,31.5
956.0,0.021,31.6,0.022,31.6,0.022,31.5,0.022,31.5
956.5,0.022,31.6,0.021,31.6,0.022,31.6,0.022,31.6
957.0,0.022,31.6,0.021,31.6,0.021,31.6,0.022,31.6
957.5,0.021,31.6,0.021,31.6,0.022,31.6,0.021,31.6
958.0,0.020,31.6,0.021,31.6,0.022,31.5,0.020,31.6
958.5,0.020,31.6,0.021,31.6,0.021,31.6,0.020,31.6
959.0,0.020,31.6,0.020,31.6,0.021,31.6,0.020,31.6
959.5,0.019,31.6,0.019,31.6,0.020,31.6,0.020,31.6
960.0,0.018,31.6,0.019,31.6,0.018,31.6,0.019,31.6
960.5,0.018,31.6,0.017,31.6,0.016,31.6,0.019,31.6
961.0,0.016,31.6,0.017,31.6,0.016,31.6,0.018,31.6
961.5,0.016,31.6,0.016,31.6,0.015,31.6,0.016,31.7
962.0,0.014,31.6,0.015,31.6,0.015,31.6,0.016,31.6
962.5,0.013,31.6,0.014,31.6,0.016,31.6,0.013,31.6
963.0,0.011,31.7,0.012,31.6,0.011,31.6,0.010,31.6
963.5,0.008,31.7,0.008,31.7,0.009,31.7,0.007,31.7
964.0,0.004,31.7,0.003,31.7,0.004,31.7,0.004,31.6
964.5,-0.002,31.7,-0.002,31.7,0.003,31.7,-0.002,31.7
965.0,-0.007,31.7,-0.008,31.7,-0.007,31.7,-0.006,31.7
965.5,-0.014,31.7,-0.014,31.7,-0.014,31.7,-0.012,31.7
966.0,-0.020,31.7,-0.020,31.7,-0.018,31.7,-0.020,31.7
966.5,-0.026,31.8,-0.026,31.8,-0.025,31.8,-0.023,31.8
967.0,-0.031,31.8,-0.031,31.8,-0.030,31.8,-0.031,31.8
967.5,-0.035,31.8,-0.035,31.8,-0.034,31.9,-0.033,31.8
968.0,-0.038,31.9,-0.038,31.9,-0.038,31.9,-0.036,31.9
968.5,-0.038,31.9,-0.038,31.9,-0.038,31.9,-0.037,31.8
969.0,-0.037,31.9,-0.037,31.9,-0.038,31.9,-0.036,31.9
969.5,-0.036,31.9,-0.036,31.9,-0.036,31.9,-0.036,31.9
970.0,-0.034,31.9,-0.034,31.9,-0.035,31.9,-0.034,31.9
970.5,-0.033,31.9,-0.033,31.9,-0.032,31.9,-0.033,31.9
971.0,-0.031,31.9,-0.031,31.9,-0.031,31.9,-0.032,31.9
971.5,-0.030,32.0,-0.030,31.9,-0.030,31.9,-0.032,32.0
972.0,-0.030,32.0,-0.030,31.9,-0.030,32.0,-0.027,32.0
972.5,-0.030,32.0,-0.029,32.0,-0.032,32.0,-0.028,32.0
973.0,-0.030,32.0,-0.029,32.0,-0.030,32.0,-0.029,32.0
973.5,-0.029,32.0,-0.030,32.0,-0.030,32.0,-0.029,32.0
974.0,-0.028,32.0,-0.028,32.0,-0.029,32.0,-0.029,32.0
974.5,-0.028,32.0,-0.028,32.0,-0.027,32.0,-0.029,32.0
975.0,-0.028,32.0,-0.029,32.0,-0.027,32.0,-0.028,32.0
975.5,-0.028,32.0,-0.028,32.0,-0.028,32.0,-0.027,32.0
976.0,-0.028,32.0,-0.028,32.1,-0.027,32.0,-0.030,32.0
976.5,-0.028,32.0,-0.028,32.0,-0.028,32.0,-0.027,32.0
977.0,-0.027,32.1,-0.027,32.1,-0.025,32.0,-0.026,32.0
977.5,-0.026,32.1,-0.026,32.1,-0.025,32.1,-0.026,32.1
978.0,-0.024,32.1,-0.025,32.1,-0.023,32.1,-0.025,32.0
978.5,-0.023,32.1,-0.023,32.1,-0.024,32.1,-0.023,32.1
979.0,-0.020,32.1,-0.020,32.1,-0.019,32.1,-0.021,32.1
979.5,-0.017,32.1,-0.018,32.1,-0.016,32.1,-0.017,32.1
980.0,-0.015,32.1,-0.016,32.1,-0.014,32.1,-0.015,32.1
980.5,-0.014,32.1,-0.013,32.1,-0.014,32.1,-0.014,32.1
981.0,-0.012,32.1,-0.011,32.1,-0.014,32.1,-0.012,32.1
981.5,-0.011,32.1,-0.012,32.2,-0.012,32.1,-0.011,32.1
982.0,-0.010,32.1,-0.009,32.1,-0.009,32.1,-0.010,32.1
982.5,-0.007,32.1,-0.007,32.1,-0.009,32.1,-0.008,32.1
983.0,-0.005,32.1,-0.007,32.2,-0.006,32.1,-0.007,32.1
983.5,-0.003,32.1,-0.003,32.2,-0.004,32.1,-0.004,32.2
984.0,-0.002,32.1,-0.002,32.1,-0.001,32.1,-0.004,32.1
984.5,-0.001,32.1,0.000,32.1,-0.000,32.1,-0.001,32.1
985.0,0.001,32.1,0.001,32.1,0.002,32.2,0.000,32.1
985.5,0.002,32.1,0.002,32.1,0.003,32.2,0.002,32.1
986.0,0.003,32.1,0.003,32.1,0.004,32.2,0.003,32.1
986.5,0.005,32.1,0.005,32.1,0.005,32.1,0.004,32.1
987.0,0.008,32.1,0.006,32.1,0.007,32.1,0.007,32.1
987.5,0.010,32.1,0.009,32.1,0.010,32.1,0.008,32.1
988.0,0.013,32.1,0.012,32.1,0.012,32.1,0.012,32.1
988.5,0.015,32.1,0.015,32.1,0.014,32.1,0.013,32.1
989.0,0.017,32.1,0.018,32.1,0.015,32.1,0.017,32.1
989.5,0.018,32.1,0.018,32.1,0.018,32.1,0.019,32.0
990.0,0.019,32.1,0.020,32.1,0.019,32.0,0.018,32.0
990.5,0.020,32.0,0.020,32.0,0.020,32.0,0.019,32.0
991.0,0.022,32.0,0.023,32.0,0.022,32.0,0.021,32.0
991.5,0.023,32.0,0.023,32.0,0.023,32.0,0.023,32.0
992.0,0.024,32.0,0.024,32.0,0.025,32.0,0.025,32.0
992.5,0.026,32.0,0.025,32.0,0.026,32.0,0.025,32.0
993.0,0.026,32.0,0.026,32.0,0.025,31.9,0.027,32.0
993.5,0.027,31.9,0.028,31.9,0.024,31.9,0.027,31.9
994.0,0.028,31.9,0.028,31.9,0.026,31.9,0.028,31.9
994.5,0.028,31.9,0.028,31.9,0.027,31.9,0.028,31.9
995.0,0.028,31.9,0.027,31.9,0.026,31.9,0.028,31.9
995.5,0.029,31.9,0.030,31.9,0.028,31.9,0.029,31.9
996.0,0.030,31.9,0.031,31.9,0.030,31.9,0.031,31.9
996.5,0.032,31.9,0.032,31.9,0.032,31.9,0.032,31.8
997.0,0.033,31.8,0.033,31.8,0.032,31.8,0.034,31.8
997.5,0.034,31.8,0.034,31.8,0.032,31.8,0.034,31.8
998.0,0.034,31.8,0.035,31.8,0.035,31.8,0.034,31.8
998.5,0.034,31.8,0.036,31.8,0.035,31.8,0.036,31.8
999.0,0.035,31.8,0.036,31.8,0.035,31.8,0.036,31.8
999.5,0.036,31.7,0.037,31.7,0.036,31.8,0.035,31.7
1000.0,0.036,31.7,0.036,31.8,0.037,31.8,0.036,31.8
1000.5,0.037,31.7,0.037,31.7,0.038,31.7,0.036,31.8
1001.0,0.038,31.7,0.037,31.7,0.037,31.7,0.037,31.7
1001.5,0.038,31.7,0.038,31.7,0.038,31.7,0.037,31.7
1002.0,0.038,31.7,0.039,31.7,0.039,31.7,0.036,31.7
1002.5,0.038,31.7,0.038,31.7,0.039,31.6,0.038,31.6
1003.0,0.038,31.6,0.038,31.6,0.038,31.6,0.037,31.7
1003.5,0.038,31.7,0.039,31.6,0.039,31.7,0.037,31.7
1004.0,0.038,31.6,0.038,31.6,0.038,31.6,0.038,31.6
1004.5,0.036,31.6,0.038,31.6,0.037,31.6,0.038,31.6
1005.0,0.036,31.7,0.036,31.7,0.037,31.6,0.036,31.7
1005.5,0.038,31.6,0.037,31.6,0.038,31.6,0.037,31.6
1006.0,0.038,31.6,0.037,31.6,0.038,31.6,0.039,31.6
1006.5,0.038,31.6,0.039,31.6,0.037,31.6,0.039,31.6
1007.0,0.038,31.6,0.037,31.6,0.037,31.6,0.039,31.6
1007.5,0.038,31.6,0.039,31.6,0.039,31.6,0.038,31.6
1008.0,0.038,31.6,0.038,31.6,0.038,31.6,0.037,31.6
1008.5,0.036,31.5,0.036,31.5,0.036,31.5,0.036,31.5
1009.0,0.037,31.6,0.037,31.6,0.038,31.6,0.037,31.5
1009.5,0.038,31.5,0.037,31.5,0.036,31.6,0.038,31.5
1010.0,0.038,31.6,0.037,31.6,0.039,31.6,0.037,31.6
1010.5,0.038,31.6,0.039,31.5,0.039,31.6,0.039,31.6
1011.0,0.038,31.6,0.039,31.6,0.039,31.6,0.038,31.6
1011.5,0.039,31.6,0.038,31.6,0.040,31.6,0.039,31.6
1012.0,0.039,31.5,0.039,31.5,0.040,31.5,0.040,31.5
1012.5,0.038,31.5,0.039,31.5,0.039,31.6,0.039,31.5
1013.0,0.038,31.5,0.039,31.5,0.039,31.5,0.037,31.5
1013.5,0.038,31.5,0.038,31.5,0.039,31.5,0.038,31.5
1014.0,0.038,31.5,0.040,31.5,0.040,31.5,0.039,31.5
1014.5,0.040,31.5,0.040,31.5,0.040,31.6,0.041,31.5
1015.0,0.040,31.5,0.039,31.5,0.040,31.5,0.041,31.5
1015.5,0.040,31.5,0.040,31.5,0.040,31.5,0.040,31.5
1016.0,0.040,31.5,0.041,31.5,0.039,31.5,0.044,31.6
1016.5,0.040,31.5,0.040,31.5,0.038,31.5,0.043,31.5
1017.0,0.040,31.5,0.039,31.5,0.038,31.5,0.038,31.5
1017.5,0.040,31.5,0.040,31.5,0.040,31.5,0.040,31.5
1018.0,0.039,31.5,0.040,31.5,0.040,31.5,0.042,31.5
1018.5,0.040,31.5,0.039,31.5,0.039,31.5,0.041,31.5
1019.0,0.040,31.5,0.041,31.5,0.040,31.5,0.041,31.5
1019.5,0.041,31.5,0.041,31.5,0.040,31.5,0.042,31.5
1020.0,0.042,31.5,0.041,31.5,0.043,31.5,0.042,31.5
1020.5,0.042,31.5,0.041,31.5,0.042,31.5,0.042,31.5
1021.0,0.042,31.5,0.043,31.5,0.041,31.4,0.043,31.5
1021.5,0.042,31.5,0.042,31.5,0.042,31.4,0.041,31.5
1022.0,0.042,31.5,0.042,31.4,0.042,31.5,0.041,31.5
1022.5,0.042,31.4,0.042,31.4,0.043,31.4,0.041,31.5
1023.0,0.042,31.4,0.042,31.4,0.041,31.5,0.042,31.5
1023.5,0.042,31.4,0.042,31.4,0.042,31.4,0.042,31.5
1024.0,0.042,31.4,0.042,31.4,0.042,31.4,0.042,31.5
1024.5,0.042,31.4,0.042,31.4,0.042,31.4,0.043,31.4
1025.0,0.042,31.4,0.042,31.4,0.042,31.4,0.043,31.4
1025.5,0.042,31.4,0.043,31.4,0.042,31.4,0.043,31.5
1026.0,0.042,31.4,0.044,31.4,0.042,31.4,0.042,31.5
1026.5,0.042,31.4,0.042,31.5,0.042,31.4,0.042,31.4
1027.0,0.042,31.4,0.042,31.4,0.041,31.4,0.042,31.4
1027.5,0.041,31.4,0.042,31.4,0.040,31.4,0.042,31.4
1028.0,0.041,31.4,0.042,31.4,0.041,31.4,0.041,31.4
1028.5,0.042,31.4,0.042,31.4,0.042,31.5,0.042,31.4
1029.0,0.042,31.4,0.042,31.4,0.041,31.4,0.041,31.4
1029.5,0.041,31.4,0.041,31.4,0.041,31.5,0.042,31.5
1030.0,0.040,31.4,0.040,31.4,0.041,31.4,0.042,31.5
1030.5,0.040,31.4,0.039,31.4,0.041,31.4,0.040,31.5
1031.0,0.040,31.4,0.039,31.4,0.040,31.5,0.041,31.4
1031.5,0.040,31.4,0.040,31.4,0.040,31.5,0.040,31.4
1032.0,0.040,31.4,0.039,31.4,0.040,31.4,0.039,31.4
1032.5,0.038,31.4,0.039,31.4,0.040,31.4,0.038,31.4
1033.0,0.039,31.4,0.039,31.4,0.042,31.4,0.039,31.4
1033.5,0.040,31.4,0.040,31.4,0.040,31.4,0.040,31.4
1034.0,0.040,31.4,0.041,31.4,0.041,31.4,0.041,31.4
1034.5,0.042,31.4,0.043,31.4,0.042,31.4,0.042,31.5
1035.0,0.042,31.4,0.044,31.4,0.044,31.4,0.042,31.4
1035.5,0.042,31.4,0.044,31.4,0.042,31.4,0.042,31.4
1036.0,0.042,31.4,0.044,31.4,0.043,31.4,0.043,31.4
1036.5,0.042,31.4,0.042,31.4,0.042,31.4,0.042,31.4
1037.0,0.042,31.4,0.043,31.4,0.044,31.4,0.043,31.4
1037.5,0.044,31.4,0.043,31.4,0.045,31.4,0.043,31.4
1038.0,0.044,31.4,0.044,31.4,0.044,31.4,0.044,31.4
1038.5,0.046,31.4,0.045,31.4,0.045,31.4,0.045,31.4
1039.0,0.046,31.4,0.047,31.4,0.048,31.4,0.046,31.4
1039.5,0.046,31.4,0.048,31.4,0.050,31.4,0.047,31.4
1040.0,0.046,31.4,0.047,31.4,0.050,31.4,0.045,31.4
1040.5,0.046,31.4,0.047,31.4,0.047,31.4,0.045,31.3
1041.0,0.045,31.4,0.046,31.4,0.044,31.4,0.045,31.3
1041.5,0.044,31.4,0.045,31.3,0.043,31.4,0.044,31.4
1042.0,0.043,31.4,0.043,31.3,0.043,31.4,0.044,31.4
1042.5,0.042,31.4,0.043,31.4,0.042,31.4,0.043,31.3
1043.0,0.042,31.4,0.043,31.4,0.043,31.4,0.043,31.4
1043.5,0.042,31.4,0.042,31.4,0.042,31.4,0.043,31.4
1044.0,0.042,31.4,0.043,31.4,0.042,31.3,0.042,31.4
1044.5,0.042,31.4,0.041,31.4,0.042,31.4,0.041,31.3
1045.0,0.041,31.4,0.042,31.4,0.042,31.4,0.040,31.4
1045.5,0.040,31.4,0.041,31.4,0.040,31.4,0.040,31.4
1046.0,0.040,31.4,0.040,31.4,0.040,31.4,0.039,31.4
1046.5,0.039,31.4,0.041,31.4,0.038,31.4,0.042,31.4
1047.0,0.039,31.4,0.038,31.4,0.038,31.4,0.042,31.4
1047.5,0.040,31.4,0.040,31.4,0.040,31.4,0.041,31.4
1048.0,0.039,31.4,0.039,31.4,0.040,31.4,0.040,31.4
1048.5,0.038,31.4,0.038,31.4,0.040,31.4,0.040,31.4
1049.0,0.038,31.4,0.038,31.4,0.038,31.4,0.039,31.4
1049.5,0.038,31.4,0.037,31.4,0.038,31.4,0.038,31.4
1050.0,0.036,31.4,0.036,31.4,0.038,31.4,0.036,31.4
1050.5,0.036,31.4,0.036,31.4,0.037,31.5,0.034,31.4
1051.0,0.034,31.4,0.035,31.4,0.034,31.5,0.034,31.4
1051.5,0.034,31.4,0.034,31.4,0.034,31.4,0.035,31.4
1052.0,0.034,31.4,0.034,31.4,0.034,31.4,0.034,31.4
1052.5,0.034,31.5,0.033,31.5,0.033,31.4,0.033,31.5
1053.0,0.033,31.5,0.033,31.5,0.034,31.4,0.034,31.5
1053.5,0.032,31.5,0.032,31.5,0.034,31.4,0.036,31.5
1054.0,0.032,31.5,0.032,31.4,0.033,31.4,0.032,31.5
1054.5,0.032,31.5,0.031,31.5,0.032,31.4,0.032,31.5
1055.0,0.032,31.5,0.032,31.5,0.031,31.5,0.033,31.5
1055.5,0.032,31.5,0.031,31.5,0.030,31.5,0.033,31.5
1056.0,0.032,31.5,0.030,31.5,0.032,31.5,0.031,31.5
1056.5,0.032,31.5,0.032,31.5,0.031,31.5,0.033,31.5
1057.0,0.031,31.5,0.032,31.5,0.031,31.5,0.031,31.5
1057.5,0.030,31.5,0.031,31.5,0.031,31.5,0.030,31.5
1058.0,0.030,31.5,0.030,31.5,0.031,31.6,0.031,31.5
1058.5,0.030,31.6,0.030,31.5,0.029,31.6,0.031,31.5
1059.0,0.030,31.5,0.030,31.5,0.030,31.6,0.029,31.5
1059.5,0.029,31.6,0.028,31.6,0.030,31.6,0.028,31.5
1060.0,0.028,31.6,0.028,31.6,0.028,31.6,0.028,31.6
1060.5,0.027,31.6,0.027,31.6,0.027,31.6,0.028,31.6
1061.0,0.026,31.6,0.027,31.6,0.028,31.6,0.027,31.5
1061.5,0.026,31.6,0.026,31.6,0.027,31.6,0.028,31.6
1062.0,0.026,31.6,0.026,31.6,0.025,31.6,0.027,31.6
1062.5,0.026,31.6,0.025,31.6,0.024,31.6,0.026,31.6
1063.0,0.026,31.6,0.025,31.6,0.025,31.6,0.024,31.6
1063.5,0.026,31.6,0.025,31.6,0.027,31.6,0.026,31.7
1064.0,0.024,31.6,0.025,31.6,0.024,31.6,0.026,31.6
1064.5,0.024,31.7,0.025,31.7,0.025,31.7,0.025,31.7
1065.0,0.024,31.7,0.024,31.7,0.026,31.7,0.023,31.6
1065.5,0.024,31.7,0.023,31.7,0.023,31.7,0.022,31.6
1066.0,0.022,31.7,0.022,31.7,0.024,31.7,0.022,31.7
1066.5,0.022,31.7,0.022,31.7,0.024,31.7,0.023,31.7
1067.0,0.022,31.7,0.022,31.7,0.023,31.7,0.022,31.7
1067.5,0.022,31.7,0.022,31.7,0.024,31.7,0.021,31.7
1068.0,0.020,31.7,0.022,31.7,0.022,31.7,0.020,31.7
1068.5,0.020,31.7,0.020,31.7,0.021,31.7,0.020,31.7
1069.0,0.020,31.7,0.021,31.7,0.018,31.7,0.020,31.7
1069.5,0.018,31.7,0.019,31.7,0.020,31.7,0.019,31.7
1070.0,0.018,31.8,0.018,31.8,0.020,31.7,0.018,31.7
1070.5,0.018,31.8,0.017,31.8,0.019,31.7,0.018,31.7
1071.0,0.018,31.8,0.018,31.8,0.017,31.7,0.018,31.8
1071.5,0.016,31.8,0.017,31.8,0.017,31.8,0.017,31.8
1072.0,0.016,31.8,0.017,31.8,0.016,31.8,0.017,31.8
1072.5,0.016,31.8,0.017,31.8,0.016,31.8,0.018,31.7
1073.0,0.016,31.8,0.017,31.8,0.016,31.8,0.016,31.8
1073.5,0.014,31.8,0.016,31.8,0.016,31.8,0.015,31.8
1074.0,0.012,31.8,0.012,31.8,0.012,31.8,0.012,31.8
1074.5,0.010,31.8,0.010,31.8,0.010,31.8,0.009,31.8
1075.0,0.006,31.9,0.006,31.9,0.006,31.8,0.007,31.9
1075.5,0.001,31.9,0.003,31.9,0.003,31.9,0.004,31.9
1076.0,-0.005,31.9,-0.006,31.9,-0.005,31.9,-0.003,31.9
1076.5,-0.011,31.9,-0.012,32.0,-0.011,32.0,-0.009,31.9
1077.0,-0.018,31.9,-0.017,31.9,-0.016,31.9,-0.015,31.9
1077.5,-0.023,32.0,-0.022,32.0,-0.019,31.9,-0.023,32.0
1078.0,-0.028,32.0,-0.027,32.0,-0.027,32.0,-0.026,32.0
1078.5,-0.032,32.1,-0.031,32.1,-0.030,32.1,-0.033,32.1
1079.0,-0.034,32.1,-0.033,32.1,-0.033,32.1,-0.034,32.1
1079.5,-0.036,32.1,-0.035,32.1,-0.034,32.1,-0.035,32.1
1080.0,-0.036,32.1,-0.036,32.1,-0.034,32.1,-0.036,32.1
1080.5,-0.036,32.1,-0.035,32.1,-0.034,32.1,-0.035,32.1
1081.0,-0.034,32.2,-0.033,32.2,-0.034,32.1,-0.035,32.2
1081.5,-0.034,32.2,-0.033,32.2,-0.034,32.2,-0.036,32.2
1082.0,-0.034,32.2,-0.033,32.2,-0.034,32.2,-0.035,32.2
1082.5,-0.034,32.2,-0.033,32.2,-0.034,32.2,-0.033,32.2
1083.0,-0.034,32.2,-0.032,32.2,-0.033,32.2,-0.034,32.3
1083.5,-0.033,32.3,-0.033,32.3,-0.032,32.2,-0.034,32.3
1084.0,-0.032,32.3,-0.032,32.3,-0.032,32.3,-0.032,32.3
1084.5,-0.032,32.3,-0.032,32.2,-0.031,32.3,-0.031,32.3
1085.0,-0.032,32.3,-0.031,32.3,-0.032,32.3,-0.032,32.3
1085.5,-0.032,32.3,-0.031,32.3,-0.032,32.3,-0.031,32.3
1086.0,-0.031,32.3,-0.031,32.3,-0.030,32.3,-0.030,32.3
1086.5,-0.030,32.3,-0.030,32.3,-0.029,32.3,-0.031,32.3
1087.0,-0.029,32.3,-0.029,32.3,-0.029,32.4,-0.030,32.3
1087.5,-0.028,32.4,-0.028,32.4,-0.028,32.4,-0.027,32.4
1088.0,-0.026,32.4,-0.026,32.4,-0.026,32.4,-0.026,32.4
1088.5,-0.025,32.4,-0.025,32.4,-0.024,32.4,-0.025,32.4
1089.0,-0.024,32.4,-0.024,32.4,-0.022,32.4,-0.024,32.4
1089.5,-0.023,32.4,-0.023,32.4,-0.022,32.4,-0.023,32.4
1090.0,-0.021,32.4,-0.021,32.4,-0.020,32.4,-0.021,32.4
1090.5,-0.019,32.4,-0.019,32.4,-0.020,32.4,-0.019,32.4
1091.0,-0.017,32.4,-0.017,32.4,-0.018,32.4,-0.021,32.4
1091.5,-0.016,32.5,-0.016,32.5,-0.014,32.5,-0.018,32.5
1092.0,-0.014,32.5,-0.016,32.5,-0.014,32.5,-0.016,32.5
1092.5,-0.014,32.5,-0.014,32.5,-0.014,32.5,-0.014,32.5
1093.0,-0.013,32.5,-0.013,32.5,-0.013,32.5,-0.011,32.5
1093.5,-0.012,32.5,-0.012,32.5,-0.012,32.5,-0.009,32.5
1094.0,-0.010,32.5,-0.010,32.5,-0.011,32.5,-0.010,32.5
1094.5,-0.007,32.5,-0.007,32.5,-0.012,32.5,-0.006,32.5
1095.0,-0.004,32.5,-0.003,32.5,-0.006,32.5,-0.003,32.5
1095.5,-0.001,32.5,-0.001,32.5,-0.003,32.5,-0.000,32.5
1096.0,0.002,32.5,0.002,32.6,0.000,32.5,0.002,32.6
1096.5,0.003,32.5,0.004,32.5,0.004,32.5,0.003,32.6
1097.0,0.005,32.5,0.005,32.5,0.005,32.5,0.006,32.5
1097.5,0.006,32.5,0.007,32.5,0.004,32.5,0.007,32.5
1098.0,0.008,32.5,0.009,32.5,0.005,32.5,0.008,32.5
1098.5,0.009,32.5,0.010,32.5,0.008,32.5,0.009,32.5
1099.0,0.011,32.5,0.013,32.5,0.012,32.5,0.011,32.5
1099.5,0.013,32.5,0.013,32.5,0.012,32.5,0.012,32.5
1100.0,0.014,32.5,0.015,32.5,0.015,32.5,0.012,32.5
1100.5,0.015,32.5,0.015,32.5,0.014,32.5,0.015,32.5
1101.0,0.016,32.5,0.015,32.5,0.016,32.5,0.016,32.5
1101.5,0.016,32.5,0.016,32.5,0.016,32.5,0.016,32.5
1102.0,0.017,32.5,0.016,32.5,0.015,32.5,0.017,32.5
1102.5,0.019,32.5,0.018,32.5,0.019,32.4,0.018,32.5
1103.0,0.021,32.5,0.021,32.5,0.021,32.4,0.020,32.5
1103.5,0.023,32.4,0.023,32.4,0.021,32.4,0.022,32.4
1104.0,0.024,32.4,0.024,32.4,0.025,32.4,0.024,32.4
1104.5,0.025,32.4,0.025,32.4,0.026,32.4,0.025,32.4
1105.0,0.026,32.4,0.025,32.4,0.028,32.4,0.026,32.4
1105.5,0.028,32.4,0.027,32.4,0.028,32.4,0.025,32.4
1106.0,0.028,32.4,0.029,32.4,0.028,32.4,0.027,32.4
1106.5,0.029,32.3,0.030,32.4,0.030,32.3,0.029,32.3
1107.0,0.030,32.3,0.030,32.3,0.032,32.3,0.030,32.3
1107.5,0.032,32.3,0.032,32.3,0.030,32.3,0.032,32.3
1108.0,0.032,32.3,0.033,32.3,0.030,32.3,0.032,32.3
1108.5,0.032,32.3,0.033,32.3,0.032,32.3,0.033,32.3
1109.0,0.034,32.3,0.034,32.3,0.032,32.3,0.034,32.3
1109.5,0.034,32.3,0.035,32.3,0.034,32.3,0.034,32.2
1110.0,0.034,32.3,0.033,32.3,0.035,32.3,0.033,32.2
1110.5,0.034,32.2,0.034,32.2,0.035,32.2,0.034,32.2
1111.0,0.034,32.2,0.033,32.2,0.034,32.2,0.034,32.2
1111.5,0.034,32.2,0.034,32.2,0.036,32.3,0.034,32.2
1112.0,0.034,32.2,0.034,32.2,0.035,32.3,0.034,32.2
1112.5,0.036,32.2,0.035,32.2,0.035,32.2,0.036,32.2
1113.0,0.036,32.2,0.036,32.2,0.034,32.2,0.037,32.2
1113.5,0.036,32.1,0.037,32.1,0.034,32.1,0.036,32.2
1114.0,0.036,32.2,0.036,32.2,0.038,32.1,0.036,32.2
1114.5,0.036,32.2,0.037,32.2,0.035,32.2,0.038,32.2
1115.0,0.036,32.2,0.036,32.1,0.036,32.2,0.038,32.1
1115.5,0.037,32.1,0.037,32.1,0.036,32.1,0.038,32.1
1116.0,0.038,32.1,0.038,32.1,0.038,32.1,0.037,32.1
1116.5,0.038,32.1,0.038,32.1,0.040,32.1,0.038,32.1
1117.0,0.038,32.1,0.039,32.1,0.036,32.1,0.040,32.1
1117.5,0.038,32.1,0.038,32.1,0.038,32.1,0.038,32.1
1118.0,0.038,32.1,0.039,32.1,0.040,32.1,0.039,32.1
1118.5,0.038,32.1,0.039,32.1,0.040,32.1,0.040,32.1
1119.0,0.038,32.1,0.039,32.1,0.037,32.1,0.040,32.1
1119.5,0.038,32.1,0.039,32.1,0.038,32.1,0.040,32.1
1120.0,0.038,32.1,0.038,32.1,0.037,32.1,0.039,32.1
1120.5,0.038,32.1,0.037,32.1,0.037,32.1,0.038,32.1
1121.0,0.038,32.1,0.038,32.1,0.038,32.1,0.038,32.0
1121.5,0.038,32.1,0.039,32.0,0.040,32.1,0.038,32.0
1122.0,0.040,32.1,0.039,32.1,0.039,32.0,0.038,32.1
1122.5,0.040,32.1,0.041,32.1,0.040,32.0,0.040,32.1
1123.0,0.040,32.1,0.040,32.1,0.041,32.1,0.040,32.1
1123.5,0.040,32.0,0.040,32.0,0.040,32.1,0.039,32.1
1124.0,0.040,32.1,0.040,32.0,0.041,32.1,0.039,32.1
1124.5,0.040,32.0,0.040,32.0,0.041,32.1,0.039,32.1
1125.0,0.040,32.1,0.039,32.0,0.039,32.1,0.041,32.1
1125.5,0.040,32.1,0.040,32.0,0.043,32.0,0.042,32.1
1126.0,0.040,32.0,0.040,32.0,0.039,32.0,0.041,32.1
1126.5,0.040,32.0,0.041,32.0,0.038,32.1,0.041,32.1
1127.0,0.040,32.0,0.040,32.0,0.039,32.1,0.041,32.1
1127.5,0.040,32.0,0.041,32.0,0.040,32.0,0.044,32.0
1128.0,0.040,32.0,0.041,32.0,0.041,32.0,0.040,32.0
1128.5,0.040,32.0,0.041,32.0,0.041,32.0,0.038,32.1
1129.0,0.039,32.0,0.040,32.1,0.038,32.0,0.040,32.0
1129.5,0.038,32.0,0.040,32.0,0.040,32.0,0.039,32.0
1130.0,0.038,32.0,0.040,32.0,0.039,32.1,0.039,32.0
1130.5,0.038,32.1,0.039,32.1,0.040,32.1,0.039,32.1
1131.0,0.038,32.0,0.038,32.0,0.039,32.0,0.041,32.0
1131.5,0.038,32.0,0.039,32.1,0.037,32.0,0.041,32.0
1132.0,0.039,32.0,0.039,32.0,0.037,31.9,0.040,32.0
1132.5,0.039,32.1,0.041,32.1,0.040,32.0,0.040,32.1
1133.0,0.040,32.0,0.039,32.0,0.039,32.0,0.040,32.1
1133.5,0.040,32.0,0.039,32.0,0.039,32.0,0.040,32.0
1134.0,0.040,32.0,0.040,32.0,0.039,32.1,0.039,32.0
1134.5,0.039,32.0,0.039,32.0,0.040,32.1,0.040,32.1
1135.0,0.040,32.1,0.040,32.0,0.040,32.1,0.040,32.1
1135.5,0.040,32.0,0.039,32.0,0.041,32.1,0.039,32.0
1136.0,0.040,32.0,0.041,32.0,0.041,32.0,0.040,32.0
1136.5,0.041,32.0,0.042,32.1,0.043,32.0,0.040,32.0
1137.0,0.042,32.0,0.042,32.0,0.043,32.0,0.040,32.0
1137.5,0.042,32.0,0.041,32.0,0.041,32.0,0.042,32.0
1138.0,0.042,32.0,0.041,32.0,0.041,32.0,0.042,32.0
1138.5,0.042,32.0,0.042,32.0,0.041,32.0,0.042,32.0
1139.0,0.041,32.0,0.041,32.0,0.042,32.1,0.042,32.1
1139.5,0.040,32.0,0.042,32.0,0.042,32.1,0.040,32.0
1140.0,0.040,32.0,0.041,32.0,0.042,32.1,0.040,32.0
1140.5,0.040,32.0,0.040,32.0,0.042,32.0,0.040,32.1
1141.0,0.040,32.0,0.041,32.0,0.042,32.0,0.040,32.0
1141.5,0.040,32.0,0.041,32.0,0.041,32.0,0.040,32.1
1142.0,0.040,32.0,0.041,32.0,0.042,32.1,0.040,32.1
1142.5,0.042,32.0,0.042,32.0,0.043,32.0,0.042,32.0
1143.0,0.041,32.0,0.042,32.1,0.042,32.1,0.041,32.0
1143.5,0.040,32.0,0.041,32.0,0.041,32.0,0.040,32.0
1144.0,0.041,32.0,0.040,32.0,0.041,32.0,0.041,32.0
1144.5,0.042,32.0,0.042,32.0,0.044,32.0,0.040,32.0
1145.0,0.042,32.0,0.042,32.0,0.043,32.0,0.040,32.0
1145.5,0.042,32.0,0.043,32.0,0.042,32.0,0.041,32.0
1146.0,0.042,32.0,0.044,32.0,0.043,32.0,0.043,32.0
1146.5,0.042,32.0,0.044,32.0,0.044,32.0,0.043,32.0
1147.0,0.042,32.0,0.041,32.0,0.043,32.0,0.043,32.1
1147.5,0.042,32.0,0.043,32.0,0.044,32.0,0.041,32.0
1148.0,0.042,32.0,0.042,32.0,0.041,32.1,0.042,32.0
1148.5,0.042,32.0,0.041,32.0,0.042,32.0,0.043,32.0
1149.0,0.042,32.0,0.041,32.0,0.042,32.1,0.044,32.0
1149.5,0.042,32.0,0.042,32.0,0.042,32.0,0.042,32.0
1150.0,0.042,32.0,0.042,32.0,0.041,32.0,0.040,32.0
1150.5,0.042,32.0,0.042,32.0,0.041,32.0,0.041,32.0
1151.0,0.042,32.0,0.042,32.0,0.041,32.0,0.042,32.0
1151.5,0.042,32.0,0.042,32.0,0.042,32.0,0.042,32.0
1152.0,0.042,32.0,0.042,32.0,0.042,32.0,0.043,32.0
1152.5,0.040,32.0,0.041,32.0,0.041,32.0,0.041,32.0
1153.0,0.040,32.0,0.040,32.0,0.040,32.0,0.040,32.0
1153.5,0.040,32.0,0.040,32.1,0.039,32.0,0.041,32.0
1154.0,0.040,32.1,0.039,32.1,0.038,32.0,0.040,32.1
1154.5,0.040,32.0,0.041,32.1,0.039,32.1,0.042,32.0
1155.0,0.040,32.0,0.040,32.1,0.041,32.1,0.041,32.0
1155.5,0.040,32.0,0.040,32.0,0.042,32.0,0.039,32.1
1156.0,0.040,32.1,0.040,32.1,0.039,32.0,0.040,32.1
1156.5,0.040,32.1,0.039,32.0,0.041,32.1,0.040,32.1
1157.0,0.039,32.1,0.040,32.1,0.038,32.1,0.040,32.1
1157.5,0.038,32.1,0.039,32.1,0.039,32.0,0.040,32.1
1158.0,0.038,32.1,0.038,32.1,0.039,32.0,0.039,32.1
1158.5,0.038,32.1,0.038,32.0,0.037,32.1,0.040,32.1
1159.0,0.038,32.1,0.040,32.0,0.039,32.1,0.040,32.1
1159.5,0.038,32.1,0.039,32.1,0.037,32.1,0.037,32.0
1160.0,0.038,32.1,0.038,32.1,0.036,32.2,0.037,32.1
1160.5,0.038,32.1,0.038,32.1,0.036,32.2,0.037,32.1
1161.0,0.038,32.1,0.039,32.1,0.037,32.1,0.039,32.1
1161.5,0.038,32.1,0.039,32.1,0.038,32.1,0.038,32.1
1162.0,0.038,32.1,0.037,32.1,0.038,32.1,0.039,32.1
1162.5,0.037,32.1,0.037,32.1,0.037,32.1,0.037,32.1
1163.0,0.036,32.1,0.037,32.1,0.037,32.1,0.036,32.1
1163.5,0.036,32.1,0.037,32.1,0.035,32.1,0.037,32.1
1164.0,0.036,32.1,0.037,32.1,0.035,32.1,0.037,32.1
1164.5,0.036,32.1,0.037,32.2,0.036,32.1,0.037,32.1
1165.0,0.036,32.1,0.037,32.1,0.036,32.1,0.037,32.1
1165.5,0.036,32.1,0.035,32.1,0.035,32.1,0.035,32.1
1166.0,0.035,32.2,0.035,32.2,0.036,32.2,0.036,32.1
1166.5,0.034,32.2,0.034,32.2,0.036,32.2,0.035,32.1
1167.0,0.033,32.1,0.034,32.2,0.033,32.2,0.033,32.1
1167.5,0.032,32.2,0.032,32.2,0.033,32.2,0.033,32.1
1168.0,0.031,32.2,0.031,32.2,0.032,32.2,0.031,32.2
1168.5,0.030,32.2,0.031,32.2,0.032,32.1,0.030,32.2
1169.0,0.030,32.2,0.029,32.2,0.030,32.1,0.030,32.2
1169.5,0.029,32.2,0.028,32.2,0.030,32.2,0.028,32.2
1170.0,0.028,32.2,0.028,32.2,0.028,32.3,0.028,32.2
1170.5,0.028,32.2,0.027,32.2,0.029,32.3,0.028,32.2
1171.0,0.026,32.3,0.026,32.3,0.028,32.3,0.027,32.2
1171.5,0.026,32.3,0.027,32.3,0.027,32.2,0.026,32.2
1172.0,0.025,32.3,0.026,32.3,0.026,32.3,0.026,32.2
1172.5,0.024,32.3,0.024,32.3,0.026,32.3,0.026,32.3
1173.0,0.024,32.3,0.024,32.3,0.026,32.3,0.024,32.3
1173.5,0.024,32.3,0.024,32.3,0.023,32.3,0.023,32.3
1174.0,0.023,32.3,0.024,32.3,0.024,32.3,0.024,32.3
1174.5,0.022,32.3,0.022,32.4,0.023,32.3,0.024,32.4
1175.0,0.022,32.3,0.023,32.3,0.023,32.3,0.022,32.4
1175.5,0.022,32.3,0.020,32.3,0.021,32.4,0.021,32.4
1176.0,0.021,32.3,0.021,32.3,0.020,32.3,0.022,32.3
1176.5,0.020,32.4,0.020,32.4,0.021,32.4,0.020,32.3
1177.0,0.020,32.4,0.019,32.4,0.020,32.4,0.020,32.4
1177.5,0.018,32.4,0.019,32.4,0.020,32.4,0.020,32.4
1178.0,0.018,32.4,0.017,32.4,0.018,32.4,0.018,32.4
1178.5,0.018,32.4,0.017,32.4,0.017,32.4,0.020,32.4
1179.0,0.018,32.5,0.018,32.5,0.017,32.4,0.019,32.4
1179.5,0.018,32.5,0.017,32.4,0.017,32.5,0.018,32.4
1180.0,0.018,32.5,0.017,32.5,0.018,32.5,0.018,32.5
1180.5,0.018,32.5,0.018,32.5,0.017,32.5,0.020,32.5
1181.0,0.017,32.5,0.017,32.5,0.016,32.5,0.017,32.5
1181.5,0.016,32.5,0.017,32.5,0.016,32.5,0.016,32.5
1182.0,0.016,32.5,0.017,32.5,0.016,32.5,0.015,32.5
1182.5,0.015,32.5,0.016,32.5,0.016,32.5,0.014,32.5
1183.0,0.014,32.5,0.015,32.5,0.014,32.5,0.014,32.6
1183.5,0.014,32.6,0.014,32.6,0.014,32.5,0.012,32.5
1184.0,0.012,32.6,0.013,32.6,0.013,32.6,0.012,32.6
1184.5,0.012,32.6,0.013,32.6,0.013,32.6,0.012,32.6
1185.0,0.011,32.6,0.012,32.6,0.013,32.6,0.011,32.6
1185.5,0.009,32.6,0.010,32.6,0.009,32.6,0.010,32.6
1186.0,0.006,32.6,0.007,32.6,0.006,32.7,0.008,32.6
1186.5,0.001,32.7,0.002,32.7,0.001,32.6,0.002,32.6
1187.0,-0.005,32.7,-0.005,32.7,-0.003,32.6,-0.003,32.7
1187.5,-0.011,32.7,-0.011,32.7,-0.010,32.7,-0.010,32.7
1188.0,-0.018,32.7,-0.019,32.7,-0.018,32.8,-0.017,32.7
1188.5,-0.025,32.8,-0.026,32.8,-0.026,32.7,-0.024,32.7
1189.0,-0.031,32.8,-0.031,32.8,-0.030,32.8,-0.030,32.8
1189.5,-0.035,32.8,-0.035,32.8,-0.036,32.8,-0.036,32.8
1190.0,-0.038,32.8,-0.037,32.9,-0.038,32.8,-0.038,32.9
1190.5,-0.040,32.9,-0.040,32.9,-0.040,32.8,-0.040,32.9
1191.0,-0.042,32.9,-0.041,32.9,-0.041,32.9,-0.042,32.9
1191.5,-0.041,32.9,-0.041,33.0,-0.042,32.9,-0.041,32.9
1192.0,-0.040,32.9,-0.040,32.9,-0.041,32.9,-0.040,32.9
1192.5,-0.038,33.0,-0.039,32.9,-0.038,33.0,-0.040,33.0
1193.0,-0.037,33.0,-0.035,33.0,-0.037,33.0,-0.036,33.0
1193.5,-0.035,33.0,-0.035,33.0,-0.036,33.0,-0.035,33.0
1194.0,-0.034,33.0,-0.034,33.0,-0.034,33.0,-0.033,33.0
1194.5,-0.032,33.1,-0.032,33.1,-0.031,33.0,-0.031,33.0
1195.0,-0.030,33.1,-0.030,33.1,-0.032,33.0,-0.029,33.1
1195.5,-0.030,33.1,-0.031,33.1,-0.029,33.1,-0.029,33.1
1196.0,-0.030,33.1,-0.030,33.1,-0.029,33.1,-0.030,33.1
1196.5,-0.029,33.1,-0.028,33.1,-0.030,33.1,-0.029,33.1
1197.0,-0.027,33.1,-0.028,33.1,-0.028,33.1,-0.028,33.1
1197.5,-0.026,33.1,-0.026,33.1,-0.026,33.1,-0.028,33.1
1198.0,-0.026,33.1,-0.027,33.1,-0.026,33.1,-0.026,33.1
1198.5,-0.026,33.2,-0.025,33.2,-0.025,33.1,-0.025,33.1
1199.0,-0.026,33.2,-0.025,33.2,-0.025,33.1,-0.025,33.1
1199.5,-0.025,33.2,-0.025,33.1,-0.025,33.2,-0.025,33.2
1200.0,-0.024,33.2,-0.024,33.2,-0.024,33.2,-0.024,33.2
1200.5,-0.024,33.2,-0.023,33.2,-0.023,33.2,-0.023,33.2
1201.0,-0.022,33.2,-0.022,33.2,-0.022,33.2,-0.022,33.2
1201.5,-0.020,33.2,-0.020,33.3,-0.021,33.2,-0.020,33.2
1202.0,-0.017,33.2,-0.017,33.3,-0.017,33.2,-0.019,33.3
1202.5,-0.015,33.2,-0.014,33.2,-0.016,33.3,-0.015,33.2
1203.0,-0.012,33.3,-0.011,33.3,-0.014,33.2,-0.012,33.3
1203.5,-0.009,33.3,-0.008,33.3,-0.012,33.2,-0.009,33.3
1204.0,-0.007,33.3,-0.007,33.3,-0.008,33.3,-0.007,33.3
1204.5,-0.006,33.3,-0.006,33.3,-0.007,33.3,-0.005,33.3
1205.0,-0.005,33.3,-0.004,33.3,-0.004,33.3,-0.004,33.3
1205.5,-0.003,33.3,-0.004,33.3,-0.003,33.3,-0.003,33.3
1206.0,-0.002,33.3,-0.001,33.3,-0.001,33.3,-0.002,33.3
1206.5,-0.001,33.3,-0.001,33.3,-0.000,33.3,-0.002,33.3
1207.0,0.002,33.3,0.001,33.3,0.003,33.3,0.001,33.3
1207.5,0.003,33.3,0.004,33.3,0.003,33.3,0.005,33.3
1208.0,0.004,33.3,0.003,33.3,0.004,33.3,0.003,33.3
1208.5,0.005,33.3,0.005,33.3,0.004,33.3,0.004,33.3
1209.0,0.006,33.3,0.008,33.3,0.008,33.3,0.006,33.3
1209.5,0.008,33.3,0.007,33.3,0.008,33.3,0.008,33.3
1210.0,0.010,33.3,0.010,33.3,0.010,33.3,0.010,33.3
1210.5,0.012,33.3,0.012,33.3,0.012,33.3,0.011,33.3
1211.0,0.015,33.3,0.016,33.3,0.014,33.3,0.014,33.3
1211.5,0.017,33.3,0.017,33.3,0.016,33.3,0.016,33.3
1212.0,0.019,33.3,0.019,33.3,0.018,33.3,0.019,33.3
1212.5,0.020,33.3,0.019,33.2,0.020,33.2,0.020,33.3
1213.0,0.022,33.2,0.023,33.2,0.023,33.2,0.023,33.3
1213.5,0.023,33.2,0.023,33.2,0.024,33.2,0.024,33.2
1214.0,0.025,33.2,0.025,33.2,0.026,33.2,0.026,33.2
1214.5,0.026,33.2,0.026,33.2,0.026,33.2,0.026,33.2
1215.0,0.028,33.2,0.028,33.2,0.028,33.2,0.028,33.2
1215.5,0.029,33.1,0.028,33.1,0.028,33.1,0.029,33.1
1216.0,0.030,33.2,0.030,33.2,0.030,33.2,0.031,33.1
1216.5,0.031,33.1,0.030,33.1,0.030,33.1,0.031,33.1
1217.0,0.032,33.1,0.031,33.1,0.030,33.1,0.031,33.1
1217.5,0.032,33.1,0.031,33.1,0.033,33.1,0.030,33.1
1218.0,0.032,33.1,0.033,33.0,0.034,33.1,0.033,33.1
1218.5,0.032,33.1,0.032,33.1,0.032,33.1,0.032,33.0
1219.0,0.032,33.1,0.032,33.0,0.032,33.1,0.032,33.0
1219.5,0.033,33.1,0.033,33.0,0.033,33.1,0.032,33.0
1220.0,0.034,33.0,0.035,33.0,0.034,33.0,0.035,33.0
1220.5,0.034,33.0,0.035,33.0,0.035,33.0,0.035,33.0
1221.0,0.034,33.0,0.035,33.0,0.035,33.0,0.035,33.0
1221.5,0.035,33.0,0.035,33.0,0.036,33.0,0.035,32.9
1222.0,0.034,33.0,0.035,33.0,0.036,33.0,0.035,33.0
1222.5,0.034,33.0,0.036,33.0,0.035,33.0,0.034,32.9
1223.0,0.034,33.0,0.034,33.0,0.036,33.0,0.034,33.0
1223.5,0.035,32.9,0.035,32.9,0.036,32.9,0.035,33.0
1224.0,0.036,32.9,0.036,32.9,0.035,32.9,0.036,33.0
1224.5,0.036,32.9,0.036,32.9,0.037,33.0,0.037,33.0
1225.0,0.036,32.9,0.036,32.9,0.034,32.9,0.036,32.9
1225.5,0.036,32.9,0.036,32.9,0.035,32.9,0.036,32.9
1226.0,0.036,32.9,0.036,32.9,0.037,32.9,0.036,32.9
1226.5,0.036,32.9,0.035,32.9,0.036,32.9,0.035,32.9
1227.0,0.036,32.9,0.036,32.9,0.035,32.9,0.034,32.9
1227.5,0.035,32.9,0.034,32.9,0.034,32.9,0.039,32.9
1228.0,0.034,32.9,0.034,32.9,0.034,32.9,0.036,32.9
1228.5,0.034,32.9,0.034,32.9,0.037,32.9,0.034,32.9
1229.0,0.034,32.9,0.034,32.9,0.035,32.9,0.036,32.9
1229.5,0.035,32.9,0.036,32.9,0.036,32.9,0.036,32.9
1230.0,0.036,32.9,0.036,32.9,0.036,32.9,0.036,32.9
1230.5,0.036,32.9,0.035,32.9,0.036,32.9,0.036,32.9
1231.0,0.036,32.9,0.035,32.9,0.035,32.9,0.034,32.9
1231.5,0.036,32.9,0.037,32.9,0.036,32.9,0.036,32.9
1232.0,0.036,32.9,0.036,32.9,0.035,32.9,0.036,32.8
1232.5,0.036,32.9,0.035,32.9,0.035,32.8,0.035,32.9
1233.0,0.036,32.9,0.035,32.9,0.035,32.9,0.036,32.9
1233.5,0.036,32.9,0.036,32.9,0.037,32.9,0.036,32.9
1234.0,0.037,32.9,0.037,32.8,0.037,32.9,0.037,32.9
1234.5,0.038,32.9,0.038,32.9,0.037,32.9,0.037,32.9
1235.0,0.038,32.9,0.038,32.9,0.038,32.9,0.037,32.8
1235.5,0.038,32.8,0.037,32.9,0.037,32.8,0.038,32.8
1236.0,0.038,32.8,0.037,32.9,0.036,32.8,0.039,32.8
1236.5,0.038,32.8,0.037,32.9,0.038,32.8,0.038,32.8
1237.0,0.038,32.8,0.038,32.8,0.037,32.8,0.038,32.8
1237.5,0.038,32.8,0.038,32.8,0.037,32.8,0.036,32.8
1238.0,0.038,32.8,0.038,32.8,0.036,32.9,0.036,32.8
1238.5,0.038,32.8,0.039,32.8,0.037,32.9,0.038,32.8
1239.0,0.038,32.8,0.038,32.8,0.040,32.8,0.038,32.8
1239.5,0.038,32.8,0.039,32.8,0.039,32.8,0.038,32.8
1240.0,0.038,32.8,0.038,32.8,0.038,32.8,0.038,32.8
1240.5,0.038,32.8,0.039,32.8,0.039,32.8,0.037,32.8
1241.0,0.038,32.8,0.039,32.8,0.038,32.8,0.040,32.8
1241.5,0.038,32.8,0.038,32.8,0.038,32.8,0.039,32.8
1242.0,0.038,32.8,0.039,32.8,0.038,32.8,0.039,32.8
1242.5,0.039,32.8,0.039,32.8,0.039,32.8,0.039,32.8
1243.0,0.040,32.8,0.039,32.8,0.040,32.8,0.039,32.8
1243.5,0.040,32.8,0.040,32.8,0.039,32.8,0.040,32.8
1244.0,0.040,32.8,0.042,32.8,0.040,32.8,0.040,32.8
1244.5,0.040,32.8,0.041,32.8,0.041,32.8,0.040,32.8
1245.0,0.040,32.8,0.041,32.8,0.041,32.8,0.040,32.8
1245.5,0.040,32.8,0.041,32.8,0.041,32.8,0.041,32.8
1246.0,0.040,32.8,0.042,32.8,0.039,32.8,0.042,32.8
1246.5,0.040,32.8,0.040,32.8,0.038,32.8,0.041,32.8
1247.0,0.040,32.8,0.040,32.8,0.040,32.8,0.039,32.8
1247.5,0.040,32.8,0.041,32.8,0.041,32.8,0.041,32.8
1248.0,0.040,32.8,0.040,32.8,0.041,32.8,0.042,32.8
1248.5,0.041,32.8,0.041,32.8,0.041,32.8,0.043,32.8
1249.0,0.042,32.8,0.042,32.8,0.042,32.8,0.043,32.8
1249.5,0.042,32.8,0.042,32.8,0.040,32.7,0.042,32.8
1250.0,0.040,32.8,0.042,32.8,0.040,32.8,0.043,32.8
1250.5,0.040,32.8,0.042,32.8,0.041,32.8,0.042,32.8
1251.0,0.040,32.8,0.039,32.8,0.039,32.8,0.041,32.8
1251.5,0.040,32.8,0.040,32.8,0.039,32.8,0.041,32.8
1252.0,0.040,32.8,0.039,32.8,0.042,32.8,0.041,32.7
1252.5,0.040,32.8,0.041,32.8,0.042,32.8,0.039,32.8
1253.0,0.040,32.8,0.041,32.8,0.041,32.8,0.040,32.8
1253.5,0.040,32.8,0.042,32.8,0.040,32.8,0.040,32.8
1254.0,0.040,32.8,0.041,32.7,0.042,32.8,0.041,32.8
1254.5,0.040,32.8,0.041,32.8,0.042,32.7,0.040,32.8
1255.0,0.040,32.8,0.041,32.8,0.040,32.8,0.041,32.8
1255.5,0.040,32.8,0.041,32.8,0.039,32.8,0.040,32.8
1256.0,0.040,32.8,0.040,32.8,0.040,32.8,0.039,32.7
1256.5,0.039,32.8,0.039,32.8,0.041,32.8,0.038,32.7
1257.0,0.038,32.8,0.039,32.8,0.041,32.8,0.039,32.8
1257.5,0.038,32.8,0.040,32.8,0.040,32.8,0.039,32.8
1258.0,0.039,32.8,0.040,32.8,0.039,32.8,0.040,32.8
1258.5,0.040,32.8,0.041,32.8,0.038,32.8,0.039,32.8
1259.0,0.040,32.8,0.040,32.8,0.039,32.8,0.040,32.8
1259.5,0.039,32.8,0.040,32.8,0.040,32.7,0.040,32.8
1260.0,0.038,32.8,0.040,32.8,0.041,32.8,0.038,32.8
1260.5,0.038,32.8,0.039,32.8,0.039,32.7,0.038,32.8
1261.0,0.039,32.8,0.038,32.7,0.039,32.7,0.038,32.8
1261.5,0.039,32.8,0.039,32.8,0.039,32.8,0.039,32.8
1262.0,0.040,32.8,0.040,32.8,0.041,32.8,0.040,32.7
1262.5,0.040,32.8,0.040,32.8,0.041,32.8,0.040,32.8
1263.0,0.040,32.8,0.040,32.8,0.041,32.8,0.040,32.8
1263.5,0.040,32.8,0.041,32.8,0.041,32.8,0.042,32.8
1264.0,0.040,32.8,0.040,32.8,0.042,32.7,0.041,32.8
1264.5,0.040,32.8,0.039,32.8,0.041,32.8,0.040,32.8
1265.0,0.039,32.8,0.039,32.8,0.038,32.8,0.038,32.8
1265.5,0.038,32.8,0.038,32.8,0.037,32.8,0.039,32.8
1266.0,0.038,32.8,0.038,32.8,0.039,32.7,0.038,32.7
1266.5,0.038,32.8,0.038,32.8,0.039,32.8,0.038,32.8
1267.0,0.038,32.8,0.039,32.8,0.038,32.8,0.040,32.8
1267.5,0.038,32.8,0.040,32.8,0.039,32.8,0.040,32.7
1268.0,0.038,32.8,0.037,32.8,0.039,32.8,0.040,32.8
1268.5,0.038,32.8,0.037,32.8,0.037,32.8,0.038,32.8
1269.0,0.038,32.8,0.037,32.8,0.036,32.8,0.036,32.7
1269.5,0.037,32.8,0.037,32.8,0.038,32.8,0.036,32.8
1270.0,0.036,32.8,0.036,32.8,0.036,32.8,0.036,32.8
1270.5,0.036,32.8,0.035,32.8,0.034,32.8,0.036,32.8
1271.0,0.036,32.8,0.036,32.8,0.036,32.8,0.037,32.8
1271.5,0.036,32.8,0.036,32.8,0.036,32.8,0.038,32.8
1272.0,0.036,32.8,0.037,32.8,0.035,32.8,0.036,32.8
1272.5,0.036,32.8,0.036,32.8,0.036,32.8,0.036,32.8
1273.0,0.034,32.8,0.035,32.8,0.036,32.8,0.035,32.8
1273.5,0.034,32.8,0.034,32.8,0.032,32.8,0.034,32.8
1274.0,0.033,32.8,0.033,32.8,0.033,32.8,0.034,32.8
1274.5,0.032,32.9,0.033,32.8,0.032,32.9,0.034,32.9
1275.0,0.031,32.9,0.031,32.9,0.032,32.9,0.032,32.9
1275.5,0.030,32.8,0.031,32.8,0.032,32.9,0.030,32.9
1276.0,0.030,32.8,0.030,32.8,0.029,32.8,0.030,32.8
1276.5,0.030,32.8,0.031,32.8,0.029,32.8,0.030,32.9
1277.0,0.028,32.8,0.029,32.8,0.030,32.8,0.029,32.8
1277.5,0.028,32.9,0.028,32.9,0.028,32.9,0.029,32.9
1278.0,0.028,32.9,0.028,32.9,0.028,32.9,0.027,32.9
1278.5,0.028,32.9,0.027,32.9,0.029,32.9,0.028,32.9
1279.0,0.026,32.9,0.026,32.9,0.026,32.9,0.027,32.9
1279.5,0.026,32.9,0.026,32.9,0.026,32.9,0.027,32.9
1280.0,0.026,32.9,0.027,32.9,0.025,32.9,0.028,32.9
1280.5,0.026,32.9,0.027,32.9,0.028,33.0,0.027,33.0
1281.0,0.026,32.9,0.027,32.9,0.028,32.9,0.027,32.9
1281.5,0.026,32.9,0.026,32.9,0.027,32.9,0.025,32.9
1282.0,0.026,33.0,0.025,33.0,0.028,33.0,0.026,33.0
1282.5,0.025,32.9,0.025,33.0,0.024,33.0,0.026,32.9
1283.0,0.024,33.0,0.024,33.0,0.024,32.9,0.024,32.9
1283.5,0.024,33.0,0.024,33.0,0.024,32.9,0.024,33.0
1284.0,0.023,33.0,0.023,33.0,0.023,33.0,0.024,33.0
1284.5,0.022,33.0,0.023,33.0,0.024,33.0,0.023,33.0
1285.0,0.022,33.0,0.022,33.0,0.022,33.0,0.022,33.0
1285.5,0.022,33.0,0.022,33.0,0.022,33.0,0.021,33.0
1286.0,0.022,33.0,0.021,33.0,0.022,33.0,0.022,33.0
1286.5,0.022,33.0,0.022,33.0,0.023,33.0,0.022,33.0
1287.0,0.021,33.0,0.021,33.0,0.021,33.0,0.022,33.0
1287.5,0.020,33.0,0.021,33.0,0.021,33.1,0.022,33.0
1288.0,0.020,33.0,0.020,33.0,0.020,33.0,0.022,33.0
1288.5,0.020,33.0,0.021,33.0,0.021,33.0,0.020,33.0
1289.0,0.020,33.0,0.020,33.0,0.020,33.1,0.020,33.0
1289.5,0.019,33.1,0.019,33.1,0.019,33.1,0.019,33.1
1290.0,0.018,33.1,0.020,33.1,0.020,33.1,0.019,33.1
1290.5,0.018,33.1,0.018,33.1,0.019,33.1,0.019,33.1
1291.0,0.018,33.1,0.019,33.1,0.018,33.1,0.020,33.1
1291.5,0.018,33.1,0.018,33.1,0.019,33.1,0.016,33.1
1292.0,0.017,33.1,0.018,33.1,0.018,33.1,0.017,33.1
1292.5,0.016,33.2,0.017,33.1,0.016,33.2,0.017,33.2
1293.0,0.016,33.1,0.015,33.1,0.015,33.1,0.016,33.1
1293.5,0.014,33.2,0.015,33.2,0.016,33.2,0.016,33.1
1294.0,0.014,33.2,0.013,33.2,0.015,33.2,0.014,33.2
1294.5,0.012,33.2,0.012,33.2,0.013,33.2,0.012,33.2
1295.0,0.011,33.2,0.013,33.2,0.012,33.2,0.011,33.2
1295.5,0.009,33.2,0.010,33.2,0.009,33.2,0.010,33.2
1296.0,0.007,33.2,0.008,33.2,0.009,33.2,0.008,33.2
1296.5,0.005,33.2,0.005,33.2,0.008,33.2,0.004,33.2
1297.0,0.000,33.3,0.002,33.3,0.002,33.3,0.002,33.3
1297.5,-0.004,33.3,-0.003,33.3,-0.003,33.3,-0.005,33.3
1298.0,-0.010,33.3,-0.010,33.3,-0.002,33.3,-0.010,33.3
1298.5,-0.016,33.3,-0.014,33.3,-0.002,33.3,-0.015,33.3
1299.0,-0.023,33.4,-0.022,33.3,-0.015,33.3,-0.021,33.3
1299.5,-0.028,33.4,-0.028,33.4,-0.026,33.4,-0.027,33.3
1300.0,-0.034,33.4,-0.034,33.4,-0.032,33.4,-0.032,33.4
1300.5,-0.037,33.4,-0.038,33.4,-0.035,33.4,-0.036,33.5
1301.0,-0.040,33.4,-0.040,33.4,-0.038,33.4,-0.038,33.5
1301.5,-0.040,33.5,-0.040,33.5,-0.039,33.5,-0.040,33.5
1302.0,-0.039,33.5,-0.038,33.5,-0.039,33.5,-0.039,33.5
1302.5,-0.038,33.5,-0.037,33.5,-0.038,33.6,-0.038,33.5
1303.0,-0.036,33.5,-0.037,33.5,-0.036,33.5,-0.037,33.6
1303.5,-0.035,33.5,-0.035,33.5,-0.035,33.5,-0.034,33.5
1304.0,-0.033,33.6,-0.033,33.6,-0.033,33.5,-0.034,33.6
1304.5,-0.032,33.6,-0.032,33.6,-0.030,33.6,-0.031,33.6
1305.0,-0.030,33.6,-0.031,33.6,-0.030,33.6,-0.031,33.6
1305.5,-0.030,33.6,-0.030,33.6,-0.029,33.6,-0.030,33.6
1306.0,-0.030,33.6,-0.030,33.6,-0.029,33.6,-0.030,33.6
1306.5,-0.030,33.6,-0.031,33.6,-0.029,33.6,-0.030,33.6
1307.0,-0.030,33.7,-0.031,33.6,-0.031,33.7,-0.031,33.7
1307.5,-0.030,33.7,-0.031,33.7,-0.030,33.6,-0.030,33.7
1308.0,-0.030,33.7,-0.030,33.7,-0.030,33.7,-0.031,33.7
1308.5,-0.031,33.7,-0.030,33.7,-0.030,33.7,-0.030,33.7
1309.0,-0.030,33.7,-0.030,33.7,-0.030,33.8,-0.030,33.7
1309.5,-0.029,33.7,-0.030,33.7,-0.029,33.7,-0.029,33.7
1310.0,-0.028,33.7,-0.028,33.7,-0.030,33.7,-0.027,33.7
1310.5,-0.028,33.7,-0.027,33.8,-0.027,33.7,-0.026,33.7
1311.0,-0.026,33.7,-0.025,33.7,-0.026,33.7,-0.026,33.7
