time_s,s1_flow_ml_min,s1_temp_c,s2_flow_ml_min,s2_temp_c,s3_flow_ml_min,s3_temp_c,s4_flow_ml_min,s4_temp_c
0.0,-0.014,32.1,-0.013,32.1,-0.014,32.1,-0.013,32.1
0.5,-0.011,32.1,-0.011,32.1,-0.011,32.1,-0.010,32.1
1.0,-0.012,32.1,-0.011,32.1,-0.013,32.1,-0.011,32.1
1.5,-0.011,32.1,-0.009,32.2,-0.011,32.1,-0.010,32.2
2.0,-0.012,32.2,-0.012,32.2,-0.011,32.2,-0.012,32.1
2.5,-0.012,32.2,-0.012,32.2,-0.012,32.2,-0.012,32.1
3.0,-0.013,32.2,-0.013,32.2,-0.014,32.1,-0.013,32.2
3.5,-0.014,32.2,-0.012,32.2,-0.014,32.1,-0.013,32.2
4.0,-0.014,32.2,-0.014,32.2,-0.012,32.2,-0.015,32.2
4.5,-0.016,32.2,-0.016,32.2,-0.016,32.2,-0.016,32.2
5.0,-0.013,32.2,-0.013,32.2,-0.016,32.2,-0.013,32.3
5.5,-0.011,32.3,-0.012,32.3,-0.012,32.3,-0.010,32.3
6.0,-0.011,32.3,-0.010,32.3,-0.011,32.2,-0.010,32.3
6.5,-0.010,32.3,-0.010,32.3,-0.012,32.3,-0.010,32.3
7.0,-0.011,32.3,-0.012,32.3,-0.010,32.3,-0.009,32.3
7.5,-0.011,32.3,-0.011,32.3,-0.012,32.3,-0.009,32.3
8.0,-0.012,32.3,-0.012,32.2,-0.013,32.2,-0.011,32.3
8.5,-0.012,32.3,-0.013,32.3,-0.011,32.3,-0.012,32.3
9.0,-0.014,32.3,-0.014,32.2,-0.010,32.2,-0.013,32.3
9.5,-0.014,32.3,-0.014,32.3,-0.010,32.3,-0.016,32.3
10.0,-0.012,32.3,-0.012,32.3,-0.011,32.3,-0.011,32.3
10.5,-0.012,32.3,-0.012,32.3,-0.013,32.3,-0.012,32.3
11.0,-0.012,32.3,-0.012,32.3,-0.014,32.3,-0.012,32.3
11.5,-0.012,32.3,-0.012,32.3,-0.013,32.3,-0.013,32.3
12.0,-0.013,32.3,-0.012,32.3,-0.012,32.3,-0.010,32.3
12.5,-0.013,32.3,-0.013,32.3,-0.012,32.3,-0.013,32.3
13.0,-0.014,32.3,-0.013,32.3,-0.013,32.3,-0.013,32.3
13.5,-0.014,32.4,-0.014,32.3,-0.016,32.4,-0.014,32.3
14.0,-0.015,32.4,-0.016,32.4,-0.015,32.4,-0.015,32.4
14.5,-0.013,32.4,-0.013,32.4,-0.013,32.4,-0.014,32.3
15.0,-0.012,32.4,-0.011,32.4,-0.011,32.4,-0.012,32.3
15.5,-0.011,32.4,-0.011,32.4,-0.012,32.4,-0.012,32.4
16.0,-0.010,32.4,-0.010,32.4,-0.009,32.4,-0.011,32.4
16.5,-0.010,32.4,-0.012,32.4,-0.011,32.4,-0.010,32.4
17.0,-0.011,32.4,-0.011,32.4,-0.013,32.4,-0.010,32.3
17.5,-0.012,32.4,-0.011,32.4,-0.011,32.4,-0.010,32.4
18.0,-0.012,32.3,-0.012,32.4,-0.012,32.3,-0.012,32.4
18.5,-0.013,32.3,-0.013,32.3,-0.012,32.3,-0.011,32.3
19.0,-0.014,32.3,-0.014,32.3,-0.013,32.3,-0.012,32.4
19.5,-0.013,32.3,-0.013,32.3,-0.013,32.3,-0.012,32.3
20.0,-0.012,32.4,-0.012,32.3,-0.010,32.4,-0.011,32.4
20.5,-0.012,32.3,-0.013,32.3,-0.011,32.4,-0.011,32.4
21.0,-0.012,32.4,-0.012,32.4,-0.013,32.4,-0.009,32.3
21.5,-0.013,32.4,-0.013,32.4,-0.013,32.4,-0.013,32.4
22.0,-0.014,32.4,-0.013,32.4,-0.013,32.4,-0.012,32.4
22.5,-0.014,32.4,-0.013,32.4,-0.012,32.4,-0.012,32.4
23.0,-0.014,32.4,-0.015,32.4,-0.014,32.4,-0.013,32.4
23.5,-0.015,32.4,-0.014,32.4,-0.016,32.4,-0.014,32.4
24.0,-0.015,32.4,-0.014,32.4,-0.016,32.4,-0.014,32.4
24.5,-0.013,32.5,-0.013,32.4,-0.012,32.4,-0.013,32.4
25.0,-0.012,32.5,-0.013,32.4,-0.013,32.5,-0.011,32.4
25.5,-0.012,32.5,-0.011,32.5,-0.010,32.5,-0.011,32.5
26.0,-0.011,32.5,-0.011,32.5,-0.009,32.5,-0.011,32.5
26.5,-0.011,32.4,-0.011,32.4,-0.009,32.5,-0.010,32.4
27.0,-0.011,32.4,-0.012,32.4,-0.011,32.4,-0.010,32.4
27.5,-0.012,32.5,-0.012,32.4,-0.010,32.5,-0.011,32.5
28.0,-0.012,32.4,-0.011,32.4,-0.011,32.4,-0.011,32.4
28.5,-0.014,32.4,-0.013,32.4,-0.014,32.4,-0.013,32.4
29.0,-0.014,32.4,-0.014,32.4,-0.013,32.5,-0.013,32.4
29.5,-0.012,32.4,-0.011,32.4,-0.011,32.5,-0.012,32.4
30.0,-0.013,32.4,-0.012,32.4,-0.012,32.4,-0.011,32.4
30.5,-0.012,32.4,-0.011,32.5,-0.012,32.4,-0.011,32.4
31.0,-0.013,32.4,-0.013,32.4,-0.014,32.4,-0.014,32.4
31.5,-0.013,32.4,-0.014,32.4,-0.012,32.4,-0.013,32.4
32.0,-0.014,32.4,-0.014,32.4,-0.012,32.4,-0.015,32.4
32.5,-0.014,32.5,-0.014,32.5,-0.015,32.4,-0.014,32.5
33.0,-0.015,32.5,-0.015,32.5,-0.013,32.5,-0.014,32.4
33.5,-0.016,32.5,-0.015,32.5,-0.015,32.4,-0.015,32.5
34.0,-0.013,32.5,-0.013,32.5,-0.012,32.5,-0.013,32.5
34.5,-0.012,32.5,-0.012,32.5,-0.012,32.5,-0.014,32.5
35.0,-0.012,32.5,-0.010,32.5,-0.012,32.5,-0.013,32.5
35.5,-0.012,32.5,-0.012,32.5,-0.013,32.5,-0.012,32.5
36.0,-0.013,32.5,-0.012,32.5,-0.012,32.5,-0.010,32.5
36.5,-0.012,32.5,-0.011,32.5,-0.013,32.5,-0.010,32.5
37.0,-0.012,32.5,-0.013,32.5,-0.012,32.5,-0.012,32.5
37.5,-0.012,32.5,-0.011,32.5,-0.015,32.5,-0.013,32.5
38.0,-0.014,32.5,-0.012,32.5,-0.014,32.5,-0.012,32.5
38.5,-0.015,32.5,-0.014,32.5,-0.014,32.5,-0.014,32.5
39.0,-0.014,32.5,-0.013,32.5,-0.014,32.5,-0.012,32.5
39.5,-0.013,32.5,-0.013,32.5,-0.015,32.5,-0.012,32.5
40.0,-0.012,32.5,-0.012,32.5,-0.013,32.5,-0.011,32.5
40.5,-0.012,32.5,-0.013,32.5,-0.011,32.5,-0.012,32.5
41.0,-0.013,32.5,-0.014,32.5,-0.012,32.5,-0.011,32.5
41.5,-0.014,32.5,-0.013,32.5,-0.013,32.5,-0.012,32.5
42.0,-0.014,32.5,-0.015,32.5,-0.013,32.5,-0.012,32.5
42.5,-0.014,32.5,-0.014,32.5,-0.016,32.5,-0.013,32.5
43.0,-0.016,32.5,-0.015,32.5,-0.016,32.5,-0.014,32.5
43.5,-0.016,32.5,-0.015,32.5,-0.016,32.5,-0.016,32.5
44.0,-0.014,32.6,-0.012,32.5,-0.015,32.5,-0.014,32.6
44.5,-0.012,32.6,-0.012,32.5,-0.013,32.5,-0.012,32.6
45.0,-0.012,32.6,-0.012,32.6,-0.012,32.6,-0.011,32.6
45.5,-0.012,32.5,-0.013,32.5,-0.011,32.5,-0.012,32.6
46.0,-0.012,32.5,-0.013,32.5,-0.013,32.5,-0.012,32.6
46.5,-0.012,32.5,-0.012,32.5,-0.013,32.5,-0.013,32.5
47.0,-0.013,32.5,-0.014,32.5,-0.014,32.5,-0.014,32.5
47.5,-0.014,32.5,-0.013,32.5,-0.013,32.5,-0.014,32.5
48.0,-0.014,32.5,-0.015,32.5,-0.015,32.5,-0.013,32.5
48.5,-0.014,32.5,-0.015,32.5,-0.015,32.5,-0.013,32.5
49.0,-0.013,32.5,-0.014,32.5,-0.012,32.5,-0.014,32.5
49.5,-0.013,32.5,-0.012,32.5,-0.013,32.6,-0.012,32.6
50.0,-0.012,32.5,-0.012,32.5,-0.012,32.5,-0.011,32.5
50.5,-0.014,32.5,-0.014,32.5,-0.011,32.5,-0.013,32.5
51.0,-0.014,32.5,-0.014,32.5,-0.013,32.5,-0.014,32.5
51.5,-0.014,32.5,-0.015,32.5,-0.013,32.5,-0.014,32.5
52.0,-0.014,32.5,-0.015,32.5,-0.014,32.5,-0.013,32.5
52.5,-0.016,32.5,-0.015,32.5,-0.015,32.5,-0.014,32.6
53.0,-0.016,32.6,-0.016,32.6,-0.016,32.5,-0.015,32.5
53.5,-0.014,32.6,-0.014,32.6,-0.013,32.5,-0.014,32.5
54.0,-0.013,32.6,-0.012,32.6,-0.013,32.6,-0.013,32.6
54.5,-0.012,32.6,-0.012,32.6,-0.012,32.6,-0.013,32.6
55.0,-0.012,32.6,-0.010,32.6,-0.011,32.6,-0.012,32.6
55.5,-0.012,32.6,-0.011,32.5,-0.012,32.6,-0.012,32.5
56.0,-0.012,32.5,-0.012,32.5,-0.013,32.6,-0.013,32.5
56.5,-0.013,32.5,-0.012,32.5,-0.013,32.6,-0.014,32.5
57.0,-0.013,32.5,-0.012,32.5,-0.014,32.5,-0.014,32.5
57.5,-0.014,32.5,-0.013,32.5,-0.014,32.5,-0.013,32.5
58.0,-0.014,32.5,-0.013,32.5,-0.011,32.5,-0.013,32.5
58.5,-0.014,32.5,-0.013,32.5,-0.012,32.5,-0.013,32.5
59.0,-0.013,32.5,-0.013,32.5,-0.015,32.5,-0.014,32.5
59.5,-0.012,32.5,-0.011,32.5,-0.013,32.5,-0.014,32.6
60.0,-0.013,32.5,-0.013,32.5,-0.012,32.5,-0.014,32.6
60.5,-0.014,32.5,-0.013,32.5,-0.012,32.5,-0.014,32.5
61.0,-0.014,32.5,-0.014,32.5,-0.013,32.5,-0.014,32.5
61.5,-0.014,32.5,-0.014,32.5,-0.014,32.5,-0.014,32.5
62.0,-0.014,32.5,-0.014,32.5,-0.013,32.5,-0.016,32.5
62.5,-0.016,32.5,-0.015,32.5,-0.016,32.5,-0.016,32.5
63.0,-0.016,32.5,-0.016,32.5,-0.017,32.5,-0.014,32.5
63.5,-0.014,32.6,-0.014,32.5,-0.014,32.6,-0.014,32.6
64.0,-0.012,32.5,-0.012,32.5,-0.012,32.5,-0.014,32.5
64.5,-0.012,32.5,-0.012,32.5,-0.010,32.5,-0.013,32.5
65.0,-0.012,32.5,-0.013,32.5,-0.013,32.5,-0.014,32.5
65.5,-0.012,32.5,-0.012,32.5,-0.012,32.5,-0.011,32.5
66.0,-0.012,32.5,-0.013,32.5,-0.011,32.5,-0.012,32.5
66.5,-0.012,32.5,-0.011,32.5,-0.012,32.5,-0.012,32.5
67.0,-0.012,32.5,-0.013,32.5,-0.013,32.5,-0.013,32.5
67.5,-0.014,32.5,-0.014,32.5,-0.014,32.5,-0.014,32.4
68.0,-0.014,32.5,-0.014,32.5,-0.015,32.5,-0.014,32.4
68.5,-0.014,32.5,-0.013,32.5,-0.016,32.5,-0.014,32.5
69.0,-0.012,32.5,-0.012,32.5,-0.014,32.5,-0.011,32.5
69.5,-0.012,32.5,-0.012,32.5,-0.013,32.5,-0.012,32.4
70.0,-0.013,32.5,-0.012,32.5,-0.013,32.5,-0.014,32.4
70.5,-0.013,32.5,-0.012,32.5,-0.013,32.5,-0.013,32.5
71.0,-0.014,32.4,-0.013,32.5,-0.015,32.4,-0.013,32.5
71.5,-0.014,32.4,-0.013,32.4,-0.014,32.4,-0.014,32.5
72.0,-0.015,32.5,-0.015,32.5,-0.014,32.5,-0.015,32.5
72.5,-0.016,32.5,-0.015,32.5,-0.014,32.5,-0.014,32.4
73.0,-0.016,32.5,-0.016,32.5,-0.016,32.5,-0.014,32.5
73.5,-0.014,32.5,-0.014,32.5,-0.014,32.5,-0.013,32.5
74.0,-0.012,32.5,-0.013,32.5,-0.011,32.5,-0.012,32.5
74.5,-0.013,32.5,-0.012,32.5,-0.013,32.5,-0.014,32.5
75.0,-0.012,32.5,-0.011,32.5,-0.012,32.5,-0.011,32.5
75.5,-0.012,32.5,-0.012,32.5,-0.013,32.5,-0.011,32.4
76.0,-0.013,32.4,-0.013,32.5,-0.012,32.5,-0.013,32.5
76.5,-0.013,32.5,-0.013,32.5,-0.012,32.4,-0.013,32.5
77.0,-0.014,32.4,-0.013,32.4,-0.013,32.4,-0.014,32.5
77.5,-0.014,32.4,-0.013,32.4,-0.014,32.5,-0.011,32.4
78.0,-0.014,32.4,-0.014,32.4,-0.014,32.5,-0.014,32.4
78.5,-0.013,32.4,-0.013,32.4,-0.013,32.5,-0.014,32.4
79.0,-0.012,32.4,-0.012,32.4,-0.013,32.4,-0.013,32.4
79.5,-0.013,32.4,-0.014,32.4,-0.012,32.5,-0.012,32.4
80.0,-0.013,32.4,-0.013,32.4,-0.013,32.4,-0.013,32.4
80.5,-0.014,32.4,-0.014,32.4,-0.014,32.4,-0.015,32.4
81.0,-0.014,32.4,-0.014,32.4,-0.014,32.4,-0.014,32.4
81.5,-0.014,32.4,-0.014,32.4,-0.014,32.4,-0.014,32.4
82.0,-0.014,32.4,-0.014,32.5,-0.016,32.4,-0.012,32.4
82.5,-0.014,32.5,-0.014,32.5,-0.016,32.4,-0.016,32.4
83.0,-0.013,32.4,-0.012,32.4,-0.013,32.5,-0.014,32.5
83.5,-0.012,32.4,-0.013,32.4,-0.014,32.5,-0.013,32.4
84.0,-0.012,32.5,-0.013,32.5,-0.013,32.5,-0.013,32.5
84.5,-0.012,32.4,-0.012,32.4,-0.013,32.5,-0.013,32.4
85.0,-0.012,32.4,-0.012,32.4,-0.011,32.4,-0.011,32.4
85.5,-0.012,32.4,-0.012,32.4,-0.012,32.4,-0.012,32.4
86.0,-0.013,32.4,-0.013,32.4,-0.012,32.4,-0.013,32.4
86.5,-0.013,32.4,-0.013,32.4,-0.012,32.4,-0.014,32.4
87.0,-0.012,32.4,-0.013,32.4,-0.013,32.4,-0.012,32.4
87.5,-0.014,32.4,-0.014,32.3,-0.012,32.3,-0.014,32.4
88.0,-0.014,32.4,-0.013,32.3,-0.014,32.3,-0.013,32.4
88.5,-0.013,32.4,-0.012,32.4,-0.013,32.4,-0.013,32.3
89.0,-0.014,32.4,-0.014,32.4,-0.014,32.3,-0.014,32.3
89.5,-0.014,32.4,-0.013,32.4,-0.012,32.4,-0.012,32.4
90.0,-0.014,32.4,-0.014,32.4,-0.012,32.4,-0.012,32.4
90.5,-0.014,32.4,-0.014,32.4,-0.013,32.4,-0.012,32.4
91.0,-0.014,32.4,-0.014,32.4,-0.013,32.4,-0.015,32.3
91.5,-0.015,32.4,-0.014,32.4,-0.014,32.4,-0.015,32.4
92.0,-0.014,32.4,-0.013,32.4,-0.015,32.4,-0.014,32.4
92.5,-0.014,32.4,-0.013,32.4,-0.012,32.4,-0.014,32.4
93.0,-0.012,32.4,-0.013,32.4,-0.012,32.4,-0.013,32.4
93.5,-0.012,32.4,-0.011,32.4,-0.013,32.4,-0.012,32.4
94.0,-0.012,32.4,-0.012,32.4,-0.014,32.4,-0.012,32.4
94.5,-0.012,32.4,-0.013,32.4,-0.014,32.4,-0.011,32.4
95.0,-0.013,32.3,-0.013,32.4,-0.014,32.3,-0.012,32.4
95.5,-0.012,32.3,-0.012,32.3,-0.013,32.3,-0.012,32.4
96.0,-0.012,32.3,-0.012,32.3,-0.011,32.3,-0.012,32.4
96.5,-0.012,32.3,-0.013,32.3,-0.015,32.3,-0.013,32.3
97.0,-0.013,32.3,-0.013,32.3,-0.014,32.3,-0.013,32.3
97.5,-0.014,32.3,-0.013,32.3,-0.014,32.3,-0.013,32.3
98.0,-0.013,32.3,-0.012,32.3,-0.013,32.3,-0.013,32.4
98.5,-0.014,32.3,-0.013,32.3,-0.013,32.3,-0.014,32.3
99.0,-0.014,32.3,-0.013,32.3,-0.013,32.3,-0.014,32.3
99.5,-0.014,32.3,-0.015,32.3,-0.014,32.3,-0.015,32.3
100.0,-0.014,32.3,-0.014,32.3,-0.014,32.3,-0.016,32.3
100.5,-0.014,32.3,-0.014,32.3,-0.015,32.3,-0.016,32.3
101.0,-0.014,32.3,-0.015,32.4,-0.014,32.3,-0.016,32.3
101.5,-0.013,32.3,-0.012,32.3,-0.014,32.3,-0.010,32.3
102.0,-0.013,32.3,-0.013,32.3,-0.012,32.3,-0.010,32.3
102.5,-0.013,32.3,-0.013,32.3,-0.012,32.3,-0.011,32.3
103.0,-0.013,32.4,-0.013,32.3,-0.012,32.3,-0.008,32.4
103.5,-0.014,32.3,-0.012,32.3,-0.014,32.3,-0.012,32.4
104.0,-0.013,32.3,-0.012,32.3,-0.014,32.3,-0.013,32.3
104.5,-0.014,32.3,-0.012,32.3,-0.013,32.3,-0.013,32.3
105.0,-0.014,32.3,-0.011,32.3,-0.014,32.3,-0.014,32.3
105.5,-0.014,32.3,-0.013,32.3,-0.014,32.3,-0.014,32.3
106.0,-0.014,32.3,-0.013,32.3,-0.013,32.3,-0.014,32.3
106.5,-0.014,32.3,-0.013,32.3,-0.013,32.4,-0.014,32.3
107.0,-0.014,32.3,-0.014,32.3,-0.013,32.3,-0.015,32.3
107.5,-0.014,32.3,-0.012,32.3,-0.014,32.3,-0.014,32.3
108.0,-0.014,32.3,-0.013,32.3,-0.014,32.3,-0.015,32.3
108.5,-0.014,32.3,-0.013,32.3,-0.014,32.3,-0.015,32.3
109.0,-0.014,32.3,-0.013,32.3,-0.014,32.4,-0.016,32.3
109.5,-0.014,32.3,-0.015,32.3,-0.013,32.3,-0.016,32.3
110.0,-0.014,32.3,-0.015,32.3,-0.013,32.3,-0.012,32.3
110.5,-0.014,32.4,-0.015,32.4,-0.012,32.4,-0.014,32.3
111.0,-0.013,32.3,-0.014,32.3,-0.011,32.4,-0.015,32.4
111.5,-0.014,32.4,-0.014,32.4,-0.012,32.3,-0.014,32.4
112.0,-0.014,32.4,-0.014,32.3,-0.013,32.4,-0.014,32.4
112.5,-0.014,32.3,-0.014,32.4,-0.014,32.4,-0.014,32.4
113.0,-0.014,32.3,-0.015,32.3,-0.013,32.4,-0.015,32.3
113.5,-0.014,32.4,-0.015,32.4,-0.014,32.4,-0.013,32.4
114.0,-0.014,32.4,-0.014,32.4,-0.014,32.4,-0.015,32.3
114.5,-0.014,32.4,-0.014,32.4,-0.016,32.4,-0.014,32.4
115.0,-0.014,32.3,-0.014,32.4,-0.014,32.3,-0.012,32.4
115.5,-0.015,32.4,-0.013,32.4,-0.015,32.3,-0.015,32.4
116.0,-0.015,32.4,-0.015,32.4,-0.014,32.3,-0.014,32.4
116.5,-0.016,32.4,-0.016,32.4,-0.015,32.3,-0.016,32.3
117.0,-0.016,32.4,-0.016,32.4,-0.015,32.4,-0.016,32.4
117.5,-0.016,32.4,-0.015,32.4,-0.015,32.4,-0.016,32.4
118.0,-0.016,32.4,-0.016,32.4,-0.016,32.4,-0.016,32.4
118.5,-0.016,32.4,-0.017,32.4,-0.016,32.4,-0.016,32.4
119.0,-0.016,32.4,-0.016,32.4,-0.016,32.4,-0.016,32.4
119.5,-0.016,32.4,-0.016,32.5,-0.016,32.5,-0.016,32.4
120.0,-0.015,32.4,-0.016,32.4,-0.016,32.4,-0.014,32.4
120.5,-0.015,32.4,-0.016,32.4,-0.016,32.5,-0.015,32.4
121.0,-0.015,32.5,-0.015,32.4,-0.016,32.5,-0.015,32.5
121.5,-0.015,32.5,-0.015,32.5,-0.014,32.5,-0.015,32.5
122.0,-0.015,32.4,-0.015,32.5,-0.016,32.4,-0.014,32.5
122.5,-0.015,32.5,-0.015,32.5,-0.016,32.5,-0.015,32.5
123.0,-0.015,32.5,-0.015,32.4,-0.016,32.5,-0.014,32.5
123.5,-0.015,32.4,-0.016,32.4,-0.014,32.4,-0.015,32.5
124.0,-0.016,32.5,-0.015,32.5,-0.014,32.5,-0.014,32.5
124.5,-0.016,32.5,-0.016,32.5,-0.015,32.5,-0.014,32.5
125.0,-0.016,32.5,-0.016,32.5,-0.015,32.5,-0.016,32.5
125.5,-0.016,32.5,-0.016,32.5,-0.015,32.5,-0.013,32.5
126.0,-0.016,32.5,-0.017,32.4,-0.016,32.4,-0.015,32.5
126.5,-0.016,32.5,-0.017,32.5,-0.016,32.5,-0.015,32.5
127.0,-0.016,32.5,-0.015,32.4,-0.016,32.5,-0.015,32.5
127.5,-0.016,32.5,-0.015,32.5,-0.017,32.5,-0.016,32.4
128.0,-0.016,32.5,-0.015,32.5,-0.015,32.6,-0.016,32.5
128.5,-0.016,32.5,-0.017,32.5,-0.015,32.5,-0.016,32.5
129.0,-0.016,32.5,-0.016,32.5,-0.017,32.5,-0.015,32.5
129.5,-0.016,32.5,-0.018,32.5,-0.016,32.5,-0.014,32.5
130.0,-0.020,32.5,-0.020,32.5,-0.018,32.5,-0.018,32.5
130.5,-0.033,32.5,-0.032,32.5,-0.026,32.5,-0.031,32.5
131.0,-0.032,32.5,-0.031,32.5,-0.033,32.5,-0.040,32.5
131.5,-0.023,32.4,-0.022,32.4,-0.026,32.4,-0.027,32.4
132.0,-0.022,32.4,-0.020,32.4,-0.023,32.4,-0.021,32.4
132.5,-0.022,32.4,-0.020,32.4,-0.019,32.4,-0.022,32.4
133.0,-0.022,32.4,-0.021,32.4,-0.022,32.4,-0.022,32.4
133.5,-0.022,32.4,-0.022,32.4,-0.022,32.3,-0.023,32.4
134.0,-0.022,32.4,-0.023,32.4,-0.023,32.4,-0.022,32.4
134.5,-0.021,32.4,-0.021,32.5,-0.020,32.4,-0.020,32.5
135.0,-0.020,32.5,-0.020,32.4,-0.018,32.5,-0.021,32.5
135.5,-0.019,32.5,-0.019,32.5,-0.017,32.5,-0.020,32.5
136.0,-0.022,32.5,-0.022,32.5,-0.020,32.5,-0.022,32.5
136.5,-0.022,32.5,-0.022,32.5,-0.021,32.5,-0.022,32.5
137.0,-0.023,32.5,-0.022,32.5,-0.022,32.5,-0.023,32.5
137.5,-0.023,32.5,-0.023,32.5,-0.022,32.5,-0.022,32.5
138.0,-0.022,32.5,-0.023,32.5,-0.022,32.5,-0.023,32.6
138.5,-0.023,32.5,-0.023,32.5,-0.024,32.5,-0.022,32.6
139.0,-0.024,32.5,-0.022,32.5,-0.024,32.6,-0.023,32.5
139.5,-0.023,32.5,-0.022,32.5,-0.021,32.6,-0.022,32.5
140.0,-0.022,32.5,-0.022,32.5,-0.022,32.5,-0.021,32.5
140.5,-0.022,32.5,-0.022,32.5,-0.020,32.5,-0.021,32.5
141.0,-0.022,32.5,-0.021,32.6,-0.020,32.6,-0.020,32.5
141.5,-0.022,32.5,-0.022,32.5,-0.023,32.5,-0.021,32.5
142.0,-0.022,32.5,-0.023,32.5,-0.022,32.5,-0.022,32.5
142.5,-0.022,32.5,-0.023,32.5,-0.022,32.5,-0.021,32.5
143.0,-0.022,32.5,-0.022,32.5,-0.022,32.5,-0.023,32.6
143.5,-0.022,32.5,-0.022,32.6,-0.022,32.6,-0.024,32.6
144.0,-0.020,32.5,-0.020,32.6,-0.020,32.5,-0.019,32.5
144.5,-0.018,32.6,-0.018,32.6,-0.017,32.5,-0.017,32.5
145.0,-0.016,32.6,-0.016,32.5,-0.016,32.5,-0.015,32.6
145.5,-0.017,32.6,-0.015,32.6,-0.016,32.6,-0.016,32.6
146.0,-0.019,32.6,-0.018,32.6,-0.018,32.6,-0.018,32.6
146.5,-0.022,32.6,-0.021,32.6,-0.020,32.6,-0.022,32.6
147.0,-0.022,32.6,-0.021,32.6,-0.023,32.6,-0.021,32.6
147.5,-0.020,32.6,-0.021,32.6,-0.021,32.6,-0.019,32.6
148.0,-0.020,32.6,-0.020,32.6,-0.022,32.6,-0.019,32.6
148.5,-0.020,32.6,-0.020,32.6,-0.020,32.6,-0.020,32.6
149.0,-0.020,32.6,-0.019,32.6,-0.020,32.6,-0.019,32.6
149.5,-0.018,32.6,-0.018,32.6,-0.019,32.6,-0.018,32.6
150.0,-0.017,32.6,-0.017,32.6,-0.015,32.6,-0.017,32.6
150.5,-0.017,32.6,-0.015,32.6,-0.015,32.7,-0.017,32.6
151.0,-0.016,32.7,-0.017,32.7,-0.017,32.6,-0.016,32.7
151.5,-0.016,32.7,-0.017,32.7,-0.016,32.7,-0.016,32.6
152.0,-0.018,32.7,-0.016,32.7,-0.016,32.7,-0.017,32.6
152.5,-0.017,32.7,-0.016,32.7,-0.017,32.7,-0.016,32.7
153.0,-0.016,32.7,-0.016,32.7,-0.015,32.7,-0.016,32.7
153.5,-0.015,32.7,-0.014,32.7,-0.015,32.7,-0.015,32.7
154.0,-0.014,32.7,-0.015,32.7,-0.012,32.7,-0.014,32.7
154.5,-0.014,32.7,-0.014,32.7,-0.012,32.7,-0.013,32.7
155.0,-0.014,32.7,-0.014,32.7,-0.014,32.7,-0.014,32.7
155.5,-0.014,32.7,-0.015,32.7,-0.015,32.7,-0.013,32.7
156.0,-0.014,32.7,-0.015,32.7,-0.016,32.7,-0.015,32.7
156.5,-0.016,32.7,-0.014,32.7,-0.015,32.6,-0.015,32.7
157.0,-0.014,32.7,-0.015,32.7,-0.015,32.7,-0.013,32.7
157.5,-0.013,32.7,-0.012,32.7,-0.013,32.7,-0.013,32.7
158.0,-0.012,32.6,-0.011,32.7,-0.010,32.6,-0.014,32.7
158.5,-0.012,32.6,-0.012,32.6,-0.012,32.6,-0.013,32.6
159.0,-0.012,32.6,-0.011,32.6,-0.012,32.6,-0.013,32.6
159.5,-0.012,32.6,-0.011,32.6,-0.012,32.6,-0.014,32.6
160.0,-0.012,32.5,-0.012,32.5,-0.012,32.6,-0.011,32.5
160.5,-0.013,32.5,-0.013,32.5,-0.014,32.5,-0.013,32.5
161.0,-0.014,32.5,-0.013,32.5,-0.014,32.5,-0.015,32.5
161.5,-0.014,32.5,-0.013,32.5,-0.014,32.5,-0.014,32.5
162.0,-0.014,32.5,-0.015,32.5,-0.013,32.6,-0.013,32.5
162.5,-0.013,32.5,-0.013,32.5,-0.013,32.6,-0.013,32.5
163.0,-0.013,32.5,-0.014,32.5,-0.012,32.5,-0.013,32.5
163.5,-0.013,32.5,-0.013,32.5,-0.013,32.5,-0.012,32.5
164.0,-0.013,32.5,-0.013,32.5,-0.015,32.5,-0.013,32.5
164.5,-0.014,32.5,-0.013,32.5,-0.014,32.5,-0.014,32.5
165.0,-0.014,32.5,-0.014,32.5,-0.016,32.4,-0.014,32.5
165.5,-0.014,32.4,-0.015,32.5,-0.015,32.5,-0.014,32.4
166.0,-0.016,32.5,-0.015,32.5,-0.016,32.4,-0.015,32.5
166.5,-0.014,32.5,-0.015,32.5,-0.016,32.5,-0.015,32.5
167.0,-0.013,32.5,-0.012,32.5,-0.015,32.5,-0.011,32.5
167.5,-0.013,32.5,-0.012,32.4,-0.012,32.5,-0.011,32.4
168.0,-0.012,32.5,-0.013,32.4,-0.011,32.5,-0.012,32.5
168.5,-0.012,32.4,-0.013,32.4,-0.010,32.5,-0.012,32.5
169.0,-0.012,32.4,-0.011,32.4,-0.012,32.4,-0.010,32.4
169.5,-0.012,32.4,-0.010,32.4,-0.009,32.4,-0.012,32.4
170.0,-0.013,32.4,-0.014,32.4,-0.008,32.4,-0.011,32.4
170.5,-0.014,32.4,-0.013,32.4,-0.016,32.4,-0.012,32.4
171.0,-0.015,32.4,-0.015,32.4,-0.016,32.4,-0.014,32.4
171.5,-0.014,32.4,-0.015,32.4,-0.014,32.4,-0.015,32.3
172.0,-0.014,32.4,-0.014,32.4,-0.012,32.4,-0.015,32.4
172.5,-0.013,32.4,-0.015,32.4,-0.014,32.4,-0.013,32.4
173.0,-0.014,32.4,-0.014,32.4,-0.013,32.4,-0.013,32.4
173.5,-0.014,32.4,-0.013,32.4,-0.012,32.4,-0.015,32.4
174.0,-0.014,32.4,-0.014,32.4,-0.016,32.4,-0.014,32.4
174.5,-0.015,32.4,-0.015,32.4,-0.015,32.4,-0.015,32.4
175.0,-0.016,32.4,-0.016,32.4,-0.017,32.4,-0.016,32.4
175.5,-0.016,32.4,-0.015,32.4,-0.014,32.4,-0.016,32.3
176.0,-0.014,32.4,-0.013,32.4,-0.013,32.3,-0.014,32.4
176.5,-0.012,32.4,-0.011,32.4,-0.011,32.4,-0.011,32.4
177.0,-0.012,32.4,-0.012,32.4,-0.011,32.4,-0.013,32.4
177.5,-0.012,32.4,-0.011,32.4,-0.010,32.4,-0.012,32.4
178.0,-0.012,32.4,-0.013,32.4,-0.014,32.4,-0.014,32.4
178.5,-0.012,32.4,-0.011,32.4,-0.012,32.3,-0.016,32.3
179.0,-0.012,32.3,-0.012,32.3,-0.012,32.3,-0.016,32.4
179.5,-0.013,32.3,-0.012,32.3,-0.012,32.3,-0.014,32.3
180.0,-0.014,32.3,-0.014,32.3,-0.015,32.3,-0.014,32.3
180.5,-0.014,32.3,-0.013,32.3,-0.013,32.3,-0.015,32.3
181.0,-0.013,32.3,-0.013,32.3,-0.014,32.3,-0.014,32.3
181.5,-0.012,32.3,-0.012,32.3,-0.012,32.3,-0.013,32.3
182.0,-0.013,32.3,-0.013,32.3,-0.012,32.3,-0.012,32.3
182.5,-0.013,32.3,-0.009,32.3,-0.012,32.4,-0.009,32.3
183.0,-0.014,32.3,-0.013,32.3,-0.013,32.4,-0.013,32.3
183.5,-0.014,32.3,-0.014,32.3,-0.014,32.3,-0.012,32.3
184.0,-0.014,32.3,-0.014,32.3,-0.012,32.3,-0.015,32.3
184.5,-0.015,32.3,-0.015,32.3,-0.014,32.3,-0.016,32.3
185.0,-0.016,32.3,-0.015,32.3,-0.015,32.3,-0.014,32.3
185.5,-0.014,32.3,-0.015,32.3,-0.015,32.3,-0.014,32.3
186.0,-0.013,32.3,-0.013,32.3,-0.014,32.3,-0.008,32.4
186.5,-0.013,32.3,-0.011,32.3,-0.013,32.3,-0.010,32.3
187.0,-0.013,32.3,-0.013,32.3,-0.011,32.3,-0.011,32.3
187.5,-0.012,32.3,-0.013,32.3,-0.012,32.3,-0.013,32.3
188.0,-0.013,32.3,-0.011,32.3,-0.013,32.3,-0.012,32.4
188.5,-0.012,32.3,-0.012,32.3,-0.014,32.3,-0.012,32.3
189.0,-0.013,32.3,-0.013,32.3,-0.014,32.3,-0.011,32.3
189.5,-0.013,32.3,-0.013,32.3,-0.014,32.3,-0.013,32.3
190.0,-0.014,32.2,-0.013,32.2,-0.014,32.3,-0.014,32.2
190.5,-0.014,32.3,-0.011,32.3,-0.017,32.3,-0.014,32.2
191.0,-0.013,32.3,-0.014,32.3,-0.017,32.3,-0.013,32.2
191.5,-0.014,32.3,-0.014,32.3,-0.014,32.2,-0.014,32.3
192.0,-0.013,32.3,-0.014,32.3,-0.015,32.3,-0.012,32.3
192.5,-0.014,32.2,-0.012,32.2,-0.013,32.3,-0.013,32.2
193.0,-0.014,32.3,-0.011,32.3,-0.013,32.2,-0.013,32.3
193.5,-0.014,32.3,-0.013,32.2,-0.014,32.2,-0.013,32.3
194.0,-0.014,32.3,-0.014,32.2,-0.016,32.3,-0.013,32.3
194.5,-0.015,32.3,-0.015,32.3,-0.014,32.3,-0.014,32.3
195.0,-0.014,32.3,-0.012,32.3,-0.014,32.2,-0.014,32.2
195.5,-0.014,32.3,-0.011,32.3,-0.014,32.3,-0.012,32.2
196.0,-0.013,32.3,-0.013,32.3,-0.014,32.3,-0.013,32.2
196.5,-0.012,32.2,-0.013,32.3,-0.012,32.2,-0.015,32.3
197.0,-0.012,32.3,-0.012,32.2,-0.010,32.2,-0.014,32.2
197.5,-0.013,32.3,-0.013,32.3,-0.010,32.2,-0.014,32.2
198.0,-0.013,32.2,-0.014,32.2,-0.012,32.2,-0.012,32.2
198.5,-0.013,32.2,-0.012,32.2,-0.013,32.3,-0.014,32.2
199.0,-0.013,32.2,-0.012,32.2,-0.015,32.2,-0.014,32.2
199.5,-0.013,32.2,-0.014,32.2,-0.014,32.2,-0.011,32.2
200.0,-0.014,32.2,-0.015,32.2,-0.015,32.2,-0.013,32.2
200.5,-0.014,32.2,-0.014,32.2,-0.015,32.2,-0.013,32.2
201.0,-0.014,32.2,-0.013,32.2,-0.014,32.2,-0.013,32.3
201.5,-0.013,32.2,-0.012,32.2,-0.014,32.2,-0.013,32.2
202.0,-0.014,32.2,-0.014,32.2,-0.014,32.2,-0.014,32.2
202.5,-0.014,32.2,-0.013,32.2,-0.013,32.2,-0.016,32.2
203.0,-0.014,32.2,-0.013,32.2,-0.013,32.2,-0.014,32.2
203.5,-0.014,32.2,-0.014,32.2,-0.014,32.2,-0.014,32.2
204.0,-0.014,32.2,-0.014,32.2,-0.014,32.2,-0.013,32.2
204.5,-0.015,32.2,-0.015,32.2,-0.014,32.2,-0.014,32.2
205.0,-0.014,32.2,-0.014,32.2,-0.014,32.2,-0.012,32.2
205.5,-0.013,32.2,-0.013,32.2,-0.012,32.2,-0.011,32.2
206.0,-0.012,32.2,-0.012,32.2,-0.011,32.2,-0.013,32.2
206.5,-0.012,32.2,-0.012,32.2,-0.014,32.2,-0.012,32.2
207.0,-0.012,32.2,-0.011,32.2,-0.014,32.2,-0.012,32.2
207.5,-0.012,32.2,-0.010,32.2,-0.013,32.1,-0.010,32.2
208.0,-0.012,32.2,-0.011,32.2,-0.011,32.1,-0.010,32.2
208.5,-0.012,32.1,-0.012,32.1,-0.013,32.2,-0.011,32.2
209.0,-0.012,32.1,-0.013,32.1,-0.012,32.1,-0.008,32.1
209.5,-0.014,32.1,-0.015,32.1,-0.015,32.1,-0.015,32.1
210.0,-0.013,32.1,-0.013,32.1,-0.016,32.1,-0.015,32.1
210.5,-0.012,32.1,-0.011,32.1,-0.015,32.1,-0.014,32.1
211.0,-0.012,32.1,-0.011,32.1,-0.012,32.1,-0.013,32.1
211.5,-0.012,32.1,-0.012,32.1,-0.013,32.1,-0.013,32.1
212.0,-0.014,32.1,-0.013,32.1,-0.013,32.1,-0.014,32.1
212.5,-0.014,32.1,-0.015,32.1,-0.014,32.1,-0.014,32.1
213.0,-0.014,32.1,-0.015,32.1,-0.014,32.1,-0.014,32.1
213.5,-0.014,32.1,-0.014,32.1,-0.015,32.1,-0.014,32.1
214.0,-0.014,32.1,-0.014,32.1,-0.015,32.1,-0.014,32.1
214.5,-0.015,32.1,-0.014,32.1,-0.016,32.1,-0.013,32.1
215.0,-0.014,32.1,-0.012,32.1,-0.014,32.1,-0.012,32.1
215.5,-0.014,32.1,-0.013,32.1,-0.014,32.1,-0.013,32.1
216.0,-0.013,32.1,-0.013,32.1,-0.014,32.1,-0.013,32.2
216.5,-0.013,32.1,-0.014,32.1,-0.013,32.1,-0.013,32.1
217.0,-0.013,32.1,-0.014,32.2,-0.013,32.1,-0.013,32.1
217.5,-0.014,32.1,-0.013,32.1,-0.012,32.1,-0.013,32.1
218.0,-0.014,32.1,-0.013,32.1,-0.012,32.1,-0.012,32.1
218.5,-0.014,32.1,-0.014,32.1,-0.013,32.1,-0.014,32.1
219.0,-0.014,32.1,-0.013,32.1,-0.013,32.1,-0.011,32.1
219.5,-0.014,32.1,-0.014,32.1,-0.015,32.1,-0.014,32.1
220.0,-0.014,32.1,-0.014,32.1,-0.014,32.1,-0.016,32.2
220.5,-0.013,32.1,-0.013,32.1,-0.013,32.1,-0.014,32.1
221.0,-0.013,32.1,-0.013,32.1,-0.013,32.1,-0.014,32.1
221.5,-0.014,32.1,-0.014,32.1,-0.014,32.1,-0.014,32.1
222.0,-0.014,32.1,-0.014,32.1,-0.014,32.1,-0.012,32.1
222.5,-0.014,32.1,-0.015,32.1,-0.012,32.1,-0.014,32.1
223.0,-0.014,32.1,-0.014,32.1,-0.012,32.1,-0.015,32.1
223.5,-0.014,32.1,-0.013,32.1,-0.012,32.1,-0.016,32.1
224.0,-0.015,32.1,-0.014,32.1,-0.014,32.1,-0.016,32.1
224.5,-0.015,32.1,-0.015,32.1,-0.015,32.1,-0.015,32.1
225.0,-0.014,32.1,-0.015,32.1,-0.014,32.1,-0.014,32.1
225.5,-0.012,32.1,-0.012,32.1,-0.011,32.1,-0.012,32.1
226.0,-0.012,32.1,-0.013,32.1,-0.011,32.1,-0.011,32.1
226.5,-0.012,32.1,-0.012,32.1,-0.013,32.1,-0.011,32.1
227.0,-0.013,32.1,-0.012,32.1,-0.013,32.2,-0.012,32.1
227.5,-0.013,32.1,-0.014,32.1,-0.012,32.1,-0.009,32.0
228.0,-0.013,32.1,-0.013,32.1,-0.014,32.0,-0.011,32.1
228.5,-0.014,32.0,-0.013,32.0,-0.014,32.0,-0.012,32.1
229.0,-0.014,32.0,-0.013,32.1,-0.014,32.1,-0.013,32.1
229.5,-0.014,32.1,-0.013,32.1,-0.012,32.0,-0.014,32.0
230.0,-0.013,32.1,-0.013,32.1,-0.012,32.1,-0.014,32.0
230.5,-0.012,32.0,-0.013,32.0,-0.014,32.1,-0.010,32.0
231.0,-0.013,32.1,-0.014,32.1,-0.014,32.0,-0.011,32.1
231.5,-0.014,32.0,-0.014,32.0,-0.014,32.0,-0.013,32.0
232.0,-0.014,32.1,-0.014,32.0,-0.014,32.0,-0.014,32.1
232.5,-0.014,32.0,-0.014,32.0,-0.016,32.1,-0.017,32.0
233.0,-0.014,32.0,-0.014,32.0,-0.013,32.0,-0.014,32.0
233.5,-0.015,32.0,-0.014,32.1,-0.015,32.1,-0.015,32.0
234.0,-0.015,32.1,-0.015,32.1,-0.016,32.0,-0.015,32.1
234.5,-0.014,32.1,-0.013,32.1,-0.016,32.1,-0.012,32.1
235.0,-0.013,32.1,-0.012,32.0,-0.014,32.0,-0.012,32.0
235.5,-0.012,32.1,-0.012,32.1,-0.012,32.1,-0.010,32.1
236.0,-0.012,32.1,-0.013,32.1,-0.014,32.1,-0.011,32.0
236.5,-0.012,32.0,-0.013,32.0,-0.012,32.0,-0.012,32.0
237.0,-0.013,32.0,-0.011,32.0,-0.014,32.0,-0.012,32.0
237.5,-0.013,32.0,-0.013,32.0,-0.014,32.0,-0.012,32.0
238.0,-0.013,32.0,-0.014,32.0,-0.014,32.0,-0.012,32.0
238.5,-0.013,32.0,-0.013,32.0,-0.014,32.0,-0.012,32.0
239.0,-0.013,32.0,-0.012,32.0,-0.015,32.0,-0.013,32.0
239.5,-0.014,32.0,-0.014,32.0,-0.012,32.0,-0.015,32.1
240.0,-0.014,32.0,-0.015,32.0,-0.013,32.0,-0.015,32.0
240.5,-0.014,32.0,-0.013,32.0,-0.013,32.0,-0.014,32.0
241.0,-0.014,32.0,-0.011,32.0,-0.014,32.0,-0.014,32.0
241.5,-0.014,32.0,-0.012,32.0,-0.012,32.0,-0.013,32.0
242.0,-0.014,32.0,-0.015,32.0,-0.015,32.0,-0.013,32.0
242.5,-0.014,32.0,-0.015,32.0,-0.014,32.0,-0.014,32.0
243.0,-0.014,32.0,-0.014,32.0,-0.014,32.0,-0.015,32.0
243.5,-0.014,32.0,-0.014,32.0,-0.015,32.1,-0.014,32.0
244.0,-0.013,32.0,-0.013,32.0,-0.014,32.1,-0.014,32.0
244.5,-0.013,32.0,-0.012,32.0,-0.014,32.1,-0.012,32.0
245.0,-0.012,32.0,-0.012,32.0,-0.015,32.1,-0.012,32.0
245.5,-0.013,32.0,-0.012,32.0,-0.016,32.1,-0.011,32.0
246.0,-0.013,32.0,-0.013,32.0,-0.014,32.1,-0.014,32.0
246.5,-0.012,32.0,-0.013,32.0,-0.014,32.0,-0.012,32.0
247.0,-0.012,32.0,-0.013,32.0,-0.013,32.0,-0.013,32.0
247.5,-0.012,32.0,-0.012,32.0,-0.012,32.0,-0.014,32.0
248.0,-0.013,32.0,-0.012,32.0,-0.013,32.0,-0.013,32.0
248.5,-0.012,32.0,-0.013,32.0,-0.012,32.0,-0.014,32.0
249.0,-0.013,32.0,-0.013,32.0,-0.014,32.0,-0.014,32.0
249.5,-0.013,32.0,-0.011,32.0,-0.013,32.0,-0.012,32.0
250.0,-0.013,32.0,-0.013,32.0,-0.013,32.0,-0.013,32.0
250.5,-0.014,31.9,-0.014,31.9,-0.015,31.9,-0.013,31.9
251.0,-0.014,32.0,-0.013,32.0,-0.014,32.0,-0.011,32.0
251.5,-0.014,32.0,-0.014,32.0,-0.013,32.0,-0.013,32.0
252.0,-0.014,32.0,-0.014,32.0,-0.015,32.0,-0.014,32.0
252.5,-0.014,32.0,-0.014,32.0,-0.014,32.0,-0.013,32.0
253.0,-0.014,32.0,-0.015,32.0,-0.015,32.0,-0.014,32.0
253.5,-0.014,32.0,-0.014,32.0,-0.015,32.0,-0.013,32.0
254.0,-0.013,32.0,-0.014,32.0,-0.013,32.0,-0.013,32.0
254.5,-0.013,32.0,-0.012,32.0,-0.012,32.0,-0.010,32.0
255.0,-0.012,32.0,-0.013,32.0,-0.012,32.0,-0.013,32.0
255.5,-0.013,32.0,-0.012,32.0,-0.013,32.0,-0.012,32.0
256.0,-0.012,32.0,-0.013,32.0,-0.014,32.0,-0.012,32.0
256.5,-0.013,32.0,-0.013,32.0,-0.013,32.0,-0.011,32.0
257.0,-0.012,32.0,-0.013,32.0,-0.012,32.0,-0.014,31.9
257.5,-0.013,32.0,-0.013,32.0,-0.013,32.0,-0.015,31.9
258.0,-0.013,31.9,-0.014,31.9,-0.014,32.0,-0.014,31.9
258.5,-0.014,31.9,-0.013,31.9,-0.013,32.0,-0.014,31.9
259.0,-0.014,31.9,-0.013,32.0,-0.014,31.9,-0.016,31.9
259.5,-0.014,31.9,-0.013,31.9,-0.011,31.9,-0.015,32.0
260.0,-0.014,31.9,-0.013,31.9,-0.012,31.9,-0.013,31.9
260.5,-0.014,31.9,-0.013,31.9,-0.013,32.0,-0.013,31.9
261.0,-0.014,31.9,-0.014,32.0,-0.013,32.0,-0.014,31.9
261.5,-0.014,31.9,-0.014,32.0,-0.014,31.9,-0.014,31.9
262.0,-0.014,31.9,-0.013,31.9,-0.012,31.9,-0.014,31.9
262.5,-0.014,31.9,-0.014,31.9,-0.013,31.9,-0.015,31.9
263.0,-0.014,31.9,-0.015,31.9,-0.014,31.9,-0.015,31.9
263.5,-0.014,32.0,-0.014,31.9,-0.014,31.9,-0.015,32.0
264.0,-0.013,31.9,-0.013,31.9,-0.014,31.9,-0.014,31.9
264.5,-0.013,31.9,-0.012,32.0,-0.014,31.9,-0.014,31.9
265.0,-0.013,32.0,-0.012,31.9,-0.013,31.9,-0.013,32.0
265.5,-0.013,31.9,-0.012,31.9,-0.012,32.0,-0.012,31.9
266.0,-0.013,31.9,-0.014,32.0,-0.014,31.9,-0.012,31.9
266.5,-0.013,31.9,-0.012,32.0,-0.012,32.0,-0.011,31.9
267.0,-0.013,31.9,-0.013,31.9,-0.014,31.9,-0.011,31.9
267.5,-0.013,31.9,-0.013,31.9,-0.014,31.9,-0.014,31.9
268.0,-0.014,31.9,-0.014,31.9,-0.016,31.9,-0.012,31.9
268.5,-0.014,31.9,-0.012,31.9,-0.015,31.9,-0.013,32.0
269.0,-0.014,31.9,-0.014,31.9,-0.014,31.9,-0.013,32.0
269.5,-0.014,31.9,-0.014,31.9,-0.016,31.9,-0.014,32.0
270.0,-0.014,31.9,-0.015,31.9,-0.014,31.9,-0.013,31.9
270.5,-0.014,31.9,-0.015,31.9,-0.010,32.0,-0.013,31.9
271.0,-0.014,32.0,-0.014,31.9,-0.012,32.0,-0.015,32.0
271.5,-0.014,32.0,-0.016,32.0,-0.016,32.0,-0.016,32.0
272.0,-0.015,32.0,-0.016,32.0,-0.014,32.0,-0.014,32.0
272.5,-0.015,32.0,-0.015,32.0,-0.014,32.0,-0.014,32.0
273.0,-0.014,32.0,-0.014,32.0,-0.014,32.0,-0.013,32.0
273.5,-0.014,32.0,-0.015,32.0,-0.014,32.0,-0.012,32.0
274.0,-0.014,32.0,-0.014,32.0,-0.014,32.0,-0.012,32.0
274.5,-0.014,32.0,-0.015,32.0,-0.013,32.0,-0.014,32.0
275.0,-0.014,32.0,-0.015,32.0,-0.015,32.0,-0.017,32.0
275.5,-0.014,32.0,-0.014,32.0,-0.015,32.0,-0.016,32.0
276.0,-0.014,32.0,-0.015,32.0,-0.015,32.0,-0.013,32.0
276.5,-0.014,32.0,-0.014,32.0,-0.014,32.0,-0.014,32.0
277.0,-0.014,32.0,-0.015,32.0,-0.014,32.0,-0.013,32.0
277.5,-0.015,32.0,-0.015,32.0,-0.016,32.1,-0.015,32.0
278.0,-0.016,32.0,-0.016,32.0,-0.016,32.0,-0.013,32.0
278.5,-0.015,32.0,-0.015,32.0,-0.015,32.0,-0.015,32.0
279.0,-0.015,32.0,-0.014,32.0,-0.015,32.0,-0.015,32.0
279.5,-0.016,32.0,-0.015,32.0,-0.016,32.0,-0.015,32.0
280.0,-0.015,32.1,-0.014,32.1,-0.016,32.1,-0.015,32.0
280.5,-0.016,32.1,-0.016,32.1,-0.016,32.1,-0.017,32.1
281.0,-0.016,32.1,-0.015,32.1,-0.017,32.1,-0.016,32.1
281.5,-0.016,32.1,-0.015,32.1,-0.017,32.1,-0.015,32.1
282.0,-0.016,32.1,-0.013,32.1,-0.016,32.1,-0.015,32.1
282.5,-0.016,32.1,-0.016,32.1,-0.014,32.1,-0.016,32.1
283.0,-0.016,32.1,-0.016,32.1,-0.015,32.1,-0.015,32.1
283.5,-0.015,32.1,-0.016,32.1,-0.016,32.1,-0.014,32.1
284.0,-0.015,32.1,-0.015,32.1,-0.012,32.1,-0.016,32.1
284.5,-0.016,32.1,-0.015,32.1,-0.014,32.1,-0.015,32.1
285.0,-0.016,32.1,-0.014,32.1,-0.016,32.0,-0.015,32.1
285.5,-0.016,32.1,-0.015,32.1,-0.016,32.1,-0.016,32.1
286.0,-0.016,32.1,-0.016,32.1,-0.016,32.1,-0.016,32.1
286.5,-0.016,32.1,-0.016,32.1,-0.016,32.1,-0.016,32.1
287.0,-0.015,32.1,-0.017,32.1,-0.015,32.1,-0.017,32.1
287.5,-0.016,32.1,-0.016,32.1,-0.015,32.1,-0.016,32.1
288.0,-0.016,32.1,-0.016,32.1,-0.014,32.1,-0.015,32.1
288.5,-0.016,32.1,-0.015,32.1,-0.015,32.1,-0.014,32.1
289.0,-0.016,32.1,-0.017,32.1,-0.017,32.1,-0.015,32.2
289.5,-0.016,32.2,-0.016,32.1,-0.017,32.2,-0.017,32.2
290.0,-0.016,32.2,-0.016,32.2,-0.016,32.2,-0.018,32.2
290.5,-0.016,32.2,-0.016,32.2,-0.017,32.2,-0.016,32.2
291.0,-0.016,32.2,-0.016,32.2,-0.015,32.2,-0.017,32.2
291.5,-0.016,32.2,-0.016,32.2,-0.016,32.1,-0.016,32.2
292.0,-0.016,32.2,-0.016,32.2,-0.015,32.2,-0.017,32.2
292.5,-0.016,32.2,-0.015,32.2,-0.015,32.2,-0.014,32.2
293.0,-0.016,32.2,-0.015,32.2,-0.016,32.2,-0.013,32.2
293.5,-0.016,32.2,-0.016,32.2,-0.016,32.2,-0.017,32.2
294.0,-0.016,32.2,-0.016,32.2,-0.016,32.2,-0.017,32.2
294.5,-0.016,32.2,-0.016,32.2,-0.016,32.2,-0.016,32.2
295.0,-0.016,32.2,-0.016,32.2,-0.016,32.2,-0.014,32.2
295.5,-0.016,32.2,-0.017,32.1,-0.016,32.2,-0.014,32.2
296.0,-0.020,32.2,-0.021,32.2,-0.020,32.2,-0.019,32.2
296.5,-0.033,32.2,-0.032,32.2,-0.028,32.2,-0.030,32.2
297.0,-0.031,32.2,-0.031,32.2,-0.032,32.2,-0.033,32.2
297.5,-0.024,32.2,-0.025,32.2,-0.024,32.2,-0.025,32.2
298.0,-0.021,32.2,-0.020,32.2,-0.021,32.1,-0.022,32.2
298.5,-0.020,32.1,-0.021,32.2,-0.019,32.1,-0.022,32.2
299.0,-0.020,32.2,-0.019,32.2,-0.019,32.2,-0.021,32.2
299.5,-0.019,32.2,-0.019,32.2,-0.019,32.2,-0.021,32.2
300.0,-0.019,32.2,-0.020,32.2,-0.018,32.2,-0.019,32.2
300.5,-0.020,32.2,-0.020,32.2,-0.020,32.2,-0.019,32.2
301.0,-0.020,32.3,-0.020,32.3,-0.020,32.2,-0.019,32.3
301.5,-0.021,32.3,-0.022,32.2,-0.022,32.2,-0.018,32.3
302.0,-0.021,32.3,-0.021,32.3,-0.021,32.3,-0.021,32.3
302.5,-0.021,32.3,-0.021,32.3,-0.023,32.3,-0.021,32.3
303.0,-0.022,32.3,-0.021,32.3,-0.023,32.4,-0.022,32.3
303.5,-0.023,32.3,-0.022,32.3,-0.024,32.3,-0.022,32.3
304.0,-0.024,32.3,-0.024,32.3,-0.023,32.3,-0.025,32.3
304.5,-0.024,32.3,-0.023,32.3,-0.025,32.3,-0.023,32.3
305.0,-0.024,32.3,-0.022,32.3,-0.025,32.4,-0.023,32.3
305.5,-0.023,32.3,-0.023,32.3,-0.023,32.3,-0.024,32.3
306.0,-0.022,32.3,-0.022,32.3,-0.022,32.3,-0.023,32.3
306.5,-0.022,32.3,-0.021,32.3,-0.021,32.3,-0.022,32.3
307.0,-0.021,32.3,-0.021,32.3,-0.021,32.3,-0.021,32.3
307.5,-0.020,32.3,-0.019,32.3,-0.020,32.3,-0.020,32.3
308.0,-0.020,32.3,-0.020,32.3,-0.019,32.3,-0.020,32.3
308.5,-0.020,32.3,-0.021,32.3,-0.019,32.3,-0.020,32.3
309.0,-0.020,32.3,-0.020,32.3,-0.021,32.3,-0.020,32.3
309.5,-0.021,32.3,-0.021,32.3,-0.022,32.3,-0.021,32.4
310.0,-0.021,32.3,-0.021,32.3,-0.021,32.3,-0.022,32.3
310.5,-0.020,32.3,-0.020,32.3,-0.020,32.3,-0.021,32.3
311.0,-0.020,32.4,-0.020,32.3,-0.018,32.3,-0.020,32.4
311.5,-0.018,32.4,-0.019,32.4,-0.017,32.3,-0.020,32.4
312.0,-0.018,32.4,-0.018,32.4,-0.017,32.3,-0.017,32.3
312.5,-0.016,32.4,-0.014,32.4,-0.016,32.4,-0.017,32.4
313.0,-0.016,32.4,-0.016,32.4,-0.016,32.4,-0.016,32.3
313.5,-0.016,32.4,-0.015,32.4,-0.017,32.4,-0.014,32.4
314.0,-0.016,32.4,-0.016,32.4,-0.016,32.4,-0.017,32.4
314.5,-0.017,32.4,-0.016,32.4,-0.017,32.5,-0.016,32.4
315.0,-0.017,32.4,-0.019,32.4,-0.015,32.5,-0.016,32.4
315.5,-0.017,32.5,-0.017,32.5,-0.017,32.4,-0.017,32.4
316.0,-0.016,32.5,-0.017,32.5,-0.016,32.5,-0.018,32.4
316.5,-0.016,32.5,-0.016,32.5,-0.014,32.4,-0.017,32.5
317.0,-0.016,32.5,-0.015,32.5,-0.013,32.5,-0.015,32.4
317.5,-0.016,32.5,-0.016,32.5,-0.014,32.4,-0.016,32.4
318.0,-0.015,32.5,-0.015,32.5,-0.014,32.4,-0.016,32.4
318.5,-0.016,32.5,-0.016,32.5,-0.015,32.5,-0.015,32.4
319.0,-0.016,32.5,-0.015,32.5,-0.014,32.5,-0.015,32.4
319.5,-0.015,32.5,-0.014,32.5,-0.014,32.4,-0.015,32.5
320.0,-0.014,32.5,-0.015,32.5,-0.014,32.5,-0.016,32.5
320.5,-0.014,32.5,-0.014,32.5,-0.014,32.5,-0.016,32.5
321.0,-0.014,32.5,-0.014,32.5,-0.014,32.5,-0.014,32.4
321.5,-0.014,32.5,-0.013,32.5,-0.013,32.5,-0.013,32.5
322.0,-0.013,32.4,-0.013,32.4,-0.015,32.5,-0.014,32.4
322.5,-0.014,32.4,-0.014,32.4,-0.015,32.4,-0.013,32.4
323.0,-0.014,32.4,-0.013,32.4,-0.015,32.4,-0.013,32.4
323.5,-0.014,32.4,-0.014,32.4,-0.013,32.4,-0.013,32.4
324.0,-0.014,32.4,-0.013,32.4,-0.013,32.4,-0.013,32.4
324.5,-0.014,32.4,-0.014,32.4,-0.013,32.5,-0.014,32.4
325.0,-0.014,32.4,-0.014,32.4,-0.010,32.4,-0.015,32.4
325.5,-0.014,32.4,-0.014,32.4,-0.014,32.4,-0.014,32.4
326.0,-0.014,32.4,-0.014,32.4,-0.015,32.4,-0.016,32.4
326.5,-0.015,32.4,-0.014,32.4,-0.016,32.4,-0.015,32.4
327.0,-0.016,32.4,-0.015,32.4,-0.014,32.4,-0.015,32.4
327.5,-0.015,32.4,-0.014,32.4,-0.014,32.3,-0.016,32.4
328.0,-0.014,32.4,-0.013,32.4,-0.011,32.4,-0.015,32.4
328.5,-0.014,32.4,-0.012,32.4,-0.013,32.3,-0.013,32.3
329.0,-0.013,32.4,-0.013,32.4,-0.012,32.4,-0.014,32.3
329.5,-0.012,32.4,-0.010,32.4,-0.011,32.3,-0.013,32.4
330.0,-0.013,32.3,-0.010,32.3,-0.009,32.4,-0.012,32.3
330.5,-0.013,32.3,-0.014,32.3,-0.012,32.3,-0.009,32.3
331.0,-0.013,32.3,-0.014,32.3,-0.012,32.3,-0.011,32.3
331.5,-0.014,32.3,-0.014,32.3,-0.012,32.3,-0.014,32.3
332.0,-0.014,32.3,-0.015,32.3,-0.014,32.3,-0.014,32.3
332.5,-0.015,32.3,-0.015,32.3,-0.014,32.3,-0.016,32.3
333.0,-0.014,32.3,-0.013,32.3,-0.013,32.3,-0.017,32.3
333.5,-0.014,32.3,-0.015,32.3,-0.014,32.3,-0.012,32.3
334.0,-0.013,32.3,-0.013,32.3,-0.012,32.3,-0.014,32.3
334.5,-0.014,32.3,-0.014,32.3,-0.012,32.3,-0.013,32.3
335.0,-0.014,32.3,-0.013,32.3,-0.012,32.3,-0.014,32.3
335.5,-0.014,32.3,-0.015,32.3,-0.012,32.2,-0.015,32.2
336.0,-0.016,32.2,-0.015,32.2,-0.015,32.3,-0.016,32.2
336.5,-0.016,32.2,-0.016,32.3,-0.017,32.2,-0.013,32.3
337.0,-0.016,32.3,-0.015,32.2,-0.016,32.3,-0.014,32.3
337.5,-0.014,32.3,-0.013,32.2,-0.015,32.3,-0.014,32.3
338.0,-0.014,32.3,-0.014,32.2,-0.013,32.3,-0.013,32.3
338.5,-0.014,32.3,-0.014,32.3,-0.014,32.3,-0.014,32.3
339.0,-0.013,32.3,-0.012,32.3,-0.012,32.3,-0.013,32.3
339.5,-0.013,32.2,-0.013,32.3,-0.012,32.3,-0.014,32.3
340.0,-0.014,32.2,-0.014,32.3,-0.015,32.3,-0.014,32.2
340.5,-0.014,32.2,-0.012,32.2,-0.012,32.3,-0.014,32.2
341.0,-0.014,32.2,-0.013,32.2,-0.013,32.2,-0.014,32.2
341.5,-0.014,32.2,-0.014,32.2,-0.012,32.2,-0.013,32.2
342.0,-0.014,32.2,-0.014,32.2,-0.014,32.2,-0.013,32.2
342.5,-0.014,32.2,-0.014,32.2,-0.014,32.3,-0.015,32.2
343.0,-0.014,32.2,-0.013,32.2,-0.014,32.2,-0.014,32.2
343.5,-0.014,32.2,-0.011,32.2,-0.015,32.2,-0.015,32.2
344.0,-0.014,32.2,-0.013,32.2,-0.013,32.2,-0.015,32.2
344.5,-0.014,32.2,-0.013,32.2,-0.013,32.2,-0.016,32.2
345.0,-0.014,32.2,-0.014,32.2,-0.016,32.2,-0.013,32.2
345.5,-0.015,32.2,-0.013,32.2,-0.015,32.2,-0.012,32.2
346.0,-0.015,32.2,-0.015,32.2,-0.015,32.2,-0.012,32.2
346.5,-0.016,32.2,-0.016,32.2,-0.017,32.2,-0.014,32.2
347.0,-0.014,32.2,-0.014,32.2,-0.015,32.2,-0.015,32.2
347.5,-0.014,32.2,-0.013,32.2,-0.014,32.2,-0.013,32.2
348.0,-0.014,32.2,-0.014,32.2,-0.013,32.2,-0.013,32.2
348.5,-0.013,32.2,-0.013,32.2,-0.012,32.2,-0.012,32.2
349.0,-0.013,32.2,-0.013,32.2,-0.013,32.2,-0.013,32.2
349.5,-0.014,32.2,-0.013,32.2,-0.015,32.2,-0.014,32.2
350.0,-0.014,32.2,-0.014,32.2,-0.012,32.2,-0.013,32.2
350.5,-0.014,32.2,-0.014,32.2,-0.015,32.2,-0.014,32.2
351.0,-0.014,32.2,-0.013,32.2,-0.014,32.2,-0.014,32.2
351.5,-0.015,32.2,-0.014,32.2,-0.015,32.1,-0.014,32.2
352.0,-0.015,32.2,-0.013,32.2,-0.016,32.2,-0.016,32.2
352.5,-0.014,32.2,-0.014,32.2,-0.013,32.2,-0.015,32.2
353.0,-0.014,32.2,-0.014,32.2,-0.013,32.2,-0.015,32.2
353.5,-0.014,32.2,-0.014,32.2,-0.015,32.2,-0.014,32.2
354.0,-0.014,32.2,-0.015,32.2,-0.015,32.2,-0.015,32.2
354.5,-0.014,32.2,-0.015,32.2,-0.014,32.2,-0.013,32.1
355.0,-0.015,32.2,-0.014,32.2,-0.013,32.2,-0.015,32.2
355.5,-0.016,32.2,-0.015,32.2,-0.016,32.2,-0.015,32.2
356.0,-0.016,32.2,-0.015,32.2,-0.016,32.2,-0.014,32.2
356.5,-0.016,32.2,-0.016,32.2,-0.016,32.2,-0.014,32.2
357.0,-0.015,32.2,-0.014,32.2,-0.013,32.2,-0.012,32.2
357.5,-0.014,32.2,-0.013,32.2,-0.012,32.2,-0.012,32.2
358.0,-0.014,32.2,-0.014,32.2,-0.011,32.2,-0.013,32.2
358.5,-0.014,32.2,-0.014,32.2,-0.010,32.2,-0.015,32.2
359.0,-0.014,32.2,-0.013,32.2,-0.014,32.2,-0.014,32.2
359.5,-0.014,32.2,-0.014,32.2,-0.012,32.2,-0.015,32.2
360.0,-0.014,32.2,-0.015,32.2,-0.013,32.2,-0.016,32.2
360.5,-0.014,32.2,-0.014,32.2,-0.014,32.2,-0.015,32.2
361.0,-0.014,32.2,-0.013,32.2,-0.014,32.2,-0.014,32.2
361.5,-0.015,32.2,-0.014,32.1,-0.013,32.2,-0.015,32.2
362.0,-0.015,32.2,-0.015,32.2,-0.012,32.2,-0.015,32.1
362.5,-0.014,32.2,-0.015,32.2,-0.015,32.2,-0.013,32.2
363.0,-0.014,32.2,-0.015,32.1,-0.016,32.1,-0.013,32.2
363.5,-0.015,32.2,-0.014,32.2,-0.015,32.1,-0.013,32.2
364.0,-0.015,32.2,-0.014,32.2,-0.014,32.2,-0.014,32.2
364.5,-0.014,32.2,-0.014,32.2,-0.014,32.2,-0.016,32.2
365.0,-0.015,32.2,-0.014,32.2,-0.015,32.2,-0.015,32.2
365.5,-0.016,32.2,-0.015,32.2,-0.016,32.2,-0.014,32.2
366.0,-0.016,32.2,-0.015,32.2,-0.015,32.2,-0.016,32.2
366.5,-0.015,32.2,-0.014,32.2,-0.014,32.2,-0.013,32.2
367.0,-0.014,32.2,-0.014,32.2,-0.014,32.2,-0.012,32.2
367.5,-0.014,32.2,-0.013,32.2,-0.015,32.2,-0.013,32.2
368.0,-0.014,32.2,-0.013,32.2,-0.013,32.2,-0.014,32.2
368.5,-0.014,32.2,-0.014,32.2,-0.013,32.2,-0.014,32.2
369.0,-0.014,32.2,-0.014,32.2,-0.013,32.2,-0.013,32.2
369.5,-0.014,32.2,-0.014,32.2,-0.016,32.2,-0.015,32.2
370.0,-0.014,32.2,-0.013,32.2,-0.016,32.2,-0.014,32.2
370.5,-0.014,32.2,-0.013,32.2,-0.016,32.2,-0.014,32.1
371.0,-0.014,32.1,-0.015,32.1,-0.016,32.2,-0.016,32.1
371.5,-0.015,32.1,-0.013,32.1,-0.015,32.2,-0.014,32.1
372.0,-0.015,32.2,-0.014,32.2,-0.015,32.2,-0.015,32.2
372.5,-0.014,32.2,-0.015,32.2,-0.013,32.2,-0.014,32.2
373.0,-0.014,32.2,-0.015,32.2,-0.013,32.2,-0.016,32.2
373.5,-0.014,32.2,-0.014,32.2,-0.014,32.2,-0.015,32.2
374.0,-0.014,32.2,-0.014,32.2,-0.012,32.1,-0.014,32.1
374.5,-0.015,32.2,-0.014,32.2,-0.014,32.1,-0.014,32.2
375.0,-0.015,32.2,-0.015,32.2,-0.013,32.2,-0.013,32.1
375.5,-0.016,32.2,-0.015,32.2,-0.016,32.2,-0.014,32.2
376.0,-0.016,32.2,-0.016,32.2,-0.016,32.2,-0.012,32.2
376.5,-0.015,32.2,-0.016,32.2,-0.016,32.2,-0.017,32.2
377.0,-0.014,32.2,-0.015,32.2,-0.015,32.2,-0.013,32.2
377.5,-0.014,32.2,-0.014,32.2,-0.013,32.2,-0.013,32.2
378.0,-0.014,32.2,-0.013,32.2,-0.014,32.1,-0.013,32.2
378.5,-0.014,32.2,-0.015,32.2,-0.014,32.2,-0.013,32.2
379.0,-0.014,32.2,-0.013,32.2,-0.015,32.2,-0.014,32.2
379.5,-0.014,32.2,-0.014,32.2,-0.014,32.2,-0.015,32.2
380.0,-0.014,32.2,-0.013,32.2,-0.014,32.2,-0.014,32.2
380.5,-0.015,32.2,-0.016,32.2,-0.014,32.2,-0.013,32.2
381.0,-0.015,32.2,-0.015,32.2,-0.015,32.2,-0.011,32.2
381.5,-0.015,32.2,-0.015,32.2,-0.014,32.3,-0.014,32.2
382.0,-0.014,32.2,-0.015,32.2,-0.014,32.2,-0.015,32.2
382.5,-0.014,32.2,-0.014,32.2,-0.014,32.2,-0.015,32.1
383.0,-0.014,32.2,-0.013,32.2,-0.014,32.2,-0.014,32.2
383.5,-0.014,32.2,-0.014,32.2,-0.014,32.2,-0.012,32.2
384.0,-0.014,32.2,-0.014,32.2,-0.014,32.1,-0.012,32.2
384.5,-0.015,32.2,-0.015,32.2,-0.016,32.1,-0.012,32.2
385.0,-0.016,32.2,-0.015,32.2,-0.015,32.1,-0.016,32.2
385.5,-0.016,32.2,-0.016,32.2,-0.015,32.2,-0.016,32.2
386.0,-0.016,32.2,-0.016,32.2,-0.015,32.2,-0.015,32.2
386.5,-0.015,32.2,-0.016,32.2,-0.014,32.1,-0.014,32.2
387.0,-0.014,32.2,-0.015,32.2,-0.015,32.2,-0.014,32.2
387.5,-0.014,32.2,-0.013,32.2,-0.013,32.2,-0.014,32.2
388.0,-0.014,32.2,-0.013,32.2,-0.015,32.2,-0.014,32.2
388.5,-0.014,32.2,-0.013,32.2,-0.015,32.2,-0.015,32.2
389.0,-0.014,32.2,-0.013,32.2,-0.013,32.2,-0.012,32.2
389.5,-0.014,32.2,-0.014,32.2,-0.014,32.2,-0.014,32.2
390.0,-0.014,32.2,-0.015,32.2,-0.015,32.1,-0.015,32.2
390.5,-0.014,32.2,-0.015,32.2,-0.014,32.2,-0.014,32.1
391.0,-0.014,32.2,-0.013,32.2,-0.014,32.2,-0.013,32.2
391.5,-0.015,32.2,-0.015,32.2,-0.016,32.2,-0.015,32.2
392.0,-0.014,32.2,-0.015,32.2,-0.015,32.2,-0.016,32.2
392.5,-0.014,32.2,-0.015,32.2,-0.014,32.2,-0.016,32.2
393.0,-0.014,32.2,-0.015,32.2,-0.014,32.2,-0.016,32.2
393.5,-0.014,32.2,-0.015,32.2,-0.013,32.2,-0.012,32.2
394.0,-0.014,32.2,-0.016,32.2,-0.015,32.2,-0.014,32.2
394.5,-0.015,32.2,-0.015,32.2,-0.016,32.2,-0.016,32.2
395.0,-0.016,32.2,-0.017,32.2,-0.017,32.2,-0.016,32.2
395.5,-0.016,32.2,-0.016,32.2,-0.016,32.2,-0.016,32.2
396.0,-0.016,32.2,-0.016,32.2,-0.016,32.2,-0.016,32.2
396.5,-0.014,32.2,-0.013,32.2,-0.015,32.2,-0.014,32.2
397.0,-0.014,32.2,-0.013,32.2,-0.014,32.3,-0.013,32.2
397.5,-0.014,32.2,-0.015,32.2,-0.015,32.2,-0.016,32.2
398.0,-0.014,32.2,-0.015,32.2,-0.014,32.2,-0.015,32.2
398.5,-0.014,32.2,-0.015,32.3,-0.015,32.2,-0.015,32.2
399.0,-0.014,32.2,-0.013,32.2,-0.012,32.2,-0.014,32.2
399.5,-0.014,32.2,-0.014,32.2,-0.012,32.2,-0.013,32.2
400.0,-0.014,32.2,-0.014,32.2,-0.014,32.2,-0.014,32.2
400.5,-0.014,32.2,-0.015,32.2,-0.015,32.2,-0.014,32.2
401.0,-0.015,32.2,-0.014,32.2,-0.016,32.2,-0.015,32.2
401.5,-0.015,32.2,-0.015,32.2,-0.017,32.2,-0.016,32.2
402.0,-0.015,32.2,-0.015,32.2,-0.014,32.2,-0.016,32.2
402.5,-0.014,32.2,-0.015,32.2,-0.012,32.2,-0.014,32.2
403.0,-0.014,32.2,-0.015,32.2,-0.014,32.2,-0.013,32.2
403.5,-0.015,32.2,-0.015,32.2,-0.015,32.2,-0.015,32.2
404.0,-0.015,32.2,-0.015,32.2,-0.016,32.2,-0.015,32.2
404.5,-0.016,32.2,-0.016,32.2,-0.015,32.2,-0.017,32.2
405.0,-0.016,32.2,-0.016,32.2,-0.015,32.2,-0.017,32.2
405.5,-0.016,32.2,-0.015,32.2,-0.015,32.2,-0.016,32.3
406.0,-0.016,32.3,-0.015,32.2,-0.015,32.3,-0.016,32.3
406.5,-0.014,32.3,-0.014,32.2,-0.014,32.3,-0.016,32.3
407.0,-0.014,32.3,-0.013,32.2,-0.015,32.3,-0.014,32.3
407.5,-0.014,32.3,-0.014,32.2,-0.013,32.2,-0.015,32.3
408.0,-0.014,32.3,-0.012,32.2,-0.015,32.2,-0.015,32.3
408.5,-0.014,32.3,-0.013,32.2,-0.016,32.3,-0.013,32.2
409.0,-0.014,32.2,-0.013,32.2,-0.014,32.2,-0.013,32.2
409.5,-0.014,32.2,-0.011,32.3,-0.014,32.2,-0.014,32.2
410.0,-0.014,32.2,-0.014,32.2,-0.012,32.2,-0.016,32.2
410.5,-0.014,32.2,-0.014,32.2,-0.014,32.2,-0.015,32.2
411.0,-0.015,32.2,-0.015,32.2,-0.014,32.2,-0.015,32.2
411.5,-0.014,32.2,-0.013,32.2,-0.014,32.2,-0.014,32.2
412.0,-0.014,32.2,-0.014,32.2,-0.014,32.2,-0.014,32.2
412.5,-0.014,32.2,-0.014,32.2,-0.014,32.2,-0.014,32.2
413.0,-0.014,32.2,-0.015,32.2,-0.014,32.2,-0.015,32.2
413.5,-0.014,32.2,-0.014,32.2,-0.015,32.2,-0.015,32.2
414.0,-0.015,32.2,-0.016,32.2,-0.016,32.2,-0.014,32.2
414.5,-0.015,32.2,-0.015,32.2,-0.017,32.2,-0.012,32.2
415.0,-0.016,32.2,-0.015,32.2,-0.016,32.2,-0.015,32.2
415.5,-0.015,32.2,-0.015,32.2,-0.016,32.2,-0.015,32.2
416.0,-0.014,32.2,-0.013,32.2,-0.016,32.2,-0.014,32.2
416.5,-0.014,32.2,-0.015,32.3,-0.014,32.2,-0.014,32.2
417.0,-0.014,32.2,-0.015,32.3,-0.013,32.2,-0.014,32.2
417.5,-0.014,32.2,-0.014,32.3,-0.012,32.2,-0.012,32.2
418.0,-0.014,32.2,-0.014,32.2,-0.015,32.2,-0.014,32.3
418.5,-0.014,32.2,-0.014,32.2,-0.014,32.2,-0.014,32.2
419.0,-0.014,32.2,-0.013,32.2,-0.014,32.2,-0.013,32.2
419.5,-0.014,32.2,-0.015,32.2,-0.013,32.2,-0.016,32.2
420.0,-0.014,32.2,-0.015,32.2,-0.013,32.2,-0.014,32.2
420.5,-0.015,32.2,-0.014,32.3,-0.013,32.2,-0.014,32.2
421.0,-0.015,32.2,-0.016,32.2,-0.015,32.2,-0.016,32.2
421.5,-0.015,32.2,-0.015,32.2,-0.015,32.2,-0.016,32.2
422.0,-0.014,32.2,-0.013,32.3,-0.016,32.3,-0.016,32.2
422.5,-0.014,32.2,-0.015,32.2,-0.014,32.2,-0.015,32.2
423.0,-0.015,32.3,-0.015,32.3,-0.012,32.3,-0.015,32.3
423.5,-0.015,32.3,-0.016,32.3,-0.013,32.3,-0.015,32.2
424.0,-0.016,32.3,-0.015,32.3,-0.015,32.3,-0.014,32.3
424.5,-0.016,32.3,-0.015,32.2,-0.015,32.2,-0.014,32.3
425.0,-0.016,32.3,-0.015,32.3,-0.015,32.3,-0.016,32.2
425.5,-0.016,32.3,-0.017,32.3,-0.017,32.3,-0.016,32.3
426.0,-0.014,32.3,-0.014,32.3,-0.014,32.2,-0.016,32.3
426.5,-0.014,32.3,-0.014,32.3,-0.011,32.3,-0.015,32.3
427.0,-0.014,32.3,-0.012,32.3,-0.012,32.3,-0.012,32.3
427.5,-0.014,32.3,-0.014,32.3,-0.013,32.3,-0.011,32.2
428.0,-0.014,32.3,-0.015,32.3,-0.013,32.3,-0.014,32.3
428.5,-0.014,32.3,-0.014,32.3,-0.016,32.3,-0.014,32.3
429.0,-0.014,32.2,-0.015,32.2,-0.014,32.3,-0.014,32.2
429.5,-0.016,32.2,-0.015,32.2,-0.014,32.3,-0.015,32.2
430.0,-0.016,32.3,-0.016,32.3,-0.015,32.3,-0.015,32.2
430.5,-0.016,32.3,-0.016,32.3,-0.016,32.3,-0.015,32.3
431.0,-0.015,32.3,-0.015,32.3,-0.013,32.2,-0.015,32.3
431.5,-0.015,32.3,-0.014,32.3,-0.013,32.3,-0.015,32.3
432.0,-0.015,32.3,-0.013,32.3,-0.014,32.3,-0.015,32.3
432.5,-0.015,32.3,-0.015,32.3,-0.018,32.3,-0.016,32.3
433.0,-0.016,32.3,-0.015,32.3,-0.016,32.3,-0.014,32.3
433.5,-0.016,32.3,-0.016,32.3,-0.016,32.3,-0.016,32.3
434.0,-0.016,32.3,-0.016,32.3,-0.015,32.3,-0.018,32.3
434.5,-0.016,32.3,-0.015,32.3,-0.014,32.3,-0.015,32.4
435.0,-0.015,32.3,-0.014,32.3,-0.014,32.3,-0.015,32.3
435.5,-0.014,32.3,-0.015,32.3,-0.013,32.3,-0.016,32.3
436.0,-0.015,32.3,-0.014,32.3,-0.012,32.3,-0.014,32.3
436.5,-0.015,32.3,-0.015,32.3,-0.012,32.3,-0.012,32.3
437.0,-0.015,32.3,-0.015,32.3,-0.013,32.3,-0.014,32.3
437.5,-0.015,32.3,-0.015,32.3,-0.013,32.3,-0.016,32.3
438.0,-0.015,32.3,-0.015,32.3,-0.014,32.3,-0.015,32.3
438.5,-0.016,32.3,-0.015,32.3,-0.017,32.3,-0.016,32.3
439.0,-0.016,32.3,-0.015,32.4,-0.018,32.4,-0.016,32.3
439.5,-0.016,32.3,-0.017,32.3,-0.017,32.4,-0.017,32.3
440.0,-0.016,32.4,-0.016,32.3,-0.016,32.4,-0.018,32.4
440.5,-0.016,32.4,-0.017,32.4,-0.016,32.4,-0.017,32.4
441.0,-0.016,32.4,-0.017,32.4,-0.017,32.4,-0.014,32.4
441.5,-0.016,32.4,-0.017,32.4,-0.015,32.4,-0.018,32.4
442.0,-0.016,32.4,-0.016,32.4,-0.016,32.4,-0.015,32.4
442.5,-0.016,32.4,-0.016,32.4,-0.016,32.4,-0.016,32.4
443.0,-0.016,32.4,-0.016,32.4,-0.017,32.4,-0.017,32.4
443.5,-0.017,32.4,-0.016,32.4,-0.017,32.4,-0.016,32.4
444.0,-0.016,32.4,-0.016,32.4,-0.015,32.4,-0.016,32.4
444.5,-0.016,32.5,-0.017,32.5,-0.014,32.5,-0.016,32.4
445.0,-0.016,32.5,-0.016,32.5,-0.015,32.5,-0.016,32.5
445.5,-0.016,32.5,-0.016,32.5,-0.017,32.5,-0.016,32.5
446.0,-0.016,32.5,-0.016,32.5,-0.018,32.5,-0.016,32.5
446.5,-0.016,32.5,-0.016,32.4,-0.016,32.5,-0.017,32.5
447.0,-0.016,32.5,-0.016,32.5,-0.015,32.5,-0.016,32.5
447.5,-0.016,32.5,-0.016,32.5,-0.014,32.4,-0.016,32.5
448.0,-0.016,32.5,-0.013,32.5,-0.014,32.5,-0.016,32.5
448.5,-0.016,32.5,-0.016,32.5,-0.015,32.5,-0.018,32.5
449.0,-0.016,32.5,-0.017,32.5,-0.016,32.5,-0.018,32.5
449.5,-0.016,32.5,-0.016,32.5,-0.017,32.5,-0.018,32.5
450.0,-0.017,32.5,-0.017,32.5,-0.016,32.5,-0.018,32.5
450.5,-0.017,32.5,-0.017,32.5,-0.017,32.6,-0.017,32.5
451.0,-0.016,32.5,-0.014,32.5,-0.018,32.5,-0.017,32.5
451.5,-0.016,32.5,-0.017,32.6,-0.016,32.6,-0.017,32.6
452.0,-0.016,32.6,-0.016,32.6,-0.016,32.6,-0.015,32.6
452.5,-0.016,32.5,-0.016,32.5,-0.017,32.6,-0.015,32.5
453.0,-0.018,32.6,-0.017,32.6,-0.018,32.5,-0.017,32.5
453.5,-0.017,32.6,-0.017,32.6,-0.017,32.6,-0.017,32.6
454.0,-0.017,32.6,-0.016,32.6,-0.017,32.6,-0.016,32.6
454.5,-0.016,32.6,-0.016,32.6,-0.018,32.6,-0.016,32.6
455.0,-0.016,32.6,-0.017,32.6,-0.017,32.6,-0.017,32.6
455.5,-0.016,32.6,-0.017,32.6,-0.017,32.6,-0.018,32.6
456.0,-0.016,32.6,-0.017,32.6,-0.016,32.6,-0.016,32.6
456.5,-0.016,32.6,-0.016,32.6,-0.017,32.6,-0.017,32.6
457.0,-0.016,32.6,-0.017,32.6,-0.017,32.6,-0.017,32.7
457.5,-0.016,32.7,-0.017,32.7,-0.016,32.7,-0.014,32.7
458.0,-0.017,32.7,-0.016,32.7,-0.017,32.7,-0.016,32.6
458.5,-0.018,32.7,-0.018,32.7,-0.016,32.6,-0.016,32.7
459.0,-0.021,32.7,-0.021,32.7,-0.020,32.7,-0.018,32.7
459.5,-0.029,32.7,-0.028,32.7,-0.026,32.7,-0.025,32.6
460.0,-0.028,32.7,-0.028,32.7,-0.030,32.7,-0.028,32.7
460.5,-0.023,32.7,-0.023,32.7,-0.025,32.7,-0.023,32.7
461.0,-0.021,32.7,-0.021,32.7,-0.020,32.7,-0.020,32.7
461.5,-0.020,32.7,-0.020,32.7,-0.019,32.7,-0.020,32.7
462.0,-0.019,32.7,-0.019,32.7,-0.019,32.7,-0.017,32.7
462.5,-0.020,32.7,-0.020,32.7,-0.019,32.7,-0.019,32.7
463.0,-0.019,32.7,-0.020,32.7,-0.019,32.7,-0.019,32.7
463.5,-0.018,32.8,-0.019,32.8,-0.017,32.8,-0.019,32.8
464.0,-0.018,32.8,-0.018,32.8,-0.018,32.8,-0.020,32.8
464.5,-0.018,32.8,-0.017,32.8,-0.018,32.8,-0.018,32.9
465.0,-0.018,32.8,-0.019,32.8,-0.019,32.8,-0.019,32.8
465.5,-0.018,32.8,-0.019,32.8,-0.018,32.8,-0.019,32.8
466.0,-0.020,32.9,-0.021,32.8,-0.016,32.9,-0.019,32.9
466.5,-0.021,32.9,-0.021,32.9,-0.020,32.9,-0.020,32.9
467.0,-0.023,32.9,-0.023,32.9,-0.020,32.9,-0.023,32.9
467.5,-0.023,32.9,-0.023,32.9,-0.023,32.9,-0.023,32.9
468.0,-0.023,32.9,-0.023,32.9,-0.022,32.9,-0.023,32.9
468.5,-0.021,32.9,-0.022,32.9,-0.019,32.9,-0.020,32.9
469.0,-0.020,32.9,-0.022,32.9,-0.021,32.9,-0.020,32.9
469.5,-0.020,32.9,-0.021,32.9,-0.021,32.9,-0.019,32.9
470.0,-0.020,32.9,-0.020,32.9,-0.019,32.9,-0.018,32.9
470.5,-0.020,32.9,-0.020,32.9,-0.019,32.9,-0.019,32.9
471.0,-0.020,32.9,-0.020,32.9,-0.020,32.9,-0.019,32.9
471.5,-0.020,32.9,-0.021,32.9,-0.021,32.9,-0.021,32.9
472.0,-0.021,32.9,-0.020,32.9,-0.022,32.9,-0.021,32.9
472.5,-0.022,33.0,-0.021,33.0,-0.021,32.9,-0.021,32.9
473.0,-0.020,33.0,-0.020,33.0,-0.021,32.9,-0.018,33.0
473.5,-0.020,33.0,-0.020,33.0,-0.019,33.0,-0.020,33.0
474.0,-0.020,33.0,-0.020,33.0,-0.021,33.0,-0.018,33.0
474.5,-0.020,33.0,-0.020,33.0,-0.019,33.0,-0.021,33.0
475.0,-0.019,33.0,-0.018,33.0,-0.018,33.0,-0.019,33.0
475.5,-0.018,33.0,-0.018,33.0,-0.019,33.0,-0.019,33.0
476.0,-0.020,33.0,-0.018,33.0,-0.021,33.0,-0.020,33.0
476.5,-0.020,33.0,-0.018,33.0,-0.022,33.0,-0.020,33.0
477.0,-0.020,33.0,-0.018,33.0,-0.018,33.0,-0.018,33.0
477.5,-0.019,33.0,-0.018,33.0,-0.020,33.0,-0.018,33.1
478.0,-0.018,33.1,-0.018,33.1,-0.017,33.1,-0.019,33.1
478.5,-0.018,33.1,-0.018,33.0,-0.016,33.1,-0.017,33.1
479.0,-0.018,33.1,-0.019,33.1,-0.018,33.1,-0.016,33.1
479.5,-0.018,33.1,-0.017,33.1,-0.017,33.1,-0.016,33.1
480.0,-0.018,33.1,-0.016,33.1,-0.016,33.1,-0.017,33.1
480.5,-0.018,33.1,-0.017,33.0,-0.016,33.1,-0.016,33.1
481.0,-0.017,33.1,-0.016,33.1,-0.016,33.1,-0.018,33.1
481.5,-0.017,33.1,-0.018,33.1,-0.017,33.1,-0.017,33.1
482.0,-0.016,33.1,-0.017,33.1,-0.016,33.1,-0.016,33.1
482.5,-0.016,33.1,-0.015,33.1,-0.016,33.1,-0.016,33.1
483.0,-0.016,33.1,-0.016,33.1,-0.015,33.2,-0.016,33.1
483.5,-0.015,33.1,-0.015,33.1,-0.015,33.1,-0.014,33.2
484.0,-0.015,33.1,-0.016,33.1,-0.014,33.1,-0.016,33.2
484.5,-0.015,33.1,-0.015,33.1,-0.015,33.1,-0.015,33.2
485.0,-0.015,33.1,-0.016,33.1,-0.015,33.1,-0.015,33.1
485.5,-0.015,33.1,-0.016,33.1,-0.015,33.1,-0.016,33.1
486.0,-0.014,33.1,-0.015,33.1,-0.014,33.1,-0.016,33.1
486.5,-0.014,33.1,-0.016,33.1,-0.010,33.1,-0.014,33.1
487.0,-0.014,33.1,-0.013,33.1,-0.011,33.1,-0.014,33.1
487.5,-0.014,33.1,-0.014,33.1,-0.016,33.0,-0.015,33.1
488.0,-0.014,33.0,-0.014,33.0,-0.015,33.0,-0.013,33.1
488.5,-0.015,33.0,-0.014,33.0,-0.014,33.0,-0.013,33.1
489.0,-0.016,33.0,-0.014,33.0,-0.015,33.0,-0.016,33.1
489.5,-0.016,33.1,-0.016,33.1,-0.015,33.1,-0.014,33.0
490.0,-0.016,33.1,-0.015,33.0,-0.016,33.0,-0.016,33.1
490.5,-0.015,33.1,-0.015,33.1,-0.016,33.1,-0.017,33.1
491.0,-0.014,33.0,-0.014,33.1,-0.014,33.0,-0.016,33.1
491.5,-0.014,33.0,-0.014,33.0,-0.013,33.1,-0.013,33.0
492.0,-0.013,33.0,-0.013,33.0,-0.014,33.0,-0.013,33.0
492.5,-0.014,33.0,-0.014,33.0,-0.012,33.0,-0.014,33.0
493.0,-0.014,33.0,-0.012,33.0,-0.013,33.0,-0.014,33.0
493.5,-0.014,33.0,-0.012,32.9,-0.016,33.0,-0.014,33.0
494.0,-0.014,33.0,-0.013,33.0,-0.015,33.0,-0.014,33.0
494.5,-0.015,32.9,-0.015,32.9,-0.014,32.9,-0.015,32.9
495.0,-0.016,32.9,-0.016,32.9,-0.015,33.0,-0.015,32.9
495.5,-0.015,32.9,-0.015,32.9,-0.013,33.0,-0.013,32.9
496.0,-0.014,32.9,-0.015,32.9,-0.014,32.9,-0.015,32.9
496.5,-0.014,32.9,-0.015,32.9,-0.014,32.9,-0.015,32.9
497.0,-0.014,32.9,-0.014,32.9,-0.014,32.9,-0.014,32.9
497.5,-0.015,32.9,-0.015,32.9,-0.016,32.9,-0.015,32.9
498.0,-0.016,32.9,-0.015,32.9,-0.016,32.9,-0.016,32.9
498.5,-0.016,32.9,-0.017,32.9,-0.013,32.9,-0.016,32.9
499.0,-0.016,32.9,-0.017,32.9,-0.014,32.9,-0.017,32.9
499.5,-0.016,32.9,-0.016,32.9,-0.016,32.9,-0.017,33.0
500.0,-0.015,33.0,-0.015,33.0,-0.016,32.9,-0.014,33.0
500.5,-0.014,33.0,-0.015,33.0,-0.012,33.0,-0.014,33.0
501.0,-0.015,33.0,-0.013,33.0,-0.011,33.0,-0.015,33.0
501.5,-0.014,32.9,-0.014,33.0,-0.012,33.0,-0.014,32.9
502.0,-0.015,33.0,-0.014,32.9,-0.013,32.9,-0.014,33.0
502.5,-0.014,33.0,-0.014,33.0,-0.013,33.0,-0.012,33.0
503.0,-0.014,32.9,-0.014,32.9,-0.016,32.9,-0.014,32.9
503.5,-0.015,32.9,-0.014,32.9,-0.016,32.9,-0.014,32.9
504.0,-0.016,32.9,-0.016,32.9,-0.013,32.9,-0.015,33.0
504.5,-0.016,32.9,-0.016,32.9,-0.013,32.9,-0.017,32.9
505.0,-0.015,32.9,-0.014,32.9,-0.015,32.9,-0.017,33.0
505.5,-0.014,32.9,-0.013,32.9,-0.016,32.9,-0.014,32.9
506.0,-0.015,32.9,-0.015,32.9,-0.015,33.0,-0.015,33.0
506.5,-0.014,32.9,-0.015,32.9,-0.014,32.9,-0.013,32.9
507.0,-0.015,32.9,-0.015,32.9,-0.014,32.9,-0.014,32.9
507.5,-0.015,32.9,-0.015,32.9,-0.014,32.9,-0.016,32.9
508.0,-0.016,32.9,-0.016,32.9,-0.014,32.9,-0.016,32.9
508.5,-0.016,32.9,-0.016,32.9,-0.015,32.9,-0.015,32.9
509.0,-0.016,32.9,-0.015,33.0,-0.017,32.9,-0.015,32.9
509.5,-0.016,32.9,-0.015,32.9,-0.018,32.9,-0.016,32.9
510.0,-0.015,33.0,-0.014,33.0,-0.012,32.9,-0.015,32.9
510.5,-0.014,32.9,-0.013,32.9,-0.011,33.0,-0.014,32.9
511.0,-0.014,33.0,-0.014,33.0,-0.013,33.0,-0.015,32.9
511.5,-0.014,33.0,-0.015,33.0,-0.014,33.0,-0.016,32.9
512.0,-0.014,32.9,-0.014,32.9,-0.014,32.9,-0.015,32.9
512.5,-0.014,32.9,-0.014,32.9,-0.013,32.9,-0.015,32.9
513.0,-0.015,32.9,-0.014,32.9,-0.014,32.9,-0.014,32.9
513.5,-0.015,32.9,-0.014,32.9,-0.014,32.9,-0.014,32.9
514.0,-0.016,32.9,-0.015,32.9,-0.015,32.9,-0.014,32.9
514.5,-0.015,32.9,-0.015,32.9,-0.015,32.9,-0.014,32.9
515.0,-0.015,32.9,-0.014,32.9,-0.014,32.9,-0.015,32.9
515.5,-0.015,32.9,-0.015,32.9,-0.014,32.9,-0.015,32.9
516.0,-0.015,32.9,-0.013,32.9,-0.013,32.9,-0.016,32.9
516.5,-0.015,32.9,-0.014,32.9,-0.013,33.0,-0.015,32.9
517.0,-0.015,32.9,-0.015,32.9,-0.015,32.9,-0.016,32.9
517.5,-0.016,32.9,-0.016,32.9,-0.016,32.9,-0.017,32.9
518.0,-0.016,32.9,-0.017,32.9,-0.017,32.9,-0.016,32.9
518.5,-0.016,32.9,-0.016,32.9,-0.015,32.9,-0.016,32.9
519.0,-0.016,32.9,-0.016,32.9,-0.015,32.9,-0.016,32.9
519.5,-0.015,32.9,-0.016,32.9,-0.016,32.9,-0.017,32.9
520.0,-0.014,33.0,-0.014,32.9,-0.015,32.9,-0.015,33.0
520.5,-0.014,33.0,-0.013,33.0,-0.008,33.0,-0.014,33.0
521.0,-0.014,32.9,-0.014,33.0,-0.012,32.9,-0.014,33.0
521.5,-0.014,32.9,-0.015,32.9,-0.015,33.0,-0.014,32.9
522.0,-0.015,33.0,-0.014,32.9,-0.016,33.0,-0.014,33.0
522.5,-0.014,32.9,-0.015,32.9,-0.014,33.0,-0.015,32.9
523.0,-0.016,32.9,-0.016,32.9,-0.015,33.0,-0.016,32.9
523.5,-0.016,32.9,-0.016,32.9,-0.014,32.9,-0.015,32.9
524.0,-0.016,32.9,-0.015,32.9,-0.014,32.8,-0.015,32.9
524.5,-0.016,32.9,-0.014,32.9,-0.016,32.9,-0.016,32.9
525.0,-0.016,32.9,-0.015,33.0,-0.016,33.0,-0.014,33.0
525.5,-0.015,32.9,-0.014,32.9,-0.015,32.9,-0.012,32.9
526.0,-0.015,32.9,-0.014,32.9,-0.014,32.9,-0.012,32.9
526.5,-0.015,32.9,-0.015,32.9,-0.016,32.9,-0.015,32.9
527.0,-0.015,32.9,-0.015,32.9,-0.016,32.9,-0.016,32.9
527.5,-0.016,32.9,-0.016,33.0,-0.016,33.0,-0.015,32.9
528.0,-0.016,32.9,-0.016,32.9,-0.015,33.0,-0.016,32.9
528.5,-0.016,32.9,-0.016,32.9,-0.016,32.9,-0.016,32.9
529.0,-0.016,33.0,-0.013,33.0,-0.017,33.0,-0.015,33.0
529.5,-0.015,33.0,-0.016,33.0,-0.014,33.0,-0.015,33.0
530.0,-0.015,33.0,-0.015,33.0,-0.015,32.9,-0.016,33.0
530.5,-0.015,32.9,-0.015,32.9,-0.016,33.0,-0.012,32.9
531.0,-0.014,33.0,-0.014,33.0,-0.014,33.0,-0.012,33.0
531.5,-0.014,33.0,-0.013,33.0,-0.013,33.0,-0.010,32.9
532.0,-0.014,32.9,-0.014,32.9,-0.013,32.9,-0.012,32.9
532.5,-0.014,32.9,-0.015,33.0,-0.015,32.9,-0.014,32.9
533.0,-0.015,32.9,-0.015,32.9,-0.016,32.9,-0.016,32.9
533.5,-0.015,32.9,-0.016,32.9,-0.014,32.9,-0.016,32.9
534.0,-0.016,32.9,-0.015,32.9,-0.014,32.9,-0.016,32.9
534.5,-0.016,32.9,-0.014,32.9,-0.016,32.9,-0.015,32.9
535.0,-0.015,32.9,-0.014,32.9,-0.017,32.9,-0.015,33.0
535.5,-0.014,32.9,-0.015,32.9,-0.017,32.9,-0.012,32.9
536.0,-0.015,32.9,-0.014,32.9,-0.014,32.9,-0.014,32.9
536.5,-0.015,32.9,-0.015,32.9,-0.017,33.0,-0.016,32.9
537.0,-0.016,32.9,-0.015,32.9,-0.016,33.0,-0.015,33.0
537.5,-0.016,32.9,-0.016,32.9,-0.014,32.9,-0.015,32.9
538.0,-0.016,32.9,-0.015,33.0,-0.015,32.9,-0.017,33.0
538.5,-0.016,33.0,-0.017,33.0,-0.016,32.9,-0.018,33.0
539.0,-0.016,33.0,-0.016,33.0,-0.017,33.0,-0.016,33.0
539.5,-0.016,33.0,-0.015,33.0,-0.015,33.0,-0.012,32.9
540.0,-0.014,33.0,-0.014,33.0,-0.016,33.0,-0.013,33.0
540.5,-0.014,33.0,-0.013,33.0,-0.012,32.9,-0.015,33.0
541.0,-0.014,33.0,-0.014,33.0,-0.013,33.0,-0.015,33.0
541.5,-0.014,33.0,-0.014,32.9,-0.016,32.9,-0.012,33.0
542.0,-0.014,33.0,-0.014,33.0,-0.016,32.9,-0.014,33.0
542.5,-0.014,33.0,-0.013,33.0,-0.016,33.0,-0.014,33.0
543.0,-0.015,32.9,-0.013,33.0,-0.015,32.9,-0.016,32.9
543.5,-0.016,33.0,-0.016,32.9,-0.014,33.0,-0.017,32.9
544.0,-0.016,32.9,-0.016,32.9,-0.016,32.9,-0.017,32.9
544.5,-0.016,32.9,-0.016,32.9,-0.016,32.9,-0.016,33.0
545.0,-0.015,33.0,-0.015,33.0,-0.012,32.9,-0.014,33.0
545.5,-0.015,33.0,-0.015,32.9,-0.012,32.9,-0.014,33.0
546.0,-0.015,32.9,-0.015,32.9,-0.016,33.0,-0.015,32.9
546.5,-0.016,33.0,-0.016,33.0,-0.015,33.0,-0.015,33.0
547.0,-0.016,33.0,-0.016,33.0,-0.017,33.0,-0.017,33.0
547.5,-0.016,33.0,-0.016,33.0,-0.015,32.9,-0.016,33.0
548.0,-0.016,33.0,-0.016,33.0,-0.016,33.0,-0.016,33.0
548.5,-0.016,33.0,-0.016,33.0,-0.015,33.0,-0.016,33.0
549.0,-0.016,33.0,-0.015,33.0,-0.018,33.0,-0.015,33.0
549.5,-0.015,33.0,-0.015,33.0,-0.017,33.0,-0.016,33.0
550.0,-0.014,33.0,-0.014,33.0,-0.016,33.0,-0.015,33.0
550.5,-0.014,33.0,-0.014,33.0,-0.016,33.0,-0.014,33.0
551.0,-0.014,33.0,-0.014,33.0,-0.015,33.0,-0.012,33.0
551.5,-0.014,33.0,-0.015,33.0,-0.013,33.0,-0.015,33.0
552.0,-0.014,33.0,-0.013,33.0,-0.013,33.0,-0.015,33.0
552.5,-0.015,33.0,-0.013,33.0,-0.016,32.9,-0.015,33.0
553.0,-0.016,33.0,-0.014,33.0,-0.016,33.0,-0.016,33.0
553.5,-0.016,33.0,-0.015,33.0,-0.016,33.0,-0.015,33.0
554.0,-0.016,33.0,-0.015,33.0,-0.016,33.0,-0.013,33.0
554.5,-0.015,33.0,-0.015,33.0,-0.015,33.0,-0.015,32.9
555.0,-0.015,33.0,-0.016,33.0,-0.016,33.0,-0.015,32.9
555.5,-0.015,33.0,-0.015,33.0,-0.015,33.0,-0.014,33.0
556.0,-0.016,33.0,-0.016,33.0,-0.015,33.0,-0.014,33.0
556.5,-0.016,33.0,-0.015,33.0,-0.016,33.0,-0.014,33.0
557.0,-0.016,33.0,-0.015,33.0,-0.017,33.0,-0.016,33.0
557.5,-0.016,33.0,-0.016,33.0,-0.014,33.0,-0.017,33.0
558.0,-0.016,33.0,-0.016,33.0,-0.014,33.0,-0.016,33.0
558.5,-0.016,33.0,-0.016,33.0,-0.016,33.0,-0.016,33.0
559.0,-0.016,33.0,-0.016,33.0,-0.015,33.0,-0.015,33.0
559.5,-0.015,33.0,-0.014,33.0,-0.015,33.0,-0.014,33.0
560.0,-0.015,33.0,-0.014,33.0,-0.016,33.0,-0.015,33.0
560.5,-0.014,33.0,-0.014,33.0,-0.017,33.0,-0.015,33.1
561.0,-0.014,33.0,-0.016,33.0,-0.016,33.0,-0.015,33.0
561.5,-0.014,33.0,-0.014,33.0,-0.016,33.0,-0.016,33.0
562.0,-0.014,33.0,-0.015,33.0,-0.016,33.0,-0.015,33.0
562.5,-0.015,33.0,-0.016,33.0,-0.016,33.0,-0.014,33.0
563.0,-0.015,33.0,-0.016,33.0,-0.016,33.0,-0.012,33.0
563.5,-0.016,33.0,-0.015,33.0,-0.015,33.0,-0.014,33.0
564.0,-0.015,33.0,-0.015,33.0,-0.015,33.0,-0.016,33.0
564.5,-0.015,33.0,-0.015,33.1,-0.015,33.0,-0.012,33.0
565.0,-0.015,33.0,-0.014,33.0,-0.014,33.0,-0.015,33.0
565.5,-0.015,33.0,-0.015,33.0,-0.016,33.0,-0.016,33.0
566.0,-0.016,33.0,-0.016,33.0,-0.016,33.0,-0.015,33.0
566.5,-0.016,33.0,-0.016,33.0,-0.014,33.0,-0.016,33.0
567.0,-0.016,33.0,-0.015,33.0,-0.015,33.0,-0.015,33.0
567.5,-0.016,33.0,-0.016,33.0,-0.015,33.0,-0.016,33.0
568.0,-0.016,33.1,-0.015,33.1,-0.014,33.0,-0.016,33.0
568.5,-0.016,33.0,-0.016,33.1,-0.015,33.0,-0.016,33.0
569.0,-0.015,33.0,-0.014,33.1,-0.014,33.1,-0.015,33.1
569.5,-0.015,33.1,-0.013,33.1,-0.015,33.1,-0.015,33.0
570.0,-0.014,33.0,-0.013,33.1,-0.016,33.1,-0.014,33.0
570.5,-0.014,33.1,-0.014,33.1,-0.016,33.1,-0.014,33.1
571.0,-0.015,33.1,-0.014,33.0,-0.014,33.1,-0.012,33.0
571.5,-0.014,33.0,-0.015,33.0,-0.012,33.1,-0.015,33.1
572.0,-0.015,33.0,-0.015,33.0,-0.016,33.1,-0.016,33.0
572.5,-0.014,33.0,-0.014,33.0,-0.014,33.0,-0.016,33.1
573.0,-0.014,33.0,-0.015,33.0,-0.008,33.0,-0.014,33.0
573.5,-0.015,33.0,-0.015,33.1,-0.012,33.0,-0.015,33.0
574.0,-0.014,33.0,-0.015,33.0,-0.013,33.0,-0.016,33.0
574.5,-0.015,33.0,-0.015,33.0,-0.015,33.1,-0.015,33.0
575.0,-0.015,33.0,-0.016,33.0,-0.015,33.0,-0.013,33.0
575.5,-0.015,33.0,-0.015,33.0,-0.014,33.0,-0.014,33.0
576.0,-0.015,33.0,-0.015,33.0,-0.014,33.0,-0.016,33.0
576.5,-0.015,33.1,-0.015,33.0,-0.016,33.1,-0.015,33.0
577.0,-0.016,33.0,-0.016,33.0,-0.016,33.0,-0.014,33.1
577.5,-0.015,33.0,-0.015,33.0,-0.016,33.1,-0.014,33.0
578.0,-0.015,33.0,-0.014,33.0,-0.014,33.0,-0.012,33.0
578.5,-0.014,33.1,-0.014,33.0,-0.014,33.1,-0.013,33.0
579.0,-0.014,33.1,-0.014,33.1,-0.014,33.1,-0.012,33.0
579.5,-0.015,33.0,-0.014,33.0,-0.015,33.1,-0.015,33.0
580.0,-0.015,33.0,-0.015,33.0,-0.015,33.0,-0.015,33.0
580.5,-0.016,33.0,-0.014,33.1,-0.012,33.0,-0.017,33.0
581.0,-0.015,33.0,-0.013,33.0,-0.015,33.0,-0.016,33.0
581.5,-0.015,33.0,-0.013,33.1,-0.015,33.0,-0.016,33.0
582.0,-0.015,33.0,-0.015,33.0,-0.015,33.0,-0.015,33.0
582.5,-0.016,33.0,-0.014,33.0,-0.015,33.0,-0.014,33.0
583.0,-0.016,33.0,-0.015,33.0,-0.012,33.1,-0.014,33.0
583.5,-0.016,33.0,-0.015,33.0,-0.015,33.0,-0.014,33.0
584.0,-0.016,33.0,-0.015,33.0,-0.016,33.0,-0.016,33.1
584.5,-0.016,33.0,-0.015,33.1,-0.018,33.0,-0.016,33.1
585.0,-0.016,33.0,-0.012,33.1,-0.016,33.0,-0.016,33.0
585.5,-0.016,33.0,-0.016,33.0,-0.016,33.0,-0.018,33.0
586.0,-0.016,33.1,-0.017,33.1,-0.014,33.0,-0.016,33.1
586.5,-0.016,33.1,-0.016,33.1,-0.015,33.0,-0.016,33.1
587.0,-0.015,33.0,-0.014,33.1,-0.016,33.1,-0.014,33.0
587.5,-0.014,33.1,-0.014,33.1,-0.015,33.1,-0.012,33.1
588.0,-0.014,33.1,-0.014,33.0,-0.014,33.1,-0.008,33.1
588.5,-0.014,33.1,-0.015,33.1,-0.015,33.1,-0.012,33.0
589.0,-0.015,33.1,-0.014,33.1,-0.015,33.1,-0.014,33.1
589.5,-0.014,33.1,-0.015,33.1,-0.015,33.1,-0.014,33.1
590.0,-0.015,33.1,-0.017,33.0,-0.016,33.1,-0.015,33.1
590.5,-0.014,33.1,-0.016,33.1,-0.015,33.1,-0.014,33.0
591.0,-0.014,33.1,-0.015,33.0,-0.014,33.1,-0.013,33.1
591.5,-0.015,33.0,-0.015,33.0,-0.015,33.1,-0.015,33.1
592.0,-0.014,33.0,-0.015,33.1,-0.016,33.1,-0.015,33.0
592.5,-0.015,33.1,-0.014,33.1,-0.017,33.1,-0.016,33.1
593.0,-0.016,33.0,-0.015,33.1,-0.015,33.0,-0.016,33.0
593.5,-0.016,33.1,-0.014,33.1,-0.015,33.0,-0.016,33.0
594.0,-0.016,33.0,-0.014,33.1,-0.015,33.1,-0.015,33.0
594.5,-0.016,33.1,-0.016,33.1,-0.015,33.1,-0.016,33.1
595.0,-0.016,33.1,-0.016,33.1,-0.015,33.1,-0.015,33.1
595.5,-0.016,33.1,-0.013,33.1,-0.018,33.1,-0.015,33.1
596.0,-0.016,33.1,-0.015,33.1,-0.020,33.1,-0.017,33.1
596.5,-0.016,33.1,-0.017,33.1,-0.018,33.1,-0.017,33.1
597.0,-0.016,33.1,-0.017,33.1,-0.017,33.1,-0.016,33.1
597.5,-0.016,33.1,-0.016,33.1,-0.016,33.1,-0.016,33.1
598.0,-0.016,33.1,-0.015,33.2,-0.017,33.1,-0.017,33.2
598.5,-0.016,33.1,-0.015,33.1,-0.017,33.1,-0.017,33.1
599.0,-0.016,33.1,-0.015,33.1,-0.015,33.1,-0.016,33.2
599.5,-0.016,33.1,-0.016,33.1,-0.017,33.1,-0.014,33.2
600.0,-0.016,33.2,-0.016,33.2,-0.014,33.1,-0.016,33.2
600.5,-0.016,33.2,-0.015,33.2,-0.014,33.1,-0.018,33.2
601.0,-0.016,33.2,-0.015,33.2,-0.018,33.2,-0.016,33.2
601.5,-0.016,33.2,-0.015,33.2,-0.018,33.2,-0.016,33.1
602.0,-0.016,33.2,-0.018,33.2,-0.018,33.2,-0.016,33.1
602.5,-0.016,33.2,-0.017,33.2,-0.016,33.1,-0.016,33.2
603.0,-0.016,33.2,-0.016,33.2,-0.016,33.2,-0.016,33.2
603.5,-0.016,33.2,-0.016,33.2,-0.017,33.2,-0.016,33.2
604.0,-0.016,33.2,-0.017,33.2,-0.017,33.2,-0.015,33.2
604.5,-0.016,33.2,-0.015,33.2,-0.016,33.2,-0.017,33.2
605.0,-0.016,33.2,-0.016,33.3,-0.014,33.2,-0.016,33.2
605.5,-0.016,33.2,-0.016,33.2,-0.016,33.2,-0.016,33.2
606.0,-0.016,33.3,-0.015,33.3,-0.018,33.3,-0.015,33.2
606.5,-0.017,33.3,-0.017,33.3,-0.017,33.3,-0.017,33.3
607.0,-0.017,33.3,-0.016,33.3,-0.014,33.2,-0.017,33.3
607.5,-0.016,33.3,-0.016,33.3,-0.016,33.3,-0.019,33.3
608.0,-0.016,33.3,-0.016,33.3,-0.016,33.3,-0.018,33.3
608.5,-0.016,33.3,-0.017,33.3,-0.018,33.3,-0.017,33.3
609.0,-0.016,33.3,-0.014,33.3,-0.017,33.3,-0.016,33.3
609.5,-0.016,33.3,-0.015,33.3,-0.016,33.3,-0.016,33.3
610.0,-0.016,33.3,-0.017,33.3,-0.015,33.2,-0.015,33.3
610.5,-0.016,33.3,-0.016,33.3,-0.017,33.4,-0.014,33.3
611.0,-0.018,33.3,-0.017,33.3,-0.017,33.4,-0.016,33.3
611.5,-0.018,33.3,-0.017,33.3,-0.018,33.3,-0.016,33.3
612.0,-0.018,33.3,-0.017,33.4,-0.018,33.3,-0.018,33.4
612.5,-0.018,33.4,-0.017,33.4,-0.018,33.3,-0.016,33.4
613.0,-0.017,33.4,-0.016,33.4,-0.015,33.4,-0.016,33.4
613.5,-0.016,33.4,-0.016,33.4,-0.017,33.3,-0.016,33.4
614.0,-0.017,33.4,-0.016,33.4,-0.016,33.4,-0.016,33.3
614.5,-0.017,33.4,-0.017,33.4,-0.017,33.4,-0.017,33.4
615.0,-0.017,33.4,-0.018,33.4,-0.017,33.4,-0.017,33.4
615.5,-0.017,33.4,-0.019,33.4,-0.017,33.4,-0.018,33.4
616.0,-0.018,33.4,-0.017,33.4,-0.016,33.4,-0.018,33.4
616.5,-0.017,33.4,-0.017,33.4,-0.018,33.4,-0.017,33.4
617.0,-0.017,33.4,-0.015,33.4,-0.017,33.4,-0.017,33.4
617.5,-0.016,33.4,-0.016,33.5,-0.017,33.4,-0.016,33.4
618.0,-0.016,33.4,-0.015,33.4,-0.013,33.4,-0.014,33.5
618.5,-0.016,33.5,-0.017,33.5,-0.014,33.4,-0.018,33.4
619.0,-0.017,33.5,-0.016,33.5,-0.014,33.4,-0.018,33.4
619.5,-0.016,33.5,-0.015,33.5,-0.017,33.5,-0.018,33.4
620.0,-0.018,33.5,-0.017,33.5,-0.017,33.5,-0.018,33.5
620.5,-0.018,33.5,-0.019,33.5,-0.016,33.5,-0.017,33.5
621.0,-0.022,33.5,-0.021,33.5,-0.021,33.5,-0.021,33.5
621.5,-0.029,33.5,-0.028,33.5,-0.029,33.5,-0.028,33.5
622.0,-0.027,33.5,-0.027,33.5,-0.028,33.5,-0.027,33.5
622.5,-0.022,33.5,-0.022,33.5,-0.021,33.5,-0.024,33.5
623.0,-0.021,33.5,-0.021,33.5,-0.020,33.5,-0.022,33.5
623.5,-0.020,33.5,-0.020,33.5,-0.021,33.5,-0.019,33.5
624.0,-0.020,33.5,-0.020,33.5,-0.022,33.5,-0.019,33.5
624.5,-0.020,33.5,-0.021,33.5,-0.019,33.5,-0.019,33.5
625.0,-0.020,33.6,-0.021,33.6,-0.020,33.6,-0.019,33.6
625.5,-0.020,33.6,-0.019,33.6,-0.020,33.5,-0.020,33.6
626.0,-0.020,33.6,-0.020,33.6,-0.020,33.5,-0.020,33.6
626.5,-0.020,33.6,-0.020,33.6,-0.020,33.6,-0.020,33.6
627.0,-0.020,33.6,-0.020,33.6,-0.021,33.6,-0.020,33.6
627.5,-0.020,33.6,-0.019,33.6,-0.020,33.6,-0.020,33.6
628.0,-0.021,33.6,-0.020,33.6,-0.020,33.6,-0.021,33.7
628.5,-0.020,33.7,-0.020,33.7,-0.020,33.7,-0.021,33.7
629.0,-0.021,33.7,-0.021,33.6,-0.020,33.6,-0.021,33.6
629.5,-0.023,33.7,-0.022,33.7,-0.023,33.6,-0.023,33.7
630.0,-0.022,33.7,-0.022,33.7,-0.021,33.7,-0.023,33.6
630.5,-0.022,33.7,-0.022,33.7,-0.023,33.7,-0.022,33.7
631.0,-0.020,33.7,-0.021,33.7,-0.021,33.7,-0.020,33.7
631.5,-0.020,33.7,-0.020,33.7,-0.020,33.7,-0.020,33.7
632.0,-0.020,33.7,-0.021,33.7,-0.019,33.7,-0.020,33.7
632.5,-0.020,33.7,-0.020,33.7,-0.018,33.7,-0.019,33.7
633.0,-0.020,33.7,-0.020,33.7,-0.018,33.7,-0.019,33.7
633.5,-0.020,33.7,-0.019,33.7,-0.019,33.7,-0.019,33.7
634.0,-0.020,33.7,-0.019,33.7,-0.019,33.7,-0.018,33.8
634.5,-0.020,33.8,-0.019,33.8,-0.021,33.8,-0.019,33.7
635.0,-0.020,33.8,-0.021,33.8,-0.019,33.8,-0.018,33.7
635.5,-0.020,33.8,-0.021,33.8,-0.019,33.8,-0.019,33.8
636.0,-0.020,33.8,-0.020,33.8,-0.022,33.8,-0.020,33.8
636.5,-0.020,33.8,-0.020,33.8,-0.020,33.8,-0.020,33.8
637.0,-0.020,33.8,-0.019,33.8,-0.020,33.8,-0.017,33.8
637.5,-0.019,33.8,-0.019,33.8,-0.019,33.8,-0.018,33.8
638.0,-0.018,33.8,-0.018,33.8,-0.018,33.8,-0.018,33.8
638.5,-0.020,33.8,-0.019,33.9,-0.019,33.8,-0.019,33.8
639.0,-0.020,33.8,-0.020,33.9,-0.019,33.8,-0.020,33.9
639.5,-0.020,33.8,-0.019,33.8,-0.018,33.8,-0.020,33.8
640.0,-0.020,33.9,-0.019,33.9,-0.019,33.8,-0.020,33.9
640.5,-0.020,33.9,-0.019,33.9,-0.018,33.9,-0.021,33.9
641.0,-0.019,33.9,-0.019,33.9,-0.020,33.9,-0.020,33.8
641.5,-0.018,33.9,-0.017,33.9,-0.017,33.9,-0.017,33.9
642.0,-0.018,33.9,-0.018,33.9,-0.019,33.9,-0.017,33.9
642.5,-0.016,33.9,-0.016,33.9,-0.017,33.9,-0.017,33.9
643.0,-0.016,33.9,-0.017,33.9,-0.016,33.9,-0.016,33.9
643.5,-0.016,33.9,-0.016,33.9,-0.017,33.9,-0.014,33.9
644.0,-0.016,33.9,-0.016,33.9,-0.015,34.0,-0.016,33.9
644.5,-0.016,33.9,-0.016,33.9,-0.012,33.9,-0.015,33.9
645.0,-0.016,33.9,-0.015,33.9,-0.016,33.9,-0.016,33.9
645.5,-0.015,33.9,-0.013,33.9,-0.014,33.9,-0.016,33.9
646.0,-0.014,33.9,-0.011,33.9,-0.014,34.0,-0.013,33.9
646.5,-0.014,33.9,-0.014,33.9,-0.015,33.9,-0.012,34.0
647.0,-0.014,33.9,-0.014,33.9,-0.014,33.9,-0.014,34.0
647.5,-0.015,33.9,-0.014,33.9,-0.014,33.9,-0.014,33.9
648.0,-0.016,33.9,-0.014,33.9,-0.014,33.9,-0.014,33.9
648.5,-0.015,33.9,-0.015,33.9,-0.014,33.9,-0.012,33.9
649.0,-0.016,33.9,-0.015,33.9,-0.015,33.9,-0.012,33.9
649.5,-0.014,33.9,-0.016,33.9,-0.014,33.9,-0.012,33.9
650.0,-0.015,33.9,-0.015,33.9,-0.015,33.9,-0.014,33.9
650.5,-0.015,33.9,-0.014,33.9,-0.016,33.9,-0.014,33.9
651.0,-0.015,33.9,-0.015,33.9,-0.016,33.9,-0.015,33.8
651.5,-0.016,33.9,-0.014,33.9,-0.016,33.9,-0.014,33.8
652.0,-0.016,33.9,-0.013,33.9,-0.017,33.9,-0.015,33.9
652.5,-0.016,33.9,-0.015,33.9,-0.015,33.8,-0.016,33.9
653.0,-0.015,33.9,-0.016,33.9,-0.014,33.9,-0.015,33.9
653.5,-0.014,33.9,-0.011,33.9,-0.014,33.9,-0.015,33.9
654.0,-0.014,33.9,-0.014,33.9,-0.014,33.9,-0.015,33.9
654.5,-0.014,33.9,-0.014,33.9,-0.013,33.9,-0.013,33.9
655.0,-0.014,33.8,-0.014,33.8,-0.014,33.9,-0.014,33.9
655.5,-0.014,33.8,-0.014,33.8,-0.014,33.9,-0.013,33.8
656.0,-0.014,33.8,-0.015,33.8,-0.014,33.8,-0.015,33.8
656.5,-0.015,33.8,-0.014,33.8,-0.014,33.8,-0.016,33.8
657.0,-0.015,33.8,-0.016,33.8,-0.014,33.8,-0.016,33.8
657.5,-0.016,33.8,-0.016,33.8,-0.015,33.8,-0.015,33.8
658.0,-0.015,33.8,-0.015,33.8,-0.016,33.8,-0.013,33.8
658.5,-0.015,33.8,-0.013,33.8,-0.014,33.8,-0.013,33.8
659.0,-0.015,33.8,-0.014,33.8,-0.015,33.8,-0.015,33.8
659.5,-0.015,33.8,-0.015,33.8,-0.014,33.8,-0.016,33.8
660.0,-0.016,33.8,-0.016,33.8,-0.015,33.7,-0.014,33.8
660.5,-0.016,33.8,-0.015,33.8,-0.016,33.8,-0.017,33.8
661.0,-0.016,33.8,-0.015,33.8,-0.018,33.8,-0.016,33.8
661.5,-0.016,33.8,-0.016,33.8,-0.019,33.8,-0.016,33.8
662.0,-0.016,33.8,-0.016,33.8,-0.020,33.8,-0.016,33.8
662.5,-0.016,33.8,-0.015,33.8,-0.019,33.8,-0.014,33.8
663.0,-0.015,33.8,-0.014,33.8,-0.012,33.8,-0.015,33.8
663.5,-0.014,33.8,-0.015,33.8,-0.016,33.8,-0.015,33.8
664.0,-0.014,33.8,-0.014,33.8,-0.015,33.8,-0.014,33.8
664.5,-0.014,33.8,-0.014,33.8,-0.016,33.8,-0.012,33.8
665.0,-0.014,33.8,-0.014,33.8,-0.016,33.8,-0.015,33.8
665.5,-0.014,33.8,-0.015,33.8,-0.009,33.8,-0.016,33.8
666.0,-0.015,33.8,-0.015,33.8,-0.011,33.8,-0.015,33.8
666.5,-0.016,33.8,-0.015,33.8,-0.013,33.8,-0.016,33.8
667.0,-0.016,33.8,-0.015,33.8,-0.014,33.8,-0.015,33.8
667.5,-0.015,33.8,-0.014,33.8,-0.016,33.8,-0.011,33.8
668.0,-0.015,33.8,-0.014,33.8,-0.016,33.8,-0.015,33.8
668.5,-0.015,33.8,-0.016,33.8,-0.015,33.8,-0.016,33.8
669.0,-0.015,33.8,-0.016,33.8,-0.016,33.8,-0.014,33.8
669.5,-0.016,33.8,-0.016,33.8,-0.018,33.8,-0.017,33.8
670.0,-0.016,33.8,-0.016,33.8,-0.015,33.8,-0.016,33.8
670.5,-0.016,33.8,-0.016,33.7,-0.016,33.8,-0.016,33.8
671.0,-0.016,33.8,-0.016,33.8,-0.016,33.8,-0.016,33.8
671.5,-0.016,33.8,-0.017,33.8,-0.017,33.8,-0.015,33.8
672.0,-0.016,33.8,-0.015,33.8,-0.014,33.8,-0.014,33.8
672.5,-0.015,33.8,-0.015,33.8,-0.014,33.8,-0.017,33.8
673.0,-0.015,33.8,-0.015,33.8,-0.013,33.8,-0.015,33.8
673.5,-0.014,33.8,-0.015,33.8,-0.012,33.8,-0.013,33.8
674.0,-0.014,33.8,-0.013,33.8,-0.014,33.8,-0.015,33.8
674.5,-0.014,33.8,-0.013,33.8,-0.016,33.8,-0.014,33.8
675.0,-0.014,33.8,-0.013,33.8,-0.016,33.8,-0.013,33.8
675.5,-0.014,33.8,-0.014,33.8,-0.015,33.8,-0.015,33.8
676.0,-0.015,33.8,-0.016,33.8,-0.015,33.8,-0.015,33.8
676.5,-0.016,33.8,-0.015,33.8,-0.015,33.8,-0.016,33.7
677.0,-0.016,33.8,-0.015,33.8,-0.016,33.7,-0.014,33.8
677.5,-0.016,33.8,-0.014,33.8,-0.015,33.8,-0.014,33.8
678.0,-0.015,33.8,-0.015,33.8,-0.014,33.8,-0.015,33.8
678.5,-0.016,33.8,-0.015,33.8,-0.015,33.8,-0.014,33.8
679.0,-0.016,33.8,-0.016,33.8,-0.016,33.8,-0.015,33.8
679.5,-0.016,33.8,-0.016,33.8,-0.015,33.8,-0.016,33.8
680.0,-0.016,33.8,-0.016,33.8,-0.015,33.8,-0.012,33.8
680.5,-0.016,33.8,-0.017,33.8,-0.017,33.8,-0.016,33.8
681.0,-0.016,33.8,-0.017,33.8,-0.017,33.8,-0.017,33.8
681.5,-0.017,33.8,-0.016,33.8,-0.016,33.7,-0.017,33.8
682.0,-0.016,33.8,-0.016,33.8,-0.016,33.8,-0.013,33.8
682.5,-0.016,33.8,-0.014,33.8,-0.016,33.8,-0.015,33.9
683.0,-0.016,33.8,-0.014,33.8,-0.015,33.8,-0.014,33.9
683.5,-0.015,33.8,-0.016,33.8,-0.014,33.9,-0.015,33.8
684.0,-0.015,33.8,-0.015,33.8,-0.014,33.8,-0.013,33.8
684.5,-0.014,33.8,-0.015,33.8,-0.015,33.8,-0.015,33.9
685.0,-0.015,33.8,-0.013,33.8,-0.016,33.8,-0.016,33.8
685.5,-0.015,33.8,-0.014,33.8,-0.015,33.8,-0.016,33.8
686.0,-0.015,33.8,-0.016,33.8,-0.016,33.8,-0.013,33.8
686.5,-0.016,33.8,-0.019,33.8,-0.016,33.8,-0.014,33.8
687.0,-0.016,33.8,-0.016,33.8,-0.015,33.8,-0.016,33.8
687.5,-0.016,33.8,-0.016,33.8,-0.014,33.8,-0.016,33.8
688.0,-0.016,33.8,-0.016,33.8,-0.015,33.8,-0.015,33.8
688.5,-0.016,33.8,-0.016,33.8,-0.017,33.8,-0.013,33.8
689.0,-0.016,33.8,-0.016,33.8,-0.014,33.8,-0.013,33.8
689.5,-0.016,33.8,-0.014,33.8,-0.014,33.8,-0.013,33.8
690.0,-0.016,33.8,-0.017,33.8,-0.015,33.8,-0.015,33.8
690.5,-0.016,33.8,-0.017,33.8,-0.015,33.8,-0.016,33.8
691.0,-0.016,33.8,-0.016,33.8,-0.018,33.8,-0.015,33.8
691.5,-0.017,33.8,-0.017,33.8,-0.016,33.8,-0.017,33.8
692.0,-0.016,33.8,-0.016,33.8,-0.014,33.8,-0.016,33.8
692.5,-0.016,33.9,-0.016,33.9,-0.014,33.9,-0.015,33.9
693.0,-0.014,33.8,-0.015,33.8,-0.014,33.9,-0.014,33.9
693.5,-0.015,33.9,-0.016,33.8,-0.009,33.9,-0.015,33.9
694.0,-0.014,33.8,-0.015,33.8,-0.015,33.8,-0.015,33.8
694.5,-0.014,33.8,-0.011,33.8,-0.015,33.8,-0.013,33.9
695.0,-0.014,33.8,-0.014,33.8,-0.016,33.8,-0.011,33.9
695.5,-0.014,33.8,-0.016,33.8,-0.014,33.8,-0.016,33.8
696.0,-0.015,33.8,-0.017,33.8,-0.014,33.8,-0.017,33.8
696.5,-0.016,33.8,-0.016,33.8,-0.017,33.8,-0.015,33.8
697.0,-0.015,33.8,-0.015,33.8,-0.016,33.8,-0.013,33.8
697.5,-0.015,33.8,-0.015,33.8,-0.015,33.8,-0.014,33.8
698.0,-0.015,33.8,-0.014,33.8,-0.013,33.8,-0.017,33.8
698.5,-0.016,33.8,-0.015,33.8,-0.014,33.8,-0.017,33.8
699.0,-0.016,33.8,-0.014,33.7,-0.015,33.8,-0.016,33.8
699.5,-0.016,33.8,-0.016,33.8,-0.017,33.8,-0.016,33.8
700.0,-0.016,33.8,-0.017,33.8,-0.016,33.8,-0.016,33.8
700.5,-0.016,33.8,-0.017,33.8,-0.016,33.8,-0.016,33.8
701.0,-0.016,33.8,-0.016,33.8,-0.016,33.8,-0.016,33.8
701.5,-0.016,33.8,-0.017,33.8,-0.016,33.8,-0.014,33.8
702.0,-0.015,33.8,-0.014,33.8,-0.018,33.8,-0.015,33.8
702.5,-0.015,33.8,-0.014,33.8,-0.015,33.8,-0.014,33.8
703.0,-0.014,33.8,-0.014,33.8,-0.015,33.8,-0.014,33.8
703.5,-0.015,33.8,-0.016,33.8,-0.015,33.8,-0.015,33.8
704.0,-0.015,33.8,-0.016,33.8,-0.011,33.8,-0.016,33.8
704.5,-0.015,33.8,-0.016,33.8,-0.015,33.8,-0.015,33.8
705.0,-0.015,33.8,-0.015,33.8,-0.014,33.8,-0.014,33.8
705.5,-0.016,33.8,-0.015,33.8,-0.014,33.8,-0.016,33.8
706.0,-0.016,33.8,-0.016,33.8,-0.013,33.8,-0.017,33.8
706.5,-0.016,33.8,-0.016,33.8,-0.016,33.8,-0.015,33.8
707.0,-0.016,33.8,-0.016,33.8,-0.015,33.8,-0.014,33.8
707.5,-0.016,33.8,-0.017,33.8,-0.016,33.9,-0.016,33.8
708.0,-0.016,33.8,-0.015,33.8,-0.015,33.9,-0.016,33.8
708.5,-0.016,33.8,-0.015,33.8,-0.016,33.8,-0.014,33.8
709.0,-0.016,33.8,-0.017,33.8,-0.016,33.9,-0.017,33.8
709.5,-0.016,33.8,-0.016,33.8,-0.017,33.9,-0.016,33.8
710.0,-0.016,33.8,-0.017,33.8,-0.014,33.9,-0.017,33.8
710.5,-0.016,33.8,-0.016,33.8,-0.016,33.9,-0.016,33.8
711.0,-0.016,33.9,-0.017,33.9,-0.016,33.9,-0.016,33.9
711.5,-0.016,33.9,-0.015,33.9,-0.015,33.8,-0.016,33.9
712.0,-0.016,33.9,-0.016,33.9,-0.016,33.9,-0.016,33.9
712.5,-0.015,33.9,-0.015,33.9,-0.017,33.9,-0.015,33.8
713.0,-0.015,33.9,-0.015,33.9,-0.017,33.9,-0.016,33.9
713.5,-0.015,33.9,-0.014,33.8,-0.014,33.9,-0.015,33.9
714.0,-0.015,33.9,-0.014,33.9,-0.014,33.9,-0.014,33.9
714.5,-0.016,33.9,-0.016,33.9,-0.014,33.9,-0.016,33.9
715.0,-0.016,33.9,-0.017,33.9,-0.016,33.9,-0.016,33.9
715.5,-0.016,33.8,-0.015,33.8,-0.016,33.9,-0.015,33.9
716.0,-0.016,33.8,-0.016,33.8,-0.016,33.8,-0.017,33.9
716.5,-0.016,33.8,-0.017,33.8,-0.016,33.8,-0.016,33.8
717.0,-0.016,33.8,-0.016,33.8,-0.014,33.9,-0.015,33.8
717.5,-0.016,33.9,-0.016,33.9,-0.015,33.9,-0.013,33.9
718.0,-0.016,33.8,-0.016,33.8,-0.012,33.8,-0.015,33.9
718.5,-0.016,33.8,-0.015,33.8,-0.015,33.8,-0.013,33.9
719.0,-0.016,33.9,-0.012,33.9,-0.016,33.8,-0.014,33.9
719.5,-0.016,33.9,-0.014,33.8,-0.016,33.9,-0.015,33.9
720.0,-0.016,33.9,-0.014,33.9,-0.016,33.9,-0.016,33.9
720.5,-0.016,33.9,-0.016,33.9,-0.016,33.9,-0.015,33.8
721.0,-0.016,33.8,-0.017,33.9,-0.016,33.8,-0.015,33.8
721.5,-0.016,33.9,-0.015,33.8,-0.017,33.8,-0.016,33.8
722.0,-0.016,33.9,-0.014,33.9,-0.017,33.9,-0.015,33.9
722.5,-0.014,33.9,-0.015,33.9,-0.016,33.9,-0.016,33.8
723.0,-0.014,33.9,-0.014,33.9,-0.016,33.9,-0.015,33.9
723.5,-0.014,33.9,-0.016,33.9,-0.015,33.9,-0.015,33.9
724.0,-0.015,33.9,-0.013,33.9,-0.014,33.9,-0.014,33.9
724.5,-0.015,33.8,-0.015,33.9,-0.016,33.8,-0.015,33.8
725.0,-0.016,33.8,-0.015,33.9,-0.014,33.8,-0.016,33.8
725.5,-0.016,33.9,-0.015,33.9,-0.016,33.9,-0.017,33.9
726.0,-0.016,33.8,-0.015,33.9,-0.015,33.8,-0.016,33.8
726.5,-0.016,33.8,-0.016,33.8,-0.016,33.8,-0.017,33.8
727.0,-0.016,33.8,-0.017,33.9,-0.016,33.8,-0.013,33.8
727.5,-0.016,33.8,-0.016,33.8,-0.016,33.8,-0.014,33.8
728.0,-0.016,33.9,-0.015,33.8,-0.015,33.8,-0.014,33.8
728.5,-0.016,33.8,-0.015,33.8,-0.015,33.8,-0.016,33.9
729.0,-0.016,33.8,-0.014,33.8,-0.014,33.9,-0.016,33.9
729.5,-0.016,33.9,-0.017,33.8,-0.017,33.9,-0.016,33.8
730.0,-0.016,33.9,-0.017,33.9,-0.016,33.9,-0.017,33.8
730.5,-0.016,33.9,-0.018,33.9,-0.016,33.8,-0.017,33.8
731.0,-0.016,33.9,-0.018,33.9,-0.015,33.9,-0.017,33.9
731.5,-0.016,33.9,-0.016,33.9,-0.014,33.9,-0.016,33.8
732.0,-0.015,33.9,-0.014,33.9,-0.015,33.9,-0.014,33.8
732.5,-0.015,33.9,-0.016,33.9,-0.014,33.9,-0.014,33.8
733.0,-0.014,33.9,-0.015,33.9,-0.016,33.9,-0.014,33.9
733.5,-0.015,33.9,-0.014,33.9,-0.015,33.8,-0.015,33.8
734.0,-0.015,33.9,-0.015,33.9,-0.017,33.9,-0.014,33.8
734.5,-0.015,33.8,-0.016,33.8,-0.016,33.9,-0.013,33.9
735.0,-0.015,33.8,-0.016,33.8,-0.014,33.9,-0.014,33.8
735.5,-0.016,33.8,-0.014,33.8,-0.014,33.8,-0.016,33.8
736.0,-0.016,33.9,-0.015,33.8,-0.017,33.9,-0.016,33.8
736.5,-0.016,33.8,-0.015,33.8,-0.015,33.8,-0.015,33.8
737.0,-0.016,33.8,-0.015,33.8,-0.016,33.8,-0.015,33.8
737.5,-0.016,33.8,-0.014,33.8,-0.016,33.9,-0.014,33.8
738.0,-0.016,33.8,-0.015,33.8,-0.016,33.8,-0.016,33.9
738.5,-0.016,33.8,-0.016,33.8,-0.017,33.8,-0.015,33.8
739.0,-0.016,33.8,-0.016,33.8,-0.016,33.8,-0.016,33.8
739.5,-0.016,33.8,-0.015,33.9,-0.015,33.9,-0.015,33.8
740.0,-0.016,33.8,-0.017,33.8,-0.016,33.8,-0.017,33.8
740.5,-0.016,33.9,-0.017,33.8,-0.012,33.9,-0.015,33.9
741.0,-0.016,33.9,-0.016,33.8,-0.016,33.9,-0.015,33.9
741.5,-0.015,33.9,-0.015,33.9,-0.015,33.9,-0.016,33.9
742.0,-0.015,33.9,-0.016,33.9,-0.015,33.9,-0.017,33.9
742.5,-0.015,33.9,-0.015,33.9,-0.015,33.9,-0.016,33.9
743.0,-0.015,33.9,-0.014,33.8,-0.015,33.9,-0.013,33.8
743.5,-0.015,33.9,-0.015,33.8,-0.013,33.9,-0.013,33.8
744.0,-0.014,33.8,-0.015,33.8,-0.014,33.8,-0.014,33.8
744.5,-0.015,33.8,-0.015,33.9,-0.014,33.9,-0.015,33.8
745.0,-0.015,33.8,-0.015,33.9,-0.014,33.9,-0.015,33.8
745.5,-0.015,33.8,-0.014,33.8,-0.017,33.8,-0.016,33.8
746.0,-0.015,33.8,-0.014,33.8,-0.015,33.8,-0.016,33.8
746.5,-0.016,33.8,-0.015,33.8,-0.016,33.8,-0.016,33.8
747.0,-0.016,33.8,-0.017,33.8,-0.014,33.8,-0.015,33.8
747.5,-0.016,33.8,-0.016,33.8,-0.016,33.8,-0.015,33.8
748.0,-0.016,33.8,-0.016,33.8,-0.014,33.8,-0.015,33.8
748.5,-0.016,33.8,-0.015,33.8,-0.015,33.8,-0.014,33.8
749.0,-0.016,33.8,-0.015,33.9,-0.015,33.8,-0.015,33.8
749.5,-0.016,33.8,-0.015,33.8,-0.016,33.8,-0.015,33.8
750.0,-0.016,33.9,-0.016,33.8,-0.016,33.9,-0.015,33.8
750.5,-0.016,33.8,-0.012,33.8,-0.015,33.8,-0.014,33.8
751.0,-0.016,33.8,-0.014,33.8,-0.016,33.8,-0.014,33.9
751.5,-0.016,33.9,-0.016,33.8,-0.015,33.8,-0.014,33.8
752.0,-0.015,33.8,-0.015,33.8,-0.016,33.9,-0.014,33.8
752.5,-0.016,33.8,-0.013,33.8,-0.016,33.9,-0.014,33.9
753.0,-0.016,33.8,-0.016,33.8,-0.018,33.9,-0.013,33.9
753.5,-0.015,33.8,-0.015,33.8,-0.017,33.9,-0.016,33.8
754.0,-0.015,33.9,-0.014,33.9,-0.014,33.9,-0.015,33.8
754.5,-0.015,33.8,-0.016,33.8,-0.013,33.8,-0.018,33.8
755.0,-0.016,33.8,-0.015,33.8,-0.014,33.8,-0.016,33.8
755.5,-0.016,33.8,-0.017,33.8,-0.017,33.8,-0.016,33.8
756.0,-0.016,33.8,-0.018,33.8,-0.017,33.8,-0.015,33.8
756.5,-0.016,33.8,-0.017,33.8,-0.017,33.8,-0.016,33.9
757.0,-0.016,33.8,-0.016,33.8,-0.016,33.9,-0.014,33.9
757.5,-0.016,33.9,-0.017,33.8,-0.015,33.8,-0.016,33.9
758.0,-0.016,33.9,-0.016,33.9,-0.015,33.8,-0.016,34.0
758.5,-0.016,33.9,-0.016,33.9,-0.016,33.9,-0.016,33.9
759.0,-0.016,33.9,-0.017,33.9,-0.015,33.9,-0.016,33.9
759.5,-0.016,33.9,-0.017,33.8,-0.016,33.9,-0.014,33.9
760.0,-0.016,33.9,-0.015,33.9,-0.017,33.9,-0.015,33.9
760.5,-0.016,33.9,-0.015,33.9,-0.015,33.9,-0.016,33.9
761.0,-0.016,33.9,-0.016,33.9,-0.014,33.9,-0.015,33.9
761.5,-0.016,33.9,-0.016,33.9,-0.015,33.9,-0.016,33.9
762.0,-0.016,33.9,-0.016,33.9,-0.015,33.9,-0.016,33.9
762.5,-0.016,33.9,-0.015,33.9,-0.014,33.9,-0.016,33.9
763.0,-0.016,33.9,-0.014,33.9,-0.015,33.9,-0.015,33.9
763.5,-0.016,33.9,-0.015,33.9,-0.017,33.9,-0.015,33.9
764.0,-0.016,33.9,-0.015,33.9,-0.015,33.9,-0.015,33.9
764.5,-0.016,33.9,-0.017,33.9,-0.015,33.9,-0.017,33.9
765.0,-0.017,33.9,-0.016,33.9,-0.018,33.9,-0.017,33.9
765.5,-0.017,33.9,-0.015,33.9,-0.015,34.0,-0.017,33.9
766.0,-0.017,34.0,-0.017,33.9,-0.018,34.0,-0.016,33.9
766.5,-0.017,33.9,-0.016,33.9,-0.016,33.9,-0.015,33.9
767.0,-0.016,34.0,-0.016,34.0,-0.016,34.0,-0.015,33.9
767.5,-0.016,34.0,-0.017,34.0,-0.017,34.0,-0.016,34.0
768.0,-0.016,34.0,-0.017,34.0,-0.017,34.0,-0.016,34.0
768.5,-0.017,34.0,-0.015,34.0,-0.016,34.0,-0.015,34.0
769.0,-0.017,34.0,-0.017,34.0,-0.018,34.0,-0.016,34.0
769.5,-0.017,34.0,-0.017,34.0,-0.019,34.0,-0.015,34.0
770.0,-0.017,34.0,-0.016,34.0,-0.019,34.0,-0.015,34.0
770.5,-0.017,34.0,-0.017,34.0,-0.017,34.0,-0.018,34.0
771.0,-0.017,34.0,-0.017,34.0,-0.018,34.1,-0.016,34.0
771.5,-0.017,34.0,-0.017,34.0,-0.018,34.0,-0.017,34.0
772.0,-0.017,34.0,-0.018,34.0,-0.017,34.1,-0.017,34.0
772.5,-0.017,34.1,-0.017,34.0,-0.015,34.0,-0.016,34.1
773.0,-0.016,34.1,-0.017,34.1,-0.017,34.1,-0.016,34.1
773.5,-0.016,34.1,-0.017,34.1,-0.016,34.0,-0.018,34.1
774.0,-0.017,34.1,-0.016,34.0,-0.018,34.1,-0.016,34.1
774.5,-0.017,34.1,-0.016,34.1,-0.017,34.1,-0.016,34.1
775.0,-0.018,34.1,-0.016,34.1,-0.017,34.0,-0.018,34.1
775.5,-0.018,34.1,-0.017,34.1,-0.018,34.1,-0.017,34.1
776.0,-0.018,34.1,-0.016,34.1,-0.017,34.1,-0.017,34.1
776.5,-0.018,34.1,-0.018,34.1,-0.017,34.1,-0.018,34.1
777.0,-0.018,34.1,-0.018,34.1,-0.017,34.1,-0.018,34.1
777.5,-0.018,34.1,-0.019,34.1,-0.018,34.1,-0.015,34.1
778.0,-0.018,34.1,-0.017,34.2,-0.017,34.1,-0.016,34.1
778.5,-0.018,34.1,-0.018,34.1,-0.017,34.1,-0.018,34.1
779.0,-0.018,34.1,-0.017,34.1,-0.017,34.1,-0.018,34.1
779.5,-0.018,34.1,-0.018,34.1,-0.017,34.1,-0.018,34.1
780.0,-0.017,34.2,-0.017,34.2,-0.016,34.2,-0.017,34.1
780.5,-0.017,34.2,-0.017,34.2,-0.016,34.1,-0.016,34.1
781.0,-0.017,34.2,-0.016,34.2,-0.015,34.2,-0.014,34.2
781.5,-0.016,34.2,-0.016,34.2,-0.016,34.2,-0.012,34.2
782.0,-0.017,34.2,-0.018,34.2,-0.017,34.2,-0.017,34.2
782.5,-0.017,34.2,-0.018,34.2,-0.017,34.2,-0.017,34.2
783.0,-0.018,34.1,-0.017,34.1,-0.017,34.2,-0.017,34.2
783.5,-0.018,34.2,-0.018,34.2,-0.018,34.2,-0.016,34.2
784.0,-0.018,34.2,-0.018,34.2,-0.017,34.2,-0.017,34.2
784.5,-0.018,34.2,-0.018,34.2,-0.018,34.2,-0.017,34.2
785.0,-0.018,34.2,-0.017,34.2,-0.018,34.2,-0.017,34.3
785.5,-0.020,34.2,-0.020,34.2,-0.021,34.2,-0.019,34.2
786.0,-0.024,34.2,-0.023,34.2,-0.023,34.3,-0.023,34.2
786.5,-0.026,34.3,-0.024,34.3,-0.026,34.3,-0.026,34.3
787.0,-0.023,34.3,-0.022,34.3,-0.023,34.3,-0.023,34.3
787.5,-0.022,34.2,-0.021,34.3,-0.021,34.2,-0.023,34.2
788.0,-0.022,34.2,-0.021,34.3,-0.020,34.2,-0.021,34.2
788.5,-0.021,34.2,-0.021,34.3,-0.020,34.2,-0.020,34.3
789.0,-0.021,34.3,-0.022,34.3,-0.019,34.3,-0.022,34.3
789.5,-0.021,34.3,-0.020,34.3,-0.021,34.3,-0.021,34.3
790.0,-0.020,34.3,-0.020,34.3,-0.020,34.3,-0.020,34.3
790.5,-0.020,34.3,-0.020,34.3,-0.019,34.3,-0.021,34.3
791.0,-0.020,34.3,-0.020,34.3,-0.020,34.3,-0.019,34.3
791.5,-0.020,34.3,-0.020,34.3,-0.020,34.4,-0.021,34.4
792.0,-0.022,34.4,-0.022,34.4,-0.022,34.4,-0.021,34.4
792.5,-0.022,34.4,-0.023,34.4,-0.022,34.3,-0.023,34.4
793.0,-0.022,34.4,-0.022,34.4,-0.022,34.4,-0.022,34.3
793.5,-0.022,34.4,-0.021,34.4,-0.021,34.4,-0.021,34.3
794.0,-0.022,34.4,-0.020,34.4,-0.021,34.4,-0.020,34.4
794.5,-0.021,34.4,-0.020,34.4,-0.022,34.4,-0.020,34.4
795.0,-0.020,34.4,-0.020,34.4,-0.021,34.4,-0.020,34.4
795.5,-0.020,34.4,-0.020,34.4,-0.018,34.4,-0.019,34.4
796.0,-0.020,34.4,-0.018,34.4,-0.020,34.4,-0.020,34.4
796.5,-0.020,34.4,-0.018,34.4,-0.018,34.4,-0.021,34.5
797.0,-0.020,34.4,-0.020,34.4,-0.019,34.4,-0.021,34.4
797.5,-0.021,34.4,-0.021,34.4,-0.020,34.4,-0.022,34.5
798.0,-0.020,34.4,-0.020,34.4,-0.021,34.4,-0.020,34.4
798.5,-0.020,34.4,-0.020,34.4,-0.022,34.4,-0.021,34.4
799.0,-0.020,34.5,-0.021,34.4,-0.022,34.5,-0.020,34.5
799.5,-0.020,34.4,-0.020,34.4,-0.021,34.5,-0.018,34.5
800.0,-0.020,34.5,-0.019,34.4,-0.019,34.5,-0.018,34.5
800.5,-0.020,34.4,-0.020,34.5,-0.020,34.4,-0.020,34.4
801.0,-0.020,34.5,-0.020,34.5,-0.019,34.5,-0.020,34.5
801.5,-0.020,34.5,-0.020,34.5,-0.019,34.5,-0.020,34.5
802.0,-0.020,34.5,-0.019,34.5,-0.020,34.5,-0.021,34.5
802.5,-0.020,34.5,-0.019,34.5,-0.020,34.5,-0.019,34.5
803.0,-0.018,34.5,-0.018,34.5,-0.019,34.4,-0.017,34.5
803.5,-0.018,34.5,-0.017,34.5,-0.017,34.4,-0.018,34.5
804.0,-0.018,34.5,-0.018,34.5,-0.017,34.5,-0.020,34.5
804.5,-0.018,34.5,-0.018,34.5,-0.017,34.5,-0.018,34.5
805.0,-0.018,34.5,-0.018,34.5,-0.017,34.5,-0.017,34.5
805.5,-0.018,34.6,-0.017,34.5,-0.016,34.6,-0.016,34.5
806.0,-0.018,34.6,-0.018,34.6,-0.018,34.6,-0.019,34.6
806.5,-0.018,34.6,-0.017,34.6,-0.018,34.6,-0.018,34.6
807.0,-0.018,34.6,-0.018,34.5,-0.018,34.6,-0.018,34.5
807.5,-0.017,34.6,-0.017,34.5,-0.016,34.6,-0.015,34.6
808.0,-0.016,34.6,-0.018,34.6,-0.017,34.5,-0.018,34.6
808.5,-0.016,34.6,-0.016,34.6,-0.016,34.6,-0.015,34.6
809.0,-0.016,34.6,-0.016,34.6,-0.014,34.6,-0.016,34.6
809.5,-0.015,34.6,-0.016,34.6,-0.015,34.6,-0.016,34.6
810.0,-0.014,34.6,-0.014,34.6,-0.016,34.6,-0.014,34.5
810.5,-0.015,34.5,-0.014,34.5,-0.017,34.6,-0.015,34.5
811.0,-0.016,34.5,-0.015,34.5,-0.016,34.5,-0.015,34.5
811.5,-0.016,34.5,-0.015,34.5,-0.016,34.5,-0.015,34.6
812.0,-0.016,34.5,-0.017,34.5,-0.016,34.5,-0.016,34.5
812.5,-0.015,34.5,-0.016,34.5,-0.013,34.5,-0.017,34.5
813.0,-0.016,34.5,-0.015,34.5,-0.014,34.5,-0.017,34.5
813.5,-0.015,34.5,-0.015,34.5,-0.016,34.5,-0.017,34.5
814.0,-0.015,34.5,-0.014,34.5,-0.015,34.5,-0.016,34.5
814.5,-0.016,34.5,-0.016,34.5,-0.015,34.5,-0.015,34.5
815.0,-0.016,34.5,-0.016,34.5,-0.016,34.5,-0.015,34.5
815.5,-0.016,34.5,-0.016,34.5,-0.016,34.5,-0.016,34.4
816.0,-0.015,34.5,-0.015,34.5,-0.016,34.4,-0.014,34.4
816.5,-0.015,34.5,-0.014,34.5,-0.016,34.4,-0.013,34.5
817.0,-0.014,34.5,-0.015,34.5,-0.014,34.5,-0.015,34.5
817.5,-0.014,34.4,-0.015,34.4,-0.014,34.4,-0.014,34.5
818.0,-0.014,34.4,-0.015,34.5,-0.015,34.4,-0.016,34.5
818.5,-0.014,34.4,-0.014,34.4,-0.016,34.4,-0.013,34.4
819.0,-0.015,34.4,-0.015,34.4,-0.016,34.4,-0.014,34.4
819.5,-0.015,34.4,-0.016,34.4,-0.016,34.4,-0.014,34.4
820.0,-0.015,34.4,-0.016,34.4,-0.015,34.3,-0.015,34.4
820.5,-0.016,34.4,-0.016,34.4,-0.017,34.3,-0.015,34.4
821.0,-0.016,34.4,-0.016,34.4,-0.017,34.4,-0.014,34.4
821.5,-0.016,34.3,-0.016,34.3,-0.017,34.4,-0.016,34.4
822.0,-0.016,34.4,-0.016,34.4,-0.015,34.4,-0.015,34.4
822.5,-0.016,34.3,-0.015,34.3,-0.016,34.3,-0.015,34.4
823.0,-0.016,34.4,-0.016,34.4,-0.016,34.4,-0.016,34.3
823.5,-0.016,34.4,-0.015,34.4,-0.016,34.4,-0.015,34.3
824.0,-0.016,34.4,-0.017,34.4,-0.014,34.4,-0.012,34.3
824.5,-0.016,34.3,-0.015,34.3,-0.015,34.4,-0.016,34.3
825.0,-0.016,34.3,-0.017,34.4,-0.015,34.3,-0.015,34.4
825.5,-0.016,34.3,-0.017,34.3,-0.016,34.3,-0.017,34.4
826.0,-0.016,34.3,-0.014,34.3,-0.014,34.3,-0.015,34.3
826.5,-0.015,34.3,-0.016,34.4,-0.016,34.3,-0.014,34.3
827.0,-0.014,34.4,-0.012,34.4,-0.016,34.3,-0.016,34.4
827.5,-0.015,34.3,-0.013,34.3,-0.016,34.3,-0.015,34.3
828.0,-0.015,34.3,-0.015,34.3,-0.016,34.3,-0.016,34.3
828.5,-0.016,34.3,-0.014,34.3,-0.015,34.3,-0.016,34.4
829.0,-0.015,34.3,-0.015,34.3,-0.015,34.3,-0.016,34.3
829.5,-0.016,34.3,-0.015,34.3,-0.015,34.3,-0.014,34.3
830.0,-0.016,34.3,-0.017,34.3,-0.016,34.3,-0.016,34.3
830.5,-0.016,34.3,-0.016,34.3,-0.016,34.3,-0.018,34.3
831.0,-0.016,34.3,-0.016,34.3,-0.014,34.3,-0.014,34.3
831.5,-0.016,34.3,-0.015,34.2,-0.014,34.2,-0.014,34.3
832.0,-0.016,34.3,-0.015,34.3,-0.015,34.3,-0.016,34.3
832.5,-0.016,34.3,-0.015,34.3,-0.016,34.3,-0.016,34.3
833.0,-0.016,34.3,-0.017,34.3,-0.016,34.3,-0.016,34.3
833.5,-0.016,34.3,-0.017,34.3,-0.016,34.3,-0.016,34.2
834.0,-0.016,34.3,-0.016,34.3,-0.016,34.3,-0.018,34.3
834.5,-0.016,34.3,-0.015,34.2,-0.016,34.3,-0.016,34.3
835.0,-0.016,34.3,-0.017,34.3,-0.018,34.3,-0.014,34.3
835.5,-0.016,34.3,-0.016,34.3,-0.017,34.2,-0.016,34.3
836.0,-0.016,34.3,-0.013,34.3,-0.014,34.3,-0.015,34.3
836.5,-0.015,34.3,-0.015,34.3,-0.013,34.3,-0.015,34.3
837.0,-0.014,34.3,-0.014,34.3,-0.015,34.3,-0.014,34.3
837.5,-0.014,34.3,-0.014,34.2,-0.014,34.3,-0.011,34.3
838.0,-0.015,34.3,-0.016,34.3,-0.016,34.3,-0.015,34.3
838.5,-0.015,34.2,-0.015,34.2,-0.014,34.2,-0.014,34.3
839.0,-0.016,34.2,-0.015,34.2,-0.012,34.3,-0.015,34.2
839.5,-0.016,34.2,-0.017,34.2,-0.015,34.2,-0.017,34.2
840.0,-0.016,34.2,-0.017,34.2,-0.015,34.2,-0.016,34.2
840.5,-0.016,34.2,-0.018,34.2,-0.016,34.2,-0.015,34.2
841.0,-0.016,34.2,-0.017,34.2,-0.016,34.2,-0.016,34.3
841.5,-0.016,34.2,-0.016,34.2,-0.017,34.2,-0.016,34.2
842.0,-0.016,34.2,-0.017,34.2,-0.018,34.3,-0.016,34.2
842.5,-0.016,34.2,-0.017,34.2,-0.014,34.2,-0.017,34.2
843.0,-0.016,34.2,-0.016,34.2,-0.018,34.2,-0.017,34.2
843.5,-0.016,34.2,-0.017,34.2,-0.017,34.2,-0.016,34.2
844.0,-0.016,34.2,-0.017,34.2,-0.017,34.2,-0.019,34.2
844.5,-0.017,34.2,-0.016,34.2,-0.016,34.2,-0.017,34.3
845.0,-0.016,34.2,-0.015,34.2,-0.015,34.2,-0.015,34.2
845.5,-0.016,34.2,-0.015,34.2,-0.016,34.2,-0.015,34.3
846.0,-0.016,34.2,-0.015,34.2,-0.016,34.2,-0.014,34.2
846.5,-0.015,34.2,-0.015,34.2,-0.016,34.2,-0.015,34.2
847.0,-0.016,34.2,-0.015,34.2,-0.016,34.2,-0.016,34.2
847.5,-0.015,34.2,-0.014,34.2,-0.013,34.2,-0.015,34.2
848.0,-0.016,34.2,-0.016,34.2,-0.015,34.2,-0.014,34.2
848.5,-0.015,34.2,-0.015,34.2,-0.016,34.3,-0.017,34.2
849.0,-0.016,34.2,-0.016,34.2,-0.015,34.2,-0.014,34.2
849.5,-0.016,34.2,-0.017,34.2,-0.014,34.2,-0.015,34.2
850.0,-0.016,34.2,-0.016,34.2,-0.013,34.2,-0.016,34.2
850.5,-0.016,34.2,-0.015,34.2,-0.016,34.2,-0.015,34.2
851.0,-0.016,34.2,-0.016,34.2,-0.015,34.2,-0.014,34.2
851.5,-0.016,34.2,-0.016,34.2,-0.015,34.2,-0.014,34.2
852.0,-0.016,34.2,-0.015,34.2,-0.016,34.2,-0.014,34.2
852.5,-0.016,34.2,-0.015,34.2,-0.013,34.2,-0.015,34.1
853.0,-0.016,34.2,-0.016,34.2,-0.016,34.2,-0.014,34.1
853.5,-0.016,34.2,-0.016,34.2,-0.014,34.2,-0.016,34.2
854.0,-0.016,34.2,-0.015,34.2,-0.016,34.2,-0.016,34.1
854.5,-0.016,34.2,-0.016,34.2,-0.017,34.2,-0.016,34.1
855.0,-0.016,34.2,-0.017,34.2,-0.015,34.2,-0.017,34.1
855.5,-0.016,34.2,-0.015,34.2,-0.015,34.2,-0.015,34.2
856.0,-0.015,34.2,-0.015,34.2,-0.014,34.2,-0.017,34.2
856.5,-0.015,34.2,-0.016,34.2,-0.013,34.2,-0.015,34.2
857.0,-0.015,34.2,-0.015,34.2,-0.015,34.2,-0.017,34.1
857.5,-0.016,34.1,-0.015,34.1,-0.016,34.1,-0.017,34.1
858.0,-0.016,34.1,-0.015,34.1,-0.014,34.1,-0.016,34.1
858.5,-0.016,34.2,-0.015,34.2,-0.015,34.1,-0.016,34.2
859.0,-0.016,34.1,-0.014,34.1,-0.016,34.1,-0.016,34.1
859.5,-0.016,34.1,-0.016,34.1,-0.016,34.2,-0.015,34.1
860.0,-0.016,34.1,-0.017,34.1,-0.016,34.1,-0.016,34.1
860.5,-0.016,34.1,-0.015,34.1,-0.016,34.1,-0.016,34.1
861.0,-0.016,34.1,-0.015,34.2,-0.015,34.1,-0.016,34.1
861.5,-0.016,34.1,-0.015,34.1,-0.015,34.1,-0.016,34.1
862.0,-0.016,34.1,-0.015,34.1,-0.016,34.1,-0.015,34.1
862.5,-0.016,34.1,-0.017,34.1,-0.016,34.1,-0.016,34.1
863.0,-0.016,34.1,-0.016,34.1,-0.016,34.1,-0.015,34.1
863.5,-0.016,34.1,-0.016,34.1,-0.017,34.1,-0.016,34.1
864.0,-0.016,34.1,-0.016,34.1,-0.017,34.1,-0.015,34.1
864.5,-0.016,34.1,-0.016,34.1,-0.017,34.1,-0.016,34.1
865.0,-0.016,34.1,-0.016,34.1,-0.016,34.1,-0.017,34.1
865.5,-0.016,34.1,-0.016,34.2,-0.016,34.1,-0.016,34.1
866.0,-0.016,34.1,-0.015,34.1,-0.015,34.1,-0.016,34.1
866.5,-0.015,34.1,-0.016,34.1,-0.016,34.1,-0.016,34.1
867.0,-0.015,34.1,-0.013,34.1,-0.015,34.1,-0.016,34.1
867.5,-0.016,34.1,-0.015,34.1,-0.015,34.1,-0.015,34.1
868.0,-0.016,34.1,-0.014,34.1,-0.017,34.1,-0.014,34.1
868.5,-0.016,34.1,-0.014,34.1,-0.014,34.1,-0.014,34.1
869.0,-0.016,34.1,-0.016,34.1,-0.016,34.1,-0.017,34.1
869.5,-0.016,34.1,-0.016,34.1,-0.016,34.1,-0.016,34.1
870.0,-0.016,34.1,-0.015,34.1,-0.016,34.1,-0.016,34.1
870.5,-0.016,34.1,-0.016,34.1,-0.016,34.0,-0.015,34.1
871.0,-0.016,34.1,-0.016,34.1,-0.016,34.0,-0.016,34.1
871.5,-0.016,34.1,-0.014,34.1,-0.014,34.1,-0.015,34.1
872.0,-0.016,34.1,-0.015,34.1,-0.016,34.1,-0.015,34.1
872.5,-0.016,34.1,-0.015,34.1,-0.016,34.1,-0.016,34.1
873.0,-0.016,34.1,-0.015,34.1,-0.016,34.1,-0.016,34.1
873.5,-0.016,34.1,-0.016,34.1,-0.016,34.0,-0.015,34.1
874.0,-0.016,34.1,-0.016,34.1,-0.015,34.1,-0.016,34.1
874.5,-0.016,34.1,-0.016,34.1,-0.017,34.1,-0.016,34.1
875.0,-0.016,34.1,-0.016,34.1,-0.017,34.1,-0.016,34.1
875.5,-0.016,34.1,-0.016,34.1,-0.016,34.1,-0.017,34.1
876.0,-0.015,34.1,-0.015,34.1,-0.016,34.1,-0.016,34.1
876.5,-0.015,34.1,-0.014,34.1,-0.015,34.1,-0.015,34.1
877.0,-0.015,34.1,-0.014,34.1,-0.014,34.1,-0.015,34.1
877.5,-0.015,34.1,-0.014,34.1,-0.016,34.1,-0.014,34.1
878.0,-0.014,34.1,-0.015,34.0,-0.016,34.1,-0.013,34.1
878.5,-0.015,34.0,-0.015,34.1,-0.015,34.0,-0.014,34.0
879.0,-0.016,34.0,-0.015,34.0,-0.015,34.0,-0.015,34.0
879.5,-0.016,34.0,-0.017,34.0,-0.016,34.0,-0.017,34.0
880.0,-0.016,34.0,-0.016,34.0,-0.016,34.0,-0.016,34.0
880.5,-0.016,34.0,-0.014,34.0,-0.015,34.0,-0.012,34.0
881.0,-0.015,34.0,-0.015,34.0,-0.015,34.0,-0.014,34.0
881.5,-0.016,34.0,-0.014,34.0,-0.015,34.0,-0.013,34.0
882.0,-0.016,34.0,-0.016,34.0,-0.018,34.0,-0.015,34.0
882.5,-0.016,34.0,-0.016,34.0,-0.013,34.0,-0.016,34.0
883.0,-0.016,34.0,-0.016,34.0,-0.014,34.0,-0.017,34.0
883.5,-0.016,34.0,-0.015,34.0,-0.015,34.0,-0.017,34.0
884.0,-0.016,34.0,-0.016,34.0,-0.016,34.0,-0.015,34.0
884.5,-0.016,34.0,-0.017,34.0,-0.016,34.0,-0.018,34.1
885.0,-0.016,34.0,-0.017,34.0,-0.015,34.0,-0.017,34.1
885.5,-0.016,34.0,-0.017,34.0,-0.016,34.0,-0.016,34.0
886.0,-0.016,34.0,-0.014,34.0,-0.013,34.0,-0.015,34.0
886.5,-0.016,34.0,-0.014,34.0,-0.015,34.0,-0.016,34.0
887.0,-0.016,34.0,-0.015,34.0,-0.015,34.0,-0.015,34.0
887.5,-0.016,34.0,-0.016,34.0,-0.015,34.0,-0.014,34.0
888.0,-0.016,34.0,-0.015,33.9,-0.015,34.0,-0.015,34.0
888.5,-0.016,34.0,-0.016,34.0,-0.016,34.0,-0.015,34.0
889.0,-0.016,34.0,-0.016,34.0,-0.016,33.9,-0.017,34.0
889.5,-0.016,34.0,-0.015,34.0,-0.017,34.0,-0.018,34.0
890.0,-0.016,34.0,-0.015,34.0,-0.014,34.0,-0.016,34.0
890.5,-0.016,34.0,-0.014,34.0,-0.015,34.0,-0.016,34.0
891.0,-0.016,34.0,-0.014,34.0,-0.016,34.0,-0.016,34.0
891.5,-0.016,34.0,-0.015,34.0,-0.015,34.0,-0.016,34.0
892.0,-0.016,34.0,-0.014,34.0,-0.017,34.0,-0.015,34.0
892.5,-0.016,34.0,-0.017,34.0,-0.017,33.9,-0.015,34.0
893.0,-0.016,34.0,-0.016,34.0,-0.016,34.0,-0.015,34.0
893.5,-0.016,34.0,-0.015,34.0,-0.014,34.0,-0.014,34.0
894.0,-0.016,34.0,-0.017,34.0,-0.015,34.0,-0.014,34.0
894.5,-0.016,34.0,-0.015,34.0,-0.015,33.9,-0.016,34.0
895.0,-0.016,34.0,-0.014,34.0,-0.014,34.0,-0.015,34.0
895.5,-0.015,34.0,-0.015,34.0,-0.015,34.0,-0.013,34.0
896.0,-0.014,34.0,-0.014,34.0,-0.016,34.0,-0.014,34.0
896.5,-0.015,34.0,-0.015,33.9,-0.014,34.0,-0.016,34.0
897.0,-0.014,34.0,-0.012,33.9,-0.015,34.0,-0.016,34.0
897.5,-0.015,33.9,-0.017,33.9,-0.014,34.0,-0.016,33.9
898.0,-0.015,33.9,-0.014,33.9,-0.015,33.9,-0.013,33.9
898.5,-0.016,33.9,-0.016,33.9,-0.015,33.9,-0.014,33.9
899.0,-0.016,33.9,-0.015,33.9,-0.017,33.9,-0.016,33.9
899.5,-0.016,33.9,-0.016,33.9,-0.015,33.9,-0.016,33.9
900.0,-0.016,33.9,-0.016,34.0,-0.015,33.9,-0.016,33.9
900.5,-0.016,33.9,-0.016,33.9,-0.015,33.9,-0.016,34.0
901.0,-0.016,33.9,-0.016,33.9,-0.013,33.9,-0.014,33.9
901.5,-0.016,33.9,-0.016,33.9,-0.012,33.9,-0.015,33.9
902.0,-0.016,33.9,-0.014,33.9,-0.015,33.9,-0.015,33.9
902.5,-0.016,33.9,-0.014,33.9,-0.016,33.9,-0.015,33.9
903.0,-0.016,33.9,-0.014,33.9,-0.015,33.9,-0.016,33.9
903.5,-0.016,33.9,-0.016,33.9,-0.016,33.9,-0.017,33.9
904.0,-0.016,33.9,-0.015,33.9,-0.016,33.9,-0.014,33.9
904.5,-0.015,33.9,-0.013,33.9,-0.015,33.9,-0.011,33.9
905.0,-0.015,33.9,-0.013,33.9,-0.013,33.9,-0.015,33.9
905.5,-0.014,33.9,-0.015,33.9,-0.013,33.9,-0.013,33.9
906.0,-0.014,33.9,-0.015,33.9,-0.012,33.9,-0.014,33.9
906.5,-0.014,33.9,-0.014,33.9,-0.014,33.9,-0.014,33.8
907.0,-0.014,33.9,-0.015,33.9,-0.015,33.9,-0.014,33.9
907.5,-0.015,33.9,-0.014,33.9,-0.014,33.9,-0.014,33.8
908.0,-0.016,33.8,-0.016,33.9,-0.015,33.8,-0.016,33.8
908.5,-0.016,33.8,-0.016,33.9,-0.015,33.8,-0.015,33.8
909.0,-0.016,33.9,-0.016,33.9,-0.013,33.9,-0.015,33.8
909.5,-0.016,33.8,-0.015,33.8,-0.015,33.9,-0.015,33.9
910.0,-0.016,33.8,-0.013,33.8,-0.016,33.9,-0.014,33.8
910.5,-0.016,33.8,-0.014,33.8,-0.016,33.9,-0.018,33.8
911.0,-0.016,33.9,-0.016,33.8,-0.015,33.9,-0.016,33.8
911.5,-0.016,33.9,-0.016,33.9,-0.015,33.8,-0.015,33.9
912.0,-0.016,33.8,-0.016,33.9,-0.014,33.8,-0.016,33.9
912.5,-0.016,33.9,-0.016,33.9,-0.015,33.9,-0.018,33.9
913.0,-0.016,33.8,-0.016,33.8,-0.017,33.9,-0.016,33.9
913.5,-0.015,33.9,-0.015,33.9,-0.017,33.9,-0.015,33.9
914.0,-0.015,33.9,-0.016,33.9,-0.015,33.9,-0.016,33.9
914.5,-0.015,33.8,-0.016,33.9,-0.015,33.9,-0.016,33.8
915.0,-0.014,33.9,-0.014,33.8,-0.014,33.8,-0.016,33.8
915.5,-0.015,33.8,-0.015,33.8,-0.014,33.8,-0.014,33.8
916.0,-0.015,33.8,-0.016,33.8,-0.015,33.8,-0.014,33.9
916.5,-0.015,33.8,-0.016,33.8,-0.015,33.8,-0.015,33.8
917.0,-0.015,33.8,-0.014,33.8,-0.014,33.8,-0.016,33.8
917.5,-0.015,33.8,-0.015,33.8,-0.014,33.9,-0.016,33.8
918.0,-0.016,33.8,-0.016,33.8,-0.013,33.8,-0.015,33.8
918.5,-0.016,33.8,-0.016,33.8,-0.016,33.8,-0.018,33.8
919.0,-0.016,33.8,-0.016,33.8,-0.016,33.8,-0.016,33.8
919.5,-0.016,33.8,-0.016,33.9,-0.016,33.8,-0.014,33.8
920.0,-0.016,33.8,-0.016,33.8,-0.017,33.8,-0.013,33.8
920.5,-0.016,33.8,-0.015,33.8,-0.016,33.8,-0.015,33.9
921.0,-0.016,33.8,-0.014,33.8,-0.016,33.8,-0.014,33.9
921.5,-0.016,33.8,-0.016,33.9,-0.015,33.9,-0.017,33.9
922.0,-0.016,33.8,-0.017,33.8,-0.013,33.8,-0.017,33.8
922.5,-0.016,33.8,-0.016,33.8,-0.014,33.8,-0.017,33.8
923.0,-0.016,33.8,-0.015,33.8,-0.017,33.8,-0.016,33.8
923.5,-0.016,33.9,-0.015,33.9,-0.015,33.8,-0.015,33.8
924.0,-0.016,33.9,-0.015,33.9,-0.014,33.8,-0.017,33.9
924.5,-0.016,33.8,-0.013,33.9,-0.015,33.9,-0.016,33.8
925.0,-0.016,33.8,-0.014,33.9,-0.013,33.9,-0.015,33.8
925.5,-0.016,33.8,-0.017,33.8,-0.010,33.9,-0.015,33.8
926.0,-0.016,33.9,-0.015,33.9,-0.015,33.8,-0.014,33.8
926.5,-0.016,33.9,-0.015,33.9,-0.016,33.9,-0.016,33.9
927.0,-0.016,33.8,-0.014,33.8,-0.016,33.8,-0.014,33.9
927.5,-0.016,33.8,-0.016,33.8,-0.014,33.9,-0.016,33.9
928.0,-0.017,33.8,-0.017,33.8,-0.014,33.9,-0.017,33.9
928.5,-0.017,33.8,-0.017,33.9,-0.017,33.8,-0.016,33.8
929.0,-0.018,33.9,-0.015,33.9,-0.017,33.9,-0.016,33.9
929.5,-0.017,33.9,-0.016,33.9,-0.017,33.9,-0.016,33.9
930.0,-0.017,33.9,-0.016,33.9,-0.016,33.9,-0.017,33.8
930.5,-0.016,33.9,-0.017,33.9,-0.017,33.9,-0.015,33.9
931.0,-0.016,33.9,-0.018,33.9,-0.016,33.9,-0.014,33.9
931.5,-0.016,33.9,-0.017,33.9,-0.017,33.9,-0.017,33.9
932.0,-0.018,33.9,-0.016,33.9,-0.017,33.9,-0.016,33.9
932.5,-0.018,33.9,-0.015,33.9,-0.017,33.9,-0.017,33.9
933.0,-0.017,33.9,-0.016,33.9,-0.015,33.9,-0.017,33.9
933.5,-0.016,33.9,-0.016,33.9,-0.017,33.9,-0.017,33.9
934.0,-0.016,33.9,-0.016,33.9,-0.017,34.0,-0.016,33.9
934.5,-0.016,33.9,-0.015,33.9,-0.016,34.0,-0.017,33.9
935.0,-0.016,33.9,-0.016,34.0,-0.013,33.9,-0.016,33.9
935.5,-0.016,34.0,-0.017,33.9,-0.015,34.0,-0.016,34.0
936.0,-0.016,33.9,-0.018,33.9,-0.017,33.9,-0.016,34.0
936.5,-0.016,33.9,-0.017,33.9,-0.016,34.0,-0.017,33.9
937.0,-0.018,33.9,-0.016,34.0,-0.017,33.9,-0.016,33.9
937.5,-0.018,33.9,-0.017,34.0,-0.017,34.0,-0.017,33.9
938.0,-0.018,33.9,-0.017,33.9,-0.017,34.0,-0.018,33.9
938.5,-0.018,34.0,-0.018,34.0,-0.018,34.0,-0.017,33.9
939.0,-0.017,34.0,-0.017,33.9,-0.018,34.0,-0.017,34.0
939.5,-0.017,34.0,-0.018,34.0,-0.017,34.0,-0.018,34.0
940.0,-0.017,33.9,-0.017,33.9,-0.017,33.9,-0.018,33.9
940.5,-0.017,33.9,-0.017,33.9,-0.018,33.9,-0.017,33.9
941.0,-0.018,34.0,-0.017,33.9,-0.017,33.9,-0.016,33.9
941.5,-0.018,34.0,-0.018,34.0,-0.018,33.9,-0.017,34.0
942.0,-0.018,34.0,-0.018,34.0,-0.018,34.0,-0.017,34.0
942.5,-0.018,34.0,-0.018,34.0,-0.016,34.0,-0.017,34.0
943.0,-0.018,34.0,-0.017,34.0,-0.016,34.0,-0.017,34.0
943.5,-0.017,34.0,-0.016,34.0,-0.015,34.0,-0.016,34.0
944.0,-0.017,34.0,-0.018,34.1,-0.016,34.0,-0.016,34.0
944.5,-0.017,34.0,-0.016,34.0,-0.016,34.0,-0.018,34.0
945.0,-0.018,34.0,-0.016,34.0,-0.017,34.0,-0.020,34.0
945.5,-0.018,34.0,-0.017,34.0,-0.015,34.0,-0.019,34.0
946.0,-0.018,34.0,-0.017,34.0,-0.018,34.0,-0.018,34.0
946.5,-0.018,34.0,-0.018,34.0,-0.018,34.0,-0.017,34.0
947.0,-0.019,34.0,-0.018,34.0,-0.018,34.0,-0.019,34.0
947.5,-0.021,34.0,-0.021,34.0,-0.020,34.0,-0.019,34.0
948.0,-0.025,34.0,-0.026,34.1,-0.024,34.0,-0.024,34.0
948.5,-0.026,34.1,-0.028,34.1,-0.025,34.1,-0.027,34.1
949.0,-0.024,34.0,-0.025,34.0,-0.023,34.0,-0.023,34.0
949.5,-0.022,34.0,-0.021,34.0,-0.022,34.0,-0.020,34.1
950.0,-0.021,34.0,-0.021,34.0,-0.021,34.1,-0.020,34.1
950.5,-0.020,34.1,-0.020,34.1,-0.021,34.1,-0.021,34.1
951.0,-0.020,34.1,-0.021,34.1,-0.021,34.1,-0.020,34.1
951.5,-0.020,34.1,-0.022,34.1,-0.020,34.1,-0.020,34.1
952.0,-0.020,34.1,-0.019,34.1,-0.020,34.1,-0.019,34.1
952.5,-0.020,34.1,-0.019,34.1,-0.021,34.1,-0.020,34.1
953.0,-0.019,34.1,-0.019,34.1,-0.019,34.1,-0.020,34.1
953.5,-0.020,34.1,-0.020,34.1,-0.020,34.1,-0.021,34.1
954.0,-0.020,34.1,-0.020,34.1,-0.020,34.1,-0.021,34.1
954.5,-0.020,34.1,-0.021,34.2,-0.020,34.1,-0.022,34.2
