time_s,s1_flow_ml_min,s1_temp_c,s2_flow_ml_min,s2_temp_c,s3_flow_ml_min,s3_temp_c,s4_flow_ml_min,s4_temp_c
0.0,0.012,32.0,0.014,32.0,0.016,31.9,0.013,32.0
0.5,0.011,32.0,0.012,32.0,0.011,32.0,0.010,32.0
1.0,0.009,32.0,0.009,32.0,0.010,32.0,0.009,32.0
1.5,0.004,32.0,0.004,32.0,0.005,32.0,0.004,32.0
2.0,0.000,32.0,-0.000,32.0,0.001,32.0,0.000,32.0
2.5,-0.001,32.1,-0.000,32.1,0.000,32.0,-0.002,32.0
3.0,0.001,32.1,0.001,32.1,0.004,32.1,0.003,32.1
3.5,0.005,32.1,0.006,32.1,0.008,32.1,0.004,32.1
4.0,0.004,32.1,0.005,32.1,0.007,32.1,0.006,32.1
4.5,0.003,32.1,0.003,32.1,0.005,32.1,0.002,32.1
5.0,0.000,32.1,0.000,32.1,0.005,32.1,-0.001,32.1
5.5,-0.002,32.1,-0.002,32.2,0.002,32.1,-0.001,32.1
6.0,-0.003,32.2,-0.004,32.1,-0.002,32.2,-0.002,32.2
6.5,-0.014,32.2,-0.014,32.2,-0.013,32.2,-0.012,32.2
7.0,-0.031,32.2,-0.031,32.2,-0.027,32.2,-0.028,32.2
7.5,-0.069,32.2,-0.068,32.2,-0.068,32.2,-0.063,32.3
8.0,-0.123,32.2,-0.122,32.2,-0.117,32.3,-0.116,32.2
8.5,-0.173,32.1,-0.171,32.1,-0.166,32.2,-0.169,32.1
9.0,-0.181,31.9,-0.181,31.9,-0.178,32.0,-0.182,32.0
9.5,-0.141,31.8,-0.139,31.8,-0.152,31.8,-0.150,31.8
10.0,-0.089,31.7,-0.089,31.7,-0.117,31.8,-0.100,31.7
10.5,-0.058,31.7,-0.058,31.8,-0.064,31.7,-0.065,31.8
11.0,-0.042,31.8,-0.041,31.8,-0.044,31.8,-0.041,31.8
11.5,-0.032,31.9,-0.033,31.9,-0.032,31.9,-0.035,31.9
12.0,-0.029,32.0,-0.029,32.0,-0.029,31.9,-0.031,32.0
12.5,-0.021,32.0,-0.022,32.0,-0.025,32.0,-0.023,32.0
13.0,-0.026,32.1,-0.025,32.1,-0.022,32.0,-0.025,32.1
13.5,-0.027,32.1,-0.026,32.2,-0.022,32.0,-0.026,32.1
14.0,-0.028,32.2,-0.028,32.2,-0.027,32.1,-0.028,32.2
14.5,-0.031,32.2,-0.031,32.2,-0.031,32.2,-0.031,32.2
15.0,-0.030,32.3,-0.029,32.3,-0.033,32.3,-0.030,32.3
15.5,-0.027,32.3,-0.027,32.3,-0.031,32.3,-0.027,32.3
16.0,-0.030,32.3,-0.030,32.3,-0.029,32.3,-0.028,32.3
16.5,-0.035,32.4,-0.034,32.4,-0.035,32.4,-0.035,32.4
17.0,-0.035,32.4,-0.035,32.4,-0.036,32.4,-0.036,32.4
17.5,-0.036,32.4,-0.036,32.4,-0.035,32.4,-0.035,32.4
18.0,-0.035,32.4,-0.035,32.4,-0.035,32.4,-0.035,32.4
18.5,-0.030,32.4,-0.030,32.4,-0.030,32.4,-0.030,32.4
19.0,-0.027,32.4,-0.026,32.4,-0.027,32.5,-0.027,32.4
19.5,-0.025,32.5,-0.024,32.5,-0.024,32.5,-0.024,32.5
20.0,-0.030,32.5,-0.029,32.5,-0.030,32.5,-0.024,32.5
20.5,-0.035,32.5,-0.035,32.5,-0.037,32.5,-0.025,32.5
21.0,-0.045,32.5,-0.046,32.6,-0.040,32.5,-0.036,32.6
21.5,-0.046,32.5,-0.047,32.5,-0.048,32.6,-0.054,32.5
22.0,-0.030,32.5,-0.031,32.5,-0.031,32.5,-0.034,32.5
22.5,-0.015,32.5,-0.015,32.5,-0.017,32.5,-0.016,32.5
23.0,-0.008,32.6,-0.008,32.5,-0.010,32.6,-0.008,32.6
23.5,-0.004,32.6,-0.004,32.6,-0.004,32.6,-0.005,32.6
24.0,-0.007,32.6,-0.006,32.6,-0.005,32.6,-0.007,32.6
24.5,-0.004,32.6,-0.003,32.7,-0.005,32.7,-0.004,32.6
25.0,-0.002,32.7,0.001,32.7,0.000,32.6,-0.001,32.6
25.5,-0.004,32.7,-0.005,32.7,-0.002,32.6,-0.004,32.7
26.0,-0.003,32.7,-0.003,32.7,-0.006,32.7,-0.004,32.7
26.5,0.004,32.7,0.005,32.7,0.003,32.7,0.003,32.7
27.0,0.009,32.7,0.009,32.7,0.009,32.7,0.007,32.7
27.5,0.016,32.7,0.017,32.7,0.016,32.7,0.009,32.7
28.0,0.018,32.7,0.020,32.7,0.017,32.7,0.018,32.7
28.5,0.019,32.7,0.020,32.7,0.021,32.7,0.018,32.7
29.0,0.013,32.7,0.013,32.7,0.023,32.7,0.015,32.7
29.5,0.004,32.7,0.006,32.7,0.006,32.7,0.005,32.6
30.0,0.006,32.7,0.006,32.6,0.002,32.6,0.005,32.6
30.5,0.009,32.7,0.009,32.7,0.005,32.6,0.010,32.6
31.0,0.016,32.7,0.017,32.7,0.012,32.7,0.015,32.6
31.5,0.017,32.7,0.017,32.6,0.015,32.7,0.017,32.7
32.0,0.018,32.7,0.019,32.6,0.017,32.7,0.017,32.6
32.5,0.019,32.6,0.018,32.6,0.016,32.6,0.018,32.6
33.0,0.017,32.6,0.016,32.6,0.016,32.6,0.018,32.6
33.5,0.016,32.6,0.016,32.7,0.016,32.6,0.018,32.6
34.0,0.012,32.6,0.014,32.6,0.013,32.6,0.015,32.6
34.5,0.014,32.6,0.015,32.6,0.013,32.6,0.016,32.6
35.0,0.022,32.6,0.021,32.6,0.021,32.6,0.021,32.6
35.5,0.023,32.6,0.023,32.6,0.023,32.6,0.022,32.6
36.0,0.028,32.6,0.028,32.6,0.025,32.5,0.028,32.6
36.5,0.028,32.5,0.029,32.5,0.026,32.6,0.026,32.5
37.0,0.032,32.5,0.031,32.5,0.031,32.5,0.035,32.5
37.5,0.031,32.5,0.031,32.5,0.031,32.5,0.036,32.5
38.0,0.028,32.5,0.030,32.5,0.029,32.5,0.030,32.4
38.5,0.025,32.5,0.025,32.5,0.024,32.4,0.025,32.5
39.0,0.019,32.4,0.020,32.4,0.022,32.4,0.020,32.4
39.5,0.019,32.5,0.019,32.5,0.022,32.4,0.019,32.5
40.0,0.021,32.5,0.021,32.5,0.020,32.4,0.020,32.5
40.5,0.024,32.5,0.024,32.5,0.023,32.5,0.022,32.5
41.0,0.025,32.5,0.025,32.4,0.026,32.5,0.023,32.4
41.5,0.021,32.5,0.021,32.5,0.023,32.5,0.020,32.5
42.0,0.021,32.5,0.021,32.5,0.024,32.5,0.021,32.5
42.5,0.019,32.5,0.019,32.5,0.020,32.5,0.018,32.5
43.0,0.017,32.5,0.017,32.5,0.019,32.4,0.015,32.5
43.5,0.015,32.5,0.014,32.5,0.020,32.4,0.015,32.5
44.0,0.012,32.5,0.011,32.5,0.012,32.5,0.014,32.5
44.5,0.019,32.5,0.019,32.5,0.014,32.5,0.020,32.5
45.0,0.023,32.5,0.024,32.5,0.026,32.5,0.023,32.5
45.5,0.027,32.5,0.028,32.5,0.025,32.5,0.025,32.5
46.0,0.027,32.5,0.027,32.5,0.028,32.5,0.026,32.5
46.5,0.028,32.5,0.028,32.5,0.027,32.5,0.027,32.5
47.0,0.029,32.5,0.029,32.5,0.028,32.4,0.030,32.5
47.5,0.026,32.4,0.026,32.4,0.026,32.4,0.027,32.4
48.0,0.027,32.4,0.029,32.4,0.026,32.5,0.026,32.4
48.5,0.023,32.4,0.024,32.4,0.024,32.5,0.024,32.4
49.0,0.017,32.4,0.019,32.4,0.020,32.5,0.016,32.5
49.5,0.022,32.5,0.023,32.5,0.022,32.5,0.019,32.4
50.0,0.023,32.5,0.022,32.5,0.023,32.4,0.022,32.5
50.5,0.024,32.4,0.023,32.5,0.025,32.4,0.024,32.4
51.0,0.022,32.5,0.022,32.5,0.025,32.4,0.022,32.4
51.5,0.023,32.4,0.023,32.4,0.023,32.4,0.023,32.4
52.0,0.021,32.4,0.020,32.4,0.024,32.4,0.022,32.5
52.5,0.019,32.4,0.019,32.4,0.023,32.4,0.020,32.5
53.0,0.017,32.4,0.018,32.4,0.018,32.4,0.018,32.5
53.5,0.015,32.5,0.016,32.4,0.015,32.5,0.015,32.4
54.0,0.023,32.5,0.023,32.5,0.018,32.5,0.019,32.5
54.5,0.024,32.5,0.025,32.5,0.024,32.5,0.024,32.5
55.0,0.026,32.5,0.025,32.5,0.024,32.5,0.026,32.5
55.5,0.028,32.5,0.027,32.4,0.026,32.5,0.028,32.4
56.0,0.027,32.5,0.027,32.5,0.028,32.5,0.027,32.5
56.5,0.031,32.4,0.030,32.4,0.032,32.5,0.028,32.5
57.0,0.029,32.4,0.028,32.4,0.029,32.4,0.033,32.4
57.5,0.029,32.4,0.029,32.4,0.027,32.4,0.030,32.4
58.0,0.028,32.4,0.027,32.4,0.028,32.4,0.029,32.4
58.5,0.022,32.4,0.022,32.4,0.022,32.4,0.027,32.4
59.0,0.020,32.4,0.022,32.4,0.020,32.4,0.020,32.4
59.5,0.021,32.4,0.021,32.4,0.021,32.5,0.020,32.4
60.0,0.025,32.4,0.025,32.4,0.024,32.4,0.023,32.4
60.5,0.023,32.4,0.023,32.4,0.023,32.4,0.022,32.4
61.0,0.022,32.4,0.023,32.4,0.022,32.4,0.022,32.4
61.5,0.021,32.4,0.021,32.4,0.021,32.4,0.026,32.5
62.0,0.018,32.4,0.021,32.5,0.018,32.5,0.022,32.5
62.5,0.017,32.4,0.018,32.5,0.018,32.4,0.016,32.5
63.0,0.013,32.4,0.013,32.5,0.017,32.4,0.015,32.5
63.5,0.014,32.5,0.011,32.5,0.019,32.4,0.014,32.5
64.0,0.021,32.5,0.020,32.5,0.020,32.5,0.022,32.5
64.5,0.022,32.5,0.022,32.5,0.022,32.5,0.021,32.5
65.0,0.025,32.5,0.026,32.5,0.024,32.5,0.024,32.5
65.5,0.028,32.5,0.027,32.5,0.024,32.5,0.026,32.5
66.0,0.032,32.5,0.032,32.5,0.030,32.5,0.028,32.4
66.5,0.031,32.4,0.029,32.5,0.033,32.5,0.031,32.5
67.0,0.030,32.4,0.029,32.4,0.030,32.4,0.034,32.5
67.5,0.029,32.4,0.029,32.4,0.034,32.4,0.031,32.4
68.0,0.024,32.4,0.026,32.4,0.026,32.4,0.027,32.4
68.5,0.017,32.4,0.019,32.4,0.020,32.4,0.019,32.4
69.0,0.019,32.4,0.021,32.4,0.019,32.4,0.018,32.4
69.5,0.023,32.4,0.025,32.4,0.020,32.5,0.021,32.4
70.0,0.023,32.4,0.025,32.4,0.022,32.5,0.024,32.4
70.5,0.023,32.4,0.023,32.4,0.023,32.4,0.027,32.4
71.0,0.023,32.4,0.023,32.4,0.023,32.4,0.025,32.4
71.5,0.021,32.4,0.022,32.4,0.021,32.5,0.026,32.4
72.0,0.019,32.4,0.020,32.4,0.019,32.5,0.026,32.4
72.5,0.017,32.4,0.017,32.4,0.019,32.4,0.021,32.4
73.0,0.015,32.5,0.017,32.5,0.017,32.5,0.016,32.4
73.5,0.017,32.5,0.018,32.5,0.016,32.5,0.017,32.4
74.0,0.020,32.5,0.019,32.5,0.019,32.5,0.020,32.5
74.5,0.023,32.5,0.023,32.5,0.025,32.5,0.023,32.5
75.0,0.022,32.5,0.023,32.5,0.023,32.5,0.024,32.5
75.5,0.025,32.5,0.026,32.5,0.024,32.5,0.026,32.5
76.0,0.027,32.5,0.027,32.5,0.026,32.5,0.028,32.5
76.5,0.026,32.5,0.028,32.5,0.026,32.5,0.026,32.5
77.0,0.025,32.5,0.026,32.5,0.026,32.5,0.027,32.4
77.5,0.023,32.4,0.026,32.5,0.023,32.5,0.024,32.4
78.0,0.020,32.4,0.021,32.4,0.020,32.4,0.021,32.5
78.5,0.015,32.4,0.015,32.5,0.016,32.4,0.014,32.4
79.0,0.018,32.5,0.018,32.5,0.016,32.5,0.015,32.5
79.5,0.023,32.5,0.023,32.5,0.019,32.5,0.021,32.5
80.0,0.023,32.5,0.024,32.5,0.024,32.5,0.024,32.5
80.5,0.023,32.5,0.024,32.5,0.023,32.5,0.022,32.4
81.0,0.020,32.5,0.019,32.5,0.024,32.5,0.020,32.5
81.5,0.019,32.5,0.018,32.5,0.021,32.5,0.019,32.5
82.0,0.017,32.5,0.017,32.5,0.020,32.5,0.019,32.4
82.5,0.014,32.5,0.014,32.5,0.015,32.4,0.015,32.5
83.0,0.013,32.5,0.012,32.5,0.013,32.5,0.018,32.5
83.5,0.014,32.5,0.013,32.5,0.011,32.5,0.013,32.5
84.0,0.023,32.5,0.024,32.5,0.022,32.5,0.022,32.6
84.5,0.027,32.5,0.026,32.5,0.026,32.5,0.025,32.5
85.0,0.028,32.5,0.028,32.5,0.026,32.5,0.027,32.5
85.5,0.030,32.5,0.029,32.5,0.026,32.5,0.031,32.5
86.0,0.028,32.5,0.028,32.5,0.029,32.5,0.029,32.5
86.5,0.030,32.5,0.032,32.4,0.027,32.4,0.028,32.5
87.0,0.027,32.4,0.029,32.5,0.027,32.4,0.027,32.4
87.5,0.025,32.4,0.026,32.4,0.025,32.4,0.028,32.4
88.0,0.018,32.4,0.019,32.4,0.019,32.4,0.021,32.4
88.5,0.018,32.4,0.019,32.4,0.020,32.4,0.018,32.5
89.0,0.026,32.5,0.024,32.5,0.024,32.5,0.020,32.5
89.5,0.025,32.4,0.025,32.5,0.024,32.4,0.026,32.5
90.0,0.025,32.4,0.025,32.4,0.028,32.4,0.026,32.4
90.5,0.023,32.4,0.025,32.4,0.022,32.4,0.025,32.5
91.0,0.020,32.4,0.020,32.4,0.018,32.4,0.022,32.5
91.5,0.019,32.4,0.020,32.5,0.018,32.4,0.019,32.4
92.0,0.016,32.4,0.017,32.4,0.016,32.4,0.016,32.4
92.5,0.015,32.5,0.015,32.5,0.014,32.5,0.016,32.4
93.0,0.012,32.5,0.012,32.5,0.014,32.5,0.016,32.4
93.5,0.019,32.5,0.019,32.5,0.018,32.5,0.021,32.5
94.0,0.026,32.5,0.024,32.5,0.024,32.5,0.026,32.5
94.5,0.025,32.5,0.025,32.5,0.026,32.5,0.025,32.5
95.0,0.032,32.5,0.034,32.5,0.029,32.5,0.031,32.5
95.5,0.031,32.5,0.033,32.5,0.032,32.5,0.030,32.5
96.0,0.032,32.4,0.033,32.4,0.032,32.5,0.034,32.4
96.5,0.029,32.4,0.030,32.4,0.028,32.4,0.028,32.4
97.0,0.027,32.4,0.027,32.4,0.026,32.4,0.025,32.4
97.5,0.027,32.4,0.028,32.4,0.028,32.4,0.027,32.4
98.0,0.022,32.4,0.023,32.4,0.022,32.4,0.025,32.4
98.5,0.023,32.4,0.023,32.4,0.022,32.4,0.024,32.4
99.0,0.021,32.4,0.021,32.4,0.020,32.4,0.022,32.4
99.5,0.022,32.4,0.021,32.4,0.021,32.4,0.023,32.4
100.0,0.025,32.4,0.024,32.5,0.028,32.4,0.025,32.4
100.5,0.023,32.4,0.022,32.4,0.023,32.4,0.024,32.4
101.0,0.023,32.4,0.023,32.4,0.022,32.4,0.022,32.4
101.5,0.020,32.4,0.020,32.4,0.021,32.4,0.022,32.4
102.0,0.019,32.4,0.020,32.4,0.018,32.4,0.020,32.5
102.5,0.016,32.4,0.015,32.5,0.016,32.5,0.018,32.5
103.0,0.013,32.5,0.013,32.5,0.013,32.5,0.011,32.4
103.5,0.021,32.5,0.022,32.5,0.012,32.5,0.018,32.5
104.0,0.024,32.5,0.026,32.5,0.022,32.5,0.021,32.5
104.5,0.028,32.4,0.030,32.4,0.028,32.5,0.027,32.5
105.0,0.029,32.5,0.030,32.5,0.028,32.5,0.029,32.5
105.5,0.028,32.4,0.030,32.4,0.029,32.5,0.029,32.5
106.0,0.029,32.4,0.031,32.4,0.030,32.4,0.031,32.4
106.5,0.027,32.4,0.027,32.4,0.029,32.4,0.027,32.4
107.0,0.030,32.4,0.030,32.4,0.029,32.4,0.031,32.4
107.5,0.028,32.4,0.026,32.4,0.032,32.4,0.028,32.4
108.0,0.029,32.4,0.031,32.4,0.034,32.5,0.026,32.4
108.5,0.028,32.4,0.029,32.4,0.029,32.4,0.026,32.3
109.0,0.026,32.4,0.026,32.4,0.025,32.3,0.026,32.4
109.5,0.027,32.4,0.027,32.4,0.025,32.4,0.026,32.3
110.0,0.024,32.3,0.024,32.4,0.026,32.4,0.024,32.3
110.5,0.025,32.4,0.024,32.4,0.023,32.4,0.025,32.3
111.0,0.022,32.4,0.021,32.4,0.023,32.4,0.023,32.3
111.5,0.020,32.4,0.019,32.4,0.018,32.3,0.021,32.4
112.0,0.019,32.4,0.020,32.4,0.018,32.3,0.020,32.3
112.5,0.016,32.4,0.017,32.4,0.017,32.4,0.018,32.3
113.0,0.014,32.4,0.014,32.4,0.014,32.4,0.015,32.4
113.5,0.022,32.4,0.021,32.4,0.020,32.4,0.022,32.4
114.0,0.027,32.4,0.025,32.4,0.024,32.4,0.028,32.5
114.5,0.029,32.4,0.028,32.4,0.029,32.4,0.029,32.4
115.0,0.027,32.4,0.027,32.4,0.027,32.4,0.028,32.4
115.5,0.032,32.4,0.033,32.4,0.033,32.4,0.030,32.4
116.0,0.029,32.4,0.031,32.4,0.030,32.4,0.027,32.4
116.5,0.031,32.3,0.031,32.4,0.030,32.4,0.029,32.3
117.0,0.030,32.4,0.031,32.4,0.029,32.4,0.031,32.3
117.5,0.028,32.4,0.028,32.4,0.028,32.4,0.028,32.4
118.0,0.029,32.3,0.029,32.3,0.031,32.3,0.028,32.3
118.5,0.027,32.3,0.025,32.3,0.027,32.3,0.033,32.4
119.0,0.028,32.3,0.029,32.3,0.026,32.3,0.030,32.3
119.5,0.024,32.3,0.027,32.3,0.025,32.3,0.024,32.3
120.0,0.024,32.3,0.024,32.3,0.022,32.3,0.023,32.3
120.5,0.024,32.3,0.025,32.3,0.023,32.3,0.025,32.3
121.0,0.022,32.3,0.022,32.3,0.022,32.3,0.023,32.3
121.5,0.024,32.3,0.025,32.3,0.027,32.4,0.026,32.3
122.0,0.019,32.3,0.018,32.3,0.019,32.4,0.020,32.3
122.5,0.020,32.3,0.019,32.3,0.020,32.3,0.018,32.3
123.0,0.025,32.3,0.024,32.4,0.025,32.3,0.026,32.3
123.5,0.026,32.4,0.024,32.3,0.024,32.3,0.034,32.4
124.0,0.028,32.3,0.028,32.4,0.025,32.3,0.032,32.4
124.5,0.028,32.3,0.029,32.4,0.026,32.3,0.028,32.3
125.0,0.031,32.3,0.032,32.3,0.030,32.3,0.028,32.3
125.5,0.032,32.3,0.033,32.3,0.030,32.3,0.030,32.3
126.0,0.033,32.3,0.034,32.3,0.031,32.3,0.032,32.3
126.5,0.033,32.3,0.032,32.3,0.032,32.3,0.034,32.3
127.0,0.029,32.3,0.029,32.3,0.030,32.3,0.030,32.2
127.5,0.030,32.3,0.031,32.3,0.031,32.2,0.029,32.3
128.0,0.028,32.3,0.027,32.3,0.032,32.2,0.030,32.3
128.5,0.027,32.3,0.027,32.3,0.032,32.3,0.030,32.3
129.0,0.025,32.2,0.025,32.2,0.026,32.2,0.027,32.2
129.5,0.022,32.3,0.022,32.3,0.022,32.2,0.021,32.2
130.0,0.022,32.3,0.023,32.3,0.022,32.3,0.026,32.3
130.5,0.020,32.3,0.021,32.3,0.021,32.3,0.020,32.3
131.0,0.021,32.3,0.022,32.3,0.023,32.3,0.021,32.3
131.5,0.019,32.3,0.019,32.3,0.016,32.3,0.019,32.3
132.0,0.019,32.3,0.018,32.3,0.017,32.3,0.018,32.3
132.5,0.022,32.3,0.022,32.3,0.020,32.3,0.022,32.3
133.0,0.023,32.3,0.023,32.3,0.024,32.3,0.022,32.4
133.5,0.029,32.3,0.028,32.3,0.026,32.3,0.022,32.4
134.0,0.029,32.3,0.031,32.3,0.026,32.3,0.029,32.3
134.5,0.029,32.3,0.030,32.3,0.026,32.3,0.028,32.3
135.0,0.031,32.3,0.034,32.3,0.029,32.3,0.030,32.3
135.5,0.026,32.3,0.026,32.3,0.029,32.2,0.026,32.3
136.0,0.031,32.3,0.030,32.3,0.028,32.3,0.031,32.3
136.5,0.030,32.3,0.031,32.3,0.027,32.3,0.033,32.3
137.0,0.030,32.3,0.031,32.3,0.027,32.3,0.028,32.3
137.5,0.028,32.2,0.029,32.3,0.028,32.2,0.028,32.2
138.0,0.025,32.3,0.026,32.3,0.028,32.3,0.025,32.2
138.5,0.024,32.3,0.023,32.3,0.022,32.3,0.024,32.3
139.0,0.022,32.3,0.022,32.2,0.023,32.2,0.022,32.3
139.5,0.024,32.3,0.022,32.2,0.023,32.2,0.027,32.3
140.0,0.021,32.3,0.025,32.3,0.023,32.3,0.023,32.3
140.5,0.022,32.3,0.023,32.3,0.023,32.3,0.021,32.3
141.0,0.021,32.3,0.021,32.3,0.019,32.3,0.023,32.3
141.5,0.017,32.3,0.016,32.3,0.018,32.3,0.017,32.3
142.0,0.015,32.3,0.015,32.3,0.015,32.3,0.016,32.3
142.5,0.019,32.3,0.020,32.3,0.019,32.3,0.016,32.3
143.0,0.022,32.3,0.021,32.3,0.018,32.3,0.023,32.3
143.5,0.022,32.3,0.023,32.3,0.022,32.3,0.030,32.3
144.0,0.023,32.3,0.024,32.3,0.024,32.3,0.029,32.3
144.5,0.021,32.3,0.021,32.3,0.022,32.3,0.024,32.3
145.0,0.020,32.3,0.019,32.3,0.019,32.3,0.022,32.3
145.5,0.022,32.3,0.020,32.3,0.021,32.3,0.024,32.3
146.0,0.023,32.3,0.026,32.3,0.022,32.3,0.025,32.3
146.5,0.022,32.3,0.024,32.3,0.025,32.3,0.021,32.3
147.0,0.020,32.3,0.021,32.3,0.019,32.3,0.021,32.3
147.5,0.015,32.4,0.016,32.3,0.015,32.4,0.019,32.3
148.0,0.015,32.3,0.014,32.3,0.018,32.3,0.013,32.3
148.5,0.013,32.4,0.012,32.4,0.015,32.4,0.014,32.4
149.0,0.013,32.3,0.012,32.3,0.015,32.4,0.014,32.3
149.5,0.011,32.4,0.012,32.4,0.013,32.4,0.011,32.3
150.0,0.011,32.4,0.011,32.4,0.010,32.4,0.013,32.3
150.5,0.011,32.4,0.010,32.4,0.011,32.4,0.012,32.4
151.0,0.008,32.4,0.010,32.4,0.010,32.4,0.009,32.4
151.5,0.012,32.4,0.014,32.4,0.010,32.4,0.011,32.4
152.0,0.015,32.4,0.017,32.4,0.014,32.4,0.014,32.4
152.5,0.015,32.5,0.016,32.5,0.013,32.4,0.016,32.4
153.0,0.015,32.5,0.019,32.5,0.014,32.4,0.018,32.4
153.5,0.011,32.5,0.012,32.5,0.012,32.5,0.011,32.4
154.0,0.012,32.5,0.012,32.5,0.010,32.4,0.015,32.5
154.5,0.011,32.4,0.011,32.5,0.011,32.4,0.011,32.4
155.0,0.011,32.5,0.011,32.5,0.010,32.4,0.011,32.5
155.5,0.013,32.5,0.014,32.5,0.012,32.5,0.013,32.5
156.0,0.010,32.5,0.011,32.5,0.011,32.5,0.008,32.4
156.5,0.009,32.5,0.009,32.5,0.010,32.5,0.005,32.5
157.0,0.008,32.5,0.008,32.5,0.009,32.5,0.007,32.5
157.5,0.008,32.5,0.008,32.5,0.014,32.5,0.008,32.5
158.0,0.007,32.5,0.008,32.5,0.016,32.5,0.007,32.5
158.5,0.005,32.5,0.006,32.5,0.005,32.5,0.005,32.6
159.0,0.003,32.5,0.004,32.5,0.002,32.5,0.003,32.5
159.5,0.004,32.6,0.006,32.5,0.003,32.5,0.003,32.5
160.0,0.006,32.6,0.009,32.6,0.004,32.5,0.004,32.5
160.5,0.008,32.6,0.011,32.6,0.007,32.6,0.010,32.6
161.0,0.009,32.6,0.010,32.6,0.010,32.6,0.008,32.6
161.5,0.009,32.6,0.009,32.6,0.009,32.6,0.010,32.6
162.0,0.006,32.6,0.006,32.6,0.004,32.6,0.010,32.6
162.5,0.008,32.6,0.006,32.6,0.006,32.6,0.007,32.6
163.0,0.005,32.6,0.005,32.6,0.005,32.6,0.005,32.6
163.5,0.007,32.6,0.008,32.6,0.004,32.6,0.006,32.6
164.0,0.007,32.6,0.008,32.6,0.007,32.6,0.005,32.6
164.5,0.007,32.6,0.007,32.6,0.008,32.6,0.006,32.6
165.0,0.008,32.6,0.009,32.6,0.008,32.6,0.008,32.6
165.5,0.003,32.6,0.003,32.6,0.005,32.6,0.002,32.6
166.0,-0.003,32.6,-0.004,32.6,0.002,32.6,-0.003,32.6
166.5,-0.011,32.6,-0.012,32.6,-0.004,32.6,-0.008,32.6
167.0,-0.017,32.6,-0.016,32.6,-0.015,32.6,-0.017,32.7
167.5,-0.025,32.7,-0.025,32.7,-0.022,32.7,-0.025,32.7
168.0,-0.038,32.7,-0.039,32.7,-0.037,32.7,-0.036,32.7
168.5,-0.051,32.7,-0.050,32.7,-0.045,32.8,-0.050,32.7
169.0,-0.060,32.8,-0.059,32.8,-0.058,32.8,-0.059,32.8
169.5,-0.060,32.8,-0.059,32.8,-0.060,32.8,-0.060,32.7
170.0,-0.051,32.8,-0.051,32.8,-0.054,32.8,-0.056,32.7
170.5,-0.037,32.8,-0.037,32.8,-0.044,32.8,-0.040,32.8
171.0,-0.024,32.8,-0.025,32.8,-0.029,32.8,-0.026,32.8
171.5,-0.016,32.8,-0.016,32.8,-0.018,32.8,-0.017,32.9
172.0,-0.011,32.9,-0.011,32.9,-0.012,32.9,-0.011,32.9
172.5,-0.010,32.9,-0.010,32.9,-0.013,32.9,-0.010,32.9
173.0,-0.012,32.9,-0.013,32.9,-0.012,32.9,-0.012,32.9
173.5,-0.018,32.9,-0.018,32.9,-0.016,32.9,-0.018,32.9
174.0,-0.028,32.9,-0.028,32.9,-0.027,32.9,-0.026,32.9
174.5,-0.039,32.9,-0.036,33.0,-0.037,32.9,-0.037,32.9
175.0,-0.043,32.9,-0.043,32.9,-0.041,32.9,-0.040,32.9
175.5,-0.032,33.0,-0.033,32.9,-0.033,32.9,-0.032,33.0
176.0,-0.020,33.0,-0.021,32.9,-0.019,33.0,-0.024,33.0
176.5,-0.014,33.0,-0.014,32.9,-0.013,32.9,-0.017,33.0
177.0,-0.019,33.0,-0.020,33.0,-0.020,33.0,-0.017,32.9
177.5,-0.024,33.0,-0.024,33.0,-0.024,33.0,-0.024,33.0
178.0,-0.025,33.0,-0.026,33.0,-0.026,33.0,-0.025,33.0
178.5,-0.028,33.0,-0.028,33.0,-0.027,33.0,-0.028,33.0
179.0,-0.030,33.0,-0.030,33.0,-0.029,33.0,-0.029,33.0
179.5,-0.035,33.0,-0.035,33.0,-0.035,33.0,-0.031,33.0
180.0,-0.041,33.1,-0.040,33.1,-0.038,33.1,-0.040,33.0
180.5,-0.042,33.0,-0.042,33.0,-0.039,33.0,-0.044,33.0
181.0,-0.032,33.0,-0.032,33.0,-0.032,33.0,-0.034,33.0
181.5,-0.023,33.0,-0.024,33.1,-0.024,33.0,-0.030,33.0
182.0,-0.018,33.0,-0.017,33.0,-0.018,33.1,-0.020,33.0
182.5,-0.018,33.0,-0.018,33.0,-0.019,33.0,-0.019,33.0
183.0,-0.020,33.1,-0.019,33.1,-0.021,33.1,-0.019,33.1
183.5,-0.025,33.1,-0.024,33.1,-0.022,33.1,-0.026,33.1
184.0,-0.026,33.1,-0.025,33.1,-0.024,33.1,-0.025,33.1
184.5,-0.023,33.1,-0.023,33.1,-0.024,33.1,-0.022,33.1
185.0,-0.010,33.1,-0.009,33.1,-0.012,33.0,-0.019,33.1
185.5,0.006,33.1,0.006,33.1,0.007,33.1,0.005,33.1
186.0,0.004,33.1,0.003,33.1,0.007,33.1,0.004,33.1
186.5,0.002,33.1,0.004,33.1,0.004,33.2,0.003,33.1
187.0,-0.004,33.1,-0.004,33.1,-0.001,33.1,0.001,33.1
187.5,-0.007,33.1,-0.006,33.1,-0.005,33.1,-0.006,33.1
188.0,-0.003,33.1,-0.002,33.1,-0.003,33.1,-0.003,33.1
188.5,-0.001,33.1,0.000,33.1,-0.003,33.1,-0.000,33.1
189.0,-0.002,33.1,-0.001,33.1,-0.001,33.1,-0.001,33.1
189.5,0.003,33.1,0.002,33.1,0.003,33.1,0.001,33.1
190.0,0.010,33.1,0.012,33.0,0.009,33.1,0.007,33.1
190.5,0.013,33.1,0.014,33.1,0.013,33.1,0.012,33.1
191.0,0.014,33.0,0.014,33.0,0.014,33.0,0.015,33.1
191.5,0.016,33.0,0.016,33.1,0.015,33.0,0.016,33.0
192.0,0.014,33.0,0.014,33.0,0.016,33.0,0.015,33.0
192.5,0.011,32.9,0.009,32.9,0.014,33.0,0.011,32.9
193.0,0.008,32.9,0.007,32.9,0.014,33.0,0.007,32.9
193.5,0.013,32.9,0.010,32.9,0.012,32.9,0.014,32.9
194.0,0.017,32.9,0.016,32.9,0.015,33.0,0.018,32.9
194.5,0.019,32.9,0.017,32.9,0.019,32.9,0.018,32.9
195.0,0.021,32.9,0.022,32.9,0.021,32.9,0.020,32.9
195.5,0.019,32.8,0.020,32.8,0.019,32.9,0.017,32.9
196.0,0.018,32.8,0.018,32.8,0.019,32.8,0.018,32.8
196.5,0.014,32.8,0.016,32.8,0.013,32.8,0.016,32.8
197.0,0.012,32.8,0.013,32.8,0.012,32.8,0.013,32.8
197.5,0.011,32.8,0.011,32.8,0.011,32.8,0.012,32.8
198.0,0.016,32.8,0.016,32.8,0.015,32.8,0.016,32.8
198.5,0.023,32.8,0.023,32.8,0.020,32.8,0.023,32.8
199.0,0.025,32.8,0.024,32.8,0.024,32.8,0.022,32.8
199.5,0.028,32.7,0.027,32.7,0.028,32.7,0.025,32.7
200.0,0.029,32.7,0.029,32.7,0.028,32.7,0.028,32.7
200.5,0.027,32.6,0.028,32.7,0.030,32.6,0.026,32.6
201.0,0.028,32.6,0.029,32.6,0.030,32.6,0.029,32.6
201.5,0.026,32.6,0.026,32.6,0.027,32.6,0.027,32.6
202.0,0.023,32.6,0.023,32.6,0.023,32.6,0.022,32.5
202.5,0.023,32.6,0.023,32.5,0.025,32.6,0.023,32.6
203.0,0.017,32.5,0.018,32.5,0.016,32.6,0.018,32.5
203.5,0.020,32.6,0.019,32.5,0.017,32.5,0.018,32.6
204.0,0.021,32.6,0.022,32.5,0.024,32.6,0.020,32.6
204.5,0.022,32.5,0.024,32.5,0.025,32.6,0.022,32.5
205.0,0.022,32.5,0.022,32.5,0.023,32.5,0.022,32.5
205.5,0.021,32.5,0.021,32.5,0.021,32.5,0.021,32.5
206.0,0.019,32.5,0.019,32.6,0.019,32.5,0.019,32.5
206.5,0.016,32.5,0.016,32.5,0.016,32.5,0.015,32.5
207.0,0.013,32.5,0.014,32.5,0.014,32.5,0.015,32.5
207.5,0.015,32.5,0.016,32.5,0.011,32.5,0.017,32.5
208.0,0.025,32.5,0.023,32.5,0.023,32.6,0.024,32.5
208.5,0.026,32.5,0.026,32.5,0.026,32.5,0.025,32.5
209.0,0.027,32.5,0.026,32.5,0.026,32.5,0.025,32.5
209.5,0.029,32.5,0.031,32.5,0.029,32.5,0.029,32.5
210.0,0.028,32.5,0.029,32.4,0.027,32.5,0.031,32.4
210.5,0.029,32.4,0.029,32.4,0.026,32.5,0.031,32.4
211.0,0.027,32.4,0.027,32.4,0.026,32.5,0.026,32.4
211.5,0.025,32.4,0.026,32.4,0.026,32.4,0.024,32.4
212.0,0.022,32.4,0.022,32.4,0.022,32.4,0.023,32.4
212.5,0.016,32.4,0.016,32.4,0.018,32.4,0.017,32.4
213.0,0.021,32.4,0.022,32.4,0.018,32.4,0.020,32.4
213.5,0.026,32.4,0.026,32.4,0.023,32.4,0.027,32.4
214.0,0.026,32.4,0.026,32.4,0.025,32.4,0.029,32.4
214.5,0.024,32.4,0.026,32.4,0.024,32.4,0.023,32.4
215.0,0.020,32.4,0.021,32.4,0.021,32.4,0.020,32.4
215.5,0.020,32.4,0.022,32.4,0.019,32.4,0.023,32.3
216.0,0.017,32.4,0.017,32.4,0.016,32.4,0.019,32.3
216.5,0.015,32.4,0.016,32.4,0.016,32.4,0.015,32.4
217.0,0.013,32.4,0.013,32.4,0.014,32.4,0.013,32.4
217.5,0.017,32.4,0.017,32.4,0.014,32.4,0.016,32.4
218.0,0.023,32.4,0.023,32.4,0.021,32.4,0.022,32.4
218.5,0.027,32.4,0.028,32.4,0.024,32.4,0.029,32.4
219.0,0.031,32.4,0.031,32.4,0.033,32.4,0.029,32.4
219.5,0.031,32.4,0.030,32.4,0.034,32.3,0.033,32.3
220.0,0.030,32.3,0.030,32.3,0.032,32.3,0.028,32.4
220.5,0.030,32.3,0.031,32.3,0.029,32.3,0.028,32.3
221.0,0.028,32.3,0.028,32.3,0.027,32.3,0.028,32.3
221.5,0.029,32.3,0.030,32.3,0.027,32.3,0.030,32.3
222.0,0.020,32.3,0.022,32.3,0.023,32.3,0.022,32.3
222.5,0.017,32.3,0.017,32.3,0.017,32.3,0.018,32.3
223.0,0.021,32.3,0.021,32.3,0.022,32.3,0.019,32.3
223.5,0.022,32.3,0.021,32.3,0.021,32.3,0.023,32.3
224.0,0.023,32.3,0.023,32.3,0.021,32.3,0.024,32.3
224.5,0.021,32.3,0.021,32.3,0.022,32.2,0.020,32.3
225.0,0.020,32.3,0.021,32.3,0.021,32.3,0.020,32.3
225.5,0.018,32.3,0.018,32.3,0.019,32.3,0.018,32.3
226.0,0.016,32.3,0.017,32.3,0.017,32.3,0.017,32.3
226.5,0.013,32.3,0.012,32.3,0.016,32.3,0.013,32.3
227.0,0.013,32.3,0.013,32.3,0.013,32.3,0.012,32.3
227.5,0.020,32.3,0.020,32.3,0.019,32.3,0.020,32.3
228.0,0.021,32.3,0.021,32.3,0.023,32.4,0.019,32.3
228.5,0.024,32.3,0.025,32.3,0.024,32.3,0.026,32.3
229.0,0.027,32.3,0.029,32.3,0.027,32.3,0.029,32.3
229.5,0.026,32.3,0.027,32.3,0.028,32.3,0.025,32.3
230.0,0.027,32.3,0.027,32.3,0.026,32.3,0.025,32.3
230.5,0.025,32.3,0.025,32.3,0.025,32.3,0.024,32.3
231.0,0.025,32.2,0.025,32.2,0.026,32.2,0.024,32.3
231.5,0.021,32.2,0.020,32.2,0.028,32.2,0.022,32.2
232.0,0.015,32.2,0.014,32.2,0.015,32.3,0.016,32.2
232.5,0.016,32.3,0.016,32.3,0.013,32.3,0.015,32.2
233.0,0.019,32.3,0.019,32.3,0.020,32.3,0.019,32.3
233.5,0.023,32.3,0.024,32.2,0.021,32.2,0.020,32.3
234.0,0.022,32.3,0.023,32.2,0.020,32.3,0.024,32.2
234.5,0.021,32.2,0.022,32.2,0.019,32.2,0.022,32.2
235.0,0.021,32.2,0.020,32.3,0.021,32.2,0.020,32.2
235.5,0.017,32.2,0.017,32.3,0.021,32.3,0.016,32.2
236.0,0.016,32.2,0.015,32.2,0.018,32.2,0.014,32.2
236.5,0.012,32.3,0.013,32.3,0.015,32.2,0.014,32.2
237.0,0.012,32.3,0.012,32.3,0.011,32.3,0.013,32.2
237.5,0.018,32.3,0.018,32.3,0.010,32.3,0.016,32.3
238.0,0.022,32.3,0.022,32.3,0.016,32.3,0.023,32.3
238.5,0.027,32.3,0.028,32.3,0.022,32.3,0.025,32.3
239.0,0.027,32.2,0.028,32.3,0.025,32.3,0.027,32.3
239.5,0.028,32.2,0.027,32.2,0.031,32.2,0.028,32.2
240.0,0.026,32.2,0.025,32.2,0.028,32.2,0.028,32.2
240.5,0.025,32.2,0.024,32.2,0.023,32.3,0.026,32.2
241.0,0.021,32.2,0.020,32.2,0.022,32.3,0.022,32.2
241.5,0.018,32.2,0.020,32.2,0.023,32.1,0.018,32.2
242.0,0.018,32.2,0.019,32.2,0.021,32.2,0.019,32.2
242.5,0.021,32.2,0.021,32.2,0.022,32.2,0.021,32.2
243.0,0.025,32.2,0.028,32.2,0.024,32.2,0.025,32.2
243.5,0.026,32.2,0.028,32.2,0.026,32.2,0.028,32.2
244.0,0.023,32.2,0.022,32.2,0.023,32.2,0.026,32.2
244.5,0.023,32.2,0.026,32.2,0.028,32.2,0.026,32.2
245.0,0.020,32.2,0.021,32.2,0.028,32.2,0.019,32.1
245.5,0.018,32.2,0.019,32.2,0.026,32.2,0.017,32.1
246.0,0.014,32.2,0.015,32.2,0.015,32.2,0.014,32.2
246.5,0.011,32.2,0.013,32.2,0.013,32.2,0.011,32.2
247.0,0.012,32.2,0.011,32.2,0.013,32.2,0.012,32.2
247.5,0.019,32.2,0.019,32.2,0.017,32.2,0.020,32.2
248.0,0.027,32.2,0.025,32.2,0.022,32.2,0.024,32.2
248.5,0.029,32.2,0.030,32.2,0.024,32.2,0.028,32.2
249.0,0.031,32.2,0.032,32.2,0.030,32.2,0.031,32.2
249.5,0.029,32.2,0.031,32.2,0.027,32.2,0.032,32.2
250.0,0.026,32.1,0.025,32.1,0.024,32.1,0.028,32.1
250.5,0.027,32.1,0.027,32.1,0.028,32.1,0.026,32.1
251.0,0.023,32.1,0.025,32.1,0.024,32.1,0.027,32.1
251.5,0.023,32.1,0.023,32.1,0.024,32.1,0.023,32.1
252.0,0.019,32.1,0.019,32.1,0.018,32.1,0.022,32.1
252.5,0.018,32.1,0.019,32.1,0.018,32.1,0.019,32.1
253.0,0.024,32.1,0.024,32.1,0.023,32.1,0.024,32.1
253.5,0.023,32.1,0.023,32.1,0.026,32.1,0.024,32.1
254.0,0.025,32.1,0.024,32.1,0.025,32.1,0.025,32.1
254.5,0.023,32.1,0.024,32.1,0.022,32.2,0.026,32.1
255.0,0.021,32.1,0.022,32.1,0.020,32.2,0.022,32.1
255.5,0.019,32.1,0.019,32.1,0.022,32.1,0.019,32.1
256.0,0.015,32.1,0.015,32.1,0.015,32.1,0.014,32.1
256.5,0.013,32.1,0.013,32.2,0.015,32.1,0.015,32.2
257.0,0.012,32.1,0.011,32.1,0.013,32.1,0.010,32.1
257.5,0.021,32.2,0.021,32.2,0.019,32.2,0.018,32.2
258.0,0.026,32.2,0.026,32.2,0.025,32.1,0.023,32.2
258.5,0.026,32.1,0.026,32.1,0.026,32.1,0.026,32.2
259.0,0.030,32.1,0.032,32.1,0.033,32.1,0.029,32.1
259.5,0.029,32.1,0.028,32.1,0.029,32.1,0.037,32.1
260.0,0.030,32.1,0.027,32.1,0.033,32.1,0.031,32.1
260.5,0.028,32.1,0.027,32.1,0.027,32.1,0.033,32.1
261.0,0.026,32.1,0.026,32.1,0.027,32.1,0.029,32.1
261.5,0.026,32.0,0.024,32.1,0.029,32.0,0.028,32.1
262.0,0.021,32.0,0.020,32.0,0.022,32.0,0.023,32.1
262.5,0.024,32.0,0.023,32.0,0.025,32.0,0.023,32.0
263.0,0.025,32.0,0.026,32.0,0.024,32.0,0.024,32.0
263.5,0.026,32.0,0.025,32.0,0.028,32.0,0.025,32.0
264.0,0.025,32.0,0.026,32.0,0.028,32.0,0.026,32.0
264.5,0.023,32.0,0.021,32.1,0.022,32.0,0.026,32.0
265.0,0.021,32.0,0.022,32.0,0.023,32.1,0.021,32.0
265.5,0.016,32.0,0.019,32.0,0.018,32.0,0.018,32.0
266.0,0.014,32.0,0.016,32.0,0.016,32.0,0.014,32.0
266.5,0.012,32.1,0.013,32.1,0.012,32.1,0.014,32.1
267.0,0.015,32.1,0.017,32.1,0.013,32.1,0.017,32.1
267.5,0.022,32.1,0.022,32.1,0.022,32.1,0.020,32.1
268.0,0.023,32.1,0.023,32.1,0.021,32.1,0.024,32.1
268.5,0.029,32.1,0.032,32.1,0.026,32.1,0.026,32.1
269.0,0.031,32.1,0.034,32.1,0.030,32.1,0.033,32.1
269.5,0.033,32.0,0.036,32.0,0.032,32.0,0.033,32.1
270.0,0.033,32.0,0.033,32.0,0.032,32.0,0.033,32.0
270.5,0.029,32.0,0.027,32.0,0.030,32.0,0.032,32.0
271.0,0.032,32.0,0.030,32.0,0.033,31.9,0.033,32.0
271.5,0.029,32.0,0.031,32.0,0.028,31.9,0.030,32.0
272.0,0.023,32.0,0.023,32.0,0.023,31.9,0.024,31.9
272.5,0.026,32.0,0.027,32.0,0.025,31.9,0.028,32.0
273.0,0.026,32.0,0.026,31.9,0.025,32.0,0.028,31.9
273.5,0.030,32.0,0.034,32.0,0.029,32.0,0.028,32.0
274.0,0.027,32.0,0.027,32.0,0.027,32.0,0.027,32.0
274.5,0.026,31.9,0.027,31.9,0.027,31.9,0.027,31.9
275.0,0.022,31.9,0.021,31.9,0.021,31.9,0.023,31.9
275.5,0.021,31.9,0.020,32.0,0.020,31.9,0.022,31.9
276.0,0.018,32.0,0.019,32.0,0.017,31.9,0.027,31.9
276.5,0.017,32.0,0.017,31.9,0.015,32.0,0.015,32.0
277.0,0.026,32.0,0.026,32.0,0.022,32.0,0.021,32.0
277.5,0.027,32.0,0.028,32.0,0.022,32.0,0.029,32.0
278.0,0.029,32.0,0.028,32.0,0.027,32.0,0.028,32.0
278.5,0.030,32.0,0.030,32.0,0.031,31.9,0.029,31.9
279.0,0.029,31.9,0.031,31.9,0.031,31.9,0.030,31.9
279.5,0.030,31.9,0.030,31.9,0.032,31.9,0.030,31.9
280.0,0.027,31.9,0.026,31.9,0.027,31.9,0.028,31.9
280.5,0.028,31.9,0.028,31.9,0.025,31.9,0.031,31.9
281.0,0.026,31.9,0.026,31.9,0.029,31.9,0.027,31.9
281.5,0.023,31.9,0.025,31.9,0.026,31.9,0.025,31.9
282.0,0.020,31.9,0.021,31.9,0.021,31.9,0.021,31.9
282.5,0.020,31.9,0.020,31.9,0.018,31.9,0.019,31.9
283.0,0.026,31.9,0.026,31.9,0.027,31.9,0.022,31.9
283.5,0.025,31.9,0.024,31.9,0.028,31.8,0.025,31.9
284.0,0.025,31.9,0.025,31.9,0.028,31.9,0.025,31.9
284.5,0.024,31.9,0.023,31.9,0.026,31.9,0.024,31.9
285.0,0.020,31.9,0.019,31.9,0.020,31.9,0.020,31.9
285.5,0.019,31.9,0.019,31.9,0.018,31.9,0.019,31.9
286.0,0.016,31.9,0.016,31.9,0.016,31.9,0.016,31.9
286.5,0.017,32.0,0.018,32.0,0.016,32.0,0.020,32.0
287.0,0.023,31.9,0.023,31.9,0.021,31.9,0.026,31.9
287.5,0.029,32.0,0.026,31.9,0.024,31.9,0.030,31.9
288.0,0.035,31.9,0.034,31.9,0.032,31.9,0.039,31.9
288.5,0.033,31.9,0.035,31.9,0.034,31.9,0.033,31.9
289.0,0.036,31.9,0.035,31.9,0.041,31.8,0.032,31.8
289.5,0.033,31.9,0.036,31.8,0.039,31.8,0.031,31.9
290.0,0.032,31.8,0.035,31.8,0.032,31.8,0.031,31.8
290.5,0.028,31.8,0.031,31.8,0.027,31.9,0.029,31.8
291.0,0.023,31.8,0.023,31.8,0.024,31.8,0.027,31.8
291.5,0.021,31.8,0.020,31.8,0.021,31.8,0.024,31.8
292.0,0.024,31.8,0.024,31.8,0.026,31.8,0.025,31.8
292.5,0.029,31.8,0.027,31.8,0.029,31.8,0.031,31.8
293.0,0.028,31.8,0.027,31.8,0.030,31.8,0.032,31.8
293.5,0.025,31.8,0.024,31.8,0.028,31.8,0.024,31.8
294.0,0.025,31.8,0.025,31.8,0.026,31.8,0.023,31.8
294.5,0.021,31.8,0.022,31.8,0.021,31.8,0.022,31.8
295.0,0.023,31.8,0.023,31.8,0.019,31.8,0.024,31.8
295.5,0.020,31.8,0.019,31.8,0.021,31.8,0.019,31.8
296.0,0.020,31.8,0.020,31.8,0.019,31.9,0.021,31.8
296.5,0.027,31.8,0.026,31.8,0.021,31.8,0.029,31.8
297.0,0.027,31.8,0.027,31.8,0.025,31.8,0.027,31.8
297.5,0.031,31.8,0.031,31.9,0.029,31.9,0.029,31.8
298.0,0.031,31.8,0.031,31.8,0.029,31.8,0.033,31.8
298.5,0.031,31.8,0.030,31.8,0.026,31.8,0.031,31.8
299.0,0.031,31.8,0.031,31.8,0.029,31.8,0.030,31.7
299.5,0.032,31.8,0.029,31.8,0.029,31.8,0.033,31.8
300.0,0.029,31.8,0.027,31.8,0.027,31.8,0.027,31.8
300.5,0.022,31.8,0.022,31.8,0.020,31.8,0.022,31.8
301.0,0.021,31.8,0.022,31.8,0.019,31.7,0.021,31.7
301.5,0.016,31.8,0.018,31.8,0.020,31.8,0.016,31.8
302.0,0.019,31.8,0.021,31.8,0.021,31.8,0.016,31.8
302.5,0.021,31.8,0.023,31.8,0.023,31.7,0.019,31.8
303.0,0.018,31.8,0.017,31.8,0.017,31.8,0.017,31.8
303.5,0.019,31.8,0.022,31.8,0.019,31.9,0.018,31.8
304.0,0.019,31.9,0.020,31.8,0.018,31.9,0.023,31.9
304.5,0.019,31.8,0.019,31.8,0.017,31.9,0.021,31.8
305.0,0.017,31.8,0.018,31.8,0.016,31.9,0.019,31.8
305.5,0.013,31.9,0.011,31.9,0.011,31.9,0.013,31.9
306.0,0.018,31.9,0.018,31.9,0.017,31.9,0.018,31.9
306.5,0.020,31.9,0.021,31.9,0.018,31.9,0.019,31.9
307.0,0.023,31.9,0.023,31.9,0.021,31.8,0.020,31.9
307.5,0.022,31.8,0.024,31.8,0.021,31.9,0.022,31.8
308.0,0.021,31.9,0.022,31.8,0.017,31.9,0.022,31.8
308.5,0.021,31.9,0.021,31.9,0.019,31.9,0.022,31.8
309.0,0.018,31.9,0.019,31.9,0.017,31.8,0.022,31.8
309.5,0.020,31.9,0.020,31.9,0.021,31.9,0.019,31.9
310.0,0.018,31.9,0.017,31.8,0.019,31.9,0.015,31.8
310.5,0.013,31.8,0.014,31.9,0.014,31.8,0.013,31.8
311.0,0.010,31.9,0.010,31.9,0.009,31.8,0.011,31.9
311.5,0.009,31.9,0.010,31.9,0.010,31.9,0.011,31.9
312.0,0.010,31.9,0.010,31.9,0.012,31.9,0.009,31.9
312.5,0.009,31.9,0.008,31.9,0.009,31.9,0.008,31.9
313.0,0.011,31.9,0.012,31.9,0.011,31.9,0.010,32.0
313.5,0.010,32.0,0.010,31.9,0.008,31.9,0.014,31.9
314.0,0.009,32.0,0.009,31.9,0.008,32.0,0.016,31.9
314.5,0.009,32.0,0.010,32.0,0.008,32.0,0.014,32.0
315.0,0.004,32.0,0.005,32.0,0.006,32.0,0.007,32.0
315.5,0.007,32.0,0.006,32.0,0.011,32.0,0.002,32.0
316.0,0.009,32.0,0.007,32.0,0.009,32.0,0.006,32.0
316.5,0.012,32.0,0.013,32.1,0.010,32.1,0.011,32.0
317.0,0.013,32.0,0.012,32.0,0.012,32.0,0.013,32.1
317.5,0.010,32.0,0.011,32.0,0.012,32.0,0.014,32.0
318.0,0.012,32.0,0.011,32.0,0.012,32.0,0.012,32.0
318.5,0.011,32.0,0.011,32.0,0.010,32.0,0.014,32.1
319.0,0.012,32.0,0.012,32.0,0.012,32.0,0.014,32.0
319.5,0.011,32.1,0.011,32.1,0.014,32.1,0.009,32.0
320.0,0.008,32.0,0.007,32.0,0.011,32.1,0.008,32.0
320.5,0.004,32.1,0.004,32.1,0.006,32.0,0.007,32.1
321.0,0.003,32.1,0.001,32.1,0.003,32.1,0.005,32.0
321.5,0.007,32.1,0.006,32.1,0.009,32.1,0.009,32.1
322.0,0.005,32.1,0.004,32.1,0.008,32.1,0.005,32.1
322.5,0.005,32.1,0.004,32.1,0.005,32.1,0.003,32.1
323.0,0.005,32.1,0.005,32.1,0.003,32.1,0.004,32.1
323.5,0.001,32.1,0.002,32.1,0.002,32.1,0.004,32.1
324.0,-0.001,32.1,-0.001,32.1,-0.001,32.1,0.000,32.1
324.5,0.002,32.1,0.002,32.2,0.002,32.1,-0.000,32.2
325.0,0.005,32.1,0.004,32.2,0.005,32.2,0.005,32.1
325.5,0.005,32.2,0.004,32.1,0.007,32.1,0.007,32.2
326.0,0.006,32.2,0.007,32.1,0.006,32.2,0.007,32.2
326.5,0.007,32.2,0.008,32.2,0.009,32.2,0.006,32.2
327.0,0.004,32.2,0.006,32.1,0.006,32.2,0.005,32.2
327.5,0.001,32.2,0.002,32.2,0.006,32.2,0.001,32.2
328.0,-0.003,32.2,-0.003,32.2,-0.001,32.2,-0.002,32.2
328.5,-0.011,32.2,-0.011,32.2,-0.011,32.2,-0.009,32.2
329.0,-0.031,32.2,-0.031,32.2,-0.025,32.3,-0.020,32.2
329.5,-0.051,32.3,-0.051,32.3,-0.028,32.3,-0.051,32.3
330.0,-0.054,32.3,-0.054,32.3,-0.052,32.3,-0.055,32.3
330.5,-0.052,32.3,-0.051,32.3,-0.053,32.3,-0.055,32.3
331.0,-0.044,32.3,-0.045,32.4,-0.047,32.3,-0.044,32.4
331.5,-0.035,32.3,-0.035,32.4,-0.038,32.3,-0.036,32.3
332.0,-0.029,32.4,-0.029,32.4,-0.030,32.4,-0.031,32.3
332.5,-0.020,32.4,-0.020,32.4,-0.025,32.4,-0.020,32.4
333.0,-0.015,32.4,-0.016,32.4,-0.016,32.4,-0.016,32.4
333.5,-0.017,32.4,-0.016,32.4,-0.017,32.4,-0.016,32.5
334.0,-0.021,32.5,-0.021,32.5,-0.022,32.5,-0.020,32.5
334.5,-0.023,32.5,-0.022,32.5,-0.024,32.5,-0.024,32.5
335.0,-0.027,32.5,-0.026,32.5,-0.025,32.5,-0.024,32.5
335.5,-0.026,32.5,-0.026,32.5,-0.025,32.5,-0.026,32.5
336.0,-0.023,32.5,-0.023,32.5,-0.024,32.5,-0.024,32.5
336.5,-0.021,32.5,-0.021,32.6,-0.022,32.5,-0.020,32.5
337.0,-0.024,32.6,-0.024,32.5,-0.023,32.5,-0.023,32.5
337.5,-0.030,32.5,-0.030,32.6,-0.031,32.6,-0.029,32.6
338.0,-0.038,32.5,-0.037,32.6,-0.037,32.6,-0.032,32.6
338.5,-0.040,32.6,-0.039,32.6,-0.039,32.6,-0.040,32.6
339.0,-0.038,32.6,-0.038,32.6,-0.040,32.6,-0.039,32.6
339.5,-0.027,32.6,-0.029,32.6,-0.026,32.6,-0.037,32.7
340.0,-0.027,32.6,-0.027,32.6,-0.026,32.6,-0.025,32.7
340.5,-0.028,32.6,-0.029,32.6,-0.029,32.6,-0.026,32.6
341.0,-0.026,32.6,-0.025,32.6,-0.025,32.6,-0.026,32.6
341.5,-0.022,32.6,-0.022,32.6,-0.023,32.6,-0.022,32.6
342.0,-0.019,32.6,-0.019,32.6,-0.020,32.7,-0.020,32.6
342.5,-0.020,32.6,-0.020,32.7,-0.019,32.7,-0.018,32.6
343.0,-0.026,32.6,-0.025,32.6,-0.025,32.6,-0.022,32.7
343.5,-0.027,32.6,-0.027,32.6,-0.028,32.7,-0.023,32.7
344.0,-0.026,32.7,-0.027,32.7,-0.028,32.7,-0.027,32.7
344.5,-0.024,32.7,-0.023,32.7,-0.026,32.6,-0.024,32.7
345.0,-0.021,32.7,-0.022,32.7,-0.022,32.6,-0.021,32.6
345.5,-0.014,32.7,-0.014,32.7,-0.015,32.7,-0.016,32.7
346.0,-0.007,32.7,-0.007,32.7,-0.010,32.7,-0.008,32.7
346.5,-0.003,32.7,-0.002,32.7,-0.005,32.7,-0.002,32.7
347.0,-0.010,32.7,-0.010,32.7,-0.006,32.7,-0.008,32.7
347.5,-0.015,32.7,-0.014,32.7,-0.013,32.7,-0.015,32.7
348.0,-0.014,32.7,-0.014,32.7,-0.014,32.7,-0.014,32.7
348.5,-0.012,32.7,-0.013,32.7,-0.011,32.7,-0.012,32.7
349.0,-0.007,32.7,-0.007,32.7,-0.008,32.7,-0.007,32.7
349.5,-0.002,32.7,-0.002,32.7,-0.003,32.8,-0.000,32.7
350.0,0.003,32.7,0.002,32.7,0.002,32.7,0.003,32.8
350.5,0.006,32.7,0.007,32.7,0.006,32.7,0.006,32.7
351.0,0.003,32.7,0.004,32.7,0.004,32.7,0.002,32.7
351.5,0.005,32.7,0.005,32.7,0.005,32.7,0.002,32.7
352.0,0.008,32.7,0.007,32.6,0.006,32.7,0.006,32.7
352.5,0.009,32.7,0.010,32.7,0.010,32.6,0.008,32.6
353.0,0.010,32.6,0.010,32.6,0.011,32.7,0.011,32.6
353.5,0.016,32.6,0.018,32.6,0.015,32.6,0.014,32.6
354.0,0.022,32.6,0.022,32.6,0.020,32.6,0.021,32.6
354.5,0.027,32.6,0.026,32.6,0.025,32.5,0.027,32.6
355.0,0.028,32.5,0.027,32.5,0.027,32.5,0.029,32.5
355.5,0.029,32.5,0.028,32.5,0.027,32.5,0.030,32.5
356.0,0.022,32.4,0.022,32.4,0.023,32.4,0.024,32.4
356.5,0.017,32.4,0.017,32.4,0.017,32.4,0.019,32.4
357.0,0.018,32.4,0.018,32.3,0.018,32.4,0.019,32.4
357.5,0.022,32.4,0.020,32.4,0.021,32.4,0.023,32.4
358.0,0.023,32.3,0.022,32.3,0.024,32.3,0.022,32.3
358.5,0.020,32.3,0.021,32.3,0.020,32.3,0.023,32.3
359.0,0.020,32.3,0.021,32.3,0.020,32.3,0.021,32.3
359.5,0.018,32.3,0.021,32.3,0.021,32.3,0.020,32.3
360.0,0.016,32.3,0.018,32.3,0.018,32.3,0.015,32.3
360.5,0.013,32.3,0.015,32.3,0.014,32.3,0.015,32.3
361.0,0.010,32.3,0.011,32.3,0.009,32.3,0.011,32.3
361.5,0.012,32.3,0.012,32.3,0.011,32.3,0.011,32.3
362.0,0.019,32.3,0.020,32.3,0.017,32.3,0.019,32.3
362.5,0.024,32.3,0.024,32.3,0.020,32.3,0.025,32.3
363.0,0.024,32.3,0.023,32.3,0.025,32.3,0.024,32.3
363.5,0.024,32.2,0.024,32.3,0.025,32.2,0.025,32.3
364.0,0.026,32.2,0.026,32.2,0.030,32.2,0.027,32.2
364.5,0.024,32.2,0.026,32.2,0.026,32.2,0.024,32.2
365.0,0.025,32.2,0.026,32.2,0.026,32.2,0.024,32.2
365.5,0.021,32.1,0.022,32.1,0.021,32.1,0.024,32.2
366.0,0.015,32.1,0.015,32.1,0.014,32.2,0.020,32.2
366.5,0.015,32.2,0.013,32.1,0.016,32.1,0.014,32.2
367.0,0.018,32.2,0.017,32.2,0.018,32.1,0.016,32.2
367.5,0.023,32.2,0.022,32.2,0.021,32.1,0.025,32.2
368.0,0.021,32.1,0.021,32.2,0.022,32.1,0.022,32.2
368.5,0.022,32.1,0.023,32.1,0.022,32.2,0.024,32.1
369.0,0.020,32.1,0.024,32.1,0.020,32.1,0.022,32.1
369.5,0.019,32.1,0.019,32.1,0.018,32.1,0.019,32.1
370.0,0.017,32.1,0.016,32.1,0.020,32.2,0.017,32.1
370.5,0.011,32.1,0.011,32.1,0.018,32.2,0.011,32.1
371.0,0.009,32.1,0.009,32.1,0.011,32.2,0.009,32.1
371.5,0.013,32.2,0.016,32.2,0.011,32.2,0.011,32.2
372.0,0.023,32.2,0.025,32.2,0.021,32.2,0.022,32.2
372.5,0.029,32.1,0.029,32.1,0.027,32.2,0.028,32.2
373.0,0.030,32.1,0.031,32.1,0.027,32.1,0.035,32.1
373.5,0.030,32.1,0.032,32.1,0.028,32.1,0.034,32.1
374.0,0.029,32.1,0.028,32.1,0.028,32.0,0.030,32.0
374.5,0.030,32.0,0.030,32.1,0.032,32.1,0.030,32.1
375.0,0.024,32.0,0.025,32.0,0.026,32.0,0.026,32.0
375.5,0.021,32.0,0.020,32.0,0.021,32.0,0.020,32.0
376.0,0.019,32.0,0.019,32.0,0.020,32.1,0.018,32.0
376.5,0.019,32.0,0.019,32.0,0.018,32.0,0.016,32.1
377.0,0.025,32.0,0.026,32.0,0.028,32.1,0.025,32.0
377.5,0.025,32.0,0.025,32.0,0.024,32.0,0.030,32.0
378.0,0.024,32.0,0.025,32.1,0.024,32.0,0.026,32.0
378.5,0.022,32.0,0.022,32.0,0.023,32.0,0.023,32.0
379.0,0.020,32.0,0.021,32.0,0.020,32.0,0.024,32.0
379.5,0.019,32.0,0.018,32.0,0.018,32.0,0.020,32.0
380.0,0.014,32.0,0.014,32.0,0.018,32.0,0.014,32.0
380.5,0.012,32.0,0.011,32.0,0.016,32.0,0.011,32.0
381.0,0.016,32.0,0.015,32.0,0.015,32.0,0.014,32.0
381.5,0.024,32.1,0.023,32.1,0.023,32.1,0.024,32.0
382.0,0.027,32.0,0.027,32.0,0.026,32.1,0.026,32.0
382.5,0.028,32.1,0.028,32.1,0.025,32.0,0.027,32.1
383.0,0.032,32.0,0.030,32.0,0.031,32.0,0.031,32.0
383.5,0.029,32.0,0.031,32.0,0.030,32.0,0.030,32.0
384.0,0.030,32.0,0.034,32.0,0.026,31.9,0.030,32.0
384.5,0.025,31.9,0.027,31.9,0.024,31.9,0.026,32.0
385.0,0.021,31.9,0.022,31.9,0.022,31.9,0.022,31.9
385.5,0.021,31.9,0.021,31.9,0.020,31.9,0.022,31.9
386.0,0.017,32.0,0.018,31.9,0.016,31.9,0.017,32.0
386.5,0.015,32.0,0.016,32.0,0.014,32.0,0.012,32.0
387.0,0.019,32.0,0.019,32.0,0.017,32.0,0.017,32.0
387.5,0.022,32.0,0.023,32.0,0.019,32.0,0.021,32.0
388.0,0.021,32.0,0.024,32.0,0.022,32.0,0.020,32.0
388.5,0.018,32.0,0.019,32.0,0.018,32.0,0.020,32.0
389.0,0.019,32.0,0.019,32.0,0.016,32.0,0.021,32.0
389.5,0.015,32.0,0.017,32.0,0.015,32.0,0.017,32.0
390.0,0.014,32.0,0.015,32.0,0.014,32.0,0.014,32.0
390.5,0.014,32.0,0.015,32.0,0.013,32.0,0.014,32.0
391.0,0.018,32.0,0.019,32.0,0.017,32.0,0.018,32.0
391.5,0.022,32.0,0.023,32.0,0.024,32.0,0.022,32.0
392.0,0.022,32.0,0.022,32.0,0.022,32.0,0.025,32.0
392.5,0.027,32.0,0.029,32.0,0.024,32.0,0.026,32.0
393.0,0.029,32.0,0.032,32.0,0.028,32.0,0.026,32.0
393.5,0.028,32.0,0.030,32.0,0.026,32.0,0.027,32.0
394.0,0.028,31.9,0.028,31.9,0.027,32.0,0.029,32.0
394.5,0.026,31.9,0.026,31.9,0.026,31.9,0.026,31.9
395.0,0.024,31.9,0.026,31.9,0.024,31.9,0.022,31.9
395.5,0.017,31.9,0.017,31.9,0.017,31.9,0.016,31.9
396.0,0.015,31.9,0.017,31.9,0.013,31.9,0.011,31.9
396.5,0.021,32.0,0.023,32.0,0.020,31.9,0.017,32.0
397.0,0.023,31.9,0.024,31.9,0.024,32.0,0.025,31.9
397.5,0.024,31.9,0.024,32.0,0.025,31.9,0.026,31.9
398.0,0.022,31.9,0.023,31.9,0.025,31.9,0.021,31.9
398.5,0.022,31.9,0.024,31.9,0.022,31.9,0.021,31.9
399.0,0.019,31.9,0.020,31.9,0.020,31.9,0.021,31.9
399.5,0.014,31.9,0.014,31.9,0.018,31.9,0.014,31.9
400.0,0.013,32.0,0.013,31.9,0.015,32.0,0.014,31.9
400.5,0.008,32.0,0.009,31.9,0.009,31.9,0.011,31.9
401.0,0.017,32.0,0.019,32.0,0.012,32.0,0.009,32.0
401.5,0.023,32.0,0.023,32.0,0.022,32.0,0.022,32.0
402.0,0.029,32.0,0.031,32.0,0.027,32.0,0.027,32.0
402.5,0.031,32.0,0.031,32.0,0.028,32.0,0.031,31.9
403.0,0.030,31.9,0.031,31.9,0.030,31.9,0.031,31.9
403.5,0.032,31.9,0.034,31.9,0.031,31.9,0.031,31.9
404.0,0.029,31.9,0.031,31.9,0.028,31.9,0.030,31.9
404.5,0.030,31.9,0.031,31.9,0.028,31.9,0.029,31.9
405.0,0.023,31.9,0.025,31.9,0.025,31.8,0.029,31.9
405.5,0.014,31.9,0.014,31.9,0.013,31.9,0.014,31.8
406.0,0.015,31.9,0.015,31.9,0.012,31.9,0.016,31.9
406.5,0.019,31.9,0.017,31.9,0.019,31.9,0.018,31.9
407.0,0.025,31.9,0.026,31.9,0.025,31.9,0.023,31.9
407.5,0.025,31.9,0.027,31.9,0.027,31.9,0.024,31.9
408.0,0.021,31.9,0.022,31.9,0.022,31.9,0.021,31.9
408.5,0.021,31.9,0.019,31.9,0.021,31.9,0.020,31.9
409.0,0.017,31.9,0.017,31.9,0.018,31.9,0.018,31.9
409.5,0.015,31.9,0.014,31.9,0.018,31.9,0.015,31.9
410.0,0.010,31.9,0.011,31.9,0.012,31.9,0.011,31.9
410.5,0.010,31.9,0.013,31.9,0.009,32.0,0.010,31.9
411.0,0.020,32.0,0.020,32.0,0.018,31.9,0.020,32.0
411.5,0.023,32.0,0.023,32.0,0.022,32.0,0.022,32.0
412.0,0.029,32.0,0.031,32.0,0.027,32.0,0.028,31.9
412.5,0.030,31.9,0.031,31.9,0.030,32.0,0.028,32.0
413.0,0.031,31.9,0.034,31.9,0.031,31.9,0.032,31.9
413.5,0.030,31.9,0.032,31.9,0.029,31.9,0.030,31.8
414.0,0.028,31.8,0.030,31.8,0.028,31.8,0.026,31.9
414.5,0.027,31.9,0.027,31.9,0.026,31.9,0.027,31.8
415.0,0.020,31.9,0.022,31.9,0.022,31.8,0.020,31.9
415.5,0.017,31.9,0.020,31.9,0.020,31.8,0.016,31.9
416.0,0.017,31.9,0.018,31.9,0.018,31.8,0.015,31.9
416.5,0.023,31.9,0.024,31.9,0.022,31.9,0.020,31.9
417.0,0.024,31.9,0.024,31.9,0.028,31.9,0.024,31.8
417.5,0.022,31.9,0.022,31.9,0.021,31.9,0.024,31.8
418.0,0.021,31.9,0.023,31.9,0.021,31.9,0.022,31.9
418.5,0.017,31.9,0.018,31.9,0.019,31.9,0.016,31.9
419.0,0.016,31.9,0.016,31.9,0.017,31.9,0.014,31.9
419.5,0.013,31.9,0.013,31.9,0.016,31.9,0.014,31.9
420.0,0.009,31.9,0.010,31.9,0.011,31.9,0.008,31.9
420.5,0.014,32.0,0.014,32.0,0.012,32.0,0.011,32.0
421.0,0.020,32.0,0.019,32.0,0.018,32.0,0.020,32.0
421.5,0.027,32.0,0.027,32.0,0.029,32.0,0.029,32.0
422.0,0.028,32.0,0.030,32.0,0.027,32.0,0.029,32.0
422.5,0.029,31.9,0.028,31.9,0.029,31.9,0.027,31.9
423.0,0.029,31.9,0.030,31.9,0.031,32.0,0.029,31.9
423.5,0.026,31.9,0.026,31.9,0.026,31.9,0.027,31.9
424.0,0.029,31.9,0.030,31.9,0.029,31.9,0.026,31.9
424.5,0.024,31.9,0.025,31.9,0.026,31.8,0.028,31.9
425.0,0.021,31.9,0.020,31.9,0.023,31.9,0.021,31.9
425.5,0.019,31.9,0.018,31.9,0.020,31.9,0.018,31.9
426.0,0.022,31.9,0.022,31.9,0.020,31.9,0.025,31.9
426.5,0.025,31.9,0.026,31.9,0.025,31.9,0.029,31.9
427.0,0.025,31.9,0.026,31.9,0.024,31.9,0.027,31.9
427.5,0.026,31.9,0.026,31.9,0.024,31.9,0.028,31.9
428.0,0.021,31.9,0.021,31.9,0.022,31.9,0.023,31.9
428.5,0.020,31.9,0.019,31.9,0.020,31.9,0.018,31.9
429.0,0.018,31.9,0.017,31.9,0.019,31.9,0.019,31.9
429.5,0.014,31.9,0.014,31.9,0.014,31.9,0.016,31.9
430.0,0.013,31.9,0.014,31.9,0.014,31.9,0.013,31.9
430.5,0.017,32.0,0.016,31.9,0.016,32.0,0.017,32.0
431.0,0.025,32.0,0.024,32.0,0.024,32.0,0.022,32.0
431.5,0.028,31.9,0.027,31.9,0.029,31.9,0.028,32.0
432.0,0.029,31.9,0.028,31.9,0.028,31.9,0.028,31.9
432.5,0.030,31.9,0.029,31.9,0.029,31.9,0.029,31.9
433.0,0.028,31.9,0.027,31.9,0.026,31.9,0.028,31.9
433.5,0.030,31.9,0.028,31.9,0.032,31.9,0.031,31.9
434.0,0.028,31.9,0.027,31.9,0.031,31.9,0.030,31.9
434.5,0.027,31.9,0.027,31.9,0.030,31.9,0.028,31.9
435.0,0.027,31.9,0.026,31.9,0.026,31.9,0.032,31.9
435.5,0.025,31.9,0.026,31.9,0.031,31.8,0.027,31.9
436.0,0.027,31.9,0.027,31.9,0.027,31.9,0.025,31.9
436.5,0.023,31.8,0.023,31.8,0.024,31.9,0.023,31.8
437.0,0.025,31.9,0.024,31.9,0.024,31.9,0.027,31.8
437.5,0.023,31.9,0.023,31.9,0.022,31.8,0.027,31.9
438.0,0.020,31.9,0.020,31.9,0.019,31.9,0.021,31.9
438.5,0.021,31.9,0.020,31.9,0.022,31.9,0.020,31.9
439.0,0.019,31.9,0.019,31.9,0.024,31.9,0.019,31.9
439.5,0.019,31.9,0.018,31.9,0.020,31.9,0.018,31.9
440.0,0.023,31.9,0.022,31.9,0.023,31.9,0.020,31.9
440.5,0.025,31.9,0.025,31.9,0.026,31.9,0.025,31.9
441.0,0.027,31.9,0.026,31.9,0.026,31.9,0.031,31.9
441.5,0.028,31.9,0.028,31.9,0.029,31.9,0.029,31.9
442.0,0.032,31.9,0.032,31.9,0.028,31.9,0.036,31.9
442.5,0.030,31.9,0.030,31.9,0.028,31.8,0.030,31.9
443.0,0.030,31.8,0.029,31.8,0.030,31.8,0.031,31.8
443.5,0.032,31.8,0.031,31.8,0.030,31.8,0.032,31.8
444.0,0.029,31.8,0.029,31.9,0.028,31.8,0.029,31.8
444.5,0.028,31.8,0.030,31.8,0.028,31.8,0.027,31.8
445.0,0.022,31.8,0.024,31.8,0.023,31.8,0.023,31.8
445.5,0.025,31.8,0.024,31.8,0.028,31.8,0.024,31.8
446.0,0.026,31.8,0.024,31.8,0.028,31.8,0.025,31.8
446.5,0.024,31.8,0.023,31.8,0.023,31.8,0.024,31.8
447.0,0.023,31.8,0.023,31.8,0.022,31.8,0.023,31.8
447.5,0.021,31.8,0.021,31.8,0.025,31.8,0.021,31.8
448.0,0.022,31.9,0.022,31.9,0.025,31.9,0.020,31.9
448.5,0.022,31.9,0.022,31.9,0.021,31.9,0.022,31.9
449.0,0.021,31.9,0.020,31.9,0.022,31.9,0.022,31.9
449.5,0.025,31.9,0.024,31.9,0.024,31.9,0.024,31.9
450.0,0.026,31.9,0.027,31.9,0.026,31.9,0.026,31.9
450.5,0.032,31.9,0.032,31.9,0.032,31.9,0.041,31.9
451.0,0.033,31.9,0.031,31.9,0.037,31.9,0.032,31.9
451.5,0.032,31.9,0.031,31.9,0.033,31.9,0.028,31.8
452.0,0.032,31.8,0.031,31.8,0.034,31.8,0.030,31.8
452.5,0.032,31.8,0.033,31.8,0.031,31.8,0.032,31.8
453.0,0.030,31.8,0.031,31.8,0.030,31.8,0.034,31.8
453.5,0.030,31.8,0.029,31.8,0.031,31.8,0.032,31.8
454.0,0.034,31.8,0.032,31.8,0.033,31.8,0.038,31.8
454.5,0.033,31.8,0.032,31.8,0.033,31.8,0.032,31.8
455.0,0.031,31.8,0.029,31.8,0.029,31.8,0.031,31.8
455.5,0.027,31.8,0.028,31.8,0.028,31.8,0.025,31.7
456.0,0.022,31.8,0.021,31.8,0.023,31.8,0.021,31.8
456.5,0.024,31.8,0.024,31.8,0.024,31.8,0.021,31.8
457.0,0.023,31.8,0.022,31.8,0.020,31.8,0.025,31.8
457.5,0.022,31.8,0.022,31.8,0.016,31.8,0.024,31.8
458.0,0.021,31.8,0.020,31.9,0.016,31.8,0.024,31.8
458.5,0.018,31.8,0.018,31.8,0.016,31.8,0.020,31.8
459.0,0.019,31.9,0.019,31.9,0.018,31.8,0.019,31.8
459.5,0.021,31.9,0.022,31.9,0.020,31.8,0.018,31.9
460.0,0.023,31.9,0.023,31.9,0.023,31.9,0.022,31.9
460.5,0.023,31.9,0.024,31.9,0.024,31.9,0.022,31.9
461.0,0.023,31.9,0.024,31.9,0.024,31.9,0.022,31.9
461.5,0.024,31.9,0.025,31.9,0.026,31.9,0.024,31.9
462.0,0.023,31.9,0.023,31.9,0.021,31.9,0.022,31.9
462.5,0.025,31.9,0.026,31.9,0.029,31.9,0.023,31.9
463.0,0.023,31.9,0.025,31.9,0.025,31.9,0.021,31.9
463.5,0.025,31.9,0.027,31.9,0.027,31.9,0.024,31.9
464.0,0.025,31.9,0.025,31.9,0.025,31.9,0.023,31.9
464.5,0.015,31.9,0.014,31.9,0.018,31.9,0.014,31.9
465.0,0.014,31.9,0.013,31.9,0.013,31.9,0.014,31.9
465.5,0.014,31.9,0.014,31.9,0.016,32.0,0.013,31.9
466.0,0.017,32.0,0.018,31.9,0.015,32.0,0.019,31.9
466.5,0.017,32.0,0.019,32.0,0.017,32.0,0.024,31.9
467.0,0.017,32.0,0.017,32.0,0.017,32.0,0.020,32.0
467.5,0.016,32.0,0.018,32.0,0.014,32.0,0.014,32.0
468.0,0.014,32.0,0.013,32.0,0.012,32.0,0.013,32.0
468.5,0.013,32.0,0.013,32.0,0.012,32.0,0.019,32.0
469.0,0.010,32.0,0.010,32.0,0.011,32.0,0.009,32.0
469.5,0.013,32.0,0.013,32.0,0.013,32.1,0.012,32.0
470.0,0.016,32.1,0.017,32.1,0.017,32.1,0.015,32.0
470.5,0.017,32.1,0.019,32.1,0.018,32.1,0.014,32.0
471.0,0.021,32.1,0.020,32.0,0.020,32.1,0.014,32.0
471.5,0.019,32.1,0.019,32.1,0.018,32.0,0.014,32.0
472.0,0.019,32.0,0.019,32.1,0.018,32.0,0.018,32.1
472.5,0.017,32.0,0.017,32.0,0.018,32.0,0.020,32.1
473.0,0.015,32.0,0.015,32.0,0.016,32.1,0.019,32.1
473.5,0.012,32.0,0.012,32.0,0.014,32.0,0.011,32.1
474.0,0.002,32.1,0.002,32.0,0.008,32.1,0.003,32.1
474.5,0.004,32.1,0.003,32.1,0.006,32.1,0.005,32.1
475.0,0.006,32.1,0.005,32.1,0.007,32.1,0.007,32.1
475.5,0.010,32.1,0.009,32.1,0.007,32.1,0.010,32.1
476.0,0.010,32.2,0.009,32.2,0.009,32.1,0.014,32.2
476.5,0.007,32.2,0.007,32.2,0.009,32.1,0.010,32.2
477.0,0.009,32.2,0.010,32.2,0.009,32.2,0.013,32.2
477.5,0.008,32.2,0.009,32.2,0.011,32.2,0.013,32.2
478.0,0.008,32.2,0.006,32.2,0.008,32.3,0.009,32.2
478.5,0.003,32.2,0.002,32.2,0.004,32.2,0.003,32.2
479.0,0.004,32.2,0.004,32.2,0.005,32.2,0.005,32.2
479.5,0.008,32.2,0.008,32.2,0.008,32.2,0.008,32.2
480.0,0.010,32.3,0.008,32.3,0.012,32.3,0.008,32.3
480.5,0.014,32.3,0.013,32.3,0.017,32.3,0.012,32.2
481.0,0.013,32.3,0.011,32.3,0.012,32.3,0.013,32.3
481.5,0.012,32.3,0.010,32.3,0.012,32.3,0.012,32.3
482.0,0.011,32.3,0.010,32.3,0.010,32.3,0.012,32.3
482.5,0.008,32.3,0.008,32.2,0.008,32.2,0.009,32.3
483.0,0.006,32.3,0.006,32.3,0.006,32.3,0.006,32.2
483.5,0.003,32.3,0.004,32.3,0.005,32.3,0.005,32.2
484.0,-0.001,32.3,-0.002,32.3,-0.000,32.3,0.001,32.3
484.5,-0.003,32.3,-0.003,32.3,-0.004,32.3,-0.002,32.3
485.0,-0.000,32.3,-0.001,32.3,-0.001,32.3,0.003,32.3
485.5,0.003,32.4,0.003,32.4,0.005,32.3,0.004,32.4
486.0,0.002,32.4,0.002,32.4,0.004,32.3,0.002,32.3
486.5,0.003,32.4,0.002,32.4,0.005,32.4,0.004,32.4
487.0,0.001,32.4,0.001,32.4,0.002,32.4,0.002,32.4
487.5,-0.004,32.4,-0.003,32.4,-0.004,32.4,-0.002,32.4
488.0,-0.009,32.4,-0.008,32.4,-0.009,32.4,-0.009,32.4
488.5,-0.013,32.4,-0.012,32.4,-0.010,32.4,-0.014,32.4
489.0,-0.022,32.5,-0.020,32.5,-0.022,32.4,-0.021,32.4
489.5,-0.038,32.5,-0.036,32.5,-0.032,32.4,-0.035,32.5
490.0,-0.051,32.5,-0.050,32.6,-0.032,32.4,-0.051,32.6
490.5,-0.059,32.6,-0.058,32.6,-0.054,32.5,-0.059,32.5
491.0,-0.057,32.6,-0.057,32.6,-0.058,32.5,-0.058,32.6
491.5,-0.044,32.6,-0.043,32.6,-0.047,32.6,-0.047,32.6
492.0,-0.036,32.6,-0.036,32.6,-0.041,32.6,-0.036,32.6
492.5,-0.035,32.6,-0.036,32.6,-0.034,32.6,-0.035,32.6
493.0,-0.035,32.6,-0.036,32.6,-0.036,32.6,-0.035,32.7
493.5,-0.029,32.7,-0.029,32.7,-0.029,32.6,-0.030,32.7
494.0,-0.022,32.7,-0.021,32.7,-0.023,32.7,-0.026,32.7
494.5,-0.018,32.7,-0.018,32.7,-0.021,32.7,-0.019,32.7
495.0,-0.017,32.7,-0.016,32.7,-0.016,32.7,-0.014,32.7
495.5,-0.018,32.8,-0.018,32.8,-0.017,32.8,-0.018,32.8
496.0,-0.019,32.8,-0.018,32.8,-0.018,32.7,-0.019,32.8
496.5,-0.021,32.8,-0.019,32.8,-0.021,32.8,-0.019,32.8
497.0,-0.016,32.8,-0.015,32.8,-0.016,32.8,-0.016,32.8
497.5,-0.018,32.8,-0.017,32.8,-0.017,32.8,-0.018,32.8
498.0,-0.026,32.8,-0.027,32.8,-0.020,32.8,-0.026,32.8
498.5,-0.030,32.9,-0.030,32.8,-0.021,32.8,-0.030,32.8
499.0,-0.030,32.8,-0.029,32.8,-0.030,32.9,-0.031,32.9
499.5,-0.028,32.9,-0.029,32.9,-0.033,32.9,-0.029,32.9
500.0,-0.028,32.9,-0.029,32.9,-0.028,32.9,-0.029,32.9
500.5,-0.026,32.9,-0.026,32.9,-0.027,32.9,-0.025,32.8
501.0,-0.024,32.9,-0.023,32.9,-0.026,32.9,-0.024,32.9
501.5,-0.036,32.9,-0.035,32.9,-0.032,32.9,-0.035,32.9
502.0,-0.043,32.9,-0.044,32.9,-0.041,32.9,-0.042,32.9
502.5,-0.047,32.9,-0.049,32.9,-0.047,32.9,-0.046,32.9
503.0,-0.039,32.9,-0.040,32.9,-0.041,32.9,-0.039,32.9
503.5,-0.051,32.9,-0.049,32.9,-0.055,32.9,-0.058,32.9
504.0,-0.029,32.9,-0.029,32.8,-0.033,32.9,-0.064,32.9
504.5,-0.017,32.9,-0.017,32.9,-0.019,32.9,-0.022,33.0
505.0,-0.013,32.9,-0.013,32.9,-0.014,33.0,-0.012,32.9
505.5,-0.004,33.0,-0.005,32.9,-0.007,32.9,-0.004,33.0
506.0,-0.001,33.0,0.001,33.0,0.000,33.0,-0.002,32.9
506.5,-0.010,33.0,-0.010,33.0,-0.010,33.0,-0.009,33.0
507.0,-0.016,33.0,-0.016,33.0,-0.014,33.0,-0.015,33.0
507.5,-0.011,33.0,-0.010,33.0,-0.011,33.0,-0.011,33.0
508.0,-0.007,33.0,-0.007,33.0,-0.008,33.0,-0.009,33.0
508.5,-0.000,33.0,0.001,33.0,-0.001,33.0,-0.001,33.0
509.0,0.006,33.0,0.007,33.0,0.006,33.0,0.008,33.0
509.5,0.014,33.0,0.014,33.0,0.013,33.0,0.012,33.0
510.0,0.013,33.0,0.013,33.0,0.013,33.0,0.015,33.0
510.5,0.003,33.0,0.005,33.0,0.004,33.0,0.005,33.0
511.0,-0.001,32.9,-0.001,32.9,0.001,33.0,0.001,32.9
511.5,-0.000,33.0,-0.001,32.9,-0.001,32.9,-0.002,32.9
512.0,0.005,33.0,0.005,33.0,0.007,33.0,0.002,33.0
512.5,0.009,33.0,0.008,33.0,0.008,33.0,0.008,33.0
513.0,0.014,33.0,0.016,33.0,0.011,33.0,0.014,32.9
513.5,0.016,32.9,0.017,32.9,0.014,33.0,0.018,32.9
514.0,0.015,32.9,0.016,32.9,0.017,32.9,0.014,32.9
514.5,0.014,32.9,0.014,32.9,0.014,32.9,0.014,32.9
515.0,0.010,32.9,0.010,32.9,0.011,32.9,0.013,32.9
515.5,0.010,32.9,0.010,32.9,0.009,32.9,0.012,32.9
516.0,0.018,32.9,0.018,32.9,0.018,32.9,0.017,32.8
516.5,0.021,32.8,0.022,32.9,0.022,32.9,0.020,32.9
517.0,0.025,32.8,0.026,32.8,0.025,32.8,0.024,32.8
517.5,0.025,32.8,0.025,32.8,0.023,32.8,0.025,32.8
518.0,0.027,32.8,0.027,32.8,0.027,32.7,0.031,32.8
518.5,0.026,32.7,0.025,32.7,0.032,32.7,0.025,32.7
519.0,0.027,32.7,0.028,32.7,0.028,32.7,0.027,32.7
519.5,0.022,32.6,0.023,32.6,0.024,32.6,0.024,32.7
520.0,0.012,32.6,0.013,32.6,0.018,32.6,0.014,32.7
520.5,0.015,32.7,0.014,32.6,0.015,32.6,0.014,32.7
521.0,0.019,32.6,0.019,32.7,0.022,32.7,0.019,32.7
521.5,0.022,32.6,0.022,32.7,0.021,32.7,0.025,32.6
522.0,0.021,32.6,0.021,32.6,0.021,32.6,0.021,32.7
522.5,0.020,32.7,0.021,32.7,0.018,32.6,0.020,32.7
523.0,0.020,32.6,0.021,32.6,0.019,32.6,0.023,32.7
523.5,0.015,32.6,0.014,32.6,0.017,32.6,0.017,32.6
524.0,0.015,32.6,0.015,32.6,0.016,32.6,0.013,32.6
524.5,0.011,32.6,0.011,32.6,0.011,32.6,0.011,32.6
525.0,0.012,32.6,0.012,32.6,0.010,32.6,0.014,32.6
525.5,0.020,32.6,0.019,32.7,0.016,32.6,0.018,32.7
526.0,0.022,32.6,0.023,32.6,0.020,32.6,0.022,32.6
526.5,0.026,32.6,0.027,32.6,0.027,32.6,0.025,32.6
527.0,0.026,32.6,0.028,32.6,0.032,32.6,0.025,32.6
527.5,0.027,32.6,0.028,32.6,0.030,32.6,0.026,32.6
528.0,0.026,32.6,0.027,32.5,0.026,32.6,0.027,32.6
528.5,0.024,32.5,0.025,32.5,0.024,32.6,0.025,32.5
529.0,0.022,32.5,0.023,32.5,0.022,32.6,0.024,32.5
529.5,0.017,32.5,0.019,32.5,0.018,32.6,0.019,32.6
530.0,0.018,32.5,0.019,32.5,0.020,32.5,0.016,32.6
530.5,0.021,32.5,0.020,32.5,0.023,32.5,0.017,32.5
531.0,0.024,32.5,0.022,32.5,0.024,32.5,0.022,32.6
531.5,0.023,32.5,0.021,32.5,0.028,32.5,0.023,32.5
532.0,0.019,32.5,0.019,32.5,0.028,32.5,0.021,32.5
532.5,0.019,32.5,0.020,32.5,0.021,32.5,0.020,32.5
533.0,0.016,32.5,0.017,32.5,0.019,32.5,0.014,32.5
533.5,0.016,32.5,0.016,32.5,0.018,32.5,0.015,32.5
534.0,0.013,32.6,0.014,32.5,0.015,32.6,0.014,32.5
534.5,0.012,32.6,0.013,32.6,0.012,32.6,0.010,32.5
535.0,0.019,32.6,0.018,32.6,0.015,32.6,0.017,32.6
535.5,0.023,32.6,0.025,32.6,0.021,32.6,0.022,32.6
536.0,0.028,32.6,0.026,32.6,0.020,32.6,0.024,32.6
536.5,0.028,32.6,0.029,32.5,0.025,32.6,0.031,32.5
537.0,0.029,32.5,0.028,32.5,0.027,32.5,0.033,32.5
537.5,0.028,32.5,0.028,32.5,0.027,32.5,0.029,32.5
538.0,0.026,32.5,0.026,32.5,0.027,32.5,0.029,32.5
538.5,0.025,32.5,0.025,32.5,0.024,32.5,0.026,32.5
539.0,0.020,32.5,0.020,32.5,0.020,32.5,0.024,32.4
539.5,0.016,32.5,0.015,32.5,0.019,32.5,0.018,32.5
540.0,0.020,32.5,0.020,32.5,0.022,32.5,0.019,32.5
540.5,0.023,32.5,0.025,32.5,0.022,32.5,0.022,32.5
541.0,0.024,32.5,0.025,32.5,0.023,32.5,0.025,32.5
541.5,0.022,32.5,0.023,32.5,0.022,32.5,0.024,32.5
542.0,0.023,32.5,0.023,32.5,0.025,32.4,0.025,32.5
542.5,0.021,32.5,0.020,32.5,0.020,32.4,0.023,32.5
543.0,0.020,32.5,0.020,32.5,0.018,32.5,0.021,32.5
543.5,0.017,32.5,0.017,32.5,0.017,32.5,0.020,32.5
544.0,0.011,32.5,0.012,32.5,0.012,32.5,0.011,32.5
544.5,0.019,32.5,0.019,32.5,0.021,32.5,0.016,32.5
545.0,0.022,32.5,0.023,32.5,0.024,32.5,0.021,32.5
545.5,0.023,32.5,0.022,32.5,0.024,32.5,0.023,32.5
546.0,0.024,32.5,0.023,32.5,0.026,32.5,0.023,32.5
546.5,0.025,32.5,0.025,32.5,0.025,32.5,0.024,32.5
547.0,0.028,32.5,0.028,32.5,0.027,32.4,0.028,32.5
547.5,0.028,32.5,0.028,32.5,0.027,32.4,0.033,32.4
548.0,0.028,32.4,0.029,32.5,0.029,32.5,0.032,32.4
548.5,0.025,32.4,0.026,32.5,0.026,32.5,0.028,32.5
549.0,0.019,32.4,0.020,32.4,0.025,32.5,0.022,32.4
549.5,0.013,32.4,0.016,32.4,0.013,32.4,0.014,32.5
550.0,0.015,32.5,0.014,32.5,0.011,32.4,0.013,32.5
550.5,0.020,32.5,0.018,32.5,0.020,32.5,0.016,32.4
551.0,0.021,32.5,0.022,32.5,0.019,32.5,0.018,32.4
551.5,0.021,32.5,0.020,32.5,0.022,32.5,0.019,32.4
552.0,0.021,32.5,0.019,32.5,0.020,32.5,0.020,32.5
552.5,0.018,32.5,0.017,32.5,0.022,32.5,0.017,32.5
553.0,0.017,32.5,0.016,32.5,0.018,32.5,0.018,32.5
553.5,0.013,32.5,0.014,32.5,0.013,32.5,0.014,32.5
554.0,0.010,32.5,0.010,32.5,0.010,32.5,0.010,32.5
554.5,0.017,32.5,0.014,32.5,0.016,32.5,0.012,32.5
555.0,0.023,32.5,0.021,32.6,0.021,32.5,0.014,32.5
555.5,0.023,32.5,0.027,32.6,0.024,32.5,0.022,32.5
556.0,0.022,32.5,0.022,32.5,0.022,32.5,0.024,32.5
556.5,0.026,32.5,0.025,32.5,0.022,32.5,0.025,32.5
557.0,0.028,32.5,0.026,32.5,0.029,32.5,0.027,32.5
557.5,0.031,32.5,0.030,32.5,0.031,32.5,0.031,32.5
558.0,0.029,32.5,0.029,32.5,0.030,32.5,0.034,32.4
558.5,0.026,32.4,0.026,32.5,0.025,32.4,0.026,32.5
559.0,0.021,32.5,0.022,32.5,0.020,32.4,0.021,32.5
559.5,0.019,32.4,0.020,32.4,0.019,32.4,0.021,32.5
560.0,0.025,32.5,0.028,32.5,0.023,32.4,0.026,32.4
560.5,0.026,32.5,0.026,32.4,0.022,32.5,0.027,32.5
561.0,0.024,32.5,0.025,32.5,0.023,32.5,0.026,32.4
561.5,0.023,32.5,0.027,32.4,0.023,32.5,0.024,32.4
562.0,0.020,32.5,0.020,32.4,0.022,32.5,0.020,32.5
562.5,0.020,32.4,0.019,32.5,0.019,32.4,0.020,32.5
563.0,0.016,32.5,0.016,32.5,0.018,32.5,0.016,32.4
563.5,0.012,32.5,0.010,32.5,0.014,32.5,0.012,32.5
564.0,0.013,32.5,0.014,32.5,0.012,32.5,0.013,32.5
564.5,0.021,32.5,0.021,32.5,0.021,32.5,0.019,32.5
565.0,0.026,32.5,0.027,32.5,0.026,32.5,0.025,32.5
565.5,0.026,32.5,0.025,32.5,0.030,32.5,0.026,32.5
566.0,0.029,32.5,0.030,32.5,0.031,32.5,0.027,32.5
566.5,0.026,32.5,0.026,32.5,0.026,32.5,0.025,32.5
567.0,0.025,32.5,0.024,32.5,0.025,32.4,0.024,32.5
567.5,0.025,32.5,0.026,32.5,0.024,32.5,0.025,32.5
568.0,0.023,32.5,0.023,32.5,0.023,32.5,0.023,32.5
568.5,0.022,32.5,0.022,32.4,0.020,32.5,0.024,32.4
569.0,0.014,32.5,0.013,32.5,0.014,32.5,0.018,32.5
569.5,0.017,32.5,0.017,32.5,0.014,32.5,0.018,32.5
570.0,0.023,32.5,0.022,32.5,0.021,32.5,0.022,32.5
570.5,0.022,32.5,0.022,32.5,0.020,32.5,0.021,32.5
571.0,0.022,32.5,0.022,32.5,0.022,32.5,0.024,32.5
571.5,0.019,32.5,0.018,32.5,0.020,32.5,0.023,32.5
572.0,0.018,32.5,0.019,32.5,0.019,32.6,0.023,32.5
572.5,0.016,32.5,0.016,32.5,0.016,32.6,0.015,32.5
573.0,0.013,32.5,0.013,32.5,0.014,32.5,0.012,32.5
573.5,0.012,32.5,0.013,32.6,0.013,32.6,0.012,32.5
574.0,0.010,32.6,0.010,32.6,0.012,32.6,0.010,32.6
574.5,0.018,32.6,0.018,32.6,0.016,32.6,0.017,32.6
575.0,0.023,32.6,0.023,32.6,0.021,32.6,0.022,32.6
575.5,0.028,32.6,0.028,32.6,0.028,32.6,0.027,32.6
576.0,0.031,32.6,0.029,32.6,0.030,32.6,0.029,32.5
576.5,0.028,32.5,0.027,32.5,0.026,32.5,0.029,32.6
577.0,0.029,32.5,0.030,32.5,0.027,32.5,0.028,32.5
577.5,0.026,32.5,0.028,32.5,0.030,32.5,0.025,32.5
578.0,0.025,32.5,0.026,32.5,0.026,32.5,0.025,32.5
578.5,0.020,32.5,0.022,32.5,0.024,32.5,0.022,32.5
579.0,0.014,32.5,0.013,32.5,0.012,32.5,0.018,32.5
579.5,0.019,32.5,0.021,32.5,0.017,32.5,0.020,32.5
580.0,0.025,32.5,0.025,32.5,0.025,32.5,0.025,32.5
580.5,0.027,32.5,0.027,32.5,0.023,32.5,0.031,32.5
581.0,0.026,32.5,0.024,32.5,0.025,32.5,0.026,32.5
581.5,0.022,32.5,0.022,32.5,0.024,32.5,0.022,32.5
582.0,0.021,32.5,0.021,32.5,0.023,32.5,0.020,32.5
582.5,0.015,32.5,0.015,32.5,0.021,32.5,0.015,32.5
583.0,0.014,32.5,0.014,32.5,0.017,32.5,0.013,32.5
583.5,0.010,32.5,0.010,32.5,0.011,32.6,0.010,32.5
584.0,0.010,32.6,0.010,32.6,0.010,32.6,0.009,32.6
584.5,0.021,32.6,0.021,32.6,0.020,32.6,0.019,32.6
585.0,0.023,32.6,0.023,32.6,0.022,32.6,0.025,32.6
585.5,0.031,32.6,0.032,32.6,0.035,32.6,0.030,32.6
586.0,0.030,32.6,0.028,32.6,0.034,32.6,0.033,32.6
586.5,0.032,32.6,0.031,32.6,0.031,32.6,0.032,32.6
587.0,0.032,32.5,0.032,32.5,0.034,32.5,0.032,32.5
587.5,0.029,32.5,0.028,32.5,0.030,32.5,0.032,32.5
588.0,0.026,32.5,0.026,32.5,0.028,32.5,0.025,32.5
588.5,0.021,32.5,0.022,32.5,0.023,32.5,0.022,32.5
589.0,0.023,32.5,0.023,32.5,0.021,32.5,0.021,32.5
589.5,0.021,32.5,0.021,32.5,0.023,32.5,0.020,32.5
590.0,0.023,32.5,0.024,32.5,0.023,32.5,0.023,32.5
590.5,0.026,32.5,0.027,32.5,0.027,32.5,0.026,32.5
591.0,0.024,32.5,0.024,32.5,0.027,32.5,0.024,32.5
591.5,0.024,32.5,0.024,32.5,0.025,32.5,0.029,32.5
592.0,0.020,32.5,0.017,32.5,0.024,32.5,0.019,32.5
592.5,0.018,32.5,0.019,32.5,0.020,32.5,0.019,32.5
593.0,0.016,32.5,0.016,32.5,0.016,32.5,0.018,32.5
593.5,0.010,32.6,0.012,32.6,0.011,32.6,0.014,32.5
594.0,0.016,32.6,0.018,32.6,0.015,32.6,0.012,32.5
594.5,0.024,32.6,0.023,32.6,0.021,32.6,0.023,32.6
595.0,0.029,32.6,0.028,32.6,0.030,32.6,0.026,32.6
595.5,0.029,32.6,0.028,32.6,0.029,32.6,0.028,32.6
596.0,0.029,32.6,0.030,32.6,0.028,32.5,0.030,32.6
596.5,0.031,32.5,0.030,32.5,0.029,32.5,0.028,32.5
597.0,0.028,32.5,0.027,32.5,0.028,32.5,0.028,32.6
597.5,0.028,32.5,0.031,32.5,0.028,32.5,0.027,32.6
598.0,0.027,32.5,0.029,32.5,0.027,32.5,0.027,32.5
598.5,0.030,32.5,0.032,32.5,0.028,32.5,0.028,32.5
599.0,0.029,32.5,0.030,32.5,0.027,32.5,0.030,32.5
599.5,0.026,32.5,0.027,32.5,0.028,32.5,0.027,32.5
600.0,0.026,32.5,0.025,32.5,0.026,32.5,0.025,32.5
600.5,0.024,32.5,0.023,32.5,0.024,32.5,0.024,32.5
601.0,0.026,32.5,0.025,32.5,0.031,32.5,0.023,32.4
601.5,0.024,32.5,0.024,32.5,0.028,32.5,0.025,32.5
602.0,0.022,32.5,0.023,32.5,0.022,32.5,0.023,32.5
602.5,0.021,32.5,0.022,32.5,0.022,32.5,0.025,32.5
603.0,0.015,32.5,0.014,32.5,0.022,32.5,0.015,32.5
603.5,0.015,32.5,0.016,32.5,0.016,32.5,0.014,32.6
604.0,0.019,32.6,0.020,32.6,0.017,32.5,0.018,32.6
604.5,0.026,32.6,0.027,32.6,0.023,32.6,0.027,32.6
605.0,0.029,32.6,0.030,32.6,0.025,32.6,0.030,32.6
605.5,0.027,32.6,0.026,32.6,0.028,32.6,0.026,32.6
606.0,0.029,32.6,0.027,32.5,0.029,32.5,0.028,32.5
606.5,0.028,32.5,0.026,32.5,0.031,32.5,0.028,32.5
607.0,0.032,32.5,0.029,32.5,0.035,32.5,0.029,32.5
607.5,0.031,32.5,0.032,32.5,0.029,32.5,0.029,32.5
608.0,0.029,32.5,0.030,32.5,0.029,32.5,0.028,32.5
608.5,0.029,32.5,0.029,32.5,0.030,32.5,0.030,32.5
609.0,0.028,32.5,0.028,32.5,0.031,32.5,0.030,32.5
609.5,0.029,32.5,0.028,32.5,0.026,32.4,0.027,32.5
610.0,0.026,32.5,0.025,32.5,0.025,32.5,0.024,32.5
610.5,0.026,32.5,0.024,32.5,0.022,32.5,0.024,32.5
611.0,0.024,32.5,0.023,32.5,0.024,32.5,0.030,32.5
611.5,0.022,32.5,0.022,32.5,0.023,32.5,0.021,32.5
612.0,0.024,32.5,0.028,32.5,0.024,32.5,0.022,32.5
612.5,0.021,32.5,0.022,32.5,0.020,32.5,0.019,32.5
613.0,0.021,32.5,0.022,32.5,0.022,32.5,0.024,32.5
613.5,0.025,32.5,0.025,32.6,0.024,32.5,0.027,32.5
614.0,0.029,32.5,0.029,32.6,0.027,32.6,0.029,32.6
614.5,0.031,32.5,0.031,32.5,0.029,32.5,0.032,32.6
615.0,0.030,32.5,0.033,32.5,0.029,32.5,0.030,32.5
615.5,0.033,32.5,0.036,32.5,0.034,32.5,0.031,32.5
616.0,0.032,32.5,0.034,32.5,0.033,32.5,0.032,32.5
616.5,0.032,32.5,0.034,32.5,0.029,32.5,0.032,32.5
617.0,0.032,32.5,0.033,32.5,0.030,32.5,0.037,32.5
617.5,0.029,32.5,0.028,32.5,0.029,32.5,0.031,32.5
618.0,0.030,32.4,0.031,32.4,0.035,32.4,0.028,32.4
618.5,0.025,32.5,0.023,32.4,0.033,32.5,0.024,32.5
619.0,0.022,32.5,0.024,32.5,0.032,32.5,0.022,32.5
619.5,0.023,32.5,0.024,32.5,0.024,32.5,0.022,32.5
620.0,0.024,32.5,0.024,32.5,0.023,32.5,0.021,32.5
620.5,0.022,32.5,0.022,32.5,0.021,32.5,0.023,32.5
621.0,0.020,32.5,0.020,32.5,0.018,32.5,0.022,32.5
621.5,0.021,32.6,0.021,32.6,0.020,32.5,0.022,32.5
622.0,0.018,32.6,0.018,32.6,0.019,32.6,0.020,32.6
622.5,0.018,32.6,0.019,32.6,0.018,32.6,0.018,32.6
623.0,0.019,32.6,0.019,32.6,0.017,32.6,0.020,32.6
623.5,0.021,32.6,0.021,32.6,0.019,32.6,0.020,32.6
624.0,0.025,32.6,0.024,32.6,0.020,32.6,0.024,32.6
624.5,0.024,32.6,0.023,32.6,0.024,32.6,0.024,32.6
625.0,0.026,32.6,0.025,32.6,0.026,32.6,0.025,32.6
625.5,0.025,32.6,0.023,32.6,0.032,32.6,0.025,32.6
626.0,0.022,32.6,0.020,32.6,0.025,32.6,0.025,32.6
626.5,0.026,32.6,0.025,32.6,0.029,32.6,0.024,32.6
627.0,0.024,32.6,0.024,32.6,0.027,32.6,0.024,32.6
627.5,0.025,32.6,0.024,32.6,0.022,32.6,0.028,32.6
628.0,0.021,32.6,0.020,32.6,0.020,32.6,0.029,32.6
628.5,0.016,32.6,0.016,32.6,0.018,32.6,0.015,32.6
629.0,0.016,32.6,0.015,32.6,0.021,32.6,0.014,32.6
629.5,0.013,32.6,0.013,32.6,0.022,32.6,0.013,32.6
630.0,0.015,32.7,0.018,32.7,0.022,32.6,0.013,32.6
630.5,0.016,32.7,0.016,32.7,0.018,32.7,0.016,32.7
631.0,0.015,32.7,0.015,32.7,0.017,32.7,0.016,32.7
631.5,0.014,32.7,0.015,32.7,0.019,32.7,0.017,32.7
632.0,0.009,32.7,0.009,32.7,0.008,32.7,0.012,32.8
632.5,0.010,32.7,0.010,32.7,0.010,32.7,0.010,32.8
633.0,0.011,32.8,0.012,32.8,0.011,32.8,0.010,32.8
633.5,0.012,32.8,0.013,32.8,0.010,32.7,0.013,32.8
634.0,0.013,32.8,0.014,32.8,0.008,32.8,0.012,32.8
634.5,0.013,32.8,0.013,32.8,0.013,32.8,0.013,32.8
635.0,0.013,32.8,0.011,32.8,0.012,32.8,0.013,32.8
635.5,0.011,32.8,0.010,32.8,0.014,32.8,0.009,32.8
636.0,0.014,32.8,0.011,32.8,0.016,32.8,0.013,32.9
636.5,0.014,32.8,0.016,32.8,0.013,32.8,0.015,32.8
637.0,0.013,32.8,0.014,32.8,0.012,32.9,0.014,32.8
637.5,0.011,32.9,0.011,32.9,0.012,32.9,0.011,32.9
638.0,0.008,32.9,0.008,32.9,0.010,32.9,0.009,32.9
638.5,0.007,32.9,0.007,32.9,0.006,32.9,0.011,32.9
639.0,0.006,32.9,0.005,32.9,0.007,32.9,0.009,32.9
639.5,0.008,32.9,0.010,32.9,0.007,32.9,0.008,32.9
640.0,0.007,32.9,0.008,32.9,0.008,33.0,0.007,32.9
640.5,0.007,32.9,0.006,33.0,0.007,32.9,0.007,33.0
641.0,0.007,32.9,0.007,33.0,0.008,32.9,0.007,32.9
641.5,0.004,33.0,0.004,33.0,0.006,32.9,0.006,33.0
642.0,0.004,33.0,0.004,33.0,0.007,33.0,0.005,33.0
642.5,0.007,33.0,0.006,33.0,0.007,33.0,0.004,33.0
643.0,0.010,33.0,0.009,33.0,0.010,33.0,0.010,33.0
643.5,0.012,33.0,0.012,33.0,0.010,33.0,0.012,33.0
644.0,0.010,33.0,0.010,33.0,0.010,33.0,0.011,33.0
644.5,0.012,33.0,0.016,33.0,0.012,33.0,0.011,33.0
645.0,0.010,33.0,0.009,33.0,0.012,33.0,0.010,33.0
645.5,0.010,33.0,0.010,33.0,0.010,33.0,0.010,33.0
646.0,0.008,33.0,0.008,33.0,0.008,33.0,0.008,33.0
646.5,0.007,33.0,0.006,33.0,0.007,33.0,0.002,33.1
647.0,0.007,33.0,0.006,33.0,0.008,33.0,0.006,33.0
647.5,0.001,33.0,0.002,33.1,0.005,33.0,0.001,33.1
648.0,-0.003,33.1,-0.004,33.0,-0.003,33.1,-0.003,33.1
648.5,-0.001,33.1,-0.002,33.1,-0.002,33.1,-0.002,33.1
649.0,0.002,33.1,0.004,33.1,0.002,33.1,0.003,33.1
649.5,0.001,33.1,0.002,33.1,0.002,33.1,0.003,33.1
650.0,-0.002,33.1,-0.003,33.1,-0.002,33.1,-0.002,33.1
650.5,-0.004,33.1,-0.004,33.1,-0.003,33.2,-0.004,33.1
651.0,-0.010,33.2,-0.010,33.2,-0.011,33.2,-0.010,33.2
651.5,-0.016,33.2,-0.016,33.2,-0.018,33.2,-0.017,33.2
652.0,-0.025,33.2,-0.024,33.2,-0.025,33.2,-0.024,33.2
652.5,-0.043,33.2,-0.040,33.2,-0.041,33.2,-0.039,33.3
653.0,-0.057,33.3,-0.057,33.3,-0.053,33.3,-0.053,33.3
653.5,-0.055,33.3,-0.056,33.3,-0.055,33.4,-0.056,33.3
654.0,-0.044,33.3,-0.043,33.3,-0.048,33.2,-0.046,33.3
654.5,-0.037,33.3,-0.037,33.3,-0.037,33.3,-0.038,33.3
655.0,-0.038,33.4,-0.037,33.4,-0.037,33.4,-0.039,33.4
655.5,-0.041,33.4,-0.041,33.4,-0.039,33.4,-0.041,33.4
656.0,-0.041,33.4,-0.042,33.4,-0.039,33.4,-0.042,33.4
656.5,-0.038,33.4,-0.037,33.4,-0.039,33.4,-0.040,33.4
657.0,-0.023,33.4,-0.023,33.4,-0.024,33.4,-0.025,33.4
657.5,-0.020,33.5,-0.020,33.5,-0.018,33.5,-0.020,33.5
658.0,-0.022,33.5,-0.021,33.5,-0.022,33.5,-0.020,33.5
658.5,-0.023,33.5,-0.024,33.5,-0.024,33.5,-0.022,33.5
659.0,-0.016,33.5,-0.016,33.5,-0.016,33.5,-0.016,33.5
659.5,-0.015,33.5,-0.015,33.5,-0.015,33.5,-0.016,33.5
660.0,-0.018,33.6,-0.018,33.6,-0.016,33.5,-0.018,33.6
660.5,-0.026,33.6,-0.023,33.6,-0.024,33.5,-0.025,33.6
661.0,-0.029,33.6,-0.030,33.6,-0.028,33.5,-0.029,33.6
661.5,-0.028,33.6,-0.027,33.6,-0.028,33.6,-0.028,33.6
662.0,-0.027,33.6,-0.028,33.6,-0.027,33.6,-0.029,33.6
662.5,-0.027,33.6,-0.029,33.6,-0.025,33.6,-0.024,33.6
663.0,-0.033,33.6,-0.032,33.6,-0.036,33.6,-0.028,33.6
663.5,-0.029,33.6,-0.030,33.6,-0.031,33.7,-0.028,33.6
664.0,-0.039,33.6,-0.040,33.6,-0.038,33.6,-0.037,33.6
664.5,-0.040,33.6,-0.040,33.6,-0.039,33.6,-0.042,33.6
665.0,-0.040,33.7,-0.039,33.7,-0.041,33.7,-0.042,33.6
665.5,-0.040,33.6,-0.041,33.6,-0.041,33.7,-0.042,33.6
666.0,-0.028,33.6,-0.028,33.6,-0.038,33.6,-0.028,33.6
666.5,-0.013,33.7,-0.012,33.7,-0.015,33.6,-0.015,33.6
667.0,-0.008,33.7,-0.009,33.7,-0.008,33.7,-0.009,33.7
667.5,-0.006,33.7,-0.005,33.7,-0.007,33.7,-0.004,33.7
668.0,-0.010,33.7,-0.010,33.7,-0.011,33.7,-0.006,33.7
668.5,-0.016,33.7,-0.017,33.7,-0.017,33.7,-0.016,33.8
669.0,-0.012,33.7,-0.012,33.7,-0.017,33.7,-0.013,33.7
669.5,-0.011,33.7,-0.011,33.7,-0.011,33.8,-0.011,33.7
670.0,-0.011,33.7,-0.010,33.7,-0.011,33.8,-0.010,33.7
670.5,-0.008,33.8,-0.009,33.7,-0.010,33.7,-0.010,33.7
671.0,-0.003,33.8,-0.003,33.8,-0.005,33.8,-0.003,33.8
671.5,0.002,33.8,0.003,33.8,0.002,33.8,-0.001,33.8
672.0,0.008,33.7,0.007,33.8,0.008,33.7,0.006,33.8
672.5,0.013,33.7,0.014,33.8,0.013,33.7,0.011,33.7
673.0,0.012,33.7,0.012,33.7,0.012,33.7,0.011,33.7
673.5,0.011,33.7,0.010,33.7,0.012,33.7,0.010,33.7
674.0,0.004,33.7,0.004,33.7,0.008,33.7,0.005,33.7
674.5,0.007,33.7,0.008,33.7,0.009,33.7,0.005,33.7
675.0,0.011,33.7,0.011,33.7,0.011,33.7,0.010,33.7
675.5,0.015,33.7,0.014,33.7,0.014,33.7,0.014,33.7
676.0,0.015,33.6,0.014,33.6,0.016,33.7,0.015,33.7
676.5,0.013,33.6,0.013,33.6,0.016,33.7,0.014,33.6
677.0,0.011,33.6,0.012,33.6,0.012,33.6,0.011,33.6
677.5,0.008,33.6,0.009,33.6,0.010,33.6,0.007,33.6
678.0,0.010,33.6,0.010,33.6,0.008,33.6,0.009,33.6
678.5,0.009,33.6,0.010,33.6,0.012,33.6,0.009,33.6
679.0,0.014,33.6,0.013,33.6,0.014,33.6,0.013,33.6
679.5,0.020,33.6,0.016,33.6,0.021,33.5,0.021,33.6
680.0,0.020,33.6,0.019,33.5,0.020,33.6,0.022,33.6
680.5,0.025,33.5,0.023,33.5,0.022,33.5,0.029,33.5
681.0,0.025,33.5,0.026,33.5,0.024,33.5,0.031,33.5
681.5,0.025,33.5,0.025,33.5,0.024,33.5,0.026,33.5
682.0,0.025,33.4,0.024,33.4,0.024,33.5,0.025,33.4
682.5,0.025,33.4,0.024,33.4,0.024,33.5,0.024,33.4
683.0,0.025,33.4,0.024,33.4,0.025,33.4,0.026,33.4
683.5,0.018,33.4,0.020,33.4,0.018,33.4,0.024,33.4
684.0,0.019,33.4,0.018,33.3,0.017,33.4,0.023,33.4
684.5,0.022,33.4,0.022,33.4,0.022,33.4,0.023,33.4
685.0,0.021,33.3,0.021,33.3,0.026,33.3,0.022,33.3
685.5,0.022,33.3,0.022,33.3,0.026,33.3,0.023,33.3
686.0,0.020,33.3,0.020,33.3,0.023,33.3,0.021,33.3
686.5,0.020,33.3,0.022,33.3,0.022,33.4,0.020,33.4
687.0,0.018,33.3,0.021,33.4,0.019,33.3,0.018,33.4
687.5,0.015,33.3,0.015,33.3,0.016,33.3,0.014,33.3
688.0,0.013,33.3,0.013,33.3,0.015,33.3,0.013,33.3
688.5,0.009,33.3,0.010,33.3,0.012,33.3,0.010,33.3
689.0,0.019,33.4,0.020,33.3,0.017,33.3,0.013,33.4
689.5,0.024,33.4,0.024,33.4,0.022,33.4,0.026,33.4
690.0,0.027,33.3,0.028,33.3,0.025,33.4,0.032,33.3
690.5,0.030,33.3,0.034,33.3,0.030,33.3,0.035,33.3
691.0,0.027,33.3,0.026,33.3,0.028,33.3,0.026,33.3
691.5,0.028,33.3,0.026,33.3,0.030,33.3,0.031,33.3
692.0,0.026,33.3,0.026,33.3,0.025,33.3,0.030,33.3
692.5,0.025,33.2,0.025,33.2,0.024,33.2,0.024,33.3
693.0,0.019,33.2,0.017,33.2,0.019,33.2,0.020,33.2
693.5,0.015,33.2,0.015,33.2,0.014,33.3,0.013,33.2
694.0,0.019,33.2,0.020,33.2,0.018,33.3,0.021,33.2
694.5,0.019,33.2,0.021,33.2,0.019,33.3,0.021,33.2
695.0,0.021,33.2,0.021,33.2,0.020,33.3,0.023,33.3
695.5,0.020,33.3,0.019,33.2,0.019,33.3,0.020,33.3
696.0,0.019,33.3,0.017,33.3,0.020,33.3,0.019,33.2
696.5,0.018,33.3,0.017,33.3,0.019,33.3,0.019,33.3
697.0,0.016,33.3,0.016,33.3,0.015,33.3,0.016,33.3
697.5,0.015,33.3,0.016,33.3,0.015,33.3,0.017,33.2
698.0,0.015,33.3,0.015,33.3,0.016,33.3,0.014,33.3
698.5,0.021,33.3,0.020,33.3,0.022,33.3,0.022,33.2
699.0,0.024,33.3,0.024,33.2,0.026,33.2,0.023,33.2
699.5,0.026,33.3,0.026,33.3,0.026,33.3,0.024,33.3
700.0,0.030,33.2,0.028,33.2,0.029,33.2,0.031,33.3
700.5,0.029,33.2,0.027,33.2,0.028,33.2,0.030,33.2
701.0,0.029,33.2,0.031,33.2,0.028,33.2,0.030,33.2
701.5,0.027,33.2,0.029,33.2,0.027,33.2,0.030,33.2
702.0,0.027,33.2,0.026,33.2,0.028,33.2,0.029,33.1
702.5,0.020,33.2,0.021,33.2,0.023,33.2,0.020,33.2
703.0,0.013,33.2,0.013,33.1,0.020,33.2,0.016,33.1
703.5,0.017,33.2,0.019,33.2,0.017,33.2,0.017,33.2
704.0,0.021,33.2,0.021,33.2,0.018,33.2,0.023,33.2
704.5,0.022,33.2,0.021,33.2,0.021,33.2,0.022,33.2
705.0,0.022,33.2,0.021,33.2,0.026,33.2,0.022,33.2
705.5,0.019,33.2,0.018,33.2,0.019,33.2,0.021,33.2
706.0,0.019,33.2,0.020,33.2,0.020,33.2,0.019,33.2
706.5,0.016,33.2,0.016,33.2,0.018,33.2,0.018,33.2
707.0,0.015,33.2,0.015,33.3,0.015,33.2,0.016,33.2
707.5,0.014,33.2,0.014,33.2,0.015,33.3,0.013,33.2
708.0,0.019,33.2,0.019,33.2,0.018,33.2,0.018,33.3
708.5,0.021,33.3,0.022,33.3,0.020,33.3,0.021,33.2
709.0,0.022,33.2,0.022,33.2,0.024,33.2,0.021,33.2
709.5,0.026,33.2,0.027,33.3,0.022,33.2,0.023,33.3
710.0,0.027,33.2,0.029,33.2,0.023,33.2,0.026,33.2
710.5,0.026,33.2,0.029,33.2,0.023,33.2,0.026,33.2
711.0,0.025,33.2,0.026,33.2,0.024,33.3,0.025,33.2
711.5,0.023,33.2,0.023,33.2,0.023,33.2,0.023,33.2
712.0,0.022,33.2,0.022,33.2,0.024,33.2,0.022,33.2
712.5,0.015,33.2,0.016,33.2,0.020,33.2,0.019,33.2
713.0,0.014,33.2,0.014,33.2,0.014,33.2,0.015,33.2
713.5,0.019,33.2,0.019,33.2,0.018,33.1,0.017,33.2
714.0,0.021,33.2,0.021,33.2,0.020,33.1,0.021,33.2
714.5,0.022,33.2,0.023,33.2,0.024,33.2,0.023,33.2
715.0,0.020,33.2,0.020,33.2,0.021,33.2,0.021,33.2
715.5,0.020,33.2,0.019,33.2,0.022,33.2,0.019,33.2
716.0,0.017,33.2,0.016,33.2,0.022,33.2,0.019,33.2
716.5,0.016,33.2,0.014,33.2,0.013,33.2,0.016,33.2
717.0,0.014,33.2,0.013,33.2,0.014,33.2,0.014,33.2
717.5,0.011,33.2,0.011,33.3,0.011,33.2,0.011,33.2
718.0,0.018,33.3,0.017,33.3,0.018,33.3,0.015,33.2
718.5,0.022,33.3,0.021,33.2,0.021,33.3,0.024,33.3
719.0,0.026,33.2,0.028,33.2,0.023,33.3,0.024,33.3
719.5,0.027,33.2,0.028,33.3,0.027,33.2,0.024,33.3
720.0,0.026,33.2,0.027,33.2,0.027,33.2,0.026,33.2
720.5,0.028,33.2,0.028,33.2,0.028,33.2,0.027,33.2
721.0,0.025,33.2,0.028,33.2,0.027,33.2,0.024,33.2
721.5,0.026,33.2,0.024,33.2,0.024,33.2,0.024,33.2
722.0,0.024,33.2,0.024,33.2,0.025,33.2,0.023,33.2
722.5,0.022,33.2,0.021,33.2,0.022,33.2,0.024,33.2
723.0,0.020,33.2,0.019,33.2,0.021,33.2,0.020,33.1
723.5,0.021,33.2,0.024,33.2,0.024,33.2,0.019,33.2
724.0,0.024,33.2,0.023,33.2,0.023,33.2,0.023,33.2
724.5,0.021,33.2,0.021,33.2,0.022,33.2,0.020,33.2
725.0,0.021,33.2,0.021,33.2,0.022,33.2,0.020,33.2
725.5,0.020,33.2,0.020,33.2,0.020,33.2,0.020,33.2
726.0,0.017,33.2,0.020,33.2,0.017,33.2,0.018,33.2
726.5,0.017,33.2,0.018,33.2,0.016,33.2,0.016,33.2
727.0,0.014,33.2,0.015,33.2,0.014,33.2,0.015,33.2
727.5,0.014,33.2,0.016,33.2,0.015,33.2,0.014,33.3
728.0,0.022,33.2,0.022,33.2,0.020,33.2,0.021,33.2
728.5,0.023,33.2,0.024,33.3,0.023,33.2,0.022,33.2
729.0,0.025,33.2,0.024,33.2,0.025,33.2,0.026,33.2
729.5,0.024,33.2,0.025,33.2,0.024,33.2,0.024,33.2
730.0,0.027,33.2,0.028,33.2,0.028,33.2,0.028,33.2
730.5,0.026,33.2,0.027,33.2,0.027,33.2,0.025,33.2
731.0,0.026,33.2,0.028,33.2,0.028,33.2,0.025,33.2
731.5,0.023,33.2,0.024,33.2,0.027,33.2,0.023,33.2
732.0,0.021,33.2,0.022,33.2,0.021,33.2,0.021,33.2
732.5,0.021,33.2,0.020,33.1,0.022,33.2,0.021,33.2
733.0,0.018,33.2,0.019,33.1,0.022,33.2,0.019,33.2
733.5,0.023,33.2,0.026,33.2,0.025,33.2,0.021,33.2
734.0,0.023,33.2,0.024,33.2,0.025,33.2,0.024,33.2
734.5,0.022,33.2,0.022,33.2,0.023,33.2,0.021,33.2
735.0,0.021,33.2,0.021,33.2,0.024,33.2,0.020,33.2
735.5,0.019,33.2,0.018,33.2,0.024,33.1,0.018,33.2
736.0,0.019,33.2,0.019,33.2,0.023,33.1,0.018,33.2
736.5,0.017,33.2,0.016,33.2,0.016,33.2,0.017,33.2
737.0,0.014,33.2,0.014,33.2,0.015,33.2,0.015,33.2
737.5,0.013,33.2,0.012,33.2,0.013,33.2,0.015,33.2
738.0,0.019,33.2,0.019,33.2,0.020,33.2,0.017,33.2
738.5,0.025,33.2,0.025,33.2,0.023,33.2,0.028,33.2
739.0,0.025,33.2,0.024,33.2,0.026,33.2,0.026,33.2
739.5,0.031,33.2,0.029,33.2,0.032,33.2,0.030,33.2
740.0,0.030,33.2,0.032,33.2,0.031,33.2,0.031,33.2
740.5,0.027,33.2,0.026,33.2,0.027,33.2,0.030,33.1
741.0,0.030,33.1,0.029,33.1,0.029,33.1,0.029,33.2
741.5,0.028,33.1,0.028,33.1,0.028,33.1,0.029,33.1
742.0,0.029,33.1,0.034,33.1,0.027,33.1,0.030,33.1
742.5,0.020,33.1,0.020,33.1,0.023,33.1,0.022,33.1
743.0,0.024,33.1,0.023,33.1,0.022,33.1,0.021,33.1
743.5,0.028,33.1,0.027,33.1,0.028,33.2,0.026,33.1
744.0,0.025,33.1,0.026,33.1,0.024,33.1,0.026,33.1
744.5,0.026,33.1,0.028,33.1,0.024,33.2,0.024,33.1
745.0,0.023,33.1,0.023,33.1,0.022,33.1,0.023,33.1
745.5,0.022,33.1,0.021,33.1,0.022,33.1,0.021,33.1
746.0,0.018,33.1,0.018,33.2,0.018,33.1,0.020,33.1
746.5,0.015,33.1,0.015,33.2,0.017,33.2,0.016,33.1
747.0,0.014,33.2,0.016,33.2,0.017,33.2,0.016,33.1
747.5,0.015,33.2,0.014,33.2,0.015,33.2,0.016,33.2
748.0,0.025,33.2,0.023,33.2,0.023,33.2,0.027,33.2
748.5,0.024,33.2,0.025,33.2,0.022,33.2,0.028,33.2
749.0,0.025,33.2,0.026,33.2,0.022,33.2,0.023,33.2
749.5,0.029,33.2,0.029,33.2,0.027,33.1,0.028,33.1
750.0,0.026,33.1,0.026,33.1,0.027,33.1,0.028,33.1
750.5,0.026,33.1,0.026,33.1,0.026,33.1,0.027,33.1
751.0,0.024,33.1,0.027,33.1,0.025,33.1,0.024,33.1
751.5,0.025,33.1,0.025,33.2,0.025,33.1,0.024,33.1
752.0,0.023,33.1,0.024,33.1,0.024,33.1,0.024,33.1
752.5,0.017,33.1,0.017,33.1,0.018,33.2,0.019,33.1
753.0,0.020,33.1,0.020,33.1,0.019,33.2,0.020,33.1
753.5,0.022,33.1,0.023,33.1,0.022,33.2,0.021,33.1
754.0,0.024,33.2,0.024,33.2,0.022,33.2,0.027,33.2
754.5,0.023,33.1,0.023,33.2,0.023,33.1,0.024,33.1
755.0,0.019,33.2,0.020,33.2,0.026,33.1,0.021,33.1
755.5,0.019,33.2,0.019,33.2,0.019,33.2,0.019,33.2
756.0,0.015,33.2,0.017,33.2,0.015,33.2,0.014,33.1
756.5,0.014,33.2,0.012,33.2,0.012,33.2,0.015,33.2
757.0,0.014,33.2,0.013,33.2,0.016,33.2,0.014,33.2
757.5,0.016,33.2,0.017,33.2,0.014,33.2,0.013,33.2
758.0,0.023,33.2,0.023,33.2,0.022,33.2,0.022,33.2
758.5,0.024,33.2,0.024,33.2,0.023,33.2,0.025,33.2
759.0,0.032,33.2,0.033,33.2,0.029,33.2,0.033,33.2
759.5,0.032,33.2,0.035,33.2,0.032,33.2,0.029,33.2
760.0,0.031,33.2,0.031,33.2,0.030,33.2,0.033,33.2
760.5,0.030,33.1,0.029,33.1,0.030,33.1,0.032,33.2
761.0,0.027,33.1,0.026,33.1,0.027,33.1,0.029,33.2
761.5,0.027,33.1,0.027,33.1,0.028,33.1,0.031,33.1
762.0,0.021,33.1,0.022,33.1,0.023,33.1,0.023,33.1
762.5,0.020,33.1,0.020,33.1,0.022,33.1,0.024,33.2
763.0,0.024,33.1,0.025,33.1,0.023,33.1,0.028,33.1
763.5,0.027,33.1,0.027,33.1,0.025,33.1,0.030,33.1
764.0,0.027,33.2,0.028,33.2,0.026,33.1,0.028,33.2
764.5,0.023,33.1,0.021,33.1,0.022,33.1,0.025,33.2
765.0,0.023,33.1,0.021,33.1,0.020,33.1,0.022,33.1
765.5,0.019,33.1,0.020,33.1,0.020,33.1,0.020,33.1
766.0,0.018,33.1,0.017,33.1,0.018,33.2,0.019,33.2
766.5,0.018,33.1,0.018,33.1,0.017,33.2,0.020,33.2
767.0,0.017,33.2,0.016,33.1,0.014,33.2,0.019,33.2
767.5,0.025,33.2,0.026,33.2,0.015,33.2,0.024,33.2
768.0,0.027,33.2,0.027,33.2,0.026,33.2,0.026,33.2
768.5,0.032,33.2,0.031,33.2,0.030,33.2,0.029,33.2
769.0,0.034,33.1,0.033,33.1,0.036,33.1,0.032,33.2
769.5,0.034,33.1,0.033,33.1,0.037,33.1,0.032,33.1
770.0,0.034,33.1,0.032,33.1,0.030,33.2,0.033,33.1
770.5,0.030,33.1,0.028,33.1,0.030,33.1,0.034,33.1
771.0,0.030,33.1,0.028,33.1,0.032,33.1,0.030,33.1
771.5,0.026,33.0,0.029,33.0,0.028,33.0,0.025,33.1
772.0,0.026,33.1,0.027,33.0,0.030,33.0,0.024,33.1
772.5,0.024,33.1,0.024,33.1,0.028,33.1,0.023,33.1
773.0,0.022,33.1,0.023,33.1,0.021,33.1,0.026,33.1
773.5,0.025,33.1,0.025,33.1,0.030,33.1,0.023,33.1
774.0,0.024,33.1,0.025,33.1,0.028,33.1,0.022,33.1
774.5,0.026,33.1,0.025,33.1,0.024,33.1,0.026,33.1
775.0,0.022,33.1,0.023,33.1,0.023,33.1,0.022,33.1
775.5,0.022,33.1,0.023,33.1,0.021,33.1,0.020,33.0
776.0,0.021,33.1,0.025,33.1,0.021,33.1,0.022,33.1
776.5,0.019,33.1,0.018,33.1,0.023,33.2,0.019,33.1
777.0,0.028,33.1,0.025,33.1,0.029,33.2,0.024,33.1
777.5,0.028,33.1,0.029,33.1,0.029,33.2,0.029,33.1
778.0,0.030,33.1,0.031,33.1,0.031,33.2,0.030,33.1
778.5,0.034,33.1,0.036,33.1,0.033,33.1,0.034,33.1
779.0,0.032,33.1,0.033,33.1,0.035,33.1,0.032,33.1
779.5,0.032,33.1,0.036,33.1,0.029,33.0,0.034,33.1
780.0,0.029,33.0,0.028,33.0,0.028,33.1,0.034,33.0
780.5,0.029,33.0,0.027,33.0,0.025,33.0,0.034,33.0
781.0,0.028,33.0,0.026,33.0,0.027,33.1,0.027,33.0
781.5,0.025,33.0,0.023,33.0,0.030,33.1,0.026,33.1
782.0,0.023,33.1,0.022,33.1,0.020,33.0,0.022,33.1
782.5,0.020,33.1,0.018,33.1,0.018,33.1,0.021,33.1
783.0,0.022,33.1,0.020,33.1,0.021,33.1,0.020,33.1
783.5,0.021,33.1,0.023,33.1,0.018,33.1,0.020,33.1
784.0,0.021,33.1,0.024,33.2,0.021,33.1,0.020,33.1
784.5,0.023,33.1,0.022,33.1,0.023,33.1,0.025,33.2
785.0,0.018,33.1,0.017,33.1,0.019,33.1,0.022,33.1
785.5,0.019,33.1,0.021,33.1,0.022,33.1,0.019,33.1
786.0,0.015,33.2,0.017,33.2,0.017,33.2,0.019,33.2
786.5,0.017,33.2,0.018,33.2,0.017,33.2,0.012,33.2
787.0,0.023,33.2,0.024,33.2,0.024,33.1,0.021,33.2
787.5,0.024,33.2,0.023,33.2,0.022,33.2,0.026,33.2
788.0,0.025,33.2,0.025,33.2,0.025,33.2,0.023,33.2
788.5,0.024,33.2,0.022,33.2,0.023,33.2,0.026,33.2
789.0,0.024,33.1,0.022,33.2,0.025,33.1,0.021,33.1
789.5,0.024,33.1,0.025,33.1,0.024,33.1,0.022,33.1
790.0,0.023,33.1,0.025,33.1,0.023,33.2,0.024,33.1
790.5,0.022,33.2,0.023,33.2,0.022,33.2,0.026,33.1
791.0,0.017,33.2,0.018,33.1,0.019,33.2,0.019,33.1
791.5,0.014,33.2,0.016,33.2,0.018,33.2,0.015,33.2
792.0,0.010,33.2,0.010,33.2,0.009,33.2,0.008,33.2
792.5,0.012,33.2,0.012,33.2,0.012,33.2,0.011,33.2
793.0,0.013,33.2,0.012,33.2,0.016,33.2,0.012,33.2
793.5,0.012,33.2,0.011,33.2,0.017,33.3,0.016,33.3
794.0,0.013,33.3,0.012,33.3,0.012,33.2,0.014,33.3
794.5,0.012,33.3,0.012,33.3,0.012,33.2,0.012,33.3
795.0,0.011,33.3,0.010,33.3,0.011,33.3,0.017,33.3
795.5,0.005,33.3,0.005,33.3,0.006,33.3,0.006,33.3
796.0,0.010,33.3,0.010,33.3,0.006,33.3,0.006,33.3
796.5,0.014,33.3,0.014,33.3,0.009,33.3,0.013,33.4
797.0,0.013,33.3,0.014,33.3,0.013,33.3,0.012,33.3
797.5,0.017,33.4,0.015,33.3,0.021,33.4,0.016,33.4
798.0,0.016,33.4,0.016,33.3,0.018,33.3,0.019,33.4
798.5,0.014,33.4,0.013,33.4,0.010,33.4,0.016,33.4
799.0,0.012,33.4,0.012,33.4,0.013,33.4,0.012,33.4
799.5,0.012,33.4,0.012,33.4,0.014,33.4,0.011,33.4
800.0,0.015,33.4,0.017,33.4,0.012,33.3,0.013,33.4
800.5,0.008,33.4,0.008,33.4,0.013,33.3,0.008,33.4
801.0,0.002,33.4,0.001,33.4,0.001,33.4,0.001,33.4
801.5,0.003,33.4,0.003,33.4,0.004,33.4,0.003,33.4
802.0,0.004,33.4,0.004,33.4,0.005,33.4,0.003,33.4
802.5,0.005,33.4,0.005,33.4,0.005,33.5,0.006,33.4
803.0,0.006,33.5,0.006,33.5,0.005,33.4,0.006,33.5
803.5,0.007,33.5,0.007,33.5,0.008,33.5,0.009,33.5
804.0,0.005,33.5,0.006,33.5,0.010,33.5,0.008,33.5
804.5,0.004,33.5,0.003,33.5,0.004,33.5,0.007,33.5
805.0,-0.000,33.5,-0.001,33.5,0.001,33.5,-0.000,33.5
805.5,0.004,33.5,0.003,33.5,0.002,33.5,0.001,33.5
806.0,0.007,33.6,0.006,33.6,0.010,33.6,0.006,33.5
806.5,0.006,33.5,0.005,33.5,0.007,33.5,0.008,33.6
807.0,0.008,33.5,0.009,33.6,0.007,33.5,0.006,33.6
807.5,0.006,33.6,0.008,33.6,0.006,33.5,0.007,33.5
808.0,0.005,33.6,0.006,33.6,0.004,33.5,0.007,33.5
808.5,0.006,33.6,0.006,33.6,0.006,33.6,0.007,33.5
809.0,0.005,33.6,0.008,33.6,0.005,33.6,0.004,33.6
809.5,0.006,33.6,0.006,33.6,0.005,33.6,0.010,33.6
810.0,0.003,33.6,0.003,33.6,0.001,33.6,0.005,33.6
810.5,0.001,33.6,0.001,33.6,0.000,33.6,0.003,33.6
811.0,0.001,33.6,0.002,33.6,0.001,33.6,0.002,33.6
811.5,0.000,33.6,0.001,33.6,0.001,33.6,-0.000,33.6
812.0,-0.001,33.6,-0.001,33.6,0.002,33.6,-0.000,33.6
812.5,-0.006,33.7,-0.005,33.7,-0.003,33.7,-0.005,33.6
813.0,-0.011,33.7,-0.011,33.7,-0.009,33.7,-0.008,33.7
813.5,-0.016,33.7,-0.015,33.7,-0.015,33.7,-0.012,33.7
814.0,-0.029,33.7,-0.027,33.7,-0.027,33.7,-0.026,33.7
814.5,-0.044,33.7,-0.042,33.7,-0.041,33.7,-0.041,33.7
815.0,-0.058,33.8,-0.059,33.8,-0.056,33.8,-0.052,33.8
815.5,-0.058,33.8,-0.058,33.8,-0.059,33.8,-0.059,33.8
816.0,-0.048,33.8,-0.048,33.8,-0.050,33.8,-0.054,33.8
816.5,-0.031,33.8,-0.031,33.8,-0.032,33.8,-0.034,33.8
817.0,-0.021,33.8,-0.021,33.9,-0.022,33.8,-0.022,33.8
817.5,-0.020,33.9,-0.019,33.9,-0.020,33.9,-0.022,33.8
818.0,-0.022,33.9,-0.021,33.9,-0.019,33.9,-0.022,33.9
818.5,-0.028,33.9,-0.027,33.9,-0.024,33.9,-0.028,33.9
819.0,-0.034,33.9,-0.031,33.9,-0.033,33.9,-0.031,33.9
819.5,-0.039,34.0,-0.038,34.0,-0.039,34.0,-0.034,33.9
820.0,-0.040,33.9,-0.042,34.0,-0.040,34.0,-0.038,33.9
820.5,-0.029,34.0,-0.030,34.0,-0.033,33.9,-0.029,33.9
821.0,-0.026,34.0,-0.026,34.0,-0.027,34.0,-0.026,34.0
821.5,-0.027,34.0,-0.028,34.0,-0.026,34.0,-0.026,34.0
822.0,-0.017,34.0,-0.018,34.0,-0.023,34.0,-0.018,34.0
822.5,-0.005,34.0,-0.006,34.1,-0.007,34.0,-0.004,34.0
823.0,-0.021,34.0,-0.022,34.0,-0.013,34.0,-0.019,34.1
823.5,-0.024,34.1,-0.026,34.1,-0.023,34.0,-0.023,34.1
824.0,-0.031,34.1,-0.031,34.1,-0.029,34.1,-0.030,34.1
824.5,-0.032,34.1,-0.031,34.1,-0.032,34.1,-0.032,34.0
825.0,-0.029,34.1,-0.029,34.1,-0.034,34.1,-0.030,34.1
825.5,-0.024,34.1,-0.023,34.1,-0.025,34.1,-0.025,34.1
826.0,-0.019,34.1,-0.019,34.1,-0.019,34.1,-0.020,34.1
826.5,-0.016,34.1,-0.015,34.1,-0.016,34.1,-0.017,34.1
827.0,-0.016,34.1,-0.016,34.1,-0.014,34.1,-0.015,34.1
827.5,-0.020,34.1,-0.019,34.1,-0.018,34.1,-0.017,34.1
828.0,-0.027,34.2,-0.026,34.1,-0.026,34.2,-0.024,34.2
828.5,-0.027,34.1,-0.026,34.1,-0.028,34.2,-0.026,34.1
829.0,-0.027,34.2,-0.027,34.2,-0.027,34.2,-0.027,34.1
829.5,-0.025,34.2,-0.025,34.2,-0.026,34.2,-0.026,34.1
830.0,-0.022,34.2,-0.022,34.2,-0.023,34.1,-0.023,34.2
830.5,-0.017,34.2,-0.017,34.2,-0.018,34.2,-0.018,34.2
831.0,-0.011,34.2,-0.012,34.2,-0.012,34.2,-0.011,34.2
831.5,-0.009,34.2,-0.010,34.2,-0.007,34.2,-0.009,34.2
832.0,-0.011,34.2,-0.011,34.2,-0.011,34.2,-0.010,34.2
832.5,-0.010,34.2,-0.010,34.2,-0.008,34.2,-0.010,34.2
833.0,-0.009,34.2,-0.009,34.2,-0.010,34.2,-0.012,34.2
833.5,-0.008,34.2,-0.006,34.2,-0.006,34.2,-0.010,34.2
834.0,-0.004,34.2,-0.004,34.2,-0.005,34.2,-0.004,34.2
834.5,0.000,34.2,-0.000,34.2,-0.001,34.2,-0.002,34.2
835.0,0.008,34.2,0.007,34.2,0.001,34.2,0.007,34.2
835.5,0.008,34.2,0.007,34.2,0.007,34.2,0.008,34.2
836.0,0.011,34.2,0.010,34.2,0.013,34.2,0.010,34.2
836.5,0.013,34.1,0.014,34.1,0.014,34.2,0.013,34.1
837.0,0.006,34.1,0.006,34.1,0.010,34.2,0.012,34.1
837.5,0.004,34.1,0.004,34.1,0.004,34.1,0.002,34.1
838.0,0.005,34.1,0.005,34.1,0.004,34.2,0.005,34.1
838.5,0.011,34.1,0.010,34.1,0.008,34.1,0.013,34.1
839.0,0.015,34.1,0.014,34.1,0.012,34.1,0.015,34.1
839.5,0.017,34.1,0.017,34.1,0.016,34.1,0.016,34.1
840.0,0.017,34.0,0.017,34.0,0.017,34.0,0.016,34.1
840.5,0.015,34.0,0.015,34.0,0.015,34.0,0.015,34.0
841.0,0.015,34.0,0.015,34.0,0.016,34.0,0.015,34.0
841.5,0.012,34.0,0.011,34.0,0.013,34.0,0.015,34.0
842.0,0.011,34.0,0.010,34.0,0.010,34.0,0.014,34.0
842.5,0.017,34.0,0.018,34.0,0.012,34.0,0.016,34.0
843.0,0.022,33.9,0.022,33.9,0.022,34.0,0.021,34.0
843.5,0.026,33.9,0.026,33.9,0.025,33.9,0.027,33.9
844.0,0.028,33.9,0.027,33.9,0.026,33.9,0.024,33.9
844.5,0.031,33.9,0.030,33.8,0.028,33.9,0.028,33.9
845.0,0.031,33.8,0.030,33.8,0.034,33.8,0.032,33.8
845.5,0.031,33.8,0.030,33.8,0.030,33.7,0.031,33.8
846.0,0.031,33.7,0.030,33.7,0.035,33.7,0.031,33.8
846.5,0.019,33.7,0.020,33.7,0.020,33.7,0.019,33.7
847.0,0.019,33.7,0.018,33.7,0.017,33.7,0.017,33.7
847.5,0.022,33.7,0.023,33.7,0.019,33.7,0.018,33.7
848.0,0.026,33.7,0.025,33.7,0.024,33.7,0.027,33.7
848.5,0.026,33.7,0.026,33.7,0.027,33.7,0.029,33.7
849.0,0.021,33.7,0.021,33.7,0.022,33.7,0.022,33.7
849.5,0.019,33.7,0.019,33.7,0.019,33.7,0.019,33.7
850.0,0.016,33.7,0.018,33.7,0.018,33.7,0.018,33.7
850.5,0.015,33.6,0.015,33.6,0.019,33.7,0.015,33.7
851.0,0.012,33.7,0.011,33.7,0.014,33.6,0.014,33.6
851.5,0.010,33.7,0.009,33.6,0.013,33.6,0.013,33.7
852.0,0.020,33.7,0.017,33.7,0.019,33.7,0.021,33.6
852.5,0.022,33.7,0.022,33.7,0.020,33.7,0.024,33.7
853.0,0.025,33.7,0.025,33.7,0.023,33.7,0.025,33.7
853.5,0.025,33.7,0.025,33.7,0.023,33.6,0.026,33.6
854.0,0.025,33.6,0.026,33.6,0.025,33.7,0.023,33.6
854.5,0.024,33.6,0.025,33.6,0.026,33.6,0.024,33.6
855.0,0.024,33.6,0.024,33.6,0.023,33.6,0.023,33.6
855.5,0.024,33.6,0.025,33.6,0.025,33.6,0.026,33.6
856.0,0.020,33.6,0.021,33.6,0.023,33.7,0.021,33.6
856.5,0.013,33.6,0.013,33.6,0.015,33.6,0.011,33.6
857.0,0.015,33.6,0.016,33.6,0.016,33.6,0.011,33.6
857.5,0.020,33.6,0.021,33.6,0.018,33.6,0.015,33.6
858.0,0.023,33.6,0.023,33.6,0.022,33.6,0.021,33.6
858.5,0.020,33.6,0.020,33.6,0.022,33.6,0.020,33.6
859.0,0.022,33.6,0.023,33.6,0.025,33.6,0.020,33.6
859.5,0.019,33.6,0.020,33.6,0.019,33.6,0.023,33.6
860.0,0.018,33.6,0.018,33.6,0.016,33.6,0.021,33.6
860.5,0.015,33.6,0.014,33.6,0.014,33.5,0.015,33.6
861.0,0.009,33.6,0.010,33.6,0.009,33.6,0.013,33.6
861.5,0.011,33.6,0.010,33.6,0.010,33.6,0.009,33.7
862.0,0.020,33.6,0.020,33.6,0.021,33.6,0.016,33.6
862.5,0.028,33.6,0.027,33.6,0.030,33.6,0.027,33.6
863.0,0.030,33.6,0.031,33.6,0.036,33.6,0.034,33.6
863.5,0.030,33.6,0.028,33.6,0.024,33.6,0.034,33.6
864.0,0.030,33.6,0.028,33.6,0.028,33.6,0.034,33.5
864.5,0.026,33.5,0.027,33.5,0.025,33.5,0.027,33.5
865.0,0.025,33.5,0.026,33.5,0.025,33.5,0.023,33.5
865.5,0.021,33.5,0.020,33.5,0.022,33.6,0.022,33.5
866.0,0.017,33.5,0.017,33.5,0.018,33.5,0.018,33.5
866.5,0.017,33.5,0.017,33.5,0.016,33.5,0.017,33.5
867.0,0.021,33.5,0.022,33.5,0.018,33.5,0.020,33.5
867.5,0.025,33.5,0.027,33.5,0.024,33.5,0.024,33.5
868.0,0.024,33.5,0.024,33.5,0.025,33.5,0.023,33.5
868.5,0.023,33.5,0.022,33.5,0.024,33.5,0.024,33.5
869.0,0.022,33.5,0.022,33.5,0.021,33.5,0.023,33.5
869.5,0.019,33.5,0.018,33.5,0.020,33.5,0.020,33.5
870.0,0.016,33.5,0.015,33.5,0.018,33.5,0.017,33.5
870.5,0.012,33.5,0.013,33.5,0.014,33.5,0.014,33.5
871.0,0.009,33.5,0.010,33.5,0.014,33.5,0.008,33.5
871.5,0.017,33.6,0.018,33.6,0.016,33.5,0.015,33.6
872.0,0.022,33.6,0.024,33.6,0.017,33.5,0.022,33.6
872.5,0.024,33.5,0.025,33.5,0.020,33.5,0.025,33.5
873.0,0.023,33.5,0.022,33.5,0.023,33.5,0.023,33.5
873.5,0.025,33.5,0.025,33.5,0.025,33.5,0.024,33.5
874.0,0.025,33.5,0.026,33.6,0.026,33.5,0.026,33.5
874.5,0.026,33.5,0.026,33.5,0.025,33.5,0.030,33.6
875.0,0.021,33.4,0.021,33.4,0.020,33.4,0.024,33.5
875.5,0.019,33.5,0.021,33.5,0.019,33.4,0.019,33.5
876.0,0.021,33.5,0.020,33.5,0.022,33.5,0.022,33.5
876.5,0.015,33.5,0.014,33.5,0.015,33.5,0.016,33.5
877.0,0.017,33.5,0.017,33.5,0.018,33.5,0.014,33.5
877.5,0.022,33.5,0.021,33.5,0.025,33.5,0.022,33.5
878.0,0.022,33.5,0.022,33.5,0.022,33.5,0.026,33.5
878.5,0.021,33.5,0.020,33.5,0.021,33.5,0.024,33.5
879.0,0.019,33.5,0.020,33.5,0.020,33.5,0.019,33.4
879.5,0.019,33.5,0.018,33.5,0.019,33.5,0.018,33.5
880.0,0.015,33.5,0.016,33.5,0.015,33.5,0.018,33.5
880.5,0.012,33.5,0.011,33.5,0.013,33.5,0.015,33.5
881.0,0.015,33.5,0.015,33.5,0.012,33.5,0.012,33.5
881.5,0.022,33.5,0.022,33.5,0.019,33.5,0.018,33.5
882.0,0.025,33.5,0.024,33.5,0.022,33.5,0.027,33.5
882.5,0.025,33.5,0.024,33.5,0.030,33.5,0.024,33.5
883.0,0.028,33.5,0.029,33.5,0.030,33.5,0.026,33.5
883.5,0.028,33.4,0.029,33.4,0.027,33.5,0.028,33.4
884.0,0.030,33.4,0.028,33.4,0.031,33.4,0.028,33.4
884.5,0.031,33.4,0.032,33.4,0.030,33.4,0.029,33.4
885.0,0.025,33.4,0.027,33.4,0.030,33.4,0.026,33.4
885.5,0.022,33.4,0.021,33.4,0.025,33.4,0.025,33.4
886.0,0.014,33.4,0.013,33.4,0.014,33.4,0.016,33.4
886.5,0.015,33.4,0.016,33.4,0.014,33.4,0.016,33.4
887.0,0.025,33.4,0.027,33.4,0.026,33.4,0.025,33.4
887.5,0.025,33.4,0.026,33.4,0.025,33.4,0.028,33.4
888.0,0.025,33.4,0.027,33.4,0.024,33.4,0.029,33.4
888.5,0.022,33.4,0.027,33.4,0.021,33.4,0.023,33.4
889.0,0.021,33.4,0.022,33.4,0.020,33.4,0.022,33.3
889.5,0.018,33.4,0.017,33.4,0.020,33.4,0.021,33.4
890.0,0.013,33.4,0.013,33.4,0.013,33.4,0.012,33.4
890.5,0.011,33.4,0.010,33.4,0.013,33.4,0.012,33.4
891.0,0.007,33.4,0.007,33.4,0.008,33.4,0.008,33.4
891.5,0.019,33.4,0.018,33.4,0.016,33.4,0.017,33.4
892.0,0.022,33.4,0.025,33.5,0.024,33.4,0.022,33.4
892.5,0.031,33.4,0.029,33.4,0.028,33.4,0.031,33.5
893.0,0.032,33.4,0.032,33.4,0.033,33.4,0.037,33.4
893.5,0.028,33.4,0.027,33.4,0.032,33.4,0.029,33.4
894.0,0.028,33.4,0.029,33.4,0.030,33.4,0.028,33.4
894.5,0.024,33.4,0.027,33.3,0.023,33.4,0.026,33.3
895.0,0.026,33.3,0.026,33.3,0.025,33.3,0.022,33.4
895.5,0.022,33.3,0.023,33.3,0.026,33.3,0.023,33.3
896.0,0.015,33.3,0.017,33.3,0.016,33.3,0.018,33.3
896.5,0.019,33.4,0.019,33.4,0.018,33.3,0.018,33.4
897.0,0.022,33.3,0.021,33.3,0.022,33.4,0.024,33.3
897.5,0.026,33.4,0.025,33.3,0.032,33.4,0.025,33.3
898.0,0.023,33.4,0.024,33.4,0.026,33.4,0.023,33.4
898.5,0.022,33.3,0.022,33.3,0.022,33.3,0.023,33.4
899.0,0.020,33.3,0.019,33.3,0.021,33.3,0.021,33.3
899.5,0.015,33.3,0.015,33.3,0.017,33.3,0.014,33.3
900.0,0.014,33.3,0.015,33.3,0.016,33.4,0.014,33.3
900.5,0.010,33.4,0.011,33.4,0.010,33.4,0.015,33.3
901.0,0.017,33.4,0.015,33.4,0.012,33.4,0.019,33.4
901.5,0.025,33.4,0.027,33.4,0.021,33.3,0.023,33.4
902.0,0.025,33.4,0.026,33.4,0.026,33.3,0.026,33.4
902.5,0.030,33.4,0.028,33.4,0.029,33.3,0.030,33.4
903.0,0.028,33.3,0.026,33.3,0.028,33.3,0.027,33.3
903.5,0.030,33.3,0.027,33.3,0.032,33.3,0.027,33.3
904.0,0.027,33.3,0.027,33.3,0.027,33.3,0.027,33.3
904.5,0.027,33.3,0.026,33.3,0.024,33.3,0.025,33.3
905.0,0.026,33.3,0.026,33.3,0.027,33.3,0.026,33.3
905.5,0.018,33.3,0.019,33.3,0.024,33.3,0.027,33.3
906.0,0.017,33.3,0.017,33.3,0.018,33.3,0.020,33.3
906.5,0.021,33.3,0.022,33.3,0.024,33.3,0.022,33.3
907.0,0.026,33.3,0.025,33.3,0.024,33.3,0.027,33.3
907.5,0.026,33.3,0.026,33.3,0.028,33.3,0.025,33.3
908.0,0.023,33.3,0.022,33.3,0.028,33.3,0.021,33.3
908.5,0.021,33.3,0.021,33.3,0.024,33.3,0.021,33.3
909.0,0.017,33.3,0.017,33.3,0.019,33.3,0.019,33.3
909.5,0.016,33.3,0.016,33.3,0.016,33.3,0.015,33.3
910.0,0.013,33.3,0.012,33.3,0.015,33.3,0.013,33.3
910.5,0.009,33.3,0.009,33.3,0.011,33.3,0.010,33.3
911.0,0.017,33.3,0.016,33.3,0.016,33.3,0.014,33.3
911.5,0.020,33.3,0.020,33.3,0.020,33.3,0.022,33.3
912.0,0.027,33.3,0.025,33.3,0.024,33.3,0.026,33.3
912.5,0.030,33.3,0.028,33.3,0.028,33.3,0.029,33.3
913.0,0.030,33.3,0.031,33.3,0.029,33.3,0.032,33.3
913.5,0.028,33.3,0.028,33.3,0.028,33.2,0.032,33.3
914.0,0.027,33.3,0.031,33.3,0.025,33.2,0.025,33.3
914.5,0.026,33.2,0.027,33.2,0.026,33.2,0.025,33.2
915.0,0.021,33.2,0.023,33.3,0.022,33.3,0.022,33.2
915.5,0.021,33.2,0.022,33.2,0.021,33.2,0.020,33.2
916.0,0.022,33.2,0.022,33.2,0.021,33.2,0.019,33.2
916.5,0.024,33.2,0.023,33.2,0.022,33.2,0.024,33.2
917.0,0.026,33.2,0.025,33.2,0.025,33.2,0.027,33.2
917.5,0.024,33.2,0.026,33.2,0.025,33.3,0.023,33.3
918.0,0.025,33.2,0.025,33.2,0.027,33.2,0.021,33.3
918.5,0.020,33.2,0.020,33.2,0.021,33.2,0.025,33.2
919.0,0.018,33.2,0.019,33.2,0.018,33.2,0.020,33.2
919.5,0.017,33.2,0.017,33.2,0.016,33.2,0.017,33.2
920.0,0.014,33.2,0.014,33.2,0.012,33.2,0.015,33.2
920.5,0.017,33.3,0.016,33.2,0.015,33.3,0.018,33.3
921.0,0.021,33.3,0.020,33.3,0.022,33.3,0.021,33.3
921.5,0.027,33.3,0.029,33.3,0.026,33.3,0.025,33.2
922.0,0.030,33.3,0.032,33.2,0.030,33.3,0.028,33.2
922.5,0.029,33.2,0.032,33.2,0.037,33.2,0.029,33.2
923.0,0.029,33.2,0.030,33.2,0.029,33.2,0.029,33.2
923.5,0.028,33.2,0.033,33.2,0.031,33.1,0.028,33.2
924.0,0.030,33.2,0.029,33.1,0.029,33.2,0.032,33.2
924.5,0.027,33.1,0.027,33.1,0.027,33.1,0.025,33.1
925.0,0.027,33.1,0.024,33.1,0.030,33.1,0.027,33.1
925.5,0.027,33.1,0.024,33.2,0.030,33.1,0.029,33.1
926.0,0.024,33.1,0.024,33.1,0.024,33.1,0.022,33.2
926.5,0.025,33.1,0.026,33.1,0.024,33.1,0.021,33.2
927.0,0.024,33.1,0.023,33.2,0.023,33.1,0.025,33.1
927.5,0.024,33.1,0.026,33.1,0.022,33.1,0.026,33.1
928.0,0.024,33.1,0.024,33.1,0.022,33.1,0.027,33.1
928.5,0.023,33.1,0.023,33.1,0.022,33.1,0.023,33.2
929.0,0.021,33.1,0.020,33.1,0.022,33.1,0.021,33.2
929.5,0.016,33.1,0.015,33.1,0.019,33.2,0.019,33.1
930.0,0.013,33.1,0.016,33.1,0.012,33.1,0.013,33.1
930.5,0.023,33.2,0.024,33.2,0.022,33.2,0.023,33.1
931.0,0.030,33.2,0.028,33.2,0.028,33.2,0.032,33.2
931.5,0.031,33.1,0.030,33.2,0.029,33.1,0.032,33.2
932.0,0.028,33.1,0.027,33.2,0.028,33.1,0.027,33.2
932.5,0.031,33.1,0.029,33.1,0.041,33.1,0.026,33.1
933.0,0.028,33.1,0.028,33.1,0.036,33.1,0.028,33.1
933.5,0.031,33.1,0.031,33.1,0.030,33.1,0.031,33.1
934.0,0.033,33.1,0.033,33.1,0.035,33.1,0.035,33.1
934.5,0.030,33.1,0.032,33.0,0.034,33.1,0.031,33.1
935.0,0.029,33.1,0.030,33.1,0.026,33.1,0.030,33.0
935.5,0.022,33.0,0.020,33.0,0.022,33.1,0.026,33.0
936.0,0.023,33.1,0.020,33.1,0.022,33.1,0.020,33.0
936.5,0.023,33.1,0.022,33.0,0.023,33.1,0.022,33.1
937.0,0.024,33.1,0.024,33.1,0.024,33.1,0.024,33.1
937.5,0.023,33.1,0.023,33.1,0.025,33.0,0.023,33.1
938.0,0.020,33.1,0.019,33.1,0.019,33.1,0.023,33.1
938.5,0.022,33.1,0.020,33.1,0.017,33.1,0.024,33.1
939.0,0.021,33.1,0.022,33.1,0.021,33.1,0.023,33.1
939.5,0.023,33.1,0.024,33.1,0.019,33.1,0.019,33.1
940.0,0.029,33.1,0.030,33.1,0.029,33.1,0.026,33.1
940.5,0.028,33.1,0.037,33.1,0.029,33.1,0.030,33.1
941.0,0.031,33.0,0.029,33.0,0.033,33.1,0.030,33.1
941.5,0.032,33.0,0.035,33.0,0.038,33.0,0.033,33.0
942.0,0.035,33.0,0.040,33.0,0.035,33.0,0.030,33.1
942.5,0.035,33.0,0.040,33.0,0.037,33.0,0.033,33.0
943.0,0.032,33.0,0.032,33.0,0.036,33.0,0.037,33.0
943.5,0.030,33.0,0.031,33.0,0.031,33.0,0.037,33.0
944.0,0.031,33.0,0.033,32.9,0.030,32.9,0.032,33.0
944.5,0.032,32.9,0.032,32.9,0.029,32.9,0.036,33.0
945.0,0.024,33.0,0.023,33.0,0.027,32.9,0.026,32.9
945.5,0.022,33.0,0.020,33.0,0.021,33.0,0.024,32.9
946.0,0.023,33.0,0.022,33.0,0.023,32.9,0.025,33.0
946.5,0.020,33.0,0.020,33.0,0.020,33.0,0.018,33.0
947.0,0.022,33.0,0.023,33.0,0.021,33.0,0.023,33.0
947.5,0.019,33.0,0.019,33.0,0.020,33.0,0.020,33.0
948.0,0.020,33.0,0.019,33.0,0.021,33.0,0.019,32.9
948.5,0.020,33.0,0.021,33.0,0.021,33.0,0.022,33.0
949.0,0.017,33.0,0.018,33.0,0.018,33.0,0.016,33.0
949.5,0.015,33.1,0.015,33.0,0.016,33.0,0.014,33.1
950.0,0.017,33.0,0.016,33.1,0.018,33.0,0.017,33.0
950.5,0.018,33.1,0.018,33.1,0.016,33.0,0.018,33.1
951.0,0.017,33.1,0.016,33.1,0.016,33.0,0.020,33.1
951.5,0.018,33.1,0.016,33.0,0.015,33.0,0.019,33.1
952.0,0.020,33.1,0.017,33.1,0.022,33.1,0.018,33.1
952.5,0.018,33.1,0.017,33.1,0.017,33.1,0.020,33.1
953.0,0.019,33.1,0.019,33.1,0.024,33.1,0.019,33.1
953.5,0.018,33.1,0.018,33.1,0.025,33.1,0.018,33.1
954.0,0.018,33.1,0.017,33.1,0.018,33.1,0.021,33.1
954.5,0.008,33.1,0.008,33.1,0.008,33.1,0.014,33.1
955.0,0.002,33.1,0.003,33.1,0.003,33.1,0.005,33.1
955.5,0.007,33.1,0.008,33.1,0.005,33.1,0.005,33.1
956.0,0.008,33.1,0.007,33.1,0.009,33.2,0.007,33.1
956.5,0.010,33.1,0.008,33.2,0.008,33.1,0.008,33.1
957.0,0.010,33.2,0.011,33.2,0.011,33.2,0.010,33.2
957.5,0.010,33.2,0.011,33.2,0.009,33.2,0.009,33.2
958.0,0.011,33.2,0.012,33.2,0.012,33.2,0.009,33.2
958.5,0.008,33.2,0.006,33.2,0.009,33.2,0.008,33.2
959.0,0.003,33.2,0.003,33.2,0.001,33.2,0.004,33.2
959.5,0.006,33.2,0.007,33.2,0.007,33.2,0.004,33.2
960.0,0.011,33.2,0.011,33.2,0.008,33.2,0.007,33.2
960.5,0.013,33.2,0.012,33.3,0.012,33.2,0.013,33.2
961.0,0.013,33.2,0.013,33.3,0.014,33.2,0.013,33.3
961.5,0.015,33.2,0.016,33.2,0.015,33.2,0.012,33.3
962.0,0.012,33.2,0.011,33.2,0.013,33.2,0.012,33.2
962.5,0.012,33.2,0.014,33.2,0.011,33.2,0.011,33.2
963.0,0.011,33.2,0.011,33.3,0.010,33.2,0.009,33.2
963.5,0.006,33.2,0.006,33.2,0.007,33.3,0.006,33.2
964.0,-0.001,33.2,0.001,33.2,-0.001,33.2,0.002,33.2
964.5,-0.002,33.2,-0.001,33.2,-0.002,33.2,-0.002,33.2
965.0,0.004,33.3,0.002,33.2,-0.003,33.2,0.002,33.3
965.5,0.004,33.3,0.003,33.3,0.005,33.3,0.005,33.3
966.0,0.006,33.3,0.006,33.2,0.007,33.3,0.007,33.3
966.5,0.006,33.3,0.007,33.3,0.005,33.3,0.006,33.3
967.0,0.006,33.3,0.006,33.3,0.004,33.3,0.007,33.3
967.5,0.006,33.3,0.007,33.3,0.007,33.3,0.006,33.3
968.0,0.003,33.3,0.004,33.3,0.003,33.3,0.004,33.3
968.5,0.000,33.3,0.002,33.3,-0.000,33.3,0.001,33.3
969.0,0.004,33.3,0.002,33.3,0.002,33.3,0.005,33.4
969.5,0.006,33.3,0.006,33.3,0.007,33.3,0.007,33.3
970.0,0.010,33.3,0.011,33.3,0.011,33.3,0.010,33.3
970.5,0.010,33.3,0.009,33.3,0.011,33.3,0.011,33.3
971.0,0.010,33.3,0.010,33.3,0.013,33.3,0.008,33.3
971.5,0.007,33.3,0.008,33.3,0.009,33.3,0.007,33.3
972.0,0.004,33.3,0.004,33.3,0.004,33.3,0.004,33.3
972.5,0.002,33.3,0.003,33.3,0.003,33.3,0.004,33.4
973.0,-0.005,33.3,-0.004,33.3,-0.004,33.3,0.002,33.4
973.5,-0.015,33.3,-0.015,33.3,-0.015,33.3,-0.006,33.3
974.0,-0.037,33.4,-0.036,33.4,-0.035,33.4,-0.031,33.4
974.5,-0.051,33.4,-0.051,33.4,-0.047,33.4,-0.042,33.4
975.0,-0.058,33.4,-0.058,33.5,-0.058,33.4,-0.051,33.4
975.5,-0.055,33.5,-0.055,33.5,-0.055,33.5,-0.056,33.5
976.0,-0.046,33.5,-0.046,33.5,-0.053,33.5,-0.047,33.5
976.5,-0.037,33.5,-0.036,33.5,-0.038,33.5,-0.039,33.5
977.0,-0.030,33.5,-0.030,33.5,-0.034,33.5,-0.031,33.5
977.5,-0.023,33.5,-0.025,33.5,-0.024,33.5,-0.022,33.5
978.0,-0.022,33.6,-0.022,33.5,-0.020,33.6,-0.020,33.6
978.5,-0.021,33.6,-0.020,33.6,-0.022,33.6,-0.021,33.5
979.0,-0.020,33.6,-0.020,33.6,-0.019,33.6,-0.020,33.6
979.5,-0.023,33.6,-0.023,33.6,-0.023,33.6,-0.023,33.6
980.0,-0.024,33.6,-0.024,33.6,-0.025,33.6,-0.024,33.6
980.5,-0.021,33.6,-0.022,33.6,-0.022,33.6,-0.021,33.6
981.0,-0.024,33.6,-0.024,33.7,-0.022,33.6,-0.020,33.6
981.5,-0.034,33.6,-0.033,33.6,-0.030,33.6,-0.030,33.6
982.0,-0.043,33.6,-0.042,33.6,-0.039,33.6,-0.039,33.6
982.5,-0.045,33.6,-0.045,33.7,-0.044,33.7,-0.045,33.6
983.0,-0.044,33.6,-0.043,33.6,-0.044,33.7,-0.043,33.6
983.5,-0.032,33.7,-0.032,33.7,-0.036,33.7,-0.036,33.7
984.0,-0.030,33.7,-0.023,33.7,-0.030,33.7,-0.036,33.7
984.5,-0.032,33.7,-0.031,33.7,-0.030,33.7,-0.033,33.6
985.0,-0.023,33.7,-0.023,33.7,-0.024,33.7,-0.025,33.7
985.5,-0.025,33.7,-0.024,33.7,-0.026,33.7,-0.025,33.7
986.0,-0.020,33.7,-0.019,33.7,-0.019,33.7,-0.022,33.7
986.5,-0.022,33.7,-0.022,33.7,-0.022,33.7,-0.021,33.7
987.0,-0.031,33.7,-0.030,33.7,-0.028,33.7,-0.030,33.7
987.5,-0.036,33.7,-0.035,33.7,-0.038,33.7,-0.036,33.7
988.0,-0.029,33.7,-0.028,33.7,-0.032,33.7,-0.031,33.7
988.5,-0.024,33.7,-0.023,33.7,-0.025,33.7,-0.024,33.7
989.0,-0.019,33.7,-0.019,33.7,-0.019,33.7,-0.019,33.7
989.5,-0.014,33.7,-0.013,33.7,-0.014,33.8,-0.014,33.7
990.0,-0.010,33.8,-0.009,33.7,-0.012,33.8,-0.008,33.8
990.5,-0.012,33.8,-0.013,33.8,-0.012,33.8,-0.011,33.7
991.0,-0.019,33.8,-0.019,33.8,-0.018,33.7,-0.018,33.7
991.5,-0.021,33.8,-0.021,33.8,-0.020,33.7,-0.021,33.7
992.0,-0.021,33.8,-0.020,33.8,-0.018,33.8,-0.021,33.8
992.5,-0.021,33.8,-0.020,33.8,-0.021,33.8,-0.021,33.8
993.0,-0.014,33.8,-0.012,33.8,-0.015,33.7,-0.015,33.8
993.5,-0.006,33.8,-0.007,33.8,-0.007,33.8,-0.007,33.8
994.0,0.000,33.8,-0.001,33.8,-0.004,33.8,0.000,33.8
994.5,0.006,33.8,0.006,33.8,0.006,33.8,0.005,33.8
995.0,0.011,33.8,0.012,33.8,0.006,33.8,0.013,33.8
995.5,0.006,33.8,0.006,33.8,0.005,33.8,0.014,33.8
996.0,0.004,33.7,0.006,33.7,0.004,33.7,0.005,33.7
996.5,0.007,33.7,0.007,33.7,0.008,33.8,0.006,33.7
997.0,0.009,33.7,0.010,33.7,0.010,33.8,0.006,33.7
997.5,0.011,33.7,0.011,33.7,0.011,33.7,0.013,33.7
998.0,0.015,33.7,0.013,33.7,0.014,33.7,0.016,33.7
998.5,0.018,33.6,0.016,33.7,0.017,33.7,0.016,33.7
999.0,0.020,33.6,0.020,33.6,0.023,33.6,0.016,33.6
999.5,0.017,33.6,0.017,33.6,0.020,33.6,0.018,33.6
1000.0,0.016,33.6,0.015,33.6,0.016,33.6,0.016,33.6
1000.5,0.012,33.6,0.012,33.5,0.013,33.6,0.012,33.5
1001.0,0.016,33.5,0.018,33.5,0.016,33.6,0.015,33.5
1001.5,0.019,33.5,0.021,33.5,0.018,33.5,0.019,33.5
1002.0,0.017,33.5,0.017,33.5,0.017,33.5,0.016,33.5
1002.5,0.020,33.5,0.020,33.5,0.020,33.5,0.016,33.5
1003.0,0.018,33.4,0.016,33.4,0.018,33.4,0.018,33.5
1003.5,0.018,33.4,0.017,33.4,0.018,33.4,0.019,33.4
1004.0,0.015,33.4,0.017,33.4,0.017,33.4,0.016,33.4
1004.5,0.014,33.4,0.015,33.4,0.013,33.4,0.015,33.4
1005.0,0.010,33.4,0.010,33.4,0.011,33.4,0.012,33.4
1005.5,0.013,33.4,0.012,33.4,0.013,33.4,0.012,33.4
1006.0,0.021,33.4,0.022,33.4,0.018,33.4,0.018,33.4
1006.5,0.024,33.4,0.023,33.4,0.020,33.4,0.024,33.4
1007.0,0.026,33.3,0.026,33.3,0.027,33.4,0.024,33.3
1007.5,0.027,33.3,0.025,33.3,0.029,33.3,0.027,33.3
1008.0,0.026,33.3,0.025,33.3,0.026,33.3,0.031,33.3
1008.5,0.028,33.3,0.030,33.3,0.028,33.3,0.028,33.3
1009.0,0.025,33.2,0.026,33.3,0.024,33.3,0.028,33.3
1009.5,0.022,33.2,0.023,33.2,0.023,33.2,0.024,33.3
1010.0,0.015,33.2,0.015,33.2,0.017,33.2,0.017,33.2
1010.5,0.019,33.2,0.018,33.2,0.016,33.2,0.021,33.2
1011.0,0.022,33.2,0.022,33.2,0.019,33.2,0.022,33.2
1011.5,0.020,33.2,0.021,33.2,0.020,33.2,0.020,33.2
1012.0,0.021,33.2,0.021,33.2,0.019,33.2,0.024,33.2
1012.5,0.019,33.2,0.020,33.2,0.022,33.2,0.020,33.2
1013.0,0.020,33.2,0.019,33.2,0.022,33.2,0.020,33.2
1013.5,0.019,33.2,0.018,33.2,0.019,33.2,0.019,33.2
1014.0,0.014,33.2,0.014,33.2,0.016,33.1,0.015,33.2
1014.5,0.013,33.2,0.013,33.2,0.015,33.2,0.012,33.2
1015.0,0.020,33.2,0.018,33.2,0.012,33.2,0.017,33.2
1015.5,0.023,33.2,0.023,33.2,0.019,33.2,0.023,33.2
1016.0,0.024,33.2,0.024,33.2,0.025,33.2,0.024,33.2
1016.5,0.025,33.2,0.024,33.2,0.025,33.2,0.023,33.2
1017.0,0.026,33.2,0.025,33.1,0.026,33.2,0.026,33.2
1017.5,0.026,33.1,0.026,33.1,0.026,33.2,0.026,33.1
1018.0,0.027,33.1,0.029,33.1,0.028,33.1,0.025,33.1
1018.5,0.026,33.1,0.025,33.1,0.026,33.1,0.024,33.1
1019.0,0.025,33.1,0.024,33.1,0.025,33.0,0.022,33.1
1019.5,0.018,33.1,0.017,33.1,0.021,33.0,0.018,33.0
1020.0,0.016,33.1,0.013,33.1,0.017,33.0,0.014,33.1
1020.5,0.022,33.0,0.023,33.1,0.023,33.1,0.020,33.1
1021.0,0.022,33.0,0.022,33.0,0.023,33.1,0.023,33.1
1021.5,0.022,33.0,0.021,33.0,0.022,33.1,0.020,33.1
1022.0,0.021,33.0,0.022,33.1,0.022,33.1,0.021,33.1
1022.5,0.019,33.0,0.018,33.1,0.022,33.1,0.020,33.0
1023.0,0.018,33.0,0.018,33.0,0.017,33.0,0.020,33.0
1023.5,0.016,33.0,0.016,33.1,0.017,33.0,0.017,33.0
1024.0,0.014,33.1,0.014,33.1,0.014,33.1,0.015,33.1
1024.5,0.018,33.0,0.017,33.1,0.017,33.0,0.018,33.0
1025.0,0.025,33.0,0.024,33.0,0.022,33.0,0.025,33.1
1025.5,0.026,33.0,0.027,33.0,0.026,33.0,0.025,33.0
1026.0,0.024,33.0,0.023,33.0,0.024,33.0,0.025,33.0
1026.5,0.031,33.0,0.030,33.0,0.027,33.0,0.033,33.0
1027.0,0.032,33.0,0.032,33.0,0.028,33.0,0.034,33.0
1027.5,0.033,32.9,0.032,32.9,0.033,33.0,0.033,33.0
1028.0,0.034,32.9,0.034,32.9,0.036,32.9,0.031,33.0
1028.5,0.030,32.9,0.030,32.9,0.034,32.9,0.030,32.9
1029.0,0.023,32.9,0.026,32.9,0.025,32.9,0.024,32.9
1029.5,0.016,32.9,0.015,32.9,0.017,32.9,0.020,32.9
1030.0,0.020,32.9,0.019,32.9,0.019,32.9,0.021,32.9
1030.5,0.023,32.9,0.021,32.9,0.023,32.9,0.020,32.9
1031.0,0.022,32.9,0.021,32.9,0.024,32.9,0.021,32.9
1031.5,0.022,32.9,0.021,32.9,0.023,32.9,0.020,32.9
1032.0,0.019,32.9,0.019,32.9,0.018,32.9,0.019,32.9
1032.5,0.018,32.9,0.017,32.9,0.021,32.9,0.019,32.9
1033.0,0.014,32.9,0.013,32.9,0.018,32.9,0.017,32.9
1033.5,0.012,32.9,0.012,32.9,0.013,32.9,0.013,32.9
1034.0,0.009,32.9,0.010,32.9,0.012,33.0,0.010,32.9
1034.5,0.013,32.9,0.014,32.9,0.012,32.9,0.011,33.0
1035.0,0.018,33.0,0.017,33.0,0.016,32.9,0.019,33.0
1035.5,0.018,33.0,0.016,33.0,0.017,33.0,0.020,33.0
1036.0,0.021,33.0,0.020,33.0,0.016,33.0,0.021,33.0
1036.5,0.023,32.9,0.023,33.0,0.022,32.9,0.020,32.9
1037.0,0.022,33.0,0.023,33.0,0.022,33.0,0.021,33.0
1037.5,0.024,32.9,0.025,32.9,0.024,33.0,0.021,32.9
1038.0,0.022,32.9,0.021,32.9,0.019,33.0,0.023,32.9
1038.5,0.023,32.9,0.024,32.9,0.023,32.9,0.022,32.9
1039.0,0.014,32.9,0.015,32.9,0.016,32.9,0.013,32.9
1039.5,0.012,32.9,0.013,32.9,0.011,32.9,0.011,32.9
1040.0,0.018,32.9,0.019,32.9,0.018,32.9,0.014,32.9
1040.5,0.020,32.9,0.019,32.9,0.018,32.9,0.020,32.9
1041.0,0.021,32.9,0.022,32.9,0.024,32.9,0.023,32.9
1041.5,0.019,32.9,0.019,32.9,0.019,32.9,0.020,32.9
1042.0,0.020,32.9,0.018,32.9,0.023,32.9,0.019,32.9
1042.5,0.018,32.9,0.019,32.9,0.024,32.9,0.017,32.9
1043.0,0.015,32.9,0.015,32.9,0.014,32.9,0.016,32.9
1043.5,0.013,32.9,0.013,32.9,0.013,32.9,0.014,32.9
1044.0,0.010,32.9,0.010,32.9,0.011,32.8,0.012,32.9
1044.5,0.018,32.9,0.016,32.9,0.016,32.9,0.018,32.9
1045.0,0.021,32.9,0.022,32.9,0.022,32.9,0.021,32.9
1045.5,0.026,32.9,0.027,32.9,0.027,32.9,0.025,32.9
1046.0,0.029,32.9,0.031,32.9,0.028,32.9,0.029,32.9
1046.5,0.027,32.9,0.028,32.9,0.026,32.9,0.028,32.9
1047.0,0.028,32.9,0.027,32.9,0.026,32.9,0.030,32.9
1047.5,0.025,32.8,0.024,32.8,0.027,32.8,0.024,32.8
1048.0,0.025,32.8,0.025,32.8,0.026,32.8,0.027,32.8
1048.5,0.020,32.8,0.019,32.8,0.021,32.8,0.022,32.8
1049.0,0.013,32.8,0.014,32.8,0.013,32.8,0.015,32.8
1049.5,0.019,32.8,0.020,32.9,0.017,32.8,0.018,32.8
1050.0,0.022,32.8,0.023,32.8,0.023,32.8,0.024,32.8
1050.5,0.025,32.8,0.026,32.8,0.023,32.8,0.026,32.8
1051.0,0.024,32.8,0.023,32.8,0.023,32.8,0.024,32.8
1051.5,0.021,32.8,0.021,32.8,0.023,32.8,0.020,32.8
1052.0,0.021,32.8,0.019,32.8,0.021,32.8,0.020,32.8
1052.5,0.017,32.8,0.016,32.8,0.016,32.8,0.017,32.8
1053.0,0.015,32.8,0.016,32.8,0.017,32.8,0.015,32.8
1053.5,0.011,32.8,0.011,32.8,0.011,32.8,0.014,32.8
1054.0,0.013,32.8,0.011,32.8,0.014,32.8,0.011,32.8
1054.5,0.021,32.8,0.019,32.8,0.021,32.8,0.020,32.9
1055.0,0.023,32.8,0.022,32.9,0.023,32.8,0.023,32.9
1055.5,0.028,32.8,0.031,32.8,0.027,32.8,0.029,32.8
1056.0,0.029,32.8,0.028,32.8,0.028,32.8,0.030,32.8
1056.5,0.030,32.8,0.029,32.8,0.030,32.8,0.036,32.7
1057.0,0.028,32.8,0.028,32.7,0.028,32.8,0.030,32.8
1057.5,0.027,32.7,0.026,32.7,0.026,32.7,0.025,32.7
1058.0,0.026,32.7,0.027,32.7,0.025,32.7,0.024,32.7
1058.5,0.022,32.7,0.022,32.7,0.023,32.7,0.026,32.7
1059.0,0.020,32.7,0.020,32.7,0.022,32.7,0.020,32.7
1059.5,0.017,32.7,0.018,32.7,0.017,32.7,0.017,32.7
1060.0,0.018,32.7,0.018,32.7,0.017,32.7,0.017,32.7
1060.5,0.022,32.7,0.022,32.7,0.020,32.7,0.023,32.7
1061.0,0.022,32.7,0.021,32.7,0.021,32.7,0.022,32.7
1061.5,0.023,32.7,0.024,32.7,0.025,32.7,0.021,32.7
1062.0,0.019,32.7,0.021,32.7,0.021,32.7,0.018,32.7
1062.5,0.019,32.7,0.019,32.7,0.017,32.7,0.021,32.7
1063.0,0.017,32.7,0.017,32.7,0.014,32.7,0.018,32.7
1063.5,0.014,32.7,0.014,32.7,0.012,32.7,0.014,32.7
1064.0,0.014,32.7,0.012,32.7,0.013,32.7,0.013,32.7
1064.5,0.018,32.7,0.017,32.8,0.018,32.8,0.016,32.8
1065.0,0.024,32.8,0.025,32.7,0.020,32.8,0.022,32.7
1065.5,0.025,32.7,0.025,32.7,0.024,32.7,0.026,32.8
1066.0,0.027,32.7,0.028,32.7,0.027,32.7,0.028,32.7
1066.5,0.029,32.7,0.029,32.7,0.029,32.7,0.031,32.7
1067.0,0.026,32.7,0.025,32.7,0.026,32.7,0.026,32.7
1067.5,0.026,32.7,0.024,32.7,0.024,32.7,0.025,32.7
1068.0,0.025,32.6,0.023,32.6,0.025,32.6,0.024,32.6
1068.5,0.026,32.6,0.027,32.6,0.025,32.6,0.023,32.6
1069.0,0.026,32.7,0.027,32.6,0.026,32.6,0.025,32.7
1069.5,0.024,32.6,0.023,32.6,0.026,32.6,0.025,32.6
1070.0,0.026,32.6,0.024,32.6,0.027,32.6,0.024,32.6
1070.5,0.024,32.6,0.022,32.6,0.028,32.6,0.024,32.6
1071.0,0.025,32.6,0.024,32.6,0.026,32.6,0.024,32.6
1071.5,0.022,32.6,0.021,32.6,0.019,32.6,0.023,32.6
1072.0,0.020,32.6,0.020,32.6,0.020,32.6,0.020,32.6
1072.5,0.018,32.6,0.018,32.6,0.020,32.6,0.018,32.6
1073.0,0.014,32.6,0.014,32.6,0.016,32.6,0.014,32.6
1073.5,0.013,32.6,0.013,32.6,0.012,32.6,0.014,32.6
1074.0,0.010,32.6,0.009,32.6,0.009,32.7,0.011,32.6
1074.5,0.019,32.7,0.019,32.7,0.019,32.7,0.013,32.6
1075.0,0.025,32.6,0.025,32.6,0.022,32.7,0.025,32.6
1075.5,0.025,32.6,0.025,32.7,0.025,32.6,0.029,32.6
1076.0,0.028,32.6,0.029,32.6,0.030,32.6,0.027,32.6
1076.5,0.027,32.6,0.030,32.6,0.029,32.6,0.027,32.6
1077.0,0.028,32.6,0.032,32.6,0.027,32.6,0.028,32.6
1077.5,0.027,32.6,0.033,32.6,0.027,32.5,0.028,32.6
1078.0,0.026,32.6,0.026,32.6,0.026,32.6,0.025,32.6
1078.5,0.026,32.6,0.026,32.6,0.027,32.5,0.025,32.6
1079.0,0.025,32.5,0.023,32.5,0.029,32.6,0.025,32.6
1079.5,0.027,32.5,0.026,32.5,0.029,32.5,0.025,32.5
1080.0,0.024,32.5,0.024,32.5,0.030,32.5,0.025,32.5
1080.5,0.025,32.5,0.027,32.5,0.030,32.5,0.025,32.5
1081.0,0.023,32.5,0.026,32.5,0.025,32.5,0.026,32.5
1081.5,0.020,32.5,0.022,32.5,0.019,32.5,0.021,32.5
1082.0,0.021,32.5,0.021,32.5,0.021,32.5,0.021,32.5
1082.5,0.019,32.5,0.019,32.5,0.020,32.5,0.021,32.5
1083.0,0.019,32.5,0.018,32.5,0.022,32.5,0.019,32.5
1083.5,0.016,32.5,0.013,32.5,0.020,32.5,0.018,32.5
1084.0,0.021,32.5,0.018,32.5,0.021,32.5,0.020,32.5
1084.5,0.024,32.6,0.024,32.5,0.023,32.5,0.024,32.6
1085.0,0.026,32.5,0.025,32.5,0.026,32.6,0.025,32.6
1085.5,0.028,32.5,0.031,32.5,0.027,32.5,0.027,32.5
1086.0,0.028,32.5,0.027,32.5,0.027,32.6,0.030,32.5
1086.5,0.030,32.5,0.029,32.5,0.030,32.5,0.028,32.5
1087.0,0.030,32.5,0.030,32.5,0.035,32.5,0.030,32.5
1087.5,0.026,32.5,0.027,32.5,0.025,32.5,0.027,32.5
1088.0,0.028,32.5,0.027,32.5,0.025,32.5,0.027,32.4
1088.5,0.025,32.5,0.024,32.5,0.023,32.4,0.026,32.4
1089.0,0.027,32.4,0.026,32.4,0.022,32.4,0.026,32.4
1089.5,0.027,32.4,0.026,32.5,0.027,32.5,0.027,32.4
1090.0,0.024,32.4,0.023,32.4,0.028,32.5,0.024,32.4
1090.5,0.022,32.4,0.024,32.4,0.023,32.4,0.024,32.4
1091.0,0.020,32.4,0.020,32.4,0.022,32.4,0.021,32.4
1091.5,0.022,32.5,0.023,32.5,0.020,32.5,0.025,32.5
1092.0,0.020,32.5,0.019,32.5,0.021,32.5,0.021,32.5
1092.5,0.018,32.5,0.018,32.4,0.021,32.5,0.018,32.5
1093.0,0.019,32.5,0.018,32.5,0.018,32.5,0.017,32.5
1093.5,0.019,32.5,0.019,32.5,0.019,32.5,0.020,32.5
1094.0,0.026,32.5,0.027,32.5,0.026,32.5,0.032,32.5
1094.5,0.026,32.5,0.029,32.5,0.026,32.5,0.027,32.5
1095.0,0.028,32.4,0.030,32.5,0.024,32.5,0.025,32.5
1095.5,0.028,32.4,0.031,32.4,0.026,32.5,0.029,32.5
1096.0,0.028,32.4,0.029,32.4,0.027,32.4,0.033,32.4
1096.5,0.029,32.4,0.027,32.4,0.028,32.4,0.028,32.4
1097.0,0.029,32.4,0.028,32.4,0.028,32.4,0.029,32.4
1097.5,0.031,32.4,0.029,32.4,0.031,32.4,0.031,32.4
1098.0,0.027,32.4,0.030,32.4,0.029,32.4,0.029,32.4
1098.5,0.028,32.4,0.035,32.4,0.029,32.4,0.027,32.4
1099.0,0.028,32.4,0.031,32.4,0.031,32.4,0.026,32.4
1099.5,0.023,32.4,0.024,32.4,0.023,32.4,0.022,32.4
1100.0,0.025,32.4,0.025,32.4,0.022,32.4,0.022,32.4
1100.5,0.024,32.3,0.023,32.3,0.021,32.4,0.024,32.4
1101.0,0.024,32.3,0.022,32.3,0.021,32.4,0.024,32.4
1101.5,0.023,32.4,0.023,32.4,0.022,32.4,0.024,32.4
1102.0,0.020,32.4,0.020,32.4,0.020,32.3,0.028,32.4
1102.5,0.019,32.4,0.020,32.4,0.020,32.4,0.022,32.4
1103.0,0.017,32.4,0.017,32.4,0.018,32.4,0.017,32.4
1103.5,0.024,32.4,0.025,32.4,0.013,32.4,0.021,32.4
1104.0,0.025,32.4,0.027,32.4,0.022,32.4,0.028,32.5
1104.5,0.026,32.4,0.026,32.4,0.024,32.4,0.034,32.5
1105.0,0.029,32.4,0.033,32.4,0.027,32.4,0.027,32.4
1105.5,0.026,32.4,0.026,32.4,0.028,32.4,0.025,32.3
1106.0,0.027,32.3,0.026,32.4,0.026,32.4,0.026,32.3
1106.5,0.026,32.3,0.025,32.3,0.024,32.4,0.027,32.3
1107.0,0.029,32.3,0.031,32.3,0.028,32.3,0.028,32.4
1107.5,0.031,32.3,0.032,32.3,0.031,32.3,0.030,32.3
1108.0,0.026,32.3,0.026,32.3,0.026,32.3,0.026,32.3
1108.5,0.026,32.3,0.026,32.3,0.026,32.4,0.024,32.3
1109.0,0.022,32.3,0.023,32.3,0.021,32.3,0.023,32.3
1109.5,0.022,32.3,0.022,32.3,0.023,32.3,0.025,32.3
1110.0,0.022,32.3,0.021,32.3,0.024,32.3,0.025,32.3
1110.5,0.018,32.3,0.020,32.3,0.026,32.3,0.019,32.3
1111.0,0.020,32.3,0.020,32.3,0.020,32.3,0.021,32.3
1111.5,0.016,32.4,0.016,32.3,0.016,32.3,0.018,32.3
1112.0,0.016,32.4,0.014,32.4,0.018,32.4,0.017,32.4
1112.5,0.017,32.4,0.015,32.4,0.013,32.4,0.019,32.4
1113.0,0.022,32.4,0.020,32.4,0.021,32.4,0.022,32.4
1113.5,0.023,32.4,0.020,32.4,0.027,32.4,0.027,32.4
1114.0,0.019,32.4,0.019,32.4,0.022,32.4,0.021,32.4
1114.5,0.020,32.4,0.023,32.4,0.019,32.4,0.019,32.4
1115.0,0.018,32.4,0.018,32.4,0.024,32.4,0.017,32.4
1115.5,0.017,32.4,0.015,32.4,0.028,32.4,0.014,32.4
1116.0,0.018,32.4,0.017,32.4,0.025,32.4,0.018,32.4
1116.5,0.018,32.4,0.017,32.4,0.019,32.4,0.017,32.4
1117.0,0.017,32.4,0.017,32.4,0.019,32.4,0.017,32.4
1117.5,0.013,32.4,0.012,32.4,0.017,32.4,0.013,32.4
1118.0,0.014,32.4,0.014,32.4,0.014,32.4,0.013,32.4
1118.5,0.013,32.4,0.010,32.4,0.015,32.4,0.012,32.4
1119.0,0.011,32.4,0.011,32.4,0.014,32.4,0.011,32.4
1119.5,0.009,32.4,0.009,32.4,0.008,32.4,0.011,32.4
1120.0,0.007,32.5,0.009,32.5,0.007,32.4,0.007,32.5
1120.5,0.009,32.5,0.011,32.5,0.010,32.5,0.006,32.5
1121.0,0.009,32.5,0.009,32.5,0.010,32.4,0.007,32.5
1121.5,0.009,32.5,0.009,32.5,0.002,32.5,0.009,32.5
1122.0,0.012,32.5,0.014,32.5,0.008,32.5,0.009,32.5
1122.5,0.012,32.5,0.016,32.5,0.011,32.5,0.010,32.5
1123.0,0.012,32.5,0.011,32.5,0.014,32.5,0.013,32.5
1123.5,0.010,32.5,0.008,32.5,0.010,32.5,0.012,32.5
1124.0,0.011,32.5,0.010,32.5,0.015,32.5,0.011,32.5
1124.5,0.011,32.5,0.012,32.6,0.011,32.6,0.010,32.5
1125.0,0.010,32.5,0.011,32.5,0.009,32.5,0.008,32.5
1125.5,0.011,32.5,0.011,32.5,0.010,32.5,0.010,32.5
1126.0,0.009,32.5,0.010,32.5,0.007,32.5,0.013,32.5
1126.5,0.011,32.5,0.013,32.5,0.010,32.5,0.010,32.5
1127.0,0.008,32.5,0.009,32.5,0.009,32.6,0.010,32.5
1127.5,0.003,32.5,0.003,32.6,0.006,32.5,0.004,32.5
1128.0,0.003,32.6,0.004,32.5,0.003,32.5,0.004,32.6
1128.5,0.003,32.6,0.002,32.6,0.003,32.6,0.002,32.6
1129.0,0.007,32.6,0.008,32.6,0.005,32.6,0.003,32.6
1129.5,0.006,32.6,0.005,32.6,0.005,32.6,0.007,32.6
1130.0,0.007,32.6,0.010,32.6,0.007,32.6,0.004,32.6
1130.5,0.005,32.6,0.007,32.6,0.007,32.6,0.006,32.6
1131.0,0.004,32.6,0.004,32.6,0.003,32.6,0.004,32.6
1131.5,0.003,32.6,0.002,32.6,0.001,32.6,0.002,32.6
1132.0,0.003,32.6,0.003,32.6,0.002,32.7,0.001,32.6
1132.5,0.005,32.6,0.007,32.6,0.005,32.6,0.006,32.6
1133.0,0.005,32.6,0.005,32.7,0.006,32.7,0.004,32.6
1133.5,0.007,32.6,0.006,32.6,0.006,32.6,0.004,32.6
1134.0,0.006,32.6,0.006,32.6,0.006,32.7,0.007,32.6
1134.5,0.003,32.6,0.002,32.6,0.005,32.7,0.004,32.6
1135.0,0.003,32.6,0.004,32.6,0.002,32.6,0.004,32.7
1135.5,-0.004,32.7,-0.002,32.7,-0.004,32.7,0.000,32.7
1136.0,-0.020,32.7,-0.018,32.7,-0.017,32.7,-0.014,32.6
1136.5,-0.047,32.7,-0.046,32.7,-0.046,32.7,-0.038,32.7
1137.0,-0.057,32.7,-0.057,32.7,-0.058,32.7,-0.056,32.7
1137.5,-0.054,32.8,-0.054,32.8,-0.056,32.7,-0.054,32.8
1138.0,-0.047,32.8,-0.046,32.8,-0.052,32.8,-0.047,32.8
1138.5,-0.036,32.8,-0.037,32.8,-0.038,32.8,-0.034,32.8
1139.0,-0.029,32.8,-0.029,32.8,-0.031,32.8,-0.029,32.8
1139.5,-0.026,32.8,-0.027,32.9,-0.028,32.8,-0.027,32.8
1140.0,-0.024,32.9,-0.024,32.9,-0.024,32.8,-0.025,32.9
1140.5,-0.024,32.9,-0.025,32.9,-0.024,32.9,-0.024,32.9
1141.0,-0.026,32.9,-0.026,32.9,-0.025,32.9,-0.024,32.9
1141.5,-0.023,32.9,-0.023,32.9,-0.024,32.9,-0.024,32.9
1142.0,-0.019,32.9,-0.019,32.9,-0.020,33.0,-0.021,32.9
1142.5,-0.017,32.9,-0.016,32.9,-0.019,33.0,-0.017,32.9
1143.0,-0.020,33.0,-0.018,32.9,-0.020,33.0,-0.019,32.9
1143.5,-0.026,33.0,-0.025,33.0,-0.024,32.9,-0.026,33.0
1144.0,-0.033,33.0,-0.034,33.0,-0.029,32.9,-0.032,33.0
1144.5,-0.040,33.0,-0.041,33.0,-0.039,33.0,-0.034,33.0
1145.0,-0.041,33.0,-0.041,33.0,-0.041,33.0,-0.034,33.0
1145.5,-0.039,33.0,-0.037,33.0,-0.038,33.0,-0.037,33.0
1146.0,-0.036,33.0,-0.035,33.0,-0.035,33.0,-0.038,33.0
1146.5,-0.016,33.0,-0.017,33.0,-0.017,33.0,-0.021,33.0
1147.0,-0.017,33.0,-0.015,33.0,-0.015,33.0,-0.015,33.0
1147.5,-0.023,33.0,-0.022,33.0,-0.021,33.0,-0.020,33.1
1148.0,-0.025,33.0,-0.024,33.0,-0.026,33.1,-0.024,33.0
1148.5,-0.020,33.0,-0.019,33.0,-0.021,33.1,-0.019,33.0
1149.0,-0.022,33.1,-0.022,33.1,-0.022,33.1,-0.022,33.1
1149.5,-0.028,33.1,-0.027,33.1,-0.028,33.1,-0.025,33.0
1150.0,-0.030,33.1,-0.030,33.1,-0.028,33.0,-0.026,33.0
1150.5,-0.036,33.1,-0.037,33.1,-0.030,33.0,-0.035,33.1
1151.0,-0.032,33.1,-0.032,33.1,-0.034,33.1,-0.034,33.1
1151.5,-0.027,33.1,-0.027,33.1,-0.030,33.1,-0.028,33.1
1152.0,-0.025,33.1,-0.025,33.1,-0.026,33.1,-0.026,33.1
1152.5,-0.020,33.1,-0.020,33.1,-0.021,33.1,-0.021,33.1
1153.0,-0.014,33.1,-0.012,33.1,-0.014,33.1,-0.013,33.1
1153.5,-0.014,33.1,-0.013,33.1,-0.014,33.1,-0.013,33.1
1154.0,-0.020,33.1,-0.020,33.1,-0.018,33.1,-0.019,33.1
1154.5,-0.023,33.1,-0.022,33.1,-0.020,33.1,-0.023,33.1
1155.0,-0.019,33.1,-0.020,33.1,-0.020,33.1,-0.020,33.1
1155.5,-0.012,33.1,-0.012,33.1,-0.017,33.1,-0.012,33.1
1156.0,-0.011,33.1,-0.010,33.1,-0.013,33.1,-0.011,33.1
1156.5,0.001,33.1,0.000,33.1,-0.012,33.1,0.001,33.1
1157.0,0.001,33.1,0.001,33.1,-0.002,33.2,-0.001,33.1
1157.5,0.002,33.1,0.001,33.1,0.005,33.2,0.002,33.2
1158.0,-0.001,33.1,0.000,33.1,0.000,33.1,-0.001,33.1
1158.5,-0.002,33.1,-0.002,33.1,-0.002,33.1,-0.003,33.1
1159.0,0.006,33.1,0.004,33.1,0.008,33.1,0.004,33.1
1159.5,0.007,33.1,0.007,33.1,0.012,33.1,0.007,33.1
1160.0,0.009,33.1,0.009,33.1,0.012,33.1,0.009,33.1
1160.5,0.012,33.1,0.012,33.1,0.012,33.1,0.011,33.0
1161.0,0.014,33.0,0.014,33.0,0.012,33.0,0.014,33.1
1161.5,0.020,33.0,0.021,33.0,0.020,33.0,0.018,33.0
1162.0,0.021,33.0,0.020,33.0,0.024,33.0,0.020,33.0
1162.5,0.023,32.9,0.023,33.0,0.022,32.9,0.024,32.9
1163.0,0.021,32.9,0.021,32.9,0.022,32.9,0.020,32.9
1163.5,0.019,32.9,0.018,32.9,0.021,32.9,0.020,32.8
1164.0,0.017,32.8,0.016,32.9,0.017,32.8,0.018,32.8
1164.5,0.017,32.8,0.016,32.8,0.017,32.8,0.018,32.9
1165.0,0.020,32.8,0.021,32.8,0.018,32.8,0.019,32.8
1165.5,0.020,32.8,0.022,32.8,0.018,32.8,0.021,32.8
1166.0,0.021,32.8,0.022,32.8,0.019,32.8,0.021,32.8
1166.5,0.019,32.7,0.019,32.7,0.020,32.8,0.019,32.7
1167.0,0.016,32.7,0.016,32.7,0.017,32.7,0.015,32.7
1167.5,0.015,32.7,0.015,32.7,0.014,32.7,0.014,32.7
1168.0,0.011,32.7,0.012,32.7,0.011,32.7,0.013,32.7
1168.5,0.017,32.7,0.017,32.7,0.013,32.7,0.018,32.7
1169.0,0.023,32.7,0.024,32.7,0.020,32.7,0.025,32.7
1169.5,0.024,32.7,0.024,32.7,0.024,32.7,0.025,32.7
1170.0,0.027,32.7,0.027,32.7,0.028,32.7,0.026,32.7
1170.5,0.027,32.6,0.026,32.6,0.032,32.7,0.026,32.7
1171.0,0.029,32.6,0.027,32.6,0.029,32.6,0.031,32.6
1171.5,0.027,32.6,0.026,32.6,0.028,32.6,0.029,32.5
1172.0,0.026,32.5,0.025,32.5,0.026,32.6,0.025,32.5
1172.5,0.025,32.5,0.024,32.5,0.026,32.5,0.024,32.5
1173.0,0.019,32.5,0.019,32.5,0.019,32.5,0.019,32.5
1173.5,0.016,32.5,0.016,32.5,0.019,32.5,0.016,32.5
1174.0,0.021,32.5,0.022,32.5,0.020,32.5,0.020,32.5
1174.5,0.023,32.5,0.024,32.5,0.023,32.5,0.022,32.5
1175.0,0.024,32.5,0.024,32.5,0.026,32.6,0.024,32.5
1175.5,0.021,32.5,0.023,32.5,0.021,32.5,0.023,32.5
1176.0,0.021,32.4,0.021,32.5,0.020,32.4,0.020,32.5
1176.5,0.018,32.5,0.017,32.5,0.021,32.5,0.020,32.4
1177.0,0.016,32.4,0.013,32.4,0.017,32.5,0.016,32.5
1177.5,0.013,32.5,0.013,32.5,0.014,32.5,0.014,32.5
1178.0,0.011,32.4,0.009,32.5,0.011,32.5,0.010,32.5
1178.5,0.017,32.5,0.016,32.5,0.015,32.4,0.014,32.5
1179.0,0.021,32.5,0.021,32.5,0.019,32.5,0.021,32.5
1179.5,0.027,32.5,0.023,32.5,0.027,32.4,0.022,32.5
1180.0,0.029,32.4,0.029,32.4,0.029,32.4,0.026,32.4
1180.5,0.029,32.4,0.031,32.4,0.033,32.4,0.029,32.4
1181.0,0.028,32.4,0.030,32.4,0.028,32.4,0.027,32.4
1181.5,0.025,32.4,0.024,32.4,0.025,32.4,0.026,32.4
1182.0,0.027,32.4,0.028,32.4,0.026,32.4,0.027,32.4
1182.5,0.024,32.3,0.025,32.3,0.026,32.3,0.026,32.3
1183.0,0.018,32.3,0.019,32.3,0.017,32.3,0.018,32.3
1183.5,0.018,32.3,0.018,32.3,0.016,32.3,0.016,32.3
1184.0,0.021,32.3,0.020,32.3,0.019,32.3,0.019,32.3
1184.5,0.023,32.3,0.023,32.3,0.023,32.3,0.022,32.4
1185.0,0.022,32.3,0.021,32.3,0.022,32.3,0.023,32.3
1185.5,0.022,32.3,0.021,32.3,0.023,32.3,0.022,32.3
1186.0,0.019,32.3,0.020,32.3,0.018,32.3,0.022,32.3
1186.5,0.019,32.3,0.019,32.3,0.019,32.3,0.019,32.3
1187.0,0.017,32.3,0.017,32.3,0.017,32.3,0.017,32.3
1187.5,0.012,32.3,0.012,32.3,0.014,32.3,0.011,32.3
1188.0,0.018,32.3,0.018,32.3,0.015,32.4,0.019,32.3
1188.5,0.022,32.3,0.022,32.3,0.019,32.3,0.027,32.4
1189.0,0.025,32.3,0.026,32.3,0.025,32.3,0.023,32.3
1189.5,0.029,32.3,0.030,32.3,0.029,32.3,0.028,32.3
1190.0,0.029,32.3,0.029,32.3,0.030,32.3,0.028,32.3
1190.5,0.030,32.3,0.029,32.3,0.032,32.3,0.029,32.2
1191.0,0.028,32.2,0.028,32.3,0.028,32.3,0.030,32.2
1191.5,0.029,32.2,0.026,32.2,0.026,32.2,0.027,32.2
1192.0,0.024,32.2,0.025,32.2,0.024,32.2,0.026,32.2
1192.5,0.017,32.2,0.016,32.2,0.022,32.2,0.018,32.2
1193.0,0.014,32.2,0.014,32.2,0.018,32.2,0.014,32.2
1193.5,0.018,32.2,0.019,32.2,0.022,32.2,0.017,32.2
1194.0,0.023,32.2,0.024,32.2,0.023,32.2,0.020,32.3
1194.5,0.021,32.2,0.023,32.2,0.022,32.2,0.021,32.2
1195.0,0.019,32.2,0.020,32.2,0.018,32.2,0.019,32.2
1195.5,0.018,32.2,0.019,32.2,0.017,32.2,0.018,32.2
1196.0,0.015,32.2,0.016,32.2,0.014,32.2,0.015,32.2
1196.5,0.015,32.2,0.014,32.2,0.013,32.2,0.017,32.2
1197.0,0.012,32.2,0.012,32.2,0.014,32.2,0.014,32.2
1197.5,0.009,32.3,0.009,32.3,0.013,32.3,0.008,32.2
1198.0,0.011,32.3,0.010,32.3,0.006,32.2,0.011,32.2
1198.5,0.016,32.3,0.015,32.2,0.010,32.2,0.016,32.3
1199.0,0.024,32.3,0.024,32.3,0.021,32.3,0.022,32.2
1199.5,0.026,32.2,0.026,32.3,0.026,32.3,0.025,32.2
1200.0,0.026,32.2,0.026,32.2,0.025,32.3,0.030,32.2
1200.5,0.024,32.2,0.025,32.2,0.025,32.3,0.029,32.2
1201.0,0.025,32.2,0.026,32.2,0.026,32.3,0.026,32.2
1201.5,0.022,32.2,0.023,32.2,0.025,32.2,0.025,32.2
1202.0,0.018,32.2,0.018,32.2,0.018,32.2,0.020,32.2
1202.5,0.018,32.2,0.018,32.2,0.020,32.1,0.018,32.2
1203.0,0.014,32.2,0.015,32.2,0.014,32.2,0.014,32.2
1203.5,0.020,32.2,0.020,32.2,0.021,32.1,0.019,32.2
1204.0,0.024,32.2,0.025,32.2,0.027,32.2,0.024,32.2
1204.5,0.023,32.2,0.024,32.2,0.025,32.2,0.025,32.2
1205.0,0.023,32.1,0.023,32.1,0.022,32.1,0.025,32.2
1205.5,0.020,32.2,0.021,32.1,0.020,32.2,0.017,32.1
1206.0,0.020,32.2,0.020,32.2,0.019,32.2,0.021,32.2
1206.5,0.016,32.1,0.018,32.2,0.016,32.2,0.017,32.1
1207.0,0.014,32.2,0.016,32.2,0.013,32.2,0.016,32.1
1207.5,0.010,32.2,0.010,32.2,0.011,32.2,0.014,32.1
1208.0,0.011,32.2,0.012,32.2,0.008,32.1,0.010,32.2
1208.5,0.022,32.2,0.023,32.2,0.020,32.2,0.018,32.2
1209.0,0.026,32.2,0.026,32.2,0.026,32.2,0.020,32.2
1209.5,0.030,32.2,0.031,32.2,0.027,32.1,0.032,32.2
1210.0,0.028,32.1,0.029,32.2,0.029,32.1,0.029,32.1
1210.5,0.026,32.1,0.028,32.1,0.027,32.1,0.027,32.1
1211.0,0.027,32.1,0.026,32.1,0.028,32.1,0.030,32.1
1211.5,0.023,32.1,0.024,32.1,0.025,32.1,0.028,32.1
1212.0,0.022,32.1,0.022,32.1,0.025,32.1,0.021,32.0
1212.5,0.016,32.1,0.017,32.1,0.023,32.1,0.017,32.1
1213.0,0.016,32.1,0.016,32.1,0.014,32.1,0.016,32.1
1213.5,0.022,32.1,0.022,32.1,0.020,32.1,0.020,32.1
1214.0,0.023,32.1,0.022,32.1,0.022,32.0,0.023,32.1
1214.5,0.025,32.1,0.025,32.1,0.023,32.1,0.026,32.1
1215.0,0.021,32.0,0.021,32.1,0.021,32.1,0.023,32.0
1215.5,0.020,32.1,0.021,32.1,0.022,32.1,0.019,32.0
1216.0,0.018,32.0,0.019,32.0,0.020,32.1,0.017,32.0
1216.5,0.015,32.1,0.016,32.1,0.016,32.1,0.016,32.0
1217.0,0.014,32.1,0.014,32.1,0.016,32.1,0.015,32.1
1217.5,0.008,32.1,0.008,32.1,0.009,32.1,0.008,32.0
1218.0,0.017,32.1,0.016,32.1,0.015,32.1,0.021,32.1
1218.5,0.023,32.1,0.021,32.1,0.020,32.1,0.024,32.1
1219.0,0.024,32.1,0.023,32.1,0.024,32.1,0.025,32.1
1219.5,0.027,32.1,0.027,32.1,0.025,32.0,0.029,32.1
1220.0,0.027,32.1,0.028,32.1,0.024,32.0,0.027,32.0
1220.5,0.030,32.0,0.030,32.0,0.028,32.1,0.032,32.1
1221.0,0.027,32.0,0.027,32.0,0.027,32.0,0.028,32.0
1221.5,0.027,32.0,0.026,32.0,0.025,32.0,0.027,32.0
1222.0,0.026,32.0,0.026,32.0,0.026,32.0,0.024,32.0
1222.5,0.020,32.0,0.021,32.0,0.022,32.0,0.020,32.0
1223.0,0.019,32.0,0.020,32.0,0.019,31.9,0.018,31.9
1223.5,0.021,32.0,0.021,32.0,0.023,32.0,0.019,32.0
1224.0,0.026,32.0,0.027,32.0,0.027,32.0,0.027,32.0
1224.5,0.024,31.9,0.023,32.0,0.023,31.9,0.024,32.0
1225.0,0.022,31.9,0.023,31.9,0.023,32.0,0.020,31.9
1225.5,0.021,32.0,0.020,32.0,0.022,32.0,0.020,31.9
1226.0,0.017,31.9,0.018,31.9,0.016,31.9,0.018,31.9
1226.5,0.016,31.9,0.016,31.9,0.016,32.0,0.015,31.9
1227.0,0.012,32.0,0.011,32.0,0.014,31.9,0.011,32.0
1227.5,0.011,32.0,0.011,32.0,0.012,31.9,0.011,32.0
1228.0,0.018,32.0,0.017,32.0,0.015,32.0,0.018,32.0
1228.5,0.021,32.0,0.019,32.0,0.020,32.0,0.021,32.0
1229.0,0.026,32.0,0.027,32.0,0.027,32.0,0.024,32.0
1229.5,0.028,32.0,0.027,32.0,0.028,32.0,0.029,32.0
1230.0,0.029,31.9,0.030,32.0,0.033,32.0,0.029,32.0
1230.5,0.030,31.9,0.029,31.9,0.031,32.0,0.030,32.0
1231.0,0.028,31.9,0.029,31.9,0.028,31.9,0.027,31.9
1231.5,0.030,31.9,0.030,31.9,0.030,31.8,0.029,31.9
1232.0,0.026,31.9,0.027,31.9,0.028,31.9,0.026,31.9
1232.5,0.022,31.8,0.022,31.8,0.024,31.9,0.020,31.8
1233.0,0.024,31.9,0.022,31.8,0.024,31.9,0.022,31.9
1233.5,0.027,31.9,0.026,31.9,0.030,31.9,0.027,31.9
1234.0,0.029,31.9,0.028,31.9,0.030,31.9,0.028,31.9
1234.5,0.026,31.8,0.027,31.8,0.026,31.8,0.026,31.8
1235.0,0.027,31.8,0.026,31.8,0.032,31.8,0.026,31.8
1235.5,0.024,31.8,0.024,31.8,0.026,31.8,0.023,31.8
1236.0,0.021,31.8,0.020,31.8,0.021,31.8,0.020,31.8
1236.5,0.018,31.8,0.017,31.8,0.018,31.8,0.018,31.8
1237.0,0.015,31.8,0.015,31.8,0.014,31.8,0.017,31.8
1237.5,0.018,31.9,0.018,31.9,0.018,31.8,0.017,31.8
1238.0,0.024,31.9,0.025,31.9,0.024,31.8,0.027,31.8
1238.5,0.028,31.8,0.028,31.8,0.024,31.8,0.028,31.8
1239.0,0.026,31.8,0.027,31.8,0.026,31.8,0.026,31.8
1239.5,0.029,31.8,0.028,31.8,0.027,31.8,0.029,31.8
1240.0,0.030,31.8,0.031,31.8,0.029,31.8,0.033,31.8
1240.5,0.024,31.8,0.025,31.8,0.024,31.8,0.028,31.8
1241.0,0.026,31.8,0.027,31.8,0.031,31.8,0.026,31.8
1241.5,0.023,31.8,0.025,31.8,0.024,31.8,0.025,31.8
1242.0,0.024,31.8,0.025,31.8,0.023,31.8,0.026,31.8
1242.5,0.018,31.8,0.019,31.8,0.019,31.8,0.030,31.9
1243.0,0.018,31.8,0.020,31.8,0.019,31.8,0.015,31.8
1243.5,0.024,31.8,0.025,31.8,0.025,31.8,0.024,31.8
1244.0,0.023,31.8,0.024,31.8,0.023,31.8,0.026,31.8
1244.5,0.025,31.8,0.025,31.8,0.025,31.8,0.024,31.8
1245.0,0.022,31.8,0.024,31.8,0.023,31.8,0.024,31.8
1245.5,0.020,31.8,0.022,31.8,0.020,31.8,0.021,31.8
1246.0,0.017,31.8,0.019,31.8,0.017,31.7,0.016,31.8
1246.5,0.014,31.8,0.013,31.8,0.016,31.7,0.012,31.8
1247.0,0.014,31.8,0.015,31.8,0.013,31.8,0.014,31.8
1247.5,0.015,31.8,0.017,31.8,0.013,31.8,0.015,31.8
1248.0,0.024,31.8,0.026,31.8,0.023,31.9,0.022,31.8
1248.5,0.030,31.8,0.031,31.8,0.028,31.8,0.028,31.8
1249.0,0.032,31.8,0.034,31.8,0.030,31.8,0.030,31.8
1249.5,0.033,31.7,0.035,31.8,0.035,31.8,0.032,31.8
1250.0,0.030,31.7,0.029,31.7,0.030,31.7,0.031,31.7
1250.5,0.032,31.7,0.029,31.7,0.032,31.7,0.032,31.7
1251.0,0.027,31.7,0.026,31.7,0.026,31.7,0.031,31.7
1251.5,0.024,31.7,0.024,31.7,0.022,31.7,0.026,31.7
1252.0,0.021,31.7,0.020,31.7,0.021,31.7,0.028,31.7
1252.5,0.018,31.7,0.018,31.7,0.020,31.7,0.020,31.7
1253.0,0.026,31.7,0.024,31.7,0.022,31.7,0.022,31.7
1253.5,0.027,31.7,0.028,31.7,0.029,31.7,0.026,31.7
1254.0,0.027,31.7,0.027,31.7,0.029,31.7,0.027,31.7
1254.5,0.025,31.7,0.027,31.7,0.032,31.7,0.025,31.7
1255.0,0.022,31.7,0.025,31.7,0.024,31.7,0.025,31.7
1255.5,0.021,31.7,0.023,31.7,0.019,31.7,0.021,31.7
1256.0,0.017,31.7,0.017,31.7,0.017,31.7,0.021,31.7
1256.5,0.017,31.7,0.017,31.7,0.014,31.7,0.017,31.7
1257.0,0.023,31.7,0.025,31.7,0.022,31.7,0.020,31.7
1257.5,0.028,31.7,0.030,31.7,0.026,31.7,0.025,31.7
1258.0,0.028,31.7,0.031,31.7,0.029,31.7,0.030,31.7
1258.5,0.031,31.7,0.031,31.7,0.029,31.7,0.031,31.7
1259.0,0.036,31.7,0.036,31.7,0.035,31.7,0.033,31.7
1259.5,0.034,31.6,0.036,31.6,0.036,31.6,0.034,31.6
1260.0,0.035,31.6,0.037,31.6,0.037,31.6,0.034,31.7
1260.5,0.033,31.6,0.036,31.6,0.035,31.6,0.034,31.7
1261.0,0.025,31.6,0.024,31.6,0.028,31.6,0.025,31.6
1261.5,0.026,31.6,0.028,31.6,0.026,31.6,0.026,31.6
1262.0,0.024,31.6,0.022,31.6,0.028,31.6,0.025,31.6
1262.5,0.023,31.6,0.021,31.6,0.028,31.6,0.024,31.6
1263.0,0.025,31.6,0.023,31.6,0.032,31.6,0.025,31.6
1263.5,0.024,31.6,0.024,31.6,0.024,31.6,0.026,31.6
1264.0,0.024,31.6,0.024,31.6,0.023,31.6,0.026,31.6
1264.5,0.022,31.6,0.022,31.6,0.025,31.6,0.021,31.6
1265.0,0.023,31.6,0.022,31.6,0.023,31.6,0.026,31.7
1265.5,0.020,31.6,0.020,31.6,0.024,31.6,0.024,31.7
1266.0,0.020,31.6,0.020,31.6,0.021,31.6,0.020,31.6
1266.5,0.018,31.7,0.019,31.7,0.017,31.6,0.022,31.6
1267.0,0.025,31.6,0.025,31.6,0.023,31.6,0.022,31.6
1267.5,0.028,31.6,0.029,31.6,0.027,31.7,0.031,31.6
1268.0,0.028,31.6,0.031,31.6,0.029,31.7,0.028,31.6
1268.5,0.030,31.6,0.033,31.6,0.028,31.6,0.028,31.6
1269.0,0.029,31.6,0.031,31.6,0.028,31.6,0.027,31.6
1269.5,0.024,31.6,0.025,31.6,0.025,31.6,0.022,31.6
1270.0,0.028,31.6,0.029,31.6,0.027,31.6,0.027,31.6
1270.5,0.026,31.6,0.030,31.6,0.029,31.6,0.023,31.6
1271.0,0.026,31.6,0.027,31.6,0.028,31.6,0.022,31.6
1271.5,0.022,31.6,0.024,31.6,0.025,31.6,0.024,31.6
1272.0,0.016,31.6,0.017,31.6,0.017,31.6,0.019,31.6
1272.5,0.018,31.6,0.017,31.6,0.022,31.6,0.019,31.6
1273.0,0.016,31.6,0.016,31.6,0.016,31.6,0.020,31.6
1273.5,0.018,31.6,0.018,31.6,0.019,31.6,0.018,31.6
1274.0,0.019,31.6,0.018,31.6,0.019,31.6,0.019,31.6
1274.5,0.018,31.6,0.017,31.6,0.014,31.6,0.018,31.6
1275.0,0.016,31.6,0.015,31.6,0.015,31.6,0.016,31.6
1275.5,0.014,31.6,0.015,31.6,0.014,31.6,0.014,31.6
1276.0,0.013,31.6,0.012,31.7,0.012,31.7,0.012,31.6
1276.5,0.014,31.7,0.016,31.7,0.014,31.7,0.011,31.7
1277.0,0.018,31.7,0.018,31.7,0.021,31.7,0.015,31.6
1277.5,0.018,31.7,0.015,31.6,0.020,31.7,0.017,31.7
1278.0,0.018,31.7,0.017,31.7,0.024,31.7,0.018,31.7
1278.5,0.018,31.7,0.018,31.7,0.019,31.7,0.018,31.7
1279.0,0.016,31.7,0.017,31.7,0.017,31.7,0.015,31.7
1279.5,0.019,31.7,0.016,31.7,0.019,31.7,0.014,31.7
1280.0,0.018,31.7,0.017,31.7,0.016,31.7,0.018,31.7
1280.5,0.017,31.7,0.017,31.7,0.017,31.7,0.020,31.7
1281.0,0.014,31.7,0.015,31.7,0.015,31.7,0.015,31.7
1281.5,0.007,31.7,0.007,31.7,0.010,31.7,0.009,31.7
1282.0,0.009,31.7,0.008,31.7,0.010,31.7,0.006,31.7
1282.5,0.008,31.7,0.007,31.7,0.009,31.7,0.009,31.7
1283.0,0.008,31.7,0.008,31.7,0.007,31.8,0.008,31.7
1283.5,0.009,31.7,0.010,31.7,0.006,31.8,0.009,31.7
1284.0,0.006,31.8,0.006,31.8,0.006,31.8,0.005,31.7
